word	chinese	pos	confidence_tier	targets	kyle_sources	ecdict_exact_pos_gloss	kyle_exact_pos_gloss	wordnet_related_to_base_sense	packed_gloss_key	base_pos_match	key_capacity_available	pinyin	pinyin_frequency	ecdict_frequency_rank	base_senses	ecdict_translation	ipa
inundate	淹没	v.	dual-source-wordnet	tem4,tem8,toefl,ielts	ielts,tem8,toefl	yes	yes	yes	yes	yes	yes	yan mo	1628	13018	submerge [v.]	vt. 浸水, 泛滥, 淹没, 使充满	yes
inundate	泛滥	v.	dual-source-wordnet	tem4,tem8,toefl,ielts	ielts,tem8	yes	yes	yes	yes	yes	yes	fan lan	1477	13018	flood [v.] | overflow [v.]	vt. 浸水, 泛滥, 淹没, 使充满	yes
demerit	过失	n.	dual-source-wordnet	tem4,tem8,toefl,ielts	ielts,tem4,tem8,toefl	yes	yes	yes	yes	yes	yes	guo shi	585	29765	fault [n.] | negligence [n.]	n. 缺点, 短处, 过失	yes
facsimile	传真	n.	dual-source-wordnet	tem4,tem8,toefl,ielts	tem4,tem8,toefl	yes	yes	yes	yes	yes	yes	chuan zhen	235	18332	fax [n.]	n. 摹(真)本, 传真\nvt. 传真, 临摹\na. 复制的\n[计] 复制; 传真; 精确复制	yes
anthem	赞美诗	n.	dual-source-wordnet	tem4,tem8,toefl,ielts	ielts,tem4,tem8	yes	yes	yes	yes	yes	yes	zan mei shi	137	9491	hymn [n.]	n. 圣歌, 赞美诗	yes
lastly	终于	adv.	dual-source-wordnet	tem4,tem8,toefl	tem4,tem8,toefl	yes	yes	yes	yes	yes	yes	zhong yu	45109	12764	finally [adv.]	adv. 最后, 终于	yes
advertising	广告	n.	dual-source-wordnet	tem4,tem8,ielts	tem4,tem8	yes	yes	yes	yes	yes	yes	guang gao	21273	2640	advertisement [n.]	n. 广告业, 广告\na. 广告的\n[计] 发广告	yes
observance	仪式	n.	dual-source-wordnet	tem8,toefl,ielts	ielts,tem8	yes	yes	yes	yes	yes	yes	yi shi	8248	13271	ceremony [n.]	n. 观察, 遵守, 仪式, 风俗习惯\n[法] 遵守, 奉行, 惯例	yes
emancipate	解放	v.	dual-source-wordnet	tem4,tem8,toefl	tem4,tem8,toefl	yes	yes	yes	yes	yes	yes	jie fang	7719	23235	liberate [v.] | free [v.]	vt. 释放, 解放	yes
substantiate	证实	v.	dual-source-wordnet	tem8,toefl,ielts	ielts,tem8,toefl	yes	yes	yes	yes	yes	yes	zheng shi	4569	12648	confirm [v.]	vt. 使实体化, 证实\n[经] 确证	yes
quaint	奇怪的	adj.	dual-source-wordnet	tem8,toefl,ielts	tem8,toefl	yes	yes	yes	yes	yes	yes	qi guai de	3011	10301	strange [adj.]	a. 古雅的, 离奇有趣的, 奇怪的	yes
replicate	复制	v.	dual-source-wordnet	tem8,toefl,ielts	tem8,toefl	yes	yes	yes	yes	yes	yes	fu zhi	1774	6621	copy [v.]	vt. 折叠, 折转, 复制\nn. 复现试验, 复制品, 高八度音\na. 复现的, 复制的, 折转的, 弯回的	yes
exasperate	恶化	v.	dual-source-wordnet	tem8,toefl,ielts	tem8	yes	yes	yes	yes	yes	yes	e hua	1708	17029	deteriorate [v.] | worsen [v.]	vt. 使恼怒, 激怒, 恶化\na. 糙面的, 恼怒的, 激怒的	yes
despoil	掠夺	v.	dual-source-wordnet	tem8,toefl,ielts	ielts,tem8,toefl	yes	yes	yes	yes	yes	yes	lve duo	937	28620	plunder [v.] | loot [v.]	vt. 夺取, 掠夺	yes
invariable	常数	n.	dual-source-wordnet	tem4,tem8,toefl	tem4,tem8	yes	yes	yes	yes	yes	yes	chang shu	908	32543	constant [n.]	n. 不变的东西, 常数\na. 不变的, 常数的	yes
wane	衰落	v.	dual-source-wordnet	tem8,toefl,ielts	tem8	yes	yes	yes	yes	yes	yes	shuai luo	760	10009	decline [v.]	n. 减少, 衰微, 败落, 亏缺, 月亏\nvi. 变小, 亏缺, 衰落, 消逝, 退潮	yes
sustenance	生计	n.	dual-source-wordnet	tem8,toefl,ielts	tem8,toefl	yes	yes	yes	yes	yes	yes	sheng ji	597	14178	livelihood [n.]	n. 生活资料, 生计, 食物, 支持\n[法] 营养物, 维持, 支持	yes
sewerage	污水	n.	dual-source-wordnet	tem4,tem8,toefl	toefl	yes	yes	yes	yes	yes	yes	wu shui	573	29322	sewage [n.] | wastewater [n.]	n. 排水设备, 污水\n[化] 污水	yes
tarnish	玷污	v.	dual-source-wordnet	tem8,toefl,ielts	tem8,toefl	yes	yes	yes	yes	yes	yes	dian wu	371	13635	taint [v.] | defile [v.]	n. 失泽, 失泽膜, 污点\nvt. 使失去光泽, 玷污\nvi. 失去光泽, 被玷污	yes
tally	吻合	v.	dual-source-wordnet	tem4,tem8,toefl	toefl	yes	yes	yes	yes	yes	yes	wen he	369	11596	match [v.] | coincide [v.]	n. 符木, 记账, 得分, 比分, 计数器, 标签, 符合, 对应物\nvt. 记录, 点数, 计算, 加标签于, 使符合\nvi. 记帐, 符合, 吻合, 记分\n[计] 计数	yes
scuffle	混战	n.	dual-source-wordnet	tem8,toefl,ielts	tem8	yes	yes	yes	yes	yes	yes	hun zhan	343	18739	melee [n.] | scramble [n.]	vi. 扭打, 混战, 拖着脚走, 敷衍了事\nn. 扭打, 混战, 拖着脚走	yes
jumble	混杂	v.	dual-source-wordnet	tem8,toefl,ielts	tem8,toefl	yes	yes	yes	yes	yes	yes	hun za	282	13914	mix [v.] | mingle [v.]	vi. 搀杂, 混杂\nvt. 搞乱, 使混乱\nn. 混乱, 薄饼	yes
venerate	崇敬	v.	dual-source-wordnet	tem8,toefl,ielts	ielts,tem8	yes	yes	yes	yes	yes	yes	chong jing	207	21355	revere [v.]	vt. 尊敬, 崇敬, 崇拜	yes
taxation	税款	n.	dual-source-wordnet	tem4,tem8,ielts	tem4,tem8	yes	yes	yes	yes	yes	yes	shui kuan	174	9627	tax [n.]	n. 课税, 征税, 抽税, 税款, 估定的税额\n[经] 征税, 纳税, 税制	yes
dupe	愚弄	v.	dual-source-wordnet	tem8,toefl,ielts	ielts,toefl	yes	yes	yes	yes	yes	yes	yu nong	87	16408	fool [v.] | deceive [v.]	n. 傻瓜, 易受骗的人\nvt. 欺骗, 愚弄	yes
deplore	哀叹	v.	dual-source-wordnet	tem8,toefl,ielts	tem8,toefl	yes	yes	yes	yes	yes	yes	ai tan	81	13986	lament [v.]	vt. 悲悼, 哀叹, 对...深感遗憾	yes
memorise	熟记	v.	dual-source-wordnet	tem4,tem8,ielts	ielts	yes	yes	yes	yes	yes	yes	shu ji	33	999999	memorize [v.]	vt. 记住, 熟记, 记录, 存储	yes
fete	节日	n.	dual-source-wordnet	tem8,toefl	tem8	yes	yes	yes	yes	yes	yes	jie ri	13921	23490	festival [n.]	n. 庆祝, 祭祀, 节日\nvt. 宴请, 招待	yes
backdrop	背景	n.	dual-source-wordnet	tem8,toefl	tem8,toefl	yes	yes	yes	yes	yes	yes	bei jing	13777	6700	background [n.]	n. 背景幕, 背景	yes
oversee	监督	v.	dual-source-wordnet	toefl,ielts	ielts,toefl	yes	yes	yes	yes	yes	yes	jian du	11021	4055	supervise [v.]	vt. 向下看, 了望, 监督, 偷看到\n[法] 监察, 监督, 俯瞰	yes
accentuate	强调	v.	dual-source-wordnet	tem8,toefl	tem8	yes	yes	yes	yes	yes	yes	qiang diao	6934	10880	emphasize [v.]	vt. 以重音念, 强调, 重读	yes
dealing	交易	n.	dual-source-wordnet	tem8,toefl	tem8,toefl	yes	yes	yes	yes	yes	yes	jiao yi	6759	999999	trade [n.] | transaction [n.]	n. 经营行为, 行为, 交易\n[法] 待遇, 处置, 行为	yes
commiserate	同情	v.	dual-source-wordnet	toefl,ielts	ielts	yes	yes	yes	yes	yes	yes	tong qing	6037	23875	sympathize [v.]	v. 怜悯, 同情	yes
apprehend	逮捕	v.	dual-source-wordnet	tem8,toefl	tem8,toefl	yes	yes	yes	yes	yes	yes	dai bu	5700	11622	arrest [v.]	vt. 理解, 忧虑, 逮捕\nvi. 担心, 理解	yes
icebox	冰箱	n.	dual-source-wordnet	tem8,toefl	tem8	yes	yes	yes	yes	yes	yes	bing xiang	5274	23258	refrigerator [n.]	n. 冷藏库, 冰箱, 冷冻室\n[法] 冰箱, 无名死尸安置处, 单人牢房	yes
saloon	酒吧	n.	dual-source-wordnet	tem4,tem8	tem4,tem8	yes	yes	yes	yes	yes	yes	jiu ba	5173	10447	bar [n.]	n. 大厅, 沙龙, 酒吧, 会客室	yes
supplant	代替	v.	dual-source-wordnet	tem8,toefl	tem8,toefl	yes	yes	yes	yes	yes	yes	dai ti	4953	12090	replace [v.] | substitute [v.]	vt. 排挤掉, 代替	yes
ambience	气氛	n.	dual-source-wordnet	tem8,toefl	tem8,toefl	yes	yes	yes	yes	yes	yes	qi fen	3960	14090	atmosphere [n.]	n. 周围环境, 气氛	yes
truthful	真实的	adj.	dual-source-wordnet	tem4,tem8	tem4,tem8	yes	yes	yes	yes	yes	yes	zhen shi de	3923	11289	real [adj.] | true [adj.]	a. 说真话的, 诚实的, 真实的, 如实的\n[法] 真实的, 说实话的, 诚实的	yes
circumvent	包围	v.	dual-source-wordnet	tem8,toefl	tem8	yes	yes	yes	yes	yes	yes	bao wei	3844	11924	surround [v.] | encircle [v.]	vt. 绕行, 陷害, 包围, 智取	yes
bequest	遗产	n.	dual-source-wordnet	tem8,toefl	tem8,toefl	yes	yes	yes	yes	yes	yes	yi chan	3709	17885	heritage [n.] | legacy [n.]	n. 遗赠物, 遗产, 遗赠\n[经] 遗产	yes
exponent	指数	n.	dual-source-wordnet	tem8,toefl	toefl	yes	yes	yes	yes	yes	yes	zhi shu	2988	19547	index [n.]	n. 说明者, 倡导者, 说明物, 指数\na. 说明的\n[计] 指数	yes
vestige	痕迹	n.	dual-source-wordnet	tem8,toefl	toefl	yes	yes	yes	yes	yes	yes	hen ji	2380	13119	trace [n.] | mark [n.]	n. 遗迹, 痕迹, 残余, 丝毫, 退化的器官\n[医] 遗迹, 剩件, 剩余	yes
ensconce	安置	v.	dual-source-wordnet	tem8,toefl	tem8,toefl	yes	yes	yes	yes	yes	yes	an zhi	2237	999999	place [v.] | settle [v.]	vt. 安顿下来, 安置, 使隐藏	yes
fallacious	骗人的	adj.	dual-source-wordnet	tem8,toefl	tem8	yes	yes	yes	yes	yes	yes	pian ren de	2099	27765	deceptive [adj.]	a. 使人误解的, 谬误的, 不合理的, 骗人的	yes
impinge	侵犯	v.	dual-source-wordnet	tem8,toefl	tem8	yes	yes	yes	yes	yes	yes	qin fan	1917	18394	infringe [v.]	vi. 撞击, 起作用, 侵犯\nvt. 撞击	yes
ravish	强奸	v.	dual-source-wordnet	tem8,toefl	tem8	yes	yes	yes	yes	yes	yes	qiang jian	1881	26986	rape [v.]	vt. 强夺, 夺走, 使出神, 强奸\n[法] 强夺, 抢去, 强奸	yes
outstrip	胜过	v.	dual-source-wordnet	tem8,ielts	ielts	yes	yes	yes	yes	yes	yes	sheng guo	845	16231	surpass [v.] | beat [v.]	vt. 追过, 胜过, 凌驾	yes
syndicate	财团	n.	dual-source-wordnet	tem8,ielts	tem8	yes	yes	yes	yes	yes	yes	cai tuan	765	15820	consortium [n.]	n. 企业联合, 辛迪加, 财团\nv. 联合成辛迪加	yes
foetus	胎儿	n.	dual-source-wordnet	tem8,ielts	ielts,tem8	yes	yes	yes	yes	yes	yes	tai er	755	45094	fetus [n.]	n. 胚胎, 胎儿\n[医] 胎, 胎儿	yes
incriminate	控告	v.	dual-source-wordnet	tem8,toefl	tem8	yes	yes	yes	yes	yes	yes	kong gao	751	25401	accuse [v.] | sue [v.]	vt. 连累, 暗示...有罪, 控告\n[法] 控告, 使入罪, 连累	yes
abode	住处	n.	dual-source-wordnet	tem8,ielts	tem8	yes	yes	yes	yes	yes	yes	zhu chu	720	19221	residence [n.] | lodging [n.]	n. 住所, 住处\nabide的过去式和过去分词	yes
confederacy	邦联	n.	dual-source-wordnet	tem8,toefl	toefl	yes	yes	yes	yes	yes	yes	bang lian	654	26142	confederation [n.]	n. 联盟, 邦联\n[法] 共谋, 违法的结社, 联盟	yes
repute	声望	n.	dual-source-wordnet	tem8,toefl	tem8	yes	yes	yes	yes	yes	yes	sheng wang	651	18809	prestige [n.] | reputation [n.]	n. 名望, 名气, 声望\nvt. 认为, 以为	yes
sidestep	回避	v.	dual-source-wordnet	tem8,toefl	tem8	yes	yes	yes	yes	yes	yes	hui bi	608	13073	avoid [v.] | evade [v.]	n. 横跨的一步, 台阶\nvt. 横跨一步躲避, 回避\nvi. 回避问题, 躲避打击	yes
parry	回避	v.	dual-source-wordnet	tem8,toefl	tem8	yes	yes	yes	yes	yes	yes	hui bi	608	25178	avoid [v.] | evade [v.]	vt. 挡开, 回避, 闪避的回答\nn. 挡开, 回避, 闪避的回答	yes
seethe	沸腾	v.	dual-source-wordnet	tem8,toefl	tem8	yes	yes	yes	yes	yes	yes	fei teng	468	14528	boil [v.]	vi. 冒泡, 沸腾\nvt. 使煮沸, 使浸透\nn. 翻腾	yes
foretell	预示	v.	dual-source-wordnet	tem8,toefl	tem8	yes	yes	yes	yes	yes	yes	yu shi	458	19663	indicate [v.] | foreshadow [v.]	vt. 预言, 预告, 预示	yes
impregnate	灌输	v.	dual-source-wordnet	tem8,toefl	tem8	yes	yes	yes	yes	yes	yes	guan shu	416	19171	instill [v.]	vt. 使怀孕, 使肥沃, 使充满, 灌输\na. 怀孕的, 充满的	yes
recoup	扣除	v.	dual-source-wordnet	tem8,toefl	tem8	yes	yes	yes	yes	yes	yes	kou chu	389	13747	deduct [v.]	vt. 偿还, 赔偿, 补偿, 扣除\nvi. 补偿损失	yes
extinguisher	灭火器	n.	dual-source-wordnet	tem8,ielts	ielts,tem8	yes	yes	yes	yes	yes	yes	mie huo qi	305	18594	fire extinguisher [n.]	n. 熄灭者, 灭火器, 消灭者\n[化] 灭火器; 灭火剂	yes
despot	暴君	n.	dual-source-wordnet	tem4,tem8	tem4,tem8	yes	yes	yes	yes	yes	yes	bao jun	303	21224	tyrant [n.]	n. 专制君主, 暴君\n[法] 暴君, 专制君主	yes
incendiary	燃烧弹	n.	dual-source-wordnet	tem8,ielts	tem8	yes	yes	yes	yes	yes	yes	ran shao dan	226	17341	incendiary bomb [n.]	a. 放火的, 煽动的, 燃烧的\nn. 纵火犯人, 煽动者, 燃烧弹	yes
grovel	匍匐	v.	dual-source-wordnet	tem8,toefl	tem8	yes	yes	yes	yes	yes	yes	pu fu	206	24523	crawl [v.]	vi. 趴, 匍匐, 卑躬屈膝	yes
suffrage	选举权	n.	dual-source-wordnet	tem8,toefl	tem8	yes	yes	yes	yes	yes	yes	xuan ju quan	195	16498	right to vote [n.]	n. 投票, 选举权, 参政权, 代祷\n[法] 选举权, 投票权, 参政权	yes
coop	鸡笼	n.	dual-source-wordnet	tem8,toefl	tem8	yes	yes	yes	yes	yes	yes	ji long	100	999999	chicken coop [n.]	n. 狭小空间, 鸡笼, 捕鱼篓\nvt. 关进鸡舍, 监禁	yes
hairdo	发式	n.	dual-source-wordnet	tem8,toefl	tem8	yes	yes	yes	yes	yes	yes	fa shi	95	16640	hairstyle [n.]	n. 束发, 发式, 作头发	yes
cobble	鹅卵石	n.	dual-source-wordnet	tem8,toefl	tem8,toefl	yes	yes	yes	yes	yes	yes	e luan shi	83	17959	cobblestone [n.]	n. 圆石, 鹅卵石\nvt. 铺鹅卵石, 修, 粗粗地修补	yes
circumvent	智取	v.	dual-source-wordnet	tem8,toefl	tem8	yes	yes	yes	yes	yes	yes	zhi qu	72	11924	outwit [v.]	vt. 绕行, 陷害, 包围, 智取	yes
frenzy	狂怒	n.	dual-source-wordnet	tem8,toefl	tem8	yes	yes	yes	yes	yes	yes	kuang nu	64	7279	fury [n.]	n. 疯狂, 狂暴, 狂怒\n[医] 暴怒, 狂乱	yes
snarl	缠结	v.	dual-source-wordnet	tem8,toefl	tem8	yes	yes	yes	yes	yes	yes	chan jie	32	12288	tangle [v.] | entangle [v.]	vi. 吼叫, 怒骂, 缠结\nvt. 咆哮着说, 搞乱, 使缠结\nn. 咆哮, 吼叫, 怒骂, 缠结, 混乱	yes
expiry	满期	n.	dual-source-wordnet	tem8,ielts	ielts,tem8	yes	yes	yes	yes	yes	yes	man qi	22	45750	expiration [n.]	n. 终结, 满期, 呼气, 断气\n[经] 满期, 到期	yes
nestle	偎依	v.	dual-source-wordnet	tem8,toefl	tem8	yes	yes	yes	yes	yes	yes	wei yi	12	8710	snuggle [v.]	vi. 舒适地坐定, 挨靠, 偎依\nvt. 抱, 安置	yes
vocalist	歌手	n.	dual-source-wordnet	tem8	tem8	yes	yes	yes	yes	yes	yes	ge shou	23501	14681	singer [n.]	n. 声乐家, 歌手	yes
summertime	夏季	n.	dual-source-wordnet	toefl	toefl	yes	yes	yes	yes	yes	yes	xia ji	19052	12031	summer [n.]	n. 全盛时期, 夏季	yes
precisely	正好	adv.	dual-source-wordnet	toefl	toefl	yes	yes	yes	yes	yes	yes	zheng hao	13051	2579	exactly [adv.] | just [adv.]	adv. 精确地, 明确地, 刻板地, 拘泥地, 正好, 恰恰, 对, 正是如此, 确实如此, 不错	yes
populace	大众	n.	dual-source-wordnet	ielts	ielts	yes	yes	yes	yes	yes	yes	da zhong	7165	11767	public [n.]	n. 平民, 大众, 人口	yes
nab	逮捕	v.	dual-source-wordnet	tem8	tem8	yes	yes	yes	yes	yes	yes	dai bu	5700	15388	arrest [v.]	vt. 捉住, 逮捕, 抢夺\n[电] 国际广播协会的简写	yes
plagiarise	抄袭	v.	dual-source-wordnet	ielts	ielts	yes	yes	yes	yes	yes	yes	chao xi	5540	999999	plagiarize [v.]	vi.vt. 剽窃, 抄袭	yes
grisly	厉害的	adj.	dual-source-wordnet	tem8	tem8	yes	yes	yes	yes	yes	yes	li hai de	5372	15353	powerful [adj.] | formidable [adj.]	a. 可怕的, 厉害的, 令人畏惧的	yes
popularise	推广	v.	dual-source-wordnet	tem8	tem8	yes	yes	yes	yes	yes	yes	tui guang	4860	999999	promote [v.] | popularize [v.]	vt.vi. 使通俗化, 使受欢迎, 使大众化, 使普及, 宣传, 推广	yes
leaning	倾向	n.	dual-source-wordnet	toefl	toefl	yes	yes	yes	yes	yes	yes	qing xiang	3646	18179	tendency [n.]	n. 倾斜, 倾向, 爱好	yes
subsidise	资助	v.	dual-source-wordnet	ielts	ielts	yes	yes	yes	yes	yes	yes	zi zhu	3570	999999	fund [v.] | subsidize [v.]	vt. 给...补助金, 津贴, 资助	yes
zip	活力	n.	dual-source-wordnet	tem8	tem8	yes	yes	yes	yes	yes	yes	huo li	3004	8896	vitality [n.] | energy [n.]	n. 尖啸声, 拉链, 活力\nvt. 给...以速度, 使增加活力, 拉(拉链)\nvi. 有力而迅速地行动, 嘘嘘地响, 拉拉链	yes
verve	活力	n.	dual-source-wordnet	tem8	tem8	yes	yes	yes	yes	yes	yes	huo li	3004	21644	vitality [n.] | energy [n.]	n. 热情, 气魄, 神韵, 活力	yes
upland	高地	n.	dual-source-wordnet	toefl	toefl	yes	yes	yes	yes	yes	yes	gao di	2955	13478	highland [n.] | plateau [n.]	n. 山地, 高地, 高原\na. 高地的, 山地的	yes
backside	后方	n.	dual-source-wordnet	tem8	tem8	yes	yes	yes	yes	yes	yes	hou fang	2829	13477	rear [n.]	n. 背部, 背后, 后方	yes
bout	回合	n.	dual-source-wordnet	tem8	tem8	yes	yes	yes	yes	yes	yes	hui he	2741	5865	round [n.]	n. 一回, 回合, 较量\n[医] 发作	yes
labourer	劳工	n.	dual-source-wordnet	tem8	tem8	yes	yes	yes	yes	yes	yes	lao gong	2652	32892	laborer [n.] | worker [n.]	n. 劳动者, 干体力工作的工人, 劳工\n[机] 劳动者	yes
sequester	没收	v.	dual-source-wordnet	toefl	toefl	yes	yes	yes	yes	yes	yes	mo shou	2303	17824	confiscate [v.]	vt. 使隐退, 使隔绝, 扣押, 没收\n[化] 螯合剂; 多价螯合剂	yes
abut	毗邻	v.	dual-source-wordnet	toefl	toefl	yes	yes	yes	yes	yes	yes	pi lin	2076	18235	adjacent [v.] | border [v.]	v. 邻接, 毗邻	yes
outlay	支出	n.	dual-source-wordnet	tem8	tem8	yes	yes	yes	yes	yes	yes	zhi chu	1975	14087	expenditure [n.]	n. 费用, 经费, 支出\nvt. 花费	yes
emissary	使者	n.	dual-source-wordnet	tem8	tem8	yes	yes	yes	yes	yes	yes	shi zhe	1843	16487	envoy [n.] | messenger [n.]	n. 密使, 间谍, 使者\na. 充当密使的, 充当间谍的	yes
personification	化身	n.	dual-source-wordnet	tem8	tem8	yes	yes	yes	yes	yes	yes	hua shen	1646	17240	incarnation [n.]	n. 拟人, 人格化, 拟人法, 化身, 象征	yes
totality	总数	n.	dual-source-wordnet	toefl	toefl	yes	yes	yes	yes	yes	yes	zong shu	1517	11619	total [n.]	n. 全体, 总数, 全食	yes
harbinger	先驱	n.	dual-source-wordnet	tem8	tem8	yes	yes	yes	yes	yes	yes	xian qu	1430	16191	pioneer [n.] | forerunner [n.]	n. 通告者, 预告者, 先驱, 预兆\nvt. 预告, 充做...的前驱	yes
hutch	小屋	n.	dual-source-wordnet	tem8	tem8	yes	yes	yes	yes	yes	yes	xiao wu	1361	21197	hut [n.] | cabin [n.]	n. 箱, 厨, 笼, 小屋\nvt. 把...装箱	yes
economise	节省	v.	dual-source-wordnet	tem8	tem8	yes	yes	yes	yes	yes	yes	jie sheng	1297	999999	save [v.]	vi.vt. 节约, 避免浪费, 节省\n[经] 节约	yes
overrate	高估	v.	dual-source-wordnet	ielts	ielts	yes	yes	yes	yes	yes	yes	gao gu	809	29696	overestimate [v.]	vt. 评价过高, 高估, 估价过高\n[经] 对...估价过高, 高估	yes
mobilise	调动	v.	dual-source-wordnet	tem8	tem8	yes	yes	yes	yes	yes	yes	diao dong	760	999999	transfer [v.] | mobilize [v.]	vi.vt. 动员, 松动, 使活动, 调动, 发动	yes
sheen	光泽	n.	dual-source-wordnet	tem8	tem8	yes	yes	yes	yes	yes	yes	guang ze	718	12743	luster [n.]	n. 光辉, 光彩, 光泽\na. 光辉的, 发光的, 有光泽的\nvi. 发出光泽	yes
zip	拉链	n.	dual-source-wordnet	tem8	tem8	yes	yes	yes	yes	yes	yes	la lian	698	8896	zipper [n.]	n. 尖啸声, 拉链, 活力\nvt. 给...以速度, 使增加活力, 拉(拉链)\nvi. 有力而迅速地行动, 嘘嘘地响, 拉拉链	yes
lade	装载	v.	dual-source-wordnet	toefl	toefl	yes	yes	yes	yes	yes	yes	zhuang zai	694	999999	load [v.]	vt. 装满, 装载\nvi. 装货	yes
mystify	迷惑	v.	dual-source-wordnet	toefl	toefl	yes	yes	yes	yes	yes	yes	mi huo	688	17781	puzzle [v.] | confuse [v.]	vt. 使神秘化, 使难解, 迷惑\n[计] 变幻线	yes
aide	副官	n.	dual-source-wordnet	toefl	toefl	yes	yes	yes	yes	yes	yes	fu guan	655	3035	adjutant [n.]	n. 助手, 副官\n[计] 数据输入的可说明性	yes
armory	兵工厂	n.	dual-source-wordnet	toefl	toefl	yes	yes	yes	yes	yes	yes	bing gong chang	565	23703	arsenal [n.]	n. 纹章, 纹章学, 军械库, 兵工厂\n[机] 军械库	yes
armoury	兵工厂	n.	dual-source-wordnet	tem8	tem8	yes	yes	yes	yes	yes	yes	bing gong chang	565	999999	arsenal [n.]	n. 军械库, 兵工厂	yes
ardour	激情	n.	dual-source-wordnet	tem8	tem8	yes	yes	yes	yes	yes	yes	ji qing	528	999999	passion [n.] | fervor [n.]	n. 热忱, 热情, 情欲, 激情, 灼热	yes
soliloquy	独白	n.	dual-source-wordnet	tem8	tem8	yes	yes	yes	yes	yes	yes	du bai	507	22582	monologue [n.]	n. 自言自语, 独白	yes
skyline	地平线	n.	dual-source-wordnet	tem8	tem8	yes	yes	yes	yes	yes	yes	di ping xian	453	9513	horizon [n.]	n. 天涯, 地平线, 空中轮廓线	yes
contort	曲解	v.	dual-source-wordnet	tem8	tem8	yes	yes	yes	yes	yes	yes	qu jie	410	17409	distort [v.] | misinterpret [v.]	vt. 扭弯, 曲解\nvi. 扭弯	yes
quadrangle	四边形	n.	dual-source-wordnet	tem8	tem8	yes	yes	yes	yes	yes	yes	si bian xing	342	28607	quadrilateral [n.]	n. 四角形, 四边形, 四方院\n[医] 四角形, 四角器(牙科)	yes
dais	讲台	n.	dual-source-wordnet	tem8	tem8	yes	yes	yes	yes	yes	yes	jiang tai	310	19087	platform [n.] | podium [n.]	n. 台, 讲台	yes
mote	微粒	n.	dual-source-wordnet	toefl	toefl	yes	yes	yes	yes	yes	yes	wei li	213	21985	particle [n.]	n. 尘埃, 微粒	yes
druggist	药剂师	n.	dual-source-wordnet	tem8	tem8	yes	yes	yes	yes	yes	yes	yao ji shi	203	28946	pharmacist [n.]	n. 药商, 药材商, 药剂师\n[医] 药商, 调剂员	yes
diddle	骗取	v.	dual-source-wordnet	tem8	tem8	yes	yes	yes	yes	yes	yes	pian qu	196	31672	defraud [v.]	vt. 欺骗, 骗取, 浪费\nvi. 快速摇动	yes
marshland	沼泽地	n.	dual-source-wordnet	toefl	toefl	yes	yes	yes	yes	yes	yes	zhao ze di	176	22447	swamp [n.] | marsh [n.]	n. 沼泽地区, 沼泽地	yes
reaper	收割机	n.	dual-source-wordnet	toefl	toefl	yes	yes	yes	yes	yes	yes	shou ge ji	141	25526	harvester [n.]	n. 收割者, 收割机	yes
jetty	防波堤	n.	dual-source-wordnet	tem8	tem8	yes	yes	yes	yes	yes	yes	fang bo di	119	18633	breakwater [n.]	n. 突堤, 防波堤, 码头\na. 黑玉般的, 乌黑发亮的\nvi. 伸出	yes
ovum	卵子	n.	dual-source-wordnet	tem8	tem8	yes	yes	yes	yes	yes	yes	luan zi	102	35016	egg cell [n.]	n. 卵, 卵子, 卵形装饰\n[医] 卵, 卵子	yes
pocketbook	皮夹	n.	dual-source-wordnet	toefl	toefl	yes	yes	yes	yes	yes	yes	pi jia	87	12623	wallet [n.]	n. 笔记本, 钱袋, 皮夹, 经济来源	yes
mortuary	太平间	n.	dual-source-wordnet	tem8	tem8	yes	yes	yes	yes	yes	yes	tai ping jian	70	18223	morgue [n.]	n. 停尸间, 太平间\na. 丧葬的, 悲哀的, 埋葬的	yes
teeter	跷跷板	n.	dual-source-wordnet	tem8	tem8	yes	yes	yes	yes	yes	yes	qiao qiao ban	66	11462	seesaw [n.]	vi. 步履不稳地走动, 踉跄, 摇晃, 摇摆不定, 摇摇欲坠, 玩跷跷板\nn. 踉跄, 摇摆, 跷跷板	yes
jeweller	珠宝商	n.	dual-source-wordnet	tem8	tem8	yes	yes	yes	yes	yes	yes	zhu bao shang	41	45083	jeweler [n.]	n. 宝石商, 宝石匠, 珠宝商	yes
savvy	悟性	n.	dual-source-wordnet	tem8	tem8	yes	yes	yes	yes	yes	yes	wu xing	26	9659	understanding [n.]	v. 理解, 领悟\nn. 理解能力, 机智, 悟性	yes
alibi	托辞	n.	dual-source-wordnet	tem8	tem8	yes	yes	yes	yes	yes	yes	tuo ci	26	13258	excuse [n.] | pretext [n.]	n. 不在犯罪现场, 托辞\nv. 为...辩解	yes
crinkle	起皱	v.	dual-source-wordnet	tem8	tem8	yes	yes	yes	yes	yes	yes	qi zhou	21	18991	wrinkle [v.]	n. 皱, 波纹\nvt. 使皱, 使缩, 起皱\nvi. 皱, 拳曲	yes
inset	插页	n.	dual-source-wordnet	tem8	tem8	yes	yes	yes	yes	yes	yes	cha ye	9	15912	insert [n.]	vt. 嵌入\nn. 插入物, 插页, 插图	yes
scrutiny	监视	n.	dual-source	tem4,tem8,toefl,ielts	ielts,tem4,tem8	yes	yes	no	yes	no	yes	jian shi	59009	4964	monitor [v.] | surveil [v.]	n. 细看, 仔细检查, 监视, 选票检查\n[经] 复查, 评核, 仔细检查	yes
aptitude	才能	n.	dual-source	tem4,tem8,toefl,ielts	ielts,toefl	yes	yes	no	yes	yes	yes	cai neng	33701	12448	talent [n.] | ability [n.]	n. 资质, 才能, 自然倾向\n[医] 资质, 才能	yes
clench	确定	v.	dual-source	tem4,tem8,toefl,ielts	tem4,tem8	yes	yes	no	yes	yes	yes	que ding	28494	8816	determine [v.] | confirm [v.]	n. 牢牢抓住, 钉紧, 敲弯钉尖\nvt. 紧握, 牢牢地抓住, 确定, 敲弯\nvi. 握紧, 钉牢	yes
resemblance	类似	n.	dual-source	tem4,tem8,toefl,ielts	ielts	yes	yes	no	yes	no	yes	lei si	17642	7553	similar [adj.]	n. 相似处, 类似, 肖像	yes
dwindle	减少	v.	dual-source	tem4,tem8,toefl,ielts	tem4,tem8,toefl	yes	yes	no	yes	yes	yes	jian shao	10492	10733	reduce [v.] | decrease [v.]	vi. 减少, 缩小, 衰落\nvt. 使缩小	yes
abound	充满	v.	dual-source	tem4,tem8,toefl,ielts	ielts,tem4,tem8,toefl	yes	yes	no	yes	yes	yes	chong man	8607	7676	fill [v.]	vi. 大量存在, 富于, 充满	yes
teem	充满	v.	dual-source	tem4,tem8,toefl,ielts	ielts,tem4,tem8,toefl	yes	yes	no	yes	yes	yes	chong man	8607	21232	fill [v.]	vi. 充满, 充足, 倾注\nvt. 倒出	yes
glamour	魅力	n.	dual-source	tem4,tem8,toefl,ielts	ielts,tem4,tem8	yes	yes	no	yes	yes	yes	mei li	7429	8154	charm [n.] | appeal [n.]	n. 魅力, 迷人的美, 魔法\nvt. 迷惑	yes
poise	平衡	n.	dual-source	tem4,tem8,toefl,ielts	tem4,tem8	yes	yes	no	yes	yes	yes	ping heng	6136	6244	balance [n.]	n. 平衡, 均衡, 姿势, 镇静, 安静, 砝码\nvt. 使平衡, 使悬着, 保持...姿势\nvi. 平衡, 悬着, 准备好	yes
poise	平衡	v.	dual-source	tem4,tem8,toefl,ielts	ielts	yes	yes	no	yes	no	yes	ping heng	6136	6244	balance [n.]	n. 平衡, 均衡, 姿势, 镇静, 安静, 砝码\nvt. 使平衡, 使悬着, 保持...姿势\nvi. 平衡, 悬着, 准备好	yes
antiquity	古代	n.	dual-source	tem4,tem8,toefl,ielts	ielts,toefl	yes	yes	no	yes	yes	yes	gu dai	6018	8706	ancient times [n.]	n. 古老, 古代, 古代人, 古物	yes
respiration	呼吸	n.	dual-source	tem4,tem8,toefl,ielts	tem4,tem8,toefl	yes	yes	no	yes	no	yes	hu xi	5243	17458	breathe [v.]	n. 呼吸, 一口气, 呼吸作用\n[化] 呼吸	yes
poise	姿势	n.	dual-source	tem4,tem8,toefl,ielts	tem4,tem8	yes	yes	no	yes	yes	yes	zi shi	5136	6244	posture [n.]	n. 平衡, 均衡, 姿势, 镇静, 安静, 砝码\nvt. 使平衡, 使悬着, 保持...姿势\nvi. 平衡, 悬着, 准备好	yes
tumult	混乱	n.	dual-source	tem4,tem8,toefl,ielts	ielts	yes	yes	no	yes	no	yes	hun luan	3986	17862	chaotic [adj.] | confused [adj.]	n. 骚动, 吵闹, 混乱\n[法] 骚乱, 骚动, 暴乱	yes
behalf	利益	n.	dual-source	tem4,tem8,toefl,ielts	ielts,tem4,tem8,toefl	yes	yes	no	yes	yes	yes	li yi	3966	4434	benefit [n.] | interest [n.]	n. 利益, 方面	yes
mythology	神话	n.	dual-source	tem4,tem8,toefl,ielts	tem8,toefl	yes	yes	no	yes	yes	yes	shen hua	3893	8692	myth [n.]	n. 神话	yes
manoeuvre	策略	n.	dual-source	tem4,tem8,toefl,ielts	ielts	yes	yes	no	yes	yes	yes	ce lve	3217	41423	strategy [n.]	n. 调遣, 演习, 策略\nvi. 调动, 演习, 用策略\nvt. 调动, 操纵	yes
demerit	缺点	n.	dual-source	tem4,tem8,toefl,ielts	ielts,tem4,tem8,toefl	yes	yes	no	yes	yes	yes	que dian	3146	29765	shortcoming [n.] | defect [n.]	n. 缺点, 短处, 过失	yes
antiquity	古老	n.	dual-source	tem4,tem8,toefl,ielts	ielts	yes	yes	no	yes	no	yes	gu lao	3025	8706	ancient [adj.] | old [adj.]	n. 古老, 古代, 古代人, 古物	yes
misgiving	不安	n.	dual-source	tem4,tem8,toefl,ielts	tem4,tem8	yes	yes	no	yes	no	yes	bu an	2175	13315	uneasy [adj.]	n. 疑虑, 不安, 害怕, 担扰, 疑惧	yes
manoeuvre	演习	v.	dual-source	tem4,tem8,toefl,ielts	tem4,tem8	yes	yes	no	yes	no	yes	yan xi	1993	41423	exercise [n.] | drill [n.]	n. 调遣, 演习, 策略\nvi. 调动, 演习, 用策略\nvt. 调动, 操纵	yes
detriment	损害	n.	dual-source	tem4,tem8,toefl,ielts	ielts,tem4,tem8	yes	yes	no	yes	no	yes	sun hai	1844	14289	damage [v.] | harm [v.]	n. 损害, 损害物\n[法] 损害, 伤害, 危害	yes
manoeuvre	操纵	v.	dual-source	tem4,tem8,toefl,ielts	ielts	yes	yes	no	yes	yes	yes	cao zong	1832	41423	manipulate [v.]	n. 调遣, 演习, 策略\nvi. 调动, 演习, 用策略\nvt. 调动, 操纵	yes
dwindle	缩小	v.	dual-source	tem4,tem8,toefl,ielts	ielts,toefl	yes	yes	no	yes	yes	yes	suo xiao	1491	10733	shrink [v.]	vi. 减少, 缩小, 衰落\nvt. 使缩小	yes
resemblance	肖像	n.	dual-source	tem4,tem8,toefl,ielts	tem8	yes	yes	no	yes	yes	yes	xiao xiang	951	7553	portrait [n.]	n. 相似处, 类似, 肖像	yes
manoeuvre	调动	v.	dual-source	tem4,tem8,toefl,ielts	tem4,tem8	yes	yes	no	yes	yes	yes	diao dong	760	41423	transfer [v.] | mobilize [v.]	n. 调遣, 演习, 策略\nvi. 调动, 演习, 用策略\nvt. 调动, 操纵	yes
oblong	长方形	n.	dual-source	tem4,tem8,toefl,ielts	tem4,tem8,toefl	yes	yes	no	yes	yes	yes	chang fang xing	721	21839	rectangle [n.]	n. 长方形, 长椭圆形\na. 长方形的, 长椭圆形的	yes
mere	池塘	n.	dual-source	tem4,tem8,toefl,ielts	tem4,tem8	yes	yes	no	yes	yes	yes	chi tang	714	2925	pond [n.]	n. 小湖, 池塘\na. 仅仅的, 只不过的	yes
glamour	迷惑	v.	dual-source	tem4,tem8,toefl,ielts	tem4,tem8	yes	yes	no	yes	yes	yes	mi huo	688	8154	puzzle [v.] | confuse [v.]	n. 魅力, 迷人的美, 魔法\nvt. 迷惑	yes
paraphrase	改写	v.	dual-source	tem4,tem8,toefl,ielts	toefl	yes	yes	no	yes	yes	yes	gai xie	623	12845	rewrite [v.]	n. 释义, 解述, 改写\nvt. 改写, 解述\nvi. 释义, 意译	yes
misgiving	疑虑	n.	dual-source	tem4,tem8,toefl,ielts	ielts,tem4,tem8	yes	yes	no	yes	yes	yes	yi lv	545	13315	doubt [n.]	n. 疑虑, 不安, 害怕, 担扰, 疑惧	yes
aptitude	资质	n.	dual-source	tem4,tem8,toefl,ielts	toefl	yes	yes	no	yes	yes	yes	zi zhi	514	12448	qualification [n.]	n. 资质, 才能, 自然倾向\n[医] 资质, 才能	yes
antiquity	古物	n.	dual-source	tem4,tem8,toefl,ielts	ielts,tem4,tem8	yes	yes	no	yes	yes	yes	gu wu	499	8706	antique [n.]	n. 古老, 古代, 古代人, 古物	yes
facsimile	临摹	v.	dual-source	tem4,tem8,toefl,ielts	tem4,tem8	yes	yes	no	yes	yes	yes	lin mo	483	18332	copy [v.]	n. 摹(真)本, 传真\nvt. 传真, 临摹\na. 复制的\n[计] 复制; 传真; 精确复制	yes
syllabus	摘要	n.	dual-source	tem4,tem8,toefl,ielts	tem4,tem8	yes	yes	no	yes	yes	yes	zhai yao	431	15285	summary [n.] | abstract [n.]	n. 摘要, 提纲, 课程表, 教学大纲\n[医] 摘要, 要目	yes
precede	优于	v.	dual-source	tem4,tem8,toefl,ielts	tem4,tem8	yes	yes	no	yes	yes	yes	you yu	384	5604	superior to [v.]	vt. 在...之前, 优于, 较...优先\nvi. 在前面	yes
tumult	骚动	n.	dual-source	tem4,tem8,toefl,ielts	tem4,tem8	yes	yes	no	yes	yes	yes	sao dong	347	17862	disturbance [n.]	n. 骚动, 吵闹, 混乱\n[法] 骚乱, 骚动, 暴乱	yes
scour	腹泻	v.	dual-source	tem4,tem8,toefl,ielts	tem4,tem8	yes	yes	no	yes	no	yes	fu xie	331	9501	diarrhea [n.]	vt. 擦亮, 洗涤, 清洗, 冲刷成, 急速穿过\nvi. 擦, 洗, 冲刷, 腹泻, 急速穿行\nn. 擦, 洗, 腹泻, 洗涤剂	yes
tumult	吵闹	n.	dual-source	tem4,tem8,toefl,ielts	ielts,tem4,tem8	yes	yes	no	yes	no	yes	chao nao	329	17862	noisy [adj.]	n. 骚动, 吵闹, 混乱\n[法] 骚乱, 骚动, 暴乱	yes
delinquency	失职	n.	dual-source	tem4,tem8,toefl,ielts	ielts,tem4,tem8,toefl	yes	yes	no	yes	no	yes	shi zhi	301	12122	neglect duty [v.]	n. 行为不良, 失职\n[经] 毁约, 怠工, 旷职	yes
scour	洗涤	v.	dual-source	tem4,tem8,toefl,ielts	toefl	yes	yes	no	yes	yes	yes	xi di	266	9501	wash [v.] | cleanse [v.]	vt. 擦亮, 洗涤, 清洗, 冲刷成, 急速穿过\nvi. 擦, 洗, 冲刷, 腹泻, 急速穿行\nn. 擦, 洗, 腹泻, 洗涤剂	yes
antiseptic	防腐剂	n.	dual-source	tem4,tem8,toefl,ielts	tem4,tem8	yes	yes	no	yes	yes	yes	fang fu ji	254	17931	preservative [n.]	n. 抗菌剂, 防腐剂\na. 抗菌的, 防腐的	yes
facsimile	传真	v.	dual-source	tem4,tem8,toefl,ielts	tem4,tem8	yes	yes	no	yes	no	yes	chuan zhen	235	18332	fax [n.]	n. 摹(真)本, 传真\nvt. 传真, 临摹\na. 复制的\n[计] 复制; 传真; 精确复制	yes
scour	冲刷	v.	dual-source	tem4,tem8,toefl,ielts	tem4,tem8	yes	yes	no	yes	yes	yes	chong shua	203	9501	wash away [v.] | erode [v.]	vt. 擦亮, 洗涤, 清洗, 冲刷成, 急速穿过\nvi. 擦, 洗, 冲刷, 腹泻, 急速穿行\nn. 擦, 洗, 腹泻, 洗涤剂	yes
scour	擦亮	v.	dual-source	tem4,tem8,toefl,ielts	ielts	yes	yes	no	yes	yes	yes	ca liang	202	9501	polish [v.] | shine [v.]	vt. 擦亮, 洗涤, 清洗, 冲刷成, 急速穿过\nvi. 擦, 洗, 冲刷, 腹泻, 急速穿行\nn. 擦, 洗, 腹泻, 洗涤剂	yes
sanitary	公共厕所	n.	dual-source	tem4,tem8,toefl,ielts	ielts,tem4,tem8	yes	yes	no	yes	yes	yes	gong gong ce suo	196	13757	public toilet [n.]	a. 卫生的\nn. 公共厕所	yes
paraphrase	释义	n.	dual-source	tem4,tem8,toefl,ielts	tem4,tem8,toefl	yes	yes	no	yes	no	yes	shi yi	174	12845	define [v.] | explain [v.]	n. 释义, 解述, 改写\nvt. 改写, 解述\nvi. 释义, 意译	yes
paraphrase	释义	v.	dual-source	tem4,tem8,toefl,ielts	tem4,tem8	yes	yes	no	yes	yes	yes	shi yi	174	12845	define [v.] | explain [v.]	n. 释义, 解述, 改写\nvt. 改写, 解述\nvi. 释义, 意译	yes
poise	镇静	n.	dual-source	tem4,tem8,toefl,ielts	tem4,tem8	yes	yes	no	yes	no	yes	zhen jing	162	6244	calm [adj.]	n. 平衡, 均衡, 姿势, 镇静, 安静, 砝码\nvt. 使平衡, 使悬着, 保持...姿势\nvi. 平衡, 悬着, 准备好	yes
sanity	通情达理	n.	dual-source	tem4,tem8,toefl,ielts	tem4,tem8	yes	yes	no	yes	no	yes	tong qing da li	111	11021	reasonable [phr.] | sensible [phr.]	n. 神智健全, 头脑清楚, 通情达理\n[医] 精神健全	yes
abound	富于	v.	dual-source	tem4,tem8,toefl,ielts	ielts,tem4,tem8,toefl	yes	yes	no	yes	yes	yes	fu yu	105	7676	be rich in [v.]	vi. 大量存在, 富于, 充满	yes
chasm	裂口	n.	dual-source	tem4,tem8,toefl,ielts	ielts,tem4,tem8	yes	yes	no	yes	yes	yes	lie kou	94	13437	crack [n.]	n. 陷窟, 裂口	yes
syllabus	课程表	n.	dual-source	tem4,tem8,toefl,ielts	tem4,tem8	yes	yes	no	yes	yes	yes	ke cheng biao	85	15285	timetable [n.]	n. 摘要, 提纲, 课程表, 教学大纲\n[医] 摘要, 要目	yes
demerit	短处	n.	dual-source	tem4,tem8,toefl,ielts	ielts,tem4,tem8	yes	yes	no	yes	yes	yes	duan chu	59	29765	shortcoming [n.]	n. 缺点, 短处, 过失	yes
scour	洗涤剂	n.	dual-source	tem4,tem8,toefl,ielts	tem4,tem8	yes	yes	no	yes	yes	yes	xi di ji	29	9501	detergent [n.]	vt. 擦亮, 洗涤, 清洗, 冲刷成, 急速穿过\nvi. 擦, 洗, 冲刷, 腹泻, 急速穿行\nn. 擦, 洗, 腹泻, 洗涤剂	yes
lastly	最后	adv.	dual-source	tem4,tem8,toefl	tem4,tem8,toefl	yes	yes	no	yes	no	yes	zui hou	91332	12764	last [n.] | final [n.]	adv. 最后, 终于	yes
sport	游戏	n.	dual-source	tem8,toefl,ielts	tem8	yes	yes	no	yes	yes	yes	you xi	76653	666	game [n.]	n. 运动, 游戏, 娱乐, 消遣, 玩笑\na. 运动的, 户外穿戴的\nvi. 游戏, 参加体育运动, 戏弄, 产生变种\nvt. 炫耀, 使产生变种	yes
sport	游戏	v.	dual-source	tem8,toefl,ielts	tem8	yes	yes	no	yes	no	yes	you xi	76653	666	game [n.]	n. 运动, 游戏, 娱乐, 消遣, 玩笑\na. 运动的, 户外穿戴的\nvi. 游戏, 参加体育运动, 戏弄, 产生变种\nvt. 炫耀, 使产生变种	yes
sustenance	支持	n.	dual-source	tem8,toefl,ielts	tem8	yes	yes	no	yes	no	yes	zhi chi	63877	14178	support [v.]	n. 生活资料, 生计, 食物, 支持\n[法] 营养物, 维持, 支持	yes
consequent	结果	n.	dual-source	tem8,toefl,ielts	tem8	yes	yes	no	yes	yes	yes	jie guo	55244	14817	result [n.]	n. 随后发生的事情, 结果\na. 作为结果的, 合乎逻辑的	yes
infection	影响	n.	dual-source	tem8,toefl,ielts	tem8,toefl	yes	yes	no	yes	yes	yes	ying xiang	51654	2692	influence [n.] | effect [n.]	n. 传染, 影响, 传染病\n[医] 传染, 感染	yes
incidence	影响	n.	dual-source	tem8,toefl,ielts	tem8	yes	yes	no	yes	yes	yes	ying xiang	51654	5847	influence [n.] | effect [n.]	n. 发生, 发生率, 影响, 负担者, 入射, 倾角\n[医] 入射, 发生率, 发生数	yes
sport	运动	n.	dual-source	tem8,toefl,ielts	tem8,toefl	yes	yes	no	yes	yes	yes	yun dong	46199	666	sports [n.] | exercise [n.]	n. 运动, 游戏, 娱乐, 消遣, 玩笑\na. 运动的, 户外穿戴的\nvi. 游戏, 参加体育运动, 戏弄, 产生变种\nvt. 炫耀, 使产生变种	yes
fend	保护	v.	dual-source	tem8,toefl,ielts	tem8,toefl	yes	yes	no	yes	yes	yes	bao hu	45530	9011	protect [v.]	vt. 击退, 保护, 供养	yes
painstaking	辛苦	n.	dual-source	tem8,toefl,ielts	ielts,tem8,toefl	yes	yes	no	yes	no	yes	xin ku	44158	14458	hard [adj.] | tough [adj.]	n. 辛苦, 苦心, 工夫\na. 辛苦的, 勤勉的, 小心的	yes
pertain	适合	v.	dual-source	tem8,toefl,ielts	tem8,toefl	yes	yes	no	yes	yes	yes	shi he	34694	12205	suit [v.]	vi. 从属于, 关于, 涉及, 附属, 适合, 相称\n[法] 属于, 从属, 附属	yes
encompass	完成	v.	dual-source	tem8,toefl,ielts	tem8	yes	yes	no	yes	yes	yes	wan cheng	32579	5635	complete [v.]	vt. 围绕, 完成, 包括, 包含, 环绕, 包围	yes
obligatory	必须的	adj.	dual-source	tem8,toefl,ielts	tem8	yes	yes	no	yes	no	yes	bi xu de	29770	13922	must [phr.]	a. 义务的, 必须的, 强制性的\n[法] 有拘束的, 强制的, 必须的	yes
cooperation	合作	n.	dual-source	tem8,toefl,ielts	ielts,tem8,toefl	yes	yes	no	yes	no	yes	he zuo	29609	2668	cooperate [v.] | collaborate [v.]	n. 合作, 协力, 配合\n[化] 合作	yes
consist	组成	v.	dual-source	tem8,toefl,ielts	ielts	yes	yes	no	yes	yes	yes	zu cheng	27179	2190	compose [v.] | form [v.]	vi. 组成, 存在于, 一致	yes
tolerable	可以的	adj.	dual-source	tem8,toefl,ielts	tem8	yes	yes	no	yes	no	yes	ke yi de	25779	15726	ok [phr.] | fine [phr.]	a. 可容忍的, 可以的	yes
pertain	关于	v.	dual-source	tem8,toefl,ielts	tem8	yes	yes	no	yes	no	yes	guan yu	20977	12205	about [prep.]	vi. 从属于, 关于, 涉及, 附属, 适合, 相称\n[法] 属于, 从属, 附属	yes
renewal	更新	n.	dual-source	tem8,toefl,ielts	ielts,tem8,toefl	yes	yes	no	yes	no	yes	geng xin	20976	6501	update [v.]	n. 更新, 革新, 复兴, 恢复, 修补, 补充, 继续, 重订, 重申, 续借\n[经] 更新, 换新, 重申	yes
ruffle	生气	n.	dual-source	tem8,toefl,ielts	tem8	yes	yes	no	yes	no	yes	sheng qi	20937	13470	angry [v.]	n. 皱褶, 波纹, 生气, 混乱\nvt. 弄皱, 触怒, 洗(牌), 连续轻擂(鼓)\nvi. 起皱, 发脾气, 连续轻擂	yes
perpetuate	保持	v.	dual-source	tem8,toefl,ielts	tem8	yes	yes	no	yes	yes	yes	bao chi	19864	7642	keep [v.] | maintain [v.]	vt. 使永存, 使不朽, 保持	yes
thwart	反对	v.	dual-source	tem4,tem8,toefl	tem4,tem8	yes	yes	no	yes	yes	yes	fan dui	19636	8327	oppose [v.] | object [v.]	a. 横放的\nvt. 反对, 阻挠, 横过\nprep. 横过\nadv. 横过	yes
rendition	表演	n.	dual-source	tem8,toefl,ielts	ielts,toefl	yes	yes	no	yes	no	yes	biao yan	19344	10446	perform [v.] | act [v.]	n. 译文, 施舍, 表演\n[经] 生产量	yes
renewal	恢复	n.	dual-source	tem8,toefl,ielts	ielts,tem8,toefl	yes	yes	no	yes	no	yes	hui fu	18517	6501	recover [v.] | restore [v.]	n. 更新, 革新, 复兴, 恢复, 修补, 补充, 继续, 重订, 重申, 续借\n[经] 更新, 换新, 重申	yes
sport	娱乐	n.	dual-source	tem8,toefl,ielts	tem8	yes	yes	no	yes	yes	yes	yu le	18299	666	entertainment [n.]	n. 运动, 游戏, 娱乐, 消遣, 玩笑\na. 运动的, 户外穿戴的\nvi. 游戏, 参加体育运动, 戏弄, 产生变种\nvt. 炫耀, 使产生变种	yes
zest	兴趣	n.	dual-source	tem8,toefl,ielts	ielts	yes	yes	no	yes	yes	yes	xing qu	17504	10079	interest [n.] | hobby [n.]	n. 兴趣, 热情, 风味, 热心\nvt. 给...调味	yes
dweller	居民	n.	dual-source	tem8,toefl,ielts	ielts,tem8,toefl	yes	yes	no	yes	yes	yes	ju min	17216	10815	resident [n.]	n. 居民	yes
fruition	实现	n.	dual-source	tem8,toefl,ielts	ielts	yes	yes	no	yes	no	yes	shi xian	17168	16563	realize [v.] | implement [v.]	n. 成就, 实现, 结果实	yes
inclusion	包含	n.	dual-source	tem4,tem8,toefl	tem4,tem8,toefl	yes	yes	no	yes	no	yes	bao han	17031	5409	include [v.] | contain [v.]	n. 包含, 内含物\n[计] 蕴含	yes
encompass	包含	v.	dual-source	tem8,toefl,ielts	ielts,tem8,toefl	yes	yes	no	yes	yes	yes	bao han	17031	5635	include [v.] | contain [v.]	vt. 围绕, 完成, 包括, 包含, 环绕, 包围	yes
tally	记录	v.	dual-source	tem4,tem8,toefl	tem4,tem8	yes	yes	no	yes	no	yes	ji lu	16459	11596	record [n.]	n. 符木, 记账, 得分, 比分, 计数器, 标签, 符合, 对应物\nvt. 记录, 点数, 计算, 加标签于, 使符合\nvi. 记帐, 符合, 吻合, 记分\n[计] 计数	yes
acumen	聪明	n.	dual-source	tem8,toefl,ielts	tem8,toefl	yes	yes	no	yes	no	yes	cong ming	15926	17842	smart [adj.] | clever [adj.]	n. 敏锐, 聪明	yes
annul	取消	v.	dual-source	tem4,tem8,toefl	tem4,tem8,toefl	yes	yes	no	yes	yes	yes	qu xiao	15453	21724	cancel [v.]	vt. 废除, 宣告无效, 取消\n[经] 撤销, 宣告无效	yes
plaza	广场	n.	dual-source	tem4,tem8,toefl	tem4,tem8,toefl	yes	yes	no	yes	yes	yes	guang chang	15299	7095	square [n.]	n. 广场, 市场, 购物区	yes
plaza	市场	n.	dual-source	tem4,tem8,toefl	tem4,tem8	yes	yes	no	yes	yes	yes	shi chang	15273	7095	market [n.]	n. 广场, 市场, 购物区	yes
gut	剧情	n.	dual-source	tem4,tem8,toefl	tem4,tem8	yes	yes	no	yes	yes	yes	ju qing	13787	4297	plot [n.]	n. 剧情, 内容, 内脏, 肚子, 海峡, 勇气\nvt. 取出内脏, 毁坏...的内部	yes
vogue	流行	n.	dual-source	tem8,toefl,ielts	tem8,toefl	yes	yes	no	yes	no	yes	liu xing	13727	14657	popular [v.] | fashionable [v.]	n. 时尚, 时髦, 流行\na. 流行的, 时髦的	yes
eruption	爆发	n.	dual-source	tem8,toefl,ielts	ielts,tem8,toefl	yes	yes	no	yes	no	yes	bao fa	13434	8662	erupt [v.]	n. 爆发, 喷出物, 出疹\n[化] 喷发	yes
squarely	正好	adv.	dual-source	tem4,tem8,toefl	tem4,tem8	yes	yes	no	yes	yes	yes	zheng hao	13051	9723	exactly [adv.] | just [adv.]	adv. 干脆地, 正好, 直角地	yes
solitude	孤独	n.	dual-source	tem4,tem8,toefl	tem4,tem8,toefl	yes	yes	no	yes	no	yes	gu du	12471	8164	lonely [adj.]	n. 孤独, 单独, 孤寂	yes
stint	限制	v.	dual-source	tem8,toefl,ielts	tem8	yes	yes	no	yes	yes	yes	xian zhi	12454	8331	restrict [v.]	vt. 节省, 限制, 停止\nvi. 节约\nn. 吝惜, 节约, 限额	yes
circumscribe	限制	v.	dual-source	tem8,toefl,ielts	ielts,tem8,toefl	yes	yes	no	yes	yes	yes	xian zhi	12454	16931	restrict [v.]	vt. 在...周围画线, 限制	yes
defiance	挑战	n.	dual-source	tem4,tem8,ielts	ielts,tem4,tem8	yes	yes	no	yes	no	yes	tiao zhan	11987	9592	challenge [v.]	n. 蔑视, 挑战\n[法] 挑战, 藐视, 违抗	yes
envision	想象	v.	dual-source	tem4,tem8,toefl	tem4,tem8,toefl	yes	yes	no	yes	yes	yes	xiang xiang	10829	4483	imagine [v.]	vt. 想象, 预想	yes
abate	减少	v.	dual-source	tem8,toefl,ielts	tem8,toefl	yes	yes	no	yes	yes	yes	jian shao	10492	13243	reduce [v.] | decrease [v.]	vt. 减少, 减轻, 减弱, 废除, 打折扣\nvi. 减轻, 减弱, 减少, 失效, 被废除	yes
cooperation	配合	n.	dual-source	tem8,toefl,ielts	ielts	yes	yes	no	yes	no	yes	pei he	10297	2668	cooperate [v.]	n. 合作, 协力, 配合\n[化] 合作	yes
gut	勇气	n.	dual-source	tem4,tem8,toefl	tem4,tem8	yes	yes	no	yes	yes	yes	yong qi	10232	4297	courage [n.]	n. 剧情, 内容, 内脏, 肚子, 海峡, 勇气\nvt. 取出内脏, 毁坏...的内部	yes
impress	印象	n.	dual-source	tem8,toefl,ielts	tem8	yes	yes	no	yes	yes	yes	yin xiang	10205	3055	impression [n.]	n. 印象, 特征, 印记\nvt. 使有印象, 印, 铭刻, 传送, 影响, 强征\nvi. 给人印象	yes
overrule	统治	v.	dual-source	tem4,tem8,ielts	tem4,tem8	yes	yes	no	yes	yes	yes	tong zhi	10183	12198	rule [v.] | govern [v.]	vt. 统治, 威压, 打败, 驳回\n[法] 否决, 驳回, 批驳	yes
ascent	提高	n.	dual-source	tem8,toefl,ielts	toefl	yes	yes	no	yes	no	yes	ti gao	10056	10299	improve [v.] | raise [v.]	n. 上升, 提高, 攀登, 上坡路	yes
pacific	太平洋	n.	dual-source	tem8,toefl,ielts	tem8,toefl	yes	yes	no	yes	yes	yes	tai ping yang	9936	26607	pacific ocean [n.]	n. 太平洋\na. 太平洋的, 太平洋沿岸的, 爱好和平的, 安静的, 平息的	yes
sustenance	食物	n.	dual-source	tem8,toefl,ielts	ielts,tem8,toefl	yes	yes	no	yes	yes	yes	shi wu	9740	14178	food [n.]	n. 生活资料, 生计, 食物, 支持\n[法] 营养物, 维持, 支持	yes
beset	围绕	v.	dual-source	tem8,toefl,ielts	tem8	yes	yes	no	yes	yes	yes	wei rao	9554	13356	surround [v.] | around [v.]	vt. 围绕, 使苦恼, 镶嵌	yes
memorise	记住	v.	dual-source	tem4,tem8,ielts	ielts	yes	yes	no	yes	yes	yes	ji zhu	9328	999999	remember [v.]	vt. 记住, 熟记, 记录, 存储	yes
fore	以前的	adj.	dual-source	tem4,tem8,toefl	tem4,tem8	yes	yes	no	no	new-key	yes	yi qian de	8774	13386		a. 在前的, 以前的\nadv. 在前面, 在船头\nprep. 在...前	yes
gut	海峡	n.	dual-source	tem4,tem8,toefl	tem4,tem8	yes	yes	no	yes	yes	yes	hai xia	8492	4297	strait [n.]	n. 剧情, 内容, 内脏, 肚子, 海峡, 勇气\nvt. 取出内脏, 毁坏...的内部	yes
existent	存在的	adj.	dual-source	tem4,tem8,ielts	tem4,tem8	yes	yes	no	no	new-key	yes	cun zai de	8051	27320		a. 存在的, 生存的, 现存的\n[医] 生存者	yes
regeneration	重建	n.	dual-source	tem8,toefl,ielts	tem8,toefl	yes	yes	no	yes	no	yes	chong jian	7991	13884	rebuild [v.] | reconstruct [v.]	n. 再生, 重建\n[化] 再生作用	yes
tally	计算	v.	dual-source	tem4,tem8,toefl	tem4,tem8	yes	yes	no	yes	yes	yes	ji suan	7944	11596	calculate [v.] | compute [v.]	n. 符木, 记账, 得分, 比分, 计数器, 标签, 符合, 对应物\nvt. 记录, 点数, 计算, 加标签于, 使符合\nvi. 记帐, 符合, 吻合, 记分\n[计] 计数	yes
detract	转移	v.	dual-source	tem8,toefl,ielts	tem8,toefl	yes	yes	no	yes	yes	yes	zhuan yi	7813	14366	transfer [v.] | shift [v.]	vi. 减去, 贬低\nvt. 转移, 分散	yes
impress	特征	n.	dual-source	tem8,toefl,ielts	tem8	yes	yes	no	yes	yes	yes	te zheng	7688	3055	feature [n.]	n. 印象, 特征, 印记\nvt. 使有印象, 印, 铭刻, 传送, 影响, 强征\nvi. 给人印象	yes
segregate	隔离	v.	dual-source	tem8,toefl,ielts	ielts,toefl	yes	yes	no	yes	yes	yes	ge li	7366	12370	isolate [v.] | quarantine [v.]	a. 分离的, 被隔离的\nvi. 分离, 隔离, 分凝\nvt. 使分离, 使隔离	yes
vogue	时尚	n.	dual-source	tem8,toefl,ielts	tem8,toefl	yes	yes	no	yes	yes	yes	shi shang	6972	14657	fashion [n.]	n. 时尚, 时髦, 流行\na. 流行的, 时髦的	yes
oversea	国外	adv.	dual-source	tem4,tem8,toefl	tem4,tem8	yes	yes	no	yes	no	yes	guo wai	6963	999999	abroad [n.]	adv. 海外, 向国外, 向海外, 国外\na. 外国的, 在国外的, 在海外的, 舶来的	yes
companionship	友谊	n.	dual-source	tem4,tem8,toefl	tem4,tem8,toefl	yes	yes	no	yes	yes	yes	you yi	6853	12816	friendship [n.]	n. 交往, 友谊, 一群同伴	yes
solitude	单独	n.	dual-source	tem4,tem8,toefl	toefl	yes	yes	no	yes	no	yes	dan du	6362	8164	alone [adv.] | separately [adv.]	n. 孤独, 单独, 孤寂	yes
abate	废除	v.	dual-source	tem8,toefl,ielts	tem8	yes	yes	no	yes	yes	yes	fei chu	6348	13243	abolish [v.]	vt. 减少, 减轻, 减弱, 废除, 打折扣\nvi. 减轻, 减弱, 减少, 失效, 被废除	yes
annul	废除	v.	dual-source	tem4,tem8,toefl	tem4,tem8,toefl	yes	yes	no	yes	yes	yes	fei chu	6348	21724	abolish [v.]	vt. 废除, 宣告无效, 取消\n[经] 撤销, 宣告无效	yes
allocation	分配	n.	dual-source	tem8,toefl,ielts	ielts,tem8,toefl	yes	yes	no	yes	no	yes	fen pei	6297	7082	distribute [v.] | allocate [v.]	n. 配置, 分配, 拨给\n[经] 分配, 拨款, 分摊	yes
emancipate	释放	v.	dual-source	tem4,tem8,toefl	tem4,tem8,toefl	yes	yes	no	yes	yes	yes	shi fang	6204	23235	release [v.]	vt. 释放, 解放	yes
foodstuff	食品	n.	dual-source	tem4,tem8,toefl	tem4,tem8,toefl	yes	yes	no	yes	yes	yes	shi pin	6179	17696	food [n.]	n. 食品, 粮食	yes
vindicate	维护	v.	dual-source	tem8,toefl,ielts	tem8	yes	yes	no	yes	yes	yes	wei hu	6082	13147	maintain [v.]	vt. 辩护, 证明...无辜, 维护\n[法] 辩护, 辩解, 辩明	yes
eventual	最后的	adj.	dual-source	tem4,tem8,toefl	tem4,tem8,toefl	yes	yes	no	no	new-key	yes	zui hou de	5975	7292		a. 最后的, 终于的	yes
zest	热情	n.	dual-source	tem8,toefl,ielts	toefl	yes	yes	no	yes	yes	yes	re qing	5924	10079	enthusiasm [n.]	n. 兴趣, 热情, 风味, 热心\nvt. 给...调味	yes
sickness	疾病	n.	dual-source	tem8,toefl,ielts	tem8,toefl	yes	yes	no	yes	yes	yes	ji bing	5909	7417	disease [n.]	n. 疾病, 不健康, 呕吐\n[医] 病	yes
infirmity	疾病	n.	dual-source	tem8,toefl,ielts	tem8	yes	yes	no	yes	yes	yes	ji bing	5909	22525	disease [n.]	n. 虚弱, 病身, 疾病\n[医] 衰弱	yes
enact	扮演	v.	dual-source	tem8,toefl,ielts	ielts,tem8,toefl	yes	yes	no	yes	yes	yes	ban yan	5890	4710	play [v.] | act [v.]	vt. 制定法律, 扮演, 颁布\n[法] 法令, 法规, 条例	yes
facial	美颜	n.	dual-source	tem8,toefl,ielts	tem8	yes	yes	no	yes	yes	yes	mei yan	5695	5735	beauty filter [n.]	n. 美颜, 脸部按摩\na. 脸的, 表面的, 脸部用的	yes
fruition	成就	n.	dual-source	tem8,toefl,ielts	tem8	yes	yes	no	yes	yes	yes	cheng jiu	5659	16563	achievement [n.]	n. 成就, 实现, 结果实	yes
lull	暂停	n.	dual-source	tem8,toefl,ielts	ielts,tem8	yes	yes	no	yes	no	yes	zan ting	5616	13314	pause [v.] | suspend [v.]	n. 暂停, 间歇, 稍息, 使人安静的东西\nvt. 使平静, 哄骗, 使安静\nvi. 变平静	yes
refinement	精致	n.	dual-source	tem8,toefl,ielts	toefl	yes	yes	no	yes	no	yes	jing zhi	5394	10637	exquisite [adj.] | delicate [adj.]	n. 精致, 高尚, 精巧\n[医] 精制, 精练	yes
cop	抓住	v.	dual-source	tem8,toefl,ielts	tem8	yes	yes	no	yes	yes	yes	zhua zhu	5346	2199	grasp [v.] | catch [v.]	n. 警官\nvt. 抓住	yes
misunderstanding	误会	n.	dual-source	tem4,tem8,toefl	tem4,tem8,toefl	yes	yes	no	yes	no	yes	wu hui	5346	8104	misunderstand [v.]	n. 误会, 误解\n[法] 误解, 误会, 不和	yes
revival	复活	n.	dual-source	tem8,toefl,ielts	ielts,tem8,toefl	yes	yes	no	yes	no	yes	fu huo	5299	5417	revive [v.] | resurrect [v.]	n. 复兴, 复活, 恢复精神, 苏醒\n[医] 复苏, 回生, 精神重振	yes
renewal	补充	n.	dual-source	tem8,toefl,ielts	tem8	yes	yes	no	yes	no	yes	bu chong	5205	6501	supplement [v.] | add [v.]	n. 更新, 革新, 复兴, 恢复, 修补, 补充, 继续, 重订, 重申, 续借\n[经] 更新, 换新, 重申	yes
pertain	附属	v.	dual-source	tem8,toefl,ielts	ielts	yes	yes	no	yes	yes	yes	fu shu	5138	12205	affiliate [v.]	vi. 从属于, 关于, 涉及, 附属, 适合, 相称\n[法] 属于, 从属, 附属	yes
mastery	优势	n.	dual-source	tem4,tem8,ielts	tem8	yes	yes	no	yes	yes	yes	you shi	5060	7593	advantage [n.] | strength [n.]	n. 征服, 统治权, 优势, 精通, 掌握\n[法] 统治权, 控制权, 征服	yes
ascent	上升	n.	dual-source	tem8,toefl,ielts	ielts,tem8,toefl	yes	yes	no	yes	no	yes	shang sheng	4982	10299	rise [v.] | ascend [v.]	n. 上升, 提高, 攀登, 上坡路	yes
substitution	代替	n.	dual-source	tem4,tem8,ielts	ielts,tem4,tem8	yes	yes	no	yes	no	yes	dai ti	4953	10742	replace [v.] | substitute [v.]	n. 代替, 替换, 代替物\n[计] 置换	yes
reliance	信任	n.	dual-source	tem8,toefl,ielts	toefl	yes	yes	no	yes	no	yes	xin ren	4913	6942	trust [v.]	n. 信任, 信赖, 受信赖的人(或事)\n[法] 信任, 信赖, 信心	yes
patronage	赞助	n.	dual-source	tem8,toefl,ielts	ielts,tem8,toefl	yes	yes	no	yes	no	yes	zan zhu	4833	10066	sponsor [v.]	n. 赞助, 恩赐态度, 光顾, 任免权, 保护人的身分\n[经] 光顾, 资助, 赞助	yes
segregate	分离	v.	dual-source	tem8,toefl,ielts	ielts	yes	yes	no	yes	yes	yes	fen li	4662	12370	separate [v.]	a. 分离的, 被隔离的\nvi. 分离, 隔离, 分凝\nvt. 使分离, 使隔离	yes
parking	停车	n.	dual-source	tem8,toefl,ielts	tem8	yes	yes	no	yes	no	yes	ting che	4543	2322	park [v.]	n. 停车\na. 停车的	yes
allocation	配置	n.	dual-source	tem8,toefl,ielts	tem8	yes	yes	no	yes	yes	yes	pei zhi	4384	7082	configuration [n.]	n. 配置, 分配, 拨给\n[经] 分配, 拨款, 分摊	yes
emboss	装饰	v.	dual-source	tem8,toefl,ielts	tem8	yes	yes	no	yes	yes	yes	zhuang shi	4362	22081	decorate [v.]	vt. 浮雕, 加以浮饰, 装饰\n[化] 压印	yes
adulthood	成年	n.	dual-source	tem4,tem8,toefl	tem4,tem8	yes	yes	no	yes	no	yes	cheng nian	4286	7780	adult [adj.]	n. 成年\n[医] 成人期	yes
hesitation	犹豫	n.	dual-source	tem4,tem8,ielts	ielts,tem4,tem8	yes	yes	no	yes	no	yes	you yu	4045	8082	hesitate [v.]	n. 犹豫, 踌躇, 含糊, 口吃, 暂停\n[计] 暂停	yes
ruffle	混乱	n.	dual-source	tem8,toefl,ielts	tem8	yes	yes	no	yes	no	yes	hun luan	3986	13470	chaotic [adj.] | confused [adj.]	n. 皱褶, 波纹, 生气, 混乱\nvt. 弄皱, 触怒, 洗(牌), 连续轻擂(鼓)\nvi. 起皱, 发脾气, 连续轻擂	yes
jumble	混乱	n.	dual-source	tem8,toefl,ielts	tem8	yes	yes	no	yes	no	yes	hun luan	3986	13914	chaotic [adj.] | confused [adj.]	vi. 搀杂, 混杂\nvt. 搞乱, 使混乱\nn. 混乱, 薄饼	yes
lateral	旁边的	adj.	dual-source	tem8,toefl,ielts	ielts,toefl	yes	yes	no	no	new-key	yes	pang bian de	3922	8322		n. 侧部, 支线, 边音\na. 侧面的, 旁边的	yes
inability	无力	n.	dual-source	tem8,toefl,ielts	toefl	yes	yes	no	yes	no	yes	wu li	3911	5112	weak [adj.] | powerless [adj.]	n. 无能, 无力	yes
venerate	崇拜	v.	dual-source	tem8,toefl,ielts	ielts	yes	yes	no	yes	yes	yes	chong bai	3910	21355	worship [v.] | adore [v.]	vt. 尊敬, 崇敬, 崇拜	yes
mastery	掌握	n.	dual-source	tem4,tem8,ielts	tem8	yes	yes	no	yes	no	yes	zhang wo	3873	7593	master [v.] | grasp [v.]	n. 征服, 统治权, 优势, 精通, 掌握\n[法] 统治权, 控制权, 征服	yes
encompass	包围	v.	dual-source	tem8,toefl,ielts	ielts,tem8,toefl	yes	yes	no	yes	yes	yes	bao wei	3844	5635	surround [v.] | encircle [v.]	vt. 围绕, 完成, 包括, 包含, 环绕, 包围	yes
sport	玩笑	n.	dual-source	tem8,toefl,ielts	tem8	yes	yes	no	yes	yes	yes	wan xiao	3751	666	joke [n.]	n. 运动, 游戏, 娱乐, 消遣, 玩笑\na. 运动的, 户外穿戴的\nvi. 游戏, 参加体育运动, 戏弄, 产生变种\nvt. 炫耀, 使产生变种	yes
dependence	依赖	n.	dual-source	tem4,tem8,toefl	tem4,tem8	yes	yes	no	yes	no	yes	yi lai	3748	5814	depend [v.]	n. 依赖, 依存, 信赖\n[医] 依赖(如对药物的依赖,即瘾或癖), 从属, 偏利共生	yes
recline	依赖	v.	dual-source	tem8,toefl,ielts	tem8	yes	yes	no	yes	yes	yes	yi lai	3748	15819	depend [v.]	vt. 使斜靠\nvi. 靠, 斜倚, 依赖	yes
dupe	欺骗	v.	dual-source	tem8,toefl,ielts	ielts,tem8,toefl	yes	yes	no	yes	yes	yes	qi pian	3651	16408	deceive [v.] | cheat [v.]	n. 傻瓜, 易受骗的人\nvt. 欺骗, 愚弄	yes
mastery	征服	n.	dual-source	tem4,tem8,ielts	tem8	yes	yes	no	yes	no	yes	zheng fu	3550	7593	conquer [v.]	n. 征服, 统治权, 优势, 精通, 掌握\n[法] 统治权, 控制权, 征服	yes
vanquish	征服	v.	dual-source	tem8,toefl,ielts	ielts,tem8	yes	yes	no	yes	yes	yes	zheng fu	3550	24737	conquer [v.]	vt. 打败, 征服, 克服\n[法] 征服, 战胜, 击败	yes
reminder	暗示	n.	dual-source	tem4,tem8,toefl	tem4,tem8,toefl	yes	yes	no	yes	no	yes	an shi	3520	4390	hint [v.] | imply [v.]	n. 提醒的人, 暗示\n[经] 催单	yes
pleasing	愉快的	adj.	dual-source	tem4,tem8,toefl	toefl	yes	yes	no	yes	yes	yes	yu kuai de	3503	9486	pleasant [adj.] | happy [adj.]	a. 令人喜爱的, 愉快的, 舒适的	yes
enlargement	放大	n.	dual-source	tem4,tem8,toefl	tem4,tem8,toefl	yes	yes	no	yes	no	yes	fang da	3329	13723	enlarge [v.] | magnify [v.]	n. 扩大, 肿大, 肥大, 增大, 放大的照片, 放大, 扩建部分, 增补物, 扩展\n[计] 增补, 扩大, 放大	yes
foodstuff	粮食	n.	dual-source	tem4,tem8,toefl	tem4,tem8,toefl	yes	yes	no	yes	yes	yes	liang shi	3232	17696	grain [n.] | food [n.]	n. 食品, 粮食	yes
revival	复兴	n.	dual-source	tem8,toefl,ielts	ielts,tem8,toefl	yes	yes	no	yes	no	yes	fu xing	3199	5417	revive [v.]	n. 复兴, 复活, 恢复精神, 苏醒\n[医] 复苏, 回生, 精神重振	yes
renewal	复兴	n.	dual-source	tem8,toefl,ielts	ielts,tem8	yes	yes	no	yes	no	yes	fu xing	3199	6501	revive [v.]	n. 更新, 革新, 复兴, 恢复, 修补, 补充, 继续, 重订, 重申, 续借\n[经] 更新, 换新, 重申	yes
satire	讽刺	n.	dual-source	tem4,tem8,toefl	tem4,tem8,toefl	yes	yes	no	yes	no	yes	feng ci	3180	10491	satirize [v.] | mock [v.]	n. 讽刺文学, 讽刺	yes
acclaim	称赞	v.	dual-source	tem8,toefl,ielts	tem8	yes	yes	no	yes	yes	yes	cheng zan	3030	12422	praise [v.] | commend [v.]	n. 喝彩, 欢呼, 赞同\nv. 欢呼, 喝彩, 称赞	yes
exclusion	排除	n.	dual-source	tem4,tem8,toefl	tem4,tem8,toefl	yes	yes	no	yes	no	yes	pai chu	2842	6233	exclude [v.]	n. 排除, 除外, 逐出\n[医] 排除, 除外, 分离术	yes
misunderstanding	误解	n.	dual-source	tem4,tem8,toefl	tem4,tem8,toefl	yes	yes	no	yes	no	yes	wu jie	2825	8104	misunderstand [v.]	n. 误会, 误解\n[法] 误解, 误会, 不和	yes
courtship	求婚	n.	dual-source	tem8,toefl,ielts	tem8	yes	yes	no	yes	no	yes	qiu hun	2593	10459	propose [v.]	n. 求爱, 求婚, 求爱时期	yes
presumption	推测	n.	dual-source	tem8,toefl,ielts	ielts,tem8	yes	yes	no	yes	no	yes	tui ce	2589	9906	infer [v.] | guess [v.]	n. 专横, 放肆, 假定, 推测\n[法] 假定, 推测, 设想	yes
supposition	推测	n.	dual-source	tem8,toefl,ielts	tem8	yes	yes	no	yes	no	yes	tui ce	2589	18056	infer [v.] | guess [v.]	n. 想像, 推测, 推想\n[法] 假定, 推定, 推测	yes
relevance	关联	n.	dual-source	tem8,toefl,ielts	tem8	yes	yes	no	yes	no	yes	guan lian	2578	6543	relate [v.] | link [v.]	n. 中肯；关联；相关性	yes
enact	颁布	v.	dual-source	tem8,toefl,ielts	tem8,toefl	yes	yes	no	yes	yes	yes	ban bu	2567	4710	promulgate [v.] | issue [v.]	vt. 制定法律, 扮演, 颁布\n[法] 法令, 法规, 条例	yes
hitch	故障	n.	dual-source	tem4,tem8,toefl	tem4,tem8,toefl	yes	yes	no	yes	yes	yes	gu zhang	2545	11186	breakdown [n.]	n. 猛拉, 急推, 蹒跚, 故障\nvt. 猛拉, 系住\nvi. 蹒跚, 被钩住	yes
adjunct	助手	n.	dual-source	tem8,toefl,ielts	tem8,toefl	yes	yes	no	yes	yes	yes	zhu shou	2522	11816	assistant [n.]	n. 附属物, 附件, 助手, 修饰语\na. 附属的	yes
painstaking	辛苦的	adj.	dual-source	tem8,toefl,ielts	ielts,toefl	yes	yes	no	no	new-key	yes	xin ku de	2437	14458		n. 辛苦, 苦心, 工夫\na. 辛苦的, 勤勉的, 小心的	yes
despoil	夺取	v.	dual-source	tem8,toefl,ielts	tem8,toefl	yes	yes	no	yes	yes	yes	duo qu	2387	28620	seize [v.] | capture [v.]	vt. 夺取, 掠夺	yes
splinter	碎片	n.	dual-source	tem4,tem8,toefl	tem4,tem8,toefl	yes	yes	no	yes	yes	yes	sui pian	2369	12547	fragment [n.] | shard [n.]	n. 碎片, 尖片, 分裂出来的小派别, 微小的东西\nv. 使分裂, (使)破裂	yes
truant	偷懒	v.	dual-source	tem4,tem8,ielts	tem4,tem8	yes	yes	no	yes	yes	yes	tou lan	2295	27319	slack off [v.]	n. 懒惰的人, 玩忽职守者, 旷课者\na. 偷懒的, 旷课的, 游荡的\nvi. 偷懒, 旷课	yes
infection	传染	n.	dual-source	tem8,toefl,ielts	ielts,tem8,toefl	yes	yes	no	yes	no	yes	chuan ran	2262	2692	infect [v.] | spread [v.]	n. 传染, 影响, 传染病\n[医] 传染, 感染	yes
observance	遵守	n.	dual-source	tem8,toefl,ielts	tem8	yes	yes	no	yes	no	yes	zun shou	2232	13271	observe [v.] | abide by [v.]	n. 观察, 遵守, 仪式, 风俗习惯\n[法] 遵守, 奉行, 惯例	yes
irritation	刺激	n.	dual-source	tem4,tem8,ielts	tem4,tem8	yes	yes	no	yes	no	yes	ci ji	2191	9155	stimulate [v.] | provoke [v.]	n. 刺激, 烦恼, 刺激物\n[医] 刺激[作用], 兴奋	yes
holocaust	毁灭	n.	dual-source	tem8,toefl,ielts	tem8	yes	yes	no	yes	no	yes	hui mie	2078	15211	destroy [v.] | annihilate [v.]	n. 大屠杀, 大火灾, 毁灭, 大规模烧杀	yes
shred	少量	n.	dual-source	tem8,toefl,ielts	toefl	yes	yes	no	yes	yes	yes	shao liang	2073	8713	small amount [n.]	n. 碎布条, 细片, 少量\nv. 撕碎	yes
onslaught	突击	n.	dual-source	tem8,toefl,ielts	tem8	yes	yes	no	yes	no	yes	tu ji	2029	11133	assault [v.]	n. 突击, 猛击, 猛攻	yes
hectic	脸红	n.	dual-source	tem8,toefl,ielts	tem8	yes	yes	no	yes	no	yes	lian hong	2022	12146	blush [v.]	a. 脸上发红, 发热的, 潮热的, 肺病的\nn. 脸红, 潮热病人	yes
spawn	产物	n.	dual-source	tem4,tem8,toefl	tem4,tem8	yes	yes	no	yes	yes	yes	chan wu	2007	6476	product [n.]	n. (鱼)卵, 产物\nvt. 产卵, 酿成, 大量生产\nvi. 产卵, 大量生产	yes
impress	传送	v.	dual-source	tem8,toefl,ielts	tem8	yes	yes	no	yes	yes	yes	chuan song	1989	3055	transmit [v.]	n. 印象, 特征, 印记\nvt. 使有印象, 印, 铭刻, 传送, 影响, 强征\nvi. 给人印象	yes
gape	张嘴	n.	dual-source	tem8,toefl,ielts	tem8	yes	yes	no	yes	no	yes	zhang zui	1957	14282	open mouth [v.]	n. 裂口, 张嘴, 打哈欠\nvi. 裂开, 张嘴, 打哈欠	yes
forfeit	丧失	v.	dual-source	tem8,toefl,ielts	ielts,toefl	yes	yes	no	yes	yes	yes	sang shi	1923	12633	lose [v.]	n. 没收物, 罚金, 丧失\nvt. 没收, 丧失\na. 丧失了的	yes
vogue	时髦	n.	dual-source	tem8,toefl,ielts	ielts,tem8	yes	yes	no	yes	no	yes	shi mao	1908	14657	fashionable [adj.]	n. 时尚, 时髦, 流行\na. 流行的, 时髦的	yes
illumination	启发	n.	dual-source	tem4,tem8,toefl	tem4,tem8,toefl	yes	yes	no	yes	no	yes	qi fa	1887	11150	inspire [v.]	n. 照明, 阐明, 启发\n[医] 照明, 映光	yes
exclusion	除外	n.	dual-source	tem4,tem8,toefl	toefl	yes	yes	no	yes	no	yes	chu wai	1869	6233	exclude [v.]	n. 排除, 除外, 逐出\n[医] 排除, 除外, 分离术	yes
nuisance	损害	n.	dual-source	tem4,tem8,ielts	tem4,tem8	yes	yes	no	yes	no	yes	sun hai	1844	8738	damage [v.] | harm [v.]	n. 讨厌的东西, 讨厌的人, 损害\n[医] 损害, 讨厌	yes
vanquish	克服	v.	dual-source	tem8,toefl,ielts	tem8	yes	yes	no	yes	yes	yes	ke fu	1811	24737	overcome [v.]	vt. 打败, 征服, 克服\n[法] 征服, 战胜, 击败	yes
digestion	领悟	n.	dual-source	tem4,tem8,toefl	tem4,tem8,toefl	yes	yes	no	yes	no	yes	ling wu	1777	13954	comprehend [v.]	n. 消化力, 领悟\n[化] 消化; 消化作用; 蒸煮; 蒸煮作用; 煮解; 浸提; 陈化	yes
venerate	尊敬	v.	dual-source	tem8,toefl,ielts	tem8	yes	yes	no	yes	yes	yes	zun jing	1769	21355	respect [v.]	vt. 尊敬, 崇敬, 崇拜	yes
repertory	仓库	n.	dual-source	tem4,tem8,toefl	tem4,tem8,toefl	yes	yes	no	yes	yes	yes	cang ku	1728	13284	warehouse [n.]	n. 仓库, 库存, 储备, 保留剧目轮演	yes
encompass	环绕	v.	dual-source	tem8,toefl,ielts	ielts,tem8,toefl	yes	yes	no	yes	yes	yes	huan rao	1691	5635	surround [v.] | encircle [v.]	vt. 围绕, 完成, 包括, 包含, 环绕, 包围	yes
presumption	放肆	n.	dual-source	tem8,toefl,ielts	tem8	yes	yes	no	yes	no	yes	fang si	1592	9906	presumptuous [adj.] | insolent [adj.]	n. 专横, 放肆, 假定, 推测\n[法] 假定, 推测, 设想	yes
quell	减轻	v.	dual-source	tem4,tem8,toefl	tem8,toefl	yes	yes	no	yes	yes	yes	jian qing	1560	12955	reduce [v.] | alleviate [v.]	vt. 压制, 平息, 减轻	yes
abate	减轻	v.	dual-source	tem8,toefl,ielts	ielts,tem8,toefl	yes	yes	no	yes	yes	yes	jian qing	1560	13243	reduce [v.] | alleviate [v.]	vt. 减少, 减轻, 减弱, 废除, 打折扣\nvi. 减轻, 减弱, 减少, 失效, 被废除	yes
obscurity	朦胧	n.	dual-source	tem4,tem8,ielts	tem4,tem8	yes	yes	no	yes	no	yes	meng long	1534	12434	hazy [adj.] | dim [adj.]	n. 阴暗, 朦胧, 晦涩, 费解, 身份低微	yes
stint	节约	n.	dual-source	tem8,toefl,ielts	tem8	yes	yes	no	yes	no	yes	jie yue	1513	8331	save [v.] | economize [v.]	vt. 节省, 限制, 停止\nvi. 节约\nn. 吝惜, 节约, 限额	yes
thrift	节约	n.	dual-source	tem4,tem8,toefl	tem4,tem8	yes	yes	no	yes	no	yes	jie yue	1513	10231	save [v.] | economize [v.]	n. 节约, 茂盛, 海石竹	yes
aborigine	土著	n.	dual-source	tem4,tem8,toefl	tem4,tem8	yes	yes	no	yes	yes	yes	tu zhu	1489	24154	indigenous [n.]	n. 土著, 土著居民, 土人	yes
deluge	泛滥	n.	dual-source	tem8,toefl,ielts	tem8	yes	yes	no	yes	no	yes	fan lan	1477	16257	flood [v.] | overflow [v.]	n. 大洪水, 泛滥\nvt. 使泛滥	yes
ventilation	通风	n.	dual-source	tem8,toefl,ielts	toefl	yes	yes	no	yes	no	yes	tong feng	1448	9805	ventilate [v.]	n. 通风, 空气流通, 公开讨论\n[医] 通风, 换气	yes
encase	包住	v.	dual-source	tem8,toefl,ielts	ielts,tem8,toefl	yes	yes	no	yes	yes	yes	bao zhu	1417	13206	wrap up [v.]	vt. 把...装入箱内, 包住	yes
renovation	修理	n.	dual-source	tem8,toefl,ielts	ielts,tem8	yes	yes	no	yes	no	yes	xiu li	1348	7265	repair [v.]	n. 革新, 刷新, 修理\n[化] 改建	yes
slab	平板	n.	dual-source	tem8,toefl,ielts	tem8,toefl	yes	yes	no	yes	yes	yes	ping ban	1321	7461	tablet [n.]	n. 平板, 厚片\nvt. 切成厚板, 以平板盖上	yes
obscurity	阴暗	n.	dual-source	tem4,tem8,ielts	tem4,tem8	yes	yes	no	yes	no	yes	yin an	1318	12434	dark [adj.]	n. 阴暗, 朦胧, 晦涩, 费解, 身份低微	yes
stint	节省	v.	dual-source	tem8,toefl,ielts	tem8,toefl	yes	yes	no	yes	yes	yes	jie sheng	1297	8331	save [v.]	vt. 节省, 限制, 停止\nvi. 节约\nn. 吝惜, 节约, 限额	yes
timidity	胆小	n.	dual-source	tem8,toefl,ielts	tem8	yes	yes	no	yes	no	yes	dan xiao	1286	22528	timid [adj.]	n. 胆小, 胆怯, 羞怯	yes
tally	标签	n.	dual-source	tem4,tem8,toefl	tem4,tem8	yes	yes	no	yes	yes	yes	biao qian	1282	11596	label [n.] | tag [n.]	n. 符木, 记账, 得分, 比分, 计数器, 标签, 符合, 对应物\nvt. 记录, 点数, 计算, 加标签于, 使符合\nvi. 记帐, 符合, 吻合, 记分\n[计] 计数	yes
patronage	光顾	n.	dual-source	tem8,toefl,ielts	ielts,tem8	yes	yes	no	yes	no	yes	guang gu	1268	10066	patronize [v.] | visit [v.]	n. 赞助, 恩赐态度, 光顾, 任免权, 保护人的身分\n[经] 光顾, 资助, 赞助	yes
fetter	束缚	n.	dual-source	tem8,toefl,ielts	tem8	yes	yes	no	yes	no	yes	shu fu	1264	33738	bind [v.] | restrict [v.]	n. 脚镣, 羁绊, 束缚\nvt. 束缚, 加脚镣	yes
fetter	束缚	v.	dual-source	tem8,toefl,ielts	tem8	yes	yes	no	yes	yes	yes	shu fu	1264	33738	bind [v.] | restrict [v.]	n. 脚镣, 羁绊, 束缚\nvt. 束缚, 加脚镣	yes
advent	来临	n.	dual-source	tem8,toefl,ielts	toefl	yes	yes	no	yes	no	yes	lai lin	1259	8129	come [v.] | arrive [v.]	n. 来到, 来临	yes
cop	警官	n.	dual-source	tem8,toefl,ielts	tem8,toefl	yes	yes	no	yes	yes	yes	jing guan	1252	2199	police officer [n.]	n. 警官\nvt. 抓住	yes
zest	热心	n.	dual-source	tem8,toefl,ielts	tem8	yes	yes	no	yes	no	yes	re xin	1251	10079	enthusiastic [adj.]	n. 兴趣, 热情, 风味, 热心\nvt. 给...调味	yes
captivity	囚禁	n.	dual-source	tem8,toefl,ielts	ielts,tem8,toefl	yes	yes	no	yes	no	yes	qiu jin	1248	10594	imprison [v.]	n. 囚禁, 被关\n[法] 囚禁, 被俘, 俘虏	yes
outskirts	市郊	n.	dual-source	tem4,tem8,ielts	tem4,tem8	yes	yes	no	yes	yes	yes	shi jiao	1236	8456	suburb [n.]	n. 近郊, 市郊	yes
waterfront	海滨	n.	dual-source	tem8,toefl,ielts	tem8	yes	yes	no	yes	yes	yes	hai bin	1235	9915	seaside [n.]	n. 水边, 滨水区, 滩, 海滨, 江边	yes
tranquility	宁静	n.	dual-source	tem8,toefl,ielts	ielts,tem8	yes	yes	no	yes	no	yes	ning jing	1226	15014	peaceful [adj.]	n. 宁静	yes
illumination	照明	n.	dual-source	tem4,tem8,toefl	tem4,tem8	yes	yes	no	yes	yes	yes	zhao ming	1211	11150	lighting [n.]	n. 照明, 阐明, 启发\n[医] 照明, 映光	yes
mastery	精通	n.	dual-source	tem4,tem8,ielts	ielts,tem4,tem8	yes	yes	no	yes	no	yes	jing tong	1196	7593	master [v.] | be proficient in [v.]	n. 征服, 统治权, 优势, 精通, 掌握\n[法] 统治权, 控制权, 征服	yes
inability	无能	n.	dual-source	tem8,toefl,ielts	toefl	yes	yes	no	yes	no	yes	wu neng	1188	5112	incompetent [adj.]	n. 无能, 无力	yes
replicate	折叠	v.	dual-source	tem8,toefl,ielts	tem8	yes	yes	no	yes	yes	yes	zhe die	1142	6621	fold [v.]	vt. 折叠, 折转, 复制\nn. 复现试验, 复制品, 高八度音\na. 复现的, 复制的, 折转的, 弯回的	yes
feud	争执	n.	dual-source	tem8,toefl,ielts	tem8,toefl	yes	yes	no	yes	yes	yes	zheng zhi	1075	10345	dispute [n.]	n. 不和, 封地, 争执\nvi. 长期不和, 擦亮	yes
renewal	重申	n.	dual-source	tem8,toefl,ielts	ielts,tem8	yes	yes	no	yes	no	yes	chong shen	1052	6501	reiterate [v.] | restate [v.]	n. 更新, 革新, 复兴, 恢复, 修补, 补充, 继续, 重订, 重申, 续借\n[经] 更新, 换新, 重申	yes
glisten	闪亮	v.	dual-source	tem4,tem8,toefl	tem4,tem8	yes	yes	no	yes	no	yes	shan liang	1052	10458	shiny [adj.]	vi. 闪亮, 辉耀\nn. 闪光, 闪耀	yes
regeneration	再生	n.	dual-source	tem8,toefl,ielts	toefl	yes	yes	no	yes	no	yes	zai sheng	1048	13884	regenerate [v.]	n. 再生, 重建\n[化] 再生作用	yes
influx	流入	n.	dual-source	tem8,toefl,ielts	ielts,tem8,toefl	yes	yes	no	yes	no	yes	liu ru	1046	8583	flow into [v.]	n. 流入, 河口, 汇集\n[医] 注入, 流入	yes
infection	传染病	n.	dual-source	tem8,toefl,ielts	ielts,tem8,toefl	yes	yes	no	yes	yes	yes	chuan ran bing	1035	2692	infectious disease [n.]	n. 传染, 影响, 传染病\n[医] 传染, 感染	yes
revival	苏醒	n.	dual-source	tem8,toefl,ielts	ielts,tem8,toefl	yes	yes	no	yes	no	yes	su xing	1013	5417	awaken [v.]	n. 复兴, 复活, 恢复精神, 苏醒\n[医] 复苏, 回生, 精神重振	yes
prostitution	滥用	n.	dual-source	tem4,tem8,toefl	tem4,tem8,toefl	yes	yes	no	yes	no	yes	lan yong	1008	8005	abuse [v.] | misuse [v.]	n. 卖淫, 糟蹋, 滥用\n[法] 卖淫, 滥用	yes
stud	散布	v.	dual-source	tem4,tem8,toefl	tem4,tem8	yes	yes	no	yes	yes	yes	san bu	940	9388	spread [v.] | scatter [v.]	n. 装饰钮扣, 大头钉, 领扣, 种马\nvt. 镶嵌, 点缀, 散布	yes
quell	平息	v.	dual-source	tem4,tem8,toefl	tem4,tem8	yes	yes	no	yes	yes	yes	ping xi	940	12955	calm [v.] | subside [v.]	vt. 压制, 平息, 减轻	yes
raven	掠夺	n.	dual-source	tem4,tem8,toefl	tem4,tem8	yes	yes	no	yes	no	yes	lve duo	937	14323	plunder [v.] | loot [v.]	n. 渡鸦, 掠夺\na. 乌黑的\nv. 掠夺, 狼吞虎咽	yes
raven	掠夺	v.	dual-source	tem4,tem8,toefl	tem4,tem8	yes	yes	no	yes	yes	yes	lve duo	937	14323	plunder [v.] | loot [v.]	n. 渡鸦, 掠夺\na. 乌黑的\nv. 掠夺, 狼吞虎咽	yes
glisten	闪耀	n.	dual-source	tem4,tem8,toefl	tem4,tem8	yes	yes	no	yes	no	yes	shan yao	928	10458	shine [v.]	vi. 闪亮, 辉耀\nn. 闪光, 闪耀	yes
treble	三倍	n.	dual-source	tem4,tem8,ielts	tem4,tem8	yes	yes	no	yes	yes	yes	san bei	906	25313	triple [n.]	n. 最高声部, 三倍\na. 三倍的, 最高声部的\nvt. 使增为三倍\nvi. 成为三倍	yes
stud	镶嵌	v.	dual-source	tem4,tem8,toefl	toefl	yes	yes	no	yes	yes	yes	xiang qian	895	9388	inlay [v.]	n. 装饰钮扣, 大头钉, 领扣, 种马\nvt. 镶嵌, 点缀, 散布	yes
beset	镶嵌	v.	dual-source	tem8,toefl,ielts	tem8	yes	yes	no	yes	yes	yes	xiang qian	895	13356	inlay [v.]	vt. 围绕, 使苦恼, 镶嵌	yes
sandal	凉鞋	n.	dual-source	tem4,tem8,toefl	tem4,tem8,toefl	yes	yes	no	yes	yes	yes	liang xie	881	8141	sandals [n.]	n. 凉鞋, 拖鞋, 檀香木\nvt. 穿以便鞋	yes
infest	骚扰	v.	dual-source	tem8,toefl,ielts	tem8,toefl	yes	yes	no	yes	yes	yes	sao rao	878	17621	harass [v.]	vt. 骚扰, 寄生于, 大批出没\n[医] 传染, 感染	yes
zest	风味	n.	dual-source	tem8,toefl,ielts	ielts,tem8	yes	yes	no	yes	yes	yes	feng wei	869	10079	flavor [n.]	n. 兴趣, 热情, 风味, 热心\nvt. 给...调味	yes
desirous	想要的	adj.	dual-source	tem4,tem8,toefl	tem8	yes	yes	no	no	new-key	yes	xiang yao de	866	25778		a. 想要的, 想望的, 渴望的	yes
congestion	拥挤	n.	dual-source	tem8,toefl,ielts	ielts,tem8	yes	yes	no	yes	no	yes	yong ji	860	8954	crowded [adj.]	n. 拥挤, 充血\n[计] 拥挤, 拥塞	yes
glisten	闪光	n.	dual-source	tem4,tem8,toefl	tem4,tem8	yes	yes	no	yes	yes	yes	shan guang	841	10458	flash [n.] | glint [n.]	vi. 闪亮, 辉耀\nn. 闪光, 闪耀	yes
allegiance	效忠	n.	dual-source	tem8,toefl,ielts	tem8,toefl	yes	yes	no	yes	no	yes	xiao zhong	827	7232	pledge loyalty [v.]	n. 忠贞, 效忠	yes
contraction	收缩	n.	dual-source	tem4,tem8,toefl	tem4,tem8,toefl	yes	yes	no	yes	no	yes	shou suo	824	8686	contract [v.]	n. 收缩, 缩写式, 害病\n[医] 收缩; 挛缩; 牙弓内缩	yes
speck	斑点	n.	dual-source	tem4,tem8,toefl	toefl	yes	yes	no	yes	yes	yes	ban dian	804	10442	spot [n.]	n. 斑点, 有斑点的东西, 污点, 缺点, 微粒, 肥肉\nvt. 使有斑点	yes
repertory	储备	n.	dual-source	tem4,tem8,toefl	tem4,tem8,toefl	yes	yes	no	yes	no	yes	chu bei	803	13284	reserve [v.]	n. 仓库, 库存, 储备, 保留剧目轮演	yes
upside	上部	n.	dual-source	tem4,tem8,toefl	toefl	yes	yes	no	yes	yes	yes	shang bu	789	12789	upper part [n.]	n. 上侧, 上段, 上部\n[机] 上侧, 上部	yes
secretion	分泌	n.	dual-source	tem4,toefl,ielts	ielts,tem4	yes	yes	no	yes	no	yes	fen mi	784	16813	secrete [v.]	n. 分泌, 分泌物, 分泌液, 隐蔽\n[医] 分泌; 分泌物	yes
dependence	信赖	n.	dual-source	tem4,tem8,toefl	tem4,tem8	yes	yes	no	yes	no	yes	xin lai	771	5814	trust [v.]	n. 依赖, 依存, 信赖\n[医] 依赖(如对药物的依赖,即瘾或癖), 从属, 偏利共生	yes
reliance	信赖	n.	dual-source	tem8,toefl,ielts	tem8	yes	yes	no	yes	no	yes	xin lai	771	6942	trust [v.]	n. 信任, 信赖, 受信赖的人(或事)\n[法] 信任, 信赖, 信心	yes
infirmity	虚弱	n.	dual-source	tem8,toefl,ielts	ielts,tem8	yes	yes	no	yes	no	yes	xu ruo	735	22525	weak [adj.] | frail [adj.]	n. 虚弱, 病身, 疾病\n[医] 衰弱	yes
condolence	哀悼	n.	dual-source	tem4,tem8,ielts	tem4,tem8	yes	yes	no	yes	no	yes	ai dao	713	13549	mourn [v.]	n. 哀悼, 吊唁	yes
perturb	扰乱	v.	dual-source	tem8,toefl,ielts	tem8	yes	yes	no	yes	yes	yes	rao luan	705	21889	disturb [v.] | disrupt [v.]	vt. 扰乱, 使混乱, 使心绪不宁	yes
havoc	蹂躏	n.	dual-source	tem8,toefl,ielts	tem8	yes	yes	no	yes	no	yes	rou lin	690	9540	trample [v.] | ravage [v.]	n. 大破坏, 蹂躏\nvt. 严重破坏	yes
adjunct	附件	n.	dual-source	tem8,toefl,ielts	ielts,toefl	yes	yes	no	yes	yes	yes	fu jian	683	11816	attachment [n.]	n. 附属物, 附件, 助手, 修饰语\na. 附属的	yes
detract	贬低	v.	dual-source	tem8,toefl,ielts	toefl	yes	yes	no	yes	yes	yes	bian di	674	14366	belittle [v.] | disparage [v.]	vi. 减去, 贬低\nvt. 转移, 分散	yes
fend	供养	v.	dual-source	tem8,toefl,ielts	tem8,toefl	yes	yes	no	yes	yes	yes	gong yang	652	9011	support [v.] | provide [v.]	vt. 击退, 保护, 供养	yes
exasperate	激怒	v.	dual-source	tem8,toefl,ielts	ielts,tem8	yes	yes	no	yes	yes	yes	ji nu	622	17029	enrage [v.]	vt. 使恼怒, 激怒, 恶化\na. 糙面的, 恼怒的, 激怒的	yes
thwart	阻挠	v.	dual-source	tem4,tem8,toefl	tem8,toefl	yes	yes	no	yes	yes	yes	zu nao	616	8327	obstruct [v.]	a. 横放的\nvt. 反对, 阻挠, 横过\nprep. 横过\nadv. 横过	yes
accredit	委派	v.	dual-source	tem8,toefl,ielts	tem8	yes	yes	no	yes	yes	yes	wei pai	602	16480	appoint [v.]	vt. 信托, 确认, 归结于, 委派\n[经] 发行信用证, 信托, 委托	yes
impress	印记	n.	dual-source	tem8,toefl,ielts	ielts,tem8	yes	yes	no	yes	yes	yes	yin ji	598	3055	mark [n.]	n. 印象, 特征, 印记\nvt. 使有印象, 印, 铭刻, 传送, 影响, 强征\nvi. 给人印象	yes
feeder	奶瓶	n.	dual-source	tem4,tem8,toefl	tem4,tem8	yes	yes	no	yes	yes	yes	nai ping	587	10915	baby bottle [n.]	n. 饲养者, 供给者, 奶瓶\n[化] 给料器	yes
acclaim	欢呼	n.	dual-source	tem8,toefl,ielts	tem8	yes	yes	no	yes	no	yes	huan hu	587	12422	cheer [v.]	n. 喝彩, 欢呼, 赞同\nv. 欢呼, 喝彩, 称赞	yes
renewal	革新	n.	dual-source	tem8,toefl,ielts	tem8	yes	yes	no	yes	no	yes	ge xin	582	6501	innovate [v.]	n. 更新, 革新, 复兴, 恢复, 修补, 补充, 继续, 重订, 重申, 续借\n[经] 更新, 换新, 重申	yes
renovation	革新	n.	dual-source	tem8,toefl,ielts	tem8	yes	yes	no	yes	no	yes	ge xin	582	7265	innovate [v.]	n. 革新, 刷新, 修理\n[化] 改建	yes
bungalow	平房	n.	dual-source	tem4,tem8,ielts	ielts,tem4,tem8	yes	yes	no	yes	yes	yes	ping fang	556	10710	single-story house [n.]	n. 平房	yes
presumption	假定	n.	dual-source	tem8,toefl,ielts	ielts	yes	yes	no	yes	no	yes	jia ding	500	9906	assume [v.] | suppose [v.]	n. 专横, 放肆, 假定, 推测\n[法] 假定, 推测, 设想	yes
gut	内脏	n.	dual-source	tem4,tem8,toefl	tem4,tem8,toefl	yes	yes	no	yes	yes	yes	nei zang	496	4297	internal organs [n.]	n. 剧情, 内容, 内脏, 肚子, 海峡, 勇气\nvt. 取出内脏, 毁坏...的内部	yes
relevance	中肯	n.	dual-source	tem8,toefl,ielts	ielts,tem8,toefl	yes	yes	no	yes	no	yes	zhong ken	494	6543	pertinent [adj.]	n. 中肯；关联；相关性	yes
expanse	宽阔	n.	dual-source	tem4,tem8,toefl	tem8	yes	yes	no	yes	no	yes	kuan kuo	481	8187	wide [adj.] | broad [adj.]	n. 宽阔区域, 宽阔, 天空	yes
acumen	敏锐	n.	dual-source	tem8,toefl,ielts	ielts,tem8,toefl	yes	yes	no	yes	no	yes	min rui	474	17842	sharp [adj.]	n. 敏锐, 聪明	yes
influx	汇集	n.	dual-source	tem8,toefl,ielts	ielts,tem8	yes	yes	no	yes	no	yes	hui ji	466	8583	gather [v.] | collect [v.]	n. 流入, 河口, 汇集\n[医] 注入, 流入	yes
prostitution	卖淫	n.	dual-source	tem4,tem8,toefl	tem4,tem8,toefl	yes	yes	no	yes	no	yes	mai yin	462	8005	prostitute [v.]	n. 卖淫, 糟蹋, 滥用\n[法] 卖淫, 滥用	yes
fetter	羁绊	n.	dual-source	tem8,toefl,ielts	tem8	yes	yes	no	yes	yes	yes	ji ban	431	33738	bond [n.]	n. 脚镣, 羁绊, 束缚\nvt. 束缚, 加脚镣	yes
obsess	迷住	v.	dual-source	tem8,toefl,ielts	tem8,toefl	yes	yes	no	yes	yes	yes	mi zhu	429	15161	fascinate [v.]	vt. 迷住, 使困扰	yes
sickness	呕吐	n.	dual-source	tem8,toefl,ielts	tem8,toefl	yes	yes	no	yes	no	yes	ou tu	428	7417	vomit [v.]	n. 疾病, 不健康, 呕吐\n[医] 病	yes
scuttle	天窗	n.	dual-source	tem4,tem8,toefl	tem4,tem8	yes	yes	no	yes	yes	yes	tian chuang	414	12712	skylight [n.]	n. 箩, 筐, 急速逃走, 天窗, 小舱口\nvi. 急速逃走, 急忙撤退\nvt. 凿沉, 毁坏	yes
repertory	库存	n.	dual-source	tem4,tem8,toefl	toefl	yes	yes	no	yes	yes	yes	ku cun	410	13284	inventory [n.]	n. 仓库, 库存, 储备, 保留剧目轮演	yes
spawn	产卵	v.	dual-source	tem4,tem8,toefl	tem4,tem8,toefl	yes	yes	no	yes	yes	yes	chan luan	402	6476	lay eggs [v.]	n. (鱼)卵, 产物\nvt. 产卵, 酿成, 大量生产\nvi. 产卵, 大量生产	yes
forfeit	罚金	n.	dual-source	tem8,toefl,ielts	tem8	yes	yes	no	yes	yes	yes	fa jin	401	12633	fine [n.]	n. 没收物, 罚金, 丧失\nvt. 没收, 丧失\na. 丧失了的	yes
taxation	征税	n.	dual-source	tem4,tem8,ielts	tem4,tem8	yes	yes	no	yes	no	yes	zheng shui	384	9627	tax [v.] | levy [v.]	n. 课税, 征税, 抽税, 税款, 估定的税额\n[经] 征税, 纳税, 税制	yes
replicate	复制品	n.	dual-source	tem8,toefl,ielts	tem8	yes	yes	no	yes	yes	yes	fu zhi pin	378	6621	copy [n.] | replica [n.]	vt. 折叠, 折转, 复制\nn. 复现试验, 复制品, 高八度音\na. 复现的, 复制的, 折转的, 弯回的	yes
spawn	酿成	v.	dual-source	tem4,tem8,toefl	tem4,tem8	yes	yes	no	yes	yes	yes	niang cheng	363	6476	lead to [v.]	n. (鱼)卵, 产物\nvt. 产卵, 酿成, 大量生产\nvi. 产卵, 大量生产	yes
stud	点缀	v.	dual-source	tem4,tem8,toefl	toefl	yes	yes	no	yes	yes	yes	dian zhui	363	9388	decorate [v.] | embellish [v.]	n. 装饰钮扣, 大头钉, 领扣, 种马\nvt. 镶嵌, 点缀, 散布	yes
nausea	恶心	n.	dual-source	tem4,tem8,ielts	ielts,tem4,tem8	yes	yes	no	yes	no	yes	e xin	361	9312	disgusting [adj.]	n. 反胃, 晕船, 恶心, 厌恶\n[医] 恶心	yes
burgeon	萌芽	v.	dual-source	tem8,toefl,ielts	tem8,toefl	yes	yes	no	yes	no	yes	meng ya	355	28159	sprout [n.] | germ [n.]	n. 芽, 嫩枝\nv. 萌芽, 发芽	yes
jolt	颠簸	n.	dual-source	tem8,toefl,ielts	tem8,toefl	yes	yes	no	yes	no	yes	dian bo	354	10838	bump [v.]	n. 震摇, 摇动, 颠簸\nvi. 颠簸而行, 震摇\nvt. 使颠簸, 使慌张, 猛击	yes
defiance	蔑视	n.	dual-source	tem4,tem8,ielts	ielts,tem4,tem8	yes	yes	no	yes	no	yes	mie shi	353	9592	despise [v.] | scorn [v.]	n. 蔑视, 挑战\n[法] 挑战, 藐视, 违抗	yes
obscurity	费解	n.	dual-source	tem4,tem8,ielts	ielts	yes	yes	no	yes	no	yes	fei jie	351	12434	hard to understand [adj.]	n. 阴暗, 朦胧, 晦涩, 费解, 身份低微	yes
gape	裂开	v.	dual-source	tem8,toefl,ielts	ielts,tem8	yes	yes	no	yes	yes	yes	lie kai	342	14282	split open [v.]	n. 裂口, 张嘴, 打哈欠\nvi. 裂开, 张嘴, 打哈欠	yes
illumination	阐明	n.	dual-source	tem4,tem8,toefl	tem4,tem8,toefl	yes	yes	no	yes	no	yes	chan ming	324	11150	clarify [v.]	n. 照明, 阐明, 启发\n[医] 照明, 映光	yes
rendition	译文	n.	dual-source	tem8,toefl,ielts	tem8	yes	yes	no	yes	yes	yes	yi wen	308	10446	translation [n.]	n. 译文, 施舍, 表演\n[经] 生产量	yes
envision	预想	v.	dual-source	tem4,tem8,toefl	tem4,tem8,toefl	yes	yes	no	yes	no	yes	yu xiang	303	4483	expectation [n.] | anticipation [n.]	vt. 想象, 预想	yes
truant	旷课	v.	dual-source	tem4,tem8,ielts	ielts	yes	yes	no	yes	yes	yes	kuang ke	297	27319	skip class [v.]	n. 懒惰的人, 玩忽职守者, 旷课者\na. 偷懒的, 旷课的, 游荡的\nvi. 偷懒, 旷课	yes
partisan	党羽	n.	dual-source	tem8,toefl,ielts	tem8	yes	yes	no	yes	yes	yes	dang yu	287	6222	henchmen [n.]	n. 党羽, 虔诚信徒, 同党, 游击队员\na. 党派的, 偏袒的, 效忠的, 献身的, 盲目推崇的	yes
courtship	求爱	n.	dual-source	tem8,toefl,ielts	tem8,toefl	yes	yes	no	yes	no	yes	qiu ai	287	10459	court [v.]	n. 求爱, 求婚, 求爱时期	yes
waterfront	水边	n.	dual-source	tem8,toefl,ielts	tem8	yes	yes	no	yes	yes	yes	shui bian	265	9915	waterside [n.]	n. 水边, 滨水区, 滩, 海滨, 江边	yes
speck	污点	n.	dual-source	tem4,tem8,toefl	tem4,tem8	yes	yes	no	yes	yes	yes	wu dian	253	10442	stain [n.]	n. 斑点, 有斑点的东西, 污点, 缺点, 微粒, 肥肉\nvt. 使有斑点	yes
tarnish	污点	n.	dual-source	tem8,toefl,ielts	tem8,toefl	yes	yes	no	yes	yes	yes	wu dian	253	13635	stain [n.]	n. 失泽, 失泽膜, 污点\nvt. 使失去光泽, 玷污\nvi. 失去光泽, 被玷污	yes
wane	消逝	v.	dual-source	tem8,toefl,ielts	tem8	yes	yes	no	yes	yes	yes	xiao shi	252	10009	fade away [v.] | vanish [v.]	n. 减少, 衰微, 败落, 亏缺, 月亏\nvi. 变小, 亏缺, 衰落, 消逝, 退潮	yes
stud	种马	n.	dual-source	tem4,tem8,toefl	tem4,tem8	yes	yes	no	yes	yes	yes	zhong ma	250	9388	stallion [n.]	n. 装饰钮扣, 大头钉, 领扣, 种马\nvt. 镶嵌, 点缀, 散布	yes
onslaught	猛攻	n.	dual-source	tem8,toefl,ielts	ielts,tem8,toefl	yes	yes	no	yes	no	yes	meng gong	250	11133	assault [v.] | storm [v.]	n. 突击, 猛击, 猛攻	yes
tally	记账	n.	dual-source	tem4,tem8,toefl	tem4,tem8	yes	yes	no	yes	no	yes	ji zhang	248	11596	keep accounts [v.]	n. 符木, 记账, 得分, 比分, 计数器, 标签, 符合, 对应物\nvt. 记录, 点数, 计算, 加标签于, 使符合\nvi. 记帐, 符合, 吻合, 记分\n[计] 计数	yes
lull	间歇	n.	dual-source	tem8,toefl,ielts	ielts,tem8	yes	yes	no	yes	yes	yes	jian xie	246	13314	intermittence [n.]	n. 暂停, 间歇, 稍息, 使人安静的东西\nvt. 使平静, 哄骗, 使安静\nvi. 变平静	yes
daze	眼花缭乱	n.	dual-source	tem4,tem8,toefl	tem4,tem8	yes	yes	no	yes	no	yes	yan hua liao luan	240	16871	dazzling [phr.]	vt. 使茫然, 使发昏, 使眼花缭乱\nn. 迷乱, 眼花缭乱	yes
nausea	晕船	n.	dual-source	tem4,tem8,ielts	ielts,tem4,tem8	yes	yes	no	yes	no	yes	yun chuan	214	9312	seasick [v.]	n. 反胃, 晕船, 恶心, 厌恶\n[医] 恶心	yes
stint	限额	n.	dual-source	tem8,toefl,ielts	ielts	yes	yes	no	yes	yes	yes	xian e	213	8331	quota [n.] | limit [n.]	vt. 节省, 限制, 停止\nvi. 节约\nn. 吝惜, 节约, 限额	yes
timidity	胆怯	n.	dual-source	tem8,toefl,ielts	ielts,tem8,toefl	yes	yes	no	yes	no	yes	dan qie	209	22528	timid [adj.]	n. 胆小, 胆怯, 羞怯	yes
disarray	杂乱	n.	dual-source	tem8,toefl,ielts	tem8	yes	yes	no	yes	no	yes	za luan	208	12019	messy [adj.] | disorderly [adj.]	vt. 弄乱, 使混乱, 使脱去衣服\nn. 无秩序, 杂乱, 不整齐的衣着	yes
acclaim	喝彩	n.	dual-source	tem8,toefl,ielts	tem8	yes	yes	no	yes	no	yes	he cai	205	12422	cheer [v.] | applaud [v.]	n. 喝彩, 欢呼, 赞同\nv. 欢呼, 喝彩, 称赞	yes
allegiance	忠贞	n.	dual-source	tem8,toefl,ielts	tem8	yes	yes	no	yes	no	yes	zhong zhen	178	7232	loyal [adj.] | faithful [adj.]	n. 忠贞, 效忠	yes
daunt	威吓	v.	dual-source	tem8,toefl,ielts	tem8	yes	yes	no	yes	yes	yes	wei he	171	23838	intimidate [v.]	vt. 威吓, 难倒, 使气馁	yes
complicity	串通	n.	dual-source	tem4,tem8,toefl	tem4,tem8	yes	yes	no	yes	no	yes	chuan tong	157	13525	collude [v.] | conspire [v.]	n. 同谋, 串通, 复杂\n[法] 共谋, 共犯关系	yes
clamour	喧闹	n.	dual-source	tem4,tem8,toefl	tem4,tem8	yes	yes	no	yes	no	yes	xuan nao	154	999999	noisy [adj.]	n. 喧闹\nv. 大声地要求	yes
condolence	吊唁	n.	dual-source	tem4,tem8,ielts	ielts	yes	yes	no	yes	no	yes	diao yan	130	13549	condole [v.]	n. 哀悼, 吊唁	yes
wane	退潮	v.	dual-source	tem8,toefl,ielts	tem8	yes	yes	no	yes	yes	yes	tui chao	129	10009	ebb [v.]	n. 减少, 衰微, 败落, 亏缺, 月亏\nvi. 变小, 亏缺, 衰落, 消逝, 退潮	yes
taxation	课税	n.	dual-source	tem4,tem8,ielts	tem4,tem8	yes	yes	no	yes	no	yes	ke shui	118	9627	tax [v.] | levy [v.]	n. 课税, 征税, 抽税, 税款, 估定的税额\n[经] 征税, 纳税, 税制	yes
obscurity	晦涩	n.	dual-source	tem4,tem8,ielts	tem4,tem8	yes	yes	no	yes	no	yes	hui se	117	12434	obscure [adj.]	n. 阴暗, 朦胧, 晦涩, 费解, 身份低微	yes
ruffle	触怒	v.	dual-source	tem8,toefl,ielts	tem8	yes	yes	no	yes	yes	yes	chu nu	114	13470	anger [v.] | offend [v.]	n. 皱褶, 波纹, 生气, 混乱\nvt. 弄皱, 触怒, 洗(牌), 连续轻擂(鼓)\nvi. 起皱, 发脾气, 连续轻擂	yes
congestion	充血	n.	dual-source	tem8,toefl,ielts	ielts,toefl	yes	yes	no	yes	no	yes	chong xue	113	8954	congest [v.] | hyperemia [v.]	n. 拥挤, 充血\n[计] 拥挤, 拥塞	yes
fortitude	刚毅	n.	dual-source	tem4,tem8,toefl	tem4,tem8	yes	yes	no	yes	no	yes	gang yi	112	17185	resolute [adj.] | firm [adj.]	n. 刚毅, 坚毅, 不屈不挠	yes
exemplify	例证	v.	dual-source	tem8,toefl,ielts	ielts,tem8,toefl	yes	yes	no	yes	no	yes	li zheng	111	7776	example [n.]	vt. 例证, 例示\n[法] 制作经公章证明的誊本, 例证	yes
thesaurus	宝库	n.	dual-source	tem4,tem8,ielts	tem4,tem8	yes	yes	no	yes	yes	yes	bao ku	110	22411	treasure house [n.]	n. 专类辞典, 宝库, 知识宝库, 叙词表, 主题词表\n[计] 同义词, 同义词典	yes
ascent	上坡路	n.	dual-source	tem8,toefl,ielts	tem8	yes	yes	no	yes	yes	yes	shang po lu	102	10299	uphill road [n.]	n. 上升, 提高, 攀登, 上坡路	yes
gape	裂口	n.	dual-source	tem8,toefl,ielts	tem8	yes	yes	no	yes	yes	yes	lie kou	94	14282	crack [n.]	n. 裂口, 张嘴, 打哈欠\nvi. 裂开, 张嘴, 打哈欠	yes
raven	狼吞虎咽	v.	dual-source	tem4,tem8,toefl	tem4,tem8	yes	yes	no	yes	no	yes	lang tun hu yan	84	14323	wolf down [phr.]	n. 渡鸦, 掠夺\na. 乌黑的\nv. 掠夺, 狼吞虎咽	yes
lull	哄骗	v.	dual-source	tem8,toefl,ielts	tem8	yes	yes	no	yes	yes	yes	hong pian	81	13314	deceive [v.]	n. 暂停, 间歇, 稍息, 使人安静的东西\nvt. 使平静, 哄骗, 使安静\nvi. 变平静	yes
hesitation	踌躇	n.	dual-source	tem4,tem8,ielts	ielts	yes	yes	no	yes	no	yes	chou chu	74	8082	hesitate [v.]	n. 犹豫, 踌躇, 含糊, 口吃, 暂停\n[计] 暂停	yes
distil	渗出	v.	dual-source	tem4,tem8,ielts	tem4,tem8	yes	yes	no	yes	yes	yes	shen chu	73	17042	exude [v.] | seep [v.]	vt.vi. 蒸馏, 提取...的精华, 用蒸馏法提取\nvi. 滴下, 渗出	yes
sympathetic	交感神经	n.	dual-source	tem8,toefl,ielts	tem8	yes	yes	no	yes	yes	yes	jiao gan shen jing	70	5209	sympathetic nerve [n.]	a. 有同情心的, 合意的, 赞成的\nn. 交感神经, 容易感受的人	yes
tumour	肿块	n.	dual-source	tem4,tem8,ielts	tem4,tem8	yes	yes	no	yes	yes	yes	zhong kuai	61	999999	lump [n.]	n. 瘤, 肿块	yes
scuffle	扭打	v.	dual-source	tem8,toefl,ielts	tem8	yes	yes	no	yes	yes	yes	niu da	60	18739	wrestle [v.]	vi. 扭打, 混战, 拖着脚走, 敷衍了事\nn. 扭打, 混战, 拖着脚走	yes
scuffle	扭打	n.	dual-source	tem8,toefl,ielts	tem8	yes	yes	no	yes	no	yes	niu da	60	18739	wrestle [v.]	vi. 扭打, 混战, 拖着脚走, 敷衍了事\nn. 扭打, 混战, 拖着脚走	yes
knuckle	膝关节	n.	dual-source	tem4,tem8,toefl	tem4,tem8	yes	yes	no	yes	yes	yes	xi guan jie	58	9033	knee joint [n.]	n. 指节, 蹄爪, 膝关节\nv. 以指节打, 以手指射	yes
fortitude	不屈不挠	n.	dual-source	tem4,tem8,toefl	tem4,tem8	yes	yes	no	yes	no	yes	bu qu bu nao	58	17185	indomitable [phr.]	n. 刚毅, 坚毅, 不屈不挠	yes
renewal	续借	n.	dual-source	tem8,toefl,ielts	tem8	yes	yes	no	yes	no	yes	xu jie	50	6501	renew [v.]	n. 更新, 革新, 复兴, 恢复, 修补, 补充, 继续, 重订, 重申, 续借\n[经] 更新, 换新, 重申	yes
ruffle	皱褶	n.	dual-source	tem8,toefl,ielts	tem8	yes	yes	no	yes	yes	yes	zhou zhe	47	13470	fold [n.]	n. 皱褶, 波纹, 生气, 混乱\nvt. 弄皱, 触怒, 洗(牌), 连续轻擂(鼓)\nvi. 起皱, 发脾气, 连续轻擂	yes
feud	不和	n.	dual-source	tem8,toefl,ielts	tem8,toefl	yes	yes	no	yes	no	yes	bu he	44	10345	not harmonious [adj.]	n. 不和, 封地, 争执\nvi. 长期不和, 擦亮	yes
daze	迷乱	n.	dual-source	tem4,tem8,toefl	tem4,tem8	yes	yes	no	yes	no	yes	mi luan	44	16871	confused [adj.] | bewildered [adj.]	vt. 使茫然, 使发昏, 使眼花缭乱\nn. 迷乱, 眼花缭乱	yes
hitch	蹒跚	n.	dual-source	tem4,tem8,toefl	tem4,tem8	yes	yes	no	yes	no	yes	pan shan	38	11186	staggering [adj.] | tottering [adj.]	n. 猛拉, 急推, 蹒跚, 故障\nvt. 猛拉, 系住\nvi. 蹒跚, 被钩住	yes
fetter	脚镣	n.	dual-source	tem8,toefl,ielts	tem8	yes	yes	no	yes	yes	yes	jiao liao	35	33738	shackles [n.]	n. 脚镣, 羁绊, 束缚\nvt. 束缚, 加脚镣	yes
stuffing	填料	n.	dual-source	tem4,tem8,ielts	ielts,tem4,tem8	yes	yes	no	yes	yes	yes	tian liao	34	11852	filler [n.]	n. 填塞物, 填料	yes
timidity	羞怯	n.	dual-source	tem8,toefl,ielts	tem8	yes	yes	no	yes	no	yes	xiu qie	34	22528	shy [adj.]	n. 胆小, 胆怯, 羞怯	yes
makeshift	权宜之计	n.	dual-source	tem4,tem8,toefl	tem8	yes	yes	no	yes	no	yes	quan yi zhi ji	31	8767	stopgap [phr.] | expedient [phr.]	n. 权宜之计, 临时代用品\na. 权宜的, 临时代用的	yes
yardstick	准绳	n.	dual-source	tem4,tem8,toefl	toefl	yes	yes	no	yes	yes	yes	zhun sheng	26	16939	criterion [n.]	n. 码尺, 计算标准, 准绳\n[法] 尺度, 衡量标准, 任何评判或比较的标准	yes
sandal	檀香木	n.	dual-source	tem4,tem8,toefl	tem4,tem8	yes	yes	no	yes	yes	yes	tan xiang mu	22	8141	sandalwood [n.]	n. 凉鞋, 拖鞋, 檀香木\nvt. 穿以便鞋	yes
contraction	害病	n.	dual-source	tem4,tem8,toefl	tem4,tem8	yes	yes	no	yes	no	yes	hai bing	7	8686	fall ill [v.]	n. 收缩, 缩写式, 害病\n[医] 收缩; 挛缩; 牙弓内缩	yes
deplore	悲悼	v.	dual-source	tem8,toefl,ielts	tem8	yes	yes	no	yes	yes	yes	bei dao	5	13986	mourn [v.]	vt. 悲悼, 哀叹, 对...深感遗憾	yes
nought	没有	n.	dual-source	tem8,ielts	tem8	yes	yes	no	yes	no	yes	mei you	590154	38124	not have [v.] | without [v.]	n. 没有, 零, 无	yes
enjoyment	快乐	n.	dual-source	tem8,toefl	toefl	yes	yes	no	yes	no	yes	kuai le	242589	7629	happy [adj.]	n. 享乐, 快乐, 享受\n[经] 使用权	yes
working	工作	n.	dual-source	toefl,ielts	toefl	yes	yes	no	yes	yes	yes	gong zuo	141368	2819	work [n.] | job [n.]	n. 工作, 运转, 劳动\na. 工作的, 劳动的, 经营的, 抽搐的, 运转的	yes
though	可是	adv.	dual-source	tem8,toefl	tem8,toefl	yes	yes	no	yes	no	yes	ke shi	80530	245	but [conj.]	adv. 然而, 可是\nconj. 虽然, 纵然	yes
repute	认为	v.	dual-source	tem8,toefl	tem8,toefl	yes	yes	no	yes	yes	yes	ren wei	73076	18809	think [v.] | believe [v.]	n. 名望, 名气, 声望\nvt. 认为, 以为	yes
graduation	毕业	n.	dual-source	tem8,toefl	tem8	yes	yes	no	yes	no	yes	bi ye	72861	4759	graduate [v.]	n. 毕业, 得学位, 分划, 刻度, 分等级\n[医] 刻度, 分度, 毕业	yes
individuality	个人	n.	dual-source	tem8,toefl	tem8	yes	yes	no	yes	yes	yes	ge ren	67930	10589	individual [n.] | personal [n.]	n. 个性, 个人, 特征	yes
holding	支持	n.	dual-source	tem8,toefl	tem8	yes	yes	no	yes	no	yes	zhi chi	63877	5325	support [v.]	n. 把持, 支持, 保持\n[法] 租借地, 占有物, 拥有的财产	yes
bolster	支持	v.	dual-source	toefl,ielts	ielts,toefl	yes	yes	no	yes	yes	yes	zhi chi	63877	6692	support [v.]	n. 支持, 长枕\nvt. 支持, 支撑	yes
espouse	支持	v.	dual-source	tem8,toefl	tem8,toefl	yes	yes	no	yes	yes	yes	zhi chi	63877	9966	support [v.]	vt. 支持, 赞成, 嫁, 娶\n[法] 娶, 出嫁, 信奉	yes
recess	休息	n.	dual-source	tem8,toefl	tem8	yes	yes	no	yes	no	yes	xiu xi	61723	7747	rest [v.]	n. 休息, 休会, 放假, 凹进处, 深处\nvt. 使凹进\nvi. 休假, 休息	yes
matrimony	结婚	n.	dual-source	toefl,ielts	ielts	yes	yes	no	yes	no	yes	jie hun	59371	23355	marry [v.]	n. 结婚, 婚姻生活, 婚礼\n[法] 婚姻, 结婚, 婚礼	yes
jolly	非常	adv.	dual-source	tem4,tem8	tem4,tem8	yes	yes	no	yes	yes	yes	fei chang	53300	13154	very [adv.]	a. 愉快的, 高兴的, 宜人的\nvt. 恭维, 使高兴, 取笑\nvi. 开玩笑\nadv. 非常, 极为	yes
downright	完全	adv.	dual-source	tem4,tem8	tem8	yes	yes	no	yes	yes	yes	wan quan	44929	10579	completely [adv.]	a. 明白的, 率直的, 十足的\nadv. 全然, 彻底, 完全	yes
revert	回复	v.	dual-source	tem8,toefl	tem8,toefl	yes	yes	no	yes	yes	yes	hui fu	42254	10064	reply [v.]	vi. 恢复, 复归, 回复, 还原\nvt. 使回复原状, 使回转\nn. 恢复原信仰的人\n[计] 还原	yes
fond	喜欢的	adj.	dual-source	tem8,toefl	tem8,toefl	yes	yes	no	no	new-key	yes	xi huan de	42012	6241		a. 喜欢的, 宠爱的, 温柔的	yes
adherence	坚持	n.	dual-source	tem8,toefl	tem8	yes	yes	no	yes	no	yes	jian chi	35863	9972	persist [v.] | insist [v.]	n. 依附, 固执, 坚持\n[化] 粘合	yes
participation	参与	n.	dual-source	toefl,ielts	ielts,toefl	yes	yes	no	yes	no	yes	can yu	35853	2214	participate [v.]	n. 参与, 分享\n[经] 参与, 参股	yes
though	然而	adv.	dual-source	tem8,toefl	tem8	yes	yes	no	yes	no	yes	ran er	35628	245	however [conj.] | but [conj.]	adv. 然而, 可是\nconj. 虽然, 纵然	yes
suitability	适合	n.	dual-source	tem4,tem8	tem4,tem8	yes	yes	no	yes	no	yes	shi he	34694	18431	suit [v.]	n. 适合, 适当\n[医] 适合性, 适应性	yes
apprehend	理解	v.	dual-source	tem8,toefl	tem8,toefl	yes	yes	no	yes	yes	yes	li jie	34242	11622	understand [v.]	vt. 理解, 忧虑, 逮捕\nvi. 担心, 理解	yes
distaste	讨厌	n.	dual-source	tem4,tem8	tem4,tem8	yes	yes	no	yes	no	yes	tao yan	33989	13721	hate [v.]	n. 讨厌, 嫌恶	yes
flair	才能	n.	dual-source	tem8,toefl	toefl	yes	yes	no	yes	yes	yes	cai neng	33701	11212	talent [n.] | ability [n.]	n. 鉴别力, 才能, 天资, 资质, 眼光	yes
confederacy	联盟	n.	dual-source	tem8,toefl	tem8,toefl	yes	yes	no	yes	yes	yes	lian meng	30548	26142	alliance [n.] | union [n.]	n. 联盟, 邦联\n[法] 共谋, 违法的结社, 联盟	yes
additionally	另外	adv.	dual-source	tem8,toefl	toefl	yes	yes	no	yes	yes	yes	ling wai	27445	5948	besides [adv.]	adv. 另外, 此外	yes
repulse	拒绝	n.	dual-source	tem8,toefl	tem8	yes	yes	no	yes	no	yes	ju jue	25283	18145	refuse [v.]	n. 击退, 拒绝\nvt. 厌恶, 击退, 拒绝	yes
repulse	拒绝	v.	dual-source	tem8,toefl	tem8	yes	yes	no	yes	yes	yes	ju jue	25283	18145	refuse [v.]	n. 击退, 拒绝\nvt. 厌恶, 击退, 拒绝	yes
renunciation	放弃	n.	dual-source	tem8,toefl	tem8,toefl	yes	yes	no	yes	no	no	fang qi	25237	20747	give up [v.] | abandon [v.]	n. 放弃, 废弃, 弃权, 脱离关系\n[法] 放弃, 抛弃, 脱离关系	yes
disclaim	放弃	v.	dual-source	tem8,toefl	tem8	yes	yes	no	yes	yes	no	fang qi	25237	26866	give up [v.] | abandon [v.]	v. 放弃, 弃权, 拒绝承认	yes
assent	同意	v.	dual-source	tem8,toefl	tem8	yes	yes	no	yes	yes	yes	tong yi	23673	16073	agree [v.]	n. 赞成\nvi. 同意	yes
accede	同意	v.	dual-source	tem8,toefl	tem8,toefl	yes	yes	no	yes	yes	yes	tong yi	23673	17950	agree [v.]	vi. 同意, 正式加入, 就任, 继任	yes
manipulation	处理	n.	dual-source	tem4,toefl	toefl	yes	yes	no	yes	no	yes	chu li	22901	5754	handle [v.] | deal with [v.]	n. 操作, 处理\n[化] (用手)操作; 使用	yes
eke	增加	v.	dual-source	toefl,ielts	ielts,toefl	yes	yes	no	yes	yes	yes	zeng jia	22397	22838	increase [v.]	vt. 补充, 增加	yes
tether	范围	n.	dual-source	tem8,toefl	tem8,toefl	yes	yes	no	yes	yes	yes	fan wei	22166	11832	range [n.] | scope [n.]	n. 系绳, 系链, 界限, 范围\nvt. 栓, 束缚, 限制	yes
excellence	优秀	n.	dual-source	tem8,toefl	tem8,toefl	yes	yes	no	yes	no	yes	you xiu	22061	5804	excellent [adj.] | outstanding [adj.]	n. 优秀, 卓越, 优点	yes
additionally	此外	adv.	dual-source	tem8,toefl	tem8	yes	yes	no	yes	no	yes	ci wai	21044	5948	besides [conj.]	adv. 另外, 此外	yes
tummy	肚子	n.	dual-source	tem4,tem8	tem4,tem8	yes	yes	no	yes	yes	yes	du zi	20784	13953	belly [n.]	n. 胃, 肚子	yes
holding	保持	n.	dual-source	tem8,toefl	toefl	yes	yes	no	yes	no	yes	bao chi	19864	5325	keep [v.] | maintain [v.]	n. 把持, 支持, 保持\n[法] 租借地, 占有物, 拥有的财产	yes
foray	攻击	n.	dual-source	tem8,toefl	tem8	yes	yes	no	yes	no	yes	gong ji	19661	10224	attack [v.]	vi. 侵略, 劫掠, 袭击\nn. 侵掠, 侵略, 攻击	yes
decry	反对	v.	dual-source	tem8,toefl	tem8	yes	yes	no	yes	yes	yes	fan dui	19636	11621	oppose [v.] | object [v.]	vt. 反对, 责难, 诽谤, 诋毁	yes
demur	反对	v.	dual-source	tem8,toefl	tem8	yes	yes	no	yes	yes	yes	fan dui	19636	20271	oppose [v.] | object [v.]	vi. 提出异议, 反对, 抗辩\nn. 异议, 反对	yes
deprecate	反对	v.	dual-source	tem8,toefl	tem8,toefl	yes	yes	no	yes	yes	yes	fan dui	19636	33157	oppose [v.] | object [v.]	vt. 声明不赞成, 抗议, 反对\n[法] 对...表示不赞成, 反对	yes
caricature	漫画	n.	dual-source	tem8,toefl	tem8	yes	yes	no	yes	yes	yes	man hua	19341	10757	comic [n.] | manga [n.]	n. 讽刺画, 漫画, 漫画手法\nvt. 画成漫画讽刺	yes
manifestation	显示	n.	dual-source	tem8,toefl	tem8,toefl	yes	yes	no	yes	no	yes	xian shi	19339	6590	display [v.] | show [v.]	n. 显示, 证明, 示威运动\n[医] 表现, 表示	yes
impossibility	不可能	n.	dual-source	tem4,tem8	tem4,tem8	yes	yes	no	yes	no	yes	bu ke neng	18963	12861	impossible [adj.]	n. 不可能之事, 不可能\n[法] 不可能性, 不可能的事	yes
dealing	行为	n.	dual-source	tem8,toefl	tem8,toefl	yes	yes	no	yes	yes	yes	xing wei	18703	999999	behavior [n.] | act [n.]	n. 经营行为, 行为, 交易\n[法] 待遇, 处置, 行为	yes
revert	恢复	v.	dual-source	tem8,toefl	toefl	yes	yes	no	yes	yes	yes	hui fu	18517	10064	recover [v.] | restore [v.]	vi. 恢复, 复归, 回复, 还原\nvt. 使回复原状, 使回转\nn. 恢复原信仰的人\n[计] 还原	yes
retrieval	恢复	n.	dual-source	tem8,toefl	tem8	yes	yes	no	yes	no	yes	hui fu	18517	14002	recover [v.] | restore [v.]	n. 取回, 恢复, 检索\n[计] 检索	yes
demise	死亡	n.	dual-source	tem8,toefl	tem8,toefl	yes	yes	no	yes	no	yes	si wang	18210	6878	die [v.]	n. 崩, 薨, 死亡\nvt. 让渡, 遗赠, 转让	yes
baptize	命名	v.	dual-source	tem4,tem8	tem4,tem8	yes	yes	no	yes	yes	yes	ming ming	17598	12832	name [v.] | designate [v.]	vt. 施洗礼, 使经受考验, 命名	yes
disbelief	不信	n.	dual-source	tem4,tem8	tem4,tem8	yes	yes	no	yes	no	yes	bu xin	17579	7408	disbelieve [v.]	n. 不信, 怀疑	yes
mutation	变化	n.	dual-source	toefl,ielts	ielts	yes	yes	no	yes	yes	yes	bian hua	17561	8622	change [n.]	n. 变化, 突变, 元音变化\n[化] 突变	yes
safari	旅行	n.	dual-source	tem8,ielts	tem8	yes	yes	no	yes	no	yes	lv xing	17493	13813	travel [v.] | trip [v.]	n. 旅行, 旅行队, 科学考察	yes
sweeping	垃圾	n.	dual-source	tem8,toefl	tem8,toefl	yes	yes	no	yes	yes	yes	la ji	17327	5752	garbage [n.] | trash [n.]	n. 扫除, 垃圾\na. 扫荡的, 彻底的, 广泛的	yes
fetish	偶像	n.	dual-source	tem8,toefl	tem8	yes	yes	no	yes	yes	yes	ou xiang	17250	15974	idol [n.]	n. 物神, 偶像, 迷信\n[医] 恋物对象	yes
dollar	美元	n.	dual-source	tem8,toefl	tem8,toefl	yes	yes	no	yes	yes	yes	mei yuan	17164	999999	us dollar [n.]	n. 美元, 元(加、澳等国货币单位)\n[经] 纯经济的, 美元, 元	yes
consolidation	合并	n.	dual-source	toefl,ielts	ielts,toefl	yes	yes	no	yes	no	yes	he bing	16459	8504	merge [v.] | combine [v.]	n. 巩固, 团结, 合并, 加强\n[医] 实变	yes
amalgamate	合并	v.	dual-source	tem8,toefl	tem8	yes	yes	no	yes	yes	yes	he bing	16459	30000	merge [v.] | combine [v.]	v. 使汞齐化, 合并	yes
recollection	回忆	n.	dual-source	tem8,toefl	tem8,toefl	yes	yes	no	yes	no	yes	hui yi	16018	7880	recall [v.] | remember [v.]	n. 记忆, 回想, 回忆	yes
reminiscence	回忆	n.	dual-source	tem4,tem8	tem4,tem8	yes	yes	no	yes	no	yes	hui yi	16018	17145	recall [v.] | remember [v.]	n. 回想, 回忆, 怀旧, 话旧	yes
anguish	痛苦	n.	dual-source	tem8,toefl	tem8	yes	yes	no	yes	no	yes	tong ku	15524	8411	painful [adj.]	n. 剧痛, 痛苦\nvt. 使极痛苦\nvi. 感到痛苦	yes
negate	取消	v.	dual-source	tem8,toefl	tem8,toefl	yes	yes	no	yes	yes	yes	qu xiao	15453	12350	cancel [v.]	vt. 否定, 否认, 取消\n[计] 非	yes
profusion	大量	n.	dual-source	tem8,toefl	tem8	yes	yes	no	yes	no	yes	da liang	15243	15972	large amount [adj.]	n. 大量, 慷慨, 挥霍, 充沛, 浪费	yes
enjoyment	享受	n.	dual-source	tem8,toefl	tem8	yes	yes	no	yes	no	yes	xiang shou	15139	7629	enjoy [v.]	n. 享乐, 快乐, 享受\n[经] 使用权	yes
suffrage	投票	n.	dual-source	tem8,toefl	tem8	yes	yes	no	yes	no	yes	tou piao	15115	16498	vote [v.]	n. 投票, 选举权, 参政权, 代祷\n[法] 选举权, 投票权, 参政权	yes
extravagance	浪费	n.	dual-source	tem8,ielts	tem8	yes	yes	no	yes	no	yes	lang fei	14915	17144	waste [v.]	n. 奢侈, 浪费, 放肆的言行	yes
fritter	浪费	v.	dual-source	tem8,toefl	tem8	yes	yes	no	yes	yes	yes	lang fei	14915	21891	waste [v.]	vt. 浪费, 细切, 剁碎\nn. 细片, 屑	yes
chauffeur	司机	n.	dual-source	tem4,tem8	tem4,tem8	yes	yes	no	yes	yes	yes	si ji	14613	14455	driver [n.]	n. 司机	yes
anymore	不再	adv.	dual-source	tem8,toefl	tem8,toefl	yes	yes	no	yes	yes	yes	bu zai	14519	1693	no longer [adv.]	adv. 再也不, 不再	yes
subjection	隶属	n.	dual-source	tem8,toefl	tem8	yes	yes	no	yes	no	yes	li shu	14366	27879	belong to [v.] | be subordinate [v.]	n. 征服, 服从, 隶属\n[法] 隶属, 服从, 屈从	yes
juncture	连接	n.	dual-source	tem8,toefl	tem8	yes	yes	no	yes	no	yes	lian jie	14030	11501	connect [v.]	n. 接合, 连接, 接缝	yes
adjustment	调整	n.	dual-source	tem8,toefl	tem8,toefl	yes	yes	no	yes	no	yes	tiao zheng	13872	3121	adjust [v.] | regulate [v.]	n. 调整, 调节, 校正\n[化] 调节	yes
bandwagon	流行	n.	dual-source	tem4,tem8	tem8	yes	yes	no	yes	no	yes	liu xing	13727	14374	popular [v.] | fashionable [v.]	n. 乐队彩车, 流行	yes
balk	错过	v.	dual-source	tem8,toefl	tem8	yes	yes	no	yes	yes	yes	cuo guo	13572	10330	miss [v.]	n. 障碍, 错误, 失败\nvt. 阻止, 错过, 推诿\nvi. 逡巡不前	yes
empower	允许	v.	dual-source	tem8,toefl	tem8	yes	yes	no	yes	yes	yes	yun xu	13357	6207	allow [v.] | permit [v.]	vt. 授予权力, 允许, 使能够\n[法] 授权, 准许, 转委	yes
disbelief	怀疑	n.	dual-source	tem4,tem8	tem4,tem8	yes	yes	no	yes	no	yes	huai yi	13051	7408	doubt [v.] | suspect [v.]	n. 不信, 怀疑	yes
affront	面对	v.	dual-source	tem8,toefl	tem8	yes	yes	no	yes	yes	yes	mian dui	12921	16245	face [v.] | confront [v.]	n. 公开侮辱, 轻蔑\nvt. 公开侮辱, 冒犯, 面对	yes
secrecy	秘密	n.	dual-source	tem8,toefl	tem8,toefl	yes	yes	no	yes	yes	yes	mi mi	12810	7130	secret [n.]	n. 秘密, 保密\n[法] 秘密, 秘密状态, 保密	yes
submission	意见	n.	dual-source	tem8,toefl	toefl	yes	yes	no	yes	yes	yes	yi jian	12141	8114	opinion [n.] | view [n.]	n. 屈服, 服从, 谦恭, 呈递, 提交, 意见\n[经] 提交, 提出, 提交公断	yes
valentine	情人	n.	dual-source	tem4,tem8	tem4,tem8	yes	yes	no	yes	yes	yes	qing ren	12000	17861	lover [n.]	n. 情人, 情人节礼物	yes
knighthood	骑士	n.	dual-source	tem4,tem8	tem4,tem8	yes	yes	no	yes	yes	yes	qi shi	11969	28433	knight [n.]	n. 骑士身分, 骑士气质, 骑士	yes
frenzy	疯狂	n.	dual-source	tem8,toefl	toefl	yes	yes	no	yes	no	yes	feng kuang	11833	7279	crazy [adj.]	n. 疯狂, 狂暴, 狂怒\n[医] 暴怒, 狂乱	yes
critique	评论	n.	dual-source	tem8,toefl	toefl	yes	yes	no	yes	yes	yes	ping lun	11775	4982	comment [n.]	n. 评论文章, 评论	yes
underside	下面	n.	dual-source	tem4,tem8	tem4,tem8	yes	yes	no	yes	yes	yes	xia mian	11545	11090	below [n.] | under [n.]	n. 下面, 下侧, 底面	yes
recollection	记忆	n.	dual-source	tem8,toefl	toefl	yes	yes	no	yes	yes	yes	ji yi	11409	7880	memory [n.]	n. 记忆, 回想, 回忆	yes
chum	室友	n.	dual-source	tem8,toefl	tem8	yes	yes	no	yes	yes	yes	shi you	11349	16347	roommate [n.]	n. 密友, 室友\nvi. 结为密友	yes
meagre	瘦的	adj.	dual-source	tem8,ielts	tem8	yes	yes	no	yes	yes	yes	shou de	10920	38175	thin [adj.]	a. 瘦的, 不毛的, 贫乏的, 贫弱的, 少量的, 力量不够的, 质不高的, 量不足的	yes
conjure	想象	v.	dual-source	tem8,toefl	tem8	yes	yes	no	yes	yes	yes	xiang xiang	10829	7727	imagine [v.]	vt. 念咒文召唤, 变戏法, 想象\nvi. 变戏法, 施魔法	yes
abject	可怜的	adj.	dual-source	tem8,toefl	tem8	yes	yes	no	no	new-key	yes	ke lian de	10717	16479		a. 绝望无助的, 可怜的, 糟透的, 卑鄙的, 自卑的\n[法] 卑鄙的, 卑下的, 可怜的	yes
validate	确认	v.	dual-source	tem8,toefl	tem8	yes	yes	no	yes	yes	yes	que ren	10646	7516	confirm [v.] | verify [v.]	vt. 使有效, 使生效, 确认, 证实, 验证\n[计] 验证	yes
cessation	停止	n.	dual-source	tem4,toefl	toefl	yes	yes	no	yes	no	yes	ting zhi	10620	14248	stop [v.]	n. 停止\n[法] 中止, 中断, 停止	yes
standstill	停止	n.	dual-source	tem4,tem8	tem4,tem8	yes	yes	no	yes	no	yes	ting zhi	10620	15581	stop [v.]	n. 停止, 停顿\n[医] 停顿	yes
designation	指定	n.	dual-source	tem8,toefl	tem8,toefl	yes	yes	no	yes	no	yes	zhi ding	10449	8182	designate [v.]	n. 指示, 指定, 命名\n[电] 指定	yes
encouragement	鼓励	n.	dual-source	tem8,toefl	tem8,toefl	yes	yes	no	yes	no	yes	gu li	10430	6193	encourage [v.]	n. 鼓励, 激励, 奖励\n[法] 怂恿, 煽动, 助长	yes
demolition	破坏	n.	dual-source	toefl,ielts	ielts	yes	yes	no	yes	no	yes	po huai	10026	10854	destroy [v.] | damage [v.]	n. 破坏, 毁坏, 撤销\n[经] 拆毁(除,破坏)	yes
disappointment	失望	n.	dual-source	tem8,toefl	tem8,toefl	yes	yes	no	yes	no	yes	shi wang	10020	4566	disappoint [v.]	n. 失望	yes
foray	袭击	v.	dual-source	tem8,toefl	tem8	yes	yes	no	yes	yes	yes	xi ji	9761	10224	attack [v.] | raid [v.]	vi. 侵略, 劫掠, 袭击\nn. 侵掠, 侵略, 攻击	yes
townsman	市民	n.	dual-source	tem4,tem8	tem4,tem8	yes	yes	no	yes	yes	yes	shi min	9711	34128	citizen [n.]	n. 镇民, 城里人, 市民, 同镇人, 同乡, 同市人	yes
convergence	集中	n.	dual-source	tem8,toefl	tem8,toefl	yes	yes	no	yes	no	yes	ji zhong	9635	10036	concentrate [v.] | focus [v.]	n. 集中, 收敛\n[计] 收敛, 会聚	yes
emanate	发出	v.	dual-source	tem8,toefl	toefl	yes	yes	no	yes	yes	yes	fa chu	9531	8681	emit [v.] | send out [v.]	vi. 散发, 发出, 发源	yes
deference	尊重	n.	dual-source	tem8,toefl	toefl	yes	yes	no	yes	no	yes	zun zhong	9462	11329	respect [v.]	n. 顺从, 尊重	yes
opulence	丰富	n.	dual-source	toefl,ielts	ielts	yes	yes	no	yes	no	yes	feng fu	9438	21823	rich [adj.] | abundant [adj.]	n. 富裕, 丰富, 大量	yes
tutelage	指导	n.	dual-source	tem8,toefl	tem8	yes	yes	no	yes	no	yes	zhi dao	9219	18256	guide [v.] | instruct [v.]	n. 守护, 监护, 指导\n[法] 监护, 保护, 指导	yes
snout	鼻子	n.	dual-source	tem8,toefl	tem8,toefl	yes	yes	no	yes	yes	yes	bi zi	9072	14549	nose [n.]	n. 鼻口部, 鼻子, 口吻状物, 烟草	yes
exalt	提升	v.	dual-source	tem8,toefl	tem8,toefl	yes	yes	no	yes	yes	yes	ti sheng	9047	17234	improve [v.] | enhance [v.]	vt. 提升, 提高, 赞扬, 使得意\nvi. 使人兴奋, 使人得意	yes
balk	错误	n.	dual-source	tem8,toefl	tem8	yes	yes	no	yes	yes	yes	cuo wu	8965	10330	mistake [n.] | error [n.]	n. 障碍, 错误, 失败\nvt. 阻止, 错过, 推诿\nvi. 逡巡不前	yes
inhibition	禁止	n.	dual-source	tem4,toefl	toefl	yes	yes	no	yes	no	yes	jin zhi	8567	12343	forbid [v.] | prohibit [v.]	n. 禁止, 抑制, 压抑\n[计] 禁止	yes
upkeep	维持	n.	dual-source	tem8,ielts	tem8	yes	yes	no	yes	no	yes	wei chi	8546	18132	maintain [v.] | sustain [v.]	n. 维持, 维修费\n[经] 维修费, 养护费, 保养	yes
rite	仪式	n.	dual-source	tem8,toefl	tem8,toefl	yes	yes	no	yes	yes	yes	yi shi	8248	6510	ceremony [n.]	n. 仪式, 典礼, 惯例, 礼拜式	yes
scenario	剧本	n.	dual-source	tem8,toefl	tem8,toefl	yes	yes	no	yes	yes	yes	ju ben	8122	2756	script [n.] | play [n.]	n. 剧本提纲, 情节, 剧本, 方案, 事态\n[计] 方案	yes
assortment	分类	n.	dual-source	tem8,toefl	tem8,toefl	yes	yes	no	yes	no	yes	fen lei	8017	8790	classify [v.]	n. 分类, 各种各样\n[医] [遗传]配列	yes
tact	机智	n.	dual-source	tem8,toefl	tem8,toefl	yes	yes	no	yes	no	yes	ji zhi	7867	17499	witty [adj.] | resourceful [adj.]	n. 机智, 手法, 老练\n[经] (自动加工线的)生产节拍	yes
scenario	方案	n.	dual-source	tem8,toefl	tem8	yes	yes	no	yes	yes	yes	fang an	7852	2756	plan [n.] | scheme [n.]	n. 剧本提纲, 情节, 剧本, 方案, 事态\n[计] 方案	yes
downright	彻底	adv.	dual-source	tem4,tem8	tem8	yes	yes	no	yes	no	yes	che di	7780	10579	thorough [adj.] | complete [adj.]	a. 明白的, 率直的, 十足的\nadv. 全然, 彻底, 完全	yes
enormity	巨大	n.	dual-source	tem8,toefl	tem8	yes	yes	no	yes	no	yes	ju da	7672	15686	huge [adj.] | giant [adj.]	n. 暴行, 极恶, 巨大\n[法] 重罪, 大罪, 暴行	yes
dispersal	传播	n.	dual-source	toefl,ielts	toefl	yes	yes	no	yes	no	yes	chuan bo	7671	15305	spread [v.]	n. 散布, 传播, 分散	yes
dictum	声明	n.	dual-source	tem8,toefl	tem8	yes	yes	no	yes	yes	yes	sheng ming	7573	17196	statement [n.]	n. 声明, 格言, 法官意见\n[法] 宣言, 声明, 法官的意见	yes
matron	妇女	n.	dual-source	tem8,toefl	tem8	yes	yes	no	yes	yes	yes	fu nv	7475	16474	woman [n.]	n. 妇女, 主妇, 女总管\n[医] 管理员, 保姆	yes
annoyance	烦恼	n.	dual-source	tem4,tem8	tem4,tem8	yes	yes	no	yes	yes	yes	fan nao	7393	10526	worry [n.]	n. 烦恼, 打扰, 可厌之事\n[法] 使人烦恼的事物, 麻烦事, 讨厌物	yes
individuality	个性	n.	dual-source	tem8,toefl	tem8,toefl	yes	yes	no	yes	yes	yes	ge xing	7264	10589	personality [n.]	n. 个性, 个人, 特征	yes
annoyance	打扰	n.	dual-source	tem4,tem8	tem4,tem8	yes	yes	no	yes	no	yes	da rao	7224	10526	disturb [v.] | bother [v.]	n. 烦恼, 打扰, 可厌之事\n[法] 使人烦恼的事物, 麻烦事, 讨厌物	yes
discontent	不满	n.	dual-source	tem8,toefl	tem8	yes	yes	no	yes	no	yes	bu man	7119	9678	dissatisfied [adj.]	n. 不满	yes
balk	阻止	v.	dual-source	tem8,toefl	tem8,toefl	yes	yes	no	yes	yes	yes	zu zhi	7081	10330	prevent [v.] | stop [v.]	n. 障碍, 错误, 失败\nvt. 阻止, 错过, 推诿\nvi. 逡巡不前	yes
impediment	阻止	n.	dual-source	tem8,toefl	tem8	yes	yes	no	yes	no	yes	zu zhi	7081	10593	prevent [v.] | stop [v.]	n. 妨碍, 障碍, 阻止, 口吃\n[经] 对履行义务的阻碍	yes
fad	时尚	n.	dual-source	tem8,toefl	tem8,toefl	yes	yes	no	yes	yes	yes	shi shang	6972	11194	fashion [n.]	n. 时尚\n[化] 黄素腺嘌呤二核苷酸	yes
bravery	勇敢	n.	dual-source	tem8,toefl	tem8,toefl	yes	yes	no	yes	no	yes	yong gan	6718	12303	brave [adj.]	n. 勇敢	yes
reconstruction	改造	n.	dual-source	toefl,ielts	toefl	yes	yes	no	yes	no	yes	gai zao	6666	5208	transform [v.] | reform [v.]	n. 改造, 再建\n[医] 改建, 改造, 翻造	yes
darkness	黑暗	n.	dual-source	tem8,toefl	tem8,toefl	yes	yes	no	yes	no	yes	hei an	6630	2649	dark [adj.]	n. 黑暗, 暗, 深色, 隐密, 模糊, 无知	yes
fete	庆祝	n.	dual-source	tem8,toefl	tem8	yes	yes	no	yes	no	yes	qing zhu	6622	23490	celebrate [v.]	n. 庆祝, 祭祀, 节日\nvt. 宴请, 招待	yes
rite	典礼	n.	dual-source	tem8,toefl	tem8,toefl	yes	yes	no	yes	yes	yes	dian li	6621	6510	ceremony [n.]	n. 仪式, 典礼, 惯例, 礼拜式	yes
recurrence	循环	n.	dual-source	tem8,toefl	tem8	yes	yes	no	yes	yes	yes	xun huan	6619	10768	cycle [n.] | loop [n.]	n. 再现, 再发生, 反复, 循环\n[医] 复发, 再发	yes
aristocracy	贵族	n.	dual-source	tem8,toefl	tem8	yes	yes	no	yes	yes	yes	gui zu	6590	13722	noble [n.] | aristocrat [n.]	n. 贵族, 上层社会, 知识界杰出分子\n[法] 贵族政治, 贵族统治	yes
emigration	移民	n.	dual-source	tem8,toefl	tem8	yes	yes	no	yes	yes	yes	yi min	6528	12465	immigrant [n.]	n. 移民, 移居外国(或外地)\n[医] 血细胞渗出	yes
emigrant	移民	n.	dual-source	tem8,toefl	tem8,toefl	yes	yes	no	yes	yes	yes	yi min	6528	15516	immigrant [n.]	n. 移民, 侨民\na. 移民的, 移居的	yes
grandeur	伟大	n.	dual-source	tem8,toefl	toefl	yes	yes	no	yes	no	yes	wei da	6524	11749	great [adj.]	n. 庄严, 伟大, 壮丽	yes
overdo	夸张	v.	dual-source	tem4,tem8	tem4,tem8	yes	yes	no	yes	no	yes	kua zhang	6476	14137	exaggerated [adj.]	vt. 做得过分, 过度, 夸张, 使过分劳累\nvi. 过火	yes
dearth	缺乏	n.	dual-source	toefl,ielts	ielts,toefl	yes	yes	no	yes	no	yes	que fa	6458	14013	lack [v.]	n. 缺乏, 粮食不足, 饥馑	yes
speedway	高速公路	n.	dual-source	tem4,tem8	tem4,tem8	yes	yes	no	yes	yes	yes	gao su gong lu	6403	25857	highway [n.]	n. 汽车(或摩托车)竞赛场, 高速公路	yes
motorway	高速公路	n.	dual-source	tem4,tem8	tem4,tem8	yes	yes	no	yes	yes	yes	gao su gong lu	6403	30553	highway [n.]	n. 高速公路	yes
reinforcement	加强	n.	dual-source	tem8,ielts	ielts,tem8	yes	yes	no	yes	no	yes	jia qiang	6279	7506	strengthen [v.] | reinforce [v.]	n. 加强, 增援, 补充, 援军, 加固物\n[化] 补强; 加强件	yes
foretell	预告	v.	dual-source	tem8,toefl	tem8	yes	yes	no	yes	no	yes	yu gao	6243	19663	preview [n.] | trailer [n.]	vt. 预言, 预告, 预示	yes
serviceman	军人	n.	dual-source	tem4,tem8	tem4,tem8	yes	yes	no	yes	yes	yes	jun ren	6078	11976	soldier [n.]	n. 军人, 维修人员\n[化] 机械师; 维修人员	yes
unable	不会的	adj.	dual-source	tem8,toefl	tem8,toefl	yes	yes	no	yes	no	yes	bu hui de	6037	2136	won't [phr.]	a. 不能的, 不会的\n[法] 无能力的, 无资格的, 没有办法的	yes
remorse	同情	n.	dual-source	tem8,ielts	tem8	yes	yes	no	yes	no	yes	tong qing	6037	10471	sympathize [v.]	n. 懊悔, 良心不安, 自责, 同情\n[法] 悔恨, 自责, 懊悔	yes
zenith	最高点	n.	dual-source	tem8,toefl	tem8	yes	yes	no	yes	yes	yes	zui gao dian	5990	15834	highest point [n.]	n. 顶点；最高点；顶峰	yes
quash	撤销	v.	dual-source	tem8,toefl	tem8,toefl	yes	yes	no	yes	yes	yes	che xiao	5860	18281	revoke [v.] | cancel [v.]	vt. 撤销, 平息, 镇压\n[法] 撤销, 废止, 宣布无效	yes
pageant	游行	n.	dual-source	tem8,ielts	tem8	yes	yes	no	yes	no	yes	you xing	5750	9524	march [v.]	n. 盛会, 游行, 虚饰, 露天表演	yes
impel	推动	v.	dual-source	tem8,toefl	tem8	yes	yes	no	yes	yes	yes	tui dong	5742	16966	promote [v.] | push [v.]	vt. 推动, 激励, 驱使, 迫使	yes
homing	回家的	adj.	dual-source	tem8,toefl	tem8	yes	yes	no	no	new-key	yes	hui jia de	5729	28830		n. 归航, 动物的返回性\na. 有返回性的, 回家的	yes
brighten	活跃	v.	dual-source	tem8,toefl	tem8	yes	yes	no	yes	no	yes	huo yue	5630	7814	active [adj.] | lively [adj.]	vi. 变亮, 活跃\nvt. 使生辉, 使快活	yes
pretension	主张	n.	dual-source	toefl,ielts	toefl	yes	yes	no	yes	no	yes	zhu zhang	5593	14551	advocate [v.] | claim [v.]	n. 自负, 骄傲, 主张	yes
glean	收集	v.	dual-source	tem8,toefl	toefl	yes	yes	no	yes	yes	yes	shou ji	5591	10706	collect [v.] | gather [v.]	v. 拾落穗, 收集	yes
imaginable	可能的	adj.	dual-source	tem4,tem8	tem4,tem8	yes	yes	no	yes	yes	yes	ke neng de	5386	11264	possible [adj.]	a. 可想像的, 可能的	yes
grapple	抓住	v.	dual-source	tem8,toefl	tem8,toefl	yes	yes	no	yes	yes	yes	zhua zhu	5346	8354	grasp [v.] | catch [v.]	v. 抓住, 掌握\nn. 抓住, 系紧, 掌握, 与...扭打	yes
grapple	抓住	n.	dual-source	tem8,toefl	tem8	yes	yes	no	yes	no	yes	zhua zhu	5346	8354	grasp [v.] | catch [v.]	v. 抓住, 掌握\nn. 抓住, 系紧, 掌握, 与...扭打	yes
enrollment	注册	n.	dual-source	toefl,ielts	toefl	yes	yes	no	yes	no	yes	zhu ce	5268	6365	register [v.]	n. 登记, 注册, 入伍\n[经] 登记, 注册	yes
eke	补充	v.	dual-source	toefl,ielts	toefl	yes	yes	no	yes	yes	yes	bu chong	5205	22838	supplement [v.] | add [v.]	vt. 补充, 增加	yes
allude	提及	v.	dual-source	tem8,toefl	toefl	yes	yes	no	yes	yes	yes	ti ji	5120	8601	mention [v.]	vi. 暗指, 提及	yes
encouragement	奖励	n.	dual-source	tem8,toefl	toefl	yes	yes	no	yes	yes	yes	jiang li	5103	6193	reward [n.]	n. 鼓励, 激励, 奖励\n[法] 怂恿, 煽动, 助长	yes
reluctance	勉强	n.	dual-source	tem8,toefl	tem8,toefl	yes	yes	no	yes	no	yes	mian qiang	5076	6979	force [v.]	n. 不情愿, 勉强\n[电] 磁阻	yes
curative	药物	n.	dual-source	toefl,ielts	toefl	yes	yes	no	yes	yes	yes	yao wu	4996	23109	drug [n.]	a. 治病的, 有疗效的\nn. 药物, 治疗法	yes
thereof	由此	adv.	dual-source	tem4,tem8	tem4,tem8	yes	yes	no	yes	yes	yes	you ci	4954	12522	thereby [adv.]	adv. 在其中, 关于..., 由此\n[法] 由是, 由此, 属于它的	yes
recess	休假	v.	dual-source	tem8,toefl	toefl	yes	yes	no	yes	yes	yes	xiu jia	4671	7747	take a vacation [v.]	n. 休息, 休会, 放假, 凹进处, 深处\nvt. 使凹进\nvi. 休假, 休息	yes
scenario	情节	n.	dual-source	tem8,toefl	tem8	yes	yes	no	yes	yes	yes	qing jie	4667	2756	plot [n.]	n. 剧本提纲, 情节, 剧本, 方案, 事态\n[计] 方案	yes
designation	指示	n.	dual-source	tem8,toefl	tem8,toefl	yes	yes	no	yes	no	yes	zhi shi	4589	8182	instruct [v.] | indicate [v.]	n. 指示, 指定, 命名\n[电] 指定	yes
validate	证实	v.	dual-source	tem8,toefl	tem8,toefl	yes	yes	no	yes	yes	yes	zheng shi	4569	7516	confirm [v.]	vt. 使有效, 使生效, 确认, 证实, 验证\n[计] 验证	yes
guise	外观	n.	dual-source	tem8,toefl	tem8	yes	yes	no	yes	yes	yes	wai guan	4540	10606	appearance [n.] | exterior [n.]	n. 相似, 外观, 伪装\nv. 穿戴, 伪装	yes
simulation	模拟	n.	dual-source	toefl,ielts	ielts	yes	yes	no	yes	no	yes	mo ni	4521	5678	simulate [v.]	n. 模拟, 假冒物, 模仿\n[计] 模拟	yes
animosity	仇恨	n.	dual-source	tem8,toefl	tem8	yes	yes	no	yes	yes	yes	chou hen	4370	11656	hatred [n.]	n. 仇恨, 憎恶, 敌意	yes
garnish	装饰	v.	dual-source	tem8,toefl	tem8	yes	yes	no	yes	yes	yes	zhuang shi	4362	9470	decorate [v.]	n. 装饰, 装饰品\nvt. 装饰	yes
decor	装饰	n.	dual-source	tem8,toefl	tem8	yes	yes	no	yes	no	yes	zhuang shi	4362	9880	decorate [v.]	n. 装饰, 布置	yes
gazette	报纸	n.	dual-source	tem8,toefl	tem8,toefl	yes	yes	no	yes	yes	yes	bao zhi	4306	39036	newspaper [n.]	n. 报, 公报, 报纸\nvt. 在公报上宣布, 刊载于公报	yes
ferret	侦探	n.	dual-source	tem8,toefl	tem8	yes	yes	no	yes	yes	yes	zhen tan	4300	20690	detective [n.]	n. 白鼬, 雪貂, 侦探\nvt. 用雪貂打猎, 搜出, 驱出\nvi. 搜索	yes
invocation	祈祷	n.	dual-source	tem8,toefl	tem8	yes	yes	no	yes	no	yes	qi dao	4283	15173	pray [v.]	n. 祈祷, 符咒	yes
eradication	消灭	n.	dual-source	tem4,toefl	tem4	yes	yes	no	yes	no	yes	xiao mie	4282	14988	eliminate [v.]	n. 连根拔除, 歼灭, 消灭, 根除, 使断根\n[医] 根除, 扑灭, 消灭	yes
pique	愤怒	n.	dual-source	tem8,toefl	toefl	yes	yes	no	yes	no	yes	fen nu	4280	16736	angry [adj.]	n. 赌气, 愤怒, 不快, 凹凸织物\nvt. 伤害...自尊心, 激怒, 刺激, 引起兴趣, 使兴奋	yes
consignment	委托	n.	dual-source	tem8,ielts	ielts,tem8	yes	yes	no	yes	no	yes	wei tuo	4259	22180	entrust [v.]	n. 委托\n[经] 委托, 寄销, 寄销品	yes
semblance	外表	n.	dual-source	toefl,ielts	ielts	yes	yes	no	yes	yes	yes	wai biao	4258	13183	appearance [n.]	n. 外表, 伪装, 假象, 少量	yes
negro	黑人	n.	dual-source	tem4,tem8	tem4,tem8	yes	yes	no	yes	yes	yes	hei ren	4189	16070	black person [n.]	n. 黑人\na. 黑人的	yes
deride	嘲笑	v.	dual-source	tem8,toefl	tem8	yes	yes	no	yes	yes	yes	chao xiao	4179	14315	mock [v.] | ridicule [v.]	vt. 嘲弄, 嘲笑	yes
flout	嘲笑	v.	dual-source	tem8,toefl	tem8	yes	yes	no	yes	yes	yes	chao xiao	4179	19665	mock [v.] | ridicule [v.]	vt. 嘲笑, 愚弄\nvi. 表示轻蔑\nn. 嘲笑, 愚弄, 轻视	yes
flout	嘲笑	n.	dual-source	tem8,toefl	tem8	yes	yes	no	yes	no	yes	chao xiao	4179	19665	mock [v.] | ridicule [v.]	vt. 嘲笑, 愚弄\nvi. 表示轻蔑\nn. 嘲笑, 愚弄, 轻视	yes
fray	打架	n.	dual-source	tem8,toefl	tem8	yes	yes	no	yes	no	yes	da jia	4105	11825	fight [v.]	n. 磨损, 打架, 争论\nvt. 使磨损\nvi. 被磨损	yes
quay	码头	n.	dual-source	tem4,tem8	tem4,tem8	yes	yes	no	yes	yes	yes	ma tou	4058	22357	dock [n.] | wharf [n.]	n. 码头, 驳岸\n[经] 贴岸码头	yes
oscillate	犹豫	v.	dual-source	toefl,ielts	ielts	yes	yes	no	yes	yes	yes	you yu	4045	19205	hesitate [v.]	vi. 振动, 彷徨, 犹豫\nvt. 使振动, 使动摇	yes
enrollment	登记	n.	dual-source	toefl,ielts	toefl	yes	yes	no	yes	no	yes	deng ji	4029	6365	register [v.]	n. 登记, 注册, 入伍\n[经] 登记, 注册	yes
enrol	登记	v.	dual-source	tem4,tem8	tem4,tem8	yes	yes	no	yes	yes	yes	deng ji	4029	999999	register [v.]	vt. 登记, 使加入\nvi. 参军, 注册	yes
southern	南方人	n.	dual-source	tem8,toefl	tem8	yes	yes	no	yes	yes	yes	nan fang ren	4020	1105	southerner [n.]	n. 南方人, 男风\na. 向南方的, 来自南方的	yes
tint	色彩	n.	dual-source	tem8,toefl	tem8,toefl	yes	yes	no	yes	yes	yes	se cai	4007	15007	color [n.]	n. 色彩, 浅色\nvt. 染色于	yes
conversant	熟悉的	adj.	dual-source	tem8,toefl	tem8	yes	yes	no	no	new-key	yes	shu xi de	3995	25681		a. 熟悉的, 亲近的, 有交情的	yes
snarl	混乱	n.	dual-source	tem8,toefl	tem8	yes	yes	no	yes	no	yes	hun luan	3986	12288	chaotic [adj.] | confused [adj.]	vi. 吼叫, 怒骂, 缠结\nvt. 咆哮着说, 搞乱, 使缠结\nn. 咆哮, 吼叫, 怒骂, 缠结, 混乱	yes
veer	转向	v.	dual-source	tem8,toefl	tem8	yes	yes	no	yes	yes	yes	zhuan xiang	3909	8715	turn [v.]	vi. 转向\nvt. 使转向\nn. 转向	yes
veer	转向	n.	dual-source	tem8,toefl	tem8	yes	yes	no	yes	no	yes	zhuan xiang	3909	8715	turn [v.]	vi. 转向\nvt. 使转向\nn. 转向	yes
swathe	包围	v.	dual-source	tem4,tem8	tem4,tem8	yes	yes	no	yes	yes	yes	bao wei	3844	20881	surround [v.] | encircle [v.]	vt. 绑, 裹, 包围\nn. 带子, 绷带	yes
ghastly	可怕的	adj.	dual-source	tem8,ielts	ielts,tem8	yes	yes	no	no	new-key	yes	ke pa de	3825	14128		a. 可怕的, 惨白的, 极坏的\nadv. 可怖地, 惨白地	yes
declaim	演讲	v.	dual-source	tem8,toefl	tem8	yes	yes	no	yes	yes	yes	yan jiang	3748	25530	speech [v.] | lecture [v.]	v. 慷慨陈词, 演讲, 朗读	yes
savour	品味	v.	dual-source	tem8,ielts	ielts	yes	yes	no	yes	no	yes	pin wei	3708	40287	taste [n.]	n. 滋味, 气味, 食欲\nvi. 有...的滋味\nvt. 品味, 加调味品于, 使有风味, 尝到	yes
suitability	适当	n.	dual-source	tem4,tem8	tem4,tem8	yes	yes	no	yes	no	yes	shi dang	3691	18431	appropriate [adj.] | proper [adj.]	n. 适合, 适当\n[医] 适合性, 适应性	yes
imposition	欺骗	n.	dual-source	tem8,toefl	tem8	yes	yes	no	yes	no	yes	qi pian	3651	11155	deceive [v.] | cheat [v.]	n. 征收, 课税, 强加, 欺骗\n[经] 征税, 税, 税款	yes
financier	欺骗	v.	dual-source	tem8,toefl	tem8	yes	yes	no	yes	yes	yes	qi pian	3651	13127	deceive [v.] | cheat [v.]	n. 财政家, 金融家\nvi. 从事欺骗性金融活动, 欺骗	yes
hoax	欺骗	v.	dual-source	tem8,toefl	tem8	yes	yes	no	yes	yes	yes	qi pian	3651	13170	deceive [v.] | cheat [v.]	vt. 欺骗, 哄骗, 愚弄\nn. 愚弄人, 恶作剧	yes
predisposition	倾向	n.	dual-source	tem8,ielts	ielts,tem8	yes	yes	no	yes	yes	yes	qing xiang	3646	14376	tendency [n.]	n. 爱好, 素质, 癖性, 天性, 倾向, 易感受性\n[医] 素因, 素质	yes
strut	炫耀	v.	dual-source	tem8,toefl	tem8	yes	yes	no	yes	yes	yes	xuan yao	3613	11486	show off [v.] | flaunt [v.]	n. 高视阔步, 支柱, 压杆\nvi. 趾高气扬地走, 肿胀\nvt. 用支柱支撑, 炫耀	yes
profuse	很多的	adj.	dual-source	toefl,ielts	ielts	yes	yes	no	no	new-key	yes	hen duo de	3566	27123		a. 很多的, 丰富的, 浪费的, 慷慨的	yes
subjection	征服	n.	dual-source	tem8,toefl	tem8	yes	yes	no	yes	no	yes	zheng fu	3550	27879	conquer [v.]	n. 征服, 服从, 隶属\n[法] 隶属, 服从, 屈从	yes
submission	提交	n.	dual-source	tem8,toefl	toefl	yes	yes	no	yes	no	yes	ti jiao	3530	8114	submit [v.]	n. 屈服, 服从, 谦恭, 呈递, 提交, 意见\n[经] 提交, 提出, 提交公断	yes
bask	晒太阳	v.	dual-source	tem8,toefl	tem8,toefl	yes	yes	no	yes	yes	yes	shai tai yang	3518	11655	sunbathe [v.]	vi. 晒太阳, 感到舒适	yes
jolly	愉快的	adj.	dual-source	tem4,tem8	tem4,tem8	yes	yes	no	yes	yes	yes	yu kuai de	3503	13154	pleasant [adj.] | happy [adj.]	a. 愉快的, 高兴的, 宜人的\nvt. 恭维, 使高兴, 取笑\nvi. 开玩笑\nadv. 非常, 极为	yes
jovial	愉快的	adj.	dual-source	tem4,toefl	tem4	yes	yes	no	yes	yes	yes	yu kuai de	3503	19973	pleasant [adj.] | happy [adj.]	a. 快活的, 高兴的, 愉快的\n[计] 国际算法语言的朱尔斯文本	yes
cosmetic	化妆品	n.	dual-source	tem4,tem8	tem4,tem8	yes	yes	no	yes	yes	yes	hua zhuang pin	3412	8341	cosmetics [n.]	n. 化妆品\na. 化妆用的	yes
adjustment	调节	n.	dual-source	tem8,toefl	tem8,toefl	yes	yes	no	yes	no	yes	tiao jie	3365	3121	adjust [v.]	n. 调整, 调节, 校正\n[化] 调节	yes
indignity	侮辱	n.	dual-source	tem8,toefl	tem8	yes	yes	no	yes	no	yes	wu ru	3362	16237	insult [v.]	n. 侮辱\n[法] 侮辱的言行, 无礼, 有伤尊严	yes
balk	障碍	n.	dual-source	tem8,toefl	tem8,toefl	yes	yes	no	yes	yes	yes	zhang ai	3326	10330	obstacle [n.] | barrier [n.]	n. 障碍, 错误, 失败\nvt. 阻止, 错过, 推诿\nvi. 逡巡不前	yes
finesse	策略	n.	dual-source	tem8,toefl	tem8	yes	yes	no	yes	yes	yes	ce lve	3217	13491	strategy [n.]	n. 策略, 手段, (桥牌中的)飞牌\nv. 用计谋处理, 出小牌	yes
impinge	撞击	v.	dual-source	tem8,toefl	tem8,toefl	yes	yes	no	yes	yes	yes	zhuang ji	3212	18394	impact [v.] | strike [v.]	vi. 撞击, 起作用, 侵犯\nvt. 撞击	yes
innuendo	讽刺	n.	dual-source	tem8,toefl	tem8	yes	yes	no	yes	no	yes	feng ci	3180	14703	satirize [v.] | mock [v.]	n. 讽刺, 暗讽\nvi. 说讽刺话\nvt. 暗示	yes
depletion	消耗	n.	dual-source	toefl,ielts	ielts	yes	yes	no	yes	no	yes	xiao hao	3152	11633	consume [v.]	n. 消耗, 耗尽, 放血\n[医] 排除, 缺失(液体), 衰竭[状态](由于缺液)	yes
turning	旋转	n.	dual-source	tem8,ielts	tem8	yes	yes	no	yes	no	yes	xuan zhuan	3114	6215	rotate [v.] | spin [v.]	n. 旋转, 转弯处, 车削工作\n[化] 车削	yes
darkness	无知	n.	dual-source	tem8,toefl	tem8	yes	yes	no	yes	no	yes	wu zhi	3088	2649	ignorant [adj.]	n. 黑暗, 暗, 深色, 隐密, 模糊, 无知	yes
illiteracy	无知	n.	dual-source	tem4,tem8	tem4,tem8	yes	yes	no	yes	no	yes	wu zhi	3088	16517	ignorant [adj.]	n. 文盲, 无知	yes
darkness	模糊	n.	dual-source	tem8,toefl	tem8	yes	yes	no	yes	no	yes	mo hu	3071	2649	vague [adj.] | blurry [adj.]	n. 黑暗, 暗, 深色, 隐密, 模糊, 无知	yes
withdrawal	撤退	n.	dual-source	tem8,toefl	tem8,toefl	yes	yes	no	yes	no	yes	che tui	3032	4130	retreat [v.] | withdraw [v.]	n. 提款, 撤退, 退回, 撤消, 退隐, 戒毒过程\n[医] 戒除, 脱瘾	yes
fanciful	奇怪的	adj.	dual-source	tem8,toefl	toefl	yes	yes	no	yes	yes	yes	qi guai de	3011	13552	strange [adj.]	a. 奇怪的, 稀奇的, 想像的	yes
pathway	途径	n.	dual-source	toefl,ielts	ielts	yes	yes	no	yes	yes	yes	tu jing	2991	6559	way [n.] | route [n.]	n. 路径, 途径\n[医] 路径, 道	yes
decor	布置	n.	dual-source	tem8,toefl	tem8	yes	yes	no	yes	no	yes	bu zhi	2959	9880	arrange [v.] | decorate [v.]	n. 装饰, 布置	yes
disruption	分裂	n.	dual-source	toefl,ielts	toefl	yes	yes	no	yes	no	yes	fen lie	2936	6784	split [v.] | divide [v.]	n. 分裂, 崩溃, 瓦解	yes
rend	分裂	v.	dual-source	tem8,toefl	tem8	yes	yes	no	yes	yes	yes	fen lie	2936	27164	split [v.] | divide [v.]	vt. 分裂, 劈开, 强夺, 撕碎, 划破\nvi. 撕开, 裂开	yes
expulsion	开除	n.	dual-source	tem8,ielts	ielts,tem8	yes	yes	no	yes	no	yes	kai chu	2935	11268	expel [v.]	n. 逐出, 开除, 驱逐, 排气\n[医] 逼出	yes
extremity	极端	n.	dual-source	tem8,toefl	tem8,toefl	yes	yes	no	yes	no	yes	ji duan	2925	13554	extreme [adj.]	n. 极端, 极点, 困境, 绝境\n[医] 肢, 端	yes
connote	意味着	v.	dual-source	tem8,toefl	tem8,toefl	yes	yes	no	yes	yes	yes	yi wei zhe	2919	17617	mean [v.]	vt. 含蓄着, 内涵着, 意味着	yes
negate	否定	v.	dual-source	tem8,toefl	tem8,toefl	yes	yes	no	yes	yes	yes	fou ding	2910	12350	deny [v.]	vt. 否定, 否认, 取消\n[计] 非	yes
expulsion	驱逐	n.	dual-source	tem8,ielts	ielts,tem8	yes	yes	no	yes	no	yes	qu zhu	2901	11268	expel [v.] | drive out [v.]	n. 逐出, 开除, 驱逐, 排气\n[医] 逼出	yes
dislodge	驱逐	v.	dual-source	tem8,toefl	tem8,toefl	yes	yes	no	yes	yes	yes	qu zhu	2901	13346	expel [v.] | drive out [v.]	vt. 逐出, 使移动, 驱逐\nvi. 离开原位	yes
indict	起诉	v.	dual-source	tem8,toefl	tem8,toefl	yes	yes	no	yes	yes	yes	qi su	2894	6483	sue [v.] | prosecute [v.]	vt. 起诉, 控告, 指控\n[法] 控告, 揭发, 对...起诉	yes
hanker	渴望	v.	dual-source	tem8,toefl	tem8,toefl	yes	yes	no	yes	yes	yes	ke wang	2894	30477	crave [v.] | long for [v.]	vi. 渴望, 热切希望	yes
expiry	终结	n.	dual-source	tem8,ielts	ielts,tem8	yes	yes	no	yes	no	yes	zhong jie	2812	45750	end [v.] | terminate [v.]	n. 终结, 满期, 呼气, 断气\n[经] 满期, 到期	yes
heartbreak	心碎	n.	dual-source	tem8,toefl	tem8,toefl	yes	yes	no	yes	no	yes	xin sui	2796	14300	heartbroken [v.]	n. 心碎, 伤心事	yes
fond	温柔的	adj.	dual-source	tem8,toefl	tem8,toefl	yes	yes	no	no	new-key	yes	wen rou de	2768	6241		a. 喜欢的, 宠爱的, 温柔的	yes
brunt	冲击	n.	dual-source	tem8,ielts	ielts,tem8	yes	yes	no	yes	yes	yes	chong ji	2746	13686	impact [n.]	n. 主要冲力, 冲击	yes
validate	验证	v.	dual-source	tem8,toefl	tem8	yes	yes	no	yes	yes	yes	yan zheng	2723	7516	verify [v.]	vt. 使有效, 使生效, 确认, 证实, 验证\n[计] 验证	yes
accede	就任	v.	dual-source	tem8,toefl	tem8,toefl	yes	yes	no	yes	yes	yes	jiu ren	2704	17950	take office [v.]	vi. 同意, 正式加入, 就任, 继任	yes
refurbish	刷新	v.	dual-source	tem8,toefl	tem8,toefl	yes	yes	no	yes	yes	yes	shua xin	2703	15086	refresh [v.]	vt. 再磨光, 刷新	yes
rhino	现金	n.	dual-source	tem4,tem8	tem4,tem8	yes	yes	no	yes	yes	yes	xian jin	2700	16492	cash [n.]	n. 钱, 现金, 犀牛	yes
tact	手法	n.	dual-source	tem8,toefl	toefl	yes	yes	no	yes	yes	yes	shou fa	2632	17499	technique [n.]	n. 机智, 手法, 老练\n[经] (自动加工线的)生产节拍	yes
supposedly	恐怕	adv.	dual-source	toefl,ielts	ielts	yes	yes	no	yes	yes	yes	kong pa	2624	4551	perhaps [adv.] | i'm afraid [adv.]	adv. 想象上, 看上去像, 被认为是, 恐怕, 按照推测	yes
extravagance	奢侈	n.	dual-source	tem8,ielts	ielts,tem8	yes	yes	no	yes	no	yes	she chi	2621	17144	luxurious [adj.] | extravagant [adj.]	n. 奢侈, 浪费, 放肆的言行	yes
excavation	发掘	n.	dual-source	toefl,ielts	ielts,toefl	yes	yes	no	yes	no	yes	fa jue	2615	8898	excavate [v.] | unearth [v.]	n. 挖掘, 发掘, 挖掘的洞\n[医] 陷凹, 挖除	yes
defence	防卫	n.	dual-source	tem8,ielts	tem8	yes	yes	no	yes	no	yes	fang wei	2543	21674	defend [v.]	n. 防卫, 防卫设备\n[经] (诉讼程序中的)辩护	yes
televise	播映	v.	dual-source	tem8,toefl	toefl	yes	yes	no	yes	yes	yes	bo ying	2531	16618	broadcast [v.]	v. 用电视播放, 播映	yes
bolster	支撑	v.	dual-source	toefl,ielts	ielts	yes	yes	no	yes	yes	yes	zhi cheng	2523	6692	support [v.]	n. 支持, 长枕\nvt. 支持, 支撑	yes
suppression	镇压	n.	dual-source	tem8,ielts	ielts,tem8	yes	yes	no	yes	no	yes	zhen ya	2516	10147	suppress [v.] | put down [v.]	n. 抑压, 镇压, 抑制\n[计] 抑制	yes
quash	镇压	v.	dual-source	tem8,toefl	tem8,toefl	yes	yes	no	yes	yes	yes	zhen ya	2516	18281	suppress [v.] | put down [v.]	vt. 撤销, 平息, 镇压\n[法] 撤销, 废止, 宣布无效	yes
eclipse	日食	n.	dual-source	toefl,ielts	toefl	yes	yes	no	yes	yes	yes	ri shi	2447	7609	solar eclipse [n.]	n. 日食, 月食, (地位名誉等的)消失\nvt. 引起日食, 引起月食, 使黯然失色	yes
induct	引导	v.	dual-source	tem8,toefl	tem8,toefl	yes	yes	no	yes	yes	yes	yin dao	2432	14759	guide [v.]	vt. 引导, 使入门, 引入, 使就职	yes
zenith	顶点	n.	dual-source	tem8,toefl	tem8	yes	yes	no	yes	yes	yes	ding dian	2428	15834	apex [n.] | vertex [n.]	n. 顶点；最高点；顶峰	yes
participation	分享	n.	dual-source	toefl,ielts	ielts	yes	yes	no	yes	no	yes	fen xiang	2415	2214	share [v.]	n. 参与, 分享\n[经] 参与, 参股	yes
clergyman	牧师	n.	dual-source	tem8,toefl	tem8,toefl	yes	yes	no	yes	yes	yes	mu shi	2414	15346	pastor [n.] | priest [n.]	n. 牧师	yes
takeover	接管	n.	dual-source	tem4,tem8	tem4,tem8	yes	yes	no	yes	no	yes	jie guan	2409	7170	take over [v.]	n. 接管, 接收\n[经] 接收	yes
vivacity	快活	n.	dual-source	tem8,toefl	tem8	yes	yes	no	yes	no	yes	kuai huo	2399	32504	happy [adj.] | cheerful [adj.]	n. 快活, 活泼, 精神充沛	yes
seizure	夺取	n.	dual-source	tem4,tem8	tem4,tem8	yes	yes	no	yes	no	yes	duo qu	2387	7373	seize [v.] | capture [v.]	n. 捕获, 夺取, 占领, 捕获物, 没收, 充公\n[医] 发作; 癫痫发作	yes
scamper	奔跑	v.	dual-source	tem8,ielts	ielts,tem8	yes	yes	no	yes	yes	yes	ben pao	2383	14986	run [v.]	n. 蹦跳, 奔跑, 浏览\nvi. 蹦跳, 奔跑, 浏览	yes
vivacity	活泼	n.	dual-source	tem8,toefl	tem8	yes	yes	no	yes	no	yes	huo po	2358	32504	lively [adj.] | active [adj.]	n. 快活, 活泼, 精神充沛	yes
saloon	大厅	n.	dual-source	tem4,tem8	tem4,tem8	yes	yes	no	yes	yes	yes	da ting	2331	10447	hall [n.] | lobby [n.]	n. 大厅, 沙龙, 酒吧, 会客室	yes
fete	祭祀	n.	dual-source	tem8,toefl	tem8	yes	yes	no	yes	yes	yes	ji si	2327	23490	sacrifice [n.] | worship [n.]	n. 庆祝, 祭祀, 节日\nvt. 宴请, 招待	yes
diagnosis	诊断	n.	dual-source	tem8,toefl	tem8	yes	yes	no	yes	no	yes	zhen duan	2303	3594	diagnose [v.]	n. 诊断\n[计] 诊断	yes
seizure	没收	n.	dual-source	tem4,tem8	tem4,tem8	yes	yes	no	yes	no	yes	mo shou	2303	7373	confiscate [v.]	n. 捕获, 夺取, 占领, 捕获物, 没收, 充公\n[医] 发作; 癫痫发作	yes
expropriate	没收	v.	dual-source	tem8,toefl	tem8,toefl	yes	yes	no	yes	yes	yes	mo shou	2303	25270	confiscate [v.]	vt. 剥夺, 没收, 征用\n[法] 征用, 没收, 剥夺...的所有权	yes
savour	滋味	n.	dual-source	tem8,ielts	tem8	yes	yes	no	yes	yes	yes	zi wei	2290	40287	taste [n.]	n. 滋味, 气味, 食欲\nvi. 有...的滋味\nvt. 品味, 加调味品于, 使有风味, 尝到	yes
excavation	挖掘	n.	dual-source	toefl,ielts	ielts,toefl	yes	yes	no	yes	no	yes	wa jue	2285	8898	excavate [v.] | dig [v.]	n. 挖掘, 发掘, 挖掘的洞\n[医] 陷凹, 挖除	yes
convoy	护卫	n.	dual-source	tem8,toefl	tem8	yes	yes	no	yes	no	yes	hu wei	2283	8446	guard [v.]	n. 护送, 护卫\nvt. 护航, 护送	yes
restful	安静的	adj.	dual-source	tem8,toefl	tem8	yes	yes	no	yes	yes	yes	an jing de	2282	19602	quiet [adj.]	a. 给人休息的, 素雅的, 安静的	yes
espouse	赞成	v.	dual-source	tem8,toefl	tem8,toefl	yes	yes	no	yes	yes	yes	zan cheng	2277	9966	agree [v.] | approve [v.]	vt. 支持, 赞成, 嫁, 娶\n[法] 娶, 出嫁, 信奉	yes
assent	赞成	n.	dual-source	tem8,toefl	tem8	yes	yes	no	yes	no	yes	zan cheng	2277	16073	agree [v.] | approve [v.]	n. 赞成\nvi. 同意	yes
forlorn	孤独的	adj.	dual-source	tem8,toefl	tem8	yes	yes	no	yes	yes	yes	gu du de	2264	14953	lonely [adj.]	a. 孤独的, 悲惨的, 凄凉的	yes
guise	伪装	n.	dual-source	tem8,toefl	tem8	yes	yes	no	yes	no	yes	wei zhuang	2220	10606	disguise [v.]	n. 相似, 外观, 伪装\nv. 穿戴, 伪装	yes
guise	伪装	v.	dual-source	tem8,toefl	tem8	yes	yes	no	yes	yes	yes	wei zhuang	2220	10606	disguise [v.]	n. 相似, 外观, 伪装\nv. 穿戴, 伪装	yes
adamant	坚强的	adj.	dual-source	tem8,toefl	tem8	yes	yes	no	yes	yes	yes	jian qiang de	2218	11251	strong [adj.]	n. 坚硬的东西\na. 非常坚硬的, 坚强的, 固执的	yes
vestige	遗迹	n.	dual-source	tem8,toefl	tem8,toefl	yes	yes	no	yes	yes	yes	yi ji	2197	13119	ruins [n.] | relics [n.]	n. 遗迹, 痕迹, 残余, 丝毫, 退化的器官\n[医] 遗迹, 剩件, 剩余	yes
stimulation	刺激	n.	dual-source	tem8,toefl	tem8,toefl	yes	yes	no	yes	no	yes	ci ji	2191	7974	stimulate [v.] | provoke [v.]	n. 刺激, 激励, 鼓舞\n[医] 兴奋, 刺激	yes
prod	刺激	v.	dual-source	tem8,toefl	tem8	yes	yes	no	yes	yes	yes	ci ji	2191	9206	stimulate [v.] | provoke [v.]	n. 刺针, 刺棒, 激励话, 提醒物\nvt. 戳, 刺, 刺激\nvi. 戳, 刺	yes
introspection	反省	n.	dual-source	tem8,ielts	ielts,tem8	yes	yes	no	yes	no	yes	fan xing	2191	17911	reflect [v.]	n. 内省, 反省\n[医] 内省	yes
fete	招待	v.	dual-source	tem8,toefl	tem8	yes	yes	no	yes	yes	yes	zhao dai	2157	23490	entertain [v.] | host [v.]	n. 庆祝, 祭祀, 节日\nvt. 宴请, 招待	yes
secrecy	保密	n.	dual-source	tem8,toefl	tem8,toefl	yes	yes	no	yes	no	yes	bao mi	2126	7130	keep secret [v.]	n. 秘密, 保密\n[法] 秘密, 秘密状态, 保密	yes
dispersal	分散	n.	dual-source	toefl,ielts	ielts,toefl	yes	yes	no	yes	no	yes	fen san	2126	15305	disperse [v.]	n. 散布, 传播, 分散	yes
ancestry	祖先	n.	dual-source	tem8,toefl	tem8	yes	yes	no	yes	yes	yes	zu xian	2079	10801	ancestor [n.]	n. 祖先, 世系, 名门出身	yes
jot	少量	n.	dual-source	tem8,toefl	tem8	yes	yes	no	yes	yes	yes	shao liang	2073	13743	small amount [n.]	n. 少量, 稍许\nvt. 略记, 摘要记载下来	yes
outgoing	外出	n.	dual-source	tem8,toefl	tem8	yes	yes	no	yes	no	yes	wai chu	2064	9020	go out [v.]	n. 外出, 开支, 流出\na. 喜欢外出的, 即将离职的, 乐于助人的	yes
suppression	抑制	n.	dual-source	tem8,ielts	ielts,tem8	yes	yes	no	yes	no	yes	yi zhi	2018	10147	suppress [v.] | inhibit [v.]	n. 抑压, 镇压, 抑制\n[计] 抑制	yes
inhibition	抑制	n.	dual-source	tem4,toefl	tem4	yes	yes	no	yes	no	yes	yi zhi	2018	12343	suppress [v.] | inhibit [v.]	n. 禁止, 抑制, 压抑\n[计] 禁止	yes
emanate	散发	v.	dual-source	tem8,toefl	toefl	yes	yes	no	yes	yes	yes	san fa	2001	8681	emit [v.] | distribute [v.]	vi. 散发, 发出, 发源	yes
wry	扭曲	v.	dual-source	tem8,toefl	tem8	yes	yes	no	yes	yes	yes	niu qu	1974	12279	distort [v.]	a. 扭歪的, 歪曲的, 歪斜的\nv. 扭曲, 扭歪	yes
intimacy	亲密	n.	dual-source	tem8,toefl	tem8,toefl	yes	yes	no	yes	no	yes	qin mi	1964	5670	intimate [adj.] | close [adj.]	n. 亲密, 熟悉, 亲昵行为(言语)\n[法] 亲近的行为, 亲密, 隐私	yes
runaway	逃跑	n.	dual-source	tem4,tem8	tem4,tem8	yes	yes	no	yes	no	yes	tao pao	1959	9955	flee [v.] | run away [v.]	n. 逃跑, 逃走的人, 逃亡, 压倒性的优胜\na. 逃亡的, 逃走的	yes
deliberation	审议	n.	dual-source	tem8,toefl	tem8	yes	yes	no	yes	no	yes	shen yi	1934	7957	deliberate [v.] | review [v.]	n. 熟虑, 熟思, 审议\n[法] 慎重考虑, 商讨, 审议	yes
spoilage	损坏	n.	dual-source	toefl,ielts	ielts,toefl	yes	yes	no	yes	no	yes	sun huai	1917	29626	damage [v.]	n. 变质, 糟蹋, 损耗, 损坏\n[经] (原料,材料,产品)损坏	yes
pathway	路径	n.	dual-source	toefl,ielts	ielts	yes	yes	no	yes	yes	yes	lu jing	1892	6559	path [n.] | route [n.]	n. 路径, 途径\n[医] 路径, 道	yes
stimulation	激励	n.	dual-source	tem8,toefl	tem8,toefl	yes	yes	no	yes	no	yes	ji li	1884	7974	encourage [v.]	n. 刺激, 激励, 鼓舞\n[医] 兴奋, 刺激	yes
arousal	激励	n.	dual-source	toefl,ielts	toefl	yes	yes	no	yes	no	yes	ji li	1884	9686	encourage [v.]	n. 奋发, 激励	yes
impel	激励	v.	dual-source	tem8,toefl	tem8	yes	yes	no	yes	yes	yes	ji li	1884	16966	encourage [v.]	vt. 推动, 激励, 驱使, 迫使	yes
fray	争论	n.	dual-source	tem8,toefl	tem8	yes	yes	no	yes	no	yes	zheng lun	1874	11825	argue [v.]	n. 磨损, 打架, 争论\nvt. 使磨损\nvi. 被磨损	yes
haggle	争论	n.	dual-source	tem8,toefl	tem8	yes	yes	no	yes	no	yes	zheng lun	1874	16766	argue [v.]	vi. 争论, 杀价\nvt. 乱砍, 乱劈\nn. 杀价, 讨论, 争论	yes
oracle	预言	n.	dual-source	tem8,toefl	tem8	yes	yes	no	yes	yes	yes	yu yan	1786	17550	prophecy [n.]	n. 神谕, 神谕处, 预言	yes
foretell	预言	v.	dual-source	tem8,toefl	tem8	yes	yes	no	yes	no	yes	yu yan	1786	19663	prophecy [n.]	vt. 预言, 预告, 预示	yes
eschew	避开	v.	dual-source	tem8,toefl	tem8,toefl	yes	yes	no	yes	yes	yes	bi kai	1775	11880	avoid [v.]	vt. 避开, 远避	yes
foray	侵略	n.	dual-source	tem8,toefl	tem8	yes	yes	no	yes	no	yes	qin lve	1764	10224	invade [v.]	vi. 侵略, 劫掠, 袭击\nn. 侵掠, 侵略, 攻击	yes
languish	憔悴	v.	dual-source	tem8,toefl	tem8,toefl	yes	yes	no	yes	no	yes	qiao cui	1758	11648	haggard [adj.]	vi. 憔悴, 凋萎, 苦思	yes
inconvenience	不便	n.	dual-source	tem4,tem8	tem4,tem8	yes	yes	no	yes	no	yes	bu bian	1757	10754	inconvenient [adj.]	n. 不便, 困难\nvt. 使感不便, 使感困难	yes
oblivion	遗忘	n.	dual-source	tem8,toefl	tem8	yes	yes	no	yes	no	yes	yi wang	1757	12315	forget [v.]	n. 遗忘, (头脑的)一片空白状, 湮没, 大赦, 赦免\n[法] 忘却, 被忘却的事, 大赦	yes
exalt	赞扬	v.	dual-source	tem8,toefl	tem8	yes	yes	no	yes	yes	yes	zan yang	1726	17234	praise [v.]	vt. 提升, 提高, 赞扬, 使得意\nvi. 使人兴奋, 使人得意	yes
fealty	忠诚	n.	dual-source	tem8,toefl	tem8	yes	yes	no	yes	no	yes	zhong cheng	1664	26862	loyal [adj.] | faithful [adj.]	n. 忠诚, 忠贞, 忠实	yes
peppermint	薄荷	n.	dual-source	tem4,tem8	tem4,tem8	yes	yes	no	yes	yes	yes	bo he	1657	15155	mint [n.]	n. 薄荷, 薄荷油, 胡椒薄荷, 薄荷糖\n[化] 薄荷	yes
amenity	礼仪	n.	dual-source	tem8,toefl	tem8,toefl	yes	yes	no	yes	yes	yes	li yi	1633	999999	etiquette [n.] | manners [n.]	n. 便利设施, 适意, 礼仪\n[法] 舒适, 方便, 优雅	yes
incise	雕刻	v.	dual-source	tem8,toefl	tem8	yes	yes	no	yes	yes	yes	diao ke	1614	25389	carve [v.] | engrave [v.]	vt. 切割, 雕刻\n[医] 切	yes
topography	地势	n.	dual-source	tem8,toefl	tem8	yes	yes	no	yes	yes	yes	di shi	1599	13053	terrain [n.]	n. 地志, 地形学, 地势, 局部解剖学\n[医] 局部解剖, 局部记载	yes
repulse	击退	n.	dual-source	tem8,toefl	tem8	yes	yes	no	yes	no	yes	ji tui	1586	18145	repel [v.] | beat back [v.]	n. 击退, 拒绝\nvt. 厌恶, 击退, 拒绝	yes
fluency	流畅	n.	dual-source	tem8,ielts	ielts	yes	yes	no	yes	no	yes	liu chang	1556	13181	fluent [adj.]	n. 流畅, 雄辩, 善辩	yes
away	离去	adv.	dual-source	tem8,toefl	tem8,toefl	yes	yes	no	yes	no	yes	li qu	1551	269	leave [v.] | depart [v.]	adv. 离去	yes
ethic	伦理	n.	dual-source	tem8,toefl	tem8,toefl	yes	yes	no	yes	yes	yes	lun li	1550	7137	ethics [n.]	n. 道德规范, 伦理	yes
acrimony	严厉	n.	dual-source	tem8,toefl	tem8	yes	yes	no	yes	no	yes	yan li	1547	22245	strict [adj.] | severe [adj.]	n. 严厉, 尖刻\n[医] 辛辣	yes
decadence	颓废	n.	dual-source	tem8,toefl	tem8	yes	yes	no	yes	no	yes	tui fei	1521	17922	decadent [adj.]	n. 颓废	yes
custody	拘留	n.	dual-source	tem4,tem8	tem4,tem8	yes	yes	no	yes	no	yes	ju liu	1507	4422	detain [v.]	n. 监护, 拘留, 监禁\n[经] 保管, 照顾, 保护	yes
aversion	厌恶	n.	dual-source	tem8,toefl	tem8	yes	yes	no	yes	no	yes	yan wu	1503	12694	detest [v.]	n. 厌恶, 讨厌的事, 讨厌的人\n[医] 厌恶, 移转, 移位	yes
sufficiency	充足	n.	dual-source	tem8,toefl	tem8,toefl	yes	yes	no	yes	no	yes	chong zu	1501	24932	sufficient [adj.]	n. 充足, 充分的数量, 自负	yes
belie	掩饰	v.	dual-source	tem8,toefl	tem8,toefl	yes	yes	no	yes	yes	yes	yan shi	1500	14713	cover up [v.] | conceal [v.]	vt. 掩饰, 与...不符, 使失望	yes
affluence	富裕	n.	dual-source	tem8,toefl	tem8	yes	yes	no	yes	no	yes	fu yu	1500	14739	wealthy [adj.]	n. 富裕, 丰富, 流注\n[医] 丰富, 流入	yes
opulence	富裕	n.	dual-source	toefl,ielts	ielts	yes	yes	no	yes	no	yes	fu yu	1500	21823	wealthy [adj.]	n. 富裕, 丰富, 大量	yes
attrition	摩擦	n.	dual-source	tem8,toefl	tem8	yes	yes	no	yes	no	yes	mo ca	1490	11848	rub [v.]	n. 摩擦, 磨损\n[医] 擦除术; 磨耗	yes
seethe	冒泡	v.	dual-source	tem8,toefl	tem8	yes	yes	no	yes	yes	yes	mao pao	1484	14528	bubble [v.]	vi. 冒泡, 沸腾\nvt. 使煮沸, 使浸透\nn. 翻腾	yes
vocal	元音	n.	dual-source	tem8,toefl	tem8,toefl	yes	yes	no	yes	yes	yes	yuan yin	1426	4488	vowel [n.]	a. 嗓音的, 声音的, 有声的, 歌唱的\nn. 元音, 声乐作品	yes
dissension	纠纷	n.	dual-source	tem8,toefl	tem8,toefl	yes	yes	no	yes	yes	yes	jiu fen	1426	19856	dispute [n.] | conflict [n.]	n. 意见不合, 纠纷, 争吵\n[法] 异议, 纷争	yes
excellence	卓越	n.	dual-source	tem8,toefl	toefl	yes	yes	no	yes	no	yes	zhuo yue	1420	5804	excellent [adj.] | outstanding [adj.]	n. 优秀, 卓越, 优点	yes
microbe	细菌	n.	dual-source	toefl,ielts	toefl	yes	yes	no	yes	yes	yes	xi jun	1394	10126	bacteria [n.]	n. 微生物, 细菌\n[医] 微生物	yes
instalment	就职	n.	dual-source	tem8,ielts	tem8	yes	yes	no	yes	no	yes	jiu zhi	1392	999999	take office [v.]	n. 就职, 装设, 分期付款	yes
convergence	收敛	n.	dual-source	tem8,toefl	toefl	yes	yes	no	yes	no	yes	shou lian	1391	10036	restrain [v.] | converge [v.]	n. 集中, 收敛\n[计] 收敛, 会聚	yes
hurtle	碰撞	n.	dual-source	tem8,toefl	tem8	yes	yes	no	yes	no	yes	peng zhuang	1391	12521	collide [v.]	vi. 猛冲, 碰撞, 突进\nvt. 猛撞, 猛投\nn. 投掷, 碰撞, 碰撞声	yes
lurch	倾斜	v.	dual-source	tem8,toefl	tem8	yes	yes	no	yes	yes	yes	qing xie	1383	9145	tilt [v.]	n. 惨败, 倾斜, 挫折, 举步蹒跚, 徘徊\nvi. 惨败, 倾斜, 徘徊\nvt. 击败	yes
expropriate	剥夺	v.	dual-source	tem8,toefl	tem8	yes	yes	no	yes	yes	yes	bo duo	1379	25270	deprive [v.]	vt. 剥夺, 没收, 征用\n[法] 征用, 没收, 剥夺...的所有权	yes
imposition	征收	n.	dual-source	tem8,toefl	tem8	yes	yes	no	yes	no	yes	zheng shou	1361	11155	levy [v.] | collect [v.]	n. 征收, 课税, 强加, 欺骗\n[经] 征税, 税, 税款	yes
reminiscence	怀旧	n.	dual-source	tem4,tem8	tem4,tem8	yes	yes	no	yes	no	yes	huai jiu	1329	17145	nostalgia [v.]	n. 回想, 回忆, 怀旧, 话旧	yes
asylum	庇护	n.	dual-source	tem8,ielts	tem8	yes	yes	no	yes	no	yes	bi hu	1284	7774	shelter [v.]	n. 庇护, 收容所\n[医] 养育院	yes
impediment	妨碍	n.	dual-source	tem8,toefl	tem8,toefl	yes	yes	no	yes	no	yes	fang ai	1284	10593	hinder [v.] | obstruct [v.]	n. 妨碍, 障碍, 阻止, 口吃\n[经] 对履行义务的阻碍	yes
fermentation	发酵	n.	dual-source	tem8,toefl	tem8	yes	yes	no	yes	no	yes	fa jiao	1277	19326	ferment [v.]	n. 发酵\n[化] 发酵	yes
bondage	束缚	n.	dual-source	tem8,toefl	tem8	yes	yes	no	yes	no	yes	shu fu	1264	16176	bind [v.] | restrict [v.]	n. 奴役, 束缚\n[法] 束缚, 监禁, 奴隶	yes
manacle	束缚	n.	dual-source	tem8,ielts	tem8	yes	yes	no	yes	no	yes	shu fu	1264	32808	bind [v.] | restrict [v.]	n. 手铐, 束缚\nvt. 给...上手铐, 束缚	yes
manacle	束缚	v.	dual-source	tem8,ielts	ielts,tem8	yes	yes	no	yes	yes	yes	shu fu	1264	32808	bind [v.] | restrict [v.]	n. 手铐, 束缚\nvt. 给...上手铐, 束缚	yes
consolidation	巩固	n.	dual-source	toefl,ielts	ielts,toefl	yes	yes	no	yes	no	yes	gong gu	1259	8504	consolidate [v.] | strengthen [v.]	n. 巩固, 团结, 合并, 加强\n[医] 实变	yes
eagerness	热心	n.	dual-source	tem4,tem8	tem4,tem8	yes	yes	no	yes	no	yes	re xin	1251	12855	enthusiastic [adj.]	n. 热心	yes
intrusion	闯入	n.	dual-source	toefl,ielts	ielts,toefl	yes	yes	no	yes	no	yes	chuang ru	1242	8731	break into [v.]	n. 闯入, 侵扰\n[医] [向内]突入	yes
submission	服从	n.	dual-source	tem8,toefl	tem8,toefl	yes	yes	no	yes	no	yes	fu cong	1203	8114	obey [v.]	n. 屈服, 服从, 谦恭, 呈递, 提交, 意见\n[经] 提交, 提出, 提交公断	yes
subjection	服从	n.	dual-source	tem8,toefl	tem8	yes	yes	no	yes	no	yes	fu cong	1203	27879	obey [v.]	n. 征服, 服从, 隶属\n[法] 隶属, 服从, 屈从	yes
fluorescent	荧光	n.	dual-source	tem8,toefl	tem8	yes	yes	no	yes	yes	yes	ying guang	1178	9083	fluorescence [n.]	n. 荧光\na. 荧光的	yes
wag	饶舌	v.	dual-source	tem8,toefl	tem8	yes	yes	no	yes	no	yes	rao she	1168	11879	talkative [adj.]	vt. 摇摆, 摇动, 饶舌\nvi. 摆动, 喋喋不休\nn. 摇摆, 爱说笑打趣的人	yes
abode	住所	n.	dual-source	tem8,ielts	ielts	yes	yes	no	yes	yes	yes	zhu suo	1138	19221	address [n.]	n. 住所, 住处\nabide的过去式和过去分词	yes
upheaval	举起	n.	dual-source	tem8,toefl	tem8	yes	yes	no	yes	no	yes	ju qi	1135	9076	raise [v.]	n. 举起, 隆起, 大变动, 剧变	yes
dismissal	解雇	n.	dual-source	tem4,tem8	tem4,tem8	yes	yes	no	yes	no	yes	jie gu	1127	8931	fire [v.] | dismiss [v.]	n. 免职, 解雇\n[经] 解雇	yes
seizure	捕获	n.	dual-source	tem4,tem8	tem4,tem8	yes	yes	no	yes	no	yes	bu huo	1120	7373	capture [v.]	n. 捕获, 夺取, 占领, 捕获物, 没收, 充公\n[医] 发作; 癫痫发作	yes
convoy	护航	v.	dual-source	tem8,toefl	tem8	yes	yes	no	yes	yes	yes	hu hang	1112	8446	escort [v.]	n. 护送, 护卫\nvt. 护航, 护送	yes
tenancy	租赁	n.	dual-source	tem8,ielts	ielts	yes	yes	no	yes	no	yes	zu lin	1094	30122	rent [v.] | lease [v.]	n. 租用, 租赁\n[经] 租赁, 租回	yes
binge	狂欢	n.	dual-source	tem8,toefl	tem8,toefl	yes	yes	no	yes	no	yes	kuang huan	1058	12678	revel [v.]	n. 狂闹, 狂欢	yes
sidestep	台阶	n.	dual-source	tem8,toefl	tem8	yes	yes	no	yes	yes	yes	tai jie	1053	13073	step [n.] | stair [n.]	n. 横跨的一步, 台阶\nvt. 横跨一步躲避, 回避\nvi. 回避问题, 躲避打击	yes
inflow	流入	n.	dual-source	tem8,toefl	tem8,toefl	yes	yes	no	yes	no	yes	liu ru	1046	15695	flow into [v.]	n. 流入, 流入物	yes
fetish	迷信	n.	dual-source	tem8,toefl	tem8	yes	yes	no	yes	yes	yes	mi xin	1039	15974	superstition [n.]	n. 物神, 偶像, 迷信\n[医] 恋物对象	yes
convoy	护送	n.	dual-source	tem8,toefl	tem8	yes	yes	no	yes	no	yes	hu song	1038	8446	escort [v.]	n. 护送, 护卫\nvt. 护航, 护送	yes
convoy	护送	v.	dual-source	tem8,toefl	tem8	yes	yes	no	yes	yes	yes	hu song	1038	8446	escort [v.]	n. 护送, 护卫\nvt. 护航, 护送	yes
illiteracy	文盲	n.	dual-source	tem4,tem8	tem4,tem8	yes	yes	no	yes	yes	yes	wen mang	1038	16517	illiterate [n.]	n. 文盲, 无知	yes
abstinence	节制	n.	dual-source	tem8,toefl	tem8	yes	yes	no	yes	no	yes	jie zhi	1015	10794	moderate [v.] | control [v.]	n. 节制, 禁欲, 戒酒\n[医] 节制, 禁戒(如禁酒,节欲)	yes
abstinence	戒酒	n.	dual-source	tem8,toefl	tem8	yes	yes	no	yes	no	yes	jie jiu	1011	10794	quit drinking [v.]	n. 节制, 禁欲, 戒酒\n[医] 节制, 禁戒(如禁酒,节欲)	yes
lurch	挫折	n.	dual-source	tem8,toefl	tem8	yes	yes	no	yes	yes	yes	cuo zhe	1010	9145	setback [n.] | frustration [n.]	n. 惨败, 倾斜, 挫折, 举步蹒跚, 徘徊\nvi. 惨败, 倾斜, 徘徊\nvt. 击败	yes
rite	惯例	n.	dual-source	tem8,toefl	tem8	yes	yes	no	yes	yes	yes	guan li	1009	6510	convention [n.]	n. 仪式, 典礼, 惯例, 礼拜式	yes
rainproof	雨衣	n.	dual-source	tem4,tem8	tem4,tem8	yes	yes	no	yes	yes	yes	yu yi	1000	999999	raincoat [n.]	a. 防雨的\nn. 雨衣, 雨披	yes
snout	烟草	n.	dual-source	tem8,toefl	tem8	yes	yes	no	yes	yes	yes	yan cao	994	14549	tobacco [n.]	n. 鼻口部, 鼻子, 口吻状物, 烟草	yes
assortment	各种各样	n.	dual-source	tem8,toefl	toefl	yes	yes	no	yes	no	yes	ge zhong ge yang	980	8790	various [adj.] | all kinds [adj.]	n. 分类, 各种各样\n[医] [遗传]配列	yes
outgoing	开支	n.	dual-source	tem8,toefl	tem8	yes	yes	no	yes	yes	yes	kai zhi	972	9020	expense [n.] | spending [n.]	n. 外出, 开支, 流出\na. 喜欢外出的, 即将离职的, 乐于助人的	yes
microbe	微生物	n.	dual-source	toefl,ielts	ielts,toefl	yes	yes	no	yes	yes	yes	wei sheng wu	972	10126	microorganism [n.]	n. 微生物, 细菌\n[医] 微生物	yes
forestall	垄断	v.	dual-source	tem8,toefl	tem8	yes	yes	no	yes	yes	yes	long duan	963	16160	monopolize [v.]	vt. 预先阻止, 先...一步行动, 占先一步, 垄断, 阻碍\n[法] 先采取行动预防或阻止, 垄断	yes
dispersal	散布	n.	dual-source	toefl,ielts	ielts,toefl	yes	yes	no	yes	no	yes	san bu	940	15305	spread [v.] | scatter [v.]	n. 散布, 传播, 分散	yes
quash	平息	v.	dual-source	tem8,toefl	toefl	yes	yes	no	yes	yes	yes	ping xi	940	18281	calm [v.] | subside [v.]	vt. 撤销, 平息, 镇压\n[法] 撤销, 废止, 宣布无效	yes
mollify	平息	v.	dual-source	tem8,toefl	tem8	yes	yes	no	yes	yes	yes	ping xi	940	21490	calm [v.] | subside [v.]	vt. 平息, 缓和, 减轻, 使变软	yes
reinforcement	增援	n.	dual-source	tem8,ielts	ielts,tem8	yes	yes	no	yes	no	yes	zeng yuan	939	7506	reinforce [v.]	n. 加强, 增援, 补充, 援军, 加固物\n[化] 补强; 加强件	yes
squabble	争吵	n.	dual-source	tem8,toefl	tem8	yes	yes	no	yes	no	yes	zheng chao	933	17073	quarrel [v.]	vi. 争吵, 口角\nn. 争吵, 口角	yes
dissension	争吵	n.	dual-source	tem8,toefl	tem8	yes	yes	no	yes	no	yes	zheng chao	933	19856	quarrel [v.]	n. 意见不合, 纠纷, 争吵\n[法] 异议, 纷争	yes
ablaze	闪耀	adv.	dual-source	tem8,toefl	tem8	yes	yes	no	yes	no	yes	shan yao	928	16903	shine [v.]	a. 着火的, 闪亮的, 激昂的\nadv. 着火, 闪耀	yes
decry	诽谤	v.	dual-source	tem8,toefl	tem8	yes	yes	no	yes	yes	yes	fei bang	917	11621	slander [v.]	vt. 反对, 责难, 诽谤, 诋毁	yes
libel	诽谤	v.	dual-source	toefl,ielts	ielts,toefl	yes	yes	no	yes	yes	yes	fei bang	917	15335	slander [v.]	n. 以文字损害名誉, 诽谤罪, 侮辱\nv. 诽谤, 中伤, 损害名誉	yes
malign	诽谤	v.	dual-source	tem8,toefl	tem8	yes	yes	no	yes	yes	yes	fei bang	917	19612	slander [v.]	a. 有害的, 恶性的, 有恶意的\nvt. 诽谤, 说坏话	yes
presuppose	预料	v.	dual-source	tem8,ielts	tem8	yes	yes	no	yes	yes	yes	yu liao	913	14031	expect [v.] | anticipate [v.]	vt. 预先假定, 预料, 以...为先决条件	yes
vestige	丝毫	n.	dual-source	tem8,toefl	toefl	yes	yes	no	yes	no	yes	si hao	896	13119	slightest [adv.]	n. 遗迹, 痕迹, 残余, 丝毫, 退化的器官\n[医] 遗迹, 剩件, 剩余	yes
depose	作证	v.	dual-source	tem8,toefl	tem8	yes	yes	no	yes	yes	yes	zuo zheng	884	15933	testify [v.]	vt. 免职, 废黜, 作证\nvi. 作证, 供证	yes
quotient	份额	n.	dual-source	tem8,toefl	tem8,toefl	yes	yes	no	yes	yes	yes	fen e	855	17798	share [n.]	n. 商, 份额\n[计] 商	yes
shimmer	闪光	n.	dual-source	tem8,ielts	tem8	yes	yes	no	yes	yes	yes	shan guang	841	14417	flash [n.] | glint [n.]	n. 微光, 闪光\nvi. 闪烁\nvt. 使闪烁	yes
epitomise	概括	v.	dual-source	tem8,ielts	ielts	yes	yes	no	yes	yes	yes	gai kuo	841	999999	summarize [v.]	vt. 对...作摘要, 集中体现, 成为...的化身, 成为...的缩影, 概括	yes
upsurge	高潮	n.	dual-source	tem8,toefl	tem8	yes	yes	no	yes	yes	yes	gao chao	833	20132	climax [n.]	vi. 高涨, 涌起\nn. 增长, 高潮	yes
shrinkage	收缩	n.	dual-source	tem8,toefl	tem8,toefl	yes	yes	no	yes	no	yes	shou suo	824	20716	contract [v.]	n. 收缩, 收缩量, 减低\n[化] 起皱; 收缩; 收缩量	yes
demolition	毁坏	n.	dual-source	toefl,ielts	ielts,toefl	yes	yes	no	yes	no	yes	hui huai	821	10854	destroy [v.]	n. 破坏, 毁坏, 撤销\n[经] 拆毁(除,破坏)	yes
dismissal	免职	n.	dual-source	tem4,tem8	tem4,tem8	yes	yes	no	yes	no	yes	mian zhi	818	8931	dismiss [v.]	n. 免职, 解雇\n[经] 解雇	yes
depose	免职	v.	dual-source	tem8,toefl	tem8	yes	yes	no	yes	yes	yes	mian zhi	818	15933	dismiss [v.]	vt. 免职, 废黜, 作证\nvi. 作证, 供证	yes
snarl	咆哮	n.	dual-source	tem8,toefl	tem8	yes	yes	no	yes	no	yes	pao xiao	814	12288	roar [v.]	vi. 吼叫, 怒骂, 缠结\nvt. 咆哮着说, 搞乱, 使缠结\nn. 咆哮, 吼叫, 怒骂, 缠结, 混乱	yes
outgoing	流出	n.	dual-source	tem8,toefl	tem8	yes	yes	no	yes	no	yes	liu chu	808	9020	flow out [v.]	n. 外出, 开支, 流出\na. 喜欢外出的, 即将离职的, 乐于助人的	yes
attrition	磨损	n.	dual-source	tem8,toefl	tem8	yes	yes	no	yes	no	yes	mo sun	804	11848	wear [v.]	n. 摩擦, 磨损\n[医] 擦除术; 磨耗	yes
incise	切割	v.	dual-source	tem8,toefl	tem8,toefl	yes	yes	no	yes	yes	yes	qie ge	787	25389	cut [v.]	vt. 切割, 雕刻\n[医] 切	yes
contour	轮廓	n.	dual-source	tem8,toefl	tem8,toefl	yes	yes	no	yes	yes	yes	lun kuo	781	7917	outline [n.]	n. 轮廓\nvt. 画轮廓\na. 显示轮廓的\n[计] 轮廓	yes
doodle	涂鸦	v.	dual-source	tem8,toefl	tem8	yes	yes	no	yes	no	yes	tu ya	770	21799	graffiti [n.]	vi. 涂鸦, 混时间\nn. 傻子	yes
ablaze	着火	adv.	dual-source	tem8,toefl	tem8	yes	yes	no	yes	no	yes	zhao huo	767	16903	catch fire [v.]	a. 着火的, 闪亮的, 激昂的\nadv. 着火, 闪耀	yes
indict	控告	v.	dual-source	tem8,toefl	tem8,toefl	yes	yes	no	yes	yes	yes	kong gao	751	6483	accuse [v.] | sue [v.]	vt. 起诉, 控告, 指控\n[法] 控告, 揭发, 对...起诉	yes
versatility	多才多艺	n.	dual-source	tem8,toefl	tem8	yes	yes	no	yes	no	yes	duo cai duo yi	751	12349	versatile [adj.]	n. 多用途, 多才多艺, 易变	yes
prowess	英勇	n.	dual-source	tem8,ielts	tem8	yes	yes	no	yes	no	yes	ying yong	746	11047	brave [adj.]	n. 英勇, 勇敢, 超凡技术	yes
drapery	布料	n.	dual-source	tem8,toefl	tem8	yes	yes	no	yes	yes	yes	bu liao	746	14987	fabric [n.]	n. 帏帐, 布料	yes
collusion	勾结	n.	dual-source	tem8,toefl	tem8	yes	yes	no	yes	no	yes	gou jie	709	16440	collude [v.]	n. 共谋, 勾结\n[经] 勾结, 串通, 串同舞弊	yes
deadweight	自重	n.	dual-source	tem4,tem8	tem4,tem8	yes	yes	no	yes	no	yes	zi zhong	709	36522	self-respect [v.]	n. 自重, 重负\n[法] 载重量, 载重吨位	yes
vestige	残余	n.	dual-source	tem8,toefl	tem8,toefl	yes	yes	no	yes	yes	yes	can yu	706	13119	remnant [n.] | residue [n.]	n. 遗迹, 痕迹, 残余, 丝毫, 退化的器官\n[医] 遗迹, 剩件, 剩余	yes
encumber	阻塞	v.	dual-source	tem8,toefl	tem8	yes	yes	no	yes	yes	yes	zu se	702	27430	block [v.] | obstruct [v.]	vt. 妨害, 阻塞, 拖累\n[经] 使负(债等), 负有义务	yes
mollify	缓和	v.	dual-source	tem8,toefl	tem8	yes	yes	no	yes	yes	yes	huan he	692	21490	ease [v.] | relieve [v.]	vt. 平息, 缓和, 减轻, 使变软	yes
crockery	陶器	n.	dual-source	tem8,ielts	ielts,tem8	yes	yes	no	yes	yes	yes	tao qi	691	26562	pottery [n.] | ceramics [n.]	n. 陶器, 瓦器\n[化] 土器	yes
submission	屈服	n.	dual-source	tem8,toefl	toefl	yes	yes	no	yes	no	yes	qu fu	679	8114	yield [v.] | submit [v.]	n. 屈服, 服从, 谦恭, 呈递, 提交, 意见\n[经] 提交, 提出, 提交公断	yes
austerity	朴素	n.	dual-source	tem8,toefl	tem8	yes	yes	no	yes	no	yes	pu su	671	14652	plain [adj.] | simple [adj.]	n. 朴素, 苦行, 严格, 严峻	yes
subtlety	微妙	n.	dual-source	tem8,toefl	tem8,toefl	yes	yes	no	yes	no	yes	wei miao	670	11040	subtle [adj.] | delicate [adj.]	n. 微妙, 精明	yes
oblivion	赦免	n.	dual-source	tem8,toefl	tem8	yes	yes	no	yes	no	yes	she mian	669	12315	pardon [v.] | absolve [v.]	n. 遗忘, (头脑的)一片空白状, 湮没, 大赦, 赦免\n[法] 忘却, 被忘却的事, 大赦	yes
aridity	干旱	n.	dual-source	toefl,ielts	ielts,toefl	yes	yes	no	yes	no	yes	gan han	667	33318	dry [adj.]	n. 干旱, 不毛, 乏味	yes
strut	支柱	n.	dual-source	tem8,toefl	tem8	yes	yes	no	yes	yes	yes	zhi zhu	665	11486	pillar [n.] | mainstay [n.]	n. 高视阔步, 支柱, 压杆\nvi. 趾高气扬地走, 肿胀\nvt. 用支柱支撑, 炫耀	yes
oscillate	振动	v.	dual-source	toefl,ielts	ielts	yes	yes	no	yes	no	yes	zhen dong	662	19205	vibration [n.]	vi. 振动, 彷徨, 犹豫\nvt. 使振动, 使动摇	yes
vicar	代理人	n.	dual-source	tem4,tem8	tem4,tem8	yes	yes	no	yes	yes	yes	dai li ren	656	21524	agent [n.]	n. 教区牧师, 教堂主持, 代理人\n[法] 代表, 代理牧师, 代理主教	yes
smokestack	烟囱	n.	dual-source	tem4,tem8	tem4,tem8	yes	yes	no	yes	yes	yes	yan cong	654	18023	chimney [n.]	n. 烟囱\n[机] 烟堆	yes
hoax	恶作剧	n.	dual-source	tem8,toefl	tem8	yes	yes	no	yes	yes	yes	e zuo ju	653	13170	prank [n.] | mischief [n.]	vt. 欺骗, 哄骗, 愚弄\nn. 愚弄人, 恶作剧	yes
monotony	单调	n.	dual-source	tem8,toefl	tem8,toefl	yes	yes	no	yes	no	yes	dan diao	645	19859	monotonous [adj.] | dull [adj.]	n. 单调, 缺乏变化	yes
humdrum	单调	n.	dual-source	tem8,ielts	tem8	yes	yes	no	yes	no	yes	dan diao	645	25248	monotonous [adj.] | dull [adj.]	a. 平凡的, 单调的, 令人厌烦的\nn. 平凡, 单调, 无聊\nvi. 单调令味地进行	yes
apprehend	忧虑	v.	dual-source	tem8,toefl	tem8	yes	yes	no	yes	no	yes	you lv	632	11622	worry [n.] | concern [n.]	vt. 理解, 忧虑, 逮捕\nvi. 担心, 理解	yes
fright	吃惊	n.	dual-source	tem8,toefl	toefl	yes	yes	no	yes	no	yes	chi jing	630	12606	be surprised [v.]	n. 惊骇, 吃惊\n[医] 惊吓	yes
exacerbate	激怒	v.	dual-source	tem8,ielts	tem8	yes	yes	no	yes	yes	yes	ji nu	622	7171	enrage [v.]	vt. 使恶化, 使增剧, 激怒, 使加剧	yes
madden	激怒	v.	dual-source	tem8,ielts	tem8	yes	yes	no	yes	yes	yes	ji nu	622	11276	enrage [v.]	vt. 使发狂, 激怒\nvi. 发狂, 发怒	yes
pique	激怒	v.	dual-source	tem8,toefl	toefl	yes	yes	no	yes	yes	yes	ji nu	622	16736	enrage [v.]	n. 赌气, 愤怒, 不快, 凹凸织物\nvt. 伤害...自尊心, 激怒, 刺激, 引起兴趣, 使兴奋	yes
inverse	反面	n.	dual-source	tem8,toefl	toefl	yes	yes	no	yes	yes	yes	fan mian	620	16580	reverse side [n.]	a. 倒转的, 相反的\nn. 反向, 反面\n[计] 反白, 反色	yes
declaim	朗读	v.	dual-source	tem8,toefl	tem8	yes	yes	no	yes	yes	yes	lang du	617	25530	read aloud [v.]	v. 慷慨陈词, 演讲, 朗读	yes
tenancy	租用	n.	dual-source	tem8,ielts	tem8	yes	yes	no	yes	no	yes	zu yong	616	30122	rent [v.] | lease [v.]	n. 租用, 租赁\n[经] 租赁, 租回	yes
matron	主妇	n.	dual-source	tem8,toefl	tem8,toefl	yes	yes	no	yes	yes	yes	zhu fu	613	16474	housewife [n.]	n. 妇女, 主妇, 女总管\n[医] 管理员, 保姆	yes
parry	回避	n.	dual-source	tem8,toefl	tem8	yes	yes	no	yes	no	yes	hui bi	608	25178	avoid [v.] | evade [v.]	vt. 挡开, 回避, 闪避的回答\nn. 挡开, 回避, 闪避的回答	yes
imbibe	吸入	v.	dual-source	tem8,toefl	tem8	yes	yes	no	yes	yes	yes	xi ru	601	23983	inhale [v.]	vt. 饮, 吸取, 吸入\nvi. 喝, 吸收水分	yes
spoilage	变质	n.	dual-source	toefl,ielts	ielts	yes	yes	no	yes	no	yes	bian zhi	596	29626	deteriorate [v.] | go bad [v.]	n. 变质, 糟蹋, 损耗, 损坏\n[经] (原料,材料,产品)损坏	yes
adherence	依附	n.	dual-source	tem8,toefl	tem8	yes	yes	no	yes	no	yes	yi fu	590	9972	depend on [v.] | cling to [v.]	n. 依附, 固执, 坚持\n[化] 粘合	yes
dislodge	逐出	v.	dual-source	tem8,toefl	tem8	yes	yes	no	yes	yes	yes	zhu chu	587	13346	expel [v.]	vt. 逐出, 使移动, 驱逐\nvi. 离开原位	yes
anomaly	不规则	n.	dual-source	tem8,toefl	tem8,toefl	yes	yes	no	yes	no	yes	bu gui ze	585	8881	irregular [adj.]	n. 不规则, 反常事物, 畸形\n[医] 异常, 反常	yes
affront	冒犯	v.	dual-source	tem8,toefl	tem8,toefl	yes	yes	no	yes	yes	yes	mao fan	581	16245	offend [v.]	n. 公开侮辱, 轻蔑\nvt. 公开侮辱, 冒犯, 面对	yes
animosity	敌意	n.	dual-source	tem8,toefl	tem8	yes	yes	no	yes	yes	yes	di yi	580	11656	hostility [n.]	n. 仇恨, 憎恶, 敌意	yes
tint	浅色	n.	dual-source	tem8,toefl	tem8	yes	yes	no	yes	yes	yes	qian se	577	15007	light color [n.]	n. 色彩, 浅色\nvt. 染色于	yes
reinforcement	援军	n.	dual-source	tem8,ielts	tem8	yes	yes	no	yes	yes	yes	yuan jun	556	7506	reinforcements [n.]	n. 加强, 增援, 补充, 援军, 加固物\n[化] 补强; 加强件	yes
expropriate	征用	v.	dual-source	tem8,toefl	tem8,toefl	yes	yes	no	yes	yes	yes	zheng yong	556	25270	requisition [v.]	vt. 剥夺, 没收, 征用\n[法] 征用, 没收, 剥夺...的所有权	yes
canter	慢跑	n.	dual-source	tem8,toefl	tem8	yes	yes	no	yes	no	yes	man pao	554	29652	jog [v.]	n. 慢跑, 流浪汉\nvi. 慢跑\nvt. 使慢跑	yes
canter	慢跑	v.	dual-source	tem8,toefl	tem8	yes	yes	no	yes	yes	yes	man pao	554	29652	jog [v.]	n. 慢跑, 流浪汉\nvi. 慢跑\nvt. 使慢跑	yes
corollary	推论	n.	dual-source	tem8,toefl	tem8	yes	yes	no	yes	yes	yes	tui lun	538	14911	inference [n.]	n. 必然的结果, 系, 推论	yes
stimulation	鼓舞	n.	dual-source	tem8,toefl	tem8	yes	yes	no	yes	no	yes	gu wu	528	7974	inspire [v.] | encourage [v.]	n. 刺激, 激励, 鼓舞\n[医] 兴奋, 刺激	yes
instalment	装设	n.	dual-source	tem8,ielts	tem8	yes	yes	no	yes	no	yes	zhuang she	516	999999	install [v.]	n. 就职, 装设, 分期付款	yes
flair	资质	n.	dual-source	tem8,toefl	tem8	yes	yes	no	yes	yes	yes	zi zhi	514	11212	qualification [n.]	n. 鉴别力, 才能, 天资, 资质, 眼光	yes
recoup	偿还	v.	dual-source	tem8,toefl	tem8	yes	yes	no	yes	yes	yes	chang huan	502	13747	repay [v.]	vt. 偿还, 赔偿, 补偿, 扣除\nvi. 补偿损失	yes
imposition	强加	n.	dual-source	tem8,toefl	tem8	yes	yes	no	yes	no	yes	qiang jia	501	11155	impose [v.]	n. 征收, 课税, 强加, 欺骗\n[经] 征税, 税, 税款	yes
renunciation	弃权	n.	dual-source	tem8,toefl	tem8	yes	yes	no	yes	no	yes	qi quan	496	20747	abstain [v.]	n. 放弃, 废弃, 弃权, 脱离关系\n[法] 放弃, 抛弃, 脱离关系	yes
disclaim	弃权	v.	dual-source	tem8,toefl	tem8	yes	yes	no	yes	yes	yes	qi quan	496	26866	abstain [v.]	v. 放弃, 弃权, 拒绝承认	yes
pretension	自负	n.	dual-source	toefl,ielts	ielts,toefl	yes	yes	no	yes	no	yes	zi fu	494	14551	arrogant [adj.]	n. 自负, 骄傲, 主张	yes
nude	裸体	n.	dual-source	tem8,toefl	tem8	yes	yes	no	yes	yes	yes	luo ti	487	7575	nudity [n.]	a. 裸的, 肉色的, 无装饰的\nn. 裸体画, 裸体	yes
menial	仆人	n.	dual-source	tem8,toefl	tem8	yes	yes	no	yes	yes	yes	pu ren	486	18694	servant [n.]	a. 适合仆人做的, 卑微的\nn. 仆人	yes
zenith	顶峰	n.	dual-source	tem8,toefl	tem8	yes	yes	no	yes	yes	yes	ding feng	485	15834	peak [n.]	n. 顶点；最高点；顶峰	yes
standstill	停顿	n.	dual-source	tem4,tem8	tem4,tem8	yes	yes	no	yes	no	yes	ting dun	481	15581	pause [v.] | stop [v.]	n. 停止, 停顿\n[医] 停顿	yes
shimmer	闪烁	v.	dual-source	tem8,ielts	tem8	yes	yes	no	yes	yes	yes	shan shuo	475	14417	twinkle [v.] | flicker [v.]	n. 微光, 闪光\nvi. 闪烁\nvt. 使闪烁	yes
shrinkage	减低	n.	dual-source	tem8,toefl	tem8	yes	yes	no	yes	no	yes	jian di	475	20716	reduce [v.]	n. 收缩, 收缩量, 减低\n[化] 起皱; 收缩; 收缩量	yes
dictum	格言	n.	dual-source	tem8,toefl	tem8	yes	yes	no	yes	yes	yes	ge yan	472	17196	motto [n.] | proverb [n.]	n. 声明, 格言, 法官意见\n[法] 宣言, 声明, 法官的意见	yes
swathe	带子	n.	dual-source	tem4,tem8	tem4,tem8	yes	yes	no	yes	yes	yes	dai zi	472	20881	belt [n.]	vt. 绑, 裹, 包围\nn. 带子, 绷带	yes
enormity	暴行	n.	dual-source	tem8,toefl	tem8	yes	yes	no	yes	yes	yes	bao xing	468	15686	violence [n.] | atrocity [n.]	n. 暴行, 极恶, 巨大\n[法] 重罪, 大罪, 暴行	yes
commiserate	怜悯	v.	dual-source	toefl,ielts	ielts	yes	yes	no	yes	yes	yes	lian min	465	23875	pity [v.]	v. 怜悯, 同情	yes
annuity	年金	n.	dual-source	tem8,ielts	ielts,tem8	yes	yes	no	yes	yes	yes	nian jin	464	12850	pension [n.]	n. 年金, 年金保险, 年金领受权\n[医] 年金, 年俸	yes
claimant	原告	n.	dual-source	tem8,toefl	tem8,toefl	yes	yes	no	yes	yes	yes	yuan gao	463	17177	plaintiff [n.]	n. 提出要求者, 原告\n[经] 索赔人, 债权人	yes
upsurge	高涨	v.	dual-source	tem8,toefl	tem8	yes	yes	no	yes	yes	yes	gao zhang	462	20132	rise [v.] | surge [v.]	vi. 高涨, 涌起\nn. 增长, 高潮	yes
emigrant	侨民	n.	dual-source	tem8,toefl	tem8	yes	yes	no	yes	yes	yes	qiao min	461	15516	expatriate [n.]	n. 移民, 侨民\na. 移民的, 移居的	yes
introspection	内省	n.	dual-source	tem8,ielts	ielts,tem8	yes	yes	no	yes	no	yes	nei xing	461	17911	introspect [v.]	n. 内省, 反省\n[医] 内省	yes
incubation	孵化	n.	dual-source	tem8,toefl	tem8,toefl	yes	yes	no	yes	no	yes	fu hua	458	19334	hatch [v.] | incubate [v.]	n. 抱蛋, 孵化, 酝酿\n[医] 孵育, 孵化, 潜伏, 宿庙求梦(古希腊)	yes
certitude	确信	n.	dual-source	tem8,toefl	tem8,toefl	yes	yes	no	yes	no	yes	que xin	452	22908	be sure [v.] | be convinced [v.]	n. 确实性, 确信	yes
depose	废黜	v.	dual-source	tem8,toefl	tem8,toefl	yes	yes	no	yes	yes	yes	fei chu	451	15933	dethrone [v.]	vt. 免职, 废黜, 作证\nvi. 作证, 供证	yes
instantaneously	即刻	adv.	dual-source	tem4,toefl	tem4,toefl	yes	yes	no	yes	yes	yes	ji ke	450	18010	immediately [adv.]	adv. 即刻, 立即	yes
dissonance	不一致	n.	dual-source	tem8,toefl	tem8	yes	yes	no	yes	no	yes	bu yi zhi	446	16305	inconsistent [adj.]	n. 不和谐音, 不一致, 不调和, 刺耳的声音\n[医] 不谐和	yes
reversal	翻转	n.	dual-source	tem8,toefl	toefl	yes	yes	no	yes	no	yes	fan zhuan	445	7227	flip [v.] | turn over [v.]	n. 翻转, 颠倒, 反转\n[医] 逆转, 颠倒	yes
foetus	胚胎	n.	dual-source	tem8,ielts	ielts	yes	yes	no	yes	yes	yes	pei tai	438	45094	embryo [n.]	n. 胚胎, 胎儿\n[医] 胎, 胎儿	yes
canter	流浪汉	n.	dual-source	tem8,toefl	tem8	yes	yes	no	yes	yes	yes	liu lang han	437	29652	vagrant [n.]	n. 慢跑, 流浪汉\nvi. 慢跑\nvt. 使慢跑	yes
whisker	胡须	n.	dual-source	tem4,tem8	tem4,tem8	yes	yes	no	yes	yes	yes	hu xu	435	13794	beard [n.]	n. 腮须, 胡须, 一丝儿\n[化] 晶须	yes
reversal	反转	n.	dual-source	tem8,toefl	tem8,toefl	yes	yes	no	yes	no	yes	fan zhuan	429	7227	reverse [v.] | turn around [v.]	n. 翻转, 颠倒, 反转\n[医] 逆转, 颠倒	yes
eyeglass	镜片	n.	dual-source	tem4,tem8	tem4,tem8	yes	yes	no	yes	yes	yes	jing pian	425	14443	lens [n.]	n. 镜片	yes
smudge	弄脏	v.	dual-source	tem4,tem8	tem4,tem8	yes	yes	no	yes	yes	yes	nong zang	425	15864	dirty [v.]	n. 污点, 脏污, 熏烟\nvt. 弄脏, 使模糊, 用浓烟熏\nvi. 被弄脏	yes
dormancy	休眠	n.	dual-source	toefl,ielts	ielts,toefl	yes	yes	no	yes	no	yes	xiu mian	424	27692	hibernate [v.]	n. 不活动性, 休眠, 蛰伏\n[医] 休眠, 不活动, 休止	yes
imbue	灌输	v.	dual-source	tem8,toefl	tem8	yes	yes	no	yes	yes	yes	guan shu	416	12805	instill [v.]	vt. 使感染, 灌输, 使浸透	yes
circumvent	绕行	v.	dual-source	tem8,toefl	tem8,toefl	yes	yes	no	yes	yes	yes	rao xing	405	11924	detour [v.]	vt. 绕行, 陷害, 包围, 智取	yes
encumber	拖累	v.	dual-source	tem8,toefl	tem8	yes	yes	no	yes	yes	yes	tuo lei	403	27430	burden [v.]	vt. 妨害, 阻塞, 拖累\n[经] 使负(债等), 负有义务	yes
abnormality	畸形	n.	dual-source	tem8,toefl	tem8	yes	yes	no	yes	no	yes	ji xing	402	11416	deformed [adj.]	n. 反常, 畸形, 变态\n[化] 反常; 非正态性	yes
condone	宽恕	v.	dual-source	toefl,ielts	ielts	yes	yes	no	yes	yes	yes	kuan shu	396	11201	forgive [v.]	vt. 赦, 宽恕\n[法] 宽恕, 不咎, 抵销	yes
frugality	节俭	n.	dual-source	tem8,toefl	tem8	yes	yes	no	yes	no	yes	jie jian	395	23149	frugal [adj.]	n. 节俭, 俭省	yes
swoop	俯冲	n.	dual-source	tem8,toefl	tem8	yes	yes	no	yes	no	yes	fu chong	394	9667	dive [v.]	n. 俯冲, 攫取\nvt. 抓取\nvi. 猛扑, 突然袭击	yes
subtlety	精明	n.	dual-source	tem8,toefl	tem8,toefl	yes	yes	no	yes	no	yes	jing ming	393	11040	shrewd [adj.]	n. 微妙, 精明	yes
abnormality	变态	n.	dual-source	tem8,toefl	tem8	yes	yes	no	yes	yes	yes	bian tai	390	11416	pervert [n.] | abnormal [n.]	n. 反常, 畸形, 变态\n[化] 反常; 非正态性	yes
upheaval	隆起	n.	dual-source	tem8,toefl	tem8	yes	yes	no	yes	no	yes	long qi	388	9076	rise [v.] | bulge [v.]	n. 举起, 隆起, 大变动, 剧变	yes
grandeur	庄严	n.	dual-source	tem8,toefl	tem8,toefl	yes	yes	no	yes	no	yes	zhuang yan	388	11749	solemn [adj.]	n. 庄严, 伟大, 壮丽	yes
bondage	奴役	n.	dual-source	tem8,toefl	tem8	yes	yes	no	yes	no	yes	nu yi	388	16176	enslave [v.]	n. 奴役, 束缚\n[法] 束缚, 监禁, 奴隶	yes
enthral	奴役	v.	dual-source	tem8,toefl	tem8	yes	yes	no	yes	yes	yes	nu yi	388	999999	enslave [v.]	vt. 迷住, 奴役, 使做奴隶, 吸引住	yes
proliferation	增殖	n.	dual-source	tem8,toefl	tem8,toefl	yes	yes	no	yes	no	yes	zeng zhi	375	6579	proliferate [v.]	n. 增殖, 激增\n[医] 增生, 增殖	yes
aridity	乏味	n.	dual-source	toefl,ielts	ielts,toefl	yes	yes	no	yes	no	yes	fa wei	375	33318	boring [adj.]	n. 干旱, 不毛, 乏味	yes
impediment	口吃	n.	dual-source	tem8,toefl	tem8,toefl	yes	yes	no	yes	yes	yes	kou chi	368	10593	stutter [n.] | stammer [n.]	n. 妨碍, 障碍, 阻止, 口吃\n[经] 对履行义务的阻碍	yes
truism	众所周知	n.	dual-source	tem4,tem8	tem4,tem8	yes	yes	no	yes	no	yes	zhong suo zhou zhi	365	19792	as everyone knows [phr.]	n. 自明之理, 众所周知, 老生常谈\n[法] 老生常谈, 陈词滥调	yes
impel	驱使	v.	dual-source	tem8,toefl	tem8,toefl	yes	yes	no	yes	yes	yes	qu shi	364	16966	drive [v.]	vt. 推动, 激励, 驱使, 迫使	yes
deference	顺从	n.	dual-source	tem8,toefl	tem8,toefl	yes	yes	no	yes	no	yes	shun cong	360	11329	obey [v.] | submit [v.]	n. 顺从, 尊重	yes
vulgarity	粗俗	n.	dual-source	tem8,toefl	tem8	yes	yes	no	yes	no	yes	cu su	347	19407	vulgar [adj.]	n. 粗俗, 粗鄙, 粗话\n[法] 粗鄙, 粗野行为	yes
flay	剥皮	v.	dual-source	tem8,toefl	tem8	yes	yes	no	yes	yes	yes	bao pi	346	21222	peel [v.]	vt. 剥皮, 去皮, 抢夺\n[医] 剥皮, 剥兽皮	yes
rift	裂开	v.	dual-source	tem8,toefl	tem8,toefl	yes	yes	no	yes	yes	yes	lie kai	342	10462	split open [v.]	n. 裂口, 空隙\nvi. 裂开\nvt. 使分开, 使割开	yes
flout	轻视	n.	dual-source	tem8,toefl	tem8	yes	yes	no	yes	no	yes	qing shi	342	19665	despise [v.] | look down on [v.]	vt. 嘲笑, 愚弄\nvi. 表示轻蔑\nn. 嘲笑, 愚弄, 轻视	yes
dote	溺爱	v.	dual-source	tem8,toefl	tem8,toefl	yes	yes	no	yes	yes	yes	ni ai	341	20920	spoil [v.] | dote on [v.]	vi. 昏聩, 溺爱	yes
wag	摇摆	v.	dual-source	tem8,toefl	tem8	yes	yes	no	yes	yes	yes	yao bai	338	11879	sway [v.] | swing [v.]	vt. 摇摆, 摇动, 饶舌\nvi. 摆动, 喋喋不休\nn. 摇摆, 爱说笑打趣的人	yes
wag	摇摆	n.	dual-source	tem8,toefl	tem8	yes	yes	no	yes	no	yes	yao bai	338	11879	sway [v.] | swing [v.]	vt. 摇摆, 摇动, 饶舌\nvi. 摆动, 喋喋不休\nn. 摇摆, 爱说笑打趣的人	yes
retrieval	检索	n.	dual-source	tem8,toefl	tem8	yes	yes	no	yes	no	yes	jian suo	330	14002	search [v.] | retrieve [v.]	n. 取回, 恢复, 检索\n[计] 检索	yes
freighter	货船	n.	dual-source	tem8,toefl	toefl	yes	yes	no	yes	yes	yes	huo chuan	330	14604	cargo ship [n.]	n. 租船人, 承运人, 托运人, 货船, 运输机\n[经] 装货人, 货主, 承运人	yes
din	喧嚣	n.	dual-source	tem8,ielts	tem8	yes	yes	no	yes	no	yes	xuan xiao	324	13151	noisy [adj.]	n. 喧嚣\nv. 絮絮不休地说, 喧闹	yes
enjoyment	享乐	n.	dual-source	tem8,toefl	toefl	yes	yes	no	yes	no	yes	xiang le	317	7629	enjoy [v.]	n. 享乐, 快乐, 享受\n[经] 使用权	yes
dunce	傻瓜	n.	dual-source	tem8,toefl	tem8	yes	yes	no	yes	yes	yes	sha gua	315	27716	fool [n.] | idiot [n.]	n. 智力迟钝的学生, 傻瓜	yes
provocative	兴奋剂	n.	dual-source	tem8,toefl	tem8	yes	yes	no	yes	yes	yes	xing fen ji	314	7222	stimulant [n.] | doping [n.]	a. 激发感情的, 挑拨的, 刺激的\nn. 刺激物, 挑拨物, 兴奋剂	yes
custody	监护	n.	dual-source	tem4,tem8	tem4,tem8	yes	yes	no	yes	no	yes	jian hu	313	4422	guard [v.] | supervise [v.]	n. 监护, 拘留, 监禁\n[经] 保管, 照顾, 保护	yes
eclipse	月食	n.	dual-source	toefl,ielts	toefl	yes	yes	no	yes	yes	yes	yue shi	313	7609	lunar eclipse [n.]	n. 日食, 月食, (地位名誉等的)消失\nvt. 引起日食, 引起月食, 使黯然失色	yes
humility	谦逊	n.	dual-source	tem8,toefl	tem8	yes	yes	no	yes	no	yes	qian xun	313	9485	modest [adj.]	n. 谦逊, 谦虚, 谦卑	yes
tutelage	监护	n.	dual-source	tem8,toefl	tem8,toefl	yes	yes	no	yes	no	yes	jian hu	313	18256	guard [v.] | supervise [v.]	n. 守护, 监护, 指导\n[法] 监护, 保护, 指导	yes
frivolity	轻薄	n.	dual-source	tem8,toefl	tem8,toefl	yes	yes	no	yes	no	yes	qing bo	313	24829	flimsy [adj.] | light [adj.]	n. 轻薄, 轻率, 不足取的事	yes
encumber	妨害	v.	dual-source	tem8,toefl	tem8	yes	yes	no	yes	yes	yes	fang hai	312	27430	hinder [v.] | obstruct [v.]	vt. 妨害, 阻塞, 拖累\n[经] 使负(债等), 负有义务	yes
chum	密友	n.	dual-source	tem8,toefl	tem8	yes	yes	no	yes	yes	yes	mi you	307	16347	close friend [n.]	n. 密友, 室友\nvi. 结为密友	yes
profusion	充沛	n.	dual-source	tem8,toefl	tem8	yes	yes	no	yes	no	yes	chong pei	303	15972	abundant [adj.] | vigorous [adj.]	n. 大量, 慷慨, 挥霍, 充沛, 浪费	yes
eminence	显赫	n.	dual-source	tem8,toefl	tem8,toefl	yes	yes	no	yes	no	yes	xian he	301	20054	illustrious [adj.]	n. 显赫, 名家, 高处\n[医] 隆起, 隆凸	yes
asylum	收容所	n.	dual-source	tem8,ielts	tem8	yes	yes	no	yes	yes	yes	shou rong suo	299	7774	shelter [n.] | reception center [n.]	n. 庇护, 收容所\n[医] 养育院	yes
juncture	接合	n.	dual-source	tem8,toefl	tem8	yes	yes	no	yes	no	yes	jie he	298	11501	join [v.]	n. 接合, 连接, 接缝	yes
homily	说教	n.	dual-source	tem8,toefl	tem8	yes	yes	no	yes	no	yes	shuo jiao	297	17700	preach [v.] | moralize [v.]	n. 说教, 训诫	yes
absenteeism	旷课	n.	dual-source	toefl,ielts	ielts,toefl	yes	yes	no	yes	no	yes	kuang ke	297	19278	skip class [v.]	n. 经常无故缺席, 旷职, 旷工, 旷课\n[经] 有计划的怠工, 旷工	yes
levity	轻浮	n.	dual-source	tem8,toefl	tem8	yes	yes	no	yes	no	yes	qing fu	288	25278	frivolous [adj.]	n. 轻率, 轻浮, 不稳定	yes
distillation	蒸馏	n.	dual-source	tem8,toefl	tem8	yes	yes	no	yes	no	yes	zheng liu	286	21496	distill [v.]	n. 蒸馏\n[化] 蒸馏; 蒸馏法	yes
grandparent	祖父母	n.	dual-source	tem8,toefl	tem8,toefl	yes	yes	no	yes	yes	yes	zu fu mu	273	4679	grandparents [n.]	n. 祖父母	yes
boon	恩惠	n.	dual-source	tem8,toefl	tem8,toefl	yes	yes	no	yes	yes	yes	en hui	271	11451	favor [n.]	n. 恩惠	yes
washing	洗涤	n.	dual-source	tem8,ielts	tem8	yes	yes	no	yes	no	yes	xi di	266	8958	wash [v.] | cleanse [v.]	n. 洗涤, 浸, 洗涤物\n[机] 涂浆, 洗涤	yes
cask	木桶	n.	dual-source	tem4,tem8	tem4,tem8	yes	yes	no	yes	yes	yes	mu tong	260	20493	wooden barrel [n.]	n. 桶, 木桶\nvt. 装入桶内	yes
manacle	手铐	n.	dual-source	tem8,ielts	ielts,tem8	yes	yes	no	yes	yes	yes	shou kao	258	32808	handcuffs [n.]	n. 手铐, 束缚\nvt. 给...上手铐, 束缚	yes
fete	宴请	v.	dual-source	tem8,toefl	tem8	yes	yes	no	yes	yes	yes	yan qing	257	23490	entertain at a banquet [v.]	n. 庆祝, 祭祀, 节日\nvt. 宴请, 招待	yes
smudge	污点	n.	dual-source	tem4,tem8	tem4,tem8	yes	yes	no	yes	yes	yes	wu dian	253	15864	stain [n.]	n. 污点, 脏污, 熏烟\nvt. 弄脏, 使模糊, 用浓烟熏\nvi. 被弄脏	yes
recess	休会	n.	dual-source	tem8,toefl	tem8	yes	yes	no	yes	no	yes	xiu hui	252	7747	adjourn [v.]	n. 休息, 休会, 放假, 凹进处, 深处\nvt. 使凹进\nvi. 休假, 休息	yes
townsman	镇民	n.	dual-source	tem4,tem8	tem4,tem8	yes	yes	no	yes	yes	yes	zhen min	247	34128	townspeople [n.]	n. 镇民, 城里人, 市民, 同镇人, 同乡, 同市人	yes
foreland	海角	n.	dual-source	tem8,ielts	tem8	yes	yes	no	yes	yes	yes	hai jiao	246	999999	cape [n.]	n. 沿海地区, 海角, 海岸地	yes
extremity	绝境	n.	dual-source	tem8,toefl	tem8,toefl	yes	yes	no	yes	yes	yes	jue jing	240	13554	dead end [n.] | impasse [n.]	n. 极端, 极点, 困境, 绝境\n[医] 肢, 端	yes
downright	全然	adv.	dual-source	tem4,tem8	tem8	yes	yes	no	yes	yes	yes	quan ran	239	10579	completely [adv.] | entirely [adv.]	a. 明白的, 率直的, 十足的\nadv. 全然, 彻底, 完全	yes
sweeping	扫除	n.	dual-source	tem8,toefl	tem8,toefl	yes	yes	no	yes	no	yes	sao chu	235	5752	clean [v.] | sweep [v.]	n. 扫除, 垃圾\na. 扫荡的, 彻底的, 广泛的	yes
intrusion	侵扰	n.	dual-source	toefl,ielts	ielts,toefl	yes	yes	no	yes	no	yes	qin rao	233	8731	intrude [v.]	n. 闯入, 侵扰\n[医] [向内]突入	yes
accentuate	重读	v.	dual-source	tem8,toefl	tem8	yes	yes	no	yes	yes	yes	zhong du	232	10880	reread [v.]	vt. 以重音念, 强调, 重读	yes
bristle	发怒	v.	dual-source	tem4,tem8	tem4,tem8	yes	yes	no	yes	yes	yes	fa nu	231	11066	get angry [v.]	n. 刚毛, 猪鬃\nvi. 直立, 发怒, 充满\nvt. 使直立	yes
shimmer	微光	n.	dual-source	tem8,ielts	tem8	yes	yes	no	yes	yes	yes	wei guang	227	14417	glimmer [n.]	n. 微光, 闪光\nvi. 闪烁\nvt. 使闪烁	yes
squabble	口角	n.	dual-source	tem8,toefl	tem8	yes	yes	no	yes	yes	yes	kou jiao	226	17073	corner of mouth [n.]	vi. 争吵, 口角\nn. 争吵, 口角	yes
impale	刺穿	v.	dual-source	tem8,toefl	tem8	yes	yes	no	yes	yes	yes	ci chuan	226	19536	pierce [v.]	vt. 刺穿, 使绝望, 钉住	yes
remorse	懊悔	n.	dual-source	tem8,ielts	ielts,tem8	yes	yes	no	yes	no	yes	ao hui	222	10471	regret [v.]	n. 懊悔, 良心不安, 自责, 同情\n[法] 悔恨, 自责, 懊悔	yes
mince	切碎	v.	dual-source	tem8,toefl	tem8	yes	yes	no	yes	yes	yes	qie sui	220	8153	chop [v.]	n. 切碎物\nvt. 切碎, 矫揉做作地说\nvi. 碎步走, 装腔作势	yes
allude	暗指	v.	dual-source	tem8,toefl	tem8,toefl	yes	yes	no	yes	yes	yes	an zhi	219	8601	imply [v.] | insinuate [v.]	vi. 暗指, 提及	yes
tedium	沉闷	n.	dual-source	tem8,toefl	tem8,toefl	yes	yes	no	yes	no	yes	chen men	216	21125	dull [adj.] | gloomy [adj.]	n. 单调乏味, 沉闷	yes
frenzy	狂暴	n.	dual-source	tem8,toefl	tem8,toefl	yes	yes	no	yes	no	yes	kuang bao	205	7279	violent [adj.] | furious [adj.]	n. 疯狂, 狂暴, 狂怒\n[医] 暴怒, 狂乱	yes
urchin	顽童	n.	dual-source	toefl,ielts	toefl	yes	yes	no	yes	yes	yes	wan tong	205	15461	naughty child [n.]	n. 淘气鬼, 顽童	yes
acquiesce	默许	v.	dual-source	tem8,toefl	tem8,toefl	yes	yes	no	yes	yes	yes	mo xu	200	15179	tacitly consent [v.]	vi. 默许, 默然同意	yes
notoriety	恶名	n.	dual-source	tem8,ielts	tem8	yes	yes	no	yes	yes	yes	e ming	198	12965	infamy [n.]	n. 恶名, 臭名, 声名狼藉	yes
humility	谦卑	n.	dual-source	tem8,toefl	tem8,toefl	yes	yes	no	yes	no	yes	qian bei	196	9485	humble [adj.]	n. 谦逊, 谦虚, 谦卑	yes
libel	中伤	v.	dual-source	toefl,ielts	ielts	yes	yes	no	yes	yes	yes	zhong shang	196	15335	slander [v.]	n. 以文字损害名誉, 诽谤罪, 侮辱\nv. 诽谤, 中伤, 损害名誉	yes
pageant	盛会	n.	dual-source	tem8,ielts	tem8	yes	yes	no	yes	yes	yes	sheng hui	194	9524	grand meeting [n.]	n. 盛会, 游行, 虚饰, 露天表演	yes
girder	大梁	n.	dual-source	tem8,toefl	toefl	yes	yes	no	yes	yes	yes	da liang	190	20797	main beam [n.]	n. 大梁, 主梁\n[化] 撑杆	yes
memorial	纪念物	n.	dual-source	tem8,toefl	tem8,toefl	yes	yes	no	yes	yes	yes	ji nian wu	187	4564	souvenir [n.] | memento [n.]	n. 纪念物, 请愿书\na. 记念的, 记忆的	yes
smoking	抽烟	n.	dual-source	tem8,ielts	tem8	yes	yes	no	yes	no	yes	chou yan	185	4956	smoke [v.]	n. 抽烟, 冒烟\n[医] 烟熏; 吸烟	yes
lunge	跃进	n.	dual-source	tem8,toefl	tem8	yes	yes	no	yes	no	yes	yue jin	182	9514	leap forward [v.]	n. 刺, 刺进, 跃进, 套马索\nv. 突进, 刺	yes
connoisseur	内行	n.	dual-source	tem8,toefl	tem8	yes	yes	no	yes	yes	yes	nei hang	174	14575	expert [n.]	n. 鉴赏家, 鉴定家, 内行	yes
composure	沉着	n.	dual-source	tem8,toefl	tem8	yes	yes	no	yes	no	yes	chen zhuo	168	12757	calm [adj.]	n. 镇静, 沉着	yes
collusion	共谋	n.	dual-source	tem8,toefl	tem8	yes	yes	no	yes	no	yes	gong mou	168	16440	conspire [v.]	n. 共谋, 勾结\n[经] 勾结, 串通, 串同舞弊	yes
absenteeism	旷工	n.	dual-source	toefl,ielts	ielts,toefl	yes	yes	no	yes	no	yes	kuang gong	167	19278	absent from work [v.]	n. 经常无故缺席, 旷职, 旷工, 旷课\n[经] 有计划的怠工, 旷工	yes
trudge	长途跋涉	n.	dual-source	tem8,toefl	tem8	yes	yes	no	yes	no	yes	chang tu ba she	165	10705	long journey [phr.]	n. 沉重的步伐, 长途跋涉\nvi. 步履艰难地走, 蹒跚地走\nvt. 跋涉	yes
recitation	详述	n.	dual-source	tem4,tem8	tem4,tem8	yes	yes	no	yes	no	yes	xiang shu	163	15075	detail [v.] | elaborate [v.]	n. 详述, 吟诵, 背诵的诗\n[法] 叙述, 评述, 书面陈述	yes
withdrawal	提款	n.	dual-source	tem8,toefl	tem8	yes	yes	no	yes	no	yes	ti kuan	162	4130	withdraw [v.]	n. 提款, 撤退, 退回, 撤消, 退隐, 戒毒过程\n[医] 戒除, 脱瘾	yes
composure	镇静	n.	dual-source	tem8,toefl	tem8	yes	yes	no	yes	no	yes	zhen jing	162	12757	calm [adj.]	n. 镇静, 沉着	yes
supremacy	至高无上	n.	dual-source	tem8,toefl	tem8	yes	yes	no	yes	no	yes	zhi gao wu shang	161	11573	supreme [adj.]	n. 至高无上, 霸权地位, 优势, 至上\n[法] 至高权力, 无上权力, 霸权	yes
grandeur	壮丽	n.	dual-source	tem8,toefl	tem8	yes	yes	no	yes	no	yes	zhuang li	158	11749	magnificent [adj.]	n. 庄严, 伟大, 壮丽	yes
mishap	灾祸	n.	dual-source	toefl,ielts	ielts	yes	yes	no	yes	yes	yes	zai huo	158	14062	disaster [n.]	n. 不幸之事, 灾祸, 恶运	yes
flair	天资	n.	dual-source	tem8,toefl	tem8,toefl	yes	yes	no	yes	yes	yes	tian zi	155	11212	talent [n.] | gift [n.]	n. 鉴别力, 才能, 天资, 资质, 眼光	yes
din	喧闹	v.	dual-source	tem8,ielts	tem8	yes	yes	no	yes	no	yes	xuan nao	154	13151	noisy [adj.]	n. 喧嚣\nv. 絮絮不休地说, 喧闹	yes
graduation	刻度	n.	dual-source	tem8,toefl	tem8	yes	yes	no	yes	yes	yes	ke du	148	4759	scale [n.]	n. 毕业, 得学位, 分划, 刻度, 分等级\n[医] 刻度, 分度, 毕业	yes
paddock	围场	n.	dual-source	tem4,tem8	tem4,tem8	yes	yes	no	yes	yes	yes	wei chang	138	21093	enclosure [n.]	n. 围场	yes
quitter	懦夫	n.	dual-source	tem8,toefl	toefl	yes	yes	no	yes	yes	yes	nuo fu	138	25157	coward [n.]	n. 轻易放弃的人, 懦夫, 逃避责任的人\n[医] 马蹄疽	yes
indifference	漠不关心	n.	dual-source	tem8,toefl	tem8	yes	yes	no	yes	no	yes	mo bu guan xin	137	8021	indifferent [phr.]	n. 不重视, 无兴趣, 漠不关心\n[法] 中立, 不偏袒, 不重视	yes
rebuff	漠不关心	n.	dual-source	tem4,tem8	tem4,tem8	yes	yes	no	yes	no	yes	mo bu guan xin	137	14271	indifferent [phr.]	n. 断然拒绝, 严厉拒绝, 漠不关心\nvt. 严厉拒绝	yes
eradication	根除	n.	dual-source	tem4,toefl	tem4,toefl	yes	yes	no	yes	no	yes	gen chu	136	14988	eradicate [v.] | uproot [v.]	n. 连根拔除, 歼灭, 消灭, 根除, 使断根\n[医] 根除, 扑灭, 消灭	yes
swathe	绷带	n.	dual-source	tem4,tem8	tem4,tem8	yes	yes	no	yes	yes	yes	beng dai	134	20881	bandage [n.]	vt. 绑, 裹, 包围\nn. 带子, 绷带	yes
inducement	诱因	n.	dual-source	tem8,toefl	tem8,toefl	yes	yes	no	yes	yes	yes	you yin	132	16799	cause [n.]	n. 诱因, 动机, 吸引力, 刺激物\n[法] 诱惑, 引诱, 诱因	yes
artifice	诡计	n.	dual-source	tem8,toefl	tem8,toefl	yes	yes	no	yes	yes	yes	gui ji	132	18184	trick [n.]	n. 诡计, 技巧, 巧妙	yes
cobweb	蜘蛛网	n.	dual-source	tem4,tem8	tem4,tem8	yes	yes	no	yes	yes	yes	zhi zhu wang	131	18317	spider web [n.]	n. 蜘蛛网, 蛛丝, 混乱\nvt. 使布满蛛网	yes
gentility	文雅	n.	dual-source	tem8,toefl	tem8,toefl	yes	yes	no	yes	no	yes	wen ya	130	27599	elegant [adj.] | refined [adj.]	n. 出身高贵, 绅士们, 上流阶层, 斯文, 有教养, 彬彬有礼, 文雅, 装体面, 假斯文	yes
affront	轻蔑	n.	dual-source	tem8,toefl	tem8	yes	yes	no	yes	no	yes	qing mie	126	16245	despise [v.] | scorn [v.]	n. 公开侮辱, 轻蔑\nvt. 公开侮辱, 冒犯, 面对	yes
animosity	憎恶	n.	dual-source	tem8,toefl	tem8	yes	yes	no	yes	no	yes	zeng wu	125	11656	abhor [v.] | loathe [v.]	n. 仇恨, 憎恶, 敌意	yes
wag	摇动	v.	dual-source	tem8,toefl	tem8	yes	yes	no	yes	yes	yes	yao dong	124	11879	shake [v.]	vt. 摇摆, 摇动, 饶舌\nvi. 摆动, 喋喋不休\nn. 摇摆, 爱说笑打趣的人	yes
deride	嘲弄	v.	dual-source	tem8,toefl	tem8	yes	yes	no	yes	yes	yes	chao nong	124	14315	mock [v.] | ridicule [v.]	vt. 嘲弄, 嘲笑	yes
tact	老练	n.	dual-source	tem8,toefl	tem8	yes	yes	no	yes	no	yes	lao lian	120	17499	experienced [adj.]	n. 机智, 手法, 老练\n[经] (自动加工线的)生产节拍	yes
frivolity	轻率	n.	dual-source	tem8,toefl	tem8	yes	yes	no	yes	no	yes	qing shuai	120	24829	rash [adj.]	n. 轻薄, 轻率, 不足取的事	yes
levity	轻率	n.	dual-source	tem8,toefl	tem8	yes	yes	no	yes	no	yes	qing shuai	120	25278	rash [adj.]	n. 轻率, 轻浮, 不稳定	yes
crag	峭壁	n.	dual-source	tem4,tem8	tem4,tem8	yes	yes	no	yes	yes	yes	qiao bi	117	22255	cliff [n.]	n. 峭壁, 危岩\n[建] 岩石碎块	yes
trudge	跋涉	v.	dual-source	tem8,toefl	tem8	yes	yes	no	yes	yes	yes	ba she	116	10705	trek [v.]	n. 沉重的步伐, 长途跋涉\nvi. 步履艰难地走, 蹒跚地走\nvt. 跋涉	yes
upheaval	剧变	n.	dual-source	tem8,toefl	tem8,toefl	yes	yes	no	yes	yes	yes	ju bian	109	9076	drastic change [n.]	n. 举起, 隆起, 大变动, 剧变	yes
ultrasonic	超声波	n.	dual-source	tem8,toefl	tem8	yes	yes	no	yes	yes	yes	chao sheng bo	108	21711	ultrasound [n.]	n. 超声波\na. 超音速的	yes
snobbery	势利	n.	dual-source	tem4,tem8	tem4,tem8	yes	yes	no	yes	no	yes	shi li	106	22186	snobbish [adj.]	n. 谄上欺下, 势利	yes
deadweight	重负	n.	dual-source	tem4,tem8	tem4,tem8	yes	yes	no	yes	yes	yes	zhong fu	103	36522	heavy burden [n.]	n. 自重, 重负\n[法] 载重量, 载重吨位	yes
moustache	触须	n.	dual-source	tem8,ielts	tem8	yes	yes	no	yes	yes	yes	chu xu	101	16314	tentacle [n.]	n. 髭, 小胡子, 触须	yes
eon	永世	n.	dual-source	tem8,toefl	tem8,toefl	yes	yes	no	yes	yes	yes	yong shi	100	17054	eternity [n.]	n. 永世, 万古	yes
ledge	暗礁	n.	dual-source	tem8,toefl	tem8,toefl	yes	yes	no	yes	yes	yes	an jiao	97	8316	reef [n.]	n. 突出部分, 暗礁, 矿层	yes
rift	裂口	n.	dual-source	tem8,toefl	toefl	yes	yes	no	yes	yes	yes	lie kou	94	10462	crack [n.]	n. 裂口, 空隙\nvi. 裂开\nvt. 使分开, 使割开	yes
submission	呈递	n.	dual-source	tem8,toefl	toefl	yes	yes	no	yes	no	yes	cheng di	92	8114	present [v.]	n. 屈服, 服从, 谦恭, 呈递, 提交, 意见\n[经] 提交, 提出, 提交公断	yes
homily	训诫	n.	dual-source	tem8,toefl	tem8	yes	yes	no	yes	no	yes	xun jie	92	17700	admonish [v.] | rebuke [v.]	n. 说教, 训诫	yes
expiry	呼气	n.	dual-source	tem8,ielts	tem8	yes	yes	no	yes	no	yes	hu qi	92	45750	exhale [v.]	n. 终结, 满期, 呼气, 断气\n[经] 满期, 到期	yes
prod	刺针	n.	dual-source	tem8,toefl	tem8	yes	yes	no	yes	yes	yes	ci zhen	90	9206	needle [n.]	n. 刺针, 刺棒, 激励话, 提醒物\nvt. 戳, 刺, 刺激\nvi. 戳, 刺	yes
invocation	符咒	n.	dual-source	tem8,toefl	tem8	yes	yes	no	yes	yes	yes	fu zhou	88	15173	spell [n.] | charm [n.]	n. 祈祷, 符咒	yes
hoax	愚弄	v.	dual-source	tem8,toefl	tem8	yes	yes	no	yes	yes	yes	yu nong	87	13170	fool [v.] | deceive [v.]	vt. 欺骗, 哄骗, 愚弄\nn. 愚弄人, 恶作剧	yes
flout	愚弄	v.	dual-source	tem8,toefl	tem8	yes	yes	no	yes	yes	yes	yu nong	87	19665	fool [v.] | deceive [v.]	vt. 嘲笑, 愚弄\nvi. 表示轻蔑\nn. 嘲笑, 愚弄, 轻视	yes
flout	愚弄	n.	dual-source	tem8,toefl	tem8	yes	yes	no	yes	no	yes	yu nong	87	19665	fool [v.] | deceive [v.]	vt. 嘲笑, 愚弄\nvi. 表示轻蔑\nn. 嘲笑, 愚弄, 轻视	yes
eyesore	眼中钉	n.	dual-source	tem4,tem8	tem4,tem8	yes	yes	no	yes	yes	yes	yan zhong ding	85	22612	thorn in one's side [n.]	n. 眼中钉	yes
participle	分词	n.	dual-source	tem4,tem8	tem4,tem8	yes	yes	no	no	new-key	yes	fen ci	83	31634		n. 分词	yes
tremor	颤动	n.	dual-source	tem8,toefl	tem8	yes	yes	no	yes	no	yes	chan dong	79	11635	vibrate [v.] | quiver [v.]	n. 震动, 颤动\n[医] 震颤	yes
wicker	柳条	n.	dual-source	tem8,toefl	tem8	yes	yes	no	yes	yes	yes	liu tiao	78	11690	willow twig [n.]	n. 柳条\na. 柳条编的	yes
frontal	额骨	n.	dual-source	tem8,toefl	tem8	yes	yes	no	yes	yes	yes	e gu	77	10785	frontal bone [n.]	a. 前面的, 正面的, 额的\nn. 额骨, 祭坛(前面的)帏帘, (建筑物的)正面	yes
juncture	接缝	n.	dual-source	tem8,toefl	tem8	yes	yes	no	yes	yes	yes	jie feng	77	11501	seam [n.]	n. 接合, 连接, 接缝	yes
snarl	怒骂	v.	dual-source	tem8,toefl	tem8	yes	yes	no	yes	yes	yes	nu ma	73	12288	curse angrily [v.]	vi. 吼叫, 怒骂, 缠结\nvt. 咆哮着说, 搞乱, 使缠结\nn. 咆哮, 吼叫, 怒骂, 缠结, 混乱	yes
snarl	怒骂	n.	dual-source	tem8,toefl	tem8	yes	yes	no	yes	no	yes	nu ma	73	12288	curse angrily [v.]	vi. 吼叫, 怒骂, 缠结\nvt. 咆哮着说, 搞乱, 使缠结\nn. 咆哮, 吼叫, 怒骂, 缠结, 混乱	yes
preoccupation	入神	n.	dual-source	tem8,toefl	tem8	yes	yes	no	yes	no	yes	ru shen	72	8783	entranced [adj.]	n. 抢先占据, 先人之见, 入神\n[医] 成见, 注意散漫, 心不在焉	yes
tout	招徕	v.	dual-source	tem8,toefl	tem8	yes	yes	no	yes	yes	yes	zhao lai	71	6885	solicit [v.]	vi. 招徕顾客, 兜售物品\nvt. 招徕, 刺探...情报\nn. 兜售者, 侦查者	yes
bequest	遗赠	n.	dual-source	tem8,toefl	tem8,toefl	yes	yes	no	yes	no	yes	yi zeng	71	17885	bequeath [v.]	n. 遗赠物, 遗产, 遗赠\n[经] 遗产	yes
jostle	推挤	v.	dual-source	tem8,ielts	ielts,tem8	yes	yes	no	yes	yes	yes	tui ji	65	13188	push and shove [v.]	n. 推挤, 冲撞\nvi. 推挤, 冲撞\nvt. 推, 挤, 煽动	yes
oblivion	湮没	n.	dual-source	tem8,toefl	tem8	yes	yes	no	yes	no	yes	yan mo	64	12315	bury [v.] | obscure [v.]	n. 遗忘, (头脑的)一片空白状, 湮没, 大赦, 赦免\n[法] 忘却, 被忘却的事, 大赦	yes
decry	责难	v.	dual-source	tem8,toefl	tem8	yes	yes	no	yes	yes	yes	ze nan	62	11621	blame [v.] | censure [v.]	vt. 反对, 责难, 诽谤, 诋毁	yes
notoriety	声名狼藉	n.	dual-source	tem8,ielts	ielts,tem8	yes	yes	no	yes	no	yes	sheng ming lang ji	62	12965	notorious [phr.]	n. 恶名, 臭名, 声名狼藉	yes
drudgery	苦工	n.	dual-source	toefl,ielts	ielts	yes	yes	no	yes	yes	yes	ku gong	62	20108	hard labor [n.]	n. 苦差事, 苦工	yes
portfolio	公文包	n.	dual-source	tem8,ielts	tem8	yes	yes	no	yes	yes	yes	gong wen bao	61	3809	briefcase [n.]	n. 皮包, 公文包, 部长职务, 有价证券财产目录, 艺术代表作选辑\n[法] 公文包, 文件夹, 阁员职务	yes
bravado	虚张声势	n.	dual-source	tem8,toefl	tem8	yes	yes	no	yes	no	yes	xu zhang sheng shi	57	13971	bluff [phr.]	n. 虚张声势	yes
overdraft	透支	n.	dual-source	tem8,ielts	ielts	yes	yes	no	yes	no	yes	tou zhi	51	25476	overdraw [v.]	n. 透支, 透支额, 气流, 过度通风\n[经] 透支	yes
spa	矿泉	n.	dual-source	tem4,tem8	tem4,tem8	yes	yes	no	yes	yes	yes	kuang quan	48	7397	mineral spring [n.]	n. 矿泉, 温泉浴场, 矿泉治疗地\n[计] 软件出版者协会	yes
balk	推诿	v.	dual-source	tem8,toefl	tem8	yes	yes	no	yes	yes	yes	tui wei	46	10330	shirk [v.]	n. 障碍, 错误, 失败\nvt. 阻止, 错过, 推诿\nvi. 逡巡不前	yes
sling	抛掷	n.	dual-source	tem4,tem8	tem4,tem8	yes	yes	no	yes	no	yes	pao zhi	44	9834	throw [v.]	n. 投石器, 抛掷, 吊索, 吊钩\nvt. 用投石器投掷, 用吊钩吊上, 吊起	yes
fright	惊骇	n.	dual-source	tem8,toefl	tem8,toefl	yes	yes	no	yes	no	yes	jing hai	44	12606	horrified [adj.] | terrified [adj.]	n. 惊骇, 吃惊\n[医] 惊吓	yes
truism	老生常谈	n.	dual-source	tem4,tem8	tem4,tem8	yes	yes	no	yes	no	yes	lao sheng chang tan	44	19792	platitude [phr.]	n. 自明之理, 众所周知, 老生常谈\n[法] 老生常谈, 陈词滥调	yes
submission	谦恭	n.	dual-source	tem8,toefl	tem8	yes	yes	no	yes	no	yes	qian gong	43	8114	modest [adj.]	n. 屈服, 服从, 谦恭, 呈递, 提交, 意见\n[经] 提交, 提出, 提交公断	yes
rainproof	雨披	n.	dual-source	tem4,tem8	tem4,tem8	yes	yes	no	yes	yes	yes	yu pi	42	999999	rain cape [n.]	a. 防雨的\nn. 雨衣, 雨披	yes
movable	动产	n.	dual-source	tem8,toefl	tem8	yes	yes	no	yes	yes	yes	dong chan	38	16818	movable property [n.]	n. 活动的东西, 动产\na. 可动的, 可移动的, 不定的	yes
shamble	蹒跚	n.	dual-source	tem8,ielts	tem8	yes	yes	no	yes	no	yes	pan shan	38	27534	staggering [adj.] | tottering [adj.]	vi. 蹒跚地走, 摇摇晃晃地走, 摇晃不稳\nn. 蹒跚	yes
jot	稍许	n.	dual-source	tem8,toefl	tem8	yes	yes	no	yes	no	yes	shao xu	37	13743	slightly [adv.]	n. 少量, 稍许\nvt. 略记, 摘要记载下来	yes
ravish	强夺	v.	dual-source	tem8,toefl	tem8	yes	yes	no	yes	yes	yes	qiang duo	37	26986	seize [v.]	vt. 强夺, 夺走, 使出神, 强奸\n[法] 强夺, 抢去, 强奸	yes
rend	强夺	v.	dual-source	tem8,toefl	tem8	yes	yes	no	yes	yes	yes	qiang duo	37	27164	seize [v.]	vt. 分裂, 劈开, 强夺, 撕碎, 划破\nvi. 撕开, 裂开	yes
acrimony	尖刻	n.	dual-source	tem8,toefl	tem8	yes	yes	no	yes	no	yes	jian ke	35	22245	sharp [adj.] | caustic [adj.]	n. 严厉, 尖刻\n[医] 辛辣	yes
cardiac	强心剂	n.	dual-source	tem8,toefl	tem8,toefl	yes	yes	no	yes	yes	yes	qiang xin ji	32	8025	cardiotonic [n.]	n. 心脏病患者, 强心剂, 健胃药\na. 心脏的, (胃的)贲门的	yes
grovel	卑躬屈膝	v.	dual-source	tem8,toefl	tem8	yes	yes	no	yes	no	yes	bei gong qu xi	29	24523	cringe [phr.]	vi. 趴, 匍匐, 卑躬屈膝	yes
lobe	耳垂	n.	dual-source	tem8,toefl	tem8,toefl	yes	yes	no	yes	yes	yes	er chui	28	11517	earlobe [n.]	n. 叶, 耳垂, 裂片\n[医] 叶	yes
confederate	同盟者	n.	dual-source	tem8,toefl	tem8,toefl	yes	yes	no	yes	yes	yes	tong meng zhe	24	17239	ally [n.]	n. 同盟者, 同盟国\na. 同盟的, 联合的\nv. (使)联盟, (使)联合	yes
icebox	冷藏库	n.	dual-source	tem8,toefl	tem8,toefl	yes	yes	no	yes	yes	yes	leng cang ku	24	23258	cold storage [n.]	n. 冷藏库, 冰箱, 冷冻室\n[法] 冰箱, 无名死尸安置处, 单人牢房	yes
languish	苦思	v.	dual-source	tem8,toefl	tem8	yes	yes	no	yes	yes	yes	ku si	20	11648	think hard [v.]	vi. 憔悴, 凋萎, 苦思	yes
dote	昏聩	v.	dual-source	tem8,toefl	tem8	yes	yes	no	yes	no	yes	hun kui	10	20920	senile [adj.] | muddleheaded [adj.]	vi. 昏聩, 溺爱	yes
declaim	慷慨陈词	v.	dual-source	tem8,toefl	tem8	yes	yes	no	yes	no	yes	kang kai chen ci	9	25530	speak with passion [phr.]	v. 慷慨陈词, 演讲, 朗读	yes
interject	插嘴	v.	dual-source	tem8,toefl	tem8,toefl	yes	yes	no	yes	yes	yes	cha zui	8	14440	interrupt [v.] | cut in [v.]	vt. 插嘴, 突然插入	yes
languish	凋萎	v.	dual-source	tem8,toefl	tem8,toefl	yes	yes	no	yes	yes	yes	diao wei	6	11648	wilt [v.]	vi. 憔悴, 凋萎, 苦思	yes
bristle	猪鬃	n.	dual-source	tem4,tem8	tem4,tem8	yes	yes	no	yes	yes	yes	zhu zong	5	11066	pig bristle [n.]	n. 刚毛, 猪鬃\nvi. 直立, 发怒, 充满\nvt. 使直立	yes
conjure	变戏法	v.	dual-source	tem8,toefl	toefl	yes	yes	no	yes	yes	yes	bian xi fa	3	7727	juggle [v.]	vt. 念咒文召唤, 变戏法, 想象\nvi. 变戏法, 施魔法	yes
ledge	矿层	n.	dual-source	tem8,toefl	tem8	yes	yes	no	yes	yes	yes	kuang ceng	3	8316	ore bed [n.]	n. 突出部分, 暗礁, 矿层	yes
strut	高视阔步	n.	dual-source	tem8,toefl	tem8,toefl	yes	yes	no	yes	no	yes	gao shi kuo bu	1	11486	stride proudly [phr.]	n. 高视阔步, 支柱, 压杆\nvi. 趾高气扬地走, 肿胀\nvt. 用支柱支撑, 炫耀	yes
singleton	一个	n.	dual-source	toefl	toefl	yes	yes	no	yes	no	yes	yi ge	662424	27692	one [m.]	n. 一个, 独生子, 独身	yes
felicity	快乐	n.	dual-source	tem8	tem8	yes	yes	no	yes	no	yes	kuai le	242589	999999	happy [adj.]	n. 快乐, 幸福, 幸运	yes
populace	人口	n.	dual-source	ielts	ielts	yes	yes	no	yes	yes	yes	ren kou	239396	11767	population [n.]	n. 平民, 大众, 人口	yes
hunk	好的	adj.	dual-source	tem8	tem8	yes	yes	no	yes	yes	yes	hao de	186948	12464	good [adj.] | okay [adj.]	n. 大块\na. 行的, 好的	yes
kickoff	开始	n.	dual-source	tem8	tem8	yes	yes	no	yes	no	yes	kai shi	180403	12229	start [v.]	n. 开球, 开始, 肇始	yes
subsistence	生活	n.	dual-source	toefl	toefl	yes	yes	no	yes	yes	yes	sheng huo	102365	10237	life [n.] | living [n.]	n. 生存, 生活\n[医] 生存	yes
felicity	幸福	n.	dual-source	tem8	tem8	yes	yes	no	yes	no	yes	xing fu	99080	999999	happy [adj.]	n. 快乐, 幸福, 幸运	yes
omega	最后	n.	dual-source	tem8	tem8	yes	yes	no	yes	yes	yes	zui hou	91332	23100	last [n.] | final [n.]	n. 希腊字母的最后一个字, 终了, 最后\n[医] ω(希腊文第二十四个字母)	yes
exertion	努力	n.	dual-source	toefl	toefl	yes	yes	no	yes	no	yes	nu li	62215	12337	strive [v.]	n. 努力, 发挥, 运用\n[医] 劳力, 用力	yes
vigil	监视	n.	dual-source	tem8	tem8	yes	yes	no	yes	no	yes	jian shi	59009	10146	monitor [v.] | surveil [v.]	n. 警戒, 监视, 守夜\n[医] 不眠, 警醒	yes
setup	计划	n.	dual-source	toefl	toefl	yes	yes	no	yes	yes	yes	ji hua	58929	5868	plan [n.]	n. 装备, 组织, 计划, 机构, 调整, 设置\n[计] 设置	yes
centrality	中心	n.	dual-source	toefl	toefl	yes	yes	no	yes	yes	yes	zhong xin	55936	12978	center [n.]	n. 中心, 中央, 向心性\n[医] 中央性, 归中性	yes
centrality	中央	n.	dual-source	toefl	toefl	yes	yes	no	yes	yes	yes	zhong yang	55519	12978	center [n.]	n. 中心, 中央, 向心性\n[医] 中央性, 归中性	yes
estimation	估计	n.	dual-source	tem8	tem8	yes	yes	no	yes	no	yes	gu ji	54782	10340	estimate [v.]	n. 判断, 估计, 尊重\n[化] 估计; 估定; 测定; 估值	yes
extraordinarily	非常	adv.	dual-source	toefl	toefl	yes	yes	no	yes	yes	yes	fei chang	53300	7314	very [adv.]	adv. 非凡, 破例, 特别, 非常, 离奇, 使人惊奇, 惊人, 特命, 特派	yes
insomuch	由于	adv.	dual-source	tem8	tem8	yes	yes	no	yes	no	yes	you yu	53009	999999	due to [prep.] | because of [prep.]	adv. 到这样的程度, 如此地, 因为, 由于	yes
works	作品	n.	dual-source	tem8	tem8	yes	yes	no	yes	yes	yes	zuo pin	52817	1637	work [n.] | piece [n.]	n. 工程, 工厂, 工事, 活动部件, 机件, 著作, 作品, 善行, 德行\n[机] 工厂, 工场	yes
organisation	组织	n.	dual-source	tem8	tem8	yes	yes	no	yes	no	yes	zu zhi	51880	999999	organize [v.]	n. 组织, 团体, 体制, 编制	yes
scholastic	学生	n.	dual-source	tem8	tem8	yes	yes	no	yes	yes	yes	xue sheng	47291	11944	student [n.]	a. 学校的, 学校教育的, 学者的, 学究的\nn. 经院哲学家, 学究, 墨守成规者, 学生	yes
tele	电视	n.	dual-source	toefl	toefl	yes	yes	no	yes	yes	yes	dian shi	46533	999999	tv [n.] | television [n.]	n. 电视	yes
locomotion	运动	n.	dual-source	toefl	toefl	yes	yes	no	yes	yes	yes	yun dong	46199	22712	sports [n.] | exercise [n.]	n. 运动, 移动, 旅行\n[医] 行动, 运动	yes
lee	保护	n.	dual-source	tem8	tem8	yes	yes	no	yes	no	yes	bao hu	45530	999999	protect [v.]	n. 背风处, 避风处, 下风处, 保护, 庇护\na. 避风的, 背风的, 下风的, 保护的	yes
pains	辛苦	n.	dual-source	ielts	ielts	yes	yes	no	yes	no	yes	xin ku	44158	999999	hard [adj.] | tough [adj.]	n. 麻烦, 辛苦	yes
reversion	回复	n.	dual-source	tem8	tem8	yes	yes	no	yes	no	yes	hui fu	42254	25812	reply [v.]	n. 回复, 复原, 归还, 继承权\n[化] 返硫	yes
ingoing	进入	n.	dual-source	toefl	toefl	yes	yes	no	yes	no	yes	jin ru	38786	999999	enter [v.]	a. 进入的, 新进的, 洞察的\nn. 进入, 迁入, 就任	yes
impersonator	演员	n.	dual-source	tem8	tem8	yes	yes	no	yes	yes	yes	yan yuan	37254	22307	actor [n.]	n. 演员；模拟艺人	yes
histrionic	演员	n.	dual-source	tem8	tem8	yes	yes	no	yes	yes	yes	yan yuan	37254	29277	actor [n.]	a. 演员的, 演剧的, 矫揉造作的\nn. 演员, 演剧, 戏剧性	yes
issuance	发行	n.	dual-source	tem8	tem8	yes	yes	no	yes	no	yes	fa xing	36199	19824	issue [v.] | release [v.]	n. 发行, 发布\n[经] 发行, 发给	yes
happening	事件	n.	dual-source	tem8	tem8	yes	yes	no	yes	yes	yes	shi jian	35940	6702	event [n.] | incident [n.]	n. 事件, 意外发生的事	yes
insistence	坚持	n.	dual-source	toefl	toefl	yes	yes	no	yes	no	yes	jian chi	35863	7306	persist [v.] | insist [v.]	n. 坚持, 坚决主张	yes
benediction	祝福	n.	dual-source	tem8	tem8	yes	yes	no	yes	no	yes	zhu fu	35528	21353	bless [v.]	n. 祝福	yes
congruence	适合	n.	dual-source	tem8	tem8	yes	yes	no	yes	no	yes	shi he	34694	18706	suit [v.]	n. 适合, 一致, 和谐	yes
evenness	平均	n.	dual-source	toefl	toefl	yes	yes	no	yes	no	yes	ping jun	34623	32252	average [adj.]	n. 平均, 平坦, 平等\n[化] 平直度; 均匀性	yes
humanness	为人	n.	dual-source	toefl	toefl	yes	yes	no	yes	no	yes	wei ren	34585	27855	behave [phr.]	n. 为人, 人性	yes
personage	角色	n.	dual-source	tem8	tem8	yes	yes	no	yes	yes	yes	jue se	32471	19862	role [n.] | character [n.]	n. 重要人士, 显要, 名士, 人物, 角色	yes
commendation	推荐	n.	dual-source	tem8	tem8	yes	yes	no	yes	no	yes	tui jian	32467	21328	recommend [v.]	n. 赞赏, 嘉奖, 推荐	yes
domination	控制	n.	dual-source	ielts	ielts	yes	yes	no	yes	no	yes	kong zhi	30760	7356	control [v.]	n. 支配, 控制, 管辖	yes
headship	能力	n.	dual-source	tem8	tem8	yes	yes	no	yes	yes	yes	neng li	30601	42079	ability [n.] | capability [n.]	n. 领导人地位, 能力, 校长职务	yes
damsel	少女	n.	dual-source	tem8	tem8	yes	yes	no	yes	yes	yes	shao nv	30167	25102	girl [n.] | maiden [n.]	n. 少女, 闺女	yes
unionization	联合	n.	dual-source	toefl	toefl	yes	yes	no	yes	no	yes	lian he	27897	25691	unite [v.] | combine [v.]	n. 联合；结合；工会化	yes
conduce	导致	v.	dual-source	ielts	ielts	yes	yes	no	yes	yes	yes	dao zhi	26581	38918	cause [v.] | lead to [v.]	vi. 有助于, 有益于, 有贡献于, 导致	yes
issuance	发布	n.	dual-source	tem8	tem8	yes	yes	no	yes	no	yes	fa bu	25447	19824	release [v.]	n. 发行, 发布\n[经] 发行, 发给	yes
willingness	愿意	n.	dual-source	toefl	toefl	yes	yes	no	yes	no	yes	yuan yi	25394	4186	willing [v.]	n. 乐意, 心甘情愿, 愿意	yes
seriousness	认真	n.	dual-source	toefl	toefl	yes	yes	no	yes	no	yes	ren zhen	25368	8366	serious [adj.] | conscientious [adj.]	n. 严肃, 认真, 严重性	yes
earnestness	认真	n.	dual-source	toefl	toefl	yes	yes	no	yes	no	yes	ren zhen	25368	22724	serious [adj.] | conscientious [adj.]	n. 认真；诚挚；正经	yes
disclaimer	放弃	n.	dual-source	toefl	toefl	yes	yes	no	yes	no	no	fang qi	25237	16950	give up [v.] | abandon [v.]	n. 放弃, 拒负责任, 不承诺\n[经] 弃权或不申诉条款	yes
entirety	全部	n.	dual-source	tem4	tem4	yes	yes	no	yes	yes	yes	quan bu	23751	12896	all [n.]	n. 全部, 整体\n[法] 共有制, 整体, 全部	yes
boule	议会	n.	dual-source	toefl	toefl	yes	yes	no	yes	yes	yes	yi hui	23125	42076	parliament [n.]	n. 议会, 下议院, 立法会议	yes
inquisition	调查	n.	dual-source	tem8	tem8	yes	yes	no	yes	no	yes	diao cha	23021	22360	investigate [v.] | survey [v.]	n. 调查, 探究, 审理, 宗教裁判所\n[医] 调查, 审查	yes
transact	处理	v.	dual-source	toefl	toefl	yes	yes	no	yes	yes	yes	chu li	22901	25974	handle [v.] | deal with [v.]	vt. 办理, 处理\nvi. 作交易, 谈判	yes
par	标准	n.	dual-source	tem8	tem8	yes	yes	no	yes	yes	yes	biao zhun	22590	5807	standard [n.]	n. 标准, 票面价值, 平均数量, 同等水平\na. 票面的, 平常的, 标准的, 平价的\n[计] 重新传输的肯定回答	yes
enhancement	增加	n.	dual-source	toefl	toefl	yes	yes	no	yes	no	yes	zeng jia	22397	7849	increase [v.]	n. 提高, 美化, 增进, 增强, 增加\n[计] 增强, 加强, 提高, 充实	yes
accession	增加	n.	dual-source	tem8	tem8	yes	yes	no	yes	no	yes	zeng jia	22397	16248	increase [v.]	n. 到达, 即位, 增加, 同意, 发作, 正式接受\nvt. 登记入册	yes
accrue	产生	v.	dual-source	tem8	tem8	yes	yes	no	yes	yes	yes	chan sheng	22223	12166	produce [v.] | generate [v.]	vi. 自然增加, 产生\n[经] 应计, 产生, 出现	yes
worthiness	值得	n.	dual-source	toefl	toefl	yes	yes	no	yes	no	yes	zhi de	21803	25057	worth [v.] | deserve [v.]	n. 价值, 相当, 值得	yes
customarily	通常	adv.	dual-source	toefl	toefl	yes	yes	no	yes	yes	yes	tong chang	21677	19395	usually [adv.]	adv. 照例, 通常, 习惯上	yes
fireside	家庭	n.	dual-source	tem8	tem8	yes	yes	no	yes	yes	yes	jia ting	21606	22071	family [n.] | home [n.]	n. 炉边, 家庭, 家庭生活\na. 在火炉边的, 非正式的	yes
ado	麻烦	n.	dual-source	tem8	tem8	yes	yes	no	yes	no	yes	ma fan	21371	22859	troublesome [adj.]	n. 纷扰, 忙乱, 麻烦	yes
disentangle	解决	v.	dual-source	tem8	tem8	yes	yes	no	yes	yes	yes	jie jue	21127	21565	solve [v.]	vi. 解开纠结, 松开, 解决\nvt. 解开, 松开	yes
remodel	改变	v.	dual-source	toefl	toefl	yes	yes	no	yes	yes	yes	gai bian	20178	11351	change [v.] | alter [v.]	vt. 改造, 改型, 改变	yes
electorate	选区	n.	dual-source	tem8	tem8	yes	yes	no	yes	yes	yes	xuan qu	19508	8624	constituency [n.]	n. 选民, 有选举权者, 选区\n[法] 选民, 选举团, 选区	yes
resurrection	恢复	n.	dual-source	tem8	tem8	yes	yes	no	yes	no	yes	hui fu	18517	10219	recover [v.] | restore [v.]	n. 复活, 复兴, 恢复, 掘墓盗尸\n[法] 复活, 恢复, 修复	yes
resumption	恢复	n.	dual-source	tem8	tem8	yes	yes	no	yes	no	yes	hui fu	18517	18248	recover [v.] | restore [v.]	n. 取回, 恢复, 再开始\n[经] 再取回, 恢复, 重新占用	yes
actuality	事实	n.	dual-source	tem8	tem8	yes	yes	no	yes	yes	yes	shi shi	18101	15096	fact [n.]	n. 事实, 现实, 现状	yes
actuality	现实	n.	dual-source	tem8	tem8	yes	yes	no	yes	yes	yes	xian shi	17909	15096	reality [n.]	n. 事实, 现实, 现状	yes
consolation	安慰	n.	dual-source	ielts	ielts	yes	yes	no	yes	no	yes	an wei	17745	10267	comfort [v.] | console [v.]	n. 安慰, 令人安慰的事物\n[法] 安慰, 慰问	yes
repentance	后悔	n.	dual-source	tem8	tem8	yes	yes	no	yes	no	yes	hou hui	17743	17103	regret [v.]	n. 后悔, 悔改\n[法] 悔改, 悔悟, 后悔	yes
diversification	变化	n.	dual-source	toefl	toefl	yes	yes	no	yes	yes	yes	bian hua	17561	13436	change [n.]	n. 变化, 多样化\n[经] 分散	yes
transmutation	变化	n.	dual-source	tem8	tem8	yes	yes	no	yes	yes	yes	bian hua	17561	29823	change [n.]	n. 变形, 变化, 演变\n[医] 蜕变, 嬗变, 衍变	yes
helping	帮助	n.	dual-source	tem8	tem8	yes	yes	no	yes	no	yes	bang zhu	17515	7865	help [v.] | assist [v.]	n. 帮助, 协助, 一份	yes
muck	垃圾	n.	dual-source	tem8	tem8	yes	yes	no	yes	yes	yes	la ji	17327	13224	garbage [n.] | trash [n.]	n. 垃圾, 肥料\nvt. 施肥, 弄脏, 弄糟\nvi. 搬运矸石	yes
denizen	居民	n.	dual-source	tem8	tem8	yes	yes	no	yes	yes	yes	ju min	17216	17602	resident [n.]	n. 居民, 外籍居民, 外来语\nvt. 给...居住权, 移植	yes
fulfillment	实现	n.	dual-source	ielts	ielts	yes	yes	no	yes	no	yes	shi xian	17168	8717	realize [v.] | implement [v.]	n. 履行, 结束, 完成, 实现, 满意, 称心	yes
fulfilment	实现	n.	dual-source	tem8	tem8	yes	yes	no	yes	no	yes	shi xian	17168	34001	realize [v.] | implement [v.]	n. 履行, 结束, 完成, 实现, 满意, 称心\n[法] 履行, 实现, 完成	yes
extrusion	推出	n.	dual-source	ielts	ielts	yes	yes	no	yes	no	yes	tui chu	17070	27531	launch [v.] | introduce [v.]	n. 挤出, 推出, 赶出\n[化] 挤出; 挤塑; 压出	yes
amalgamation	合并	n.	dual-source	toefl	toefl	yes	yes	no	yes	no	yes	he bing	16459	24086	merge [v.] | combine [v.]	n. 汞齐化, 合并\n[化] 汞齐化; 汞齐化作用; 混汞法	yes
coalescence	合并	n.	dual-source	toefl	toefl	yes	yes	no	yes	no	yes	he bing	16459	32650	merge [v.] | combine [v.]	n. 联合, 结合, 合并\n[化] 聚并; 凝并	yes
utilisation	利用	n.	dual-source	ielts	ielts	yes	yes	no	yes	no	yes	li yong	15996	999999	use [v.] | utilize [v.]	n. 利用；使用（等于utilization）	yes
battalion	军队	n.	dual-source	tem8	tem8	yes	yes	no	yes	yes	yes	jun dui	15684	8735	army [n.] | military [n.]	n. 营, 军队, 集团	yes
nullify	取消	v.	dual-source	ielts	ielts	yes	yes	no	yes	yes	yes	qu xiao	15453	17035	cancel [v.]	vt. 使无效, 废弃, 取消\n[化] 使等于零; 作废	yes
diddle	浪费	v.	dual-source	tem8	tem8	yes	yes	no	yes	yes	yes	lang fei	14915	31672	waste [v.]	vt. 欺骗, 骗取, 浪费\nvi. 快速摇动	yes
failing	失败	n.	dual-source	tem8	tem8	yes	yes	no	yes	no	yes	shi bai	14255	13145	fail [v.]	n. 失败, 缺点\nprep. 如果没有...\na. 失败的	yes
gratification	满足	n.	dual-source	tem8	tem8	yes	yes	no	yes	no	yes	man zu	14180	12309	satisfy [v.]	n. 令人满足的事(或物), 满足, 喜悦\n[医] 愿望满足, 满意	yes
satiation	满足	n.	dual-source	tem8	tem8	yes	yes	no	yes	no	yes	man zu	14180	38350	satisfy [v.]	n. 饱足, 厌腻, 满足\n[医] 满足, 饱满	yes
complacence	满足	n.	dual-source	toefl	toefl	yes	yes	no	yes	no	yes	man zu	14180	45326	satisfy [v.]	n. 满足, 自鸣得意, 自满	yes
gala	节日	n.	dual-source	tem8	tem8	yes	yes	no	yes	yes	yes	jie ri	13921	9165	festival [n.]	n. 节日, 祝贺	yes
sir	先生	n.	dual-source	tem8	tem8	yes	yes	no	yes	yes	yes	xian sheng	13370	2108	mr [n.] | teacher [n.]	n. 先生, 阁下	yes
cate	美食	n.	dual-source	toefl	toefl	yes	yes	no	yes	yes	yes	mei shi	13198	999999	delicacy [n.] | cuisine [n.]	n. 佳肴, 美食	yes
rector	校长	n.	dual-source	tem8	tem8	yes	yes	no	yes	yes	yes	xiao zhang	12957	20910	principal [n.] | president [n.]	n. 教区长, 校长, 院长	yes
mores	习惯	n.	dual-source	tem8	tem8	yes	yes	no	yes	yes	yes	xi guan	12652	999999	habit [n.] | custom [n.]	n. 习惯, 道德态度, 惯例, 习俗\n[医] 风俗, 习惯	yes
unison	和谐	n.	dual-source	tem8	tem8	yes	yes	no	yes	no	yes	he xie	12534	9423	harmonious [adj.]	n. 调和, 和谐, 一致, 齐唱, 齐奏\na. 共同做的, 同声的	yes
nomination	任命	n.	dual-source	tem8	tem8	yes	yes	no	yes	no	yes	ren ming	12044	3232	appoint [v.]	n. 提名, 任命, 提名权	yes
thereabouts	大约	adv.	dual-source	tem4	tem4	yes	yes	no	yes	yes	yes	da yue	11829	26637	approximately [adv.]	adv. 在那附近, 大约, 上下, 左右	yes
thereabout	大约	adv.	dual-source	tem8	tem8	yes	yes	no	yes	yes	yes	da yue	11829	999999	approximately [adv.]	adv. 在那附近, 大约	yes
helping	协助	n.	dual-source	tem8	tem8	yes	yes	no	yes	no	yes	xie zhu	11741	7865	assist [v.]	n. 帮助, 协助, 一份	yes
maturation	成熟	n.	dual-source	toefl	toefl	yes	yes	no	yes	no	yes	cheng shu	11598	15645	mature [adj.]	n. 化脓, 成熟\n[医] 成熟, 化脓	yes
officeholder	官员	n.	dual-source	toefl	toefl	yes	yes	no	yes	yes	yes	guan yuan	11452	21463	official [n.]	n. 官员	yes
scriptwriter	编剧	n.	dual-source	tem8	tem8	yes	yes	no	yes	yes	yes	bian ju	11437	30245	screenwriter [n.]	n. 编剧	yes
neatness	干净	n.	dual-source	toefl	toefl	yes	yes	no	yes	no	yes	gan jing	11353	24919	clean [adj.]	n. 整洁, 干净	yes
locomotion	移动	n.	dual-source	toefl	toefl	yes	yes	no	yes	no	yes	yi dong	11333	22712	move [v.] | mobile [v.]	n. 运动, 移动, 旅行\n[医] 行动, 运动	yes
immobility	不动	n.	dual-source	toefl	toefl	yes	yes	no	yes	no	yes	bu dong	11237	23903	not move [v.]	n. 不动性, 不动, 固定\n[医] 不动[性]	yes
ethos	气质	n.	dual-source	tem8	tem8	yes	yes	no	yes	yes	yes	qi zhi	10782	11241	temperament [n.] | aura [n.]	n. 气质；民族精神；社会思潮	yes
felicity	幸运	n.	dual-source	tem8	tem8	yes	yes	no	yes	no	yes	xing yun	10761	999999	lucky [adj.] | fortunate [adj.]	n. 快乐, 幸福, 幸运	yes
rueful	可怜的	adj.	dual-source	tem8	tem8	yes	yes	no	no	new-key	yes	ke lian de	10717	20979		a. 悲伤的, 后悔的, 可怜的	yes
stoppage	停止	n.	dual-source	tem8	tem8	yes	yes	no	yes	no	yes	ting zhi	10620	20251	stop [v.]	n. 停止, 中止, 阻塞, 阻碍, 堵塞, 故障, 停付, 扣除, 扣留, 停工, 罢工\n[化] 停机	yes
ail	生病	v.	dual-source	toefl	toefl	yes	yes	no	yes	yes	yes	sheng bing	10524	15923	get sick [v.]	vt. 使苦恼\nvi. 生病, 处境困难\n[计] 数组互联逻辑	yes
savant	学者	n.	dual-source	tem8	tem8	yes	yes	no	yes	yes	yes	xue zhe	10520	21472	scholar [n.]	n. 学者, 专家	yes
diminution	减少	n.	dual-source	toefl	toefl	yes	yes	no	yes	no	yes	jian shao	10492	21683	reduce [v.] | decrease [v.]	n. 减少, 缩小, 减低\n[医] 减少, 减小	yes
whizz	专家	n.	dual-source	tem8	tem8	yes	yes	no	yes	yes	yes	zhuan jia	10488	17799	expert [n.]	n. 飕飕声, 精明的人, 专家\nv. (使)飕飕作声	yes
savant	专家	n.	dual-source	tem8	tem8	yes	yes	no	yes	yes	yes	zhuan jia	10488	21472	expert [n.]	n. 学者, 专家	yes
regression	回归	n.	dual-source	tem8	tem8	yes	yes	no	yes	no	yes	hui gui	10478	5403	return [v.]	n. 退步, 回归\n[计] 回归	yes
habitation	居住	n.	dual-source	tem8	tem8	yes	yes	no	yes	no	yes	ju zhu	10442	17865	reside [v.] | live [v.]	n. 居住, 住所	yes
unwrap	打开	v.	dual-source	ielts	ielts	yes	yes	no	yes	yes	yes	da kai	10388	17368	open [v.] | turn on [v.]	vt. 打开	yes
burgher	公民	n.	dual-source	toefl	toefl	yes	yes	no	yes	yes	yes	gong min	10295	28151	citizen [n.]	n. 公民, 市民	yes
caprice	任性	n.	dual-source	tem8	tem8	yes	yes	no	yes	no	yes	ren xing	10069	26827	willful [adj.]	n. 反复无常, 多变, 任性	yes
check-up	检查	n.	dual-source	ielts	ielts	yes	yes	no	yes	no	yes	jian cha	10063	999999	check [v.] | inspect [v.]	n. 检查, 体格检查	yes
subversion	破坏	n.	dual-source	tem8	tem8	yes	yes	no	yes	no	yes	po huai	10026	16214	destroy [v.] | damage [v.]	n. 颠覆, 打倒, 破坏\n[法] 颠覆, 死亡, 败坏	yes
breakage	破坏	n.	dual-source	toefl	toefl	yes	yes	no	yes	no	yes	po huai	10026	23255	destroy [v.] | damage [v.]	n. 破坏, 破损处, 破损量\n[化] 破裂; 断裂	yes
depredation	破坏	n.	dual-source	toefl	toefl	yes	yes	no	yes	no	yes	po huai	10026	23993	destroy [v.] | damage [v.]	n. 掠夺, 破坏	yes
gambit	话题	n.	dual-source	tem8	tem8	yes	yes	no	yes	yes	yes	hua ti	9865	18520	topic [n.]	n. 以取得优势的开局棋法, 开场白, 话题	yes
rector	院长	n.	dual-source	tem8	tem8	yes	yes	no	yes	yes	yes	yuan zhang	9748	20910	dean [n.]	n. 教区长, 校长, 院长	yes
approximation	接近	n.	dual-source	toefl	toefl	yes	yes	no	yes	no	yes	jie jin	9729	13653	approach [v.]	n. 接近, 近似值\n[医] 接近; 近似	yes
nearness	接近	n.	dual-source	toefl	toefl	yes	yes	no	yes	no	yes	jie jin	9729	25477	approach [v.]	n. 接近；密切；近似	yes
burgher	市民	n.	dual-source	toefl	toefl	yes	yes	no	yes	yes	yes	shi min	9711	28151	citizen [n.]	n. 公民, 市民	yes
accession	到达	n.	dual-source	tem8	tem8	yes	yes	no	yes	no	yes	dao da	9636	16248	arrive [v.] | reach [v.]	n. 到达, 即位, 增加, 同意, 发作, 正式接受\nvt. 登记入册	yes
localize	集中	v.	dual-source	toefl	toefl	yes	yes	no	yes	yes	yes	ji zhong	9635	18618	concentrate [v.] | focus [v.]	vt.vi. 使地方化, 使具有地方性, 使限制于局部, 确定起源, 集中, 局限\n[计] 局部化, 定位, 定域	yes
beckon	吸引	v.	dual-source	tem8	tem8	yes	yes	no	yes	yes	yes	xi yin	9620	8776	attract [v.]	v. 招手示意, 召唤, 吸引\nn. 表召唤的点头(或手势)	yes
scholastic	学校的	adj.	dual-source	tem8	tem8	yes	yes	no	no	new-key	yes	xue xiao de	9469	11944		a. 学校的, 学校教育的, 学者的, 学究的\nn. 经院哲学家, 学究, 墨守成规者, 学生	yes
estimation	尊重	n.	dual-source	tem8	tem8	yes	yes	no	yes	no	yes	zun zhong	9462	10340	respect [v.]	n. 判断, 估计, 尊重\n[化] 估计; 估定; 测定; 估值	yes
enrichment	丰富	n.	dual-source	toefl	toefl	yes	yes	no	yes	no	yes	feng fu	9438	10003	rich [adj.] | abundant [adj.]	n. 丰富, 肥沃\n[化] 富集	yes
fullness	丰富	n.	dual-source	toefl	toefl	yes	yes	no	yes	no	yes	feng fu	9438	13587	rich [adj.] | abundant [adj.]	n. 满, 充满, 丰富\n[医] 发胀	yes
saucy	漂亮的	adj.	dual-source	toefl	toefl	yes	yes	no	no	new-key	yes	piao liang de	9340	20929		a. 莽撞的, 活泼的, 漂亮的	yes
familiarity	熟悉	n.	dual-source	toefl	toefl	yes	yes	no	yes	no	yes	shu xi	9081	8057	be familiar with [v.]	n. 熟悉, 精通, 亲密	yes
falsity	错误	n.	dual-source	tem8	tem8	yes	yes	no	yes	yes	yes	cuo wu	8965	25357	mistake [n.] | error [n.]	n. 虚伪, 错误, 不忠实, 谎言\n[经] 伪造, 篡改	yes
nomination	提名	n.	dual-source	tem8	tem8	yes	yes	no	yes	no	yes	ti ming	8778	3232	nominate [v.]	n. 提名, 任命, 提名权	yes
misfit	不适合	n.	dual-source	tem8	tem8	yes	yes	no	yes	no	yes	bu shi he	8744	18307	not suit [v.]	n. 不适合, 不适合的东西, 不适应环境的人\nvt. (衣着)对...不合身\nvi. 不适合	yes
setup	装备	n.	dual-source	toefl	toefl	yes	yes	no	yes	yes	yes	zhuang bei	8614	5868	equipment [n.]	n. 装备, 组织, 计划, 机构, 调整, 设置\n[计] 设置	yes
equipped	装备	v.	dual-source	tem4	tem4	yes	yes	no	yes	no	yes	zhuang bei	8614	999999	equipment [n.]	v. 装备；整装；预备（equip的过去分词）	yes
visitation	访问	n.	dual-source	tem8	tem8	yes	yes	no	yes	no	yes	fang wen	8581	10409	visit [v.] | access [v.]	n. 访问, 探望, 视察	yes
avoidance	避免	n.	dual-source	toefl	toefl	yes	yes	no	yes	no	yes	bi mian	8458	9140	avoid [v.]	n. 避免, 避开, 逃避\n[经] 回避, 废止, 宣告无效	yes
worthiness	价值	n.	dual-source	toefl	toefl	yes	yes	no	yes	yes	yes	jia zhi	8392	25057	value [n.]	n. 价值, 相当, 值得	yes
awhile	一会儿	adv.	dual-source	toefl	toefl	yes	yes	no	yes	no	yes	yi hui er	8257	7422	a while [n.] | moment [n.]	adv. 片刻, 一会儿	yes
exportation	出口	n.	dual-source	toefl	toefl	yes	yes	no	yes	yes	yes	chu kou	8153	33044	exit [n.]	n. 输出, 出口物, 输出品, 出口\n[经] 出口(货)	yes
unionization	结合	n.	dual-source	toefl	toefl	yes	yes	no	yes	no	yes	jie he	8038	25691	combine [v.] | integrate [v.]	n. 联合；结合；工会化	yes
liking	爱好	n.	dual-source	tem8	tem8	yes	yes	no	yes	yes	yes	ai hao	7871	14323	hobby [n.]	n. 爱好, 嗜好	yes
gusto	爱好	n.	dual-source	tem8	tem8	yes	yes	no	yes	yes	yes	ai hao	7871	16728	hobby [n.]	n. 爱好, 嗜好, 由衷的高兴	yes
savvy	机智	n.	dual-source	tem8	tem8	yes	yes	no	yes	no	yes	ji zhi	7867	9659	witty [adj.] | resourceful [adj.]	v. 理解, 领悟\nn. 理解能力, 机智, 悟性	yes
counsellor	顾问	n.	dual-source	ielts	ielts	yes	yes	no	yes	yes	yes	gu wen	7776	23853	consultant [n.] | advisor [n.]	n. 顾问, 辅导员, 律师	yes
works	工厂	n.	dual-source	tem8	tem8	yes	yes	no	yes	yes	yes	gong chang	7772	1637	factory [n.]	n. 工程, 工厂, 工事, 活动部件, 机件, 著作, 作品, 善行, 德行\n[机] 工厂, 工场	yes
unleash	发动	v.	dual-source	tem8	tem8	yes	yes	no	yes	yes	yes	fa dong	7725	7348	launch [v.]	vt. 解开...的皮带, 发出, 发动	yes
enfranchise	解放	v.	dual-source	ielts	ielts	yes	yes	no	yes	yes	yes	jie fang	7719	34840	liberate [v.] | free [v.]	vt. 给予自治权, 给予选举权, 解放\n[法] 给与公民权, 给予自由土地保有权, 释放	yes
householder	家长	n.	dual-source	tem8	tem8	yes	yes	no	yes	yes	yes	jia zhang	7694	27489	parent [n.]	n. 一家之主, 家长, 户长\n[法] 户主, 家长, 住	yes
earmark	特征	n.	dual-source	tem8	tem8	yes	yes	no	yes	yes	yes	te zheng	7688	12180	feature [n.]	n. 耳上记号, 特征, 记号, 标记\nvt. 在耳朵上做记号, 标记, 指定...作特定用途	yes
diffusion	传播	n.	dual-source	toefl	toefl	yes	yes	no	yes	no	yes	chuan bo	7671	11051	spread [v.]	n. 散播, 传播, 蔓延\n[医] 扩散, 弥散, 漫射(光)	yes
dissemination	传播	n.	dual-source	ielts	ielts	yes	yes	no	yes	no	yes	chuan bo	7671	13011	spread [v.]	n. 散播, 传播, 普及\n[医] 散布, 播散	yes
disprove	反驳	v.	dual-source	toefl	toefl	yes	yes	no	yes	yes	yes	fan bo	7640	15886	refute [v.] | rebut [v.]	vt. 证明...是不对的, 提出...的反证, 反驳\n[法] 证明...不成立, 反驳, 驳斥	yes
cynthia	月亮	n.	dual-source	toefl	toefl	yes	yes	no	yes	yes	yes	yue liang	7614	999999	moon [n.]	n. 月亮女神, 月亮	yes
usefulness	有用	n.	dual-source	toefl	toefl	yes	yes	no	yes	no	yes	you yong	7512	9891	useful [adj.]	n. 有用, 有益\n[经] 有用, 有用性	yes
unwillingness	不愿意	n.	dual-source	toefl	toefl	yes	yes	no	yes	no	yes	bu yuan yi	7424	12423	unwilling [v.]	n. 不情愿；不愿意	yes
refectory	餐厅	n.	dual-source	ielts	ielts	yes	yes	no	yes	yes	yes	can ting	7385	32454	restaurant [n.] | dining hall [n.]	n. 餐厅	yes
seclusion	隔离	n.	dual-source	toefl	toefl	yes	yes	no	yes	no	yes	ge li	7366	16579	isolate [v.] | quarantine [v.]	n. 隔离, 隐退	yes
fixation	固定	n.	dual-source	toefl	toefl	yes	yes	no	yes	no	yes	gu ding	7345	12793	fix [v.] | secure [v.]	n. 定置, 固定, 定色\n[医] 固定; 固定法, 固定术; 定影	yes
adequacy	足够	n.	dual-source	toefl	toefl	yes	yes	no	yes	no	yes	zu gou	7339	14558	enough [adj.]	n. 适当, 足够	yes
faze	打扰	v.	dual-source	tem8	tem8	yes	yes	no	yes	yes	yes	da rao	7224	19253	disturb [v.] | bother [v.]	vt. 打扰, 折磨, 使狼狈	yes
seduction	诱惑	n.	dual-source	tem8	tem8	yes	yes	no	yes	no	yes	you huo	7174	12359	tempt [v.] | lure [v.]	n. 教唆, 怂恿, 诱惑, 诱惑物, 诱饵\n[法] 诱奸, 勾引, 引诱	yes
glee	欢乐	n.	dual-source	tem8	tem8	yes	yes	no	yes	no	yes	huan le	7125	13136	joyful [adj.]	n. 欢乐, 高兴	yes
mirth	欢乐	n.	dual-source	tem8	tem8	yes	yes	no	yes	no	yes	huan le	7125	21285	joyful [adj.]	n. 欢笑, 欢乐, 愉快	yes
disaffection	不满	n.	dual-source	toefl	toefl	yes	yes	no	yes	no	yes	bu man	7119	23066	dissatisfied [adj.]	n. 不满, 不平, 背叛\n[法] 挑唆背判, 离判, 不满	yes
breakup	崩溃	n.	dual-source	toefl	toefl	yes	yes	no	yes	no	yes	beng kui	7043	7673	collapse [v.]	n. 分裂, 崩溃, 解散, 解体\n[电] 停止	yes
debacle	崩溃	n.	dual-source	tem8	tem8	yes	yes	no	yes	no	yes	beng kui	7043	10825	collapse [v.]	n. 崩溃, 大失败	yes
seaboard	海岸	n.	dual-source	toefl	toefl	yes	yes	no	yes	yes	yes	hai an	7043	21605	coast [n.]	n. 海岸, 沿海地带\na. 海边的	yes
gipsy	流浪	v.	dual-source	tem8	tem8	yes	yes	no	yes	yes	yes	liu lang	7042	999999	wander [v.] | roam [v.]	vi. 流浪	yes
nomadism	流浪	n.	dual-source	toefl	toefl	yes	yes	no	yes	no	yes	liu lang	7042	999999	wander [v.] | roam [v.]	n. 游牧, 流浪	yes
knowhow	情报	n.	dual-source	tem8	tem8	yes	yes	no	yes	yes	yes	qing bao	7037	999999	intelligence [n.] | information [n.]	n. 情报；实际的能力；专门技术；诀窍, 技巧	yes
compulsion	强迫	n.	dual-source	tem8	tem8	yes	yes	no	yes	no	yes	qiang po	6982	12079	force [v.] | compel [v.]	n. 强迫, 强制\n[医] 强迫	yes
fingerboard	键盘	n.	dual-source	toefl	toefl	yes	yes	no	yes	yes	yes	jian pan	6832	39197	keyboard [n.]	n. 指板, 键盘	yes
excitation	兴奋	n.	dual-source	toefl	toefl	yes	yes	no	yes	no	yes	xing fen	6817	19442	excited [adj.]	n. 刺激, 鼓舞, 兴奋\n[化] 激发	yes
fizz	兴奋	n.	dual-source	tem8	tem8	yes	yes	no	yes	no	yes	xing fen	6817	25929	excited [adj.]	vi. 嘶嘶响, 显示兴奋\nn. 嘶嘶声, 兴奋, 活力	yes
remodel	改造	v.	dual-source	toefl	toefl	yes	yes	no	yes	yes	yes	gai zao	6666	11351	transform [v.] | reform [v.]	vt. 改造, 改型, 改变	yes
expectant	候选人	n.	dual-source	tem8	tem8	yes	yes	no	yes	yes	yes	hou xuan ren	6617	16585	candidate [n.]	n. 预期者, 期待者, 候选人\na. 预期的, 期待的	yes
swiftness	迅速	n.	dual-source	toefl	toefl	yes	yes	no	yes	no	yes	xun su	6574	25740	rapid [adj.]	n. 迅速, 快	yes
revamp	修改	v.	dual-source	tem8	tem8	yes	yes	no	yes	yes	yes	xiu gai	6567	13133	modify [v.] | revise [v.]	vt. 换新鞋面, 修理, 修补, 修改\n[经] 整修, 补, 修改	yes
freeway	高速公路	n.	dual-source	tem8	tem8	yes	yes	no	yes	yes	yes	gao su gong lu	6403	6142	highway [n.]	n. 高速公路	yes
allotment	分配	n.	dual-source	tem8	tem8	yes	yes	no	yes	no	yes	fen pei	6297	14275	distribute [v.] | allocate [v.]	n. 分配, 拨款, 命运\n[经] 分配, 拨款, 分配额分派认购额	yes
dispensation	分配	n.	dual-source	tem8	tem8	yes	yes	no	yes	no	yes	fen pei	6297	19978	distribute [v.] | allocate [v.]	n. 分配, 施与, (义务的)免除\n[法] 特免权, 豁免, 执行	yes
apportionment	分配	n.	dual-source	toefl	toefl	yes	yes	no	yes	no	yes	fen pei	6297	29796	distribute [v.] | allocate [v.]	n. 分配, 分摊, 分派\n[经] 分派, 分配, 分摊	yes
harbinger	预告	v.	dual-source	tem8	tem8	yes	yes	no	yes	no	yes	yu gao	6243	16191	preview [n.] | trailer [n.]	n. 通告者, 预告者, 先驱, 预兆\nvt. 预告, 充做...的前驱	yes
congruence	一致	n.	dual-source	tem8	tem8	yes	yes	no	yes	no	yes	yi zhi	6234	18706	consistent [adj.]	n. 适合, 一致, 和谐	yes
thrice	三次	adv.	dual-source	tem8	tem8	yes	yes	no	yes	no	yes	san ci	6220	24757	three times [n.]	adv. 以三倍, 三次, 十分地	yes
deliverance	释放	n.	dual-source	tem8	tem8	yes	yes	no	yes	no	yes	shi fang	6204	18030	release [v.]	n. 解脱, 解救, 释放, 判决\n[法] 交保, 判决, 正式意见	yes
elongate	延长	v.	dual-source	toefl	toefl	yes	yes	no	yes	yes	yes	yan chang	6095	24478	extend [v.] | prolong [v.]	v. 延长, (使)伸延\na. 伸长的	yes
debase	降低	v.	dual-source	tem8	tem8	yes	yes	no	yes	yes	yes	jiang di	5993	22355	lower [v.] | reduce [v.]	vt. 贬低, 降低	yes
verve	热情	n.	dual-source	tem8	tem8	yes	yes	no	yes	yes	yes	re qing	5924	21644	enthusiasm [n.]	n. 热情, 气魄, 神韵, 活力	yes
ardour	热情	n.	dual-source	tem8	tem8	yes	yes	no	yes	yes	yes	re qing	5924	999999	enthusiasm [n.]	n. 热忱, 热情, 情欲, 激情, 灼热	yes
humbug	骗子	n.	dual-source	tem8	tem8	yes	yes	no	yes	yes	yes	pian zi	5923	27711	liar [n.] | cheat [n.]	vt. 欺骗, 哄骗\nvi. 行骗\nn. 骗子, 欺骗, 欺诈	yes
racketeer	骗子	n.	dual-source	tem8	tem8	yes	yes	no	yes	yes	yes	pian zi	5923	31532	liar [n.] | cheat [n.]	n. 敲诈者, 骗子\nv. 诈骗钱财	yes
biter	骗子	n.	dual-source	toefl	toefl	yes	yes	no	yes	yes	yes	pian zi	5923	33211	liar [n.] | cheat [n.]	n. 咬人的人(或动物), 骗子	yes
pretense	借口	n.	dual-source	toefl	toefl	yes	yes	no	yes	yes	yes	jie kou	5895	11459	excuse [n.]	n. 借口, 虚假, 伪装	yes
exertion	发挥	n.	dual-source	toefl	toefl	yes	yes	no	yes	no	yes	fa hui	5895	12337	display [v.] | bring into play [v.]	n. 努力, 发挥, 运用\n[医] 劳力, 用力	yes
impersonation	扮演	n.	dual-source	toefl	toefl	yes	yes	no	yes	no	yes	ban yan	5890	21249	play [v.] | act [v.]	n. 扮演, 装扮, 模仿\n[计] 模仿	yes
enfold	拥抱	v.	dual-source	tem8	tem8	yes	yes	no	yes	yes	yes	yong bao	5788	21056	hug [v.] | embrace [v.]	vt. 包进, 拥抱	yes
nudge	推动	n.	dual-source	tem8	tem8	yes	yes	no	yes	no	yes	tui dong	5742	7726	promote [v.] | push [v.]	n. 用肘轻推, 推动, 讨厌家伙	yes
subsistence	生存	n.	dual-source	toefl	toefl	yes	yes	no	yes	no	yes	sheng cun	5717	10237	survive [v.]	n. 生存, 生活\n[医] 生存	yes
spate	大雨	n.	dual-source	tem8	tem8	yes	yes	no	yes	yes	yes	da yu	5717	14718	heavy rain [n.]	n. 泛滥, 洪水, 大雨, 大量, 一阵	yes
outlay	费用	n.	dual-source	tem8	tem8	yes	yes	no	yes	yes	yes	fei yong	5670	14087	cost [n.] | expense [n.]	n. 费用, 经费, 支出\nvt. 花费	yes
assertion	主张	n.	dual-source	tem8	tem8	yes	yes	no	yes	no	yes	zhu zhang	5593	5339	advocate [v.] | claim [v.]	n. 断言, 主张\n[法] 宣称, 断言, 维护	yes
clientele	客户	n.	dual-source	ielts	ielts	yes	yes	no	yes	yes	yes	ke hu	5549	10429	client [n.] | customer [n.]	n. 诉讼委托人, 客户\n[法] 委托人, 受保护者, 门徒	yes
amplification	扩大	n.	dual-source	toefl	toefl	yes	yes	no	yes	no	yes	kuo da	5543	17701	expand [v.] | enlarge [v.]	n. 扩大, 放大\n[化] 放大; 放大作用	yes
surrogate	代理	v.	dual-source	tem8	tem8	yes	yes	no	yes	no	yes	dai li	5500	8901	agent [n.] | proxy [n.]	n. 替代者, 代用品\nvt. 代理, 替代	yes
wares	货物	n.	dual-source	tem8	tem8	yes	yes	no	yes	yes	yes	huo wu	5476	10290	goods [n.] | cargo [n.]	n. 货物, 商品\n[经] 商品, 货物	yes
enactment	制定	n.	dual-source	toefl	toefl	yes	yes	no	yes	no	yes	zhi ding	5436	12667	formulate [v.]	n. 制定, 条例, 法规, 法令, 颁布, 规定\n[法] 制定, 规定, 颁布	yes
epithet	称号	n.	dual-source	toefl	toefl	yes	yes	no	yes	yes	yes	cheng hao	5351	14731	title [n.]	n. 浑名, 绰号, 称号	yes
misapprehension	误会	n.	dual-source	tem8	tem8	yes	yes	no	yes	no	yes	wu hui	5346	30924	misunderstand [v.]	n. 误会, 误解\n[医] 误会, 领会错误	yes
tryout	试验	n.	dual-source	tem8	tem8	yes	yes	no	yes	no	yes	shi yan	5308	16185	test [v.] | experiment [v.]	n. 试验, 试用, 选拔赛	yes
resurrection	复活	n.	dual-source	tem8	tem8	yes	yes	no	yes	no	yes	fu huo	5299	10219	revive [v.] | resurrect [v.]	n. 复活, 复兴, 恢复, 掘墓盗尸\n[法] 复活, 恢复, 修复	yes
enrolment	注册	n.	dual-source	ielts	ielts	yes	yes	no	yes	no	yes	zhu ce	5268	999999	register [v.]	n. 登记, 注册, 入伍, 入学, 入会, 注册人数, 入学人数	yes
disobedience	违反	n.	dual-source	tem8	tem8	yes	yes	no	yes	no	yes	wei fan	5248	14049	violate [v.]	n. 不服从, 不孝, 违反	yes
breathing	呼吸	n.	dual-source	toefl	toefl	yes	yes	no	yes	no	yes	hu xi	5243	4508	breathe [v.]	n. 呼吸, 瞬间, 微风\na. 呼吸的, 逼真的	yes
supplementation	补充	n.	dual-source	toefl	toefl	yes	yes	no	yes	no	yes	bu chong	5205	18020	supplement [v.] | add [v.]	n. 增补, 补足, 补充	yes
replenishment	补充	n.	dual-source	toefl	toefl	yes	yes	no	yes	no	yes	bu chong	5205	27415	supplement [v.] | add [v.]	n. 补给, 补充	yes
physic	治愈	v.	dual-source	toefl	toefl	yes	yes	no	yes	yes	yes	zhi yu	5131	35682	heal [v.]	n. 药品, 泻药, 医学\nvt. 给...服药, 治愈, 使通便	yes
dominance	优势	n.	dual-source	toefl	toefl	yes	yes	no	yes	yes	yes	you shi	5060	6288	advantage [n.] | strength [n.]	n. 优势, 显性, 统治, 控制, 支配\n[计] 控制, 扰势	yes
preponderance	优势	n.	dual-source	toefl	toefl	yes	yes	no	yes	yes	yes	you shi	5060	15714	advantage [n.] | strength [n.]	n. 优势, 多数\n[医] 优势	yes
predominance	优势	n.	dual-source	toefl	toefl	yes	yes	no	yes	yes	yes	you shi	5060	19486	advantage [n.] | strength [n.]	n. 主导地位, 优势	yes
ascendant	优势	n.	dual-source	tem8	tem8	yes	yes	no	yes	yes	yes	you shi	5060	23793	advantage [n.] | strength [n.]	n. 支配地位, 优势, 运星\na. 上升的, 占优势的	yes
credence	信任	n.	dual-source	toefl	toefl	yes	yes	no	yes	no	yes	xin ren	4913	14310	trust [v.]	n. 信任, 祭器台, 供桌, 凭证\n[法] 设计人, 创立人, 创设人	yes
agonize	折磨	v.	dual-source	toefl	toefl	yes	yes	no	yes	yes	yes	zhe mo	4910	15401	torment [v.]	vt. 使极度痛苦, 折磨\nvi. 感到痛苦	yes
faze	折磨	v.	dual-source	tem8	tem8	yes	yes	no	yes	yes	yes	zhe mo	4910	19253	torment [v.]	vt. 打扰, 折磨, 使狼狈	yes
brevity	短暂	n.	dual-source	tem8	tem8	yes	yes	no	yes	no	yes	duan zan	4802	20046	brief [adj.] | short [adj.]	n. 短暂, 简短	yes
crap	废话	n.	dual-source	tem8	tem8	yes	yes	no	yes	yes	yes	fei hua	4773	7117	nonsense [n.]	n. 废物, 废话\nvi. 掷骰子	yes
beckon	召唤	v.	dual-source	tem8	tem8	yes	yes	no	yes	yes	yes	zhao huan	4738	8776	summon [v.] | call [v.]	v. 招手示意, 召唤, 吸引\nn. 表召唤的点头(或手势)	yes
secession	分离	n.	dual-source	tem8	tem8	yes	yes	no	yes	no	yes	fen li	4662	14688	separate [v.]	n. 脱离, 分离	yes
headway	前进	n.	dual-source	tem8	tem8	yes	yes	no	yes	no	yes	qian jin	4636	15526	advance [v.]	n. 前进, 航行速度, 进展\n[经] 进尺, 钻井	yes
madame	太太	n.	dual-source	tem8	tem8	yes	yes	no	yes	yes	yes	tai tai	4626	7424	wife [n.] | madam [n.]	n. 夫人, 小姐, 太太, 女士, 主妇, (非正式)喜欢差使/指使别人的女子, 鸨母	yes
seafloor	海底	n.	dual-source	toefl	toefl	yes	yes	no	yes	yes	yes	hai di	4539	21925	seabed [n.]	n. 海底	yes
celebratory	快乐的	adj.	dual-source	toefl	toefl	yes	yes	no	yes	yes	yes	kuai le de	4462	15484	happy [adj.]	a. 快乐的, 兴高采烈的	yes
personification	象征	n.	dual-source	tem8	tem8	yes	yes	no	yes	yes	yes	xiang zheng	4436	17240	symbol [n.]	n. 拟人, 人格化, 拟人法, 化身, 象征	yes
symbolise	象征	v.	dual-source	tem8	tem8	yes	yes	no	yes	no	yes	xiang zheng	4436	999999	symbol [n.]	vt. 象征, 代表, 作为...的象征\nvt.vi. 用符号表示, 使用符号	yes
renegade	脱离	v.	dual-source	tem8	tem8	yes	yes	no	yes	yes	yes	tuo li	4422	13169	break away [v.]	n. 背教者, 变节者, 脱党者\na. 背弃的, 脱离的, 叛徒的\nvi. 背叛, 背弃, 脱离	yes
secession	脱离	n.	dual-source	tem8	tem8	yes	yes	no	yes	no	yes	tuo li	4422	14688	break away [v.]	n. 脱离, 分离	yes
exertion	运用	n.	dual-source	toefl	toefl	yes	yes	no	yes	no	yes	yun yong	4417	12337	apply [v.] | use [v.]	n. 努力, 发挥, 运用\n[医] 劳力, 用力	yes
adornment	装饰	n.	dual-source	toefl	toefl	yes	yes	no	yes	no	yes	zhuang shi	4362	19010	decorate [v.]	n. 装饰, 装饰品	yes
upholster	装饰	v.	dual-source	tem8	tem8	yes	yes	no	yes	yes	yes	zhuang shi	4362	20652	decorate [v.]	vt. 为(沙发等)装上垫, 装饰, 装璜	yes
ornamentation	装饰	n.	dual-source	toefl	toefl	yes	yes	no	yes	no	yes	zhuang shi	4362	21335	decorate [v.]	n. 装饰, 装饰术, 装饰品, 修饰	yes
operative	侦探	n.	dual-source	tem8	tem8	yes	yes	no	yes	yes	yes	zhen tan	4300	10270	detective [n.]	a. 动作的, 运转的, 有效的, 关键的, 手术的\nn. 技工, 侦探	yes
loudness	大声	n.	dual-source	toefl	toefl	yes	yes	no	yes	yes	yes	da sheng	4293	26530	loud voice [n.]	n. 响度, 高声, 大声, 吵闹\n[电] 响度	yes
manhood	成年	n.	dual-source	tem8	tem8	yes	yes	no	yes	no	yes	cheng nian	4286	11813	adult [adj.]	n. 成年, 勇气, 男儿\n[法] 成年身分, 成年, 男子	yes
extermination	消灭	n.	dual-source	toefl	toefl	yes	yes	no	yes	no	yes	xiao mie	4282	18574	eliminate [v.]	n. 消灭, 根绝	yes
ostensibly	外表	adv.	dual-source	tem8	tem8	yes	yes	no	yes	no	yes	wai biao	4258	9156	appearance [n.]	adv. 可公开, 显然, 表面, 外表, 诡称, 假装	yes
flurry	飓风	n.	dual-source	tem8	tem8	yes	yes	no	yes	yes	yes	ju feng	4219	9456	hurricane [n.]	n. 疾风, 飓风, 慌张\nvt. 使恐慌, 使激动\nvi. 慌张	yes
derision	嘲笑	n.	dual-source	tem8	tem8	yes	yes	no	yes	no	yes	chao xiao	4179	18311	mock [v.] | ridicule [v.]	n. 嘲笑	yes
jibe	嘲笑	v.	dual-source	toefl	toefl	yes	yes	no	yes	yes	yes	chao xiao	4179	23346	mock [v.] | ridicule [v.]	vi. 嘲笑, 一致\nvt. 转帆, 嘲笑\nn. 嘲笑	yes
gibe	嘲笑	v.	dual-source	toefl	toefl	yes	yes	no	yes	yes	yes	chao xiao	4179	32913	mock [v.] | ridicule [v.]	v. 嘲笑\nn. 嘲笑	yes
gibe	嘲笑	n.	dual-source	toefl	toefl	yes	yes	no	yes	no	yes	chao xiao	4179	32913	mock [v.] | ridicule [v.]	v. 嘲笑\nn. 嘲笑	yes
viciousness	邪恶	n.	dual-source	tem8	tem8	yes	yes	no	yes	no	yes	xie e	4148	27367	evil [adj.]	n. 恶意；邪恶	yes
disavow	否认	v.	dual-source	tem8	tem8	yes	yes	no	yes	yes	yes	fou ren	4143	17395	deny [v.]	vt. 否认, 否定, 拒绝对...承担责任\n[法] 不承认, 抵赖, 拒绝对...承担责任	yes
congregation	集合	n.	dual-source	tem8	tem8	yes	yes	no	yes	yes	yes	ji he	4087	4989	set [n.] | gathering [n.]	n. 集合, 聚集\n[法] 集会, 人一, 红衣主教会议	yes
seriousness	严肃	n.	dual-source	toefl	toefl	yes	yes	no	yes	no	yes	yan su	4087	8366	serious [adj.] | solemn [adj.]	n. 严肃, 认真, 严重性	yes
aggregation	集合	n.	dual-source	toefl	toefl	yes	yes	no	yes	yes	yes	ji he	4087	17277	set [n.] | gathering [n.]	n. 集合, 聚合, 集合体\n[化] 聚集; 聚集作用	yes
harshness	严肃	n.	dual-source	toefl	toefl	yes	yes	no	yes	no	yes	yan su	4087	20513	serious [adj.] | solemn [adj.]	n. 粗糙事物, 刺耳, 严肃	yes
jetty	码头	n.	dual-source	tem8	tem8	yes	yes	no	yes	yes	yes	ma tou	4058	18633	dock [n.] | wharf [n.]	n. 突堤, 防波堤, 码头\na. 黑玉般的, 乌黑发亮的\nvi. 伸出	yes
changeover	转换	n.	dual-source	toefl	toefl	yes	yes	no	yes	no	yes	zhuan huan	4054	23764	convert [v.] | switch [v.]	n. 转换, 逆转	yes
boggle	犹豫	v.	dual-source	tem8	tem8	yes	yes	no	yes	yes	yes	you yu	4045	21558	hesitate [v.]	vi. 犹豫, 踌躇, 吃惊, 搪塞\nvt. 搞坏\nn. 犹豫, 吃惊	yes
boggle	犹豫	n.	dual-source	tem8	tem8	yes	yes	no	yes	no	yes	you yu	4045	21558	hesitate [v.]	vi. 犹豫, 踌躇, 吃惊, 搪塞\nvt. 搞坏\nn. 犹豫, 吃惊	yes
dither	发抖	n.	dual-source	tem8	tem8	yes	yes	no	yes	no	yes	fa dou	4030	25282	tremble [v.]	n. 发抖, 兴奋\nvi. 发抖	yes
dither	发抖	v.	dual-source	tem8	tem8	yes	yes	no	yes	yes	yes	fa dou	4030	25282	tremble [v.]	n. 发抖, 兴奋\nvi. 发抖	yes
enrolment	登记	n.	dual-source	ielts	ielts	yes	yes	no	yes	no	yes	deng ji	4029	999999	register [v.]	n. 登记, 注册, 入伍, 入学, 入会, 注册人数, 入学人数	yes
ploy	手段	n.	dual-source	toefl	toefl	yes	yes	no	yes	yes	yes	shou duan	4013	11458	means [n.] | method [n.]	n. 手段, 活动, 玩乐	yes
ordain	注定	v.	dual-source	tem8	tem8	yes	yes	no	yes	yes	yes	zhu ding	3996	13110	destine [v.]	vt. 注定, 规定, 任命\nvi. 颁布命令	yes
transmutation	变形	n.	dual-source	tem8	tem8	yes	yes	no	yes	no	yes	bian xing	3996	29823	deform [v.] | transform [v.]	n. 变形, 变化, 演变\n[医] 蜕变, 嬗变, 衍变	yes
anomie	混乱	n.	dual-source	toefl	toefl	yes	yes	no	yes	no	yes	hun luan	3986	28446	chaotic [adj.] | confused [adj.]	n. 社会的反常状态；混乱	yes
communion	共享	n.	dual-source	tem8	tem8	yes	yes	no	yes	no	yes	gong xiang	3962	9720	share [v.]	n. 共享, 交流, 恳谈, 宗教教派	yes
archetype	原型	n.	dual-source	tem8	tem8	yes	yes	no	yes	yes	yes	yuan xing	3941	15672	prototype [n.]	n. 原型	yes
reprimand	谴责	n.	dual-source	tem8	tem8	yes	yes	no	yes	no	yes	qian ze	3881	14849	condemn [v.] | denounce [v.]	n. 谴责, 惩戒, 非难\nvt. 谴责, 惩戒, 严责	yes
reprimand	谴责	v.	dual-source	tem8	tem8	yes	yes	no	yes	yes	yes	qian ze	3881	14849	condemn [v.] | denounce [v.]	n. 谴责, 惩戒, 非难\nvt. 谴责, 惩戒, 严责	yes
primacy	首位	n.	dual-source	toefl	toefl	yes	yes	no	yes	yes	yes	shou wei	3880	12762	first place [n.]	n. 第一, 首位, 卓越	yes
hobgoblin	妖怪	n.	dual-source	tem8	tem8	yes	yes	no	yes	yes	yes	yao guai	3851	42177	monster [n.] | demon [n.]	n. 妖怪, 幽灵	yes
anathema	诅咒	n.	dual-source	toefl	toefl	yes	yes	no	yes	no	yes	zu zhou	3849	16986	curse [v.]	n. 令人厌恶的人, 强烈的遣责, 诅咒, 咒逐, 革出教门	yes
grisly	可怕的	adj.	dual-source	tem8	tem8	yes	yes	no	no	new-key	yes	ke pa de	3825	15353		a. 可怕的, 厉害的, 令人畏惧的	yes
horrid	可怕的	adj.	dual-source	tem8	tem8	yes	yes	no	no	new-key	yes	ke pa de	3825	17286		a. 可怕的, 极讨厌的, 毛骨悚然的	yes
macabre	可怕的	adj.	dual-source	tem8	tem8	yes	yes	no	no	new-key	yes	ke pa de	3825	18553		a. 以死亡为主题的, 可怕的	yes
knowhow	技巧	n.	dual-source	tem8	tem8	yes	yes	no	yes	yes	yes	ji qiao	3740	999999	skill [n.] | technique [n.]	n. 情报；实际的能力；专门技术；诀窍, 技巧	yes
adequacy	适当	n.	dual-source	toefl	toefl	yes	yes	no	yes	no	yes	shi dang	3691	14558	appropriate [adj.] | proper [adj.]	n. 适当, 足够	yes
humbug	欺骗	v.	dual-source	tem8	tem8	yes	yes	no	yes	yes	yes	qi pian	3651	27711	deceive [v.] | cheat [v.]	vt. 欺骗, 哄骗\nvi. 行骗\nn. 骗子, 欺骗, 欺诈	yes
humbug	欺骗	n.	dual-source	tem8	tem8	yes	yes	no	yes	no	yes	qi pian	3651	27711	deceive [v.] | cheat [v.]	vt. 欺骗, 哄骗\nvi. 行骗\nn. 骗子, 欺骗, 欺诈	yes
diddle	欺骗	v.	dual-source	tem8	tem8	yes	yes	no	yes	yes	yes	qi pian	3651	31672	deceive [v.] | cheat [v.]	vt. 欺骗, 骗取, 浪费\nvi. 快速摇动	yes
shortchange	欺骗	v.	dual-source	tem8	tem8	yes	yes	no	yes	yes	yes	qi pian	3651	999999	deceive [v.] | cheat [v.]	vt. 少找零钱, 欺骗	yes
compulsion	强制	n.	dual-source	tem8	tem8	yes	yes	no	yes	no	yes	qiang zhi	3649	12079	force [v.] | compel [v.]	n. 强迫, 强制\n[医] 强迫	yes
proclivity	倾向	n.	dual-source	toefl	toefl	yes	yes	no	yes	yes	yes	qing xiang	3646	18478	tendency [n.]	n. 倾向, 癖性	yes
provenance	起源	n.	dual-source	ielts	ielts	yes	yes	no	yes	yes	yes	qi yuan	3607	16671	origin [n.]	n. 起源, 出处	yes
spate	一阵	n.	dual-source	tem8	tem8	yes	yes	no	yes	no	yes	yi zhen	3587	14718	a burst of [m.]	n. 泛滥, 洪水, 大雨, 大量, 一阵	yes
deliverance	判决	n.	dual-source	tem8	tem8	yes	yes	no	yes	yes	yes	pan jue	3571	18030	judgment [n.] | verdict [n.]	n. 解脱, 解救, 释放, 判决\n[法] 交保, 判决, 正式意见	yes
humanness	人性	n.	dual-source	toefl	toefl	yes	yes	no	yes	yes	yes	ren xing	3523	27855	human nature [n.]	n. 为人, 人性	yes
whiff	一点点	n.	dual-source	tem8	tem8	yes	yes	no	yes	no	yes	yi dian dian	3490	12029	a little [adj.]	n. 一吹, 一吸, 一阵, 一点点, 一口烟\nvi. 轻轻地吹, 喷气, 三击不中出局, 垂钓\nvt. 吹送, 喷出, 吸, 使三击不中出局	yes
whoop	一点点	n.	dual-source	tem8	tem8	yes	yes	no	yes	no	yes	yi dian dian	3490	17648	a little [adj.]	n. 大叫, 呐喊, 一点点\nvi. 叫喊, 鸣叫\nvt. 高声说, 唤起	yes
evenness	平等	n.	dual-source	toefl	toefl	yes	yes	no	yes	no	yes	ping deng	3458	32252	equal [adj.]	n. 平均, 平坦, 平等\n[化] 平直度; 均匀性	yes
landholder	地主	n.	dual-source	toefl	toefl	yes	yes	no	yes	yes	yes	di zhu	3375	27600	landlord [n.]	n. 地主, 借地人	yes
onetime	从前	adv.	dual-source	toefl	toefl	yes	yes	no	yes	yes	yes	cong qian	3370	999999	formerly [adv.] | once [adv.]	a. 从前的, 一度的\nadv. 从前, 一度	yes
frontage	前方	n.	dual-source	tem8	tem8	yes	yes	no	yes	yes	yes	qian fang	3334	28052	front [n.]	n. 房子的正面, 前方, 临街地	yes
importation	进口	n.	dual-source	toefl	toefl	yes	yes	no	yes	no	yes	jin kou	3329	17065	import [v.]	n. 进口, 输入品\n[医] 输入, 传入	yes
gala	祝贺	n.	dual-source	tem8	tem8	yes	yes	no	yes	no	yes	zhu he	3316	9165	congratulate [v.]	n. 节日, 祝贺	yes
willingness	乐意	n.	dual-source	toefl	toefl	yes	yes	no	yes	no	yes	le yi	3280	4186	willing [adj.]	n. 乐意, 心甘情愿, 愿意	yes
populace	平民	n.	dual-source	ielts	ielts	yes	yes	no	yes	yes	yes	ping min	3261	11767	civilian [n.]	n. 平民, 大众, 人口	yes
fatality	不幸	n.	dual-source	tem8	tem8	yes	yes	no	yes	no	yes	bu xing	3201	9771	unfortunate [adj.]	n. 不幸, 厄运, 致命性, 死亡者, 厄运, 天命	yes
resurrection	复兴	n.	dual-source	tem8	tem8	yes	yes	no	yes	no	yes	fu xing	3199	10219	revive [v.]	n. 复活, 复兴, 恢复, 掘墓盗尸\n[法] 复活, 恢复, 修复	yes
resuscitation	复兴	n.	dual-source	tem8	tem8	yes	yes	no	yes	no	yes	fu xing	3199	20336	revive [v.]	n. 复生, 复兴\n[医] 复苏[术], 回生	yes
suntan	晒黑	n.	dual-source	tem8	tem8	yes	yes	no	yes	no	yes	shai hei	3199	23214	get tanned [v.]	n. 晒黑, 土黄色军服	yes
failing	缺点	n.	dual-source	tem8	tem8	yes	yes	no	yes	yes	yes	que dian	3146	13145	shortcoming [n.] | defect [n.]	n. 失败, 缺点\nprep. 如果没有...\na. 失败的	yes
bombshell	炸弹	n.	dual-source	tem8	tem8	yes	yes	no	yes	yes	yes	zha dan	3144	16402	bomb [n.]	n. 炸弹, 突发而惊人的事物	yes
fragility	脆弱	n.	dual-source	toefl	toefl	yes	yes	no	yes	no	yes	cui ruo	3076	15874	fragile [adj.] | vulnerable [adj.]	n. 脆弱, 虚弱\n[化] 易碎性	yes
plaint	抱怨	n.	dual-source	toefl	toefl	yes	yes	no	yes	no	yes	bao yuan	3069	34066	complain [v.]	n. 悲叹, 感叹, 诉苦, 起诉, 抗议, 抱怨\n[法] 控告, 起诉, 告状	yes
grandchild	孙子	n.	dual-source	tem8	tem8	yes	yes	no	yes	yes	yes	sun zi	3048	4393	grandson [n.]	n. 孙, 外孙女, 外孙, 孙女, 孙子	yes
precedence	优先	n.	dual-source	ielts	ielts	yes	yes	no	yes	no	yes	you xian	3012	12948	prioritize [v.]	n. 优先, 居先\n[计] 先后次序; 优先规定	yes
fizz	活力	n.	dual-source	tem8	tem8	yes	yes	no	yes	yes	yes	huo li	3004	25929	vitality [n.] | energy [n.]	vi. 嘶嘶响, 显示兴奋\nn. 嘶嘶声, 兴奋, 活力	yes
exponential	指数	n.	dual-source	toefl	toefl	yes	yes	no	yes	yes	yes	zhi shu	2988	17748	index [n.]	a. 指数的\nn. 指数\n[计] 指数	yes
termination	终止	n.	dual-source	toefl	toefl	yes	yes	no	yes	no	yes	zhong zhi	2957	10020	terminate [v.] | end [v.]	n. 终止, 结束, 结果, 词尾\n[化] 终止	yes
earmark	标记	v.	dual-source	tem8	tem8	yes	yes	no	yes	no	yes	biao ji	2937	12180	mark [n.]	n. 耳上记号, 特征, 记号, 标记\nvt. 在耳朵上做记号, 标记, 指定...作特定用途	yes
disavow	否定	v.	dual-source	tem8	tem8	yes	yes	no	yes	yes	yes	fou ding	2910	17395	deny [v.]	vt. 否认, 否定, 拒绝对...承担责任\n[法] 不承认, 抵赖, 拒绝对...承担责任	yes
negation	否定	n.	dual-source	ielts	ielts	yes	yes	no	yes	no	yes	fou ding	2910	18380	deny [v.]	n. 否定, 反面, 不存在\n[医] 否定, 否认	yes
driveway	车道	n.	dual-source	toefl	toefl	yes	yes	no	yes	yes	yes	che dao	2906	4769	lane [n.]	n. 车道	yes
evict	驱逐	v.	dual-source	ielts	ielts	yes	yes	no	yes	yes	yes	qu zhu	2901	12321	expel [v.] | drive out [v.]	vt. 逐出, 赶出, 驱逐\n[法] 逐出, 驱逐, 没收	yes
unwelcome	讨厌的	adj.	dual-source	toefl	toefl	yes	yes	no	no	new-key	yes	tao yan de	2843	12012		a. 不受欢迎的, 讨厌的\nn. 冷淡\nvt. 冷淡地对待, 冷淡地接受	yes
distasteful	讨厌的	adj.	dual-source	toefl	toefl	yes	yes	no	no	new-key	yes	tao yan de	2843	16735		a. 味道差的, 使人不愉快的, 讨厌的	yes
pesky	讨厌的	adj.	dual-source	toefl	toefl	yes	yes	no	no	new-key	yes	tao yan de	2843	16848		a. 麻烦的, 恼人的, 棘手的, 讨厌的	yes
repugnant	讨厌的	adj.	dual-source	tem8	tem8	yes	yes	no	no	new-key	yes	tao yan de	2843	17964		a. 讨厌的, 不愉快的, 厌恶的, 不一致的, 矛盾的, 反对的\n[法] 不一致的, 不相当的, 矛盾的	yes
loathsome	讨厌的	adj.	dual-source	toefl	toefl	yes	yes	no	no	new-key	yes	tao yan de	2843	22172		a. 讨厌的, 可恶的, 令人憎恶的	yes
abominable	讨厌的	adj.	dual-source	tem8	tem8	yes	yes	no	no	new-key	yes	tao yan de	2843	22568		a. 讨厌的, 令人憎恶的	yes
irksome	讨厌的	adj.	dual-source	tem8	tem8	yes	yes	no	no	new-key	yes	tao yan de	2843	29114		a. 厌恶的, 讨厌的, 令人厌烦的	yes
uninviting	讨厌的	adj.	dual-source	tem8	tem8	yes	yes	no	no	new-key	yes	tao yan de	2843	31328		a. 无吸引力的, 讨厌的, 不逗人兴趣的	yes
misapprehension	误解	n.	dual-source	tem8	tem8	yes	yes	no	yes	no	yes	wu jie	2825	30924	misunderstand [v.]	n. 误会, 误解\n[医] 误会, 领会错误	yes
indoctrinate	教导	v.	dual-source	tem8	tem8	yes	yes	no	yes	yes	yes	jiao dao	2824	21692	teach [v.]	vt. 教训, 教导, 灌输	yes
insensibility	不在乎	n.	dual-source	tem8	tem8	yes	yes	no	yes	no	yes	bu zai hu	2819	44931	not care [v.]	n. 无感觉, 不在乎, 不关心\n[化] 不灵敏性	yes
malignancy	恶意	n.	dual-source	tem8	tem8	yes	yes	no	yes	yes	yes	e yi	2799	18816	malice [n.] | ill will [n.]	n. 恶意, 邪恶, 恶性肿瘤\n[医] 恶性	yes
viciousness	恶意	n.	dual-source	tem8	tem8	yes	yes	no	yes	yes	yes	e yi	2799	27367	malice [n.] | ill will [n.]	n. 恶意；邪恶	yes
buildup	集结	n.	dual-source	toefl	toefl	yes	yes	no	yes	no	yes	ji jie	2777	7749	gather [v.] | assemble [v.]	n. 发展, 集结, 增强	yes
mope	忧郁	v.	dual-source	tem8	tem8	yes	yes	no	yes	no	yes	you yu	2765	25204	melancholy [adj.] | gloomy [adj.]	vi. 忧郁, 闲荡\nvt. 使忧郁\nn. 忧郁的人	yes
doldrums	忧郁	n.	dual-source	tem8	tem8	yes	yes	no	yes	no	yes	you yu	2765	999999	melancholy [adj.] | gloomy [adj.]	n. 忧郁, 赤道无风带	yes
holiness	神圣	n.	dual-source	tem8	tem8	yes	yes	no	yes	no	yes	shen sheng	2749	16518	sacred [adj.]	n. 神圣；圣座（大写, 对教宗等的尊称）	yes
sighting	瞄准	n.	dual-source	tem8	tem8	yes	yes	no	yes	no	yes	miao zhun	2730	9075	aim at [v.]	n. 照准；瞄准；视线	yes
electorate	选民	n.	dual-source	tem8	tem8	yes	yes	no	yes	yes	yes	xuan min	2710	8624	voter [n.]	n. 选民, 有选举权者, 选区\n[法] 选民, 选举团, 选区	yes
reparation	赔偿	n.	dual-source	tem8	tem8	yes	yes	no	yes	no	yes	pei chang	2705	13025	compensate [v.]	n. 补偿, 赔偿, 弥补, 修复, 修理\n[经] 赔偿, 补偿, 修理	yes
restitution	赔偿	n.	dual-source	tem8	tem8	yes	yes	no	yes	no	yes	pei chang	2705	15053	compensate [v.]	n. 归还, 偿还, 赔偿\n[医] 整复, 恢复, 转回(胎头)	yes
homosexuality	同性恋	n.	dual-source	toefl	toefl	yes	yes	no	yes	yes	yes	tong xing lian	2676	6672	homosexual [n.]	n. 同性恋\n[医] 同性性欲, 同性恋爱	yes
blockage	封锁	n.	dual-source	toefl	toefl	yes	yes	no	yes	no	yes	feng suo	2671	15456	blockade [v.] | seal off [v.]	n. 封锁, 妨碍\n[化] 堵塞	yes
afflicting	痛苦的	adj.	dual-source	ielts	ielts	yes	yes	no	yes	yes	yes	tong ku de	2642	999999	painful [adj.]	a. 痛苦的\nv. 使苦恼（afflict的ing形式）	yes
plaudit	赞美	n.	dual-source	toefl	toefl	yes	yes	no	yes	no	yes	zan mei	2611	29504	praise [v.]	n. 拍手喝彩, 称赞, 赞美	yes
foreshore	海滩	n.	dual-source	tem8	tem8	yes	yes	no	yes	yes	yes	hai tan	2583	46785	beach [n.]	n. 前滩, 海滩	yes
quintessence	精华	n.	dual-source	tem8	tem8	yes	yes	no	yes	yes	yes	jing hua	2574	29868	essence [n.]	n. 精萃, 精华, 典范\n[医] 浓浸膏, 精华	yes
enactment	颁布	n.	dual-source	toefl	toefl	yes	yes	no	yes	no	yes	ban bu	2567	12667	promulgate [v.] | issue [v.]	n. 制定, 条例, 法规, 法令, 颁布, 规定\n[法] 制定, 规定, 颁布	yes
stoppage	故障	n.	dual-source	tem8	tem8	yes	yes	no	yes	yes	yes	gu zhang	2545	20251	breakdown [n.]	n. 停止, 中止, 阻塞, 阻碍, 堵塞, 故障, 停付, 扣除, 扣留, 停工, 罢工\n[化] 停机	yes
rampart	防卫	v.	dual-source	tem8	tem8	yes	yes	no	yes	yes	yes	fang wei	2543	19772	defend [v.]	n. 垒, 壁垒, 防御土墙\nvt. 用壁垒围绕, 防卫, 守卫	yes
aide	助手	n.	dual-source	toefl	toefl	yes	yes	no	yes	yes	yes	zhu shou	2522	3035	assistant [n.]	n. 助手, 副官\n[计] 数据输入的可说明性	yes
subjugation	镇压	n.	dual-source	toefl	toefl	yes	yes	no	yes	no	yes	zhen ya	2516	20410	suppress [v.] | put down [v.]	n. 征服, 镇压, 平息\n[法] 征服, 镇压, 克制	yes
spate	洪水	n.	dual-source	tem8	tem8	yes	yes	no	yes	yes	yes	hong shui	2472	14718	flood [n.]	n. 泛滥, 洪水, 大雨, 大量, 一阵	yes
hither	这边的	adj.	dual-source	tem8	tem8	yes	yes	no	no	new-key	yes	zhe bian de	2467	25331		a. 这边的, 在这边的\nadv. 向这边, 向此处	yes
harassment	困扰	n.	dual-source	ielts	ielts	yes	yes	no	yes	no	yes	kun rao	2458	4591	trouble [v.] | bother [v.]	n. 困扰, 烦扰, 烦恼\n[法] 折磨, 骚扰, 侵扰	yes
seafarer	船员	n.	dual-source	toefl	toefl	yes	yes	no	yes	yes	yes	chuan yuan	2429	27250	crew [n.]	n. 船员, 航海家\n[法] 海员, 水手, 海上旅行者	yes
inanity	空虚	n.	dual-source	toefl	toefl	yes	yes	no	yes	no	yes	kong xu	2426	32337	empty [adj.] | hollow [adj.]	n. 空虚, 愚蠢	yes
chaplain	牧师	n.	dual-source	tem8	tem8	yes	yes	no	yes	yes	yes	mu shi	2414	9778	pastor [n.] | priest [n.]	n. 牧师	yes
nomenclature	术语	n.	dual-source	tem8	tem8	yes	yes	no	yes	yes	yes	shu yu	2408	19821	term [n.]	n. 命名法, 专门语, 术语\n[化] 命名法; 命名原则	yes
liveliness	活泼	n.	dual-source	toefl	toefl	yes	yes	no	yes	no	yes	huo po	2358	27955	lively [adj.] | active [adj.]	n. 活泼, 快活, 热闹	yes
briskness	活泼	n.	dual-source	toefl	toefl	yes	yes	no	yes	no	yes	huo po	2358	45362	lively [adj.] | active [adj.]	n. 轻快, 活泼	yes
renegade	背叛	v.	dual-source	tem8	tem8	yes	yes	no	yes	yes	yes	bei pan	2341	13169	betray [v.]	n. 背教者, 变节者, 脱党者\na. 背弃的, 脱离的, 叛徒的\nvi. 背叛, 背弃, 脱离	yes
discontinuity	中断	n.	dual-source	toefl	toefl	yes	yes	no	yes	no	yes	zhong duan	2337	18582	interrupt [v.] | suspend [v.]	n. 间断, 中断, 不连续\n[电] 间断性	yes
tuba	大号	n.	dual-source	tem8	tem8	yes	yes	no	yes	yes	yes	da hao	2321	20453	large size [n.]	n. 大号\n[医] 管	yes
clarification	澄清	n.	dual-source	toefl	toefl	yes	yes	no	yes	no	yes	cheng qing	2306	11316	clarify [v.]	n. 澄清, 净化\n[计] 澄清报告; 澄清	yes
lexis	词汇	n.	dual-source	tem8	tem8	yes	yes	no	yes	yes	yes	ci hui	2282	999999	vocabulary [n.]	n. 词, 词汇	yes
outlay	花费	v.	dual-source	tem8	tem8	yes	yes	no	yes	yes	yes	hua fei	2263	14087	spend [v.] | cost [v.]	n. 费用, 经费, 支出\nvt. 花费	yes
posit	安置	v.	dual-source	toefl	toefl	yes	yes	no	yes	yes	yes	an zhi	2237	9378	place [v.] | settle [v.]	vt. 假设, 安置, 布置	yes
forbearance	自制	n.	dual-source	toefl	toefl	yes	yes	no	yes	no	yes	zi zhi	2225	22860	self-control [v.] | homemade [v.]	n. 节制, 自制, 忍耐\n[法] 债务偿还期的延展, 忍耐, 宽容	yes
pretense	伪装	n.	dual-source	toefl	toefl	yes	yes	no	yes	no	yes	wei zhuang	2220	11459	disguise [v.]	n. 借口, 虚假, 伪装	yes
masquerade	伪装	n.	dual-source	tem8	tem8	yes	yes	no	yes	no	yes	wei zhuang	2220	15851	disguise [v.]	n. 化装舞会, 伪装\nvi. 参加化装舞会, 伪装, 假装	yes
masquerade	伪装	v.	dual-source	tem8	tem8	yes	yes	no	yes	yes	yes	wei zhuang	2220	15851	disguise [v.]	n. 化装舞会, 伪装\nvi. 参加化装舞会, 伪装, 假装	yes
glen	峡谷	n.	dual-source	toefl	toefl	yes	yes	no	yes	yes	yes	xia gu	2212	20449	canyon [n.] | gorge [n.]	n. 峡谷, 幽谷	yes
dryness	干燥	n.	dual-source	toefl	toefl	yes	yes	no	yes	no	yes	gan zao	2203	17571	dry [adj.]	n. 干燥, 干燥无味, 冷淡	yes
desiccation	干燥	n.	dual-source	toefl	toefl	yes	yes	no	yes	no	yes	gan zao	2203	29933	dry [adj.]	n. 干燥\n[法] 干燥	yes
excitation	刺激	n.	dual-source	toefl	toefl	yes	yes	no	yes	no	yes	ci ji	2191	19442	stimulate [v.] | provoke [v.]	n. 刺激, 鼓舞, 兴奋\n[化] 激发	yes
qualm	不安	n.	dual-source	tem8	tem8	yes	yes	no	yes	no	yes	bu an	2175	14827	uneasy [adj.]	n. 晕眩, 不安, 疑虑\n[法] 疑虑, 不安, 内疚	yes
uneasiness	不安	n.	dual-source	tem8	tem8	yes	yes	no	yes	no	yes	bu an	2175	16215	uneasy [adj.]	n. 不舒适, 不安, 局促	yes
disquiet	不安	n.	dual-source	toefl	toefl	yes	yes	no	yes	no	yes	bu an	2175	27148	uneasy [adj.]	vt. 打搅, 使烦恼, 使忧虑, 使不安\nn. 不安, 焦虑, 不平静	yes
depiction	叙述	n.	dual-source	toefl	toefl	yes	yes	no	yes	no	yes	xu shu	2174	7680	narrate [v.] | describe [v.]	n. 描写, 叙述	yes
jean	牛仔裤	n.	dual-source	toefl	toefl	yes	yes	no	yes	yes	yes	niu zai ku	2159	999999	jeans [n.]	n. 牛仔裤, 牛仔布, 斜纹棉布	yes
thereto	到那	adv.	dual-source	tem8	tem8	yes	yes	no	yes	no	yes	dao na	2157	33316	go there [phr.]	adv. 往那边, 到那	yes
inflammatory	激动的	adj.	dual-source	tem8	tem8	yes	yes	no	no	new-key	yes	ji dong de	2151	10408		a. 激动的, 煽动的, 炎症性的\n[医] 炎的, 炎性的	yes
emissary	间谍	n.	dual-source	tem8	tem8	yes	yes	no	yes	yes	yes	jian die	2126	16487	spy [n.]	n. 密使, 间谍, 使者\na. 充当密使的, 充当间谍的	yes
enactment	法规	n.	dual-source	toefl	toefl	yes	yes	no	yes	yes	yes	fa gui	2124	12667	regulation [n.]	n. 制定, 条例, 法规, 法令, 颁布, 规定\n[法] 制定, 规定, 颁布	yes
vagueness	暧昧	n.	dual-source	toefl	toefl	yes	yes	no	yes	no	yes	ai mei	2112	22182	ambiguous [adj.] | vague [adj.]	n. 含糊, 暧昧	yes
alp	高山	n.	dual-source	toefl	toefl	yes	yes	no	yes	yes	yes	gao shan	2094	999999	high mountain [n.]	n. 高山\n[计] 交替程序, 运算逻辑处理器, 汇编语言程序	yes
enrolment	入学	n.	dual-source	ielts	ielts	yes	yes	no	yes	no	yes	ru xue	2082	999999	enter school [v.]	n. 登记, 注册, 入伍, 入学, 入会, 注册人数, 入学人数	yes
forebear	祖先	n.	dual-source	toefl	toefl	yes	yes	no	yes	yes	yes	zu xian	2079	15920	ancestor [n.]	n. 祖先, 祖宗	yes
paucity	少量	n.	dual-source	toefl	toefl	yes	yes	no	yes	yes	yes	shao liang	2073	16637	small amount [n.]	n. 少数, 少量, 缺乏	yes
modicum	少量	n.	dual-source	toefl	toefl	yes	yes	no	yes	yes	yes	shao liang	2073	19686	small amount [n.]	n. 少量	yes
depiction	描写	n.	dual-source	toefl	toefl	yes	yes	no	yes	yes	yes	miao xie	2047	7680	description [n.]	n. 描写, 叙述	yes
expunge	删掉	v.	dual-source	tem8	tem8	yes	yes	no	yes	yes	yes	shan diao	2037	22036	delete [v.]	vt. 擦掉, 删掉, 除去	yes
cajole	勾引	v.	dual-source	tem8	tem8	yes	yes	no	yes	yes	yes	gou yin	2017	19154	seduce [v.] | lure [v.]	vt. 以甜言蜜语哄骗, 勾引	yes
stoppage	罢工	n.	dual-source	tem8	tem8	yes	yes	no	yes	no	yes	ba gong	2005	20251	strike [v.]	n. 停止, 中止, 阻塞, 阻碍, 堵塞, 故障, 停付, 扣除, 扣留, 停工, 罢工\n[化] 停机	yes
rearguard	后卫	n.	dual-source	tem8	tem8	yes	yes	no	yes	yes	yes	hou wei	2005	36203	defender [n.]	n. 后卫	yes
fudge	胡说	n.	dual-source	tem8	tem8	yes	yes	no	yes	no	yes	hu shuo	1981	14638	talk nonsense [v.]	n. 虚构的故事, 谎言, 胡说\ninterj. 胡说八道\nvi. 蒙混, 做傻事\nvt. 粗制滥造, 捏造, 逃避职责	yes
payout	支出	n.	dual-source	tem8	tem8	yes	yes	no	yes	yes	yes	zhi chu	1975	13355	expenditure [n.]	n. 支出, 付出款项\n[经] 付出款项, 花费, 支出	yes
conduce	有助于	v.	dual-source	ielts	ielts	yes	yes	no	yes	yes	yes	you zhu yu	1967	38918	contribute to [v.]	vi. 有助于, 有益于, 有贡献于, 导致	yes
nullify	废弃	v.	dual-source	ielts	ielts	yes	yes	no	yes	yes	yes	fei qi	1966	17035	abandon [v.] | discard [v.]	vt. 使无效, 废弃, 取消\n[化] 使等于零; 作废	yes
confectionery	甜食	n.	dual-source	tem8	tem8	yes	yes	no	yes	yes	yes	tian shi	1961	33130	sweets [n.]	n. 甜食, 糕饼制造业, 糖果店\n[建] 糖食店	yes
falsity	虚伪	n.	dual-source	tem8	tem8	yes	yes	no	yes	no	yes	xu wei	1955	25357	hypocritical [adj.]	n. 虚伪, 错误, 不忠实, 谎言\n[经] 伪造, 篡改	yes
hibernation	过冬	n.	dual-source	toefl	toefl	yes	yes	no	yes	no	yes	guo dong	1896	19620	winter [v.]	n. 过冬, 冬眠, 避寒\n[医] 冬眠, 冬蛰	yes
sunstroke	中暑	n.	dual-source	tem8	tem8	yes	yes	no	yes	no	yes	zhong shu	1885	38835	heatstroke [v.]	n. 中暑\n[医] 日射病, 中暑	yes
hearten	激励	v.	dual-source	tem8	tem8	yes	yes	no	yes	yes	yes	ji li	1884	20744	encourage [v.]	vt. 使振作, 激励\nvi. 振作	yes
polemic	争论	n.	dual-source	tem8	tem8	yes	yes	no	yes	no	yes	zheng lun	1874	17583	argue [v.]	a. 争辩的, 好争论的\nn. 争论, 辩论, 辩论者	yes
disillusionment	觉醒	n.	dual-source	ielts	ielts	yes	yes	no	yes	no	yes	jue xing	1858	16012	awaken [v.]	n. 幻灭,觉醒	yes
leniency	温和	n.	dual-source	tem8	tem8	yes	yes	no	yes	no	yes	wen he	1849	20692	mild [adj.]	n. 宽大, 温和, 慈悲为怀\n[法] 宽大, 宽恕, 仁慈	yes
replenishment	补给	n.	dual-source	toefl	toefl	yes	yes	no	yes	no	yes	bu ji	1846	27415	supply [v.] | replenish [v.]	n. 补给, 补充	yes
jeopardise	危害	v.	dual-source	ielts	ielts	yes	yes	no	yes	no	yes	wei hai	1833	999999	harm [n.]	vt. 使受危险, 危及, 危害\n[法] 使受危害, 使陷入危险, 危及	yes
slowness	缓慢	n.	dual-source	toefl	toefl	yes	yes	no	yes	no	yes	huan man	1832	19915	slow [adj.]	n. 缓慢, 迟钝	yes
tardiness	缓慢	n.	dual-source	toefl	toefl	yes	yes	no	yes	no	yes	huan man	1832	24799	slow [adj.]	n. 慢, 缓慢, 迟延	yes
achingly	极其	adv.	dual-source	toefl	toefl	yes	yes	no	yes	yes	yes	ji qi	1828	25345	extremely [adv.]	adv. 极其；痛惜地；非常痛地	yes
stronghold	要塞	n.	dual-source	toefl	toefl	yes	yes	no	yes	yes	yes	yao sai	1819	10622	fortress [n.]	n. 要塞, 堡垒, 大本营	yes
subsidise	津贴	v.	dual-source	ielts	ielts	yes	yes	no	yes	no	yes	jin tie	1800	999999	allowance [n.]	vt. 给...补助金, 津贴, 资助	yes
prophesy	预言	v.	dual-source	tem8	tem8	yes	yes	no	yes	no	yes	yu yan	1786	18635	prophecy [n.]	v. 预言, 预报	yes
landsman	同胞	n.	dual-source	toefl	toefl	yes	yes	no	yes	yes	yes	tong bao	1733	31643	compatriot [n.]	n. 同胞, 未出过海的人	yes
rectification	改正	n.	dual-source	tem8	tem8	yes	yes	no	yes	no	yes	gai zheng	1730	30739	correct [v.] | amend [v.]	n. 改正, 矫正, 整流\n[化] 精馏	yes
evenness	平坦	n.	dual-source	toefl	toefl	yes	yes	no	yes	no	yes	ping tan	1722	32252	flat [adj.] | level [adj.]	n. 平均, 平坦, 平等\n[化] 平直度; 均匀性	yes
thug	刺客	n.	dual-source	tem8	tem8	yes	yes	no	yes	yes	yes	ci ke	1721	8101	assassin [n.]	n. 恶棍, 刺客, 凶手\n[法] 凶手, 刺客, 暴徒	yes
indulgence	放纵	n.	dual-source	tem8	tem8	yes	yes	no	yes	no	yes	fang zong	1710	12489	indulge [v.]	n. 沉溺, 放纵, 嗜好\n[法] 宽容, 纵容, 赎罪券	yes
aggravation	恶化	n.	dual-source	ielts	ielts	yes	yes	no	yes	no	yes	e hua	1708	20228	deteriorate [v.] | worsen [v.]	n. 恶化, 加重, 恼怒\n[法] 加重, 严重	yes
deteriorates	恶化	v.	dual-source	toefl	toefl	yes	yes	no	yes	yes	yes	e hua	1708	999999	deteriorate [v.] | worsen [v.]	v. 恶化, 变坏( deteriorate的第三人称单数 )	yes
toleration	宽容	n.	dual-source	tem8	tem8	yes	yes	no	yes	no	yes	kuan rong	1702	19290	tolerant [adj.]	n. 宽容, 默认, 信仰自由\n[医] 耐量; 耐受性, 耐力	yes
pseudonym	笔名	n.	dual-source	ielts	ielts	yes	yes	no	yes	yes	yes	bi ming	1678	15984	pen name [n.]	n. 假名, 笔名\n[法] 笔名, 假名	yes
siesta	午睡	n.	dual-source	ielts	ielts	yes	yes	no	yes	yes	yes	wu shui	1673	24141	nap [n.]	n. 午睡, 午休	yes
clarification	净化	n.	dual-source	toefl	toefl	yes	yes	no	yes	no	yes	jing hua	1669	11316	purify [v.]	n. 澄清, 净化\n[计] 澄清报告; 澄清	yes
catharsis	净化	n.	dual-source	toefl	toefl	yes	yes	no	yes	no	yes	jing hua	1669	19148	purify [v.]	n. 陶冶, 净化, 导泻\n[医] 导泻, 泻法, 精神发泄	yes
deliverance	解救	n.	dual-source	tem8	tem8	yes	yes	no	yes	no	yes	jie jiu	1662	18030	rescue [v.]	n. 解脱, 解救, 释放, 判决\n[法] 交保, 判决, 正式意见	yes
untruth	谎言	n.	dual-source	tem8	tem8	yes	yes	no	yes	yes	yes	huang yan	1649	24148	lie [n.]	n. 不真实, 虚假, 谎言	yes
falsity	谎言	n.	dual-source	tem8	tem8	yes	yes	no	yes	yes	yes	huang yan	1649	25357	lie [n.]	n. 虚伪, 错误, 不忠实, 谎言\n[经] 伪造, 篡改	yes
toleration	默认	n.	dual-source	tem8	tem8	yes	yes	no	yes	no	yes	mo ren	1646	19290	default [v.]	n. 宽容, 默认, 信仰自由\n[医] 耐量; 耐受性, 耐力	yes
dominance	支配	n.	dual-source	toefl	toefl	yes	yes	no	yes	no	yes	zhi pei	1624	6288	dominate [v.] | control [v.]	n. 优势, 显性, 统治, 控制, 支配\n[计] 控制, 扰势	yes
domination	支配	n.	dual-source	ielts	ielts	yes	yes	no	yes	no	yes	zhi pei	1624	7356	dominate [v.] | control [v.]	n. 支配, 控制, 管辖	yes
confection	糖果	n.	dual-source	tem8	tem8	yes	yes	no	yes	yes	yes	tang guo	1621	19184	candy [n.]	n. 糖果, 蜜饯\n[医] 糖膏(剂)	yes
goody	糖果	n.	dual-source	tem8	tem8	yes	yes	no	yes	yes	yes	tang guo	1621	26150	candy [n.]	n. 身分低微之老妇, 糖果, 姥姥\na. 感伤的, 伪善的\ninterj. 太好了	yes
sculpt	雕刻	v.	dual-source	toefl	toefl	yes	yes	no	yes	yes	yes	diao ke	1614	12037	carve [v.] | engrave [v.]	v. 雕刻, 造型	yes
mores	习俗	n.	dual-source	tem8	tem8	yes	yes	no	yes	yes	yes	xi su	1608	999999	custom [n.]	n. 习惯, 道德态度, 惯例, 习俗\n[医] 风俗, 习惯	yes
victimise	迫害	v.	dual-source	ielts	ielts	yes	yes	no	yes	yes	yes	po hai	1603	999999	persecute [v.]	vt. 使牺牲, 迫害, 使受害, 欺骗, 欺压	yes
honeybee	蜜蜂	n.	dual-source	toefl	toefl	yes	yes	no	yes	yes	yes	mi feng	1591	21596	bee [n.]	n. 蜜蜂	yes
logo	商标	n.	dual-source	tem8	tem8	yes	yes	no	yes	yes	yes	shang biao	1590	5920	trademark [n.]	n. 连合活字, 商标, 徽标\n[计] 徽标	yes
checklist	清单	n.	dual-source	tem8	tem8	yes	yes	no	yes	yes	yes	qing dan	1556	9039	list [n.]	n. 清单, (美)选举人名单, 名册, 目录册	yes
dimly	朦胧	adv.	dual-source	toefl	toefl	yes	yes	no	yes	no	yes	meng long	1534	11736	hazy [adj.] | dim [adj.]	adv. 微暗, 朦胧	yes
visitation	视察	n.	dual-source	tem8	tem8	yes	yes	no	yes	no	yes	shi cha	1513	10409	inspect [v.]	n. 访问, 探望, 视察	yes
epithet	绰号	n.	dual-source	toefl	toefl	yes	yes	no	yes	yes	yes	chuo hao	1509	14731	nickname [n.]	n. 浑名, 绰号, 称号	yes
impound	拘留	v.	dual-source	tem8	tem8	yes	yes	no	yes	yes	yes	ju liu	1507	23444	detain [v.]	vt. 关在栏中, 拘留, 充公\n[经] 扣押	yes
revulsion	厌恶	n.	dual-source	tem8	tem8	yes	yes	no	yes	no	yes	yan wu	1503	15759	detest [v.]	n. 剧变, 厌恶, 强烈反感\n[医] 诱导法	yes
richness	富裕	n.	dual-source	toefl	toefl	yes	yes	no	yes	no	yes	fu yu	1500	9253	wealthy [adj.]	n. 富裕, 丰富, 肥沃	yes
vocalize	发声	v.	dual-source	toefl	toefl	yes	yes	no	yes	yes	yes	fa sheng	1498	26536	speak out [v.]	vt. 使发声, 使发成元音\nvi. 发声, 练声, 元音化	yes
hibernation	冬眠	n.	dual-source	toefl	toefl	yes	yes	no	yes	no	yes	dong mian	1497	19620	hibernate [v.]	n. 过冬, 冬眠, 避寒\n[医] 冬眠, 冬蛰	yes
militiaman	民兵	n.	dual-source	tem8	tem8	yes	yes	no	yes	yes	yes	min bing	1485	17059	militia [n.]	n. 国民兵, 民兵	yes
actuality	现状	n.	dual-source	tem8	tem8	yes	yes	no	yes	yes	yes	xian zhuang	1461	15096	status quo [n.]	n. 事实, 现实, 现状	yes
airing	通风	n.	dual-source	ielts	ielts	yes	yes	no	yes	no	yes	tong feng	1448	15415	ventilate [v.]	n. 晾, 通风, 兜风\n[化] 充气	yes
aeration	通风	n.	dual-source	ielts	ielts	yes	yes	no	yes	no	yes	tong feng	1448	23252	ventilate [v.]	n. 通风\n[化] 换气; 曝气	yes
inanity	愚蠢	n.	dual-source	toefl	toefl	yes	yes	no	yes	no	yes	yu chun	1440	32337	stupid [adj.]	n. 空虚, 愚蠢	yes
tantrum	发脾气	n.	dual-source	tem8	tem8	yes	yes	no	yes	no	yes	fa pi qi	1439	12534	lose temper [v.]	n. 发脾气, 发怒\n[医] 暴怒, 发脾气	yes
hunch	预感	n.	dual-source	tem8	tem8	yes	yes	no	yes	yes	yes	yu gan	1433	9261	premonition [n.]	n. 肉峰, 预感, 大块\nvt. 弯腰驼背, 预感到, 耸肩\nvi. 向前移动, 隆起	yes
forebode	预感	v.	dual-source	tem8	tem8	yes	yes	no	yes	no	yes	yu gan	1433	999999	premonition [n.]	v. 预示, 预兆, 预感	yes
leach	过滤	v.	dual-source	toefl	toefl	yes	yes	no	yes	yes	yes	guo lv	1432	14435	filter [v.]	vt. 过滤, 萃取\nvi. 滤掉\nn. 过滤, 过滤器, 沥出物	yes
motley	小丑	n.	dual-source	tem8	tem8	yes	yes	no	yes	yes	yes	xiao chou	1416	16138	clown [n.]	a. 杂色的, 穿杂色衣的, 杂乱的, 混杂的\nn. 杂色, 杂色衣服, 混杂, 小丑	yes
untruth	虚假	n.	dual-source	tem8	tem8	yes	yes	no	yes	no	yes	xu jia	1412	24148	false [adj.] | fake [adj.]	n. 不真实, 虚假, 谎言	yes
alimony	生活费	n.	dual-source	tem8	tem8	yes	yes	no	yes	yes	yes	sheng huo fei	1397	20192	living expenses [n.]	n. 瞻养费, 生活费\n[经] 赡养费, 维持费	yes
helplessness	无能为力	n.	dual-source	toefl	toefl	yes	yes	no	yes	no	yes	wu neng wei li	1394	12746	powerless [phr.] | helpless [phr.]	n. 无可奈何状态, 无能为力; 无助的状态	yes
leaning	倾斜	n.	dual-source	toefl	toefl	yes	yes	no	yes	no	yes	qing xie	1383	18179	tilt [v.]	n. 倾斜, 倾向, 爱好	yes
grandchild	孙女	n.	dual-source	tem8	tem8	yes	yes	no	yes	yes	yes	sun nv	1374	4393	granddaughter [n.]	n. 孙, 外孙女, 外孙, 孙女, 孙子	yes
fulfillment	履行	n.	dual-source	ielts	ielts	yes	yes	no	yes	no	yes	lv xing	1372	8717	fulfill [v.] | perform [v.]	n. 履行, 结束, 完成, 实现, 满意, 称心	yes
acquittal	履行	n.	dual-source	tem8	tem8	yes	yes	no	yes	no	yes	lv xing	1372	15274	fulfill [v.] | perform [v.]	n. 履行, 无罪开释\n[经] (债务的)清偿	yes
compactness	紧密	n.	dual-source	toefl	toefl	yes	yes	no	yes	no	yes	jin mi	1371	34176	close [adj.]	n. 紧密, 紧密度, 简洁, 坚实\n[计] 紧致性, 压缩性	yes
juxtapose	并列	v.	dual-source	tem8	tem8	yes	yes	no	yes	yes	yes	bing lie	1368	13407	tie [v.] | parallel [v.]	vt. 并置, 并列\n[法] 使连接, 毗连, 并列	yes
remembrance	回想	n.	dual-source	tem8	tem8	yes	yes	no	yes	no	yes	hui xiang	1361	10803	recall [v.]	n. 回想, 记忆, 纪念品, 记忆力, 问候, 致意	yes
putrefaction	腐败	n.	dual-source	toefl	toefl	yes	yes	no	yes	no	yes	fu bai	1355	35974	corrupt [v.] | rot [v.]	n. 腐败\n[医] 腐败[作用], 腐化[作用]	yes
reparation	修理	n.	dual-source	tem8	tem8	yes	yes	no	yes	no	yes	xiu li	1348	13025	repair [v.]	n. 补偿, 赔偿, 弥补, 修复, 修理\n[经] 赔偿, 补偿, 修理	yes
cannonball	炮弹	n.	dual-source	toefl	toefl	yes	yes	no	yes	yes	yes	pao dan	1348	21805	shell [n.]	n. 炮弹	yes
foment	煽动	v.	dual-source	toefl	toefl	yes	yes	no	yes	yes	yes	shan dong	1341	22862	incite [v.]	vt. 热敷, 煽动	yes
homecoming	归国	n.	dual-source	tem8	tem8	yes	yes	no	yes	no	yes	gui guo	1331	11144	return to country [v.]	n. 归国, 省亲回家, 同学会	yes
siesta	午休	n.	dual-source	ielts	ielts	yes	yes	no	yes	yes	yes	wu xiu	1325	24141	lunch break [n.]	n. 午睡, 午休	yes
outreach	伸出	v.	dual-source	tem8	tem8	yes	yes	no	yes	yes	yes	shen chu	1323	7906	extend [v.]	vt. 超出...的范围, 作超出能力所及的事而害及自己, 占...的上风, 胜过\nvi. 走得太远, 伸出, 展开	yes
jetty	伸出	v.	dual-source	tem8	tem8	yes	yes	no	yes	yes	yes	shen chu	1323	18633	extend [v.]	n. 突堤, 防波堤, 码头\na. 黑玉般的, 乌黑发亮的\nvi. 伸出	yes
outstretch	伸出	v.	dual-source	tem4	tem4	yes	yes	no	yes	yes	yes	shen chu	1323	999999	extend [v.]	vt. 伸出, 伸展	yes
encampment	露营	n.	dual-source	tem8	tem8	yes	yes	no	yes	no	yes	lu ying	1320	15809	camp [v.]	n. 露营, 宿营	yes
transmutation	演变	n.	dual-source	tem8	tem8	yes	yes	no	yes	no	yes	yan bian	1316	29823	evolve [v.]	n. 变形, 变化, 演变\n[医] 蜕变, 嬗变, 衍变	yes
communique	公报	n.	dual-source	tem8	tem8	yes	yes	no	yes	yes	yes	gong bao	1305	16874	bulletin [n.]	n. 公报	yes
retrenchment	节省	n.	dual-source	ielts	ielts	yes	yes	no	yes	no	yes	jie sheng	1297	22631	save [v.]	n. 紧缩, 节省, 删节\n[医] 赘余组织切除术	yes
blockage	妨碍	n.	dual-source	toefl	toefl	yes	yes	no	yes	no	yes	fang ai	1284	15456	hinder [v.] | obstruct [v.]	n. 封锁, 妨碍\n[化] 堵塞	yes
sedimentation	沉淀	n.	dual-source	toefl	toefl	yes	yes	no	yes	no	yes	chen dian	1281	24822	settle [v.]	n. 沉淀, 沉积\n[化] 沉积作用; 沉降	yes
airliner	班机	n.	dual-source	tem8	tem8	yes	yes	no	yes	yes	yes	ban ji	1277	11899	flight [n.]	n. 班机, 大型客机	yes
roughness	粗糙	n.	dual-source	toefl	toefl	yes	yes	no	yes	no	yes	cu cao	1267	21371	rough [adj.]	n. 粗糙, 凹凸不平, 粗糙度, 篷乱毛发\n[化] 粗糙度; 不平度	yes
haulage	运费	n.	dual-source	tem8	tem8	yes	yes	no	yes	yes	yes	yun fei	1264	46531	shipping cost [n.]	n. 拖曳, 运费, 牵引量\n[经] 公路运输, 拖运费	yes
untwist	解开	v.	dual-source	toefl	toefl	yes	yes	no	yes	yes	yes	jie kai	1263	999999	untie [v.]	vt. 反捻, 解开\nvi. 解开	yes
puberty	青春期	n.	dual-source	tem8	tem8	yes	yes	no	yes	yes	yes	qing chun qi	1262	12576	adolescence [n.]	n. 青春期, 春情发动期\n[医] 青春期(12-17岁)	yes
disclosure	揭发	n.	dual-source	tem8	tem8	yes	yes	no	yes	no	yes	jie fa	1245	5260	expose [v.] | reveal [v.]	n. 揭发, 泄露, 揭发(或暴露)的事实\n[经] 揭示, 披露	yes
advocacy	辩护	n.	dual-source	tem8	tem8	yes	yes	no	yes	no	yes	bian hu	1241	5074	defend [v.]	n. 拥护, 支持, 鼓吹, 辩护, 辩护术\n[法] 辩护, 拥护, 提倡	yes
maul	抨击	v.	dual-source	tem8	tem8	yes	yes	no	yes	yes	yes	peng ji	1241	21568	attack [v.] | criticize [v.]	n. 大槌\nvt. 打伤, 粗手粗脚地摆弄, 抨击	yes
cosset	宠爱	v.	dual-source	ielts	ielts	yes	yes	no	yes	yes	yes	chong ai	1216	36561	dote on [v.]	n. 供玩赏的小动物, 爱畜\nvt. 宠爱, 珍爱, 溺爱	yes
enrolment	入伍	n.	dual-source	ielts	ielts	yes	yes	no	yes	no	yes	ru wu	1213	999999	enlist [v.]	n. 登记, 注册, 入伍, 入学, 入会, 注册人数, 入学人数	yes
stricture	狭窄	n.	dual-source	tem8	tem8	yes	yes	no	yes	no	yes	xia zhai	1206	18158	narrow [adj.]	n. 狭窄, 指责, 束缚\n[医] 狭窄	yes
sighting	视线	n.	dual-source	tem8	tem8	yes	yes	no	yes	yes	yes	shi xian	1202	9075	line of sight [n.]	n. 照准；瞄准；视线	yes
tarry	等候	v.	dual-source	tem8	tem8	yes	yes	no	yes	yes	yes	deng hou	1197	30701	wait [v.]	vi. 耽搁, 逗留, 留住, 等候\nn. 逗留\na. 涂了焦油的	yes
familiarity	精通	n.	dual-source	toefl	toefl	yes	yes	no	yes	no	yes	jing tong	1196	8057	master [v.] | be proficient in [v.]	n. 熟悉, 精通, 亲密	yes
inset	插图	n.	dual-source	tem8	tem8	yes	yes	no	yes	yes	yes	cha tu	1188	15912	illustration [n.]	vt. 嵌入\nn. 插入物, 插页, 插图	yes
undulate	起伏	v.	dual-source	tem8	tem8	yes	yes	no	yes	no	yes	qi fu	1180	25684	undulation [n.]	a. 波动的, 起伏的\nvi. 波动, 起伏, 呈波浪形\nvt. 使起伏, 使波动	yes
repercussion	反射	n.	dual-source	tem8	tem8	yes	yes	no	yes	yes	yes	fan she	1168	10805	reflex [n.] | reflection [n.]	n. 弹回, 反响, 反射\n[医] 消退[法], 消肿[法], 浮动诊胎法	yes
cackle	饶舌	n.	dual-source	tem8	tem8	yes	yes	no	yes	no	yes	rao she	1168	18985	talkative [adj.]	n. 咯咯声, 高笑声, 饶舌, 闲谈\nvi. 咯咯地叫, 咯咯地笑, 喋喋不休	yes
sepulchre	坟墓	n.	dual-source	tem8	tem8	yes	yes	no	yes	yes	yes	fen mu	1162	38129	grave [n.]	n. 坟墓\nvt. 埋葬	yes
habitation	住所	n.	dual-source	tem8	tem8	yes	yes	no	yes	yes	yes	zhu suo	1138	17865	address [n.]	n. 居住, 住所	yes
straggle	蔓延	v.	dual-source	tem8	tem8	yes	yes	no	yes	yes	yes	man yan	1133	20279	spread [v.]	vi. 掉队, 落伍, 蔓延, 散乱\nn. 低空扫射	yes
icing	结冰	n.	dual-source	tem8	tem8	yes	yes	no	yes	no	yes	jie bing	1121	14723	freeze [v.]	n. 糖衣, 结冰	yes
stunt	特技	n.	dual-source	toefl	toefl	yes	yes	no	yes	yes	yes	te ji	1118	9106	special skill [n.]	n. 特技, 绝技, 花招, 噱头, 手腕, 发育不良\nvt. 阻碍成长\nvi. 表演特技	yes
pseudonym	假名	n.	dual-source	ielts	ielts	yes	yes	no	yes	yes	yes	jia ming	1116	15984	kana [n.]	n. 假名, 笔名\n[法] 笔名, 假名	yes
dinghy	小船	n.	dual-source	tem8	tem8	yes	yes	no	yes	yes	yes	xiao chuan	1110	21132	small boat [n.]	n. 小船, 橡皮筏, 小艇	yes
ostracize	排斥	v.	dual-source	toefl	toefl	yes	yes	no	yes	yes	yes	pai chi	1109	18362	reject [v.] | exclude [v.]	vt. 流放, 放逐, 排斥	yes
restitution	归还	n.	dual-source	tem8	tem8	yes	yes	no	yes	no	yes	gui huan	1105	15053	return [v.]	n. 归还, 偿还, 赔偿\n[医] 整复, 恢复, 转回(胎头)	yes
reversion	归还	n.	dual-source	tem8	tem8	yes	yes	no	yes	no	yes	gui huan	1105	25812	return [v.]	n. 回复, 复原, 归还, 继承权\n[化] 返硫	yes
sufferance	容许	n.	dual-source	tem8	tem8	yes	yes	no	yes	no	yes	rong xu	1102	34519	permit [v.]	n. 容许, 默认, 默许\n[法] 容许, 容忍	yes
denizen	移植	v.	dual-source	tem8	tem8	yes	yes	no	yes	yes	yes	yi zhi	1096	17602	transplant [v.]	n. 居民, 外籍居民, 外来语\nvt. 给...居住权, 移植	yes
wold	荒野	n.	dual-source	toefl	toefl	yes	yes	no	yes	yes	yes	huang ye	1095	35563	wilderness [n.]	n. 无树木的高原, 荒野	yes
highness	高尚	n.	dual-source	tem8	tem8	yes	yes	no	yes	no	yes	gao shang	1089	28853	noble [adj.] | lofty [adj.]	n. 高, 高尚, 殿下	yes
ensign	徽章	n.	dual-source	tem8	tem8	yes	yes	no	yes	yes	yes	hui zhang	1080	21714	badge [n.] | emblem [n.]	n. 旗, 海军少尉, 徽章	yes
mutilate	切断	v.	dual-source	tem8	tem8	yes	yes	no	yes	yes	yes	qie duan	1079	20999	cut off [v.]	vt. 切断, 使残废, 使不完整\n[医] 致残毁	yes
mote	尘埃	n.	dual-source	toefl	toefl	yes	yes	no	yes	yes	yes	chen ai	1071	21985	dust [n.]	n. 尘埃, 微粒	yes
belle	美女	n.	dual-source	toefl	toefl	yes	yes	no	yes	yes	yes	mei nv	1064	15427	beauty [n.]	n. 美女	yes
orgy	狂欢	n.	dual-source	tem8	tem8	yes	yes	no	yes	no	yes	kuang huan	1058	15880	revel [v.]	n. 无节制, 狂欢, 纵酒宴乐, 放荡	yes
sheen	光辉	n.	dual-source	tem8	tem8	yes	yes	no	yes	yes	yes	guang hui	1056	12743	glory [n.]	n. 光辉, 光彩, 光泽\na. 光辉的, 发光的, 有光泽的\nvi. 发出光泽	yes
infiltration	渗透	n.	dual-source	toefl	toefl	yes	yes	no	yes	no	yes	shen tou	1036	15498	permeate [v.]	n. 渗入, 渗透, 渗透物\n[化] 渗滤; 渗入过滤; 渗透; 渗入	yes
terrorize	恐吓	v.	dual-source	tem4	tem4	yes	yes	no	yes	yes	yes	kong he	1034	11381	threaten [v.]	vt. 使惊恐, 恐吓\nvi. 实施恐怖统治	yes
bombardment	炮击	n.	dual-source	toefl	toefl	yes	yes	no	yes	no	yes	pao ji	1032	12491	bombard [v.] | shell [v.]	n. 炮击\n[化] 轰击	yes
interment	埋葬	n.	dual-source	tem8	tem8	yes	yes	no	yes	no	yes	mai zang	1030	29083	bury [v.]	n. 埋葬, 土葬\n[医] 埋葬	yes
sepulchre	埋葬	v.	dual-source	tem8	tem8	yes	yes	no	yes	yes	yes	mai zang	1030	38129	bury [v.]	n. 坟墓\nvt. 埋葬	yes
anonymity	匿名	n.	dual-source	tem8	tem8	yes	yes	no	yes	no	yes	ni ming	1029	7498	anonymous [adj.]	n. 匿名, 姓氏不明\n[计] 匿名信件	yes
sobriety	节制	n.	dual-source	tem8	tem8	yes	yes	no	yes	no	yes	jie zhi	1015	16615	moderate [v.] | control [v.]	n. 节制饮酒, 戒酒, 节制, 一本正经, 庄重	yes
balustrade	栏杆	n.	dual-source	tem8	tem8	yes	yes	no	yes	yes	yes	lan gan	993	23169	railing [n.]	n. 栏杆	yes
sloth	懒惰	n.	dual-source	toefl	toefl	yes	yes	no	yes	no	yes	lan duo	991	19039	lazy [adj.]	n. 怠惰, 懒惰	yes
rehabilitation	复原	n.	dual-source	toefl	toefl	yes	yes	no	yes	no	yes	fu yuan	989	4793	restore [v.] | recover [v.]	n. 复原\n[医] 复原, 恢复, 康复	yes
inquest	审讯	n.	dual-source	tem8	tem8	yes	yes	no	yes	no	yes	shen xun	989	23865	interrogate [v.]	n. 审讯, 讯问, 验尸\n[医] 验尸	yes
pelt	投掷	n.	dual-source	toefl	toefl	yes	yes	no	yes	no	yes	tou zhi	988	15181	throw [v.]	n. 投掷, 打击, 快速, 毛皮\nvt. 剥...的皮, 连续投掷, 攻击, 抨击, 拍打\nvi. 投击	yes
unconcern	冷淡	n.	dual-source	tem8	tem8	yes	yes	no	yes	no	yes	leng dan	988	37378	cold [adj.] | indifferent [adj.]	n. 漫不经心, 不关心, 冷淡	yes
forebear	祖宗	n.	dual-source	toefl	toefl	yes	yes	no	yes	yes	yes	zu zong	985	15920	ancestor [n.]	n. 祖先, 祖宗	yes
hobnob	交谈	v.	dual-source	tem8	tem8	yes	yes	no	yes	yes	yes	jiao tan	981	25933	converse [v.]	vi. 过从甚密, 共饮, 交谈\nn. 共饮, 交谈	yes
hobnob	交谈	n.	dual-source	tem8	tem8	yes	yes	no	yes	no	yes	jiao tan	981	25933	converse [v.]	vi. 过从甚密, 共饮, 交谈\nn. 共饮, 交谈	yes
crypt	地下室	n.	dual-source	tem8	tem8	yes	yes	no	yes	yes	yes	di xia shi	966	18273	basement [n.]	n. 土窖, 地穴, 地下室\n[医] 隐窝; 滤泡, 腺管	yes
vigil	警戒	n.	dual-source	tem8	tem8	yes	yes	no	yes	no	yes	jing jie	964	10146	warn [v.] | guard [v.]	n. 警戒, 监视, 守夜\n[医] 不眠, 警醒	yes
alertness	警戒	n.	dual-source	toefl	toefl	yes	yes	no	yes	no	yes	jing jie	964	18261	warn [v.] | guard [v.]	n. 警戒, 机敏	yes
ignition	点燃	n.	dual-source	toefl	toefl	yes	yes	no	yes	no	yes	dian ran	953	11173	ignite [v.] | light [v.]	n. 点火, 点燃\n[化] 点火; 着火	yes
alcoholic	酒鬼	n.	dual-source	tem8	tem8	yes	yes	no	yes	yes	yes	jiu gui	949	7755	drunkard [n.]	n. 酒鬼, 酒精中毒者\na. 酒精的	yes
subjugation	平息	n.	dual-source	toefl	toefl	yes	yes	no	yes	no	yes	ping xi	940	20410	calm [v.] | subside [v.]	n. 征服, 镇压, 平息\n[法] 征服, 镇压, 克制	yes
remembrance	记忆力	n.	dual-source	tem8	tem8	yes	yes	no	yes	yes	yes	ji yi li	939	10803	memory [n.]	n. 回想, 记忆, 纪念品, 记忆力, 问候, 致意	yes
depredation	掠夺	n.	dual-source	toefl	toefl	yes	yes	no	yes	no	yes	lve duo	937	23993	plunder [v.] | loot [v.]	n. 掠夺, 破坏	yes
housewifery	家事	n.	dual-source	tem8	tem8	yes	yes	no	yes	yes	yes	jia shi	935	999999	housework [n.]	n. 家政, 家事	yes
whack	削减	v.	dual-source	tem8	tem8	yes	yes	no	yes	yes	yes	xue jian	931	11376	cut [v.] | reduce [v.]	vt. 猛击, 重打, 削减\nvi. 重击\nn. 重击, 重打	yes
specialise	专攻	v.	dual-source	ielts	ielts	yes	yes	no	yes	yes	yes	zhuan gong	920	999999	specialize in [v.]	vt. 特加指明, 列举, 使专门化, 限定...的范围\nvt.vi. (使)特化, (使)专化\nvi. 成为专家, 专务, 专攻, 专门研究, 逐条详述	yes
aggravation	加重	n.	dual-source	ielts	ielts	yes	yes	no	yes	no	yes	jia zhong	918	20228	aggravate [v.] | increase [v.]	n. 恶化, 加重, 恼怒\n[法] 加重, 严重	yes
slur	诽谤	n.	dual-source	tem8	tem8	yes	yes	no	yes	no	yes	fei bang	917	14203	slander [v.]	n. 连音符, 诽谤, 玷污, 印刷模糊\nvt. 草率地看过, 忽略, 含糊地念\nvi. 模糊不清	yes
flit	掠过	v.	dual-source	tem8	tem8	yes	yes	no	yes	yes	yes	lve guo	909	14466	sweep over [v.]	n. 掠过, 迁徙\nvi. 掠过, 迁徙	yes
quintessence	典范	n.	dual-source	tem8	tem8	yes	yes	no	yes	yes	yes	dian fan	907	29868	model [n.] | example [n.]	n. 精萃, 精华, 典范\n[医] 浓浸膏, 精华	yes
remission	豁免	n.	dual-source	tem8	tem8	yes	yes	no	yes	no	yes	huo mian	899	15046	exempt [v.]	n. 宽恕, 豁免, 免罪, 缓和, 减轻\n[医] 缓解, 弛张	yes
forbearance	忍耐	n.	dual-source	toefl	toefl	yes	yes	no	yes	no	yes	ren nai	896	22860	endure [v.] | bear [v.]	n. 节制, 自制, 忍耐\n[法] 债务偿还期的延展, 忍耐, 宽容	yes
tarry	逗留	v.	dual-source	tem8	tem8	yes	yes	no	yes	yes	yes	dou liu	896	30701	stay [v.]	vi. 耽搁, 逗留, 留住, 等候\nn. 逗留\na. 涂了焦油的	yes
tarry	逗留	n.	dual-source	tem8	tem8	yes	yes	no	yes	no	yes	dou liu	896	30701	stay [v.]	vi. 耽搁, 逗留, 留住, 等候\nn. 逗留\na. 涂了焦油的	yes
sanctum	密室	n.	dual-source	tem8	tem8	yes	yes	no	yes	yes	yes	mi shi	892	20850	secret room [n.]	n. 圣所, 密室, 私室	yes
highness	殿下	n.	dual-source	tem8	tem8	yes	yes	no	yes	yes	yes	dian xia	891	28853	his highness [n.]	n. 高, 高尚, 殿下	yes
backside	背部	n.	dual-source	tem8	tem8	yes	yes	no	yes	yes	yes	bei bu	886	13477	back [n.]	n. 背部, 背后, 后方	yes
stupefaction	昏迷	n.	dual-source	tem8	tem8	yes	yes	no	yes	no	yes	hun mi	886	38654	coma [v.] | unconscious [v.]	n. 麻醉, 昏睡, 昏迷	yes
shrubbery	灌木	n.	dual-source	tem8	tem8	yes	yes	no	yes	yes	yes	guan mu	863	19786	shrub [n.] | bush [n.]	n. 灌木, 灌木林	yes
homecoming	同学会	n.	dual-source	tem8	tem8	yes	yes	no	yes	yes	yes	tong xue hui	862	11144	class reunion [n.]	n. 归国, 省亲回家, 同学会	yes
foible	弱点	n.	dual-source	tem8	tem8	yes	yes	no	yes	yes	yes	ruo dian	861	20420	weakness [n.]	n. 弱点, 缺点	yes
supplementation	增补	n.	dual-source	toefl	toefl	yes	yes	no	yes	no	yes	zeng bu	860	18020	supplement [v.] | add [v.]	n. 增补, 补足, 补充	yes
advocacy	拥护	n.	dual-source	tem8	tem8	yes	yes	no	yes	no	yes	yong hu	852	5074	support [v.] | uphold [v.]	n. 拥护, 支持, 鼓吹, 辩护, 辩护术\n[法] 辩护, 拥护, 提倡	yes
slowness	迟钝	n.	dual-source	toefl	toefl	yes	yes	no	yes	no	yes	chi dun	841	19915	slow [adj.]	n. 缓慢, 迟钝	yes
quaver	颤抖	v.	dual-source	tem8	tem8	yes	yes	no	yes	yes	yes	chan dou	841	24924	tremble [v.]	vi. 发颤音, 颤抖\nvt. 颤抖地说, 用颤声唱出\nn. 颤抖, 颤声, 八分音符	yes
quaver	颤抖	n.	dual-source	tem8	tem8	yes	yes	no	yes	no	yes	chan dou	841	24924	tremble [v.]	vi. 发颤音, 颤抖\nvt. 颤抖地说, 用颤声唱出\nn. 颤抖, 颤声, 八分音符	yes
torpor	迟钝	n.	dual-source	toefl	toefl	yes	yes	no	yes	no	yes	chi dun	841	27731	slow [adj.]	n. 麻木, 无感觉, 迟钝\n[医] 迟钝, 不活泼	yes
proprietorship	所有权	n.	dual-source	toefl	toefl	yes	yes	no	yes	yes	yes	suo you quan	830	33024	ownership [n.]	n. 所有权\n[经] 所有权, 业主权, 资本	yes
massif	山丘	n.	dual-source	toefl	toefl	yes	yes	no	yes	yes	yes	shan qiu	828	31067	hill [n.]	n. 山丘	yes
devastation	毁坏	n.	dual-source	toefl	toefl	yes	yes	no	yes	no	yes	hui huai	821	9119	destroy [v.]	n. 毁坏	yes
twirl	转动	n.	dual-source	tem8	tem8	yes	yes	no	yes	no	yes	zhuan dong	816	10782	rotate [v.] | turn [v.]	vt. (使)快速转动, 捻弄\nn. 转动, 万能钥匙, 旋转的东西	yes
remediation	补习	n.	dual-source	toefl	toefl	yes	yes	no	yes	no	yes	bu xi	811	14082	tutor [v.] | coach [v.]	n. 补习, 辅导, 补救, 纠正	yes
outpouring	流出	n.	dual-source	toefl	toefl	yes	yes	no	yes	no	yes	liu chu	808	14250	flow out [v.]	n. 注出, 流出, 流露	yes
firn	积雪	n.	dual-source	toefl	toefl	yes	yes	no	yes	yes	yes	ji xue	794	999999	snow cover [n.]	n. 粒雪, 积雪	yes
remembrance	纪念品	n.	dual-source	tem8	tem8	yes	yes	no	yes	yes	yes	ji nian pin	791	10803	souvenir [n.]	n. 回想, 记忆, 纪念品, 记忆力, 问候, 致意	yes
compactness	简洁	n.	dual-source	toefl	toefl	yes	yes	no	yes	no	yes	jian jie	771	34176	concise [adj.]	n. 紧密, 紧密度, 简洁, 坚实\n[计] 紧致性, 压缩性	yes
cyan	青色	n.	dual-source	toefl	toefl	yes	yes	no	yes	yes	yes	qing se	770	30015	blue [n.] | green [n.]	n. 蓝绿色, 青色\n[建] 氰基	yes
partiality	偏心	n.	dual-source	tem8	tem8	yes	yes	no	yes	no	yes	pian xin	767	29852	partial [adj.]	n. 偏心, 偏颇, 不公平, 特别喜欢, 癖好\n[法] 偏袒, 偏见, 不公平	yes
reverend	教士	n.	dual-source	tem8	tem8	yes	yes	no	yes	yes	yes	jiao shi	758	5792	priest [n.]	n. 教士, 大人(对教士的尊称)\na. 应受尊敬的, 教士的	yes
intercession	调解	n.	dual-source	tem8	tem8	yes	yes	no	yes	no	yes	tiao jie	748	24367	mediate [v.]	n. 仲裁, 调解, 说情\n[法] 仲裁, 调解, 说情	yes
sturdiness	坚固	n.	dual-source	toefl	toefl	yes	yes	no	yes	no	yes	jian gu	748	32603	firm [adj.] | solid [adj.]	n. 强健, 坚固, 强壮	yes
subversion	颠覆	n.	dual-source	tem8	tem8	yes	yes	no	yes	no	yes	dian fu	737	16214	overturn [v.] | subvert [v.]	n. 颠覆, 打倒, 破坏\n[法] 颠覆, 死亡, 败坏	yes
whoop	呐喊	n.	dual-source	tem8	tem8	yes	yes	no	yes	no	yes	na han	737	17648	shout [v.] | cry out [v.]	n. 大叫, 呐喊, 一点点\nvi. 叫喊, 鸣叫\nvt. 高声说, 唤起	yes
fragility	虚弱	n.	dual-source	toefl	toefl	yes	yes	no	yes	no	yes	xu ruo	735	15874	weak [adj.] | frail [adj.]	n. 脆弱, 虚弱\n[化] 易碎性	yes
discoloration	变色	n.	dual-source	toefl	toefl	yes	yes	no	yes	no	yes	bian se	731	21323	change color [v.]	n. 变色, 污染	yes
houseboat	游艇	n.	dual-source	tem8	tem8	yes	yes	no	yes	yes	yes	you ting	728	19750	yacht [n.]	n. 居住船, 游艇	yes
airstream	气流	n.	dual-source	toefl	toefl	yes	yes	no	yes	yes	yes	qi liu	724	31007	airflow [n.]	n. 气流	yes
stoppage	堵塞	n.	dual-source	tem8	tem8	yes	yes	no	yes	no	yes	du se	723	20251	block [v.]	n. 停止, 中止, 阻塞, 阻碍, 堵塞, 故障, 停付, 扣除, 扣留, 停工, 罢工\n[化] 停机	yes
dynamite	炸毁	v.	dual-source	tem8	tem8	yes	yes	no	yes	yes	yes	zha hui	722	12133	bomb [v.]	n. 炸药\nvt. 炸毁, 破坏	yes
visage	面貌	n.	dual-source	tem8	tem8	yes	yes	no	yes	yes	yes	mian mao	721	19096	appearance [n.] | face [n.]	n. 脸, 面貌, 容貌	yes
outpouring	流露	n.	dual-source	toefl	toefl	yes	yes	no	yes	no	yes	liu lu	711	14250	reveal [v.] | show [v.]	n. 注出, 流出, 流露	yes
refrigeration	冷藏	n.	dual-source	toefl	toefl	yes	yes	no	yes	no	yes	leng cang	711	15892	refrigerate [v.]	n. 冷却, 冷藏, 冷冻\n[计] 致冷	yes
adornment	装饰品	n.	dual-source	toefl	toefl	yes	yes	no	yes	yes	yes	zhuang shi pin	700	19010	ornament [n.]	n. 装饰, 装饰品	yes
repercussion	反响	n.	dual-source	tem8	tem8	yes	yes	no	yes	yes	yes	fan xiang	697	10805	response [n.]	n. 弹回, 反响, 反射\n[医] 消退[法], 消肿[法], 浮动诊胎法	yes
wafer	晶片	n.	dual-source	tem8	tem8	yes	yes	no	yes	yes	yes	jing pian	694	13583	chip [n.]	n. 薄酥饼, 圣饼, 晶片, 圆片, 干胶片\nvt. 用干胶片封\n[计] 圆片	yes
senility	高龄	n.	dual-source	tem8	tem8	yes	yes	no	yes	no	yes	gao ling	694	28232	elderly [adj.]	n. 高龄, 老迈, 老态龙钟\n[医] 衰老, 老年	yes
corselet	盔甲	n.	dual-source	toefl	toefl	yes	yes	no	yes	yes	yes	kui jia	691	999999	armor [n.]	n. 盔甲, 胸衣	yes
provenance	出处	n.	dual-source	ielts	ielts	yes	yes	no	yes	yes	yes	chu chu	690	16671	source [n.]	n. 起源, 出处	yes
dynamite	炸药	n.	dual-source	tem8	tem8	yes	yes	no	yes	yes	yes	zha yao	683	12133	explosive [n.]	n. 炸药\nvt. 炸毁, 破坏	yes
soliloquy	自言自语	n.	dual-source	tem8	tem8	yes	yes	no	yes	no	yes	zi yan zi yu	670	22582	talk to oneself [phr.]	n. 自言自语, 独白	yes
hanger	衣架	n.	dual-source	tem8	tem8	yes	yes	no	yes	yes	yes	yi jia	669	11096	clothes hanger [n.]	n. 挂钩, 吊架, 衣架, 挂衣钩\n[经] (挂在店内的)广告牌	yes
visage	容貌	n.	dual-source	tem8	tem8	yes	yes	no	yes	yes	yes	rong mao	665	19096	appearance [n.]	n. 脸, 面貌, 容貌	yes
cad	无赖	n.	dual-source	tem8	tem8	yes	yes	no	yes	yes	yes	wu lai	662	25720	rascal [n.]	n. 卑鄙的男人, 下流人, 无赖, 计算机辅助设计\n[计] 字符汇编/反汇编, 计算机辅助设计, 计算机辅助探测, 计算机辅助诊断	yes
sailcloth	帆布	n.	dual-source	tem8	tem8	yes	yes	no	yes	yes	yes	fan bu	656	41811	canvas [n.]	n. 帆布	yes
craftspeople	工匠	n.	dual-source	toefl	toefl	yes	yes	no	yes	yes	yes	gong jiang	640	999999	craftsman [n.]	n. 工匠；手艺人；工艺师	yes
housebreaker	强盗	n.	dual-source	tem8	tem8	yes	yes	no	yes	yes	yes	qiang dao	640	999999	robber [n.] | bandit [n.]	n. 侵入家宅者, 强盗, 拆屋者	yes
strew	散播	v.	dual-source	tem8	tem8	yes	yes	no	yes	yes	yes	san bo	638	9997	spread [v.]	vt. 散播, 撒满	yes
delve	探究	v.	dual-source	tem8	tem8	yes	yes	no	yes	yes	yes	tan jiu	638	11237	explore [v.] | investigate [v.]	v. 探究, 查考\nn. 坑, 穴	yes
demo	演示	n.	dual-source	tem8	tem8	yes	yes	no	yes	no	yes	yan shi	637	12334	demonstrate [v.]	n. 演示, 样本唱片\n[计] 演示	yes
respectability	体面	n.	dual-source	tem8	tem8	yes	yes	no	yes	no	yes	ti mian	634	14970	dignified [adj.]	n. 可敬, 有社会地位, 高尚, 体面, 习俗	yes
sequester	扣押	v.	dual-source	toefl	toefl	yes	yes	no	yes	yes	yes	kou ya	634	17824	detain [v.]	vt. 使隐退, 使隔绝, 扣押, 没收\n[化] 螯合剂; 多价螯合剂	yes
freewheel	随心所欲	v.	dual-source	tem8	tem8	yes	yes	no	yes	no	yes	sui xin suo yu	632	27782	as one pleases [phr.]	n. 自由飞轮\nvi. 随心所欲, 凭惯性滑行	yes
readiness	敏捷	n.	dual-source	tem8	tem8	yes	yes	no	yes	no	yes	min jie	628	7489	agile [adj.] | quick [adj.]	n. 预备, 准备, 敏捷	yes
agility	敏捷	n.	dual-source	toefl	toefl	yes	yes	no	yes	no	yes	min jie	628	14781	agile [adj.] | quick [adj.]	n. 敏捷, 灵活, 机敏	yes
handiness	敏捷	n.	dual-source	tem8	tem8	yes	yes	no	yes	no	yes	min jie	628	999999	agile [adj.] | quick [adj.]	n. 巧妙, 敏捷, 轻便	yes
sir	阁下	n.	dual-source	tem8	tem8	yes	yes	no	yes	yes	yes	ge xia	626	2108	your excellency [n.]	n. 先生, 阁下	yes
ignition	点火	n.	dual-source	toefl	toefl	yes	yes	no	yes	no	yes	dian huo	625	11173	ignite [v.]	n. 点火, 点燃\n[化] 点火; 着火	yes
intercession	仲裁	n.	dual-source	tem8	tem8	yes	yes	no	yes	yes	yes	zhong cai	624	24367	arbitration [n.]	n. 仲裁, 调解, 说情\n[法] 仲裁, 调解, 说情	yes
arbitrate	仲裁	v.	dual-source	tem8	tem8	yes	yes	no	yes	no	yes	zhong cai	624	28357	arbitration [n.]	vt. 仲裁, 公断\nvi. 进行仲裁	yes
huff	激怒	v.	dual-source	tem8	tem8	yes	yes	no	yes	yes	yes	ji nu	622	14754	enrage [v.]	vt. 激怒, 发怒, 提高价格, 吹胀\nvi. 吹气, 恫吓, 发怒\nn. 发怒	yes
deacon	朗读	v.	dual-source	tem8	tem8	yes	yes	no	yes	yes	yes	lang du	617	14724	read aloud [v.]	n. 副主祭, 执事, 行会会长\nvt. 朗读, 摆得好看些	yes
duplicity	口是心非	n.	dual-source	tem8	tem8	yes	yes	no	yes	no	yes	kou shi xin fei	614	21039	hypocrisy [phr.]	n. 口是心非, 不诚实, 表里不一\n[医] 并胚, 双畸胎, 联胎	yes
condenses	浓缩	v.	dual-source	toefl	toefl	yes	yes	no	yes	yes	yes	nong suo	606	999999	concentrate [v.]	v. 浓缩; （使）变稠或变浓, 浓缩( condense的第三人称单数 ); （使）凝结; 简说, 摘要, 简述	yes
spillage	溢出	n.	dual-source	toefl	toefl	yes	yes	no	yes	no	yes	yi chu	600	33631	overflow [v.]	n. 漏, 溢出, 溢出物\n[化] 泄漏量	yes
colonizer	殖民者	n.	dual-source	toefl	toefl	yes	yes	no	yes	yes	yes	zhi min zhe	597	18984	colonist [n.]	n. 殖民地开拓者, 殖民者, 移入选民	yes
teeter	摇晃	v.	dual-source	tem8	tem8	yes	yes	no	yes	yes	yes	yao huang	589	11462	shake [v.] | sway [v.]	vi. 步履不稳地走动, 踉跄, 摇晃, 摇摆不定, 摇摇欲坠, 玩跷跷板\nn. 踉跄, 摇摆, 跷跷板	yes
wobble	摇晃	n.	dual-source	tem8	tem8	yes	yes	no	yes	no	yes	yao huang	589	12620	shake [v.] | sway [v.]	n. 摆动, 摇晃, 不稳定, 抖动\nvi. 摇晃, 摇摆, 游移不定\nvt. 使摇摆, 使颤动	yes
wobble	摇晃	v.	dual-source	tem8	tem8	yes	yes	no	yes	yes	yes	yao huang	589	12620	shake [v.] | sway [v.]	n. 摆动, 摇晃, 不稳定, 抖动\nvi. 摇晃, 摇摆, 游移不定\nvt. 使摇摆, 使颤动	yes
melange	混合物	n.	dual-source	toefl	toefl	yes	yes	no	yes	yes	yes	hun he wu	588	23388	mixture [n.]	n. 混合物	yes
eviction	逐出	n.	dual-source	tem8	tem8	yes	yes	no	yes	no	yes	zhu chu	587	16190	expel [v.]	n. 逐出, 赶出\n[法] 收回财产, 收回租地, 没收	yes
undulate	波动	v.	dual-source	tem8	tem8	yes	yes	no	yes	no	yes	bo dong	582	25684	fluctuation [n.]	a. 波动的, 起伏的\nvi. 波动, 起伏, 呈波浪形\nvt. 使起伏, 使波动	yes
rancour	敌意	n.	dual-source	tem8	tem8	yes	yes	no	yes	yes	yes	di yi	580	999999	hostility [n.]	n. 敌意, 深仇	yes
handiness	轻便	n.	dual-source	tem8	tem8	yes	yes	no	yes	no	yes	qing bian	579	999999	lightweight [adj.]	n. 巧妙, 敏捷, 轻便	yes
comminute	粉碎	v.	dual-source	toefl	toefl	yes	yes	no	yes	yes	yes	fen sui	578	999999	shatter [v.]	vt. 使成粉末, 粉碎, 分割财产	yes
hiatus	裂缝	n.	dual-source	tem8	tem8	yes	yes	no	yes	yes	yes	lie feng	575	14945	crack [n.]	n. 裂缝, 中断, 空隙, 间隙, 裂孔, (稿件)脱字, 漏句\npl. 裂缝, 中断, 空隙, 间隙, 裂孔, (稿件)脱字, 漏句	yes
chink	裂缝	n.	dual-source	ielts	ielts	yes	yes	no	yes	yes	yes	lie feng	575	22752	crack [n.]	n. 裂口, 裂缝, 弱点, 叮当声\nvt. 使叮当响\nvi. 堵裂缝, 叮当响	yes
progression	级数	n.	dual-source	toefl	toefl	yes	yes	no	yes	yes	yes	ji shu	569	7571	series [n.]	n. 前进, 连续, 级数\n[医] 进行, 前进, 步态	yes
fiasco	惨败	n.	dual-source	tem8	tem8	yes	yes	no	yes	yes	yes	can bai	569	12481	crushing defeat [n.]	n. 惨败, 大失败	yes
enhancement	增进	n.	dual-source	toefl	toefl	yes	yes	no	yes	no	yes	zeng jin	568	7849	enhance [v.] | promote [v.]	n. 提高, 美化, 增进, 增强, 增加\n[计] 增强, 加强, 提高, 充实	yes
nab	抢夺	v.	dual-source	tem8	tem8	yes	yes	no	yes	yes	yes	qiang duo	563	15388	snatch [v.]	vt. 捉住, 逮捕, 抢夺\n[电] 国际广播协会的简写	yes
respite	暂缓	n.	dual-source	tem8	tem8	yes	yes	no	yes	no	yes	zan huan	559	12950	postpone [v.] | defer [v.]	n. 暂缓, 缓期执行\nvt. 使暂缓	yes
reclamation	开垦	n.	dual-source	toefl	toefl	yes	yes	no	yes	no	yes	kai ken	556	19656	reclaim [v.]	n. 开垦, 教化\n[经] 经济上的复原再造	yes
sagacity	睿智	n.	dual-source	tem8	tem8	yes	yes	no	yes	no	yes	rui zhi	553	35237	wise [adj.]	n. 睿智, 聪敏	yes
eviction	赶出	n.	dual-source	tem8	tem8	yes	yes	no	yes	no	yes	gan chu	547	16190	drive out [v.]	n. 逐出, 赶出\n[法] 收回财产, 收回租地, 没收	yes
republish	再版	v.	dual-source	toefl	toefl	yes	yes	no	yes	yes	yes	zai ban	547	26777	reprint [v.]	vt. 再版, 再发布\n[法] 再版, 再印刷, 再发行	yes
qualm	疑虑	n.	dual-source	tem8	tem8	yes	yes	no	yes	yes	yes	yi lv	545	14827	doubt [n.]	n. 晕眩, 不安, 疑虑\n[法] 疑虑, 不安, 内疚	yes
dependant	侍从	n.	dual-source	tem8	tem8	yes	yes	no	yes	yes	yes	shi cong	536	36947	attendant [n.]	n. 家眷, 侍从, 食客\n[法] 受赡养人, 家庭负担	yes
brevity	简短	n.	dual-source	tem8	tem8	yes	yes	no	yes	no	yes	jian duan	530	20046	brief [adj.] | short [adj.]	n. 短暂, 简短	yes
revamp	修补	v.	dual-source	tem8	tem8	yes	yes	no	yes	yes	yes	xiu bu	528	13133	repair [v.]	vt. 换新鞋面, 修理, 修补, 修改\n[经] 整修, 补, 修改	yes
labourer	劳动者	n.	dual-source	tem8	tem8	yes	yes	no	yes	yes	yes	lao dong zhe	525	32892	worker [n.]	n. 劳动者, 干体力工作的工人, 劳工\n[机] 劳动者	yes
torsion	扭转	n.	dual-source	tem8	tem8	yes	yes	no	yes	no	yes	niu zhuan	523	27521	reverse [v.]	n. 扭转, 转矩\n[化] 扭转	yes
mongrel	混血儿	n.	dual-source	tem8	tem8	yes	yes	no	yes	yes	yes	hun xue er	520	24348	half-breed [n.] | mixed-blood [n.]	n. 杂种, 杂种狗, 混血儿\na. 杂种的, 混血儿的	yes
nomadism	游牧	n.	dual-source	toefl	toefl	yes	yes	no	yes	no	yes	you mu	518	999999	nomadize [v.]	n. 游牧, 流浪	yes
inhumanity	残暴	n.	dual-source	tem8	tem8	yes	yes	no	yes	no	yes	can bao	515	24093	brutal [adj.]	n. 不人道, 残暴\n[法] 无人性, 野蛮, 残酷	yes
foreknowledge	预知	n.	dual-source	tem8	tem8	yes	yes	no	yes	no	yes	yu zhi	515	30999	predict [v.]	n. 预知, 先见之明	yes
neatness	整洁	n.	dual-source	toefl	toefl	yes	yes	no	yes	no	yes	zheng jie	514	24919	clean [adj.] | tidy [adj.]	n. 整洁, 干净	yes
deacon	执事	n.	dual-source	tem8	tem8	yes	yes	no	yes	yes	yes	zhi shi	508	14724	butler [n.]	n. 副主祭, 执事, 行会会长\nvt. 朗读, 摆得好看些	yes
plenipotentiary	全权大使	n.	dual-source	tem8	tem8	yes	yes	no	yes	yes	yes	quan quan da shi	507	39396	ambassador-plenipotentiary [n.]	n. 全权大使, 全权代表\na. 有全权的, 全权代表的	yes
repayment	偿还	n.	dual-source	tem8	tem8	yes	yes	no	yes	no	yes	chang huan	502	14804	repay [v.]	n. 付还, 偿还, 报复, 付还的钱\n[经] 偿还, 付还	yes
hillbilly	乡下人	n.	dual-source	toefl	toefl	yes	yes	no	yes	yes	yes	xiang xia ren	499	25706	countryman [n.]	n. 乡下人, 乡巴佬；山地内部的贫农, 山地人	yes
abstention	弃权	n.	dual-source	tem8	tem8	yes	yes	no	yes	no	yes	qi quan	496	24775	abstain [v.]	n. 戒绝, 回避, 弃权	yes
flurry	疾风	n.	dual-source	tem8	tem8	yes	yes	no	yes	yes	yes	ji feng	494	9456	gale [n.]	n. 疾风, 飓风, 慌张\nvt. 使恐慌, 使激动\nvi. 慌张	yes
egotism	自负	n.	dual-source	tem8	tem8	yes	yes	no	yes	no	yes	zi fu	494	27283	arrogant [adj.]	n. 自我中心癖, 自负\n[医] 利己主义, 唯我主义	yes
stoppage	扣留	n.	dual-source	tem8	tem8	yes	yes	no	yes	no	yes	kou liu	491	20251	detain [v.]	n. 停止, 中止, 阻塞, 阻碍, 堵塞, 故障, 停付, 扣除, 扣留, 停工, 罢工\n[化] 停机	yes
remediation	补救	n.	dual-source	toefl	toefl	yes	yes	no	yes	no	yes	bu jiu	488	14082	remedy [v.]	n. 补习, 辅导, 补救, 纠正	yes
hothouse	温室	n.	dual-source	tem8	tem8	yes	yes	no	yes	yes	yes	wen shi	482	23071	greenhouse [n.]	n. 温室, 温床, 浴室	yes
unawares	不料	adv.	dual-source	tem8	tem8	yes	yes	no	yes	yes	yes	bu liao	478	28358	unexpectedly [adv.]	adv. 出其不意地, 没想到, 不料, 不知不觉地	yes
sheen	光彩	n.	dual-source	tem8	tem8	yes	yes	no	yes	yes	yes	guang cai	477	12743	glory [n.]	n. 光辉, 光彩, 光泽\na. 光辉的, 发光的, 有光泽的\nvi. 发出光泽	yes
diversification	多样化	n.	dual-source	toefl	toefl	yes	yes	no	yes	no	yes	duo yang hua	475	13436	diversify [v.]	n. 变化, 多样化\n[经] 分散	yes
firedamp	甲烷	n.	dual-source	tem8	tem8	yes	yes	no	yes	yes	yes	jia wan	473	999999	methane [n.]	n. 甲烷, 沼气\n[化] 沼气; 瓦斯; 密封防火墙(采矿)	yes
bout	较量	n.	dual-source	tem8	tem8	yes	yes	no	yes	no	yes	jiao liang	470	5865	compete [v.]	n. 一回, 回合, 较量\n[医] 发作	yes
foreground	前景	n.	dual-source	tem8	tem8	yes	yes	no	yes	yes	yes	qian jing	467	8564	prospect [n.]	n. 前景, 最显著的位置\n[计] 前景, 前台	yes
flurry	慌张	n.	dual-source	tem8	tem8	yes	yes	no	yes	no	yes	huang zhang	465	9456	flustered [adj.]	n. 疾风, 飓风, 慌张\nvt. 使恐慌, 使激动\nvi. 慌张	yes
stagnation	停滞	n.	dual-source	tem8	tem8	yes	yes	no	yes	no	yes	ting zhi	464	14752	stagnate [v.]	n. 淤塞, 停滞\n[医] 停滞, 滞留, 郁积	yes
tryout	选拔赛	n.	dual-source	tem8	tem8	yes	yes	no	yes	yes	yes	xuan ba sai	462	16185	trials [n.]	n. 试验, 试用, 选拔赛	yes
foretaste	预示	n.	dual-source	tem8	tem8	yes	yes	no	yes	no	yes	yu shi	458	31189	indicate [v.] | foreshadow [v.]	vt. 预尝, 先试\nn. 先尝, 预示	yes
forebode	预示	v.	dual-source	tem8	tem8	yes	yes	no	yes	yes	yes	yu shi	458	999999	indicate [v.] | foreshadow [v.]	v. 预示, 预兆, 预感	yes
eyewash	骗局	n.	dual-source	tem8	tem8	yes	yes	no	yes	yes	yes	pian ju	454	999999	scam [n.] | fraud [n.]	n. 洗眼水, 无稽之谈, 骗局\n[医] 洗眼药水(洗眼剂)	yes
gyration	回转	n.	dual-source	toefl	toefl	yes	yes	no	yes	no	yes	hui zhuan	452	26430	turn around [v.]	n. 旋回, 回转, 旋转\n[医] 回旋, 环旋	yes
manicure	修剪	v.	dual-source	tem8	tem8	yes	yes	no	yes	yes	yes	xiu jian	450	16247	trim [v.]	n. 修指甲术, 修指甲, 修指甲师\nvt. 修指甲, 修剪	yes
disparity	不一致	n.	dual-source	tem8	tem8	yes	yes	no	yes	no	yes	bu yi zhi	446	7067	inconsistent [adj.]	n. 不一致\n[医] 差异, 不等	yes
disharmony	不一致	n.	dual-source	ielts	ielts	yes	yes	no	yes	no	yes	bu yi zhi	446	26405	inconsistent [adj.]	n. 不调和, 不一致, 不和谐\n[医] 不和谐, 失谐, 失调	yes
homemaking	家政	n.	dual-source	toefl	toefl	yes	yes	no	yes	yes	yes	jia zheng	442	44846	housekeeping [n.]	n. 家政	yes
housewifery	家政	n.	dual-source	tem8	tem8	yes	yes	no	yes	yes	yes	jia zheng	442	999999	housekeeping [n.]	n. 家政, 家事	yes
hydrant	水龙头	n.	dual-source	tem8	tem8	yes	yes	no	yes	yes	yes	shui long tou	441	19742	faucet [n.]	n. 给水栓, 水龙头, 消火栓	yes
inset	嵌入	v.	dual-source	tem8	tem8	yes	yes	no	yes	yes	yes	qian ru	438	15912	embed [v.]	vt. 嵌入\nn. 插入物, 插页, 插图	yes
cenozoic	新生代	n.	dual-source	toefl	toefl	yes	yes	no	yes	yes	yes	xin sheng dai	438	999999	new generation [n.]	n. 新生代, 新生界\na. 新生代的, 新生界的	yes
airfield	飞机场	n.	dual-source	tem8	tem8	yes	yes	no	yes	yes	yes	fei ji chang	434	12723	airport [n.]	n. 飞机场	yes
crap	废物	n.	dual-source	tem8	tem8	yes	yes	no	yes	yes	yes	fei wu	429	7117	waste [n.] | junk [n.]	n. 废物, 废话\nvi. 掷骰子	yes
mesmerize	迷住	v.	dual-source	toefl	toefl	yes	yes	no	yes	yes	yes	mi zhu	429	11762	fascinate [v.]	vt. 施催眠术, 迷住, 迷惑\n[医] 催眠	yes
raffle	废物	n.	dual-source	tem8	tem8	yes	yes	no	yes	yes	yes	fei wu	429	21384	waste [n.] | junk [n.]	n. 抽彩售货, 废物\nvt. 抽彩售货\nvi. 抽彩	yes
vagabond	浪子	n.	dual-source	tem8	tem8	yes	yes	no	yes	yes	yes	lang zi	429	23492	prodigal [n.] | wanderer [n.]	n. 流浪者, 浪子, 流氓\nvi. 到处流浪\na. 流浪的, 漂泊的, 浪荡的, 流浪者的	yes
muck	弄脏	v.	dual-source	tem8	tem8	yes	yes	no	yes	yes	yes	nong zang	425	13224	dirty [v.]	n. 垃圾, 肥料\nvt. 施肥, 弄脏, 弄糟\nvi. 搬运矸石	yes
assertion	断言	n.	dual-source	tem8	tem8	yes	yes	no	yes	no	yes	duan yan	422	5339	assert [v.]	n. 断言, 主张\n[法] 宣称, 断言, 维护	yes
rubdown	按摩	n.	dual-source	tem8	tem8	yes	yes	no	yes	no	yes	an mo	421	32906	massage [v.]	n. 摩擦身体, 按摩	yes
muck	肥料	n.	dual-source	tem8	tem8	yes	yes	no	yes	yes	yes	fei liao	418	13224	fertilizer [n.]	n. 垃圾, 肥料\nvt. 施肥, 弄脏, 弄糟\nvi. 搬运矸石	yes
indoctrinate	灌输	v.	dual-source	tem8	tem8	yes	yes	no	yes	yes	yes	guan shu	416	21692	instill [v.]	vt. 教训, 教导, 灌输	yes
woodcarving	木雕	n.	dual-source	toefl	toefl	yes	yes	no	yes	yes	yes	mu diao	415	38233	wood carving [n.]	n. 木雕	yes
partiality	癖好	n.	dual-source	tem8	tem8	yes	yes	no	yes	yes	yes	pi hao	413	29852	habit [n.] | hobby [n.]	n. 偏心, 偏颇, 不公平, 特别喜欢, 癖好\n[法] 偏袒, 偏见, 不公平	yes
straggle	落伍	v.	dual-source	tem8	tem8	yes	yes	no	yes	yes	yes	luo wu	411	20279	fall behind [v.]	vi. 掉队, 落伍, 蔓延, 散乱\nn. 低空扫射	yes
skew	曲解	v.	dual-source	ielts	ielts	yes	yes	no	yes	yes	yes	qu jie	410	12018	distort [v.] | misinterpret [v.]	a. 斜的, 歪的\nn. 歪斜, 偏态家庭关系\nvi. 歪斜, 侧转\nvt. 使歪斜, 曲解\n[计] 扭斜; 歪斜; 偏斜	yes
plethora	过剩	n.	dual-source	toefl	toefl	yes	yes	no	yes	no	yes	guo sheng	410	13548	excess [adj.]	n. 过多, 过剩, 多血症\n[医] 多血[症]	yes
dilution	稀释	n.	dual-source	toefl	toefl	yes	yes	no	yes	no	yes	xi shi	409	18805	dilute [v.]	n. 冲淡, 淡度, 稀度, 稀释物, 冲淡物, 稀释\n[计] 稀释度的	yes
ostracize	放逐	v.	dual-source	toefl	toefl	yes	yes	no	yes	yes	yes	fang zhu	408	18362	exile [v.]	vt. 流放, 放逐, 排斥	yes
contemplation	沉思	n.	dual-source	tem8	tem8	yes	yes	no	yes	no	yes	chen si	405	11236	meditate [v.] | ponder [v.]	n. 注视, 沉思, 盘算\n[法] 默察, 意图, 期待	yes
afterlife	来世	n.	dual-source	toefl	toefl	yes	yes	no	yes	yes	yes	lai shi	405	14038	next life [n.]	n. 来世, 下半生	yes
verbalize	累赘	v.	dual-source	toefl	toefl	yes	yes	no	yes	no	yes	lei zhui	405	20983	burdensome [adj.]	vt. 以言语表现, 使变成动词\nvi. 用言辞表达, 累赘, 唠叨	yes
reelect	改选	v.	dual-source	toefl	toefl	yes	yes	no	yes	yes	yes	gai xuan	404	999999	re-elect [v.]	vt. 重选, 改选	yes
reelection	改选	n.	dual-source	toefl	toefl	yes	yes	no	yes	no	yes	gai xuan	404	999999	re-elect [v.]	n. 再选, 改选\n[法] 再选, 重选, 再次当选	yes
nasal	鼻音	n.	dual-source	tem8	tem8	yes	yes	no	yes	yes	yes	bi yin	402	7721	nasal sound [n.]	a. 鼻的, 鼻声的, 尖锐的\nn. 鼻音, 鼻音字	yes
trundle	滚动	n.	dual-source	tem8	tem8	yes	yes	no	yes	no	yes	gun dong	399	20750	roll [v.]	n. 小车轮, 脚轮, 滚动\nvi. 滚动, 移动, 投球\nvt. 使滚动, 使移转	yes
gouge	挖出	v.	dual-source	toefl	toefl	yes	yes	no	yes	yes	yes	wa chu	398	13329	dig out [v.] | unearth [v.]	n. 圆凿, 用圆凿凿成的槽, 挖, 掘\nvt. 用圆凿削, 挖出, 欺骗	yes
forgiveness	宽恕	n.	dual-source	toefl	toefl	yes	yes	no	yes	no	yes	kuan shu	396	6980	forgive [v.]	n. 宽恕, 宽仁之心	yes
stunt	噱头	n.	dual-source	toefl	toefl	yes	yes	no	yes	yes	yes	xue tou	396	9106	gimmick [n.]	n. 特技, 绝技, 花招, 噱头, 手腕, 发育不良\nvt. 阻碍成长\nvi. 表演特技	yes
remission	宽恕	n.	dual-source	tem8	tem8	yes	yes	no	yes	no	yes	kuan shu	396	15046	forgive [v.]	n. 宽恕, 豁免, 免罪, 缓和, 减轻\n[医] 缓解, 弛张	yes
vagabond	流氓	n.	dual-source	tem8	tem8	yes	yes	no	yes	yes	yes	liu mang	394	23492	rogue [n.] | hooligan [n.]	n. 流浪者, 浪子, 流氓\nvi. 到处流浪\na. 流浪的, 漂泊的, 浪荡的, 流浪者的	yes
fuddle	灌醉	v.	dual-source	tem8	tem8	yes	yes	no	yes	yes	yes	guan zui	394	999999	get drunk [v.]	vt. 灌醉, 使烂醉, 使迷糊\nvi. 狂饮\nn. 烂醉	yes
hiatus	空隙	n.	dual-source	tem8	tem8	yes	yes	no	yes	yes	yes	kong xi	382	14945	gap [n.] | crack [n.]	n. 裂缝, 中断, 空隙, 间隙, 裂孔, (稿件)脱字, 漏句\npl. 裂缝, 中断, 空隙, 间隙, 裂孔, (稿件)脱字, 漏句	yes
wrest	歪曲	v.	dual-source	tem8	tem8	yes	yes	no	yes	yes	yes	wai qu	380	15051	distort [v.]	n. 扭, 拧\nvt. 夺取, 猛扭, 歪曲, 费力取得	yes
vagueness	含糊	n.	dual-source	toefl	toefl	yes	yes	no	yes	no	yes	han hu	369	22182	vague [adj.] | ambiguous [adj.]	n. 含糊, 暧昧	yes
sexuality	性欲	n.	dual-source	tem8	tem8	yes	yes	no	yes	yes	yes	xing yu	368	4763	sexual desire [n.]	n. 性征, 性行为, 性欲\n[医] 性别, 性欲	yes
nab	捉住	v.	dual-source	tem8	tem8	yes	yes	no	yes	yes	yes	zhuo zhu	368	15388	catch [v.] | seize [v.]	vt. 捉住, 逮捕, 抢夺\n[电] 国际广播协会的简写	yes
tussle	争斗	n.	dual-source	tem8	tem8	yes	yes	no	yes	no	yes	zheng dou	368	22830	fight [v.]	n. 扭打, 争斗, 论争\nvi. 扭打, 打斗	yes
liking	嗜好	n.	dual-source	tem8	tem8	yes	yes	no	yes	yes	yes	shi hao	366	14323	hobby [n.]	n. 爱好, 嗜好	yes
gusto	嗜好	n.	dual-source	tem8	tem8	yes	yes	no	yes	yes	yes	shi hao	366	16728	hobby [n.]	n. 爱好, 嗜好, 由衷的高兴	yes
leniency	宽大	n.	dual-source	tem8	tem8	yes	yes	no	yes	no	yes	kuan da	363	20692	spacious [adj.] | lenient [adj.]	n. 宽大, 温和, 慈悲为怀\n[法] 宽大, 宽恕, 仁慈	yes
fairway	航路	n.	dual-source	tem8	tem8	yes	yes	no	yes	yes	yes	hang lu	360	9430	route [n.] | course [n.]	n. 航路	yes
rectification	矫正	n.	dual-source	tem8	tem8	yes	yes	no	yes	no	yes	jiao zheng	359	30739	correct [v.] | rectify [v.]	n. 改正, 矫正, 整流\n[化] 精馏	yes
whoop	唤起	v.	dual-source	tem8	tem8	yes	yes	no	yes	yes	yes	huan qi	357	17648	arouse [v.] | evoke [v.]	n. 大叫, 呐喊, 一点点\nvi. 叫喊, 鸣叫\nvt. 高声说, 唤起	yes
germination	萌芽	n.	dual-source	toefl	toefl	yes	yes	no	yes	yes	yes	meng ya	355	22312	sprout [n.] | germ [n.]	n. 发芽, 萌芽, 发育\n[医] 出芽, 生芽, 发芽	yes
whiff	喷出	v.	dual-source	tem8	tem8	yes	yes	no	yes	yes	yes	pen chu	353	12029	spout [v.] | erupt [v.]	n. 一吹, 一吸, 一阵, 一点点, 一口烟\nvi. 轻轻地吹, 喷气, 三击不中出局, 垂钓\nvt. 吹送, 喷出, 吸, 使三击不中出局	yes
ejection	喷出	n.	dual-source	ielts	ielts	yes	yes	no	yes	no	yes	pen chu	353	19639	spout [v.] | erupt [v.]	n. 驱逐, 喷出, 排出物\n[化] 排出	yes
ruckus	骚动	n.	dual-source	tem8	tem8	yes	yes	no	yes	yes	yes	sao dong	347	19870	disturbance [n.]	n. 喧闹, 骚动	yes
anaesthesia	麻醉	n.	dual-source	tem8	tem8	yes	yes	no	yes	no	yes	ma zui	345	32031	anesthetize [v.]	n. 麻木, 麻醉\n[医] 感觉缺失, 麻木, 麻醉[法]	yes
stupefaction	麻醉	n.	dual-source	tem8	tem8	yes	yes	no	yes	no	yes	ma zui	345	38654	anesthetize [v.]	n. 麻醉, 昏睡, 昏迷	yes
narcosis	麻醉	n.	dual-source	toefl	toefl	yes	yes	no	yes	no	yes	ma zui	345	41278	anesthetize [v.]	n. 昏迷状态, 麻醉\n[医] 麻醉	yes
valour	勇猛	n.	dual-source	tem8	tem8	yes	yes	no	yes	no	yes	yong meng	343	999999	brave [adj.]	n. 英勇, 刚勇, 勇猛	yes
fudge	捏造	v.	dual-source	tem8	tem8	yes	yes	no	yes	yes	yes	nie zao	342	14638	fabricate [v.]	n. 虚构的故事, 谎言, 胡说\ninterj. 胡说八道\nvi. 蒙混, 做傻事\nvt. 粗制滥造, 捏造, 逃避职责	yes
rind	削皮	v.	dual-source	tem8	tem8	yes	yes	no	yes	yes	yes	xiao pi	339	12194	peel [v.]	n. 树皮, 壳, 外表\nvt. 削皮, 剥壳	yes
teeter	摇摆	n.	dual-source	tem8	tem8	yes	yes	no	yes	no	yes	yao bai	338	11462	sway [v.] | swing [v.]	vi. 步履不稳地走动, 踉跄, 摇晃, 摇摆不定, 摇摇欲坠, 玩跷跷板\nn. 踉跄, 摇摆, 跷跷板	yes
wobble	摇摆	v.	dual-source	tem8	tem8	yes	yes	no	yes	yes	yes	yao bai	338	12620	sway [v.] | swing [v.]	n. 摆动, 摇晃, 不稳定, 抖动\nvi. 摇晃, 摇摆, 游移不定\nvt. 使摇摆, 使颤动	yes
vagary	奇想	n.	dual-source	toefl	toefl	yes	yes	no	yes	yes	yes	qi xiang	333	999999	whim [n.] | fancy [n.]	n. 狂想, 奇特行为, 奇想	yes
kickoff	开球	n.	dual-source	tem8	tem8	yes	yes	no	yes	no	yes	kai qiu	332	12229	kick off [v.]	n. 开球, 开始, 肇始	yes
lightness	轻盈	n.	dual-source	toefl	toefl	yes	yes	no	yes	no	yes	qing ying	325	16295	light [adj.] | graceful [adj.]	n. 光亮度, (颜色的)浅淡, 轻率, 轻佻, 轻浮, 轻盈, 轻松, 轻巧, 精巧, 优美\n[计] 亮度	yes
impatience	急躁	n.	dual-source	tem8	tem8	yes	yes	no	yes	no	yes	ji zao	324	11344	impatient [adj.] | irritable [adj.]	n. 性急, 难耐, 焦急, 急躁	yes
sustainability	持续性	n.	dual-source	tem4	tem4	yes	yes	no	yes	yes	yes	chi xu xing	319	9092	continuity [n.]	n. 持续性, 能维持性, 永续性	yes
modulation	调制	n.	dual-source	toefl	toefl	yes	yes	no	yes	no	yes	tiao zhi	319	19940	modulate [v.]	n. 调制, 调节, 语调\n[计] 调制	yes
transcription	抄本	n.	dual-source	ielts	ielts	yes	yes	no	yes	yes	yes	chao ben	314	14175	copy [n.]	n. 抄写, 抄本\n[化] 转录; 转录作用	yes
conduction	传导	n.	dual-source	toefl	toefl	yes	yes	no	yes	no	yes	chuan dao	313	22834	conduct [v.]	n. 传导\n[化] 传导	yes
domestication	教化	n.	dual-source	toefl	toefl	yes	yes	no	yes	no	yes	jiao hua	311	24398	educate [v.] | civilize [v.]	n. 驯养, 教化	yes
forebode	预兆	v.	dual-source	tem8	tem8	yes	yes	no	yes	no	yes	yu zhao	310	999999	omen [n.] | sign [n.]	v. 预示, 预兆, 预感	yes
backdate	回溯	v.	dual-source	tem8	tem8	yes	yes	no	yes	yes	yes	hui su	308	35322	trace back [v.]	vt. 写上比实际早的日期, 回溯	yes
knowhow	诀窍	n.	dual-source	tem8	tem8	yes	yes	no	yes	yes	yes	jue qiao	308	999999	knack [n.] | trick [n.]	n. 情报；实际的能力；专门技术；诀窍, 技巧	yes
thug	恶棍	n.	dual-source	tem8	tem8	yes	yes	no	yes	yes	yes	e gun	307	8101	villain [n.]	n. 恶棍, 刺客, 凶手\n[法] 凶手, 刺客, 暴徒	yes
chagrin	懊恼	n.	dual-source	toefl	toefl	yes	yes	no	yes	no	yes	ao nao	303	16105	annoyed [adj.]	n. 懊恼\nvt. 使懊恼	yes
grandchild	外孙	n.	dual-source	tem8	tem8	yes	yes	no	yes	yes	yes	wai sun	302	4393	grandson [n.]	n. 孙, 外孙女, 外孙, 孙女, 孙子	yes
hospice	收容所	n.	dual-source	tem8	tem8	yes	yes	no	yes	yes	yes	shou rong suo	299	10316	shelter [n.] | reception center [n.]	n. 旅客住宿处, 收容所	yes
moralism	说教	n.	dual-source	toefl	toefl	yes	yes	no	yes	no	yes	shuo jiao	297	27204	preach [v.] | moralize [v.]	n. 道德主义, 格言, 说教	yes
tarry	耽搁	v.	dual-source	tem8	tem8	yes	yes	no	yes	yes	yes	dan ge	297	30701	delay [v.]	vi. 耽搁, 逗留, 留住, 等候\nn. 逗留\na. 涂了焦油的	yes
mystique	奥秘	n.	dual-source	toefl	toefl	yes	yes	no	yes	yes	yes	ao mi	291	12931	mystery [n.] | secret [n.]	n. 神秘的气氛, 奥秘, 秘诀	yes
slapstick	闹剧	n.	dual-source	toefl	toefl	yes	yes	no	yes	yes	yes	nao ju	291	26312	farce [n.]	n. 闹剧, 趣剧	yes
hiding	隐匿	n.	dual-source	tem8	tem8	yes	yes	no	yes	no	yes	yin ni	289	15875	hide [v.] | conceal [v.]	n. 隐匿, 隐藏之事, 隐匿之所, 痛打\n[法] 躲藏, 躲藏处	yes
mirth	欢笑	n.	dual-source	tem8	tem8	yes	yes	no	yes	yes	yes	huan xiao	285	21285	laughter [n.]	n. 欢笑, 欢乐, 愉快	yes
wobble	摆动	n.	dual-source	tem8	tem8	yes	yes	no	yes	no	yes	bai dong	283	12620	swing [v.] | sway [v.]	n. 摆动, 摇晃, 不稳定, 抖动\nvi. 摇晃, 摇摆, 游移不定\nvt. 使摇摆, 使颤动	yes
fount	源泉	n.	dual-source	tem8	tem8	yes	yes	no	yes	yes	yes	yuan quan	283	29001	source [n.]	n. 泉, 源泉, 墨水缸, 一副铅字	yes
motley	混杂	n.	dual-source	tem8	tem8	yes	yes	no	yes	no	yes	hun za	282	16138	mix [v.] | mingle [v.]	a. 杂色的, 穿杂色衣的, 杂乱的, 混杂的\nn. 杂色, 杂色衣服, 混杂, 小丑	yes
enrichment	肥沃	n.	dual-source	toefl	toefl	yes	yes	no	yes	no	yes	fei wo	281	10003	fertile [adj.]	n. 丰富, 肥沃\n[化] 富集	yes
fruitfulness	肥沃	n.	dual-source	toefl	toefl	yes	yes	no	yes	no	yes	fei wo	281	34018	fertile [adj.]	n. 丰收, 丰硕；多实, 肥沃	yes
headstone	基石	n.	dual-source	tem8	tem8	yes	yes	no	yes	yes	yes	ji shi	279	15640	cornerstone [n.] | foundation [n.]	n. 墓石, 基石	yes
waster	废品	n.	dual-source	toefl	toefl	yes	yes	no	yes	yes	yes	fei pin	279	39088	waste [n.] | scrap [n.]	n. 造成浪费的人, 造成损坏的人, 挥霍者, 浪子, 无用的人, 废品, 次品\n[化] 废物	yes
transcription	抄写	n.	dual-source	ielts	ielts	yes	yes	no	yes	no	yes	chao xie	268	14175	copy [v.] | transcribe [v.]	n. 抄写, 抄本\n[化] 转录; 转录作用	yes
woodworker	木工	n.	dual-source	toefl	toefl	yes	yes	no	yes	yes	yes	mu gong	262	24750	carpentry [n.] | woodworking [n.]	n. 木工	yes
bane	毒药	n.	dual-source	tem8	tem8	yes	yes	no	yes	yes	yes	du yao	258	21357	poison [n.]	n. 祸根, 毒药, 灭亡的原因, 灭亡\n[医] 毒物, 毒, 毒药	yes
whaling	捕鲸	n.	dual-source	ielts	ielts	yes	yes	no	yes	no	yes	bu jing	257	15560	whale [v.]	n. 捕鲸	yes
apportionment	分派	n.	dual-source	toefl	toefl	yes	yes	no	yes	no	yes	fen pai	257	29796	assign [v.]	n. 分配, 分摊, 分派\n[经] 分派, 分配, 分摊	yes
dystrophy	营养不良	n.	dual-source	ielts	ielts	yes	yes	no	yes	yes	yes	ying yang bu liang	255	22771	malnutrition [n.]	n. 营养障碍, 营养不良\n[医] 营养不良, 营养障碍	yes
inquest	验尸	n.	dual-source	tem8	tem8	yes	yes	no	yes	no	yes	yan shi	255	23865	autopsy [v.]	n. 审讯, 讯问, 验尸\n[医] 验尸	yes
underwing	后翅	n.	dual-source	toefl	toefl	yes	yes	no	yes	yes	yes	hou chi	254	44725	hindwing [n.]	n. 后翅, 后翅色彩瑰丽的蛾	yes
verve	神韵	n.	dual-source	tem8	tem8	yes	yes	no	yes	yes	yes	shen yun	252	21644	charm [n.] | spirit [n.]	n. 热情, 气魄, 神韵, 活力	yes
contraception	避孕	n.	dual-source	tem8	tem8	yes	yes	no	yes	no	yes	bi yun	248	12338	contracept [v.]	n. 避孕, 避孕法\n[医] 节(制生)育, 避孕	yes
floodgate	水门	n.	dual-source	tem8	tem8	yes	yes	no	yes	yes	yes	shui men	248	21192	watergate [n.]	n. 水门, 水闸, 防潮水闸	yes
dinghy	小艇	n.	dual-source	tem8	tem8	yes	yes	no	yes	yes	yes	xiao ting	247	21132	boat [n.]	n. 小船, 橡皮筏, 小艇	yes
desolation	荒芜	n.	dual-source	tem8	tem8	yes	yes	no	yes	no	yes	huang wu	240	17109	barren [adj.] | waste [adj.]	n. 荒芜, 荒废, 荒凉	yes
grandchild	外孙女	n.	dual-source	tem8	tem8	yes	yes	no	yes	yes	yes	wai sun nv	237	4393	granddaughter [n.]	n. 孙, 外孙女, 外孙, 孙女, 孙子	yes
grazing	放牧	n.	dual-source	toefl	toefl	yes	yes	no	yes	no	yes	fang mu	237	12892	graze [v.]	n. 放牧, 牧草, 草场, 放牧法	yes
tuft	丛生	v.	dual-source	tem8	tem8	yes	yes	no	yes	yes	yes	cong sheng	237	15142	grow thickly [v.]	n. 一簇, 矮树丛\nvi. 丛生\nvt. 用丛毛装饰	yes
potluck	家常便饭	n.	dual-source	tem8	tem8	yes	yes	no	yes	no	yes	jia chang bian fan	237	20601	home cooking [phr.] | common occurrence [phr.]	n. 家常便饭	yes
breech	臀部	n.	dual-source	toefl	toefl	yes	yes	no	yes	yes	yes	tun bu	236	17694	buttocks [n.]	n. 后膛, 臀部\nvt. 给...装上炮尾, 给...穿上裤子	yes
haunch	臀部	n.	dual-source	tem8	tem8	yes	yes	no	yes	yes	yes	tun bu	236	18141	buttocks [n.]	n. 腰腿, 臀部, 腰腿肉\n[医] 臀部, 胯部	yes
bistro	小酒馆	n.	dual-source	ielts	ielts	yes	yes	no	yes	yes	yes	xiao jiu guan	235	14625	tavern [n.]	n. 小酒馆, 夜总会	yes
awhile	片刻	adv.	dual-source	toefl	toefl	yes	yes	no	yes	no	yes	pian ke	234	7422	moment [n.]	adv. 片刻, 一会儿	yes
detritus	碎石	n.	dual-source	toefl	toefl	yes	yes	no	yes	yes	yes	sui shi	233	18523	gravel [n.]	n. 碎石\n[医] 腐质, 碎屑	yes
personage	名士	n.	dual-source	tem8	tem8	yes	yes	no	yes	yes	yes	ming shi	233	19862	celebrity [n.]	n. 重要人士, 显要, 名士, 人物, 角色	yes
singleton	独身	n.	dual-source	toefl	toefl	yes	yes	no	yes	yes	yes	du shen	232	27692	single [n.]	n. 一个, 独生子, 独身	yes
tantrum	发怒	n.	dual-source	tem8	tem8	yes	yes	no	yes	no	yes	fa nu	231	12534	get angry [v.]	n. 发脾气, 发怒\n[医] 暴怒, 发脾气	yes
huff	发怒	n.	dual-source	tem8	tem8	yes	yes	no	yes	no	yes	fa nu	231	14754	get angry [v.]	vt. 激怒, 发怒, 提高价格, 吹胀\nvi. 吹气, 恫吓, 发怒\nn. 发怒	yes
indulgence	沉溺	n.	dual-source	tem8	tem8	yes	yes	no	yes	no	yes	chen ni	230	12489	indulge [v.] | wallow [v.]	n. 沉溺, 放纵, 嗜好\n[法] 宽容, 纵容, 赎罪券	yes
vigil	守夜	n.	dual-source	tem8	tem8	yes	yes	no	yes	no	yes	shou ye	226	10146	keep vigil [v.]	n. 警戒, 监视, 守夜\n[医] 不眠, 警醒	yes
resale	转售	n.	dual-source	toefl	toefl	yes	yes	no	yes	no	yes	zhuan shou	222	16743	resell [v.]	n. 再贩卖, 转售\n[经] 再卖, 转卖	yes
abut	邻接	v.	dual-source	toefl	toefl	yes	yes	no	yes	yes	yes	lin jie	217	18235	adjacent [v.]	v. 邻接, 毗邻	yes
sturdiness	强健	n.	dual-source	toefl	toefl	yes	yes	no	yes	no	yes	qiang jian	215	32603	strong [adj.] | robust [adj.]	n. 强健, 坚固, 强壮	yes
inquest	讯问	n.	dual-source	tem8	tem8	yes	yes	no	yes	no	yes	xun wen	213	23865	interrogate [v.] | question [v.]	n. 审讯, 讯问, 验尸\n[医] 验尸	yes
cudgel	棍棒	n.	dual-source	tem8	tem8	yes	yes	no	yes	yes	yes	gun bang	213	31492	stick [n.]	n. 棍棒\nvt. 用棍棒打	yes
stencil	模版	n.	dual-source	toefl	toefl	yes	yes	no	yes	yes	yes	mo ban	212	20471	template [n.]	n. 模版, 蜡纸\nvt. 用蜡纸印, 用模版印刷	yes
crinkle	波纹	n.	dual-source	tem8	tem8	yes	yes	no	yes	yes	yes	bo wen	210	18991	ripple [n.]	n. 皱, 波纹\nvt. 使皱, 使缩, 起皱\nvi. 皱, 拳曲	yes
haulage	拖曳	n.	dual-source	tem8	tem8	yes	yes	no	yes	no	yes	tuo ye	210	46531	tow [v.]	n. 拖曳, 运费, 牵引量\n[经] 公路运输, 拖运费	yes
shyness	胆怯	n.	dual-source	toefl	toefl	yes	yes	no	yes	no	yes	dan qie	209	14749	timid [adj.]	n. 羞怯, 胆怯	yes
hackle	梳理	v.	dual-source	tem8	tem8	yes	yes	no	yes	yes	yes	shu li	209	22483	comb [v.]	vt. 梳理, 乱砍\nn. 锯齿形裂痕, 针排, 颈羽	yes
dope	笨蛋	n.	dual-source	tem8	tem8	yes	yes	no	yes	yes	yes	ben dan	208	10180	fool [n.]	n. 吸毒者, 笨蛋, 麻醉药物, 粘稠物\nvt. 麻痹, 上涂料, 预测出\nvi. 吸毒	yes
whack	重击	n.	dual-source	tem8	tem8	yes	yes	no	yes	no	yes	zhong ji	205	11376	hit hard [v.]	vt. 猛击, 重打, 削减\nvi. 重击\nn. 重击, 重打	yes
smite	重击	v.	dual-source	toefl	toefl	yes	yes	no	yes	yes	yes	zhong ji	205	14488	hit hard [v.]	vt. 重击, 打, 击败, 毁灭, 侵袭, 打动\nvi. 重击, 打\nn. 重击, 打	yes
rampage	狂暴	v.	dual-source	tem8	tem8	yes	yes	no	yes	no	yes	kuang bao	205	14994	violent [adj.] | furious [adj.]	n. 乱闹, 乱冲, 暴跳\nvi. 乱闹, 狂暴	yes
repentance	悔改	n.	dual-source	tem8	tem8	yes	yes	no	yes	no	yes	hui gai	205	17103	repent [v.]	n. 后悔, 悔改\n[法] 悔改, 悔悟, 后悔	yes
pockmark	麻子	n.	dual-source	tem8	tem8	yes	yes	no	yes	yes	yes	ma zi	205	25576	pockmarks [n.]	n. 痘疮, 麻子\n[医] 量袋器	yes
surgical	外科手术	n.	dual-source	tem8	tem8	yes	yes	no	yes	yes	yes	wai ke shou shu	204	5305	surgery [n.]	a. 外科的, 外科医生的, 手术上的\nn. 外科病例, 外科病房, 外科手术	yes
dispenser	药剂师	n.	dual-source	ielts	ielts	yes	yes	no	yes	yes	yes	yao ji shi	203	15903	pharmacist [n.]	n. 分配者, 药剂师, 配药员, 分配器\n[医] 调剂员	yes
foreknowledge	先见之明	n.	dual-source	tem8	tem8	yes	yes	no	yes	yes	yes	xian jian zhi ming	203	30999	foresight [n.]	n. 预知, 先见之明	yes
buff	擦亮	v.	dual-source	tem8	tem8	yes	yes	no	yes	yes	yes	ca liang	202	12249	polish [v.] | shine [v.]	n. 暗黄色, 暗黄色皮革, 人的皮肤\nvt. 擦亮, 使柔软\na. 暗黄色的	yes
dialectic	辩证法	n.	dual-source	tem8	tem8	yes	yes	no	yes	yes	yes	bian zheng fa	200	13710	dialectics [n.]	a. 辩证的, 辩证法的\nn. 辩证法, 逻辑论证	yes
equinox	春分	n.	dual-source	tem8	tem8	yes	yes	no	yes	yes	yes	chun fen	200	22684	spring equinox [n.]	n. 昼夜平分点, 春分, 秋分	yes
harangue	长篇大论	n.	dual-source	tem8	tem8	yes	yes	no	yes	yes	yes	chang pian da lun	200	24121	long-winded speech [n.]	n. 演讲, 热烈讨论, 长篇大论, 夸夸其谈\nvt. 向...夸夸其谈地讲话	yes
sufferance	默许	n.	dual-source	tem8	tem8	yes	yes	no	yes	no	yes	mo xu	200	34519	tacitly consent [v.]	n. 容许, 默认, 默许\n[法] 容许, 容忍	yes
ardour	情欲	n.	dual-source	tem8	tem8	yes	yes	no	yes	yes	yes	qing yu	199	999999	lust [n.] | passion [n.]	n. 热忱, 热情, 情欲, 激情, 灼热	yes
reprove	责骂	v.	dual-source	tem8	tem8	yes	yes	no	yes	yes	yes	ze ma	198	31172	scold [v.]	vt. 责备, 责骂, 非难\n[法] 共和国, 共和政体, 社团; 责骂, 谴责, 指责	yes
headphones	听筒	n.	dual-source	tem8	tem8	yes	yes	no	yes	yes	yes	ting tong	198	999999	receiver [n.]	n. 听筒；耳机；头戴式受话器（headphone的复数形式）	yes
beau	花花公子	n.	dual-source	toefl	toefl	yes	yes	no	yes	yes	yes	hua hua gong zi	192	15030	playboy [n.]	n. 花花公子, 情郎, 求爱者	yes
lynch	私刑	n.	dual-source	tem8	tem8	yes	yes	no	yes	yes	yes	si xing	188	17761	lynching [n.]	n. 私刑, 私罚\nvt. 处以私刑处死, 加私刑	yes
garb	装束	n.	dual-source	toefl	toefl	yes	yes	no	yes	yes	yes	zhuang shu	186	13405	costume [n.]	n. 打扮, 装束\nvt. 打扮, 穿衣	yes
dugout	独木舟	n.	dual-source	toefl	toefl	yes	yes	no	yes	yes	yes	du mu zhou	182	11071	canoe [n.]	n. 防空壕, 独木舟	yes
transposition	调换	n.	dual-source	tem8	tem8	yes	yes	no	yes	no	yes	diao huan	182	24963	exchange [v.] | swap [v.]	n. 调换, 换位, 移项\n[化] 转座	yes
cate	佳肴	n.	dual-source	toefl	toefl	yes	yes	no	yes	yes	yes	jia yao	181	999999	delicacy [n.]	n. 佳肴, 美食	yes
hangman	刽子手	n.	dual-source	tem8	tem8	yes	yes	no	yes	yes	yes	gui zi shou	180	24182	executioner [n.]	n. 绞刑吏, 刽子手\n[法] 执行绞刑者	yes
apportionment	分摊	n.	dual-source	toefl	toefl	yes	yes	no	yes	no	yes	fen tan	180	29796	share [v.] | apportion [v.]	n. 分配, 分摊, 分派\n[经] 分派, 分配, 分摊	yes
dexterity	灵巧	n.	dual-source	tem8	tem8	yes	yes	no	yes	no	yes	ling qiao	179	18973	dexterous [adj.] | skillful [adj.]	n. 灵巧, 机敏	yes
operative	技工	n.	dual-source	tem8	tem8	yes	yes	no	yes	yes	yes	ji gong	176	10270	technician [n.]	a. 动作的, 运转的, 有效的, 关键的, 手术的\nn. 技工, 侦探	yes
decoy	诱骗	n.	dual-source	tem8	tem8	yes	yes	no	yes	no	yes	you pian	173	10810	lure [v.] | deceive [v.]	n. 圈套, 诱骗\nvt. 诱骗	yes
decoy	诱骗	v.	dual-source	tem8	tem8	yes	yes	no	yes	yes	yes	you pian	173	10810	lure [v.] | deceive [v.]	n. 圈套, 诱骗\nvt. 诱骗	yes
firebrand	火把	n.	dual-source	tem8	tem8	yes	yes	no	yes	yes	yes	huo ba	173	24190	torch [n.]	n. 火把, 在燃烧的木柴, 煽动叛乱者	yes
umpire	裁判员	n.	dual-source	tem8	tem8	yes	yes	no	yes	yes	yes	cai pan yuan	170	9861	referee [n.] | judge [n.]	n. 裁判员, 仲裁人\nvt. 对...进行仲裁, 当...的裁判\nvi. 当裁判	yes
harshness	刺耳	n.	dual-source	toefl	toefl	yes	yes	no	yes	no	yes	ci er	170	20513	harsh [adj.] | grating [adj.]	n. 粗糙事物, 刺耳, 严肃	yes
pinhead	针头	n.	dual-source	toefl	toefl	yes	yes	no	yes	yes	yes	zhen tou	169	20666	needle [n.]	n. 针头, 小东西, 微不足道的东西	yes
steamboat	汽船	n.	dual-source	toefl	toefl	yes	yes	no	yes	yes	yes	qi chuan	168	19755	steamship [n.]	n. 汽船, 轮船	yes
straggle	掉队	v.	dual-source	tem8	tem8	yes	yes	no	yes	yes	yes	diao dui	167	20279	fall behind [v.]	vi. 掉队, 落伍, 蔓延, 散乱\nn. 低空扫射	yes
floodgate	水闸	n.	dual-source	tem8	tem8	yes	yes	no	yes	yes	yes	shui zha	166	21192	sluice gate [n.]	n. 水门, 水闸, 防潮水闸	yes
bloodstream	血流	n.	dual-source	toefl	toefl	yes	yes	no	yes	yes	yes	xue liu	165	13026	blood flow [n.]	n. 血流	yes
dependant	家眷	n.	dual-source	tem8	tem8	yes	yes	no	yes	yes	yes	jia juan	165	36947	family members [n.]	n. 家眷, 侍从, 食客\n[法] 受赡养人, 家庭负担	yes
freshly	新近	adv.	dual-source	toefl	toefl	yes	yes	no	yes	yes	yes	xin jin	154	5346	recently [adv.]	adv. 新, 新近, 精神饱满	yes
disarmament	裁军	n.	dual-source	tem8	tem8	yes	yes	no	yes	no	yes	cai jun	154	11533	disarm [v.]	n. 裁军\n[法] 裁军, 解除军备	yes
ruckus	喧闹	n.	dual-source	tem8	tem8	yes	yes	no	yes	no	yes	xuan nao	154	19870	noisy [adj.]	n. 喧闹, 骚动	yes
hobbyhorse	竹马	n.	dual-source	tem8	tem8	yes	yes	no	yes	yes	yes	zhu ma	154	999999	bamboo horse [n.]	n. 摇动木马, 竹马, 反复讲的话题, 老调重弹	yes
indecision	优柔寡断	n.	dual-source	tem8	tem8	yes	yes	no	yes	no	yes	you rou gua duan	151	17586	irresolute [phr.]	n. 优柔寡断\n[医] 决定不能	yes
imbecility	低能	n.	dual-source	tem8	tem8	yes	yes	no	yes	no	yes	di neng	151	38730	low intelligence [adj.]	n. 低能, 愚钝, 愚蠢言行\n[医] 痴愚, 愚钝	yes
roundup	综述	n.	dual-source	tem8	tem8	yes	yes	no	yes	yes	yes	zong shu	150	14899	overview [n.]	n. 驱集, 集拢, 综述	yes
impend	迫近	v.	dual-source	toefl	toefl	yes	yes	no	yes	yes	yes	po jin	150	999999	approach [v.]	vi. 迫近, 威胁, 悬挂	yes
leach	过滤器	n.	dual-source	toefl	toefl	yes	yes	no	yes	yes	yes	guo lv qi	148	14435	filter [n.]	vt. 过滤, 萃取\nvi. 滤掉\nn. 过滤, 过滤器, 沥出物	yes
accumulation	积聚	n.	dual-source	toefl	toefl	yes	yes	no	yes	no	yes	ji ju	146	8460	accumulate [v.]	n. 积聚, 累积, 积聚物\n[医] 蓄积, 累积	yes
imbecility	愚钝	n.	dual-source	tem8	tem8	yes	yes	no	yes	no	yes	yu dun	143	38730	stupid [adj.]	n. 低能, 愚钝, 愚蠢言行\n[医] 痴愚, 愚钝	yes
hanger	挂钩	n.	dual-source	tem8	tem8	yes	yes	no	yes	no	yes	gua gou	140	11096	link [v.]	n. 挂钩, 吊架, 衣架, 挂衣钩\n[经] (挂在店内的)广告牌	yes
disillusionment	幻灭	n.	dual-source	ielts	ielts	yes	yes	no	yes	no	yes	huan mie	138	16012	disillusion [v.]	n. 幻灭,觉醒	yes
festivity	欢庆	n.	dual-source	tem8	tem8	yes	yes	no	yes	no	yes	huan qing	137	10252	celebrate [v.]	n. 节日, 喜庆日, 欢宴, 欢庆	yes
wiggle	扭动	n.	dual-source	tem8	tem8	yes	yes	no	yes	no	yes	niu dong	136	10667	twist [v.] | wriggle [v.]	v. 扭动着行进, 摆动\nn. 扭动, 摆动	yes
domineer	跋扈	v.	dual-source	tem8	tem8	yes	yes	no	yes	no	yes	ba hu	136	27198	domineering [adj.] | arrogant [adj.]	vi. 跋扈, 作威作福\nvt. 盛气凌人	yes
rocker	摇杆	n.	dual-source	tem8	tem8	yes	yes	no	yes	yes	yes	yao gan	134	9154	joystick [n.] | lever [n.]	n. 摇的人, 摇杆\n[电] 摇杆	yes
coloration	着色	n.	dual-source	toefl	toefl	yes	yes	no	yes	no	yes	zhuo se	134	19029	color [v.]	n. 着色, 特色, 色彩, 天然颜色	yes
sagacity	聪敏	n.	dual-source	tem8	tem8	yes	yes	no	yes	no	yes	cong min	129	35237	intelligent [adj.]	n. 睿智, 聪敏	yes
sanguine	血染	v.	dual-source	tem8	tem8	yes	yes	no	yes	yes	yes	xue ran	128	16915	bloodstain [v.]	a. 血红色的, 满怀希望的, 乐观的\nn. 血红色, 红粉笔\nvt. 用血沾污, 血染	yes
barrow	手推车	n.	dual-source	tem8	tem8	yes	yes	no	yes	yes	yes	shou tui che	126	25741	handcart [n.]	n. 搬运架, 手推车, 古墓\n[机] 矿皮, 弃矿	yes
mockery	嘲弄	n.	dual-source	tem8	tem8	yes	yes	no	yes	no	yes	chao nong	124	13874	mock [v.] | ridicule [v.]	n. 嘲弄, 笑柄, 歪曲	yes
verve	气魄	n.	dual-source	tem8	tem8	yes	yes	no	yes	yes	yes	qi po	124	21644	boldness [n.]	n. 热情, 气魄, 神韵, 活力	yes
gambit	开场白	n.	dual-source	tem8	tem8	yes	yes	no	yes	yes	yes	kai chang bai	121	18520	opening remarks [n.]	n. 以取得优势的开局棋法, 开场白, 话题	yes
ado	纷扰	n.	dual-source	tem8	tem8	yes	yes	no	yes	yes	yes	fen rao	121	22859	turmoil [n.]	n. 纷扰, 忙乱, 麻烦	yes
ardour	灼热	n.	dual-source	tem8	tem8	yes	yes	no	yes	no	yes	zhuo re	121	999999	scorching [adj.]	n. 热忱, 热情, 情欲, 激情, 灼热	yes
covert	树丛	n.	dual-source	tem8	tem8	yes	yes	no	yes	yes	yes	shu cong	115	8772	grove [n.]	a. 隐蔽的, 偷偷摸摸的, 隐密的\nn. 树丛, 隐藏处	yes
heirloom	传家宝	n.	dual-source	tem8	tem8	yes	yes	no	yes	yes	yes	chuan jia bao	114	13144	family heirloom [n.]	n. 传家宝, 动产继承物\n[法] 祖传动产, 传家宝	yes
hoarding	贮藏	n.	dual-source	tem8	tem8	yes	yes	no	yes	no	yes	zhu cang	114	30749	store [v.] | preserve [v.]	n. 贮藏, 积蓄, 囤积, 临时围墙\n[经] 囤积	yes
amazement	惊异	n.	dual-source	toefl	toefl	yes	yes	no	yes	no	yes	jing yi	110	9329	astonished [adj.]	n. 惊愕, 惊异	yes
extrusion	挤出	n.	dual-source	ielts	ielts	yes	yes	no	yes	no	yes	ji chu	110	27531	squeeze out [v.]	n. 挤出, 推出, 赶出\n[化] 挤出; 挤塑; 压出	yes
revulsion	剧变	n.	dual-source	tem8	tem8	yes	yes	no	yes	yes	yes	ju bian	109	15759	drastic change [n.]	n. 剧变, 厌恶, 强烈反感\n[医] 诱导法	yes
cheapen	减价	v.	dual-source	toefl	toefl	yes	yes	no	yes	yes	yes	jian jia	109	24988	reduce price [v.]	v. 减价, 跌价	yes
caprice	反复无常	n.	dual-source	tem8	tem8	yes	yes	no	yes	no	yes	fan fu wu chang	109	26827	capricious [phr.]	n. 反复无常, 多变, 任性	yes
abruptness	唐突	n.	dual-source	toefl	toefl	yes	yes	no	yes	no	yes	tang tu	105	31961	abrupt [adj.] | sudden [adj.]	n. 突然, 唐突	yes
duplicity	表里不一	n.	dual-source	tem8	tem8	yes	yes	no	yes	no	yes	biao li bu yi	104	21039	two-faced [phr.]	n. 口是心非, 不诚实, 表里不一\n[医] 并胚, 双畸胎, 联胎	yes
pollination	授粉	n.	dual-source	toefl	toefl	yes	yes	no	yes	no	yes	shou fen	104	21260	pollinate [v.]	n. 授粉\n[医] 授粉[作用], 传粉[作用]	yes
sighting	照准	n.	dual-source	tem8	tem8	yes	yes	no	yes	no	yes	zhao zhun	103	9075	approve [v.]	n. 照准；瞄准；视线	yes
aggravation	恼怒	n.	dual-source	ielts	ielts	yes	yes	no	yes	no	yes	nao nu	102	20228	angry [adj.]	n. 恶化, 加重, 恼怒\n[法] 加重, 严重	yes
vexation	恼怒	n.	dual-source	tem8	tem8	yes	yes	no	yes	no	yes	nao nu	102	28931	angry [adj.]	n. 恼怒, 烦恼, 令人恼火的事情\n[法] 招人烦恼的事物, 烦恼, 苦闷	yes
confection	蜜饯	n.	dual-source	tem8	tem8	yes	yes	no	yes	yes	yes	mi jian	100	19184	candied fruit [n.]	n. 糖果, 蜜饯\n[医] 糖膏(剂)	yes
orgy	放荡	n.	dual-source	tem8	tem8	yes	yes	no	yes	no	yes	fang dang	99	15880	dissolute [adj.]	n. 无节制, 狂欢, 纵酒宴乐, 放荡	yes
rampart	壁垒	n.	dual-source	tem8	tem8	yes	yes	no	yes	yes	yes	bi lei	98	19772	barrier [n.]	n. 垒, 壁垒, 防御土墙\nvt. 用壁垒围绕, 防卫, 守卫	yes
con	精读	v.	dual-source	tem8	tem8	yes	yes	no	yes	yes	yes	jing du	97	5617	intensive reading [v.]	vt. 精读, 仔细研究, 默记\nadv. 反面地, 从反面\na. 欺诈的\nn. 反对者, 反对票, 肺结核\n[计] 控制台	yes
teeter	摇摇欲坠	v.	dual-source	tem8	tem8	yes	yes	no	yes	no	yes	yao yao yu zhui	94	11462	tottering [phr.]	vi. 步履不稳地走动, 踉跄, 摇晃, 摇摆不定, 摇摇欲坠, 玩跷跷板\nn. 踉跄, 摇摆, 跷跷板	yes
cackle	喋喋不休	v.	dual-source	tem8	tem8	yes	yes	no	yes	no	yes	die die bu xiu	94	18985	talk endlessly [phr.]	n. 咯咯声, 高笑声, 饶舌, 闲谈\nvi. 咯咯地叫, 咯咯地笑, 喋喋不休	yes
stupor	麻木	n.	dual-source	tem8	tem8	yes	yes	no	yes	no	yes	ma mu	94	19814	numb [adj.]	n. 无感觉, 人事不省, 麻木\n[医] 木僵, 昏呆	yes
chink	裂口	n.	dual-source	ielts	ielts	yes	yes	no	yes	yes	yes	lie kou	94	22752	crack [n.]	n. 裂口, 裂缝, 弱点, 叮当声\nvt. 使叮当响\nvi. 堵裂缝, 叮当响	yes
torpor	麻木	n.	dual-source	toefl	toefl	yes	yes	no	yes	no	yes	ma mu	94	27731	numb [adj.]	n. 麻木, 无感觉, 迟钝\n[医] 迟钝, 不活泼	yes
anaesthesia	麻木	n.	dual-source	tem8	tem8	yes	yes	no	yes	no	yes	ma mu	94	32031	numb [adj.]	n. 麻木, 麻醉\n[医] 感觉缺失, 麻木, 麻醉[法]	yes
forecourt	前院	n.	dual-source	tem8	tem8	yes	yes	no	yes	yes	yes	qian yuan	93	34400	front yard [n.]	n. 前院	yes
hangings	门帘	n.	dual-source	tem8	tem8	yes	yes	no	yes	yes	yes	men lian	93	999999	door curtain [n.]	n. 门帘；脚手架；帘布（hanging的复数）	yes
verdure	碧绿	n.	dual-source	tem8	tem8	yes	yes	no	yes	no	yes	bi lv	91	40395	emerald green [adj.]	n. 翠绿, 新绿, 碧绿, 精力旺盛, 新鲜	yes
alertness	机敏	n.	dual-source	toefl	toefl	yes	yes	no	yes	no	yes	ji min	90	18261	alert [adj.] | quick-witted [adj.]	n. 警戒, 机敏	yes
dexterity	机敏	n.	dual-source	tem8	tem8	yes	yes	no	yes	no	yes	ji min	90	18973	alert [adj.] | quick-witted [adj.]	n. 灵巧, 机敏	yes
domestication	驯养	n.	dual-source	toefl	toefl	yes	yes	no	yes	no	yes	xun yang	90	24398	domesticate [v.]	n. 驯养, 教化	yes
tactician	谋士	n.	dual-source	tem8	tem8	yes	yes	no	yes	yes	yes	mou shi	90	25733	strategist [n.]	n. 战术家, 谋士	yes
equinox	秋分	n.	dual-source	tem8	tem8	yes	yes	no	yes	yes	yes	qiu fen	89	22684	autumnal equinox [n.]	n. 昼夜平分点, 春分, 秋分	yes
hemline	底边	n.	dual-source	tem8	tem8	yes	yes	no	yes	yes	yes	di bian	87	25555	base [n.]	n. 底缘, 底边	yes
hector	愚弄	v.	dual-source	tem8	tem8	yes	yes	no	yes	yes	yes	yu nong	87	41855	fool [v.] | deceive [v.]	n. 威吓者, 虚张声势的人\nvt.vi. 说大话, 吓唬, 折磨, 愚弄	yes
nervousness	神经质	n.	dual-source	tem4	tem4	yes	yes	no	yes	no	yes	shen jing zhi	86	13680	neurotic [adj.]	n. 神经, 神经元, 易激动, 紧张不安, 神经过敏, 神经质, 担忧, 害怕, 简练, 刚劲\n[医] 神经过敏	yes
coffer	保险箱	n.	dual-source	ielts	ielts	yes	yes	no	yes	yes	yes	bao xian xiang	84	13651	safe [n.]	n. 保险箱, 金库\nvt. 把...锁进箱子	yes
typography	排印	n.	dual-source	tem8	tem8	yes	yes	no	yes	no	yes	pai yin	84	31502	typeset and print [v.]	n. 凸版印刷术, 排印, 印刷版面式样	yes
intercession	说情	n.	dual-source	tem8	tem8	yes	yes	no	yes	no	yes	shuo qing	82	24367	plead for [v.]	n. 仲裁, 调解, 说情\n[法] 仲裁, 调解, 说情	yes
humbug	哄骗	v.	dual-source	tem8	tem8	yes	yes	no	yes	yes	yes	hong pian	81	27711	deceive [v.]	vt. 欺骗, 哄骗\nvi. 行骗\nn. 骗子, 欺骗, 欺诈	yes
denizen	外来语	n.	dual-source	tem8	tem8	yes	yes	no	yes	yes	yes	wai lai yu	77	17602	loanword [n.]	n. 居民, 外籍居民, 外来语\nvt. 给...居住权, 移植	yes
lunacy	精神失常	n.	dual-source	tem8	tem8	yes	yes	no	yes	no	yes	jing shen shi chang	77	21590	mental disorder [phr.]	n. 精神失常, 精神病, 疯狂愚蠢的行为\n[医] 精神错乱(精神病的旧名)	yes
mongrel	杂种	n.	dual-source	tem8	tem8	yes	yes	no	yes	yes	yes	za zhong	77	24348	hybrid [n.]	n. 杂种, 杂种狗, 混血儿\na. 杂种的, 混血儿的	yes
amazement	惊愕	n.	dual-source	toefl	toefl	yes	yes	no	yes	no	yes	jing e	75	9329	astonished [adj.] | stunned [adj.]	n. 惊愕, 惊异	yes
shoddy	赝品	n.	dual-source	tem8	tem8	yes	yes	no	yes	yes	yes	yan pin	75	17067	fake [n.]	a. 用长弹毛做的, 以次充好的\nn. 长弹毛, 软再生毛, 赝品	yes
craftspeople	手艺人	n.	dual-source	toefl	toefl	yes	yes	no	yes	yes	yes	shou yi ren	75	999999	craftsman [n.]	n. 工匠；手艺人；工艺师	yes
somebody	大人物	n.	dual-source	tem8	tem8	yes	yes	no	yes	yes	yes	da ren wu	73	1000	big shot [n.]	n. 了不起的人, 大人物\npron. 有人, 某人	yes
epigram	警句	n.	dual-source	tem8	tem8	yes	yes	no	yes	yes	yes	jing ju	73	36427	aphorism [n.]	n. 警句, 讽刺短诗	yes
fertilization	施肥	n.	dual-source	toefl	toefl	yes	yes	no	yes	no	yes	shi fei	72	13121	fertilize [v.]	n. 使肥沃, 土地肥沃法, 施肥\n[医] 受精, 授精	yes
muck	施肥	v.	dual-source	tem8	tem8	yes	yes	no	yes	yes	yes	shi fei	72	13224	fertilize [v.]	n. 垃圾, 肥料\nvt. 施肥, 弄脏, 弄糟\nvi. 搬运矸石	yes
yeoman	自由民	n.	dual-source	tem8	tem8	yes	yes	no	yes	yes	yes	zi you min	72	25671	freeman [n.]	n. 自由民, 自耕农\n[法] 小地主, 自耕农, 自由民	yes
hotplate	电炉	n.	dual-source	tem8	tem8	yes	yes	no	yes	yes	yes	dian lu	72	41904	electric stove [n.]	n. 电炉	yes
fudge	粗制滥造	v.	dual-source	tem8	tem8	yes	yes	no	yes	no	yes	cu zhi lan zao	71	14638	crudely made [phr.]	n. 虚构的故事, 谎言, 胡说\ninterj. 胡说八道\nvi. 蒙混, 做傻事\nvt. 粗制滥造, 捏造, 逃避职责	yes
trounce	痛打	v.	dual-source	tem8	tem8	yes	yes	no	yes	yes	yes	tong da	71	22006	beat severely [v.]	vt. 痛打, 严惩	yes
brash	骤雨	n.	dual-source	tem8	tem8	yes	yes	no	yes	yes	yes	zhou yu	70	13535	shower [n.] | sudden rain [n.]	a. 性急的, 仓促的, 无礼的, 傲慢的\nn. 胃灼热, 骤雨, 碎石堆	yes
booze	酒宴	n.	dual-source	tem8	tem8	yes	yes	no	yes	yes	yes	jiu yan	66	11048	banquet [n.]	vi. 豪饮\nn. 酒, 酒宴	yes
logger	樵夫	n.	dual-source	toefl	toefl	yes	yes	no	yes	yes	yes	qiao fu	66	12619	woodcutter [n.]	n. 樵夫, 圆木装车机\n[计] 记录器; 注册器; 登记器	yes
sloth	怠惰	n.	dual-source	toefl	toefl	yes	yes	no	yes	no	yes	dai duo	65	19039	lazy [adj.]	n. 怠惰, 懒惰	yes
eyewash	无稽之谈	n.	dual-source	tem8	tem8	yes	yes	no	yes	no	yes	wu ji zhi tan	65	999999	nonsense [phr.]	n. 洗眼水, 无稽之谈, 骗局\n[医] 洗眼药水(洗眼剂)	yes
fag	苦工	n.	dual-source	tem8	tem8	yes	yes	no	yes	yes	yes	ku gong	62	20870	hard labor [n.]	n. 吃力的工作, 苦工\nvi. 努力地工作\nvt. 使劳累	yes
hothouse	温床	n.	dual-source	tem8	tem8	yes	yes	no	yes	yes	yes	wen chuang	62	23071	hotbed [n.]	n. 温室, 温床, 浴室	yes
niggle	吹毛求疵	v.	dual-source	ielts	ielts	yes	yes	no	yes	no	yes	chui mao qiu ci	62	999999	find fault [phr.]	vi. 闲混, 为琐事费时, 吹毛求疵, 拘泥小节\nvt. 玩忽, 小气地给...	yes
mockery	笑柄	n.	dual-source	tem8	tem8	yes	yes	no	yes	yes	yes	xiao bing	61	13874	laughingstock [n.]	n. 嘲弄, 笑柄, 歪曲	yes
complacence	自满	n.	dual-source	toefl	toefl	yes	yes	no	yes	no	yes	zi man	61	45326	self-satisfied [adj.]	n. 满足, 自鸣得意, 自满	yes
hunch	耸肩	v.	dual-source	tem8	tem8	yes	yes	no	yes	yes	yes	song jian	56	9261	shrug [v.]	n. 肉峰, 预感, 大块\nvt. 弯腰驼背, 预感到, 耸肩\nvi. 向前移动, 隆起	yes
undersell	抛售	v.	dual-source	tem8	tem8	yes	yes	no	yes	yes	yes	pao shou	56	39886	sell off [v.]	vt. 以低于市价售出, 抛售\n[经] 廉价出售	yes
emissary	密使	n.	dual-source	tem8	tem8	yes	yes	no	yes	yes	yes	mi shi	55	16487	secret envoy [n.]	n. 密使, 间谍, 使者\na. 充当密使的, 充当间谍的	yes
cackle	闲谈	n.	dual-source	tem8	tem8	yes	yes	no	yes	no	yes	xian tan	55	18985	chat [v.]	n. 咯咯声, 高笑声, 饶舌, 闲谈\nvi. 咯咯地叫, 咯咯地笑, 喋喋不休	yes
signet	图章	n.	dual-source	tem8	tem8	yes	yes	no	yes	yes	yes	tu zhang	54	30603	seal [n.] | stamp [n.]	n. 印, 图章\nvt. 盖章于	yes
communion	恳谈	n.	dual-source	tem8	tem8	yes	yes	no	yes	no	yes	ken tan	53	9720	talk earnestly [v.]	n. 共享, 交流, 恳谈, 宗教教派	yes
floodlight	照明灯	n.	dual-source	tem8	tem8	yes	yes	no	yes	yes	yes	zhao ming deng	53	21032	light [n.]	n. 照明灯, 泛光\nvt. 用泛光灯照亮	yes
heckle	诘问	v.	dual-source	tem8	tem8	yes	yes	no	yes	yes	yes	jie wen	53	23067	interrogate [v.]	vt. 诘问, 以麻梳梳理, 激烈质问\nn. 针排	yes
digression	离题	n.	dual-source	toefl	toefl	yes	yes	no	yes	no	yes	li ti	52	21375	digress [v.]	n. 离题, 扯到枝节上, 偏离	yes
icing	糖衣	n.	dual-source	tem8	tem8	yes	yes	no	yes	yes	yes	tang yi	51	14723	sugar coating [n.]	n. 糖衣, 结冰	yes
maturation	化脓	n.	dual-source	toefl	toefl	yes	yes	no	yes	no	yes	hua nong	51	15645	suppurate [v.]	n. 化脓, 成熟\n[医] 成熟, 化脓	yes
amiability	和蔼可亲	n.	dual-source	tem8	tem8	yes	yes	no	yes	no	yes	he ai ke qin	51	36102	affable [adj.]	n. 和蔼可亲, 友善, 亲切	yes
firedamp	沼气	n.	dual-source	tem8	tem8	yes	yes	no	yes	yes	yes	zhao qi	51	999999	methane [n.]	n. 甲烷, 沼气\n[化] 沼气; 瓦斯; 密封防火墙(采矿)	yes
patter	行话	n.	dual-source	tem8	tem8	yes	yes	no	yes	yes	yes	hang hua	50	19162	jargon [n.]	n. 急速拍打声, 轻快脚步声, 行话, 快板, 饶舌\nvi. 急速地说, 滴答地响, 祷告, 念经, 念顺口溜\nvt. 使发嗒嗒声, 喋喋不休地说	yes
omega	终了	n.	dual-source	tem8	tem8	yes	yes	no	yes	no	yes	zhong liao	50	23100	end [v.] | finish [v.]	n. 希腊字母的最后一个字, 终了, 最后\n[医] ω(希腊文第二十四个字母)	yes
personification	人格化	n.	dual-source	tem8	tem8	yes	yes	no	yes	no	yes	ren ge hua	46	17240	personify [v.]	n. 拟人, 人格化, 拟人法, 化身, 象征	yes
unison	齐唱	n.	dual-source	tem8	tem8	yes	yes	no	yes	no	yes	qi chang	45	9423	sing in unison [v.]	n. 调和, 和谐, 一致, 齐唱, 齐奏\na. 共同做的, 同声的	yes
scowl	愁容	n.	dual-source	toefl	toefl	yes	yes	no	yes	yes	yes	chou rong	45	11097	worried look [n.]	n. 愁容, 阴沉脸色\nvi. 皱眉, 绷着脸\nvt. 怒视	yes
hypnotism	催眠术	n.	dual-source	tem8	tem8	yes	yes	no	yes	yes	yes	cui mian shu	45	39697	hypnosis [n.]	n. 催眠术, 催眠状态\n[医] 催眠状态, 催眠术	yes
hangings	脚手架	n.	dual-source	tem8	tem8	yes	yes	no	yes	yes	yes	jiao shou jia	45	999999	scaffold [n.]	n. 门帘；脚手架；帘布（hanging的复数）	yes
resourcefulness	足智多谋	n.	dual-source	toefl	toefl	yes	yes	no	yes	no	yes	zu zhi duo mou	44	21818	resourceful [phr.]	n. 足智多谋	yes
quina	奎宁	n.	dual-source	toefl	toefl	yes	yes	no	yes	yes	yes	kui ning	44	999999	quinine [n.]	n. 金鸡纳皮, 奎宁\n[医] 金鸡纳皮	yes
uneasiness	局促	n.	dual-source	tem8	tem8	yes	yes	no	yes	no	yes	ju cu	43	16215	narrow [adj.] | ill at ease [adj.]	n. 不舒适, 不安, 局促	yes
sterility	不毛	n.	dual-source	tem8	tem8	yes	yes	no	yes	no	yes	bu mao	43	22153	barren [adj.]	n. 不毛, 不孕, 内容贫乏\n[医] 不育, 不孕; 无菌	yes
ado	忙乱	n.	dual-source	tem8	tem8	yes	yes	no	yes	no	yes	mang luan	43	22859	busy and disorderly [adj.]	n. 纷扰, 忙乱, 麻烦	yes
senility	老态龙钟	n.	dual-source	tem8	tem8	yes	yes	no	yes	no	yes	lao tai long zhong	43	28232	senile [adj.] | decrepit [adj.]	n. 高龄, 老迈, 老态龙钟\n[医] 衰老, 老年	yes
equipped	整装	v.	dual-source	tem4	tem4	yes	yes	no	yes	yes	yes	zheng zhuang	43	999999	pack up [v.]	v. 装备；整装；预备（equip的过去分词）	yes
exaltation	得意洋洋	n.	dual-source	tem8	tem8	yes	yes	no	yes	no	yes	de yi yang yang	40	24131	triumphant [adj.]	n. 提升, 提高, 得意洋洋\n[医] [异常]兴奋, 激越	yes
lade	装货	v.	dual-source	toefl	toefl	yes	yes	no	yes	yes	yes	zhuang huo	40	999999	load cargo [v.]	vt. 装满, 装载\nvi. 装货	yes
compendium	概略	n.	dual-source	ielts	ielts	yes	yes	no	yes	yes	yes	gai lve	39	18189	outline [n.]	n. 纲要, 概略\n[电] 简述	yes
furl	收拢	v.	dual-source	tem8	tem8	yes	yes	no	yes	yes	yes	shou long	39	32885	gather [v.] | collect [v.]	vt. 卷收, 叠, 收拢\nvi. 卷起, 收拢\nn. 卷收, 卷起, 卷起的方式	yes
hobble	蹒跚	v.	dual-source	tem8	tem8	yes	yes	no	yes	no	yes	pan shan	38	11703	staggering [adj.] | tottering [adj.]	vi. 蹒跚\nvt. 使跛行, 阻碍\nn. 跛行	yes
waddle	蹒跚	n.	dual-source	tem8	tem8	yes	yes	no	yes	no	yes	pan shan	38	17765	staggering [adj.] | tottering [adj.]	vi. 摇摇摆摆地走, 蹒跚而行\nn. 蹒跚	yes
totter	蹒跚	v.	dual-source	tem8	tem8	yes	yes	no	yes	no	yes	pan shan	38	20047	staggering [adj.] | tottering [adj.]	vi. 蹒跚, 动摇\nn. 蹒跚的步子	yes
maladministration	弊政	n.	dual-source	tem8	tem8	yes	yes	no	yes	yes	yes	bi zheng	38	999999	bad government [n.]	n. 管理不善, 弊政\n[法] 管理不善, 弊政	yes
nip	冻伤	v.	dual-source	tem8	tem8	yes	yes	no	yes	no	yes	dong shang	37	13918	frostbite [n.]	n. 捏, 夹, 寒冷, 尖刻话\nvt. 捏, 夹, 钳, 剪断, 损伤, 冻伤, 一小口\nvi. 夹, 捏, 刺骨, 快走, 一小口一小口地抿(酒)\n[计] 核心程序的初始程序	yes
cheapen	跌价	v.	dual-source	toefl	toefl	yes	yes	no	yes	yes	yes	die jia	36	24988	fall in price [v.]	v. 减价, 跌价	yes
domineer	作威作福	v.	dual-source	tem8	tem8	yes	yes	no	yes	no	yes	zuo wei zuo fu	35	27198	tyrannize [phr.] | lord it over [phr.]	vi. 跋扈, 作威作福\nvt. 盛气凌人	yes
shyness	羞怯	n.	dual-source	toefl	toefl	yes	yes	no	yes	no	yes	xiu qie	34	14749	shy [adj.]	n. 羞怯, 胆怯	yes
diffidence	羞怯	n.	dual-source	tem8	tem8	yes	yes	no	yes	no	yes	xiu qie	34	30642	shy [adj.]	n. 无自信, 畏缩, 羞怯	yes
beater	搅拌器	n.	dual-source	toefl	toefl	yes	yes	no	yes	yes	yes	jiao ban qi	33	17910	mixer [n.] | stirrer [n.]	n. 打的人, 拍打树丛惊起猎物的人, 搅拌器\n[化] 打浆机	yes
shunt	推延	v.	dual-source	tem8	tem8	yes	yes	no	yes	yes	yes	tui yan	32	18929	postpone [v.]	vt. 使转轨, 使分流, 回避讨论, 推延\nvi. 转向一边, 转轨, 往返\nn. 转轨, 分流	yes
yeoman	自耕农	n.	dual-source	tem8	tem8	yes	yes	no	yes	yes	yes	zi geng nong	30	25671	self-employed farmer [n.]	n. 自由民, 自耕农\n[法] 小地主, 自耕农, 自由民	yes
bylaw	附则	n.	dual-source	toefl	toefl	yes	yes	no	yes	yes	yes	fu ze	29	20181	supplementary provisions [n.]	n. 附则, 细则	yes
reprove	非难	v.	dual-source	tem8	tem8	yes	yes	no	yes	yes	yes	fei nan	26	31172	blame [v.]	vt. 责备, 责骂, 非难\n[法] 共和国, 共和政体, 社团; 责骂, 谴责, 指责	yes
whittle	屠刀	n.	dual-source	toefl	toefl	yes	yes	no	yes	yes	yes	tu dao	25	15062	butcher knife [n.]	vt. 逐渐削薄, 削整, 削弱, 削减\nvi. 削木头\nn. 大刀, 屠刀	yes
condescension	屈尊	n.	dual-source	tem8	tem8	yes	yes	no	yes	no	yes	qu zun	24	19400	condescend [v.] | deign [v.]	n. 屈尊, 傲慢态度	yes
oilskin	油布	n.	dual-source	toefl	toefl	yes	yes	no	yes	yes	yes	you bu	24	36973	oilcloth [n.]	n. 油布, 油布雨衣	yes
booze	豪饮	v.	dual-source	tem8	tem8	yes	yes	no	yes	yes	yes	hao yin	22	11048	drink heavily [v.]	vi. 豪饮\nn. 酒, 酒宴	yes
daffodil	水仙花	n.	dual-source	tem8	tem8	yes	yes	no	yes	yes	yes	shui xian hua	21	17105	narcissus [n.]	n. 水仙花\na. 水仙花色的	yes
hardboard	硬纸板	n.	dual-source	tem8	tem8	yes	yes	no	yes	yes	yes	ying zhi ban	21	36341	cardboard [n.]	n. 硬纸板	yes
greener	生手	n.	dual-source	toefl	toefl	yes	yes	no	yes	yes	yes	sheng shou	20	999999	novice [n.]	n. 生手	yes
stencil	蜡纸	n.	dual-source	toefl	toefl	yes	yes	no	yes	yes	yes	la zhi	19	20471	wax paper [n.]	n. 模版, 蜡纸\nvt. 用蜡纸印, 用模版印刷	yes
festivity	欢宴	n.	dual-source	tem8	tem8	yes	yes	no	yes	yes	yes	huan yan	18	10252	banquet [n.]	n. 节日, 喜庆日, 欢宴, 欢庆	yes
sexuality	性征	n.	dual-source	tem8	tem8	yes	yes	no	yes	yes	yes	xing zheng	17	4763	sex characteristic [n.]	n. 性征, 性行为, 性欲\n[医] 性别, 性欲	yes
extermination	根绝	n.	dual-source	toefl	toefl	yes	yes	no	yes	no	yes	gen jue	17	18574	eradicate [v.]	n. 消灭, 根绝	yes
guzzle	狂饮	v.	dual-source	ielts	ielts	yes	yes	no	yes	yes	yes	kuang yin	16	21455	drink heavily [v.]	v. 狂饮, 暴食, 喝酒化掉(钱)	yes
arbitrate	公断	v.	dual-source	tem8	tem8	yes	yes	no	yes	no	yes	gong duan	16	28357	arbitration [n.]	vt. 仲裁, 公断\nvi. 进行仲裁	yes
rote	死记硬背	n.	dual-source	toefl	toefl	yes	yes	no	yes	no	yes	si ji ying bei	14	16910	rote memorization [phr.]	n. 机械性的背诵, 死记硬背	yes
dresser	碗柜	n.	dual-source	tem8	tem8	yes	yes	no	yes	yes	yes	wan gui	12	8499	cupboard [n.]	n. 化妆台, (剧团)服装师, 碗柜\n[医] 敷裹员	yes
sidle	挨近	n.	dual-source	tem8	tem8	yes	yes	no	yes	no	yes	ai jin	12	17493	approach [v.] | get close [v.]	v. 横着走, 悄悄贴近, 侧身而行\nn. 侧走, 挨近	yes
shunt	转轨	n.	dual-source	tem8	tem8	yes	yes	no	yes	no	yes	zhuan gui	12	18929	switch tracks [v.] | change course [v.]	vt. 使转轨, 使分流, 回避讨论, 推延\nvi. 转向一边, 转轨, 往返\nn. 转轨, 分流	yes
surrogate	代用品	n.	dual-source	tem8	tem8	yes	yes	no	yes	yes	yes	dai yong pin	10	8901	substitute [n.]	n. 替代者, 代用品\nvt. 代理, 替代	yes
silage	青贮	v.	dual-source	tem8	tem8	yes	yes	no	yes	yes	yes	qing zhu	9	33767	ensile [v.]	n. 青贮饲料\nvt. 青贮	yes
woollen	毛织品	n.	dual-source	tem8	tem8	yes	yes	no	yes	yes	yes	mao zhi pin	9	41582	woolen fabric [n.]	n. 毛织品\na. 羊毛制的	yes
rampage	暴跳	n.	dual-source	tem8	tem8	yes	yes	no	yes	no	yes	bao tiao	8	14994	stamp [v.] | rage [v.]	n. 乱闹, 乱冲, 暴跳\nvi. 乱闹, 狂暴	yes
con	默记	v.	dual-source	tem8	tem8	yes	yes	no	yes	yes	yes	mo ji	6	5617	memorize silently [v.]	vt. 精读, 仔细研究, 默记\nadv. 反面地, 从反面\na. 欺诈的\nn. 反对者, 反对票, 肺结核\n[计] 控制台	yes
hobnail	乡下佬	n.	dual-source	tem8	tem8	yes	yes	no	yes	yes	yes	xiang xia lao	6	999999	country bumpkin [n.]	n. 鞋钉, 乡下佬	yes
headlamp	桅灯	n.	dual-source	tem8	tem8	yes	yes	no	yes	yes	yes	wei deng	4	20443	mast lamp [n.]	n. (汽车的)前灯, (矿工头上的)照明灯, 桅灯	yes
smoulder	郁积	v.	dual-source	tem8	tem8	yes	yes	no	yes	yes	yes	yu ji	4	41315	accumulate [v.] | pent up [v.]	vi. 闷烧, 郁积\nn. 闷烧	yes
behalf	方面	n.	ecdict-only	tem4,tem8,toefl,ielts		yes	no	no	yes	yes	yes	fang mian	29833	4434	aspect [n.] | field [n.]	n. 利益, 方面	yes
misgiving	害怕	n.	ecdict-only	tem4,tem8,toefl,ielts		yes	no	no	yes	no	yes	hai pa	20117	13315	fear [v.] | be afraid [v.]	n. 疑虑, 不安, 害怕, 担扰, 疑惧	yes
exclusively	专门	adv.	ecdict-only	tem4,tem8,toefl,ielts		yes	no	no	yes	yes	yes	zhuan men	12361	4489	specially [adv.]	adv. 排他地, 仅仅, 专门, 只, 仅, 唯一地, 专有地	yes
sicken	生病	v.	ecdict-only	tem4,tem8,toefl,ielts		yes	no	no	yes	yes	yes	sheng bing	10524	17670	get sick [v.]	vt. 患病, 使厌倦, 使恶心\nvi. 生病, 作呕	yes
supportive	鼓励	adj.	ecdict-only	tem4,tem8,toefl,ielts		yes	no	no	yes	no	yes	gu li	10430	4522	encourage [v.]	a. 支撑, 支承, 资助, 赞助, 支援, 经受, 忍受, 扶养, 证实, 鼓励, 维持, 伴奏	yes
glamour	魔法	n.	ecdict-only	tem4,tem8,toefl,ielts		yes	no	no	yes	yes	yes	mo fa	9311	8154	magic [n.]	n. 魅力, 迷人的美, 魔法\nvt. 迷惑	yes
supportive	维持	adj.	ecdict-only	tem4,tem8,toefl,ielts		yes	no	no	yes	no	yes	wei chi	8546	4522	maintain [v.] | sustain [v.]	a. 支撑, 支承, 资助, 赞助, 支援, 经受, 忍受, 扶养, 证实, 鼓励, 维持, 伴奏	yes
supportive	支援	adj.	ecdict-only	tem4,tem8,toefl,ielts		yes	no	no	yes	no	yes	zhi yuan	8473	4522	support [v.]	a. 支撑, 支承, 资助, 赞助, 支援, 经受, 忍受, 扶养, 证实, 鼓励, 维持, 伴奏	yes
poise	安静	n.	ecdict-only	tem4,tem8,toefl,ielts		yes	no	no	yes	no	yes	an jing	7600	6244	quiet [adj.]	n. 平衡, 均衡, 姿势, 镇静, 安静, 砝码\nvt. 使平衡, 使悬着, 保持...姿势\nvi. 平衡, 悬着, 准备好	yes
poise	准备好	v.	ecdict-only	tem4,tem8,toefl,ielts		yes	no	no	yes	yes	yes	zhun bei hao	7219	6244	prepare [v.] | get ready [v.]	n. 平衡, 均衡, 姿势, 镇静, 安静, 砝码\nvt. 使平衡, 使悬着, 保持...姿势\nvi. 平衡, 悬着, 准备好	yes
supportive	赞助	adj.	ecdict-only	tem4,tem8,toefl,ielts		yes	no	no	yes	no	yes	zan zhu	4833	4522	sponsor [v.]	a. 支撑, 支承, 资助, 赞助, 支援, 经受, 忍受, 扶养, 证实, 鼓励, 维持, 伴奏	yes
supportive	证实	adj.	ecdict-only	tem4,tem8,toefl,ielts		yes	no	no	yes	no	yes	zheng shi	4569	4522	confirm [v.]	a. 支撑, 支承, 资助, 赞助, 支援, 经受, 忍受, 扶养, 证实, 鼓励, 维持, 伴奏	yes
supportive	资助	adj.	ecdict-only	tem4,tem8,toefl,ielts		yes	no	no	yes	no	yes	zi zhu	3570	4522	fund [v.] | subsidize [v.]	a. 支撑, 支承, 资助, 赞助, 支援, 经受, 忍受, 扶养, 证实, 鼓励, 维持, 伴奏	yes
exclusively	仅仅	adv.	ecdict-only	tem4,tem8,toefl,ielts		yes	no	no	yes	yes	yes	jin jin	2924	4489	merely [adv.]	adv. 排他地, 仅仅, 专门, 只, 仅, 唯一地, 专有地	yes
supportive	支撑	adj.	ecdict-only	tem4,tem8,toefl,ielts		yes	no	no	yes	no	yes	zhi cheng	2523	4522	support [v.]	a. 支撑, 支承, 资助, 赞助, 支援, 经受, 忍受, 扶养, 证实, 鼓励, 维持, 伴奏	yes
respiration	一口气	n.	ecdict-only	tem4,tem8,toefl,ielts		yes	no	no	yes	no	yes	yi kou qi	2262	17458	in one breath [phr.] | at one go [phr.]	n. 呼吸, 一口气, 呼吸作用\n[化] 呼吸	yes
supportive	忍受	adj.	ecdict-only	tem4,tem8,toefl,ielts		yes	no	no	yes	no	yes	ren shou	2208	4522	endure [v.] | bear [v.]	a. 支撑, 支承, 资助, 赞助, 支援, 经受, 忍受, 扶养, 证实, 鼓励, 维持, 伴奏	yes
manoeuvre	演习	n.	ecdict-only	tem4,tem8,toefl,ielts		yes	no	no	yes	yes	yes	yan xi	1993	41423	exercise [n.] | drill [n.]	n. 调遣, 演习, 策略\nvi. 调动, 演习, 用策略\nvt. 调动, 操纵	yes
supportive	伴奏	adj.	ecdict-only	tem4,tem8,toefl,ielts		yes	no	no	yes	no	yes	ban zou	1741	4522	accompaniment [n.]	a. 支撑, 支承, 资助, 赞助, 支援, 经受, 忍受, 扶养, 证实, 鼓励, 维持, 伴奏	yes
chore	家务	n.	ecdict-only	tem4,tem8,toefl,ielts		yes	no	no	yes	yes	yes	jia wu	1714	6028	housework [n.] | chores [n.]	n. 零工, 家务\n[经] 零工	yes
teem	充足	v.	ecdict-only	tem4,tem8,toefl,ielts		yes	no	no	yes	no	yes	chong zu	1501	21232	sufficient [adj.]	vi. 充满, 充足, 倾注\nvt. 倒出	yes
scour	清洗	v.	ecdict-only	tem4,tem8,toefl,ielts		yes	no	no	yes	yes	yes	qing xi	1497	9501	clean [v.] | wash [v.]	vt. 擦亮, 洗涤, 清洗, 冲刷成, 急速穿过\nvi. 擦, 洗, 冲刷, 腹泻, 急速穿行\nn. 擦, 洗, 腹泻, 洗涤剂	yes
dwindle	衰落	v.	ecdict-only	tem4,tem8,toefl,ielts		yes	no	no	yes	yes	yes	shuai luo	760	10733	decline [v.]	vi. 减少, 缩小, 衰落\nvt. 使缩小	yes
sicken	患病	v.	ecdict-only	tem4,tem8,toefl,ielts		yes	no	no	yes	yes	yes	huan bing	641	17670	fall ill [v.]	vt. 患病, 使厌倦, 使恶心\nvi. 生病, 作呕	yes
paraphrase	改写	n.	ecdict-only	tem4,tem8,toefl,ielts		yes	no	no	yes	no	yes	gai xie	623	12845	rewrite [v.]	n. 释义, 解述, 改写\nvt. 改写, 解述\nvi. 释义, 意译	yes
poise	均衡	n.	ecdict-only	tem4,tem8,toefl,ielts		yes	no	no	yes	no	yes	jun heng	415	6244	balanced [adj.]	n. 平衡, 均衡, 姿势, 镇静, 安静, 砝码\nvt. 使平衡, 使悬着, 保持...姿势\nvi. 平衡, 悬着, 准备好	yes
scour	腹泻	n.	ecdict-only	tem4,tem8,toefl,ielts		yes	no	no	yes	yes	yes	fu xie	331	9501	diarrhea [n.]	vt. 擦亮, 洗涤, 清洗, 冲刷成, 急速穿过\nvi. 擦, 洗, 冲刷, 腹泻, 急速穿行\nn. 擦, 洗, 腹泻, 洗涤剂	yes
supportive	经受	adj.	ecdict-only	tem4,tem8,toefl,ielts		yes	no	no	yes	no	yes	jing shou	297	4522	undergo [v.] | withstand [v.]	a. 支撑, 支承, 资助, 赞助, 支援, 经受, 忍受, 扶养, 证实, 鼓励, 维持, 伴奏	yes
paraphrase	意译	v.	ecdict-only	tem4,tem8,toefl,ielts		yes	no	no	yes	yes	yes	yi yi	286	12845	free translation [v.]	n. 释义, 解述, 改写\nvt. 改写, 解述\nvi. 释义, 意译	yes
slam	猛攻	v.	ecdict-only	tem4,tem8,toefl,ielts		yes	no	no	yes	yes	yes	meng gong	250	3458	assault [v.] | storm [v.]	n. 砰然声, 猛然, 猛烈的抨击\nvt. 猛然关上, 砰地关上, 猛烈抨击\nvi. 砰地关上, 猛攻	yes
slam	猛然	n.	ecdict-only	tem4,tem8,toefl,ielts		yes	no	no	yes	no	yes	meng ran	225	3458	suddenly [adv.]	n. 砰然声, 猛然, 猛烈的抨击\nvt. 猛然关上, 砰地关上, 猛烈抨击\nvi. 砰地关上, 猛攻	yes
syllabus	提纲	n.	ecdict-only	tem4,tem8,toefl,ielts		yes	no	no	yes	yes	yes	ti gang	190	15285	outline [n.]	n. 摘要, 提纲, 课程表, 教学大纲\n[医] 摘要, 要目	yes
supportive	扶养	adj.	ecdict-only	tem4,tem8,toefl,ielts		yes	no	no	yes	no	yes	fu yang	180	4522	support [v.] | raise [v.]	a. 支撑, 支承, 资助, 赞助, 支援, 经受, 忍受, 扶养, 证实, 鼓励, 维持, 伴奏	yes
manoeuvre	调遣	n.	ecdict-only	tem4,tem8,toefl,ielts		yes	no	no	yes	no	yes	diao qian	140	41423	dispatch [v.] | deploy [v.]	n. 调遣, 演习, 策略\nvi. 调动, 演习, 用策略\nvt. 调动, 操纵	yes
sicken	作呕	v.	ecdict-only	tem4,tem8,toefl,ielts		yes	no	yes	yes	yes	yes	zuo ou	125	17670	nauseate [v.]	vt. 患病, 使厌倦, 使恶心\nvi. 生病, 作呕	yes
chore	零工	n.	ecdict-only	tem4,tem8,toefl,ielts		yes	no	no	yes	yes	yes	ling gong	105	6028	odd job [n.]	n. 零工, 家务\n[经] 零工	yes
teem	倾注	v.	ecdict-only	tem4,tem8,toefl,ielts		yes	no	no	yes	yes	yes	qing zhu	91	21232	pour into [v.] | devote [v.]	vi. 充满, 充足, 倾注\nvt. 倒出	yes
poise	砝码	n.	ecdict-only	tem4,tem8,toefl,ielts		yes	no	no	yes	yes	yes	fa ma	38	6244	weight [n.]	n. 平衡, 均衡, 姿势, 镇静, 安静, 砝码\nvt. 使平衡, 使悬着, 保持...姿势\nvi. 平衡, 悬着, 准备好	yes
misgiving	疑惧	n.	ecdict-only	tem4,tem8,toefl,ielts		yes	no	yes	yes	yes	yes	yi ju	10	13315	apprehension [n.]	n. 疑虑, 不安, 害怕, 担扰, 疑惧	yes
encompass	包括	v.	ecdict-only	tem8,toefl,ielts		yes	no	no	yes	yes	yes	bao kuo	100759	5635	include [v.]	vt. 围绕, 完成, 包括, 包含, 环绕, 包围	yes
renewal	继续	n.	ecdict-only	tem8,toefl,ielts		yes	no	no	yes	no	yes	ji xu	68741	6501	continue [v.]	n. 更新, 革新, 复兴, 恢复, 修补, 补充, 继续, 重订, 重申, 续借\n[经] 更新, 换新, 重申	yes
chic	漂亮	n.	ecdict-only	tem8,toefl,ielts		yes	no	no	yes	no	yes	piao liang	55251	9263	beautiful [adj.] | pretty [adj.]	n. 漂亮, 别致的款式\na. 漂亮的, 别致的	yes
incidence	发生	n.	ecdict-only	tem8,toefl,ielts		yes	no	no	yes	no	yes	fa sheng	52040	5847	happen [v.] | occur [v.]	n. 发生, 发生率, 影响, 负担者, 入射, 倾角\n[医] 入射, 发生率, 发生数	yes
impress	影响	v.	ecdict-only	tem8,toefl,ielts		yes	no	no	yes	no	yes	ying xiang	51654	3055	influence [n.] | effect [n.]	n. 印象, 特征, 印记\nvt. 使有印象, 印, 铭刻, 传送, 影响, 强征\nvi. 给人印象	yes
hostel	宿舍	n.	ecdict-only	tem4,tem8,ielts		yes	no	no	yes	yes	yes	su she	32145	16015	dormitory [n.]	n. 青年招待所, 宿舍, 旅店	yes
gut	内容	n.	ecdict-only	tem4,tem8,toefl		yes	no	no	yes	yes	yes	nei rong	22868	4297	content [n.]	n. 剧情, 内容, 内脏, 肚子, 海峡, 勇气\nvt. 取出内脏, 毁坏...的内部	yes
gut	肚子	n.	ecdict-only	tem4,tem8,toefl		yes	no	no	yes	yes	yes	du zi	20784	4297	belly [n.]	n. 剧情, 内容, 内脏, 肚子, 海峡, 勇气\nvt. 取出内脏, 毁坏...的内部	yes
memorise	记录	v.	ecdict-only	tem4,tem8,ielts		yes	no	no	yes	no	yes	ji lu	16459	999999	record [n.]	vt. 记住, 熟记, 记录, 存储	yes
scotch	伤害	v.	ecdict-only	tem4,tem8,toefl		yes	no	no	yes	yes	yes	shang hai	14041	15129	hurt [v.] | harm [v.]	n. 苏格兰人, 苏格兰语, 刻痕\na. 苏格兰人的, 苏格兰语的\nvt. 刻痕于, 伤害, 镇压, 妨碍	yes
turnpike	公路	n.	ecdict-only	tem4,tem8,toefl		yes	no	no	yes	yes	yes	gong lu	13021	19929	highway [n.]	n. 收税栅, 收税路, 收税高速公路, 公路, 大道	yes
accredit	确认	v.	ecdict-only	tem8,toefl,ielts		yes	no	no	yes	yes	yes	que ren	10646	16480	confirm [v.] | verify [v.]	vt. 信托, 确认, 归结于, 委派\n[经] 发行信用证, 信托, 委托	yes
stint	停止	v.	ecdict-only	tem8,toefl,ielts		yes	no	no	yes	yes	yes	ting zhi	10620	8331	stop [v.]	vt. 节省, 限制, 停止\nvi. 节约\nn. 吝惜, 节约, 限额	yes
complicity	复杂	n.	ecdict-only	tem4,tem8,toefl		yes	no	no	yes	no	yes	fu za	10529	13525	complex [adj.] | complicated [adj.]	n. 同谋, 串通, 复杂\n[法] 共谋, 共犯关系	yes
wane	减少	n.	ecdict-only	tem8,toefl,ielts		yes	no	no	yes	no	yes	jian shao	10492	10009	reduce [v.] | decrease [v.]	n. 减少, 衰微, 败落, 亏缺, 月亏\nvi. 变小, 亏缺, 衰落, 消逝, 退潮	yes
exhilarate	鼓励	v.	ecdict-only	tem8,toefl,ielts		yes	no	no	yes	yes	yes	gu li	10430	999999	encourage [v.]	vt. 使高兴, 使愉快, 鼓励	yes
advent	来到	n.	ecdict-only	tem8,toefl,ielts		yes	no	no	yes	no	yes	lai dao	10287	8129	arrive [v.] | come [v.]	n. 来到, 来临	yes
observance	观察	n.	ecdict-only	tem8,toefl,ielts		yes	no	no	yes	no	yes	guan cha	10258	13271	observe [v.] | watch [v.]	n. 观察, 遵守, 仪式, 风俗习惯\n[法] 遵守, 奉行, 惯例	yes
celestial	天的	adj.	ecdict-only	tem8,toefl,ielts		yes	no	no	no	new-key	yes	tian de	10035	8813		a. 天的, 天国的, 天空的\n[法] 天的, 天空的, 天国的	yes
tally	符合	n.	ecdict-only	tem4,tem8,toefl		yes	no	no	yes	no	yes	fu he	9741	11596	conform [v.] | match [v.]	n. 符木, 记账, 得分, 比分, 计数器, 标签, 符合, 对应物\nvt. 记录, 点数, 计算, 加标签于, 使符合\nvi. 记帐, 符合, 吻合, 记分\n[计] 计数	yes
tally	符合	v.	ecdict-only	tem4,tem8,toefl		yes	no	yes	yes	yes	yes	fu he	9741	11596	conform [v.] | match [v.]	n. 符木, 记账, 得分, 比分, 计数器, 标签, 符合, 对应物\nvt. 记录, 点数, 计算, 加标签于, 使符合\nvi. 记帐, 符合, 吻合, 记分\n[计] 计数	yes
encompass	围绕	v.	ecdict-only	tem8,toefl,ielts		yes	no	no	yes	yes	yes	wei rao	9554	5635	surround [v.] | around [v.]	vt. 围绕, 完成, 包括, 包含, 环绕, 包围	yes
chic	漂亮的	adj.	ecdict-only	tem8,toefl,ielts		yes	no	no	no	new-key	yes	piao liang de	9340	9263		n. 漂亮, 别致的款式\na. 漂亮的, 别致的	yes
pervade	充满	v.	ecdict-only	tem8,toefl,ielts		yes	no	no	yes	yes	yes	chong man	8607	12043	fill [v.]	vt. 弥漫于, 遍及于, 流行于, 蔓延, 渗透于, 充满	yes
turnpike	大道	n.	ecdict-only	tem4,tem8,toefl		yes	no	no	yes	yes	yes	da dao	8316	19929	avenue [n.]	n. 收税栅, 收税路, 收税高速公路, 公路, 大道	yes
irritation	烦恼	n.	ecdict-only	tem4,tem8,ielts		yes	no	no	yes	yes	yes	fan nao	7393	9155	worry [n.]	n. 刺激, 烦恼, 刺激物\n[医] 刺激[作用], 兴奋	yes
expanse	天空	n.	ecdict-only	tem4,tem8,toefl		yes	no	no	yes	yes	yes	tian kong	7181	8187	sky [n.]	n. 宽阔区域, 宽阔, 天空	yes
hamlet	部落	n.	ecdict-only	tem8,toefl,ielts		yes	no	no	yes	yes	yes	bu luo	7078	9947	tribe [n.]	n. 小村, 部落	yes
stressful	强调	adj.	ecdict-only	tem8,toefl,ielts		yes	no	no	yes	no	yes	qiang diao	6934	7158	emphasize [v.]	a. 着重, 强调, 重读, 使受应力	yes
pinpoint	强调	v.	ecdict-only	tem8,toefl,ielts		yes	no	no	yes	yes	yes	qiang diao	6934	8150	emphasize [v.]	n. 极小之物, 针尖, 立锥之地, 精确位置\nvt. 精确地找到, 准确地轰炸, 刺穿, 准确描述, 使突出, 强调\na. 针尖的, 极微的, 精确的, 详尽的, 精确定位的	yes
pertain	涉及	v.	ecdict-only	tem8,toefl,ielts		yes	no	no	yes	yes	yes	she ji	6672	12205	involve [v.]	vi. 从属于, 关于, 涉及, 附属, 适合, 相称\n[法] 属于, 从属, 附属	yes
oversea	海外	adv.	ecdict-only	tem4,tem8,toefl		yes	no	no	yes	no	yes	hai wai	6655	999999	overseas [n.] | abroad [n.]	adv. 海外, 向国外, 向海外, 国外\na. 外国的, 在国外的, 在海外的, 舶来的	yes
bodily	亲自	adv.	ecdict-only	tem4,tem8,toefl		yes	no	no	yes	yes	yes	qin zi	6508	8434	personally [adv.]	a. 身体的\nadv. 亲自	yes
consist	一致	v.	ecdict-only	tem8,toefl,ielts		yes	no	no	yes	no	yes	yi zhi	6234	2190	consistent [adj.]	vi. 组成, 存在于, 一致	yes
acclaim	赞同	n.	ecdict-only	tem8,toefl,ielts		yes	no	no	yes	no	yes	zan tong	5647	12422	agree [v.]	n. 喝彩, 欢呼, 赞同\nv. 欢呼, 喝彩, 称赞	yes
hesitation	暂停	n.	ecdict-only	tem4,tem8,ielts		yes	no	no	yes	no	yes	zan ting	5616	8082	pause [v.] | suspend [v.]	n. 犹豫, 踌躇, 含糊, 口吃, 暂停\n[计] 暂停	yes
enlargement	扩大	n.	ecdict-only	tem4,tem8,toefl		yes	no	no	yes	no	yes	kuo da	5543	13723	expand [v.] | enlarge [v.]	n. 扩大, 肿大, 肥大, 增大, 放大的照片, 放大, 扩建部分, 增补物, 扩展\n[计] 增补, 扩大, 放大	yes
overrule	打败	v.	ecdict-only	tem4,tem8,ielts		yes	no	no	yes	yes	yes	da bai	4404	12198	defeat [v.]	vt. 统治, 威压, 打败, 驳回\n[法] 否决, 驳回, 批驳	yes
vanquish	打败	v.	ecdict-only	tem8,toefl,ielts		yes	no	no	yes	yes	yes	da bai	4404	24737	defeat [v.]	vt. 打败, 征服, 克服\n[法] 征服, 战胜, 击败	yes
toddle	溜达	v.	ecdict-only	tem4,tem8,ielts		yes	no	no	yes	yes	yes	liu da	4290	26245	stroll [v.] | wander [v.]	vi. 东倒西歪地走, 蹒跚学步, 溜达\nn. 东倒西歪的走路, 蹒跚	yes
tinge	色彩	n.	ecdict-only	tem8,toefl,ielts		yes	no	no	yes	yes	yes	se cai	4007	14630	color [n.]	n. 色调, 色彩, 气味, 气息\nvt. 染, 使带气息	yes
exploratory	探索	adj.	ecdict-only	tem8,toefl,ielts		yes	no	no	yes	no	yes	tan suo	3908	10416	explore [v.]	a. 探究, 探查, 探察(伤处), 探险, 探测, 勘探, 考察, 钻研, 探索\n[医] 探察的	yes
morbid	可怕的	adj.	ecdict-only	tem8,toefl,ielts		yes	no	no	no	new-key	yes	ke pa de	3825	15607		a. 致病的, 病态的, 疾病的, 可怕的\n[医] 病的	yes
sandal	拖鞋	n.	ecdict-only	tem4,tem8,toefl		yes	no	no	yes	yes	yes	tuo xie	3692	8141	slippers [n.]	n. 凉鞋, 拖鞋, 檀香木\nvt. 穿以便鞋	yes
exploratory	考察	adj.	ecdict-only	tem8,toefl,ielts		yes	no	no	yes	no	yes	kao cha	3678	10416	inspect [v.] | study [v.]	a. 探究, 探查, 探察(伤处), 探险, 探测, 勘探, 考察, 钻研, 探索\n[医] 探察的	yes
enlargement	扩展	n.	ecdict-only	tem4,tem8,toefl		yes	no	no	yes	no	yes	kuo zhan	3667	13723	expand [v.] | extend [v.]	n. 扩大, 肿大, 肥大, 增大, 放大的照片, 放大, 扩建部分, 增补物, 扩展\n[计] 增补, 扩大, 放大	yes
sport	炫耀	v.	ecdict-only	tem8,toefl,ielts		yes	no	no	yes	yes	yes	xuan yao	3613	666	show off [v.] | flaunt [v.]	n. 运动, 游戏, 娱乐, 消遣, 玩笑\na. 运动的, 户外穿戴的\nvi. 游戏, 参加体育运动, 戏弄, 产生变种\nvt. 炫耀, 使产生变种	yes
companionship	交往	n.	ecdict-only	tem4,tem8,toefl		yes	no	no	yes	no	yes	jiao wang	3433	12816	date [v.] | associate [v.]	n. 交往, 友谊, 一群同伴	yes
agony	挣扎	n.	ecdict-only	tem4,tem8,ielts		yes	no	no	yes	no	yes	zheng zha	3388	7577	struggle [v.]	n. 极大的痛苦, 挣扎\n[医] 濒死苦闷; 剧痛	yes
tally	得分	n.	ecdict-only	tem4,tem8,toefl		yes	no	no	yes	no	yes	de fen	3223	11596	score [v.]	n. 符木, 记账, 得分, 比分, 计数器, 标签, 符合, 对应物\nvt. 记录, 点数, 计算, 加标签于, 使符合\nvi. 记帐, 符合, 吻合, 记分\n[计] 计数	yes
influx	河口	n.	ecdict-only	tem8,toefl,ielts		yes	no	no	yes	yes	yes	he kou	3196	8583	river mouth [n.]	n. 流入, 河口, 汇集\n[医] 注入, 流入	yes
speck	缺点	n.	ecdict-only	tem4,tem8,toefl		yes	no	no	yes	yes	yes	que dian	3146	10442	shortcoming [n.] | defect [n.]	n. 斑点, 有斑点的东西, 污点, 缺点, 微粒, 肥肉\nvt. 使有斑点	yes
carcass	尸体	n.	ecdict-only	tem4,tem8,toefl		yes	no	no	yes	yes	yes	shi ti	3072	9410	corpse [n.] | body [n.]	n. 尸体\n[医] 屠体(宰后除脏的畜体)	yes
lateral	支线	n.	ecdict-only	tem8,toefl,ielts		yes	no	no	yes	yes	yes	zhi xian	3056	8322	branch line [n.]	n. 侧部, 支线, 边音\na. 侧面的, 旁边的	yes
tinge	气息	n.	ecdict-only	tem8,toefl,ielts		yes	no	no	yes	yes	yes	qi xi	2964	14630	breath [n.] | aura [n.]	n. 色调, 色彩, 气味, 气息\nvt. 染, 使带气息	yes
paralyse	终止	v.	ecdict-only	tem4,tem8,ielts		yes	no	no	yes	yes	yes	zhong zhi	2957	999999	terminate [v.] | end [v.]	vt. 使麻痹, 使瘫痪, 使无力, 使气馁, 终止\n[医] 使麻痹, 使瘫痪	yes
exploratory	探测	adj.	ecdict-only	tem8,toefl,ielts		yes	no	no	yes	no	yes	tan ce	2906	10416	detect [v.] | probe [v.]	a. 探究, 探查, 探察(伤处), 探险, 探测, 勘探, 考察, 钻研, 探索\n[医] 探察的	yes
renovation	刷新	n.	ecdict-only	tem8,toefl,ielts		yes	no	no	yes	no	yes	shua xin	2703	7265	refresh [v.]	n. 革新, 刷新, 修理\n[化] 改建	yes
speck	肥肉	n.	ecdict-only	tem4,tem8,toefl		yes	no	no	yes	yes	yes	fei rou	2702	10442	fat [n.]	n. 斑点, 有斑点的东西, 污点, 缺点, 微粒, 肥肉\nvt. 使有斑点	yes
exploratory	探险	adj.	ecdict-only	tem8,toefl,ielts		yes	no	no	yes	no	yes	tan xian	2613	10416	explore [v.]	a. 探究, 探查, 探察(伤处), 探险, 探测, 勘探, 考察, 钻研, 探索\n[医] 探察的	yes
scotch	镇压	v.	ecdict-only	tem4,tem8,toefl		yes	no	no	yes	yes	yes	zhen ya	2516	15129	suppress [v.] | put down [v.]	n. 苏格兰人, 苏格兰语, 刻痕\na. 苏格兰人的, 苏格兰语的\nvt. 刻痕于, 伤害, 镇压, 妨碍	yes
forfeit	没收	v.	ecdict-only	tem8,toefl,ielts		yes	no	no	yes	yes	yes	mo shou	2303	12633	confiscate [v.]	n. 没收物, 罚金, 丧失\nvt. 没收, 丧失\na. 丧失了的	yes
pacific	安静的	adj.	ecdict-only	tem8,toefl,ielts		yes	no	no	yes	yes	yes	an jing de	2282	26607	quiet [adj.]	n. 太平洋\na. 太平洋的, 太平洋沿岸的, 爱好和平的, 安静的, 平息的	yes
substitution	替换	n.	ecdict-only	tem4,tem8,ielts		yes	no	no	yes	no	yes	ti huan	2133	10742	replace [v.] | substitute [v.]	n. 代替, 替换, 代替物\n[计] 置换	yes
detract	分散	v.	ecdict-only	tem8,toefl,ielts		yes	no	no	yes	yes	yes	fen san	2126	14366	disperse [v.]	vi. 减去, 贬低\nvt. 转移, 分散	yes
gape	张嘴	v.	ecdict-only	tem8,toefl,ielts		yes	no	no	yes	yes	yes	zhang zui	1957	14282	open mouth [v.]	n. 裂口, 张嘴, 打哈欠\nvi. 裂开, 张嘴, 打哈欠	yes
forfeit	丧失	n.	ecdict-only	tem8,toefl,ielts		yes	no	no	yes	no	yes	sang shi	1923	12633	lose [v.]	n. 没收物, 罚金, 丧失\nvt. 没收, 丧失\na. 丧失了的	yes
tinge	色调	n.	ecdict-only	tem8,toefl,ielts		yes	no	no	yes	yes	yes	se diao	1793	14630	tone [n.] | hue [n.]	n. 色调, 色彩, 气味, 气息\nvt. 染, 使带气息	yes
tally	比分	n.	ecdict-only	tem4,tem8,toefl		yes	no	no	yes	yes	yes	bi fen	1763	11596	score [n.]	n. 符木, 记账, 得分, 比分, 计数器, 标签, 符合, 对应物\nvt. 记录, 点数, 计算, 加标签于, 使符合\nvi. 记帐, 符合, 吻合, 记分\n[计] 计数	yes
memorise	存储	v.	ecdict-only	tem4,tem8,ielts		yes	no	no	yes	yes	yes	cun chu	1726	999999	store [v.]	vt. 记住, 熟记, 记录, 存储	yes
fend	击退	v.	ecdict-only	tem8,toefl,ielts		yes	no	no	yes	yes	yes	ji tui	1586	9011	repel [v.] | beat back [v.]	vt. 击退, 保护, 供养	yes
stint	节约	v.	ecdict-only	tem8,toefl,ielts		yes	no	no	yes	yes	yes	jie yue	1513	8331	save [v.] | economize [v.]	vt. 节省, 限制, 停止\nvi. 节约\nn. 吝惜, 节约, 限额	yes
abate	减弱	v.	ecdict-only	tem8,toefl,ielts		yes	no	no	yes	yes	yes	jian ruo	1510	13243	weaken [v.] | diminish [v.]	vt. 减少, 减轻, 减弱, 废除, 打折扣\nvi. 减轻, 减弱, 减少, 失效, 被废除	yes
nausea	厌恶	n.	ecdict-only	tem4,tem8,ielts		yes	no	no	yes	no	yes	yan wu	1503	9312	detest [v.]	n. 反胃, 晕船, 恶心, 厌恶\n[医] 恶心	yes
ruffle	发脾气	v.	ecdict-only	tem8,toefl,ielts		yes	no	no	yes	yes	yes	fa pi qi	1439	13470	lose temper [v.]	n. 皱褶, 波纹, 生气, 混乱\nvt. 弄皱, 触怒, 洗(牌), 连续轻擂(鼓)\nvi. 起皱, 发脾气, 连续轻擂	yes
overrule	驳回	v.	ecdict-only	tem4,tem8,ielts		yes	no	no	yes	yes	yes	bo hui	1350	12198	reject [v.]	vt. 统治, 威压, 打败, 驳回\n[法] 否决, 驳回, 批驳	yes
abate	失效	v.	ecdict-only	tem8,toefl,ielts		yes	no	no	yes	yes	yes	shi xiao	1287	13243	expire [v.]	vt. 减少, 减轻, 减弱, 废除, 打折扣\nvi. 减轻, 减弱, 减少, 失效, 被废除	yes
scotch	妨碍	v.	ecdict-only	tem4,tem8,toefl		yes	no	no	yes	yes	yes	fang ai	1284	15129	hinder [v.] | obstruct [v.]	n. 苏格兰人, 苏格兰语, 刻痕\na. 苏格兰人的, 苏格兰语的\nvt. 刻痕于, 伤害, 镇压, 妨碍	yes
quell	压制	v.	ecdict-only	tem4,tem8,toefl		yes	no	no	yes	yes	yes	ya zhi	1254	12955	suppress [v.]	vt. 压制, 平息, 减轻	yes
vindicate	辩护	v.	ecdict-only	tem8,toefl,ielts		yes	no	no	yes	yes	yes	bian hu	1241	13147	defend [v.]	vt. 辩护, 证明...无辜, 维护\n[法] 辩护, 辩解, 辩明	yes
tinge	气味	n.	ecdict-only	tem8,toefl,ielts		yes	no	no	yes	yes	yes	qi wei	1157	14630	smell [n.] | odor [n.]	n. 色调, 色彩, 气味, 气息\nvt. 染, 使带气息	yes
alight	落下	v.	ecdict-only	tem8,toefl,ielts		yes	no	no	yes	yes	yes	luo xia	1143	17190	fall [v.] | drop [v.]	vi. 落下, 偶然发现\na. 点着的	yes
pervade	蔓延	v.	ecdict-only	tem8,toefl,ielts		yes	no	no	yes	yes	yes	man yan	1133	12043	spread [v.]	vt. 弥漫于, 遍及于, 流行于, 蔓延, 渗透于, 充满	yes
refinement	高尚	n.	ecdict-only	tem8,toefl,ielts		yes	no	no	yes	no	yes	gao shang	1089	10637	noble [adj.] | lofty [adj.]	n. 精致, 高尚, 精巧\n[医] 精制, 精练	yes
cooperation	协力	n.	ecdict-only	tem8,toefl,ielts		yes	no	no	yes	no	yes	xie li	1069	2668	cooperate [v.]	n. 合作, 协力, 配合\n[化] 合作	yes
burgeon	发芽	v.	ecdict-only	tem8,toefl,ielts		yes	no	no	yes	yes	yes	fa ya	1066	28159	sprout [v.]	n. 芽, 嫩枝\nv. 萌芽, 发芽	yes
accredit	信托	v.	ecdict-only	tem8,toefl,ielts		yes	no	no	yes	no	yes	xin tuo	967	16480	trust [n.]	vt. 信托, 确认, 归结于, 委派\n[经] 发行信用证, 信托, 委托	yes
dining	宴会	n.	ecdict-only	tem8,toefl,ielts		yes	no	no	yes	yes	yes	yan hui	919	2952	banquet [n.] | party [n.]	n. 正餐, 宴会	yes
scuttle	毁坏	v.	ecdict-only	tem4,tem8,toefl		yes	no	no	yes	yes	yes	hui huai	821	12712	destroy [v.]	n. 箩, 筐, 急速逃走, 天窗, 小舱口\nvi. 急速逃走, 急忙撤退\nvt. 凿沉, 毁坏	yes
emboss	浮雕	v.	ecdict-only	tem8,toefl,ielts		yes	no	no	yes	no	yes	fu diao	768	22081	relief [n.]	vt. 浮雕, 加以浮饰, 装饰\n[化] 压印	yes
ascent	攀登	n.	ecdict-only	tem8,toefl,ielts		yes	no	no	yes	no	yes	pan deng	756	10299	climb [v.] | scale [v.]	n. 上升, 提高, 攀登, 上坡路	yes
secretion	隐蔽	n.	ecdict-only	tem4,toefl,ielts		yes	no	no	yes	no	yes	yin bi	737	16813	conceal [v.] | hide [v.]	n. 分泌, 分泌物, 分泌液, 隐蔽\n[医] 分泌; 分泌物	yes
prostitution	糟蹋	n.	ecdict-only	tem4,tem8,toefl		yes	no	no	yes	no	yes	zao ta	703	8005	waste [v.] | ruin [v.]	n. 卖淫, 糟蹋, 滥用\n[法] 卖淫, 滥用	yes
waterfront	江边	n.	ecdict-only	tem8,toefl,ielts		yes	no	no	yes	yes	yes	jiang bian	699	9915	riverside [n.]	n. 水边, 滨水区, 滩, 海滨, 江边	yes
enlargement	增大	n.	ecdict-only	tem4,tem8,toefl		yes	no	no	yes	no	yes	zeng da	698	13723	increase [v.] | enlarge [v.]	n. 扩大, 肿大, 肥大, 增大, 放大的照片, 放大, 扩建部分, 增补物, 扩展\n[计] 增补, 扩大, 放大	yes
delude	迷惑	v.	ecdict-only	tem8,toefl,ielts		yes	no	no	yes	yes	yes	mi huo	688	17446	puzzle [v.] | confuse [v.]	vt. 迷惑, 蛊惑	yes
outskirts	近郊	n.	ecdict-only	tem4,tem8,ielts		yes	no	no	yes	yes	yes	jin jiao	686	8456	suburb [n.]	n. 近郊, 市郊	yes
tally	点数	v.	ecdict-only	tem4,tem8,toefl		yes	no	no	yes	no	yes	dian shu	686	11596	points [n.] | score [n.]	n. 符木, 记账, 得分, 比分, 计数器, 标签, 符合, 对应物\nvt. 记录, 点数, 计算, 加标签于, 使符合\nvi. 记帐, 符合, 吻合, 记分\n[计] 计数	yes
sport	消遣	n.	ecdict-only	tem8,toefl,ielts		yes	no	no	yes	yes	yes	xiao qian	677	666	pastime [n.]	n. 运动, 游戏, 娱乐, 消遣, 玩笑\na. 运动的, 户外穿戴的\nvi. 游戏, 参加体育运动, 戏弄, 产生变种\nvt. 炫耀, 使产生变种	yes
exploratory	探究	adj.	ecdict-only	tem8,toefl,ielts		yes	no	no	yes	no	yes	tan jiu	638	10416	explore [v.] | investigate [v.]	a. 探究, 探查, 探察(伤处), 探险, 探测, 勘探, 考察, 钻研, 探索\n[医] 探察的	yes
exclusion	逐出	n.	ecdict-only	tem4,tem8,toefl		yes	no	no	yes	no	yes	zhu chu	587	6233	expel [v.]	n. 排除, 除外, 逐出\n[医] 排除, 除外, 分离术	yes
acclaim	欢呼	v.	ecdict-only	tem8,toefl,ielts		yes	no	no	yes	yes	yes	huan hu	587	12422	cheer [v.]	n. 喝彩, 欢呼, 赞同\nv. 欢呼, 喝彩, 称赞	yes
exploratory	勘探	adj.	ecdict-only	tem8,toefl,ielts		yes	no	no	yes	no	yes	kan tan	563	10416	prospect [v.] | explore [v.]	a. 探究, 探查, 探察(伤处), 探险, 探测, 勘探, 考察, 钻研, 探索\n[医] 探察的	yes
renewal	修补	n.	ecdict-only	tem8,toefl,ielts		yes	no	no	yes	no	yes	xiu bu	528	6501	repair [v.]	n. 更新, 革新, 复兴, 恢复, 修补, 补充, 继续, 重订, 重申, 续借\n[经] 更新, 换新, 重申	yes
gateway	通路	n.	ecdict-only	tem4,tem8,toefl		yes	no	no	yes	yes	yes	tong lu	433	10019	passage [n.] | aisle [n.]	n. 门, 通路\n[计] 网关	yes
obsolete	废物	n.	ecdict-only	tem8,toefl,ielts		yes	no	no	yes	yes	yes	fei wu	429	8876	waste [n.] | junk [n.]	a. 荒废的, 成废物的, 陈旧的, 老式的\nn. 废词, 废物	yes
hostel	旅店	n.	ecdict-only	tem4,tem8,ielts		yes	no	yes	yes	yes	yes	lv dian	408	16015	inn [n.]	n. 青年招待所, 宿舍, 旅店	yes
stressful	着重	adj.	ecdict-only	tem8,toefl,ielts		yes	no	no	yes	no	yes	zhuo zhong	402	7158	emphasize [v.] | stress [v.]	a. 着重, 强调, 重读, 使受应力	yes
touchdown	着地	n.	ecdict-only	tem4,tem8,toefl		yes	no	no	yes	no	yes	zhuo di	394	4285	land [v.] | touch down [v.]	n. 触地, 触地得分, 着地	yes
exploratory	钻研	adj.	ecdict-only	tem8,toefl,ielts		yes	no	no	yes	no	yes	zuan yan	389	10416	study deeply [v.]	a. 探究, 探查, 探察(伤处), 探险, 探测, 勘探, 考察, 钻研, 探索\n[医] 探察的	yes
hesitation	含糊	n.	ecdict-only	tem4,tem8,ielts		yes	no	no	yes	no	yes	han hu	369	8082	vague [adj.] | ambiguous [adj.]	n. 犹豫, 踌躇, 含糊, 口吃, 暂停\n[计] 暂停	yes
hesitation	口吃	n.	ecdict-only	tem4,tem8,ielts		yes	no	no	yes	yes	yes	kou chi	368	8082	stutter [n.] | stammer [n.]	n. 犹豫, 踌躇, 含糊, 口吃, 暂停\n[计] 暂停	yes
dining	正餐	n.	ecdict-only	tem8,toefl,ielts		yes	no	no	yes	yes	yes	zheng can	355	2952	main meal [n.]	n. 正餐, 宴会	yes
scuffle	混战	v.	ecdict-only	tem8,toefl,ielts		yes	no	no	yes	no	yes	hun zhan	343	18739	melee [n.] | scramble [n.]	vi. 扭打, 混战, 拖着脚走, 敷衍了事\nn. 扭打, 混战, 拖着脚走	yes
rendition	施舍	n.	ecdict-only	tem8,toefl,ielts		yes	no	no	yes	no	yes	shi she	335	10446	give alms [v.]	n. 译文, 施舍, 表演\n[经] 生产量	yes
inflict	加害	v.	ecdict-only	tem8,toefl,ielts		yes	no	no	yes	yes	yes	jia hai	332	6479	harm [v.] | injure [v.]	vt. 施以, 加害, 使承受\n[法] 处, 加, 予以	yes
dupe	傻瓜	n.	ecdict-only	tem8,toefl,ielts		yes	no	no	yes	yes	yes	sha gua	315	16408	fool [n.] | idiot [n.]	n. 傻瓜, 易受骗的人\nvt. 欺骗, 愚弄	yes
thrift	茂盛	n.	ecdict-only	tem4,tem8,toefl		yes	no	no	yes	no	yes	mao sheng	285	10231	luxuriant [adj.] | flourishing [adj.]	n. 节约, 茂盛, 海石竹	yes
painstaking	工夫	n.	ecdict-only	tem8,toefl,ielts		yes	no	no	yes	yes	yes	gong fu	275	14458	time [n.] | effort [n.]	n. 辛苦, 苦心, 工夫\na. 辛苦的, 勤勉的, 小心的	yes
solitude	孤寂	n.	ecdict-only	tem4,tem8,toefl		yes	no	no	yes	no	yes	gu ji	264	8164	lonely [adj.]	n. 孤独, 单独, 孤寂	yes
partisan	同党	n.	ecdict-only	tem8,toefl,ielts		yes	no	no	yes	yes	yes	tong dang	240	6222	accomplice [n.]	n. 党羽, 虔诚信徒, 同党, 游击队员\na. 党派的, 偏袒的, 效忠的, 献身的, 盲目推崇的	yes
stressful	重读	adj.	ecdict-only	tem8,toefl,ielts		yes	no	no	yes	no	yes	zhong du	232	7158	reread [v.]	a. 着重, 强调, 重读, 使受应力	yes
pinpoint	刺穿	v.	ecdict-only	tem8,toefl,ielts		yes	no	no	yes	yes	yes	ci chuan	226	8150	pierce [v.]	n. 极小之物, 针尖, 立锥之地, 精确位置\nvt. 精确地找到, 准确地轰炸, 刺穿, 准确描述, 使突出, 强调\na. 针尖的, 极微的, 精确的, 详尽的, 精确定位的	yes
fortitude	坚毅	n.	ecdict-only	tem4,tem8,toefl		yes	no	no	yes	no	yes	jian yi	224	17185	firm [adj.]	n. 刚毅, 坚毅, 不屈不挠	yes
incidence	倾角	n.	ecdict-only	tem8,toefl,ielts		yes	no	no	yes	yes	yes	qing jiao	214	5847	inclination [n.] | tilt [n.]	n. 发生, 发生率, 影响, 负担者, 入射, 倾角\n[医] 入射, 发生率, 发生数	yes
exploratory	探查	adj.	ecdict-only	tem8,toefl,ielts		yes	no	no	yes	no	yes	tan cha	213	10416	explore [v.] | probe [v.]	a. 探究, 探查, 探察(伤处), 探险, 探测, 勘探, 考察, 钻研, 探索\n[医] 探察的	yes
speck	微粒	n.	ecdict-only	tem4,tem8,toefl		yes	no	yes	yes	yes	yes	wei li	213	10442	particle [n.]	n. 斑点, 有斑点的东西, 污点, 缺点, 微粒, 肥肉\nvt. 使有斑点	yes
ruffle	波纹	n.	ecdict-only	tem8,toefl,ielts		yes	no	no	yes	yes	yes	bo wen	210	13470	ripple [n.]	n. 皱褶, 波纹, 生气, 混乱\nvt. 弄皱, 触怒, 洗(牌), 连续轻擂(鼓)\nvi. 起皱, 发脾气, 连续轻擂	yes
acclaim	喝彩	v.	ecdict-only	tem8,toefl,ielts		yes	no	yes	yes	yes	yes	he cai	205	12422	cheer [v.] | applaud [v.]	n. 喝彩, 欢呼, 赞同\nv. 欢呼, 喝彩, 称赞	yes
feud	擦亮	v.	ecdict-only	tem8,toefl,ielts		yes	no	no	yes	yes	yes	ca liang	202	10345	polish [v.] | shine [v.]	n. 不和, 封地, 争执\nvi. 长期不和, 擦亮	yes
pertain	相称	v.	ecdict-only	tem8,toefl,ielts		yes	no	no	yes	yes	yes	xiang chen	194	12205	match [v.] | be commensurate [v.]	vi. 从属于, 关于, 涉及, 附属, 适合, 相称\n[法] 属于, 从属, 附属	yes
enlargement	肥大	n.	ecdict-only	tem4,tem8,toefl		yes	no	no	yes	no	yes	fei da	193	13723	hypertrophic [adj.]	n. 扩大, 肿大, 肥大, 增大, 放大的照片, 放大, 扩建部分, 增补物, 扩展\n[计] 增补, 扩大, 放大	yes
jumble	薄饼	n.	ecdict-only	tem8,toefl,ielts		yes	no	no	yes	yes	yes	bao bing	188	13914	pancake [n.]	vi. 搀杂, 混杂\nvt. 搞乱, 使混乱\nn. 混乱, 薄饼	yes
painstaking	苦心	n.	ecdict-only	tem8,toefl,ielts		yes	no	no	yes	yes	yes	ku xin	184	14458	painstaking effort [n.]	n. 辛苦, 苦心, 工夫\na. 辛苦的, 勤勉的, 小心的	yes
sport	戏弄	v.	ecdict-only	tem8,toefl,ielts		yes	no	no	yes	yes	yes	xi nong	178	666	tease [v.] | mock [v.]	n. 运动, 游戏, 娱乐, 消遣, 玩笑\na. 运动的, 户外穿戴的\nvi. 游戏, 参加体育运动, 戏弄, 产生变种\nvt. 炫耀, 使产生变种	yes
complicity	同谋	n.	ecdict-only	tem4,tem8,toefl		yes	no	no	yes	yes	yes	tong mou	177	13525	accomplice [n.]	n. 同谋, 串通, 复杂\n[法] 共谋, 共犯关系	yes
delude	蛊惑	v.	ecdict-only	tem8,toefl,ielts		yes	no	no	yes	yes	yes	gu huo	161	17446	bewitch [v.]	vt. 迷惑, 蛊惑	yes
emulate	效法	v.	ecdict-only	tem8,toefl,ielts		yes	no	no	yes	yes	yes	xiao fa	147	9025	follow [v.] | imitate [v.]	vt. 效法, 尽力赶上, 同...竞争\n[计] 仿真	yes
counterbalance	势均力敌	n.	ecdict-only	tem8,toefl,ielts		yes	no	no	yes	no	yes	shi jun li di	136	17725	equal strength [phr.]	vt. 使平均, 使平衡, 使弥补\nn. 平衡量, 平衡力, 势均力敌	yes
aborigine	土人	n.	ecdict-only	tem4,tem8,toefl		yes	no	yes	yes	yes	yes	tu ren	132	24154	native [n.]	n. 土著, 土著居民, 土人	yes
tally	记分	v.	ecdict-only	tem4,tem8,toefl		yes	no	yes	yes	yes	yes	ji fen	125	11596	score [v.]	n. 符木, 记账, 得分, 比分, 计数器, 标签, 符合, 对应物\nvt. 记录, 点数, 计算, 加标签于, 使符合\nvi. 记帐, 符合, 吻合, 记分\n[计] 计数	yes
jolt	摇动	n.	ecdict-only	tem8,toefl,ielts		yes	no	no	yes	no	yes	yao dong	124	10838	shake [v.]	n. 震摇, 摇动, 颠簸\nvi. 颠簸而行, 震摇\nvt. 使颠簸, 使慌张, 猛击	yes
refinement	精巧	n.	ecdict-only	tem8,toefl,ielts		yes	no	no	yes	no	yes	jing qiao	120	10637	exquisite [adj.]	n. 精致, 高尚, 精巧\n[医] 精制, 精练	yes
impress	铭刻	v.	ecdict-only	tem8,toefl,ielts		yes	no	no	yes	yes	yes	ming ke	100	3055	engrave [v.]	n. 印象, 特征, 印记\nvt. 使有印象, 印, 铭刻, 传送, 影响, 强征\nvi. 给人印象	yes
pane	方框	n.	ecdict-only	tem4,tem8,toefl		yes	no	no	yes	yes	yes	fang kuang	96	10912	square frame [n.]	n. 窗玻璃, 方框, 方格, 窗格\nvt. 嵌窗玻璃于\n[计] 窗格	yes
dependence	依存	n.	ecdict-only	tem4,tem8,toefl		yes	no	no	yes	no	yes	yi cun	94	5814	depend [v.]	n. 依赖, 依存, 信赖\n[医] 依赖(如对药物的依赖,即瘾或癖), 从属, 偏利共生	yes
enlargement	肿大	n.	ecdict-only	tem4,tem8,toefl		yes	no	no	yes	no	yes	zhong da	77	13723	swell [v.]	n. 扩大, 肿大, 肥大, 增大, 放大的照片, 放大, 扩建部分, 增补物, 扩展\n[计] 增补, 扩大, 放大	yes
locker	抽屉	n.	ecdict-only	tem4,tem8,ielts		yes	no	no	yes	yes	yes	chou ti	72	5009	drawer [n.]	n. 抽屉, 小柜, 上锁人\n[机] 锁柜	yes
presumption	专横	n.	ecdict-only	tem8,toefl,ielts		yes	no	no	yes	no	yes	zhuan heng	65	9906	arbitrary [adj.] | imperious [adj.]	n. 专横, 放肆, 假定, 推测\n[法] 假定, 推测, 设想	yes
lull	稍息	n.	ecdict-only	tem8,toefl,ielts		yes	no	no	yes	no	yes	shao xi	61	13314	stand at ease [v.]	n. 暂停, 间歇, 稍息, 使人安静的东西\nvt. 使平静, 哄骗, 使安静\nvi. 变平静	yes
supposition	推想	n.	ecdict-only	tem8,toefl,ielts		yes	no	no	yes	no	yes	tui xiang	58	18056	infer [v.]	n. 想像, 推测, 推想\n[法] 假定, 推定, 推测	yes
scuffle	敷衍了事	v.	ecdict-only	tem8,toefl,ielts		yes	no	no	yes	no	yes	fu yan liao shi	51	18739	do superficially [phr.] | half-hearted [phr.]	vi. 扭打, 混战, 拖着脚走, 敷衍了事\nn. 扭打, 混战, 拖着脚走	yes
wane	衰微	n.	ecdict-only	tem8,toefl,ielts		yes	no	no	yes	no	yes	shuai wei	50	10009	decline [v.]	n. 减少, 衰微, 败落, 亏缺, 月亏\nvi. 变小, 亏缺, 衰落, 消逝, 退潮	yes
haphazard	偶然性	n.	ecdict-only	tem8,toefl,ielts		yes	no	no	yes	yes	yes	ou ran xing	42	16170	contingency [n.] | chance [n.]	n. 偶然性, 偶然事件\na. 无计划的, 偶然的, 随便的\nadv. 偶然地	yes
hitch	蹒跚	v.	ecdict-only	tem4,tem8,toefl		yes	no	no	yes	no	yes	pan shan	38	11186	staggering [adj.] | tottering [adj.]	n. 猛拉, 急推, 蹒跚, 故障\nvt. 猛拉, 系住\nvi. 蹒跚, 被钩住	yes
toddle	蹒跚	n.	ecdict-only	tem4,tem8,ielts		yes	no	no	yes	no	yes	pan shan	38	26245	staggering [adj.] | tottering [adj.]	vi. 东倒西歪地走, 蹒跚学步, 溜达\nn. 东倒西歪的走路, 蹒跚	yes
abate	打折扣	v.	ecdict-only	tem8,toefl,ielts		yes	no	no	yes	yes	yes	da zhe kou	37	13243	discount [v.]	vt. 减少, 减轻, 减弱, 废除, 打折扣\nvi. 减轻, 减弱, 减少, 失效, 被废除	yes
wane	败落	n.	ecdict-only	tem8,toefl,ielts		yes	no	no	yes	no	yes	bai luo	34	10009	decline [v.]	n. 减少, 衰微, 败落, 亏缺, 月亏\nvi. 变小, 亏缺, 衰落, 消逝, 退潮	yes
stint	吝惜	n.	ecdict-only	tem8,toefl,ielts		yes	no	no	yes	no	yes	lin xi	28	8331	grudge [v.]	vt. 节省, 限制, 停止\nvi. 节约\nn. 吝惜, 节约, 限额	yes
upper	鞋帮	n.	ecdict-only	tem8,toefl,ielts		yes	no	no	yes	yes	yes	xie bang	26	1955	shoe upper [n.]	a. 上面的, 较高的, 上级的, 上院的, 穿在外面的, 北部的, 地表的, 后期的\nn. 鞋帮, 上齿	yes
scotch	刻痕	n.	ecdict-only	tem4,tem8,toefl		yes	no	no	yes	yes	yes	ke hen	22	15129	scratch [n.]	n. 苏格兰人, 苏格兰语, 刻痕\na. 苏格兰人的, 苏格兰语的\nvt. 刻痕于, 伤害, 镇压, 妨碍	yes
ruffle	起皱	v.	ecdict-only	tem8,toefl,ielts		yes	no	no	yes	yes	yes	qi zhou	21	13470	wrinkle [v.]	n. 皱褶, 波纹, 生气, 混乱\nvt. 弄皱, 触怒, 洗(牌), 连续轻擂(鼓)\nvi. 起皱, 发脾气, 连续轻擂	yes
nausea	反胃	n.	ecdict-only	tem4,tem8,ielts		yes	no	no	yes	no	yes	fan wei	13	9312	nauseate [v.]	n. 反胃, 晕船, 恶心, 厌恶\n[医] 恶心	yes
teller	出纳员	n.	ecdict-only	tem4,tem8,toefl		yes	no	yes	yes	yes	yes	chu na yuan	12	10852	cashier [n.]	n. 叙述者, 讲故事者, 出纳员\n[经] 出纳员	yes
taxation	抽税	n.	ecdict-only	tem4,tem8,ielts		yes	no	no	yes	no	yes	chou shui	10	9627	levy taxes [v.]	n. 课税, 征税, 抽税, 税款, 估定的税额\n[经] 征税, 纳税, 税制	yes
sustenance	生活资料	n.	ecdict-only	tem8,toefl,ielts		yes	no	no	yes	yes	yes	sheng huo zi liao	8	14178	means of subsistence [n.]	n. 生活资料, 生计, 食物, 支持\n[法] 营养物, 维持, 支持	yes
gape	打哈欠	n.	ecdict-only	tem8,toefl,ielts		yes	no	no	yes	no	yes	da ha qian	6	14282	yawn [v.]	n. 裂口, 张嘴, 打哈欠\nvi. 裂开, 张嘴, 打哈欠	yes
gape	打哈欠	v.	ecdict-only	tem8,toefl,ielts		yes	no	yes	yes	yes	yes	da ha qian	6	14282	yawn [v.]	n. 裂口, 张嘴, 打哈欠\nvi. 裂开, 张嘴, 打哈欠	yes
kennel	阴沟	n.	ecdict-only	tem4,tem8,toefl		yes	no	no	yes	yes	yes	yin gou	5	15947	sewer [n.] | drain [n.]	n. 狗舍, 狗屋, 阴沟\nvt. 置于狗舍, 宿于狗舍\nvi. 进狗窝	yes
pinpoint	立锥之地	n.	ecdict-only	tem8,toefl,ielts		yes	no	no	yes	no	yes	li zhui zhi di	1	8150	a tiny place [phr.]	n. 极小之物, 针尖, 立锥之地, 精确位置\nvt. 精确地找到, 准确地轰炸, 刺穿, 准确描述, 使突出, 强调\na. 针尖的, 极微的, 精确的, 详尽的, 精确定位的	yes
repute	以为	v.	ecdict-only	tem8,toefl		yes	no	no	yes	yes	yes	yi wei	84471	18809	think [v.]	n. 名望, 名气, 声望\nvt. 认为, 以为	yes
bolster	支持	n.	ecdict-only	toefl,ielts		yes	no	no	yes	no	yes	zhi chi	63877	6692	support [v.]	n. 支持, 长枕\nvt. 支持, 支撑	yes
recess	休息	v.	ecdict-only	tem8,toefl		yes	no	no	yes	yes	yes	xiu xi	61723	7747	rest [v.]	n. 休息, 休会, 放假, 凹进处, 深处\nvt. 使凹进\nvi. 休假, 休息	yes
genetically	发生	adv.	ecdict-only	tem4,toefl		yes	no	no	yes	no	yes	fa sheng	52040	6747	happen [v.] | occur [v.]	adv. 创始, 遗传学, 生殖, 基因, 遗传, 发生	yes
rapport	关系	n.	ecdict-only	tem8,toefl		yes	no	no	yes	yes	yes	guan xi	51604	12070	relation [n.] | relationship [n.]	n. 关系, 融洽, 一致\n[医] 关系, 协调(病人与医师间), 感通(唯心的灵交术时)	yes
disfavour	不喜欢	v.	ecdict-only	tem4,tem8		yes	no	no	yes	yes	yes	bu xi huan	46090	999999	dislike [v.]	vt. 不喜欢, 冷待, 不赞成, 受冷遇, 被疏远, 失宠\nn. 不利	yes
recess	放假	n.	ecdict-only	tem8,toefl		yes	no	no	yes	no	yes	fang jia	43940	7747	have holiday [v.]	n. 休息, 休会, 放假, 凹进处, 深处\nvt. 使凹进\nvi. 休假, 休息	yes
hew	坚持	v.	ecdict-only	tem8,toefl		yes	no	no	yes	yes	yes	jian chi	35863	18374	persist [v.] | insist [v.]	vt. 砍, 砍倒, 砍成\nvi. 砍, 劈, 坚持	yes
implicitly	绝对	adv.	ecdict-only	tem8,toefl		yes	no	no	yes	no	yes	jue dui	31246	9641	absolute [adj.] | definite [adj.]	adv. 含蓄, 不言明, 暗示, 暗指, 内含, 固有, 无疑, 绝对, 无保留\n[计] 隐含地	yes
gripe	控制	n.	ecdict-only	tem8,toefl		yes	no	no	yes	no	yes	kong zhi	30760	17456	control [v.]	n. 紧握, 柄, 把手, 控制\nvt. 抓紧, 抱住, 使肠痛, 激怒\nvi. 肠绞痛, 抱怨	yes
lass	少女	n.	ecdict-only	tem4,tem8		yes	no	no	yes	yes	yes	shao nv	30167	19382	girl [n.] | maiden [n.]	n. 少女, 爱人, 情妇	yes
humdrum	无聊	n.	ecdict-only	tem8,ielts		yes	no	no	yes	no	yes	wu liao	30076	25248	boring [adj.] | bored [adj.]	a. 平凡的, 单调的, 令人厌烦的\nn. 平凡, 单调, 无聊\nvi. 单调令味地进行	yes
sibling	兄弟	n.	ecdict-only	tem8,toefl		yes	no	no	yes	yes	yes	xiong di	26094	4337	brothers [n.]	n. 兄弟, 同胞\n[医] 同胞(兄弟姐妹)	yes
disposed	愿意	adj.	ecdict-only	tem8,toefl		yes	no	no	yes	no	yes	yuan yi	25394	23790	willing [v.]	a. 愿意, 倾向于	yes
herein	如此	adv.	ecdict-only	tem8,toefl		yes	no	no	yes	yes	yes	ru ci	25059	12963	so [adv.] | such [adv.]	adv. 在此处, 如此	yes
idiosyncrasy	风格	n.	ecdict-only	tem8,toefl		yes	no	no	yes	yes	yes	feng ge	21250	19034	style [n.]	n. 气质, 特性, 风格\n[化] 特异反应; 特异性体质	yes
displeasure	生气	n.	ecdict-only	tem4,tem8		yes	no	no	yes	no	yes	sheng qi	20937	14542	angry [v.]	n. 不愉快, 生气, 不满	yes
apprehend	担心	v.	ecdict-only	tem8,toefl		yes	no	no	yes	yes	yes	dan xin	20120	11622	worry [v.]	vt. 理解, 忧虑, 逮捕\nvi. 担心, 理解	yes
demur	反对	n.	ecdict-only	tem8,toefl		yes	no	no	yes	no	yes	fan dui	19636	20271	oppose [v.] | object [v.]	vi. 提出异议, 反对, 抗辩\nn. 异议, 反对	yes
tingle	激动	v.	ecdict-only	tem8,toefl		yes	no	no	yes	no	yes	ji dong	18491	14576	excited [adj.]	vi. 激动, 感到刺痛, 抖动\nvt. 使感刺痛\nn. 刺痛, 震颤, 耳鸣	yes
designation	命名	n.	ecdict-only	tem8,toefl		yes	no	no	yes	no	yes	ming ming	17598	8182	name [v.] | designate [v.]	n. 指示, 指定, 命名\n[电] 指定	yes
utterance	表达	n.	ecdict-only	toefl,ielts		yes	no	no	yes	no	yes	biao da	17548	12135	express [v.]	n. 发声, 言辞, 表达, 说话的方式, 死\n[医] 发言, 言语, 语调	yes
manifestation	证明	n.	ecdict-only	tem8,toefl		yes	no	no	yes	no	yes	zheng ming	17389	6590	prove [v.] | certify [v.]	n. 显示, 证明, 示威运动\n[医] 表现, 表示	yes
opulence	大量	n.	ecdict-only	toefl,ielts		yes	no	no	yes	no	yes	da liang	15243	21823	large amount [adj.]	n. 富裕, 丰富, 大量	yes
profusion	浪费	n.	ecdict-only	tem8,toefl		yes	no	no	yes	no	yes	lang fei	14915	15972	waste [v.]	n. 大量, 慷慨, 挥霍, 充沛, 浪费	yes
predisposition	素质	n.	ecdict-only	tem8,ielts		yes	no	no	yes	yes	yes	su zhi	14279	14376	quality [n.]	n. 爱好, 素质, 癖性, 天性, 倾向, 易感受性\n[医] 素因, 素质	yes
balk	失败	n.	ecdict-only	tem8,toefl		yes	no	no	yes	no	yes	shi bai	14255	10330	fail [v.]	n. 障碍, 错误, 失败\nvt. 阻止, 错过, 推诿\nvi. 逡巡不前	yes
haggle	讨论	n.	ecdict-only	tem8,toefl		yes	no	no	yes	no	yes	tao lun	13474	16766	discuss [v.]	vi. 争论, 杀价\nvt. 乱砍, 乱劈\nn. 杀价, 讨论, 争论	yes
tether	限制	v.	ecdict-only	tem8,toefl		yes	no	no	yes	yes	yes	xian zhi	12454	11832	restrict [v.]	n. 系绳, 系链, 界限, 范围\nvt. 栓, 束缚, 限制	yes
lurch	击败	v.	ecdict-only	tem8,toefl		yes	no	no	yes	yes	yes	ji bai	12124	9145	defeat [v.] | beat [v.]	n. 惨败, 倾斜, 挫折, 举步蹒跚, 徘徊\nvi. 惨败, 倾斜, 徘徊\nvt. 击败	yes
jolly	开玩笑	v.	ecdict-only	tem4,tem8		yes	no	no	yes	yes	yes	kai wan xiao	10866	13154	joke [v.]	a. 愉快的, 高兴的, 宜人的\nvt. 恭维, 使高兴, 取笑\nvi. 开玩笑\nadv. 非常, 极为	yes
idiosyncrasy	气质	n.	ecdict-only	tem8,toefl		yes	no	no	yes	yes	yes	qi zhi	10782	19034	temperament [n.] | aura [n.]	n. 气质, 特性, 风格\n[化] 特异反应; 特异性体质	yes
pretension	骄傲	n.	ecdict-only	toefl,ielts		yes	no	no	yes	no	yes	jiao ao	10491	14551	proud [adj.]	n. 自负, 骄傲, 主张	yes
bowel	内部	n.	ecdict-only	toefl,ielts		yes	no	no	yes	yes	yes	nei bu	10385	9380	inside [n.] | interior [n.]	n. 肠, 内脏, 内部\nvt. 挖...的内脏	yes
exalt	提高	v.	ecdict-only	tem8,toefl		yes	no	no	yes	yes	yes	ti gao	10056	17234	improve [v.] | raise [v.]	vt. 提升, 提高, 赞扬, 使得意\nvi. 使人兴奋, 使人得意	yes
externally	在外面	adv.	ecdict-only	toefl,ielts		yes	no	no	no	new-key	yes	zai wai mian	9713	14416		adv. 在外部, 外表上, 从外面, 在外面, 从外部	yes
affluence	丰富	n.	ecdict-only	tem8,toefl		yes	no	no	yes	no	yes	feng fu	9438	14739	rich [adj.] | abundant [adj.]	n. 富裕, 丰富, 流注\n[医] 丰富, 流入	yes
intimacy	熟悉	n.	ecdict-only	tem8,toefl		yes	no	no	yes	no	yes	shu xi	9081	5670	be familiar with [v.]	n. 亲密, 熟悉, 亲昵行为(言语)\n[法] 亲近的行为, 亲密, 隐私	yes
inconvenience	困难	n.	ecdict-only	tem4,tem8		yes	no	no	yes	yes	yes	kun nan	8906	10754	difficulty [n.]	n. 不便, 困难\nvt. 使感不便, 使感困难	yes
bristle	充满	v.	ecdict-only	tem4,tem8		yes	no	no	yes	yes	yes	chong man	8607	11066	fill [v.]	n. 刚毛, 猪鬃\nvi. 直立, 发怒, 充满\nvt. 使直立	yes
seizure	占领	n.	ecdict-only	tem4,tem8		yes	no	no	yes	no	yes	zhan ling	8604	7373	occupy [v.]	n. 捕获, 夺取, 占领, 捕获物, 没收, 充公\n[医] 发作; 癫痫发作	yes
flair	眼光	n.	ecdict-only	tem8,toefl		yes	no	no	yes	yes	yes	yan guang	8500	11212	vision [n.]	n. 鉴别力, 才能, 天资, 资质, 眼光	yes
extensively	广泛	adv.	ecdict-only	tem4,toefl		yes	no	no	yes	no	yes	guang fan	8405	6985	broad [adj.]	adv. 广大, 广延, 外延, 大面积(耕种), 粗放, 广博, 广泛, 广阔	yes
ought	责任	n.	ecdict-only	tem8,toefl		yes	no	no	yes	yes	yes	ze ren	8301	1755	responsibility [n.]	aux. 应该, 大概\nn. 责任	yes
cleave	分开	v.	ecdict-only	tem8,toefl		yes	no	no	yes	yes	yes	fen kai	8218	20460	separate [v.]	vt. 劈开, 分开\nvi. 劈开, 分开, 粘着, 依恋	yes
matrimony	婚礼	n.	ecdict-only	toefl,ielts		yes	no	no	yes	yes	yes	hun li	8035	23355	wedding [n.]	n. 结婚, 婚姻生活, 婚礼\n[法] 婚姻, 结婚, 婚礼	yes
working	工作的	adj.	ecdict-only	toefl,ielts		yes	no	no	no	new-key	yes	gong zuo de	7997	2819		n. 工作, 运转, 劳动\na. 工作的, 劳动的, 经营的, 抽搐的, 运转的	yes
guise	相似	n.	ecdict-only	tem8,toefl		yes	no	no	yes	no	yes	xiang si	7973	10606	similar [adj.]	n. 相似, 外观, 伪装\nv. 穿戴, 伪装	yes
lug	耳朵	n.	ecdict-only	tem8,toefl		yes	no	no	yes	yes	yes	er duo	7957	11771	ear [n.]	v. 拖, 拉\nn. 一拖, 一拉, 耳朵, 耳状物, 装腔作势, 勒索	yes
predisposition	爱好	n.	ecdict-only	tem8,ielts		yes	no	no	yes	yes	yes	ai hao	7871	14376	hobby [n.]	n. 爱好, 素质, 癖性, 天性, 倾向, 易感受性\n[医] 素因, 素质	yes
individuality	特征	n.	ecdict-only	tem8,toefl		yes	no	no	yes	yes	yes	te zheng	7688	10589	feature [n.]	n. 个性, 个人, 特征	yes
charismatic	魅力	adj.	ecdict-only	tem8,toefl		yes	no	no	yes	no	yes	mei li	7429	8535	charm [n.] | appeal [n.]	a. 魅力, 能吸引大众的非凡能力, 神授的能力, 领袖人物感人的超凡魅力	yes
working	劳动	n.	ecdict-only	toefl,ielts		yes	no	no	yes	yes	yes	lao dong	7137	2819	labor [n.] | work [n.]	n. 工作, 运转, 劳动\na. 工作的, 劳动的, 经营的, 抽搐的, 运转的	yes
displeasure	不满	n.	ecdict-only	tem4,tem8		yes	no	no	yes	no	yes	bu man	7119	14542	dissatisfied [adj.]	n. 不愉快, 生气, 不满	yes
disruption	崩溃	n.	ecdict-only	toefl,ielts		yes	no	no	yes	no	yes	beng kui	7043	6784	collapse [v.]	n. 分裂, 崩溃, 瓦解	yes
prowess	勇敢	n.	ecdict-only	tem8,ielts		yes	no	no	yes	no	yes	yong gan	6718	11047	brave [adj.]	n. 英勇, 勇敢, 超凡技术	yes
yoghurt	酸奶	n.	ecdict-only	tem4,tem8		yes	no	yes	yes	yes	yes	suan nai	6624	43601	yogurt [n.]	n. 酸乳, 酸奶	yes
manipulation	操作	n.	ecdict-only	tem4,toefl		yes	no	no	yes	no	yes	cao zuo	6569	5754	operate [v.]	n. 操作, 处理\n[化] (用手)操作; 使用	yes
deprecate	抗议	v.	ecdict-only	tem8,toefl		yes	no	no	yes	yes	yes	kang yi	6338	33157	protest [v.]	vt. 声明不赞成, 抗议, 反对\n[法] 对...表示不赞成, 反对	yes
consolidation	加强	n.	ecdict-only	toefl,ielts		yes	no	no	yes	no	yes	jia qiang	6279	8504	strengthen [v.] | reinforce [v.]	n. 巩固, 团结, 合并, 加强\n[医] 实变	yes
consistently	一致	adv.	ecdict-only	tem4,toefl		yes	no	no	yes	no	yes	yi zhi	6234	3596	consistent [adj.]	adv. 坚固, 坚实, 一致, 始终如一, 连贯\n[计] 相容地	yes
rapport	一致	n.	ecdict-only	tem8,toefl		yes	no	no	yes	no	yes	yi zhi	6234	12070	consistent [adj.]	n. 关系, 融洽, 一致\n[医] 关系, 协调(病人与医师间), 感通(唯心的灵交术时)	yes
snag	抢到	v.	ecdict-only	tem8,toefl		yes	no	no	yes	yes	yes	qiang dao	6046	9696	grab [v.] | snatch [v.]	n. (尖利的)突出物, (衣服等的)戳破处, 断牙, 意外障碍\nvt. 造成阻碍, 抓住机会, 抢到, 清除障碍物	yes
humility	谦虚	n.	ecdict-only	tem8,toefl		yes	no	no	yes	no	yes	qian xu	6024	9485	modest [adj.] | humble [adj.]	n. 谦逊, 谦虚, 谦卑	yes
gripe	抓紧	v.	ecdict-only	tem8,toefl		yes	no	no	yes	yes	yes	zhua jin	5886	17456	grasp [v.] | hurry [v.]	n. 紧握, 柄, 把手, 控制\nvt. 抓紧, 抱住, 使肠痛, 激怒\nvi. 肠绞痛, 抱怨	yes
demolition	撤销	n.	ecdict-only	toefl,ielts		yes	no	no	yes	no	yes	che xiao	5860	10854	revoke [v.] | cancel [v.]	n. 破坏, 毁坏, 撤销\n[经] 拆毁(除,破坏)	yes
temporal	时间的	adj.	ecdict-only	tem8,toefl		yes	no	no	yes	yes	yes	shi jian de	5823	6868	time [adj.]	a. 时间的, 暂时的, 现世的, 世俗的, 颞的, 太阳穴的\nn. 世间万物, 教会财产	yes
budge	推动	v.	ecdict-only	tem8,toefl		yes	no	no	yes	yes	yes	tui dong	5742	11139	promote [v.] | push [v.]	vi. 微微移动\nvt. 推动\nn. 羔羊皮	yes
crib	抄袭	v.	ecdict-only	tem4,tem8		yes	no	no	yes	yes	yes	chao xi	5540	9179	plagiarize [v.]	n. 婴儿小床, 食槽, 蓄栏\nvi. 抄袭\nvt. 拘禁, 关入栅栏	yes
working	运转	n.	ecdict-only	toefl,ielts		yes	no	no	yes	no	yes	yun zhuan	5531	2819	operate [v.]	n. 工作, 运转, 劳动\na. 工作的, 劳动的, 经营的, 抽搐的, 运转的	yes
tutelage	守护	n.	ecdict-only	tem8,toefl		yes	no	no	yes	no	yes	shou hu	5481	18256	guard [v.] | protect [v.]	n. 守护, 监护, 指导\n[法] 监护, 保护, 指导	yes
inclined	可能的	adj.	ecdict-only	tem4,toefl		yes	no	no	yes	yes	yes	ke neng de	5386	5609	possible [adj.]	a. 倾向于...的, 想要...的, 可能的, 趋向于...的	yes
takeover	接收	n.	ecdict-only	tem4,tem8		yes	no	no	yes	no	yes	jie shou	5292	7170	receive [v.] | accept [v.]	n. 接管, 接收\n[经] 接收	yes
enrol	注册	v.	ecdict-only	tem4,tem8		yes	no	no	yes	yes	yes	zhu ce	5268	999999	register [v.]	vt. 登记, 使加入\nvi. 参军, 注册	yes
austerity	严格	n.	ecdict-only	tem8,toefl		yes	no	no	yes	no	yes	yan ge	5213	14652	strict [adj.] | rigorous [adj.]	n. 朴素, 苦行, 严格, 严峻	yes
reinforcement	补充	n.	ecdict-only	tem8,ielts		yes	no	no	yes	no	yes	bu chong	5205	7506	supplement [v.] | add [v.]	n. 加强, 增援, 补充, 援军, 加固物\n[化] 补强; 加强件	yes
genetically	基因	adv.	ecdict-only	tem4,toefl		yes	no	no	yes	no	yes	ji yin	5184	6747	gene [n.]	adv. 创始, 遗传学, 生殖, 基因, 遗传, 发生	yes
instantaneously	立即	adv.	ecdict-only	tem4,toefl		yes	no	no	yes	yes	yes	li ji	5126	18010	immediately [adv.]	adv. 即刻, 立即	yes
checkup	审查	n.	ecdict-only	toefl,ielts		yes	no	no	yes	no	yes	shen cha	5063	12677	review [v.] | censor [v.]	n. 审查, 鉴定, 健康检查	yes
supremacy	优势	n.	ecdict-only	tem8,toefl		yes	no	no	yes	yes	yes	you shi	5060	11573	advantage [n.] | strength [n.]	n. 至高无上, 霸权地位, 优势, 至上\n[法] 至高权力, 无上权力, 霸权	yes
induct	引入	v.	ecdict-only	tem8,toefl		yes	no	no	yes	yes	yes	yin ru	5053	14759	introduce [v.] | bring in [v.]	vt. 引导, 使入门, 引入, 使就职	yes
indict	指控	v.	ecdict-only	tem8,toefl		yes	no	no	yes	yes	yes	zhi kong	5041	6483	accuse [v.]	vt. 起诉, 控告, 指控\n[法] 控告, 揭发, 对...起诉	yes
upsurge	增长	n.	ecdict-only	tem8,toefl		yes	no	no	yes	no	yes	zeng zhang	4889	20132	increase [v.] | grow [v.]	vi. 高涨, 涌起\nn. 增长, 高潮	yes
gabble	废话	n.	ecdict-only	tem8,toefl		yes	no	no	yes	yes	yes	fei hua	4773	36875	nonsense [n.]	vi. 七嘴八嘴地说, 喋喋不休地说\nvt. 急促地说\nn. 急促讲出而叫人听不清的话, 废话	yes
ferret	搜索	v.	ecdict-only	tem8,toefl		yes	no	no	yes	yes	yes	sou suo	4744	20690	search [v.]	n. 白鼬, 雪貂, 侦探\nvt. 用雪貂打猎, 搜出, 驱出\nvi. 搜索	yes
blackout	删除	n.	ecdict-only	tem8,toefl		yes	no	no	yes	no	yes	shan chu	4611	11202	delete [v.]	n. 灯火管制, 暂时的意识丧失, 灯火熄灭, 删除\n[计] 电网掉电	yes
adversely	相反	adv.	ecdict-only	tem4,toefl		yes	no	no	yes	no	yes	xiang fan	4592	12569	opposite [adj.]	adv. 不利, 有害, 相反, 逆, 敌对, 逆向	yes
pristine	原来的	adj.	ecdict-only	tem8,toefl		yes	no	no	no	new-key	yes	yuan lai de	4482	8232		a. 太古的, 原来的, 古时的, 原始的	yes
mannerism	习性	n.	ecdict-only	toefl,ielts		yes	no	no	yes	yes	yes	xi xing	4365	17874	habit [n.]	n. 矫揉造作, 习性\n[医] 装相, 作态	yes
garnish	装饰	n.	ecdict-only	tem8,toefl		yes	no	no	yes	no	yes	zhuang shi	4362	9470	decorate [v.]	n. 装饰, 装饰品\nvt. 装饰	yes
overdo	过度	v.	ecdict-only	tem4,tem8		yes	no	no	yes	no	yes	guo du	4290	14137	excessive [adj.]	vt. 做得过分, 过度, 夸张, 使过分劳累\nvi. 过火	yes
simulation	模仿	n.	ecdict-only	toefl,ielts		yes	no	no	yes	no	yes	mo fang	4228	5678	imitate [v.] | mimic [v.]	n. 模拟, 假冒物, 模仿\n[计] 模拟	yes
savour	食欲	n.	ecdict-only	tem8,ielts		yes	no	no	yes	yes	yes	shi yu	4196	40287	appetite [n.]	n. 滋味, 气味, 食欲\nvi. 有...的滋味\nvt. 品味, 加调味品于, 使有风味, 尝到	yes
negate	否认	v.	ecdict-only	tem8,toefl		yes	no	no	yes	yes	yes	fou ren	4143	12350	deny [v.]	vt. 否定, 否认, 取消\n[计] 非	yes
gripe	抱住	v.	ecdict-only	tem8,toefl		yes	no	no	yes	yes	yes	bao zhu	4119	17456	hug [v.] | embrace [v.]	n. 紧握, 柄, 把手, 控制\nvt. 抓紧, 抱住, 使肠痛, 激怒\nvi. 肠绞痛, 抱怨	yes
palpitate	发抖	v.	ecdict-only	toefl,ielts		yes	no	no	yes	yes	yes	fa dou	4030	37607	tremble [v.]	vi. 悸动, 心跳, 发抖\n[医] 心悸	yes
finesse	手段	n.	ecdict-only	tem8,toefl		yes	no	no	yes	yes	yes	shou duan	4013	13491	means [n.] | method [n.]	n. 策略, 手段, (桥牌中的)飞牌\nv. 用计谋处理, 出小牌	yes
cobweb	混乱	n.	ecdict-only	tem4,tem8		yes	no	no	yes	no	yes	hun luan	3986	18317	chaotic [adj.] | confused [adj.]	n. 蜘蛛网, 蛛丝, 混乱\nvt. 使布满蛛网	yes
sideways	旁边的	adj.	ecdict-only	tem8,toefl		yes	no	no	no	new-key	yes	pang bian de	3922	7384		adv. 向旁边, 向侧面地\na. 旁边的, 向侧面的	yes
lass	爱人	n.	ecdict-only	tem4,tem8		yes	no	no	yes	yes	yes	ai ren	3880	19382	spouse [n.] | lover [n.]	n. 少女, 爱人, 情妇	yes
grapple	掌握	v.	ecdict-only	tem8,toefl		yes	no	no	yes	yes	yes	zhang wo	3873	8354	master [v.] | grasp [v.]	v. 抓住, 掌握\nn. 抓住, 系紧, 掌握, 与...扭打	yes
grapple	掌握	n.	ecdict-only	tem8,toefl		yes	no	no	yes	no	yes	zhang wo	3873	8354	master [v.] | grasp [v.]	v. 抓住, 掌握\nn. 抓住, 系紧, 掌握, 与...扭打	yes
consolidation	团结	n.	ecdict-only	toefl,ielts		yes	no	no	yes	no	yes	tuan jie	3853	8504	unite [v.]	n. 巩固, 团结, 合并, 加强\n[医] 实变	yes
checkup	鉴定	n.	ecdict-only	toefl,ielts		yes	no	no	yes	no	yes	jian ding	3836	12677	appraise [v.]	n. 审查, 鉴定, 健康检查	yes
artifice	技巧	n.	ecdict-only	tem8,toefl		yes	no	no	yes	yes	yes	ji qiao	3740	18184	skill [n.] | technique [n.]	n. 诡计, 技巧, 巧妙	yes
recurrence	反复	n.	ecdict-only	tem8,toefl		yes	no	no	yes	no	yes	fan fu	3696	10768	repeat [v.]	n. 再现, 再发生, 反复, 循环\n[医] 复发, 再发	yes
households	一家人	n.	ecdict-only	tem4,ielts		yes	no	no	yes	yes	yes	yi jia ren	3693	999999	family [n.]	n. 同住在一所房子里的人, 一家人, 户( household的名词复数 )	yes
cog	欺骗	v.	ecdict-only	tem8,toefl		yes	no	no	yes	yes	yes	qi pian	3651	17219	deceive [v.] | cheat [v.]	n. 嵌齿, 小船\nvt. 给...装配齿轮, 欺骗	yes
implicitly	暗示	adv.	ecdict-only	tem8,toefl		yes	no	no	yes	no	yes	an shi	3520	9641	hint [v.] | imply [v.]	adv. 含蓄, 不言明, 暗示, 暗指, 内含, 固有, 无疑, 绝对, 无保留\n[计] 隐含地	yes
innuendo	暗示	v.	ecdict-only	tem8,toefl		yes	no	no	yes	yes	yes	an shi	3520	14703	hint [v.] | imply [v.]	n. 讽刺, 暗讽\nvi. 说讽刺话\nvt. 暗示	yes
libel	侮辱	n.	ecdict-only	toefl,ielts		yes	no	no	yes	no	yes	wu ru	3362	15335	insult [v.]	n. 以文字损害名誉, 诽谤罪, 侮辱\nv. 诽谤, 中伤, 损害名誉	yes
impediment	障碍	n.	ecdict-only	tem8,toefl		yes	no	no	yes	yes	yes	zhang ai	3326	10593	obstacle [n.] | barrier [n.]	n. 妨碍, 障碍, 阻止, 口吃\n[经] 对履行义务的阻碍	yes
humdrum	平凡	n.	ecdict-only	tem8,ielts		yes	no	no	yes	no	yes	ping fan	3200	25248	ordinary [adj.]	a. 平凡的, 单调的, 令人厌烦的\nn. 平凡, 单调, 无聊\nvi. 单调令味地进行	yes
pinnacle	高峰	n.	ecdict-only	toefl,ielts		yes	no	yes	yes	yes	yes	gao feng	3115	12574	peak [n.] | summit [n.]	n. 小尖塔, 尖峰, 高峰, 极点\nvt. 造小尖塔, 置于尖顶上	yes
gripe	抱怨	v.	ecdict-only	tem8,toefl		yes	no	no	yes	yes	yes	bao yuan	3069	17456	complain [v.]	n. 紧握, 柄, 把手, 控制\nvt. 抓紧, 抱住, 使肠痛, 激怒\nvi. 肠绞痛, 抱怨	yes
idiosyncrasy	特性	n.	ecdict-only	tem8,toefl		yes	no	no	yes	yes	yes	te xing	3000	19034	characteristic [n.] | trait [n.]	n. 气质, 特性, 风格\n[化] 特异反应; 特异性体质	yes
narrowly	仅仅	adv.	ecdict-only	tem4,toefl		yes	no	no	yes	yes	yes	jin jin	2924	8064	merely [adv.]	adv. 狭窄地, 严密地, 仔细地, 几乎不, 勉强地, 仅仅	yes
interlock	连结	n.	ecdict-only	tem8,toefl		yes	no	no	yes	no	yes	lian jie	2888	24273	connect [v.]	v. (使)连结, (使)连锁\nn. 连锁, 连结\n[计] 相关; 互锁	yes
slimy	讨厌的	adj.	ecdict-only	tem8,toefl		yes	no	no	no	new-key	yes	tao yan de	2843	15294		a. 泥的, 泥泞的, 粘糊糊的, 讨厌的	yes
excellence	优点	n.	ecdict-only	tem8,toefl		yes	no	no	yes	yes	yes	you dian	2806	5804	merit [n.] | strength [n.]	n. 优秀, 卓越, 优点	yes
recoup	补偿	v.	ecdict-only	tem8,toefl		yes	no	no	yes	yes	yes	bu chang	2785	13747	compensate [v.]	vt. 偿还, 赔偿, 补偿, 扣除\nvi. 补偿损失	yes
fishing	钓鱼	n.	ecdict-only	tem8,ielts		yes	no	no	yes	no	yes	diao yu	2755	2022	fish [v.]	n. 钓鱼, 鱼业\na. 钓鱼的	yes
recoup	赔偿	v.	ecdict-only	tem8,toefl		yes	no	no	yes	yes	yes	pei chang	2705	13747	compensate [v.]	vt. 偿还, 赔偿, 补偿, 扣除\nvi. 补偿损失	yes
genetically	遗传	adv.	ecdict-only	tem4,toefl		yes	no	no	yes	no	yes	yi chuan	2695	6747	heredity [n.]	adv. 创始, 遗传学, 生殖, 基因, 遗传, 发生	yes
maverick	迷路	v.	ecdict-only	tem8,toefl		yes	no	no	yes	yes	yes	mi lu	2594	12248	get lost [v.]	n. 未烙饲主印记的小牛, 持不同意见的人\nvi. 迷路	yes
inhibition	压抑	n.	ecdict-only	tem4,toefl		yes	no	no	yes	no	yes	ya yi	2584	12343	oppressive [adj.] | depressing [adj.]	n. 禁止, 抑制, 压抑\n[计] 禁止	yes
disuse	废止	v.	ecdict-only	tem8,toefl		yes	no	no	yes	yes	yes	fei zhi	2557	25336	abolish [v.] | repeal [v.]	n. 不被使用, 废弃\nvt. 停止使用, 废止	yes
accede	继任	v.	ecdict-only	tem8,toefl		yes	no	no	yes	yes	yes	ji ren	2429	17950	succeed [v.]	vi. 同意, 正式加入, 就任, 继任	yes
scamper	奔跑	n.	ecdict-only	tem8,ielts		yes	no	no	yes	no	yes	ben pao	2383	14986	run [v.]	n. 蹦跳, 奔跑, 浏览\nvi. 蹦跳, 奔跑, 浏览	yes
impel	迫使	v.	ecdict-only	tem8,toefl		yes	no	yes	yes	yes	yes	po shi	2326	16966	force [v.] | compel [v.]	vt. 推动, 激励, 驱使, 迫使	yes
custody	监禁	n.	ecdict-only	tem4,tem8		yes	no	no	yes	no	yes	jian jin	2289	4422	imprison [v.]	n. 监护, 拘留, 监禁\n[经] 保管, 照顾, 保护	yes
coop	监禁	v.	ecdict-only	tem8,toefl		yes	no	no	yes	yes	yes	jian jin	2289	999999	imprison [v.]	n. 狭小空间, 鸡笼, 捕鱼篓\nvt. 关进鸡舍, 监禁	yes
nestle	安置	v.	ecdict-only	tem8,toefl		yes	no	no	yes	yes	yes	an zhi	2237	8710	place [v.] | settle [v.]	vi. 舒适地坐定, 挨靠, 偎依\nvt. 抱, 安置	yes
semblance	伪装	n.	ecdict-only	toefl,ielts		yes	no	no	yes	no	yes	wei zhuang	2220	13183	disguise [v.]	n. 外表, 伪装, 假象, 少量	yes
pique	刺激	v.	ecdict-only	tem8,toefl		yes	no	no	yes	yes	yes	ci ji	2191	16736	stimulate [v.] | provoke [v.]	n. 赌气, 愤怒, 不快, 凹凸织物\nvt. 伤害...自尊心, 激怒, 刺激, 引起兴趣, 使兴奋	yes
recess	深处	n.	ecdict-only	tem8,toefl		yes	no	no	yes	yes	yes	shen chu	2117	7747	depths [n.]	n. 休息, 休会, 放假, 凹进处, 深处\nvt. 使凹进\nvi. 休假, 休息	yes
cavern	深处	n.	ecdict-only	tem8,toefl		yes	no	no	yes	yes	yes	shen chu	2117	11041	depths [n.]	n. 巨穴, 洞窟, 深处\nvt. 放于山洞中, 挖空	yes
semblance	少量	n.	ecdict-only	toefl,ielts		yes	no	no	yes	yes	yes	shao liang	2073	13183	small amount [n.]	n. 外表, 伪装, 假象, 少量	yes
revert	还原	v.	ecdict-only	tem8,toefl		yes	no	no	yes	yes	yes	huan yuan	2053	10064	restore [v.] | reduce [v.]	vi. 恢复, 复归, 回复, 还原\nvt. 使回复原状, 使回转\nn. 恢复原信仰的人\n[计] 还原	yes
forestall	阻碍	v.	ecdict-only	tem8,toefl		yes	no	no	yes	yes	yes	zu ai	2043	16160	hinder [v.] | block [v.]	vt. 预先阻止, 先...一步行动, 占先一步, 垄断, 阻碍\n[法] 先采取行动预防或阻止, 垄断	yes
semblance	假象	n.	ecdict-only	toefl,ielts		yes	no	yes	yes	yes	yes	jia xiang	2006	13183	illusion [n.]	n. 外表, 伪装, 假象, 少量	yes
perpetrate	胡说	v.	ecdict-only	tem8,ielts		yes	no	no	yes	yes	yes	hu shuo	1981	11913	talk nonsense [v.]	vt. 做(恶), 犯(罪), 胡说, 恶劣地做\n[法] 犯, 作, 行	yes
substantive	名词	n.	ecdict-only	tem8,toefl		yes	no	no	yes	yes	yes	ming ci	1972	7140	noun [n.]	a. 表示实在的, 有实质的, 独立存在的, 大量的, 重大的, 坚实的, 名词的\nn. 名词性实词, 名词	yes
renunciation	废弃	n.	ecdict-only	tem8,toefl		yes	no	no	yes	no	yes	fei qi	1966	20747	abandon [v.] | discard [v.]	n. 放弃, 废弃, 弃权, 脱离关系\n[法] 放弃, 抛弃, 脱离关系	yes
disuse	废弃	n.	ecdict-only	tem8,toefl		yes	no	no	yes	no	yes	fei qi	1966	25336	abandon [v.] | discard [v.]	n. 不被使用, 废弃\nvt. 停止使用, 废止	yes
extensively	广大	adv.	ecdict-only	tem4,toefl		yes	no	no	yes	no	yes	guang da	1945	6985	vast [adj.] | broad [adj.]	adv. 广大, 广延, 外延, 大面积(耕种), 粗放, 广博, 广泛, 广阔	yes
palpitate	心跳	v.	ecdict-only	toefl,ielts		yes	no	no	yes	no	yes	xin tiao	1924	37607	heartbeat [n.]	vi. 悸动, 心跳, 发抖\n[医] 心悸	yes
workbook	笔记本	n.	ecdict-only	tem4,tem8		yes	no	no	yes	yes	yes	bi ji ben	1889	19444	notebook [n.] | laptop [n.]	n. 辅助练习册, 工作规程书, 工作记事簿, 笔记本, 工作手册\n[计] 工作簿	yes
encouragement	激励	n.	ecdict-only	tem8,toefl		yes	no	no	yes	no	yes	ji li	1884	6193	encourage [v.]	n. 鼓励, 激励, 奖励\n[法] 怂恿, 煽动, 助长	yes
constable	总管	n.	ecdict-only	tem4,tem8		yes	no	no	yes	yes	yes	zong guan	1880	19092	steward [n.] | manager [n.]	n. 治安官, 警官, 总管\n[法] 警察, 警官, 巡警	yes
hassle	争论	v.	ecdict-only	tem8,ielts		yes	no	no	yes	yes	yes	zheng lun	1874	10953	argue [v.]	n. 激烈而持久的争论\nvi. 争论\nvt. 与...争辩, 使烦恼	yes
haggle	争论	v.	ecdict-only	tem8,toefl		yes	no	no	yes	yes	yes	zheng lun	1874	16766	argue [v.]	vi. 争论, 杀价\nvt. 乱砍, 乱劈\nn. 杀价, 讨论, 争论	yes
jolly	极为	adv.	ecdict-only	tem4,tem8		yes	no	no	yes	yes	yes	ji wei	1863	13154	extremely [adv.]	a. 愉快的, 高兴的, 宜人的\nvt. 恭维, 使高兴, 取笑\nvi. 开玩笑\nadv. 非常, 极为	yes
rep	名声	n.	ecdict-only	tem4,tem8		yes	no	no	yes	yes	yes	ming sheng	1855	6243	fame [n.] | reputation [n.]	n. 棱纹平布, 浪荡子, 名声\n[化] 物理伦琴当量	yes
imperil	危害	v.	ecdict-only	tem8,ielts		yes	no	no	yes	no	yes	wei hai	1833	17494	harm [n.]	vt. 使处于危险, 危害	yes
enrol	参军	v.	ecdict-only	tem4,tem8		yes	no	no	yes	yes	yes	can jun	1813	999999	join the army [v.]	vt. 登记, 使加入\nvi. 参军, 注册	yes
runaway	逃亡	n.	ecdict-only	tem4,tem8		yes	no	no	yes	no	yes	tao wang	1809	9955	flee [v.]	n. 逃跑, 逃走的人, 逃亡, 压倒性的优胜\na. 逃亡的, 逃走的	yes
reconnaissance	侦察	n.	ecdict-only	tem4,tem8		yes	no	no	yes	no	yes	zhen cha	1794	11909	reconnoiter [v.]	n. 侦察, 勘察队\n[电] 勘查	yes
skirmish	侦察	v.	ecdict-only	tem4,tem8		yes	no	no	yes	yes	yes	zhen cha	1794	13180	reconnoiter [v.]	n. 前哨战, 小争论, 小冲突\nvi. 发生小争论, 侦察	yes
foray	侵略	v.	ecdict-only	tem8,toefl		yes	no	no	yes	yes	yes	qin lve	1764	10224	invade [v.]	vi. 侵略, 劫掠, 袭击\nn. 侵掠, 侵略, 攻击	yes
incursion	侵略	n.	ecdict-only	tem8,toefl		yes	no	no	yes	no	yes	qin lve	1764	13983	invade [v.]	n. 侵入, 侵略, 奇袭	yes
sibling	同胞	n.	ecdict-only	tem8,toefl		yes	no	no	yes	yes	yes	tong bao	1733	4337	compatriot [n.]	n. 兄弟, 同胞\n[医] 同胞(兄弟姐妹)	yes
condensation	压缩	n.	ecdict-only	toefl,ielts		yes	no	no	yes	no	yes	ya suo	1635	15298	compress [v.]	n. 压缩, 凝缩, 冷凝\n[化] 冷凝; 冷凝作用; 缩合; 缩合作用; 凝聚; 凝聚作用; 凝结作用	yes
inducement	动机	n.	ecdict-only	tem8,toefl		yes	no	no	yes	yes	yes	dong ji	1633	16799	motive [n.]	n. 诱因, 动机, 吸引力, 刺激物\n[法] 诱惑, 引诱, 诱因	yes
carving	雕刻	n.	ecdict-only	toefl,ielts		yes	no	no	yes	no	yes	diao ke	1614	8224	carve [v.] | engrave [v.]	n. 雕刻品, 雕刻, 雕刻术	yes
repulse	击退	v.	ecdict-only	tem8,toefl		yes	no	yes	yes	yes	yes	ji tui	1586	18145	repel [v.] | beat back [v.]	n. 击退, 拒绝\nvt. 厌恶, 击退, 拒绝	yes
mollify	减轻	v.	ecdict-only	tem8,toefl		yes	no	no	yes	yes	yes	jian qing	1560	21490	reduce [v.] | alleviate [v.]	vt. 平息, 缓和, 减轻, 使变软	yes
decry	诋毁	v.	ecdict-only	tem8,toefl		yes	no	no	yes	yes	yes	di hui	1547	11621	slander [v.] | defame [v.]	vt. 反对, 责难, 诽谤, 诋毁	yes
repulse	厌恶	v.	ecdict-only	tem8,toefl		yes	no	no	yes	yes	yes	yan wu	1503	18145	detest [v.]	n. 击退, 拒绝\nvt. 厌恶, 击退, 拒绝	yes
utterance	发声	n.	ecdict-only	toefl,ielts		yes	no	no	yes	no	yes	fa sheng	1498	12135	speak out [v.]	n. 发声, 言辞, 表达, 说话的方式, 死\n[医] 发言, 言语, 语调	yes
deflate	缩小	v.	ecdict-only	tem8,ielts		yes	no	no	yes	yes	yes	suo xiao	1491	13622	shrink [v.]	vt. 放气, 抽出空气, 使缩小\nvi. 缩小	yes
gripe	把手	n.	ecdict-only	tem8,toefl		yes	no	no	yes	yes	yes	ba shou	1491	17456	handle [n.]	n. 紧握, 柄, 把手, 控制\nvt. 抓紧, 抱住, 使肠痛, 激怒\nvi. 肠绞痛, 抱怨	yes
interlock	连锁	n.	ecdict-only	tem8,toefl		yes	no	no	yes	yes	yes	lian suo	1471	24273	chain [n.]	v. (使)连结, (使)连锁\nn. 连锁, 连结\n[计] 相关; 互锁	yes
inducement	吸引力	n.	ecdict-only	tem8,toefl		yes	no	no	yes	yes	yes	xi yin li	1456	16799	attraction [n.]	n. 诱因, 动机, 吸引力, 刺激物\n[法] 诱惑, 引诱, 诱因	yes
incubation	酝酿	n.	ecdict-only	tem8,toefl		yes	no	no	yes	no	yes	yun niang	1448	19334	brew [v.] | prepare [v.]	n. 抱蛋, 孵化, 酝酿\n[医] 孵育, 孵化, 潜伏, 宿庙求梦(古希腊)	yes
underpass	地道	n.	ecdict-only	tem4,tem8		yes	no	no	yes	no	yes	di dao	1442	28461	authentic [adj.]	n. 地道	yes
hurtle	碰撞	v.	ecdict-only	tem8,toefl		yes	no	no	yes	yes	yes	peng zhuang	1391	12521	collide [v.]	vi. 猛冲, 碰撞, 突进\nvt. 猛撞, 猛投\nn. 投掷, 碰撞, 碰撞声	yes
lurch	倾斜	n.	ecdict-only	tem8,toefl		yes	no	no	yes	no	yes	qing xie	1383	9145	tilt [v.]	n. 惨败, 倾斜, 挫折, 举步蹒跚, 徘徊\nvi. 惨败, 倾斜, 徘徊\nvt. 击败	yes
extricate	救出	v.	ecdict-only	tem8,toefl		yes	no	no	yes	yes	yes	jiu chu	1370	16562	rescue [v.]	vt. 使解脱, 救出	yes
recollection	回想	n.	ecdict-only	tem8,toefl		yes	no	no	yes	no	yes	hui xiang	1361	7880	recall [v.]	n. 记忆, 回想, 回忆	yes
reminiscence	回想	n.	ecdict-only	tem4,tem8		yes	no	no	yes	no	yes	hui xiang	1361	17145	recall [v.]	n. 回想, 回忆, 怀旧, 话旧	yes
lurch	徘徊	n.	ecdict-only	tem8,toefl		yes	no	no	yes	no	yes	pai huai	1352	9145	wander [v.]	n. 惨败, 倾斜, 挫折, 举步蹒跚, 徘徊\nvi. 惨败, 倾斜, 徘徊\nvt. 击败	yes
lurch	徘徊	v.	ecdict-only	tem8,toefl		yes	no	no	yes	yes	yes	pai huai	1352	9145	wander [v.]	n. 惨败, 倾斜, 挫折, 举步蹒跚, 徘徊\nvi. 惨败, 倾斜, 徘徊\nvt. 击败	yes
jostle	煽动	v.	ecdict-only	tem8,ielts		yes	no	no	yes	yes	yes	shan dong	1341	13188	incite [v.]	n. 推挤, 冲撞\nvi. 推挤, 冲撞\nvt. 推, 挤, 煽动	yes
gazette	公报	n.	ecdict-only	tem8,toefl		yes	no	no	yes	yes	yes	gong bao	1305	39036	bulletin [n.]	n. 报, 公报, 报纸\nvt. 在公报上宣布, 刊载于公报	yes
gentility	斯文	n.	ecdict-only	tem8,toefl		yes	no	no	yes	no	yes	si wen	1279	27599	refined [adj.]	n. 出身高贵, 绅士们, 上流阶层, 斯文, 有教养, 彬彬有礼, 文雅, 装体面, 假斯文	yes
tether	束缚	v.	ecdict-only	tem8,toefl		yes	no	no	yes	yes	yes	shu fu	1264	11832	bind [v.] | restrict [v.]	n. 系绳, 系链, 界限, 范围\nvt. 栓, 束缚, 限制	yes
parenthesis	插曲	n.	ecdict-only	tem4,tem8		yes	no	no	yes	yes	yes	cha qu	1263	15481	episode [n.] | interlude [n.]	n. 圆括号, 插入语, 附带, 插曲	yes
corroborate	巩固	v.	ecdict-only	tem8,toefl		yes	no	no	yes	yes	yes	gong gu	1259	11342	consolidate [v.] | strengthen [v.]	vt. 巩固, 确证\n[法] 确证, 确定, 证实	yes
extremity	困境	n.	ecdict-only	tem8,toefl		yes	no	no	yes	yes	yes	kun jing	1259	13554	difficulty [n.] | plight [n.]	n. 极端, 极点, 困境, 绝境\n[医] 肢, 端	yes
implicitly	含蓄	adv.	ecdict-only	tem8,toefl		yes	no	no	yes	no	yes	han xu	1255	9641	implicit [adj.]	adv. 含蓄, 不言明, 暗示, 暗指, 内含, 固有, 无疑, 绝对, 无保留\n[计] 隐含地	yes
constable	警官	n.	ecdict-only	tem4,tem8		yes	no	no	yes	yes	yes	jing guan	1252	19092	police officer [n.]	n. 治安官, 警官, 总管\n[法] 警察, 警官, 巡警	yes
enrollment	入伍	n.	ecdict-only	toefl,ielts		yes	no	no	yes	no	yes	ru wu	1213	6365	enlist [v.]	n. 登记, 注册, 入伍\n[经] 登记, 注册	yes
microchip	芯片	n.	ecdict-only	tem4,tem8		yes	no	yes	yes	yes	yes	xin pian	1195	17473	chip [n.]	n. 微型集成电路片, 微片, 芯片\n[计] 微片	yes
savour	气味	n.	ecdict-only	tem8,ielts		yes	no	no	yes	yes	yes	qi wei	1157	40287	smell [n.] | odor [n.]	n. 滋味, 气味, 食欲\nvi. 有...的滋味\nvt. 品味, 加调味品于, 使有风味, 尝到	yes
implicitly	无疑	adv.	ecdict-only	tem8,toefl		yes	no	no	yes	yes	yes	wu yi	1150	9641	undoubtedly [adv.] | certainly [adv.]	adv. 含蓄, 不言明, 暗示, 暗指, 内含, 固有, 无疑, 绝对, 无保留\n[计] 隐含地	yes
demise	转让	v.	ecdict-only	tem8,toefl		yes	no	no	yes	yes	yes	zhuan rang	1126	6878	transfer [v.] | assign [v.]	n. 崩, 薨, 死亡\nvt. 让渡, 遗赠, 转让	yes
tremor	震动	n.	ecdict-only	tem8,toefl		yes	no	no	yes	no	yes	zhen dong	1123	11635	shake [v.] | vibrate [v.]	n. 震动, 颤动\n[医] 震颤	yes
adversely	有害	adv.	ecdict-only	tem4,toefl		yes	no	no	yes	no	yes	you hai	1118	12569	harmful [adj.]	adv. 不利, 有害, 相反, 逆, 敌对, 逆向	yes
cog	小船	n.	ecdict-only	tem8,toefl		yes	no	no	yes	yes	yes	xiao chuan	1110	17219	small boat [n.]	n. 嵌齿, 小船\nvt. 给...装配齿轮, 欺骗	yes
adversely	敌对	adv.	ecdict-only	tem4,toefl		yes	no	no	yes	no	yes	di dui	1100	12569	hostile [adj.]	adv. 不利, 有害, 相反, 逆, 敌对, 逆向	yes
reversal	颠倒	n.	ecdict-only	tem8,toefl		yes	no	no	yes	no	yes	dian dao	1087	7227	reverse [v.]	n. 翻转, 颠倒, 反转\n[医] 逆转, 颠倒	yes
repute	名气	n.	ecdict-only	tem8,toefl		yes	no	no	yes	yes	yes	ming qi	1076	18809	fame [n.]	n. 名望, 名气, 声望\nvt. 认为, 以为	yes
eradication	歼灭	n.	ecdict-only	tem4,toefl		yes	no	no	yes	no	yes	jian mie	1073	14988	annihilate [v.]	n. 连根拔除, 歼灭, 消灭, 根除, 使断根\n[医] 根除, 扑灭, 消灭	yes
splendour	光辉	n.	ecdict-only	tem4,tem8		yes	no	no	yes	yes	yes	guang hui	1056	999999	glory [n.]	n. 光辉, 壮丽, 显赫	yes
fealty	忠实	n.	ecdict-only	tem8,toefl		yes	no	no	yes	no	yes	zhong shi	1045	26862	faithful [adj.]	n. 忠诚, 忠贞, 忠实	yes
dockyard	造船厂	n.	ecdict-only	tem4,tem8		yes	no	no	yes	yes	yes	zao chuan chang	1044	36838	shipyard [n.]	n. 造船厂, 海军工厂	yes
genetically	创始	adv.	ecdict-only	tem4,toefl		yes	no	no	yes	no	yes	chuang shi	1010	6747	found [v.]	adv. 创始, 遗传学, 生殖, 基因, 遗传, 发生	yes
lug	勒索	n.	ecdict-only	tem8,toefl		yes	no	no	yes	no	yes	le suo	1010	11771	extort [v.] | blackmail [v.]	v. 拖, 拉\nn. 一拖, 一拉, 耳朵, 耳状物, 装腔作势, 勒索	yes
supremacy	至上	n.	ecdict-only	tem8,toefl		yes	no	no	yes	no	yes	zhi shang	997	11573	supreme [adj.]	n. 至高无上, 霸权地位, 优势, 至上\n[法] 至高权力, 无上权力, 霸权	yes
hurtle	投掷	n.	ecdict-only	tem8,toefl		yes	no	no	yes	no	yes	tou zhi	988	12521	throw [v.]	vi. 猛冲, 碰撞, 突进\nvt. 猛撞, 猛投\nn. 投掷, 碰撞, 碰撞声	yes
darkness	深色	n.	ecdict-only	tem8,toefl		yes	no	no	yes	yes	yes	shen se	960	2649	dark color [n.]	n. 黑暗, 暗, 深色, 隐密, 模糊, 无知	yes
remorse	自责	n.	ecdict-only	tem8,ielts		yes	no	no	yes	no	yes	zi ze	942	10471	blame oneself [v.]	n. 懊悔, 良心不安, 自责, 同情\n[法] 悔恨, 自责, 懊悔	yes
squabble	争吵	v.	ecdict-only	tem8,toefl		yes	no	no	yes	yes	yes	zheng chao	933	17073	quarrel [v.]	vi. 争吵, 口角\nn. 争吵, 口角	yes
ravish	夺走	v.	ecdict-only	tem8,toefl		yes	no	no	yes	yes	yes	duo zou	931	26986	take away [v.]	vt. 强夺, 夺走, 使出神, 强奸\n[法] 强夺, 抢去, 强奸	yes
imbibe	吸取	v.	ecdict-only	tem8,toefl		yes	no	yes	yes	yes	yes	xi qu	849	23983	absorb [v.]	vt. 饮, 吸取, 吸入\nvi. 喝, 吸收水分	yes
scamper	浏览	n.	ecdict-only	tem8,ielts		yes	no	no	yes	no	yes	liu lan	840	14986	browse [v.]	n. 蹦跳, 奔跑, 浏览\nvi. 蹦跳, 奔跑, 浏览	yes
scamper	浏览	v.	ecdict-only	tem8,ielts		yes	no	no	yes	yes	yes	liu lan	840	14986	browse [v.]	n. 蹦跳, 奔跑, 浏览\nvi. 蹦跳, 奔跑, 浏览	yes
tether	界限	n.	ecdict-only	tem8,toefl		yes	no	no	yes	yes	yes	jie xian	822	11832	boundary [n.]	n. 系绳, 系链, 界限, 范围\nvt. 栓, 束缚, 限制	yes
fray	磨损	n.	ecdict-only	tem8,toefl		yes	no	no	yes	no	yes	mo sun	804	11825	wear [v.]	n. 磨损, 打架, 争论\nvt. 使磨损\nvi. 被磨损	yes
parenthesis	附带	n.	ecdict-only	tem4,tem8		yes	no	no	yes	no	yes	fu dai	800	15481	attach [v.] | accompany [v.]	n. 圆括号, 插入语, 附带, 插曲	yes
demur	异议	n.	ecdict-only	tem8,toefl		yes	no	no	yes	yes	yes	yi yi	790	20271	objection [n.] | dissent [n.]	vi. 提出异议, 反对, 抗辩\nn. 异议, 反对	yes
limousine	轿车	n.	ecdict-only	tem4,tem8		yes	no	no	yes	yes	yes	jiao che	786	9586	sedan [n.] | car [n.]	n. 轿车	yes
withdrawal	退回	n.	ecdict-only	tem8,toefl		yes	no	no	yes	no	yes	tui hui	783	4130	return [v.] | send back [v.]	n. 提款, 撤退, 退回, 撤消, 退隐, 戒毒过程\n[医] 戒除, 脱瘾	yes
scenario	事态	n.	ecdict-only	tem8,toefl		yes	no	no	yes	yes	yes	shi tai	776	2756	situation [n.]	n. 剧本提纲, 情节, 剧本, 方案, 事态\n[计] 方案	yes
holding	把持	n.	ecdict-only	tem8,toefl		yes	no	no	yes	no	yes	ba chi	760	5325	hold [v.]	n. 把持, 支持, 保持\n[法] 租借地, 占有物, 拥有的财产	yes
circumvent	陷害	v.	ecdict-only	tem8,toefl		yes	no	no	yes	yes	yes	xian hai	753	11924	frame [v.]	vt. 绕行, 陷害, 包围, 智取	yes
extensively	广阔	adv.	ecdict-only	tem4,toefl		yes	no	no	yes	no	yes	guang kuo	751	6985	vast [adj.] | broad [adj.]	adv. 广大, 广延, 外延, 大面积(耕种), 粗放, 广博, 广泛, 广阔	yes
consistently	坚固	adv.	ecdict-only	tem4,toefl		yes	no	no	yes	no	yes	jian gu	748	3596	firm [adj.] | solid [adj.]	adv. 坚固, 坚实, 一致, 始终如一, 连贯\n[计] 相容地	yes
disruption	瓦解	n.	ecdict-only	toefl,ielts		yes	no	no	yes	no	yes	wa jie	746	6784	collapse [v.]	n. 分裂, 崩溃, 瓦解	yes
incursion	侵入	n.	ecdict-only	tem8,toefl		yes	no	no	yes	no	yes	qin ru	744	13983	invade [v.] | intrude [v.]	n. 侵入, 侵略, 奇袭	yes
adherence	固执	n.	ecdict-only	tem8,toefl		yes	no	no	yes	no	yes	gu zhi	741	9972	stubborn [adj.]	n. 依附, 固执, 坚持\n[化] 粘合	yes
overdraft	气流	n.	ecdict-only	tem8,ielts		yes	no	no	yes	yes	yes	qi liu	724	25476	airflow [n.]	n. 透支, 透支额, 气流, 过度通风\n[经] 透支	yes
genetically	生殖	adv.	ecdict-only	tem4,toefl		yes	no	no	yes	no	yes	sheng zhi	723	6747	reproduction [n.]	adv. 创始, 遗传学, 生殖, 基因, 遗传, 发生	yes
blare	光泽	n.	ecdict-only	tem4,tem8		yes	no	no	yes	yes	yes	guang ze	718	10830	luster [n.]	n. 巨响, 吼叫声, 光泽\nvi. 高声鸣叫, 大叫\nvt. 大声喊出	yes
spoilage	糟蹋	n.	ecdict-only	toefl,ielts		yes	no	no	yes	no	yes	zao ta	703	29626	waste [v.] | ruin [v.]	n. 变质, 糟蹋, 损耗, 损坏\n[经] (原料,材料,产品)损坏	yes
recurrence	再现	n.	ecdict-only	tem8,toefl		yes	no	no	yes	no	yes	zai xian	701	10768	reproduce [v.] | reappear [v.]	n. 再现, 再发生, 反复, 循环\n[医] 复发, 再发	yes
garnish	装饰品	n.	ecdict-only	tem8,toefl		yes	no	no	yes	yes	yes	zhuang shi pin	700	9470	ornament [n.]	n. 装饰, 装饰品\nvt. 装饰	yes
depletion	耗尽	n.	ecdict-only	toefl,ielts		yes	no	no	yes	no	yes	hao jin	669	11633	exhaust [v.]	n. 消耗, 耗尽, 放血\n[医] 排除, 缺失(液体), 衰竭[状态](由于缺液)	yes
townsman	同乡	n.	ecdict-only	tem4,tem8		yes	no	no	yes	yes	yes	tong xiang	668	34128	fellow townsman [n.]	n. 镇民, 城里人, 市民, 同镇人, 同乡, 同市人	yes
saloon	沙龙	n.	ecdict-only	tem4,tem8		yes	no	no	yes	yes	yes	sha long	666	10447	salon [n.]	n. 大厅, 沙龙, 酒吧, 会客室	yes
implicitly	固有	adv.	ecdict-only	tem8,toefl		yes	no	no	yes	no	yes	gu you	662	9641	inherent [adj.]	adv. 含蓄, 不言明, 暗示, 暗指, 内含, 固有, 无疑, 绝对, 无保留\n[计] 隐含地	yes
artifice	巧妙	n.	ecdict-only	tem8,toefl		yes	no	no	yes	no	yes	qiao miao	649	18184	ingenious [adj.]	n. 诡计, 技巧, 巧妙	yes
mutation	突变	n.	ecdict-only	toefl,ielts		yes	no	no	yes	no	yes	tu bian	626	8622	mutate [v.]	n. 变化, 突变, 元音变化\n[化] 突变	yes
utterance	言辞	n.	ecdict-only	toefl,ielts		yes	no	no	yes	yes	yes	yan ci	624	12135	words [n.] | diction [n.]	n. 发声, 言辞, 表达, 说话的方式, 死\n[医] 发言, 言语, 语调	yes
freighter	运输机	n.	ecdict-only	tem8,toefl		yes	no	no	yes	yes	yes	yun shu ji	623	14604	transport plane [n.]	n. 租船人, 承运人, 托运人, 货船, 运输机\n[经] 装货人, 货主, 承运人	yes
gripe	激怒	v.	ecdict-only	tem8,toefl		yes	no	no	yes	yes	yes	ji nu	622	17456	enrage [v.]	n. 紧握, 柄, 把手, 控制\nvt. 抓紧, 抱住, 使肠痛, 激怒\nvi. 肠绞痛, 抱怨	yes
abstinence	禁欲	n.	ecdict-only	tem8,toefl		yes	no	no	yes	no	yes	jin yu	608	10794	abstain [v.]	n. 节制, 禁欲, 戒酒\n[医] 节制, 禁戒(如禁酒,节欲)	yes
profusion	挥霍	n.	ecdict-only	tem8,toefl		yes	no	no	yes	no	yes	hui huo	607	15972	squander [v.]	n. 大量, 慷慨, 挥霍, 充沛, 浪费	yes
expulsion	排气	n.	ecdict-only	tem8,ielts		yes	no	no	yes	no	yes	pai qi	606	11268	exhaust [v.]	n. 逐出, 开除, 驱逐, 排气\n[医] 逼出	yes
bristle	直立	v.	ecdict-only	tem4,tem8		yes	no	no	yes	yes	yes	zhi li	602	11066	stand upright [v.]	n. 刚毛, 猪鬃\nvi. 直立, 发怒, 充满\nvt. 使直立	yes
implicitly	内含	adv.	ecdict-only	tem8,toefl		yes	no	no	yes	no	yes	nei han	589	9641	contain [v.] | include [v.]	adv. 含蓄, 不言明, 暗示, 暗指, 内含, 固有, 无疑, 绝对, 无保留\n[计] 隐含地	yes
rhino	犀牛	n.	ecdict-only	tem4,tem8		yes	no	yes	yes	yes	yes	xi niu	589	16492	rhinoceros [n.]	n. 钱, 现金, 犀牛	yes
expulsion	逐出	n.	ecdict-only	tem8,ielts		yes	no	no	yes	no	yes	zhu chu	587	11268	expel [v.]	n. 逐出, 开除, 驱逐, 排气\n[医] 逼出	yes
clout	敲击	n.	ecdict-only	tem4,tem8		yes	no	no	yes	no	yes	qiao ji	573	8570	strike [v.] | knock [v.]	n. 敲击, 破布\nvt. 打补钉	yes
slop	污水	n.	ecdict-only	tem8,toefl		yes	no	no	yes	yes	yes	wu shui	573	22921	sewage [n.] | wastewater [n.]	n. 外衣, 工作服, 泥浆, 污水, 过分热情, 口若悬河\nvi. 溅出, 踏着泥泞前进\nvt. 使溢出, 使溅出, 弄脏	yes
lurch	惨败	n.	ecdict-only	tem8,toefl		yes	no	no	yes	yes	yes	can bai	569	9145	crushing defeat [n.]	n. 惨败, 倾斜, 挫折, 举步蹒跚, 徘徊\nvi. 惨败, 倾斜, 徘徊\nvt. 击败	yes
lurch	惨败	v.	ecdict-only	tem8,toefl		yes	no	no	yes	no	yes	can bai	569	9145	crushing defeat [n.]	n. 惨败, 倾斜, 挫折, 举步蹒跚, 徘徊\nvi. 惨败, 倾斜, 徘徊\nvt. 击败	yes
flay	抢夺	v.	ecdict-only	tem8,toefl		yes	no	no	yes	yes	yes	qiang duo	563	21222	snatch [v.]	vt. 剥皮, 去皮, 抢夺\n[医] 剥皮, 剥兽皮	yes
lass	情妇	n.	ecdict-only	tem4,tem8		yes	no	no	yes	yes	yes	qing fu	551	19382	mistress [n.]	n. 少女, 爱人, 情妇	yes
eminence	名家	n.	ecdict-only	tem8,toefl		yes	no	no	yes	yes	yes	ming jia	545	20054	famous expert [n.]	n. 显赫, 名家, 高处\n[医] 隆起, 隆凸	yes
inverse	反向	n.	ecdict-only	tem8,toefl		yes	no	no	yes	no	yes	fan xiang	533	16580	reverse [adj.]	a. 倒转的, 相反的\nn. 反向, 反面\n[计] 反白, 反色	yes
austerity	严峻	n.	ecdict-only	tem8,toefl		yes	no	no	yes	no	yes	yan jun	525	14652	severe [adj.] | grim [adj.]	n. 朴素, 苦行, 严格, 严峻	yes
ancestry	世系	n.	ecdict-only	tem8,toefl		yes	no	yes	yes	yes	yes	shi xi	522	10801	lineage [n.]	n. 祖先, 世系, 名门出身	yes
pinnacle	极点	n.	ecdict-only	toefl,ielts		yes	no	no	yes	yes	yes	ji dian	522	12574	extreme point [n.]	n. 小尖塔, 尖峰, 高峰, 极点\nvt. 造小尖塔, 置于尖顶上	yes
extremity	极点	n.	ecdict-only	tem8,toefl		yes	no	no	yes	yes	yes	ji dian	522	13554	extreme point [n.]	n. 极端, 极点, 困境, 绝境\n[医] 肢, 端	yes
rid	免除	v.	ecdict-only	tem8,toefl		yes	no	no	yes	yes	yes	mian chu	517	3041	exempt [v.] | remit [v.]	vt. 免除, 以...清除, 使获自由, 使摆脱\n[法] 免除, 清除, 摆脱	yes
jolly	恭维	v.	ecdict-only	tem4,tem8		yes	no	no	yes	yes	yes	gong wei	512	13154	compliment [v.] | flatter [v.]	a. 愉快的, 高兴的, 宜人的\nvt. 恭维, 使高兴, 取笑\nvi. 开玩笑\nadv. 非常, 极为	yes
jolly	取笑	v.	ecdict-only	tem4,tem8		yes	no	no	yes	yes	yes	qu xiao	510	13154	mock [v.]	a. 愉快的, 高兴的, 宜人的\nvt. 恭维, 使高兴, 取笑\nvi. 开玩笑\nadv. 非常, 极为	yes
bowel	内脏	n.	ecdict-only	toefl,ielts		yes	no	no	yes	yes	yes	nei zang	496	9380	internal organs [n.]	n. 肠, 内脏, 内部\nvt. 挖...的内脏	yes
sufficiency	自负	n.	ecdict-only	tem8,toefl		yes	no	no	yes	no	yes	zi fu	494	24932	arrogant [adj.]	n. 充足, 充分的数量, 自负	yes
dewdrop	露水	n.	ecdict-only	tem4,tem8		yes	no	no	yes	yes	yes	lu shui	491	40366	dew [n.]	n. 露水	yes
foray	劫掠	v.	ecdict-only	tem8,toefl		yes	no	yes	yes	yes	yes	jie lve	487	10224	plunder [v.] | loot [v.]	vi. 侵略, 劫掠, 袭击\nn. 侵掠, 侵略, 攻击	yes
introvert	内省	v.	ecdict-only	tem8,ielts		yes	no	no	yes	yes	yes	nei xing	461	26529	introspect [v.]	n. 个性内向者\nvt. 使内向, 使内弯, 内陷\nvi. 内省, 内弯\na. 性格内向的	yes
profusion	慷慨	n.	ecdict-only	tem8,toefl		yes	no	no	yes	no	yes	kang kai	449	15972	generous [adj.]	n. 大量, 慷慨, 挥霍, 充沛, 浪费	yes
genetically	遗传学	adv.	ecdict-only	tem4,toefl		yes	no	no	yes	no	yes	yi chuan xue	434	6747	genetics [n.]	adv. 创始, 遗传学, 生殖, 基因, 遗传, 发生	yes
enthral	迷住	v.	ecdict-only	tem8,toefl		yes	no	no	yes	yes	yes	mi zhu	429	999999	fascinate [v.]	vt. 迷住, 奴役, 使做奴隶, 吸引住	yes
optic	镜片	n.	ecdict-only	toefl,ielts		yes	no	no	yes	yes	yes	jing pian	425	14580	lens [n.]	a. 眼睛的, 视觉的, 光学的\nn. 镜片	yes
slop	弄脏	v.	ecdict-only	tem8,toefl		yes	no	no	yes	yes	yes	nong zang	425	22921	dirty [v.]	n. 外衣, 工作服, 泥浆, 污水, 过分热情, 口若悬河\nvi. 溅出, 踏着泥泞前进\nvt. 使溢出, 使溅出, 弄脏	yes
smoking	冒烟	n.	ecdict-only	tem8,ielts		yes	no	no	yes	no	yes	mao yan	422	4956	smoke [v.]	n. 抽烟, 冒烟\n[医] 烟熏; 吸烟	yes
slop	工作服	n.	ecdict-only	tem8,toefl		yes	no	no	yes	yes	yes	gong zuo fu	418	22921	work clothes [n.]	n. 外衣, 工作服, 泥浆, 污水, 过分热情, 口若悬河\nvi. 溅出, 踏着泥泞前进\nvt. 使溢出, 使溅出, 弄脏	yes
fiance	未婚夫	n.	ecdict-only	tem4,tem8		yes	no	no	no	new-key	yes	wei hun fu	410	11746		n. 未婚夫	yes
anomaly	畸形	n.	ecdict-only	tem8,toefl		yes	no	no	yes	no	yes	ji xing	402	8881	deformed [adj.]	n. 不规则, 反常事物, 畸形\n[医] 异常, 反常	yes
cleave	粘着	v.	ecdict-only	tem8,toefl		yes	no	yes	yes	yes	yes	zhan zhuo	400	20460	adhere [v.] | stick [v.]	vt. 劈开, 分开\nvi. 劈开, 分开, 粘着, 依恋	yes
consistently	连贯	adv.	ecdict-only	tem4,toefl		yes	no	no	yes	no	yes	lian guan	399	3596	coherent [adj.]	adv. 坚固, 坚实, 一致, 始终如一, 连贯\n[计] 相容地	yes
rift	空隙	n.	ecdict-only	tem8,toefl		yes	no	no	yes	yes	yes	kong xi	382	10462	gap [n.] | crack [n.]	n. 裂口, 空隙\nvi. 裂开\nvt. 使分开, 使割开	yes
hatchet	斧头	n.	ecdict-only	tem8,toefl		yes	no	no	yes	yes	yes	fu tou	374	17797	axe [n.]	n. 斧头, 手斧, 战斧\n[机] 小斧, 手斧	yes
abnormality	反常	n.	ecdict-only	tem8,toefl		yes	no	no	yes	no	yes	fan chang	368	11416	abnormal [adj.]	n. 反常, 畸形, 变态\n[化] 反常; 非正态性	yes
disfavour	失宠	v.	ecdict-only	tem4,tem8		yes	no	no	yes	yes	yes	shi chong	367	999999	fall out of favor [v.]	vt. 不喜欢, 冷待, 不赞成, 受冷遇, 被疏远, 失宠\nn. 不利	yes
taper	锥形	n.	ecdict-only	tem4,tem8		yes	no	no	yes	yes	yes	zhui xing	363	17027	cone [n.]	n. 带子操作工, 小蜡烛, 尖细, 渐弱, 锥形, 尖塔\na. 尖细的, 分等级的\nv. (使)一头逐渐变细, (使)逐渐减少	yes
oscillate	彷徨	v.	ecdict-only	toefl,ielts		yes	no	no	yes	yes	yes	pang huang	360	19205	wander [v.] | hesitate [v.]	vi. 振动, 彷徨, 犹豫\nvt. 使振动, 使动摇	yes
jostle	冲撞	n.	ecdict-only	tem8,ielts		yes	no	no	yes	no	yes	chong zhuang	357	13188	collide [v.] | ram [v.]	n. 推挤, 冲撞\nvi. 推挤, 冲撞\nvt. 推, 挤, 煽动	yes
jostle	冲撞	v.	ecdict-only	tem8,ielts		yes	no	no	yes	yes	yes	chong zhuang	357	13188	collide [v.] | ram [v.]	n. 推挤, 冲撞\nvi. 推挤, 冲撞\nvt. 推, 挤, 煽动	yes
incriminate	连累	v.	ecdict-only	tem8,toefl		yes	no	no	yes	yes	yes	lian lei	348	25401	implicate [v.]	vt. 连累, 暗示...有罪, 控告\n[法] 控告, 使入罪, 连累	yes
guise	穿戴	v.	ecdict-only	tem8,toefl		yes	no	no	yes	yes	yes	chuan dai	347	10606	wear [v.]	n. 相似, 外观, 伪装\nv. 穿戴, 伪装	yes
cleave	依恋	v.	ecdict-only	tem8,toefl		yes	no	no	yes	yes	yes	yi lian	346	20460	be attached to [v.]	vt. 劈开, 分开\nvi. 劈开, 分开, 粘着, 依恋	yes
rapport	融洽	n.	ecdict-only	tem8,toefl		yes	no	no	yes	no	yes	rong qia	345	12070	harmonious [adj.]	n. 关系, 融洽, 一致\n[医] 关系, 协调(病人与医师间), 感通(唯心的灵交术时)	yes
rend	裂开	v.	ecdict-only	tem8,toefl		yes	no	no	yes	yes	yes	lie kai	342	27164	split open [v.]	vt. 分裂, 劈开, 强夺, 撕碎, 划破\nvi. 撕开, 裂开	yes
consistently	坚实	adv.	ecdict-only	tem4,toefl		yes	no	no	yes	no	yes	jian shi	331	3596	solid [adj.] | firm [adj.]	adv. 坚固, 坚实, 一致, 始终如一, 连贯\n[计] 相容地	yes
pinnacle	尖峰	n.	ecdict-only	toefl,ielts		yes	no	yes	yes	yes	yes	jian feng	325	12574	peak [n.]	n. 小尖塔, 尖峰, 高峰, 极点\nvt. 造小尖塔, 置于尖顶上	yes
crib	拘禁	v.	ecdict-only	tem4,tem8		yes	no	no	yes	yes	yes	ju jin	322	9179	detain [v.]	n. 婴儿小床, 食槽, 蓄栏\nvi. 抄袭\nvt. 拘禁, 关入栅栏	yes
slop	外衣	n.	ecdict-only	tem8,toefl		yes	no	no	yes	yes	yes	wai yi	322	22921	coat [n.] | outerwear [n.]	n. 外衣, 工作服, 泥浆, 污水, 过分热情, 口若悬河\nvi. 溅出, 踏着泥泞前进\nvt. 使溢出, 使溅出, 弄脏	yes
paycheck	薪水	n.	ecdict-only	tem4,toefl		yes	no	no	yes	yes	yes	xin shui	320	7665	salary [n.]	n. 付薪水的支票, 薪水	yes
adjustment	校正	n.	ecdict-only	tem8,toefl		yes	no	no	yes	no	yes	jiao zheng	312	3121	proofread [v.] | calibrate [v.]	n. 调整, 调节, 校正\n[化] 调节	yes
starter	酵母	n.	ecdict-only	tem8,ielts		yes	no	no	yes	yes	yes	jiao mu	311	3952	yeast [n.]	n. 开端者, 在起跑线上的人, 参加赛跑的人, 调度员, 起动机, 酵母\n[计] 启动程序, 启动器	yes
overdo	过火	v.	ecdict-only	tem4,tem8		yes	no	no	yes	no	yes	guo huo	307	14137	excessive [adj.]	vt. 做得过分, 过度, 夸张, 使过分劳累\nvi. 过火	yes
splendour	显赫	n.	ecdict-only	tem4,tem8		yes	no	no	yes	no	yes	xian he	301	999999	illustrious [adj.]	n. 光辉, 壮丽, 显赫	yes
incursion	奇袭	n.	ecdict-only	tem8,toefl		yes	no	no	yes	yes	yes	qi xi	300	13983	surprise attack [n.]	n. 侵入, 侵略, 奇袭	yes
abstraction	提炼	n.	ecdict-only	toefl,ielts		yes	no	no	yes	no	yes	ti lian	292	8413	extract [v.]	n. 抽象化, 心不在焉, 空想, 提炼, 抽象派作品\n[化] 提取; 抽取; 夺取; 夺取反应; 除去	yes
proliferation	激增	n.	ecdict-only	tem8,toefl		yes	no	no	yes	no	yes	ji zeng	288	6579	surge [v.] | soar [v.]	n. 增殖, 激增\n[医] 增生, 增殖	yes
wag	摆动	v.	ecdict-only	tem8,toefl		yes	no	no	yes	yes	yes	bai dong	283	11879	swing [v.] | sway [v.]	vt. 摇摆, 摇动, 饶舌\nvi. 摆动, 喋喋不休\nn. 摇摆, 爱说笑打趣的人	yes
perquisite	外快	n.	ecdict-only	toefl,ielts		yes	no	no	yes	yes	yes	wai kuai	283	28632	extra income [n.]	n. 额外补贴, 特殊待遇, 外快\n[经] 奖金, 小费, 额外补贴	yes
demise	让渡	v.	ecdict-only	tem8,toefl		yes	no	no	yes	yes	yes	rang du	281	6878	transfer [v.] | cede [v.]	n. 崩, 薨, 死亡\nvt. 让渡, 遗赠, 转让	yes
adversely	逆向	adv.	ecdict-only	tem4,toefl		yes	no	no	yes	no	yes	ni xiang	267	12569	reverse [adj.]	adv. 不利, 有害, 相反, 逆, 敌对, 逆向	yes
withdrawal	退隐	n.	ecdict-only	tem8,toefl		yes	no	no	yes	no	yes	tui yin	264	4130	retire [v.]	n. 提款, 撤退, 退回, 撤消, 退隐, 戒毒过程\n[医] 戒除, 脱瘾	yes
rend	撕开	v.	ecdict-only	tem8,toefl		yes	no	no	yes	yes	yes	si kai	263	27164	tear open [v.]	vt. 分裂, 劈开, 强夺, 撕碎, 划破\nvi. 撕开, 裂开	yes
crosscheck	核查	n.	ecdict-only	tem4,tem8		yes	no	no	yes	no	yes	he cha	258	999999	verify [v.] | check [v.]	n. 反复核对, 核查\nvt. 反复核对, 核查	yes
crosscheck	核查	v.	ecdict-only	tem4,tem8		yes	no	no	yes	yes	yes	he cha	258	999999	verify [v.] | check [v.]	n. 反复核对, 核查\nvt. 反复核对, 核查	yes
oblivion	大赦	n.	ecdict-only	tem8,toefl		yes	no	no	yes	yes	yes	da she	257	12315	amnesty [n.]	n. 遗忘, (头脑的)一片空白状, 湮没, 大赦, 赦免\n[法] 忘却, 被忘却的事, 大赦	yes
spoilage	损耗	n.	ecdict-only	toefl,ielts		yes	no	no	yes	yes	yes	sun hao	251	29626	loss [n.] | wastage [n.]	n. 变质, 糟蹋, 损耗, 损坏\n[经] (原料,材料,产品)损坏	yes
outstrip	凌驾	v.	ecdict-only	tem8,ielts		yes	no	yes	yes	yes	yes	ling jia	245	16231	surpass [v.]	vt. 追过, 胜过, 凌驾	yes
abstraction	空想	n.	ecdict-only	toefl,ielts		yes	no	no	yes	yes	yes	kong xiang	242	8413	fantasy [n.] | daydream [n.]	n. 抽象化, 心不在焉, 空想, 提炼, 抽象派作品\n[化] 提取; 抽取; 夺取; 夺取反应; 除去	yes
expiry	断气	n.	ecdict-only	tem8,ielts		yes	no	no	yes	no	yes	duan qi	242	45750	die [v.]	n. 终结, 满期, 呼气, 断气\n[经] 满期, 到期	yes
tingle	抖动	v.	ecdict-only	tem8,toefl		yes	no	no	yes	yes	yes	dou dong	238	14576	shake [v.] | tremble [v.]	vi. 激动, 感到刺痛, 抖动\nvt. 使感刺痛\nn. 刺痛, 震颤, 耳鸣	yes
underside	底面	n.	ecdict-only	tem4,tem8		yes	no	yes	yes	yes	yes	di mian	232	11090	bottom [n.]	n. 下面, 下侧, 底面	yes
madden	发怒	v.	ecdict-only	tem8,ielts		yes	no	no	yes	yes	yes	fa nu	231	11276	get angry [v.]	vt. 使发狂, 激怒\nvi. 发狂, 发怒	yes
flay	去皮	v.	ecdict-only	tem8,toefl		yes	no	no	yes	yes	yes	qu pi	231	21222	peel [v.]	vt. 剥皮, 去皮, 抢夺\n[医] 剥皮, 剥兽皮	yes
revert	复归	v.	ecdict-only	tem8,toefl		yes	no	yes	yes	yes	yes	fu gui	229	10064	return [v.] | restore [v.]	vi. 恢复, 复归, 回复, 还原\nvt. 使回复原状, 使回转\nn. 恢复原信仰的人\n[计] 还原	yes
cavern	洞窟	n.	ecdict-only	tem8,toefl		yes	no	no	yes	yes	yes	dong ku	226	11041	cave [n.]	n. 巨穴, 洞窟, 深处\nvt. 放于山洞中, 挖空	yes
squabble	口角	v.	ecdict-only	tem8,toefl		yes	no	no	yes	no	yes	kou jiao	226	17073	corner of mouth [n.]	vi. 争吵, 口角\nn. 争吵, 口角	yes
pique	赌气	n.	ecdict-only	tem8,toefl		yes	no	no	yes	no	yes	du qi	224	16736	sulk [v.]	n. 赌气, 愤怒, 不快, 凹凸织物\nvt. 伤害...自尊心, 激怒, 刺激, 引起兴趣, 使兴奋	yes
implicitly	暗指	adv.	ecdict-only	tem8,toefl		yes	no	no	yes	no	yes	an zhi	219	9641	imply [v.] | insinuate [v.]	adv. 含蓄, 不言明, 暗示, 暗指, 内含, 固有, 无疑, 绝对, 无保留\n[计] 隐含地	yes
strut	肿胀	v.	ecdict-only	tem8,toefl		yes	no	no	yes	yes	yes	zhong zhang	217	11486	swell [v.]	n. 高视阔步, 支柱, 压杆\nvi. 趾高气扬地走, 肿胀\nvt. 用支柱支撑, 炫耀	yes
particulate	微粒	n.	ecdict-only	toefl,ielts		yes	no	no	yes	yes	yes	wei li	213	15530	particle [n.]	n. 微粒\na. 微粒的	yes
hale	拖曳	v.	ecdict-only	tem8,toefl		yes	no	no	yes	yes	yes	tuo ye	210	999999	tow [v.]	a. 强壮的, 矍铄的, 健壮的\nvt. 猛拉, 拖曳	yes
madden	发狂	v.	ecdict-only	tem8,ielts		yes	no	no	yes	yes	yes	fa kuang	207	11276	go crazy [v.]	vt. 使发狂, 激怒\nvi. 发狂, 发怒	yes
vulgarity	粗话	n.	ecdict-only	tem8,toefl		yes	no	no	yes	yes	yes	cu hua	199	19407	vulgar language [n.]	n. 粗俗, 粗鄙, 粗话\n[法] 粗鄙, 粗野行为	yes
repute	名望	n.	ecdict-only	tem8,toefl		yes	no	no	yes	yes	yes	ming wang	198	18809	prestige [n.]	n. 名望, 名气, 声望\nvt. 认为, 以为	yes
predisposition	天性	n.	ecdict-only	tem8,ielts		yes	no	no	yes	yes	yes	tian xing	195	14376	nature [n.]	n. 爱好, 素质, 癖性, 天性, 倾向, 易感受性\n[医] 素因, 素质	yes
palpitate	悸动	v.	ecdict-only	toefl,ielts		yes	no	no	yes	no	yes	ji dong	190	37607	palpitation [n.]	vi. 悸动, 心跳, 发抖\n[医] 心悸	yes
fealty	忠贞	n.	ecdict-only	tem8,toefl		yes	no	no	yes	no	yes	zhong zhen	178	26862	loyal [adj.] | faithful [adj.]	n. 忠诚, 忠贞, 忠实	yes
seizure	充公	n.	ecdict-only	tem4,tem8		yes	no	no	yes	no	yes	chong gong	176	7373	confiscate [v.]	n. 捕获, 夺取, 占领, 捕获物, 没收, 充公\n[医] 发作; 癫痫发作	yes
beguile	诱骗	v.	ecdict-only	tem8,toefl		yes	no	no	yes	yes	yes	you pian	173	25475	lure [v.] | deceive [v.]	vt. 诱骗	yes
hatchet	战斧	n.	ecdict-only	tem8,toefl		yes	no	no	yes	yes	yes	zhan fu	164	17797	battle-axe [n.]	n. 斧头, 手斧, 战斧\n[机] 小斧, 手斧	yes
splendour	壮丽	n.	ecdict-only	tem4,tem8		yes	no	no	yes	no	yes	zhuang li	158	999999	magnificent [adj.]	n. 光辉, 壮丽, 显赫	yes
inflection	变调	n.	ecdict-only	tem8,toefl		yes	no	no	yes	no	yes	bian diao	151	16353	modulate [v.] | change tone [v.]	n. 屈曲, 变调, 音调变化	yes
abstraction	心不在焉	n.	ecdict-only	toefl,ielts		yes	no	no	yes	no	yes	xin bu zai yan	149	8413	absent-minded [phr.]	n. 抽象化, 心不在焉, 空想, 提炼, 抽象派作品\n[化] 提取; 抽取; 夺取; 夺取反应; 除去	yes
consistently	始终如一	adv.	ecdict-only	tem4,toefl		yes	no	no	yes	no	yes	shi zhong ru yi	147	3596	consistent [phr.]	adv. 坚固, 坚实, 一致, 始终如一, 连贯\n[计] 相容地	yes
portfolio	皮包	n.	ecdict-only	tem8,ielts		yes	no	no	yes	yes	yes	pi bao	141	3809	leather bag [n.]	n. 皮包, 公文包, 部长职务, 有价证券财产目录, 艺术代表作选辑\n[法] 公文包, 文件夹, 阁员职务	yes
seethe	翻腾	n.	ecdict-only	tem8,toefl		yes	no	no	yes	no	yes	fan teng	141	14528	tumble [v.] | churn [v.]	vi. 冒泡, 沸腾\nvt. 使煮沸, 使浸透\nn. 翻腾	yes
slouch	耷拉	n.	ecdict-only	tem8,ielts		yes	no	no	yes	no	yes	da la	128	14401	droop [v.]	n. 没精打采的样子, 耷拉, 笨人\nvi. 没精打采地走, 耷拉着\nvt. 使低垂	yes
horde	成群结队	v.	ecdict-only	tem8,toefl		yes	no	no	yes	no	yes	cheng qun jie dui	122	10933	in groups [phr.]	n. (一)群, 游牧部落, 移动群\nvi. 成群结队	yes
anguish	剧痛	n.	ecdict-only	tem8,toefl		yes	no	no	yes	yes	yes	ju tong	121	8411	severe pain [n.]	n. 剧痛, 痛苦\nvt. 使极痛苦\nvi. 感到痛苦	yes
elaboration	精巧	n.	ecdict-only	toefl,ielts		yes	no	no	yes	no	yes	jing qiao	120	13692	exquisite [adj.]	n. 苦心经营, 精巧\n[计] 确立	yes
imposition	课税	n.	ecdict-only	tem8,toefl		yes	no	no	yes	no	yes	ke shui	118	11155	tax [v.] | levy [v.]	n. 征收, 课税, 强加, 欺骗\n[经] 征税, 税, 税款	yes
eon	万古	n.	ecdict-only	tem8,toefl		yes	no	no	yes	yes	yes	wan gu	112	17054	eternity [n.]	n. 永世, 万古	yes
snarl	吼叫	v.	ecdict-only	tem8,toefl		yes	no	no	yes	yes	yes	hou jiao	111	12288	roar [v.] | shout [v.]	vi. 吼叫, 怒骂, 缠结\nvt. 咆哮着说, 搞乱, 使缠结\nn. 咆哮, 吼叫, 怒骂, 缠结, 混乱	yes
snarl	吼叫	n.	ecdict-only	tem8,toefl		yes	no	no	yes	no	yes	hou jiao	111	12288	roar [v.] | shout [v.]	vi. 吼叫, 怒骂, 缠结\nvt. 咆哮着说, 搞乱, 使缠结\nn. 咆哮, 吼叫, 怒骂, 缠结, 混乱	yes
hieroglyphics	象形文字	n.	ecdict-only	tem4,tem8		yes	no	no	yes	yes	yes	xiang xing wen zi	107	999999	hieroglyph [n.]	n. 象形文字	yes
emanate	发源	v.	ecdict-only	tem8,toefl		yes	no	no	yes	yes	yes	fa yuan	98	8681	originate [v.]	vi. 散发, 发出, 发源	yes
demur	抗辩	v.	ecdict-only	tem8,toefl		yes	no	no	yes	yes	yes	kang bian	98	20271	plead [v.] | defend [v.]	vi. 提出异议, 反对, 抗辩\nn. 异议, 反对	yes
depletion	放血	n.	ecdict-only	toefl,ielts		yes	no	no	yes	no	yes	fang xue	97	11633	bleed [v.]	n. 消耗, 耗尽, 放血\n[医] 排除, 缺失(液体), 衰竭[状态](由于缺液)	yes
adversely	不利	adv.	ecdict-only	tem4,toefl		yes	no	no	yes	no	yes	bu li	95	12569	unfavorable [adj.]	adv. 不利, 有害, 相反, 逆, 敌对, 逆向	yes
slop	泥浆	n.	ecdict-only	tem8,toefl		yes	no	no	yes	yes	yes	ni jiang	95	22921	mud [n.] | slurry [n.]	n. 外衣, 工作服, 泥浆, 污水, 过分热情, 口若悬河\nvi. 溅出, 踏着泥泞前进\nvt. 使溢出, 使溅出, 弄脏	yes
disfavour	不利	n.	ecdict-only	tem4,tem8		yes	no	no	yes	no	yes	bu li	95	999999	unfavorable [adj.]	vt. 不喜欢, 冷待, 不赞成, 受冷遇, 被疏远, 失宠\nn. 不利	yes
wag	喋喋不休	v.	ecdict-only	tem8,toefl		yes	no	no	yes	no	yes	die die bu xiu	94	11879	talk endlessly [phr.]	vt. 摇摆, 摇动, 饶舌\nvi. 摆动, 喋喋不休\nn. 摇摆, 爱说笑打趣的人	yes
dispensary	诊疗所	n.	ecdict-only	tem4,tem8		yes	no	no	yes	yes	yes	zhen liao suo	94	23361	clinic [n.]	n. (尤指医院的)药房, 诊疗所\n[医] 医务所, 防治所, 药房	yes
condensation	冷凝	n.	ecdict-only	toefl,ielts		yes	no	no	yes	no	yes	leng ning	93	15298	condense [v.]	n. 压缩, 凝缩, 冷凝\n[化] 冷凝; 冷凝作用; 缩合; 缩合作用; 凝聚; 凝聚作用; 凝结作用	yes
lunge	突进	v.	ecdict-only	tem8,toefl		yes	no	no	yes	yes	yes	tu jin	89	9514	charge [v.] | dash [v.]	n. 刺, 刺进, 跃进, 套马索\nv. 突进, 刺	yes
hurtle	突进	v.	ecdict-only	tem8,toefl		yes	no	no	yes	yes	yes	tu jin	89	12521	charge [v.] | dash [v.]	vi. 猛冲, 碰撞, 突进\nvt. 猛撞, 猛投\nn. 投掷, 碰撞, 碰撞声	yes
pique	不快	n.	ecdict-only	tem8,toefl		yes	no	no	yes	no	yes	bu kuai	86	16736	unhappy [adj.] | displeased [adj.]	n. 赌气, 愤怒, 不快, 凹凸织物\nvt. 伤害...自尊心, 激怒, 刺激, 引起兴趣, 使兴奋	yes
extensively	广博	adv.	ecdict-only	tem4,toefl		yes	no	no	yes	no	yes	guang bo	84	6985	broad [adj.] | extensive [adj.]	adv. 广大, 广延, 外延, 大面积(耕种), 粗放, 广博, 广泛, 广阔	yes
hoax	哄骗	v.	ecdict-only	tem8,toefl		yes	no	no	yes	yes	yes	hong pian	81	13170	deceive [v.]	vt. 欺骗, 哄骗, 愚弄\nn. 愚弄人, 恶作剧	yes
gentility	彬彬有礼	n.	ecdict-only	tem8,toefl		yes	no	no	yes	no	yes	bin bin you li	77	27599	refined and courteous [phr.]	n. 出身高贵, 绅士们, 上流阶层, 斯文, 有教养, 彬彬有礼, 文雅, 装体面, 假斯文	yes
starter	调度员	n.	ecdict-only	tem8,ielts		yes	no	yes	yes	yes	yes	diao du yuan	75	3952	dispatcher [n.]	n. 开端者, 在起跑线上的人, 参加赛跑的人, 调度员, 起动机, 酵母\n[计] 启动程序, 启动器	yes
vulgarity	粗鄙	n.	ecdict-only	tem8,toefl		yes	no	no	yes	no	yes	cu bi	75	19407	vulgar [adj.]	n. 粗俗, 粗鄙, 粗话\n[法] 粗鄙, 粗野行为	yes
swoop	攫取	n.	ecdict-only	tem8,toefl		yes	no	no	yes	no	yes	jue qu	72	9667	seize [v.]	n. 俯冲, 攫取\nvt. 抓取\nvi. 猛扑, 突然袭击	yes
demise	遗赠	v.	ecdict-only	tem8,toefl		yes	no	no	yes	yes	yes	yi zeng	71	6878	bequeath [v.]	n. 崩, 薨, 死亡\nvt. 让渡, 遗赠, 转让	yes
unsettle	搅乱	v.	ecdict-only	tem8,toefl		yes	no	no	yes	yes	yes	jiao luan	70	9564	disturb [v.] | disrupt [v.]	vt. 使移动, 搅乱, 使动摇, 使不安宁\nvi. 动荡不定, 离开固定位置	yes
dormancy	蛰伏	n.	ecdict-only	toefl,ielts		yes	no	no	yes	no	yes	zhe fu	70	27692	hibernate [v.] | lie low [v.]	n. 不活动性, 休眠, 蛰伏\n[医] 休眠, 不活动, 休止	yes
fluency	雄辩	n.	ecdict-only	tem8,ielts		yes	no	no	yes	no	yes	xiong bian	68	13181	eloquent [adj.]	n. 流畅, 雄辩, 善辩	yes
jostle	推挤	n.	ecdict-only	tem8,ielts		yes	no	no	yes	no	yes	tui ji	65	13188	push and shove [v.]	n. 推挤, 冲撞\nvi. 推挤, 冲撞\nvt. 推, 挤, 煽动	yes
scamper	蹦跳	n.	ecdict-only	tem8,ielts		yes	no	no	yes	no	yes	beng tiao	65	14986	jump [v.]	n. 蹦跳, 奔跑, 浏览\nvi. 蹦跳, 奔跑, 浏览	yes
scamper	蹦跳	v.	ecdict-only	tem8,ielts		yes	no	no	yes	yes	yes	beng tiao	65	14986	jump [v.]	n. 蹦跳, 奔跑, 浏览\nvi. 蹦跳, 奔跑, 浏览	yes
mince	装腔作势	v.	ecdict-only	tem8,toefl		yes	no	no	yes	no	yes	zhuang qiang zuo shi	61	8153	put on airs [phr.]	n. 切碎物\nvt. 切碎, 矫揉做作地说\nvi. 碎步走, 装腔作势	yes
lug	装腔作势	n.	ecdict-only	tem8,toefl		yes	no	no	yes	no	yes	zhuang qiang zuo shi	61	11771	put on airs [phr.]	v. 拖, 拉\nn. 一拖, 一拉, 耳朵, 耳状物, 装腔作势, 勒索	yes
distaste	嫌恶	n.	ecdict-only	tem4,tem8		yes	no	no	yes	no	yes	xian wu	60	13721	detest [v.] | loathe [v.]	n. 讨厌, 嫌恶	yes
doodle	傻子	n.	ecdict-only	tem8,toefl		yes	no	no	yes	yes	yes	sha zi	60	21799	fool [n.]	vi. 涂鸦, 混时间\nn. 傻子	yes
tingle	刺痛	n.	ecdict-only	tem8,toefl		yes	no	no	yes	no	yes	ci tong	59	14576	sting [v.] | prick [v.]	vi. 激动, 感到刺痛, 抖动\nvt. 使感刺痛\nn. 刺痛, 震颤, 耳鸣	yes
recitation	吟诵	n.	ecdict-only	tem4,tem8		yes	no	no	yes	no	yes	yin song	59	15075	chant [v.] | recite [v.]	n. 详述, 吟诵, 背诵的诗\n[法] 叙述, 评述, 书面陈述	yes
mannerism	矫揉造作	n.	ecdict-only	toefl,ielts		yes	no	no	yes	no	yes	jiao rou zao zuo	58	17874	artificial [phr.] | affected [phr.]	n. 矫揉造作, 习性\n[医] 装相, 作态	yes
notoriety	臭名	n.	ecdict-only	tem8,ielts		yes	no	no	yes	yes	yes	chou ming	57	12965	infamy [n.]	n. 恶名, 臭名, 声名狼藉	yes
saloon	会客室	n.	ecdict-only	tem4,tem8		yes	no	no	yes	yes	yes	hui ke shi	56	10447	reception room [n.]	n. 大厅, 沙龙, 酒吧, 会客室	yes
corroborate	确证	v.	ecdict-only	tem8,toefl		yes	no	yes	yes	yes	yes	que zheng	51	11342	confirm [v.]	vt. 巩固, 确证\n[法] 确证, 确定, 证实	yes
arousal	奋发	n.	ecdict-only	toefl,ielts		yes	no	no	yes	no	yes	fen fa	50	9686	strive [v.] | rouse oneself [v.]	n. 奋发, 激励	yes
haggle	杀价	v.	ecdict-only	tem8,toefl		yes	no	no	yes	yes	yes	sha jia	43	16766	bargain [v.]	vi. 争论, 杀价\nvt. 乱砍, 乱劈\nn. 杀价, 讨论, 争论	yes
haggle	杀价	n.	ecdict-only	tem8,toefl		yes	no	no	yes	no	yes	sha jia	43	16766	bargain [v.]	vi. 争论, 杀价\nvt. 乱砍, 乱劈\nn. 杀价, 讨论, 争论	yes
aridity	不毛	n.	ecdict-only	toefl,ielts		yes	no	no	yes	no	yes	bu mao	43	33318	barren [adj.]	n. 干旱, 不毛, 乏味	yes
tingle	震颤	n.	ecdict-only	tem8,toefl		yes	no	no	yes	no	yes	zhen chan	42	14576	tremble [v.]	vi. 激动, 感到刺痛, 抖动\nvt. 使感刺痛\nn. 刺痛, 震颤, 耳鸣	yes
dearth	饥馑	n.	ecdict-only	toefl,ielts		yes	no	yes	yes	yes	yes	ji jin	41	14013	famine [n.]	n. 缺乏, 粮食不足, 饥馑	yes
florist	花匠	n.	ecdict-only	tem8,toefl		yes	no	no	yes	yes	yes	hua jiang	38	14041	gardener [n.]	n. 花匠, 花商, 花卉研究者	yes
extensively	粗放	adv.	ecdict-only	tem4,toefl		yes	no	no	yes	no	yes	cu fang	37	6985	extensive [adj.]	adv. 广大, 广延, 外延, 大面积(耕种), 粗放, 广博, 广泛, 广阔	yes
stampede	蜂拥	n.	ecdict-only	tem8,toefl		yes	no	no	yes	no	yes	feng yong	36	17310	swarm [v.] | flock [v.]	v. (使)惊跑, (使)蜂拥\nn. 惊跑, 蜂拥	yes
snarl	缠结	n.	ecdict-only	tem8,toefl		yes	no	no	yes	no	yes	chan jie	32	12288	tangle [v.] | entangle [v.]	vi. 吼叫, 怒骂, 缠结\nvt. 咆哮着说, 搞乱, 使缠结\nn. 咆哮, 吼叫, 怒骂, 缠结, 混乱	yes
tingle	耳鸣	n.	ecdict-only	tem8,toefl		yes	no	no	yes	yes	yes	er ming	31	14576	tinnitus [n.]	vi. 激动, 感到刺痛, 抖动\nvt. 使感刺痛\nn. 刺痛, 震颤, 耳鸣	yes
urchin	淘气鬼	n.	ecdict-only	toefl,ielts		yes	no	no	yes	yes	yes	tao qi gui	31	15461	naughty child [n.]	n. 淘气鬼, 顽童	yes
taper	尖细	n.	ecdict-only	tem4,tem8		yes	no	no	yes	no	yes	jian xi	31	17027	sharp [adj.] | thin [adj.]	n. 带子操作工, 小蜡烛, 尖细, 渐弱, 锥形, 尖塔\na. 尖细的, 分等级的\nv. (使)一头逐渐变细, (使)逐渐减少	yes
quay	驳岸	n.	ecdict-only	tem4,tem8		yes	no	no	yes	yes	yes	bo an	28	22357	revetment [n.]	n. 码头, 驳岸\n[经] 贴岸码头	yes
introvert	内陷	v.	ecdict-only	tem8,ielts		yes	no	yes	yes	yes	yes	nei xian	27	26529	invaginate [v.]	n. 个性内向者\nvt. 使内向, 使内弯, 内陷\nvi. 内省, 内弯\na. 性格内向的	yes
smudge	脏污	n.	ecdict-only	tem4,tem8		yes	no	no	yes	yes	yes	zang wu	26	15864	dirt [n.]	n. 污点, 脏污, 熏烟\nvt. 弄脏, 使模糊, 用浓烟熏\nvi. 被弄脏	yes
slop	口若悬河	n.	ecdict-only	tem8,toefl		yes	no	no	yes	no	yes	kou ruo xuan he	24	22921	eloquent [phr.]	n. 外衣, 工作服, 泥浆, 污水, 过分热情, 口若悬河\nvi. 溅出, 踏着泥泞前进\nvt. 使溢出, 使溅出, 弄脏	yes
affluence	流注	n.	ecdict-only	tem8,toefl		yes	no	no	yes	yes	yes	liu zhu	13	14739	abscess [n.]	n. 富裕, 丰富, 流注\n[医] 丰富, 流入	yes
amenity	适意	n.	ecdict-only	tem8,toefl		yes	no	no	yes	no	yes	shi yi	9	999999	comfortable [adj.]	n. 便利设施, 适意, 礼仪\n[法] 舒适, 方便, 优雅	yes
reminiscence	话旧	n.	ecdict-only	tem4,tem8		yes	no	no	yes	no	yes	hua jiu	8	17145	talk about old times [v.]	n. 回想, 回忆, 怀旧, 话旧	yes
sling	吊钩	n.	ecdict-only	tem4,tem8		yes	no	no	yes	yes	yes	diao gou	7	9834	hook [n.]	n. 投石器, 抛掷, 吊索, 吊钩\nvt. 用投石器投掷, 用吊钩吊上, 吊起	yes
condensation	凝缩	n.	ecdict-only	toefl,ielts		yes	no	no	yes	no	yes	ning suo	7	15298	condense [v.]	n. 压缩, 凝缩, 冷凝\n[化] 冷凝; 冷凝作用; 缩合; 缩合作用; 凝聚; 凝聚作用; 凝结作用	yes
deliberation	熟虑	n.	ecdict-only	tem8,toefl		yes	no	no	yes	no	yes	shu lv	6	7957	consider carefully [v.]	n. 熟虑, 熟思, 审议\n[法] 慎重考虑, 商讨, 审议	yes
frugality	俭省	n.	ecdict-only	tem8,toefl		yes	no	no	yes	no	yes	jian sheng	5	23149	frugal [adj.] | thrifty [adj.]	n. 节俭, 俭省	yes
generalise	泛论	v.	ecdict-only	tem8,ielts		yes	no	no	yes	no	yes	fan lun	3	999999	general discussion [n.]	vt.vi. (使)一般化, 从...引出一般性结论, 泛论, 概括出, 归纳出, 使广义化	yes
predisposition	癖性	n.	ecdict-only	tem8,ielts		yes	no	no	yes	yes	yes	pi xing	1	14376	habit [n.] | propensity [n.]	n. 爱好, 素质, 癖性, 天性, 倾向, 易感受性\n[医] 素因, 素质	yes
veritable	真的	adj.	ecdict-only	tem8		yes	no	no	yes	no	yes	zhen de	323108	13248	really [adv.] | truly [adv.]	a. 名副其实的, 真实的, 确实的, 真的	yes
insomuch	因为	adv.	ecdict-only	tem8		yes	no	no	yes	no	yes	yin wei	222834	999999	because [conj.]	adv. 到这样的程度, 如此地, 因为, 由于	yes
primacy	第一	n.	ecdict-only	toefl		yes	no	no	yes	no	yes	di yi	190295	12762	first [num.]	n. 第一, 首位, 卓越	yes
visually	看到	adv.	ecdict-only	toefl		yes	no	no	yes	no	yes	kan dao	189250	6319	see [v.] | notice [v.]	adv. 看, 视力, 视觉, 可见, 凭视力, 看到, 看得见, 光学, 形象化, 栩栩如生	yes
starting	开始	n.	ecdict-only	ielts		yes	no	no	yes	no	yes	kai shi	180403	3899	start [v.]	n. 开端, 开始, 出发, 起动, 开动\n[机] 开动, 起动	yes
movies	电影	n.	ecdict-only	ielts		yes	no	no	yes	yes	yes	dian ying	119536	999999	movie [n.] | film [n.]	n. 电影	yes
issues	问题	n.	ecdict-only	ielts		yes	no	no	yes	yes	yes	wen ti	111102	999999	problem [n.] | question [n.]	n. 议题, 问题；争点；债券（issue的复数）	yes
problems	问题	n.	ecdict-only	ielts		yes	no	no	yes	yes	yes	wen ti	111102	999999	problem [n.] | question [n.]	n. 问题；难题（problem的复数）	yes
precisely	不错	adv.	ecdict-only	toefl		yes	no	no	yes	no	yes	bu cuo	110386	2579	not bad [adj.]	adv. 精确地, 明确地, 刻板地, 拘泥地, 正好, 恰恰, 对, 正是如此, 确实如此, 不错	yes
extraordinarily	特别	adv.	ecdict-only	toefl		yes	no	no	yes	no	yes	te bie	102243	7314	special [adj.] | especially [adj.]	adv. 非凡, 破例, 特别, 非常, 离奇, 使人惊奇, 惊人, 特命, 特派	yes
peculiarly	特别	adv.	ecdict-only	toefl		yes	no	no	yes	no	yes	te bie	102243	16963	special [adj.] | especially [adj.]	adv. 特别, 尤其, 奇怪地	yes
companies	公司	n.	ecdict-only	ielts		yes	no	no	yes	yes	yes	gong si	96719	999999	company [n.]	n. 公司, 企业；公司财产；伙伴（company的复数形式）	yes
firms	公司	n.	ecdict-only	ielts		yes	no	no	yes	yes	yes	gong si	96719	999999	company [n.]	n. 公司, 厂商（firm的复数）	yes
conclusively	最后	adv.	ecdict-only	toefl		yes	no	no	yes	no	yes	zui hou	91332	17535	last [n.] | final [n.]	adv. 最后, 释疑, 确定性, 结论性	yes
powerfully	很多	adv.	ecdict-only	toefl		yes	no	no	yes	no	yes	hen duo	90750	10870	many [adj.] | much [adj.]	adv. 强有力, 强大, 效力大, 有权威, 权力大, 有影响, 很多, 相当, 非常	yes
readiness	准备	n.	ecdict-only	tem8		yes	no	no	yes	no	yes	zhun bei	85828	7489	prepare [v.]	n. 预备, 准备, 敏捷	yes
conceivably	以为	adv.	ecdict-only	toefl		yes	no	no	yes	no	yes	yi wei	84471	11991	think [v.]	adv. 想得到地, 想象上, 以为	yes
symbolise	代表	v.	ecdict-only	tem8		yes	no	yes	yes	yes	yes	dai biao	82598	999999	represent [v.]	vt. 象征, 代表, 作为...的象征\nvt.vi. 用符号表示, 使用符号	yes
governments	政府	n.	ecdict-only	ielts		yes	no	no	yes	yes	yes	zheng fu	80620	999999	government [n.]	n. 政权；政府；可转让政府证券（government的复数）	yes
bespeak	表示	v.	ecdict-only	toefl		yes	no	no	yes	yes	yes	biao shi	80607	22202	express [v.] | show [v.]	vt. 预约, 订, 表示\nn. 预约	yes
stations	车站	n.	ecdict-only	ielts		yes	no	no	yes	yes	yes	che zhan	74801	999999	station [n.]	n. 车站；驻地；位置（station的复数形式）	yes
lookout	注意	n.	ecdict-only	tem8		yes	no	no	yes	no	yes	zhu yi	67417	10483	pay attention [v.]	n. 注意, 前途, 了望台, 景色\n[法] 看守, 守望	yes
universally	一般	adv.	ecdict-only	toefl		yes	no	no	yes	no	yes	yi ban	66923	8939	general [adj.] | ordinary [adj.]	adv. 宇宙, 全世界, 普遍, 一般, 普通, 全体, 一致, 通用, 万能, 广用, 广泛	yes
photographs	照片	n.	ecdict-only	ielts		yes	no	no	yes	yes	yes	zhao pian	64796	999999	photo [n.] | picture [n.]	n. 照片；逼真的描绘（photograph的复数）	yes
photos	照片	n.	ecdict-only	ielts		yes	no	no	yes	yes	yes	zhao pian	64796	999999	photo [n.] | picture [n.]	n. 照片, 图片；相册（photo的复数形式）	yes
advocacy	支持	n.	ecdict-only	tem8		yes	no	no	yes	no	yes	zhi chi	63877	5074	support [v.]	n. 拥护, 支持, 鼓吹, 辩护, 辩护术\n[法] 辩护, 拥护, 提倡	yes
underpin	支持	v.	ecdict-only	ielts		yes	no	yes	yes	yes	yes	zhi chi	63877	15343	support [v.]	vt. 从下面支承, 支撑, 支持\n[经] 支撑	yes
noticeably	重要	adv.	ecdict-only	toefl		yes	no	no	yes	no	yes	zhong yao	62521	11377	important [adj.]	adv. 显而易见, 值得注意, 重要, 显著	yes
personage	人物	n.	ecdict-only	tem8		yes	no	no	yes	yes	yes	ren wu	61819	19862	person [n.] | figure [n.]	n. 重要人士, 显要, 名士, 人物, 角色	yes
cognizance	认识	n.	ecdict-only	toefl		yes	no	no	yes	no	yes	ren shi	60112	32457	know [v.] | recognize [v.]	n. 认识, 察知, 审理	yes
ploy	活动	n.	ecdict-only	toefl		yes	no	no	yes	yes	yes	huo dong	59639	11458	activity [n.]	n. 手段, 活动, 玩乐	yes
outcrop	出现	v.	ecdict-only	toefl		yes	no	no	yes	yes	yes	chu xian	56028	19248	appear [v.] | emerge [v.]	n. 露出, 露头, 爆发\nvi. 露出地表, 出现	yes
termination	结果	n.	ecdict-only	toefl		yes	no	yes	yes	yes	yes	jie guo	55244	10020	result [n.]	n. 终止, 结束, 结果, 词尾\n[化] 终止	yes
outgrowth	结果	n.	ecdict-only	toefl		yes	no	no	yes	yes	yes	jie guo	55244	16635	result [n.]	n. 自然的发展, 结果, 副产物, 分枝\n[医] 赘疣	yes
results	结果	n.	ecdict-only	ielts		yes	no	no	yes	yes	yes	jie guo	55244	999999	result [n.]	n. 结果；成绩（result的复数）	yes
gage	估计	v.	ecdict-only	toefl		yes	no	no	yes	yes	yes	gu ji	54782	39299	estimate [v.]	n. 抵押品, 挑战\nvt. 以...为担保, 以...为赌注\nn. 抵押品, 标准度量, 计量器\nvt. 精确计量, 估计	yes
differently	不同	adv.	ecdict-only	toefl		yes	no	no	yes	no	yes	bu tong	53578	3133	different [adj.]	adv. 差异, 不同, 各别, 各种	yes
variously	不同	adv.	ecdict-only	toefl		yes	no	no	yes	no	yes	bu tong	53578	13051	different [adj.]	adv. 各种各样, 种种, 不同, 多方面, 多才多艺, 许多, 各个, 个别, 杂色, 彩色	yes
tremendously	非常	adv.	ecdict-only	toefl		yes	no	no	yes	yes	yes	fei chang	53300	8855	very [adv.]	adv. 极大地; 极端地; 极其; 非常	yes
powerfully	非常	adv.	ecdict-only	toefl		yes	no	no	yes	yes	yes	fei chang	53300	10870	very [adv.]	adv. 强有力, 强大, 效力大, 有权威, 权力大, 有影响, 很多, 相当, 非常	yes
setup	组织	n.	ecdict-only	toefl		yes	no	no	yes	no	yes	zu zhi	51880	5868	organize [v.]	n. 装备, 组织, 计划, 机构, 调整, 设置\n[计] 设置	yes
terms	关系	n.	ecdict-only	ielts		yes	no	no	yes	yes	yes	guan xi	51604	1285	relation [n.] | relationship [n.]	n. 条件, 条款, 费用, 价钱, 关系, 地位, 交谊\n[经] 条件	yes
relations	关系	n.	ecdict-only	ielts		yes	no	no	yes	yes	yes	guan xi	51604	999999	relation [n.] | relationship [n.]	n. 交往, 关系, 事务	yes
conditions	情况	n.	ecdict-only	ielts		yes	no	no	yes	yes	yes	qing kuang	50575	999999	situation [n.]	n. 形势, 情况, 环境	yes
unquestionably	确实	adv.	ecdict-only	toefl		yes	no	no	yes	yes	yes	que shi	50388	13286	indeed [adv.] | really [adv.]	adv. 毫无疑问, 不成问题, 无可非议, 确实	yes
seals	决定	v.	ecdict-only	tem8		yes	no	no	yes	yes	yes	jue ding	49972	999999	decide [v.] | determine [v.]	n. 海豹( seal的名词复数 ); 批准; （火漆）封印; 印章\nv. 密封( seal的第三人称单数 ); 决定; 确定; 封上（信封）	yes
abruptness	突然	n.	ecdict-only	toefl		yes	no	no	yes	no	yes	tu ran	47831	31961	suddenly [adv.]	n. 突然, 唐突	yes
planning	设计	n.	ecdict-only	ielts		yes	no	no	yes	no	yes	she ji	47594	2169	design [v.]	n. 计划的制订, 策划, 设计, 规划\n[计] 计划, 规划	yes
auspices	保护	n.	ecdict-only	toefl		yes	no	no	yes	no	yes	bao hu	45530	999999	protect [v.]	n. 赞助, 主办, 保护	yes
patronise	保护	v.	ecdict-only	tem8		yes	no	no	yes	yes	yes	bao hu	45530	999999	protect [v.]	vt. 庇护, 资助, 赞助, 保护, 光顾, 惠顾, 对...以恩人自居	yes
buildup	发展	n.	ecdict-only	toefl		yes	no	no	yes	no	yes	fa zhan	42902	7749	develop [v.]	n. 发展, 集结, 增强	yes
fulfillment	结束	n.	ecdict-only	ielts		yes	no	no	yes	no	yes	jie shu	40602	8717	end [v.] | finish [v.]	n. 履行, 结束, 完成, 实现, 满意, 称心	yes
termination	结束	n.	ecdict-only	toefl		yes	no	no	yes	no	yes	jie shu	40602	10020	end [v.] | finish [v.]	n. 终止, 结束, 结果, 词尾\n[化] 终止	yes
fulfilment	结束	n.	ecdict-only	tem8		yes	no	no	yes	no	yes	jie shu	40602	34001	end [v.] | finish [v.]	n. 履行, 结束, 完成, 实现, 满意, 称心\n[法] 履行, 实现, 完成	yes
administrate	管理	v.	ecdict-only	toefl		yes	no	no	yes	yes	yes	guan li	39832	36644	manage [v.]	vt. 管理, 支配	yes
options	选择	n.	ecdict-only	ielts		yes	no	no	yes	no	yes	xuan ze	39724	999999	choose [v.] | select [v.]	n. 选择；期权；选择项（option的复数）	yes
wale	选择	n.	ecdict-only	toefl		yes	no	no	yes	no	yes	xuan ze	39724	999999	choose [v.] | select [v.]	n. 隆起的伤痕, 鞭痕, 凸条纹, 精华, 选择\nvt. 在...上留下鞭痕, 织成棱纹, 挑选, 撑住\nvi. 挑选	yes
differently	各种	adv.	ecdict-only	toefl		yes	no	no	yes	no	yes	ge zhong	39656	3133	various [adj.]	adv. 差异, 不同, 各别, 各种	yes
exams	考试	n.	ecdict-only	ielts		yes	no	no	yes	yes	yes	kao shi	38518	999999	exam [n.] | test [n.]	n. 考试；检查（exam的复数）	yes
majors	专业	n.	ecdict-only	ielts		yes	no	no	yes	yes	yes	zhuan ye	37460	999999	major [n.] | specialty [n.]	n. 专业；主修（major的复数）	yes
professions	专业	n.	ecdict-only	ielts		yes	no	no	yes	yes	yes	zhuan ye	37460	999999	major [n.] | specialty [n.]	n. 专业；职业；行业（profession的复数形式）	yes
comport	适合	v.	ecdict-only	toefl		yes	no	no	yes	yes	yes	shi he	34694	23213	suit [v.]	vt. 举动, 表现\nvi. 相称, 适合	yes
congruity	适合	n.	ecdict-only	toefl		yes	no	no	yes	no	yes	shi he	34694	38644	suit [v.]	n. 适合, 一致, 共同点	yes
skills	技术	n.	ecdict-only	ielts		yes	no	no	yes	yes	yes	ji shu	34527	999999	technology [n.]	n. 技术；技能；技巧（skill的复数形式）	yes
savvy	理解	v.	ecdict-only	tem8		yes	no	no	yes	yes	yes	li jie	34242	9659	understand [v.]	v. 理解, 领悟\nn. 理解能力, 机智, 悟性	yes
methods	方式	n.	ecdict-only	ielts		yes	no	no	yes	yes	yes	fang shi	32998	999999	way [n.] | method [n.]	n. 方法, 方式；研究方法（method的复数）	yes
fulfillment	完成	n.	ecdict-only	ielts		yes	no	no	yes	no	yes	wan cheng	32579	8717	complete [v.]	n. 履行, 结束, 完成, 实现, 满意, 称心	yes
fulfilment	完成	n.	ecdict-only	tem8		yes	no	no	yes	no	yes	wan cheng	32579	34001	complete [v.]	n. 履行, 结束, 完成, 实现, 满意, 称心\n[法] 履行, 实现, 完成	yes
domination	管辖	n.	ecdict-only	ielts		yes	no	no	yes	no	yes	guan xia	32087	7356	administer [v.]	n. 支配, 控制, 管辖	yes
categorically	绝对	adv.	ecdict-only	toefl		yes	no	no	yes	no	yes	jue dui	31246	16485	absolute [adj.] | definite [adj.]	adv. 无条件, 绝对, 明白, 断言, 明显, 明确, 范畴	yes
vastly	许多	adv.	ecdict-only	toefl		yes	no	no	yes	no	yes	xu duo	31195	7509	many [adj.] | much [adj.]	adv. 广大地, 许多, 巨大	yes
variously	许多	adv.	ecdict-only	toefl		yes	no	no	yes	no	yes	xu duo	31195	13051	many [adj.] | much [adj.]	adv. 各种各样, 种种, 不同, 多方面, 多才多艺, 许多, 各个, 个别, 杂色, 彩色	yes
dominance	控制	n.	ecdict-only	toefl		yes	no	no	yes	no	yes	kong zhi	30760	6288	control [v.]	n. 优势, 显性, 统治, 控制, 支配\n[计] 控制, 扰势	yes
works	工程	n.	ecdict-only	tem8		yes	no	no	yes	yes	yes	gong cheng	30482	1637	project [n.] | engineering [n.]	n. 工程, 工厂, 工事, 活动部件, 机件, 著作, 作品, 善行, 德行\n[机] 工厂, 工场	yes
barrenness	无聊	n.	ecdict-only	toefl		yes	no	no	yes	no	yes	wu liao	30076	30758	boring [adj.] | bored [adj.]	n. 贫瘠, 不妊, 不孕, 不生育, 不毛, 荒芜, 思想贫乏, 空洞, 无用, 无聊\n[医] 不育症, 不孕症	yes
obligate	必须的	adj.	ecdict-only	toefl		yes	no	no	yes	no	yes	bi xu de	29770	11331	must [phr.]	vt. 使负义务, 强使, 使感激, 施恩惠于\na. 有责任的, 必须的	yes
obligated	必须的	adj.	ecdict-only	toefl		yes	no	no	yes	no	yes	bi xu de	29770	26342	must [phr.]	a. 有义务的; 必须的; 有责任的\nv. 使负有责任或义务（ obligate的过去式和过去分词 ）	yes
causes	原因	n.	ecdict-only	ielts		yes	no	no	yes	yes	yes	yuan yin	29183	999999	cause [n.] | reason [n.]	n. 原因	yes
items	项目	n.	ecdict-only	ielts		yes	no	no	yes	yes	yes	xiang mu	28730	999999	project [n.] | item [n.]	n. 项目；名目；所有物品（item的复数形式）	yes
seals	确定	v.	ecdict-only	tem8		yes	no	no	yes	yes	yes	que ding	28494	999999	determine [v.] | confirm [v.]	n. 海豹( seal的名词复数 ); 批准; （火漆）封印; 印章\nv. 密封( seal的第三人称单数 ); 决定; 确定; 封上（信封）	yes
linkage	联合	n.	ecdict-only	toefl		yes	no	no	yes	no	yes	lian he	27897	7678	unite [v.] | combine [v.]	n. 联合, 连锁, 结合, 联动\n[计] 连接	yes
coalescence	联合	n.	ecdict-only	toefl		yes	no	no	yes	no	yes	lian he	27897	32650	unite [v.] | combine [v.]	n. 联合, 结合, 合并\n[化] 聚并; 凝并	yes
exhilaration	愉快	n.	ecdict-only	ielts		yes	no	no	yes	no	yes	yu kuai	25973	16673	pleasant [adj.] | happy [adj.]	n. 令人高兴, 愉快	yes
mirth	愉快	n.	ecdict-only	tem8		yes	no	no	yes	no	yes	yu kuai	25973	21285	pleasant [adj.] | happy [adj.]	n. 欢笑, 欢乐, 愉快	yes
gaiety	愉快	n.	ecdict-only	tem8		yes	no	no	yes	no	yes	yu kuai	25973	26016	pleasant [adj.] | happy [adj.]	n. 愉快, 快活, 高兴	yes
nicety	美好	n.	ecdict-only	ielts		yes	no	no	yes	no	yes	mei hao	25817	18865	beautiful [adj.] | wonderful [adj.]	n. 美好, 准确, 精密, 拘泥细节, 纤细	yes
conditions	环境	n.	ecdict-only	ielts		yes	no	no	yes	yes	yes	huan jing	25698	999999	environment [n.]	n. 形势, 情况, 环境	yes
bloc	集团	n.	ecdict-only	ielts		yes	no	no	yes	yes	yes	ji tuan	25439	8313	group [n.] | corporation [n.]	n. 集团	yes
battalion	集团	n.	ecdict-only	tem8		yes	no	no	yes	yes	yes	ji tuan	25439	8735	group [n.] | corporation [n.]	n. 营, 军队, 集团	yes
basics	基本	n.	ecdict-only	tem8		yes	no	no	yes	no	yes	ji ben	25415	6630	basic [adj.] | fundamental [adj.]	n. 最简单但最重要的部分, 基本, 基础训练	yes
conscientiously	认真	adv.	ecdict-only	tem8		yes	no	no	yes	no	yes	ren zhen	25368	24805	serious [adj.] | conscientious [adj.]	adv. 认真, 凭良心做, 尽心尽责, 谨慎, 诚心诚意	yes
categorically	明白	adv.	ecdict-only	toefl		yes	no	no	yes	no	yes	ming bai	25273	16485	understand [v.] | realize [v.]	adv. 无条件, 绝对, 明白, 断言, 明显, 明确, 范畴	yes
recant	放弃	v.	ecdict-only	toefl		yes	no	no	yes	yes	no	fang qi	25237	19446	give up [v.] | abandon [v.]	vt. 放弃\nvi. 放弃信仰, 撤回声明, 公开认错	yes
locations	位置	n.	ecdict-only	ielts		yes	no	no	yes	yes	yes	wei zhi	24695	999999	position [n.]	n. 位置；定位件；地点（location的复数）	yes
places	位置	n.	ecdict-only	ielts		yes	no	no	yes	yes	yes	wei zhi	24695	999999	position [n.]	n. 地点；位置；[数]位数（place的复数）	yes
accession	同意	n.	ecdict-only	tem8		yes	no	no	yes	no	yes	tong yi	23673	16248	agree [v.]	n. 到达, 即位, 增加, 同意, 发作, 正式接受\nvt. 登记入册	yes
unanimity	同意	n.	ecdict-only	toefl		yes	no	no	yes	no	yes	tong yi	23673	19111	agree [v.]	n. 无异议, 同意, (全体)一致\n[法] 全体一致, 一致同意, 合意	yes
setup	机构	n.	ecdict-only	toefl		yes	no	no	yes	yes	yes	ji gou	23545	5868	institution [n.] | organization [n.]	n. 装备, 组织, 计划, 机构, 调整, 设置\n[计] 设置	yes
keystone	重点	n.	ecdict-only	ielts		yes	no	no	yes	yes	yes	zhong dian	23537	17516	focus [n.] | key point [n.]	n. 拱顶石, 楔石, 重点	yes
thereabouts	左右	adv.	ecdict-only	tem4		yes	no	no	yes	no	yes	zuo you	23230	26637	around [n.]	adv. 在那附近, 大约, 上下, 左右	yes
moiety	一部分	n.	ecdict-only	toefl		yes	no	no	yes	yes	yes	yi bu fen	22710	36568	part [n.]	n. 一半, 一部分, 应得之份\n[医] 等分, 一半, 一部分	yes
standards	标准	n.	ecdict-only	ielts		yes	no	no	yes	yes	yes	biao zhun	22590	999999	standard [n.]	n. 标准；规格（standard的复数）	yes
animals	动物	n.	ecdict-only	ielts		yes	no	no	yes	yes	yes	dong wu	22576	999999	animal [n.]	n. 动物, 动物世界；牲畜（animal的复数形式）	yes
categorically	明显	adv.	ecdict-only	toefl		yes	no	no	yes	no	yes	ming xian	22343	16485	obvious [adj.]	adv. 无条件, 绝对, 明白, 断言, 明显, 明确, 范畴	yes
beget	产生	v.	ecdict-only	toefl		yes	no	yes	yes	yes	yes	chan sheng	22223	19985	produce [v.] | generate [v.]	vt. 为某人之生父, 招致, 产生, 引起	yes
methods	方法	n.	ecdict-only	ielts		yes	no	no	yes	yes	yes	fang fa	21743	999999	method [n.] | way [n.]	n. 方法, 方式；研究方法（method的复数）	yes
techniques	方法	n.	ecdict-only	ielts		yes	no	no	yes	yes	yes	fang fa	21743	999999	method [n.] | way [n.]	n. 方法；技巧；技术（technique的复数）	yes
difficulties	麻烦	n.	ecdict-only	ielts		yes	no	no	yes	no	yes	ma fan	21371	999999	troublesome [adj.]	n. 困难( difficulty的名词复数 ); 难度; 难事; 麻烦	yes
pains	麻烦	n.	ecdict-only	ielts		yes	no	no	yes	no	yes	ma fan	21371	999999	troublesome [adj.]	n. 麻烦, 辛苦	yes
indite	创作	v.	ecdict-only	toefl		yes	no	no	yes	yes	yes	chuang zuo	21352	999999	create [v.]	vt. 写成文章, 创作	yes
styles	风格	n.	ecdict-only	ielts		yes	no	no	yes	yes	yes	feng ge	21250	999999	style [n.]	n. 风格；样式；模式（style的复数形式）	yes
universally	普通	adv.	ecdict-only	toefl		yes	no	no	yes	no	yes	pu tong	21194	8939	ordinary [adj.] | common [adj.]	adv. 宇宙, 全世界, 普遍, 一般, 普通, 全体, 一致, 通用, 万能, 广用, 广泛	yes
therewith	此外	adv.	ecdict-only	tem8		yes	no	no	yes	no	yes	ci wai	21044	40579	besides [conj.]	adv. 随即, 与此, 此外	yes
goals	目标	n.	ecdict-only	ielts		yes	no	no	yes	yes	yes	mu biao	20772	999999	goal [n.] | target [n.]	n. 目标, 目的；进球, 射中次数	yes
rendering	表现	n.	ecdict-only	toefl		yes	no	no	yes	yes	yes	biao xian	20300	10799	performance [n.] | expression [n.]	n. 翻译, 表现, 描写, 表演, 打底, 透视图	yes
comport	表现	v.	ecdict-only	toefl		yes	no	no	yes	no	yes	biao xian	20300	23213	performance [n.] | expression [n.]	vt. 举动, 表现\nvi. 相称, 适合	yes
professions	职业	n.	ecdict-only	ielts		yes	no	no	yes	yes	yes	zhi ye	20137	999999	occupation [n.]	n. 专业；职业；行业（profession的复数形式）	yes
nervousness	害怕	n.	ecdict-only	tem4		yes	no	no	yes	no	yes	hai pa	20117	13680	fear [v.] | be afraid [v.]	n. 神经, 神经元, 易激动, 紧张不安, 神经过敏, 神经质, 担忧, 害怕, 简练, 刚劲\n[医] 神经过敏	yes
enactment	规定	n.	ecdict-only	toefl		yes	no	no	yes	yes	yes	gui ding	19719	12667	regulation [n.] | rule [n.]	n. 制定, 条例, 法规, 法令, 颁布, 规定\n[法] 制定, 规定, 颁布	yes
ordain	规定	v.	ecdict-only	tem8		yes	no	no	yes	no	yes	gui ding	19719	13110	regulation [n.] | rule [n.]	vt. 注定, 规定, 任命\nvi. 颁布命令	yes
pelt	攻击	v.	ecdict-only	toefl		yes	no	no	yes	yes	yes	gong ji	19661	15181	attack [v.]	n. 投掷, 打击, 快速, 毛皮\nvt. 剥...的皮, 连续投掷, 攻击, 抨击, 拍打\nvi. 投击	yes
scuff	攻击	v.	ecdict-only	toefl		yes	no	no	yes	yes	yes	gong ji	19661	18214	attack [v.]	vi. 拖着脚走, 磨损\nvt. 拳打, 攻击, 用足尖触, 使磨损\nn. 拖着脚走, 磨损, 家用平底拖鞋	yes
attacks	攻击	n.	ecdict-only	ielts		yes	no	no	yes	no	yes	gong ji	19661	999999	attack [v.]	n. 攻击, 评击（attack的复数形式）	yes
gainsay	反对	n.	ecdict-only	toefl		yes	no	no	yes	no	yes	fan dui	19636	32959	oppose [v.] | object [v.]	vt. 否定, 反驳\nn. 否认, 反驳, 反对	yes
precinct	区域	n.	ecdict-only	tem8		yes	no	no	yes	yes	yes	qu yu	19575	7149	area [n.]	n. 区域, 管理区, 管辖区域\n[法] 管辖区, 选区, 分界	yes
areas	区域	n.	ecdict-only	ielts		yes	no	no	yes	yes	yes	qu yu	19575	999999	area [n.]	n. 区域, 领域；面积（area的复数形式）	yes
yesteryear	去年	n.	ecdict-only	toefl		yes	no	no	yes	yes	yes	qu nian	19469	20095	last year [n.]	n. 去年, 不久以前\nadv. 过去不久的岁月	yes
rendering	表演	n.	ecdict-only	toefl		yes	no	no	yes	no	yes	biao yan	19344	10799	perform [v.] | act [v.]	n. 翻译, 表现, 描写, 表演, 打底, 透视图	yes
glee	高兴	n.	ecdict-only	tem8		yes	no	no	yes	no	yes	gao xing	18594	13136	happy [adj.] | glad [adj.]	n. 欢乐, 高兴	yes
hilarity	高兴	n.	ecdict-only	toefl		yes	no	no	yes	no	yes	gao xing	18594	24090	happy [adj.] | glad [adj.]	n. 欢喜, 高兴	yes
gaiety	高兴	n.	ecdict-only	tem8		yes	no	no	yes	no	yes	gao xing	18594	26016	happy [adj.] | glad [adj.]	n. 愉快, 快活, 高兴	yes
fluster	激动	n.	ecdict-only	toefl		yes	no	no	yes	no	yes	ji dong	18491	20669	excited [adj.]	n. 慌乱, 激动, 紧张不安\nvt. 使紧张, 使慌张, 使激动\nvi. 慌乱	yes
avouch	承认	v.	ecdict-only	toefl		yes	no	no	yes	yes	yes	cheng ren	18344	999999	admit [v.] | acknowledge [v.]	v. 断言, 主张, 保证, 承认	yes
concessions	承认	n.	ecdict-only	ielts		yes	no	no	yes	no	yes	cheng ren	18344	999999	admit [v.] | acknowledge [v.]	n. （尤指由政府或雇主给予的）特许权( concession的名词复数 ); 承认; 减价; （在某地的）特许经营权	yes
organisation	团体	n.	ecdict-only	tem8		yes	no	no	yes	yes	yes	tuan ti	17882	999999	group [n.] | team [n.]	n. 组织, 团体, 体制, 编制	yes
advertisements	宣传	n.	ecdict-only	ielts		yes	no	no	yes	no	yes	xuan chuan	17847	999999	promote [v.]	n. [经] 广告（advertisement的复数）；宣传	yes
popularise	宣传	v.	ecdict-only	tem8		yes	no	no	yes	yes	yes	xuan chuan	17847	999999	promote [v.]	vt.vi. 使通俗化, 使受欢迎, 使大众化, 使普及, 宣传, 推广	yes
setup	设置	n.	ecdict-only	toefl		yes	no	no	yes	no	yes	she zhi	17603	5868	set up [v.]	n. 装备, 组织, 计划, 机构, 调整, 设置\n[计] 设置	yes
christen	命名	v.	ecdict-only	tem8		yes	no	no	yes	yes	yes	ming ming	17598	17282	name [v.] | designate [v.]	vt. 为...施洗礼, 命名	yes
locomotion	旅行	n.	ecdict-only	toefl		yes	no	no	yes	no	yes	lv xing	17493	22712	travel [v.] | trip [v.]	n. 运动, 移动, 旅行\n[医] 行动, 运动	yes
fantasise	梦想	v.	ecdict-only	tem8		yes	no	no	yes	no	yes	meng xiang	17466	999999	dream [n.]	v. 梦想, 幻想	yes
substantiated	证明	v.	ecdict-only	toefl		yes	no	no	yes	yes	yes	zheng ming	17389	37705	prove [v.] | certify [v.]	v. 用事实支持（某主张、说法等）, 证明, 证实( substantiate的过去式和过去分词 )	yes
residents	居民	n.	ecdict-only	ielts		yes	no	no	yes	yes	yes	ju min	17216	999999	resident [n.]	n. 居民；房客；住院医生（resident的复数）	yes
materialise	实现	v.	ecdict-only	tem8		yes	no	no	yes	yes	yes	shi xian	17168	999999	realize [v.] | implement [v.]	vi.vt. (使)物质化, (使)具体化, (使)追求物质利益, (使)显形, 成为事实, 实现\nvi. 突然出现	yes
principally	大部分	adv.	ecdict-only	toefl		yes	no	no	yes	no	yes	da bu fen	17055	10478	most [n.]	adv. 主要地, 大部分	yes
incorporation	包含	n.	ecdict-only	toefl		yes	no	no	yes	no	yes	bao han	17031	11299	include [v.] | contain [v.]	n. 包含, 结合, 编入, 团体组织\n[医] 惨合, 混合, 合并	yes
trains	火车	n.	ecdict-only	ielts		yes	no	no	yes	yes	yes	huo che	16490	999999	train [n.]	n. 火车；行列（train的复数形式）	yes
companies	企业	n.	ecdict-only	ielts		yes	no	no	yes	yes	yes	qi ye	16323	999999	enterprise [n.] | company [n.]	n. 公司, 企业；公司财产；伙伴（company的复数形式）	yes
functioning	功能	n.	ecdict-only	toefl		yes	no	no	yes	yes	yes	gong neng	16088	7989	function [n.]	n. 运行, 运作；功能；机能；起酌（function的动名词）	yes
powerfully	相当	adv.	ecdict-only	toefl		yes	no	no	yes	yes	yes	xiang dang	16039	10870	quite [adv.] | fairly [adv.]	adv. 强有力, 强大, 效力大, 有权威, 权力大, 有影响, 很多, 相当, 非常	yes
worthiness	相当	n.	ecdict-only	toefl		yes	no	no	yes	no	yes	xiang dang	16039	25057	quite [adv.] | fairly [adv.]	n. 价值, 相当, 值得	yes
swimming	游泳	n.	ecdict-only	ielts		yes	no	no	yes	no	yes	you yong	15954	4441	swim [v.]	n. 游泳, 眩晕	yes
cancellation	取消	n.	ecdict-only	toefl		yes	no	no	yes	no	yes	qu xiao	15453	11898	cancel [v.]	n. 取消, 作废, 注销戳\n[经] 注销, 取消, 保险单的注销	yes
plants	植物	n.	ecdict-only	ielts		yes	no	no	yes	yes	yes	zhi wu	15428	999999	plant [n.]	n. 植物；工厂（plant的复数形式）	yes
mart	市场	n.	ecdict-only	tem8		yes	no	yes	yes	yes	yes	shi chang	15273	24345	market [n.]	n. 商业中心, 市场\n[经] 商业中心, 市场	yes
levels	水平	n.	ecdict-only	ielts		yes	no	no	yes	yes	yes	shui ping	15261	999999	level [n.] | standard [n.]	n. 色阶调整；控制色阶；水平, 标准（level复数形式）	yes
wad	大量	n.	ecdict-only	toefl		yes	no	no	yes	no	yes	da liang	15243	11391	large amount [adj.]	n. 小软团, 小软块, 一卷, 填料, 大量\nvt. 揉成一团, 填塞	yes
spate	大量	n.	ecdict-only	tem8		yes	no	no	yes	no	yes	da liang	15243	14718	large amount [adj.]	n. 泛滥, 洪水, 大雨, 大量, 一阵	yes
glut	大量	n.	ecdict-only	toefl		yes	no	no	yes	no	yes	da liang	15243	16700	large amount [adj.]	n. 大量, 供过于求\nvt. 使充满, 使吃饱, 过多供应\nvi. 吃得过多, 狼吞虎咽	yes
shipload	大量	n.	ecdict-only	toefl		yes	no	no	yes	no	yes	da liang	15243	35361	large amount [adj.]	n. 船货, 大量\n[经] 船货, 船双运载量, 大量	yes
cataclysm	地震	n.	ecdict-only	toefl		yes	no	no	yes	yes	yes	di zhen	15159	22077	earthquake [n.]	n. 大洪水, 地震, (社会政治的)大变动\n[医] 渗出, 渗液, 猝变, 聚变	yes
reasons	理由	n.	ecdict-only	ielts		yes	no	no	yes	yes	yes	li you	14874	999999	reason [n.] | excuse [n.]	n. 理由；理智；原因（reason的复数）	yes
communion	交流	n.	ecdict-only	tem8		yes	no	no	yes	no	yes	jiao liu	14873	9720	communicate [v.] | exchange [v.]	n. 共享, 交流, 恳谈, 宗教教派	yes
defection	毛病	n.	ecdict-only	toefl		yes	no	no	yes	yes	yes	mao bing	14850	13837	fault [n.] | problem [n.]	n. 背叛, 缺乏, 毛病\n[法] 缺点, 过失, 背叛	yes
moiety	一半	n.	ecdict-only	toefl		yes	no	no	yes	yes	yes	yi ban	14828	36568	half [n.]	n. 一半, 一部分, 应得之份\n[医] 等分, 一半, 一部分	yes
courthouse	法院	n.	ecdict-only	toefl		yes	no	no	yes	yes	yes	fa yuan	14757	5945	court [n.]	n. 法院, 郡政府所在地	yes
consternation	恐怖	n.	ecdict-only	toefl		yes	no	no	yes	no	yes	kong bu	14711	15994	terrible [adj.] | horrible [adj.]	n. 惊愕, 恐怖, 惊惶失措	yes
terms	条件	n.	ecdict-only	ielts		yes	no	no	yes	yes	yes	tiao jian	14637	1285	condition [n.] | requirement [n.]	n. 条件, 条款, 费用, 价钱, 关系, 地位, 交谊\n[经] 条件	yes
opportunities	条件	n.	ecdict-only	ielts		yes	no	no	yes	yes	yes	tiao jian	14637	999999	condition [n.] | requirement [n.]	n. 机会( opportunity的名词复数 ); 适当的时机; 条件; 就业（或晋升、进步等）的良机	yes
subordination	隶属	n.	ecdict-only	tem8		yes	no	no	yes	no	yes	li shu	14366	16449	belong to [v.] | be subordinate [v.]	n. 下级地位, 隶属, 第二位\n[医] 附属, 从属	yes
elements	基础	n.	ecdict-only	ielts		yes	no	no	yes	yes	yes	ji chu	14153	999999	foundation [n.]	n. 原理, 基础	yes
figures	价格	n.	ecdict-only	ielts		yes	no	no	yes	yes	yes	jia ge	14098	999999	price [n.]	n. 图形, 图表；价格, 金额, 数字；规定动作；人物（figure的复数）	yes
festivity	节日	n.	ecdict-only	tem8		yes	no	no	yes	yes	yes	jie ri	13921	10252	festival [n.]	n. 节日, 喜庆日, 欢宴, 欢庆	yes
setup	调整	n.	ecdict-only	toefl		yes	no	no	yes	no	yes	tiao zheng	13872	5868	adjust [v.] | regulate [v.]	n. 装备, 组织, 计划, 机构, 调整, 设置\n[计] 设置	yes
coordinated	调整	v.	ecdict-only	toefl		yes	no	no	yes	yes	yes	tiao zheng	13872	10096	adjust [v.] | regulate [v.]	vt. 调节；调整；整理；使调和（coordinate的过去分词）	yes
delineation	描述	n.	ecdict-only	toefl		yes	no	no	yes	no	yes	miao shu	13738	22025	describe [v.]	n. 画轮廓, 略图, 描述	yes
clubs	俱乐部	n.	ecdict-only	ielts		yes	no	no	yes	yes	yes	ju le bu	13667	999999	club [n.]	n. （扑克牌）梅花；俱乐部；社团（club的复数）	yes
outcrop	爆发	n.	ecdict-only	toefl		yes	no	no	yes	no	yes	bao fa	13434	19248	erupt [v.]	n. 露出, 露头, 爆发\nvi. 露出地表, 出现	yes
relations	事务	n.	ecdict-only	ielts		yes	no	no	yes	yes	yes	shi wu	13339	999999	affairs [n.]	n. 交往, 关系, 事务	yes
routinely	日常	adv.	ecdict-only	toefl		yes	no	no	yes	no	yes	ri chang	13286	4727	daily life [n.]	adv. 日常, 乏味, 常规, 例行	yes
families	家族	n.	ecdict-only	ielts		yes	no	no	yes	yes	yes	jia zu	13232	999999	family [n.] | clan [n.]	n. 家族；家庭（family的复数）	yes
peculiarly	尤其	adv.	ecdict-only	toefl		yes	no	yes	yes	yes	yes	you qi	13183	16963	especially [adv.]	adv. 特别, 尤其, 奇怪地	yes
weaponry	武器	n.	ecdict-only	tem8		yes	no	no	yes	yes	yes	wu qi	13139	11868	weapon [n.]	n. 武器, 军备, 武器设计研制学	yes
incredulity	怀疑	n.	ecdict-only	toefl		yes	no	no	yes	no	yes	huai yi	13051	22402	doubt [v.] | suspect [v.]	n. 不轻信, 怀疑, 疑心	yes
helping	一份	n.	ecdict-only	tem8		yes	no	no	yes	no	yes	yi fen	13044	7865	a copy [m.] | a portion [m.]	n. 帮助, 协助, 一份	yes
planning	规划	n.	ecdict-only	ielts		yes	no	no	yes	yes	yes	gui hua	12945	2169	plan [n.]	n. 计划的制订, 策划, 设计, 规划\n[计] 计划, 规划	yes
mechanically	物理	adv.	ecdict-only	toefl		yes	no	no	yes	no	yes	wu li	12837	13921	physics [n.]	adv. 机械, 用机械, 机械学, 物理, 力学, 呆板, 无意识, 手工操作, 技工	yes
progression	连续	n.	ecdict-only	toefl		yes	no	no	yes	no	yes	lian xu	12725	7571	continuously [adv.]	n. 前进, 连续, 级数\n[医] 进行, 前进, 步态	yes
ablution	洗澡	n.	ecdict-only	toefl		yes	no	no	yes	no	yes	xi zao	12719	31213	take a bath [v.] | shower [v.]	n. 洗澡, 洗礼, 斋戒沐浴\n[化] 洗净; 洗净液	yes
habituation	习惯	n.	ecdict-only	toefl		yes	no	no	yes	yes	yes	xi guan	12652	29188	habit [n.] | custom [n.]	n. 使习惯, 习惯, 熟习\n[医] 习惯[作用], 习惯化, 成瘾	yes
folkway	习惯	n.	ecdict-only	toefl		yes	no	no	yes	yes	yes	xi guan	12652	999999	habit [n.] | custom [n.]	n. 习惯, 民风, 未开化的习俗	yes
experiments	尝试	n.	ecdict-only	ielts		yes	no	no	yes	no	yes	chang shi	12621	999999	try [v.] | attempt [v.]	n. 实验( experiment的名词复数 ); 试验; 尝试; 实践	yes
pelt	快速	n.	ecdict-only	toefl		yes	no	no	yes	no	yes	kuai su	12611	15181	fast [adj.]	n. 投掷, 打击, 快速, 毛皮\nvt. 剥...的皮, 连续投掷, 攻击, 抨击, 拍打\nvi. 投击	yes
furnishing	设备	n.	ecdict-only	toefl		yes	no	no	yes	yes	yes	she bei	12592	999999	equipment [n.]	n. 家具, 服饰品, 陈设品, 设备	yes
congruence	和谐	n.	ecdict-only	tem8		yes	no	no	yes	no	yes	he xie	12534	18706	harmonious [adj.]	n. 适合, 一致, 和谐	yes
progenitor	原本	n.	ecdict-only	toefl		yes	no	no	yes	no	yes	yuan ben	12516	19980	originally [adv.]	n. 祖先, 先辈, 原本\n[医] 祖先, 祖代	yes
beget	引起	v.	ecdict-only	toefl		yes	no	no	yes	yes	yes	yin qi	12371	19985	cause [v.] | trigger [v.]	vt. 为某人之生父, 招致, 产生, 引起	yes
underlies	引起	v.	ecdict-only	toefl		yes	no	no	yes	yes	yes	yin qi	12371	999999	cause [v.] | trigger [v.]	v. 位于或存在于（某物）之下( underlie的第三人称单数 ); 构成…的基础（或起因）, 引起	yes
armada	舰队	n.	ecdict-only	tem8		yes	no	no	yes	yes	yes	jian dui	12343	20195	fleet [n.]	n. 舰队	yes
warming	温暖	n.	ecdict-only	ielts		yes	no	no	yes	no	yes	wen nuan	12173	5138	warm [adj.]	n. 暖和, 加温, 暖热, 温暖, (非正式)打, 鞭打	yes
rendering	翻译	n.	ecdict-only	toefl		yes	no	no	yes	no	yes	fan yi	12153	10799	translate [v.]	n. 翻译, 表现, 描写, 表演, 打底, 透视图	yes
smite	击败	v.	ecdict-only	toefl		yes	no	no	yes	yes	yes	ji bai	12124	14488	defeat [v.] | beat [v.]	vt. 重击, 打, 击败, 毁灭, 侵袭, 打动\nvi. 重击, 打\nn. 重击, 打	yes
ordain	任命	v.	ecdict-only	tem8		yes	no	no	yes	yes	yes	ren ming	12044	13110	appoint [v.]	vt. 注定, 规定, 任命\nvi. 颁布命令	yes
gage	挑战	n.	ecdict-only	toefl		yes	no	no	yes	no	yes	tiao zhan	11987	39299	challenge [v.]	n. 抵押品, 挑战\nvt. 以...为担保, 以...为赌注\nn. 抵押品, 标准度量, 计量器\nvt. 精确计量, 估计	yes
starting	出发	n.	ecdict-only	ielts		yes	no	no	yes	no	yes	chu fa	11931	3899	depart [v.]	n. 开端, 开始, 出发, 起动, 开动\n[机] 开动, 起动	yes
powerfully	强大	adv.	ecdict-only	toefl		yes	no	no	yes	no	yes	qiang da	11900	10870	powerful [adj.]	adv. 强有力, 强大, 效力大, 有权威, 权力大, 有影响, 很多, 相当, 非常	yes
goals	目的	n.	ecdict-only	ielts		yes	no	no	yes	yes	yes	mu di	11860	999999	purpose [n.]	n. 目标, 目的；进球, 射中次数	yes
functioning	运行	n.	ecdict-only	toefl		yes	no	no	yes	no	yes	yun xing	11850	7989	run [v.] | operate [v.]	n. 运行, 运作；功能；机能；起酌（function的动名词）	yes
articles	文章	n.	ecdict-only	ielts		yes	no	no	yes	yes	yes	wen zhang	11611	999999	article [n.]	n. 文章；冠词；物品；条款（article的复数）	yes
amiability	友善	n.	ecdict-only	tem8		yes	no	no	yes	no	yes	you shan	11565	36102	friendly [adj.]	n. 和蔼可亲, 友善, 亲切	yes
teams	团队	n.	ecdict-only	ielts		yes	no	no	yes	yes	yes	tuan dui	11410	999999	team [n.]	n. 团队, 参赛队伍（team的复数形式）	yes
remembrance	记忆	n.	ecdict-only	tem8		yes	no	no	yes	yes	yes	ji yi	11409	10803	memory [n.]	n. 回想, 记忆, 纪念品, 记忆力, 问候, 致意	yes
peacetime	和平	n.	ecdict-only	toefl		yes	no	no	yes	yes	yes	he ping	11394	15080	peace [n.]	n. 平时时期, 和平	yes
trundle	移动	v.	ecdict-only	tem8		yes	no	no	yes	yes	yes	yi dong	11333	20750	move [v.] | mobile [v.]	n. 小车轮, 脚轮, 滚动\nvi. 滚动, 移动, 投球\nvt. 使滚动, 使移转	yes
conveyance	运输	n.	ecdict-only	toefl		yes	no	no	yes	no	yes	yun shu	11167	21915	transport [v.]	n. 运输, 运输工具, 财产转让\n[经] 运输工具, 转让证书, 财产的转让	yes
passengers	旅客	n.	ecdict-only	ielts		yes	no	no	yes	yes	yes	lv ke	11110	999999	passenger [n.] | traveler [n.]	n. 乘客( passenger的名词复数 ); 旅客; 白吃饭的人; 闲散人员	yes
jeopardy	危险	n.	ecdict-only	toefl		yes	no	no	yes	no	yes	wei xian	10896	8398	dangerous [adj.]	n. 危难, 危险\n[法] 危险, 危难, 危险处境	yes
pelt	打击	n.	ecdict-only	toefl		yes	no	no	yes	no	yes	da ji	10878	15181	strike [v.] | hit [v.]	n. 投掷, 打击, 快速, 毛皮\nvt. 剥...的皮, 连续投掷, 攻击, 抨击, 拍打\nvi. 投击	yes
bonanza	幸运	n.	ecdict-only	toefl		yes	no	no	yes	no	yes	xing yun	10761	13870	lucky [adj.] | fortunate [adj.]	n. 富矿带, 带来好运的事物, 幸运	yes
fulminate	爆炸	v.	ecdict-only	toefl		yes	no	no	yes	yes	yes	bao zha	10646	33491	explode [v.]	vt. 使爆发, 以严词谴责\nvi. 爆炸, 怒喝, 电闪\nn. 雷酸盐, 烈性炸药	yes
progressively	逐渐	adv.	ecdict-only	toefl		yes	no	no	yes	yes	yes	zhu jian	10641	10474	gradually [adv.]	adv. 进步, 先进, 向前进, 不断前进, 累进, 渐进, 逐渐, 渐次, 主张进步, 进行性	yes
actions	动作	n.	ecdict-only	ielts		yes	no	no	yes	yes	yes	dong zuo	10567	999999	action [n.] | movement [n.]	n. 动作；行动（action的复数）	yes
drop-off	减少	n.	ecdict-only	ielts		yes	no	no	yes	no	yes	jian shao	10492	999999	reduce [v.] | decrease [v.]	n. 下降, 减少	yes
universally	宇宙	adv.	ecdict-only	toefl		yes	no	no	yes	no	yes	yu zhou	10323	8939	universe [n.]	adv. 宇宙, 全世界, 普遍, 一般, 普通, 全体, 一致, 通用, 万能, 广用, 广泛	yes
areas	领域	n.	ecdict-only	ielts		yes	no	no	yes	yes	yes	ling yu	10300	999999	field [n.] | domain [n.]	n. 区域, 领域；面积（area的复数形式）	yes
progressively	进步	adv.	ecdict-only	toefl		yes	no	no	yes	no	yes	jin bu	10285	10474	progress [v.]	adv. 进步, 先进, 向前进, 不断前进, 累进, 渐进, 逐渐, 渐次, 主张进步, 进行性	yes
manhood	勇气	n.	ecdict-only	tem8		yes	no	no	yes	yes	yes	yong qi	10232	11813	courage [n.]	n. 成年, 勇气, 男儿\n[法] 成年身分, 成年, 男子	yes
stabilization	稳定	n.	ecdict-only	toefl		yes	no	no	yes	no	yes	wen ding	10220	10908	stable [adj.]	n. 安定, 稳定, 平抑, 安定化, 稳定化\n[医] 稳定, 安定	yes
dominance	统治	n.	ecdict-only	toefl		yes	no	no	yes	no	yes	tong zhi	10183	6288	rule [v.] | govern [v.]	n. 优势, 显性, 统治, 控制, 支配\n[计] 控制, 扰势	yes
enhancement	提高	n.	ecdict-only	toefl		yes	no	no	yes	no	yes	ti gao	10056	7849	improve [v.] | raise [v.]	n. 提高, 美化, 增进, 增强, 增加\n[计] 增强, 加强, 提高, 充实	yes
exaltation	提高	n.	ecdict-only	tem8		yes	no	no	yes	no	yes	ti gao	10056	24131	improve [v.] | raise [v.]	n. 提升, 提高, 得意洋洋\n[医] [异常]兴奋, 激越	yes
dynamite	破坏	v.	ecdict-only	tem8		yes	no	no	yes	yes	yes	po huai	10026	12133	destroy [v.] | damage [v.]	n. 炸药\nvt. 炸毁, 破坏	yes
raze	破坏	v.	ecdict-only	toefl		yes	no	no	yes	yes	yes	po huai	10026	16914	destroy [v.] | damage [v.]	vt. 毁灭, 刮去, 把...夷为平地, 消除, 抹去, 破坏	yes
outreach	展开	v.	ecdict-only	tem8		yes	no	no	yes	yes	yes	zhan kai	9983	7906	unfold [v.] | develop [v.]	vt. 超出...的范围, 作超出能力所及的事而害及自己, 占...的上风, 胜过\nvi. 走得太远, 伸出, 展开	yes
unwind	展开	v.	ecdict-only	tem8		yes	no	no	yes	yes	yes	zhan kai	9983	13945	unfold [v.] | develop [v.]	vt. 展开\n[化] 拆卷; 开卷	yes
systems	制度	n.	ecdict-only	ielts		yes	no	no	yes	yes	yes	zhi du	9770	999999	system [n.]	n. 体制, 体系；制度；系统（system的复数形式）	yes
numeric	数字	n.	ecdict-only	toefl		yes	no	no	yes	yes	yes	shu zi	9744	21816	number [n.] | digit [n.]	a. 数值的, 数字的\nn. 数, 数字\n[计] 数字的; 数值; 数值的	yes
figures	数字	n.	ecdict-only	ielts		yes	no	no	yes	yes	yes	shu zi	9744	999999	number [n.] | digit [n.]	n. 图形, 图表；价格, 金额, 数字；规定动作；人物（figure的复数）	yes
citizenry	市民	n.	ecdict-only	toefl		yes	no	no	yes	yes	yes	shi min	9711	12187	citizen [n.]	n. 市民\n[法] 市民	yes
artiste	艺人	n.	ecdict-only	toefl		yes	no	no	yes	yes	yes	yi ren	9680	25969	entertainer [n.]	n. 艺人, 技艺家	yes
places	地点	n.	ecdict-only	ielts		yes	no	no	yes	yes	yes	di dian	9652	999999	location [n.] | spot [n.]	n. 地点；位置；[数]位数（place的复数）	yes
centralise	集中	v.	ecdict-only	tem8		yes	no	yes	yes	yes	yes	ji zhong	9635	999999	concentrate [v.] | focus [v.]	vt. 形成中心, 把统治权集中于中央, 把...集中起来, 成为...的中心, 集中	yes
unleash	发出	v.	ecdict-only	tem8		yes	no	no	yes	yes	yes	fa chu	9531	7348	emit [v.] | send out [v.]	vt. 解开...的皮带, 发出, 发动	yes
richness	丰富	n.	ecdict-only	toefl		yes	no	no	yes	no	yes	feng fu	9438	9253	rich [adj.] | abundant [adj.]	n. 富裕, 丰富, 肥沃	yes
terms	地位	n.	ecdict-only	ielts		yes	no	no	yes	yes	yes	di wei	9354	1285	status [n.]	n. 条件, 条款, 费用, 价钱, 关系, 地位, 交谊\n[经] 条件	yes
takings	收入	n.	ecdict-only	tem8		yes	no	no	yes	yes	yes	shou ru	9301	999999	income [n.]	n. 捕获物, 收入, 进款, 利息\n[经] 收入, 利息, 进款	yes
steering	指导	n.	ecdict-only	ielts		yes	no	no	yes	no	yes	zhi dao	9219	6341	guide [v.] | instruct [v.]	n. 掌舵, 操纵, 指导	yes
counsellor	律师	n.	ecdict-only	ielts		yes	no	no	yes	yes	yes	lv shi	9139	23853	lawyer [n.]	n. 顾问, 辅导员, 律师	yes
bicycles	自行车	n.	ecdict-only	ielts		yes	no	no	yes	yes	yes	zi xing che	9120	999999	bicycle [n.]	n. 自行车；脚踏车（bicycle的复数）	yes
lore	知识	n.	ecdict-only	toefl		yes	no	no	yes	yes	yes	zhi shi	9111	10674	knowledge [n.]	n. 知识, 眼光	yes
attempts	试图	n.	ecdict-only	ielts		yes	no	no	yes	no	yes	shi tu	9081	999999	attempt [v.] | try [v.]	n. 企图, 试图；尝试（attempt的复数）\nv. 试图；努力去做（attempt的三单形式）	yes
attempts	试图	v.	ecdict-only	ielts		yes	no	no	yes	yes	yes	shi tu	9081	999999	attempt [v.] | try [v.]	n. 企图, 试图；尝试（attempt的复数）\nv. 试图；努力去做（attempt的三单形式）	yes
exaltation	提升	n.	ecdict-only	tem8		yes	no	no	yes	no	yes	ti sheng	9047	24131	improve [v.] | enhance [v.]	n. 提升, 提高, 得意洋洋\n[医] [异常]兴奋, 激越	yes
dateline	日期	n.	ecdict-only	toefl		yes	no	no	yes	yes	yes	ri qi	8999	30400	date [n.]	n. 日期	yes
lessons	课程	n.	ecdict-only	ielts		yes	no	no	yes	yes	yes	ke cheng	8971	999999	course [n.] | curriculum [n.]	n. 功课( lesson的名词复数 ); 课程; 教训; 一堂课	yes
lightness	轻松	n.	ecdict-only	toefl		yes	no	no	yes	no	yes	qing song	8871	16295	relaxed [adj.]	n. 光亮度, (颜色的)浅淡, 轻率, 轻佻, 轻浮, 轻盈, 轻松, 轻巧, 精巧, 优美\n[计] 亮度	yes
breathing	瞬间	n.	ecdict-only	toefl		yes	no	no	yes	yes	yes	shun jian	8842	4508	moment [n.] | instant [n.]	n. 呼吸, 瞬间, 微风\na. 呼吸的, 逼真的	yes
sites	遗址	n.	ecdict-only	ielts		yes	no	no	yes	yes	yes	yi zhi	8840	999999	ruins [n.] | site [n.]	n. 遗址, 举办地点；网站（site的复数）	yes
misfit	不适合	v.	ecdict-only	tem8		yes	no	no	yes	yes	yes	bu shi he	8744	18307	not suit [v.]	n. 不适合, 不适合的东西, 不适应环境的人\nvt. (衣着)对...不合身\nvi. 不适合	yes
nonconformity	不适合	n.	ecdict-only	toefl		yes	no	no	yes	no	yes	bu shi he	8744	31316	not suit [v.]	n. 不适合, 不一致, 不信奉国教	yes
seals	批准	n.	ecdict-only	tem8		yes	no	no	yes	no	yes	pi zhun	8679	999999	approve [v.] | ratify [v.]	n. 海豹( seal的名词复数 ); 批准; （火漆）封印; 印章\nv. 密封( seal的第三人称单数 ); 决定; 确定; 封上（信封）	yes
universally	全世界	adv.	ecdict-only	toefl		yes	no	no	yes	no	yes	quan shi jie	8660	8939	world [n.] | whole world [n.]	adv. 宇宙, 全世界, 普遍, 一般, 普通, 全体, 一致, 通用, 万能, 广用, 广泛	yes
mechanically	机械	adv.	ecdict-only	toefl		yes	no	no	yes	no	yes	ji xie	8651	13921	machine [n.]	adv. 机械, 用机械, 机械学, 物理, 力学, 呆板, 无意识, 手工操作, 技工	yes
kits	装备	n.	ecdict-only	ielts		yes	no	no	yes	yes	yes	zhuang bei	8614	999999	equipment [n.]	n. 装备；小桶；锦囊（kit的复数）	yes
negation	不存在	n.	ecdict-only	ielts		yes	no	no	yes	no	yes	bu cun zai	8613	18380	not exist [v.]	n. 否定, 反面, 不存在\n[医] 否定, 否认	yes
fullness	充满	n.	ecdict-only	toefl		yes	no	no	yes	no	yes	chong man	8607	13587	fill [v.]	n. 满, 充满, 丰富\n[医] 发胀	yes
suffuse	充满	v.	ecdict-only	toefl		yes	no	no	yes	yes	yes	chong man	8607	17080	fill [v.]	vt. 遍布, 弥漫, 充满	yes
overfill	充满	v.	ecdict-only	ielts		yes	no	no	yes	yes	yes	chong man	8607	999999	fill [v.]	vt. 装得太多, 装到满溢, 充满\nvi. 满溢	yes
skills	技能	n.	ecdict-only	ielts		yes	no	no	yes	yes	yes	ji neng	8584	999999	skill [n.]	n. 技术；技能；技巧（skill的复数形式）	yes
interviews	访问	v.	ecdict-only	ielts		yes	no	no	yes	yes	yes	fang wen	8581	999999	visit [v.] | access [v.]	n. 接见( interview的名词复数 ); 采访; 面谈; 会谈\nv. 面试( interview的第三人称单数 ); 访问; 会见; （私下）提问	yes
prohibitively	禁止	adv.	ecdict-only	toefl		yes	no	no	yes	no	yes	jin zhi	8567	21706	forbid [v.] | prohibit [v.]	adv. 禁止, 起阻止作用, 抑制	yes
proscribe	禁止	v.	ecdict-only	toefl		yes	no	yes	yes	yes	yes	jin zhi	8567	21822	forbid [v.] | prohibit [v.]	vt. 剥夺...的公民权, 使失去法律保护, 把...充军, 把...放逐, 排斥, 禁止	yes
paternity	来源	n.	ecdict-only	ielts		yes	no	no	yes	yes	yes	lai yuan	8521	13970	source [n.] | origin [n.]	n. 父亲身份, 父系血统, 创始人(身份), 来源, 出处\n[医] 父权, 亲权; 父系	yes
lore	眼光	n.	ecdict-only	toefl		yes	no	no	yes	yes	yes	yan guang	8500	10674	vision [n.]	n. 知识, 眼光	yes
ostensibly	表面	adv.	ecdict-only	tem8		yes	no	no	yes	no	yes	biao mian	8458	9156	surface [n.]	adv. 可公开, 显然, 表面, 外表, 诡称, 假装	yes
riders	乘客	n.	ecdict-only	ielts		yes	no	no	yes	yes	yes	cheng ke	8432	999999	passenger [n.]	n. 骑（马、自行车等）的人( rider的名词复数 ); 乘客; 附文; 附加条款	yes
transact	办理	v.	ecdict-only	toefl		yes	no	no	yes	yes	yes	ban li	8419	25974	handle [v.] | process [v.]	vt. 办理, 处理\nvi. 作交易, 谈判	yes
universally	广泛	adv.	ecdict-only	toefl		yes	no	no	yes	no	yes	guang fan	8405	8939	broad [adj.]	adv. 宇宙, 全世界, 普遍, 一般, 普通, 全体, 一致, 通用, 万能, 广用, 广泛	yes
sculpt	造型	v.	ecdict-only	toefl		yes	no	no	yes	no	yes	zao xing	8378	12037	style [n.] | shape [n.]	v. 雕刻, 造型	yes
avouch	保证	v.	ecdict-only	toefl		yes	no	no	yes	yes	yes	bao zheng	8287	999999	guarantee [v.]	v. 断言, 主张, 保证, 承认	yes
egress	出口	n.	ecdict-only	toefl		yes	no	no	yes	yes	yes	chu kou	8153	29282	exit [n.]	n. 出口, 外出\nvi. 外出	yes
faithfulness	正确	n.	ecdict-only	toefl		yes	no	no	yes	no	yes	zheng que	8126	20790	correct [adj.] | right [adj.]	n. 忠诚, 诚实, 正确	yes
rectitude	正确	n.	ecdict-only	tem8		yes	no	no	yes	no	yes	zheng que	8126	24055	correct [adj.] | right [adj.]	n. 正直, 纯正, 正确\n[法] 公正, 正直, 严正	yes
interviews	采访	n.	ecdict-only	ielts		yes	no	no	yes	no	yes	cai fang	8109	999999	interview [v.]	n. 接见( interview的名词复数 ); 采访; 面谈; 会谈\nv. 面试( interview的第三人称单数 ); 访问; 会见; （私下）提问	yes
shortness	不足	n.	ecdict-only	toefl		yes	no	no	yes	yes	yes	bu zu	8087	19017	shortage [n.] | lack [n.]	n. 短小, 简略, 不足\n[化] 脆性; 蓝脆性; 冷脆性	yes
coloration	特色	n.	ecdict-only	toefl		yes	no	no	yes	yes	yes	te se	8085	19029	feature [n.] | characteristic [n.]	n. 着色, 特色, 色彩, 天然颜色	yes
linkage	结合	n.	ecdict-only	toefl		yes	no	no	yes	no	yes	jie he	8038	7678	combine [v.] | integrate [v.]	n. 联合, 连锁, 结合, 联动\n[计] 连接	yes
incorporation	结合	n.	ecdict-only	toefl		yes	no	no	yes	no	yes	jie he	8038	11299	combine [v.] | integrate [v.]	n. 包含, 结合, 编入, 团体组织\n[医] 惨合, 混合, 合并	yes
coalescence	结合	n.	ecdict-only	toefl		yes	no	no	yes	no	yes	jie he	8038	32650	combine [v.] | integrate [v.]	n. 联合, 结合, 合并\n[化] 聚并; 凝并	yes
madame	夫人	n.	ecdict-only	tem8		yes	no	no	yes	yes	yes	fu ren	8026	7424	madam [n.] | wife [n.]	n. 夫人, 小姐, 太太, 女士, 主妇, (非正式)喜欢差使/指使别人的女子, 鸨母	yes
physic	医学	n.	ecdict-only	toefl		yes	no	no	yes	yes	yes	yi xue	7990	35682	medicine [n.]	n. 药品, 泻药, 医学\nvt. 给...服药, 治愈, 使通便	yes
computation	计算	n.	ecdict-only	toefl		yes	no	no	yes	no	yes	ji suan	7944	12953	calculate [v.] | compute [v.]	n. 计算, 计数, 计算结果\n[经] 计算, 估计, 计算法	yes
employees	员工	n.	ecdict-only	ielts		yes	no	no	yes	yes	yes	yuan gong	7879	999999	employee [n.] | staff [n.]	n. 员工；雇员；从业人员（emploee的复数）	yes
doors	入口	n.	ecdict-only	ielts		yes	no	no	yes	yes	yes	ru kou	7874	999999	entrance [n.]	n. 大门；入口；通道（door的复数）	yes
penchant	爱好	n.	ecdict-only	toefl		yes	no	no	yes	yes	yes	ai hao	7871	11438	hobby [n.]	n. 爱好, 嗜好	yes
leaning	爱好	n.	ecdict-only	toefl		yes	no	no	yes	yes	yes	ai hao	7871	18179	hobby [n.]	n. 倾斜, 倾向, 爱好	yes
detraction	转移	n.	ecdict-only	toefl		yes	no	no	yes	no	yes	zhuan yi	7813	999999	transfer [v.] | shift [v.]	n. 转移, 缩小, 减损, 贬低, 毁损	yes
onetime	一度	adv.	ecdict-only	toefl		yes	no	no	yes	yes	yes	yi du	7773	999999	once [adv.]	a. 从前的, 一度的\nadv. 从前, 一度	yes
factories	工厂	n.	ecdict-only	ielts		yes	no	no	yes	yes	yes	gong chang	7772	999999	factory [n.]	n. 工厂, 车厂（factory复数形式）	yes
staid	认真的	adj.	ecdict-only	tem8		yes	no	no	yes	yes	yes	ren zhen de	7768	18779	serious [adj.]	a. 认真的, 沉着的, 固定的	yes
mobilise	发动	v.	ecdict-only	tem8		yes	no	no	yes	yes	yes	fa dong	7725	999999	launch [v.]	vi.vt. 动员, 松动, 使活动, 调动, 发动	yes
emancipation	解放	n.	ecdict-only	toefl		yes	no	no	yes	no	yes	jie fang	7719	15524	liberate [v.] | free [v.]	n. 释放, 解放\n[医] 解放(胎儿在母体内成立局部自主状态)	yes
vastly	巨大	adv.	ecdict-only	toefl		yes	no	no	yes	no	yes	ju da	7672	7509	huge [adj.] | giant [adj.]	adv. 广大地, 许多, 巨大	yes
vastness	巨大	n.	ecdict-only	toefl		yes	no	no	yes	no	yes	ju da	7672	18290	huge [adj.] | giant [adj.]	n. 巨大, 广大, 广漠	yes
tunnels	隧道	n.	ecdict-only	ielts		yes	no	no	yes	yes	yes	sui dao	7649	999999	tunnel [n.]	n. 隧道, 地道( tunnel的名词复数 ); （动物栖息的）穴	yes
contravene	反驳	v.	ecdict-only	toefl		yes	no	no	yes	yes	yes	fan bo	7640	24626	refute [v.] | rebut [v.]	vt. 违反, 触犯, 否认, 反驳, 抵触, 与...冲突\n[法] 触法, 违反, 否定	yes
gainsay	反驳	v.	ecdict-only	toefl		yes	no	no	yes	yes	yes	fan bo	7640	32959	refute [v.] | rebut [v.]	vt. 否定, 反驳\nn. 否认, 反驳, 反对	yes
gainsay	反驳	n.	ecdict-only	toefl		yes	no	no	yes	no	yes	fan bo	7640	32959	refute [v.] | rebut [v.]	vt. 否定, 反驳\nn. 否认, 反驳, 反对	yes
verdure	新鲜	n.	ecdict-only	tem8		yes	no	no	yes	no	yes	xin xian	7606	40395	fresh [adj.]	n. 翠绿, 新绿, 碧绿, 精力旺盛, 新鲜	yes
phenomenally	现象	adv.	ecdict-only	toefl		yes	no	no	yes	no	yes	xian xiang	7575	23802	phenomenon [n.]	adv. 现象, 从感官认识到, 非凡, 出众	yes
bulldoze	威胁	v.	ecdict-only	toefl		yes	no	no	yes	yes	yes	wei xie	7542	16695	threaten [v.]	vt. 强迫, 用推土机推平/削平, 用推土机清除, 压倒, 威胁	yes
impend	威胁	v.	ecdict-only	toefl		yes	no	no	yes	yes	yes	wei xie	7542	999999	threaten [v.]	vi. 迫近, 威胁, 悬挂	yes
threats	威胁	n.	ecdict-only	ielts		yes	no	no	yes	no	yes	wei xie	7542	999999	threaten [v.]	n. 威胁, 恐吓( threat的名词复数 ); 可能造成威胁的人[事, 想法]; 恶兆, 兆头	yes
fulfillment	满意	n.	ecdict-only	ielts		yes	no	no	yes	no	yes	man yi	7519	8717	satisfied [adj.]	n. 履行, 结束, 完成, 实现, 满意, 称心	yes
fulfilment	满意	n.	ecdict-only	tem8		yes	no	no	yes	no	yes	man yi	7519	34001	satisfied [adj.]	n. 履行, 结束, 完成, 实现, 满意, 称心\n[法] 履行, 实现, 完成	yes
bands	乐队	n.	ecdict-only	ielts		yes	no	no	yes	yes	yes	yue dui	7445	999999	band [n.] | orchestra [n.]	n. 法官；乐队	yes
harassment	烦恼	n.	ecdict-only	ielts		yes	no	no	yes	yes	yes	fan nao	7393	4591	worry [n.]	n. 困扰, 烦扰, 烦恼\n[法] 折磨, 骚扰, 侵扰	yes
vexation	烦恼	n.	ecdict-only	tem8		yes	no	yes	yes	yes	yes	fan nao	7393	28931	worry [n.]	n. 恼怒, 烦恼, 令人恼火的事情\n[法] 招人烦恼的事物, 烦恼, 苦闷	yes
warming	暖和	n.	ecdict-only	ielts		yes	no	no	yes	no	yes	nuan huo	7362	5138	warm [adj.]	n. 暖和, 加温, 暖热, 温暖, (非正式)打, 鞭打	yes
immobility	固定	n.	ecdict-only	toefl		yes	no	no	yes	no	yes	gu ding	7345	23903	fix [v.] | secure [v.]	n. 不动性, 不动, 固定\n[医] 不动[性]	yes
entirety	整体	n.	ecdict-only	tem4		yes	no	no	yes	yes	yes	zheng ti	7280	12896	whole [n.]	n. 全部, 整体\n[法] 共有制, 整体, 全部	yes
identities	个性	n.	ecdict-only	ielts		yes	no	no	yes	yes	yes	ge xing	7264	999999	personality [n.]	n. 身份( identity的名词复数 ); 同一性; 个性; 同一人	yes
obtrude	打扰	v.	ecdict-only	toefl		yes	no	no	yes	yes	yes	da rao	7224	40698	disturb [v.] | bother [v.]	vt. 逼使, 强迫, 伸出\nvi. 打扰, 强行闯入	yes
instruments	工具	n.	ecdict-only	ielts		yes	no	no	yes	yes	yes	gong ju	7223	999999	tool [n.]	n. 乐器；工具；仪器（instrument的复数）	yes
tools	工具	n.	ecdict-only	ielts		yes	no	no	yes	yes	yes	gong ju	7223	999999	tool [n.]	n. 工具, 工具菜单；工具箱（tool的复数形式）	yes
logically	逻辑	adv.	ecdict-only	toefl		yes	no	no	yes	no	yes	luo ji	7186	11464	logic [n.]	adv. 逻辑, 合乎逻辑, 符合逻辑, 逻辑上, 有逻辑, 有逻辑头脑, 合理, 明智	yes
infinity	无限	n.	ecdict-only	tem8		yes	no	no	yes	no	yes	wu xian	7113	11224	infinite [adj.]	n. 无限大, 无限\n[计] 无穷	yes
disputes	阻止	v.	ecdict-only	ielts		yes	no	no	yes	yes	yes	zu zhi	7081	999999	prevent [v.] | stop [v.]	n. 辩论( dispute的名词复数 ); 争端; （劳资）纠纷; 罢工\nv. 辩论, 争论( dispute的第三人称单数 ); 争夺; 阻止; 就…进行辩论	yes
bulldoze	强迫	v.	ecdict-only	toefl		yes	no	no	yes	yes	yes	qiang po	6982	16695	force [v.] | compel [v.]	vt. 强迫, 用推土机推平/削平, 用推土机清除, 压倒, 威胁	yes
obtrude	强迫	v.	ecdict-only	toefl		yes	no	no	yes	yes	yes	qiang po	6982	40698	force [v.] | compel [v.]	vt. 逼使, 强迫, 伸出\nvi. 打扰, 强行闯入	yes
enunciate	表明	v.	ecdict-only	toefl		yes	no	no	yes	yes	yes	biao ming	6975	16845	declare [v.] | state [v.]	vt. 明确地叙述, 表明\nvi. 发音	yes
driving	驾驶	n.	ecdict-only	ielts		yes	no	no	yes	no	yes	jia shi	6966	3712	drive [v.]	n. 赶, 操纵, 驾驶\na. 推进的, 强劲的, 精力旺盛的	yes
parties	聚会	n.	ecdict-only	ielts		yes	no	no	yes	yes	yes	ju hui	6913	999999	gathering [n.]	n. 当事人；聚会；党派；政党机关；同行者（party的复数）	yes
universally	普遍	adv.	ecdict-only	toefl		yes	no	no	yes	no	yes	pu bian	6855	8939	universal [adj.] | common [adj.]	adv. 宇宙, 全世界, 普遍, 一般, 普通, 全体, 一致, 通用, 万能, 广用, 广泛	yes
euphoria	兴奋	n.	ecdict-only	tem8		yes	no	no	yes	no	yes	xing fen	6817	12596	excited [adj.]	n. 兴奋, 陶醉, 陶醉感\n[医] 精神愉快, 欣快	yes
dither	兴奋	n.	ecdict-only	tem8		yes	no	no	yes	no	yes	xing fen	6817	25282	excited [adj.]	n. 发抖, 兴奋\nvi. 发抖	yes
effervesce	兴奋	v.	ecdict-only	toefl		yes	no	no	yes	no	yes	xing fen	6817	999999	excited [adj.]	vi. 冒泡, 泡腾, 兴奋\n[医] 起泡, 发气泡	yes
ostensibly	假装	adv.	ecdict-only	tem8		yes	no	no	yes	no	yes	jia zhuang	6725	9156	pretend [v.]	adv. 可公开, 显然, 表面, 外表, 诡称, 假装	yes
masquerade	假装	v.	ecdict-only	tem8		yes	no	no	yes	yes	yes	jia zhuang	6725	15851	pretend [v.]	n. 化装舞会, 伪装\nvi. 参加化装舞会, 伪装, 假装	yes
periodically	循环	adv.	ecdict-only	ielts		yes	no	no	yes	no	yes	xun huan	6619	7046	cycle [n.] | loop [n.]	adv. 定期, 循环, 间歇, 周期, 定期刊行, 期刊	yes
bands	法官	n.	ecdict-only	ielts		yes	no	no	yes	yes	yes	fa guan	6613	999999	judge [n.]	n. 法官；乐队	yes
auspices	主办	n.	ecdict-only	toefl		yes	no	no	yes	no	yes	zhu ban	6576	999999	host [v.] | organize [v.]	n. 赞助, 主办, 保护	yes
recompose	修改	v.	ecdict-only	toefl		yes	no	no	yes	yes	yes	xiu gai	6567	999999	modify [v.] | revise [v.]	vt. 重组, 修改, 使镇定	yes
trepidation	恐惧	n.	ecdict-only	toefl		yes	no	no	yes	yes	yes	kong ju	6509	15615	fear [n.]	n. 恐惧, 惊惶, 忧虑\n[医] 震颤, 抖颤; 悸惧	yes
disallow	不准	v.	ecdict-only	toefl		yes	no	no	yes	yes	yes	bu zhun	6506	20751	not allow [v.]	vt. 不许, 不准, 驳回\n[法] 拒绝接受, 拒绝承认, 不允许	yes
endue	授予	v.	ecdict-only	toefl		yes	no	no	yes	yes	yes	shou yu	6497	999999	award [v.] | grant [v.]	vt. 授予, 赋予, 穿上	yes
defection	缺乏	n.	ecdict-only	toefl		yes	no	no	yes	no	yes	que fa	6458	13837	lack [v.]	n. 背叛, 缺乏, 毛病\n[法] 缺点, 过失, 背叛	yes
paucity	缺乏	n.	ecdict-only	toefl		yes	no	no	yes	no	yes	que fa	6458	16637	lack [v.]	n. 少数, 少量, 缺乏	yes
preponderance	多数	n.	ecdict-only	toefl		yes	no	no	yes	yes	yes	duo shu	6411	15714	majority [n.]	n. 优势, 多数\n[医] 优势	yes
measures	措施	n.	ecdict-only	toefl		yes	no	no	yes	yes	yes	cuo shi	6379	999999	measure [n.]	n. 措施；层组（measure的复数）	yes
risks	风险	n.	ecdict-only	ielts		yes	no	no	yes	yes	yes	feng xian	6351	999999	risk [n.]	n. 风险, 危险（risk复数）	yes
rifleman	步兵	n.	ecdict-only	tem8		yes	no	no	yes	yes	yes	bu bing	6348	30910	infantry [n.]	n. 步枪射手, 步兵	yes
breakup	解散	n.	ecdict-only	toefl		yes	no	no	yes	no	yes	jie san	6345	7673	dissolve [v.] | disband [v.]	n. 分裂, 崩溃, 解散, 解体\n[电] 停止	yes
plaint	抗议	n.	ecdict-only	toefl		yes	no	no	yes	no	yes	kang yi	6338	34066	protest [v.]	n. 悲叹, 感叹, 诉苦, 起诉, 抗议, 抱怨\n[法] 控告, 起诉, 告状	yes
disburse	分配	v.	ecdict-only	toefl		yes	no	no	yes	yes	yes	fen pei	6297	22802	distribute [v.] | allocate [v.]	vt. 支付, 支出, 分配\n[经] 支付, 支出, 偿付	yes
assignments	分配	n.	ecdict-only	ielts		yes	no	no	yes	no	yes	fen pei	6297	999999	distribute [v.] | allocate [v.]	n. 分配；作业（assignment的复数形式）	yes
universally	一致	adv.	ecdict-only	toefl		yes	no	no	yes	no	yes	yi zhi	6234	8939	consistent [adj.]	adv. 宇宙, 全世界, 普遍, 一般, 普通, 全体, 一致, 通用, 万能, 广用, 广泛	yes
unison	一致	n.	ecdict-only	tem8		yes	no	no	yes	no	yes	yi zhi	6234	9423	consistent [adj.]	n. 调和, 和谐, 一致, 齐唱, 齐奏\na. 共同做的, 同声的	yes
jibe	一致	v.	ecdict-only	toefl		yes	no	no	yes	no	yes	yi zhi	6234	23346	consistent [adj.]	vi. 嘲笑, 一致\nvt. 转帆, 嘲笑\nn. 嘲笑	yes
congruity	一致	n.	ecdict-only	toefl		yes	no	no	yes	no	yes	yi zhi	6234	38644	consistent [adj.]	n. 适合, 一致, 共同点	yes
machines	机器	n.	ecdict-only	ielts		yes	no	no	yes	yes	yes	ji qi	6212	999999	machine [n.]	n. 机器；机械（machine的复数）	yes
emancipation	释放	n.	ecdict-only	toefl		yes	no	no	yes	no	yes	shi fang	6204	15524	release [v.]	n. 释放, 解放\n[医] 解放(胎儿在母体内成立局部自主状态)	yes
mingling	混合	v.	ecdict-only	toefl		yes	no	no	yes	yes	yes	hun he	6126	27453	mix [v.] | blend [v.]	v. 混合, 混入( mingle的现在分词 ); 混进, 与…交往[联系]	yes
reparation	修复	n.	ecdict-only	tem8		yes	no	no	yes	no	yes	xiu fu	6073	13025	repair [v.] | restore [v.]	n. 补偿, 赔偿, 弥补, 修复, 修理\n[经] 赔偿, 补偿, 修理	yes
pathos	同情	n.	ecdict-only	ielts		yes	no	no	yes	no	yes	tong qing	6037	17870	sympathize [v.]	n. 伤感力, 感伤, 悲怅, 同情, 偶然因素, 哀婉动人的词句	yes
headphones	耳机	n.	ecdict-only	tem8		yes	no	no	yes	yes	yes	er ji	6014	999999	earphone [n.] | headphone [n.]	n. 听筒；耳机；头戴式受话器（headphone的复数形式）	yes
culmination	最高点	n.	ecdict-only	toefl		yes	no	no	yes	yes	yes	zui gao dian	5990	12765	highest point [n.]	n. 顶点, 高潮, 最高点	yes
immolate	杀死	v.	ecdict-only	toefl		yes	no	no	yes	yes	yes	sha si	5977	36015	kill [v.]	vt. 为供神而宰杀, 牺牲, 杀死	yes
ardor	热情	n.	ecdict-only	toefl		yes	no	no	yes	yes	yes	re qing	5924	20355	enthusiasm [n.]	n. 热忱, 热情, 情欲, 激情, 灼热\n[医] 灼热; 热心	yes
fervour	热情	n.	ecdict-only	tem8		yes	no	no	yes	yes	yes	re qing	5924	999999	enthusiasm [n.]	n. 炽热, 热诚, 热情, 热烈	yes
fiddler	骗子	n.	ecdict-only	toefl		yes	no	no	yes	yes	yes	pian zi	5923	22951	liar [n.] | cheat [n.]	n. 拉提琴的人, 游荡者, 骗子	yes
rook	骗子	n.	ecdict-only	toefl		yes	no	no	yes	yes	yes	pian zi	5923	41069	liar [n.] | cheat [n.]	n. (象棋)车, 骗子\nvt. 骗	yes
sharper	骗子	n.	ecdict-only	toefl		yes	no	no	yes	yes	yes	pian zi	5923	999999	liar [n.] | cheat [n.]	n. 骗子, 欺诈者, 赌棍\n[法] 欺骗者, 欺诈犯	yes
diseases	疾病	n.	ecdict-only	ielts		yes	no	no	yes	yes	yes	ji bing	5909	999999	disease [n.]	n. 病害；疾病；疾病种类；病（disease的复数）	yes
paucity	少数	n.	ecdict-only	toefl		yes	no	no	yes	yes	yes	shao shu	5903	16637	minority [n.] | few [n.]	n. 少数, 少量, 缺乏	yes
inactivate	撤销	v.	ecdict-only	toefl		yes	no	no	yes	yes	yes	che xiao	5860	26444	revoke [v.] | cancel [v.]	vt. 使不活动, 撤销, 使失去活性, 灭活\n[医] 灭活, 使不活动	yes
lakes	湖泊	n.	ecdict-only	ielts		yes	no	no	yes	yes	yes	hu po	5836	999999	lake [n.]	n. 色淀；湖泊, 湖畔	yes
pictures	电影院	n.	ecdict-only	ielts		yes	no	no	yes	yes	yes	dian ying yuan	5781	999999	cinema [n.]	n. 电影院	yes
coordinated	整理	v.	ecdict-only	toefl		yes	no	no	yes	yes	yes	zheng li	5778	10096	organize [v.] | tidy up [v.]	vt. 调节；调整；整理；使调和（coordinate的过去分词）	yes
tables	桌子	n.	ecdict-only	ielts		yes	no	no	yes	yes	yes	zhuo zi	5777	999999	table [n.] | desk [n.]	n. 桌子；附录；表格（table的复数）	yes
works	著作	n.	ecdict-only	tem8		yes	no	no	yes	yes	yes	zhu zuo	5767	1637	work [n.] | writing [n.]	n. 工程, 工厂, 工事, 活动部件, 机件, 著作, 作品, 善行, 德行\n[机] 工厂, 工场	yes
disallow	不许	v.	ecdict-only	toefl		yes	no	no	yes	yes	yes	bu xu	5742	20751	not allow [v.]	vt. 不许, 不准, 驳回\n[法] 拒绝接受, 拒绝承认, 不允许	yes
backside	背后	n.	ecdict-only	tem8		yes	no	yes	yes	yes	yes	bei hou	5726	13477	behind [n.]	n. 背部, 背后, 后方	yes
partiality	特别喜欢	n.	ecdict-only	tem8		yes	no	no	yes	no	yes	te bie xi huan	5692	29852	really like [v.]	n. 偏心, 偏颇, 不公平, 特别喜欢, 癖好\n[法] 偏袒, 偏见, 不公平	yes
gravitate	下降	v.	ecdict-only	tem8		yes	no	no	yes	yes	yes	xia jiang	5673	12561	decline [v.]	vi. 被重力吸引, 沉下, 下降\nvt. 使受重力吸引	yes
drop-off	下降	n.	ecdict-only	ielts		yes	no	no	yes	no	yes	xia jiang	5673	999999	decline [v.]	n. 下降, 减少	yes
terms	费用	n.	ecdict-only	ielts		yes	no	no	yes	yes	yes	fei yong	5670	1285	cost [n.] | expense [n.]	n. 条件, 条款, 费用, 价钱, 关系, 地位, 交谊\n[经] 条件	yes
charges	费用	n.	ecdict-only	ielts		yes	no	no	yes	yes	yes	fei yong	5670	999999	cost [n.] | expense [n.]	n. 费用；手续费；运费	yes
costs	费用	n.	ecdict-only	ielts		yes	no	no	yes	yes	yes	fei yong	5670	999999	cost [n.] | expense [n.]	n. 费用；诉讼费；损失（cost的复数）	yes
expenses	费用	n.	ecdict-only	ielts		yes	no	no	yes	yes	yes	fei yong	5670	999999	cost [n.] | expense [n.]	n. 开支, 经费, 费用\n[法] 开支, 支出, 经费	yes
trimester	三个月	n.	ecdict-only	ielts		yes	no	no	yes	yes	yes	san ge yue	5668	17875	three months [n.]	n. 三个月, 一学期\n[医] 三个月, 三月期	yes
concurrence	赞同	n.	ecdict-only	toefl		yes	no	no	yes	no	yes	zan tong	5647	21954	agree [v.]	n. 赞同, 意见一致, 协力\n[法] 协力, 同时发生, 一致	yes
sheathe	覆盖	v.	ecdict-only	toefl		yes	no	no	yes	yes	yes	fu gai	5616	18691	cover [v.]	vt. 插入鞘, 覆盖	yes
engineers	工程师	n.	ecdict-only	ielts		yes	no	no	yes	yes	yes	gong cheng shi	5604	999999	engineer [n.]	n. 工程师；机械师（engineer的复数）	yes
allegation	主张	n.	ecdict-only	toefl		yes	no	no	yes	no	yes	zhu zhang	5593	3516	advocate [v.] | claim [v.]	n. 断言, 主张, 申辩\n[法] 声明, 事实陈述, 断言	yes
avouch	主张	v.	ecdict-only	toefl		yes	no	no	yes	yes	yes	zhu zhang	5593	999999	advocate [v.] | claim [v.]	v. 断言, 主张, 保证, 承认	yes
tenement	房屋	n.	ecdict-only	toefl		yes	no	no	yes	yes	yes	fang wu	5564	14363	house [n.]	n. 房屋, 住房, 保有物, 居所\n[经] 地产, 住屋	yes
citadel	城堡	n.	ecdict-only	toefl		yes	no	no	yes	yes	yes	cheng bao	5564	20138	castle [n.]	n. 城堡, 避难处	yes
customers	客户	n.	ecdict-only	ielts		yes	no	no	yes	yes	yes	ke hu	5549	999999	client [n.] | customer [n.]	n. 客户；顾客（customer的复数）	yes
agencies	代理	n.	ecdict-only	ielts		yes	no	no	yes	yes	yes	dai li	5500	999999	agent [n.] | proxy [n.]	n. 代理；代理处（agency的复数）	yes
enactment	条例	n.	ecdict-only	toefl		yes	no	no	yes	yes	yes	tiao li	5491	12667	regulation [n.] | ordinance [n.]	n. 制定, 条例, 法规, 法令, 颁布, 规定\n[法] 制定, 规定, 颁布	yes
categorically	明确	adv.	ecdict-only	toefl		yes	no	no	yes	no	yes	ming que	5486	16485	clear [adj.]	adv. 无条件, 绝对, 明白, 断言, 明显, 明确, 范畴	yes
mediocrity	平常	n.	ecdict-only	tem8		yes	no	no	yes	no	yes	ping chang	5472	16550	ordinary [adj.] | usual [adj.]	n. 平常, 平庸之才	yes
decorations	装修	n.	ecdict-only	ielts		yes	no	no	yes	no	yes	zhuang xiu	5468	999999	renovate [v.] | decorate [v.]	n. 装修；装饰品（decoration的复数）	yes
federate	同盟	v.	ecdict-only	tem8		yes	no	no	yes	no	yes	tong meng	5454	44505	alliance [n.]	a. 同盟的, 联合的, 联邦制度下的\nv. 公布联邦制, (使)联合, 同盟	yes
maker	上帝	n.	ecdict-only	toefl		yes	no	no	yes	yes	yes	shang di	5438	2343	god [n.]	n. 制造者, 上帝\n[经] 制造者, 出票人	yes
discoloration	污染	n.	ecdict-only	toefl		yes	no	no	yes	no	yes	wu ran	5337	21323	pollute [v.] | contaminate [v.]	n. 变色, 污染	yes
discolor	污染	v.	ecdict-only	toefl		yes	no	no	yes	yes	yes	wu ran	5337	999999	pollute [v.] | contaminate [v.]	vi.vt. (使)变色, 污染, (使)褪色\n[计] 变色, 褪色	yes
experiments	试验	n.	ecdict-only	ielts		yes	no	no	yes	no	yes	shi yan	5308	999999	test [v.] | experiment [v.]	n. 实验( experiment的名词复数 ); 试验; 尝试; 实践	yes
earnestness	正经	n.	ecdict-only	toefl		yes	no	no	yes	no	yes	zheng jing	5301	22724	serious [adj.] | proper [adj.]	n. 认真；诚挚；正经	yes
veracity	老实	n.	ecdict-only	toefl		yes	no	no	yes	no	yes	lao shi	5282	17927	honest [adj.]	n. 说话老实, 老实, 诚实	yes
governments	政权	n.	ecdict-only	ielts		yes	no	no	yes	yes	yes	zheng quan	5276	999999	regime [n.] | political power [n.]	n. 政权；政府；可转让政府证券（government的复数）	yes
contravene	违反	v.	ecdict-only	toefl		yes	no	no	yes	yes	yes	wei fan	5248	24626	violate [v.]	vt. 违反, 触犯, 否认, 反驳, 抵触, 与...冲突\n[法] 触法, 违反, 否定	yes
fantasise	幻想	v.	ecdict-only	tem8		yes	no	no	yes	no	yes	huan xiang	5198	999999	fantasy [n.] | illusion [n.]	v. 梦想, 幻想	yes
provincialism	方言	n.	ecdict-only	toefl		yes	no	no	yes	yes	yes	fang yan	5181	31927	dialect [n.]	n. 乡下习气, 方言, 地方风俗	yes
refresher	饮料	n.	ecdict-only	ielts		yes	no	no	yes	yes	yes	yin liao	5160	23055	beverage [n.] | drink [n.]	n. 使清新的事物, 使恢复记忆的事物, 饮料, 酒, 复习, 最新动态介绍, 补习材料\n[医] 复习课程	yes
reticence	勉强	n.	ecdict-only	toefl		yes	no	no	yes	no	yes	mian qiang	5076	18151	force [v.]	n. 无言, 沉默, 勉强	yes
appropriately	合适的	adv.	ecdict-only	toefl		yes	no	no	yes	no	yes	he shi de	5063	6470	suitable [adj.]	adv. 适当的, 恰如其分的, 恰当的, 合适的	yes
scrutinise	审查	v.	ecdict-only	tem8		yes	no	no	yes	yes	yes	shen cha	5063	999999	review [v.] | censor [v.]	vt.vi. 细看, 仔细检查, 审查, 细阅\n[经] 详细检查, 细细地看	yes
assort	协调	v.	ecdict-only	toefl		yes	no	no	yes	yes	yes	xie tiao	5062	999999	coordinate [v.]	vt. 把...分类, 把...归为一类\nvi. 协调, 交往	yes
advantages	优势	n.	ecdict-only	ielts		yes	no	no	yes	yes	yes	you shi	5060	999999	advantage [n.] | strength [n.]	n. 优势；特点；有利；[经] 利益（advantage的复数）\nv. 促进（advantage的三单形式）；有利于	yes
differently	差异	adv.	ecdict-only	toefl		yes	no	no	yes	no	yes	cha yi	5042	3133	difference [n.]	adv. 差异, 不同, 各别, 各种	yes
endue	穿上	v.	ecdict-only	toefl		yes	no	no	yes	yes	yes	chuan shang	5002	999999	put on [v.]	vt. 授予, 赋予, 穿上	yes
drugs	药物	n.	ecdict-only	ielts		yes	no	no	yes	yes	yes	yao wu	4996	999999	drug [n.]	n. 毒品, 药物	yes
logically	合理	adv.	ecdict-only	toefl		yes	no	no	yes	no	yes	he li	4965	11464	reasonable [adj.]	adv. 逻辑, 合乎逻辑, 符合逻辑, 逻辑上, 有逻辑, 有逻辑头脑, 合理, 明智	yes
allotment	命运	n.	ecdict-only	tem8		yes	no	no	yes	yes	yes	ming yun	4961	14275	fate [n.] | destiny [n.]	n. 分配, 拨款, 命运\n[经] 分配, 拨款, 分配额分派认购额	yes
disenchantment	清醒	n.	ecdict-only	ielts		yes	no	no	yes	no	yes	qing xing	4928	20335	clear-headed [adj.]	n. 觉醒, 清醒	yes
affliction	折磨	n.	ecdict-only	toefl		yes	no	no	yes	no	yes	zhe mo	4910	13678	torment [v.]	n. 苦恼, 折磨, 苦恼的事由	yes
hector	折磨	v.	ecdict-only	tem8		yes	no	no	yes	yes	yes	zhe mo	4910	41855	torment [v.]	n. 威吓者, 虚张声势的人\nvt.vi. 说大话, 吓唬, 折磨, 愚弄	yes
functioning	运作	n.	ecdict-only	toefl		yes	no	no	yes	no	yes	yun zuo	4893	7989	operate [v.]	n. 运行, 运作；功能；机能；起酌（function的动名词）	yes
auspice	赞助	n.	ecdict-only	toefl		yes	no	no	yes	no	yes	zan zhu	4833	12999	sponsor [v.]	n. 吉兆, 占卜, 赞助	yes
auspices	赞助	n.	ecdict-only	toefl		yes	no	no	yes	no	yes	zan zhu	4833	999999	sponsor [v.]	n. 赞助, 主办, 保护	yes
patronise	赞助	v.	ecdict-only	tem8		yes	no	yes	yes	yes	yes	zan zhu	4833	999999	sponsor [v.]	vt. 庇护, 资助, 赞助, 保护, 光顾, 惠顾, 对...以恩人自居	yes
bespeak	预约	v.	ecdict-only	toefl		yes	no	no	yes	yes	yes	yu yue	4807	22202	reserve [v.]	vt. 预约, 订, 表示\nn. 预约	yes
bespeak	预约	n.	ecdict-only	toefl		yes	no	no	yes	no	yes	yu yue	4807	22202	reserve [v.]	vt. 预约, 订, 表示\nn. 预约	yes
variously	各个	adv.	ecdict-only	toefl		yes	no	no	yes	no	yes	ge ge	4767	13051	each [pron.]	adv. 各种各样, 种种, 不同, 多方面, 多才多艺, 许多, 各个, 个别, 杂色, 彩色	yes
liveliness	热闹	n.	ecdict-only	toefl		yes	no	no	yes	no	yes	re nao	4761	27955	lively [adj.]	n. 活泼, 快活, 热闹	yes
preeminent	优秀的	adj.	ecdict-only	toefl		yes	no	no	no	new-key	yes	you xiu de	4761	41385		a. 优秀的, 超群的, 卓越的	yes
prearrange	预定	v.	ecdict-only	toefl		yes	no	no	yes	yes	yes	yu ding	4715	999999	reserve [v.] | book [v.]	vt. 预先安排, 预先准备, 预定	yes
secede	分离	v.	ecdict-only	toefl		yes	no	no	yes	yes	yes	fen li	4662	17631	separate [v.]	vi. 正式脱离(或退出), 分离\n[法] 退出, 脱离	yes
sanctification	认可	n.	ecdict-only	tem8		yes	no	no	yes	no	yes	ren ke	4654	29583	approve [v.] | recognize [v.]	n. 神圣化, 灵化, 认可	yes
therewith	随即	adv.	ecdict-only	tem8		yes	no	no	yes	yes	yes	sui ji	4643	40579	immediately [adv.] | soon [adv.]	adv. 随即, 与此, 此外	yes
progression	前进	n.	ecdict-only	toefl		yes	no	no	yes	no	yes	qian jin	4636	7571	advance [v.]	n. 前进, 连续, 级数\n[医] 进行, 前进, 步态	yes
slur	忽略	v.	ecdict-only	tem8		yes	no	no	yes	yes	yes	hu lve	4612	14203	ignore [v.]	n. 连音符, 诽谤, 玷污, 印刷模糊\nvt. 草率地看过, 忽略, 含糊地念\nvi. 模糊不清	yes
verification	证实	n.	ecdict-only	ielts		yes	no	no	yes	no	yes	zheng shi	4569	11069	confirm [v.]	n. 证实, 查证, 证明属实\n[计] 验证	yes
examples	例子	n.	ecdict-only	ielts		yes	no	no	yes	yes	yes	li zi	4516	999999	example [n.]	n. 例子；列证（example的复数形式）	yes
lighthearted	快乐的	adj.	ecdict-only	toefl		yes	no	no	yes	yes	yes	kuai le de	4462	999999	happy [adj.]	a. 快乐的, 心情愉快的；无忧无虑的	yes
difficulties	难度	n.	ecdict-only	ielts		yes	no	no	yes	yes	yes	nan du	4438	999999	difficulty [n.]	n. 困难( difficulty的名词复数 ); 难度; 难事; 麻烦	yes
disburse	支付	v.	ecdict-only	toefl		yes	no	no	yes	yes	yes	zhi fu	4428	22802	pay [v.]	vt. 支付, 支出, 分配\n[经] 支付, 支出, 偿付	yes
transact	谈判	v.	ecdict-only	toefl		yes	no	no	yes	yes	yes	tan pan	4396	25974	negotiate [v.]	vt. 办理, 处理\nvi. 作交易, 谈判	yes
nicety	准确	n.	ecdict-only	ielts		yes	no	no	yes	no	yes	zhun que	4385	18865	accurate [adj.]	n. 美好, 准确, 精密, 拘泥细节, 纤细	yes
embellishment	装饰	n.	ecdict-only	toefl		yes	no	no	yes	no	yes	zhuang shi	4362	18280	decorate [v.]	n. 装饰, 润色, 修饰	yes
bedeck	装饰	v.	ecdict-only	toefl		yes	no	no	yes	yes	yes	zhuang shi	4362	26287	decorate [v.]	vt. 装饰, 修饰	yes
immolate	牺牲	v.	ecdict-only	toefl		yes	no	no	yes	yes	yes	xi sheng	4359	36015	sacrifice [v.]	vt. 为供神而宰杀, 牺牲, 杀死	yes
marks	分数	n.	ecdict-only	ielts		yes	no	no	yes	yes	yes	fen shu	4357	999999	score [n.]	n. 标记, 记号；唛头, 分数；台面标志	yes
newspapers	报纸	n.	ecdict-only	ielts		yes	no	no	yes	yes	yes	bao zhi	4306	999999	newspaper [n.]	n. 报纸, 报章（newspaper的复数）	yes
rind	外表	n.	ecdict-only	tem8		yes	no	no	yes	yes	yes	wai biao	4258	12194	appearance [n.]	n. 树皮, 壳, 外表\nvt. 削皮, 剥壳	yes
upland	高原	n.	ecdict-only	toefl		yes	no	no	yes	yes	yes	gao yuan	4248	13478	plateau [n.]	n. 山地, 高地, 高原\na. 高地的, 山地的	yes
impersonation	模仿	n.	ecdict-only	toefl		yes	no	no	yes	no	yes	mo fang	4228	21249	imitate [v.] | mimic [v.]	n. 扮演, 装扮, 模仿\n[计] 模仿	yes
trends	动态	n.	ecdict-only	ielts		yes	no	no	yes	yes	yes	dong tai	4219	999999	trend [n.] | dynamics [n.]	n. 动态, 趋势	yes
surrogate	替代	v.	ecdict-only	tem8		yes	no	no	yes	yes	yes	ti dai	4207	8901	replace [v.] | substitute [v.]	n. 替代者, 代用品\nvt. 代理, 替代	yes
estimation	判断	n.	ecdict-only	tem8		yes	no	no	yes	no	yes	pan duan	4202	10340	judge [v.] | determine [v.]	n. 判断, 估计, 尊重\n[化] 估计; 估定; 测定; 估值	yes
nigger	黑人	n.	ecdict-only	tem8		yes	no	no	yes	yes	yes	hei ren	4189	10305	black person [n.]	n. 黑人, 社会地位低下的人, 深棕色\n[法] 被歧视者, 有黑人血统者	yes
jibe	嘲笑	n.	ecdict-only	toefl		yes	no	no	yes	no	yes	chao xiao	4179	23346	mock [v.] | ridicule [v.]	vi. 嘲笑, 一致\nvt. 转帆, 嘲笑\nn. 嘲笑	yes
bout	一回	n.	ecdict-only	tem8		yes	no	no	yes	no	yes	yi hui	4177	5865	once [m.]	n. 一回, 回合, 较量\n[医] 发作	yes
refresher	复习	n.	ecdict-only	ielts		yes	no	no	yes	no	yes	fu xi	4156	23055	review [v.]	n. 使清新的事物, 使恢复记忆的事物, 饮料, 酒, 复习, 最新动态介绍, 补习材料\n[医] 复习课程	yes
malignancy	邪恶	n.	ecdict-only	tem8		yes	no	no	yes	no	yes	xie e	4148	18816	evil [adj.]	n. 恶意, 邪恶, 恶性肿瘤\n[医] 恶性	yes
disown	否认	v.	ecdict-only	toefl		yes	no	no	yes	yes	yes	fou ren	4143	20161	deny [v.]	vt. 否认\n[计] 不认, 驱逐	yes
contravene	否认	v.	ecdict-only	toefl		yes	no	no	yes	yes	yes	fou ren	4143	24626	deny [v.]	vt. 违反, 触犯, 否认, 反驳, 抵触, 与...冲突\n[法] 触法, 违反, 否定	yes
gainsay	否认	n.	ecdict-only	toefl		yes	no	no	yes	no	yes	fou ren	4143	32959	deny [v.]	vt. 否定, 反驳\nn. 否认, 反驳, 反对	yes
thereabouts	上下	adv.	ecdict-only	tem4		yes	no	no	yes	no	yes	shang xia	4131	26637	up and down [n.]	adv. 在那附近, 大约, 上下, 左右	yes
visually	可见	adv.	ecdict-only	toefl		yes	no	no	yes	no	yes	ke jian	4104	6319	so [conj.] | thus [conj.]	adv. 看, 视力, 视觉, 可见, 凭视力, 看到, 看得见, 光学, 形象化, 栩栩如生	yes
experiments	实践	n.	ecdict-only	ielts		yes	no	no	yes	no	yes	shi jian	4081	999999	practice [v.]	n. 实验( experiment的名词复数 ); 试验; 尝试; 实践	yes
computers	计算机	n.	ecdict-only	ielts		yes	no	no	yes	yes	yes	ji suan ji	4074	999999	computer [n.]	n. 计算机, 电脑（computer的复数）	yes
systems	体系	n.	ecdict-only	ielts		yes	no	no	yes	yes	yes	ti xi	4047	999999	system [n.]	n. 体制, 体系；制度；系统（system的复数形式）	yes
exemption	解除	n.	ecdict-only	toefl		yes	no	no	yes	no	yes	jie chu	4040	7116	lift [v.] | cancel [v.]	n. 解除, 免除, 免税\n[化] 免检	yes
coloration	色彩	n.	ecdict-only	toefl		yes	no	yes	yes	yes	yes	se cai	4007	19029	color [n.]	n. 着色, 特色, 色彩, 天然颜色	yes
bourgeois	商人	n.	ecdict-only	tem8		yes	no	no	yes	yes	yes	shang ren	3999	9071	merchant [n.]	n. 中产阶级分子, 商人, 资产阶级\na. 中产阶级的, 平庸的\nn. 九点活字	yes
businesswoman	商人	n.	ecdict-only	toefl		yes	no	no	yes	yes	yes	shang ren	3999	19286	merchant [n.]	n. 商人, 办理实务的人, 经商者	yes
shunt	往返	v.	ecdict-only	tem8		yes	no	no	yes	yes	yes	wang fan	3997	18929	round trip [v.]	vt. 使转轨, 使分流, 回避讨论, 推延\nvi. 转向一边, 转轨, 往返\nn. 转轨, 分流	yes
tenement	住房	n.	ecdict-only	toefl		yes	no	no	yes	yes	yes	zhu fang	3992	14363	housing [n.]	n. 房屋, 住房, 保有物, 居所\n[经] 地产, 住屋	yes
accommodations	住房	n.	ecdict-only	ielts		yes	no	no	yes	yes	yes	zhu fang	3992	999999	housing [n.]	n. 膳宿；住房, 住宿；居住设施（accommodation的复数）	yes
progeny	成果	n.	ecdict-only	toefl		yes	no	no	yes	yes	yes	cheng guo	3972	16855	achievement [n.] | result [n.]	n. 子孙, 后裔, 成果\n[医] 后代, 后裔	yes
marginally	边缘	adv.	ecdict-only	ielts		yes	no	no	yes	no	yes	bian yuan	3970	12390	edge [n.]	adv. 记在页边, 有旁注, 边缘, 边沿地区, 边际, 限界, 勉强够格, 无关紧要, 少量	yes
universally	通用	adv.	ecdict-only	toefl		yes	no	no	yes	no	yes	tong yong	3966	8939	general [adj.] | common [adj.]	adv. 宇宙, 全世界, 普遍, 一般, 普通, 全体, 一致, 通用, 万能, 广用, 广泛	yes
benefits	利益	n.	ecdict-only	ielts		yes	no	no	yes	yes	yes	li yi	3966	999999	benefit [n.] | interest [n.]	n. 利益, 收益；福利, 效益（benefit的复数形式）	yes
comity	礼貌	n.	ecdict-only	toefl		yes	no	no	yes	yes	yes	li mao	3954	27885	politeness [n.]	n. 礼貌, 礼让\n[法] 礼让, 友谊	yes
sadism	残忍	n.	ecdict-only	tem8		yes	no	no	yes	no	yes	can ren	3936	24463	cruel [adj.] | brutal [adj.]	n. 虐待狂, 施虐欲, 残忍\n[法] 性虐待狂, 虐待狂	yes
advantages	特点	n.	ecdict-only	ielts		yes	no	no	yes	yes	yes	te dian	3927	999999	feature [n.] | characteristic [n.]	n. 优势；特点；有利；[经] 利益（advantage的复数）\nv. 促进（advantage的三单形式）；有利于	yes
veritable	真实的	adj.	ecdict-only	tem8		yes	no	yes	yes	yes	yes	zhen shi de	3923	13248	real [adj.] | true [adj.]	a. 名副其实的, 真实的, 确实的, 真的	yes
buildup	增强	n.	ecdict-only	toefl		yes	no	no	yes	no	yes	zeng qiang	3917	7749	strengthen [v.] | enhance [v.]	n. 发展, 集结, 增强	yes
enhancement	增强	n.	ecdict-only	toefl		yes	no	no	yes	no	yes	zeng qiang	3917	7849	strengthen [v.] | enhance [v.]	n. 提高, 美化, 增进, 增强, 增加\n[计] 增强, 加强, 提高, 充实	yes
veneration	崇拜	n.	ecdict-only	toefl		yes	no	no	yes	no	yes	chong bai	3910	21317	worship [v.] | adore [v.]	n. 尊敬, 崇敬, 崇拜	yes
upbraid	谴责	v.	ecdict-only	toefl		yes	no	no	yes	yes	yes	qian ze	3881	29948	condemn [v.] | denounce [v.]	vt. 谴责, 责骂, 申斥	yes
articles	物品	n.	ecdict-only	ielts		yes	no	no	yes	yes	yes	wu pin	3865	999999	goods [n.] | article [n.]	n. 文章；冠词；物品；条款（article的复数）	yes
germane	同样的	adj.	ecdict-only	toefl		yes	no	no	no	new-key	yes	tong yang de	3863	20190		a. 关系密切的, 有关的, 同样的, 恰当的, 贴切的\n[机] 锗烷	yes
momentarily	立刻	adv.	ecdict-only	toefl		yes	no	no	yes	yes	yes	li ke	3818	8468	immediately [adv.]	adv. 暂时地, 立刻, 随时地	yes
garb	打扮	n.	ecdict-only	toefl		yes	no	no	yes	no	yes	da ban	3793	13405	dress up [v.]	n. 打扮, 装束\nvt. 打扮, 穿衣	yes
garb	打扮	v.	ecdict-only	toefl		yes	no	no	yes	yes	yes	da ban	3793	13405	dress up [v.]	n. 打扮, 装束\nvt. 打扮, 穿衣	yes
preen	打扮	v.	ecdict-only	toefl		yes	no	no	yes	yes	yes	da ban	3793	19121	dress up [v.]	vt. 用嘴整理, 打扮, 使得意\nvi. 打扮漂亮, 感到得意	yes
perks	打扮	v.	ecdict-only	ielts		yes	no	no	yes	yes	yes	da ban	3793	999999	dress up [v.]	n. 特权；额外津贴（perk的复数）；特别待遇\nn. (Perks)人名；(英)珀克斯；(法)佩尔克\nv. 打扮；使振作；昂首挺胸（perk的第三人称单数）	yes
visually	视觉	adv.	ecdict-only	toefl		yes	no	no	yes	no	yes	shi jue	3758	6319	vision [n.] | visual [n.]	adv. 看, 视力, 视觉, 可见, 凭视力, 看到, 看得见, 光学, 形象化, 栩栩如生	yes
periodically	定期	adv.	ecdict-only	ielts		yes	no	no	yes	no	yes	ding qi	3750	7046	regular [adj.] | periodic [adj.]	adv. 定期, 循环, 间歇, 周期, 定期刊行, 期刊	yes
harangue	演讲	n.	ecdict-only	tem8		yes	no	no	yes	no	yes	yan jiang	3748	24121	speech [v.] | lecture [v.]	n. 演讲, 热烈讨论, 长篇大论, 夸夸其谈\nvt. 向...夸夸其谈地讲话	yes
congregation	聚集	n.	ecdict-only	tem8		yes	no	no	yes	no	yes	ju ji	3745	4989	gather [v.] | assemble [v.]	n. 集合, 聚集\n[法] 集会, 人一, 红衣主教会议	yes
techniques	技巧	n.	ecdict-only	ielts		yes	no	no	yes	yes	yes	ji qiao	3740	999999	skill [n.] | technique [n.]	n. 方法；技巧；技术（technique的复数）	yes
exportation	输出	n.	ecdict-only	toefl		yes	no	no	yes	no	yes	shu chu	3735	33044	output [v.]	n. 输出, 出口物, 输出品, 出口\n[经] 出口(货)	yes
reasons	理智	n.	ecdict-only	ielts		yes	no	no	yes	yes	yes	li zhi	3734	999999	reason [n.] | sense [n.]	n. 理由；理智；原因（reason的复数）	yes
gouge	欺骗	v.	ecdict-only	toefl		yes	no	no	yes	yes	yes	qi pian	3651	13329	deceive [v.] | cheat [v.]	n. 圆凿, 用圆凿凿成的槽, 挖, 掘\nvt. 用圆凿削, 挖出, 欺骗	yes
victimise	欺骗	v.	ecdict-only	ielts		yes	no	no	yes	yes	yes	qi pian	3651	999999	deceive [v.] | cheat [v.]	vt. 使牺牲, 迫害, 使受害, 欺骗, 欺压	yes
farms	农场	n.	ecdict-only	ielts		yes	no	no	yes	yes	yes	nong chang	3631	999999	farm [n.]	n. 农场；庄园（farm的复数形式）	yes
snacks	小吃	n.	ecdict-only	ielts		yes	no	no	yes	yes	yes	xiao chi	3607	999999	snack [n.]	n. 快餐；小吃；零嘴（snack的复数）	yes
enunciate	发音	v.	ecdict-only	toefl		yes	no	no	yes	no	yes	fa yin	3596	16845	pronunciation [n.]	vt. 明确地叙述, 表明\nvi. 发音	yes
whiff	一阵	n.	ecdict-only	tem8		yes	no	no	yes	no	yes	yi zhen	3587	12029	a burst of [m.]	n. 一吹, 一吸, 一阵, 一点点, 一口烟\nvi. 轻轻地吹, 喷气, 三击不中出局, 垂钓\nvt. 吹送, 喷出, 吸, 使三击不中出局	yes
reticence	沉默	n.	ecdict-only	toefl		yes	no	no	yes	no	yes	chen mo	3581	18151	silent [adj.]	n. 无言, 沉默, 勉强	yes
patronise	资助	v.	ecdict-only	tem8		yes	no	no	yes	yes	yes	zi zhu	3570	999999	fund [v.] | subsidize [v.]	vt. 庇护, 资助, 赞助, 保护, 光顾, 惠顾, 对...以恩人自居	yes
subjugation	征服	n.	ecdict-only	toefl		yes	no	no	yes	no	yes	zheng fu	3550	20410	conquer [v.]	n. 征服, 镇压, 平息\n[法] 征服, 镇压, 克制	yes
hints	暗示	n.	ecdict-only	ielts		yes	no	no	yes	no	yes	an shi	3520	999999	hint [v.] | imply [v.]	n. 暗示, 提示（hint的复数形式）	yes
planning	策划	n.	ecdict-only	ielts		yes	no	no	yes	no	yes	ce hua	3497	2169	plan [v.] | scheme [v.]	n. 计划的制订, 策划, 设计, 规划\n[计] 计划, 规划	yes
wee	一点点	n.	ecdict-only	toefl		yes	no	no	yes	no	yes	yi dian dian	3490	12027	a little [adj.]	a. 很小的, 微小的\nn. 一点点	yes
succour	援助	v.	ecdict-only	tem8		yes	no	no	yes	yes	yes	yuan zhu	3434	999999	aid [v.] | assist [v.]	n. 解救, 援助者\nvt. 解救, 援助	yes
assort	交往	v.	ecdict-only	toefl		yes	no	yes	yes	yes	yes	jiao wang	3433	999999	date [v.] | associate [v.]	vt. 把...分类, 把...归为一类\nvi. 协调, 交往	yes
relations	交往	n.	ecdict-only	ielts		yes	no	no	yes	no	yes	jiao wang	3433	999999	date [v.] | associate [v.]	n. 交往, 关系, 事务	yes
routinely	常规	adv.	ecdict-only	toefl		yes	no	no	yes	no	yes	chang gui	3416	4727	routine [n.]	adv. 日常, 乏味, 常规, 例行	yes
damsel	闺女	n.	ecdict-only	tem8		yes	no	no	yes	yes	yes	gui nv	3388	25102	daughter [n.]	n. 少女, 闺女	yes
universally	全体	adv.	ecdict-only	toefl		yes	no	no	yes	no	yes	quan ti	3381	8939	whole [n.]	adv. 宇宙, 全世界, 普遍, 一般, 普通, 全体, 一致, 通用, 万能, 广用, 广泛	yes
totality	全体	n.	ecdict-only	toefl		yes	no	no	yes	yes	yes	quan ti	3381	11619	whole [n.]	n. 全体, 总数, 全食	yes
disquiet	焦虑	n.	ecdict-only	toefl		yes	no	no	yes	no	yes	jiao lv	3367	27148	anxious [adj.]	vt. 打搅, 使烦恼, 使忧虑, 使不安\nn. 不安, 焦虑, 不平静	yes
conditioning	调节	n.	ecdict-only	toefl		yes	no	no	yes	no	yes	tiao jie	3365	6309	adjust [v.]	n. 调节, 条件作用, 整修\n[计] 调节; 调整	yes
coordinated	调节	v.	ecdict-only	toefl		yes	no	no	yes	yes	yes	tiao jie	3365	10096	adjust [v.]	vt. 调节；调整；整理；使调和（coordinate的过去分词）	yes
modulation	调节	n.	ecdict-only	toefl		yes	no	no	yes	no	yes	tiao jie	3365	19940	adjust [v.]	n. 调制, 调节, 语调\n[计] 调制	yes
contemn	侮辱	v.	ecdict-only	toefl		yes	no	no	yes	yes	yes	wu ru	3362	999999	insult [v.]	vt. 侮辱, 蔑视	yes
stricture	指责	n.	ecdict-only	tem8		yes	no	no	yes	no	yes	zhi ze	3356	18158	criticize [v.] | blame [v.]	n. 狭窄, 指责, 束缚\n[医] 狭窄	yes
wares	商品	n.	ecdict-only	tem8		yes	no	no	yes	yes	yes	shang pin	3352	10290	product [n.] | goods [n.]	n. 货物, 商品\n[经] 商品, 货物	yes
amplification	放大	n.	ecdict-only	toefl		yes	no	no	yes	no	yes	fang da	3329	17701	enlarge [v.] | magnify [v.]	n. 扩大, 放大\n[化] 放大; 放大作用	yes
neonate	婴儿	n.	ecdict-only	toefl		yes	no	no	yes	yes	yes	ying er	3328	31871	baby [n.]	n. 婴儿\n[医] 新生儿; 新生的	yes
progressively	先进	adv.	ecdict-only	toefl		yes	no	no	yes	no	yes	xian jin	3320	10474	advanced [adj.]	adv. 进步, 先进, 向前进, 不断前进, 累进, 渐进, 逐渐, 渐次, 主张进步, 进行性	yes
madame	小姐	n.	ecdict-only	tem8		yes	no	no	yes	yes	yes	xiao jie	3260	7424	miss [n.]	n. 夫人, 小姐, 太太, 女士, 主妇, (非正式)喜欢差使/指使别人的女子, 鸨母	yes
unsophisticated	单纯的	adj.	ecdict-only	toefl		yes	no	no	no	new-key	yes	dan chun de	3258	20607		a. 不懂世故的, 单纯的, 不精细的, 纯洁的	yes
purest	单纯的	adj.	ecdict-only	ielts		yes	no	no	no	new-key	yes	dan chun de	3258	999999		a. 纯的( pure的最高级 ); 单纯的; 纯真的; 干净的	yes
subsection	分支	n.	ecdict-only	toefl		yes	no	no	yes	yes	yes	fen zhi	3251	20259	branch [n.]	n. 分部, 分区, 分支\n[经] 分部, 分段, 小小组	yes
repayment	报复	n.	ecdict-only	tem8		yes	no	no	yes	no	yes	bao fu	3238	14804	retaliate [v.]	n. 付还, 偿还, 报复, 付还的钱\n[经] 偿还, 付还	yes
reprisal	报复	n.	ecdict-only	tem8		yes	no	no	yes	no	yes	bao fu	3238	14937	retaliate [v.]	n. 报复, 报仇, 报复性劫掠\n[法] 复仇, 报复, 报复性暴力为	yes
readers	读者	n.	ecdict-only	ielts		yes	no	no	yes	yes	yes	du zhe	3211	999999	reader [n.]	n. 读者, 读物（reader的复数形式）	yes
disputes	争夺	v.	ecdict-only	ielts		yes	no	no	yes	yes	yes	zheng duo	3190	999999	compete for [v.] | fight for [v.]	n. 辩论( dispute的名词复数 ); 争端; （劳资）纠纷; 罢工\nv. 辩论, 争论( dispute的第三人称单数 ); 争夺; 阻止; 就…进行辩论	yes
madame	女士	n.	ecdict-only	tem8		yes	no	no	yes	yes	yes	nv shi	3161	7424	lady [n.]	n. 夫人, 小姐, 太太, 女士, 主妇, (非正式)喜欢差使/指使别人的女子, 鸨母	yes
wristwatch	手表	n.	ecdict-only	toefl		yes	no	no	yes	yes	yes	shou biao	3159	17164	watch [n.]	n. 手表	yes
foible	缺点	n.	ecdict-only	tem8		yes	no	no	yes	yes	yes	que dian	3146	20420	shortcoming [n.] | defect [n.]	n. 弱点, 缺点	yes
plaint	感叹	n.	ecdict-only	toefl		yes	no	no	yes	no	yes	gan tan	3116	34066	sigh [v.] | exclaim [v.]	n. 悲叹, 感叹, 诉苦, 起诉, 抗议, 抱怨\n[法] 控告, 起诉, 告状	yes
gyration	旋转	n.	ecdict-only	toefl		yes	no	no	yes	no	yes	xuan zhuan	3114	26430	rotate [v.] | spin [v.]	n. 旋回, 回转, 旋转\n[医] 回旋, 环旋	yes
wheels	旋转	n.	ecdict-only	ielts		yes	no	no	yes	no	yes	xuan zhuan	3114	999999	rotate [v.] | spin [v.]	n. 旋转；车轮（wheel的复数）	yes
periodically	周期	adv.	ecdict-only	ielts		yes	no	no	yes	no	yes	zhou qi	3112	7046	cycle [n.] | period [n.]	adv. 定期, 循环, 间歇, 周期, 定期刊行, 期刊	yes
enactment	法令	n.	ecdict-only	toefl		yes	no	no	yes	yes	yes	fa ling	3111	12667	decree [n.] | law [n.]	n. 制定, 条例, 法规, 法令, 颁布, 规定\n[法] 制定, 规定, 颁布	yes
attempts	企图	n.	ecdict-only	ielts		yes	no	no	yes	no	yes	qi tu	3110	999999	attempt [v.] | plot [v.]	n. 企图, 试图；尝试（attempt的复数）\nv. 试图；努力去做（attempt的三单形式）	yes
knap	山顶	n.	ecdict-only	toefl		yes	no	no	yes	yes	yes	shan ding	3103	999999	summit [n.]	vt. 打碎, 拗断, 打\nn. 山顶, 小山, 丘陵	yes
grueling	惩罚	n.	ecdict-only	tem8		yes	no	no	yes	no	yes	cheng fa	3100	14218	punish [v.]	a. 折磨人的, 使人精疲力尽的\nn. 痛打, 惩罚	yes
chastise	惩罚	v.	ecdict-only	tem8		yes	no	no	yes	yes	yes	cheng fa	3100	14398	punish [v.]	vt. 责骂, 惩罚\n[法] 责罚, 惩戒, 严惩	yes
organisation	编制	n.	ecdict-only	tem8		yes	no	yes	yes	yes	yes	bian zhi	3090	999999	establishment [n.] | staffing [n.]	n. 组织, 团体, 体制, 编制	yes
incorporation	编入	n.	ecdict-only	toefl		yes	no	no	yes	no	yes	bian ru	3085	11299	incorporate [v.]	n. 包含, 结合, 编入, 团体组织\n[医] 惨合, 混合, 合并	yes
jocose	开玩笑的	adj.	ecdict-only	toefl		yes	no	no	yes	no	yes	kai wan xiao de	3085	999999	just kidding [phr.]	a. 开玩笑的, 诙谐的, 戏谑的	yes
squeal	抱怨	n.	ecdict-only	tem8		yes	no	no	yes	no	yes	bao yuan	3069	11713	complain [v.]	n. 尖叫, 抱怨\nvi. 发出尖叫声, 高声埋怨\nvt. 用尖声说	yes
thrall	奴隶	n.	ecdict-only	toefl		yes	no	no	yes	yes	yes	nu li	3041	21491	slave [n.]	n. 奴隶, 束缚, 奴役	yes
evacuation	撤退	n.	ecdict-only	toefl		yes	no	no	yes	no	yes	che tui	3032	8221	retreat [v.] | withdraw [v.]	n. 撤退, 疏散\n[化] 抽空; 排空	yes
remembrance	问候	n.	ecdict-only	tem8		yes	no	no	yes	no	yes	wen hou	3030	10803	greet [v.]	n. 回想, 记忆, 纪念品, 记忆力, 问候, 致意	yes
laud	称赞	n.	ecdict-only	toefl		yes	no	no	yes	no	yes	cheng zan	3030	13707	praise [v.] | commend [v.]	n. 赞美, 称赞\nvt. 赞美, 称赞	yes
laud	称赞	v.	ecdict-only	toefl		yes	no	no	yes	yes	yes	cheng zan	3030	13707	praise [v.] | commend [v.]	n. 赞美, 称赞\nvt. 赞美, 称赞	yes
plaudit	称赞	n.	ecdict-only	toefl		yes	no	no	yes	no	yes	cheng zan	3030	29504	praise [v.] | commend [v.]	n. 拍手喝彩, 称赞, 赞美	yes
tributes	称赞	n.	ecdict-only	ielts		yes	no	no	yes	no	yes	cheng zan	3030	999999	praise [v.] | commend [v.]	n. （尤指旧时一国向他国交纳的）贡品( tribute的名词复数 ); （良好效果或影响的）体现; （尤指对死者的）致敬; 称赞	yes
nervousness	神经	n.	ecdict-only	tem4		yes	no	no	yes	yes	yes	shen jing	3027	13680	nerve [n.]	n. 神经, 神经元, 易激动, 紧张不安, 神经过敏, 神经质, 担忧, 害怕, 简练, 刚劲\n[医] 神经过敏	yes
priorities	优先	n.	ecdict-only	ielts		yes	no	no	yes	no	yes	you xian	3012	999999	prioritize [v.]	n. 先( priority的名词复数 ); 优先; 优先权; 优先考虑的事	yes
pinion	翅膀	n.	ecdict-only	toefl		yes	no	no	yes	yes	yes	chi bang	2998	31917	wing [n.]	n. 鸟翼, 翅膀, 翅前翼, 羽毛, 小齿轮\nvt. 剪断翼尖, 绑住...两臂	yes
penury	贫穷	n.	ecdict-only	toefl		yes	no	no	yes	no	yes	pin qiong	2998	32763	poor [adj.]	n. 贫困, 贫穷, 拮据, 馈乏\n[法] 赤贫, 缺乏	yes
doors	大门	n.	ecdict-only	ielts		yes	no	no	yes	yes	yes	da men	2967	999999	gate [n.]	n. 大门；入口；通道（door的复数）	yes
placement	布置	n.	ecdict-only	ielts		yes	no	no	yes	no	yes	bu zhi	2959	4394	arrange [v.] | decorate [v.]	n. 放置, 布置, 工作安排, 编班, 定位球\n[计] 放置	yes
posit	布置	v.	ecdict-only	toefl		yes	no	no	yes	yes	yes	bu zhi	2959	9378	arrange [v.] | decorate [v.]	vt. 假设, 安置, 布置	yes
earmark	标记	n.	ecdict-only	tem8		yes	no	no	yes	yes	yes	biao ji	2937	12180	mark [n.]	n. 耳上记号, 特征, 记号, 标记\nvt. 在耳朵上做记号, 标记, 指定...作特定用途	yes
marks	标记	n.	ecdict-only	ielts		yes	no	no	yes	yes	yes	biao ji	2937	999999	mark [n.]	n. 标记, 记号；唛头, 分数；台面标志	yes
breakup	分裂	n.	ecdict-only	toefl		yes	no	no	yes	no	yes	fen lie	2936	7673	split [v.] | divide [v.]	n. 分裂, 崩溃, 解散, 解体\n[电] 停止	yes
schism	分裂	n.	ecdict-only	toefl		yes	no	no	yes	no	yes	fen lie	2936	17948	split [v.] | divide [v.]	n. 分裂, 分立, 分裂教会罪\n[法] 分裂, 分裂宗教罪, 宗派	yes
blubber	哭泣	n.	ecdict-only	toefl		yes	no	no	yes	no	yes	ku qi	2926	23945	cry [v.]	n. 鲸脂, 哭泣\nv. 又哭又闹	yes
gainsay	否定	v.	ecdict-only	toefl		yes	no	no	yes	yes	yes	fou ding	2910	32959	deny [v.]	vt. 否定, 反驳\nn. 否认, 反驳, 反对	yes
cartridge	弹药	n.	ecdict-only	tem8		yes	no	no	yes	yes	yes	dan yao	2903	9132	ammunition [n.]	n. 弹药筒, 弹药, 一卷软片, 墨粉鼓\n[计] 盒式磁带机	yes
ejection	驱逐	n.	ecdict-only	ielts		yes	no	no	yes	no	yes	qu zhu	2901	19639	expel [v.] | drive out [v.]	n. 驱逐, 喷出, 排出物\n[化] 排出	yes
plaint	起诉	n.	ecdict-only	toefl		yes	no	no	yes	no	yes	qi su	2894	34066	sue [v.] | prosecute [v.]	n. 悲叹, 感叹, 诉苦, 起诉, 抗议, 抱怨\n[法] 控告, 起诉, 告状	yes
lookout	前途	n.	ecdict-only	tem8		yes	no	no	yes	yes	yes	qian tu	2891	10483	future [n.] | prospect [n.]	n. 注意, 前途, 了望台, 景色\n[法] 看守, 守望	yes
orientate	向东	v.	ecdict-only	ielts		yes	no	no	yes	yes	yes	xiang dong	2886	38284	go east [v.]	v. 向东, 朝向	yes
goals	进球	n.	ecdict-only	ielts		yes	no	no	yes	no	yes	jin qiu	2849	999999	score goal [v.]	n. 目标, 目的；进球, 射中次数	yes
regimen	体制	n.	ecdict-only	toefl		yes	no	yes	yes	yes	yes	ti zhi	2845	7909	system [n.] | regime [n.]	n. 养生法, 常规强化训练课, 体制, 情态\n[医] 制度, 生活制度	yes
organisation	体制	n.	ecdict-only	tem8		yes	no	yes	yes	yes	yes	ti zhi	2845	999999	system [n.] | regime [n.]	n. 组织, 团体, 体制, 编制	yes
systems	体制	n.	ecdict-only	ielts		yes	no	no	yes	yes	yes	ti zhi	2845	999999	system [n.] | regime [n.]	n. 体制, 体系；制度；系统（system的复数形式）	yes
execrable	讨厌的	adj.	ecdict-only	tem8		yes	no	no	no	new-key	yes	tao yan de	2843	35889		a. 该咒的, 可憎恨的, 讨厌的	yes
pestilential	讨厌的	adj.	ecdict-only	toefl		yes	no	no	no	new-key	yes	tao yan de	2843	41028		a. 瘟疫的, 有害的, 传播疾病的, 讨厌的, 恼人的\n[医] 疫病的	yes
accommodations	住宿	n.	ecdict-only	ielts		yes	no	no	yes	yes	yes	zhu su	2837	999999	accommodation [n.]	n. 膳宿；住房, 住宿；居住设施（accommodation的复数）	yes
waistcoat	马甲	n.	ecdict-only	tem8		yes	no	yes	yes	yes	yes	ma jia	2800	22595	vest [n.]	n. 西装背心, 马甲	yes
reparation	补偿	n.	ecdict-only	tem8		yes	no	no	yes	no	yes	bu chang	2785	13025	compensate [v.]	n. 补偿, 赔偿, 弥补, 修复, 修理\n[经] 赔偿, 补偿, 修理	yes
herbaceous	绿色的	adj.	ecdict-only	toefl		yes	no	no	no	new-key	yes	lv se de	2758	25205		a. 草本的, 叶状的, 绿色的\n[医] 草的	yes
universally	万能	adv.	ecdict-only	toefl		yes	no	no	yes	no	yes	wan neng	2755	8939	universal [adj.] | all-purpose [adj.]	adv. 宇宙, 全世界, 普遍, 一般, 普通, 全体, 一致, 通用, 万能, 广用, 广泛	yes
posit	假设	v.	ecdict-only	toefl		yes	no	no	yes	yes	yes	jia she	2751	9378	suppose [v.] | assume [v.]	vt. 假设, 安置, 布置	yes
parties	当事人	n.	ecdict-only	ielts		yes	no	no	yes	yes	yes	dang shi ren	2744	999999	party [n.] | person concerned [n.]	n. 当事人；聚会；党派；政党机关；同行者（party的复数）	yes
periodically	期刊	adv.	ecdict-only	ielts		yes	no	no	yes	no	yes	qi kan	2743	7046	journal [n.]	adv. 定期, 循环, 间歇, 周期, 定期刊行, 期刊	yes
outlay	经费	n.	ecdict-only	tem8		yes	no	no	yes	yes	yes	jing fei	2732	14087	funds [n.] | budget [n.]	n. 费用, 经费, 支出\nvt. 花费	yes
expenses	经费	n.	ecdict-only	ielts		yes	no	no	yes	yes	yes	jing fei	2732	999999	funds [n.] | budget [n.]	n. 开支, 经费, 费用\n[法] 开支, 支出, 经费	yes
benefits	福利	n.	ecdict-only	ielts		yes	no	no	yes	yes	yes	fu li	2731	999999	welfare [n.] | benefit [n.]	n. 利益, 收益；福利, 效益（benefit的复数形式）	yes
issues	议题	n.	ecdict-only	ielts		yes	no	no	yes	yes	yes	yi ti	2716	999999	topic [n.] | agenda [n.]	n. 议题, 问题；争点；债券（issue的复数）	yes
amends	赔偿	n.	ecdict-only	ielts		yes	no	no	yes	no	yes	pei chang	2705	16606	compensate [v.]	n. 赔偿\n[经] 赔偿	yes
ingoing	就任	n.	ecdict-only	toefl		yes	no	no	yes	no	yes	jiu ren	2704	999999	take office [v.]	a. 进入的, 新进的, 洞察的\nn. 进入, 迁入, 就任	yes
instruments	乐器	n.	ecdict-only	ielts		yes	no	no	yes	yes	yes	yue qi	2701	999999	musical instrument [n.]	n. 乐器；工具；仪器（instrument的复数）	yes
planting	种植	n.	ecdict-only	ielts		yes	no	no	yes	no	yes	zhong zhi	2694	7447	plant [v.] | grow [v.]	n. 种植, 栽培, 播种, 人工林, 花圃, 苗圃	yes
lookout	景色	n.	ecdict-only	tem8		yes	no	no	yes	yes	yes	jing se	2685	10483	scenery [n.]	n. 注意, 前途, 了望台, 景色\n[法] 看守, 守望	yes
floors	地板	n.	ecdict-only	ielts		yes	no	no	yes	yes	yes	di ban	2680	999999	floor [n.]	n. 楼地面；地板；楼层；层数（floor的复数）	yes
ostensibly	显然	adv.	ecdict-only	tem8		yes	no	no	yes	yes	yes	xian ran	2660	9156	obviously [adv.] | clearly [adv.]	adv. 可公开, 显然, 表面, 外表, 诡称, 假装	yes
variously	个别	adv.	ecdict-only	toefl		yes	no	no	yes	no	yes	ge bie	2646	13051	individual [adj.] | some [adj.]	adv. 各种各样, 种种, 不同, 多方面, 多才多艺, 许多, 各个, 个别, 杂色, 彩色	yes
longtime	长久	adv.	ecdict-only	toefl		yes	no	no	yes	no	yes	chang jiu	2631	3536	long-lasting [adj.]	a. (已持续)长时间的,为时甚久的\nadv. 长久	yes
polemic	辩论	n.	ecdict-only	tem8		yes	no	no	yes	no	yes	bian lun	2631	17583	debate [v.]	a. 争辩的, 好争论的\nn. 争论, 辩论, 辩论者	yes
disputes	辩论	v.	ecdict-only	ielts		yes	no	no	yes	yes	yes	bian lun	2631	999999	debate [v.]	n. 辩论( dispute的名词复数 ); 争端; （劳资）纠纷; 罢工\nv. 辩论, 争论( dispute的第三人称单数 ); 争夺; 阻止; 就…进行辩论	yes
noticeably	显著	adv.	ecdict-only	toefl		yes	no	no	yes	no	yes	xian zhu	2627	11377	significant [adj.] | remarkable [adj.]	adv. 显而易见, 值得注意, 重要, 显著	yes
exhume	发掘	v.	ecdict-only	toefl		yes	no	no	yes	yes	yes	fa jue	2615	20069	excavate [v.] | unearth [v.]	vt. 掘出, 发掘	yes
laud	赞美	n.	ecdict-only	toefl		yes	no	no	yes	no	yes	zan mei	2611	13707	praise [v.]	n. 赞美, 称赞\nvt. 赞美, 称赞	yes
laud	赞美	v.	ecdict-only	toefl		yes	no	no	yes	yes	yes	zan mei	2611	13707	praise [v.]	n. 赞美, 称赞\nvt. 赞美, 称赞	yes
nearness	密切	n.	ecdict-only	toefl		yes	no	no	yes	no	yes	mi qie	2588	25477	close [adj.]	n. 接近；密切；近似	yes
subsection	分区	n.	ecdict-only	toefl		yes	no	no	yes	yes	yes	fen qu	2585	20259	partition [n.] | zone [n.]	n. 分部, 分区, 分支\n[经] 分部, 分段, 小小组	yes
partiality	不公平	n.	ecdict-only	tem8		yes	no	no	yes	no	yes	bu gong ping	2585	29852	unfair [adj.]	n. 偏心, 偏颇, 不公平, 特别喜欢, 癖好\n[法] 偏袒, 偏见, 不公平	yes
veracity	诚实	n.	ecdict-only	toefl		yes	no	no	yes	no	yes	cheng shi	2582	17927	honest [adj.]	n. 说话老实, 老实, 诚实	yes
faithfulness	诚实	n.	ecdict-only	toefl		yes	no	no	yes	no	yes	cheng shi	2582	20790	honest [adj.]	n. 忠诚, 诚实, 正确	yes
probity	诚实	n.	ecdict-only	toefl		yes	no	no	yes	no	yes	cheng shi	2582	28504	honest [adj.]	n. 诚实, 正直	yes
distantly	冷漠	adv.	ecdict-only	toefl		yes	no	no	yes	no	yes	leng mo	2576	20966	indifferent [adj.] | cold [adj.]	adv. 远, 远隔, 久远, 疏远, 稀疏, 不紧密, 冷淡, 冷漠, 隐约	yes
wale	精华	n.	ecdict-only	toefl		yes	no	no	yes	yes	yes	jing hua	2574	999999	essence [n.]	n. 隆起的伤痕, 鞭痕, 凸条纹, 精华, 选择\nvt. 在...上留下鞭痕, 织成棱纹, 挑选, 撑住\nvi. 挑选	yes
accession	即位	n.	ecdict-only	tem8		yes	no	no	yes	no	yes	ji wei	2566	16248	ascend the throne [v.]	n. 到达, 即位, 增加, 同意, 发作, 正式接受\nvt. 登记入册	yes
undertaker	企业家	n.	ecdict-only	tem8		yes	no	no	yes	yes	yes	qi ye jia	2555	21262	entrepreneur [n.]	n. 承担者, 承办人, 企业家, 承办丧葬者, 殡仪员\n[经] 承办商	yes
germination	发育	n.	ecdict-only	toefl		yes	no	no	yes	no	yes	fa yu	2529	22312	develop [v.] | grow [v.]	n. 发芽, 萌芽, 发育\n[医] 出芽, 生芽, 发芽	yes
underpin	支撑	v.	ecdict-only	ielts		yes	no	yes	yes	yes	yes	zhi cheng	2523	15343	support [v.]	vt. 从下面支承, 支撑, 支持\n[经] 支撑	yes
printing	印刷	n.	ecdict-only	ielts		yes	no	no	yes	no	yes	yin shua	2517	7217	print [v.]	n. 印刷, 印刷术, 印花\n[计] 打印; 印刷	yes
inquiries	疑问	n.	ecdict-only	ielts		yes	no	no	yes	yes	yes	yi wen	2502	999999	question [n.] | doubt [n.]	n. 调查( inquiry的名词复数 ); 疑问; 探究; 打听	yes
goody	姥姥	n.	ecdict-only	tem8		yes	no	no	yes	yes	yes	lao lao	2498	26150	grandma [n.]	n. 身分低微之老妇, 糖果, 姥姥\na. 感伤的, 伪善的\ninterj. 太好了	yes
stipulation	约定	n.	ecdict-only	toefl		yes	no	no	yes	no	yes	yue ding	2493	16026	agree [v.] | promise [v.]	n. 约束, 约定, 契约\n[经] 订定, 规定, 条款	yes
rover	海盗	n.	ecdict-only	tem8		yes	no	no	yes	yes	yes	hai dao	2492	10395	pirate [n.]	n. 漂泊者, 流浪者, 海盗\n[法] 流浪者, 海盗, 海盗船	yes
photos	图片	n.	ecdict-only	ielts		yes	no	no	yes	yes	yes	tu pian	2485	999999	picture [n.]	n. 照片, 图片；相册（photo的复数形式）	yes
matriculate	录取	v.	ecdict-only	tem8		yes	no	no	yes	yes	yes	lu qu	2478	28369	admit [v.] | enroll [v.]	vt. 准许入学, 录取\nvi. 入学, 进大学\nn. 获准入学者	yes
fungal	真菌	adj.	ecdict-only	toefl		yes	no	no	yes	no	yes	zhen jun	2470	12482	fungus [n.]	a. 真菌, 突然发生而迅速生长的东西, 真菌类植物, 海绵肿, 真菌类病害\n[医] 真菌的, 霉菌的	yes
firing	加热	n.	ecdict-only	toefl		yes	no	no	yes	no	yes	jia re	2465	6587	heat [v.]	n. 烧毁, 焚烧, 加热, 添煤\n[计] 点火	yes
gilded	有钱的	adj.	ecdict-only	tem4		yes	no	no	no	new-key	yes	you qian de	2434	12081		a. 镀金的, 有钱的, 装饰的\ngild的过去式和过去分词	yes
stronghold	大本营	n.	ecdict-only	toefl		yes	no	no	yes	yes	yes	da ben ying	2429	10622	base camp [n.]	n. 要塞, 堡垒, 大本营	yes
culmination	顶点	n.	ecdict-only	toefl		yes	no	no	yes	yes	yes	ding dian	2428	12765	apex [n.] | vertex [n.]	n. 顶点, 高潮, 最高点	yes
handcrafted	手工	v.	ecdict-only	toefl		yes	no	no	yes	no	yes	shou gong	2420	20807	handmade [n.] | handicraft [n.]	v. 手工, 手艺( handcraft的过去式和过去分词 )	yes
indoctrinate	教训	v.	ecdict-only	tem8		yes	no	no	yes	no	yes	jiao xun	2419	21692	lesson [n.]	vt. 教训, 教导, 灌输	yes
lessons	教训	n.	ecdict-only	ielts		yes	no	no	yes	yes	yes	jiao xun	2419	999999	lesson [n.]	n. 功课( lesson的名词复数 ); 课程; 教训; 一堂课	yes
avoidance	逃避	n.	ecdict-only	toefl		yes	no	no	yes	no	yes	tao bi	2403	9140	escape [v.] | avoid [v.]	n. 避免, 避开, 逃避\n[经] 回避, 废止, 宣告无效	yes
gaiety	快活	n.	ecdict-only	tem8		yes	no	no	yes	no	yes	kuai huo	2399	26016	happy [adj.] | cheerful [adj.]	n. 愉快, 快活, 高兴	yes
liveliness	快活	n.	ecdict-only	toefl		yes	no	no	yes	no	yes	kuai huo	2399	27955	happy [adj.] | cheerful [adj.]	n. 活泼, 快活, 热闹	yes
wrest	夺取	v.	ecdict-only	tem8		yes	no	no	yes	yes	yes	duo qu	2387	15051	seize [v.] | capture [v.]	n. 扭, 拧\nvt. 夺取, 猛扭, 歪曲, 费力取得	yes
walking	步行	n.	ecdict-only	ielts		yes	no	no	yes	no	yes	bu xing	2378	3634	walk [v.]	n. 步行, 步态\na. 步行的, 步行用的	yes
dissemination	普及	n.	ecdict-only	ielts		yes	no	no	yes	no	yes	pu ji	2361	13011	popularize [v.] | spread [v.]	n. 散播, 传播, 普及\n[医] 散布, 播散	yes
accumulation	累积	n.	ecdict-only	toefl		yes	no	no	yes	no	yes	lei ji	2349	8460	accumulate [v.]	n. 积聚, 累积, 积聚物\n[医] 蓄积, 累积	yes
plethora	过多	n.	ecdict-only	toefl		yes	no	no	yes	no	yes	guo duo	2347	13548	excessive [adj.]	n. 过多, 过剩, 多血症\n[医] 多血[症]	yes
raze	消除	v.	ecdict-only	toefl		yes	no	no	yes	yes	yes	xiao chu	2344	16914	eliminate [v.]	vt. 毁灭, 刮去, 把...夷为平地, 消除, 抹去, 破坏	yes
slake	消除	v.	ecdict-only	toefl		yes	no	no	yes	yes	yes	xiao chu	2344	31425	eliminate [v.]	vt. 消除, 使清凉, 熄灭\n[医] 消, 灭; 消和(石灰); 松, 缓和	yes
defection	背叛	n.	ecdict-only	toefl		yes	no	no	yes	no	yes	bei pan	2341	13837	betray [v.]	n. 背叛, 缺乏, 毛病\n[法] 缺点, 过失, 背叛	yes
disaffection	背叛	n.	ecdict-only	toefl		yes	no	no	yes	no	yes	bei pan	2341	23066	betray [v.]	n. 不满, 不平, 背叛\n[法] 挑唆背判, 离判, 不满	yes
traduce	背叛	v.	ecdict-only	toefl		yes	no	no	yes	yes	yes	bei pan	2341	999999	betray [v.]	vt. 诽谤, 中伤, 背叛\n[法] 诽谤, 中伤, 诋毁	yes
scurf	头屑	n.	ecdict-only	tem8		yes	no	no	yes	yes	yes	tou xie	2338	999999	dandruff [n.]	n. 头屑, 皮屑\n[医] 头皮屑, 皮屑	yes
hiatus	中断	n.	ecdict-only	tem8		yes	no	no	yes	no	yes	zhong duan	2337	14945	interrupt [v.] | suspend [v.]	n. 裂缝, 中断, 空隙, 间隙, 裂孔, (稿件)脱字, 漏句\npl. 裂缝, 中断, 空隙, 间隙, 裂孔, (稿件)脱字, 漏句	yes
recompose	重组	v.	ecdict-only	toefl		yes	no	no	yes	yes	yes	chong zu	2331	999999	restructure [v.]	vt. 重组, 修改, 使镇定	yes
terms	条款	n.	ecdict-only	ielts		yes	no	no	yes	yes	yes	tiao kuan	2327	1285	clause [n.] | term [n.]	n. 条件, 条款, 费用, 价钱, 关系, 地位, 交谊\n[经] 条件	yes
progeny	后裔	n.	ecdict-only	toefl		yes	no	no	yes	yes	yes	hou yi	2325	16855	descendant [n.]	n. 子孙, 后裔, 成果\n[医] 后代, 后裔	yes
posthumously	身后	adv.	ecdict-only	toefl		yes	no	no	yes	no	yes	shen hou	2323	20913	behind [n.] | after death [n.]	adv. 父死后出生, 遗腹, 著作者死后出版, 身后, 死后	yes
insects	昆虫	n.	ecdict-only	ielts		yes	no	no	yes	yes	yes	kun chong	2309	999999	insect [n.]	n. 昆虫；昆虫类, 昆虫纲（insect的复数形式）	yes
diagnostic	诊断	n.	ecdict-only	tem8		yes	no	no	yes	no	yes	zhen duan	2303	6657	diagnose [v.]	a. 诊断的, 有助于诊断的, 特征的\nn. 诊断, 病的征候, 诊断法\n[计] 诊断的	yes
skulk	偷懒	v.	ecdict-only	toefl		yes	no	no	yes	yes	yes	tou lan	2295	23193	slack off [v.]	vi. 偷偷隐躲, 偷懒	yes
garner	储存	v.	ecdict-only	toefl		yes	no	no	yes	yes	yes	chu cun	2282	11116	store [v.]	n. 谷仓, 积蓄\nvt. 储存, 贮藏	yes
undisturbed	安静的	adj.	ecdict-only	toefl		yes	no	no	yes	yes	yes	an jing de	2282	13096	quiet [adj.]	a. 未被扰乱的, 安静的, 镇定的	yes
sedate	安静的	adj.	ecdict-only	toefl		yes	no	no	yes	yes	yes	an jing de	2282	19371	quiet [adj.]	a. 沉着的, 镇静的, 安静的\nvt. 给...服镇静剂	yes
inure	生效	v.	ecdict-only	toefl		yes	no	no	yes	yes	yes	sheng xiao	2274	26829	take effect [v.]	vt. 使习惯于\nvi. 生效	yes
amiability	亲切	n.	ecdict-only	tem8		yes	no	no	yes	no	yes	qin qie	2270	36102	kind [adj.] | cordial [adj.]	n. 和蔼可亲, 友善, 亲切	yes
magnificence	华丽	n.	ecdict-only	toefl		yes	no	no	yes	no	yes	hua li	2260	21679	gorgeous [adj.]	n. 富丽堂皇, 华丽, 宏大	yes
gallantry	华丽	n.	ecdict-only	toefl		yes	no	no	yes	no	yes	hua li	2260	26400	gorgeous [adj.]	n. 华丽, 豪勇, 勇敢行为	yes
headway	进展	n.	ecdict-only	tem8		yes	no	no	yes	yes	yes	jin zhan	2256	15526	progress [n.]	n. 前进, 航行速度, 进展\n[经] 进尺, 钻井	yes
readiness	预备	n.	ecdict-only	tem8		yes	no	no	yes	no	yes	yu bei	2253	7489	prepare [v.]	n. 预备, 准备, 敏捷	yes
subsection	分部	n.	ecdict-only	toefl		yes	no	no	yes	yes	yes	fen bu	2239	20259	branch [n.]	n. 分部, 分区, 分支\n[经] 分部, 分段, 小小组	yes
stations	驻地	n.	ecdict-only	ielts		yes	no	no	yes	yes	yes	zhu di	2226	999999	station [n.] | post [n.]	n. 车站；驻地；位置（station的复数形式）	yes
continence	自制	n.	ecdict-only	toefl		yes	no	no	yes	no	yes	zi zhi	2225	32640	self-control [v.] | homemade [v.]	n. 自制\n[医] 节制; 节欲	yes
clothe	赋予	v.	ecdict-only	toefl		yes	no	no	yes	yes	yes	fu yu	2223	10775	endow [v.] | grant [v.]	vt. 给...穿衣, 盖上, 赋予	yes
endue	赋予	v.	ecdict-only	toefl		yes	no	yes	yes	yes	yes	fu yu	2223	999999	endow [v.] | grant [v.]	vt. 授予, 赋予, 穿上	yes
elements	原理	n.	ecdict-only	ielts		yes	no	no	yes	yes	yes	yuan li	2220	999999	principle [n.]	n. 原理, 基础	yes
infusion	注入	n.	ecdict-only	toefl		yes	no	no	yes	no	yes	zhu ru	2213	10082	inject [v.] | pour into [v.]	n. 注入, 泡制, 注入物\n[化] 浸渍; 浸泡	yes
fervour	热烈	n.	ecdict-only	tem8		yes	no	no	yes	no	yes	re lie	2213	999999	warm [adj.] | enthusiastic [adj.]	n. 炽热, 热诚, 热情, 热烈	yes
lethargy	瞌睡	n.	ecdict-only	toefl		yes	no	no	yes	yes	yes	ke shui	2208	21103	drowsiness [n.] | sleepiness [n.]	n. 昏睡, 瞌睡, 无力气\n[医] 昏睡, 嗜眠	yes
quandary	为难	n.	ecdict-only	toefl		yes	no	no	yes	no	yes	wei nan	2186	15583	embarrass [v.] | make things difficult [v.]	n. 困惑, 迷惑, 为难	yes
variously	彩色	adv.	ecdict-only	toefl		yes	no	no	yes	no	yes	cai se	2167	13051	colorful [adj.] | colored [adj.]	adv. 各种各样, 种种, 不同, 多方面, 多才多艺, 许多, 各个, 个别, 杂色, 彩色	yes
effigy	雕像	n.	ecdict-only	toefl		yes	no	no	yes	yes	yes	diao xiang	2164	18533	statue [n.]	n. 肖像, 雕像	yes
statuary	雕像	n.	ecdict-only	toefl		yes	no	no	yes	yes	yes	diao xiang	2164	22523	statue [n.]	n. 雕像, 雕像艺术, 雕像家\na. 雕像的, 雕像用的	yes
clients	客户端	n.	ecdict-only	ielts		yes	no	no	yes	yes	yes	ke hu duan	2160	999999	client [n.]	n. 客户端；顾客；救济对象；应受账款；委托方（client的复数）	yes
rocks	岩石	n.	ecdict-only	ielts		yes	no	no	yes	yes	yes	yan shi	2149	999999	rock [n.]	n. 岩石, 岩礁；岩石礁石（rock复数形式）	yes
nervousness	担忧	n.	ecdict-only	tem4		yes	no	no	yes	no	yes	dan you	2140	13680	worry [v.]	n. 神经, 神经元, 易激动, 紧张不安, 神经过敏, 神经质, 担忧, 害怕, 简练, 刚劲\n[医] 神经过敏	yes
mechanically	力学	adv.	ecdict-only	toefl		yes	no	no	yes	no	yes	li xue	2136	13921	mechanics [n.]	adv. 机械, 用机械, 机械学, 物理, 力学, 呆板, 无意识, 手工操作, 技工	yes
penury	贫困	n.	ecdict-only	toefl		yes	no	no	yes	no	yes	pin kun	2136	32763	poor [adj.]	n. 贫困, 贫穷, 拮据, 馈乏\n[法] 赤贫, 缺乏	yes
biologically	生物学	adv.	ecdict-only	toefl		yes	no	no	yes	no	yes	sheng wu xue	2133	12839	biology [n.]	adv. 生物学, 生态学	yes
extremities	尽头	n.	ecdict-only	tem8		yes	no	no	yes	yes	yes	jin tou	2123	999999	end [n.]	n. 端点( extremity的名词复数 ); 尽头; 手和足; 极窘迫的境地	yes
boule	下议院	n.	ecdict-only	toefl		yes	no	no	yes	yes	yes	xia yi yuan	2121	42076	lower house [n.]	n. 议会, 下议院, 立法会议	yes
infrequently	稀罕	adv.	ecdict-only	toefl		yes	no	no	yes	no	yes	xi han	2118	14337	cherish [v.]	adv. 很少发生, 不常发生, 罕见, 稀罕, 偶有, 不寻常	yes
hilarity	欢喜	n.	ecdict-only	toefl		yes	no	no	yes	no	yes	huan xi	2108	24090	happy [adj.] | joyful [adj.]	n. 欢喜, 高兴	yes
skyline	天涯	n.	ecdict-only	tem8		yes	no	no	yes	yes	yes	tian ya	2103	9513	end of the world [n.]	n. 天涯, 地平线, 空中轮廓线	yes
misleading	骗人的	adj.	ecdict-only	toefl		yes	no	yes	yes	yes	yes	pian ren de	2099	6573	deceptive [adj.]	a. 引入歧途的, 使人误解的, 骗人的\n[法] 误写姓名的, 误称的, 令人误解的	yes
interviews	会见	v.	ecdict-only	ielts		yes	no	no	yes	yes	yes	hui jian	2091	999999	meet [v.]	n. 接见( interview的名词复数 ); 采访; 面谈; 会谈\nv. 面试( interview的第三人称单数 ); 访问; 会见; （私下）提问	yes
infrequently	罕见	adv.	ecdict-only	toefl		yes	no	no	yes	no	yes	han jian	2087	14337	rare [adj.]	adv. 很少发生, 不常发生, 罕见, 稀罕, 偶有, 不寻常	yes
matriculate	入学	v.	ecdict-only	tem8		yes	no	no	yes	yes	yes	ru xue	2082	28369	enter school [v.]	vt. 准许入学, 录取\nvi. 入学, 进大学\nn. 获准入学者	yes
progenitor	祖先	n.	ecdict-only	toefl		yes	no	no	yes	yes	yes	zu xian	2079	19980	ancestor [n.]	n. 祖先, 先辈, 原本\n[医] 祖先, 祖代	yes
smite	毁灭	v.	ecdict-only	toefl		yes	no	no	yes	yes	yes	hui mie	2078	14488	destroy [v.] | annihilate [v.]	vt. 重击, 打, 击败, 毁灭, 侵袭, 打动\nvi. 重击, 打\nn. 重击, 打	yes
raze	毁灭	v.	ecdict-only	toefl		yes	no	no	yes	yes	yes	hui mie	2078	16914	destroy [v.] | annihilate [v.]	vt. 毁灭, 刮去, 把...夷为平地, 消除, 抹去, 破坏	yes
marginally	少量	adv.	ecdict-only	ielts		yes	no	no	yes	no	yes	shao liang	2073	12390	small amount [n.]	adv. 记在页边, 有旁注, 边缘, 边沿地区, 边际, 限界, 勉强够格, 无关紧要, 少量	yes
egress	外出	n.	ecdict-only	toefl		yes	no	no	yes	no	yes	wai chu	2064	29282	go out [v.]	n. 出口, 外出\nvi. 外出	yes
egress	外出	v.	ecdict-only	toefl		yes	no	no	yes	yes	yes	wai chu	2064	29282	go out [v.]	n. 出口, 外出\nvi. 外出	yes
parties	党派	n.	ecdict-only	ielts		yes	no	no	yes	yes	yes	dang pai	2062	999999	political party [n.]	n. 当事人；聚会；党派；政党机关；同行者（party的复数）	yes
placement	放置	n.	ecdict-only	ielts		yes	no	no	yes	no	yes	fang zhi	2056	4394	place [v.] | put [v.]	n. 放置, 布置, 工作安排, 编班, 定位球\n[计] 放置	yes
rendering	打底	n.	ecdict-only	toefl		yes	no	no	yes	no	yes	da di	2053	10799	base [v.]	n. 翻译, 表现, 描写, 表演, 打底, 透视图	yes
rendering	描写	n.	ecdict-only	toefl		yes	no	no	yes	yes	yes	miao xie	2047	10799	description [n.]	n. 翻译, 表现, 描写, 表演, 打底, 透视图	yes
portraiture	描写	n.	ecdict-only	toefl		yes	no	no	yes	yes	yes	miao xie	2047	19055	description [n.]	n. 肖像绘制(法), 肖像画, 描写	yes
hobble	阻碍	v.	ecdict-only	tem8		yes	no	no	yes	yes	yes	zu ai	2043	11703	hinder [v.] | block [v.]	vi. 蹒跚\nvt. 使跛行, 阻碍\nn. 跛行	yes
stoppage	阻碍	n.	ecdict-only	tem8		yes	no	no	yes	no	yes	zu ai	2043	20251	hinder [v.] | block [v.]	n. 停止, 中止, 阻塞, 阻碍, 堵塞, 故障, 停付, 扣除, 扣留, 停工, 罢工\n[化] 停机	yes
visually	光学	adv.	ecdict-only	toefl		yes	no	no	yes	no	yes	guang xue	2035	6319	optics [n.]	adv. 看, 视力, 视觉, 可见, 凭视力, 看到, 看得见, 光学, 形象化, 栩栩如生	yes
outcrop	露出	n.	ecdict-only	toefl		yes	no	no	yes	no	yes	lu chu	2024	19248	expose [v.] | reveal [v.]	n. 露出, 露头, 爆发\nvi. 露出地表, 出现	yes
interviews	会谈	n.	ecdict-only	ielts		yes	no	no	yes	yes	yes	hui tan	2023	999999	talks [n.] | meeting [n.]	n. 接见( interview的名词复数 ); 采访; 面谈; 会谈\nv. 面试( interview的第三人称单数 ); 访问; 会见; （私下）提问	yes
mortify	抑制	v.	ecdict-only	toefl		yes	no	no	yes	yes	yes	yi zhi	2018	18139	suppress [v.] | inhibit [v.]	vt. 抑制, 苦修, 使受辱\nvi. 禁欲, 苦修	yes
prohibitively	抑制	adv.	ecdict-only	toefl		yes	no	no	yes	no	yes	yi zhi	2018	21706	suppress [v.] | inhibit [v.]	adv. 禁止, 起阻止作用, 抑制	yes
accost	勾引	v.	ecdict-only	toefl		yes	no	no	yes	yes	yes	gou yin	2017	19030	seduce [v.] | lure [v.]	vt. 招呼, 搭讪, 勾引\n[法] 勾引, 引诱	yes
walkout	罢工	n.	ecdict-only	toefl		yes	no	no	yes	no	yes	ba gong	2005	21507	strike [v.]	n. 罢工, 退席, 恋爱关系\n[经] 罢工	yes
disputes	罢工	n.	ecdict-only	ielts		yes	no	no	yes	no	yes	ba gong	2005	999999	strike [v.]	n. 辩论( dispute的名词复数 ); 争端; （劳资）纠纷; 罢工\nv. 辩论, 争论( dispute的第三人称单数 ); 争夺; 阻止; 就…进行辩论	yes
reek	散发	v.	ecdict-only	toefl		yes	no	no	yes	yes	yes	san fa	2001	14513	emit [v.] | distribute [v.]	n. 烟, 水蒸气, 臭气散发\nvi. 冒烟, 发臭气, 散发\nvt. 用烟熏, 散发	yes
sailing	航行	n.	ecdict-only	ielts		yes	no	no	yes	no	yes	hang xing	2000	10027	sail [v.] | navigate [v.]	n. 航行, 航海术, 启航\na. 航行的	yes
luckily	幸亏	adv.	ecdict-only	toefl		yes	no	yes	yes	yes	yes	xing kui	1981	8175	fortunately [adv.]	adv. 幸运地, 幸亏, 侥幸	yes
disburse	支出	v.	ecdict-only	toefl		yes	no	no	yes	no	yes	zhi chu	1975	22802	expenditure [n.]	vt. 支付, 支出, 分配\n[经] 支付, 支出, 偿付	yes
antiquate	废弃	v.	ecdict-only	toefl		yes	no	no	yes	yes	yes	fei qi	1966	999999	abandon [v.] | discard [v.]	vt. 使古旧, 废弃	yes
drugs	毒品	n.	ecdict-only	ielts		yes	no	no	yes	yes	yes	du pin	1965	999999	drug [n.]	n. 毒品, 药物	yes
familiarity	亲密	n.	ecdict-only	toefl		yes	no	no	yes	no	yes	qin mi	1964	8057	intimate [adj.] | close [adj.]	n. 熟悉, 精通, 亲密	yes
terms	价钱	n.	ecdict-only	ielts		yes	no	yes	yes	yes	yes	jia qian	1960	1285	price [n.]	n. 条件, 条款, 费用, 价钱, 关系, 地位, 交谊\n[经] 条件	yes
deliverance	解脱	n.	ecdict-only	tem8		yes	no	no	yes	no	yes	jie tuo	1947	18030	liberate [v.]	n. 解脱, 解救, 释放, 判决\n[法] 交保, 判决, 正式意见	yes
vastness	广大	n.	ecdict-only	toefl		yes	no	no	yes	no	yes	guang da	1945	18290	vast [adj.] | broad [adj.]	n. 巨大, 广大, 广漠	yes
reparation	弥补	n.	ecdict-only	tem8		yes	no	no	yes	no	yes	mi bu	1937	13025	make up for [v.] | compensate [v.]	n. 补偿, 赔偿, 弥补, 修复, 修理\n[经] 赔偿, 补偿, 修理	yes
mangle	损坏	v.	ecdict-only	toefl		yes	no	no	yes	yes	yes	sun huai	1917	19177	damage [v.]	vt. 乱砍, 损坏, 轧布\nn. 轧布机	yes
squeal	尖叫	n.	ecdict-only	tem8		yes	no	no	yes	no	yes	jian jiao	1911	11713	scream [v.]	n. 尖叫, 抱怨\nvi. 发出尖叫声, 高声埋怨\nvt. 用尖声说	yes
pocketbook	笔记本	n.	ecdict-only	toefl		yes	no	no	yes	yes	yes	bi ji ben	1889	12623	notebook [n.] | laptop [n.]	n. 笔记本, 钱袋, 皮夹, 经济来源	yes
actuate	激励	v.	ecdict-only	toefl		yes	no	no	yes	yes	yes	ji li	1884	29241	encourage [v.]	vt. 开动, 驱使, 激励	yes
insularity	孤立	n.	ecdict-only	ielts		yes	no	no	yes	no	yes	gu li	1879	29075	isolate [v.]	n. 岛屿生活状况, 孤立, 岛国性质	yes
candles	蜡烛	n.	ecdict-only	ielts		yes	no	no	yes	yes	yes	la zhu	1878	999999	candle [n.]	n. 蜡烛, 烛台（candle复数形式）	yes
figures	金额	n.	ecdict-only	ielts		yes	no	no	yes	yes	yes	jin e	1874	999999	amount [n.]	n. 图形, 图表；价格, 金额, 数字；规定动作；人物（figure的复数）	yes
intensely	极度	adv.	ecdict-only	toefl		yes	no	no	yes	yes	yes	ji du	1869	7018	extremely [adv.]	adv. 强烈地; 极度; 剧烈地	yes
disenchantment	觉醒	n.	ecdict-only	ielts		yes	no	no	yes	no	yes	jue xing	1858	20335	awaken [v.]	n. 觉醒, 清醒	yes
indirectly	间接	adv.	ecdict-only	toefl		yes	no	no	yes	no	yes	jian jie	1847	7019	indirect [adj.]	adv. 间接, 曲折, 迂回, 不直截了当, 不诚实, 不坦率\n[计] 间接地	yes
furnishing	家具	n.	ecdict-only	toefl		yes	no	no	yes	yes	yes	jia ju	1847	999999	furniture [n.]	n. 家具, 服饰品, 陈设品, 设备	yes
hobgoblin	幽灵	n.	ecdict-only	tem8		yes	no	no	yes	yes	yes	you ling	1842	42177	ghost [n.] | phantom [n.]	n. 妖怪, 幽灵	yes
driving	操纵	n.	ecdict-only	ielts		yes	no	no	yes	no	yes	cao zong	1832	3712	manipulate [v.]	n. 赶, 操纵, 驾驶\na. 推进的, 强劲的, 精力旺盛的	yes
steering	操纵	n.	ecdict-only	ielts		yes	no	no	yes	no	yes	cao zong	1832	6341	manipulate [v.]	n. 掌舵, 操纵, 指导	yes
retails	零售	v.	ecdict-only	ielts		yes	no	no	yes	no	yes	ling shou	1830	999999	retail [n.]	v. 零售；转述（retail的第三人称单数）	yes
tremendously	极其	adv.	ecdict-only	toefl		yes	no	no	yes	yes	yes	ji qi	1828	8855	extremely [adv.]	adv. 极大地; 极端地; 极其; 非常	yes
extraordinarily	惊人	adv.	ecdict-only	toefl		yes	no	no	yes	no	yes	jing ren	1827	7314	astonishing [adj.] | amazing [adj.]	adv. 非凡, 破例, 特别, 非常, 离奇, 使人惊奇, 惊人, 特命, 特派	yes
conscientiously	谨慎	adv.	ecdict-only	tem8		yes	no	no	yes	no	yes	jin shen	1822	24805	cautious [adj.]	adv. 认真, 凭良心做, 尽心尽责, 谨慎, 诚心诚意	yes
nationalities	国籍	n.	ecdict-only	ielts		yes	no	no	yes	yes	yes	guo ji	1813	999999	nationality [n.]	n. 国籍, 民族（nationality的复数）	yes
propitiate	安抚	v.	ecdict-only	toefl		yes	no	yes	yes	yes	yes	an fu	1810	38295	appease [v.] | soothe [v.]	vt. 慰抚, 安抚, 和解, 谋求...的好感	yes
participants	参与者	n.	ecdict-only	ielts		yes	no	no	yes	yes	yes	can yu zhe	1808	999999	participant [n.]	n. 参加者, 参与者; 参加者, 参与者( participant的名词复数 )\na. 有份的, 参与的	yes
accost	搭讪	v.	ecdict-only	toefl		yes	no	no	yes	yes	yes	da shan	1798	19030	hit on [v.] | chat up [v.]	vt. 招呼, 搭讪, 勾引\n[法] 勾引, 引诱	yes
upland	山地	n.	ecdict-only	toefl		yes	no	no	yes	yes	yes	shan di	1786	13478	mountainous area [n.]	n. 山地, 高地, 高原\na. 高地的, 山地的	yes
savvy	领悟	v.	ecdict-only	tem8		yes	no	yes	yes	yes	yes	ling wu	1777	9659	comprehend [v.]	v. 理解, 领悟\nn. 理解能力, 机智, 悟性	yes
avoidance	避开	n.	ecdict-only	toefl		yes	no	no	yes	no	yes	bi kai	1775	9140	avoid [v.]	n. 避免, 避开, 逃避\n[经] 回避, 废止, 宣告无效	yes
veneration	尊敬	n.	ecdict-only	toefl		yes	no	no	yes	no	yes	zun jing	1769	21317	respect [v.]	n. 尊敬, 崇敬, 崇拜	yes
accost	招呼	v.	ecdict-only	toefl		yes	no	no	yes	yes	yes	zhao hu	1762	19030	greet [v.]	vt. 招呼, 搭讪, 勾引\n[法] 勾引, 引诱	yes
multiplicity	多样	n.	ecdict-only	toefl		yes	no	no	yes	no	yes	duo yang	1760	14352	diverse [adj.] | varied [adj.]	n. 相重性, 多重性, 多样\n[化] 多重态; 多重性	yes
blocks	街区	n.	ecdict-only	ielts		yes	no	no	yes	yes	yes	jie qu	1759	999999	block [n.]	n. 积木；黑金石；街区；[音]双头木鱼；楼群（block的复数）	yes
stabilization	安定	n.	ecdict-only	toefl		yes	no	no	yes	no	yes	an ding	1755	10908	stable [adj.] | steady [adj.]	n. 安定, 稳定, 平抑, 安定化, 稳定化\n[医] 稳定, 安定	yes
variously	种种	adv.	ecdict-only	toefl		yes	no	no	yes	no	yes	zhong zhong	1754	13051	various [adj.]	adv. 各种各样, 种种, 不同, 多方面, 多才多艺, 许多, 各个, 个别, 杂色, 彩色	yes
pounds	英镑	n.	ecdict-only	ielts		yes	no	no	yes	yes	yes	ying bang	1738	999999	pound [n.]	n. 磅, 英镑；重击（pound复数形式）	yes
affliction	苦恼	n.	ecdict-only	toefl		yes	no	no	yes	yes	yes	ku nao	1728	13678	trouble [n.] | worry [n.]	n. 苦恼, 折磨, 苦恼的事由	yes
storehouse	仓库	n.	ecdict-only	ielts		yes	no	no	yes	yes	yes	cang ku	1728	19327	warehouse [n.]	n. 仓库, 储藏所, 宝库\n[机] 库房, 贮藏库, 仓库	yes
depository	仓库	n.	ecdict-only	tem8		yes	no	no	yes	yes	yes	cang ku	1728	23770	warehouse [n.]	n. 仓库, 贮藏所, 受托者\n[经] 受托人, 保管人, 保管所	yes
agility	灵活	n.	ecdict-only	toefl		yes	no	no	yes	no	yes	ling huo	1712	14781	flexible [adj.] | agile [adj.]	n. 敏捷, 灵活, 机敏	yes
deteriorating	恶化	v.	ecdict-only	tem8		yes	no	no	yes	yes	yes	e hua	1708	11518	deteriorate [v.] | worsen [v.]	v. 恶化, 变坏( deteriorate的现在分词 )	yes
temporize	妥协	v.	ecdict-only	toefl		yes	no	no	yes	yes	yes	tuo xie	1700	36279	compromise [v.]	vi. 随潮流, 拖延, 妥协, 调停	yes
reports	专题	n.	ecdict-only	ielts		yes	no	no	yes	yes	yes	zhuan ti	1693	999999	special topic [n.] | feature [n.]	n. 报表；专题；报告（report的复数）	yes
stronghold	堡垒	n.	ecdict-only	toefl		yes	no	no	yes	yes	yes	bao lei	1684	10622	fortress [n.]	n. 要塞, 堡垒, 大本营	yes
afoot	徒步	adv.	ecdict-only	tem8		yes	no	no	yes	yes	yes	tu bu	1679	17330	on foot [adv.]	a. 徒步的, 在进行中的, 活动中的\nadv. 徒步, 在进行中	yes
wale	挑选	v.	ecdict-only	toefl		yes	no	no	yes	yes	yes	tiao xuan	1669	999999	choose [v.] | select [v.]	n. 隆起的伤痕, 鞭痕, 凸条纹, 精华, 选择\nvt. 在...上留下鞭痕, 织成棱纹, 挑选, 撑住\nvi. 挑选	yes
faithfulness	忠诚	n.	ecdict-only	toefl		yes	no	no	yes	no	yes	zhong cheng	1664	20790	loyal [adj.] | faithful [adj.]	n. 忠诚, 诚实, 正确	yes
succour	解救	n.	ecdict-only	tem8		yes	no	no	yes	no	yes	jie jiu	1662	999999	rescue [v.]	n. 解救, 援助者\nvt. 解救, 援助	yes
succour	解救	v.	ecdict-only	tem8		yes	no	no	yes	yes	yes	jie jiu	1662	999999	rescue [v.]	n. 解救, 援助者\nvt. 解救, 援助	yes
bane	灭亡	n.	ecdict-only	tem8		yes	no	no	yes	no	yes	mie wang	1661	21357	perish [v.]	n. 祸根, 毒药, 灭亡的原因, 灭亡\n[医] 毒物, 毒, 毒药	yes
hunting	狩猎	n.	ecdict-only	ielts		yes	no	no	yes	no	yes	shou lie	1652	2772	hunt [v.]	n. 狩猎, 猎狐, 探求\n[计] 寻找平衡; 寻找	yes
fudge	谎言	n.	ecdict-only	tem8		yes	no	no	yes	yes	yes	huang yan	1649	14638	lie [n.]	n. 虚构的故事, 谎言, 胡说\ninterj. 胡说八道\nvi. 蒙混, 做傻事\nvt. 粗制滥造, 捏造, 逃避职责	yes
sufferance	默认	n.	ecdict-only	tem8		yes	no	no	yes	no	yes	mo ren	1646	34519	default [v.]	n. 容许, 默认, 默许\n[法] 容许, 容忍	yes
thug	凶手	n.	ecdict-only	tem8		yes	no	no	yes	yes	yes	xiong shou	1636	8101	murderer [n.] | killer [n.]	n. 恶棍, 刺客, 凶手\n[法] 凶手, 刺客, 暴徒	yes
constricted	压缩	v.	ecdict-only	toefl		yes	no	no	yes	yes	yes	ya suo	1635	24856	compress [v.]	v. 压缩, 压紧, 使收缩( constrict的过去式和过去分词)	yes
logically	明智	adv.	ecdict-only	toefl		yes	no	no	yes	no	yes	ming zhi	1630	11464	wise [adj.]	adv. 逻辑, 合乎逻辑, 符合逻辑, 逻辑上, 有逻辑, 有逻辑头脑, 合理, 明智	yes
remediation	纠正	n.	ecdict-only	toefl		yes	no	no	yes	no	yes	jiu zheng	1627	14082	correct [v.]	n. 补习, 辅导, 补救, 纠正	yes
administrate	支配	v.	ecdict-only	toefl		yes	no	no	yes	yes	yes	zhi pei	1624	36644	dominate [v.] | control [v.]	vt. 管理, 支配	yes
remediation	辅导	n.	ecdict-only	toefl		yes	no	no	yes	no	yes	fu dao	1623	14082	coach [v.] | tutor [v.]	n. 补习, 辅导, 补救, 纠正	yes
confetti	糖果	n.	ecdict-only	tem8		yes	no	no	yes	yes	yes	tang guo	1621	19366	candy [n.]	n. 糖果, 五彩纸屑	yes
firing	烧毁	n.	ecdict-only	toefl		yes	no	no	yes	no	yes	shao hui	1617	6587	burn down [v.]	n. 烧毁, 焚烧, 加热, 添煤\n[计] 点火	yes
gladiator	斗士	n.	ecdict-only	tem8		yes	no	no	yes	yes	yes	dou shi	1612	22393	fighter [n.]	n. 斗士, 斗剑者, 争论者	yes
respectability	习俗	n.	ecdict-only	tem8		yes	no	no	yes	yes	yes	xi su	1608	14970	custom [n.]	n. 可敬, 有社会地位, 高尚, 体面, 习俗	yes
nip	寒冷	n.	ecdict-only	tem8		yes	no	no	yes	no	yes	han leng	1604	13918	cold [adj.] | frigid [adj.]	n. 捏, 夹, 寒冷, 尖刻话\nvt. 捏, 夹, 钳, 剪断, 损伤, 冻伤, 一小口\nvi. 夹, 捏, 刺骨, 快走, 一小口一小口地抿(酒)\n[计] 核心程序的初始程序	yes
gambol	跳跃	n.	ecdict-only	toefl		yes	no	no	yes	no	yes	tiao yue	1595	34837	jump [v.]	n. 跳跃, 雀跃, 嬉戏\nvi. 跳跃, 雀跃, 耍闹	yes
gambol	跳跃	v.	ecdict-only	toefl		yes	no	no	yes	yes	yes	tiao yue	1595	34837	jump [v.]	n. 跳跃, 雀跃, 嬉戏\nvi. 跳跃, 雀跃, 耍闹	yes
inquisition	审理	n.	ecdict-only	tem8		yes	no	no	yes	no	yes	shen li	1592	22360	hear [v.] | try [v.]	n. 调查, 探究, 审理, 宗教裁判所\n[医] 调查, 审查	yes
cognizance	审理	n.	ecdict-only	toefl		yes	no	no	yes	no	yes	shen li	1592	32457	hear [v.] | try [v.]	n. 认识, 察知, 审理	yes
alternation	间隔	n.	ecdict-only	toefl		yes	no	no	yes	yes	yes	jian ge	1591	24407	interval [n.] | gap [n.]	n. 交互, 轮流, 间隔\n[计] 交替工作	yes
porpoise	海豚	n.	ecdict-only	toefl		yes	no	no	yes	yes	yes	hai tun	1584	23262	dolphin [n.]	n. 海豚, 鼠海豚	yes
immaturity	未成年	n.	ecdict-only	toefl		yes	no	no	yes	yes	yes	wei cheng nian	1573	24658	minor [n.]	n. 发育未全, 发育未完全, 不成熟, 未成熟, 未完成, 不完全, 粗糙, 幼年, 未成年\n[法] 未成年, 未成熟, 未成熟行为	yes
watercraft	船舶	n.	ecdict-only	toefl		yes	no	no	yes	yes	yes	chuan bo	1569	27559	ship [n.]	n. 水性, 船舶, 驾船技术	yes
physic	药品	n.	ecdict-only	toefl		yes	no	no	yes	yes	yes	yao pin	1567	35682	medicine [n.] | drug [n.]	n. 药品, 泻药, 医学\nvt. 给...服药, 治愈, 使通便	yes
impend	悬挂	v.	ecdict-only	toefl		yes	no	no	yes	yes	yes	xuan gua	1567	999999	hang [v.] | suspend [v.]	vi. 迫近, 威胁, 悬挂	yes
remission	减轻	n.	ecdict-only	tem8		yes	no	no	yes	no	yes	jian qing	1560	15046	reduce [v.] | alleviate [v.]	n. 宽恕, 豁免, 免罪, 缓和, 减轻\n[医] 缓解, 弛张	yes
assuage	减轻	v.	ecdict-only	toefl		yes	no	yes	yes	yes	yes	jian qing	1560	16696	reduce [v.] | alleviate [v.]	vt. 平息, 缓和, 减轻	yes
extenuate	减轻	v.	ecdict-only	toefl		yes	no	no	yes	yes	yes	jian qing	1560	999999	reduce [v.] | alleviate [v.]	vt. 减轻, 为...找借口\n[法] 减轻, 低估, 藐视	yes
commendation	赞赏	n.	ecdict-only	tem8		yes	no	no	yes	no	yes	zan shang	1537	21328	appreciate [v.] | admire [v.]	n. 赞赏, 嘉奖, 推荐	yes
conditions	形势	n.	ecdict-only	ielts		yes	no	no	yes	yes	yes	xing shi	1523	999999	situation [n.]	n. 形势, 情况, 环境	yes
stipulation	契约	n.	ecdict-only	toefl		yes	no	no	yes	yes	yes	qi yue	1522	16026	contract [n.]	n. 约束, 约定, 契约\n[经] 订定, 规定, 条款	yes
cetacean	鲸鱼	n.	ecdict-only	toefl		yes	no	no	yes	yes	yes	jing yu	1521	36550	whale [n.]	a. 鲸目的, 鲸鱼的\nn. 鲸目动物, 鲸鱼	yes
allotment	拨款	n.	ecdict-only	tem8		yes	no	no	yes	no	yes	bo kuan	1517	14275	allocate funds [v.]	n. 分配, 拨款, 命运\n[经] 分配, 拨款, 分配额分派认购额	yes
seats	座椅	n.	ecdict-only	ielts		yes	no	no	yes	yes	yes	zuo yi	1514	999999	seat [n.]	n. 座椅, 座位（seat的复数形式）	yes
rapprochement	和解	n.	ecdict-only	tem8		yes	no	no	yes	no	yes	he jie	1513	18980	reconcile [v.]	n. 和解, 恢复邦交, 恢复友好关系, 重归于好	yes
propitiate	和解	v.	ecdict-only	toefl		yes	no	no	yes	yes	yes	he jie	1513	38295	reconcile [v.]	vt. 慰抚, 安抚, 和解, 谋求...的好感	yes
deaden	减弱	v.	ecdict-only	tem8		yes	no	no	yes	yes	yes	jian ruo	1510	23285	weaken [v.] | diminish [v.]	vt. 使减弱, 使麻木\nvi. 减弱	yes
trends	趋势	n.	ecdict-only	ielts		yes	no	no	yes	yes	yes	qu shi	1504	999999	trend [n.] | tendency [n.]	n. 动态, 趋势	yes
dissemble	掩饰	v.	ecdict-only	toefl		yes	no	no	yes	yes	yes	yan shi	1500	26710	cover up [v.] | conceal [v.]	v. 掩饰, 假装不知道	yes
diminution	缩小	n.	ecdict-only	toefl		yes	no	no	yes	no	yes	suo xiao	1491	21683	shrink [v.]	n. 减少, 缩小, 减低\n[医] 减少, 减小	yes
detraction	缩小	n.	ecdict-only	toefl		yes	no	no	yes	no	yes	suo xiao	1491	999999	shrink [v.]	n. 转移, 缩小, 减损, 贬低, 毁损	yes
effervesce	冒泡	v.	ecdict-only	toefl		yes	no	no	yes	yes	yes	mao pao	1484	999999	bubble [v.]	vi. 冒泡, 泡腾, 兴奋\n[医] 起泡, 发气泡	yes
mystique	秘诀	n.	ecdict-only	toefl		yes	no	no	yes	yes	yes	mi jue	1477	12931	secret [n.] | trick [n.]	n. 神秘的气氛, 奥秘, 秘诀	yes
spate	泛滥	n.	ecdict-only	tem8		yes	no	no	yes	no	yes	fan lan	1477	14718	flood [v.] | overflow [v.]	n. 泛滥, 洪水, 大雨, 大量, 一阵	yes
linkage	连锁	n.	ecdict-only	toefl		yes	no	no	yes	yes	yes	lian suo	1471	7678	chain [n.]	n. 联合, 连锁, 结合, 联动\n[计] 连接	yes
prophesy	预报	v.	ecdict-only	tem8		yes	no	no	yes	yes	yes	yu bao	1447	18635	forecast [v.]	v. 预言, 预报	yes
donations	捐款	n.	ecdict-only	ielts		yes	no	no	yes	no	yes	juan kuan	1440	999999	donate [v.]	n. 捐款；捐赠（donation的复数）	yes
leach	过滤	n.	ecdict-only	toefl		yes	no	no	yes	no	yes	guo lv	1432	14435	filter [v.]	vt. 过滤, 萃取\nvi. 滤掉\nn. 过滤, 过滤器, 沥出物	yes
refrigeration	冷却	n.	ecdict-only	toefl		yes	no	no	yes	no	yes	leng que	1427	15892	cool [v.]	n. 冷却, 冷藏, 冷冻\n[计] 致冷	yes
primacy	卓越	n.	ecdict-only	toefl		yes	no	no	yes	no	yes	zhuo yue	1420	12762	excellent [adj.] | outstanding [adj.]	n. 第一, 首位, 卓越	yes
breakup	解体	n.	ecdict-only	toefl		yes	no	no	yes	no	yes	jie ti	1416	7673	dismantle [v.]	n. 分裂, 崩溃, 解散, 解体\n[电] 停止	yes
restaurants	餐馆	n.	ecdict-only	ielts		yes	no	no	yes	yes	yes	can guan	1414	999999	restaurant [n.]	n. 饭店( restaurant的名词复数 ); 餐馆; 饭馆; 菜馆	yes
pretense	虚假	n.	ecdict-only	toefl		yes	no	no	yes	no	yes	xu jia	1412	11459	false [adj.] | fake [adj.]	n. 借口, 虚假, 伪装	yes
immaturity	幼年	n.	ecdict-only	toefl		yes	no	no	yes	yes	yes	you nian	1412	24658	childhood [n.]	n. 发育未全, 发育未完全, 不成熟, 未成熟, 未完成, 不完全, 粗糙, 幼年, 未成年\n[法] 未成年, 未成熟, 未成熟行为	yes
nip	损伤	v.	ecdict-only	tem8		yes	no	no	yes	yes	yes	sun shang	1409	13918	damage [v.]	n. 捏, 夹, 寒冷, 尖刻话\nvt. 捏, 夹, 钳, 剪断, 损伤, 冻伤, 一小口\nvi. 夹, 捏, 刺骨, 快走, 一小口一小口地抿(酒)\n[计] 核心程序的初始程序	yes
comport	举动	v.	ecdict-only	toefl		yes	no	no	yes	no	yes	ju dong	1399	23213	action [n.] | move [n.]	vt. 举动, 表现\nvi. 相称, 适合	yes
nearness	近似	n.	ecdict-only	toefl		yes	no	no	yes	no	yes	jin si	1393	25477	approximate [adj.]	n. 接近；密切；近似	yes
caves	咖啡馆	n.	ecdict-only	ielts		yes	no	no	yes	yes	yes	ka fei guan	1383	999999	cafe [n.]	n. 咖啡馆, 小餐厅( cafe的名词复数 ); 洞穴( cave的名词复数 )	yes
fulfilment	履行	n.	ecdict-only	tem8		yes	no	no	yes	no	yes	lv xing	1372	34001	fulfill [v.] | perform [v.]	n. 履行, 结束, 完成, 实现, 满意, 称心\n[法] 履行, 实现, 完成	yes
tipple	饮酒	v.	ecdict-only	toefl		yes	no	no	yes	yes	yes	yin jiu	1372	41067	drink alcohol [v.]	vt. (习惯性地)少量饮(酒)\nvi. 饮酒\nn. 酒, 含酒饮料	yes
juxtaposition	并列	n.	ecdict-only	toefl		yes	no	no	yes	no	yes	bing lie	1368	12364	tie [v.] | parallel [v.]	n. 并排, 并置, 并列\n[医] 并列, 并置, 对合	yes
bigotry	偏见	n.	ecdict-only	toefl		yes	no	no	yes	yes	yes	pian jian	1366	12992	prejudice [n.]	n. 盲从, 偏见, 偏执的行为(或态度)	yes
styles	样式	n.	ecdict-only	ielts		yes	no	no	yes	yes	yes	yang shi	1356	999999	style [n.] | pattern [n.]	n. 风格；样式；模式（style的复数形式）	yes
prowl	徘徊	n.	ecdict-only	toefl		yes	no	no	yes	no	yes	pai huai	1352	13118	wander [v.]	n. 潜行, 徘徊, 悄悄踱步\nvi. 潜行以觅食, 徘徊\nvt. 徘徊	yes
prowl	徘徊	v.	ecdict-only	toefl		yes	no	no	yes	yes	yes	pai huai	1352	13118	wander [v.]	n. 潜行, 徘徊, 悄悄踱步\nvi. 潜行以觅食, 徘徊\nvt. 徘徊	yes
stipulation	约束	n.	ecdict-only	toefl		yes	no	no	yes	no	yes	yue shu	1350	16026	restrain [v.] | bind [v.]	n. 约束, 约定, 契约\n[经] 订定, 规定, 条款	yes
disallow	驳回	v.	ecdict-only	toefl		yes	no	no	yes	yes	yes	bo hui	1350	20751	reject [v.]	vt. 不许, 不准, 驳回\n[法] 拒绝接受, 拒绝承认, 不允许	yes
revamp	修理	v.	ecdict-only	tem8		yes	no	no	yes	yes	yes	xiu li	1348	13133	repair [v.]	vt. 换新鞋面, 修理, 修补, 修改\n[经] 整修, 补, 修改	yes
demagogy	煽动	n.	ecdict-only	tem8		yes	no	no	yes	no	yes	shan dong	1341	45870	incite [v.]	n. 煽动, 蛊惑民心的宣传\n[法] 蛊惑人心, 煽动, 恶意宣传	yes
stoppage	中止	n.	ecdict-only	tem8		yes	no	no	yes	no	yes	zhong zhi	1338	20251	stop [v.] | discontinue [v.]	n. 停止, 中止, 阻塞, 阻碍, 堵塞, 故障, 停付, 扣除, 扣留, 停工, 罢工\n[化] 停机	yes
walls	墙壁	n.	ecdict-only	ielts		yes	no	no	yes	yes	yes	qiang bi	1338	999999	wall [n.]	n. 墙壁；墙体（wall的复数）	yes
jut	伸出	v.	ecdict-only	tem8		yes	no	no	yes	yes	yes	shen chu	1323	11174	extend [v.]	n. 尖端, 突出部分\nv. (使)突出, 伸出	yes
marksman	射手	n.	ecdict-only	tem8		yes	no	no	yes	yes	yes	she shou	1323	23755	shooter [n.] | archer [n.]	n. 射手, 狙击兵, 神射手\n[法] 按手印者, 不能用笔署名者	yes
obtrude	伸出	v.	ecdict-only	toefl		yes	no	no	yes	yes	yes	shen chu	1323	40698	extend [v.]	vt. 逼使, 强迫, 伸出\nvi. 打扰, 强行闯入	yes
refrigeration	冷冻	n.	ecdict-only	toefl		yes	no	no	yes	no	yes	leng dong	1313	15892	freeze [v.]	n. 冷却, 冷藏, 冷冻\n[计] 致冷	yes
lee	庇护	n.	ecdict-only	tem8		yes	no	no	yes	no	yes	bi hu	1284	999999	shelter [v.]	n. 背风处, 避风处, 下风处, 保护, 庇护\na. 避风的, 背风的, 下风的, 保护的	yes
patronise	庇护	v.	ecdict-only	tem8		yes	no	no	yes	yes	yes	bi hu	1284	999999	shelter [v.]	vt. 庇护, 资助, 赞助, 保护, 光顾, 惠顾, 对...以恩人自居	yes
ostracize	流放	v.	ecdict-only	toefl		yes	no	no	yes	yes	yes	liu fang	1283	18362	exile [v.]	vt. 流放, 放逐, 排斥	yes
advantages	有利	n.	ecdict-only	ielts		yes	no	no	yes	no	yes	you li	1278	999999	advantageous [adj.]	n. 优势；特点；有利；[经] 利益（advantage的复数）\nv. 促进（advantage的三单形式）；有利于	yes
patronise	光顾	v.	ecdict-only	tem8		yes	no	yes	yes	yes	yes	guang gu	1268	999999	patronize [v.] | visit [v.]	vt. 庇护, 资助, 赞助, 保护, 光顾, 惠顾, 对...以恩人自居	yes
immaturity	粗糙	n.	ecdict-only	toefl		yes	no	no	yes	no	yes	cu cao	1267	24658	rough [adj.]	n. 发育未全, 发育未完全, 不成熟, 未成熟, 未完成, 不完全, 粗糙, 幼年, 未成年\n[法] 未成年, 未成熟, 未成熟行为	yes
shackle	束缚	v.	ecdict-only	toefl		yes	no	no	yes	yes	yes	shu fu	1264	17357	bind [v.] | restrict [v.]	n. 桎梏, 束缚物\nvt. 加枷锁, 束缚	yes
stricture	束缚	n.	ecdict-only	tem8		yes	no	no	yes	no	yes	shu fu	1264	18158	bind [v.] | restrict [v.]	n. 狭窄, 指责, 束缚\n[医] 狭窄	yes
thrall	束缚	n.	ecdict-only	toefl		yes	no	no	yes	no	yes	shu fu	1264	21491	bind [v.] | restrict [v.]	n. 奴隶, 束缚, 奴役	yes
charges	运费	n.	ecdict-only	ielts		yes	no	no	yes	yes	yes	yun fei	1264	999999	shipping cost [n.]	n. 费用；手续费；运费	yes
disentangle	解开	v.	ecdict-only	tem8		yes	no	no	yes	yes	yes	jie kai	1263	21565	untie [v.]	vi. 解开纠结, 松开, 解决\nvt. 解开, 松开	yes
oncoming	来临	n.	ecdict-only	ielts		yes	no	no	yes	no	yes	lai lin	1259	13788	come [v.] | arrive [v.]	a. 接近的, 即将到来的, 新兴的\nn. 来临	yes
employees	雇员	n.	ecdict-only	ielts		yes	no	no	yes	yes	yes	gu yuan	1254	999999	employee [n.]	n. 员工；雇员；从业人员（emploee的复数）	yes
jewels	珠宝	n.	ecdict-only	toefl		yes	no	no	yes	yes	yes	zhu bao	1249	999999	jewelry [n.]	n. 珠宝；宝石（jewel的复数形式）	yes
sobriety	一本正经	n.	ecdict-only	tem8		yes	no	no	yes	no	yes	yi ben zheng jing	1245	16615	serious [phr.]	n. 节制饮酒, 戒酒, 节制, 一本正经, 庄重	yes
knap	丘陵	n.	ecdict-only	toefl		yes	no	no	yes	yes	yes	qiu ling	1245	999999	hills [n.]	vt. 打碎, 拗断, 打\nn. 山顶, 小山, 丘陵	yes
routinely	例行	adv.	ecdict-only	toefl		yes	no	no	yes	no	yes	li xing	1241	4727	routine [adj.]	adv. 日常, 乏味, 常规, 例行	yes
pelt	抨击	v.	ecdict-only	toefl		yes	no	no	yes	yes	yes	peng ji	1241	15181	attack [v.] | criticize [v.]	n. 投掷, 打击, 快速, 毛皮\nvt. 剥...的皮, 连续投掷, 攻击, 抨击, 拍打\nvi. 投击	yes
rampart	守卫	v.	ecdict-only	tem8		yes	no	no	yes	no	yes	shou wei	1241	19772	guard [n.]	n. 垒, 壁垒, 防御土墙\nvt. 用壁垒围绕, 防卫, 守卫	yes
garb	穿衣	v.	ecdict-only	toefl		yes	no	yes	yes	yes	yes	chuan yi	1234	13405	dress [v.]	n. 打扮, 装束\nvt. 打扮, 穿衣	yes
reprisal	报仇	n.	ecdict-only	tem8		yes	no	no	yes	no	yes	bao chou	1229	14937	revenge [v.]	n. 报复, 报仇, 报复性劫掠\n[法] 复仇, 报复, 报复性暴力为	yes
serenity	宁静	n.	ecdict-only	toefl		yes	no	no	yes	no	yes	ning jing	1226	12707	peaceful [adj.]	n. 宁静, 沉着, 晴朗	yes
hothouse	浴室	n.	ecdict-only	tem8		yes	no	no	yes	yes	yes	yu shi	1225	23071	bathroom [n.]	n. 温室, 温床, 浴室	yes
counsellor	辅导员	n.	ecdict-only	ielts		yes	no	yes	yes	yes	yes	fu dao yuan	1221	23853	counselor [n.]	n. 顾问, 辅导员, 律师	yes
mishandle	虐待	v.	ecdict-only	ielts		yes	no	no	yes	yes	yes	nve dai	1212	18835	abuse [v.]	vt. 虐待, 胡乱处理	yes
ideologically	意识形态	adv.	ecdict-only	toefl		yes	no	no	yes	no	yes	yi shi xing tai	1211	13546	ideology [n.]	adv. 思想上, 思想体系, 意识形态, 观念形态	yes
oration	演说	n.	ecdict-only	toefl		yes	no	no	yes	yes	yes	yan shuo	1209	22627	speech [n.]	n. 演说, 致辞, 引语	yes
telltale	迹象	n.	ecdict-only	toefl		yes	no	no	yes	yes	yes	ji xiang	1201	13046	sign [n.] | indication [n.]	n. 搬弄是非者, 迹象, 指示器\na. 搬弄是非的, 泄露秘密的, 报警的	yes
checkmate	制止	v.	ecdict-only	tem8		yes	no	no	yes	yes	yes	zhi zhi	1190	34254	stop [v.] | prevent [v.]	n. 击破, 彻底失败\nvt. 制止, 大败, 将死	yes
progeny	子孙	n.	ecdict-only	toefl		yes	no	no	yes	yes	yes	zi sun	1188	16855	descendants [n.]	n. 子孙, 后裔, 成果\n[医] 后代, 后裔	yes
accession	发作	n.	ecdict-only	tem8		yes	no	no	yes	no	yes	fa zuo	1171	16248	attack [v.]	n. 到达, 即位, 增加, 同意, 发作, 正式接受\nvt. 登记入册	yes
pinion	羽毛	n.	ecdict-only	toefl		yes	no	no	yes	yes	yes	yu mao	1171	31917	feather [n.]	n. 鸟翼, 翅膀, 翅前翼, 羽毛, 小齿轮\nvt. 剪断翼尖, 绑住...两臂	yes
naturalise	采纳	v.	ecdict-only	tem8		yes	no	no	yes	yes	yes	cai na	1171	999999	adopt [v.] | accept [v.]	vt. 授与...以国籍, 使入国籍, 移植, 移养, 采纳, 顺化, 归化	yes
sturdiness	强壮	n.	ecdict-only	toefl		yes	no	no	yes	no	yes	qiang zhuang	1169	32603	strong [adj.]	n. 强健, 坚固, 强壮	yes
patter	饶舌	n.	ecdict-only	tem8		yes	no	no	yes	no	yes	rao she	1168	19162	talkative [adj.]	n. 急速拍打声, 轻快脚步声, 行话, 快板, 饶舌\nvi. 急速地说, 滴答地响, 祷告, 念经, 念顺口溜\nvt. 使发嗒嗒声, 喋喋不休地说	yes
slush	胡说八道	n.	ecdict-only	toefl		yes	no	no	yes	no	yes	hu shuo ba dao	1167	18323	nonsense [phr.]	n. 烂泥, 雪水, 无聊的言情内容, 胡说八道\nvt. 溅湿, 灌泥浆于\nvi. 在雪泥(或泥浆)中走	yes
smite	打动	v.	ecdict-only	toefl		yes	no	no	yes	yes	yes	da dong	1153	14488	move [v.] | touch [v.]	vt. 重击, 打, 击败, 毁灭, 侵袭, 打动\nvi. 重击, 打\nn. 重击, 打	yes
figures	图形	n.	ecdict-only	ielts		yes	no	no	yes	yes	yes	tu xing	1153	999999	graphic [n.] | shape [n.]	n. 图形, 图表；价格, 金额, 数字；规定动作；人物（figure的复数）	yes
disclosure	泄露	n.	ecdict-only	tem8		yes	no	no	yes	no	yes	xie lu	1152	5260	leak [v.]	n. 揭发, 泄露, 揭发(或暴露)的事实\n[经] 揭示, 披露	yes
interrogative	问号	n.	ecdict-only	tem8		yes	no	no	yes	yes	yes	wen hao	1146	34959	question mark [n.]	n. 疑问词, 问号\na. 疑惑的, 疑问的	yes
fanaticism	狂热	n.	ecdict-only	toefl		yes	no	no	yes	no	yes	kuang re	1144	18972	fanatical [adj.] | crazy [adj.]	n. 狂热, 入迷	yes
welt	殴打	n.	ecdict-only	toefl		yes	no	no	yes	no	yes	ou da	1141	18754	beat [v.]	n. 贴边, 鞭痕, 殴打\nvt. 加贴边, 鞭打	yes
drub	殴打	v.	ecdict-only	toefl		yes	no	no	yes	yes	yes	ou da	1141	34954	beat [v.]	vt. 用棒打, 殴打, 硬灌(观念等)\nvi. 敲击	yes
diffusion	蔓延	n.	ecdict-only	toefl		yes	no	no	yes	no	yes	man yan	1133	11051	spread [v.]	n. 散播, 传播, 蔓延\n[医] 扩散, 弥散, 漫射(光)	yes
devolution	转让	n.	ecdict-only	tem8		yes	no	no	yes	no	yes	zhuan rang	1126	23211	transfer [v.] | assign [v.]	n. 相传, 转让, 委付\n[医] 退化, 异化	yes
cession	转让	n.	ecdict-only	toefl		yes	no	no	yes	no	yes	zhuan rang	1126	30099	transfer [v.] | assign [v.]	n. 割让, 转让\n[经] 财产权利等的转让, 再保险	yes
jolting	震动	n.	ecdict-only	toefl		yes	no	no	yes	no	yes	zhen dong	1123	33690	shake [v.] | vibrate [v.]	n. 震压造型；震动	yes
floors	楼层	n.	ecdict-only	ielts		yes	no	no	yes	yes	yes	lou ceng	1123	999999	floor [n.]	n. 楼地面；地板；楼层；层数（floor的复数）	yes
lightness	优美	n.	ecdict-only	toefl		yes	no	no	yes	no	yes	you mei	1119	16295	graceful [adj.] | beautiful [adj.]	n. 光亮度, (颜色的)浅淡, 轻率, 轻佻, 轻浮, 轻盈, 轻松, 轻巧, 精巧, 优美\n[计] 亮度	yes
changeover	逆转	n.	ecdict-only	toefl		yes	no	no	yes	no	yes	ni zhuan	1119	23764	reverse [v.]	n. 转换, 逆转	yes
categorically	范畴	adv.	ecdict-only	toefl		yes	no	no	yes	no	yes	fan chou	1110	16485	category [n.]	adv. 无条件, 绝对, 明白, 断言, 明显, 明确, 范畴	yes
proscribe	排斥	v.	ecdict-only	toefl		yes	no	no	yes	yes	yes	pai chi	1109	21822	reject [v.] | exclude [v.]	vt. 剥夺...的公民权, 使失去法律保护, 把...充军, 把...放逐, 排斥, 禁止	yes
clients	顾客	n.	ecdict-only	ielts		yes	no	no	yes	yes	yes	gu ke	1099	999999	customer [n.]	n. 客户端；顾客；救济对象；应受账款；委托方（client的复数）	yes
sexuality	性行为	n.	ecdict-only	tem8		yes	no	yes	yes	yes	yes	xing xing wei	1097	4763	sex [n.]	n. 性征, 性行为, 性欲\n[医] 性别, 性欲	yes
functioning	机能	n.	ecdict-only	toefl		yes	no	no	yes	yes	yes	ji neng	1097	7989	function [n.]	n. 运行, 运作；功能；机能；起酌（function的动名词）	yes
naturalise	移植	v.	ecdict-only	tem8		yes	no	no	yes	yes	yes	yi zhi	1096	999999	transplant [v.]	vt. 授与...以国籍, 使入国籍, 移植, 移养, 采纳, 顺化, 归化	yes
ingoing	迁入	n.	ecdict-only	toefl		yes	no	no	yes	no	yes	qian ru	1091	999999	move in [v.]	a. 进入的, 新进的, 洞察的\nn. 进入, 迁入, 就任	yes
respectability	高尚	n.	ecdict-only	tem8		yes	no	no	yes	no	yes	gao shang	1089	14970	noble [adj.] | lofty [adj.]	n. 可敬, 有社会地位, 高尚, 体面, 习俗	yes
rectitude	正直	n.	ecdict-only	tem8		yes	no	no	yes	no	yes	zheng zhi	1086	24055	honest [adj.]	n. 正直, 纯正, 正确\n[法] 公正, 正直, 严正	yes
probity	正直	n.	ecdict-only	toefl		yes	no	no	yes	no	yes	zheng zhi	1086	28504	honest [adj.]	n. 诚实, 正直	yes
airing	兜风	n.	ecdict-only	ielts		yes	no	no	yes	no	yes	dou feng	1081	15415	go for a drive [v.] | ride [v.]	n. 晾, 通风, 兜风\n[化] 充气	yes
flit	迁徙	n.	ecdict-only	tem8		yes	no	no	yes	no	yes	qian xi	1077	14466	migrate [v.]	n. 掠过, 迁徙\nvi. 掠过, 迁徙	yes
flit	迁徙	v.	ecdict-only	tem8		yes	no	no	yes	yes	yes	qian xi	1077	14466	migrate [v.]	n. 掠过, 迁徙\nvi. 掠过, 迁徙	yes
perks	特权	n.	ecdict-only	ielts		yes	no	no	yes	yes	yes	te quan	1070	999999	privilege [n.]	n. 特权；额外津贴（perk的复数）；特别待遇\nn. (Perks)人名；(英)珀克斯；(法)佩尔克\nv. 打扮；使振作；昂首挺胸（perk的第三人称单数）	yes
concurrence	协力	n.	ecdict-only	toefl		yes	no	no	yes	no	yes	xie li	1069	21954	cooperate [v.]	n. 赞同, 意见一致, 协力\n[法] 协力, 同时发生, 一致	yes
germination	发芽	n.	ecdict-only	toefl		yes	no	no	yes	no	yes	fa ya	1066	22312	sprout [v.]	n. 发芽, 萌芽, 发育\n[医] 出芽, 生芽, 发芽	yes
whittle	削弱	v.	ecdict-only	toefl		yes	no	no	yes	yes	yes	xue ruo	1057	15062	weaken [v.]	vt. 逐渐削薄, 削整, 削弱, 削减\nvi. 削木头\nn. 大刀, 屠刀	yes
burnish	光辉	n.	ecdict-only	toefl		yes	no	no	yes	yes	yes	guang hui	1056	20422	glory [n.]	vt. 擦亮, 打磨, 磨光\nvi. 磨光发亮\nn. 光辉, 光泽	yes
watercourses	水道	n.	ecdict-only	toefl		yes	no	no	yes	yes	yes	shui dao	1056	999999	waterway [n.]	n. 水道, 河道( watercourse的复数形式 )	yes
gratification	喜悦	n.	ecdict-only	tem8		yes	no	no	yes	yes	yes	xi yue	1055	12309	joy [n.]	n. 令人满足的事(或物), 满足, 喜悦\n[医] 愿望满足, 满意	yes
spontaneity	自发	n.	ecdict-only	toefl		yes	no	no	yes	no	yes	zi fa	1041	14710	spontaneous [adj.]	n. 自然发生, 自生, 自发	yes
desolation	荒废	n.	ecdict-only	tem8		yes	no	no	yes	no	yes	huang fei	1041	17109	neglect [v.] | waste [v.]	n. 荒芜, 荒废, 荒凉	yes
bluster	恐吓	v.	ecdict-only	toefl		yes	no	no	yes	yes	yes	kong he	1034	21394	threaten [v.]	vt. 风狂吹, 咆哮, 汹涌\nvi. 咆哮着说出, 恐吓\nn. 狂风声, 巨浪声, 夸口, 大话	yes
devolution	相传	n.	ecdict-only	tem8		yes	no	no	yes	no	yes	xiang chuan	1031	23211	hand down [v.] | pass on [v.]	n. 相传, 转让, 委付\n[医] 退化, 异化	yes
inquiries	打听	n.	ecdict-only	ielts		yes	no	no	yes	no	yes	da ting	1031	999999	inquire about [v.]	n. 调查( inquiry的名词复数 ); 疑问; 探究; 打听	yes
categorically	无条件	adv.	ecdict-only	toefl		yes	no	no	yes	no	yes	wu tiao jian	1028	16485	unconditional [adj.]	adv. 无条件, 绝对, 明白, 断言, 明显, 明确, 范畴	yes
stunt	手腕	n.	ecdict-only	toefl		yes	no	no	yes	yes	yes	shou wan	1023	9106	wrist [n.] | skill [n.]	n. 特技, 绝技, 花招, 噱头, 手腕, 发育不良\nvt. 阻碍成长\nvi. 表演特技	yes
tribulation	苦难	n.	ecdict-only	toefl		yes	no	no	yes	yes	yes	ku nan	1023	17114	suffering [n.] | hardship [n.]	n. 苦难, 困苦, 苦难的缘由	yes
vicissitude	变迁	n.	ecdict-only	toefl		yes	no	no	yes	yes	yes	bian qian	1023	21864	change [n.]	n. 变化无常, 变迁, 荣枯, 盛衰	yes
subversion	打倒	n.	ecdict-only	tem8		yes	no	no	yes	no	yes	da dao	1022	16214	overthrow [v.]	n. 颠覆, 打倒, 破坏\n[法] 颠覆, 死亡, 败坏	yes
nestling	幼儿	n.	ecdict-only	toefl		yes	no	yes	yes	yes	yes	you er	1021	32342	child [n.]	n. 刚孵出的雏, 未离巢的雏, 幼儿	yes
temperance	节制	n.	ecdict-only	toefl		yes	no	no	yes	no	yes	jie zhi	1015	21464	moderate [v.] | control [v.]	n. 节欲, 戒酒, 禁酒, 节制\n[医] 节制(饮食等), 戒酒	yes
forbearance	节制	n.	ecdict-only	toefl		yes	no	no	yes	no	yes	jie zhi	1015	22860	moderate [v.] | control [v.]	n. 节制, 自制, 忍耐\n[法] 债务偿还期的延展, 忍耐, 宽容	yes
temporize	拖延	v.	ecdict-only	toefl		yes	no	no	yes	yes	yes	tuo yan	1013	36279	procrastinate [v.] | delay [v.]	vi. 随潮流, 拖延, 妥协, 调停	yes
sobriety	戒酒	n.	ecdict-only	tem8		yes	no	no	yes	no	yes	jie jiu	1011	16615	quit drinking [v.]	n. 节制饮酒, 戒酒, 节制, 一本正经, 庄重	yes
temperance	戒酒	n.	ecdict-only	toefl		yes	no	no	yes	no	yes	jie jiu	1011	21464	quit drinking [v.]	n. 节欲, 戒酒, 禁酒, 节制\n[医] 节制(饮食等), 戒酒	yes
kinsman	亲属	n.	ecdict-only	toefl		yes	no	no	yes	yes	yes	qin shu	1011	21885	relative [n.] | kin [n.]	n. 男亲戚, 亲属	yes
mores	惯例	n.	ecdict-only	tem8		yes	no	no	yes	yes	yes	guan li	1009	999999	convention [n.]	n. 习惯, 道德态度, 惯例, 习俗\n[医] 风俗, 习惯	yes
woodlot	林地	n.	ecdict-only	toefl		yes	no	no	yes	yes	yes	lin di	1007	30039	woodland [n.]	n. 林地	yes
quandary	困惑	n.	ecdict-only	toefl		yes	no	no	yes	no	yes	kun huo	1005	15583	confused [adj.]	n. 困惑, 迷惑, 为难	yes
perplexity	困惑	n.	ecdict-only	ielts		yes	no	no	yes	no	yes	kun huo	1005	24153	confused [adj.]	n. 困惑, 混乱状态, 使人困惑的事物	yes
localize	局限	v.	ecdict-only	toefl		yes	no	no	yes	no	yes	ju xian	1002	18618	limitation [n.]	vt.vi. 使地方化, 使具有地方性, 使限制于局部, 确定起源, 集中, 局限\n[计] 局部化, 定位, 定域	yes
grump	发火	n.	ecdict-only	toefl		yes	no	no	yes	no	yes	fa huo	1001	41151	get angry [v.]	n. 一阵坏脾气, 发火, 脾气坏的人\nvi. 闹情绪, 发牢骚	yes
lakes	湖畔	n.	ecdict-only	ielts		yes	no	no	yes	yes	yes	hu pan	1000	999999	lakeside [n.]	n. 色淀；湖泊, 湖畔	yes
impersonation	装扮	n.	ecdict-only	toefl		yes	no	no	yes	no	yes	zhuang ban	998	21249	dress up [v.]	n. 扮演, 装扮, 模仿\n[计] 模仿	yes
benefits	收益	n.	ecdict-only	ielts		yes	no	no	yes	yes	yes	shou yi	998	999999	profit [n.]	n. 利益, 收益；福利, 效益（benefit的复数形式）	yes
reversion	复原	n.	ecdict-only	tem8		yes	no	no	yes	no	yes	fu yuan	989	25812	restore [v.] | recover [v.]	n. 回复, 复原, 归还, 继承权\n[化] 返硫	yes
unwelcome	冷淡	n.	ecdict-only	toefl		yes	no	no	yes	no	yes	leng dan	988	12012	cold [adj.] | indifferent [adj.]	a. 不受欢迎的, 讨厌的\nn. 冷淡\nvt. 冷淡地对待, 冷淡地接受	yes
dryness	冷淡	n.	ecdict-only	toefl		yes	no	no	yes	no	yes	leng dan	988	17571	cold [adj.] | indifferent [adj.]	n. 干燥, 干燥无味, 冷淡	yes
distantly	冷淡	adv.	ecdict-only	toefl		yes	no	no	yes	no	yes	leng dan	988	20966	cold [adj.] | indifferent [adj.]	adv. 远, 远隔, 久远, 疏远, 稀疏, 不紧密, 冷淡, 冷漠, 隐约	yes
rancho	牧场	n.	ecdict-only	toefl		yes	no	no	yes	yes	yes	mu chang	986	27776	pasture [n.] | ranch [n.]	n. 牧人, (农场工人住的)棚屋, 牧场	yes
variously	各种各样	adv.	ecdict-only	toefl		yes	no	no	yes	no	yes	ge zhong ge yang	980	13051	various [adj.] | all kinds [adj.]	adv. 各种各样, 种种, 不同, 多方面, 多才多艺, 许多, 各个, 个别, 杂色, 彩色	yes
hector	吓唬	v.	ecdict-only	tem8		yes	no	no	yes	yes	yes	xia hu	977	41855	scare [v.] | intimidate [v.]	n. 威吓者, 虚张声势的人\nvt.vi. 说大话, 吓唬, 折磨, 愚弄	yes
expenses	开支	n.	ecdict-only	ielts		yes	no	no	yes	yes	yes	kai zhi	972	999999	expense [n.] | spending [n.]	n. 开支, 经费, 费用\n[法] 开支, 支出, 经费	yes
evacuation	疏散	n.	ecdict-only	toefl		yes	no	no	yes	no	yes	shu san	969	8221	evacuate [v.] | disperse [v.]	n. 撤退, 疏散\n[化] 抽空; 排空	yes
accreditation	信托	n.	ecdict-only	ielts		yes	no	no	yes	yes	yes	xin tuo	967	10209	trust [n.]	n. 委派, 信托, 鉴定合格\n[法] 立案, 备案, 任命	yes
subterranean	地下室	n.	ecdict-only	toefl		yes	no	no	yes	yes	yes	di xia shi	966	14509	basement [n.]	a. 地下的, 秘密的\nn. 地下室, 地下工作者	yes
visitation	探望	n.	ecdict-only	tem8		yes	no	no	yes	no	yes	tan wang	960	10409	visit [v.]	n. 访问, 探望, 视察	yes
effigy	肖像	n.	ecdict-only	toefl		yes	no	no	yes	yes	yes	xiao xiang	951	18533	portrait [n.]	n. 肖像, 雕像	yes
tarry	留住	v.	ecdict-only	tem8		yes	no	no	yes	yes	yes	liu zhu	950	30701	keep [v.]	vi. 耽搁, 逗留, 留住, 等候\nn. 逗留\na. 涂了焦油的	yes
conditioning	整修	n.	ecdict-only	toefl		yes	no	no	yes	no	yes	zheng xiu	949	6309	renovate [v.]	n. 调节, 条件作用, 整修\n[计] 调节; 调整	yes
totter	动摇	v.	ecdict-only	tem8		yes	no	no	yes	yes	yes	dong yao	947	20047	shake [v.]	vi. 蹒跚, 动摇\nn. 蹒跚的步子	yes
placate	平息	v.	ecdict-only	toefl		yes	no	no	yes	yes	yes	ping xi	940	16057	calm [v.] | subside [v.]	vt. 抚慰, 平息, 使和解, 怀柔	yes
assuage	平息	v.	ecdict-only	toefl		yes	no	no	yes	yes	yes	ping xi	940	16696	calm [v.] | subside [v.]	vt. 平息, 缓和, 减轻	yes
heretofore	迄今	adv.	ecdict-only	tem8		yes	no	yes	yes	yes	yes	qi jin	937	16177	so far [adv.]	adv. 直到此时, 此时以前, 迄今	yes
swelter	闷热	v.	ecdict-only	toefl		yes	no	no	yes	no	yes	men re	937	25284	sultry [adj.]	vi. 闷热, 被暑气所苦, 汗流浃背\nvt. 使闷热, 使热得出汗\nn. 闷热	yes
swelter	闷热	n.	ecdict-only	toefl		yes	no	no	yes	no	yes	men re	937	25284	sultry [adj.]	vi. 闷热, 被暑气所苦, 汗流浃背\nvt. 使闷热, 使热得出汗\nn. 闷热	yes
whittle	削减	v.	ecdict-only	toefl		yes	no	no	yes	yes	yes	xue jian	931	15062	cut [v.] | reduce [v.]	vt. 逐渐削薄, 削整, 削弱, 削减\nvi. 削木头\nn. 大刀, 屠刀	yes
tryout	试用	n.	ecdict-only	tem8		yes	no	no	yes	no	yes	shi yong	928	16185	try out [v.]	n. 试验, 试用, 选拔赛	yes
extraordinarily	特命	adv.	ecdict-only	toefl		yes	no	no	yes	no	yes	te ming	925	7314	special mission [n.]	adv. 非凡, 破例, 特别, 非常, 离奇, 使人惊奇, 惊人, 特命, 特派	yes
usefulness	有益	n.	ecdict-only	toefl		yes	no	no	yes	no	yes	you yi	925	9891	beneficial [adj.]	n. 有用, 有益\n[经] 有用, 有用性	yes
planting	栽培	n.	ecdict-only	ielts		yes	no	no	yes	no	yes	zai pei	923	7447	cultivate [v.]	n. 种植, 栽培, 播种, 人工林, 花圃, 苗圃	yes
discontinuity	间断	n.	ecdict-only	toefl		yes	no	no	yes	no	yes	jian duan	922	18582	interrupt [v.] | break [v.]	n. 间断, 中断, 不连续\n[电] 间断性	yes
aspersion	诽谤	n.	ecdict-only	toefl		yes	no	no	yes	no	yes	fei bang	917	27487	slander [v.]	n. 诽谤, 中伤, 洒水\n[医] 喷洒[法]	yes
traduce	诽谤	v.	ecdict-only	toefl		yes	no	no	yes	yes	yes	fei bang	917	999999	slander [v.]	vt. 诽谤, 中伤, 背叛\n[法] 诽谤, 中伤, 诋毁	yes
matchstick	火柴	n.	ecdict-only	toefl		yes	no	no	yes	yes	yes	huo chai	911	24329	match [n.]	n. 火柴	yes
fruitfulness	丰收	n.	ecdict-only	toefl		yes	no	no	yes	yes	yes	feng shou	911	34018	bumper harvest [n.]	n. 丰收, 丰硕；多实, 肥沃	yes
flit	掠过	n.	ecdict-only	tem8		yes	no	no	yes	no	yes	lve guo	909	14466	sweep over [v.]	n. 掠过, 迁徙\nvi. 掠过, 迁徙	yes
lunacy	精神病	n.	ecdict-only	tem8		yes	no	no	yes	yes	yes	jing shen bing	902	21590	mental illness [n.]	n. 精神失常, 精神病, 疯狂愚蠢的行为\n[医] 精神错乱(精神病的旧名)	yes
sentences	宣判	n.	ecdict-only	ielts		yes	no	no	yes	no	yes	xuan pan	900	999999	sentence [v.] | pronounce [v.]	n. [律]判决, 宣判; 句子（ sentence的名词复数 ）\nv. 宣判, 判决（ sentence的第三人称单数 ）	yes
sentences	宣判	v.	ecdict-only	ielts		yes	no	no	yes	yes	yes	xuan pan	900	999999	sentence [v.] | pronounce [v.]	n. [律]判决, 宣判; 句子（ sentence的名词复数 ）\nv. 宣判, 判决（ sentence的第三人称单数 ）	yes
cosset	珍爱	v.	ecdict-only	ielts		yes	no	no	yes	yes	yes	zhen ai	899	36561	cherish [v.] | treasure [v.]	n. 供玩赏的小动物, 爱畜\nvt. 宠爱, 珍爱, 溺爱	yes
naturalise	归化	v.	ecdict-only	tem8		yes	no	yes	yes	yes	yes	gui hua	892	999999	naturalize [v.]	vt. 授与...以国籍, 使入国籍, 移植, 移养, 采纳, 顺化, 归化	yes
expunge	除去	v.	ecdict-only	tem8		yes	no	no	yes	yes	yes	chu qu	891	22036	remove [v.] | eliminate [v.]	vt. 擦掉, 删掉, 除去	yes
works	工事	n.	ecdict-only	tem8		yes	no	no	yes	yes	yes	gong shi	889	1637	construction [n.]	n. 工程, 工厂, 工事, 活动部件, 机件, 著作, 作品, 善行, 德行\n[机] 工厂, 工场	yes
caprice	多变	n.	ecdict-only	tem8		yes	no	no	yes	no	yes	duo bian	889	26827	changeable [adj.]	n. 反复无常, 多变, 任性	yes
fingers	手指头	n.	ecdict-only	ielts		yes	no	no	yes	yes	yes	shou zhi tou	888	999999	finger [n.]	n. 梳状剔除器；手指头, 指头（finger复数）	yes
suffuse	遍布	v.	ecdict-only	toefl		yes	no	no	yes	yes	yes	bian bu	886	17080	spread all over [v.]	vt. 遍布, 弥漫, 充满	yes
insensitivity	昏迷	n.	ecdict-only	toefl		yes	no	no	yes	no	yes	hun mi	886	17432	coma [v.] | unconscious [v.]	n. 感觉迟钝；不灵敏性；昏迷	yes
numerate	列举	v.	ecdict-only	ielts		yes	no	yes	yes	yes	yes	lie ju	886	999999	list [v.] | enumerate [v.]	vt. 算出来, 列举, 读出	yes
specialise	列举	v.	ecdict-only	ielts		yes	no	no	yes	yes	yes	lie ju	886	999999	list [v.] | enumerate [v.]	vt. 特加指明, 列举, 使专门化, 限定...的范围\nvt.vi. (使)特化, (使)专化\nvi. 成为专家, 专务, 专攻, 专门研究, 逐条详述	yes
works	德行	n.	ecdict-only	tem8		yes	no	no	yes	yes	yes	de xing	882	1637	moral conduct [n.]	n. 工程, 工厂, 工事, 活动部件, 机件, 著作, 作品, 善行, 德行\n[机] 工厂, 工场	yes
checkmate	大败	v.	ecdict-only	tem8		yes	no	no	yes	yes	yes	da bai	878	34254	defeat [v.]	n. 击破, 彻底失败\nvt. 制止, 大败, 将死	yes
chink	弱点	n.	ecdict-only	ielts		yes	no	no	yes	yes	yes	ruo dian	861	22752	weakness [n.]	n. 裂口, 裂缝, 弱点, 叮当声\nvt. 使叮当响\nvi. 堵裂缝, 叮当响	yes
bulldoze	压倒	v.	ecdict-only	toefl		yes	no	no	yes	yes	yes	ya dao	851	16695	overwhelm [v.] | overpower [v.]	vt. 强迫, 用推土机推平/削平, 用推土机清除, 压倒, 威胁	yes
embroil	牵连	v.	ecdict-only	tem8		yes	no	no	yes	yes	yes	qian lian	846	15548	implicate [v.]	vt. 使卷入, 牵连	yes
whence	根源	n.	ecdict-only	toefl		yes	no	no	yes	yes	yes	gen yuan	846	17756	root cause [n.]	adv. 从何处, 出于什么原因, 从哪个\nn. 来处, 根源	yes
embellishment	修饰	n.	ecdict-only	toefl		yes	no	no	yes	no	yes	xiu shi	846	18280	modify [v.] | decorate [v.]	n. 装饰, 润色, 修饰	yes
ornamentation	修饰	n.	ecdict-only	toefl		yes	no	no	yes	no	yes	xiu shi	846	21335	modify [v.] | decorate [v.]	n. 装饰, 装饰术, 装饰品, 修饰	yes
bedeck	修饰	v.	ecdict-only	toefl		yes	no	no	yes	yes	yes	xiu shi	846	26287	modify [v.] | decorate [v.]	vt. 装饰, 修饰	yes
outreach	胜过	v.	ecdict-only	tem8		yes	no	no	yes	yes	yes	sheng guo	845	7906	surpass [v.] | beat [v.]	vt. 超出...的范围, 作超出能力所及的事而害及自己, 占...的上风, 胜过\nvi. 走得太远, 伸出, 展开	yes
pathos	感伤	n.	ecdict-only	ielts		yes	no	no	yes	no	yes	gan shang	844	17870	sentimental [adj.]	n. 伤感力, 感伤, 悲怅, 同情, 偶然因素, 哀婉动人的词句	yes
serenity	晴朗	n.	ecdict-only	toefl		yes	no	no	yes	no	yes	qing lang	842	12707	clear [adj.] | sunny [adj.]	n. 宁静, 沉着, 晴朗	yes
recapitulate	概括	v.	ecdict-only	toefl		yes	no	no	yes	yes	yes	gai kuo	841	24879	summarize [v.]	v. 重述要点, 概括, 摘要	yes
sacrament	誓言	n.	ecdict-only	tem8		yes	no	no	yes	yes	yes	shi yan	839	10423	oath [n.] | pledge [n.]	n. 圣礼, 圣事, 誓言\nvt. 使立誓, 使宣誓	yes
peasants	农夫	n.	ecdict-only	ielts		yes	no	no	yes	yes	yes	nong fu	836	999999	farmer [n.]	n. 农民( peasant的名词复数 ); 农夫; 佃农; 粗俗的人	yes
groups	群组	n.	ecdict-only	ielts		yes	no	no	yes	yes	yes	qun zu	835	999999	group [n.]	n. 群组, 组；用户组；团体（group的复数形式）	yes
culmination	高潮	n.	ecdict-only	toefl		yes	no	yes	yes	yes	yes	gao chao	833	12765	climax [n.]	n. 顶点, 高潮, 最高点	yes
ennui	厌倦	n.	ecdict-only	toefl		yes	no	no	yes	no	yes	yan juan	831	24297	tired of [v.]	n. 倦怠, 厌倦\n[医] 厌倦	yes
stave	赶走	v.	ecdict-only	toefl		yes	no	no	yes	yes	yes	gan zou	828	13673	drive away [v.]	n. 狭板, 梯级, 棍棒, 诗句\nvt. 击穿, 弄破, 敲打, 赶走\nvi. 穿孔, 破碎	yes
ploy	玩乐	n.	ecdict-only	toefl		yes	no	no	yes	no	yes	wan le	825	11458	play [v.] | have fun [v.]	n. 手段, 活动, 玩乐	yes
sedimentation	沉积	n.	ecdict-only	toefl		yes	no	no	yes	no	yes	chen ji	823	24822	deposit [v.]	n. 沉淀, 沉积\n[化] 沉积作用; 沉降	yes
alternation	轮流	n.	ecdict-only	toefl		yes	no	no	yes	no	yes	lun liu	818	24407	take turns [v.]	n. 交互, 轮流, 间隔\n[计] 交替工作	yes
barrow	古墓	n.	ecdict-only	tem8		yes	no	no	yes	yes	yes	gu mu	818	25741	ancient tomb [n.]	n. 搬运架, 手推车, 古墓\n[机] 矿皮, 弃矿	yes
rave	咆哮	v.	ecdict-only	ielts		yes	no	no	yes	yes	yes	pao xiao	814	11575	roar [v.]	n. 狂吼, 狂暴\nv. 愤怒地说, 叫嚷, 咆哮	yes
rant	咆哮	v.	ecdict-only	toefl		yes	no	no	yes	yes	yes	pao xiao	814	16081	roar [v.]	v. 咆哮, 痛骂\nn. 咆哮, 大话	yes
rant	咆哮	n.	ecdict-only	toefl		yes	no	no	yes	no	yes	pao xiao	814	16081	roar [v.]	v. 咆哮, 痛骂\nn. 咆哮, 大话	yes
bluster	咆哮	v.	ecdict-only	toefl		yes	no	no	yes	yes	yes	pao xiao	814	21394	roar [v.]	vt. 风狂吹, 咆哮, 汹涌\nvi. 咆哮着说出, 恐吓\nn. 狂风声, 巨浪声, 夸口, 大话	yes
effects	财物	n.	ecdict-only	ielts		yes	no	no	yes	yes	yes	cai wu	814	999999	property [n.] | assets [n.]	n. 财物, 个人财产\n[经] 动产, 财物	yes
careerism	野心	n.	ecdict-only	toefl		yes	no	no	yes	yes	yes	ye xin	812	33899	ambition [n.]	n. 野心, 追求名利	yes
hearten	振作	v.	ecdict-only	tem8		yes	no	no	yes	yes	yes	zhen zuo	808	20744	cheer up [v.]	vt. 使振作, 激励\nvi. 振作	yes
ferries	摆渡	n.	ecdict-only	ielts		yes	no	no	yes	no	yes	bai du	807	999999	ferry [v.]	n. 渡船( ferry的名词复数 ); 渡口; 摆渡; 飞机渡运\nv. 运送( ferry的第三人称单数 ); （乘渡船）渡过（河等）; 渡运飞机; 摆渡, 用（渡）船渡, （船）来往行驶	yes
ferries	摆渡	v.	ecdict-only	ielts		yes	no	no	yes	yes	yes	bai du	807	999999	ferry [v.]	n. 渡船( ferry的名词复数 ); 渡口; 摆渡; 飞机渡运\nv. 运送( ferry的第三人称单数 ); （乘渡船）渡过（河等）; 渡运飞机; 摆渡, 用（渡）船渡, （船）来往行驶	yes
scuff	磨损	v.	ecdict-only	toefl		yes	no	no	yes	yes	yes	mo sun	804	18214	wear [v.]	vi. 拖着脚走, 磨损\nvt. 拳打, 攻击, 用足尖触, 使磨损\nn. 拖着脚走, 磨损, 家用平底拖鞋	yes
scuff	磨损	n.	ecdict-only	toefl		yes	no	no	yes	no	yes	mo sun	804	18214	wear [v.]	vi. 拖着脚走, 磨损\nvt. 拳打, 攻击, 用足尖触, 使磨损\nn. 拖着脚走, 磨损, 家用平底拖鞋	yes
freckled	斑点	adj.	ecdict-only	tem8		yes	no	no	yes	no	yes	ban dian	804	21936	spot [n.]	a. 雀斑, 斑点, 晒斑, (使)生雀斑, (使)生斑点	yes
mottle	斑点	n.	ecdict-only	toefl		yes	no	no	yes	yes	yes	ban dian	804	42394	spot [n.]	vt. 使呈杂色\nn. 杂色, 斑点	yes
enhancement	美化	n.	ecdict-only	toefl		yes	no	no	yes	no	yes	mei hua	800	7849	beautify [v.] | glorify [v.]	n. 提高, 美化, 增进, 增强, 增加\n[计] 增强, 加强, 提高, 充实	yes
transposition	换位	n.	ecdict-only	tem8		yes	no	no	yes	no	yes	huan wei	800	24963	swap [v.]	n. 调换, 换位, 移项\n[化] 转座	yes
dishes	餐具	n.	ecdict-only	ielts		yes	no	no	yes	yes	yes	can ju	798	999999	tableware [n.]	n. 餐具	yes
auspice	占卜	n.	ecdict-only	toefl		yes	no	no	yes	no	yes	zhan bu	795	12999	divine [v.] | tell fortune [v.]	n. 吉兆, 占卜, 赞助	yes
workshops	车间	n.	ecdict-only	ielts		yes	no	no	yes	yes	yes	che jian	794	999999	workshop [n.]	n. 专题讨论会( workshop的名词复数 ); 车间; 工作坊; 研究会	yes
stave	破碎	v.	ecdict-only	toefl		yes	no	no	yes	yes	yes	po sui	793	13673	break [v.] | smash [v.]	n. 狭板, 梯级, 棍棒, 诗句\nvt. 击穿, 弄破, 敲打, 赶走\nvi. 穿孔, 破碎	yes
vaporization	蒸发	n.	ecdict-only	toefl		yes	no	no	yes	no	yes	zheng fa	793	38270	evaporate [v.]	n. 蒸发, 汽化\n[化] 汽化	yes
snacks	快餐	n.	ecdict-only	ielts		yes	no	no	yes	yes	yes	kuai can	793	999999	fast food [n.]	n. 快餐；小吃；零嘴（snack的复数）	yes
indirectly	曲折	adv.	ecdict-only	toefl		yes	no	no	yes	no	yes	qu zhe	790	7019	twisty [adj.]	adv. 间接, 曲折, 迂回, 不直截了当, 不诚实, 不坦率\n[计] 间接地	yes
extraordinarily	非凡	adv.	ecdict-only	toefl		yes	no	no	yes	no	yes	fei fan	790	7314	extraordinary [adj.]	adv. 非凡, 破例, 特别, 非常, 离奇, 使人惊奇, 惊人, 特命, 特派	yes
phenomenally	非凡	adv.	ecdict-only	toefl		yes	no	no	yes	no	yes	fei fan	790	23802	extraordinary [adj.]	adv. 现象, 从感官认识到, 非凡, 出众	yes
plunger	活塞	n.	ecdict-only	tem8		yes	no	yes	yes	yes	yes	huo sai	790	26773	piston [n.]	n. 跳水者, 潜水者, 活塞\n[电] 活柱	yes
phylum	语系	n.	ecdict-only	toefl		yes	no	no	yes	yes	yes	yu xi	784	35859	language family [n.]	n. (生物分类上的)门, 语系\n[医] 门[生物分类]	yes
cowardice	懦弱	n.	ecdict-only	tem8		yes	no	no	yes	no	yes	nuo ruo	783	16879	cowardly [adj.] | timid [adj.]	n. 懦弱	yes
precisely	恰恰	adv.	ecdict-only	toefl		yes	no	yes	yes	yes	yes	qia qia	779	2579	exactly [adv.]	adv. 精确地, 明确地, 刻板地, 拘泥地, 正好, 恰恰, 对, 正是如此, 确实如此, 不错	yes
distantly	久远	adv.	ecdict-only	toefl		yes	no	no	yes	no	yes	jiu yuan	757	20966	remote [adj.] | ancient [adj.]	adv. 远, 远隔, 久远, 疏远, 稀疏, 不紧密, 冷淡, 冷漠, 隐约	yes
obloquy	辱骂	n.	ecdict-only	toefl		yes	no	no	yes	no	yes	ru ma	756	999999	insult [v.] | abuse [v.]	n. 辱骂, 毁谤, 耻辱	yes
apoplexy	中风	n.	ecdict-only	tem8		yes	no	no	yes	no	yes	zhong feng	753	35938	stroke [v.]	n. 中风\n[医] 卒中, 中风	yes
variously	多才多艺	adv.	ecdict-only	toefl		yes	no	no	yes	no	yes	duo cai duo yi	751	13051	versatile [adj.]	adv. 各种各样, 种种, 不同, 多方面, 多才多艺, 许多, 各个, 个别, 杂色, 彩色	yes
intercede	调解	v.	ecdict-only	toefl		yes	no	yes	yes	yes	yes	tiao jie	748	18971	mediate [v.]	vi. 说情, 调解\n[法] 代为求情, 从中调停	yes
valor	英勇	n.	ecdict-only	toefl		yes	no	no	yes	no	yes	ying yong	746	17697	brave [adj.]	n. 英勇, 刚勇, 勇猛	yes
disorganize	瓦解	v.	ecdict-only	toefl		yes	no	no	yes	yes	yes	wa jie	746	19875	collapse [v.]	vt. 破坏组织, 使混乱, 瓦解	yes
valour	英勇	n.	ecdict-only	tem8		yes	no	no	yes	no	yes	ying yong	746	999999	brave [adj.]	n. 英勇, 刚勇, 勇猛	yes
approaching	侵入	v.	ecdict-only	toefl		yes	no	no	yes	yes	yes	qin ru	744	12934	invade [v.] | intrude [v.]	v. 进场；侵入；接近（approach的ing形式）	yes
omelette	炒蛋	n.	ecdict-only	tem8		yes	no	no	yes	yes	yes	chao dan	744	22503	scrambled eggs [n.]	n. 煎蛋卷, 炒蛋	yes
intruding	侵入	v.	ecdict-only	toefl		yes	no	no	yes	yes	yes	qin ru	744	37794	invade [v.] | intrude [v.]	v. 侵入, 侵扰, 打扰( intrude的现在分词); 把…强加于	yes
co-operative	合作社	n.	ecdict-only	ielts		yes	no	no	yes	yes	yes	he zuo she	744	999999	cooperative [n.]	a. 合作的；有协作精神的；愿意配合的; 齐心协力的；合作进行的\nn. 合作社；合作机构	yes
firing	焚烧	n.	ecdict-only	toefl		yes	no	no	yes	no	yes	fen shao	740	6587	burn [v.]	n. 烧毁, 焚烧, 加热, 添煤\n[计] 点火	yes
touring	游览	n.	ecdict-only	ielts		yes	no	no	yes	no	yes	you lan	740	11624	visit [v.] | tour [v.]	n. 游览\na. 游览的	yes
fatality	天命	n.	ecdict-only	tem8		yes	no	no	yes	yes	yes	tian ming	731	9771	destiny [n.]	n. 不幸, 厄运, 致命性, 死亡者, 厄运, 天命	yes
jut	尖端	n.	ecdict-only	tem8		yes	no	no	yes	no	yes	jian duan	728	11174	cutting-edge [adj.]	n. 尖端, 突出部分\nv. (使)突出, 伸出	yes
distantly	疏远	adv.	ecdict-only	toefl		yes	no	no	yes	no	yes	shu yuan	728	20966	alienate [v.] | estrange [v.]	adv. 远, 远隔, 久远, 疏远, 稀疏, 不紧密, 冷淡, 冷漠, 隐约	yes
orientate	朝向	v.	ecdict-only	ielts		yes	no	no	yes	yes	yes	chao xiang	726	38284	face [v.]	v. 向东, 朝向	yes
distantly	隐约	adv.	ecdict-only	toefl		yes	no	no	yes	no	yes	yin yue	723	20966	faint [adj.] | vague [adj.]	adv. 远, 远隔, 久远, 疏远, 稀疏, 不紧密, 冷淡, 冷漠, 隐约	yes
burnish	光泽	n.	ecdict-only	toefl		yes	no	no	yes	yes	yes	guang ze	718	20422	luster [n.]	vt. 擦亮, 打磨, 磨光\nvi. 磨光发亮\nn. 光辉, 光泽	yes
mourning	哀悼	n.	ecdict-only	toefl		yes	no	no	yes	no	yes	ai dao	713	9222	mourn [v.]	n. 哀痛, 居丧, 举哀, 哀悼, 丧服, 戴孝	yes
shunt	分流	n.	ecdict-only	tem8		yes	no	no	yes	no	yes	fen liu	708	18929	divert [v.]	vt. 使转轨, 使分流, 回避讨论, 推延\nvi. 转向一边, 转轨, 往返\nn. 转轨, 分流	yes
whittle	大刀	n.	ecdict-only	toefl		yes	no	no	yes	yes	yes	da dao	706	15062	broadsword [n.]	vt. 逐渐削薄, 削整, 削弱, 削减\nvi. 削木头\nn. 大刀, 屠刀	yes
relict	残余	n.	ecdict-only	toefl		yes	no	no	yes	yes	yes	can yu	706	37296	remnant [n.] | residue [n.]	n. 未亡人, 寡妇, 残余物, 残余\n[法] 寡妇, 生存者, 残存者	yes
derange	扰乱	v.	ecdict-only	toefl		yes	no	no	yes	yes	yes	rao luan	705	23529	disturb [v.] | disrupt [v.]	vt. 扰乱, 使发狂	yes
phenomenally	出众	adv.	ecdict-only	toefl		yes	no	no	yes	no	yes	chu zhong	705	23802	outstanding [adj.] | distinguished [adj.]	adv. 现象, 从感官认识到, 非凡, 出众	yes
disarrange	扰乱	v.	ecdict-only	toefl		yes	no	no	yes	yes	yes	rao luan	705	43686	disturb [v.] | disrupt [v.]	vt. 扰乱, 搅乱, 弄乱	yes
stoppage	阻塞	n.	ecdict-only	tem8		yes	no	no	yes	no	yes	zu se	702	20251	block [v.] | obstruct [v.]	n. 停止, 中止, 阻塞, 阻碍, 堵塞, 故障, 停付, 扣除, 扣留, 停工, 罢工\n[化] 停机	yes
ornamentation	装饰品	n.	ecdict-only	toefl		yes	no	yes	yes	yes	yes	zhuang shi pin	700	21335	ornament [n.]	n. 装饰, 装饰术, 装饰品, 修饰	yes
remission	缓和	n.	ecdict-only	tem8		yes	no	no	yes	no	yes	huan he	692	15046	ease [v.] | relieve [v.]	n. 宽恕, 豁免, 免罪, 缓和, 减轻\n[医] 缓解, 弛张	yes
assuage	缓和	v.	ecdict-only	toefl		yes	no	yes	yes	yes	yes	huan he	692	16696	ease [v.] | relieve [v.]	vt. 平息, 缓和, 减轻	yes
paternity	出处	n.	ecdict-only	ielts		yes	no	no	yes	yes	yes	chu chu	690	13970	source [n.]	n. 父亲身份, 父系血统, 创始人(身份), 来源, 出处\n[医] 父权, 亲权; 父系	yes
mesmerize	迷惑	v.	ecdict-only	toefl		yes	no	no	yes	yes	yes	mi huo	688	11762	puzzle [v.] | confuse [v.]	vt. 施催眠术, 迷住, 迷惑\n[医] 催眠	yes
quandary	迷惑	n.	ecdict-only	toefl		yes	no	no	yes	no	yes	mi huo	688	15583	puzzle [v.] | confuse [v.]	n. 困惑, 迷惑, 为难	yes
willingness	心甘情愿	n.	ecdict-only	toefl		yes	no	no	yes	no	yes	xin gan qing yuan	687	4186	willingly [phr.] | gladly [phr.]	n. 乐意, 心甘情愿, 愿意	yes
earmark	记号	n.	ecdict-only	tem8		yes	no	no	yes	yes	yes	ji hao	684	12180	mark [n.]	n. 耳上记号, 特征, 记号, 标记\nvt. 在耳朵上做记号, 标记, 指定...作特定用途	yes
marks	记号	n.	ecdict-only	ielts		yes	no	no	yes	yes	yes	ji hao	684	999999	mark [n.]	n. 标记, 记号；唛头, 分数；台面标志	yes
hemorrhage	出血	n.	ecdict-only	tem8		yes	no	no	yes	no	yes	chu xue	681	17340	bleed [v.]	n. 出血\n[医] 出血	yes
verbalize	唠叨	v.	ecdict-only	toefl		yes	no	no	yes	yes	yes	lao dao	674	20983	nag [v.]	vt. 以言语表现, 使变成动词\nvi. 用言辞表达, 累赘, 唠叨	yes
debase	贬低	v.	ecdict-only	tem8		yes	no	no	yes	yes	yes	bian di	674	22355	belittle [v.] | disparage [v.]	vt. 贬低, 降低	yes
detraction	贬低	n.	ecdict-only	toefl		yes	no	no	yes	no	yes	bian di	674	999999	belittle [v.] | disparage [v.]	n. 转移, 缩小, 减损, 贬低, 毁损	yes
prate	唠叨	v.	ecdict-only	toefl		yes	no	no	yes	yes	yes	lao dao	674	999999	nag [v.]	vi. 唠叨, 空谈\nvt. 瞎扯\nn. 唠叨, 空谈, 瞎扯	yes
prate	唠叨	n.	ecdict-only	toefl		yes	no	no	yes	no	yes	lao dao	674	999999	nag [v.]	vi. 唠叨, 空谈\nvt. 瞎扯\nn. 唠叨, 空谈, 瞎扯	yes
ablution	洗礼	n.	ecdict-only	toefl		yes	no	no	yes	yes	yes	xi li	672	31213	baptism [n.]	n. 洗澡, 洗礼, 斋戒沐浴\n[化] 洗净; 洗净液	yes
alternation	交互	n.	ecdict-only	toefl		yes	no	no	yes	yes	yes	jiao hu	661	24407	interaction [n.]	n. 交互, 轮流, 间隔\n[计] 交替工作	yes
redbud	紫荆	n.	ecdict-only	toefl		yes	no	no	yes	yes	yes	zi jing	649	33362	bauhinia [n.]	n. 紫荆, 美国紫荆	yes
handiness	巧妙	n.	ecdict-only	tem8		yes	no	no	yes	no	yes	qiao miao	649	999999	ingenious [adj.]	n. 巧妙, 敏捷, 轻便	yes
diffusion	散播	n.	ecdict-only	toefl		yes	no	no	yes	no	yes	san bo	638	11051	spread [v.]	n. 散播, 传播, 蔓延\n[医] 扩散, 弥散, 漫射(光)	yes
dissemination	散播	n.	ecdict-only	ielts		yes	no	no	yes	no	yes	san bo	638	13011	spread [v.]	n. 散播, 传播, 普及\n[医] 散布, 播散	yes
inquisition	探究	n.	ecdict-only	tem8		yes	no	no	yes	no	yes	tan jiu	638	22360	explore [v.] | investigate [v.]	n. 调查, 探究, 审理, 宗教裁判所\n[医] 调查, 审查	yes
inquiries	探究	n.	ecdict-only	ielts		yes	no	no	yes	no	yes	tan jiu	638	999999	explore [v.] | investigate [v.]	n. 调查( inquiry的名词复数 ); 疑问; 探究; 打听	yes
falcons	猎鹰	n.	ecdict-only	ielts		yes	no	no	yes	yes	yes	lie ying	635	999999	falcon [n.]	n. 猎鹰；隼鹰队；猎鹰导弹（falcon的复数形式）	yes
overbalance	跌倒	v.	ecdict-only	toefl		yes	no	no	yes	yes	yes	die dao	634	46345	fall down [v.]	vt. 使倾覆, (重量、价值)超过, 使失去均衡, 跌倒\nvi. 失去平衡\nn. 超重, 超量, 失去平衡	yes
lode	水路	n.	ecdict-only	toefl		yes	no	no	yes	yes	yes	shui lu	633	23821	waterway [n.]	n. 矿脉, 水路, 排水沟	yes
trepidation	忧虑	n.	ecdict-only	toefl		yes	no	no	yes	yes	yes	you lv	632	15615	worry [n.] | concern [n.]	n. 恐惧, 惊惶, 忧虑\n[医] 震颤, 抖颤; 悸惧	yes
boggle	吃惊	v.	ecdict-only	tem8		yes	no	no	yes	yes	yes	chi jing	630	21558	be surprised [v.]	vi. 犹豫, 踌躇, 吃惊, 搪塞\nvt. 搞坏\nn. 犹豫, 吃惊	yes
boggle	吃惊	n.	ecdict-only	tem8		yes	no	no	yes	no	yes	chi jing	630	21558	be surprised [v.]	vi. 犹豫, 踌躇, 吃惊, 搪塞\nvt. 搞坏\nn. 犹豫, 吃惊	yes
obloquy	耻辱	n.	ecdict-only	toefl		yes	no	no	yes	yes	yes	chi ru	630	999999	shame [n.] | disgrace [n.]	n. 辱骂, 毁谤, 耻辱	yes
unawares	没想到	adv.	ecdict-only	tem8		yes	no	no	yes	no	yes	mei xiang dao	624	28358	unexpected [phr.]	adv. 出其不意地, 没想到, 不料, 不知不觉地	yes
funicular	索道	n.	ecdict-only	tem8		yes	no	no	yes	yes	yes	suo dao	624	44688	cableway [n.] | ropeway [n.]	a. 索状的\nn. 索道	yes
negation	反面	n.	ecdict-only	ielts		yes	no	no	yes	yes	yes	fan mian	620	18380	reverse side [n.]	n. 否定, 反面, 不存在\n[医] 否定, 否认	yes
madame	主妇	n.	ecdict-only	tem8		yes	no	no	yes	yes	yes	zhu fu	613	7424	housewife [n.]	n. 夫人, 小姐, 太太, 女士, 主妇, (非正式)喜欢差使/指使别人的女子, 鸨母	yes
mortify	禁欲	v.	ecdict-only	toefl		yes	no	no	yes	yes	yes	jin yu	608	18139	abstain [v.]	vt. 抑制, 苦修, 使受辱\nvi. 禁欲, 苦修	yes
abstention	回避	n.	ecdict-only	tem8		yes	no	no	yes	no	yes	hui bi	608	24775	avoid [v.] | evade [v.]	n. 戒绝, 回避, 弃权	yes
accreditation	委派	n.	ecdict-only	ielts		yes	no	no	yes	no	yes	wei pai	602	10209	appoint [v.]	n. 委派, 信托, 鉴定合格\n[法] 立案, 备案, 任命	yes
spurn	冷落	v.	ecdict-only	toefl		yes	no	no	yes	yes	yes	leng luo	602	15240	snub [v.] | neglect [v.]	n. 踢开, 拒斥\nvt. 踢开, 冷落, 践踏, 唾弃\nvi. 藐视, 摒弃	yes
nicety	纤细	n.	ecdict-only	ielts		yes	no	no	yes	no	yes	xian xi	599	18865	slender [adj.] | fine [adj.]	n. 美好, 准确, 精密, 拘泥细节, 纤细	yes
breathing	微风	n.	ecdict-only	toefl		yes	no	no	yes	yes	yes	wei feng	598	4508	breeze [n.]	n. 呼吸, 瞬间, 微风\na. 呼吸的, 逼真的	yes
clearing	空地	n.	ecdict-only	toefl		yes	no	no	yes	yes	yes	kong di	596	8009	open space [n.] | vacant lot [n.]	n. 清扫, 空地, 票据清算\n[经] 票据交换, 结算, 结帐	yes
geyser	喷泉	n.	ecdict-only	toefl		yes	no	no	yes	yes	yes	pen quan	596	16661	fountain [n.]	n. 喷泉, 间歇泉	yes
humbug	欺诈	n.	ecdict-only	tem8		yes	no	yes	yes	yes	yes	qi zha	596	27711	fraud [n.]	vt. 欺骗, 哄骗\nvi. 行骗\nn. 骗子, 欺骗, 欺诈	yes
addle	变质	v.	ecdict-only	toefl		yes	no	no	yes	yes	yes	bian zhi	596	37606	deteriorate [v.] | go bad [v.]	vt. 使昏乱, 使腐坏\nvi. 变质\na. 昏乱的, 腐坏的	yes
knap	打碎	v.	ecdict-only	toefl		yes	no	no	yes	yes	yes	da sui	596	999999	break [v.]	vt. 打碎, 拗断, 打\nn. 山顶, 小山, 丘陵	yes
swoon	着迷	v.	ecdict-only	toefl		yes	no	no	yes	yes	yes	zhao mi	590	17769	be fascinated [v.] | be obsessed [v.]	n. 昏晕, 晕厥\nvi. 昏晕, 着迷, 渐渐消失	yes
nicety	精密	n.	ecdict-only	ielts		yes	no	no	yes	no	yes	jing mi	589	18865	precise [adj.]	n. 美好, 准确, 精密, 拘泥细节, 纤细	yes
showpiece	样品	n.	ecdict-only	tem8		yes	no	no	yes	yes	yes	yang pin	589	25728	sample [n.]	n. 展出品, 样品	yes
starting	开端	n.	ecdict-only	ielts		yes	no	no	yes	yes	yes	kai duan	588	3899	beginning [n.]	n. 开端, 开始, 出发, 起动, 开动\n[机] 开动, 起动	yes
evict	逐出	v.	ecdict-only	ielts		yes	no	no	yes	yes	yes	zhu chu	587	12321	expel [v.]	vt. 逐出, 赶出, 驱逐\n[法] 逐出, 驱逐, 没收	yes
seduction	怂恿	n.	ecdict-only	tem8		yes	no	no	yes	no	yes	song yong	582	12359	instigate [v.] | urge [v.]	n. 教唆, 怂恿, 诱惑, 诱惑物, 诱饵\n[法] 诱奸, 勾引, 引诱	yes
rancor	敌意	n.	ecdict-only	toefl		yes	no	no	yes	yes	yes	di yi	580	19522	hostility [n.]	n. 敌意, 深仇	yes
crevasse	裂缝	n.	ecdict-only	toefl		yes	no	no	yes	yes	yes	lie feng	575	20113	crack [n.]	n. 裂缝, (堤、坝等的)决口, 崩溃处\nvt. 使有裂缝	yes
drub	敲击	v.	ecdict-only	toefl		yes	no	no	yes	yes	yes	qiao ji	573	34954	strike [v.] | knock [v.]	vt. 用棒打, 殴打, 硬灌(观念等)\nvi. 敲击	yes
smite	侵袭	v.	ecdict-only	toefl		yes	no	no	yes	yes	yes	qin xi	570	14488	invade [v.] | attack [v.]	vt. 重击, 打, 击败, 毁灭, 侵袭, 打动\nvi. 重击, 打\nn. 重击, 打	yes
avarice	贪婪	n.	ecdict-only	toefl		yes	no	no	yes	no	yes	tan lan	568	27046	greedy [adj.]	n. 贪婪	yes
prospecting	勘探	n.	ecdict-only	toefl		yes	no	no	yes	no	yes	kan tan	563	37320	prospect [v.] | explore [v.]	n. 探矿, 勘探	yes
overbalance	超重	n.	ecdict-only	toefl		yes	no	no	yes	no	yes	chao zhong	561	46345	overweight [adj.]	vt. 使倾覆, (重量、价值)超过, 使失去均衡, 跌倒\nvi. 失去平衡\nn. 超重, 超量, 失去平衡	yes
reprieve	暂缓	n.	ecdict-only	toefl		yes	no	no	yes	no	yes	zan huan	559	16877	postpone [v.] | defer [v.]	n. 缓刑, 缓刑令, 暂缓\nvt. 暂时解救, 缓期执行	yes
relict	寡妇	n.	ecdict-only	toefl		yes	no	no	yes	yes	yes	gua fu	559	37296	widow [n.]	n. 未亡人, 寡妇, 残余物, 残余\n[法] 寡妇, 生存者, 残存者	yes
bourgeois	资产阶级	n.	ecdict-only	tem8		yes	no	no	yes	yes	yes	zi chan jie ji	556	9071	bourgeoisie [n.]	n. 中产阶级分子, 商人, 资产阶级\na. 中产阶级的, 平庸的\nn. 九点活字	yes
lade	装满	v.	ecdict-only	toefl		yes	no	no	yes	yes	yes	zhuang man	555	999999	fill up [v.]	vt. 装满, 装载\nvi. 装货	yes
tones	声调	n.	ecdict-only	ielts		yes	no	no	yes	yes	yes	sheng diao	554	999999	tone [n.]	n. 声调；基本音色（tone的复数）	yes
stoppage	停工	n.	ecdict-only	tem8		yes	no	no	yes	no	yes	ting gong	548	20251	stop work [v.]	n. 停止, 中止, 阻塞, 阻碍, 堵塞, 故障, 停付, 扣除, 扣留, 停工, 罢工\n[化] 停机	yes
evict	赶出	v.	ecdict-only	ielts		yes	no	no	yes	yes	yes	gan chu	547	12321	drive out [v.]	vt. 逐出, 赶出, 驱逐\n[法] 逐出, 驱逐, 没收	yes
extrusion	赶出	n.	ecdict-only	ielts		yes	no	no	yes	no	yes	gan chu	547	27531	drive out [v.]	n. 挤出, 推出, 赶出\n[化] 挤出; 挤塑; 压出	yes
seals	印章	n.	ecdict-only	tem8		yes	no	no	yes	yes	yes	yin zhang	546	999999	seal [n.] | stamp [n.]	n. 海豹( seal的名词复数 ); 批准; （火漆）封印; 印章\nv. 密封( seal的第三人称单数 ); 决定; 确定; 封上（信封）	yes
luckily	侥幸	adv.	ecdict-only	toefl		yes	no	no	yes	no	yes	jiao xing	542	8175	lucky [adj.]	adv. 幸运地, 幸亏, 侥幸	yes
euphoria	陶醉	n.	ecdict-only	tem8		yes	no	no	yes	no	yes	tao zui	540	12596	be intoxicated [v.] | revel [v.]	n. 兴奋, 陶醉, 陶醉感\n[医] 精神愉快, 欣快	yes
cession	割让	n.	ecdict-only	toefl		yes	no	no	yes	no	yes	ge rang	538	30099	cede [v.]	n. 割让, 转让\n[经] 财产权利等的转让, 再保险	yes
garner	积蓄	n.	ecdict-only	toefl		yes	no	no	yes	no	yes	ji xu	537	11116	save [v.] | accumulate [v.]	n. 谷仓, 积蓄\nvt. 储存, 贮藏	yes
hoarding	积蓄	n.	ecdict-only	tem8		yes	no	no	yes	no	yes	ji xu	537	30749	save [v.] | accumulate [v.]	n. 贮藏, 积蓄, 囤积, 临时围墙\n[经] 囤积	yes
beating	挫败	n.	ecdict-only	tem8		yes	no	no	yes	no	yes	cuo bai	535	5988	defeat [v.] | frustrate [v.]	n. 打, 挫败, 搏动\n[化] 打浆	yes
confound	挫败	v.	ecdict-only	toefl		yes	no	no	yes	yes	yes	cuo bai	535	10535	defeat [v.] | frustrate [v.]	vt. 使混淆, 使狼狈, 挫败	yes
totality	全食	n.	ecdict-only	toefl		yes	no	no	yes	yes	yes	quan shi	535	11619	total eclipse [n.]	n. 全体, 总数, 全食	yes
wale	撑住	v.	ecdict-only	toefl		yes	no	no	yes	yes	yes	cheng zhu	533	999999	hold on [v.]	n. 隆起的伤痕, 鞭痕, 凸条纹, 精华, 选择\nvt. 在...上留下鞭痕, 织成棱纹, 挑选, 撑住\nvi. 挑选	yes
excitation	鼓舞	n.	ecdict-only	toefl		yes	no	no	yes	no	yes	gu wu	528	19442	inspire [v.] | encourage [v.]	n. 刺激, 鼓舞, 兴奋\n[化] 激发	yes
ardor	激情	n.	ecdict-only	toefl		yes	no	yes	yes	yes	yes	ji qing	528	20355	passion [n.] | fervor [n.]	n. 热忱, 热情, 情欲, 激情, 灼热\n[医] 灼热; 热心	yes
impatience	难耐	n.	ecdict-only	tem8		yes	no	no	yes	no	yes	nan nai	527	11344	unbearable [v.]	n. 性急, 难耐, 焦急, 急躁	yes
steamboat	轮船	n.	ecdict-only	toefl		yes	no	no	yes	yes	yes	lun chuan	525	19755	steamship [n.]	n. 汽船, 轮船	yes
checkmate	击破	n.	ecdict-only	tem8		yes	no	no	yes	no	yes	ji po	525	34254	defeat [v.] | break [v.]	n. 击破, 彻底失败\nvt. 制止, 大败, 将死	yes
naturalise	顺化	v.	ecdict-only	tem8		yes	no	no	yes	no	yes	shun hua	523	999999	hue [n.]	vt. 授与...以国籍, 使入国籍, 移植, 移养, 采纳, 顺化, 归化	yes
barrenness	空洞	n.	ecdict-only	toefl		yes	no	no	yes	yes	yes	kong dong	521	30758	cavity [n.] | hollow [n.]	n. 贫瘠, 不妊, 不孕, 不生育, 不毛, 荒芜, 思想贫乏, 空洞, 无用, 无聊\n[医] 不育症, 不孕症	yes
exemption	免除	n.	ecdict-only	toefl		yes	no	no	yes	no	yes	mian chu	517	7116	exempt [v.] | remit [v.]	n. 解除, 免除, 免税\n[化] 免检	yes
manhood	男儿	n.	ecdict-only	tem8		yes	no	no	yes	yes	yes	nan er	517	11813	man [n.]	n. 成年, 勇气, 男儿\n[法] 成年身分, 成年, 男子	yes
portend	预知	v.	ecdict-only	toefl		yes	no	yes	yes	yes	yes	yu zhi	515	18414	predict [v.]	vt. 成为...的前兆, 预知, 给与...的警告	yes
trundle	投球	v.	ecdict-only	tem8		yes	no	no	yes	no	yes	tou qiu	515	20750	pitching [n.]	n. 小车轮, 脚轮, 滚动\nvi. 滚动, 移动, 投球\nvt. 使滚动, 使移转	yes
armory	纹章	n.	ecdict-only	toefl		yes	no	no	yes	yes	yes	wen zhang	514	23703	coat of arms [n.]	n. 纹章, 纹章学, 军械库, 兵工厂\n[机] 军械库	yes
regression	退步	n.	ecdict-only	tem8		yes	no	no	yes	no	yes	tui bu	512	5403	regress [v.] | fall behind [v.]	n. 退步, 回归\n[计] 回归	yes
disputes	争端	n.	ecdict-only	ielts		yes	no	no	yes	yes	yes	zheng duan	512	999999	dispute [n.]	n. 辩论( dispute的名词复数 ); 争端; （劳资）纠纷; 罢工\nv. 辩论, 争论( dispute的第三人称单数 ); 争夺; 阻止; 就…进行辩论	yes
antibiotics	抗生素	n.	ecdict-only	ielts		yes	no	no	yes	yes	yes	kang sheng su	511	999999	antibiotic [n.]	n. 抗生学；抗生素	yes
emaciate	消瘦	v.	ecdict-only	toefl		yes	no	no	yes	yes	yes	xiao shou	510	26620	become thin [v.]	vt. 使消瘦, 使憔悴\nvi. 消瘦	yes
contravene	触犯	v.	ecdict-only	toefl		yes	no	no	yes	yes	yes	chu fan	507	24626	violate [v.]	vt. 违反, 触犯, 否认, 反驳, 抵触, 与...冲突\n[法] 触法, 违反, 否定	yes
patter	祷告	v.	ecdict-only	tem8		yes	no	no	yes	yes	yes	dao gao	504	19162	pray [v.]	n. 急速拍打声, 轻快脚步声, 行话, 快板, 饶舌\nvi. 急速地说, 滴答地响, 祷告, 念经, 念顺口溜\nvt. 使发嗒嗒声, 喋喋不休地说	yes
linkage	联动	n.	ecdict-only	toefl		yes	no	no	yes	no	yes	lian dong	503	7678	link [v.]	n. 联合, 连锁, 结合, 联动\n[计] 连接	yes
restitution	偿还	n.	ecdict-only	tem8		yes	no	no	yes	no	yes	chang huan	502	15053	repay [v.]	n. 归还, 偿还, 赔偿\n[医] 整复, 恢复, 转回(胎头)	yes
sill	窗台	n.	ecdict-only	toefl		yes	no	no	yes	yes	yes	chuang tai	501	12120	windowsill [n.]	n. 基石, 槛, 窗台, 岩床, 海底山脊, 梁	yes
unison	调和	n.	ecdict-only	tem8		yes	no	no	yes	no	yes	tiao he	500	9423	harmonize [v.]	n. 调和, 和谐, 一致, 齐唱, 齐奏\na. 共同做的, 同声的	yes
gourmand	美食家	n.	ecdict-only	toefl		yes	no	no	yes	yes	yes	mei shi jia	500	30968	gourmet [n.]	n. 美食家	yes
tussle	打斗	v.	ecdict-only	tem8		yes	no	no	yes	yes	yes	da dou	499	22830	fight [v.]	n. 扭打, 争斗, 论争\nvi. 扭打, 打斗	yes
tenement	居所	n.	ecdict-only	toefl		yes	no	no	yes	yes	yes	ju suo	496	14363	residence [n.]	n. 房屋, 住房, 保有物, 居所\n[经] 地产, 住屋	yes
rectitude	纯正	n.	ecdict-only	tem8		yes	no	no	yes	no	yes	chun zheng	495	24055	pure [adj.] | genuine [adj.]	n. 正直, 纯正, 正确\n[法] 公正, 正直, 严正	yes
headgear	头饰	n.	ecdict-only	tem8		yes	no	no	yes	yes	yes	tou shi	494	21525	headpiece [n.]	n. 头饰, 马首挽具, 井架\n[医] 头网, 连轮装置	yes
verbiage	措辞	n.	ecdict-only	toefl		yes	no	yes	yes	yes	yes	cuo ci	493	28796	wording [n.]	n. 罗嗦, 冗词, 措辞	yes
computation	计数	n.	ecdict-only	toefl		yes	no	no	yes	no	yes	ji shu	491	12953	count [v.]	n. 计算, 计数, 计算结果\n[经] 计算, 估计, 计算法	yes
malignancy	恶性肿瘤	n.	ecdict-only	tem8		yes	no	no	yes	yes	yes	e xing zhong liu	488	18816	malignant tumor [n.]	n. 恶意, 邪恶, 恶性肿瘤\n[医] 恶性	yes
extraordinarily	特派	adv.	ecdict-only	toefl		yes	no	no	yes	no	yes	te pai	485	7314	dispatch [v.]	adv. 非凡, 破例, 特别, 非常, 离奇, 使人惊奇, 惊人, 特命, 特派	yes
everest	顶峰	n.	ecdict-only	toefl		yes	no	no	yes	yes	yes	ding feng	485	999999	peak [n.]	n. 珠穆朗玛峰, 顶峰	yes
paradoxically	荒谬	adv.	ecdict-only	toefl		yes	no	no	yes	no	yes	huang miu	482	10558	absurd [adj.] | ridiculous [adj.]	adv. 反论, 荒谬, 自相矛盾, 似非而可能是	yes
aggregation	聚合	n.	ecdict-only	toefl		yes	no	no	yes	no	yes	ju he	481	17277	aggregate [v.] | polymerize [v.]	n. 集合, 聚合, 集合体\n[化] 聚集; 聚集作用	yes
holdup	停顿	n.	ecdict-only	tem8		yes	no	no	yes	no	yes	ting dun	481	22318	pause [v.] | stop [v.]	n. 拦劫行人的强盗行为, 劫盗, 停顿, 索高价\n[经] 索高价, 阻碍, 停顿	yes
digression	偏离	n.	ecdict-only	toefl		yes	no	no	yes	no	yes	pian li	478	21375	deviate [v.]	n. 离题, 扯到枝节上, 偏离	yes
reticence	无言	n.	ecdict-only	toefl		yes	no	no	yes	no	yes	wu yan	477	18151	speechless [adj.] | silent [adj.]	n. 无言, 沉默, 勉强	yes
diminution	减低	n.	ecdict-only	toefl		yes	no	no	yes	no	yes	jian di	475	21683	reduce [v.]	n. 减少, 缩小, 减低\n[医] 减少, 减小	yes
hindquarters	后腿	n.	ecdict-only	tem8		yes	no	no	yes	yes	yes	hou tui	475	999999	hind leg [n.]	n. 后腿, 后半部	yes
briskness	轻快	n.	ecdict-only	toefl		yes	no	no	yes	no	yes	qing kuai	473	45362	light [adj.] | brisk [adj.]	n. 轻快, 活泼	yes
fillet	带子	n.	ecdict-only	tem8		yes	no	no	yes	yes	yes	dai zi	472	10721	belt [n.]	n. 头带, 带子\nvt. 用带缚	yes
moralism	格言	n.	ecdict-only	toefl		yes	no	no	yes	yes	yes	ge yan	472	27204	motto [n.] | proverb [n.]	n. 道德主义, 格言, 说教	yes
belts	带子	n.	ecdict-only	ielts		yes	no	no	yes	yes	yes	dai zi	472	999999	belt [n.]	n. 带子；皮带（belt的复数）	yes
prate	瞎扯	v.	ecdict-only	toefl		yes	no	no	yes	yes	yes	xia che	471	999999	talk nonsense [v.]	vi. 唠叨, 空谈\nvt. 瞎扯\nn. 唠叨, 空谈, 瞎扯	yes
prate	瞎扯	n.	ecdict-only	toefl		yes	no	no	yes	no	yes	xia che	471	999999	talk nonsense [v.]	vi. 唠叨, 空谈\nvt. 瞎扯\nn. 唠叨, 空谈, 瞎扯	yes
hiatus	间隙	n.	ecdict-only	tem8		yes	no	no	yes	yes	yes	jian xi	467	14945	gap [n.]	n. 裂缝, 中断, 空隙, 间隙, 裂孔, (稿件)脱字, 漏句\npl. 裂缝, 中断, 空隙, 间隙, 裂孔, (稿件)脱字, 漏句	yes
flurry	慌张	v.	ecdict-only	tem8		yes	no	no	yes	no	yes	huang zhang	465	9456	flustered [adj.]	n. 疾风, 飓风, 慌张\nvt. 使恐慌, 使激动\nvi. 慌张	yes
skating	溜冰	n.	ecdict-only	ielts		yes	no	no	yes	no	yes	liu bing	464	13863	skate [v.]	n. 溜冰	yes
planting	播种	n.	ecdict-only	ielts		yes	no	no	yes	no	yes	bo zhong	461	7447	sow [v.]	n. 种植, 栽培, 播种, 人工林, 花圃, 苗圃	yes
cutlery	刀剑	n.	ecdict-only	tem8		yes	no	no	yes	yes	yes	dao jian	460	22380	swords [n.]	n. 刀剑制造业, 刃具制造业, 刀剑, 刃具, 刀叉餐具	yes
urbanism	城市化	n.	ecdict-only	toefl		yes	no	no	yes	yes	yes	cheng shi hua	460	25092	urbanization [n.]	n. 城市居民的生活方式, 城市化	yes
suspenders	背带	n.	ecdict-only	tem8		yes	no	no	yes	yes	yes	bei dai	455	18585	strap [n.]	n. 背带	yes
ferries	渡口	n.	ecdict-only	ielts		yes	no	no	yes	yes	yes	du kou	455	999999	ferry [n.]	n. 渡船( ferry的名词复数 ); 渡口; 摆渡; 飞机渡运\nv. 运送( ferry的第三人称单数 ); （乘渡船）渡过（河等）; 渡运飞机; 摆渡, 用（渡）船渡, （船）来往行驶	yes
visually	视力	adv.	ecdict-only	toefl		yes	no	no	yes	no	yes	shi li	454	6319	eyesight [n.]	adv. 看, 视力, 视觉, 可见, 凭视力, 看到, 看得见, 光学, 形象化, 栩栩如生	yes
munitions	军火	n.	ecdict-only	tem8		yes	no	no	yes	yes	yes	jun huo	454	14404	arms [n.]	n. 军火, 军需品\n[法] 军火, 军需品	yes
advocacy	鼓吹	n.	ecdict-only	tem8		yes	no	no	yes	no	yes	gu chui	453	5074	advocate [v.] | preach [v.]	n. 拥护, 支持, 鼓吹, 辩护, 辩护术\n[法] 辩护, 拥护, 提倡	yes
stave	诗句	n.	ecdict-only	toefl		yes	no	no	yes	yes	yes	shi ju	449	13673	verse [n.]	n. 狭板, 梯级, 棍棒, 诗句\nvt. 击穿, 弄破, 敲打, 赶走\nvi. 穿孔, 破碎	yes
bistro	夜总会	n.	ecdict-only	ielts		yes	no	no	yes	yes	yes	ye zong hui	446	14625	nightclub [n.]	n. 小酒馆, 夜总会	yes
nonconformity	不一致	n.	ecdict-only	toefl		yes	no	no	yes	no	yes	bu yi zhi	446	31316	inconsistent [adj.]	n. 不适合, 不一致, 不信奉国教	yes
commendation	嘉奖	n.	ecdict-only	tem8		yes	no	no	yes	no	yes	jia jiang	445	21328	commend [v.]	n. 赞赏, 嘉奖, 推荐	yes
beget	招致	v.	ecdict-only	toefl		yes	no	no	yes	yes	yes	zhao zhi	444	19985	cause [v.] | lead to [v.]	vt. 为某人之生父, 招致, 产生, 引起	yes
extraordinarily	离奇	adv.	ecdict-only	toefl		yes	no	no	yes	no	yes	li qi	441	7314	bizarre [adj.]	adv. 非凡, 破例, 特别, 非常, 离奇, 使人惊奇, 惊人, 特命, 特派	yes
coffer	金库	n.	ecdict-only	ielts		yes	no	no	yes	yes	yes	jin ku	441	13651	vault [n.]	n. 保险箱, 金库\nvt. 把...锁进箱子	yes
mating	交配	n.	ecdict-only	tem8		yes	no	no	yes	no	yes	jiao pei	434	12777	mate [v.]	n. 交配\n[化] 配套; 交配	yes
prowl	潜行	n.	ecdict-only	toefl		yes	no	no	yes	no	yes	qian xing	434	13118	sneak [v.] | move stealthily [v.]	n. 潜行, 徘徊, 悄悄踱步\nvi. 潜行以觅食, 徘徊\nvt. 徘徊	yes
filch	窃取	v.	ecdict-only	toefl		yes	no	no	yes	yes	yes	qie qu	433	29500	steal [v.]	vt. 偷窃, 窃取	yes
connivance	纵容	n.	ecdict-only	toefl		yes	no	no	yes	no	yes	zong rong	433	33617	connive [v.]	n. 默许, 纵容\n[法] 纵容, 默许	yes
rind	树皮	n.	ecdict-only	tem8		yes	no	no	yes	yes	yes	shu pi	431	12194	bark [n.]	n. 树皮, 壳, 外表\nvt. 削皮, 剥壳	yes
placate	怀柔	v.	ecdict-only	toefl		yes	no	no	yes	no	yes	huai rou	431	16057	huairou [n.]	vt. 抚慰, 平息, 使和解, 怀柔	yes
recapitulate	摘要	v.	ecdict-only	toefl		yes	no	no	yes	no	yes	zhai yao	431	24879	summary [n.] | abstract [n.]	v. 重述要点, 概括, 摘要	yes
condenses	摘要	v.	ecdict-only	toefl		yes	no	no	yes	no	yes	zhai yao	431	999999	summary [n.] | abstract [n.]	v. 浓缩; （使）变稠或变浓, 浓缩( condense的第三人称单数 ); （使）凝结; 简说, 摘要, 简述	yes
compendium	纲要	n.	ecdict-only	ielts		yes	no	no	yes	yes	yes	gang yao	430	18189	outline [n.]	n. 纲要, 概略\n[电] 简述	yes
burnish	打磨	v.	ecdict-only	toefl		yes	no	no	yes	yes	yes	da mo	429	20422	polish [v.] | grind [v.]	vt. 擦亮, 打磨, 磨光\nvi. 磨光发亮\nn. 光辉, 光泽	yes
distantly	稀疏	adv.	ecdict-only	toefl		yes	no	no	yes	no	yes	xi shu	429	20966	sparse [adj.]	adv. 远, 远隔, 久远, 疏远, 稀疏, 不紧密, 冷淡, 冷漠, 隐约	yes
waster	浪子	n.	ecdict-only	toefl		yes	no	no	yes	yes	yes	lang zi	429	39088	prodigal [n.] | wanderer [n.]	n. 造成浪费的人, 造成损坏的人, 挥霍者, 浪子, 无用的人, 废品, 次品\n[化] 废物	yes
guile	狡猾	n.	ecdict-only	toefl		yes	no	no	yes	no	yes	jiao hua	428	24013	cunning [adj.] | sly [adj.]	n. 狡猾, 狡计	yes
contemplation	注视	n.	ecdict-only	tem8		yes	no	no	yes	no	yes	zhu shi	425	11236	gaze [v.] | stare [v.]	n. 注视, 沉思, 盘算\n[法] 默察, 意图, 期待	yes
juxtaposition	并排	n.	ecdict-only	toefl		yes	no	no	yes	no	yes	bing pai	425	12364	side by side [adv.]	n. 并排, 并置, 并列\n[医] 并列, 并置, 对合	yes
allegation	断言	n.	ecdict-only	toefl		yes	no	no	yes	no	yes	duan yan	422	3516	assert [v.]	n. 断言, 主张, 申辩\n[法] 声明, 事实陈述, 断言	yes
reek	冒烟	v.	ecdict-only	toefl		yes	no	no	yes	yes	yes	mao yan	422	14513	smoke [v.]	n. 烟, 水蒸气, 臭气散发\nvi. 冒烟, 发臭气, 散发\nvt. 用烟熏, 散发	yes
categorically	断言	adv.	ecdict-only	toefl		yes	no	no	yes	no	yes	duan yan	422	16485	assert [v.]	adv. 无条件, 绝对, 明白, 断言, 明显, 明确, 范畴	yes
avow	断言	v.	ecdict-only	toefl		yes	no	yes	yes	yes	yes	duan yan	422	27261	assert [v.]	vt. 坦率承认, 断言\n[法] 公开宣称, 声明, 供认	yes
avouch	断言	v.	ecdict-only	toefl		yes	no	no	yes	yes	yes	duan yan	422	999999	assert [v.]	v. 断言, 主张, 保证, 承认	yes
reversion	继承权	n.	ecdict-only	tem8		yes	no	no	yes	yes	yes	ji cheng quan	406	25812	inheritance right [n.]	n. 回复, 复原, 归还, 继承权\n[化] 返硫	yes
outstretch	伸展	v.	ecdict-only	tem4		yes	no	no	yes	yes	yes	shen zhan	403	999999	stretch [v.]	vt. 伸出, 伸展	yes
interviews	面谈	n.	ecdict-only	ielts		yes	no	no	yes	yes	yes	mian tan	400	999999	interview [n.] | face-to-face talk [n.]	n. 接见( interview的名词复数 ); 采访; 面谈; 会谈\nv. 面试( interview的第三人称单数 ); 访问; 会见; （私下）提问	yes
squawk	诉苦	v.	ecdict-only	tem8		yes	no	no	yes	yes	yes	su ku	399	16283	complain [v.]	n. 响而粗的叫声, 夜鹭\nvi. 发出响而粗的叫声, 发牢骚, 诉苦	yes
trundle	滚动	v.	ecdict-only	tem8		yes	no	no	yes	yes	yes	gun dong	399	20750	roll [v.]	n. 小车轮, 脚轮, 滚动\nvi. 滚动, 移动, 投球\nvt. 使滚动, 使移转	yes
plaint	诉苦	n.	ecdict-only	toefl		yes	no	no	yes	no	yes	su ku	399	34066	complain [v.]	n. 悲叹, 感叹, 诉苦, 起诉, 抗议, 抱怨\n[法] 控告, 起诉, 告状	yes
suffuse	弥漫	v.	ecdict-only	toefl		yes	no	no	yes	yes	yes	mi man	398	17080	permeate [v.] | fill [v.]	vt. 遍布, 弥漫, 充满	yes
verification	查证	n.	ecdict-only	ielts		yes	no	no	yes	no	yes	cha zheng	397	11069	verify [v.] | check [v.]	n. 证实, 查证, 证明属实\n[计] 验证	yes
temperance	禁酒	n.	ecdict-only	toefl		yes	no	no	yes	no	yes	jin jiu	397	21464	prohibit alcohol [v.]	n. 节欲, 戒酒, 禁酒, 节制\n[医] 节制(饮食等), 戒酒	yes
lethargy	昏睡	n.	ecdict-only	toefl		yes	no	no	yes	no	yes	hun shui	396	21103	coma [v.]	n. 昏睡, 瞌睡, 无力气\n[医] 昏睡, 嗜眠	yes
stupefaction	昏睡	n.	ecdict-only	tem8		yes	no	no	yes	no	yes	hun shui	396	38654	coma [v.]	n. 麻醉, 昏睡, 昏迷	yes
approaching	进场	v.	ecdict-only	toefl		yes	no	no	yes	yes	yes	jin chang	395	12934	enter [v.]	v. 进场；侵入；接近（approach的ing形式）	yes
personification	拟人	n.	ecdict-only	tem8		yes	no	no	yes	no	yes	ni ren	393	17240	personify [v.]	n. 拟人, 人格化, 拟人法, 化身, 象征	yes
stoppage	扣除	n.	ecdict-only	tem8		yes	no	no	yes	no	yes	kou chu	389	20251	deduct [v.]	n. 停止, 中止, 阻塞, 阻碍, 堵塞, 故障, 停付, 扣除, 扣留, 停工, 罢工\n[化] 停机	yes
congruity	共同点	n.	ecdict-only	toefl		yes	no	no	yes	yes	yes	gong tong dian	389	38644	common point [n.]	n. 适合, 一致, 共同点	yes
hunch	隆起	v.	ecdict-only	tem8		yes	no	no	yes	yes	yes	long qi	388	9261	rise [v.] | bulge [v.]	n. 肉峰, 预感, 大块\nvt. 弯腰驼背, 预感到, 耸肩\nvi. 向前移动, 隆起	yes
thrall	奴役	n.	ecdict-only	toefl		yes	no	no	yes	no	yes	nu yi	388	21491	enslave [v.]	n. 奴隶, 束缚, 奴役	yes
residents	房客	n.	ecdict-only	ielts		yes	no	no	yes	yes	yes	fang ke	387	999999	tenant [n.]	n. 居民；房客；住院医生（resident的复数）	yes
reprove	责备	v.	ecdict-only	tem8		yes	no	no	yes	yes	yes	ze bei	385	31172	blame [v.]	vt. 责备, 责骂, 非难\n[法] 共和国, 共和政体, 社团; 责骂, 谴责, 指责	yes
weaponry	军备	n.	ecdict-only	tem8		yes	no	no	yes	yes	yes	jun bei	383	11868	armament [n.]	n. 武器, 军备, 武器设计研制学	yes
tables	附录	n.	ecdict-only	ielts		yes	no	no	yes	yes	yes	fu lu	383	999999	appendix [n.]	n. 桌子；附录；表格（table的复数）	yes
siphon	抽取	v.	ecdict-only	tem8		yes	no	no	yes	yes	yes	chou qu	382	15552	extract [v.] | draw [v.]	n. 虹吸管\nvt. 用虹吸管吸出, 抽取\nvi. 通过虹吸管	yes
mockery	歪曲	n.	ecdict-only	tem8		yes	no	no	yes	no	yes	wai qu	380	13874	distort [v.]	n. 嘲弄, 笑柄, 歪曲	yes
travesty	歪曲	v.	ecdict-only	toefl		yes	no	no	yes	yes	yes	wai qu	380	18038	distort [v.]	n. 拙劣的模仿作品, 嘲弄, 滑稽模仿\nvt. 滑稽地模仿, 歪曲	yes
intermingle	混入	v.	ecdict-only	tem8		yes	no	no	yes	yes	yes	hun ru	378	22330	mix in [v.]	vi. 混入, 渗入, 掺杂\nvt. 使混合	yes
looseness	松弛	n.	ecdict-only	toefl		yes	no	no	yes	no	yes	song chi	376	28960	loose [adj.] | relaxed [adj.]	n. 松, 松弛, 漠然\n[医] 松驰	yes
routinely	乏味	adv.	ecdict-only	toefl		yes	no	no	yes	no	yes	fa wei	375	4727	boring [adj.]	adv. 日常, 乏味, 常规, 例行	yes
contracts	婚约	n.	ecdict-only	ielts		yes	no	no	yes	yes	yes	hun yue	375	999999	engagement [n.]	n. 契约( contract的名词复数 ); 婚约; [法律]契约法; 行贿	yes
spurn	践踏	v.	ecdict-only	toefl		yes	no	no	yes	yes	yes	jian ta	373	15240	trample [v.]	n. 踢开, 拒斥\nvt. 踢开, 冷落, 践踏, 唾弃\nvi. 藐视, 摒弃	yes
reprieve	缓刑	n.	ecdict-only	toefl		yes	no	no	yes	yes	yes	huan xing	373	16877	probation [n.] | suspended sentence [n.]	n. 缓刑, 缓刑令, 暂缓\nvt. 暂时解救, 缓期执行	yes
desolation	荒凉	n.	ecdict-only	tem8		yes	no	no	yes	no	yes	huang liang	372	17109	desolate [adj.]	n. 荒芜, 荒废, 荒凉	yes
bitumen	沥青	n.	ecdict-only	ielts		yes	no	no	yes	yes	yes	li qing	372	35548	asphalt [n.]	n. 沥青\n[化] 沥青; 石油沥青	yes
slur	玷污	n.	ecdict-only	tem8		yes	no	no	yes	no	yes	dian wu	371	14203	taint [v.] | defile [v.]	n. 连音符, 诽谤, 玷污, 印刷模糊\nvt. 草率地看过, 忽略, 含糊地念\nvi. 模糊不清	yes
irreverence	非礼	n.	ecdict-only	toefl		yes	no	no	yes	no	yes	fei li	371	25545	molest [v.] | harass [v.]	n. 不敬, 非礼, 不敬行为	yes
restaurants	饭馆	n.	ecdict-only	ielts		yes	no	no	yes	yes	yes	fan guan	370	999999	restaurant [n.]	n. 饭店( restaurant的名词复数 ); 餐馆; 饭馆; 菜馆	yes
pelt	毛皮	n.	ecdict-only	toefl		yes	no	yes	yes	yes	yes	mao pi	369	15181	fur [n.]	n. 投掷, 打击, 快速, 毛皮\nvt. 剥...的皮, 连续投掷, 攻击, 抨击, 拍打\nvi. 投击	yes
blocks	积木	n.	ecdict-only	ielts		yes	no	no	yes	yes	yes	ji mu	369	999999	building blocks [n.]	n. 积木；黑金石；街区；[音]双头木鱼；楼群（block的复数）	yes
whiff	喷气	v.	ecdict-only	tem8		yes	no	no	yes	no	yes	pen qi	367	12029	jet [n.]	n. 一吹, 一吸, 一阵, 一点点, 一口烟\nvi. 轻轻地吹, 喷气, 三击不中出局, 垂钓\nvt. 吹送, 喷出, 吸, 使三击不中出局	yes
penchant	嗜好	n.	ecdict-only	toefl		yes	no	no	yes	yes	yes	shi hao	366	11438	hobby [n.]	n. 爱好, 嗜好	yes
indulgence	嗜好	n.	ecdict-only	tem8		yes	no	no	yes	yes	yes	shi hao	366	12489	hobby [n.]	n. 沉溺, 放纵, 嗜好\n[法] 宽容, 纵容, 赎罪券	yes
conscription	征兵	n.	ecdict-only	toefl		yes	no	no	yes	no	yes	zheng bing	365	19574	conscript [v.] | draft [v.]	n. 征兵, 募兵, 征用(制度)\n[法] 征兵, 征用	yes
actuate	驱使	v.	ecdict-only	toefl		yes	no	no	yes	yes	yes	qu shi	364	29241	drive [v.]	vt. 开动, 驱使, 激励	yes
impatience	焦急	n.	ecdict-only	tem8		yes	no	no	yes	no	yes	jiao ji	362	11344	anxious [adj.]	n. 性急, 难耐, 焦急, 急躁	yes
marginally	无关紧要	adv.	ecdict-only	ielts		yes	no	no	yes	no	yes	wu guan jin yao	361	12390	irrelevant [phr.] | trivial [phr.]	adv. 记在页边, 有旁注, 边缘, 边沿地区, 边际, 限界, 勉强够格, 无关紧要, 少量	yes
patter	念经	v.	ecdict-only	tem8		yes	no	no	yes	yes	yes	nian jing	360	19162	chant scriptures [v.]	n. 急速拍打声, 轻快脚步声, 行话, 快板, 饶舌\nvi. 急速地说, 滴答地响, 祷告, 念经, 念顺口溜\nvt. 使发嗒嗒声, 喋喋不休地说	yes
trounce	严惩	v.	ecdict-only	tem8		yes	no	no	yes	yes	yes	yan cheng	360	22006	severely punish [v.]	vt. 痛打, 严惩	yes
malleability	顺从	n.	ecdict-only	toefl		yes	no	no	yes	no	yes	shun cong	360	30388	obey [v.] | submit [v.]	n. 可展性, 可锻性, 顺从\n[医] 展性	yes
schism	分立	n.	ecdict-only	toefl		yes	no	no	yes	no	yes	fen li	359	17948	separate [v.] | divide [v.]	n. 分裂, 分立, 分裂教会罪\n[法] 分裂, 分裂宗教罪, 宗派	yes
impracticality	不切实际	n.	ecdict-only	toefl		yes	no	no	yes	no	yes	bu qie shi ji	357	34723	unrealistic [adj.]	n. 不切实际, 办不到	yes
suspending	悬浮	n.	ecdict-only	tem4		yes	no	no	yes	no	yes	xuan fu	355	999999	suspend [v.] | float [v.]	n. 停赛, 悬置；悬浮	yes
contemn	蔑视	v.	ecdict-only	toefl		yes	no	yes	yes	yes	yes	mie shi	353	999999	despise [v.] | scorn [v.]	vt. 侮辱, 蔑视	yes
desirability	可取	n.	ecdict-only	toefl		yes	no	no	yes	no	yes	ke qu	352	14608	advisable [adj.]	n. 值得想望, 可取\n[经] 合意性, 可用性	yes
anesthesia	麻醉	n.	ecdict-only	toefl		yes	no	no	yes	no	yes	ma zui	345	12058	anesthetize [v.]	n. 麻醉, 麻木\n[化] 麻醉; 失去知觉	yes
skimp	吝啬	v.	ecdict-only	toefl		yes	no	no	yes	no	yes	lin se	345	21812	stingy [adj.]	vt. 少给, 克扣\nvi. 吝啬\na. 少的, 不足的	yes
indolence	无痛	n.	ecdict-only	tem4		yes	no	no	yes	no	yes	wu tong	344	29464	painless [adj.]	n. 怠惰, 无痛\n[医] 无痛	yes
cancellation	作废	n.	ecdict-only	toefl		yes	no	no	yes	no	yes	zuo fei	343	11898	invalidate [v.] | cancel [v.]	n. 取消, 作废, 注销戳\n[经] 注销, 取消, 保险单的注销	yes
valor	勇猛	n.	ecdict-only	toefl		yes	no	no	yes	no	yes	yong meng	343	17697	brave [adj.]	n. 英勇, 刚勇, 勇猛	yes
dilution	冲淡	n.	ecdict-only	toefl		yes	no	no	yes	no	yes	chong dan	342	18805	dilute [v.] | weaken [v.]	n. 冲淡, 淡度, 稀度, 稀释物, 冲淡物, 稀释\n[计] 稀释度的	yes
cosset	溺爱	v.	ecdict-only	ielts		yes	no	yes	yes	yes	yes	ni ai	341	36561	spoil [v.] | dote on [v.]	n. 供玩赏的小动物, 爱畜\nvt. 宠爱, 珍爱, 溺爱	yes
dope	吸毒	v.	ecdict-only	tem8		yes	no	no	yes	yes	yes	xi du	340	10180	take drugs [v.]	n. 吸毒者, 笨蛋, 麻醉药物, 粘稠物\nvt. 麻痹, 上涂料, 预测出\nvi. 吸毒	yes
lumbering	伐木	n.	ecdict-only	toefl		yes	no	no	yes	no	yes	fa mu	340	17919	lumber [v.]	n. 伐木, 伐木业\na. 外形笨重的, 笨拙的, 步子沉重的, 动作迟缓的, 表达不流畅的	yes
waggle	摇摆	v.	ecdict-only	toefl		yes	no	no	yes	yes	yes	yao bai	338	22756	sway [v.] | swing [v.]	v. (使)不停地来回摇动, 摇摆\nn. 摇动, 摇摆	yes
waggle	摇摆	n.	ecdict-only	toefl		yes	no	no	yes	no	yes	yao bai	338	22756	sway [v.] | swing [v.]	v. (使)不停地来回摇动, 摇摆\nn. 摇动, 摇摆	yes
takings	利息	n.	ecdict-only	tem8		yes	no	no	yes	yes	yes	li xi	338	999999	interest [n.]	n. 捕获物, 收入, 进款, 利息\n[经] 收入, 利息, 进款	yes
alms	施舍	n.	ecdict-only	tem8		yes	no	no	yes	no	yes	shi she	335	23266	give alms [v.]	n. 施舍, 救济金, 救济品	yes
slake	熄灭	v.	ecdict-only	toefl		yes	no	no	yes	yes	yes	xi mie	335	31425	extinguish [v.]	vt. 消除, 使清凉, 熄灭\n[医] 消, 灭; 消和(石灰); 松, 缓和	yes
disobedience	不孝	n.	ecdict-only	tem8		yes	no	no	yes	no	yes	bu xiao	334	14049	unfilial [adj.]	n. 不服从, 不孝, 违反	yes
filch	偷窃	v.	ecdict-only	toefl		yes	no	no	yes	yes	yes	tou qie	334	29500	steal [v.]	vt. 偷窃, 窃取	yes
pilferage	偷窃	n.	ecdict-only	toefl		yes	no	no	yes	no	yes	tou qie	334	999999	steal [v.]	n. 小偷小摸, 偷窃, 赃物\n[经] 偷窃险, 脏物	yes
compactness	坚实	n.	ecdict-only	toefl		yes	no	no	yes	no	yes	jian shi	331	34176	solid [adj.] | firm [adj.]	n. 紧密, 紧密度, 简洁, 坚实\n[计] 紧致性, 压缩性	yes
scowl	皱眉	v.	ecdict-only	toefl		yes	no	no	yes	yes	yes	zhou mei	330	11097	frown [v.]	n. 愁容, 阴沉脸色\nvi. 皱眉, 绷着脸\nvt. 怒视	yes
loudness	吵闹	n.	ecdict-only	toefl		yes	no	no	yes	no	yes	chao nao	329	26530	noisy [adj.]	n. 响度, 高声, 大声, 吵闹\n[电] 响度	yes
figures	图表	n.	ecdict-only	ielts		yes	no	no	yes	yes	yes	tu biao	329	999999	chart [n.] | graph [n.]	n. 图形, 图表；价格, 金额, 数字；规定动作；人物（figure的复数）	yes
portraiture	肖像画	n.	ecdict-only	toefl		yes	no	yes	yes	yes	yes	xiao xiang hua	326	19055	portrait [n.]	n. 肖像绘制(法), 肖像画, 描写	yes
indirectly	迂回	adv.	ecdict-only	toefl		yes	no	no	yes	no	yes	yu hui	324	7019	detour [v.]	adv. 间接, 曲折, 迂回, 不直截了当, 不诚实, 不坦率\n[计] 间接地	yes
sailing	启航	n.	ecdict-only	ielts		yes	no	no	yes	no	yes	qi hang	322	10027	set sail [v.]	n. 航行, 航海术, 启航\na. 航行的	yes
temporize	调停	v.	ecdict-only	toefl		yes	no	no	yes	yes	yes	tiao ting	320	36279	mediate [v.]	vi. 随潮流, 拖延, 妥协, 调停	yes
magnificence	宏大	n.	ecdict-only	toefl		yes	no	no	yes	no	yes	hong da	316	21679	grand [adj.]	n. 富丽堂皇, 华丽, 宏大	yes
printing	印花	n.	ecdict-only	ielts		yes	no	no	yes	yes	yes	yin hua	315	7217	printed pattern [n.]	n. 印刷, 印刷术, 印花\n[计] 打印; 印刷	yes
stave	穿孔	v.	ecdict-only	toefl		yes	no	no	yes	yes	yes	chuan kong	315	13673	pierce [v.] | perforate [v.]	n. 狭板, 梯级, 棍棒, 诗句\nvt. 击穿, 弄破, 敲打, 赶走\nvi. 穿孔, 破碎	yes
loggerhead	傻瓜	n.	ecdict-only	toefl		yes	no	no	yes	yes	yes	sha gua	315	24758	fool [n.] | idiot [n.]	n. 傻瓜, 笨蛋	yes
scraping	碎屑	n.	ecdict-only	toefl		yes	no	no	yes	yes	yes	sui xie	314	16806	fragments [n.]	n. 擦去, 抹去, 削去, 刮擦声, 碎屑\na. 刮擦的, 吝啬的	yes
domesticity	恋家	n.	ecdict-only	tem8		yes	no	no	yes	no	yes	lian jia	313	19895	homesick [v.]	n. 专心于家务, 恋家, 家庭生活	yes
reclamation	教化	n.	ecdict-only	toefl		yes	no	no	yes	no	yes	jiao hua	311	19656	educate [v.] | civilize [v.]	n. 开垦, 教化\n[经] 经济上的复原再造	yes
glutamate	味精	n.	ecdict-only	ielts		yes	no	no	yes	yes	yes	wei jing	311	30542	msg [n.]	n. 谷氨酸盐, 味精, 谷氨酸脂\n[医] 谷氨酸盐	yes
harbinger	预兆	n.	ecdict-only	tem8		yes	no	no	yes	yes	yes	yu zhao	310	16191	omen [n.] | sign [n.]	n. 通告者, 预告者, 先驱, 预兆\nvt. 预告, 充做...的前驱	yes
reprimand	惩戒	n.	ecdict-only	tem8		yes	no	no	yes	no	yes	cheng jie	308	14849	punish [v.]	n. 谴责, 惩戒, 非难\nvt. 谴责, 惩戒, 严责	yes
reprimand	惩戒	v.	ecdict-only	tem8		yes	no	no	yes	yes	yes	cheng jie	308	14849	punish [v.]	n. 谴责, 惩戒, 非难\nvt. 谴责, 惩戒, 严责	yes
loans	借贷	n.	ecdict-only	ielts		yes	no	no	yes	no	yes	jie dai	308	999999	borrow [v.] | lend [v.]	n. 借贷；贷款（loan的复数形式）	yes
earnestness	诚挚	n.	ecdict-only	toefl		yes	no	no	yes	no	yes	cheng zhi	305	22724	sincere [adj.] | cordial [adj.]	n. 认真；诚挚；正经	yes
spurn	藐视	v.	ecdict-only	toefl		yes	no	no	yes	yes	yes	miao shi	304	15240	despise [v.]	n. 踢开, 拒斥\nvt. 踢开, 冷落, 践踏, 唾弃\nvi. 藐视, 摒弃	yes
noticeably	显而易见	adv.	ecdict-only	toefl		yes	no	no	yes	no	yes	xian er yi jian	302	11377	obvious [phr.]	adv. 显而易见, 值得注意, 重要, 显著	yes
rectification	整流	n.	ecdict-only	tem8		yes	no	no	yes	no	yes	zheng liu	302	30739	rectify [v.]	n. 改正, 矫正, 整流\n[化] 精馏	yes
histrionic	演剧	n.	ecdict-only	tem8		yes	no	no	yes	yes	yes	yan ju	300	29277	drama [n.] | theater [n.]	a. 演员的, 演剧的, 矫揉造作的\nn. 演员, 演剧, 戏剧性	yes
lubrication	润滑	n.	ecdict-only	toefl		yes	no	no	yes	no	yes	run hua	296	21226	lubricate [v.]	n. 润滑, 注油, 润滑作用\n[计] 润滑	yes
jeopardise	危及	v.	ecdict-only	ielts		yes	no	yes	yes	yes	yes	wei ji	295	999999	endanger [v.]	vt. 使受危险, 危及, 危害\n[法] 使受危害, 使陷入危险, 危及	yes
spurn	唾弃	v.	ecdict-only	toefl		yes	no	no	yes	yes	yes	tuo qi	291	15240	despise [v.]	n. 踢开, 拒斥\nvt. 踢开, 冷落, 践踏, 唾弃\nvi. 藐视, 摒弃	yes
lightness	轻浮	n.	ecdict-only	toefl		yes	no	no	yes	no	yes	qing fu	288	16295	frivolous [adj.]	n. 光亮度, (颜色的)浅淡, 轻率, 轻佻, 轻浮, 轻盈, 轻松, 轻巧, 精巧, 优美\n[计] 亮度	yes
modulation	语调	n.	ecdict-only	toefl		yes	no	no	yes	yes	yes	yu diao	287	19940	tone [n.]	n. 调制, 调节, 语调\n[计] 调制	yes
oration	致辞	n.	ecdict-only	toefl		yes	no	no	yes	no	yes	zhi ci	286	22627	address [v.] | speech [v.]	n. 演说, 致辞, 引语	yes
contacts	联系人	n.	ecdict-only	ielts		yes	no	no	yes	yes	yes	lian xi ren	286	999999	contact [n.]	n. 联系人；联络方式；触体（contact的复数形式）	yes
bluster	汹涌	v.	ecdict-only	toefl		yes	no	no	yes	no	yes	xiong yong	285	21394	turbulent [adj.]	vt. 风狂吹, 咆哮, 汹涌\nvi. 咆哮着说出, 恐吓\nn. 狂风声, 巨浪声, 夸口, 大话	yes
bingo	烈酒	n.	ecdict-only	tem8		yes	no	no	yes	yes	yes	lie jiu	284	15245	liquor [n.]	n. 宾戈(一种赌博游戏), 烈酒	yes
detraction	毁损	n.	ecdict-only	toefl		yes	no	no	yes	no	yes	hui sun	284	999999	damage [v.]	n. 转移, 缩小, 减损, 贬低, 毁损	yes
wiggle	摆动	v.	ecdict-only	tem8		yes	no	no	yes	yes	yes	bai dong	283	10667	swing [v.] | sway [v.]	v. 扭动着行进, 摆动\nn. 扭动, 摆动	yes
wiggle	摆动	n.	ecdict-only	tem8		yes	no	no	yes	no	yes	bai dong	283	10667	swing [v.] | sway [v.]	v. 扭动着行进, 摆动\nn. 扭动, 摆动	yes
sensationalism	哗众取宠	n.	ecdict-only	toefl		yes	no	no	yes	no	yes	hua zhong qu chong	283	23607	grandstand [phr.]	n. 故意使用的煽情手段, 耸人听闻的题材, 耸人听闻的手法, 危言耸听, 哗众取宠	yes
hits	击打	n.	ecdict-only	ielts		yes	no	no	yes	no	yes	ji da	283	999999	strike [v.]	n. 击打；网页点击数；采样数（hit的复数）	yes
watcher	哨兵	n.	ecdict-only	toefl		yes	no	no	yes	yes	yes	shao bing	282	8888	sentry [n.] | guard [n.]	n. 看守人, 守望者, 哨兵	yes
richness	肥沃	n.	ecdict-only	toefl		yes	no	no	yes	no	yes	fei wo	281	9253	fertile [adj.]	n. 富裕, 丰富, 肥沃	yes
fecundity	肥沃	n.	ecdict-only	toefl		yes	no	no	yes	no	yes	fei wo	281	22711	fertile [adj.]	n. 多产, 丰饶, 肥沃, 繁殖力\n[医] 生殖能, 生殖力	yes
peal	钟声	n.	ecdict-only	toefl		yes	no	no	yes	yes	yes	zhong sheng	281	24513	bell [n.]	n. 响亮持久的声音, 钟声\nvt. 使鸣响, 大声发出\nvi. 大声鸣响, 震响	yes
stave	敲打	v.	ecdict-only	toefl		yes	no	no	yes	yes	yes	qiao da	280	13673	beat [v.] | knock [v.]	n. 狭板, 梯级, 棍棒, 诗句\nvt. 击穿, 弄破, 敲打, 赶走\nvi. 穿孔, 破碎	yes
sill	基石	n.	ecdict-only	toefl		yes	no	no	yes	yes	yes	ji shi	279	12120	cornerstone [n.] | foundation [n.]	n. 基石, 槛, 窗台, 岩床, 海底山脊, 梁	yes
fanaticism	入迷	n.	ecdict-only	toefl		yes	no	no	yes	no	yes	ru mi	279	18972	be fascinated [v.]	n. 狂热, 入迷	yes
hoot	叫嚣	n.	ecdict-only	tem8		yes	no	no	yes	no	yes	jiao xiao	277	15192	clamor [v.]	n. 叫嚣, 嘲骂声, 鸣响\nvi. 大声叫嚣, 鸣响, 猫头鹰叫\nvt. 呵斥, 轰赶	yes
progressively	渐进	adv.	ecdict-only	toefl		yes	no	no	yes	no	yes	jian jin	274	10474	gradually advance [v.]	adv. 进步, 先进, 向前进, 不断前进, 累进, 渐进, 逐渐, 渐次, 主张进步, 进行性	yes
recycled	再利用	v.	ecdict-only	ielts		yes	no	no	yes	yes	yes	zai li yong	273	8880	reuse [v.] | recycle [v.]	v. 回收利用( recycle的过去式和过去分词 ); 再利用; 再次应用; 重新使用（概念、方法、玩笑等）	yes
seduction	诱饵	n.	ecdict-only	tem8		yes	no	no	yes	yes	yes	you er	273	12359	bait [n.]	n. 教唆, 怂恿, 诱惑, 诱惑物, 诱饵\n[法] 诱奸, 勾引, 引诱	yes
mechanically	无意识	adv.	ecdict-only	toefl		yes	no	no	yes	no	yes	wu yi shi	273	13921	unconscious [adj.]	adv. 机械, 用机械, 机械学, 物理, 力学, 呆板, 无意识, 手工操作, 技工	yes
litre	公升	n.	ecdict-only	tem8		yes	no	no	yes	no	yes	gong sheng	273	999999	liter [m.]	n. 升, 公升\n[计] 升	yes
shortness	短小	n.	ecdict-only	toefl		yes	no	no	yes	no	yes	duan xiao	270	19017	short and small [adj.]	n. 短小, 简略, 不足\n[化] 脆性; 蓝脆性; 冷脆性	yes
lightness	轻巧	n.	ecdict-only	toefl		yes	no	no	yes	no	yes	qing qiao	269	16295	light [adj.] | handy [adj.]	n. 光亮度, (颜色的)浅淡, 轻率, 轻佻, 轻浮, 轻盈, 轻松, 轻巧, 精巧, 优美\n[计] 亮度	yes
weft	织物	n.	ecdict-only	toefl		yes	no	no	yes	yes	yes	zhi wu	266	27753	fabric [n.] | textile [n.]	n. 织物, 狭长求救信号旗, 求救信号	yes
leach	萃取	v.	ecdict-only	toefl		yes	no	no	yes	yes	yes	cui qu	265	14435	extract [v.]	vt. 过滤, 萃取\nvi. 滤掉\nn. 过滤, 过滤器, 沥出物	yes
comity	礼让	n.	ecdict-only	toefl		yes	no	no	yes	no	yes	li rang	265	27885	yield [v.] | give way [v.]	n. 礼貌, 礼让\n[法] 礼让, 友谊	yes
hoarding	囤积	n.	ecdict-only	tem8		yes	no	no	yes	no	yes	tun ji	264	30749	hoard [v.]	n. 贮藏, 积蓄, 囤积, 临时围墙\n[经] 囤积	yes
starting	开动	n.	ecdict-only	ielts		yes	no	no	yes	no	yes	kai dong	263	3899	start [v.]	n. 开端, 开始, 出发, 起动, 开动\n[机] 开动, 起动	yes
actuate	开动	v.	ecdict-only	toefl		yes	no	no	yes	yes	yes	kai dong	263	29241	start [v.]	vt. 开动, 驱使, 激励	yes
histrionic	戏剧性	n.	ecdict-only	tem8		yes	no	no	yes	yes	yes	xi ju xing	263	29277	dramatic [n.]	a. 演员的, 演剧的, 矫揉造作的\nn. 演员, 演剧, 戏剧性	yes
exemption	免税	n.	ecdict-only	toefl		yes	no	no	yes	no	yes	mian shui	262	7116	duty-free [v.] | tax-free [v.]	n. 解除, 免除, 免税\n[化] 免检	yes
credence	凭证	n.	ecdict-only	toefl		yes	no	no	yes	yes	yes	ping zheng	261	14310	certificate [n.]	n. 信任, 祭器台, 供桌, 凭证\n[法] 设计人, 创立人, 创设人	yes
partiality	偏颇	n.	ecdict-only	tem8		yes	no	no	yes	no	yes	pian po	261	29852	biased [adj.]	n. 偏心, 偏颇, 不公平, 特别喜欢, 癖好\n[法] 偏袒, 偏见, 不公平	yes
suspending	停赛	n.	ecdict-only	tem4		yes	no	no	yes	no	yes	ting sai	259	999999	suspend [v.]	n. 停赛, 悬置；悬浮	yes
lions	雄狮	n.	ecdict-only	ielts		yes	no	no	yes	yes	yes	xiong shi	258	999999	male lion [n.]	n. 腰角；雄狮；狮子（lion的复数）	yes
contravene	抵触	v.	ecdict-only	toefl		yes	no	yes	yes	yes	yes	di chu	255	24626	conflict [v.]	vt. 违反, 触犯, 否认, 反驳, 抵触, 与...冲突\n[法] 触法, 违反, 否定	yes
postmortem	验尸	n.	ecdict-only	ielts		yes	no	no	yes	no	yes	yan shi	255	999999	autopsy [v.]	a. 死后的, 事后的\nn. 尸体检查, 验尸	yes
resuscitation	复生	n.	ecdict-only	tem8		yes	no	no	yes	no	yes	fu sheng	253	20336	revive [v.] | resurrect [v.]	n. 复生, 复兴\n[医] 复苏[术], 回生	yes
fluster	慌乱	n.	ecdict-only	toefl		yes	no	no	yes	no	yes	huang luan	253	20669	flustered [adj.]	n. 慌乱, 激动, 紧张不安\nvt. 使紧张, 使慌张, 使激动\nvi. 慌乱	yes
fluster	慌乱	v.	ecdict-only	toefl		yes	no	no	yes	no	yes	huang luan	253	20669	flustered [adj.]	n. 慌乱, 激动, 紧张不安\nvt. 使紧张, 使慌张, 使激动\nvi. 慌乱	yes
folkway	民风	n.	ecdict-only	toefl		yes	no	no	yes	yes	yes	min feng	253	999999	folk custom [n.]	n. 习惯, 民风, 未开化的习俗	yes
paradoxically	自相矛盾	adv.	ecdict-only	toefl		yes	no	no	yes	no	yes	zi xiang mao dun	249	10558	contradictory [phr.]	adv. 反论, 荒谬, 自相矛盾, 似非而可能是	yes
seclusion	隐退	n.	ecdict-only	toefl		yes	no	no	yes	no	yes	yin tui	248	16579	retire [v.]	n. 隔离, 隐退	yes
periodically	间歇	adv.	ecdict-only	ielts		yes	no	no	yes	no	yes	jian xie	246	7046	intermittence [n.]	adv. 定期, 循环, 间歇, 周期, 定期刊行, 期刊	yes
nip	刺骨	v.	ecdict-only	tem8		yes	no	no	yes	no	yes	ci gu	246	13918	piercing [adj.]	n. 捏, 夹, 寒冷, 尖刻话\nvt. 捏, 夹, 钳, 剪断, 损伤, 冻伤, 一小口\nvi. 夹, 捏, 刺骨, 快走, 一小口一小口地抿(酒)\n[计] 核心程序的初始程序	yes
outgrowth	分枝	n.	ecdict-only	toefl		yes	no	yes	yes	yes	yes	fen zhi	246	16635	branch [n.]	n. 自然的发展, 结果, 副产物, 分枝\n[医] 赘疣	yes
guzzle	暴食	v.	ecdict-only	ielts		yes	no	no	yes	no	yes	bao shi	245	21455	gluttony [n.]	v. 狂饮, 暴食, 喝酒化掉(钱)	yes
pelt	拍打	v.	ecdict-only	toefl		yes	no	no	yes	yes	yes	pai da	244	15181	pat [v.] | beat [v.]	n. 投掷, 打击, 快速, 毛皮\nvt. 剥...的皮, 连续投掷, 攻击, 抨击, 拍打\nvi. 投击	yes
pulverise	研磨	v.	ecdict-only	ielts		yes	no	no	yes	yes	yes	yan mo	243	999999	grind [v.]	vt.vi. 使成粉末, 研磨, 把...压成粉末\nvt. (非正式)粉碎, 彻底打败, 彻底摧毁\nvi. 变成尘埃	yes
futility	无益	n.	ecdict-only	tem8		yes	no	no	yes	no	yes	wu yi	241	13526	useless [adj.]	n. 无用, 无益, 无价值	yes
intermingle	掺杂	v.	ecdict-only	tem8		yes	no	no	yes	yes	yes	chan za	241	22330	mix [v.] | adulterate [v.]	vi. 混入, 渗入, 掺杂\nvt. 使混合	yes
adulteration	掺杂	n.	ecdict-only	toefl		yes	no	no	yes	no	yes	chan za	241	41561	mix [v.] | adulterate [v.]	n. 掺杂, 掺假的东西\n[化] 掺杂; 掺加	yes
expunge	擦掉	v.	ecdict-only	tem8		yes	no	no	yes	yes	yes	ca diao	240	22036	wipe off [v.]	vt. 擦掉, 删掉, 除去	yes
barrenness	荒芜	n.	ecdict-only	toefl		yes	no	no	yes	no	yes	huang wu	240	30758	barren [adj.] | waste [adj.]	n. 贫瘠, 不妊, 不孕, 不生育, 不毛, 荒芜, 思想贫乏, 空洞, 无用, 无聊\n[医] 不育症, 不孕症	yes
trove	收藏品	n.	ecdict-only	toefl		yes	no	no	yes	yes	yes	shou cang pin	239	16489	collection [n.]	n. 发现物, 收藏品\n[法] 发现物, 收藏物	yes
stunt	绝技	n.	ecdict-only	toefl		yes	no	no	yes	yes	yes	jue ji	238	9106	unique skill [n.]	n. 特技, 绝技, 花招, 噱头, 手腕, 发育不良\nvt. 阻碍成长\nvi. 表演特技	yes
wobble	抖动	n.	ecdict-only	tem8		yes	no	no	yes	no	yes	dou dong	238	12620	shake [v.] | tremble [v.]	n. 摆动, 摇晃, 不稳定, 抖动\nvi. 摇晃, 摇摆, 游移不定\nvt. 使摇摆, 使颤动	yes
con	肺结核	n.	ecdict-only	tem8		yes	no	no	yes	yes	yes	fei jie he	236	5617	tuberculosis [n.]	vt. 精读, 仔细研究, 默记\nadv. 反面地, 从反面\na. 欺诈的\nn. 反对者, 反对票, 肺结核\n[计] 控制台	yes
rarefy	精炼	v.	ecdict-only	toefl		yes	no	no	yes	yes	yes	jing lian	236	34861	refine [v.]	vt. 使稀少, 使稀薄, 使纯化, 精炼\nvi. 变稀少, 变稀薄	yes
powerfully	强有力	adv.	ecdict-only	toefl		yes	no	no	yes	no	yes	qiang you li	234	10870	powerful [adj.] | strong [adj.]	adv. 强有力, 强大, 效力大, 有权威, 权力大, 有影响, 很多, 相当, 非常	yes
sear	凋谢	v.	ecdict-only	toefl		yes	no	no	yes	yes	yes	diao xie	233	14553	wither [v.] | fade [v.]	a. 枯萎的, 凋谢的\nvt. 烤焦, 使枯萎\nvi. 凋谢, 干枯	yes
intruding	侵扰	v.	ecdict-only	toefl		yes	no	no	yes	yes	yes	qin rao	233	37794	intrude [v.]	v. 侵入, 侵扰, 打扰( intrude的现在分词); 把…强加于	yes
contracts	行贿	n.	ecdict-only	ielts		yes	no	no	yes	no	yes	xing hui	233	999999	bribe [v.]	n. 契约( contract的名词复数 ); 婚约; [法律]契约法; 行贿	yes
huff	发怒	v.	ecdict-only	tem8		yes	no	no	yes	yes	yes	fa nu	231	14754	get angry [v.]	vt. 激怒, 发怒, 提高价格, 吹胀\nvi. 吹气, 恫吓, 发怒\nn. 发怒	yes
arraign	传讯	v.	ecdict-only	toefl		yes	no	no	yes	yes	yes	chuan xun	230	23132	summon [v.] | subpoena [v.]	vt. 提讯, 传讯, 责难\n[法] 传讯, 提审, 控告	yes
luxuriate	沉溺	v.	ecdict-only	tem8		yes	no	yes	yes	yes	yes	chen ni	230	25488	indulge [v.] | wallow [v.]	vi. 繁茂, 过奢侈生活, 沉溺	yes
superheat	过热	n.	ecdict-only	toefl		yes	no	no	yes	no	yes	guo re	230	999999	overheat [v.]	vt. 使过热\nn. 过热	yes
equestrian	骑手	n.	ecdict-only	toefl		yes	no	no	yes	yes	yes	qi shou	229	16564	rider [n.]	a. 骑术的, 马的, 骑在马背上的\nn. 骑手	yes
transfix	刺穿	v.	ecdict-only	toefl		yes	no	no	yes	yes	yes	ci chuan	226	13826	pierce [v.]	vt. 刺穿, 使呆住, 使固定\n[医] 贯穿, 刺通	yes
rocks	岩礁	n.	ecdict-only	ielts		yes	no	no	yes	yes	yes	yan jiao	226	999999	reef [n.]	n. 岩石, 岩礁；岩石礁石（rock复数形式）	yes
decoy	圈套	n.	ecdict-only	tem8		yes	no	no	yes	yes	yes	quan tao	225	10810	trap [n.] | snare [n.]	n. 圈套, 诱骗\nvt. 诱骗	yes
aspersion	洒水	n.	ecdict-only	toefl		yes	no	no	yes	no	yes	sa shui	225	27487	sprinkle water [v.]	n. 诽谤, 中伤, 洒水\n[医] 喷洒[法]	yes
restaurants	菜馆	n.	ecdict-only	ielts		yes	no	no	yes	yes	yes	cai guan	224	999999	restaurant [n.]	n. 饭店( restaurant的名词复数 ); 餐馆; 饭馆; 菜馆	yes
seduction	教唆	n.	ecdict-only	tem8		yes	no	no	yes	no	yes	jiao suo	223	12359	instigate [v.]	n. 教唆, 怂恿, 诱惑, 诱惑物, 诱饵\n[法] 诱奸, 勾引, 引诱	yes
checklist	名册	n.	ecdict-only	tem8		yes	no	no	yes	yes	yes	ming ce	222	9039	roster [n.] | register [n.]	n. 清单, (美)选举人名单, 名册, 目录册	yes
dependant	食客	n.	ecdict-only	tem8		yes	no	no	yes	yes	yes	shi ke	220	36947	diner [n.]	n. 家眷, 侍从, 食客\n[法] 受赡养人, 家庭负担	yes
extraordinarily	破例	adv.	ecdict-only	toefl		yes	no	no	yes	no	yes	po li	217	7314	make an exception [v.]	adv. 非凡, 破例, 特别, 非常, 离奇, 使人惊奇, 惊人, 特命, 特派	yes
tongs	钳子	n.	ecdict-only	tem8		yes	no	no	yes	yes	yes	qian zi	217	15320	pliers [n.]	n. 钳子, 夹具\n[医] 钳	yes
forceps	钳子	n.	ecdict-only	tem8		yes	no	no	yes	yes	yes	qian zi	217	24521	pliers [n.]	n. 镊子, 钳子, 钳子状器官\n[医] 钳, 镊, 钳状体	yes
singleton	独生子	n.	ecdict-only	toefl		yes	no	no	yes	yes	yes	du sheng zi	217	27692	only son [n.]	n. 一个, 独生子, 独身	yes
mobilise	松动	v.	ecdict-only	tem8		yes	no	no	yes	yes	yes	song dong	216	999999	loosen [v.] | relax [v.]	vi.vt. 动员, 松动, 使活动, 调动, 发动	yes
garner	谷仓	n.	ecdict-only	toefl		yes	no	no	yes	yes	yes	gu cang	214	11116	barn [n.]	n. 谷仓, 积蓄\nvt. 储存, 贮藏	yes
stave	棍棒	n.	ecdict-only	toefl		yes	no	no	yes	yes	yes	gun bang	213	13673	stick [n.]	n. 狭板, 梯级, 棍棒, 诗句\nvt. 击穿, 弄破, 敲打, 赶走\nvi. 穿孔, 破碎	yes
irreverence	不敬	n.	ecdict-only	toefl		yes	no	no	yes	no	yes	bu jing	212	25545	disrespectful [adj.]	n. 不敬, 非礼, 不敬行为	yes
dehydration	脱水	n.	ecdict-only	toefl		yes	no	no	yes	no	yes	tuo shui	210	14596	dehydrate [v.]	n. 脱水\n[化] 脱水; 脱水作用	yes
reek	水蒸气	n.	ecdict-only	toefl		yes	no	no	yes	yes	yes	shui zheng qi	209	14513	steam [n.]	n. 烟, 水蒸气, 臭气散发\nvi. 冒烟, 发臭气, 散发\nvt. 用烟熏, 散发	yes
infiltration	渗入	n.	ecdict-only	toefl		yes	no	no	yes	no	yes	shen ru	209	15498	permeate [v.]	n. 渗入, 渗透, 渗透物\n[化] 渗滤; 渗入过滤; 渗透; 渗入	yes
intermingle	渗入	v.	ecdict-only	tem8		yes	no	no	yes	yes	yes	shen ru	209	22330	permeate [v.]	vi. 混入, 渗入, 掺杂\nvt. 使混合	yes
loggerhead	笨蛋	n.	ecdict-only	toefl		yes	no	no	yes	yes	yes	ben dan	208	24758	fool [n.]	n. 傻瓜, 笨蛋	yes
revered	崇敬	v.	ecdict-only	toefl		yes	no	no	yes	yes	yes	chong jing	207	16641	revere [v.]	v. 崇敬, 尊崇, 敬畏（ revere的过去式和过去分词 ）\na. 可敬的, 尊敬的	yes
veneration	崇敬	n.	ecdict-only	toefl		yes	no	no	yes	no	yes	chong jing	207	21317	revere [v.]	n. 尊敬, 崇敬, 崇拜	yes
remembrance	致意	n.	ecdict-only	tem8		yes	no	no	yes	no	yes	zhi yi	205	10803	greet [v.] | salute [v.]	n. 回想, 记忆, 纪念品, 记忆力, 问候, 致意	yes
whack	重击	v.	ecdict-only	tem8		yes	no	no	yes	yes	yes	zhong ji	205	11376	hit hard [v.]	vt. 猛击, 重打, 削减\nvi. 重击\nn. 重击, 重打	yes
rave	狂暴	n.	ecdict-only	ielts		yes	no	no	yes	no	yes	kuang bao	205	11575	violent [adj.] | furious [adj.]	n. 狂吼, 狂暴\nv. 愤怒地说, 叫嚷, 咆哮	yes
smite	重击	n.	ecdict-only	toefl		yes	no	no	yes	no	yes	zhong ji	205	14488	hit hard [v.]	vt. 重击, 打, 击败, 毁灭, 侵袭, 打动\nvi. 重击, 打\nn. 重击, 打	yes
burnish	擦亮	v.	ecdict-only	toefl		yes	no	no	yes	yes	yes	ca liang	202	20422	polish [v.] | shine [v.]	vt. 擦亮, 打磨, 磨光\nvi. 磨光发亮\nn. 光辉, 光泽	yes
connivance	默许	n.	ecdict-only	toefl		yes	no	no	yes	no	yes	mo xu	200	33617	tacitly consent [v.]	n. 默许, 纵容\n[法] 纵容, 默许	yes
ardor	情欲	n.	ecdict-only	toefl		yes	no	no	yes	yes	yes	qing yu	199	20355	lust [n.] | passion [n.]	n. 热忱, 热情, 情欲, 激情, 灼热\n[医] 灼热; 热心	yes
unbalance	失衡	n.	ecdict-only	toefl		yes	no	no	yes	no	yes	shi heng	199	27553	imbalance [v.]	n. 失衡, 精神错乱\nvt. 使失去平衡, 使错乱	yes
chastise	责骂	v.	ecdict-only	tem8		yes	no	no	yes	yes	yes	ze ma	198	14398	scold [v.]	vt. 责骂, 惩罚\n[法] 责罚, 惩戒, 严惩	yes
upbraid	责骂	v.	ecdict-only	toefl		yes	no	no	yes	yes	yes	ze ma	198	29948	scold [v.]	vt. 谴责, 责骂, 申斥	yes
penury	拮据	n.	ecdict-only	toefl		yes	no	no	yes	no	yes	jie ju	198	32763	straitened [adj.]	n. 贫困, 贫穷, 拮据, 馈乏\n[法] 赤贫, 缺乏	yes
certificates	证明书	n.	ecdict-only	ielts		yes	no	no	yes	yes	yes	zheng ming shu	198	999999	certificate [n.]	n. 证明书, 执照( certificate的名词复数 )	yes
fatality	厄运	n.	ecdict-only	tem8		yes	no	no	yes	yes	yes	e yun	197	9771	misfortune [n.]	n. 不幸, 厄运, 致命性, 死亡者, 厄运, 天命	yes
spurn	摒弃	v.	ecdict-only	toefl		yes	no	no	yes	yes	yes	bing qi	197	15240	abandon [v.] | discard [v.]	n. 踢开, 拒斥\nvt. 踢开, 冷落, 践踏, 唾弃\nvi. 藐视, 摒弃	yes
aspersion	中伤	n.	ecdict-only	toefl		yes	no	no	yes	no	yes	zhong shang	196	27487	slander [v.]	n. 诽谤, 中伤, 洒水\n[医] 喷洒[法]	yes
traduce	中伤	v.	ecdict-only	toefl		yes	no	no	yes	yes	yes	zhong shang	196	999999	slander [v.]	vt. 诽谤, 中伤, 背叛\n[法] 诽谤, 中伤, 诋毁	yes
comport	相称	v.	ecdict-only	toefl		yes	no	no	yes	yes	yes	xiang chen	194	23213	match [v.] | be commensurate [v.]	vt. 举动, 表现\nvi. 相称, 适合	yes
clearing	清扫	n.	ecdict-only	toefl		yes	no	no	yes	no	yes	qing sao	193	8009	clean [v.] | sweep [v.]	n. 清扫, 空地, 票据清算\n[经] 票据交换, 结算, 结帐	yes
grazing	草场	n.	ecdict-only	toefl		yes	no	no	yes	yes	yes	cao chang	193	12892	grassland [n.]	n. 放牧, 牧草, 草场, 放牧法	yes
warming	鞭打	n.	ecdict-only	ielts		yes	no	no	yes	no	yes	bian da	192	5138	whip [v.] | flog [v.]	n. 暖和, 加温, 暖热, 温暖, (非正式)打, 鞭打	yes
welt	鞭打	v.	ecdict-only	toefl		yes	no	yes	yes	yes	yes	bian da	192	18754	whip [v.] | flog [v.]	n. 贴边, 鞭痕, 殴打\nvt. 加贴边, 鞭打	yes
barrenness	贫瘠	n.	ecdict-only	toefl		yes	no	no	yes	no	yes	pin ji	192	30758	barren [adj.]	n. 贫瘠, 不妊, 不孕, 不生育, 不毛, 荒芜, 思想贫乏, 空洞, 无用, 无聊\n[医] 不育症, 不孕症	yes
mingling	混进	v.	ecdict-only	toefl		yes	no	no	yes	yes	yes	hun jin	191	27453	sneak in [v.]	v. 混合, 混入( mingle的现在分词 ); 混进, 与…交往[联系]	yes
gambol	嬉戏	n.	ecdict-only	toefl		yes	no	no	yes	no	yes	xi xi	190	34837	play [v.]	n. 跳跃, 雀跃, 嬉戏\nvi. 跳跃, 雀跃, 耍闹	yes
photocopies	复印件	n.	ecdict-only	ielts		yes	no	no	yes	yes	yes	fu yin jian	190	999999	copy [n.]	n. 影印本( photocopy的名词复数 ); 复印件	yes
retrenchment	紧缩	n.	ecdict-only	ielts		yes	no	no	yes	no	yes	jin suo	186	22631	tighten [v.] | cut back [v.]	n. 紧缩, 节省, 删节\n[医] 赘余组织切除术	yes
progenitor	先辈	n.	ecdict-only	toefl		yes	no	no	yes	yes	yes	xian bei	185	19980	predecessor [n.]	n. 祖先, 先辈, 原本\n[医] 祖先, 祖代	yes
bylaw	细则	n.	ecdict-only	toefl		yes	no	no	yes	yes	yes	xi ze	185	20181	rules [n.] | regulations [n.]	n. 附则, 细则	yes
difficulties	难事	n.	ecdict-only	ielts		yes	no	no	yes	yes	yes	nan shi	184	999999	difficulty [n.]	n. 困难( difficulty的名词复数 ); 难度; 难事; 麻烦	yes
supplementation	补足	n.	ecdict-only	toefl		yes	no	no	yes	no	yes	bu zu	181	18020	supplement [v.] | make up [v.]	n. 增补, 补足, 补充	yes
apostasy	变节	n.	ecdict-only	toefl		yes	no	no	yes	no	yes	bian jie	181	27980	defect [v.]	n. 叛教, 变节, 脱党\n[法] 叛教, 背教, 脱党	yes
sobriety	庄重	n.	ecdict-only	tem8		yes	no	no	yes	no	yes	zhuang zhong	179	16615	solemn [adj.]	n. 节制饮酒, 戒酒, 节制, 一本正经, 庄重	yes
dram	微量	n.	ecdict-only	toefl		yes	no	no	yes	yes	yes	wei liang	178	23352	trace [n.] | micro [n.]	n. 打兰, 少量的酒(或饮料), 微量, 动态随机存取存储器\n[计] 动态RAM, 动态随机存储器	yes
watercraft	水性	n.	ecdict-only	toefl		yes	no	no	yes	yes	yes	shui xing	177	27559	swimming ability [n.]	n. 水性, 船舶, 驾船技术	yes
mechanically	技工	adv.	ecdict-only	toefl		yes	no	no	yes	no	yes	ji gong	176	13921	technician [n.]	adv. 机械, 用机械, 机械学, 物理, 力学, 呆板, 无意识, 手工操作, 技工	yes
revered	尊崇	v.	ecdict-only	toefl		yes	no	no	yes	yes	yes	zun chong	176	16641	revere [v.]	v. 崇敬, 尊崇, 敬畏（ revere的过去式和过去分词 ）\na. 可敬的, 尊敬的	yes
shortness	简略	n.	ecdict-only	toefl		yes	no	no	yes	no	yes	jian lve	176	19017	brief [adj.] | sketchy [adj.]	n. 短小, 简略, 不足\n[化] 脆性; 蓝脆性; 冷脆性	yes
impound	充公	v.	ecdict-only	tem8		yes	no	yes	yes	yes	yes	chong gong	176	23444	confiscate [v.]	vt. 关在栏中, 拘留, 充公\n[经] 扣押	yes
synchronise	校准	v.	ecdict-only	ielts		yes	no	no	yes	yes	yes	jiao zhun	173	999999	calibrate [v.]	vi. (使)同时发生, (使)整步, (使)同步, (使)同速进行\nvt. 使在时间上一致, 校准, 把钟表拨至相同的时间, 把...并列对照	yes
disquiet	打搅	v.	ecdict-only	toefl		yes	no	no	yes	yes	yes	da jiao	172	27148	disturb [v.]	vt. 打搅, 使烦恼, 使忧虑, 使不安\nn. 不安, 焦虑, 不平静	yes
strings	弦乐器	n.	ecdict-only	toefl		yes	no	no	yes	yes	yes	xian yue qi	171	999999	string instrument [n.]	n. 附带条件, 弦乐部分, 弦乐器	yes
ardor	热忱	n.	ecdict-only	toefl		yes	no	no	yes	yes	yes	re chen	170	20355	enthusiasm [n.]	n. 热忱, 热情, 情欲, 激情, 灼热\n[医] 灼热; 热心	yes
ardour	热忱	n.	ecdict-only	tem8		yes	no	no	yes	yes	yes	re chen	170	999999	enthusiasm [n.]	n. 热忱, 热情, 情欲, 激情, 灼热	yes
misconduct	通奸	n.	ecdict-only	tem8		yes	no	no	yes	no	yes	tong jian	168	8926	commit adultery [v.]	vt. 办错, 使行为不端\nn. 办错, 渎职, 通奸	yes
serenity	沉着	n.	ecdict-only	toefl		yes	no	no	yes	no	yes	chen zhuo	168	12707	calm [adj.]	n. 宁静, 沉着, 晴朗	yes
fornicate	通奸	v.	ecdict-only	tem8		yes	no	no	yes	yes	yes	tong jian	168	34820	commit adultery [v.]	vi. 通奸\n[医] 穹窿状的, 非法性交	yes
tribulation	困苦	n.	ecdict-only	toefl		yes	no	no	yes	no	yes	kun ku	166	17114	hardship [adj.]	n. 苦难, 困苦, 苦难的缘由	yes
grouch	闹脾气	v.	ecdict-only	tem8		yes	no	no	yes	yes	yes	nao pi qi	166	32378	sulk [v.] | be sulky [v.]	n. 脾气的发作, 坏脾气, 不高兴的人, 心怀不满\nvi. 闹脾气, 发牢骚	yes
watcher	守望者	n.	ecdict-only	toefl		yes	no	yes	yes	yes	yes	shou wang zhe	165	8888	watchman [n.]	n. 看守人, 守望者, 哨兵	yes
swelter	汗流浃背	v.	ecdict-only	toefl		yes	no	no	yes	no	yes	han liu jia bei	165	25284	sweating profusely [phr.]	vi. 闷热, 被暑气所苦, 汗流浃背\nvt. 使闷热, 使热得出汗\nn. 闷热	yes
remodel	改型	v.	ecdict-only	toefl		yes	no	no	yes	yes	yes	gai xing	161	11351	restyle [v.]	vt. 改造, 改型, 改变	yes
checks	支票	n.	ecdict-only	ielts		yes	no	no	yes	yes	yes	zhi piao	161	999999	check [n.]	n. 支票；格（check的复数形式）	yes
respectability	可敬	n.	ecdict-only	tem8		yes	no	no	yes	no	yes	ke jing	160	14970	respectable [adj.]	n. 可敬, 有社会地位, 高尚, 体面, 习俗	yes
snippet	摘录	n.	ecdict-only	toefl		yes	no	no	yes	no	yes	zhai lu	160	16367	excerpt [v.]	n. 小片, 片断, 摘录	yes
renegade	背弃	v.	ecdict-only	tem8		yes	no	no	yes	yes	yes	bei qi	159	13169	abandon [v.]	n. 背教者, 变节者, 脱党者\na. 背弃的, 脱离的, 叛徒的\nvi. 背叛, 背弃, 脱离	yes
victimise	欺压	v.	ecdict-only	ielts		yes	no	no	yes	yes	yes	qi ya	157	999999	bully [v.] | oppress [v.]	vt. 使牺牲, 迫害, 使受害, 欺骗, 欺压	yes
planting	苗圃	n.	ecdict-only	ielts		yes	no	no	yes	yes	yes	miao pu	156	7447	nursery [n.]	n. 种植, 栽培, 播种, 人工林, 花圃, 苗圃	yes
condenses	简述	v.	ecdict-only	toefl		yes	no	no	yes	yes	yes	jian shu	156	999999	summarize [v.]	v. 浓缩; （使）变稠或变浓, 浓缩( condense的第三人称单数 ); （使）凝结; 简说, 摘要, 简述	yes
prizes	珍视	v.	ecdict-only	ielts		yes	no	no	yes	yes	yes	zhen shi	156	999999	cherish [v.]	n. 奖赏( prize的名词复数 ); 值得竞争的东西; 难能可贵的事物; 难以争取的重要事物\nv. 珍视, 珍惜( prize的第三人称单数 )	yes
marginally	边际	adv.	ecdict-only	ielts		yes	no	no	yes	no	yes	bian ji	155	12390	margin [n.]	adv. 记在页边, 有旁注, 边缘, 边沿地区, 边际, 限界, 勉强够格, 无关紧要, 少量	yes
buttock	屁股	n.	ecdict-only	tem8		yes	no	no	yes	yes	yes	pi gu	154	999999	buttocks [n.]	n. 半边臀部, 屁股, 船尾突出部\nvt. 过背摔	yes
fervour	炽热	n.	ecdict-only	tem8		yes	no	no	yes	no	yes	chi re	154	999999	scorching [adj.] | blazing [adj.]	n. 炽热, 热诚, 热情, 热烈	yes
encampment	宿营	n.	ecdict-only	tem8		yes	no	no	yes	no	yes	su ying	153	15809	camp [v.]	n. 露营, 宿营	yes
tidbit	珍品	n.	ecdict-only	tem8		yes	no	no	yes	yes	yes	zhen pin	153	16444	treasure [n.]	n. 少量的美食, 珍馐, 珍品, 珍闻	yes
whiff	垂钓	v.	ecdict-only	tem8		yes	no	no	yes	yes	yes	chui diao	150	12029	fish [v.] | angle [v.]	n. 一吹, 一吸, 一阵, 一点点, 一口烟\nvi. 轻轻地吹, 喷气, 三击不中出局, 垂钓\nvt. 吹送, 喷出, 吸, 使三击不中出局	yes
gambol	雀跃	n.	ecdict-only	toefl		yes	no	no	yes	no	yes	que yue	149	34837	jump for joy [v.]	n. 跳跃, 雀跃, 嬉戏\nvi. 跳跃, 雀跃, 耍闹	yes
gambol	雀跃	v.	ecdict-only	toefl		yes	no	no	yes	yes	yes	que yue	149	34837	jump for joy [v.]	n. 跳跃, 雀跃, 嬉戏\nvi. 跳跃, 雀跃, 耍闹	yes
charges	手续费	n.	ecdict-only	ielts		yes	no	no	yes	yes	yes	shou xu fei	149	999999	fee [n.] | commission [n.]	n. 费用；手续费；运费	yes
kickoff	肇始	n.	ecdict-only	tem8		yes	no	no	yes	no	yes	zhao shi	147	12229	initiate [v.]	n. 开球, 开始, 肇始	yes
peasants	佃农	n.	ecdict-only	ielts		yes	no	no	yes	yes	yes	dian nong	147	999999	tenant farmer [n.]	n. 农民( peasant的名词复数 ); 农夫; 佃农; 粗俗的人	yes
misconduct	渎职	n.	ecdict-only	tem8		yes	no	no	yes	yes	yes	du zhi	145	8926	dereliction of duty [n.]	vt. 办错, 使行为不端\nn. 办错, 渎职, 通奸	yes
idiocy	白痴	n.	ecdict-only	toefl		yes	no	no	yes	yes	yes	bai chi	145	23256	idiot [n.]	n. 白痴, 极端愚蠢\n[医] 白痴	yes
verdure	翠绿	n.	ecdict-only	tem8		yes	no	no	yes	no	yes	cui lv	145	40395	emerald green [adj.]	n. 翠绿, 新绿, 碧绿, 精力旺盛, 新鲜	yes
jeopardy	危难	n.	ecdict-only	toefl		yes	no	no	yes	yes	yes	wei nan	142	8398	danger [n.] | distress [n.]	n. 危难, 危险\n[法] 危险, 危难, 危险处境	yes
preventative	预防措施	n.	ecdict-only	ielts		yes	no	no	yes	yes	yes	yu fang cuo shi	142	18878	preventive measure [n.]	a. 预防的, 防止的\nn. 预防法, 预防措施, 预防物, 预防药	yes
vicissitude	变化无常	n.	ecdict-only	toefl		yes	no	no	yes	no	yes	bian hua wu chang	141	21864	changeable [phr.]	n. 变化无常, 变迁, 荣枯, 盛衰	yes
stave	击穿	v.	ecdict-only	toefl		yes	no	no	yes	yes	yes	ji chuan	140	13673	puncture [v.] | breakdown [v.]	n. 狭板, 梯级, 棍棒, 诗句\nvt. 击穿, 弄破, 敲打, 赶走\nvi. 穿孔, 破碎	yes
lifesaver	救生员	n.	ecdict-only	toefl		yes	no	yes	yes	yes	yes	jiu sheng yuan	140	22409	lifeguard [n.]	n. 救命者, 救生员, 济急的人	yes
works	善行	n.	ecdict-only	tem8		yes	no	no	yes	yes	yes	shan xing	137	1637	good deed [n.]	n. 工程, 工厂, 工事, 活动部件, 机件, 著作, 作品, 善行, 德行\n[机] 工厂, 工场	yes
placate	抚慰	v.	ecdict-only	toefl		yes	no	no	yes	yes	yes	fu wei	137	16057	comfort [v.]	vt. 抚慰, 平息, 使和解, 怀柔	yes
ennui	倦怠	n.	ecdict-only	toefl		yes	no	no	yes	yes	yes	juan dai	136	24297	fatigue [n.] | lassitude [n.]	n. 倦怠, 厌倦\n[医] 厌倦	yes
ken	见地	n.	ecdict-only	toefl		yes	no	no	yes	yes	yes	jian di	136	999999	insight [n.]	n. 视野范围, 知识范围, 见地	yes
obtrude	逼使	v.	ecdict-only	toefl		yes	no	no	yes	yes	yes	bi shi	134	40698	force [v.]	vt. 逼使, 强迫, 伸出\nvi. 打扰, 强行闯入	yes
exculpate	开脱	v.	ecdict-only	toefl		yes	no	yes	yes	yes	yes	kai tuo	133	39121	absolve [v.] | exonerate [v.]	vt. 使无罪, 开脱\n[法] 使无罪, 申辩无罪, 辩解	yes
contemplation	盘算	n.	ecdict-only	tem8		yes	no	no	yes	no	yes	pan suan	129	11236	calculate [v.] | plan [v.]	n. 注视, 沉思, 盘算\n[法] 默察, 意图, 期待	yes
mourning	丧服	n.	ecdict-only	toefl		yes	no	no	yes	yes	yes	sang fu	127	9222	mourning dress [n.]	n. 哀痛, 居丧, 举哀, 哀悼, 丧服, 戴孝	yes
travesty	嘲弄	n.	ecdict-only	toefl		yes	no	no	yes	no	yes	chao nong	124	18038	mock [v.] | ridicule [v.]	n. 拙劣的模仿作品, 嘲弄, 滑稽模仿\nvt. 滑稽地模仿, 歪曲	yes
waggle	摇动	n.	ecdict-only	toefl		yes	no	no	yes	no	yes	yao dong	124	22756	shake [v.]	v. (使)不停地来回摇动, 摇摆\nn. 摇动, 摇摆	yes
tine	尖头	n.	ecdict-only	toefl		yes	no	no	yes	yes	yes	jian tou	124	30332	pointed head [n.]	n. 齿, 尖头	yes
outcrop	露头	n.	ecdict-only	toefl		yes	no	no	yes	no	yes	lu tou	123	19248	appear [v.]	n. 露出, 露头, 爆发\nvi. 露出地表, 出现	yes
visually	栩栩如生	adv.	ecdict-only	toefl		yes	no	no	yes	no	yes	xu xu ru sheng	122	6319	lifelike [phr.]	adv. 看, 视力, 视觉, 可见, 凭视力, 看到, 看得见, 光学, 形象化, 栩栩如生	yes
ardor	灼热	n.	ecdict-only	toefl		yes	no	no	yes	no	yes	zhuo re	121	20355	scorching [adj.]	n. 热忱, 热情, 情欲, 激情, 灼热\n[医] 灼热; 热心	yes
lightness	精巧	n.	ecdict-only	toefl		yes	no	no	yes	no	yes	jing qiao	120	16295	exquisite [adj.]	n. 光亮度, (颜色的)浅淡, 轻率, 轻佻, 轻浮, 轻盈, 轻松, 轻巧, 精巧, 优美\n[计] 亮度	yes
lightness	轻率	n.	ecdict-only	toefl		yes	no	no	yes	no	yes	qing shuai	120	16295	rash [adj.]	n. 光亮度, (颜色的)浅淡, 轻率, 轻佻, 轻浮, 轻盈, 轻松, 轻巧, 精巧, 优美\n[计] 亮度	yes
conscientiously	诚心诚意	adv.	ecdict-only	tem8		yes	no	no	yes	no	yes	cheng xin cheng yi	120	24805	sincerely [phr.]	adv. 认真, 凭良心做, 尽心尽责, 谨慎, 诚心诚意	yes
stave	梯级	n.	ecdict-only	toefl		yes	no	yes	yes	yes	yes	ti ji	118	13673	step [n.] | rung [n.]	n. 狭板, 梯级, 棍棒, 诗句\nvt. 击穿, 弄破, 敲打, 赶走\nvi. 穿孔, 破碎	yes
telltale	指示器	n.	ecdict-only	toefl		yes	no	no	no	new-key	yes	zhi shi qi	116	13046		n. 搬弄是非者, 迹象, 指示器\na. 搬弄是非的, 泄露秘密的, 报警的	yes
slog	跋涉	n.	ecdict-only	toefl		yes	no	no	yes	no	yes	ba she	116	16121	trek [v.]	n. 猛击, 苦干, 跋涉\nv. 猛击, 苦干	yes
whoop	叫喊	v.	ecdict-only	tem8		yes	no	no	yes	yes	yes	jiao han	116	17648	shout [v.] | yell [v.]	n. 大叫, 呐喊, 一点点\nvi. 叫喊, 鸣叫\nvt. 高声说, 唤起	yes
garner	贮藏	v.	ecdict-only	toefl		yes	no	no	yes	yes	yes	zhu cang	114	11116	store [v.] | preserve [v.]	n. 谷仓, 积蓄\nvt. 储存, 贮藏	yes
beau	情郎	n.	ecdict-only	toefl		yes	no	no	yes	yes	yes	qing lang	112	15030	lover [n.]	n. 花花公子, 情郎, 求爱者	yes
forceps	镊子	n.	ecdict-only	tem8		yes	no	no	yes	yes	yes	nie zi	112	24521	tweezers [n.]	n. 镊子, 钳子, 钳子状器官\n[医] 钳, 镊, 钳状体	yes
diffidence	畏缩	n.	ecdict-only	tem8		yes	no	no	yes	no	yes	wei suo	112	30642	flinch [v.] | cower [v.]	n. 无自信, 畏缩, 羞怯	yes
boggle	搪塞	v.	ecdict-only	tem8		yes	no	no	yes	yes	yes	tang se	111	21558	stall [v.] | fob off [v.]	vi. 犹豫, 踌躇, 吃惊, 搪塞\nvt. 搞坏\nn. 犹豫, 吃惊	yes
storehouse	宝库	n.	ecdict-only	ielts		yes	no	no	yes	yes	yes	bao ku	110	19327	treasure house [n.]	n. 仓库, 储藏所, 宝库\n[机] 库房, 贮藏库, 仓库	yes
regimentation	系统化	n.	ecdict-only	toefl		yes	no	no	yes	no	yes	xi tong hua	110	31949	systematize [v.]	n. 团的编制, 系统化, 严格控制\n[法] 组成, 编组, 统制	yes
concessions	减价	n.	ecdict-only	ielts		yes	no	no	yes	no	yes	jian jia	109	999999	reduce price [v.]	n. （尤指由政府或雇主给予的）特许权( concession的名词复数 ); 承认; 减价; （在某地的）特许经营权	yes
diseases	病害	n.	ecdict-only	ielts		yes	no	no	yes	yes	yes	bing hai	109	999999	plant disease [n.]	n. 病害；疾病；疾病种类；病（disease的复数）	yes
dope	麻痹	v.	ecdict-only	tem8		yes	no	no	yes	yes	yes	ma bi	107	10180	paralyze [v.]	n. 吸毒者, 笨蛋, 麻醉药物, 粘稠物\nvt. 麻痹, 上涂料, 预测出\nvi. 吸毒	yes
marginally	限界	adv.	ecdict-only	ielts		yes	no	no	yes	no	yes	xian jie	107	12390	limit [n.]	adv. 记在页边, 有旁注, 边缘, 边沿地区, 边际, 限界, 勉强够格, 无关紧要, 少量	yes
incredulity	疑心	n.	ecdict-only	toefl		yes	no	no	yes	yes	yes	yi xin	107	22402	suspicion [n.]	n. 不轻信, 怀疑, 疑心	yes
options	期权	n.	ecdict-only	ielts		yes	no	no	yes	yes	yes	qi quan	107	999999	option [n.]	n. 选择；期权；选择项（option的复数）	yes
rant	痛骂	v.	ecdict-only	toefl		yes	no	no	yes	yes	yes	tong ma	106	16081	scold severely [v.]	v. 咆哮, 痛骂\nn. 咆哮, 大话	yes
stigmatize	诬蔑	v.	ecdict-only	tem8		yes	no	no	yes	yes	yes	wu mie	105	16222	slander [v.]	vt. 打烙印, 诬蔑	yes
priorities	优先权	n.	ecdict-only	ielts		yes	no	no	yes	yes	yes	you xian quan	105	999999	priority [n.]	n. 先( priority的名词复数 ); 优先; 优先权; 优先考虑的事	yes
grazing	牧草	n.	ecdict-only	toefl		yes	no	no	yes	yes	yes	mu cao	104	12892	pasture [n.] | grass [n.]	n. 放牧, 牧草, 草场, 放牧法	yes
outgrowth	副产物	n.	ecdict-only	toefl		yes	no	no	yes	yes	yes	fu chan wu	103	16635	byproduct [n.]	n. 自然的发展, 结果, 副产物, 分枝\n[医] 赘疣	yes
articles	冠词	n.	ecdict-only	ielts		yes	no	no	yes	yes	yes	guan ci	103	999999	article [n.]	n. 文章；冠词；物品；条款（article的复数）	yes
footman	马夫	n.	ecdict-only	tem8		yes	no	no	yes	yes	yes	ma fu	102	23174	groom [n.]	n. 马夫, 仆役	yes
humbug	行骗	v.	ecdict-only	tem8		yes	no	no	yes	yes	yes	xing pian	102	27711	swindle [v.]	vt. 欺骗, 哄骗\nvi. 行骗\nn. 骗子, 欺骗, 欺诈	yes
irritant	刺激剂	n.	ecdict-only	tem8		yes	no	no	yes	yes	yes	ci ji ji	101	18052	stimulant [n.]	a. 刺激的, 刺激性的\nn. 刺激物, 刺激剂	yes
unbalance	精神错乱	n.	ecdict-only	toefl		yes	no	no	yes	yes	yes	jing shen cuo luan	101	27553	mental disorder [n.]	n. 失衡, 精神错乱\nvt. 使失去平衡, 使错乱	yes
pilferage	赃物	n.	ecdict-only	toefl		yes	no	no	yes	yes	yes	zang wu	101	999999	stolen goods [n.]	n. 小偷小摸, 偷窃, 赃物\n[经] 偷窃险, 脏物	yes
debauch	放荡	v.	ecdict-only	toefl		yes	no	no	yes	no	yes	fang dang	99	36457	dissolute [adj.]	vt. 使堕落\nvi. 放荡\nn. 放荡	yes
debauch	放荡	n.	ecdict-only	toefl		yes	no	no	yes	no	yes	fang dang	99	36457	dissolute [adj.]	vt. 使堕落\nvi. 放荡\nn. 放荡	yes
fervour	热诚	n.	ecdict-only	tem8		yes	no	no	yes	yes	yes	re cheng	99	999999	enthusiasm [n.] | zeal [n.]	n. 炽热, 热诚, 热情, 热烈	yes
slapdash	草率	n.	ecdict-only	toefl		yes	no	no	yes	no	yes	cao shuai	99	999999	careless [adj.]	n. 草率\na. 猛烈的, 粗心的	yes
planting	花圃	n.	ecdict-only	ielts		yes	no	no	yes	yes	yes	hua pu	98	7447	flower bed [n.]	n. 种植, 栽培, 播种, 人工林, 花圃, 苗圃	yes
grump	闹情绪	v.	ecdict-only	toefl		yes	no	no	yes	yes	yes	nao qing xu	98	41151	be sulky [v.]	n. 一阵坏脾气, 发火, 脾气坏的人\nvi. 闹情绪, 发牢骚	yes
caucasian	白种人	n.	ecdict-only	toefl		yes	no	no	yes	yes	yes	bai zhong ren	97	11617	white person [n.]	n. 高加索人, 白种人\na. 高加索的, 白种人的	yes
penthouse	耳房	n.	ecdict-only	tem8		yes	no	no	yes	yes	yes	er fang	97	14533	side room [n.]	n. 屋顶房间, 顶层公寓, 电梯机器房, 耳房	yes
loudness	高声	n.	ecdict-only	toefl		yes	no	no	yes	no	yes	gao sheng	97	26530	loudly [adv.]	n. 响度, 高声, 大声, 吵闹\n[电] 响度	yes
works	机件	n.	ecdict-only	tem8		yes	no	no	yes	yes	yes	ji jian	95	1637	parts [n.] | components [n.]	n. 工程, 工厂, 工事, 活动部件, 机件, 著作, 作品, 善行, 德行\n[机] 工厂, 工场	yes
embattled	布阵	v.	ecdict-only	tem8		yes	no	no	yes	yes	yes	bu zhen	95	16063	deploy [v.]	a. （与敌人或批评者）处于交战中的, 受围攻的; 严阵以待的\nv. 列阵(embattle的过去式和过去分词); 布阵; 严阵以待; 整军备战	yes
anesthesia	麻木	n.	ecdict-only	toefl		yes	no	no	yes	no	yes	ma mu	94	12058	numb [adj.]	n. 麻醉, 麻木\n[化] 麻醉; 失去知觉	yes
artistry	艺术性	n.	ecdict-only	toefl		yes	no	no	yes	yes	yes	yi shu xing	93	13683	artistic quality [n.]	n. 艺术性	yes
dominance	显性	n.	ecdict-only	toefl		yes	no	no	yes	no	yes	xian xing	91	6288	dominant [adj.] | explicit [adj.]	n. 优势, 显性, 统治, 控制, 支配\n[计] 控制, 扰势	yes
items	名目	n.	ecdict-only	ielts		yes	no	no	yes	yes	yes	ming mu	91	999999	name [n.] | item [n.]	n. 项目；名目；所有物品（item的复数形式）	yes
mourning	哀痛	n.	ecdict-only	toefl		yes	no	no	yes	no	yes	ai tong	90	9222	grievous [adj.]	n. 哀痛, 居丧, 举哀, 哀悼, 丧服, 戴孝	yes
agility	机敏	n.	ecdict-only	toefl		yes	no	no	yes	no	yes	ji min	90	14781	alert [adj.] | quick-witted [adj.]	n. 敏捷, 灵活, 机敏	yes
holdall	手提箱	n.	ecdict-only	tem8		yes	no	no	yes	yes	yes	shou ti xiang	89	999999	suitcase [n.]	n. 旅行手提包, 手提箱	yes
differently	各别	adv.	ecdict-only	toefl		yes	no	no	yes	no	yes	ge bie	88	3133	different [adj.] | separate [adj.]	adv. 差异, 不同, 各别, 各种	yes
opener	开具	n.	ecdict-only	tem8		yes	no	no	yes	no	yes	kai ju	88	7761	issue [v.]	n. 开...的人, 开局人, 开创人, 开具, 开启工具, 首项\n[经] 申请开证人	yes
freckled	雀斑	adj.	ecdict-only	tem8		yes	no	no	yes	no	yes	que ban	88	21936	freckle [n.]	a. 雀斑, 斑点, 晒斑, (使)生雀斑, (使)生斑点	yes
disaffection	不平	n.	ecdict-only	toefl		yes	no	no	yes	yes	yes	bu ping	88	23066	injustice [n.]	n. 不满, 不平, 背叛\n[法] 挑唆背判, 离判, 不满	yes
obloquy	毁谤	n.	ecdict-only	toefl		yes	no	no	yes	no	yes	hui bang	88	999999	slander [v.]	n. 辱骂, 毁谤, 耻辱	yes
retrenchment	删节	n.	ecdict-only	ielts		yes	no	no	yes	no	yes	shan jie	87	22631	abridge [v.]	n. 紧缩, 节省, 删节\n[医] 赘余组织切除术	yes
progressively	累进	adv.	ecdict-only	toefl		yes	no	no	yes	no	yes	lei jin	86	10474	progressive [v.]	adv. 进步, 先进, 向前进, 不断前进, 累进, 渐进, 逐渐, 渐次, 主张进步, 进行性	yes
kink	蜷缩	n.	ecdict-only	toefl		yes	no	no	yes	no	yes	quan suo	86	17053	curl up [v.]	n. 扭结, 蜷缩\nv. (使)扭结, (使)绞缠	yes
relict	未亡人	n.	ecdict-only	toefl		yes	no	no	yes	yes	yes	wei wang ren	85	37296	widow [n.]	n. 未亡人, 寡妇, 残余物, 残余\n[法] 寡妇, 生存者, 残存者	yes
hunting	探求	n.	ecdict-only	ielts		yes	no	no	yes	no	yes	tan qiu	84	2772	seek [v.] | pursue [v.]	n. 狩猎, 猎狐, 探求\n[计] 寻找平衡; 寻找	yes
glut	狼吞虎咽	v.	ecdict-only	toefl		yes	no	no	yes	no	yes	lang tun hu yan	84	16700	wolf down [phr.]	n. 大量, 供过于求\nvt. 使充满, 使吃饱, 过多供应\nvi. 吃得过多, 狼吞虎咽	yes
ineptitude	愚笨	n.	ecdict-only	tem8		yes	no	no	yes	no	yes	yu ben	83	20958	stupid [adj.]	n. 不适当, 愚笨, 愚昧言行\n[法] 不称职, 无能, 不适当	yes
fruitfulness	丰硕	n.	ecdict-only	toefl		yes	no	no	yes	no	yes	feng shuo	83	34018	plentiful [adj.]	n. 丰收, 丰硕；多实, 肥沃	yes
steering	掌舵	n.	ecdict-only	ielts		yes	no	no	yes	no	yes	zhang duo	82	6341	steer [v.]	n. 掌舵, 操纵, 指导	yes
hoot	呵斥	v.	ecdict-only	tem8		yes	no	no	yes	yes	yes	he chi	82	15192	scold [v.]	n. 叫嚣, 嘲骂声, 鸣响\nvi. 大声叫嚣, 鸣响, 猫头鹰叫\nvt. 呵斥, 轰赶	yes
demean	贬损	v.	ecdict-only	tem8		yes	no	no	yes	yes	yes	bian sun	82	17616	disparage [v.]	vt. 贬低身分, 贬损	yes
intercede	说情	v.	ecdict-only	toefl		yes	no	no	yes	yes	yes	shuo qing	82	18971	plead for [v.]	vi. 说情, 调解\n[法] 代为求情, 从中调停	yes
wad	填塞	v.	ecdict-only	toefl		yes	no	no	yes	yes	yes	tian se	81	11391	fill [v.]	n. 小软团, 小软块, 一卷, 填料, 大量\nvt. 揉成一团, 填塞	yes
prate	空谈	v.	ecdict-only	toefl		yes	no	no	yes	no	yes	kong tan	81	999999	empty talk [n.]	vi. 唠叨, 空谈\nvt. 瞎扯\nn. 唠叨, 空谈, 瞎扯	yes
prate	空谈	n.	ecdict-only	toefl		yes	no	no	yes	yes	yes	kong tan	81	999999	empty talk [n.]	vi. 唠叨, 空谈\nvt. 瞎扯\nn. 唠叨, 空谈, 瞎扯	yes
fecundity	丰饶	n.	ecdict-only	toefl		yes	no	no	yes	no	yes	feng rao	80	22711	fertile [adj.] | abundant [adj.]	n. 多产, 丰饶, 肥沃, 繁殖力\n[医] 生殖能, 生殖力	yes
tussle	论争	n.	ecdict-only	tem8		yes	no	no	yes	yes	yes	lun zheng	80	22830	controversy [n.]	n. 扭打, 争斗, 论争\nvi. 扭打, 打斗	yes
skimp	克扣	v.	ecdict-only	toefl		yes	no	no	yes	yes	yes	ke kou	79	21812	embezzle [v.]	vt. 少给, 克扣\nvi. 吝啬\na. 少的, 不足的	yes
remission	免罪	n.	ecdict-only	tem8		yes	no	no	yes	no	yes	mian zui	78	15046	exempt from punishment [v.]	n. 宽恕, 豁免, 免罪, 缓和, 减轻\n[医] 缓解, 弛张	yes
swimming	眩晕	n.	ecdict-only	ielts		yes	no	no	yes	yes	yes	xuan yun	77	4441	dizziness [n.]	n. 游泳, 眩晕	yes
packer	批发商	n.	ecdict-only	toefl		yes	no	no	yes	yes	yes	pi fa shang	77	21192	wholesaler [n.]	n. 包装工人, 罐头食品工人, 打包机, 搬家工人, 批发商, 罐头食品厂经理\n[化] 包装机; 打包机	yes
luxuriate	繁茂	v.	ecdict-only	tem8		yes	no	no	yes	no	yes	fan mao	77	25488	luxuriant [adj.]	vi. 繁茂, 过奢侈生活, 沉溺	yes
consternation	惊愕	n.	ecdict-only	toefl		yes	no	no	yes	no	yes	jing e	75	15994	astonished [adj.] | stunned [adj.]	n. 惊愕, 恐怖, 惊惶失措	yes
whoop	鸣叫	v.	ecdict-only	tem8		yes	no	no	yes	yes	yes	ming jiao	75	17648	chirp [v.]	n. 大叫, 呐喊, 一点点\nvi. 叫喊, 鸣叫\nvt. 高声说, 唤起	yes
snide	赝品	n.	ecdict-only	toefl		yes	no	no	yes	yes	yes	yan pin	75	22291	fake [n.]	n. 赝品, 假珠宝\na. 伪造的, 不诚实的, 卑鄙的, 险恶的	yes
senility	老迈	n.	ecdict-only	tem8		yes	no	no	yes	no	yes	lao mai	75	28232	old [adj.] | aged [adj.]	n. 高龄, 老迈, 老态龙钟\n[医] 衰老, 老年	yes
boggle	踌躇	v.	ecdict-only	tem8		yes	no	no	yes	yes	yes	chou chu	74	21558	hesitate [v.]	vi. 犹豫, 踌躇, 吃惊, 搪塞\nvt. 搞坏\nn. 犹豫, 吃惊	yes
apostasy	脱党	n.	ecdict-only	toefl		yes	no	no	yes	no	yes	tuo dang	74	27980	leave party [v.]	n. 叛教, 变节, 脱党\n[法] 叛教, 背教, 脱党	yes
vacillation	踌躇	n.	ecdict-only	toefl		yes	no	no	yes	no	yes	chou chu	74	30662	hesitate [v.]	n. 游移不定, 踌躇, 不果断	yes
simplification	简单化	n.	ecdict-only	toefl		yes	no	no	yes	no	yes	jian dan hua	73	18552	simplify [v.]	n. 单一化, 单纯化, 简单化	yes
burgess	自由民	n.	ecdict-only	toefl		yes	no	no	yes	yes	yes	zi you min	72	999999	freeman [n.]	n. (自治市的)市民, 自由民\n[法] 自治市公民, 市民	yes
grueling	痛打	n.	ecdict-only	tem8		yes	no	no	yes	no	yes	tong da	71	14218	beat severely [v.]	a. 折磨人的, 使人精疲力尽的\nn. 痛打, 惩罚	yes
hiding	痛打	n.	ecdict-only	tem8		yes	no	no	yes	no	yes	tong da	71	15875	beat severely [v.]	n. 隐匿, 隐藏之事, 隐匿之所, 痛打\n[法] 躲藏, 躲藏处	yes
slush	雪水	n.	ecdict-only	toefl		yes	no	no	yes	yes	yes	xue shui	71	18323	snow water [n.]	n. 烂泥, 雪水, 无聊的言情内容, 胡说八道\nvt. 溅湿, 灌泥浆于\nvi. 在雪泥(或泥浆)中走	yes
vagary	狂想	n.	ecdict-only	toefl		yes	no	no	yes	yes	yes	kuang xiang	71	999999	fantasy [n.]	n. 狂想, 奇特行为, 奇想	yes
arraign	提讯	v.	ecdict-only	toefl		yes	no	no	yes	yes	yes	ti xun	70	23132	interrogate [v.] | bring up for trial [v.]	vt. 提讯, 传讯, 责难\n[法] 传讯, 提审, 控告	yes
crystallized	具体化	v.	ecdict-only	toefl		yes	no	no	yes	yes	yes	ju ti hua	70	24739	embody [v.]	a. [医]结晶的, 使晶状的\nv. 使结晶( crystallize的过去式和过去分词); 计划成型, 具体化	yes
disarrange	搅乱	v.	ecdict-only	toefl		yes	no	no	yes	yes	yes	jiao luan	70	43686	disturb [v.] | disrupt [v.]	vt. 扰乱, 搅乱, 弄乱	yes
stagnation	淤塞	n.	ecdict-only	tem8		yes	no	no	yes	no	yes	yu se	69	14752	silt up [v.] | block [v.]	n. 淤塞, 停滞\n[医] 停滞, 滞留, 郁积	yes
straggle	散乱	v.	ecdict-only	tem8		yes	no	no	yes	no	yes	san luan	69	20279	scattered [adj.]	vi. 掉队, 落伍, 蔓延, 散乱\nn. 低空扫射	yes
niggle	玩忽	v.	ecdict-only	ielts		yes	no	no	yes	yes	yes	wan hu	69	999999	neglect [v.] | ignore [v.]	vi. 闲混, 为琐事费时, 吹毛求疵, 拘泥小节\nvt. 玩忽, 小气地给...	yes
nervousness	简练	n.	ecdict-only	tem4		yes	no	no	yes	no	yes	jian lian	68	13680	concise [adj.]	n. 神经, 神经元, 易激动, 紧张不安, 神经过敏, 神经质, 担忧, 害怕, 简练, 刚劲\n[医] 神经过敏	yes
skew	歪斜	n.	ecdict-only	ielts		yes	no	no	yes	no	yes	wai xie	66	12018	crooked [adj.]	a. 斜的, 歪的\nn. 歪斜, 偏态家庭关系\nvi. 歪斜, 侧转\nvt. 使歪斜, 曲解\n[计] 扭斜; 歪斜; 偏斜	yes
skew	歪斜	v.	ecdict-only	ielts		yes	no	no	yes	no	yes	wai xie	66	12018	crooked [adj.]	a. 斜的, 歪的\nn. 歪斜, 偏态家庭关系\nvi. 歪斜, 侧转\nvt. 使歪斜, 曲解\n[计] 扭斜; 歪斜; 偏斜	yes
slink	早产	v.	ecdict-only	tem8		yes	no	no	yes	yes	yes	zao chan	66	16685	premature birth [v.]	vi. 鬼鬼祟祟地走, (动物)早产\nvt. 早产\nn. 鬼鬼祟祟的人, 早产的动物\na. 早产的	yes
bigotry	盲从	n.	ecdict-only	toefl		yes	no	no	yes	no	yes	mang cong	65	12992	follow blindly [v.]	n. 盲从, 偏见, 偏执的行为(或态度)	yes
indolence	怠惰	n.	ecdict-only	tem4		yes	no	no	yes	no	yes	dai duo	65	29464	lazy [adj.]	n. 怠惰, 无痛\n[医] 无痛	yes
variously	杂色	adv.	ecdict-only	toefl		yes	no	no	yes	no	yes	za se	63	13051	variegation [n.]	adv. 各种各样, 种种, 不同, 多方面, 多才多艺, 许多, 各个, 个别, 杂色, 彩色	yes
credence	供桌	n.	ecdict-only	toefl		yes	no	no	yes	yes	yes	gong zhuo	63	14310	altar table [n.]	n. 信任, 祭器台, 供桌, 凭证\n[法] 设计人, 创立人, 创设人	yes
motley	杂色	n.	ecdict-only	tem8		yes	no	no	yes	yes	yes	za se	63	16138	variegation [n.]	a. 杂色的, 穿杂色衣的, 杂乱的, 混杂的\nn. 杂色, 杂色衣服, 混杂, 小丑	yes
lightness	轻佻	n.	ecdict-only	toefl		yes	no	no	yes	no	yes	qing tiao	63	16295	frivolous [adj.]	n. 光亮度, (颜色的)浅淡, 轻率, 轻佻, 轻浮, 轻盈, 轻松, 轻巧, 精巧, 优美\n[计] 亮度	yes
mottle	杂色	n.	ecdict-only	toefl		yes	no	no	yes	yes	yes	za se	63	42394	variegation [n.]	vt. 使呈杂色\nn. 杂色, 斑点	yes
arraign	责难	v.	ecdict-only	toefl		yes	no	no	yes	yes	yes	ze nan	62	23132	blame [v.] | censure [v.]	vt. 提讯, 传讯, 责难\n[法] 传讯, 提审, 控告	yes
unconcern	漫不经心	n.	ecdict-only	tem8		yes	no	no	yes	no	yes	man bu jing xin	62	37378	careless [adj.] | absent-minded [adj.]	n. 漫不经心, 不关心, 冷淡	yes
visitors	访问者	n.	ecdict-only	ielts		yes	no	no	yes	yes	yes	fang wen zhe	62	999999	visitor [n.]	n. 访问者, 游客（visitor 复数）	yes
embattled	严阵以待	v.	ecdict-only	tem8		yes	no	no	no	new-key	yes	yan zhen yi dai	61	16063		a. （与敌人或批评者）处于交战中的, 受围攻的; 严阵以待的\nv. 列阵(embattle的过去式和过去分词); 布阵; 严阵以待; 整军备战	yes
patronise	惠顾	v.	ecdict-only	tem8		yes	no	yes	yes	yes	yes	hui gu	61	999999	patronize [v.]	vt. 庇护, 资助, 赞助, 保护, 光顾, 惠顾, 对...以恩人自居	yes
rant	大话	n.	ecdict-only	toefl		yes	no	no	yes	yes	yes	da hua	60	16081	big talk [n.] | boast [n.]	v. 咆哮, 痛骂\nn. 咆哮, 大话	yes
bluster	大话	n.	ecdict-only	toefl		yes	no	no	yes	yes	yes	da hua	60	21394	big talk [n.] | boast [n.]	vt. 风狂吹, 咆哮, 汹涌\nvi. 咆哮着说出, 恐吓\nn. 狂风声, 巨浪声, 夸口, 大话	yes
tussle	扭打	n.	ecdict-only	tem8		yes	no	no	yes	no	yes	niu da	60	22830	wrestle [v.]	n. 扭打, 争斗, 论争\nvi. 扭打, 打斗	yes
tussle	扭打	v.	ecdict-only	tem8		yes	no	no	yes	yes	yes	niu da	60	22830	wrestle [v.]	n. 扭打, 争斗, 论争\nvi. 扭打, 打斗	yes
alms	救济金	n.	ecdict-only	tem8		yes	no	no	yes	yes	yes	jiu ji jin	59	23266	relief fund [n.]	n. 施舍, 救济金, 救济品	yes
prospecting	探矿	n.	ecdict-only	toefl		yes	no	no	yes	no	yes	tan kuang	59	37320	prospect [v.]	n. 探矿, 勘探	yes
harassment	烦扰	n.	ecdict-only	ielts		yes	no	no	yes	no	yes	fan rao	57	4591	bother [v.]	n. 困扰, 烦扰, 烦恼\n[法] 折磨, 骚扰, 侵扰	yes
fulfillment	称心	n.	ecdict-only	ielts		yes	no	no	yes	no	yes	chen xin	56	8717	satisfactory [adj.]	n. 履行, 结束, 完成, 实现, 满意, 称心	yes
mechanically	呆板	adv.	ecdict-only	toefl		yes	no	no	yes	no	yes	dai ban	56	13921	stiff [adj.] | dull [adj.]	adv. 机械, 用机械, 机械学, 物理, 力学, 呆板, 无意识, 手工操作, 技工	yes
huff	恫吓	v.	ecdict-only	tem8		yes	no	no	yes	yes	yes	dong he	56	14754	threaten [v.]	vt. 激怒, 发怒, 提高价格, 吹胀\nvi. 吹气, 恫吓, 发怒\nn. 发怒	yes
sensationalism	危言耸听	n.	ecdict-only	toefl		yes	no	no	yes	no	yes	wei yan song ting	56	23607	alarmist [phr.]	n. 故意使用的煽情手段, 耸人听闻的题材, 耸人听闻的手法, 危言耸听, 哗众取宠	yes
knell	凶兆	n.	ecdict-only	toefl		yes	no	no	yes	yes	yes	xiong zhao	56	24362	bad omen [n.]	n. 丧钟声, 哀伤的声音, 凶兆\nv. 鸣丧钟	yes
tardiness	迟延	n.	ecdict-only	toefl		yes	no	no	yes	no	yes	chi yan	56	24799	delay [v.]	n. 慢, 缓慢, 迟延	yes
fulfilment	称心	n.	ecdict-only	tem8		yes	no	no	yes	no	yes	chen xin	56	34001	satisfactory [adj.]	n. 履行, 结束, 完成, 实现, 满意, 称心\n[法] 履行, 实现, 完成	yes
requital	还礼	n.	ecdict-only	toefl		yes	no	no	yes	no	yes	huan li	56	999999	return a salute [v.]	n. 酬答, 还礼\n[法] 报答, 回报, 报复	yes
embellishment	润色	n.	ecdict-only	toefl		yes	no	no	yes	no	yes	run se	55	18280	polish [v.]	n. 装饰, 润色, 修饰	yes
mourning	居丧	n.	ecdict-only	toefl		yes	no	no	yes	no	yes	ju sang	52	9222	observe mourning [v.]	n. 哀痛, 居丧, 举哀, 哀悼, 丧服, 戴孝	yes
customarily	照例	adv.	ecdict-only	toefl		yes	no	no	yes	yes	yes	zhao li	52	19395	as usual [adv.]	adv. 照例, 通常, 习惯上	yes
threats	兆头	n.	ecdict-only	ielts		yes	no	no	yes	yes	yes	zhao tou	52	999999	omen [n.]	n. 威胁, 恐吓( threat的名词复数 ); 可能造成威胁的人[事, 想法]; 恶兆, 兆头	yes
shackle	桎梏	n.	ecdict-only	toefl		yes	no	no	yes	yes	yes	zhi gu	51	17357	fetters [n.] | shackles [n.]	n. 桎梏, 束缚物\nvt. 加枷锁, 束缚	yes
journeyman	雇工	n.	ecdict-only	toefl		yes	no	no	yes	yes	yes	gu gong	51	21657	hired worker [n.]	n. 雇工, 熟练工人, 短工	yes
overbalance	超量	n.	ecdict-only	toefl		yes	no	no	yes	no	yes	chao liang	51	46345	excess [adj.]	vt. 使倾覆, (重量、价值)超过, 使失去均衡, 跌倒\nvi. 失去平衡\nn. 超重, 超量, 失去平衡	yes
reports	报表	n.	ecdict-only	ielts		yes	no	no	yes	yes	yes	bao biao	51	999999	report form [n.]	n. 报表；专题；报告（report的复数）	yes
distantly	远隔	adv.	ecdict-only	toefl		yes	no	no	yes	no	yes	yuan ge	50	20966	remote [adj.]	adv. 远, 远隔, 久远, 疏远, 稀疏, 不紧密, 冷淡, 冷漠, 隐约	yes
pensioner	帮佣	n.	ecdict-only	tem8		yes	no	no	yes	yes	yes	bang yong	50	21916	domestic help [n.]	n. 领取抚恤金者, (英国剑桥大学的)自费生, 为金钱所收买的人, 帮佣\n[法] 领取退休金者, 领取抚恤金者	yes
interment	土葬	n.	ecdict-only	tem8		yes	no	no	yes	yes	yes	tu zang	50	29083	burial in the ground [n.]	n. 埋葬, 土葬\n[医] 埋葬	yes
glasswork	玻璃厂	n.	ecdict-only	toefl		yes	no	no	yes	yes	yes	bo li chang	50	999999	glass factory [n.]	n. 玻璃厂, 玻璃制品, 玻璃生产	yes
magnificence	富丽堂皇	n.	ecdict-only	toefl		yes	no	no	yes	no	yes	fu li tang huang	49	21679	magnificent [adj.]	n. 富丽堂皇, 华丽, 宏大	yes
personage	显要	n.	ecdict-only	tem8		yes	no	no	yes	no	yes	xian yao	48	19862	influential [adj.]	n. 重要人士, 显要, 名士, 人物, 角色	yes
glen	幽谷	n.	ecdict-only	toefl		yes	no	no	yes	yes	yes	you gu	48	20449	deep valley [n.]	n. 峡谷, 幽谷	yes
walking	步态	n.	ecdict-only	ielts		yes	no	no	yes	yes	yes	bu tai	46	3634	gait [n.]	n. 步行, 步态\na. 步行的, 步行用的	yes
altruism	利他	n.	ecdict-only	toefl		yes	no	no	yes	no	yes	li ta	46	15638	altruistic [adj.]	n. 利他主义, 利他	yes
exult	欢欣	v.	ecdict-only	tem8		yes	no	no	yes	no	yes	huan xin	46	20109	joyful [adj.]	vi. 非常高兴, 欢欣	yes
waster	次品	n.	ecdict-only	toefl		yes	no	no	yes	yes	yes	ci pin	46	39088	defective goods [n.]	n. 造成浪费的人, 造成损坏的人, 挥霍者, 浪子, 无用的人, 废品, 次品\n[化] 废物	yes
regimen	情态	n.	ecdict-only	toefl		yes	no	no	yes	yes	yes	qing tai	45	7909	state [n.] | mood [n.]	n. 养生法, 常规强化训练课, 体制, 情态\n[医] 制度, 生活制度	yes
warming	加温	n.	ecdict-only	ielts		yes	no	no	yes	no	yes	jia wen	44	5138	heat up [v.]	n. 暖和, 加温, 暖热, 温暖, (非正式)打, 鞭打	yes
stunt	花招	n.	ecdict-only	toefl		yes	no	no	yes	yes	yes	hua zhao	44	9106	trick [n.] | gimmick [n.]	n. 特技, 绝技, 花招, 噱头, 手腕, 发育不良\nvt. 阻碍成长\nvi. 表演特技	yes
looseness	漠然	n.	ecdict-only	toefl		yes	no	no	yes	no	yes	mo ran	43	28960	vague [adj.] | indifferent [adj.]	n. 松, 松弛, 漠然\n[医] 松驰	yes
barrenness	不毛	n.	ecdict-only	toefl		yes	no	no	yes	no	yes	bu mao	43	30758	barren [adj.]	n. 贫瘠, 不妊, 不孕, 不生育, 不毛, 荒芜, 思想贫乏, 空洞, 无用, 无聊\n[医] 不育症, 不孕症	yes
allegation	申辩	n.	ecdict-only	toefl		yes	no	no	yes	no	yes	shen bian	42	3516	defend [v.] | argue [v.]	n. 断言, 主张, 申辩\n[法] 声明, 事实陈述, 断言	yes
ideologically	思想体系	adv.	ecdict-only	toefl		yes	no	no	yes	no	yes	si xiang ti xi	42	13546	ideology [n.]	adv. 思想上, 思想体系, 意识形态, 观念形态	yes
centrifugal	离心机	n.	ecdict-only	tem8		yes	no	no	yes	yes	yes	li xin ji	42	18605	centrifuge [n.]	a. 离心的\nn. 离心机, (离心机的)转筒	yes
domineer	盛气凌人	v.	ecdict-only	tem8		yes	no	no	yes	no	yes	sheng qi ling ren	42	27198	arrogant [phr.] | overbearing [phr.]	vi. 跋扈, 作威作福\nvt. 盛气凌人	yes
plaint	悲叹	n.	ecdict-only	toefl		yes	no	no	yes	no	yes	bei tan	42	34066	lament [v.] | sigh [v.]	n. 悲叹, 感叹, 诉苦, 起诉, 抗议, 抱怨\n[法] 控告, 起诉, 告状	yes
progressively	渐次	adv.	ecdict-only	toefl		yes	no	no	yes	yes	yes	jian ci	41	10474	gradually [adv.]	adv. 进步, 先进, 向前进, 不断前进, 累进, 渐进, 逐渐, 渐次, 主张进步, 进行性	yes
herder	牧人	n.	ecdict-only	toefl		yes	no	no	yes	yes	yes	mu ren	41	18448	shepherd [n.]	n. 牧人, (美)(非正式)监狱看守\n[计] 首部, 首标, 标题, 头标, 报头, 管座, 端板	yes
wrangler	牧人	n.	ecdict-only	toefl		yes	no	no	yes	yes	yes	mu ren	41	21954	shepherd [n.]	n. 口角者, 争论者, 牧人	yes
footman	仆役	n.	ecdict-only	tem8		yes	no	no	yes	yes	yes	pu yi	41	23174	servant [n.]	n. 马夫, 仆役	yes
rancho	牧人	n.	ecdict-only	toefl		yes	no	no	yes	yes	yes	mu ren	41	27776	shepherd [n.]	n. 牧人, (农场工人住的)棚屋, 牧场	yes
vaporization	汽化	n.	ecdict-only	toefl		yes	no	no	yes	no	yes	qi hua	41	38270	vaporize [v.]	n. 蒸发, 汽化\n[化] 汽化	yes
detraction	减损	n.	ecdict-only	toefl		yes	no	no	yes	no	yes	jian sun	41	999999	reduce [v.] | diminish [v.]	n. 转移, 缩小, 减损, 贬低, 毁损	yes
slush	烂泥	n.	ecdict-only	toefl		yes	no	no	yes	yes	yes	lan ni	40	18323	mud [n.]	n. 烂泥, 雪水, 无聊的言情内容, 胡说八道\nvt. 溅湿, 灌泥浆于\nvi. 在雪泥(或泥浆)中走	yes
auspice	吉兆	n.	ecdict-only	toefl		yes	no	no	yes	yes	yes	ji zhao	39	12999	good omen [n.]	n. 吉兆, 占卜, 赞助	yes
sear	干枯	v.	ecdict-only	toefl		yes	no	no	yes	yes	yes	gan ku	38	14553	dry up [v.] | wither [v.]	a. 枯萎的, 凋谢的\nvt. 烤焦, 使枯萎\nvi. 凋谢, 干枯	yes
vicissitude	盛衰	n.	ecdict-only	toefl		yes	no	no	yes	yes	yes	sheng shuai	37	21864	rise and fall [n.]	n. 变化无常, 变迁, 荣枯, 盛衰	yes
craftspeople	工艺师	n.	ecdict-only	toefl		yes	no	no	yes	yes	yes	gong yi shi	35	999999	craftsman [n.] | artisan [n.]	n. 工匠；手艺人；工艺师	yes
wad	填料	n.	ecdict-only	toefl		yes	no	no	yes	yes	yes	tian liao	34	11391	filler [n.]	n. 小软团, 小软块, 一卷, 填料, 大量\nvt. 揉成一团, 填塞	yes
visually	形象化	adv.	ecdict-only	toefl		yes	no	no	yes	no	yes	xing xiang hua	33	6319	visualize [v.]	adv. 看, 视力, 视觉, 可见, 凭视力, 看到, 看得见, 光学, 形象化, 栩栩如生	yes
fossils	老顽固	n.	ecdict-only	ielts		yes	no	no	yes	yes	yes	lao wan gu	32	999999	old stick-in-the-mud [n.]	n. 化石( fossil的名词复数 ); 老顽固; 食古不化的人; 老古董（老人）	yes
dispensation	施与	n.	ecdict-only	tem8		yes	no	no	yes	no	yes	shi yu	31	19978	give [v.] | grant [v.]	n. 分配, 施与, (义务的)免除\n[法] 特免权, 豁免, 执行	yes
habituation	熟习	n.	ecdict-only	toefl		yes	no	no	yes	no	yes	shu xi	31	29188	be proficient in [v.]	n. 使习惯, 习惯, 熟习\n[医] 习惯[作用], 习惯化, 成瘾	yes
gage	抵押品	n.	ecdict-only	toefl		yes	no	no	yes	yes	yes	di ya pin	31	39299	collateral [n.]	n. 抵押品, 挑战\nvt. 以...为担保, 以...为赌注\nn. 抵押品, 标准度量, 计量器\nvt. 精确计量, 估计	yes
tongs	夹具	n.	ecdict-only	tem8		yes	no	no	yes	yes	yes	jia ju	30	15320	fixture [n.]	n. 钳子, 夹具\n[医] 钳	yes
swig	痛饮	n.	ecdict-only	tem8		yes	no	no	yes	no	yes	tong yin	30	17794	drink deeply [v.]	n. 痛饮, 牛饮, 鲸饮\nv. 满满一口喝下, 牛饮, 大喝特喝	yes
verdure	新绿	n.	ecdict-only	tem8		yes	no	no	yes	yes	yes	xin lv	30	40395	fresh green [n.]	n. 翠绿, 新绿, 碧绿, 精力旺盛, 新鲜	yes
woad	靛蓝	n.	ecdict-only	toefl		yes	no	no	yes	yes	yes	dian lan	30	999999	indigo [n.]	n. [植]菘蓝,靛蓝	yes
trepidation	惊惶	n.	ecdict-only	toefl		yes	no	no	yes	no	yes	jing huang	29	15615	alarmed [adj.]	n. 恐惧, 惊惶, 忧虑\n[医] 震颤, 抖颤; 悸惧	yes
tidbit	珍馐	n.	ecdict-only	tem8		yes	no	no	yes	yes	yes	zhen xiu	29	16444	delicacy [n.]	n. 少量的美食, 珍馐, 珍品, 珍闻	yes
takings	进款	n.	ecdict-only	tem8		yes	no	no	yes	yes	yes	jin kuan	29	999999	income [n.]	n. 捕获物, 收入, 进款, 利息\n[经] 收入, 利息, 进款	yes
begrudging	吝惜	v.	ecdict-only	tem8		yes	no	no	yes	yes	yes	lin xi	28	999999	grudge [v.]	v. 嫉妒( begrudge的现在分词 ); 勉强做; 不乐意地付出; 吝惜	yes
dugout	防空壕	n.	ecdict-only	toefl		yes	no	no	yes	yes	yes	fang kong hao	27	11071	air-raid shelter [n.]	n. 防空壕, 独木舟	yes
fudge	蒙混	v.	ecdict-only	tem8		yes	no	no	yes	yes	yes	meng hun	27	14638	deceive [v.]	n. 虚构的故事, 谎言, 胡说\ninterj. 胡说八道\nvi. 蒙混, 做傻事\nvt. 粗制滥造, 捏造, 逃避职责	yes
conclusively	释疑	adv.	ecdict-only	toefl		yes	no	no	yes	no	yes	shi yi	27	17535	dispel doubts [v.]	adv. 最后, 释疑, 确定性, 结论性	yes
catharsis	陶冶	n.	ecdict-only	toefl		yes	no	no	yes	no	yes	tao ye	27	19148	cultivate [v.]	n. 陶冶, 净化, 导泻\n[医] 导泻, 泻法, 精神发泄	yes
unison	齐奏	n.	ecdict-only	tem8		yes	no	no	yes	no	yes	qi zou	26	9423	play in unison [v.]	n. 调和, 和谐, 一致, 齐唱, 齐奏\na. 共同做的, 同声的	yes
condemnation	非难	n.	ecdict-only	toefl		yes	no	no	yes	no	yes	fei nan	26	9852	blame [v.]	n. 非难, 宣告有罪, 非难的理由	yes
scowl	怒视	v.	ecdict-only	toefl		yes	no	no	yes	yes	yes	nu shi	26	11097	glare at [v.]	n. 愁容, 阴沉脸色\nvi. 皱眉, 绷着脸\nvt. 怒视	yes
reprimand	非难	n.	ecdict-only	tem8		yes	no	no	yes	no	yes	fei nan	26	14849	blame [v.]	n. 谴责, 惩戒, 非难\nvt. 谴责, 惩戒, 严责	yes
swoon	晕厥	n.	ecdict-only	toefl		yes	no	yes	yes	yes	yes	yun jue	26	17769	syncope [n.]	n. 昏晕, 晕厥\nvi. 昏晕, 着迷, 渐渐消失	yes
finery	幽雅	n.	ecdict-only	tem8		yes	no	no	yes	no	yes	you ya	26	21013	elegant [adj.] | graceful [adj.]	n. (华丽的)装饰, (华丽的)服饰, 鲜艳服装, 幽雅, 精炼炉\n[化] 木炭吹炼炉; 木炭精炼炉	yes
bane	祸根	n.	ecdict-only	tem8		yes	no	no	yes	yes	yes	huo gen	26	21357	root of trouble [n.]	n. 祸根, 毒药, 灭亡的原因, 灭亡\n[医] 毒物, 毒, 毒药	yes
abase	贬抑	v.	ecdict-only	tem8		yes	no	no	yes	yes	yes	bian yi	26	41704	belittle [v.]	vt. 降低...的地位, 降低...的品格, 贬抑, 使谦卑	yes
delve	查考	v.	ecdict-only	tem8		yes	no	no	yes	yes	yes	cha kao	25	11237	investigate [v.] | examine [v.]	v. 探究, 查考\nn. 坑, 穴	yes
teeter	踉跄	v.	ecdict-only	tem8		yes	no	no	yes	no	yes	liang qiang	25	11462	staggering [adj.]	vi. 步履不稳地走动, 踉跄, 摇晃, 摇摆不定, 摇摇欲坠, 玩跷跷板\nn. 踉跄, 摇摆, 跷跷板	yes
teeter	踉跄	n.	ecdict-only	tem8		yes	no	no	yes	no	yes	liang qiang	25	11462	staggering [adj.]	vi. 步履不稳地走动, 踉跄, 摇晃, 摇摆不定, 摇摇欲坠, 玩跷跷板\nn. 踉跄, 摇摆, 跷跷板	yes
hydrant	消火栓	n.	ecdict-only	tem8		yes	no	no	yes	yes	yes	xiao huo shuan	25	19742	fire hydrant [n.]	n. 给水栓, 水龙头, 消火栓	yes
walkout	退席	n.	ecdict-only	toefl		yes	no	no	yes	no	yes	tui xi	24	21507	leave the meeting [v.]	n. 罢工, 退席, 恋爱关系\n[经] 罢工	yes
referees	证明人	n.	ecdict-only	ielts		yes	no	no	yes	yes	yes	zheng ming ren	24	999999	witness [n.]	n. 裁判员( referee的名词复数 ); 证明人; 公断人; （专业性强的文章的）审阅人	yes
nervousness	刚劲	n.	ecdict-only	tem4		yes	no	no	yes	no	yes	gang jing	23	13680	vigorous [adj.] | bold [adj.]	n. 神经, 神经元, 易激动, 紧张不安, 神经过敏, 神经质, 担忧, 害怕, 简练, 刚劲\n[医] 神经过敏	yes
sender	发报机	n.	ecdict-only	toefl		yes	no	yes	yes	yes	yes	fa bao ji	23	16830	transmitter [n.]	n. 寄件人, 发报机\n[经] 送货人, 发送者	yes
mourning	举哀	n.	ecdict-only	toefl		yes	no	no	yes	no	yes	ju ai	22	9222	mourn [v.]	n. 哀痛, 居丧, 举哀, 哀悼, 丧服, 戴孝	yes
lode	矿脉	n.	ecdict-only	toefl		yes	no	no	yes	yes	yes	kuang mai	22	23821	ore vein [n.]	n. 矿脉, 水路, 排水沟	yes
tantalise	逗弄	v.	ecdict-only	tem8		yes	no	yes	yes	yes	yes	dou nong	22	999999	tease [v.]	vt. 诱发无法实现的希望, 使干着急, 惹弄, 逗惹, 逗弄	yes
harangue	夸夸其谈	n.	ecdict-only	tem8		yes	no	no	yes	no	yes	kua kua qi tan	21	24121	boast [phr.] | talk big [phr.]	n. 演讲, 热烈讨论, 长篇大论, 夸夸其谈\nvt. 向...夸夸其谈地讲话	yes
infusion	泡制	n.	ecdict-only	toefl		yes	no	no	yes	no	yes	pao zhi	20	10082	steep [v.]	n. 注入, 泡制, 注入物\n[化] 浸渍; 浸泡	yes
beginners	生手	n.	ecdict-only	ielts		yes	no	no	yes	yes	yes	sheng shou	20	999999	novice [n.]	n. 初学者；生手；首创者（beginner的复数）	yes
cavort	腾跃	v.	ecdict-only	ielts		yes	no	no	yes	yes	yes	teng yue	19	19707	leap [v.] | prance [v.]	vi. 腾跃	yes
fuddle	烂醉	n.	ecdict-only	tem8		yes	no	no	yes	no	yes	lan zui	19	999999	dead drunk [adj.]	vt. 灌醉, 使烂醉, 使迷糊\nvi. 狂饮\nn. 烂醉	yes
pilferage	小偷小摸	n.	ecdict-only	toefl		yes	no	no	yes	no	yes	xiao tou xiao mo	19	999999	petty theft [phr.]	n. 小偷小摸, 偷窃, 赃物\n[经] 偷窃险, 脏物	yes
slog	苦干	n.	ecdict-only	toefl		yes	no	no	yes	no	yes	ku gan	18	16121	work hard [v.]	n. 猛击, 苦干, 跋涉\nv. 猛击, 苦干	yes
slog	苦干	v.	ecdict-only	toefl		yes	no	no	yes	yes	yes	ku gan	18	16121	work hard [v.]	n. 猛击, 苦干, 跋涉\nv. 猛击, 苦干	yes
kink	扭结	n.	ecdict-only	toefl		yes	no	no	yes	no	yes	niu jie	18	17053	twist [v.]	n. 扭结, 蜷缩\nv. (使)扭结, (使)绞缠	yes
journeyman	短工	n.	ecdict-only	toefl		yes	no	no	yes	yes	yes	duan gong	18	21657	casual laborer [n.]	n. 雇工, 熟练工人, 短工	yes
effrontery	厚颜无耻	n.	ecdict-only	toefl		yes	no	no	yes	no	yes	hou yan wu chi	18	35532	shameless [adj.]	n. 厚颜无耻	yes
homespun	土布	n.	ecdict-only	toefl		yes	no	no	yes	yes	yes	tu bu	17	21830	homespun cloth [n.]	a. 家里纺的, 家里做的, 简朴的, 不做作的, 平凡的, 朴素的, 朴实的, 粗陋的\nn. 土布	yes
spanking	打屁股	n.	ecdict-only	toefl		yes	no	no	yes	no	yes	da pi gu	17	25753	spank [v.]	a. 清爽的, 疾行的, 强烈的\nadv. 显著地\nn. 拍击, 打屁股	yes
dismembered	身首异处	v.	ecdict-only	toefl		yes	no	no	yes	no	yes	shen shou yi chu	17	27969	be decapitated [phr.]	v. 分割…的肢体, 肢解( dismember的过去式和过去分词); 身首异处	yes
physic	泻药	n.	ecdict-only	toefl		yes	no	no	yes	yes	yes	xie yao	17	35682	laxative [n.]	n. 药品, 泻药, 医学\nvt. 给...服药, 治愈, 使通便	yes
alternatively	非此即彼	adv.	ecdict-only	toefl		yes	no	no	yes	no	yes	fei ci ji bi	16	10494	either-or [phr.]	adv. 非此即彼	yes
scholastic	学究	n.	ecdict-only	tem8		yes	no	yes	yes	yes	yes	xue jiu	16	11944	pedant [n.]	a. 学校的, 学校教育的, 学者的, 学究的\nn. 经院哲学家, 学究, 墨守成规者, 学生	yes
impute	归罪	v.	ecdict-only	toefl		yes	no	no	yes	yes	yes	gui zui	16	23721	blame [v.]	vt. 归罪, 使负责, 嫁祸于	yes
fuddle	狂饮	v.	ecdict-only	tem8		yes	no	no	yes	yes	yes	kuang yin	16	999999	drink heavily [v.]	vt. 灌醉, 使烂醉, 使迷糊\nvi. 狂饮\nn. 烂醉	yes
hobbyhorse	老调重弹	n.	ecdict-only	tem8		yes	no	no	yes	no	yes	lao diao chong tan	16	999999	harp on [phr.]	n. 摇动木马, 竹马, 反复讲的话题, 老调重弹	yes
waxes	耳垢	n.	ecdict-only	toefl		yes	no	no	yes	yes	yes	er gou	16	999999	earwax [n.]	n. 蜡( wax的名词复数 ); 耳垢, 耳屎	yes
rave	叫嚷	v.	ecdict-only	ielts		yes	no	no	yes	yes	yes	jiao rang	15	11575	shout [v.]	n. 狂吼, 狂暴\nv. 愤怒地说, 叫嚷, 咆哮	yes
swig	牛饮	n.	ecdict-only	tem8		yes	no	no	yes	no	yes	niu yin	15	17794	drink heavily [v.]	n. 痛饮, 牛饮, 鲸饮\nv. 满满一口喝下, 牛饮, 大喝特喝	yes
swig	牛饮	v.	ecdict-only	tem8		yes	no	no	yes	yes	yes	niu yin	15	17794	drink heavily [v.]	n. 痛饮, 牛饮, 鲸饮\nv. 满满一口喝下, 牛饮, 大喝特喝	yes
welt	贴边	n.	ecdict-only	toefl		yes	no	no	yes	no	yes	tie bian	14	18754	border [v.]	n. 贴边, 鞭痕, 殴打\nvt. 加贴边, 鞭打	yes
facing	贴边	n.	ecdict-only	tem8		yes	no	no	yes	no	yes	tie bian	14	20872	border [v.]	n. 贴边, 饰面\n[化] 衬片; 盖面; 铺面; 饰面; 贴面; 密封面	yes
bluster	夸口	n.	ecdict-only	toefl		yes	no	no	yes	no	yes	kua kou	14	21394	boast [v.]	vt. 风狂吹, 咆哮, 汹涌\nvi. 咆哮着说出, 恐吓\nn. 狂风声, 巨浪声, 夸口, 大话	yes
storehouses	货栈	n.	ecdict-only	toefl		yes	no	no	yes	yes	yes	huo zhan	14	999999	warehouse [n.]	n. 仓库( storehouse的复数形式 ); 货栈; 知识宝库; 知识丰富的人	yes
impatience	性急	n.	ecdict-only	tem8		yes	no	no	yes	no	yes	xing ji	13	11344	impatient [adj.]	n. 性急, 难耐, 焦急, 急躁	yes
temperance	节欲	n.	ecdict-only	toefl		yes	no	no	yes	no	yes	jie yu	13	21464	abstain [v.]	n. 节欲, 戒酒, 禁酒, 节制\n[医] 节制(饮食等), 戒酒	yes
fulminate	怒喝	v.	ecdict-only	toefl		yes	no	no	yes	yes	yes	nu he	13	33491	shout angrily [v.]	vt. 使爆发, 以严词谴责\nvi. 爆炸, 怒喝, 电闪\nn. 雷酸盐, 烈性炸药	yes
complacence	自鸣得意	n.	ecdict-only	toefl		yes	no	no	yes	no	yes	zi ming de yi	13	45326	self-satisfied [phr.]	n. 满足, 自鸣得意, 自满	yes
beating	搏动	n.	ecdict-only	tem8		yes	no	no	yes	no	yes	bo dong	12	5988	pulse [v.]	n. 打, 挫败, 搏动\n[化] 打浆	yes
glut	供过于求	n.	ecdict-only	toefl		yes	no	no	yes	no	yes	gong guo yu qiu	12	16700	oversupply [phr.]	n. 大量, 供过于求\nvt. 使充满, 使吃饱, 过多供应\nvi. 吃得过多, 狼吞虎咽	yes
shunt	转轨	v.	ecdict-only	tem8		yes	no	no	yes	yes	yes	zhuan gui	12	18929	switch tracks [v.] | change course [v.]	vt. 使转轨, 使分流, 回避讨论, 推延\nvi. 转向一边, 转轨, 往返\nn. 转轨, 分流	yes
accommodations	膳宿	n.	ecdict-only	ielts		yes	no	no	yes	yes	yes	shan su	12	999999	board and lodging [n.]	n. 膳宿；住房, 住宿；居住设施（accommodation的复数）	yes
headgear	井架	n.	ecdict-only	tem8		yes	no	no	yes	yes	yes	jing jia	11	21525	derrick [n.]	n. 头饰, 马首挽具, 井架\n[医] 头网, 连轮装置	yes
delineation	略图	n.	ecdict-only	toefl		yes	no	no	yes	yes	yes	lve tu	11	22025	sketch map [n.]	n. 画轮廓, 略图, 描述	yes
stabilization	平抑	n.	ecdict-only	toefl		yes	no	no	yes	no	yes	ping yi	10	10908	stabilize [v.] | contain [v.]	n. 安定, 稳定, 平抑, 安定化, 稳定化\n[医] 稳定, 安定	yes
hoot	轰赶	v.	ecdict-only	tem8		yes	no	no	yes	yes	yes	hong gan	9	15192	drive away [v.] | shoo [v.]	n. 叫嚣, 嘲骂声, 鸣响\nvi. 大声叫嚣, 鸣响, 猫头鹰叫\nvt. 呵斥, 轰赶	yes
matinee	日场	n.	ecdict-only	tem8		yes	no	no	yes	yes	yes	ri chang	9	17046	daytime show [n.]	n. 白天音乐会, 日场, 女式晨衣	yes
spaniel	马屁精	n.	ecdict-only	tem8		yes	no	no	yes	yes	yes	ma pi jing	9	19581	sycophant [n.] | bootlicker [n.]	n. 一种长毛垂耳狗, 马屁精	yes
butte	孤峰	n.	ecdict-only	toefl		yes	no	no	yes	yes	yes	gu feng	9	23601	isolated peak [n.]	n. 孤峰	yes
waxes	耳屎	n.	ecdict-only	toefl		yes	no	no	yes	yes	yes	er shi	9	999999	earwax [n.]	n. 蜡( wax的名词复数 ); 耳垢, 耳屎	yes
unquestionably	无可非议	adv.	ecdict-only	toefl		yes	no	no	yes	no	yes	wu ke fei yi	8	13286	irreproachable [phr.]	adv. 毫无疑问, 不成问题, 无可非议, 确实	yes
maw	嗉囊	n.	ecdict-only	toefl		yes	no	no	no	new-key	yes	su nang	8	20963		n. (反刍动物的)第四胃, 嗉囊, (人的)胃	yes
upbraid	申斥	v.	ecdict-only	toefl		yes	no	no	yes	yes	yes	shen chi	8	29948	rebuke [v.]	vt. 谴责, 责骂, 申斥	yes
parch	焦干	v.	ecdict-only	toefl		yes	no	no	yes	no	yes	jiao gan	8	38955	dry and brittle [adj.]	vt. 烤, 烘, 使干透\nvi. 烤干, 焦干	yes
valor	刚勇	n.	ecdict-only	toefl		yes	no	no	yes	no	yes	gang yong	7	17697	brave [adj.]	n. 英勇, 刚勇, 勇猛	yes
valour	刚勇	n.	ecdict-only	tem8		yes	no	no	yes	no	yes	gang yong	7	999999	brave [adj.]	n. 英勇, 刚勇, 勇猛	yes
madame	鸨母	n.	ecdict-only	tem8		yes	no	no	yes	yes	yes	bao mu	6	7424	madam [n.]	n. 夫人, 小姐, 太太, 女士, 主妇, (非正式)喜欢差使/指使别人的女子, 鸨母	yes
mourning	戴孝	n.	ecdict-only	toefl		yes	no	no	yes	no	yes	dai xiao	6	9222	wear mourning [v.]	n. 哀痛, 居丧, 举哀, 哀悼, 丧服, 戴孝	yes
foment	热敷	v.	ecdict-only	toefl		yes	no	no	yes	yes	yes	re fu	6	22862	hot compress [v.]	vt. 热敷, 煽动	yes
steadfastly	岿然	adv.	ecdict-only	toefl		yes	no	no	yes	no	yes	kui ran	5	17810	towering [adj.]	adv. 踏实地, 不变地; 岿然; 坚定不渝	yes
oration	引语	n.	ecdict-only	toefl		yes	no	no	yes	yes	yes	yin yu	5	22627	quotation [n.]	n. 演说, 致辞, 引语	yes
peal	震响	v.	ecdict-only	toefl		yes	no	no	yes	yes	yes	zhen xiang	5	24513	resound [v.]	n. 响亮持久的声音, 钟声\nvt. 使鸣响, 大声发出\nvi. 大声鸣响, 震响	yes
duff	煤屑	n.	ecdict-only	tem8		yes	no	no	yes	yes	yes	mei xie	5	41126	coal dust [n.]	n. 水果干布丁, 细煤, 煤屑, 无用的东西\nvt. 把...弄得像新的一样, 把...改头换面	yes
figures	规定动作	n.	ecdict-only	ielts		yes	no	no	yes	yes	yes	gui ding dong zuo	5	999999	compulsory exercise [n.]	n. 图形, 图表；价格, 金额, 数字；规定动作；人物（figure的复数）	yes
pills	丸剂	n.	ecdict-only	ielts		yes	no	no	yes	yes	yes	wan ji	5	999999	pill [n.]	n. 丸剂；药丸（pill的复数）	yes
obligate	强使	v.	ecdict-only	toefl		yes	no	yes	yes	yes	yes	qiang shi	4	11331	compel [v.] | force [v.]	vt. 使负义务, 强使, 使感激, 施恩惠于\na. 有责任的, 必须的	yes
nervousness	神经过敏	n.	ecdict-only	tem4		yes	no	no	yes	no	yes	shen jing guo min	4	13680	nervous [adj.] | jittery [adj.]	n. 神经, 神经元, 易激动, 紧张不安, 神经过敏, 神经质, 担忧, 害怕, 简练, 刚劲\n[医] 神经过敏	yes
vicissitude	荣枯	n.	ecdict-only	toefl		yes	no	no	yes	yes	yes	rong ku	4	21864	rise and fall [n.]	n. 变化无常, 变迁, 荣枯, 盛衰	yes
mope	闲荡	v.	ecdict-only	tem8		yes	no	no	yes	yes	yes	xian dang	4	25204	loiter [v.] | saunter [v.]	vi. 忧郁, 闲荡\nvt. 使忧郁\nn. 忧郁的人	yes
peepshow	拉洋片	n.	ecdict-only	toefl		yes	no	no	yes	yes	yes	la yang pian	4	46329	peep show [n.]	n. 西洋镜；拉洋片	yes
ostensibly	诡称	adv.	ecdict-only	tem8		yes	no	no	yes	no	yes	gui cheng	3	9156	falsely claim [v.]	adv. 可公开, 显然, 表面, 外表, 诡称, 假装	yes
lint	皮棉	n.	ecdict-only	toefl		yes	no	no	yes	yes	yes	pi mian	3	21495	ginned cotton [n.]	n. 绷带用麻布, 皮棉\n[医] 绒布(外科用布)	yes
chicks	雏鸡	n.	ecdict-only	ielts		yes	no	no	yes	yes	yes	chu ji	3	999999	chick [n.]	n. 雏鸡；小鸡（chick的复数形式）	yes
requital	酬答	n.	ecdict-only	toefl		yes	no	no	yes	no	yes	chou da	3	999999	repay [v.] | respond [v.]	n. 酬答, 还礼\n[法] 报答, 回报, 报复	yes
vastness	广漠	n.	ecdict-only	toefl		yes	no	no	yes	no	yes	guang mo	2	18290	vast [adj.] | boundless [adj.]	n. 巨大, 广大, 广漠	yes
dinghy	橡皮筏	n.	ecdict-only	tem8		yes	no	no	yes	yes	yes	xiang pi fa	2	21132	rubber raft [n.]	n. 小船, 橡皮筏, 小艇	yes
sharper	赌棍	n.	ecdict-only	toefl		yes	no	no	yes	yes	yes	du gun	2	999999	gambler [n.]	n. 骗子, 欺诈者, 赌棍\n[法] 欺骗者, 欺诈犯	yes
linoleum	漆布	n.	ecdict-only	toefl		yes	no	no	yes	yes	yes	qi bu	1	13222	varnished cloth [n.]	n. 油地毡, 漆布\n[化] 油毡; 亚麻油毡	yes
tidbit	珍闻	n.	ecdict-only	tem8		yes	no	no	yes	yes	yes	zhen wen	1	16444	rare news [n.]	n. 少量的美食, 珍馐, 珍品, 珍闻	yes
proclivity	癖性	n.	ecdict-only	toefl		yes	no	yes	yes	yes	yes	pi xing	1	18478	habit [n.] | propensity [n.]	n. 倾向, 癖性	yes
stoppage	停付	n.	ecdict-only	tem8		yes	no	no	yes	no	yes	ting fu	1	20251	stop payment [v.]	n. 停止, 中止, 阻塞, 阻碍, 堵塞, 故障, 停付, 扣除, 扣留, 停工, 罢工\n[化] 停机	yes
guile	狡计	n.	ecdict-only	toefl		yes	no	no	yes	yes	yes	jiao ji	1	24013	trick [n.] | scheme [n.]	n. 狡猾, 狡计	yes
commence	开始	v.	kyle-only	tem4,tem8,toefl,ielts	ielts,tem4,tem8	no	yes	yes	yes	yes	yes	kai shi	180403	999999	start [v.]	v. (使)开始, 得学位	yes
behalf	代表	n.	kyle-only	tem4,tem8,toefl,ielts	ielts,tem4,tem8	no	yes	no	yes	no	yes	dai biao	82598	999999	represent [v.]	n. 利益, 方面	yes
crusade	运动	n.	kyle-only	tem4,tem8,toefl,ielts	ielts,toefl	no	yes	no	yes	yes	yes	yun dong	46199	999999	sports [n.] | exercise [n.]	n. 改革运动, 十字军东侵\nvi. 从事改革运动, 加入十字军	yes
aptitude	适合	n.	kyle-only	tem4,tem8,toefl,ielts	toefl	no	yes	no	yes	no	yes	shi he	34694	999999	suit [v.]	n. 资质, 才能, 自然倾向\n[医] 资质, 才能	yes
manoeuvre	控制	v.	kyle-only	tem4,tem8,toefl,ielts	ielts	no	yes	no	yes	yes	yes	kong zhi	30760	999999	control [v.]	n. 调遣, 演习, 策略\nvi. 调动, 演习, 用策略\nvt. 调动, 操纵	yes
aptitude	能力	n.	kyle-only	tem4,tem8,toefl,ielts	ielts	no	yes	no	yes	yes	yes	neng li	30601	999999	ability [n.] | capability [n.]	n. 资质, 才能, 自然倾向\n[医] 资质, 才能	yes
scrutiny	调查	n.	kyle-only	tem4,tem8,toefl,ielts	ielts	no	yes	no	yes	no	yes	diao cha	23021	999999	investigate [v.] | survey [v.]	n. 细看, 仔细检查, 监视, 选票检查\n[经] 复查, 评核, 仔细检查	yes
paraphrase	解释	n.	kyle-only	tem4,tem8,toefl,ielts	tem4,tem8	no	yes	no	yes	no	yes	jie shi	22653	999999	explain [v.]	n. 释义, 解述, 改写\nvt. 改写, 解述\nvi. 释义, 意译	yes
paraphrase	解释	v.	kyle-only	tem4,tem8,toefl,ielts	toefl	no	yes	no	yes	yes	yes	jie shi	22653	999999	explain [v.]	n. 释义, 解述, 改写\nvt. 改写, 解述\nvi. 释义, 意译	yes
tumult	激动	n.	kyle-only	tem4,tem8,toefl,ielts	ielts,tem4,tem8	no	yes	no	yes	no	yes	ji dong	18491	999999	excited [adj.]	n. 骚动, 吵闹, 混乱\n[法] 骚乱, 骚动, 暴乱	yes
detriment	伤害	n.	kyle-only	tem4,tem8,toefl,ielts	tem4,tem8	no	yes	no	yes	no	yes	shang hai	14041	999999	hurt [v.] | harm [v.]	n. 损害, 损害物\n[法] 损害, 伤害, 危害	yes
misgiving	怀疑	n.	kyle-only	tem4,tem8,toefl,ielts	ielts	no	yes	no	yes	no	yes	huai yi	13051	999999	doubt [v.] | suspect [v.]	n. 疑虑, 不安, 害怕, 担扰, 疑惧	yes
manoeuvre	移动	n.	kyle-only	tem4,tem8,toefl,ielts	ielts	no	yes	no	yes	no	yes	yi dong	11333	999999	move [v.] | mobile [v.]	n. 调遣, 演习, 策略\nvi. 调动, 演习, 用策略\nvt. 调动, 操纵	yes
manoeuvre	移动	v.	kyle-only	tem4,tem8,toefl,ielts	ielts	no	yes	no	yes	yes	yes	yi dong	11333	999999	move [v.] | mobile [v.]	n. 调遣, 演习, 策略\nvi. 调动, 演习, 用策略\nvt. 调动, 操纵	yes
poise	自信	n.	kyle-only	tem4,tem8,toefl,ielts	ielts	no	yes	no	yes	yes	yes	zi xin	10489	999999	confidence [n.]	n. 平衡, 均衡, 姿势, 镇静, 安静, 砝码\nvt. 使平衡, 使悬着, 保持...姿势\nvi. 平衡, 悬着, 准备好	yes
grit	勇气	n.	kyle-only	tem4,tem8,toefl,ielts	ielts,tem4,tem8	no	yes	no	yes	yes	yes	yong qi	10232	999999	courage [n.]	n. 砂砾, 粗砂石\nvt. 覆以砂砾, 咬牙切齿地说\nvi. 摩擦作声	yes
resemblance	相似	n.	kyle-only	tem4,tem8,toefl,ielts	ielts,tem4,tem8,toefl	no	yes	no	yes	no	yes	xiang si	7973	999999	similar [adj.]	n. 相似处, 类似, 肖像	yes
emigrate	移民	v.	kyle-only	tem4,tem8,toefl,ielts	toefl	no	yes	no	yes	no	yes	yi min	6528	999999	immigrant [n.]	v. (使)移居, (使)移民	yes
grocery	食品	n.	kyle-only	tem4,tem8,toefl,ielts	ielts	no	yes	no	yes	yes	yes	shi pin	6179	999999	food [n.]	n. 食品杂货店, 食品杂货业	yes
mere	只不过	adj.	kyle-only	tem4,tem8,toefl,ielts	tem4	no	yes	no	yes	no	yes	zhi bu guo	5503	999999	only [adv.] | merely [adv.]	n. 小湖, 池塘\na. 仅仅的, 只不过的	yes
manoeuvre	手段	n.	kyle-only	tem4,tem8,toefl,ielts	ielts	no	yes	no	yes	yes	yes	shou duan	4013	999999	means [n.] | method [n.]	n. 调遣, 演习, 策略\nvi. 调动, 演习, 用策略\nvt. 调动, 操纵	yes
factual	真实的	adj.	kyle-only	tem4,tem8,toefl,ielts	ielts,tem4,tem8,toefl	no	yes	yes	yes	yes	yes	zhen shi de	3923	999999	real [adj.] | true [adj.]	a. 事实的, 实际的\n[法] 事实的, 与事实有关的, 实际的	yes
crusade	斗争	n.	kyle-only	tem4,tem8,toefl,ielts	ielts,toefl	no	yes	no	yes	yes	yes	dou zheng	3865	999999	struggle [n.]	n. 改革运动, 十字军东侵\nvi. 从事改革运动, 加入十字军	yes
precede	高于	v.	kyle-only	tem4,tem8,toefl,ielts	tem4,tem8	no	yes	no	yes	yes	yes	gao yu	3746	999999	be higher than [v.]	vt. 在...之前, 优于, 较...优先\nvi. 在前面	yes
chasm	差别	n.	kyle-only	tem4,tem8,toefl,ielts	ielts	no	yes	no	yes	yes	yes	cha bie	3735	999999	difference [n.]	n. 陷窟, 裂口	yes
grit	决心	n.	kyle-only	tem4,tem8,toefl,ielts	tem4,tem8	no	yes	no	yes	yes	yes	jue xin	3614	999999	determination [n.]	n. 砂砾, 粗砂石\nvt. 覆以砂砾, 咬牙切齿地说\nvi. 摩擦作声	yes
aptitude	天赋	n.	kyle-only	tem4,tem8,toefl,ielts	ielts	no	yes	no	yes	yes	yes	tian fu	2950	999999	talent [n.] | gift [n.]	n. 资质, 才能, 自然倾向\n[医] 资质, 才能	yes
mere	仅仅	adj.	kyle-only	tem4,tem8,toefl,ielts	tem4	no	yes	no	yes	no	yes	jin jin	2924	999999	merely [adv.]	n. 小湖, 池塘\na. 仅仅的, 只不过的	yes
precede	领先	v.	kyle-only	tem4,tem8,toefl,ielts	ielts,tem4,tem8	no	yes	yes	yes	yes	yes	ling xian	2654	999999	lead [v.]	vt. 在...之前, 优于, 较...优先\nvi. 在前面	yes
emigrate	移居	v.	kyle-only	tem4,tem8,toefl,ielts	tem4,tem8,toefl	no	yes	no	yes	yes	yes	yi ju	2255	999999	migrate [v.] | move [v.]	v. (使)移居, (使)移民	yes
chasm	峡谷	n.	kyle-only	tem4,tem8,toefl,ielts	tem4,tem8	no	yes	no	yes	yes	yes	xia gu	2212	999999	canyon [n.] | gorge [n.]	n. 陷窟, 裂口	yes
misgiving	担忧	n.	kyle-only	tem4,tem8,toefl,ielts	tem4,tem8	no	yes	no	yes	no	yes	dan you	2140	999999	worry [v.]	n. 疑虑, 不安, 害怕, 担扰, 疑惧	yes
misgiving	担忧	v.	kyle-only	tem4,tem8,toefl,ielts	tem4,tem8	no	yes	no	yes	yes	yes	dan you	2140	999999	worry [v.]	n. 疑虑, 不安, 害怕, 担扰, 疑惧	yes
antecedent	祖先	n.	kyle-only	tem4,tem8,toefl,ielts	tem4,tem8,toefl	no	yes	yes	yes	yes	yes	zu xian	2079	999999	ancestor [n.]	n. 前情, 先行词\na. 先前的, 先行的	yes
glamour	魔力	n.	kyle-only	tem4,tem8,toefl,ielts	ielts,tem4,tem8	no	yes	no	yes	yes	yes	mo li	2010	999999	magic [n.]	n. 魅力, 迷人的美, 魔法\nvt. 迷惑	yes
instrumental	有助于	adj.	kyle-only	tem4,tem8,toefl,ielts	ielts	no	yes	no	yes	no	yes	you zhu yu	1967	999999	contribute to [v.]	a. 仪器的, 器具的, 可作为手段的\n[医] 器械的	yes
grit	毅力	n.	kyle-only	tem4,tem8,toefl,ielts	tem4	no	yes	no	yes	yes	yes	yi li	1948	999999	perseverance [n.]	n. 砂砾, 粗砂石\nvt. 覆以砂砾, 咬牙切齿地说\nvi. 摩擦作声	yes
chasm	分歧	n.	kyle-only	tem4,tem8,toefl,ielts	tem4,tem8	no	yes	no	yes	yes	yes	fen qi	1698	999999	divergence [n.] | disagreement [n.]	n. 陷窟, 裂口	yes
rental	出租	n.	kyle-only	tem4,tem8,toefl,ielts	ielts,toefl	no	yes	no	yes	no	yes	chu zu	1695	999999	rent [v.] | lease [v.]	n. 租费, 租金收入\na. 租赁的, 收取租金的	yes
sanity	明智	n.	kyle-only	tem4,tem8,toefl,ielts	tem4,tem8	no	yes	no	yes	no	yes	ming zhi	1630	999999	wise [adj.]	n. 神智健全, 头脑清楚, 通情达理\n[医] 精神健全	yes
antiquity	古迹	n.	kyle-only	tem4,tem8,toefl,ielts	ielts	no	yes	no	yes	yes	yes	gu ji	1583	999999	historic site [n.]	n. 古老, 古代, 古代人, 古物	yes
ceramic	陶瓷	n.	kyle-only	tem4,tem8,toefl,ielts	tem4,tem8	no	yes	no	yes	yes	yes	tao ci	1522	999999	ceramics [n.]	a. 陶瓷的\nn. 陶瓷制品	yes
detriment	损伤	n.	kyle-only	tem4,tem8,toefl,ielts	ielts	no	yes	no	yes	no	yes	sun shang	1409	999999	damage [v.]	n. 损害, 损害物\n[法] 损害, 伤害, 危害	yes
chasm	断层	n.	kyle-only	tem4,tem8,toefl,ielts	ielts	no	yes	no	yes	yes	yes	duan ceng	1333	999999	fault [n.]	n. 陷窟, 裂口	yes
dietary	食谱	n.	kyle-only	tem4,tem8,toefl,ielts	tem4,tem8	no	yes	no	yes	yes	yes	shi pu	1305	999999	recipe [n.]	a. 饮食的\nn. 规定食物	yes
grocery	杂货店	n.	kyle-only	tem4,tem8,toefl,ielts	ielts,toefl	no	yes	yes	yes	yes	yes	za huo dian	1300	999999	grocery store [n.]	n. 食品杂货店, 食品杂货业	yes
rental	租赁	n.	kyle-only	tem4,tem8,toefl,ielts	ielts,tem4,tem8,toefl	no	yes	no	yes	no	yes	zu lin	1094	999999	rent [v.] | lease [v.]	n. 租费, 租金收入\na. 租赁的, 收取租金的	yes
tumult	骚乱	n.	kyle-only	tem4,tem8,toefl,ielts	tem4,tem8	no	yes	no	yes	yes	yes	sao luan	1023	999999	riot [n.] | disturbance [n.]	n. 骚动, 吵闹, 混乱\n[法] 骚乱, 骚动, 暴乱	yes
commence	着手	v.	kyle-only	tem4,tem8,toefl,ielts	ielts,tem4,tem8	no	yes	yes	yes	yes	yes	zhuo shou	1020	999999	start [v.] | begin [v.]	v. (使)开始, 得学位	yes
aptitude	恰当	n.	kyle-only	tem4,tem8,toefl,ielts	toefl	no	yes	no	yes	no	yes	qia dang	926	999999	appropriate [adj.]	n. 资质, 才能, 自然倾向\n[医] 资质, 才能	yes
teem	遍布	v.	kyle-only	tem4,tem8,toefl,ielts	ielts	no	yes	no	yes	yes	yes	bian bu	886	999999	spread all over [v.]	vi. 充满, 充足, 倾注\nvt. 倒出	yes
inundate	压倒	v.	kyle-only	tem4,tem8,toefl,ielts	ielts	no	yes	no	yes	yes	yes	ya dao	851	999999	overwhelm [v.] | overpower [v.]	vt. 浸水, 泛滥, 淹没, 使充满	yes
oblong	椭圆形	n.	kyle-only	tem4,tem8,toefl,ielts	tem4,tem8,toefl	no	yes	no	yes	yes	yes	tuo yuan xing	837	999999	oval [n.] | ellipse [n.]	n. 长方形, 长椭圆形\na. 长方形的, 长椭圆形的	yes
facsimile	副本	n.	kyle-only	tem4,tem8,toefl,ielts	ielts	no	yes	no	yes	yes	yes	fu ben	826	999999	copy [n.] | instance [n.]	n. 摹(真)本, 传真\nvt. 传真, 临摹\na. 复制的\n[计] 复制; 传真; 精确复制	yes
manoeuvre	转动	v.	kyle-only	tem4,tem8,toefl,ielts	ielts	no	yes	no	yes	yes	yes	zhuan dong	816	999999	rotate [v.] | turn [v.]	n. 调遣, 演习, 策略\nvi. 调动, 演习, 用策略\nvt. 调动, 操纵	yes
crusade	十字军	n.	kyle-only	tem4,tem8,toefl,ielts	ielts,toefl	no	yes	no	yes	yes	yes	shi zi jun	785	999999	crusaders [n.]	n. 改革运动, 十字军东侵\nvi. 从事改革运动, 加入十字军	yes
antiquity	古人	n.	kyle-only	tem4,tem8,toefl,ielts	ielts	no	yes	no	yes	yes	yes	gu ren	761	999999	ancients [n.]	n. 古老, 古代, 古代人, 古物	yes
antiquity	高龄	n.	kyle-only	tem4,tem8,toefl,ielts	tem4,tem8	no	yes	no	yes	no	yes	gao ling	694	999999	elderly [adj.]	n. 古老, 古代, 古代人, 古物	yes
aptitude	适宜	n.	kyle-only	tem4,tem8,toefl,ielts	tem4,tem8	no	yes	no	yes	no	yes	shi yi	674	999999	suitable [adj.]	n. 资质, 才能, 自然倾向\n[医] 资质, 才能	yes
bewilder	不知所措	v.	kyle-only	tem4,tem8,toefl,ielts	tem8	no	yes	no	yes	no	yes	bu zhi suo cuo	619	999999	at a loss [phr.]	vt. 使迷惑, 使不知所措	yes
rental	租金	n.	kyle-only	tem4,tem8,toefl,ielts	tem4,tem8	no	yes	no	yes	yes	yes	zu jin	596	999999	rent [n.]	n. 租费, 租金收入\na. 租赁的, 收取租金的	yes
delinquency	过失	n.	kyle-only	tem4,tem8,toefl,ielts	ielts,toefl	no	yes	no	yes	yes	yes	guo shi	585	999999	fault [n.] | negligence [n.]	n. 行为不良, 失职\n[经] 毁约, 怠工, 旷职	yes
resemblance	形似	n.	kyle-only	tem4,tem8,toefl,ielts	toefl	no	yes	no	yes	no	yes	xing si	481	999999	resemble [v.]	n. 相似处, 类似, 肖像	yes
glamour	迷住	v.	kyle-only	tem4,tem8,toefl,ielts	ielts,tem4,tem8	no	yes	no	yes	yes	yes	mi zhu	429	999999	fascinate [v.]	n. 魅力, 迷人的美, 魔法\nvt. 迷惑	yes
oblong	矩形	n.	kyle-only	tem4,tem8,toefl,ielts	toefl	no	yes	no	yes	yes	yes	ju xing	419	999999	rectangle [n.]	n. 长方形, 长椭圆形\na. 长方形的, 长椭圆形的	yes
readily	欣然	adv.	kyle-only	tem4,tem8,toefl,ielts	toefl	no	yes	no	yes	yes	yes	xin ran	405	999999	gladly [adv.]	adv. 迅速地, 轻易地, 乐意地	yes
facsimile	复制品	n.	kyle-only	tem4,tem8,toefl,ielts	ielts	no	yes	no	yes	yes	yes	fu zhi pin	378	999999	copy [n.] | replica [n.]	n. 摹(真)本, 传真\nvt. 传真, 临摹\na. 复制的\n[计] 复制; 传真; 精确复制	yes
teem	涌现	v.	kyle-only	tem4,tem8,toefl,ielts	ielts	no	yes	no	yes	yes	yes	yong xian	331	999999	emerge [v.] | spring up [v.]	vi. 充满, 充足, 倾注\nvt. 倒出	yes
paraphrase	意译	n.	kyle-only	tem4,tem8,toefl,ielts	tem4,tem8	no	yes	no	yes	no	yes	yi yi	286	999999	free translation [v.]	n. 释义, 解述, 改写\nvt. 改写, 解述\nvi. 释义, 意译	yes
grit	研磨	v.	kyle-only	tem4,tem8,toefl,ielts	tem4,tem8	no	yes	no	yes	yes	yes	yan mo	243	999999	grind [v.]	n. 砂砾, 粗砂石\nvt. 覆以砂砾, 咬牙切齿地说\nvi. 摩擦作声	yes
teem	倾泻	v.	kyle-only	tem4,tem8,toefl,ielts	ielts	no	yes	no	yes	yes	yes	qing xie	222	999999	pour down [v.]	vi. 充满, 充足, 倾注\nvt. 倒出	yes
chasm	深坑	n.	kyle-only	tem4,tem8,toefl,ielts	tem4,tem8	no	yes	no	yes	yes	yes	shen keng	212	999999	deep pit [n.]	n. 陷窟, 裂口	yes
scour	冲刷	n.	kyle-only	tem4,tem8,toefl,ielts	tem4,tem8	no	yes	no	yes	no	yes	chong shua	203	999999	wash away [v.] | erode [v.]	vt. 擦亮, 洗涤, 清洗, 冲刷成, 急速穿过\nvi. 擦, 洗, 冲刷, 腹泻, 急速穿行\nn. 擦, 洗, 腹泻, 洗涤剂	yes
tumult	喧哗	n.	kyle-only	tem4,tem8,toefl,ielts	ielts	no	yes	no	yes	no	yes	xuan hua	203	999999	noisy [adj.]	n. 骚动, 吵闹, 混乱\n[法] 骚乱, 骚动, 暴乱	yes
grocery	杂货	n.	kyle-only	tem4,tem8,toefl,ielts	ielts,toefl	no	yes	no	yes	yes	yes	za huo	201	999999	groceries [n.]	n. 食品杂货店, 食品杂货业	yes
antecedent	先辈	n.	kyle-only	tem4,tem8,toefl,ielts	toefl	no	yes	no	yes	yes	yes	xian bei	185	999999	predecessor [n.]	n. 前情, 先行词\na. 先前的, 先行的	yes
dairy	奶制品	n.	kyle-only	tem4,tem8,toefl,ielts	ielts,tem4,tem8,toefl	no	yes	no	yes	yes	yes	nai zhi pin	166	999999	dairy product [n.]	n. 牛奶公司, 乳品店, 乳牛场	yes
aptitude	天资	n.	kyle-only	tem4,tem8,toefl,ielts	ielts,tem4,tem8,toefl	no	yes	no	yes	yes	yes	tian zi	155	999999	talent [n.] | gift [n.]	n. 资质, 才能, 自然倾向\n[医] 资质, 才能	yes
grit	刚毅	n.	kyle-only	tem4,tem8,toefl,ielts	ielts	no	yes	no	yes	no	yes	gang yi	112	999999	resolute [adj.] | firm [adj.]	n. 砂砾, 粗砂石\nvt. 覆以砂砾, 咬牙切齿地说\nvi. 摩擦作声	yes
chore	杂务	n.	kyle-only	tem4,tem8,toefl,ielts	tem4	no	yes	no	yes	yes	yes	za wu	68	999999	chores [n.]	n. 零工, 家务\n[经] 零工	yes
dairy	乳牛	n.	kyle-only	tem4,tem8,toefl,ielts	tem4,tem8	no	yes	no	yes	yes	yes	ru niu	53	999999	dairy cow [n.]	n. 牛奶公司, 乳品店, 乳牛场	yes
grit	咬紧牙关	v.	kyle-only	tem4,tem8,toefl,ielts	tem4,tem8	no	yes	no	yes	no	yes	yao jin ya guan	51	999999	clench teeth [phr.]	n. 砂砾, 粗砂石\nvt. 覆以砂砾, 咬牙切齿地说\nvi. 摩擦作声	yes
inundate	应接不暇	v.	kyle-only	tem4,tem8,toefl,ielts	tem4	no	yes	no	yes	no	yes	ying jie bu xia	43	999999	be overwhelmed [phr.]	vt. 浸水, 泛滥, 淹没, 使充满	yes
delinquency	为非作歹	n.	kyle-only	tem4,tem8,toefl,ielts	ielts	no	yes	no	yes	no	yes	wei fei zuo dai	42	999999	do evil [phr.]	n. 行为不良, 失职\n[经] 毁约, 怠工, 旷职	yes
delinquency	怠工	n.	kyle-only	tem4,tem8,toefl,ielts	tem4,tem8	no	yes	no	yes	no	yes	dai gong	28	999999	slow down work [v.]	n. 行为不良, 失职\n[经] 毁约, 怠工, 旷职	yes
facsimile	复写	n.	kyle-only	tem4,tem8,toefl,ielts	tem4,tem8	no	yes	no	yes	no	yes	fu xie	25	999999	copy [v.] | duplicate [v.]	n. 摹(真)本, 传真\nvt. 传真, 临摹\na. 复制的\n[计] 复制; 传真; 精确复制	yes
facsimile	摹写	n.	kyle-only	tem4,tem8,toefl,ielts	toefl	no	yes	no	yes	no	yes	mo xie	19	999999	copy [v.] | depict [v.]	n. 摹(真)本, 传真\nvt. 传真, 临摹\na. 复制的\n[计] 复制; 传真; 精确复制	yes
poise	泰然自若	n.	kyle-only	tem4,tem8,toefl,ielts	ielts	no	yes	no	yes	no	yes	tai ran zi ruo	15	999999	composed [adj.]	n. 平衡, 均衡, 姿势, 镇静, 安静, 砝码\nvt. 使平衡, 使悬着, 保持...姿势\nvi. 平衡, 悬着, 准备好	yes
scour	擦洗	v.	kyle-only	tem4,tem8,toefl,ielts	ielts	no	yes	yes	yes	yes	yes	ca xi	7	999999	scrub [v.]	vt. 擦亮, 洗涤, 清洗, 冲刷成, 急速穿过\nvi. 擦, 洗, 冲刷, 腹泻, 急速穿行\nn. 擦, 洗, 腹泻, 洗涤剂	yes
situate	位于	v.	kyle-only	tem4,tem8,toefl	toefl	no	yes	no	yes	yes	yes	wei yu	198227	999999	be located [v.]	vt. 使位于, 使处于	yes
pertain	属于	v.	kyle-only	tem8,toefl,ielts	tem8,toefl	no	yes	no	yes	yes	yes	shu yu	75079	999999	belong to [v.]	vi. 从属于, 关于, 涉及, 附属, 适合, 相称\n[法] 属于, 从属, 附属	yes
dining	吃饭	n.	kyle-only	tem8,toefl,ielts	tem8,toefl	no	yes	no	yes	no	yes	chi fan	73312	999999	eat [v.] | have a meal [v.]	n. 正餐, 宴会	yes
patronage	支持	n.	kyle-only	tem8,toefl,ielts	ielts	no	yes	no	yes	no	yes	zhi chi	63877	999999	support [v.]	n. 赞助, 恩赐态度, 光顾, 任免权, 保护人的身分\n[经] 光顾, 资助, 赞助	yes
advent	出现	n.	kyle-only	tem8,toefl,ielts	ielts,tem8,toefl	no	yes	no	yes	no	yes	chu xian	56028	999999	appear [v.] | emerge [v.]	n. 来到, 来临	yes
enact	通过	v.	kyle-only	tem8,toefl,ielts	ielts	no	yes	no	yes	yes	yes	tong guo	52734	999999	pass [v.] | through [v.]	vt. 制定法律, 扮演, 颁布\n[法] 法令, 法规, 条例	yes
enact	发生	v.	kyle-only	tem8,toefl,ielts	tem8	no	yes	no	yes	yes	yes	fa sheng	52040	999999	happen [v.] | occur [v.]	vt. 制定法律, 扮演, 颁布\n[法] 法令, 法规, 条例	yes
disapproval	不喜欢	n.	kyle-only	tem4,tem8,toefl	tem4,tem8	no	yes	no	yes	no	yes	bu xi huan	46090	999999	dislike [v.]	n. 不赞成	yes
accredit	相信	v.	kyle-only	tem8,toefl,ielts	ielts	no	yes	no	yes	yes	yes	xiang xin	44058	999999	believe [v.]	vt. 信托, 确认, 归结于, 委派\n[经] 发行信用证, 信托, 委托	yes
burgeon	发展	v.	kyle-only	tem8,toefl,ielts	ielts,toefl	no	yes	no	yes	yes	yes	fa zhan	42902	999999	develop [v.]	n. 芽, 嫩枝\nv. 萌芽, 发芽	yes
alight	下来	v.	kyle-only	tem8,toefl,ielts	tem8	no	yes	no	yes	yes	yes	xia lai	42853	999999	come down [v.]	vi. 落下, 偶然发现\na. 点着的	yes
rendition	提供	n.	kyle-only	tem8,toefl,ielts	tem8,toefl	no	yes	no	yes	no	yes	ti gong	41559	999999	provide [v.] | offer [v.]	n. 译文, 施舍, 表演\n[经] 生产量	yes
acclaim	欢迎	n.	kyle-only	tem8,toefl,ielts	ielts	no	yes	no	yes	no	yes	huan ying	40985	999999	welcome [v.]	n. 喝彩, 欢呼, 赞同\nv. 欢呼, 喝彩, 称赞	yes
culminate	结束	v.	kyle-only	tem8,toefl,ielts	ielts	no	yes	no	yes	yes	yes	jie shu	40602	999999	end [v.] | finish [v.]	vi. 到绝顶, 达于极点, 达到高潮\nvt. 使到绝顶, 使达到高潮	yes
inculcate	教育	v.	kyle-only	tem8,toefl,ielts	tem8	no	yes	no	yes	no	yes	jiao yu	39845	999999	education [n.]	vt. 反复灌输, 谆谆教诲	yes
consist	存在	v.	kyle-only	tem8,toefl,ielts	ielts	no	yes	no	yes	yes	yes	cun zai	38549	999999	exist [v.]	vi. 组成, 存在于, 一致	yes
pertain	存在	v.	kyle-only	tem8,toefl,ielts	toefl	no	yes	no	yes	yes	yes	cun zai	38549	999999	exist [v.]	vi. 从属于, 关于, 涉及, 附属, 适合, 相称\n[法] 属于, 从属, 附属	yes
sport	运动会	n.	kyle-only	tem8,toefl,ielts	tem8,toefl	no	yes	no	yes	yes	yes	yun dong hui	36520	999999	sports meet [n.] | games [n.]	n. 运动, 游戏, 娱乐, 消遣, 玩笑\na. 运动的, 户外穿戴的\nvi. 游戏, 参加体育运动, 戏弄, 产生变种\nvt. 炫耀, 使产生变种	yes
fruition	完成	n.	kyle-only	tem8,toefl,ielts	ielts,tem8	no	yes	no	yes	no	yes	wan cheng	32579	999999	complete [v.]	n. 成就, 实现, 结果实	yes
invariably	总是	adv.	kyle-only	tem4,toefl,ielts	tem4	no	yes	yes	yes	yes	yes	zong shi	31836	999999	always [adv.]	adv. 不变化地, 恒定地, 始终如一地	yes
mastery	控制	n.	kyle-only	tem4,tem8,ielts	ielts	no	yes	no	yes	no	yes	kong zhi	30760	999999	control [v.]	n. 征服, 统治权, 优势, 精通, 掌握\n[法] 统治权, 控制权, 征服	yes
pinpoint	确定	v.	kyle-only	tem8,toefl,ielts	toefl	no	yes	no	yes	yes	yes	que ding	28494	999999	determine [v.] | confirm [v.]	n. 极小之物, 针尖, 立锥之地, 精确位置\nvt. 精确地找到, 准确地轰炸, 刺穿, 准确描述, 使突出, 强调\na. 针尖的, 极微的, 精确的, 详尽的, 精确定位的	yes
relevance	相关	n.	kyle-only	tem8,toefl,ielts	toefl	no	yes	no	yes	no	yes	xiang guan	27891	999999	related [adj.]	n. 中肯；关联；相关性	yes
literally	简直	adv.	kyle-only	tem8,toefl,ielts	tem8	no	yes	no	yes	yes	yes	jian zhi	26643	999999	simply [adv.] | virtually [adv.]	adv. 逐字地, 按照字面上地, 不夸张地	yes
doubtless	大概	adv.	kyle-only	tem4,tem8,ielts	tem4,tem8	no	yes	no	yes	yes	yes	da gai	26044	999999	probably [adv.]	a. 无疑的, 确定的\nadv. 无疑地, 确定地	yes
outweigh	超过	v.	kyle-only	tem8,toefl,ielts	toefl	no	yes	no	yes	yes	yes	chao guo	24598	999999	exceed [v.] | surpass [v.]	vt. 比...重, 比...重要, 比...有价值	yes
inculcate	教授	v.	kyle-only	tem8,toefl,ielts	tem8	no	yes	no	yes	no	yes	jiao shou	23383	999999	professor [n.]	vt. 反复灌输, 谆谆教诲	yes
inflict	造成	v.	kyle-only	tem8,toefl,ielts	tem8	no	yes	no	yes	yes	yes	zao cheng	23224	999999	cause [v.] | create [v.]	vt. 施以, 加害, 使承受\n[法] 处, 加, 予以	yes
spawn	造成	v.	kyle-only	tem4,tem8,toefl	tem4,tem8	no	yes	no	yes	yes	yes	zao cheng	23224	999999	cause [v.] | create [v.]	n. (鱼)卵, 产物\nvt. 产卵, 酿成, 大量生产\nvi. 产卵, 大量生产	yes
spawn	产生	v.	kyle-only	tem4,tem8,toefl	toefl	no	yes	no	yes	yes	yes	chan sheng	22223	999999	produce [v.] | generate [v.]	n. (鱼)卵, 产物\nvt. 产卵, 酿成, 大量生产\nvi. 产卵, 大量生产	yes
gateway	方法	n.	kyle-only	tem4,tem8,toefl	tem4,tem8	no	yes	no	yes	yes	yes	fang fa	21743	999999	method [n.] | way [n.]	n. 门, 通路\n[计] 网关	yes
pertain	有关	v.	kyle-only	tem8,toefl,ielts	ielts	no	yes	yes	yes	yes	yes	you guan	21032	999999	relate [v.]	vi. 从属于, 关于, 涉及, 附属, 适合, 相称\n[法] 属于, 从属, 附属	yes
relevance	有关	n.	kyle-only	tem8,toefl,ielts	toefl	no	yes	no	yes	no	yes	you guan	21032	999999	relate [v.]	n. 中肯；关联；相关性	yes
regeneration	更新	n.	kyle-only	tem8,toefl,ielts	ielts	no	yes	no	yes	no	yes	geng xin	20976	999999	update [v.]	n. 再生, 重建\n[化] 再生作用	yes
irritation	生气	n.	kyle-only	tem4,tem8,ielts	tem4,tem8	no	yes	no	yes	no	yes	sheng qi	20937	999999	angry [v.]	n. 刺激, 烦恼, 刺激物\n[医] 刺激[作用], 兴奋	yes
onslaught	攻击	n.	kyle-only	tem8,toefl,ielts	toefl	no	yes	no	yes	no	yes	gong ji	19661	999999	attack [v.]	n. 突击, 猛击, 猛攻	yes
renovation	恢复	n.	kyle-only	tem8,toefl,ielts	ielts	no	yes	no	yes	no	yes	hui fu	18517	999999	recover [v.] | restore [v.]	n. 革新, 刷新, 修理\n[化] 改建	yes
revival	恢复	n.	kyle-only	tem8,toefl,ielts	ielts	no	yes	no	yes	no	yes	hui fu	18517	999999	recover [v.] | restore [v.]	n. 复兴, 复活, 恢复精神, 苏醒\n[医] 复苏, 回生, 精神重振	yes
substantiate	证明	v.	kyle-only	tem8,toefl,ielts	ielts,toefl	no	yes	no	yes	yes	yes	zheng ming	17389	999999	prove [v.] | certify [v.]	vt. 使实体化, 证实\n[经] 确证	yes
tally	记录	n.	kyle-only	tem4,tem8,toefl	toefl	no	yes	no	yes	yes	yes	ji lu	16459	999999	record [n.]	n. 符木, 记账, 得分, 比分, 计数器, 标签, 符合, 对应物\nvt. 记录, 点数, 计算, 加标签于, 使符合\nvi. 记帐, 符合, 吻合, 记分\n[计] 计数	yes
relevance	意义	n.	kyle-only	tem8,toefl,ielts	toefl	no	yes	no	yes	yes	yes	yi yi	15673	999999	meaning [n.] | significance [n.]	n. 中肯；关联；相关性	yes
forfeit	失去	v.	kyle-only	tem8,toefl,ielts	ielts	no	yes	no	yes	yes	yes	shi qu	15161	999999	lose [v.]	n. 没收物, 罚金, 丧失\nvt. 没收, 丧失\na. 丧失了的	yes
characterize	描述	v.	kyle-only	tem4,toefl,ielts	toefl	no	yes	no	yes	yes	yes	miao shu	13738	999999	describe [v.]	vt. 描绘...的特性, 刻划...的性格	yes
informed	通知	v.	kyle-only	tem4,tem8,toefl	tem4,tem8	no	yes	no	yes	yes	yes	tong zhi	13354	999999	notify [v.]	a. 见多识广的	yes
upside	上面	n.	kyle-only	tem4,tem8,toefl	tem4,tem8	no	yes	no	yes	yes	yes	shang mian	13026	999999	above [n.] | on [n.]	n. 上侧, 上段, 上部\n[机] 上侧, 上部	yes
rendition	翻译	n.	kyle-only	tem8,toefl,ielts	ielts,toefl	no	yes	no	yes	no	yes	fan yi	12153	999999	translate [v.]	n. 译文, 施舍, 表演\n[经] 生产量	yes
vanquish	击败	v.	kyle-only	tem8,toefl,ielts	ielts,tem8	no	yes	yes	yes	yes	yes	ji bai	12124	999999	defeat [v.] | beat [v.]	vt. 打败, 征服, 克服\n[法] 征服, 战胜, 击败	yes
supposition	想象	n.	kyle-only	tem8,toefl,ielts	ielts,toefl	no	yes	no	yes	no	yes	xiang xiang	10829	999999	imagine [v.]	n. 想像, 推测, 推想\n[法] 假定, 推定, 推测	yes
wane	减少	v.	kyle-only	tem8,toefl,ielts	toefl	no	yes	no	yes	yes	yes	jian shao	10492	999999	reduce [v.] | decrease [v.]	n. 减少, 衰微, 败落, 亏缺, 月亏\nvi. 变小, 亏缺, 衰落, 消逝, 退潮	yes
escalate	升级	v.	kyle-only	tem8,toefl,ielts	ielts	no	yes	no	yes	yes	yes	sheng ji	10324	999999	upgrade [v.]	vi. 逐步扩大, 逐步升高, 逐步增强\nvt. 使逐步上升	yes
fortitude	勇气	n.	kyle-only	tem4,tem8,toefl	tem4,tem8	no	yes	no	yes	yes	yes	yong qi	10232	999999	courage [n.]	n. 刚毅, 坚毅, 不屈不挠	yes
despoil	破坏	v.	kyle-only	tem8,toefl,ielts	ielts	no	yes	no	yes	yes	yes	po huai	10026	999999	destroy [v.] | damage [v.]	vt. 夺取, 掠夺	yes
rendition	演唱	n.	kyle-only	tem8,toefl,ielts	ielts,toefl	no	yes	no	yes	no	yes	yan chang	9826	999999	sing [v.]	n. 译文, 施舍, 表演\n[经] 生产量	yes
consist	符合	v.	kyle-only	tem8,toefl,ielts	tem8	no	yes	no	yes	yes	yes	fu he	9741	999999	conform [v.] | match [v.]	vi. 组成, 存在于, 一致	yes
foodstuff	食物	n.	kyle-only	tem4,tem8,toefl	tem4,tem8	no	yes	no	yes	yes	yes	shi wu	9740	999999	food [n.]	n. 食品, 粮食	yes
engross	吸引	v.	kyle-only	tem8,toefl,ielts	ielts,tem8	no	yes	no	yes	yes	yes	xi yin	9620	999999	attract [v.]	vt. 用大字体书写, 独占(市场), 使全神贯注\n[法] 正式誊写, 以大字写, 囤积	yes
encase	围绕	v.	kyle-only	tem8,toefl,ielts	tem8	no	yes	no	yes	yes	yes	wei rao	9554	999999	surround [v.] | around [v.]	vt. 把...装入箱内, 包住	yes
solicitor	律师	n.	kyle-only	tem8,toefl,ielts	tem8	no	yes	no	yes	yes	yes	lv shi	9139	999999	lawyer [n.]	n. (英)律师, 初级律师, (美)法务官, (美)掮客, 游说者, (美)募捐者\n[经] 募损者, 律师	yes
rendition	给予	n.	kyle-only	tem8,toefl,ielts	toefl	no	yes	no	yes	no	yes	ji yu	8629	999999	give [v.]	n. 译文, 施舍, 表演\n[经] 生产量	yes
sustenance	维持	n.	kyle-only	tem8,toefl,ielts	toefl	no	yes	no	yes	no	yes	wei chi	8546	999999	maintain [v.] | sustain [v.]	n. 生活资料, 生计, 食物, 支持\n[法] 营养物, 维持, 支持	yes
detach	分开	v.	kyle-only	tem8,toefl,ielts	ielts	no	yes	no	yes	yes	yes	fen kai	8218	999999	separate [v.]	vt. 使分离, 分遣\n[机] 摘下, 分离, 卸下	yes
segregate	分开	v.	kyle-only	tem8,toefl,ielts	ielts	no	yes	no	yes	yes	yes	fen kai	8218	999999	separate [v.]	a. 分离的, 被隔离的\nvi. 分离, 隔离, 分凝\nvt. 使分离, 使隔离	yes
renewal	重建	n.	kyle-only	tem8,toefl,ielts	ielts	no	yes	no	yes	no	yes	chong jian	7991	999999	rebuild [v.] | reconstruct [v.]	n. 更新, 革新, 复兴, 恢复, 修补, 补充, 继续, 重订, 重申, 续借\n[经] 更新, 换新, 重申	yes
gateway	入口	n.	kyle-only	tem4,tem8,toefl	toefl	no	yes	no	yes	yes	yes	ru kou	7874	999999	entrance [n.]	n. 门, 通路\n[计] 网关	yes
infection	感染	n.	kyle-only	tem8,toefl,ielts	ielts,tem8,toefl	no	yes	no	yes	no	yes	gan ran	7751	999999	infect [v.]	n. 传染, 影响, 传染病\n[医] 传染, 感染	yes
infection	传播	n.	kyle-only	tem8,toefl,ielts	ielts	no	yes	no	yes	no	yes	chuan bo	7671	999999	spread [v.]	n. 传染, 影响, 传染病\n[医] 传染, 感染	yes
tranquility	安静	n.	kyle-only	tem8,toefl,ielts	ielts	no	yes	no	yes	no	yes	an jing	7600	999999	quiet [adj.]	n. 宁静	yes
latter	后者	n.	kyle-only	tem4,tem8,toefl	toefl	no	yes	no	yes	yes	yes	hou zhe	7596	999999	the latter [n.]	a. 后者的, 较后的, 近来的	yes
delude	诱惑	v.	kyle-only	tem8,toefl,ielts	tem8	no	yes	no	yes	yes	yes	you huo	7174	999999	tempt [v.] | lure [v.]	vt. 迷惑, 蛊惑	yes
irritation	兴奋	n.	kyle-only	tem4,tem8,ielts	tem4,tem8	no	yes	no	yes	no	yes	xing fen	6817	999999	excited [adj.]	n. 刺激, 烦恼, 刺激物\n[医] 刺激[作用], 兴奋	yes
gut	简单的	adj.	kyle-only	tem4,tem8,toefl	tem4,tem8	no	yes	no	yes	yes	yes	jian dan de	6788	999999	simple [adj.]	n. 剧情, 内容, 内脏, 肚子, 海峡, 勇气\nvt. 取出内脏, 毁坏...的内部	yes
companionship	陪伴	n.	kyle-only	tem4,tem8,toefl	tem4,tem8	no	yes	no	yes	no	yes	pei ban	6756	999999	accompany [v.]	n. 交往, 友谊, 一群同伴	yes
consist	在于	v.	kyle-only	tem8,toefl,ielts	ielts,tem8,toefl	no	yes	yes	yes	yes	yes	zai yu	6749	999999	lie in [v.] | depend on [v.]	vi. 组成, 存在于, 一致	yes
observance	庆祝	n.	kyle-only	tem8,toefl,ielts	tem8	no	yes	no	yes	no	yes	qing zhu	6622	999999	celebrate [v.]	n. 观察, 遵守, 仪式, 风俗习惯\n[法] 遵守, 奉行, 惯例	yes
counterbalance	平衡	n.	kyle-only	tem8,toefl,ielts	ielts	no	yes	yes	yes	yes	yes	ping heng	6136	999999	balance [n.]	vt. 使平均, 使平衡, 使弥补\nn. 平衡量, 平衡力, 势均力敌	yes
mundane	世界的	adj.	kyle-only	tem8,toefl,ielts	ielts,tem8	no	yes	no	no	new-key	yes	shi jie de	6030	999999		a. 现世的, 世俗的, 宇宙的	yes
definitive	最后的	adj.	kyle-only	tem8,toefl,ielts	ielts,tem8,toefl	no	yes	no	no	new-key	yes	zui hou de	5975	999999		n. 限定词\na. 限定的, 决定性的	yes
rendition	扮演	n.	kyle-only	tem8,toefl,ielts	ielts	no	yes	no	yes	no	yes	ban yan	5890	999999	play [v.] | act [v.]	n. 译文, 施舍, 表演\n[经] 生产量	yes
obsolete	淘汰	v.	kyle-only	tem8,toefl,ielts	tem8	no	yes	no	yes	yes	yes	tao tai	5818	999999	eliminate [v.] | weed out [v.]	a. 荒废的, 成废物的, 陈旧的, 老式的\nn. 废词, 废物	yes
animate	推动	v.	kyle-only	tem8,toefl,ielts	tem8	no	yes	no	yes	yes	yes	tui dong	5742	999999	promote [v.] | push [v.]	vt. 使有生气, 赋予生命\na. 有生命的, 有生气的	yes
sustenance	营养	n.	kyle-only	tem8,toefl,ielts	ielts	no	yes	yes	yes	yes	yes	ying yang	5594	999999	nutrition [n.]	n. 生活资料, 生计, 食物, 支持\n[法] 营养物, 维持, 支持	yes
eventual	可能的	adj.	kyle-only	tem4,tem8,toefl	tem4,tem8	no	yes	no	yes	yes	yes	ke neng de	5386	999999	possible [adj.]	a. 最后的, 终于的	yes
replicate	重复	v.	kyle-only	tem8,toefl,ielts	ielts	no	yes	yes	yes	yes	yes	chong fu	5312	999999	repeat [v.]	vt. 折叠, 折转, 复制\nn. 复现试验, 复制品, 高八度音\na. 复现的, 复制的, 折转的, 弯回的	yes
gateway	通道	n.	kyle-only	tem4,tem8,toefl	tem4,tem8,toefl	no	yes	no	yes	yes	yes	tong dao	5304	999999	passage [n.] | channel [n.]	n. 门, 通路\n[计] 网关	yes
feeder	支流	n.	kyle-only	tem4,tem8,toefl	tem4,tem8	no	yes	yes	yes	yes	yes	zhi liu	5107	999999	tributary [n.]	n. 饲养者, 供给者, 奶瓶\n[化] 给料器	yes
eligible	合适的	adj.	kyle-only	tem8,toefl,ielts	ielts,tem8,toefl	no	yes	yes	yes	yes	yes	he shi de	5063	999999	suitable [adj.]	a. 有资格当选的, 合格的\nn. 有资格者, 合格者, 适任者	yes
upside	优势	n.	kyle-only	tem4,tem8,toefl	tem4,tem8	no	yes	no	yes	yes	yes	you shi	5060	999999	advantage [n.] | strength [n.]	n. 上侧, 上段, 上部\n[机] 上侧, 上部	yes
encase	包装	v.	kyle-only	tem8,toefl,ielts	tem8	no	yes	no	yes	no	yes	bao zhuang	4933	999999	packaging [n.]	vt. 把...装入箱内, 包住	yes
accredit	信任	v.	kyle-only	tem8,toefl,ielts	ielts,tem8	no	yes	no	yes	yes	yes	xin ren	4913	999999	trust [v.]	vt. 信托, 确认, 归结于, 委派\n[经] 发行信用证, 信托, 委托	yes
dependence	信任	n.	kyle-only	tem4,tem8,toefl	tem4,tem8,toefl	no	yes	no	yes	no	yes	xin ren	4913	999999	trust [v.]	n. 依赖, 依存, 信赖\n[医] 依赖(如对药物的依赖,即瘾或癖), 从属, 偏利共生	yes
deluge	暴雨	n.	kyle-only	tem8,toefl,ielts	tem8	no	yes	no	yes	yes	yes	bao yu	4763	999999	rainstorm [n.]	n. 大洪水, 泛滥\nvt. 使泛滥	yes
emulate	赶上	v.	kyle-only	tem8,toefl,ielts	ielts	no	yes	no	yes	yes	yes	gan shang	4725	999999	catch up [v.]	vt. 效法, 尽力赶上, 同...竞争\n[计] 仿真	yes
apart	分离	adv.	kyle-only	tem8,toefl,ielts	ielts,toefl	no	yes	no	yes	no	yes	fen li	4662	999999	separate [v.]	adv. 成零碎, 成距离, 分别地, 分离着\na. 分离的	yes
detach	分离	v.	kyle-only	tem8,toefl,ielts	ielts,tem8	no	yes	no	yes	yes	yes	fen li	4662	999999	separate [v.]	vt. 使分离, 分遣\n[机] 摘下, 分离, 卸下	yes
rendition	演奏	n.	kyle-only	tem8,toefl,ielts	tem8	no	yes	no	yes	no	yes	yan zou	4585	999999	perform [v.] | play [v.]	n. 译文, 施舍, 表演\n[经] 生产量	yes
detach	派遣	v.	kyle-only	tem8,toefl,ielts	ielts,tem8	no	yes	no	yes	yes	yes	pai qian	4555	999999	dispatch [v.] | send [v.]	vt. 使分离, 分遣\n[机] 摘下, 分离, 卸下	yes
reliance	信心	n.	kyle-only	tem8,toefl,ielts	tem8,toefl	no	yes	no	yes	yes	yes	xin xin	4545	999999	confidence [n.]	n. 信任, 信赖, 受信赖的人(或事)\n[法] 信任, 信赖, 信心	yes
cellular	单元	n.	kyle-only	tem4,tem8,toefl	tem4,tem8	no	yes	no	yes	yes	yes	dan yuan	4512	999999	unit [n.]	a. 细胞的\n[医] 细胞的	yes
aboriginal	原来的	adj.	kyle-only	tem8,toefl,ielts	toefl	no	yes	no	no	new-key	yes	yuan lai de	4482	999999		a. 原始的, 土著的\nn. 土著居民, 土生生物	yes
accredit	授权	v.	kyle-only	tem8,toefl,ielts	ielts,tem8,toefl	no	yes	no	yes	yes	yes	shou quan	4467	999999	authorize [v.]	vt. 信托, 确认, 归结于, 委派\n[经] 发行信用证, 信托, 委托	yes
buoyant	快乐的	adj.	kyle-only	tem8,toefl,ielts	toefl	no	yes	no	yes	yes	yes	kuai le de	4462	999999	happy [adj.]	a. 有浮力的, 心情愉快的\n[经] 降而复升的, 保持高价的, 遂之而升的	yes
enjoyable	快乐的	adj.	kyle-only	tem8,toefl,ielts	tem8	no	yes	no	yes	yes	yes	kuai le de	4462	999999	happy [adj.]	a. 可从中得到乐趣的, 令人愉快的	yes
symbolism	象征	n.	kyle-only	tem8,toefl,ielts	tem8	no	yes	no	yes	yes	yes	xiang zheng	4436	999999	symbol [n.]	n. 象征主义, 符号论\n[医] 象征主义	yes
pertain	适用	v.	kyle-only	tem8,toefl,ielts	toefl	no	yes	no	yes	yes	yes	shi yong	4391	999999	apply [v.]	vi. 从属于, 关于, 涉及, 附属, 适合, 相称\n[法] 属于, 从属, 附属	yes
emulate	模仿	v.	kyle-only	tem8,toefl,ielts	ielts,tem8	no	yes	no	yes	yes	yes	mo fang	4228	999999	imitate [v.] | mimic [v.]	vt. 效法, 尽力赶上, 同...竞争\n[计] 仿真	yes
hind	后面的	adj.	kyle-only	tem4,tem8,toefl	toefl	no	yes	no	no	new-key	yes	hou mian de	4196	999999		n. 雌鹿\na. 后部的, 在后的	yes
latter	后面的	adj.	kyle-only	tem4,tem8,toefl	tem4,tem8,toefl	no	yes	no	no	new-key	yes	hou mian de	4196	999999		a. 后者的, 较后的, 近来的	yes
congregate	集合	v.	kyle-only	tem4,tem8,toefl	tem8	no	yes	no	yes	no	yes	ji he	4087	999999	set [n.] | gathering [n.]	v. (使)集合, (使)聚集\na. 集合在一起的, 集体的	yes
emancipate	解除	v.	kyle-only	tem4,tem8,toefl	toefl	no	yes	no	yes	yes	yes	jie chu	4040	999999	lift [v.] | cancel [v.]	vt. 释放, 解放	yes
humane	善良的	adj.	kyle-only	tem8,toefl,ielts	ielts	no	yes	no	yes	yes	yes	shan liang de	4003	999999	kind [adj.]	a. 有人情的, 人道的, 仁慈的	yes
havoc	混乱	n.	kyle-only	tem8,toefl,ielts	toefl	no	yes	no	yes	no	yes	hun luan	3986	999999	chaotic [adj.] | confused [adj.]	n. 大破坏, 蹂躏\nvt. 严重破坏	yes
incipient	开始的	adj.	kyle-only	tem8,toefl,ielts	ielts	no	yes	no	no	new-key	yes	kai shi de	3956	999999		a. 起初的, 发端的, 初期的\n[医] 初发的, 初期的	yes
advent	到来	n.	kyle-only	tem8,toefl,ielts	ielts,tem8,toefl	no	yes	no	yes	no	yes	dao lai	3928	999999	arrive [v.]	n. 来到, 来临	yes
deplore	谴责	v.	kyle-only	tem8,toefl,ielts	tem8	no	yes	no	yes	yes	yes	qian ze	3881	999999	condemn [v.] | denounce [v.]	vt. 悲悼, 哀叹, 对...深感遗憾	yes
reliance	依赖	n.	kyle-only	tem8,toefl,ielts	ielts,toefl	no	yes	no	yes	no	yes	yi lai	3748	999999	depend [v.]	n. 信任, 信赖, 受信赖的人(或事)\n[法] 信任, 信赖, 信心	yes
congregate	聚集	v.	kyle-only	tem4,tem8,toefl	tem4,tem8	no	yes	no	yes	yes	yes	ju ji	3745	999999	gather [v.] | assemble [v.]	v. (使)集合, (使)聚集\na. 集合在一起的, 集体的	yes
parking	停车场	n.	kyle-only	tem8,toefl,ielts	toefl	no	yes	no	yes	yes	yes	ting che chang	3745	999999	parking lot [n.]	n. 停车\na. 停车的	yes
advertising	公告	v.	kyle-only	tem4,tem8,ielts	tem4,tem8	no	yes	no	yes	no	yes	gong gao	3691	999999	announcement [n.]	n. 广告业, 广告\na. 广告的\n[计] 发广告	yes
relevance	适当	n.	kyle-only	tem8,toefl,ielts	ielts,tem8,toefl	no	yes	no	yes	no	yes	shi dang	3691	999999	appropriate [adj.] | proper [adj.]	n. 中肯；关联；相关性	yes
delude	欺骗	v.	kyle-only	tem8,toefl,ielts	ielts,tem8	no	yes	yes	yes	yes	yes	qi pian	3651	999999	deceive [v.] | cheat [v.]	vt. 迷惑, 蛊惑	yes
teens	青少年	n.	kyle-only	tem4,tem8,toefl	tem4,tem8	no	yes	no	yes	yes	yes	qing shao nian	3638	999999	youth [n.]	n. 十三岁到十九岁	yes
enjoyable	有趣的	adj.	kyle-only	tem8,toefl,ielts	toefl	no	yes	no	yes	yes	yes	you qu de	3609	999999	interesting [adj.]	a. 可从中得到乐趣的, 令人愉快的	yes
enjoyable	愉快的	adj.	kyle-only	tem8,toefl,ielts	toefl	no	yes	yes	yes	yes	yes	yu kuai de	3503	999999	pleasant [adj.] | happy [adj.]	a. 可从中得到乐趣的, 令人愉快的	yes
zest	乐趣	n.	kyle-only	tem8,toefl,ielts	ielts	no	yes	no	yes	yes	yes	le qu	3467	999999	joy [n.] | fun [n.]	n. 兴趣, 热情, 风味, 热心\nvt. 给...调味	yes
facial	美容	n.	kyle-only	tem8,toefl,ielts	tem8	no	yes	no	yes	yes	yes	mei rong	3430	999999	beauty [n.]	n. 美颜, 脸部按摩\na. 脸的, 表面的, 脸部用的	yes
regeneration	新生	n.	kyle-only	tem8,toefl,ielts	ielts	no	yes	no	yes	yes	yes	xin sheng	3407	999999	new student [n.] | new life [n.]	n. 再生, 重建\n[化] 再生作用	yes
graphics	图像	n.	kyle-only	tem4,tem8,toefl	toefl	no	yes	no	yes	yes	yes	tu xiang	3388	999999	image [n.]	n. 制图法, 制图学, 图解算法, 图形显示\n[计] 图形; DOS外部命令:打印图形方式下的屏幕内容	yes
toddle	散步	v.	kyle-only	tem4,tem8,ielts	tem4,tem8	no	yes	no	yes	yes	yes	san bu	3362	999999	take a walk [v.]	vi. 东倒西歪地走, 蹒跚学步, 溜达\nn. 东倒西歪的走路, 蹒跚	yes
forfeit	代价	n.	kyle-only	tem8,toefl,ielts	ielts	no	yes	no	yes	yes	yes	dai jia	3353	999999	cost [n.] | price [n.]	n. 没收物, 罚金, 丧失\nvt. 没收, 丧失\na. 丧失了的	yes
mercantile	商品	n.	kyle-only	tem8,toefl,ielts	tem8	no	yes	no	yes	yes	yes	shang pin	3352	999999	product [n.] | goods [n.]	a. 商业的, 商人的\n[经] 商业的	yes
forfeit	名誉	v.	kyle-only	tem8,toefl,ielts	tem8	no	yes	no	yes	no	yes	ming yu	3347	999999	honor [n.] | reputation [n.]	n. 没收物, 罚金, 丧失\nvt. 没收, 丧失\na. 丧失了的	yes
hitch	障碍	n.	kyle-only	tem4,tem8,toefl	toefl	no	yes	no	yes	yes	yes	zhang ai	3326	999999	obstacle [n.] | barrier [n.]	n. 猛拉, 急推, 蹒跚, 故障\nvt. 猛拉, 系住\nvi. 蹒跚, 被钩住	yes
consequent	结论	n.	kyle-only	tem8,toefl,ielts	toefl	no	yes	no	yes	yes	yes	jie lun	3303	999999	conclusion [n.]	n. 随后发生的事情, 结果\na. 作为结果的, 合乎逻辑的	yes
defiance	反抗	n.	kyle-only	tem4,tem8,ielts	tem4,tem8	no	yes	no	yes	no	yes	fan kang	3151	999999	resist [v.] | rebel [v.]	n. 蔑视, 挑战\n[法] 挑战, 藐视, 违抗	yes
infirmity	缺点	n.	kyle-only	tem8,toefl,ielts	tem8	no	yes	no	yes	yes	yes	que dian	3146	999999	shortcoming [n.] | defect [n.]	n. 虚弱, 病身, 疾病\n[医] 衰弱	yes
digestion	消化	n.	kyle-only	tem4,tem8,toefl	tem4,tem8	no	yes	no	yes	no	yes	xiao hua	3092	999999	digest [v.]	n. 消化力, 领悟\n[化] 消化; 消化作用; 蒸煮; 蒸煮作用; 煮解; 浸提; 陈化	yes
obscurity	模糊	n.	kyle-only	tem4,tem8,ielts	ielts	no	yes	no	yes	no	yes	mo hu	3071	999999	vague [adj.] | blurry [adj.]	n. 阴暗, 朦胧, 晦涩, 费解, 身份低微	yes
feeder	支线	n.	kyle-only	tem4,tem8,toefl	tem4,tem8	no	yes	no	yes	yes	yes	zhi xian	3056	999999	branch line [n.]	n. 饲养者, 供给者, 奶瓶\n[化] 给料器	yes
acclaim	称赞	n.	kyle-only	tem8,toefl,ielts	ielts,tem8	no	yes	no	yes	no	yes	cheng zan	3030	999999	praise [v.] | commend [v.]	n. 喝彩, 欢呼, 赞同\nv. 欢呼, 喝彩, 称赞	yes
gateway	途径	n.	kyle-only	tem4,tem8,toefl	tem4,tem8	no	yes	no	yes	yes	yes	tu jing	2991	999999	way [n.] | route [n.]	n. 门, 通路\n[计] 网关	yes
tranquility	平静	n.	kyle-only	tem8,toefl,ielts	ielts,tem8	no	yes	no	yes	no	yes	ping jing	2957	999999	calm [adj.]	n. 宁静	yes
makeshift	凑合	n.	kyle-only	tem4,tem8,toefl	tem8	no	yes	no	yes	no	yes	cou he	2949	999999	make do [v.]	n. 权宜之计, 临时代用品\na. 权宜的, 临时代用的	yes
splinter	分裂	v.	kyle-only	tem4,tem8,toefl	tem4,tem8,toefl	no	yes	no	yes	yes	yes	fen lie	2936	999999	split [v.] | divide [v.]	n. 碎片, 尖片, 分裂出来的小派别, 微小的东西\nv. 使分裂, (使)破裂	yes
jolt	震惊	n.	kyle-only	tem8,toefl,ielts	tem8,toefl	no	yes	no	yes	no	yes	zhen jing	2902	999999	shock [v.]	n. 震摇, 摇动, 颠簸\nvi. 颠簸而行, 震摇\nvt. 使颠簸, 使慌张, 猛击	yes
jolt	震惊	v.	kyle-only	tem8,toefl,ielts	toefl	no	yes	no	yes	yes	yes	zhen jing	2902	999999	shock [v.]	n. 震摇, 摇动, 颠簸\nvi. 颠簸而行, 震摇\nvt. 使颠簸, 使慌张, 猛击	yes
exclusion	驱逐	n.	kyle-only	tem4,tem8,toefl	tem4,tem8	no	yes	no	yes	no	yes	qu zhu	2901	999999	expel [v.] | drive out [v.]	n. 排除, 除外, 逐出\n[医] 排除, 除外, 分离术	yes
makeshift	将就	n.	kyle-only	tem4,tem8,toefl	tem8	no	yes	no	yes	no	yes	jiang jiu	2864	999999	make do [v.]	n. 权宜之计, 临时代用品\na. 权宜的, 临时代用的	yes
accredit	委任	v.	kyle-only	tem8,toefl,ielts	ielts,toefl	no	yes	no	yes	yes	yes	wei ren	2822	999999	appoint [v.] | entrust [v.]	vt. 信托, 确认, 归结于, 委派\n[经] 发行信用证, 信托, 委托	yes
onslaught	冲击	n.	kyle-only	tem8,toefl,ielts	toefl	no	yes	no	yes	yes	yes	chong ji	2746	999999	impact [n.]	n. 突击, 猛击, 猛攻	yes
outskirts	郊区	n.	kyle-only	tem4,tem8,ielts	tem4,tem8	no	yes	no	yes	yes	yes	jiao qu	2602	999999	suburb [n.]	n. 近郊, 市郊	yes
quell	镇压	v.	kyle-only	tem4,tem8,toefl	tem4,tem8,toefl	no	yes	no	yes	yes	yes	zhen ya	2516	999999	suppress [v.] | put down [v.]	vt. 压制, 平息, 减轻	yes
deluge	洪水	n.	kyle-only	tem8,toefl,ielts	tem8,toefl	no	yes	yes	yes	yes	yes	hong shui	2472	999999	flood [n.]	n. 大洪水, 泛滥\nvt. 使泛滥	yes
detract	去掉	v.	kyle-only	tem8,toefl,ielts	ielts	no	yes	no	yes	yes	yes	qu diao	2466	999999	remove [v.]	vi. 减去, 贬低\nvt. 转移, 分散	yes
beset	困扰	v.	kyle-only	tem8,toefl,ielts	tem8	no	yes	no	yes	yes	yes	kun rao	2458	999999	trouble [v.] | bother [v.]	vt. 围绕, 使苦恼, 镶嵌	yes
hitch	提起	v.	kyle-only	tem4,tem8,toefl	toefl	no	yes	no	yes	yes	yes	ti qi	2418	999999	mention [v.]	n. 猛拉, 急推, 蹒跚, 故障\nvt. 猛拉, 系住\nvi. 蹒跚, 被钩住	yes
delude	逃避	v.	kyle-only	tem8,toefl,ielts	tem8	no	yes	no	yes	yes	yes	tao bi	2403	999999	escape [v.] | avoid [v.]	vt. 迷惑, 蛊惑	yes
scuttle	逃避	v.	kyle-only	tem4,tem8,toefl	tem4,tem8	no	yes	no	yes	yes	yes	tao bi	2403	999999	escape [v.] | avoid [v.]	n. 箩, 筐, 急速逃走, 天窗, 小舱口\nvi. 急速逃走, 急忙撤退\nvt. 凿沉, 毁坏	yes
haphazard	偶然	n.	kyle-only	tem8,toefl,ielts	tem8	no	yes	no	yes	no	yes	ou ran	2394	999999	accidental [adj.]	n. 偶然性, 偶然事件\na. 无计划的, 偶然的, 随便的\nadv. 偶然地	yes
impress	痕迹	n.	kyle-only	tem8,toefl,ielts	tem8	no	yes	no	yes	yes	yes	hen ji	2380	999999	trace [n.] | mark [n.]	n. 印象, 特征, 印记\nvt. 使有印象, 印, 铭刻, 传送, 影响, 强征\nvi. 给人印象	yes
quell	缓解	v.	kyle-only	tem4,tem8,toefl	toefl	no	yes	no	yes	yes	yes	huan jie	2380	999999	relieve [v.] | ease [v.]	vt. 压制, 平息, 减轻	yes
shred	碎片	n.	kyle-only	tem8,toefl,ielts	ielts,tem8,toefl	no	yes	no	yes	yes	yes	sui pian	2369	999999	fragment [n.] | shard [n.]	n. 碎布条, 细片, 少量\nv. 撕碎	yes
quell	消除	v.	kyle-only	tem4,tem8,toefl	tem8	no	yes	no	yes	yes	yes	xiao chu	2344	999999	eliminate [v.]	vt. 压制, 平息, 减轻	yes
obliging	迫使	v.	kyle-only	tem4,toefl,ielts	tem4	no	yes	no	yes	yes	yes	po shi	2326	999999	force [v.] | compel [v.]	a. 乐于施惠的, 体贴的, 有礼貌的	yes
celestial	神仙	n.	kyle-only	tem8,toefl,ielts	tem8,toefl	no	yes	no	yes	yes	yes	shen xian	2315	999999	immortal [n.]	a. 天的, 天国的, 天空的\n[法] 天的, 天空的, 天国的	yes
zest	滋味	n.	kyle-only	tem8,toefl,ielts	ielts	no	yes	no	yes	yes	yes	zi wei	2290	999999	taste [n.]	n. 兴趣, 热情, 风味, 热心\nvt. 给...调味	yes
doubtless	多半	adv.	kyle-only	tem4,tem8,ielts	tem4,tem8	no	yes	no	yes	yes	yes	duo ban	2275	999999	mostly [adv.] | probably [adv.]	a. 无疑的, 确定的\nadv. 无疑地, 确定地	yes
intelligible	聪明的	adj.	kyle-only	tem8,toefl,ielts	toefl	no	yes	no	yes	yes	yes	cong ming de	2258	999999	smart [adj.] | clever [adj.]	a. 可理解的, 易理解的, 纯概念性的	yes
gash	伤口	n.	kyle-only	tem4,tem8,toefl	tem4	no	yes	no	yes	yes	yes	shang kou	2256	999999	wound [n.]	n. 深长的伤口, 很深的裂缝\nv. (使)负深伤, 划开, 砍入很深	yes
allocation	安置	n.	kyle-only	tem8,toefl,ielts	ielts,tem8,toefl	no	yes	no	yes	no	yes	an zhi	2237	999999	place [v.] | settle [v.]	n. 配置, 分配, 拨给\n[经] 分配, 拨款, 分摊	yes
influx	注入	n.	kyle-only	tem8,toefl,ielts	toefl	no	yes	no	yes	no	yes	zhu ru	2213	999999	inject [v.] | pour into [v.]	n. 流入, 河口, 汇集\n[医] 注入, 流入	yes
forfeit	罚款	n.	kyle-only	tem8,toefl,ielts	ielts,toefl	no	yes	no	yes	yes	yes	fa kuan	2185	999999	fine [n.] | penalty [n.]	n. 没收物, 罚金, 丧失\nvt. 没收, 丧失\na. 丧失了的	yes
thwart	阻碍	v.	kyle-only	tem4,tem8,toefl	tem4,tem8,toefl	no	yes	no	yes	yes	yes	zu ai	2043	999999	hinder [v.] | block [v.]	a. 横放的\nvt. 反对, 阻挠, 横过\nprep. 横过\nadv. 横过	yes
prostitution	堕落	n.	kyle-only	tem4,tem8,toefl	toefl	no	yes	no	yes	no	yes	duo luo	2024	999999	degenerate [v.]	n. 卖淫, 糟蹋, 滥用\n[法] 卖淫, 滥用	yes
touchdown	降落	n.	kyle-only	tem4,tem8,toefl	tem4,tem8	no	yes	no	yes	no	yes	jiang luo	1971	999999	land [v.] | descend [v.]	n. 触地, 触地得分, 着地	yes
obsolete	废弃	v.	kyle-only	tem8,toefl,ielts	tem8	no	yes	no	yes	yes	yes	fei qi	1966	999999	abandon [v.] | discard [v.]	a. 荒废的, 成废物的, 陈旧的, 老式的\nn. 废词, 废物	yes
counterbalance	弥补	v.	kyle-only	tem8,toefl,ielts	toefl	no	yes	yes	yes	yes	yes	mi bu	1937	999999	make up for [v.] | compensate [v.]	vt. 使平均, 使平衡, 使弥补\nn. 平衡量, 平衡力, 势均力敌	yes
chic	时髦	n.	kyle-only	tem8,toefl,ielts	tem8	no	yes	no	yes	no	yes	shi mao	1908	999999	fashionable [adj.]	n. 漂亮, 别致的款式\na. 漂亮的, 别致的	yes
gut	直觉	n.	kyle-only	tem4,tem8,toefl	tem4,tem8	no	yes	no	yes	yes	yes	zhi jue	1757	999999	intuition [n.]	n. 剧情, 内容, 内脏, 肚子, 海峡, 勇气\nvt. 取出内脏, 毁坏...的内部	yes
agony	苦恼	n.	kyle-only	tem4,tem8,ielts	tem4,tem8	no	yes	no	yes	yes	yes	ku nao	1728	999999	trouble [n.] | worry [n.]	n. 极大的痛苦, 挣扎\n[医] 濒死苦闷; 剧痛	yes
partisan	游击队	n.	kyle-only	tem8,toefl,ielts	tem8	no	yes	no	yes	yes	yes	you ji dui	1717	999999	guerrilla [n.]	n. 党羽, 虔诚信徒, 同党, 游击队员\na. 党派的, 偏袒的, 效忠的, 献身的, 盲目推崇的	yes
dependence	依靠	n.	kyle-only	tem4,tem8,toefl	tem4,tem8,toefl	no	yes	no	yes	no	yes	yi kao	1675	999999	rely on [v.]	n. 依赖, 依存, 信赖\n[医] 依赖(如对药物的依赖,即瘾或癖), 从属, 偏利共生	yes
reliance	依靠	n.	kyle-only	tem8,toefl,ielts	ielts,toefl	no	yes	no	yes	no	yes	yi kao	1675	999999	rely on [v.]	n. 信任, 信赖, 受信赖的人(或事)\n[法] 信任, 信赖, 信心	yes
supposition	猜测	n.	kyle-only	tem8,toefl,ielts	ielts	no	yes	no	yes	no	yes	cai ce	1670	999999	guess [v.]	n. 想像, 推测, 推想\n[法] 假定, 推定, 推测	yes
allegiance	忠诚	n.	kyle-only	tem8,toefl,ielts	ielts,tem8,toefl	no	yes	no	yes	no	yes	zhong cheng	1664	999999	loyal [adj.] | faithful [adj.]	n. 忠贞, 效忠	yes
observance	礼仪	n.	kyle-only	tem8,toefl,ielts	ielts	no	yes	no	yes	yes	yes	li yi	1633	999999	etiquette [n.] | manners [n.]	n. 观察, 遵守, 仪式, 风俗习惯\n[法] 遵守, 奉行, 惯例	yes
detract	诋毁	v.	kyle-only	tem8,toefl,ielts	toefl	no	yes	no	yes	yes	yes	di hui	1547	999999	slander [v.] | defame [v.]	vi. 减去, 贬低\nvt. 转移, 分散	yes
wane	减弱	v.	kyle-only	tem8,toefl,ielts	toefl	no	yes	no	yes	yes	yes	jian ruo	1510	999999	weaken [v.] | diminish [v.]	n. 减少, 衰微, 败落, 亏缺, 月亏\nvi. 变小, 亏缺, 衰落, 消逝, 退潮	yes
captivity	拘留	n.	kyle-only	tem8,toefl,ielts	ielts,toefl	no	yes	no	yes	no	yes	ju liu	1507	999999	detain [v.]	n. 囚禁, 被关\n[法] 囚禁, 被俘, 俘虏	yes
aboriginal	土著	n.	kyle-only	tem8,toefl,ielts	toefl	no	yes	no	yes	yes	yes	tu zhu	1489	999999	indigenous [n.]	a. 原始的, 土著的\nn. 土著居民, 土生生物	yes
thesaurus	词典	n.	kyle-only	tem4,tem8,ielts	ielts	no	yes	no	yes	yes	yes	ci dian	1488	999999	dictionary [n.]	n. 专类辞典, 宝库, 知识宝库, 叙词表, 主题词表\n[计] 同义词, 同义词典	yes
bereave	剥夺	v.	kyle-only	tem8,toefl,ielts	ielts,tem8	no	yes	no	yes	yes	yes	bo duo	1379	999999	deprive [v.]	vt. 使孤寂, 使丧失, 使失去	yes
despoil	剥夺	v.	kyle-only	tem8,toefl,ielts	tem8	no	yes	no	yes	yes	yes	bo duo	1379	999999	deprive [v.]	vt. 夺取, 掠夺	yes
bungalow	小屋	n.	kyle-only	tem4,tem8,ielts	tem4,tem8	no	yes	no	yes	yes	yes	xiao wu	1361	999999	hut [n.] | cabin [n.]	n. 平房	yes
tumour	肿瘤	n.	kyle-only	tem4,tem8,ielts	ielts,tem4,tem8	no	yes	yes	yes	yes	yes	zhong liu	1348	999999	tumor [n.]	n. 瘤, 肿块	yes
knuckle	关节	n.	kyle-only	tem4,tem8,toefl	tem4,tem8,toefl	no	yes	no	yes	yes	yes	guan jie	1308	999999	joint [n.]	n. 指节, 蹄爪, 膝关节\nv. 以指节打, 以手指射	yes
patronage	庇护	n.	kyle-only	tem8,toefl,ielts	tem8	no	yes	no	yes	no	yes	bi hu	1284	999999	shelter [v.]	n. 赞助, 恩赐态度, 光顾, 任免权, 保护人的身分\n[经] 光顾, 资助, 赞助	yes
spawn	促成	v.	kyle-only	tem4,tem8,toefl	toefl	no	yes	no	yes	yes	yes	cu cheng	1265	999999	facilitate [v.]	n. (鱼)卵, 产物\nvt. 产卵, 酿成, 大量生产\nvi. 产卵, 大量生产	yes
advent	降临	n.	kyle-only	tem8,toefl,ielts	ielts	no	yes	no	yes	no	yes	jiang lin	1250	999999	descend [v.] | arrive [v.]	n. 来到, 来临	yes
overrule	否决	v.	kyle-only	tem4,tem8,ielts	tem4,tem8	no	yes	no	yes	yes	yes	fou jue	1247	999999	veto [v.] | reject [v.]	vt. 统治, 威压, 打败, 驳回\n[法] 否决, 驳回, 批驳	yes
defiance	挑衅	n.	kyle-only	tem4,tem8,ielts	ielts	no	yes	no	yes	no	yes	tiao xin	1217	999999	provoke [v.]	n. 蔑视, 挑战\n[法] 挑战, 藐视, 违抗	yes
quell	制止	v.	kyle-only	tem4,tem8,toefl	tem4,toefl	no	yes	no	yes	yes	yes	zhi zhi	1190	999999	stop [v.] | prevent [v.]	vt. 压制, 平息, 减轻	yes
eruption	发作	n.	kyle-only	tem8,toefl,ielts	ielts	no	yes	no	yes	no	yes	fa zuo	1171	999999	attack [v.]	n. 爆发, 喷出物, 出疹\n[化] 喷发	yes
graphics	图形	n.	kyle-only	tem4,tem8,toefl	toefl	no	yes	no	yes	yes	yes	tu xing	1153	999999	graphic [n.] | shape [n.]	n. 制图法, 制图学, 图解算法, 图形显示\n[计] 图形; DOS外部命令:打印图形方式下的屏幕内容	yes
zest	狂热	n.	kyle-only	tem8,toefl,ielts	toefl	no	yes	no	yes	no	yes	kuang re	1144	999999	fanatical [adj.] | crazy [adj.]	n. 兴趣, 热情, 风味, 热心\nvt. 给...调味	yes
jolt	震动	n.	kyle-only	tem8,toefl,ielts	toefl	no	yes	no	yes	no	yes	zhen dong	1123	999999	shake [v.] | vibrate [v.]	n. 震摇, 摇动, 颠簸\nvi. 颠簸而行, 震摇\nvt. 使颠簸, 使慌张, 猛击	yes
jolt	震动	v.	kyle-only	tem8,toefl,ielts	toefl	no	yes	no	yes	yes	yes	zhen dong	1123	999999	shake [v.] | vibrate [v.]	n. 震摇, 摇动, 颠簸\nvi. 颠簸而行, 震摇\nvt. 使颠簸, 使慌张, 猛击	yes
engross	占用	v.	kyle-only	tem8,toefl,ielts	ielts	no	yes	yes	yes	yes	yes	zhan yong	1115	999999	occupy [v.] | take up [v.]	vt. 用大字体书写, 独占(市场), 使全神贯注\n[法] 正式誊写, 以大字写, 囤积	yes
exclusion	排斥	n.	kyle-only	tem4,tem8,toefl	tem4,tem8	no	yes	no	yes	no	yes	pai chi	1109	999999	reject [v.] | exclude [v.]	n. 排除, 除外, 逐出\n[医] 排除, 除外, 分离术	yes
solitude	隐居	n.	kyle-only	tem4,tem8,toefl	tem4,tem8	no	yes	no	yes	no	yes	yin ju	1109	999999	seclude [v.]	n. 孤独, 单独, 孤寂	yes
mastery	熟练	n.	kyle-only	tem4,tem8,ielts	ielts,tem4	no	yes	no	yes	no	yes	shu lian	1102	999999	skilled [adj.]	n. 征服, 统治权, 优势, 精通, 掌握\n[法] 统治权, 控制权, 征服	yes
plaza	购物中心	n.	kyle-only	tem4,tem8,toefl	tem4,tem8	no	yes	yes	yes	yes	yes	gou wu zhong xin	1078	999999	shopping mall [n.]	n. 广场, 市场, 购物区	yes
replicate	再生	v.	kyle-only	tem8,toefl,ielts	ielts,toefl	no	yes	no	yes	yes	yes	zai sheng	1048	999999	regenerate [v.]	vt. 折叠, 折转, 复制\nn. 复现试验, 复制品, 高八度音\na. 复现的, 复制的, 折转的, 弯回的	yes
detach	拆卸	v.	kyle-only	tem8,toefl,ielts	ielts,toefl	no	yes	no	yes	yes	yes	chai xie	1039	999999	dismantle [v.] | disassemble [v.]	vt. 使分离, 分遣\n[机] 摘下, 分离, 卸下	yes
observance	惯例	n.	kyle-only	tem8,toefl,ielts	tem8	no	yes	no	yes	yes	yes	guan li	1009	999999	convention [n.]	n. 观察, 遵守, 仪式, 风俗习惯\n[法] 遵守, 奉行, 惯例	yes
havoc	损毁	v.	kyle-only	tem8,toefl,ielts	tem8	no	yes	no	yes	yes	yes	sun hui	1005	999999	damage [v.]	n. 大破坏, 蹂躏\nvt. 严重破坏	yes
daunt	沮丧	v.	kyle-only	tem8,toefl,ielts	toefl	no	yes	no	yes	no	yes	ju sang	989	999999	dejected [adj.] | frustrated [adj.]	vt. 威吓, 难倒, 使气馁	yes
revival	复原	n.	kyle-only	tem8,toefl,ielts	ielts	no	yes	no	yes	no	yes	fu yuan	989	999999	restore [v.] | recover [v.]	n. 复兴, 复活, 恢复精神, 苏醒\n[医] 复苏, 回生, 精神重振	yes
eruption	喷发	n.	kyle-only	tem8,toefl,ielts	tem8	no	yes	no	yes	no	yes	pen fa	934	999999	erupt [v.]	n. 爆发, 喷出物, 出疹\n[化] 喷发	yes
vogue	风气	n.	kyle-only	tem8,toefl,ielts	toefl	no	yes	no	yes	yes	yes	feng qi	916	999999	atmosphere [n.] | tendency [n.]	n. 时尚, 时髦, 流行\na. 流行的, 时髦的	yes
shred	些许	n.	kyle-only	tem8,toefl,ielts	toefl	no	yes	no	yes	no	yes	xie xu	908	999999	a little [adj.]	n. 碎布条, 细片, 少量\nv. 撕碎	yes
culminate	告终	v.	kyle-only	tem8,toefl,ielts	ielts,toefl	no	yes	no	yes	yes	yes	gao zhong	904	999999	end [v.] | terminate [v.]	vi. 到绝顶, 达于极点, 达到高潮\nvt. 使到绝顶, 使达到高潮	yes
tinge	染色	v.	kyle-only	tem8,toefl,ielts	ielts	no	yes	no	yes	yes	yes	ran se	900	999999	dye [v.] | stain [v.]	n. 色调, 色彩, 气味, 气息\nvt. 染, 使带气息	yes
carcass	残骸	n.	kyle-only	tem4,tem8,toefl	tem4,tem8	no	yes	no	yes	yes	yes	can hai	896	999999	wreckage [n.] | remains [n.]	n. 尸体\n[医] 屠体(宰后除脏的畜体)	yes
abate	降价	v.	kyle-only	tem8,toefl,ielts	ielts	no	yes	no	yes	yes	yes	jiang jia	891	999999	reduce price [v.]	vt. 减少, 减轻, 减弱, 废除, 打折扣\nvi. 减轻, 减弱, 减少, 失效, 被废除	yes
apart	除去	adv.	kyle-only	tem8,toefl,ielts	ielts	no	yes	no	yes	no	yes	chu qu	891	999999	remove [v.] | eliminate [v.]	adv. 成零碎, 成距离, 分别地, 分离着\na. 分离的	yes
resilience	弹性	n.	kyle-only	tem8,toefl,ielts	ielts,toefl	no	yes	no	yes	yes	yes	tan xing	879	999999	elasticity [n.] | flexibility [n.]	n. 弹回, 有弹力, 恢复力\n[化] 回弹; 弹性; 弹回性; 回能; 弹能	yes
fend	抵挡	v.	kyle-only	tem8,toefl,ielts	ielts	no	yes	yes	yes	yes	yes	di dang	878	999999	resist [v.] | withstand [v.]	vt. 击退, 保护, 供养	yes
tinge	风味	n.	kyle-only	tem8,toefl,ielts	tem8	no	yes	no	yes	yes	yes	feng wei	869	999999	flavor [n.]	n. 色调, 色彩, 气味, 气息\nvt. 染, 使带气息	yes
wane	衰退	n.	kyle-only	tem8,toefl,ielts	tem8	no	yes	no	yes	no	yes	shuai tui	869	999999	decline [v.] | recede [v.]	n. 减少, 衰微, 败落, 亏缺, 月亏\nvi. 变小, 亏缺, 衰落, 消逝, 退潮	yes
wane	衰退	v.	kyle-only	tem8,toefl,ielts	ielts,toefl	no	yes	yes	yes	yes	yes	shuai tui	869	999999	decline [v.] | recede [v.]	n. 减少, 衰微, 败落, 亏缺, 月亏\nvi. 变小, 亏缺, 衰落, 消逝, 退潮	yes
supposition	见解	n.	kyle-only	tem8,toefl,ielts	tem8	no	yes	no	yes	yes	yes	jian jie	868	999999	view [n.] | opinion [n.]	n. 想像, 推测, 推想\n[法] 假定, 推定, 推测	yes
touchdown	着陆	n.	kyle-only	tem4,tem8,toefl	tem4,tem8	no	yes	no	yes	no	yes	zhuo lu	864	999999	land [v.]	n. 触地, 触地得分, 着地	yes
deluge	压倒	v.	kyle-only	tem8,toefl,ielts	tem8	no	yes	yes	yes	yes	yes	ya dao	851	999999	overwhelm [v.] | overpower [v.]	n. 大洪水, 泛滥\nvt. 使泛滥	yes
outweigh	胜过	v.	kyle-only	tem8,toefl,ielts	ielts	no	yes	no	yes	yes	yes	sheng guo	845	999999	surpass [v.] | beat [v.]	vt. 比...重, 比...重要, 比...有价值	yes
glisten	闪光	v.	kyle-only	tem4,tem8,toefl	tem4,tem8,toefl	no	yes	no	yes	no	yes	shan guang	841	999999	flash [n.] | glint [n.]	vi. 闪亮, 辉耀\nn. 闪光, 闪耀	yes
thesaurus	辞典	n.	kyle-only	tem4,tem8,ielts	tem4,tem8	no	yes	no	yes	yes	yes	ci dian	821	999999	dictionary [n.]	n. 专类辞典, 宝库, 知识宝库, 叙词表, 主题词表\n[计] 同义词, 同义词典	yes
teens	十几岁	n.	kyle-only	tem4,tem8,toefl	tem4,tem8	no	yes	no	yes	yes	yes	shi ji sui	816	999999	teenage [n.]	n. 十三岁到十九岁	yes
tarnish	瑕疵	n.	kyle-only	tem8,toefl,ielts	toefl	no	yes	no	yes	yes	yes	xia ci	808	999999	flaw [n.] | defect [n.]	n. 失泽, 失泽膜, 污点\nvt. 使失去光泽, 玷污\nvi. 失去光泽, 被玷污	yes
wane	衰落	n.	kyle-only	tem8,toefl,ielts	toefl	no	yes	no	yes	no	yes	shuai luo	760	999999	decline [v.]	n. 减少, 衰微, 败落, 亏缺, 月亏\nvi. 变小, 亏缺, 衰落, 消逝, 退潮	yes
expanse	广阔	n.	kyle-only	tem4,tem8,toefl	toefl	no	yes	no	yes	no	yes	guang kuo	751	999999	vast [adj.] | broad [adj.]	n. 宽阔区域, 宽阔, 天空	yes
regeneration	重生	n.	kyle-only	tem8,toefl,ielts	tem8	no	yes	no	yes	no	yes	chong sheng	733	999999	rebirth [v.]	n. 再生, 重建\n[化] 再生作用	yes
apart	相距	adv.	kyle-only	tem8,toefl,ielts	tem8	no	yes	no	yes	no	yes	xiang ju	724	999999	be apart [v.]	adv. 成零碎, 成距离, 分别地, 分离着\na. 分离的	yes
speck	灰尘	n.	kyle-only	tem4,tem8,toefl	tem4,tem8	no	yes	no	yes	yes	yes	hui chen	724	999999	dust [n.]	n. 斑点, 有斑点的东西, 污点, 缺点, 微粒, 肥肉\nvt. 使有斑点	yes
zest	趣味	n.	kyle-only	tem8,toefl,ielts	toefl	no	yes	no	yes	yes	yes	qu wei	724	999999	hobby [n.] | taste [n.]	n. 兴趣, 热情, 风味, 热心\nvt. 给...调味	yes
ruffle	扰乱	v.	kyle-only	tem8,toefl,ielts	tem8	no	yes	no	yes	yes	yes	rao luan	705	999999	disturb [v.] | disrupt [v.]	n. 皱褶, 波纹, 生气, 混乱\nvt. 弄皱, 触怒, 洗(牌), 连续轻擂(鼓)\nvi. 起皱, 发脾气, 连续轻擂	yes
envision	展望	v.	kyle-only	tem4,tem8,toefl	tem8,toefl	no	yes	no	yes	yes	yes	zhan wang	697	999999	look ahead [v.] | prospect [v.]	vt. 想象, 预想	yes
engross	独占	v.	kyle-only	tem8,toefl,ielts	tem8	no	yes	no	yes	yes	yes	du zhan	696	999999	monopolize [v.]	vt. 用大字体书写, 独占(市场), 使全神贯注\n[法] 正式誊写, 以大字写, 囤积	yes
solitude	独处	n.	kyle-only	tem4,tem8,toefl	toefl	no	yes	no	yes	no	yes	du chu	691	999999	be alone [v.]	n. 孤独, 单独, 孤寂	yes
despoil	蹂躏	v.	kyle-only	tem8,toefl,ielts	ielts,toefl	no	yes	no	yes	yes	yes	rou lin	690	999999	trample [v.] | ravage [v.]	vt. 夺取, 掠夺	yes
symbolism	记号	n.	kyle-only	tem8,toefl,ielts	tem8	no	yes	no	yes	yes	yes	ji hao	684	999999	mark [n.]	n. 象征主义, 符号论\n[医] 象征主义	yes
observance	奉行	n.	kyle-only	tem8,toefl,ielts	ielts	no	yes	no	yes	no	yes	feng xing	682	999999	pursue [v.]	n. 观察, 遵守, 仪式, 风俗习惯\n[法] 遵守, 奉行, 惯例	yes
cooperation	协作	n.	kyle-only	tem8,toefl,ielts	ielts,tem8,toefl	no	yes	no	yes	no	yes	xie zuo	677	999999	cooperate [v.]	n. 合作, 协力, 配合\n[化] 合作	yes
expanse	苍天	n.	kyle-only	tem4,tem8,toefl	tem8	no	yes	no	yes	yes	yes	cang tian	647	999999	blue sky [n.]	n. 宽阔区域, 宽阔, 天空	yes
upside	上边	n.	kyle-only	tem4,tem8,toefl	toefl	no	yes	no	yes	yes	yes	shang bian	631	999999	above [n.]	n. 上侧, 上段, 上部\n[机] 上侧, 上部	yes
irritation	激怒	n.	kyle-only	tem4,tem8,ielts	ielts,tem4,tem8	no	yes	no	yes	no	yes	ji nu	622	999999	enrage [v.]	n. 刺激, 烦恼, 刺激物\n[医] 刺激[作用], 兴奋	yes
condolence	慰问	n.	kyle-only	tem4,tem8,ielts	ielts,tem4,tem8	no	yes	no	yes	no	yes	wei wen	614	999999	console [v.]	n. 哀悼, 吊唁	yes
scuffle	乱斗	v.	kyle-only	tem8,toefl,ielts	tem8	no	yes	no	yes	no	yes	luan dou	595	999999	brawl [n.]	vi. 扭打, 混战, 拖着脚走, 敷衍了事\nn. 扭打, 混战, 拖着脚走	yes
characterize	刻画	v.	kyle-only	tem4,toefl,ielts	toefl	no	yes	no	yes	yes	yes	ke hua	589	999999	depict [v.] | portray [v.]	vt. 描绘...的特性, 刻划...的性格	yes
jolt	摇晃	n.	kyle-only	tem8,toefl,ielts	tem8	no	yes	no	yes	no	yes	yao huang	589	999999	shake [v.] | sway [v.]	n. 震摇, 摇动, 颠簸\nvi. 颠簸而行, 震摇\nvt. 使颠簸, 使慌张, 猛击	yes
jolt	摇晃	v.	kyle-only	tem8,toefl,ielts	tem8	no	yes	no	yes	yes	yes	yao huang	589	999999	shake [v.] | sway [v.]	n. 震摇, 摇动, 颠簸\nvi. 颠簸而行, 震摇\nvt. 使颠簸, 使慌张, 猛击	yes
presumption	傲慢	n.	kyle-only	tem8,toefl,ielts	ielts,tem8	no	yes	no	yes	no	yes	ao man	574	999999	arrogant [adj.] | haughty [adj.]	n. 专横, 放肆, 假定, 推测\n[法] 假定, 推测, 设想	yes
influx	涌入	n.	kyle-only	tem8,toefl,ielts	toefl	no	yes	no	yes	no	yes	yong ru	573	999999	flood into [v.]	n. 流入, 河口, 汇集\n[医] 注入, 流入	yes
painstaking	刻苦	n.	kyle-only	tem8,toefl,ielts	ielts	no	yes	no	yes	no	yes	ke ku	569	999999	diligent [adj.] | hardworking [adj.]	n. 辛苦, 苦心, 工夫\na. 辛苦的, 勤勉的, 小心的	yes
despoil	抢夺	v.	kyle-only	tem8,toefl,ielts	ielts	no	yes	no	yes	yes	yes	qiang duo	563	999999	snatch [v.]	vt. 夺取, 掠夺	yes
arable	耕地	n.	kyle-only	tem8,toefl,ielts	ielts	no	yes	no	yes	yes	yes	geng di	559	999999	farmland [n.]	a. 适于耕种的, 可耕的	yes
plaza	集市	n.	kyle-only	tem4,tem8,toefl	toefl	no	yes	no	yes	yes	yes	ji shi	554	999999	market [n.] | fair [n.]	n. 广场, 市场, 购物区	yes
presumption	无理	n.	kyle-only	tem8,toefl,ielts	ielts	no	yes	no	yes	no	yes	wu li	553	999999	unreasonable [adj.]	n. 专横, 放肆, 假定, 推测\n[法] 假定, 推测, 设想	yes
solitude	独居	n.	kyle-only	tem4,tem8,toefl	toefl	no	yes	no	yes	no	yes	du ju	553	999999	live alone [v.]	n. 孤独, 单独, 孤寂	yes
layoff	停工	n.	kyle-only	tem4,tem8,ielts	ielts	no	yes	no	yes	no	yes	ting gong	548	999999	stop work [v.]	n. 临时解雇, 操作停止, 活动停止期间	yes
gape	张口	v.	kyle-only	tem8,toefl,ielts	ielts	no	yes	no	yes	yes	yes	zhang kou	546	999999	open mouth [v.]	n. 裂口, 张嘴, 打哈欠\nvi. 裂开, 张嘴, 打哈欠	yes
consequent	推论	n.	kyle-only	tem8,toefl,ielts	toefl	no	yes	no	yes	yes	yes	tui lun	538	999999	inference [n.]	n. 随后发生的事情, 结果\na. 作为结果的, 合乎逻辑的	yes
thwart	挫败	v.	kyle-only	tem4,tem8,toefl	tem4,tem8	no	yes	yes	yes	yes	yes	cuo bai	535	999999	defeat [v.] | frustrate [v.]	a. 横放的\nvt. 反对, 阻挠, 横过\nprep. 横过\nadv. 横过	yes
animate	鼓舞	v.	kyle-only	tem8,toefl,ielts	tem8,toefl	no	yes	yes	yes	yes	yes	gu wu	528	999999	inspire [v.] | encourage [v.]	vt. 使有生气, 赋予生命\na. 有生命的, 有生气的	yes
gut	肠子	n.	kyle-only	tem4,tem8,toefl	tem4,tem8	no	yes	yes	yes	yes	yes	chang zi	522	999999	intestine [n.]	n. 剧情, 内容, 内脏, 肚子, 海峡, 勇气\nvt. 取出内脏, 毁坏...的内部	yes
inflict	强加	v.	kyle-only	tem8,toefl,ielts	ielts	no	yes	yes	yes	yes	yes	qiang jia	501	999999	impose [v.]	vt. 施以, 加害, 使承受\n[法] 处, 加, 予以	yes
sleigh	雪橇	n.	kyle-only	tem4,tem8,toefl	tem4,tem8,toefl	no	yes	yes	yes	yes	yes	xue qiao	501	999999	sled [n.] | sledge [n.]	n. 雪撬\nvt. 用雪撬搬运\nvi. 乘雪撬	yes
supposition	假定	n.	kyle-only	tem8,toefl,ielts	ielts,tem8,toefl	no	yes	no	yes	no	yes	jia ding	500	999999	assume [v.] | suppose [v.]	n. 想像, 推测, 推想\n[法] 假定, 推定, 推测	yes
favourite	亲信	n.	kyle-only	tem4,tem8,ielts	ielts	no	yes	no	yes	yes	yes	qin xin	498	999999	confidant [n.]	n. 喜欢的事物\na. 喜爱的, 宠爱的	yes
raven	劫掠	n.	kyle-only	tem4,tem8,toefl	tem4,tem8	no	yes	no	yes	no	yes	jie lve	487	999999	plunder [v.] | loot [v.]	n. 渡鸦, 掠夺\na. 乌黑的\nv. 掠夺, 狼吞虎咽	yes
substitution	置换	n.	kyle-only	tem4,tem8,ielts	ielts	no	yes	no	yes	no	yes	zhi huan	484	999999	replace [v.] | displace [v.]	n. 代替, 替换, 代替物\n[计] 置换	yes
gut	胆量	n.	kyle-only	tem4,tem8,toefl	tem4,tem8	no	yes	no	yes	yes	yes	dan liang	470	999999	courage [n.]	n. 剧情, 内容, 内脏, 肚子, 海峡, 勇气\nvt. 取出内脏, 毁坏...的内部	yes
spawn	菌丝	n.	kyle-only	tem4,tem8,toefl	tem4,tem8	no	yes	no	yes	yes	yes	jun si	455	999999	hypha [n.]	n. (鱼)卵, 产物\nvt. 产卵, 酿成, 大量生产\nvi. 产卵, 大量生产	yes
fend	谋生	v.	kyle-only	tem8,toefl,ielts	tem8	no	yes	no	yes	yes	yes	mou sheng	442	999999	make a living [v.]	vt. 击退, 保护, 供养	yes
entwine	缠绕	v.	kyle-only	tem8,toefl,ielts	tem8	no	yes	yes	yes	yes	yes	chan rao	438	999999	wind [v.] | twine [v.]	v. (使)缠住, (使)盘绕, (使)纠缠	yes
revival	复苏	n.	kyle-only	tem8,toefl,ielts	toefl	no	yes	no	yes	no	yes	fu su	411	999999	revive [v.]	n. 复兴, 复活, 恢复精神, 苏醒\n[医] 复苏, 回生, 精神重振	yes
pervade	弥漫	v.	kyle-only	tem8,toefl,ielts	ielts,tem8	no	yes	yes	yes	yes	yes	mi man	398	999999	permeate [v.] | fill [v.]	vt. 弥漫于, 遍及于, 流行于, 蔓延, 渗透于, 充满	yes
thrift	节俭	n.	kyle-only	tem4,tem8,toefl	tem4,tem8,toefl	no	yes	no	yes	no	yes	jie jian	395	999999	frugal [adj.]	n. 节约, 茂盛, 海石竹	yes
acumen	精明	n.	kyle-only	tem8,toefl,ielts	ielts	no	yes	no	yes	no	yes	jing ming	393	999999	shrewd [adj.]	n. 敏锐, 聪明	yes
tarnish	败坏	v.	kyle-only	tem8,toefl,ielts	toefl	no	yes	no	yes	yes	yes	bai huai	392	999999	corrupt [v.] | ruin [v.]	n. 失泽, 失泽膜, 污点\nvt. 使失去光泽, 玷污\nvi. 失去光泽, 被玷污	yes
pinpoint	查明	v.	kyle-only	tem8,toefl,ielts	tem8	no	yes	no	yes	yes	yes	cha ming	391	999999	find out [v.]	n. 极小之物, 针尖, 立锥之地, 精确位置\nvt. 精确地找到, 准确地轰炸, 刺穿, 准确描述, 使突出, 强调\na. 针尖的, 极微的, 精确的, 详尽的, 精确定位的	yes
extrovert	外向	n.	kyle-only	tem4,tem8,ielts	tem8	no	yes	no	yes	no	yes	wai xiang	390	999999	extroverted [adj.]	n. 外向性格的人\n[医] 外倾[性格]者	yes
segregate	隔开	v.	kyle-only	tem8,toefl,ielts	ielts	no	yes	no	yes	yes	yes	ge kai	389	999999	separate [v.]	a. 分离的, 被隔离的\nvi. 分离, 隔离, 分凝\nvt. 使分离, 使隔离	yes
emulate	仿真	n.	kyle-only	tem8,toefl,ielts	tem8	no	yes	no	yes	no	yes	fang zhen	375	999999	simulated [adj.]	vt. 效法, 尽力赶上, 同...竞争\n[计] 仿真	yes
emulate	仿真	v.	kyle-only	tem8,toefl,ielts	ielts,tem8	no	yes	no	yes	no	yes	fang zhen	375	999999	simulated [adj.]	vt. 效法, 尽力赶上, 同...竞争\n[计] 仿真	yes
pervade	遍及	v.	kyle-only	tem8,toefl,ielts	ielts,tem8	no	yes	no	yes	yes	yes	bian ji	368	999999	spread throughout [v.]	vt. 弥漫于, 遍及于, 流行于, 蔓延, 渗透于, 充满	yes
allocation	配给	n.	kyle-only	tem8,toefl,ielts	ielts	no	yes	no	yes	no	yes	pei ji	358	999999	ration [v.]	n. 配置, 分配, 拨给\n[经] 分配, 拨款, 分摊	yes
fore	前头	n.	kyle-only	tem4,tem8,toefl	toefl	no	yes	no	yes	yes	yes	qian tou	358	999999	front [n.]	a. 在前的, 以前的\nadv. 在前面, 在船头\nprep. 在...前	yes
jolt	颠簸	v.	kyle-only	tem8,toefl,ielts	ielts,toefl	no	yes	no	yes	yes	yes	dian bo	354	999999	bump [v.]	n. 震摇, 摇动, 颠簸\nvi. 颠簸而行, 震摇\nvt. 使颠簸, 使慌张, 猛击	yes
hostel	旅社	n.	kyle-only	tem4,tem8,ielts	tem4,tem8	no	yes	yes	yes	yes	yes	lv she	344	999999	inn [n.]	n. 青年招待所, 宿舍, 旅店	yes
kennel	狗窝	n.	kyle-only	tem4,tem8,toefl	toefl	no	yes	yes	yes	yes	yes	gou wo	344	999999	doghouse [n.]	n. 狗舍, 狗屋, 阴沟\nvt. 置于狗舍, 宿于狗舍\nvi. 进狗窝	yes
maim	残害	v.	kyle-only	tem8,toefl,ielts	ielts	no	yes	no	yes	yes	yes	can hai	344	999999	harm [v.]	vt. 使残废, 使不能工作, 使伤残\n[医] 伤残, 残废	yes
downcast	倒台	n.	kyle-only	tem4,tem8,toefl	tem4,tem8	no	yes	no	yes	no	yes	dao tai	334	999999	fall from power [v.]	a. 气馁的, 沮丧的	yes
clamour	吵闹	v.	kyle-only	tem4,tem8,toefl	tem4,tem8	no	yes	no	yes	no	yes	chao nao	329	999999	noisy [adj.]	n. 喧闹\nv. 大声地要求	yes
feeder	饲养员	n.	kyle-only	tem4,tem8,toefl	tem4,tem8,toefl	no	yes	no	yes	yes	yes	si yang yuan	328	999999	keeper [n.] | breeder [n.]	n. 饲养者, 供给者, 奶瓶\n[化] 给料器	yes
revival	重演	n.	kyle-only	tem8,toefl,ielts	toefl	no	yes	no	yes	no	yes	chong yan	328	999999	replay [v.]	n. 复兴, 复活, 恢复精神, 苏醒\n[医] 复苏, 回生, 精神重振	yes
cop	巡警	n.	kyle-only	tem8,toefl,ielts	tem8,toefl	no	yes	no	yes	yes	yes	xun jing	326	999999	patrol officer [n.]	n. 警官\nvt. 抓住	yes
counterbalance	抵消	v.	kyle-only	tem8,toefl,ielts	tem8	no	yes	no	yes	yes	yes	di xiao	309	999999	offset [v.] | cancel out [v.]	vt. 使平均, 使平衡, 使弥补\nn. 平衡量, 平衡力, 势均力敌	yes
deluge	豪雨	n.	kyle-only	tem8,toefl,ielts	toefl	no	yes	no	yes	yes	yes	hao yu	306	999999	heavy rain [n.]	n. 大洪水, 泛滥\nvt. 使泛滥	yes
forfeit	失职	v.	kyle-only	tem8,toefl,ielts	tem8	no	yes	no	yes	yes	yes	shi zhi	301	999999	neglect duty [v.]	n. 没收物, 罚金, 丧失\nvt. 没收, 丧失\na. 丧失了的	yes
ascent	上坡	n.	kyle-only	tem8,toefl,ielts	ielts	no	yes	no	yes	yes	yes	shang po	299	999999	uphill [n.]	n. 上升, 提高, 攀登, 上坡路	yes
distil	提炼	v.	kyle-only	tem4,tem8,ielts	tem4,tem8	no	yes	yes	yes	yes	yes	ti lian	292	999999	extract [v.]	vt.vi. 蒸馏, 提取...的精华, 用蒸馏法提取\nvi. 滴下, 渗出	yes
distil	蒸馏	v.	kyle-only	tem4,tem8,ielts	ielts,tem4,tem8	no	yes	yes	yes	yes	yes	zheng liu	286	999999	distill [v.]	vt.vi. 蒸馏, 提取...的精华, 用蒸馏法提取\nvi. 滴下, 渗出	yes
stint	定量	n.	kyle-only	tem8,toefl,ielts	ielts,tem8	no	yes	no	yes	yes	yes	ding liang	285	999999	quantitative [n.]	vt. 节省, 限制, 停止\nvi. 节约\nn. 吝惜, 节约, 限额	yes
congestion	混杂	n.	kyle-only	tem8,toefl,ielts	ielts	no	yes	no	yes	no	yes	hun za	282	999999	mix [v.] | mingle [v.]	n. 拥挤, 充血\n[计] 拥挤, 拥塞	yes
jumble	混杂	n.	kyle-only	tem8,toefl,ielts	ielts	no	yes	no	yes	no	yes	hun za	282	999999	mix [v.] | mingle [v.]	vi. 搀杂, 混杂\nvt. 搞乱, 使混乱\nn. 混乱, 薄饼	yes
emulate	仿效	n.	kyle-only	tem8,toefl,ielts	tem8	no	yes	no	yes	no	yes	fang xiao	280	999999	imitate [v.]	vt. 效法, 尽力赶上, 同...竞争\n[计] 仿真	yes
infirmity	衰弱	n.	kyle-only	tem8,toefl,ielts	ielts,tem8	no	yes	no	yes	no	yes	shuai ruo	276	999999	weaken [v.] | decline [v.]	n. 虚弱, 病身, 疾病\n[医] 衰弱	yes
resilience	弹力	n.	kyle-only	tem8,toefl,ielts	ielts,tem8,toefl	no	yes	no	yes	yes	yes	tan li	260	999999	elasticity [n.] | spring [n.]	n. 弹回, 有弹力, 恢复力\n[化] 回弹; 弹性; 弹回性; 回能; 弹能	yes
hostel	招待所	n.	kyle-only	tem4,tem8,ielts	ielts	no	yes	no	yes	yes	yes	zhao dai suo	255	999999	guesthouse [n.]	n. 青年招待所, 宿舍, 旅店	yes
havoc	浩劫	n.	kyle-only	tem8,toefl,ielts	ielts,tem8	no	yes	no	yes	yes	yes	hao jie	246	999999	catastrophe [n.] | disaster [n.]	n. 大破坏, 蹂躏\nvt. 严重破坏	yes
clot	凝结	v.	kyle-only	tem8,toefl,ielts	tem8	no	yes	yes	yes	yes	yes	ning jie	242	999999	condense [v.] | coagulate [v.]	n. 凝块, 一团\nv. (使)凝结, (使)聚集	yes
jumble	掺杂	n.	kyle-only	tem8,toefl,ielts	ielts	no	yes	no	yes	no	yes	chan za	241	999999	mix [v.] | adulterate [v.]	vi. 搀杂, 混杂\nvt. 搞乱, 使混乱\nn. 混乱, 薄饼	yes
jumble	掺杂	v.	kyle-only	tem8,toefl,ielts	toefl	no	yes	no	yes	yes	yes	chan za	241	999999	mix [v.] | adulterate [v.]	vi. 搀杂, 混杂\nvt. 搞乱, 使混乱\nn. 混乱, 薄饼	yes
refinement	精炼	n.	kyle-only	tem8,toefl,ielts	ielts	no	yes	no	yes	no	yes	jing lian	236	999999	refine [v.]	n. 精致, 高尚, 精巧\n[医] 精制, 精练	yes
shred	切碎	v.	kyle-only	tem8,toefl,ielts	toefl	no	yes	no	yes	yes	yes	qie sui	220	999999	chop [v.]	n. 碎布条, 细片, 少量\nv. 撕碎	yes
stint	定额	n.	kyle-only	tem8,toefl,ielts	tem8	no	yes	no	yes	yes	yes	ding e	195	999999	quota [n.]	vt. 节省, 限制, 停止\nvi. 节约\nn. 吝惜, 节约, 限额	yes
fore	船头	n.	kyle-only	tem4,tem8,toefl	tem4,tem8,toefl	no	yes	yes	yes	yes	yes	chuan tou	192	999999	bow [n.] | prow [n.]	a. 在前的, 以前的\nadv. 在前面, 在船头\nprep. 在...前	yes
eruption	火山灰	n.	kyle-only	tem8,toefl,ielts	tem8,toefl	no	yes	no	yes	yes	yes	huo shan hui	187	999999	volcanic ash [n.]	n. 爆发, 喷出物, 出疹\n[化] 喷发	yes
contraction	紧缩	n.	kyle-only	tem4,tem8,toefl	tem4,tem8	no	yes	no	yes	no	yes	jin suo	186	999999	tighten [v.] | cut back [v.]	n. 收缩, 缩写式, 害病\n[医] 收缩; 挛缩; 牙弓内缩	yes
stint	紧缩	v.	kyle-only	tem8,toefl,ielts	toefl	no	yes	no	yes	yes	yes	jin suo	186	999999	tighten [v.] | cut back [v.]	vt. 节省, 限制, 停止\nvi. 节约\nn. 吝惜, 节约, 限额	yes
windscreen	挡风玻璃	n.	kyle-only	tem4,tem8,ielts	ielts	no	yes	yes	yes	yes	yes	dang feng bo li	171	999999	windshield [n.]	n. 汽车的挡风玻璃	yes
allegiance	拥戴	n.	kyle-only	tem8,toefl,ielts	toefl	no	yes	no	yes	no	yes	yong dai	170	999999	support [v.]	n. 忠贞, 效忠	yes
complicity	共谋	n.	kyle-only	tem4,tem8,toefl	tem4,tem8	no	yes	no	yes	no	yes	gong mou	168	999999	conspire [v.]	n. 同谋, 串通, 复杂\n[法] 共谋, 共犯关系	yes
windscreen	风挡	n.	kyle-only	tem4,tem8,ielts	ielts	no	yes	yes	yes	yes	yes	feng dang	165	999999	windshield [n.]	n. 汽车的挡风玻璃	yes
gape	目瞪口呆	n.	kyle-only	tem8,toefl,ielts	ielts	no	yes	no	yes	no	yes	mu deng kou dai	162	999999	dumbfounded [phr.]	n. 裂口, 张嘴, 打哈欠\nvi. 裂开, 张嘴, 打哈欠	yes
ascent	登高	n.	kyle-only	tem8,toefl,ielts	tem8	no	yes	no	yes	no	yes	deng gao	156	999999	climb high [v.]	n. 上升, 提高, 攀登, 上坡路	yes
defiance	违抗	n.	kyle-only	tem4,tem8,ielts	ielts	no	yes	no	yes	no	yes	wei kang	152	999999	defy [v.] | disobey [v.]	n. 蔑视, 挑战\n[法] 挑战, 藐视, 违抗	yes
taxation	税制	n.	kyle-only	tem4,tem8,ielts	ielts	no	yes	no	yes	yes	yes	shui zhi	146	999999	tax system [n.]	n. 课税, 征税, 抽税, 税款, 估定的税额\n[经] 征税, 纳税, 税制	yes
tinge	着色	v.	kyle-only	tem8,toefl,ielts	tem8	no	yes	yes	yes	yes	yes	zhuo se	134	999999	color [v.]	n. 色调, 色彩, 气味, 气息\nvt. 染, 使带气息	yes
cellular	移动电话	n.	kyle-only	tem4,tem8,toefl	tem4,tem8	no	yes	no	yes	yes	yes	yi dong dian hua	130	999999	mobile phone [n.]	a. 细胞的\n[医] 细胞的	yes
refinement	文雅	n.	kyle-only	tem8,toefl,ielts	ielts,tem8,toefl	no	yes	no	yes	no	yes	wen ya	130	999999	elegant [adj.] | refined [adj.]	n. 精致, 高尚, 精巧\n[医] 精制, 精练	yes
wane	缺损	n.	kyle-only	tem8,toefl,ielts	tem8	no	yes	no	yes	yes	yes	que sun	126	999999	defect [n.] | damage [n.]	n. 减少, 衰微, 败落, 亏缺, 月亏\nvi. 变小, 亏缺, 衰落, 消逝, 退潮	yes
truant	逃学	v.	kyle-only	tem4,tem8,ielts	tem4,tem8	no	yes	no	yes	yes	yes	tao xue	122	999999	skip school [v.]	n. 懒惰的人, 玩忽职守者, 旷课者\na. 偷懒的, 旷课的, 游荡的\nvi. 偷懒, 旷课	yes
refinement	精制	n.	kyle-only	tem8,toefl,ielts	tem8	no	yes	no	yes	no	yes	jing zhi	103	999999	refine [v.]	n. 精致, 高尚, 精巧\n[医] 精制, 精练	yes
irritation	恼怒	n.	kyle-only	tem4,tem8,ielts	ielts,tem4,tem8	no	yes	no	yes	no	yes	nao nu	102	999999	angry [adj.]	n. 刺激, 烦恼, 刺激物\n[医] 刺激[作用], 兴奋	yes
congestion	拥塞	n.	kyle-only	tem8,toefl,ielts	tem8,toefl	no	yes	no	yes	no	yes	yong se	101	999999	congest [v.]	n. 拥挤, 充血\n[计] 拥挤, 拥塞	yes
sandal	檀香	n.	kyle-only	tem4,tem8,toefl	tem4,tem8,toefl	no	yes	no	yes	yes	yes	tan xiang	99	999999	sandalwood [n.]	n. 凉鞋, 拖鞋, 檀香木\nvt. 穿以便鞋	yes
painstaking	勤勉	n.	kyle-only	tem8,toefl,ielts	ielts,tem8	no	yes	no	yes	no	yes	qin mian	97	999999	diligent [adj.]	n. 辛苦, 苦心, 工夫\na. 辛苦的, 勤勉的, 小心的	yes
counterbalance	抵销	v.	kyle-only	tem8,toefl,ielts	ielts	no	yes	no	yes	yes	yes	di xiao	95	999999	offset [v.] | cancel out [v.]	vt. 使平均, 使平衡, 使弥补\nn. 平衡量, 平衡力, 势均力敌	yes
delude	哄骗	v.	kyle-only	tem8,toefl,ielts	ielts,tem8	no	yes	yes	yes	yes	yes	hong pian	81	999999	deceive [v.]	vt. 迷惑, 蛊惑	yes
burgeon	嫩芽	n.	kyle-only	tem8,toefl,ielts	toefl	no	yes	no	yes	yes	yes	nen ya	80	999999	sprout [n.]	n. 芽, 嫩枝\nv. 萌芽, 发芽	yes
dining	进餐	n.	kyle-only	tem8,toefl,ielts	tem8	no	yes	no	yes	no	yes	jin can	76	999999	have a meal [v.]	n. 正餐, 宴会	yes
sickness	弊病	n.	kyle-only	tem8,toefl,ielts	tem8	no	yes	yes	yes	yes	yes	bi bing	65	999999	malady [n.]	n. 疾病, 不健康, 呕吐\n[医] 病	yes
clot	血块	n.	kyle-only	tem8,toefl,ielts	tem8	no	yes	no	yes	yes	yes	xue kuai	58	999999	blood clot [n.]	n. 凝块, 一团\nv. (使)凝结, (使)聚集	yes
perturb	烦扰	v.	kyle-only	tem8,toefl,ielts	ielts	no	yes	no	yes	yes	yes	fan rao	57	999999	bother [v.]	vt. 扰乱, 使混乱, 使心绪不宁	yes
misunderstanding	不和	n.	kyle-only	tem4,tem8,toefl	tem4,tem8	no	yes	no	yes	no	yes	bu he	44	999999	not harmonious [adj.]	n. 误会, 误解\n[法] 误解, 误会, 不和	yes
deplore	悲叹	v.	kyle-only	tem8,toefl,ielts	toefl	no	yes	yes	yes	yes	yes	bei tan	42	999999	lament [v.] | sigh [v.]	vt. 悲悼, 哀叹, 对...深感遗憾	yes
detract	减损	v.	kyle-only	tem8,toefl,ielts	ielts,toefl	no	yes	no	yes	yes	yes	jian sun	41	999999	reduce [v.] | diminish [v.]	vi. 减去, 贬低\nvt. 转移, 分散	yes
tarnish	晦暗	n.	kyle-only	tem8,toefl,ielts	tem8	no	yes	no	yes	no	yes	hui an	37	999999	dark [adj.] | gloomy [adj.]	n. 失泽, 失泽膜, 污点\nvt. 使失去光泽, 玷污\nvi. 失去光泽, 被玷污	yes
obsess	牵挂	v.	kyle-only	tem8,toefl,ielts	toefl	no	yes	no	yes	yes	yes	qian gua	31	999999	worry about [v.]	vt. 迷住, 使困扰	yes
impress	盖印	v.	kyle-only	tem8,toefl,ielts	tem8	no	yes	no	yes	yes	yes	gai yin	30	999999	stamp [v.]	n. 印象, 特征, 印记\nvt. 使有印象, 印, 铭刻, 传送, 影响, 强征\nvi. 给人印象	yes
solicitor	掮客	n.	kyle-only	tem8,toefl,ielts	tem8	no	yes	no	yes	yes	yes	qian ke	28	999999	broker [n.]	n. (英)律师, 初级律师, (美)法务官, (美)掮客, 游说者, (美)募捐者\n[经] 募损者, 律师	yes
foodstuff	食料	n.	kyle-only	tem4,tem8,toefl	tem4,tem8	no	yes	no	yes	yes	yes	shi liao	25	999999	food [n.]	n. 食品, 粮食	yes
entwine	盘绕	v.	kyle-only	tem8,toefl,ielts	tem8	no	yes	no	yes	yes	yes	pan rao	16	999999	coil [v.]	v. (使)缠住, (使)盘绕, (使)纠缠	yes
gape	呵欠	n.	kyle-only	tem8,toefl,ielts	tem8	no	yes	no	yes	yes	yes	he qian	15	999999	yawn [n.]	n. 裂口, 张嘴, 打哈欠\nvi. 裂开, 张嘴, 打哈欠	yes
arable	可耕地	n.	kyle-only	tem8,toefl,ielts	toefl	no	yes	no	yes	yes	yes	ke geng di	14	999999	arable land [n.]	a. 适于耕种的, 可耕的	yes
chuckle	窃笑	n.	kyle-only	tem4,tem8,toefl	tem4,tem8	no	yes	no	yes	no	yes	qie xiao	11	999999	snicker [v.]	n. 咯咯的笑声, 轻笑\nvi. 咯咯的笑, 咕咕叫	yes
alight	飞落	v.	kyle-only	tem8,toefl,ielts	tem8	no	yes	no	yes	yes	yes	fei luo	9	999999	fall [v.] | drop [v.]	vi. 落下, 偶然发现\na. 点着的	yes
congestion	充塞	n.	kyle-only	tem8,toefl,ielts	ielts	no	yes	no	yes	no	yes	chong se	9	999999	fill [v.] | cram [v.]	n. 拥挤, 充血\n[计] 拥挤, 拥塞	yes
sandal	便鞋	n.	kyle-only	tem4,tem8,toefl	tem4,tem8	no	yes	no	yes	yes	yes	bian xie	5	999999	cloth shoes [n.]	n. 凉鞋, 拖鞋, 檀香木\nvt. 穿以便鞋	yes
congestion	淤血	n.	kyle-only	tem8,toefl,ielts	tem8	no	yes	no	yes	yes	yes	yu xue	3	999999	blood stasis [n.]	n. 拥挤, 充血\n[计] 拥挤, 拥塞	yes
ought	应该	v.	kyle-only	tem8,toefl	tem8	no	yes	no	yes	yes	yes	ying gai	156195	999999	should [v.] | ought to [v.]	aux. 应该, 大概\nn. 责任	yes
though	不过	adv.	kyle-only	tem8,toefl	tem8	no	yes	no	yes	no	yes	bu guo	144112	999999	but [conj.] | however [conj.]	adv. 然而, 可是\nconj. 虽然, 纵然	yes
evince	表示	v.	kyle-only	tem8,toefl	tem8	no	yes	yes	yes	yes	yes	biao shi	80607	999999	express [v.] | show [v.]	vt. 表明(感情等), 表示出(特性等)	yes
forestall	之前	v.	kyle-only	tem8,toefl	toefl	no	yes	no	yes	no	yes	zhi qian	75852	999999	before [n.]	vt. 预先阻止, 先...一步行动, 占先一步, 垄断, 阻碍\n[法] 先采取行动预防或阻止, 垄断	yes
presuppose	认为	v.	kyle-only	tem8,ielts	ielts	no	yes	no	yes	yes	yes	ren wei	73076	999999	think [v.] | believe [v.]	vt. 预先假定, 预料, 以...为先决条件	yes
participation	参加	n.	kyle-only	toefl,ielts	toefl	no	yes	no	yes	no	yes	can jia	62355	999999	participate [v.] | join [v.]	n. 参与, 分享\n[经] 参与, 参股	yes
though	虽然	adv.	kyle-only	tem8,toefl	tem8	no	yes	no	yes	no	yes	sui ran	60434	999999	although [conj.]	adv. 然而, 可是\nconj. 虽然, 纵然	yes
oversee	监视	v.	kyle-only	toefl,ielts	ielts	no	yes	no	yes	yes	yes	jian shi	59009	999999	monitor [v.] | surveil [v.]	vt. 向下看, 了望, 监督, 偷看到\n[法] 监察, 监督, 俯瞰	yes
additionally	同时	adv.	kyle-only	tem8,toefl	toefl	no	yes	no	yes	yes	yes	tong shi	57254	999999	simultaneously [adv.] | at the same time [adv.]	adv. 另外, 此外	yes
forefront	中心	n.	kyle-only	tem8,toefl	toefl	no	yes	no	yes	yes	yes	zhong xin	55936	999999	center [n.]	n. 最前部, 最前线	yes
almighty	非常	adv.	kyle-only	tem4,tem8	tem4,tem8	no	yes	no	yes	yes	yes	fei chang	53300	999999	very [adv.]	a. 万能的, 全能的	yes
deathly	非常	adv.	kyle-only	tem4,tem8	tem4,tem8	no	yes	no	yes	yes	yes	fei chang	53300	999999	very [adv.]	a. 死一般的\nadv. 像死一样地	yes
incredibly	非常	adv.	kyle-only	tem4,tem8	tem4	no	yes	no	yes	yes	yes	fei chang	53300	999999	very [adv.]	adv. 不能相信地	yes
certitude	确实	n.	kyle-only	tem8,toefl	tem8	no	yes	no	yes	no	yes	que shi	50388	999999	indeed [adv.] | really [adv.]	n. 确实性, 确信	yes
utterance	说话	n.	kyle-only	toefl,ielts	toefl	no	yes	no	yes	no	yes	shuo hua	47547	999999	speak [v.] | talk [v.]	n. 发声, 言辞, 表达, 说话的方式, 死\n[医] 发言, 言语, 语调	yes
disfavour	不喜欢	n.	kyle-only	tem4,tem8	tem4,tem8	no	yes	no	yes	no	yes	bu xi huan	46090	999999	dislike [v.]	vt. 不喜欢, 冷待, 不赞成, 受冷遇, 被疏远, 失宠\nn. 不利	yes
distaste	不喜欢	v.	kyle-only	tem4,tem8	tem4,tem8	no	yes	no	yes	yes	yes	bu xi huan	46090	999999	dislike [v.]	n. 讨厌, 嫌恶	yes
defence	保护	n.	kyle-only	tem8,ielts	ielts	no	yes	no	yes	no	yes	bao hu	45530	999999	protect [v.]	n. 防卫, 防卫设备\n[经] (诉讼程序中的)辩护	yes
challenging	要求	v.	kyle-only	tem8,ielts	tem8	no	yes	no	yes	yes	yes	yao qiu	43949	999999	require [v.] | demand [v.]	a. 挑战的, 引起争论的	yes
pretension	要求	n.	kyle-only	toefl,ielts	toefl	no	yes	no	yes	no	yes	yao qiu	43949	999999	require [v.] | demand [v.]	n. 自负, 骄傲, 主张	yes
imbibe	接受	v.	kyle-only	tem8,toefl	tem8,toefl	no	yes	no	yes	yes	yes	jie shou	42540	999999	accept [v.] | receive [v.]	vt. 饮, 吸取, 吸入\nvi. 喝, 吸收水分	yes
accede	加入	v.	kyle-only	tem8,toefl	tem8	no	yes	no	yes	yes	yes	jia ru	40301	999999	join [v.]	vi. 同意, 正式加入, 就任, 继任	yes
apparently	看来	adv.	kyle-only	tem8,ielts	ielts	no	yes	no	yes	no	yes	kan lai	38707	999999	seem [v.]	adv. 表面上, 清楚地, 显然地	yes
cleave	坚持	v.	kyle-only	tem8,toefl	tem8	no	yes	no	yes	yes	yes	jian chi	35863	999999	persist [v.] | insist [v.]	vt. 劈开, 分开\nvi. 劈开, 分开, 粘着, 依恋	yes
befit	适合	v.	kyle-only	tem8,toefl	toefl	no	yes	yes	yes	yes	yes	shi he	34694	999999	suit [v.]	vt. 适合于, 适宜于	yes
away	离开	adv.	kyle-only	tem8,toefl	tem8	no	yes	no	yes	no	yes	li kai	32121	999999	leave [v.]	adv. 离去	yes
manipulation	控制	n.	kyle-only	tem4,toefl	tem4	no	yes	no	yes	no	yes	kong zhi	30760	999999	control [v.]	n. 操作, 处理\n[化] (用手)操作; 使用	yes
repute	称为	v.	kyle-only	tem8,toefl	toefl	no	yes	no	yes	yes	yes	cheng wei	30756	999999	be called [v.]	n. 名望, 名气, 声望\nvt. 认为, 以为	yes
deliberation	考虑	n.	kyle-only	tem8,toefl	tem8	no	yes	no	yes	no	yes	kao lv	29845	999999	consider [v.]	n. 熟虑, 熟思, 审议\n[法] 慎重考虑, 商讨, 审议	yes
certitude	确定	n.	kyle-only	tem8,toefl	toefl	no	yes	no	yes	no	yes	que ding	28494	999999	determine [v.] | confirm [v.]	n. 确实性, 确信	yes
confederate	联合	v.	kyle-only	tem8,toefl	toefl	no	yes	no	yes	yes	yes	lian he	27897	999999	unite [v.] | combine [v.]	n. 同盟者, 同盟国\na. 同盟的, 联合的\nv. (使)联盟, (使)联合	yes
outgrow	出生	v.	kyle-only	tem8,toefl	tem8	no	yes	no	yes	yes	yes	chu sheng	27260	999999	be born [v.]	vt. 过大而不适于, 长得比...高(或大、快), 成长得不再具有...	yes
ought	大概	v.	kyle-only	tem8,toefl	tem8	no	yes	no	yes	no	yes	da gai	26044	999999	probably [adv.]	aux. 应该, 大概\nn. 责任	yes
supposedly	大概	adv.	kyle-only	toefl,ielts	toefl	no	yes	no	yes	yes	yes	da gai	26044	999999	probably [adv.]	adv. 想象上, 看上去像, 被认为是, 恐怕, 按照推测	yes
amenity	愉快	n.	kyle-only	tem8,toefl	tem8	no	yes	no	yes	no	yes	yu kuai	25973	999999	pleasant [adj.] | happy [adj.]	n. 便利设施, 适意, 礼仪\n[法] 舒适, 方便, 优雅	yes
churchyard	境内	n.	kyle-only	tem4,tem8	tem4,tem8	no	yes	no	yes	yes	yes	jing nei	25807	999999	territory [n.]	n. 教堂墓地, 教堂庭院	yes
entourage	环境	n.	kyle-only	tem8,toefl	tem8	no	yes	no	yes	yes	yes	huan jing	25698	999999	environment [n.]	n. 全体随行人员, 陪同人员	yes
savour	味道	n.	kyle-only	tem8,ielts	ielts	no	yes	no	yes	yes	yes	wei dao	25652	999999	taste [n.]	n. 滋味, 气味, 食欲\nvi. 有...的滋味\nvt. 品味, 加调味品于, 使有风味, 尝到	yes
disclaim	拒绝	v.	kyle-only	tem8,toefl	tem8	no	yes	no	yes	yes	yes	ju jue	25283	999999	refuse [v.]	v. 放弃, 弃权, 拒绝承认	yes
outgoing	超过	v.	kyle-only	tem8,toefl	tem8	no	yes	no	yes	yes	yes	chao guo	24598	999999	exceed [v.] | surpass [v.]	n. 外出, 开支, 流出\na. 喜欢外出的, 即将离职的, 乐于助人的	yes
outstrip	超过	v.	kyle-only	tem8,ielts	ielts	no	yes	yes	yes	yes	yes	chao guo	24598	999999	exceed [v.] | surpass [v.]	vt. 追过, 胜过, 凌驾	yes
assent	同意	n.	kyle-only	tem8,toefl	tem8	no	yes	no	yes	no	yes	tong yi	23673	999999	agree [v.]	n. 赞成\nvi. 同意	yes
disposed	处理	v.	kyle-only	tem8,toefl	tem8	no	yes	no	yes	yes	yes	chu li	22901	999999	handle [v.] | deal with [v.]	a. 愿意, 倾向于	yes
constable	警察	n.	kyle-only	tem4,tem8	tem4,tem8	no	yes	no	yes	yes	yes	jing cha	22692	999999	police [n.]	n. 治安官, 警官, 总管\n[法] 警察, 警官, 巡警	yes
conjure	提出	v.	kyle-only	tem8,toefl	tem8	no	yes	yes	yes	yes	yes	ti chu	22505	999999	propose [v.] | raise [v.]	vt. 念咒文召唤, 变戏法, 想象\nvi. 变戏法, 施魔法	yes
utterance	发表	n.	kyle-only	toefl,ielts	toefl	no	yes	no	yes	no	yes	fa biao	21769	999999	publish [v.] | express [v.]	n. 发声, 言辞, 表达, 说话的方式, 死\n[医] 发言, 言语, 语调	yes
advisory	报告	n.	kyle-only	tem8,toefl	tem8	no	yes	no	yes	yes	yes	bao gao	21745	999999	report [n.]	a. 顾问的, 咨询的, 劝告的\n[法] 劝告的, 忠告的, 咨询的	yes
households	家庭	n.	kyle-only	tem4,ielts	tem4	no	yes	no	yes	yes	yes	jia ting	21606	999999	family [n.] | home [n.]	n. 同住在一所房子里的人, 一家人, 户( household的名词复数 )	yes
hassle	麻烦	n.	kyle-only	tem8,ielts	ielts,tem8	no	yes	no	yes	no	yes	ma fan	21371	999999	troublesome [adj.]	n. 激烈而持久的争论\nvi. 争论\nvt. 与...争辩, 使烦恼	yes
inconvenience	麻烦	n.	kyle-only	tem4,tem8	tem4,tem8	no	yes	no	yes	no	yes	ma fan	21371	999999	troublesome [adj.]	n. 不便, 困难\nvt. 使感不便, 使感困难	yes
inconvenience	麻烦	v.	kyle-only	tem4,tem8	tem4,tem8	no	yes	no	yes	no	yes	ma fan	21371	999999	troublesome [adj.]	n. 不便, 困难\nvt. 使感不便, 使感困难	yes
pique	生气	n.	kyle-only	tem8,toefl	toefl	no	yes	no	yes	no	yes	sheng qi	20937	999999	angry [v.]	n. 赌气, 愤怒, 不快, 凹凸织物\nvt. 伤害...自尊心, 激怒, 刺激, 引起兴趣, 使兴奋	yes
emanate	表现	v.	kyle-only	tem8,toefl	toefl	no	yes	no	yes	no	yes	biao xian	20300	999999	performance [n.] | expression [n.]	vi. 散发, 发出, 发源	yes
manifestation	表现	n.	kyle-only	tem8,toefl	tem8,toefl	no	yes	yes	yes	yes	yes	biao xian	20300	999999	performance [n.] | expression [n.]	n. 显示, 证明, 示威运动\n[医] 表现, 表示	yes
holding	举办	n.	kyle-only	tem8,toefl	tem8	no	yes	no	yes	no	yes	ju ban	19846	999999	hold [v.] | host [v.]	n. 把持, 支持, 保持\n[法] 租借地, 占有物, 拥有的财产	yes
challenging	反对	v.	kyle-only	tem8,ielts	tem8	no	yes	no	yes	yes	yes	fan dui	19636	999999	oppose [v.] | object [v.]	a. 挑战的, 引起争论的	yes
emanate	显示	v.	kyle-only	tem8,toefl	toefl	no	yes	no	yes	yes	yes	xian shi	19339	999999	display [v.] | show [v.]	vi. 散发, 发出, 发源	yes
hairdo	发型	n.	kyle-only	tem8,toefl	tem8,toefl	no	yes	yes	yes	yes	yes	fa xing	19123	999999	hairstyle [n.]	n. 束发, 发式, 作头发	yes
designation	名称	n.	kyle-only	tem8,toefl	tem8,toefl	no	yes	no	yes	yes	yes	ming cheng	18591	999999	name [n.]	n. 指示, 指定, 命名\n[电] 指定	yes
recoup	恢复	v.	kyle-only	tem8,toefl	tem8	no	yes	yes	yes	yes	yes	hui fu	18517	999999	recover [v.] | restore [v.]	vt. 偿还, 赔偿, 补偿, 扣除\nvi. 补偿损失	yes
seethe	激动	v.	kyle-only	tem8,toefl	tem8	no	yes	no	yes	no	yes	ji dong	18491	999999	excited [adj.]	vi. 冒泡, 沸腾\nvt. 使煮沸, 使浸透\nn. 翻腾	yes
tingle	激动	n.	kyle-only	tem8,toefl	tem8	no	yes	no	yes	no	yes	ji dong	18491	999999	excited [adj.]	vi. 激动, 感到刺痛, 抖动\nvt. 使感刺痛\nn. 刺痛, 震颤, 耳鸣	yes
fictitious	假的	adj.	kyle-only	tem8,toefl	toefl	no	yes	yes	yes	yes	yes	jia de	18063	999999	fake [adj.]	a. 假想的, 编造的, 虚伪的\n[法] 假定的, 假设的, 虚构的	yes
apiece	每个	adv.	kyle-only	tem8,toefl	tem8,toefl	no	yes	no	yes	no	yes	mei ge	17984	999999	each [pron.] | every [pron.]	adv. 就每个而论, 各	yes
confederacy	联邦	n.	kyle-only	tem8,toefl	tem8,toefl	no	yes	yes	yes	yes	yes	lian bang	17837	999999	federation [n.]	n. 联盟, 邦联\n[法] 共谋, 违法的结社, 联盟	yes
largely	大部分	adv.	kyle-only	tem8,toefl	tem8	no	yes	no	yes	no	yes	da bu fen	17055	999999	most [n.]	adv. 大量地, 很多地, 大半地	yes
televise	广播	v.	kyle-only	tem8,toefl	toefl	no	yes	no	yes	no	yes	guang bo	15739	999999	broadcast [n.]	v. 用电视播放, 播映	yes
withdrawal	取消	n.	kyle-only	tem8,toefl	tem8	no	yes	no	yes	no	yes	qu xiao	15453	999999	cancel [v.]	n. 提款, 撤退, 退回, 撤消, 退隐, 戒毒过程\n[医] 戒除, 脱瘾	yes
gratify	满足	v.	kyle-only	tem8,toefl	toefl	no	yes	yes	yes	yes	yes	man zu	14180	999999	satisfy [v.]	vt. 使满足	yes
grounding	基础	n.	kyle-only	tem8,toefl	tem8	no	yes	yes	yes	yes	yes	ji chu	14153	999999	foundation [n.]	n. 基础教学, 基础训练\n[经] 搁浅	yes
eyeglass	眼镜	n.	kyle-only	tem4,tem8	tem4,tem8	no	yes	no	yes	yes	yes	yan jing	14093	999999	glasses [n.]	n. 镜片	yes
thereof	它的	adv.	kyle-only	tem4,tem8	tem4,tem8	no	yes	no	yes	no	yes	ta de	14066	999999	its [pron.]	adv. 在其中, 关于..., 由此\n[法] 由是, 由此, 属于它的	yes
critique	批评	n.	kyle-only	tem8,toefl	tem8,toefl	no	yes	no	yes	no	yes	pi ping	13291	999999	criticize [v.]	n. 评论文章, 评论	yes
paycheck	工资	n.	kyle-only	tem4,toefl	toefl	no	yes	no	yes	yes	yes	gong zi	13120	999999	salary [n.] | wage [n.]	n. 付薪水的支票, 薪水	yes
idiosyncrasy	习惯	n.	kyle-only	tem8,toefl	tem8	no	yes	no	yes	yes	yes	xi guan	12652	999999	habit [n.] | custom [n.]	n. 气质, 特性, 风格\n[化] 特异反应; 特异性体质	yes
rapport	和谐	n.	kyle-only	tem8,toefl	toefl	no	yes	no	yes	no	yes	he xie	12534	999999	harmonious [adj.]	n. 关系, 融洽, 一致\n[医] 关系, 协调(病人与医师间), 感通(唯心的灵交术时)	yes
coop	限制	v.	kyle-only	tem8,toefl	tem8	no	yes	no	yes	yes	yes	xian zhi	12454	999999	restrict [v.]	n. 狭小空间, 鸡笼, 捕鱼篓\nvt. 关进鸡舍, 监禁	yes
evince	引起	v.	kyle-only	tem8,toefl	tem8	no	yes	no	yes	yes	yes	yin qi	12371	999999	cause [v.] | trigger [v.]	vt. 表明(感情等), 表示出(特性等)	yes
pique	引起	v.	kyle-only	tem8,toefl	tem8,toefl	no	yes	no	yes	yes	yes	yin qi	12371	999999	cause [v.] | trigger [v.]	n. 赌气, 愤怒, 不快, 凹凸织物\nvt. 伤害...自尊心, 激怒, 刺激, 引起兴趣, 使兴奋	yes
nuance	意见	n.	kyle-only	tem8,ielts	ielts	no	yes	no	yes	yes	yes	yi jian	12141	999999	opinion [n.] | view [n.]	n. 细微差别	yes
utterance	意见	n.	kyle-only	toefl,ielts	toefl	no	yes	no	yes	yes	yes	yi jian	12141	999999	opinion [n.] | view [n.]	n. 发声, 言辞, 表达, 说话的方式, 死\n[医] 发言, 言语, 语调	yes
idiosyncrasy	性格	n.	kyle-only	tem8,toefl	tem8	no	yes	no	yes	yes	yes	xing ge	11989	999999	personality [n.]	n. 气质, 特性, 风格\n[化] 特异反应; 特异性体质	yes
critique	评论	v.	kyle-only	tem8,toefl	tem8	no	yes	no	yes	no	yes	ping lun	11775	999999	comment [n.]	n. 评论文章, 评论	yes
practicality	实际	n.	kyle-only	tem8,toefl	tem8,toefl	no	yes	no	yes	no	yes	shi ji	11251	999999	actual [adj.] | real [adj.]	n. 实际性, 实用性, 实际事物	yes
deflate	打击	v.	kyle-only	tem8,ielts	tem8	no	yes	no	yes	yes	yes	da ji	10878	999999	strike [v.] | hit [v.]	vt. 放气, 抽出空气, 使缩小\nvi. 缩小	yes
allay	减少	v.	kyle-only	tem8,toefl	toefl	no	yes	no	yes	yes	yes	jian shao	10492	999999	reduce [v.] | decrease [v.]	vt. 使平静, 使缓和	yes
bravery	勇气	n.	kyle-only	tem8,toefl	tem8	no	yes	yes	yes	yes	yes	yong qi	10232	999999	courage [n.]	n. 勇敢	yes
checkup	检查	n.	kyle-only	toefl,ielts	ielts	no	yes	no	yes	no	yes	jian cha	10063	999999	check [v.] | inspect [v.]	n. 审查, 鉴定, 健康检查	yes
disconcert	破坏	v.	kyle-only	tem8,toefl	tem8	no	yes	no	yes	yes	yes	po huai	10026	999999	destroy [v.] | damage [v.]	vt. 使困惑, 使仓皇失措, 打乱(计划等)	yes
disruption	破坏	n.	kyle-only	toefl,ielts	ielts	no	yes	no	yes	no	yes	po huai	10026	999999	destroy [v.] | damage [v.]	n. 分裂, 崩溃, 瓦解	yes
incursion	袭击	n.	kyle-only	tem8,toefl	toefl	no	yes	no	yes	no	yes	xi ji	9761	999999	attack [v.] | raid [v.]	n. 侵入, 侵略, 奇袭	yes
supplant	取代	v.	kyle-only	tem8,toefl	toefl	no	yes	yes	yes	yes	yes	qu dai	9494	999999	replace [v.] | substitute [v.]	vt. 排挤掉, 代替	yes
profusion	丰富	n.	kyle-only	tem8,toefl	toefl	no	yes	no	yes	no	yes	feng fu	9438	999999	rich [adj.] | abundant [adj.]	n. 大量, 慷慨, 挥霍, 充沛, 浪费	yes
entourage	周围	n.	kyle-only	tem8,toefl	tem8	no	yes	no	yes	yes	yes	zhou wei	9400	999999	surroundings [n.]	n. 全体随行人员, 陪同人员	yes
savour	欣赏	v.	kyle-only	tem8,ielts	ielts	no	yes	yes	yes	yes	yes	xin shang	9232	999999	appreciate [v.] | enjoy [v.]	n. 滋味, 气味, 食欲\nvi. 有...的滋味\nvt. 品味, 加调味品于, 使有风味, 尝到	yes
chiefly	首先	adv.	kyle-only	tem8,toefl	tem8	no	yes	no	yes	yes	yes	shou xian	9142	999999	first [adv.]	adv. 主要地	yes
hassle	困难	n.	kyle-only	tem8,ielts	ielts,tem8	no	yes	no	yes	yes	yes	kun nan	8906	999999	difficulty [n.]	n. 激烈而持久的争论\nvi. 争论\nvt. 与...争辩, 使烦恼	yes
hanker	追求	v.	kyle-only	tem8,toefl	tem8,toefl	no	yes	no	yes	yes	yes	zhui qiu	8582	999999	pursue [v.] | seek [v.]	vi. 渴望, 热切希望	yes
eschew	避免	v.	kyle-only	tem8,toefl	tem8	no	yes	no	yes	yes	yes	bi mian	8458	999999	avoid [v.]	vt. 避开, 远避	yes
apparently	似乎	adv.	kyle-only	tem8,ielts	ielts,tem8	no	yes	no	yes	yes	yes	si hu	8396	999999	seem [adv.]	adv. 表面上, 清楚地, 显然地	yes
holding	召开	v.	kyle-only	tem8,toefl	tem8	no	yes	no	yes	yes	yes	zhao kai	8229	999999	convene [v.] | hold [v.]	n. 把持, 支持, 保持\n[法] 租借地, 占有物, 拥有的财产	yes
reconstruction	重建	n.	kyle-only	toefl,ielts	ielts,toefl	no	yes	no	yes	no	yes	chong jian	7991	999999	rebuild [v.] | reconstruct [v.]	n. 改造, 再建\n[医] 改建, 改造, 翻造	yes
clout	权利	n.	kyle-only	tem4,tem8	tem8	no	yes	no	yes	yes	yes	quan li	7658	999999	right [n.]	n. 敲击, 破布\nvt. 打补钉	yes
lass	情侣	n.	kyle-only	tem4,tem8	tem4,tem8	no	yes	no	yes	yes	yes	qing lv	7578	999999	couple [n.] | lovers [n.]	n. 少女, 爱人, 情妇	yes
savour	体会	v.	kyle-only	tem8,ielts	ielts	no	yes	no	yes	yes	yes	ti hui	7549	999999	understand [v.]	n. 滋味, 气味, 食欲\nvi. 有...的滋味\nvt. 品味, 加调味品于, 使有风味, 尝到	yes
collegiate	大学的	adj.	kyle-only	tem4,tem8	tem4,tem8	no	yes	no	no	new-key	yes	da xue de	7349	999999		a. 学院的\n[法] 集体组织的, 合议的, 大学的	yes
holding	固定	n.	kyle-only	tem8,toefl	toefl	no	yes	no	yes	no	yes	gu ding	7345	999999	fix [v.] | secure [v.]	n. 把持, 支持, 保持\n[法] 租借地, 占有物, 拥有的财产	yes
inconvenience	打扰	v.	kyle-only	tem4,tem8	tem4,tem8	no	yes	yes	yes	yes	yes	da rao	7224	999999	disturb [v.] | bother [v.]	n. 不便, 困难\nvt. 使感不便, 使感困难	yes
bolster	改善	v.	kyle-only	toefl,ielts	toefl	no	yes	no	yes	yes	yes	gai shan	7136	999999	improve [v.]	n. 支持, 长枕\nvt. 支持, 支撑	yes
forestall	阻止	v.	kyle-only	tem8,toefl	toefl	no	yes	yes	yes	yes	yes	zu zhi	7081	999999	prevent [v.] | stop [v.]	vt. 预先阻止, 先...一步行动, 占先一步, 垄断, 阻碍\n[法] 先采取行动预防或阻止, 垄断	yes
inhibition	阻止	n.	kyle-only	tem4,toefl	toefl	no	yes	no	yes	no	yes	zu zhi	7081	999999	prevent [v.] | stop [v.]	n. 禁止, 抑制, 压抑\n[计] 禁止	yes
pinnacle	山峰	n.	kyle-only	toefl,ielts	ielts	no	yes	yes	yes	yes	yes	shan feng	7010	999999	peak [n.] | summit [n.]	n. 小尖塔, 尖峰, 高峰, 极点\nvt. 造小尖塔, 置于尖顶上	yes
challenging	质疑	v.	kyle-only	tem8,ielts	tem8	no	yes	no	yes	yes	yes	zhi yi	6979	999999	question [v.] | doubt [v.]	a. 挑战的, 引起争论的	yes
evince	表明	v.	kyle-only	tem8,toefl	tem8	no	yes	no	yes	yes	yes	biao ming	6975	999999	declare [v.] | state [v.]	vt. 表明(感情等), 表示出(特性等)	yes
manifestation	表明	n.	kyle-only	tem8,toefl	toefl	no	yes	no	yes	no	yes	biao ming	6975	999999	declare [v.] | state [v.]	n. 显示, 证明, 示威运动\n[医] 表现, 表示	yes
bandwagon	时尚	n.	kyle-only	tem4,tem8	tem4,tem8	no	yes	no	yes	yes	yes	shi shang	6972	999999	fashion [n.]	n. 乐队彩车, 流行	yes
fray	吵架	n.	kyle-only	tem8,toefl	toefl	no	yes	no	yes	no	yes	chao jia	6941	999999	quarrel [v.] | argue [v.]	n. 磨损, 打架, 争论\nvt. 使磨损\nvi. 被磨损	yes
displeasure	悲伤	n.	kyle-only	tem4,tem8	tem4,tem8	no	yes	no	yes	no	yes	bei shang	6848	999999	sad [adj.]	n. 不愉快, 生气, 不满	yes
simulation	假装	n.	kyle-only	toefl,ielts	ielts,toefl	no	yes	no	yes	no	yes	jia zhuang	6725	999999	pretend [v.]	n. 模拟, 假冒物, 模仿\n[计] 模拟	yes
retrieval	拯救	n.	kyle-only	tem8,toefl	tem8	no	yes	no	yes	no	yes	zheng jiu	6685	999999	save [v.] | rescue [v.]	n. 取回, 恢复, 检索\n[计] 检索	yes
matrimony	婚姻	n.	kyle-only	toefl,ielts	ielts,toefl	no	yes	yes	yes	yes	yes	hun yin	6603	999999	marriage [n.]	n. 结婚, 婚姻生活, 婚礼\n[法] 婚姻, 结婚, 婚礼	yes
incursion	入侵	n.	kyle-only	tem8,toefl	tem8,toefl	no	yes	no	yes	no	yes	ru qin	6341	999999	invade [v.]	n. 侵入, 侵略, 奇袭	yes
demur	抗议	v.	kyle-only	tem8,toefl	tem8	no	yes	no	yes	yes	yes	kang yi	6338	999999	protest [v.]	vi. 提出异议, 反对, 抗辩\nn. 异议, 反对	yes
hale	瑞典	n.	kyle-only	tem8,toefl	tem8	no	yes	no	yes	yes	yes	rui dian	6307	999999	sweden [n.]	a. 强壮的, 矍铄的, 健壮的\nvt. 猛拉, 拖曳	yes
preschool	幼儿园	n.	kyle-only	tem8,toefl	tem8	no	yes	no	yes	yes	yes	you er yuan	6289	999999	kindergarten [n.]	a. 就学前的\nn. 育幼院, 幼稚园	yes
irish	爱尔兰	n.	kyle-only	tem8,toefl	tem8	no	yes	no	yes	yes	yes	ai er lan	6252	999999	ireland [n.]	n. 爱尔兰人, 爱尔兰语\na. 爱尔兰的	yes
bravado	冒险	n.	kyle-only	tem8,toefl	tem8	no	yes	no	yes	no	yes	mao xian	6006	999999	adventure [v.] | risk [v.]	n. 虚张声势	yes
pretension	借口	n.	kyle-only	toefl,ielts	toefl	no	yes	no	yes	yes	yes	jie kou	5895	999999	excuse [n.]	n. 自负, 骄傲, 主张	yes
renunciation	抛弃	n.	kyle-only	tem8,toefl	tem8,toefl	no	yes	no	yes	no	yes	pao qi	5754	999999	abandon [v.] | discard [v.]	n. 放弃, 废弃, 弃权, 脱离关系\n[法] 放弃, 抛弃, 脱离关系	yes
pretension	声称	n.	kyle-only	toefl,ielts	ielts	no	yes	no	yes	no	yes	sheng cheng	5644	999999	claim [v.]	n. 自负, 骄傲, 主张	yes
recess	暂停	n.	kyle-only	tem8,toefl	toefl	no	yes	no	yes	no	yes	zan ting	5616	999999	pause [v.] | suspend [v.]	n. 休息, 休会, 放假, 凹进处, 深处\nvt. 使凹进\nvi. 休假, 休息	yes
abode	房屋	n.	kyle-only	tem8,ielts	ielts	no	yes	no	yes	yes	yes	fang wu	5564	999999	house [n.]	n. 住所, 住处\nabide的过去式和过去分词	yes
defence	防御	n.	kyle-only	tem8,ielts	ielts,tem8	no	yes	yes	yes	yes	yes	fang yu	5538	999999	defense [n.]	n. 防卫, 防卫设备\n[经] (诉讼程序中的)辩护	yes
lass	小姑娘	n.	kyle-only	tem4,tem8	tem4,tem8	no	yes	no	yes	yes	yes	xiao gu niang	5477	999999	little girl [n.]	n. 少女, 爱人, 情妇	yes
confederacy	同盟	n.	kyle-only	tem8,toefl	toefl	no	yes	no	yes	yes	yes	tong meng	5454	999999	alliance [n.]	n. 联盟, 邦联\n[法] 共谋, 违法的结社, 联盟	yes
conceivable	可能的	adj.	kyle-only	tem8,toefl	tem8,toefl	no	yes	no	yes	yes	yes	ke neng de	5386	999999	possible [adj.]	a. 想得到的, 可想象的, 可理解的	yes
contingent	可能的	adj.	kyle-only	tem8,toefl	tem8	no	yes	yes	yes	yes	yes	ke neng de	5386	999999	possible [adj.]	a. 或许发生的, 附随的, 偶然发生的\nn. 偶然事件, 分遣队	yes
advisory	警报	n.	kyle-only	tem8,toefl	toefl	no	yes	no	yes	yes	yes	jing bao	5288	999999	alarm [n.] | warning [n.]	a. 顾问的, 咨询的, 劝告的\n[法] 劝告的, 忠告的, 咨询的	yes
utterance	言论	n.	kyle-only	toefl,ielts	ielts	no	yes	no	yes	yes	yes	yan lun	5258	999999	speech [n.]	n. 发声, 言辞, 表达, 说话的方式, 死\n[医] 发言, 言语, 语调	yes
clout	势力	n.	kyle-only	tem4,tem8	tem4,tem8	no	yes	no	yes	yes	yes	shi li	5142	999999	influence [n.]	n. 敲击, 破布\nvt. 打补钉	yes
demolition	拆除	n.	kyle-only	toefl,ielts	ielts	no	yes	no	yes	no	yes	chai chu	5012	999999	demolish [v.] | remove [v.]	n. 破坏, 毁坏, 撤销\n[经] 拆毁(除,破坏)	yes
utterance	讲话	n.	kyle-only	toefl,ielts	ielts	no	yes	no	yes	no	yes	jiang hua	4930	999999	speak [v.]	n. 发声, 言辞, 表达, 说话的方式, 死\n[医] 发言, 言语, 语调	yes
inconvenience	不方便	n.	kyle-only	tem4,tem8	tem4	no	yes	no	yes	no	yes	bu fang bian	4912	999999	inconvenient [adj.]	n. 不便, 困难\nvt. 使感不便, 使感困难	yes
generalise	推广	v.	kyle-only	tem8,ielts	ielts	no	yes	yes	yes	yes	yes	tui guang	4860	999999	promote [v.] | popularize [v.]	vt.vi. (使)一般化, 从...引出一般性结论, 泛论, 概括出, 归纳出, 使广义化	yes
thoroughbred	优秀的	adj.	kyle-only	tem4,tem8	tem4,tem8	no	yes	no	no	new-key	yes	you xiu de	4761	999999		a. 受过严格训练的, 良种的\nn. 受过严格训练的人, 良种动物	yes
reconnaissance	搜索	n.	kyle-only	tem4,tem8	tem4,tem8	no	yes	no	yes	no	yes	sou suo	4744	999999	search [v.]	n. 侦察, 勘察队\n[电] 勘查	yes
conjure	召唤	v.	kyle-only	tem8,toefl	toefl	no	yes	no	yes	yes	yes	zhao huan	4738	999999	summon [v.] | call [v.]	vt. 念咒文召唤, 变戏法, 想象\nvi. 变戏法, 施魔法	yes
inverse	相反	n.	kyle-only	tem8,toefl	tem8	no	yes	no	yes	no	yes	xiang fan	4592	999999	opposite [adj.]	a. 倒转的, 相反的\nn. 反向, 反面\n[计] 反白, 反色	yes
corroborate	证实	v.	kyle-only	tem8,toefl	tem8	no	yes	yes	yes	yes	yes	zheng shi	4569	999999	confirm [v.]	vt. 巩固, 确证\n[法] 确证, 确定, 证实	yes
virginal	十六	n.	kyle-only	tem8,toefl	tem8	no	yes	no	yes	no	yes	shi liu	4496	999999	sixteen [num.]	a. 处女的, 纯洁的, 没有玷污的, 未受精的\n[医] 处女的	yes
empower	授权	v.	kyle-only	tem8,toefl	tem8,toefl	no	yes	yes	yes	yes	yes	shou quan	4467	999999	authorize [v.]	vt. 授予权力, 允许, 使能够\n[法] 授权, 准许, 转委	yes
submission	投降	n.	kyle-only	tem8,toefl	tem8	no	yes	no	yes	no	yes	tou xiang	4453	999999	surrender [v.]	n. 屈服, 服从, 谦恭, 呈递, 提交, 意见\n[经] 提交, 提出, 提交公断	yes
submission	看法	n.	kyle-only	tem8,toefl	toefl	no	yes	no	yes	yes	yes	kan fa	4451	999999	view [n.] | opinion [n.]	n. 屈服, 服从, 谦恭, 呈递, 提交, 意见\n[经] 提交, 提出, 提交公断	yes
epitomise	象征	v.	kyle-only	tem8,ielts	tem8	no	yes	no	yes	no	yes	xiang zheng	4436	999999	symbol [n.]	vt. 对...作摘要, 集中体现, 成为...的化身, 成为...的缩影, 概括	yes
stash	隐藏	v.	kyle-only	toefl,ielts	toefl	no	yes	no	yes	yes	yes	yin cang	4434	999999	hide [v.] | conceal [v.]	vt. 藏起来\nn. 隐藏处, 隐藏物	yes
disposed	配置	v.	kyle-only	tem8,toefl	tem8	no	yes	no	yes	no	yes	pei zhi	4384	999999	configuration [n.]	a. 愿意, 倾向于	yes
frill	装饰	n.	kyle-only	tem8,toefl	tem8	no	yes	no	yes	no	yes	zhuang shi	4362	999999	decorate [v.]	n. (衣饰上的)皱边, 皱边纸饰\nvi. 起边皱\nvt. 折成皱边	yes
exponent	典型	n.	kyle-only	tem8,toefl	tem8	no	yes	no	yes	no	yes	dian xing	4301	999999	typical [adj.]	n. 说明者, 倡导者, 说明物, 指数\na. 说明的\n[计] 指数	yes
imbibe	吸收	v.	kyle-only	tem8,toefl	tem8,toefl	no	yes	yes	yes	yes	yes	xi shou	4300	999999	absorb [v.]	vt. 饮, 吸取, 吸入\nvi. 喝, 吸收水分	yes
extravagance	过度	n.	kyle-only	tem8,ielts	tem8	no	yes	no	yes	no	yes	guo du	4290	999999	excessive [adj.]	n. 奢侈, 浪费, 放肆的言行	yes
parody	模仿	n.	kyle-only	tem8,ielts	ielts	no	yes	no	yes	no	yes	mo fang	4228	999999	imitate [v.] | mimic [v.]	n. 打油诗文, 诙谐的模仿诗文, 拙劣的模仿\nvt. 拙劣模仿, 作模仿诗文	yes
defence	答辩	n.	kyle-only	tem8,ielts	ielts,tem8	no	yes	yes	yes	yes	yes	da bian	4162	999999	defense [n.] | reply [n.]	n. 防卫, 防卫设备\n[经] (诉讼程序中的)辩护	yes
disclaim	否认	v.	kyle-only	tem8,toefl	tem8	no	yes	no	yes	yes	yes	fou ren	4143	999999	deny [v.]	v. 放弃, 弃权, 拒绝承认	yes
reluctance	不愿	n.	kyle-only	tem8,toefl	toefl	no	yes	no	yes	no	yes	bu yuan	4136	999999	unwilling [v.]	n. 不情愿, 勉强\n[电] 磁阻	yes
humdrum	无聊的	adj.	kyle-only	tem8,ielts	tem8	no	yes	no	no	new-key	yes	wu liao de	4070	999999		a. 平凡的, 单调的, 令人厌烦的\nn. 平凡, 单调, 无聊\nvi. 单调令味地进行	yes
abode	停留	v.	kyle-only	tem8,ielts	tem8	no	yes	no	yes	yes	yes	ting liu	4064	999999	stay [v.] | stop [v.]	n. 住所, 住处\nabide的过去式和过去分词	yes
exalt	晋升	v.	kyle-only	tem8,toefl	toefl	no	yes	no	yes	yes	yes	jin sheng	4044	999999	promote [v.]	vt. 提升, 提高, 赞扬, 使得意\nvi. 使人兴奋, 使人得意	yes
inflection	变形	n.	kyle-only	tem8,toefl	tem8,toefl	no	yes	no	yes	no	yes	bian xing	3996	999999	deform [v.] | transform [v.]	n. 屈曲, 变调, 音调变化	yes
boon	利益	n.	kyle-only	tem8,toefl	tem8	no	yes	no	yes	yes	yes	li yi	3966	999999	benefit [n.] | interest [n.]	n. 恩惠	yes
perquisite	利益	n.	kyle-only	toefl,ielts	ielts,toefl	no	yes	no	yes	yes	yes	li yi	3966	999999	benefit [n.] | interest [n.]	n. 额外补贴, 特殊待遇, 外快\n[经] 奖金, 小费, 额外补贴	yes
inaugural	开始的	adj.	kyle-only	tem4,tem8	tem4,tem8	no	yes	no	no	new-key	yes	kai shi de	3956	999999		a. 就任的, 开幕的\nn. 就职演讲	yes
abnormality	异常	n.	kyle-only	tem8,toefl	tem8	no	yes	no	yes	no	yes	yi chang	3940	999999	abnormal [adj.]	n. 反常, 畸形, 变态\n[化] 反常; 非正态性	yes
anomaly	异常	n.	kyle-only	tem8,toefl	tem8,toefl	no	yes	no	yes	no	yes	yi chang	3940	999999	abnormal [adj.]	n. 不规则, 反常事物, 畸形\n[医] 异常, 反常	yes
hallmark	特点	n.	kyle-only	tem8,toefl	tem8,toefl	no	yes	no	yes	yes	yes	te dian	3927	999999	feature [n.] | characteristic [n.]	n. 纯度检验证明, 品质证明\nvt. 加盖纯度检验证明	yes
substantive	真实的	adj.	kyle-only	tem8,toefl	tem8	no	yes	no	yes	yes	yes	zhen shi de	3923	999999	real [adj.] | true [adj.]	a. 表示实在的, 有实质的, 独立存在的, 大量的, 重大的, 坚实的, 名词的\nn. 名词性实词, 名词	yes
turning	转向	n.	kyle-only	tem8,ielts	tem8	no	yes	no	yes	no	yes	zhuan xiang	3909	999999	turn [v.]	n. 旋转, 转弯处, 车削工作\n[化] 车削	yes
decry	谴责	v.	kyle-only	tem8,toefl	tem8	no	yes	yes	yes	yes	yes	qian ze	3881	999999	condemn [v.] | denounce [v.]	vt. 反对, 责难, 诽谤, 诋毁	yes
appalling	可怕的	adj.	kyle-only	tem4,tem8	tem4,tem8	no	yes	no	no	new-key	yes	ke pa de	3825	999999		a. 骇人的, 令人震惊的	yes
ghostly	可怕的	adj.	kyle-only	tem8,toefl	tem8,toefl	no	yes	no	no	new-key	yes	ke pa de	3825	999999		a. 幽灵的, 影子似的, 精神的	yes
epitomise	体现	v.	kyle-only	tem8,ielts	tem8	no	yes	no	yes	yes	yes	ti xian	3756	999999	embody [v.]	vt. 对...作摘要, 集中体现, 成为...的化身, 成为...的缩影, 概括	yes
advisory	公告	n.	kyle-only	tem8,toefl	tem8	no	yes	no	yes	yes	yes	gong gao	3691	999999	announcement [n.]	a. 顾问的, 咨询的, 劝告的\n[法] 劝告的, 忠告的, 咨询的	yes
fray	烦躁	v.	kyle-only	tem8,toefl	toefl	no	yes	no	yes	no	yes	fan zao	3671	999999	irritable [adj.]	n. 磨损, 打架, 争论\nvt. 使磨损\nvi. 被磨损	yes
artifice	欺骗	n.	kyle-only	tem8,toefl	tem8	no	yes	no	yes	no	yes	qi pian	3651	999999	deceive [v.] | cheat [v.]	n. 诡计, 技巧, 巧妙	yes
beguile	欺骗	v.	kyle-only	tem8,toefl	tem8	no	yes	no	yes	yes	yes	qi pian	3651	999999	deceive [v.] | cheat [v.]	vt. 诱骗	yes
upkeep	保养	n.	kyle-only	tem8,ielts	tem8	no	yes	no	yes	no	yes	bao yang	3580	999999	maintain [v.] | care [v.]	n. 维持, 维修费\n[经] 维修费, 养护费, 保养	yes
connote	暗示	v.	kyle-only	tem8,toefl	toefl	no	yes	yes	yes	yes	yes	an shi	3520	999999	hint [v.] | imply [v.]	vt. 含蓄着, 内涵着, 意味着	yes
boon	愉快的	adj.	kyle-only	tem8,toefl	tem8	no	yes	no	yes	yes	yes	yu kuai de	3503	999999	pleasant [adj.] | happy [adj.]	n. 恩惠	yes
enjoyment	乐趣	n.	kyle-only	tem8,toefl	tem8	no	yes	no	yes	yes	yes	le qu	3467	999999	joy [n.] | fun [n.]	n. 享乐, 快乐, 享受\n[经] 使用权	yes
rapport	交往	n.	kyle-only	tem8,toefl	tem8	no	yes	no	yes	no	yes	jiao wang	3433	999999	date [v.] | associate [v.]	n. 关系, 融洽, 一致\n[医] 关系, 协调(病人与医师间), 感通(唯心的灵交术时)	yes
rodeo	竞技	v.	kyle-only	tem8,toefl	tem8	no	yes	no	yes	no	yes	jing ji	3401	999999	competition [n.]	n. 竞技表演\n[经] 牛市场	yes
affront	侮辱	v.	kyle-only	tem8,toefl	toefl	no	yes	yes	yes	yes	yes	wu ru	3362	999999	insult [v.]	n. 公开侮辱, 轻蔑\nvt. 公开侮辱, 冒犯, 面对	yes
insulting	侮辱	v.	kyle-only	tem8,toefl	tem8	no	yes	no	yes	yes	yes	wu ru	3362	999999	insult [v.]	a. 侮辱的, 损害人体的	yes
repute	名誉	n.	kyle-only	tem8,toefl	tem8,toefl	no	yes	yes	yes	yes	yes	ming yu	3347	999999	honor [n.] | reputation [n.]	n. 名望, 名气, 声望\nvt. 认为, 以为	yes
repute	名誉	v.	kyle-only	tem8,toefl	tem8	no	yes	no	yes	no	yes	ming yu	3347	999999	honor [n.] | reputation [n.]	n. 名望, 名气, 声望\nvt. 认为, 以为	yes
snag	障碍	n.	kyle-only	tem8,toefl	tem8	no	yes	no	yes	yes	yes	zhang ai	3326	999999	obstacle [n.] | barrier [n.]	n. (尖利的)突出物, (衣服等的)戳破处, 断牙, 意外障碍\nvt. 造成阻碍, 抓住机会, 抢到, 清除障碍物	yes
hanker	向往	v.	kyle-only	tem8,toefl	tem8	no	yes	no	yes	yes	yes	xiang wang	3241	999999	yearn for [v.]	vi. 渴望, 热切希望	yes
southern	南方的	adj.	kyle-only	tem8,toefl	tem8,toefl	no	yes	no	no	new-key	yes	nan fang de	3240	999999		n. 南方人, 男风\na. 向南方的, 来自南方的	yes
deliberation	商量	n.	kyle-only	tem8,toefl	toefl	no	yes	no	yes	no	yes	shang liang	3219	999999	discuss [v.] | consult [v.]	n. 熟虑, 熟思, 审议\n[法] 慎重考虑, 商讨, 审议	yes
hanker	期望	v.	kyle-only	tem8,toefl	tem8	no	yes	no	yes	yes	yes	qi wang	3218	999999	expect [v.] | hope [v.]	vi. 渴望, 热切希望	yes
artifice	策略	n.	kyle-only	tem8,toefl	toefl	no	yes	no	yes	yes	yes	ce lve	3217	999999	strategy [n.]	n. 诡计, 技巧, 巧妙	yes
mishap	不幸	n.	kyle-only	toefl,ielts	ielts	no	yes	no	yes	no	yes	bu xing	3201	999999	unfortunate [adj.]	n. 不幸之事, 灾祸, 恶运	yes
reconstruction	复兴	n.	kyle-only	toefl,ielts	toefl	no	yes	no	yes	no	yes	fu xing	3199	999999	revive [v.]	n. 改造, 再建\n[医] 改建, 改造, 翻造	yes
jostle	争夺	v.	kyle-only	tem8,ielts	tem8	no	yes	no	yes	yes	yes	zheng duo	3190	999999	compete for [v.] | fight for [v.]	n. 推挤, 冲撞\nvi. 推挤, 冲撞\nvt. 推, 挤, 煽动	yes
attrition	消耗	n.	kyle-only	tem8,toefl	tem8	no	yes	no	yes	no	yes	xiao hao	3152	999999	consume [v.]	n. 摩擦, 磨损\n[医] 擦除术; 磨耗	yes
downside	缺点	n.	kyle-only	tem4,toefl	toefl	no	yes	no	yes	yes	yes	que dian	3146	999999	shortcoming [n.] | defect [n.]	n. 底侧；下降趋势	yes
swivel	旋转	v.	kyle-only	tem8,ielts	ielts	no	yes	no	yes	yes	yes	xuan zhuan	3114	999999	rotate [v.] | spin [v.]	n. 转环, 旋转轴承, 转椅座架\nv. (使)旋转	yes
pinnacle	山顶	n.	kyle-only	toefl,ielts	toefl	no	yes	yes	yes	yes	yes	shan ding	3103	999999	summit [n.]	n. 小尖塔, 尖峰, 高峰, 极点\nvt. 造小尖塔, 置于尖顶上	yes
bleat	抱怨	v.	kyle-only	tem4,tem8	tem4,tem8	no	yes	no	yes	yes	yes	bao yuan	3069	999999	complain [v.]	n. 羊的叫声\nvi. 咩咩叫\nvt. 以颤抖的声音说	yes
impoverish	贫穷	v.	kyle-only	tem8,ielts	tem8	no	yes	no	yes	no	yes	pin qiong	2998	999999	poor [adj.]	vt. 使贫穷, 耗尽...的力气	yes
demise	终止	n.	kyle-only	tem8,toefl	tem8	no	yes	no	yes	no	yes	zhong zhi	2957	999999	terminate [v.] | end [v.]	n. 崩, 薨, 死亡\nvt. 让渡, 遗赠, 转让	yes
astound	震惊	v.	kyle-only	toefl,ielts	ielts	no	yes	no	yes	yes	yes	zhen jing	2902	999999	shock [v.]	vt. 使惊骇, 使大惊	yes
repulse	驱逐	v.	kyle-only	tem8,toefl	tem8	no	yes	no	yes	yes	yes	qu zhu	2901	999999	expel [v.] | drive out [v.]	n. 击退, 拒绝\nvt. 厌恶, 击退, 拒绝	yes
eagerness	渴望	n.	kyle-only	tem4,tem8	tem4,tem8	no	yes	no	yes	no	yes	ke wang	2894	999999	crave [v.] | long for [v.]	n. 热心	yes
mutation	转变	n.	kyle-only	toefl,ielts	ielts	no	yes	no	yes	no	yes	zhuan bian	2848	999999	change [v.] | transform [v.]	n. 变化, 突变, 元音变化\n[化] 突变	yes
undesirable	讨厌的	adj.	kyle-only	tem8,toefl	toefl	no	yes	no	no	new-key	yes	tao yan de	2843	999999		a. 不受欢迎的, 不合乎社会道德标准的\n[法] 不受欢迎的人, 不良份子, 不法份子	yes
downside	负面	n.	kyle-only	tem4,toefl	tem4,toefl	no	yes	no	yes	no	yes	fu mian	2836	999999	negative [adj.]	n. 底侧；下降趋势	yes
transitive	传递	n.	kyle-only	tem4,tem8	tem4,tem8	no	yes	no	yes	no	yes	chuan di	2808	999999	pass [v.] | transmit [v.]	a. 及物的\nn. 及物动词	yes
retrieval	补偿	n.	kyle-only	tem8,toefl	toefl	no	yes	no	yes	no	yes	bu chang	2785	999999	compensate [v.]	n. 取回, 恢复, 检索\n[计] 检索	yes
grassy	绿色的	adj.	kyle-only	toefl,ielts	toefl	no	yes	no	no	new-key	yes	lv se de	2758	999999		a. 草绿色的, 象草的, 长满草的	yes
presuppose	假设	v.	kyle-only	tem8,ielts	ielts	no	yes	yes	yes	yes	yes	jia she	2751	999999	suppose [v.] | assume [v.]	vt. 预先假定, 预料, 以...为先决条件	yes
amenity	福利	n.	kyle-only	tem8,toefl	tem8	no	yes	no	yes	yes	yes	fu li	2731	999999	welfare [n.] | benefit [n.]	n. 便利设施, 适意, 礼仪\n[法] 舒适, 方便, 优雅	yes
boon	福利	n.	kyle-only	tem8,toefl	tem8,toefl	no	yes	no	yes	yes	yes	fu li	2731	999999	welfare [n.] | benefit [n.]	n. 恩惠	yes
topography	地形	n.	kyle-only	tem8,toefl	toefl	no	yes	no	yes	yes	yes	di xing	2671	999999	terrain [n.]	n. 地志, 地形学, 地势, 局部解剖学\n[医] 局部解剖, 局部记载	yes
apparently	显然	adv.	kyle-only	tem8,ielts	ielts	no	yes	yes	yes	yes	yes	xian ran	2660	999999	obviously [adv.] | clearly [adv.]	adv. 表面上, 清楚地, 显然地	yes
forestall	领先	v.	kyle-only	tem8,toefl	tem8	no	yes	no	yes	yes	yes	ling xian	2654	999999	lead [v.]	vt. 预先阻止, 先...一步行动, 占先一步, 垄断, 阻碍\n[法] 先采取行动预防或阻止, 垄断	yes
distend	膨胀	v.	kyle-only	toefl,ielts	ielts	no	yes	no	yes	yes	yes	peng zhang	2626	999999	expand [v.] | inflate [v.]	v. (使)膨胀, (使)扩张	yes
astray	迷路	adv.	kyle-only	tem8,ielts	tem8	no	yes	no	yes	no	yes	mi lu	2594	999999	get lost [v.]	adv. 迷途地, 入歧途地\n[法] 误入歧途地, 离开正道地	yes
indifference	冷漠	n.	kyle-only	tem8,toefl	toefl	no	yes	no	yes	no	yes	leng mo	2576	999999	indifferent [adj.] | cold [adj.]	n. 不重视, 无兴趣, 漠不关心\n[法] 中立, 不偏袒, 不重视	yes
distillation	精华	n.	kyle-only	tem8,toefl	tem8	no	yes	no	yes	yes	yes	jing hua	2574	999999	essence [n.]	n. 蒸馏\n[化] 蒸馏; 蒸馏法	yes
accede	即位	v.	kyle-only	tem8,toefl	toefl	no	yes	no	yes	yes	yes	ji wei	2566	999999	ascend the throne [v.]	vi. 同意, 正式加入, 就任, 继任	yes
quash	废止	v.	kyle-only	tem8,toefl	toefl	no	yes	no	yes	yes	yes	fei zhi	2557	999999	abolish [v.] | repeal [v.]	vt. 撤销, 平息, 镇压\n[法] 撤销, 废止, 宣布无效	yes
critique	批判	v.	kyle-only	tem8,toefl	tem8	no	yes	no	yes	yes	yes	pi pan	2555	999999	criticize [v.]	n. 评论文章, 评论	yes
consignment	发送	n.	kyle-only	tem8,ielts	ielts	no	yes	no	yes	no	yes	fa song	2540	999999	send [v.] | transmit [v.]	n. 委托\n[经] 委托, 寄销, 寄销品	yes
supremacy	主权	n.	kyle-only	tem8,toefl	tem8	no	yes	no	yes	yes	yes	zhu quan	2538	999999	sovereignty [n.]	n. 至高无上, 霸权地位, 优势, 至上\n[法] 至高权力, 无上权力, 霸权	yes
sweeping	打扫	v.	kyle-only	tem8,toefl	tem8	no	yes	no	yes	yes	yes	da sao	2501	999999	clean [v.] | sweep [v.]	n. 扫除, 垃圾\na. 扫荡的, 彻底的, 广泛的	yes
forestall	预防	v.	kyle-only	tem8,toefl	toefl	no	yes	yes	yes	yes	yes	yu fang	2478	999999	prevent [v.]	vt. 预先阻止, 先...一步行动, 占先一步, 垄断, 阻碍\n[法] 先采取行动预防或阻止, 垄断	yes
inverse	倒数	n.	kyle-only	tem8,toefl	toefl	no	yes	no	yes	no	yes	dao shu	2469	999999	countdown [v.]	a. 倒转的, 相反的\nn. 反向, 反面\n[计] 反白, 反色	yes
memorial	纪念碑	n.	kyle-only	tem8,toefl	tem8	no	yes	yes	yes	yes	yes	ji nian bei	2424	999999	monument [n.]	n. 纪念物, 请愿书\na. 记念的, 记忆的	yes
brighten	有希望	v.	kyle-only	tem8,toefl	toefl	no	yes	no	yes	no	yes	you xi wang	2389	999999	hopeful [phr.]	vi. 变亮, 活跃\nvt. 使生辉, 使快活	yes
utterance	言语	n.	kyle-only	toefl,ielts	ielts	no	yes	no	yes	yes	yes	yan yu	2377	999999	words [n.] | speech [n.]	n. 发声, 言辞, 表达, 说话的方式, 死\n[医] 发言, 言语, 语调	yes
espouse	信奉	v.	kyle-only	tem8,toefl	tem8	no	yes	no	yes	yes	yes	xin feng	2365	999999	believe in [v.]	vt. 支持, 赞成, 嫁, 娶\n[法] 娶, 出嫁, 信奉	yes
generalise	普及	v.	kyle-only	tem8,ielts	tem8	no	yes	yes	yes	yes	yes	pu ji	2361	999999	popularize [v.] | spread [v.]	vt.vi. (使)一般化, 从...引出一般性结论, 泛论, 概括出, 归纳出, 使广义化	yes
matron	保姆	n.	kyle-only	tem8,toefl	tem8	no	yes	no	yes	yes	yes	bao mu	2344	999999	nanny [n.] | babysitter [n.]	n. 妇女, 主妇, 女总管\n[医] 管理员, 保姆	yes
hale	迫使	v.	kyle-only	tem8,toefl	tem8	no	yes	yes	yes	yes	yes	po shi	2326	999999	force [v.] | compel [v.]	a. 强壮的, 矍铄的, 健壮的\nvt. 猛拉, 拖曳	yes
vestige	一点儿	n.	kyle-only	tem8,toefl	toefl	no	yes	no	yes	no	yes	yi dian er	2307	999999	a little [m.]	n. 遗迹, 痕迹, 残余, 丝毫, 退化的器官\n[医] 遗迹, 剩件, 剩余	yes
assent	赞成	v.	kyle-only	tem8,toefl	tem8	no	yes	no	yes	yes	yes	zan cheng	2277	999999	agree [v.] | approve [v.]	n. 赞成\nvi. 同意	yes
oversee	监管	v.	kyle-only	toefl,ielts	ielts,toefl	no	yes	yes	yes	yes	yes	jian guan	2266	999999	supervise [v.]	vt. 向下看, 了望, 监督, 偷看到\n[法] 监察, 监督, 俯瞰	yes
abode	遵守	v.	kyle-only	tem8,ielts	tem8	no	yes	no	yes	yes	yes	zun shou	2232	999999	observe [v.] | abide by [v.]	n. 住所, 住处\nabide的过去式和过去分词	yes
unsettle	不安	v.	kyle-only	tem8,toefl	toefl	no	yes	no	yes	no	yes	bu an	2175	999999	uneasy [adj.]	vt. 使移动, 搅乱, 使动摇, 使不安宁\nvi. 动荡不定, 离开固定位置	yes
consignment	交付	n.	kyle-only	tem8,ielts	ielts	no	yes	no	yes	no	yes	jiao fu	2150	999999	deliver [v.] | hand over [v.]	n. 委托\n[经] 委托, 寄销, 寄销品	yes
dole	悲哀	n.	kyle-only	tem8,ielts	ielts	no	yes	no	yes	no	yes	bei ai	2138	999999	sad [adj.] | grief [adj.]	n. 救济品, 失业救济金\nvt. 发放救济	yes
consignment	运送	n.	kyle-only	tem8,ielts	tem8	no	yes	no	yes	no	yes	yun song	2113	999999	transport [v.] | convey [v.]	n. 委托\n[经] 委托, 寄销, 寄销品	yes
intrusion	干扰	n.	kyle-only	toefl,ielts	toefl	no	yes	no	yes	no	yes	gan rao	2100	999999	interfere [v.] | disturb [v.]	n. 闯入, 侵扰\n[医] [向内]突入	yes
bandwagon	潮流	n.	kyle-only	tem4,tem8	tem4	no	yes	no	yes	yes	yes	chao liu	2093	999999	trend [n.]	n. 乐队彩车, 流行	yes
enrol	入学	v.	kyle-only	tem4,tem8	tem4,tem8	no	yes	no	yes	yes	yes	ru xue	2082	999999	enter school [v.]	vt. 登记, 使加入\nvi. 参军, 注册	yes
enrollment	入学	n.	kyle-only	toefl,ielts	toefl	no	yes	no	yes	no	yes	ru xue	2082	999999	enter school [v.]	n. 登记, 注册, 入伍\n[经] 登记, 注册	yes
recoup	收回	v.	kyle-only	tem8,toefl	tem8,toefl	no	yes	yes	yes	yes	yes	shou hui	2063	999999	take back [v.] | recover [v.]	vt. 偿还, 赔偿, 补偿, 扣除\nvi. 补偿损失	yes
withdrawal	收回	n.	kyle-only	tem8,toefl	tem8,toefl	no	yes	no	yes	no	yes	shou hui	2063	999999	take back [v.] | recover [v.]	n. 提款, 撤退, 退回, 撤消, 退隐, 戒毒过程\n[医] 戒除, 脱瘾	yes
ought	应当	v.	kyle-only	tem8,toefl	tem8	no	yes	no	yes	yes	yes	ying dang	2046	999999	should [v.] | ought to [v.]	aux. 应该, 大概\nn. 责任	yes
encumber	阻碍	v.	kyle-only	tem8,toefl	tem8	no	yes	no	yes	yes	yes	zu ai	2043	999999	hinder [v.] | block [v.]	vt. 妨害, 阻塞, 拖累\n[经] 使负(债等), 负有义务	yes
semblance	外貌	n.	kyle-only	toefl,ielts	ielts	no	yes	no	yes	yes	yes	wai mao	1967	999999	appearance [n.]	n. 外表, 伪装, 假象, 少量	yes
ancestry	血统	n.	kyle-only	tem8,toefl	tem8,toefl	no	yes	yes	yes	yes	yes	xue tong	1953	999999	bloodline [n.]	n. 祖先, 世系, 名门出身	yes
indifference	中立	n.	kyle-only	tem8,toefl	tem8	no	yes	no	yes	no	yes	zhong li	1945	999999	neutral [adj.]	n. 不重视, 无兴趣, 漠不关心\n[法] 中立, 不偏袒, 不重视	yes
recoup	弥补	v.	kyle-only	tem8,toefl	toefl	no	yes	no	yes	yes	yes	mi bu	1937	999999	make up for [v.] | compensate [v.]	vt. 偿还, 赔偿, 补偿, 扣除\nvi. 补偿损失	yes
incursion	侵犯	n.	kyle-only	tem8,toefl	tem8,toefl	no	yes	no	yes	no	yes	qin fan	1917	999999	infringe [v.]	n. 侵入, 侵略, 奇袭	yes
intrusion	侵犯	n.	kyle-only	toefl,ielts	toefl	no	yes	no	yes	no	yes	qin fan	1917	999999	infringe [v.]	n. 闯入, 侵扰\n[医] [向内]突入	yes
incursion	介入	n.	kyle-only	tem8,toefl	toefl	no	yes	no	yes	no	yes	jie ru	1884	999999	intervene [v.]	n. 侵入, 侵略, 奇袭	yes
particulate	粒子	n.	kyle-only	toefl,ielts	ielts	no	yes	no	yes	yes	yes	li zi	1884	999999	particle [n.]	n. 微粒\na. 微粒的	yes
hassle	争论	n.	kyle-only	tem8,ielts	ielts	no	yes	no	yes	no	yes	zheng lun	1874	999999	argue [v.]	n. 激烈而持久的争论\nvi. 争论\nvt. 与...争辩, 使烦恼	yes
extremity	极度	n.	kyle-only	tem8,toefl	toefl	no	yes	no	yes	no	yes	ji du	1869	999999	extremely [adv.]	n. 极端, 极点, 困境, 绝境\n[医] 肢, 端	yes
cadet	次子	n.	kyle-only	tem4,tem8	tem4,tem8	no	yes	no	yes	yes	yes	ci zi	1866	999999	second son [n.]	n. 军官学校学生\n[法] 军校学生	yes
induct	传授	v.	kyle-only	tem8,toefl	toefl	no	yes	no	yes	yes	yes	chuan shou	1865	999999	teach [v.] | impart [v.]	vt. 引导, 使入门, 引入, 使就职	yes
arousal	觉醒	n.	kyle-only	toefl,ielts	toefl	no	yes	no	yes	no	yes	jue xing	1858	999999	awaken [v.]	n. 奋发, 激励	yes
handicapped	残疾人	n.	kyle-only	tem8,ielts	tem8	no	yes	no	yes	yes	yes	can ji ren	1855	999999	disabled person [n.]	a. 残疾的\n[法] 有生理缺陷的, 残废的	yes
repute	名声	n.	kyle-only	tem8,toefl	toefl	no	yes	yes	yes	yes	yes	ming sheng	1855	999999	fame [n.] | reputation [n.]	n. 名望, 名气, 声望\nvt. 认为, 以为	yes
manipulation	操纵	n.	kyle-only	tem4,toefl	tem4,toefl	no	yes	no	yes	no	yes	cao zong	1832	999999	manipulate [v.]	n. 操作, 处理\n[化] (用手)操作; 使用	yes
incredibly	极其	adv.	kyle-only	tem4,tem8	tem4	no	yes	no	yes	yes	yes	ji qi	1828	999999	extremely [adv.]	adv. 不能相信地	yes
impel	促使	v.	kyle-only	tem8,toefl	toefl	no	yes	no	yes	yes	yes	cu shi	1800	999999	prompt [v.]	vt. 推动, 激励, 驱使, 迫使	yes
perquisite	津贴	n.	kyle-only	toefl,ielts	toefl	no	yes	no	yes	yes	yes	jin tie	1800	999999	allowance [n.]	n. 额外补贴, 特殊待遇, 外快\n[经] 奖金, 小费, 额外补贴	yes
proliferation	扩散	n.	kyle-only	tem8,toefl	tem8	no	yes	no	yes	no	yes	kuo san	1769	999999	spread [v.]	n. 增殖, 激增\n[医] 增生, 增殖	yes
amenity	舒适	n.	kyle-only	tem8,toefl	tem8	no	yes	no	yes	no	yes	shu shi	1764	999999	comfortable [adj.]	n. 便利设施, 适意, 礼仪\n[法] 舒适, 方便, 优雅	yes
intimacy	隐私	n.	kyle-only	tem8,toefl	tem8,toefl	no	yes	no	yes	yes	yes	yin si	1734	999999	privacy [n.]	n. 亲密, 熟悉, 亲昵行为(言语)\n[法] 亲近的行为, 亲密, 隐私	yes
enjoyment	享有	n.	kyle-only	tem8,toefl	tem8	no	yes	no	yes	no	yes	xiang you	1732	999999	enjoy [v.]	n. 享乐, 快乐, 享受\n[经] 使用权	yes
anguish	苦恼	n.	kyle-only	tem8,toefl	tem8	no	yes	no	yes	yes	yes	ku nao	1728	999999	trouble [n.] | worry [n.]	n. 剧痛, 痛苦\nvt. 使极痛苦\nvi. 感到痛苦	yes
binge	放纵	n.	kyle-only	tem8,toefl	tem8	no	yes	no	yes	no	yes	fang zong	1710	999999	indulge [v.]	n. 狂闹, 狂欢	yes
binge	放纵	v.	kyle-only	tem8,toefl	tem8	no	yes	no	yes	yes	yes	fang zong	1710	999999	indulge [v.]	n. 狂闹, 狂欢	yes
exacerbate	恶化	v.	kyle-only	tem8,ielts	ielts	no	yes	yes	yes	yes	yes	e hua	1708	999999	deteriorate [v.] | worsen [v.]	vt. 使恶化, 使增剧, 激怒, 使加剧	yes
hassle	分歧	n.	kyle-only	tem8,ielts	ielts	no	yes	no	yes	yes	yes	fen qi	1698	999999	divergence [n.] | disagreement [n.]	n. 激烈而持久的争论\nvi. 争论\nvt. 与...争辩, 使烦恼	yes
frenetic	疯子	n.	kyle-only	tem8,toefl	tem8	no	yes	no	yes	yes	yes	feng zi	1696	999999	madman [n.]	a. 发狂的, 狂热的\nn. 发狂者	yes
distillation	净化	n.	kyle-only	tem8,toefl	tem8	no	yes	no	yes	no	yes	jing hua	1669	999999	purify [v.]	n. 蒸馏\n[化] 蒸馏; 蒸馏法	yes
adherence	忠诚	n.	kyle-only	tem8,toefl	tem8	no	yes	no	yes	no	yes	zhong cheng	1664	999999	loyal [adj.] | faithful [adj.]	n. 依附, 固执, 坚持\n[化] 粘合	yes
extricate	解救	v.	kyle-only	tem8,toefl	tem8	no	yes	no	yes	yes	yes	jie jiu	1662	999999	rescue [v.]	vt. 使解脱, 救出	yes
memorial	纪念馆	n.	kyle-only	tem8,toefl	tem8,toefl	no	yes	no	yes	yes	yes	ji nian guan	1651	999999	memorial hall [n.]	n. 纪念物, 请愿书\na. 记念的, 记忆的	yes
acquiesce	默认	v.	kyle-only	tem8,toefl	toefl	no	yes	no	yes	yes	yes	mo ren	1646	999999	default [v.]	vi. 默许, 默然同意	yes
deafen	淹没	v.	kyle-only	tem4,tem8	tem4,tem8	no	yes	no	yes	yes	yes	yan mo	1628	999999	submerge [v.]	vt. 使聋\nvi. 变聋	yes
fray	恼火	v.	kyle-only	tem8,toefl	toefl	no	yes	no	yes	no	yes	nao huo	1615	999999	annoyed [adj.] | angry [adj.]	n. 磨损, 打架, 争论\nvt. 使磨损\nvi. 被磨损	yes
smoking	吸烟	v.	kyle-only	tem8,ielts	tem8	no	yes	no	yes	yes	yes	xi yan	1612	999999	smoke [v.]	n. 抽烟, 冒烟\n[医] 烟熏; 吸烟	yes
rite	习俗	n.	kyle-only	tem8,toefl	tem8	no	yes	no	yes	yes	yes	xi su	1608	999999	custom [n.]	n. 仪式, 典礼, 惯例, 礼拜式	yes
contour	电路	n.	kyle-only	tem8,toefl	tem8	no	yes	no	yes	yes	yes	dian lu	1585	999999	circuit [n.]	n. 轮廓\nvt. 画轮廓\na. 显示轮廓的\n[计] 轮廓	yes
allay	减轻	v.	kyle-only	tem8,toefl	tem8,toefl	no	yes	no	yes	yes	yes	jian qing	1560	999999	reduce [v.] | alleviate [v.]	vt. 使平静, 使缓和	yes
austerity	严厉	n.	kyle-only	tem8,toefl	tem8	no	yes	no	yes	no	yes	yan li	1547	999999	strict [adj.] | severe [adj.]	n. 朴素, 苦行, 严格, 严峻	yes
induct	感应	v.	kyle-only	tem8,toefl	tem8,toefl	no	yes	no	yes	no	yes	gan ying	1541	999999	induction [n.] | response [n.]	vt. 引导, 使入门, 引入, 使就职	yes
predisposition	趋势	n.	kyle-only	tem8,ielts	ielts	no	yes	no	yes	yes	yes	qu shi	1504	999999	trend [n.] | tendency [n.]	n. 爱好, 素质, 癖性, 天性, 倾向, 易感受性\n[医] 素因, 素质	yes
distaste	厌恶	n.	kyle-only	tem4,tem8	tem4,tem8	no	yes	no	yes	no	yes	yan wu	1503	999999	detest [v.]	n. 讨厌, 嫌恶	yes
distaste	厌恶	v.	kyle-only	tem4,tem8	tem4,tem8	no	yes	no	yes	yes	yes	yan wu	1503	999999	detest [v.]	n. 讨厌, 嫌恶	yes
dormancy	冬眠	n.	kyle-only	toefl,ielts	ielts	no	yes	no	yes	no	yes	dong mian	1497	999999	hibernate [v.]	n. 不活动性, 休眠, 蛰伏\n[医] 休眠, 不活动, 休止	yes
grapple	格斗	n.	kyle-only	tem8,toefl	tem8,toefl	no	yes	no	yes	yes	yes	ge dou	1476	999999	fighting [n.] | combat [n.]	v. 抓住, 掌握\nn. 抓住, 系紧, 掌握, 与...扭打	yes
grapple	格斗	v.	kyle-only	tem8,toefl	tem8,toefl	no	yes	no	yes	no	yes	ge dou	1476	999999	fighting [n.] | combat [n.]	v. 抓住, 掌握\nn. 抓住, 系紧, 掌握, 与...扭打	yes
interlock	连锁	v.	kyle-only	tem8,toefl	tem8	no	yes	no	yes	no	yes	lian suo	1471	999999	chain [n.]	v. (使)连结, (使)连锁\nn. 连锁, 连结\n[计] 相关; 互锁	yes
revert	归属	v.	kyle-only	tem8,toefl	toefl	no	yes	no	yes	no	yes	gui shu	1470	999999	belonging [n.]	vi. 恢复, 复归, 回复, 还原\nvt. 使回复原状, 使回转\nn. 恢复原信仰的人\n[计] 还原	yes
savour	吸引力	n.	kyle-only	tem8,ielts	ielts	no	yes	no	yes	yes	yes	xi yin li	1456	999999	attraction [n.]	n. 滋味, 气味, 食欲\nvi. 有...的滋味\nvt. 品味, 加调味品于, 使有风味, 尝到	yes
opulence	财富	n.	kyle-only	toefl,ielts	ielts	no	yes	no	yes	yes	yes	cai fu	1428	999999	wealth [n.]	n. 富裕, 丰富, 大量	yes
eminence	卓越	n.	kyle-only	tem8,toefl	tem8	no	yes	no	yes	no	yes	zhuo yue	1420	999999	excellent [adj.] | outstanding [adj.]	n. 显赫, 名家, 高处\n[医] 隆起, 隆凸	yes
savour	品尝	v.	kyle-only	tem8,ielts	ielts	no	yes	yes	yes	yes	yes	pin chang	1388	999999	taste [v.]	n. 滋味, 气味, 食欲\nvi. 有...的滋味\nvt. 品味, 加调味品于, 使有风味, 尝到	yes
abreast	并列	adv.	kyle-only	tem8,toefl	tem8	no	yes	no	yes	no	yes	bing lie	1368	999999	tie [v.] | parallel [v.]	adv. 并肩地, 并列地	yes
quotient	系数	n.	kyle-only	tem8,toefl	tem8	no	yes	no	yes	yes	yes	xi shu	1367	999999	coefficient [n.]	n. 商, 份额\n[计] 商	yes
coop	小屋	n.	kyle-only	tem8,toefl	tem8	no	yes	no	yes	yes	yes	xiao wu	1361	999999	hut [n.] | cabin [n.]	n. 狭小空间, 鸡笼, 捕鱼篓\nvt. 关进鸡舍, 监禁	yes
brighten	明亮	v.	kyle-only	tem8,toefl	tem8	no	yes	no	yes	no	yes	ming liang	1353	999999	bright [adj.]	vi. 变亮, 活跃\nvt. 使生辉, 使快活	yes
cessation	中止	n.	kyle-only	tem4,toefl	tem4	no	yes	no	yes	no	yes	zhong zhi	1338	999999	stop [v.] | discontinue [v.]	n. 停止\n[法] 中止, 中断, 停止	yes
bask	取暖	v.	kyle-only	tem8,toefl	tem8	no	yes	no	yes	yes	yes	qu nuan	1335	999999	warm up [v.]	vi. 晒太阳, 感到舒适	yes
foray	突袭	n.	kyle-only	tem8,toefl	tem8	no	yes	no	yes	no	yes	tu xi	1333	999999	raid [v.]	vi. 侵略, 劫掠, 袭击\nn. 侵掠, 侵略, 攻击	yes
extremity	末端	n.	kyle-only	tem8,toefl	toefl	no	yes	no	yes	yes	yes	mo duan	1304	999999	end [n.] | tip [n.]	n. 极端, 极点, 困境, 绝境\n[医] 肢, 端	yes
balk	妨碍	v.	kyle-only	tem8,toefl	toefl	no	yes	no	yes	yes	yes	fang ai	1284	999999	hinder [v.] | obstruct [v.]	n. 障碍, 错误, 失败\nvt. 阻止, 错过, 推诿\nvi. 逡巡不前	yes
fright	惊吓	n.	kyle-only	tem8,toefl	tem8	no	yes	no	yes	no	yes	jing xia	1271	999999	frighten [v.] | scare [v.]	n. 惊骇, 吃惊\n[医] 惊吓	yes
inflection	弯曲	n.	kyle-only	tem8,toefl	tem8	no	yes	no	yes	no	yes	wan qu	1265	999999	bend [v.] | curve [v.]	n. 屈曲, 变调, 音调变化	yes
suppression	压制	n.	kyle-only	tem8,ielts	ielts,tem8	no	yes	no	yes	no	yes	ya zhi	1254	999999	suppress [v.]	n. 抑压, 镇压, 抑制\n[计] 抑制	yes
custody	保管	n.	kyle-only	tem4,tem8	tem4,tem8	no	yes	no	yes	no	yes	bao guan	1248	999999	keep [v.] | store [v.]	n. 监护, 拘留, 监禁\n[经] 保管, 照顾, 保护	yes
defence	辩护	n.	kyle-only	tem8,ielts	ielts	no	yes	no	yes	no	yes	bian hu	1241	999999	defend [v.]	n. 防卫, 防卫设备\n[经] (诉讼程序中的)辩护	yes
deprecate	抨击	v.	kyle-only	tem8,toefl	tem8,toefl	no	yes	no	yes	yes	yes	peng ji	1241	999999	attack [v.] | criticize [v.]	vt. 声明不赞成, 抗议, 反对\n[法] 对...表示不赞成, 反对	yes
illuminating	照明	v.	kyle-only	tem4,tem8	tem4,tem8	no	yes	no	yes	no	yes	zhao ming	1211	999999	lighting [n.]	a. 有启发性的	yes
pageant	庆典	n.	kyle-only	tem8,ielts	ielts	no	yes	no	yes	yes	yes	qing dian	1210	999999	celebration [n.]	n. 盛会, 游行, 虚饰, 露天表演	yes
introvert	内向	n.	kyle-only	tem8,ielts	tem8	no	yes	no	yes	no	yes	nei xiang	1204	999999	introverted [adj.]	n. 个性内向者\nvt. 使内向, 使内弯, 内陷\nvi. 内省, 内弯\na. 性格内向的	yes
budge	服从	v.	kyle-only	tem8,toefl	tem8	no	yes	no	yes	yes	yes	fu cong	1203	999999	obey [v.]	vi. 微微移动\nvt. 推动\nn. 羔羊皮	yes
deference	服从	n.	kyle-only	tem8,toefl	tem8	no	yes	no	yes	no	yes	fu cong	1203	999999	obey [v.]	n. 顺从, 尊重	yes
dispensary	药房	n.	kyle-only	tem4,tem8	tem4,tem8	no	yes	no	yes	yes	yes	yao fang	1195	999999	pharmacy [n.]	n. (尤指医院的)药房, 诊疗所\n[医] 医务所, 防治所, 药房	yes
oracle	圣人	n.	kyle-only	tem8,toefl	tem8	no	yes	no	yes	yes	yes	sheng ren	1188	999999	sage [n.]	n. 神谕, 神谕处, 预言	yes
regency	摄政	n.	kyle-only	tem4,tem8	tem4,tem8	no	yes	no	yes	yes	yes	she zheng	1185	999999	regent [n.]	n. 摄政统治, 摄政权, 摄政统治区\n[法] 摄政, 摄政权, 统治	yes
cavern	洞穴	n.	kyle-only	tem8,toefl	tem8,toefl	no	yes	no	yes	yes	yes	dong xue	1175	999999	cave [n.]	n. 巨穴, 洞窟, 深处\nvt. 放于山洞中, 挖空	yes
fishing	渔业	n.	kyle-only	tem8,ielts	tem8	no	yes	no	yes	yes	yes	yu ye	1172	999999	fishery [n.]	n. 钓鱼, 鱼业\na. 钓鱼的	yes
depose	罢免	v.	kyle-only	tem8,toefl	toefl	no	yes	no	yes	yes	yes	ba mian	1154	999999	dismiss [v.]	vt. 免职, 废黜, 作证\nvi. 作证, 供证	yes
frenzy	狂热	n.	kyle-only	tem8,toefl	toefl	no	yes	no	yes	no	yes	kuang re	1144	999999	fanatical [adj.] | crazy [adj.]	n. 疯狂, 狂暴, 狂怒\n[医] 暴怒, 狂乱	yes
utterance	话语	n.	kyle-only	toefl,ielts	ielts	no	yes	no	yes	yes	yes	hua yu	1137	999999	words [n.] | discourse [n.]	n. 发声, 言辞, 表达, 说话的方式, 死\n[医] 发言, 言语, 语调	yes
reversal	逆转	n.	kyle-only	tem8,toefl	tem8	no	yes	no	yes	no	yes	ni zhuan	1119	999999	reverse [v.]	n. 翻转, 颠倒, 反转\n[医] 逆转, 颠倒	yes
revert	归还	v.	kyle-only	tem8,toefl	tem8,toefl	no	yes	yes	yes	yes	yes	gui huan	1105	999999	return [v.]	vi. 恢复, 复归, 回复, 还原\nvt. 使回复原状, 使回转\nn. 恢复原信仰的人\n[计] 还原	yes
shopper	顾客	n.	kyle-only	tem8,toefl	tem8	no	yes	no	yes	yes	yes	gu ke	1099	999999	customer [n.]	n. 购物者\n[经] 顾客, 购物的人	yes
intimacy	性行为	n.	kyle-only	tem8,toefl	tem8	no	yes	no	yes	yes	yes	xing xing wei	1097	999999	sex [n.]	n. 亲密, 熟悉, 亲昵行为(言语)\n[法] 亲近的行为, 亲密, 隐私	yes
perquisite	特权	n.	kyle-only	toefl,ielts	ielts,toefl	no	yes	yes	yes	yes	yes	te quan	1070	999999	privilege [n.]	n. 额外补贴, 特殊待遇, 外快\n[经] 奖金, 小费, 额外补贴	yes
corollary	推断	n.	kyle-only	tem8,toefl	toefl	no	yes	no	yes	no	yes	tui duan	1058	999999	infer [v.] | deduce [v.]	n. 必然的结果, 系, 推论	yes
abstraction	提取	n.	kyle-only	toefl,ielts	toefl	no	yes	no	yes	no	yes	ti qu	1053	999999	extract [v.] | abstract [v.]	n. 抽象化, 心不在焉, 空想, 提炼, 抽象派作品\n[化] 提取; 抽取; 夺取; 夺取反应; 除去	yes
inflow	流入	v.	kyle-only	tem8,toefl	tem8	no	yes	no	yes	yes	yes	liu ru	1046	999999	flow into [v.]	n. 流入, 流入物	yes
abstraction	抽象	n.	kyle-only	toefl,ielts	ielts	no	yes	no	yes	no	yes	chou xiang	1028	999999	abstract [adj.]	n. 抽象化, 心不在焉, 空想, 提炼, 抽象派作品\n[化] 提取; 抽取; 夺取; 夺取反应; 除去	yes
predispose	偏爱	v.	kyle-only	toefl,ielts	ielts	no	yes	no	yes	yes	yes	pian ai	997	999999	favor [v.] | prefer [v.]	vt. 预先处置, 使预先有倾向	yes
fairground	游乐场	n.	kyle-only	tem8,toefl	tem8,toefl	no	yes	no	yes	yes	yes	you le chang	996	999999	amusement park [n.]	n. 举行赛会的场所, 露天市场	yes
disappointment	沮丧	n.	kyle-only	tem8,toefl	tem8	no	yes	no	yes	no	yes	ju sang	989	999999	dejected [adj.] | frustrated [adj.]	n. 失望	yes
indifference	冷淡	n.	kyle-only	tem8,toefl	tem8	no	yes	no	yes	no	yes	leng dan	988	999999	cold [adj.] | indifferent [adj.]	n. 不重视, 无兴趣, 漠不关心\n[法] 中立, 不偏袒, 不重视	yes
dispersal	疏散	n.	kyle-only	toefl,ielts	ielts,toefl	no	yes	no	yes	no	yes	shu san	969	999999	evacuate [v.] | disperse [v.]	n. 散布, 传播, 分散	yes
recollection	记忆力	n.	kyle-only	tem8,toefl	toefl	no	yes	no	yes	yes	yes	ji yi li	939	999999	memory [n.]	n. 记忆, 回想, 回忆	yes
asylum	避难	n.	kyle-only	tem8,ielts	ielts	no	yes	no	yes	no	yes	bi nan	937	999999	take refuge [v.]	n. 庇护, 收容所\n[医] 养育院	yes
lute	琵琶	n.	kyle-only	tem4,tem8	tem4,tem8	no	yes	no	yes	yes	yes	pi pa	933	999999	pipa [n.]	n. 鲁特诗琴, 封泥\nvt. 用封泥封, 弹诗琴表达\nvi. 弹诗琴	yes
depletion	削减	n.	kyle-only	toefl,ielts	ielts	no	yes	no	yes	no	yes	xue jian	931	999999	cut [v.] | reduce [v.]	n. 消耗, 耗尽, 放血\n[医] 排除, 缺失(液体), 衰竭[状态](由于缺液)	yes
excellence	美德	n.	kyle-only	tem8,toefl	tem8	no	yes	no	yes	yes	yes	mei de	928	999999	virtue [n.]	n. 优秀, 卓越, 优点	yes
drab	邋遢	n.	kyle-only	tem8,toefl	tem8	no	yes	no	yes	no	yes	la ta	925	999999	messy [adj.]	a. 土褐色的, 单调的	yes
exacerbate	加重	v.	kyle-only	tem8,ielts	ielts	no	yes	yes	yes	yes	yes	jia zhong	918	999999	aggravate [v.] | increase [v.]	vt. 使恶化, 使增剧, 激怒, 使加剧	yes
dearth	短缺	n.	kyle-only	toefl,ielts	ielts,toefl	no	yes	yes	yes	yes	yes	duan que	917	999999	shortage [n.]	n. 缺乏, 粮食不足, 饥馑	yes
libel	诽谤	n.	kyle-only	toefl,ielts	ielts,toefl	no	yes	no	yes	no	yes	fei bang	917	999999	slander [v.]	n. 以文字损害名誉, 诽谤罪, 侮辱\nv. 诽谤, 中伤, 损害名誉	yes
mutation	变异	n.	kyle-only	toefl,ielts	ielts	no	yes	no	yes	no	yes	bian yi	904	999999	mutate [v.]	n. 变化, 突变, 元音变化\n[化] 突变	yes
condone	容忍	v.	kyle-only	toefl,ielts	ielts	no	yes	no	yes	yes	yes	rong ren	898	999999	tolerate [v.] | endure [v.]	vt. 赦, 宽恕\n[法] 宽恕, 不咎, 抵销	yes
amble	漫步	n.	kyle-only	tem8,toefl	tem8	no	yes	no	yes	no	yes	man bu	894	999999	stroll [v.]	n. 马的缓行步态, 缓行漫步\nvi. 马缓行, 从容漫步	yes
amble	漫步	v.	kyle-only	tem8,toefl	toefl	no	yes	no	yes	yes	yes	man bu	894	999999	stroll [v.]	n. 马的缓行步态, 缓行漫步\nvi. 马缓行, 从容漫步	yes
levity	多变	n.	kyle-only	tem8,toefl	tem8	no	yes	no	yes	no	yes	duo bian	889	999999	changeable [adj.]	n. 轻率, 轻浮, 不稳定	yes
exacerbate	加剧	v.	kyle-only	tem8,ielts	ielts	no	yes	yes	yes	yes	yes	jia ju	886	999999	intensify [v.] | aggravate [v.]	vt. 使恶化, 使增剧, 激怒, 使加剧	yes
exalt	提拔	v.	kyle-only	tem8,toefl	tem8,toefl	no	yes	no	yes	yes	yes	ti ba	885	999999	promote [v.]	vt. 提升, 提高, 赞扬, 使得意\nvi. 使人兴奋, 使人得意	yes
savour	情趣	n.	kyle-only	tem8,ielts	ielts	no	yes	no	yes	yes	yes	qing qu	878	999999	interest [n.] | appeal [n.]	n. 滋味, 气味, 食欲\nvi. 有...的滋味\nvt. 品味, 加调味品于, 使有风味, 尝到	yes
savour	风味	n.	kyle-only	tem8,ielts	ielts,tem8	no	yes	yes	yes	yes	yes	feng wei	869	999999	flavor [n.]	n. 滋味, 气味, 食欲\nvi. 有...的滋味\nvt. 品味, 加调味品于, 使有风味, 尝到	yes
espouse	拥护	v.	kyle-only	tem8,toefl	toefl	no	yes	no	yes	yes	yes	yong hu	852	999999	support [v.] | uphold [v.]	vt. 支持, 赞成, 嫁, 娶\n[法] 娶, 出嫁, 信奉	yes
circumvent	绕过	v.	kyle-only	tem8,toefl	tem8	no	yes	no	yes	yes	yes	rao guo	845	999999	bypass [v.]	vt. 绕行, 陷害, 包围, 智取	yes
generalise	概括	v.	kyle-only	tem8,ielts	ielts,tem8	no	yes	no	yes	yes	yes	gai kuo	841	999999	summarize [v.]	vt.vi. (使)一般化, 从...引出一般性结论, 泛论, 概括出, 归纳出, 使广义化	yes
figurehead	傀儡	n.	kyle-only	tem8,toefl	tem8	no	yes	no	yes	yes	yes	kui lei	824	999999	puppet [n.]	n. 装饰船头的人像, 傀儡领袖	yes
hassle	激战	n.	kyle-only	tem8,ielts	tem8	no	yes	no	yes	yes	yes	ji zhan	822	999999	fierce battle [n.]	n. 激烈而持久的争论\nvi. 争论\nvt. 与...争辩, 使烦恼	yes
malign	污蔑	v.	kyle-only	tem8,toefl	tem8	no	yes	no	yes	yes	yes	wu mie	819	999999	slander [v.]	a. 有害的, 恶性的, 有恶意的\nvt. 诽谤, 说坏话	yes
scenario	设想	n.	kyle-only	tem8,toefl	tem8	no	yes	no	yes	no	yes	she xiang	817	999999	imagine [v.]	n. 剧本提纲, 情节, 剧本, 方案, 事态\n[计] 方案	yes
predisposition	偏好	n.	kyle-only	tem8,ielts	ielts	no	yes	no	yes	yes	yes	pian hao	814	999999	preference [n.]	n. 爱好, 素质, 癖性, 天性, 倾向, 易感受性\n[医] 素因, 素质	yes
snarl	咆哮	v.	kyle-only	tem8,toefl	tem8	no	yes	no	yes	yes	yes	pao xiao	814	999999	roar [v.]	vi. 吼叫, 怒骂, 缠结\nvt. 咆哮着说, 搞乱, 使缠结\nn. 咆哮, 吼叫, 怒骂, 缠结, 混乱	yes
recurrence	重现	n.	kyle-only	tem8,toefl	tem8,toefl	no	yes	no	yes	no	yes	chong xian	809	999999	reappear [v.]	n. 再现, 再发生, 反复, 循环\n[医] 复发, 再发	yes
fray	磨损	v.	kyle-only	tem8,toefl	toefl	no	yes	no	yes	yes	yes	mo sun	804	999999	wear [v.]	n. 磨损, 打架, 争论\nvt. 使磨损\nvi. 被磨损	yes
dignify	美化	v.	kyle-only	tem8,toefl	toefl	no	yes	no	yes	yes	yes	mei hua	800	999999	beautify [v.] | glorify [v.]	vt. 增威严, 使高贵, 故作显贵	yes
empower	准许	v.	kyle-only	tem8,toefl	toefl	no	yes	no	yes	yes	yes	zhun xu	795	999999	permit [v.]	vt. 授予权力, 允许, 使能够\n[法] 授权, 准许, 转委	yes
chiefly	首要	adv.	kyle-only	tem8,toefl	toefl	no	yes	no	yes	no	yes	shou yao	790	999999	primary [adj.] | chief [adj.]	adv. 主要地	yes
arousal	激起	n.	kyle-only	toefl,ielts	ielts	no	yes	no	yes	no	yes	ji qi	779	999999	arouse [v.]	n. 奋发, 激励	yes
pique	激起	v.	kyle-only	tem8,toefl	tem8,toefl	no	yes	no	yes	yes	yes	ji qi	779	999999	arouse [v.]	n. 赌气, 愤怒, 不快, 凹凸织物\nvt. 伤害...自尊心, 激怒, 刺激, 引起兴趣, 使兴奋	yes
choreography	编舞	n.	kyle-only	tem8,toefl	tem8	no	yes	no	yes	no	yes	bian wu	770	999999	choreograph [v.]	n. 舞蹈艺术, 舞台舞蹈	yes
doodle	涂鸦	n.	kyle-only	tem8,toefl	tem8	no	yes	no	yes	yes	yes	tu ya	770	999999	graffiti [n.]	vi. 涂鸦, 混时间\nn. 傻子	yes
depletion	用尽	n.	kyle-only	toefl,ielts	ielts	no	yes	no	yes	no	yes	yong jin	765	999999	exhaust [v.] | use up [v.]	n. 消耗, 耗尽, 放血\n[医] 排除, 缺失(液体), 衰竭[状态](由于缺液)	yes
takeover	验收	n.	kyle-only	tem4,tem8	tem4,tem8	no	yes	no	yes	no	yes	yan shou	761	999999	acceptance check [v.]	n. 接管, 接收\n[经] 接收	yes
clergyman	教士	n.	kyle-only	tem8,toefl	tem8,toefl	no	yes	no	yes	yes	yes	jiao shi	758	999999	priest [n.]	n. 牧师	yes
intrusion	侵入	n.	kyle-only	toefl,ielts	toefl	no	yes	no	yes	no	yes	qin ru	744	999999	invade [v.] | intrude [v.]	n. 闯入, 侵扰\n[医] [向内]突入	yes
secrecy	隐蔽	n.	kyle-only	tem8,toefl	tem8	no	yes	no	yes	no	yes	yin bi	737	999999	conceal [v.] | hide [v.]	n. 秘密, 保密\n[法] 秘密, 秘密状态, 保密	yes
dispersal	消散	n.	kyle-only	toefl,ielts	ielts	no	yes	no	yes	no	yes	xiao san	731	999999	disperse [v.] | dissipate [v.]	n. 散布, 传播, 分散	yes
dissipated	消散	v.	kyle-only	tem8,toefl	tem8	no	yes	no	yes	yes	yes	xiao san	731	999999	disperse [v.] | dissipate [v.]	a. 沉迷于酒色的, 闲游浪荡的, 消失的	yes
prowess	专长	n.	kyle-only	tem8,ielts	ielts	no	yes	no	yes	yes	yes	zhuan chang	721	999999	specialty [n.]	n. 英勇, 勇敢, 超凡技术	yes
boulevard	大马路	n.	kyle-only	tem8,toefl	tem8	no	yes	no	yes	yes	yes	da ma lu	718	999999	main road [n.]	n. 林荫大道	yes
eminence	出众	n.	kyle-only	tem8,toefl	toefl	no	yes	no	yes	no	yes	chu zhong	705	999999	outstanding [adj.] | distinguished [adj.]	n. 显赫, 名家, 高处\n[医] 隆起, 隆凸	yes
deliberation	从容	n.	kyle-only	tem8,toefl	tem8	no	yes	no	yes	no	yes	cong rong	704	999999	calm [adj.] | unhurried [adj.]	n. 熟虑, 熟思, 审议\n[法] 慎重考虑, 商讨, 审议	yes
reconstruction	再现	n.	kyle-only	toefl,ielts	ielts	no	yes	no	yes	no	yes	zai xian	701	999999	reproduce [v.] | reappear [v.]	n. 改造, 再建\n[医] 改建, 改造, 翻造	yes
cosmetic	装饰品	n.	kyle-only	tem4,tem8	tem4,tem8	no	yes	no	yes	yes	yes	zhuang shi pin	700	999999	ornament [n.]	n. 化妆品\na. 化妆用的	yes
condone	赦免	v.	kyle-only	toefl,ielts	ielts	no	yes	no	yes	yes	yes	she mian	669	999999	pardon [v.] | absolve [v.]	vt. 赦, 宽恕\n[法] 宽恕, 不咎, 抵销	yes
disruption	打乱	n.	kyle-only	toefl,ielts	ielts	no	yes	no	yes	no	yes	da luan	648	999999	disrupt [v.] | upset [v.]	n. 分裂, 崩溃, 瓦解	yes
practicality	实例	n.	kyle-only	tem8,toefl	tem8	no	yes	no	yes	yes	yes	shi li	648	999999	example [n.] | instance [n.]	n. 实际性, 实用性, 实际事物	yes
tedium	单调	n.	kyle-only	tem8,toefl	toefl	no	yes	no	yes	no	yes	dan diao	645	999999	monotonous [adj.] | dull [adj.]	n. 单调乏味, 沉闷	yes
grounding	搁浅	n.	kyle-only	tem8,toefl	tem8	no	yes	no	yes	no	yes	ge qian	640	999999	run aground [v.] | strand [v.]	n. 基础教学, 基础训练\n[经] 搁浅	yes
grounding	搁浅	v.	kyle-only	tem8,toefl	tem8	no	yes	no	yes	yes	yes	ge qian	640	999999	run aground [v.] | strand [v.]	n. 基础教学, 基础训练\n[经] 搁浅	yes
pique	怨恨	n.	kyle-only	tem8,toefl	toefl	no	yes	no	yes	yes	yes	yuan hen	626	999999	resentment [n.]	n. 赌气, 愤怒, 不快, 凹凸织物\nvt. 伤害...自尊心, 激怒, 刺激, 引起兴趣, 使兴奋	yes
supplant	排挤	v.	kyle-only	tem8,toefl	toefl	no	yes	no	yes	yes	yes	pai ji	624	999999	exclude [v.]	vt. 排挤掉, 代替	yes
irritating	激怒	v.	kyle-only	tem8,toefl	tem8	no	yes	no	yes	yes	yes	ji nu	622	999999	enrage [v.]	a. 刺激的, 使愤怒的, 气人的	yes
negate	反面	n.	kyle-only	tem8,toefl	tem8	no	yes	no	yes	yes	yes	fan mian	620	999999	reverse side [n.]	vt. 否定, 否认, 取消\n[计] 非	yes
topography	地貌	n.	kyle-only	tem8,toefl	toefl	no	yes	no	yes	yes	yes	di mao	611	999999	landform [n.]	n. 地志, 地形学, 地势, 局部解剖学\n[医] 局部解剖, 局部记载	yes
fishing	试探	n.	kyle-only	tem8,ielts	tem8	no	yes	no	yes	no	yes	shi tan	610	999999	probe [v.] | test [v.]	n. 钓鱼, 鱼业\na. 钓鱼的	yes
eschew	回避	v.	kyle-only	tem8,toefl	toefl	no	yes	no	yes	yes	yes	hui bi	608	999999	avoid [v.] | evade [v.]	vt. 避开, 远避	yes
extravagance	挥霍	n.	kyle-only	tem8,ielts	ielts	no	yes	no	yes	no	yes	hui huo	607	999999	squander [v.]	n. 奢侈, 浪费, 放肆的言行	yes
condensation	浓缩	n.	kyle-only	toefl,ielts	ielts,toefl	no	yes	no	yes	no	yes	nong suo	606	999999	concentrate [v.]	n. 压缩, 凝缩, 冷凝\n[化] 冷凝; 冷凝作用; 缩合; 缩合作用; 凝聚; 凝聚作用; 凝结作用	yes
slop	溢出	v.	kyle-only	tem8,toefl	tem8,toefl	no	yes	no	yes	yes	yes	yi chu	600	999999	overflow [v.]	n. 外衣, 工作服, 泥浆, 污水, 过分热情, 口若悬河\nvi. 溅出, 踏着泥泞前进\nvt. 使溢出, 使溅出, 弄脏	yes
slouch	下垂	n.	kyle-only	tem8,ielts	tem8	no	yes	no	yes	no	yes	xia chui	600	999999	sag [v.]	n. 没精打采的样子, 耷拉, 笨人\nvi. 没精打采地走, 耷拉着\nvt. 使低垂	yes
finesse	纤细	n.	kyle-only	tem8,toefl	tem8	no	yes	no	yes	no	yes	xian xi	599	999999	slender [adj.] | fine [adj.]	n. 策略, 手段, (桥牌中的)飞牌\nv. 用计谋处理, 出小牌	yes
assortment	混合物	n.	kyle-only	tem8,toefl	tem8,toefl	no	yes	yes	yes	yes	yes	hun he wu	588	999999	mixture [n.]	n. 分类, 各种各样\n[医] [遗传]配列	yes
ovation	欢呼	n.	kyle-only	tem8,ielts	ielts	no	yes	no	yes	no	yes	huan hu	587	999999	cheer [v.]	n. 热烈欢迎, 大喝采, 小凯旋式	yes
reinforcement	加固	n.	kyle-only	tem8,ielts	ielts,tem8	no	yes	no	yes	no	yes	jia gu	585	999999	reinforce [v.]	n. 加强, 增援, 补充, 援军, 加固物\n[化] 补强; 加强件	yes
indict	控诉	v.	kyle-only	tem8,toefl	toefl	no	yes	no	yes	yes	yes	kong su	581	999999	accuse [v.] | complain [v.]	vt. 起诉, 控告, 指控\n[法] 控告, 揭发, 对...起诉	yes
rift	裂缝	n.	kyle-only	tem8,toefl	tem8	no	yes	no	yes	yes	yes	lie feng	575	999999	crack [n.]	n. 裂口, 空隙\nvi. 裂开\nvt. 使分开, 使割开	yes
effluent	污水	n.	kyle-only	tem8,toefl	tem8,toefl	no	yes	yes	yes	yes	yes	wu shui	573	999999	sewage [n.] | wastewater [n.]	a. 流出的, 射出的\nn. 流出物, 由河湖等流出之水流	yes
fluency	流利	n.	kyle-only	tem8,ielts	ielts	no	yes	no	yes	no	yes	liu li	561	999999	fluent [adj.]	n. 流畅, 雄辩, 善辩	yes
amenity	宜人	n.	kyle-only	tem8,toefl	toefl	no	yes	no	yes	no	yes	yi ren	560	999999	pleasant [adj.]	n. 便利设施, 适意, 礼仪\n[法] 舒适, 方便, 优雅	yes
fairground	集市	n.	kyle-only	tem8,toefl	toefl	no	yes	no	yes	yes	yes	ji shi	554	999999	market [n.] | fair [n.]	n. 举行赛会的场所, 露天市场	yes
bisect	平分	v.	kyle-only	tem8,toefl	tem8	no	yes	no	yes	yes	yes	ping fen	547	999999	divide equally [v.]	v. 分成两部份, 对分	yes
entourage	随从	n.	kyle-only	tem8,toefl	tem8	no	yes	yes	yes	yes	yes	sui cong	542	999999	retinue [n.] | attendant [n.]	n. 全体随行人员, 陪同人员	yes
trivialize	淡化	v.	kyle-only	toefl,ielts	ielts	no	yes	no	yes	yes	yes	dan hua	537	999999	weaken [v.]	vt. 使平凡, 使琐碎	yes
stampede	狂奔	n.	kyle-only	tem8,toefl	toefl	no	yes	no	yes	no	yes	kuang ben	534	999999	run wildly [v.]	v. (使)惊跑, (使)蜂拥\nn. 惊跑, 蜂拥	yes
stampede	狂奔	v.	kyle-only	tem8,toefl	toefl	no	yes	no	yes	yes	yes	kuang ben	534	999999	run wildly [v.]	v. (使)惊跑, (使)蜂拥\nn. 惊跑, 蜂拥	yes
reversal	反向	n.	kyle-only	tem8,toefl	tem8	no	yes	no	yes	no	yes	fan xiang	533	999999	reverse [adj.]	n. 翻转, 颠倒, 反转\n[医] 逆转, 颠倒	yes
cobble	修补	v.	kyle-only	tem8,toefl	toefl	no	yes	no	yes	yes	yes	xiu bu	528	999999	repair [v.]	n. 圆石, 鹅卵石\nvt. 铺鹅卵石, 修, 粗粗地修补	yes
frontal	前沿	n.	kyle-only	tem8,toefl	toefl	no	yes	no	yes	yes	yes	qian yan	526	999999	frontier [n.]	a. 前面的, 正面的, 额的\nn. 额骨, 祭坛(前面的)帏帘, (建筑物的)正面	yes
cadet	实习生	n.	kyle-only	tem4,tem8	tem4,tem8	no	yes	no	yes	yes	yes	shi xi sheng	523	999999	intern [n.]	n. 军官学校学生\n[法] 军校学生	yes
darkness	漆黑	n.	kyle-only	tem8,toefl	toefl	no	yes	no	yes	no	yes	qi hei	523	999999	pitch-black [adj.]	n. 黑暗, 暗, 深色, 隐密, 模糊, 无知	yes
stampede	热潮	n.	kyle-only	tem8,toefl	toefl	no	yes	no	yes	yes	yes	re chao	519	999999	craze [n.]	v. (使)惊跑, (使)蜂拥\nn. 惊跑, 蜂拥	yes
industrialise	工业化	v.	kyle-only	tem8,ielts	ielts	no	yes	no	yes	no	yes	gong ye hua	516	999999	industrialization [n.]	vi.vt. (使)工业化	yes
recitation	朗诵	n.	kyle-only	tem4,tem8	tem4,tem8	no	yes	no	yes	no	yes	lang song	502	999999	recite [v.]	n. 详述, 吟诵, 背诵的诗\n[法] 叙述, 评述, 书面陈述	yes
ledge	窗台	n.	kyle-only	tem8,toefl	tem8	no	yes	no	yes	yes	yes	chuang tai	501	999999	windowsill [n.]	n. 突出部分, 暗礁, 矿层	yes
confederate	同伙	v.	kyle-only	tem8,toefl	tem8	no	yes	no	yes	no	yes	tong huo	500	999999	accomplice [n.]	n. 同盟者, 同盟国\na. 同盟的, 联合的\nv. (使)联盟, (使)联合	yes
presuppose	假定	v.	kyle-only	tem8,ielts	tem8	no	yes	yes	yes	yes	yes	jia ding	500	999999	assume [v.] | suppose [v.]	vt. 预先假定, 预料, 以...为先决条件	yes
trinket	密谋	v.	kyle-only	tem8,ielts	tem8	no	yes	no	yes	yes	yes	mi mou	495	999999	conspire [v.]	n. 小件饰物, 无价值的琐碎东西, 小玩意儿	yes
statistic	统计学	n.	kyle-only	toefl,ielts	ielts	no	yes	no	yes	yes	yes	tong ji xue	489	999999	statistics [n.]	n. 统计量\na. 统计的, 统计学的	yes
bolster	垫子	n.	kyle-only	toefl,ielts	toefl	no	yes	no	yes	yes	yes	dian zi	486	999999	cushion [n.]	n. 支持, 长枕\nvt. 支持, 支撑	yes
pinnacle	顶峰	n.	kyle-only	toefl,ielts	toefl	no	yes	yes	yes	yes	yes	ding feng	485	999999	peak [n.]	n. 小尖塔, 尖峰, 高峰, 极点\nvt. 造小尖塔, 置于尖顶上	yes
subtlety	敏锐	n.	kyle-only	tem8,toefl	tem8	no	yes	no	yes	no	yes	min rui	474	999999	sharp [adj.]	n. 微妙, 精明	yes
flair	天分	n.	kyle-only	tem8,toefl	tem8	no	yes	no	yes	yes	yes	tian fen	473	999999	talent [n.]	n. 鉴别力, 才能, 天资, 资质, 眼光	yes
tout	吹捧	v.	kyle-only	tem8,toefl	toefl	no	yes	no	yes	yes	yes	chui peng	472	999999	flatter [v.]	vi. 招徕顾客, 兜售物品\nvt. 招徕, 刺探...情报\nn. 兜售者, 侦查者	yes
flair	本领	n.	kyle-only	tem8,toefl	toefl	no	yes	no	yes	yes	yes	ben ling	471	999999	skill [n.] | ability [n.]	n. 鉴别力, 才能, 天资, 资质, 眼光	yes
seethe	沸腾	n.	kyle-only	tem8,toefl	tem8	no	yes	no	yes	no	yes	fei teng	468	999999	boil [v.]	vi. 冒泡, 沸腾\nvt. 使煮沸, 使浸透\nn. 翻腾	yes
upsurge	高涨	n.	kyle-only	tem8,toefl	tem8,toefl	no	yes	no	yes	no	yes	gao zhang	462	999999	rise [v.] | surge [v.]	vi. 高涨, 涌起\nn. 增长, 高潮	yes
additionally	加之	adv.	kyle-only	tem8,toefl	tem8	no	yes	no	yes	no	yes	jia zhi	458	999999	moreover [conj.]	adv. 另外, 此外	yes
grandeur	宏伟	n.	kyle-only	tem8,toefl	tem8	no	yes	no	yes	no	yes	hong wei	454	999999	grand [adj.]	n. 庄严, 伟大, 壮丽	yes
hoax	骗局	n.	kyle-only	tem8,toefl	tem8	no	yes	yes	yes	yes	yes	pian ju	454	999999	scam [n.] | fraud [n.]	vt. 欺骗, 哄骗, 愚弄\nn. 愚弄人, 恶作剧	yes
turning	回转	n.	kyle-only	tem8,ielts	tem8	no	yes	no	yes	no	yes	hui zhuan	452	999999	turn around [v.]	n. 旋转, 转弯处, 车削工作\n[化] 车削	yes
cadet	幼子	n.	kyle-only	tem4,tem8	tem4,tem8	no	yes	no	yes	yes	yes	you zi	442	999999	young child [n.]	n. 军官学校学生\n[法] 军校学生	yes
truism	真实性	n.	kyle-only	tem4,tem8	tem4,tem8	no	yes	no	yes	yes	yes	zhen shi xing	441	999999	authenticity [n.]	n. 自明之理, 众所周知, 老生常谈\n[法] 老生常谈, 陈词滥调	yes
ambience	布景	n.	kyle-only	tem8,toefl	tem8	no	yes	no	yes	yes	yes	bu jing	433	999999	scenery [n.] | set [n.]	n. 周围环境, 气氛	yes
condone	纵容	v.	kyle-only	toefl,ielts	ielts	no	yes	no	yes	yes	yes	zong rong	433	999999	connive [v.]	vt. 赦, 宽恕\n[法] 宽恕, 不咎, 抵销	yes
portfolio	文件夹	n.	kyle-only	tem8,ielts	ielts,tem8	no	yes	no	yes	yes	yes	wen jian jia	431	999999	folder [n.]	n. 皮包, 公文包, 部长职务, 有价证券财产目录, 艺术代表作选辑\n[法] 公文包, 文件夹, 阁员职务	yes
oversee	俯瞰	v.	kyle-only	toefl,ielts	ielts	no	yes	no	yes	yes	yes	fu kan	425	999999	overlook [v.]	vt. 向下看, 了望, 监督, 偷看到\n[法] 监察, 监督, 俯瞰	yes
languish	枯萎	v.	kyle-only	tem8,toefl	toefl	no	yes	no	yes	yes	yes	ku wei	422	999999	wither [v.]	vi. 憔悴, 凋萎, 苦思	yes
bliss	极乐	n.	kyle-only	tem8,toefl	tem8	no	yes	no	yes	yes	yes	ji le	419	999999	paradise [n.]	n. 福佑, 天赐的福\n[计] 实现系统软件的基本语言	yes
crib	栅栏	n.	kyle-only	tem4,tem8	tem4,tem8	no	yes	no	yes	yes	yes	zha lan	418	999999	fence [n.]	n. 婴儿小床, 食槽, 蓄栏\nvi. 抄袭\nvt. 拘禁, 关入栅栏	yes
mince	肉馅	n.	kyle-only	tem8,toefl	tem8	no	yes	no	yes	yes	yes	rou xian	415	999999	meat filling [n.]	n. 切碎物\nvt. 切碎, 矫揉做作地说\nvi. 碎步走, 装腔作势	yes
disruption	动乱	n.	kyle-only	toefl,ielts	ielts	no	yes	no	yes	yes	yes	dong luan	414	999999	turmoil [n.]	n. 分裂, 崩溃, 瓦解	yes
upheaval	动乱	n.	kyle-only	tem8,toefl	toefl	no	yes	yes	yes	yes	yes	dong luan	414	999999	turmoil [n.]	n. 举起, 隆起, 大变动, 剧变	yes
idiosyncrasy	癖好	n.	kyle-only	tem8,toefl	tem8	no	yes	no	yes	yes	yes	pi hao	413	999999	habit [n.] | hobby [n.]	n. 气质, 特性, 风格\n[化] 特异反应; 特异性体质	yes
fishing	装配	n.	kyle-only	tem8,ielts	tem8	no	yes	no	yes	no	yes	zhuang pei	411	999999	assemble [v.]	n. 钓鱼, 鱼业\na. 钓鱼的	yes
patio	露台	n.	kyle-only	tem8,ielts	tem8	no	yes	yes	yes	yes	yes	lu tai	405	999999	terrace [n.] | balcony [n.]	n. 屋子与花园之间的一片供晴天休息用的石砌空地	yes
boon	恩赐	n.	kyle-only	tem8,toefl	toefl	no	yes	no	yes	yes	yes	en ci	402	999999	gift [n.] | favor [n.]	n. 恩惠	yes
tedium	厌烦	n.	kyle-only	tem8,toefl	tem8,toefl	no	yes	no	yes	no	yes	yan fan	402	999999	be tired of [v.]	n. 单调乏味, 沉闷	yes
generalise	归纳	v.	kyle-only	tem8,ielts	tem8	no	yes	no	yes	yes	yes	gui na	400	999999	summarize [v.] | induce [v.]	vt.vi. (使)一般化, 从...引出一般性结论, 泛论, 概括出, 归纳出, 使广义化	yes
foray	涉足	n.	kyle-only	tem8,toefl	tem8	no	yes	no	yes	no	yes	she zu	399	999999	set foot in [v.]	vi. 侵略, 劫掠, 袭击\nn. 侵掠, 侵略, 攻击	yes
acrimony	辛辣	n.	kyle-only	tem8,toefl	tem8	no	yes	no	yes	no	yes	xin la	398	999999	spicy [adj.] | sharp [adj.]	n. 严厉, 尖刻\n[医] 辛辣	yes
conjure	恳求	v.	kyle-only	tem8,toefl	tem8	no	yes	no	yes	yes	yes	ken qiu	397	999999	beg [v.] | implore [v.]	vt. 念咒文召唤, 变戏法, 想象\nvi. 变戏法, 施魔法	yes
apprehend	领会	v.	kyle-only	tem8,toefl	toefl	no	yes	yes	yes	yes	yes	ling hui	395	999999	understand [v.] | grasp [v.]	vt. 理解, 忧虑, 逮捕\nvi. 担心, 理解	yes
stash	藏匿	v.	kyle-only	toefl,ielts	ielts,toefl	no	yes	no	yes	yes	yes	cang ni	392	999999	hide [v.]	vt. 藏起来\nn. 隐藏处, 隐藏物	yes
frenetic	狂人	n.	kyle-only	tem8,toefl	tem8	no	yes	no	yes	yes	yes	kuang ren	390	999999	madman [n.]	a. 发狂的, 狂热的\nn. 发狂者	yes
asylum	避难所	n.	kyle-only	tem8,ielts	ielts	no	yes	no	yes	yes	yes	bi nan suo	387	999999	shelter [n.]	n. 庇护, 收容所\n[医] 养育院	yes
frosting	冻坏	v.	kyle-only	tem4,tem8	tem4,tem8	no	yes	no	yes	yes	yes	dong huai	385	999999	frostbite [v.]	n. 霜状白糖, 无光泽面, 装饰玻璃粉\n[化] 起霜(塑料制品表面缺陷); 毛面蚀刻	yes
monotony	千篇一律	n.	kyle-only	tem8,toefl	tem8,toefl	no	yes	no	yes	no	yes	qian pian yi lv	385	999999	monotonous [adj.]	n. 单调, 缺乏变化	yes
schoolboy	学童	n.	kyle-only	tem4,tem8	tem4,tem8	no	yes	no	yes	yes	yes	xue tong	385	999999	schoolchild [n.]	n. 男学生	yes
bleat	胡扯	v.	kyle-only	tem4,tem8	tem4,tem8	no	yes	no	yes	yes	yes	hu che	383	999999	talk nonsense [v.]	n. 羊的叫声\nvi. 咩咩叫\nvt. 以颤抖的声音说	yes
negate	打消	v.	kyle-only	tem8,toefl	toefl	no	yes	no	yes	yes	yes	da xiao	380	999999	cancel [v.]	vt. 否定, 否认, 取消\n[计] 非	yes
foist	混入	v.	kyle-only	tem8,toefl	tem8	no	yes	no	yes	yes	yes	hun ru	378	999999	mix in [v.]	vt. 硬卖给, 偷偷插入, 使混入	yes
humdrum	乏味	n.	kyle-only	tem8,ielts	tem8	no	yes	no	yes	no	yes	fa wei	375	999999	boring [adj.]	a. 平凡的, 单调的, 令人厌烦的\nn. 平凡, 单调, 无聊\nvi. 单调令味地进行	yes
simulation	仿真	n.	kyle-only	toefl,ielts	toefl	no	yes	no	yes	no	yes	fang zhen	375	999999	simulated [adj.]	n. 模拟, 假冒物, 模仿\n[计] 模拟	yes
tedium	乏味	n.	kyle-only	tem8,toefl	toefl	no	yes	no	yes	no	yes	fa wei	375	999999	boring [adj.]	n. 单调乏味, 沉闷	yes
wand	魔杖	n.	kyle-only	tem8,toefl	tem8,toefl	no	yes	no	yes	yes	yes	mo zhang	375	999999	magic wand [n.]	n. 棒, 棍, 杖	yes
hatchet	扼杀	v.	kyle-only	tem8,toefl	tem8	no	yes	no	yes	yes	yes	e sha	370	999999	strangle [v.]	n. 斧头, 手斧, 战斧\n[机] 小斧, 手斧	yes
anomaly	反常	n.	kyle-only	tem8,toefl	toefl	no	yes	no	yes	no	yes	fan chang	368	999999	abnormal [adj.]	n. 不规则, 反常事物, 畸形\n[医] 异常, 反常	yes
fray	争斗	n.	kyle-only	tem8,toefl	toefl	no	yes	no	yes	no	yes	zheng dou	368	999999	fight [v.]	n. 磨损, 打架, 争论\nvt. 使磨损\nvi. 被磨损	yes
recurrence	复发	n.	kyle-only	tem8,toefl	toefl	no	yes	no	yes	no	yes	fu fa	362	999999	recur [v.]	n. 再现, 再发生, 反复, 循环\n[医] 复发, 再发	yes
eradication	扑灭	n.	kyle-only	tem4,toefl	tem4	no	yes	no	yes	no	yes	pu mie	360	999999	extinguish [v.] | put out [v.]	n. 连根拔除, 歼灭, 消灭, 根除, 使断根\n[医] 根除, 扑灭, 消灭	yes
suppression	扑灭	n.	kyle-only	tem8,ielts	ielts	no	yes	no	yes	no	yes	pu mie	360	999999	extinguish [v.] | put out [v.]	n. 抑压, 镇压, 抑制\n[计] 抑制	yes
arousal	唤起	n.	kyle-only	toefl,ielts	ielts	no	yes	no	yes	no	yes	huan qi	357	999999	arouse [v.] | evoke [v.]	n. 奋发, 激励	yes
circumvent	规避	v.	kyle-only	tem8,toefl	tem8	no	yes	yes	yes	yes	yes	gui bi	357	999999	avoid [v.] | evade [v.]	vt. 绕行, 陷害, 包围, 智取	yes
tact	圆滑	n.	kyle-only	tem8,toefl	tem8	no	yes	no	yes	no	yes	yuan hua	357	999999	smooth [adj.] | tactful [adj.]	n. 机智, 手法, 老练\n[经] (自动加工线的)生产节拍	yes
oscillate	振荡	v.	kyle-only	toefl,ielts	toefl	no	yes	no	yes	no	yes	zhen dang	355	999999	oscillation [n.]	vi. 振动, 彷徨, 犹豫\nvt. 使振动, 使动摇	yes
recitation	背诵	n.	kyle-only	tem4,tem8	tem4,tem8	no	yes	no	yes	no	yes	bei song	354	999999	recite [v.]	n. 详述, 吟诵, 背诵的诗\n[法] 叙述, 评述, 书面陈述	yes
prowess	勇猛	n.	kyle-only	tem8,ielts	tem8	no	yes	no	yes	no	yes	yong meng	343	999999	brave [adj.]	n. 英勇, 勇敢, 超凡技术	yes
cleave	裂开	v.	kyle-only	tem8,toefl	tem8	no	yes	no	yes	yes	yes	lie kai	342	999999	split open [v.]	vt. 劈开, 分开\nvi. 劈开, 分开, 粘着, 依恋	yes
deprecate	轻视	v.	kyle-only	tem8,toefl	tem8	no	yes	no	yes	yes	yes	qing shi	342	999999	despise [v.] | look down on [v.]	vt. 声明不赞成, 抗议, 反对\n[法] 对...表示不赞成, 反对	yes
trivialize	轻视	v.	kyle-only	toefl,ielts	ielts,toefl	no	yes	no	yes	yes	yes	qing shi	342	999999	despise [v.] | look down on [v.]	vt. 使平凡, 使琐碎	yes
remorse	悔恨	n.	kyle-only	tem8,ielts	ielts	no	yes	no	yes	yes	yes	hui hen	341	999999	regret [n.]	n. 懊悔, 良心不安, 自责, 同情\n[法] 悔恨, 自责, 懊悔	yes
rend	撕裂	v.	kyle-only	tem8,toefl	toefl	no	yes	yes	yes	yes	yes	si lie	336	999999	tear [v.] | rip [v.]	vt. 分裂, 劈开, 强夺, 撕碎, 划破\nvi. 撕开, 裂开	yes
dole	施舍	n.	kyle-only	tem8,ielts	ielts	no	yes	no	yes	no	yes	shi she	335	999999	give alms [v.]	n. 救济品, 失业救济金\nvt. 发放救济	yes
patio	天井	n.	kyle-only	tem8,ielts	ielts,tem8	no	yes	no	yes	yes	yes	tian jing	332	999999	ceiling [n.]	n. 屋子与花园之间的一片供晴天休息用的石砌空地	yes
allude	影射	v.	kyle-only	tem8,toefl	toefl	no	yes	no	yes	yes	yes	ying she	331	999999	allude to [v.]	vi. 暗指, 提及	yes
innuendo	影射	n.	kyle-only	tem8,toefl	tem8	no	yes	no	yes	no	yes	ying she	331	999999	allude to [v.]	n. 讽刺, 暗讽\nvi. 说讽刺话\nvt. 暗示	yes
constable	巡警	n.	kyle-only	tem4,tem8	tem4,tem8	no	yes	no	yes	yes	yes	xun jing	326	999999	patrol officer [n.]	n. 治安官, 警官, 总管\n[法] 警察, 警官, 巡警	yes
fray	急躁	v.	kyle-only	tem8,toefl	tem8	no	yes	no	yes	no	yes	ji zao	324	999999	impatient [adj.] | irritable [adj.]	n. 磨损, 打架, 争论\nvt. 使磨损\nvi. 被磨损	yes
despot	独裁者	n.	kyle-only	tem4,tem8	tem4,tem8	no	yes	no	yes	yes	yes	du cai zhe	323	999999	dictator [n.]	n. 专制君主, 暴君\n[法] 暴君, 专制君主	yes
coop	拘禁	v.	kyle-only	tem8,toefl	tem8	no	yes	no	yes	yes	yes	ju jin	322	999999	detain [v.]	n. 狭小空间, 鸡笼, 捕鱼篓\nvt. 关进鸡舍, 监禁	yes
sufficiency	充裕	n.	kyle-only	tem8,toefl	toefl	no	yes	no	yes	no	yes	chong yu	322	999999	ample [adj.] | abundant [adj.]	n. 充足, 充分的数量, 自负	yes
oversee	眺望	v.	kyle-only	toefl,ielts	ielts	no	yes	no	yes	yes	yes	tiao wang	310	999999	overlook [v.] | gaze [v.]	vt. 向下看, 了望, 监督, 偷看到\n[法] 监察, 监督, 俯瞰	yes
exalt	褒扬	v.	kyle-only	tem8,toefl	toefl	no	yes	no	yes	yes	yes	bao yang	308	999999	praise [v.]	vt. 提升, 提高, 赞扬, 使得意\nvi. 使人兴奋, 使人得意	yes
extremity	手足	n.	kyle-only	tem8,toefl	tem8	no	yes	no	yes	yes	yes	shou zu	308	999999	limbs [n.]	n. 极端, 极点, 困境, 绝境\n[医] 肢, 端	yes
flout	藐视	v.	kyle-only	tem8,toefl	tem8	no	yes	no	yes	yes	yes	miao shi	304	999999	despise [v.]	vt. 嘲笑, 愚弄\nvi. 表示轻蔑\nn. 嘲笑, 愚弄, 轻视	yes
supremacy	霸权	n.	kyle-only	tem8,toefl	tem8,toefl	no	yes	no	yes	yes	yes	ba quan	304	999999	hegemony [n.]	n. 至高无上, 霸权地位, 优势, 至上\n[法] 至高权力, 无上权力, 霸权	yes
annuity	养老金	n.	kyle-only	tem8,ielts	tem8	no	yes	no	yes	yes	yes	yang lao jin	296	999999	pension [n.]	n. 年金, 年金保险, 年金领受权\n[医] 年金, 年俸	yes
imperil	危及	v.	kyle-only	tem8,ielts	ielts,tem8	no	yes	yes	yes	yes	yes	wei ji	295	999999	endanger [v.]	vt. 使处于危险, 危害	yes
melodrama	闹剧	n.	kyle-only	tem8,toefl	tem8	no	yes	no	yes	yes	yes	nao ju	291	999999	farce [n.]	n. 音乐剧, 传奇剧, 戏剧似的事件	yes
prowess	造诣	n.	kyle-only	tem8,ielts	ielts	no	yes	no	yes	yes	yes	zao yi	291	999999	attainment [n.]	n. 英勇, 勇敢, 超凡技术	yes
dormancy	隐匿	n.	kyle-only	toefl,ielts	ielts,toefl	no	yes	no	yes	no	yes	yin ni	289	999999	hide [v.] | conceal [v.]	n. 不活动性, 休眠, 蛰伏\n[医] 休眠, 不活动, 休止	yes
frivolity	轻浮	n.	kyle-only	tem8,toefl	tem8,toefl	no	yes	no	yes	no	yes	qing fu	288	999999	frivolous [adj.]	n. 轻薄, 轻率, 不足取的事	yes
upsurge	激增	n.	kyle-only	tem8,toefl	toefl	no	yes	no	yes	no	yes	ji zeng	288	999999	surge [v.] | soar [v.]	vi. 高涨, 涌起\nn. 增长, 高潮	yes
impediment	障碍物	n.	kyle-only	tem8,toefl	toefl	no	yes	no	yes	yes	yes	zhang ai wu	286	999999	obstacle [n.]	n. 妨碍, 障碍, 阻止, 口吃\n[经] 对履行义务的阻碍	yes
oscillate	摆动	v.	kyle-only	toefl,ielts	ielts	no	yes	no	yes	yes	yes	bai dong	283	999999	swing [v.] | sway [v.]	vi. 振动, 彷徨, 犹豫\nvt. 使振动, 使动摇	yes
clout	敲打	n.	kyle-only	tem4,tem8	tem4,tem8	no	yes	no	yes	no	yes	qiao da	280	999999	beat [v.] | knock [v.]	n. 敲击, 破布\nvt. 打补钉	yes
shamble	拖沓	v.	kyle-only	tem8,ielts	ielts	no	yes	no	yes	no	yes	tuo ta	279	999999	slow [adj.] | tedious [adj.]	vi. 蹒跚地走, 摇摇晃晃地走, 摇晃不稳\nn. 蹒跚	yes
flagstaff	旗杆	n.	kyle-only	tem4,tem8	tem4,tem8	no	yes	yes	yes	yes	yes	qi gan	276	999999	flagpole [n.]	n. 旗竿	yes
holding	握住	v.	kyle-only	tem8,toefl	tem8	no	yes	no	yes	yes	yes	wo zhu	269	999999	grasp [v.] | hold [v.]	n. 把持, 支持, 保持\n[法] 租借地, 占有物, 拥有的财产	yes
truism	老套	n.	kyle-only	tem4,tem8	tem4,tem8	no	yes	no	yes	no	yes	lao tao	268	999999	old-fashioned [adj.]	n. 自明之理, 众所周知, 老生常谈\n[法] 老生常谈, 陈词滥调	yes
emanate	发散	v.	kyle-only	tem8,toefl	tem8	no	yes	no	yes	yes	yes	fa san	261	999999	diverge [v.] | radiate [v.]	vi. 散发, 发出, 发源	yes
incise	切入	v.	kyle-only	tem8,toefl	toefl	no	yes	no	yes	yes	yes	qie ru	254	999999	cut in [v.]	vt. 切割, 雕刻\n[医] 切	yes
thatch	杂草	n.	kyle-only	tem8,toefl	tem8	no	yes	no	yes	yes	yes	za cao	253	999999	weed [n.]	n. 盖屋顶的茅草, 用草盖的屋顶, 浓密头发\nvt. 用茅草覆盖	yes
depletion	损耗	n.	kyle-only	toefl,ielts	toefl	no	yes	no	yes	yes	yes	sun hao	251	999999	loss [n.] | wastage [n.]	n. 消耗, 耗尽, 放血\n[医] 排除, 缺失(液体), 衰竭[状态](由于缺液)	yes
ferret	查获	v.	kyle-only	tem8,toefl	tem8	no	yes	no	yes	yes	yes	cha huo	248	999999	seize [v.]	n. 白鼬, 雪貂, 侦探\nvt. 用雪貂打猎, 搜出, 驱出\nvi. 搜索	yes
somewhere	某处	adv.	kyle-only	tem8,toefl	toefl	no	yes	no	yes	no	yes	mou chu	246	999999	some place [n.]	adv. 到某处, 在某处	yes
expiry	逾期	n.	kyle-only	tem8,ielts	tem8	no	yes	no	yes	no	yes	yu qi	245	999999	overdue [v.]	n. 终结, 满期, 呼气, 断气\n[经] 满期, 到期	yes
condensation	凝结	n.	kyle-only	toefl,ielts	ielts	no	yes	no	yes	no	yes	ning jie	242	999999	condense [v.] | coagulate [v.]	n. 压缩, 凝缩, 冷凝\n[化] 冷凝; 冷凝作用; 缩合; 缩合作用; 凝聚; 凝聚作用; 凝结作用	yes
designation	选派	n.	kyle-only	tem8,toefl	tem8	no	yes	no	yes	no	yes	xuan pai	242	999999	select and send [v.]	n. 指示, 指定, 命名\n[电] 指定	yes
languish	凋谢	v.	kyle-only	tem8,toefl	toefl	no	yes	yes	yes	yes	yes	diao xie	233	999999	wither [v.] | fade [v.]	vi. 憔悴, 凋萎, 苦思	yes
stampede	风尚	n.	kyle-only	tem8,toefl	toefl	no	yes	no	yes	yes	yes	feng shang	232	999999	fashion [n.] | trend [n.]	v. (使)惊跑, (使)蜂拥\nn. 惊跑, 蜂拥	yes
abstinence	禁食	n.	kyle-only	tem8,toefl	tem8	no	yes	no	yes	no	yes	jin shi	227	999999	fast [v.]	n. 节制, 禁欲, 戒酒\n[医] 节制, 禁戒(如禁酒,节欲)	yes
effluent	废气	n.	kyle-only	tem8,toefl	tem8	no	yes	no	yes	yes	yes	fei qi	227	999999	waste gas [n.]	a. 流出的, 射出的\nn. 流出物, 由河湖等流出之水流	yes
cobweb	圈套	n.	kyle-only	tem4,tem8	tem4,tem8	no	yes	no	yes	yes	yes	quan tao	225	999999	trap [n.] | snare [n.]	n. 蜘蛛网, 蛛丝, 混乱\nvt. 使布满蛛网	yes
rapport	亲善	n.	kyle-only	tem8,toefl	toefl	no	yes	no	yes	yes	yes	qin shan	221	999999	friendship [n.] | goodwill [n.]	n. 关系, 融洽, 一致\n[医] 关系, 协调(病人与医师间), 感通(唯心的灵交术时)	yes
effluent	废水	n.	kyle-only	tem8,toefl	toefl	no	yes	yes	yes	yes	yes	fei shui	216	999999	wastewater [n.]	a. 流出的, 射出的\nn. 流出物, 由河湖等流出之水流	yes
seasickness	晕船	n.	kyle-only	tem4,tem8	tem4,tem8	no	yes	no	yes	no	yes	yun chuan	214	999999	seasick [v.]	[医] 晕船	yes
mannerism	怪癖	n.	kyle-only	toefl,ielts	toefl	no	yes	no	yes	yes	yes	guai pi	209	999999	eccentricity [n.]	n. 矫揉造作, 习性\n[医] 装相, 作态	yes
demise	让位	n.	kyle-only	tem8,toefl	toefl	no	yes	no	yes	no	yes	rang wei	207	999999	abdicate [v.] | yield [v.]	n. 崩, 薨, 死亡\nvt. 让渡, 遗赠, 转让	yes
fluency	通顺	n.	kyle-only	tem8,ielts	ielts	no	yes	no	yes	no	yes	tong shun	206	999999	fluent [adj.]	n. 流畅, 雄辩, 善辩	yes
clout	重击	n.	kyle-only	tem4,tem8	tem8	no	yes	no	yes	no	yes	zhong ji	205	999999	hit hard [v.]	n. 敲击, 破布\nvt. 打补钉	yes
mahogany	红木	n.	kyle-only	tem4,tem8	tem4,tem8	no	yes	no	yes	yes	yes	hong mu	205	999999	rosewood [n.]	n. 桃花心木, 红褐色\n[机] 桃花心木	yes
pinnacle	尖顶	n.	kyle-only	toefl,ielts	ielts	no	yes	no	yes	yes	yes	jian ding	200	999999	spire [n.]	n. 小尖塔, 尖峰, 高峰, 极点\nvt. 造小尖塔, 置于尖顶上	yes
rebuff	回绝	n.	kyle-only	tem4,tem8	tem4,tem8	no	yes	no	yes	no	yes	hui jue	200	999999	refuse [v.]	n. 断然拒绝, 严厉拒绝, 漠不关心\nvt. 严厉拒绝	yes
contour	概要	n.	kyle-only	tem8,toefl	tem8	no	yes	no	yes	yes	yes	gai yao	198	999999	summary [n.] | outline [n.]	n. 轮廓\nvt. 画轮廓\na. 显示轮廓的\n[计] 轮廓	yes
libel	中伤	n.	kyle-only	toefl,ielts	ielts	no	yes	no	yes	no	yes	zhong shang	196	999999	slander [v.]	n. 以文字损害名誉, 诽谤罪, 侮辱\nv. 诽谤, 中伤, 损害名誉	yes
malign	中伤	v.	kyle-only	tem8,toefl	tem8	no	yes	no	yes	yes	yes	zhong shang	196	999999	slander [v.]	a. 有害的, 恶性的, 有恶意的\nvt. 诽谤, 说坏话	yes
deterrent	威慑	n.	kyle-only	tem8,toefl	tem8	no	yes	no	yes	no	yes	wei she	195	999999	deter [v.]	a. 制止的, 威慑的, 遏制的\nn. 威慑力量(或因素), 制止物	yes
sweeping	清扫	n.	kyle-only	tem8,toefl	toefl	no	yes	no	yes	no	yes	qing sao	193	999999	clean [v.] | sweep [v.]	n. 扫除, 垃圾\na. 扫荡的, 彻底的, 广泛的	yes
savour	体味	v.	kyle-only	tem8,ielts	ielts	no	yes	no	yes	yes	yes	ti wei	191	999999	experience [v.] | appreciate [v.]	n. 滋味, 气味, 食欲\nvi. 有...的滋味\nvt. 品味, 加调味品于, 使有风味, 尝到	yes
austerity	紧缩	n.	kyle-only	tem8,toefl	tem8	no	yes	no	yes	no	yes	jin suo	186	999999	tighten [v.] | cut back [v.]	n. 朴素, 苦行, 严格, 严峻	yes
guise	装束	n.	kyle-only	tem8,toefl	tem8	no	yes	no	yes	yes	yes	zhuang shu	186	999999	costume [n.]	n. 相似, 外观, 伪装\nv. 穿戴, 伪装	yes
finesse	灵巧	n.	kyle-only	tem8,toefl	tem8	no	yes	no	yes	no	yes	ling qiao	179	999999	dexterous [adj.] | skillful [adj.]	n. 策略, 手段, (桥牌中的)飞牌\nv. 用计谋处理, 出小牌	yes
understate	轻描淡写	v.	kyle-only	tem8,toefl	toefl	no	yes	no	yes	no	yes	qing miao dan xie	178	999999	play down [phr.]	v. 不完全地陈述, 保守地说, 有意轻描淡写	yes
asylum	疯人院	n.	kyle-only	tem8,ielts	ielts	no	yes	no	yes	yes	yes	feng ren yuan	177	999999	madhouse [n.]	n. 庇护, 收容所\n[医] 养育院	yes
underside	阴暗面	n.	kyle-only	tem4,tem8	tem4,tem8	no	yes	no	yes	yes	yes	yin an mian	177	999999	dark side [n.]	n. 下面, 下侧, 底面	yes
crib	剽窃	v.	kyle-only	tem4,tem8	tem4,tem8	no	yes	no	yes	yes	yes	piao qie	176	999999	plagiarize [v.]	n. 婴儿小床, 食槽, 蓄栏\nvi. 抄袭\nvt. 拘禁, 关入栅栏	yes
darkness	阴郁	n.	kyle-only	tem8,toefl	tem8	no	yes	no	yes	no	yes	yin yu	174	999999	gloomy [adj.] | morose [adj.]	n. 黑暗, 暗, 深色, 隐密, 模糊, 无知	yes
intrusion	打搅	n.	kyle-only	toefl,ielts	ielts	no	yes	no	yes	no	yes	da jiao	172	999999	disturb [v.]	n. 闯入, 侵扰\n[医] [向内]突入	yes
hopper	漏斗	n.	kyle-only	tem8,toefl	tem8	no	yes	no	yes	yes	yes	lou dou	170	999999	funnel [n.]	n. 跳跃的东西, 单足跳者, 跳虫\n[化] 漏斗; 贮斗; 料斗; 集尘箱; 集尘斗	yes
consignment	投递	n.	kyle-only	tem8,ielts	ielts	no	yes	no	yes	no	yes	tou di	169	999999	deliver [v.]	n. 委托\n[经] 委托, 寄销, 寄销品	yes
notoriety	臭名昭著	n.	kyle-only	tem8,ielts	ielts	no	yes	no	yes	no	yes	chou ming zhao zhu	169	999999	notorious [adj.]	n. 恶名, 臭名, 声名狼藉	yes
objectify	物化	v.	kyle-only	toefl,ielts	ielts	no	yes	no	yes	no	yes	wu hua	169	999999	physical chemistry [n.]	vt. 使客观化	yes
maverick	背离	v.	kyle-only	tem8,toefl	tem8	no	yes	no	yes	yes	yes	bei li	165	999999	deviate [v.]	n. 未烙饲主印记的小牛, 持不同意见的人\nvi. 迷路	yes
suitability	相配	n.	kyle-only	tem4,tem8	tem4,tem8	no	yes	no	yes	no	yes	xiang pei	156	999999	match [v.]	n. 适合, 适当\n[医] 适合性, 适应性	yes
boon	益处	n.	kyle-only	tem8,toefl	toefl	no	yes	no	yes	yes	yes	yi chu	154	999999	benefit [n.]	n. 恩惠	yes
depose	革除	v.	kyle-only	tem8,toefl	toefl	no	yes	no	yes	yes	yes	ge chu	153	999999	abolish [v.] | eliminate [v.]	vt. 免职, 废黜, 作证\nvi. 作证, 供证	yes
intercom	对讲机	n.	kyle-only	tem4,tem8	tem4,tem8	no	yes	no	yes	yes	yes	dui jiang ji	153	999999	walkie-talkie [n.]	n. 内部通信联络系统, 内部通话系统\n[计] 内部通信	yes
inverse	倒转	n.	kyle-only	tem8,toefl	tem8	no	yes	no	yes	no	yes	dao zhuan	153	999999	reverse [v.]	a. 倒转的, 相反的\nn. 反向, 反面\n[计] 反白, 反色	yes
reversal	倒转	n.	kyle-only	tem8,toefl	toefl	no	yes	no	yes	no	yes	dao zhuan	153	999999	reverse [v.]	n. 翻转, 颠倒, 反转\n[医] 逆转, 颠倒	yes
xerox	影印	n.	kyle-only	tem4,tem8	tem4,tem8	no	yes	no	yes	no	yes	ying yin	152	999999	photocopy [v.]	v. 静电复印	yes
forestall	先发制人	v.	kyle-only	tem8,toefl	tem8,toefl	no	yes	no	yes	no	yes	xian fa zhi ren	151	999999	preempt [phr.]	vt. 预先阻止, 先...一步行动, 占先一步, 垄断, 阻碍\n[法] 先采取行动预防或阻止, 垄断	yes
frenzy	暴怒	n.	kyle-only	tem8,toefl	tem8	no	yes	no	yes	yes	yes	bao nu	150	999999	rage [n.]	n. 疯狂, 狂暴, 狂怒\n[医] 暴怒, 狂乱	yes
impending	迫近	v.	kyle-only	tem8,toefl	tem8	no	yes	no	yes	yes	yes	po jin	150	999999	approach [v.]	a. 即将发生的, 迫切的, 悬空的\n[法] 就要来的, 逼在眼前的, 紧急的	yes
blurt	脱口而出	v.	kyle-only	tem8,toefl	toefl	no	yes	no	yes	no	yes	tuo kou er chu	148	999999	blurt out [phr.]	vt. 冲口说出, 脱口说出	yes
deface	丑化	v.	kyle-only	tem8,toefl	tem8	no	yes	no	yes	yes	yes	chou hua	148	999999	defame [v.]	vt. 损伤外观\n[法] 毁伤外貌, 破坏外观, 涂污	yes
maverick	迷途	v.	kyle-only	tem8,toefl	tem8	no	yes	no	yes	no	yes	mi tu	146	999999	lost way [n.]	n. 未烙饲主印记的小牛, 持不同意见的人\nvi. 迷路	yes
nestle	依偎	v.	kyle-only	tem8,toefl	toefl	no	yes	yes	yes	yes	yes	yi wei	141	999999	snuggle [v.]	vi. 舒适地坐定, 挨靠, 偎依\nvt. 抱, 安置	yes
hassle	找麻烦	v.	kyle-only	tem8,ielts	tem8	no	yes	no	yes	no	yes	zhao ma fan	140	999999	cause trouble [phr.]	n. 激烈而持久的争论\nvi. 争论\nvt. 与...争辩, 使烦恼	yes
negate	对立面	n.	kyle-only	tem8,toefl	tem8	no	yes	no	yes	yes	yes	dui li mian	139	999999	opposite side [n.]	vt. 否定, 否认, 取消\n[计] 非	yes
confederate	帮凶	v.	kyle-only	tem8,toefl	tem8	no	yes	no	yes	no	yes	bang xiong	133	999999	accomplice [n.]	n. 同盟者, 同盟国\na. 同盟的, 联合的\nv. (使)联盟, (使)联合	yes
emigration	侨居	n.	kyle-only	tem8,toefl	toefl	no	yes	no	yes	no	yes	qiao ju	132	999999	reside abroad [v.]	n. 移民, 移居外国(或外地)\n[医] 血细胞渗出	yes
wand	权杖	n.	kyle-only	tem8,toefl	tem8	no	yes	yes	yes	yes	yes	quan zhang	132	999999	scepter [n.]	n. 棒, 棍, 杖	yes
slouch	耷拉	v.	kyle-only	tem8,ielts	tem8	no	yes	no	yes	yes	yes	da la	128	999999	droop [v.]	n. 没精打采的样子, 耷拉, 笨人\nvi. 没精打采地走, 耷拉着\nvt. 使低垂	yes
indignity	轻蔑	n.	kyle-only	tem8,toefl	tem8	no	yes	no	yes	no	yes	qing mie	126	999999	despise [v.] | scorn [v.]	n. 侮辱\n[法] 侮辱的言行, 无礼, 有伤尊严	yes
repulse	憎恶	v.	kyle-only	tem8,toefl	tem8	no	yes	no	yes	yes	yes	zeng wu	125	999999	abhor [v.] | loathe [v.]	n. 击退, 拒绝\nvt. 厌恶, 击退, 拒绝	yes
stampede	逃窜	n.	kyle-only	tem8,toefl	toefl	no	yes	no	yes	no	yes	tao cuan	125	999999	flee [v.]	v. (使)惊跑, (使)蜂拥\nn. 惊跑, 蜂拥	yes
stampede	逃窜	v.	kyle-only	tem8,toefl	tem8	no	yes	no	yes	yes	yes	tao cuan	125	999999	flee [v.]	v. (使)惊跑, (使)蜂拥\nn. 惊跑, 蜂拥	yes
bliss	狂喜	v.	kyle-only	tem8,toefl	tem8,toefl	no	yes	no	yes	yes	yes	kuang xi	121	999999	rejoice [v.]	n. 福佑, 天赐的福\n[计] 实现系统软件的基本语言	yes
revert	重提	v.	kyle-only	tem8,toefl	tem8	no	yes	no	yes	yes	yes	chong ti	121	999999	bring up again [v.]	vi. 恢复, 复归, 回复, 还原\nvt. 使回复原状, 使回转\nn. 恢复原信仰的人\n[计] 还原	yes
tout	兜售	v.	kyle-only	tem8,toefl	tem8,toefl	no	yes	no	yes	yes	yes	dou shou	120	999999	peddle [v.]	vi. 招徕顾客, 兜售物品\nvt. 招徕, 刺探...情报\nn. 兜售者, 侦查者	yes
haggle	讨价还价	n.	kyle-only	tem8,toefl	tem8	no	yes	no	yes	no	yes	tao jia huan jia	117	999999	bargain [phr.]	vi. 争论, 杀价\nvt. 乱砍, 乱劈\nn. 杀价, 讨论, 争论	yes
haggle	讨价还价	v.	kyle-only	tem8,toefl	tem8	no	yes	no	yes	no	yes	tao jia huan jia	117	999999	bargain [phr.]	vi. 争论, 杀价\nvt. 乱砍, 乱劈\nn. 杀价, 讨论, 争论	yes
opulence	富饶	n.	kyle-only	toefl,ielts	ielts	no	yes	no	yes	no	yes	fu rao	117	999999	fertile [adj.]	n. 富裕, 丰富, 大量	yes
preoccupation	当务之急	n.	kyle-only	tem8,toefl	tem8,toefl	no	yes	no	yes	no	yes	dang wu zhi ji	117	999999	top priority [phr.]	n. 抢先占据, 先人之见, 入神\n[医] 成见, 注意散漫, 心不在焉	yes
preoccupation	成见	n.	kyle-only	tem8,toefl	tem8	no	yes	no	yes	yes	yes	cheng jian	115	999999	prejudice [n.]	n. 抢先占据, 先人之见, 入神\n[医] 成见, 注意散漫, 心不在焉	yes
stash	贮藏	v.	kyle-only	toefl,ielts	ielts	no	yes	no	yes	yes	yes	zhu cang	114	999999	store [v.] | preserve [v.]	vt. 藏起来\nn. 隐藏处, 隐藏物	yes
prod	签子	n.	kyle-only	tem8,toefl	tem8	no	yes	no	yes	yes	yes	qian zi	113	999999	stick [n.] | skewer [n.]	n. 刺针, 刺棒, 激励话, 提醒物\nvt. 戳, 刺, 刺激\nvi. 戳, 刺	yes
balk	畏缩	v.	kyle-only	tem8,toefl	toefl	no	yes	no	yes	yes	yes	wei suo	112	999999	flinch [v.] | cower [v.]	n. 障碍, 错误, 失败\nvt. 阻止, 错过, 推诿\nvi. 逡巡不前	yes
excellence	长处	n.	kyle-only	tem8,toefl	tem8	no	yes	no	yes	yes	yes	chang chu	105	999999	strength [n.]	n. 优秀, 卓越, 优点	yes
libel	诬蔑	v.	kyle-only	toefl,ielts	ielts	no	yes	no	yes	yes	yes	wu mie	105	999999	slander [v.]	n. 以文字损害名誉, 诽谤罪, 侮辱\nv. 诽谤, 中伤, 损害名誉	yes
thatch	茅草	n.	kyle-only	tem8,toefl	tem8	no	yes	no	yes	yes	yes	mao cao	104	999999	thatch grass [n.]	n. 盖屋顶的茅草, 用草盖的屋顶, 浓密头发\nvt. 用茅草覆盖	yes
foist	蒙骗	v.	kyle-only	tem8,toefl	tem8	no	yes	no	yes	yes	yes	meng pian	102	999999	deceive [v.] | cheat [v.]	vt. 硬卖给, 偷偷插入, 使混入	yes
pique	恼怒	n.	kyle-only	tem8,toefl	toefl	no	yes	no	yes	no	yes	nao nu	102	999999	angry [adj.]	n. 赌气, 愤怒, 不快, 凹凸织物\nvt. 伤害...自尊心, 激怒, 刺激, 引起兴趣, 使兴奋	yes
bossy	母牛	n.	kyle-only	tem4,tem8	tem4,tem8	no	yes	no	yes	yes	yes	mu niu	97	999999	cow [n.]	a. 专横的, 浮雕装饰的	yes
wicker	枝条	n.	kyle-only	tem8,toefl	tem8	no	yes	no	yes	yes	yes	zhi tiao	94	999999	branch [n.]	n. 柳条\na. 柳条编的	yes
matrimony	婚配	n.	kyle-only	toefl,ielts	toefl	no	yes	no	yes	no	yes	hun pei	86	999999	marry [v.]	n. 结婚, 婚姻生活, 婚礼\n[法] 婚姻, 结婚, 婚礼	yes
espouse	嫁娶	v.	kyle-only	tem8,toefl	tem8	no	yes	no	yes	no	yes	jia qu	84	999999	marriage [n.]	vt. 支持, 赞成, 嫁, 娶\n[法] 娶, 出嫁, 信奉	yes
incidental	杂项	n.	kyle-only	tem8,toefl	tem8	no	yes	no	yes	yes	yes	za xiang	83	999999	miscellaneous [n.]	a. 附带的, 偶然的, 容易发生的\nn. 附带事件	yes
dewdrop	露珠	n.	kyle-only	tem4,tem8	tem4,tem8	no	yes	no	yes	yes	yes	lu zhu	81	999999	dew drop [n.]	n. 露水	yes
garnish	文饰	v.	kyle-only	tem8,toefl	tem8	no	yes	no	yes	yes	yes	wen shi	80	999999	gloss over [v.]	n. 装饰, 装饰品\nvt. 装饰	yes
portfolio	投资组合	n.	kyle-only	tem8,ielts	tem8	no	yes	no	yes	yes	yes	tou zi zu he	75	999999	investment portfolio [n.]	n. 皮包, 公文包, 部长职务, 有价证券财产目录, 艺术代表作选辑\n[法] 公文包, 文件夹, 阁员职务	yes
oscillate	踌躇	v.	kyle-only	toefl,ielts	ielts	no	yes	no	yes	yes	yes	chou chu	74	999999	hesitate [v.]	vi. 振动, 彷徨, 犹豫\nvt. 使振动, 使动摇	yes
refinery	冶炼厂	n.	kyle-only	tem8,toefl	tem8	no	yes	no	yes	yes	yes	ye lian chang	74	999999	smelter [n.]	n. 精炼厂\n[化] 精炼厂炼糖厂	yes
preoccupation	全神贯注	n.	kyle-only	tem8,toefl	tem8,toefl	no	yes	no	yes	no	yes	quan shen guan zhu	72	999999	concentrate [phr.]	n. 抢先占据, 先人之见, 入神\n[医] 成见, 注意散漫, 心不在焉	yes
doodle	蠢人	n.	kyle-only	tem8,toefl	tem8	no	yes	no	yes	yes	yes	chun ren	71	999999	fool [n.]	vi. 涂鸦, 混时间\nn. 傻子	yes
objectify	具体化	v.	kyle-only	toefl,ielts	toefl	no	yes	no	yes	yes	yes	ju ti hua	70	999999	embody [v.]	vt. 使客观化	yes
budge	挪动	v.	kyle-only	tem8,toefl	tem8	no	yes	no	yes	yes	yes	nuo dong	65	999999	move [v.]	vi. 微微移动\nvt. 推动\nn. 羔羊皮	yes
deadweight	载重量	n.	kyle-only	tem4,tem8	tem4,tem8	no	yes	no	yes	yes	yes	zai zhong liang	63	999999	load capacity [n.]	n. 自重, 重负\n[法] 载重量, 载重吨位	yes
snobbery	阿谀奉承	n.	kyle-only	tem4,tem8	tem8	no	yes	no	yes	no	yes	e yu feng cheng	62	999999	flatter [phr.] | toady [phr.]	n. 谄上欺下, 势利	yes
amble	缓行	v.	kyle-only	tem8,toefl	toefl	no	yes	no	yes	yes	yes	huan xing	61	999999	drive slowly [v.]	n. 马的缓行步态, 缓行漫步\nvi. 马缓行, 从容漫步	yes
bossy	牛犊	n.	kyle-only	tem4,tem8	tem4,tem8	no	yes	no	yes	yes	yes	niu du	61	999999	calf [n.]	a. 专横的, 浮雕装饰的	yes
sufficiency	自满	n.	kyle-only	tem8,toefl	tem8	no	yes	no	yes	no	yes	zi man	61	999999	self-satisfied [adj.]	n. 充足, 充分的数量, 自负	yes
ratchet	松脱	v.	kyle-only	tem8,toefl	tem8	no	yes	no	yes	yes	yes	song tuo	58	999999	come loose [v.]	n. 棘轮, 棘爪\n[机] 棘轮, 棘齿轮	yes
regurgitate	反刍	v.	kyle-only	toefl,ielts	ielts,toefl	no	yes	no	yes	yes	yes	fan chu	57	999999	ruminate [v.]	v. (使)回涌, (使)回流, (使)反胃	yes
drapery	布匹	n.	kyle-only	tem8,toefl	toefl	no	yes	no	yes	yes	yes	bu pi	55	999999	cloth [n.]	n. 帏帐, 布料	yes
eschew	戒除	v.	kyle-only	tem8,toefl	toefl	no	yes	no	yes	yes	yes	jie chu	55	999999	quit [v.]	vt. 避开, 远避	yes
buggy	童车	n.	kyle-only	tem8,toefl	tem8	no	yes	no	yes	yes	yes	tong che	49	999999	stroller [n.]	a. 多虫的\nn. 双轮单座轻马车, 四轮单座马车	yes
certitude	必然性	n.	kyle-only	tem8,toefl	toefl	no	yes	no	yes	yes	yes	bi ran xing	48	999999	necessity [n.]	n. 确实性, 确信	yes
pretension	自命不凡	n.	kyle-only	toefl,ielts	ielts,toefl	no	yes	no	yes	no	yes	zi ming bu fan	47	999999	self-important [phr.]	n. 自负, 骄傲, 主张	yes
disunite	不和	v.	kyle-only	tem8,toefl	tem8	no	yes	no	yes	no	yes	bu he	44	999999	not harmonious [adj.]	vt. 使分离, 使不和	yes
horrify	惊骇	v.	kyle-only	tem8,ielts	tem8	no	yes	no	yes	no	yes	jing hai	44	999999	horrified [adj.] | terrified [adj.]	vt. 使恐惧, 使震惊	yes
rift	不和	n.	kyle-only	tem8,toefl	tem8	no	yes	no	yes	no	yes	bu he	44	999999	not harmonious [adj.]	n. 裂口, 空隙\nvi. 裂开\nvt. 使分开, 使割开	yes
impregnate	浸透	v.	kyle-only	tem8,toefl	tem8	no	yes	no	yes	yes	yes	jin tou	42	999999	soak [v.] | permeate [v.]	vt. 使怀孕, 使肥沃, 使充满, 灌输\na. 怀孕的, 充满的	yes
pretension	自命	n.	kyle-only	toefl,ielts	ielts	no	yes	no	yes	no	yes	zi ming	40	999999	consider oneself [v.]	n. 自负, 骄傲, 主张	yes
lurch	蹒跚	n.	kyle-only	tem8,toefl	tem8	no	yes	no	yes	no	yes	pan shan	38	999999	staggering [adj.] | tottering [adj.]	n. 惨败, 倾斜, 挫折, 举步蹒跚, 徘徊\nvi. 惨败, 倾斜, 徘徊\nvt. 击败	yes
lurch	蹒跚	v.	kyle-only	tem8,toefl	tem8	no	yes	no	yes	no	yes	pan shan	38	999999	staggering [adj.] | tottering [adj.]	n. 惨败, 倾斜, 挫折, 举步蹒跚, 徘徊\nvi. 惨败, 倾斜, 徘徊\nvt. 击败	yes
shamble	蹒跚	v.	kyle-only	tem8,ielts	ielts	no	yes	no	yes	no	yes	pan shan	38	999999	staggering [adj.] | tottering [adj.]	vi. 蹒跚地走, 摇摇晃晃地走, 摇晃不稳\nn. 蹒跚	yes
cliche	陈词滥调	n.	kyle-only	tem8,ielts	tem8	no	yes	no	no	new-key	yes	chen ci lan diao	37	999999		n. 陈腔滥调, 凸印版\na. 陈腐的	yes
stampede	蜂拥	v.	kyle-only	tem8,toefl	tem8	no	yes	no	yes	yes	yes	feng yong	36	999999	swarm [v.] | flock [v.]	v. (使)惊跑, (使)蜂拥\nn. 惊跑, 蜂拥	yes
foreland	岬角	n.	kyle-only	tem8,ielts	ielts	no	yes	yes	yes	yes	yes	jia jiao	33	999999	cape [n.] | headland [n.]	n. 沿海地区, 海角, 海岸地	yes
itinerant	行商	n.	kyle-only	tem8,toefl	tem8	no	yes	no	yes	yes	yes	xing shang	33	999999	itinerant merchant [n.]	a. 巡回的\nn. 巡回者	yes
brunt	冲力	n.	kyle-only	tem8,ielts	ielts	no	yes	no	yes	yes	yes	chong li	32	999999	impact [n.] | momentum [n.]	n. 主要冲力, 冲击	yes
dissension	倾轧	n.	kyle-only	tem8,toefl	tem8	no	yes	no	yes	no	yes	qing ya	31	999999	conflict [v.] | infighting [v.]	n. 意见不合, 纠纷, 争吵\n[法] 异议, 纷争	yes
washing	洗涤剂	n.	kyle-only	tem8,ielts	tem8	no	yes	no	yes	yes	yes	xi di ji	29	999999	detergent [n.]	n. 洗涤, 浸, 洗涤物\n[机] 涂浆, 洗涤	yes
artifice	奸计	n.	kyle-only	tem8,toefl	toefl	no	yes	no	yes	yes	yes	jian ji	27	999999	scheme [n.]	n. 诡计, 技巧, 巧妙	yes
tact	鉴赏力	n.	kyle-only	tem8,toefl	tem8	no	yes	no	yes	yes	yes	jian shang li	19	999999	taste [n.]	n. 机智, 手法, 老练\n[经] (自动加工线的)生产节拍	yes
gripe	绞痛	v.	kyle-only	tem8,toefl	tem8	no	yes	no	yes	no	yes	jiao tong	17	999999	colic [n.]	n. 紧握, 柄, 把手, 控制\nvt. 抓紧, 抱住, 使肠痛, 激怒\nvi. 肠绞痛, 抱怨	yes
fluorescent	日光灯	n.	kyle-only	tem8,toefl	tem8	no	yes	no	yes	yes	yes	ri guang deng	16	999999	fluorescent lamp [n.]	n. 荧光\na. 荧光的	yes
abstinence	节欲	n.	kyle-only	tem8,toefl	tem8	no	yes	no	yes	no	yes	jie yu	13	999999	abstain [v.]	n. 节制, 禁欲, 戒酒\n[医] 节制, 禁戒(如禁酒,节欲)	yes
continuum	统一体	n.	kyle-only	tem8,toefl	toefl	no	yes	no	yes	yes	yes	tong yi ti	13	999999	unity [n.] | entity [n.]	n. 连续统一体, 连续统, 闭联集\n[化] 连续区; 连续谱; 连续介质	yes
hieroglyphics	象形字	n.	kyle-only	tem4,tem8	tem4	no	yes	no	yes	yes	yes	xiang xing zi	12	999999	pictograph [n.]	n. 象形文字	yes
hassle	搅扰	v.	kyle-only	tem8,ielts	tem8	no	yes	no	yes	yes	yes	jiao rao	10	999999	disturb [v.]	n. 激烈而持久的争论\nvi. 争论\nvt. 与...争辩, 使烦恼	yes
smudge	污迹	n.	kyle-only	tem4,tem8	tem4,tem8	no	yes	no	yes	yes	yes	wu ji	10	999999	stain [n.]	n. 污点, 脏污, 熏烟\nvt. 弄脏, 使模糊, 用浓烟熏\nvi. 被弄脏	yes
crag	嗉囊	n.	kyle-only	tem4,tem8	tem4,tem8	no	yes	no	no	new-key	yes	su nang	8	999999		n. 峭壁, 危岩\n[建] 岩石碎块	yes
forestall	屯积	v.	kyle-only	tem8,toefl	tem8	no	yes	no	yes	yes	yes	tun ji	8	999999	hoard [v.]	vt. 预先阻止, 先...一步行动, 占先一步, 垄断, 阻碍\n[法] 先采取行动预防或阻止, 垄断	yes
confederacy	私党	n.	kyle-only	tem8,toefl	tem8,toefl	no	yes	no	yes	yes	yes	si dang	7	999999	clique [n.]	n. 联盟, 邦联\n[法] 共谋, 违法的结社, 联盟	yes
incubation	熟虑	n.	kyle-only	tem8,toefl	toefl	no	yes	no	yes	no	yes	shu lv	6	999999	consider carefully [v.]	n. 抱蛋, 孵化, 酝酿\n[医] 孵育, 孵化, 潜伏, 宿庙求梦(古希腊)	yes
workbook	练习簿	n.	kyle-only	tem4,tem8	tem4,tem8	no	yes	no	yes	yes	yes	lian xi bu	4	999999	exercise book [n.]	n. 辅助练习册, 工作规程书, 工作记事簿, 笔记本, 工作手册\n[计] 工作簿	yes
grovel	摇尾乞怜	v.	kyle-only	tem8,toefl	toefl	no	yes	no	yes	no	yes	yao wei qi lian	3	999999	fawn on [phr.] | beg for mercy [phr.]	vi. 趴, 匍匐, 卑躬屈膝	yes
grovel	奴颜婢膝	v.	kyle-only	tem8,toefl	toefl	no	yes	no	yes	no	yes	nu yan bi xi	1	999999	servile [phr.] | fawning [phr.]	vi. 趴, 匍匐, 卑躬屈膝	yes
mannerism	癖性	n.	kyle-only	toefl,ielts	toefl	no	yes	no	yes	yes	yes	pi xing	1	999999	habit [n.] | propensity [n.]	n. 矫揉造作, 习性\n[医] 装相, 作态	yes
savvy	知道	v.	kyle-only	tem8	tem8	no	yes	no	yes	yes	yes	zhi dao	417092	999999	know [v.]	v. 理解, 领悟\nn. 理解能力, 机智, 悟性	yes
gaiety	快乐	n.	kyle-only	tem8	tem8	no	yes	no	yes	no	yes	kuai le	242589	999999	happy [adj.]	n. 愉快, 快活, 高兴	yes
glee	快乐	n.	kyle-only	tem8	tem8	no	yes	no	yes	no	yes	kuai le	242589	999999	happy [adj.]	n. 欢乐, 高兴	yes
gambit	开始	n.	kyle-only	tem8	tem8	no	yes	no	yes	no	yes	kai shi	180403	999999	start [v.]	n. 以取得优势的开局棋法, 开场白, 话题	yes
acreage	面积	n.	kyle-only	toefl	toefl	no	yes	no	yes	yes	yes	mian ji	153211	999999	area [n.]	n. 英亩数, 土地面积\n[经] 英亩数, 土地面积, 矿区租赁面积	yes
amiability	可爱	n.	kyle-only	tem8	tem8	no	yes	no	yes	no	yes	ke ai	135057	999999	cute [adj.] | lovely [adj.]	n. 和蔼可亲, 友善, 亲切	yes
farthing	一点	n.	kyle-only	tem8	tem8	no	yes	no	yes	yes	yes	yi dian	104976	999999	a little [n.]	n. 法寻(1/4便士), 不值钱的东西	yes
corp	公司	n.	kyle-only	toefl	toefl	no	yes	no	yes	yes	yes	gong si	96719	999999	company [n.]	[经] 公司	yes
deputation	代表	n.	kyle-only	tem8	tem8	no	yes	no	yes	no	yes	dai biao	82598	999999	represent [v.]	n. 代理人的任命, 代表团\n[法] 委派, 委任代理, 委任代表	yes
sir	老师	n.	kyle-only	tem8	tem8	no	yes	no	yes	yes	yes	lao shi	81389	999999	teacher [n.]	n. 先生, 阁下	yes
sacking	获得	v.	kyle-only	tem8	tem8	no	yes	no	yes	yes	yes	huo de	78691	999999	obtain [v.] | get [v.]	n. 袋布, 麻袋布	yes
lookout	监视	n.	kyle-only	tem8	tem8	no	yes	no	yes	no	yes	jian shi	59009	999999	monitor [v.] | surveil [v.]	n. 注意, 前途, 了望台, 景色\n[法] 看守, 守望	yes
disparity	不同	n.	kyle-only	tem8	tem8	no	yes	no	yes	no	yes	bu tong	53578	999999	different [adj.]	n. 不一致\n[医] 差异, 不等	yes
awfully	非常	adv.	kyle-only	tem8	tem8	no	yes	no	yes	yes	yes	fei chang	53300	999999	very [adv.]	adv. 恶劣地, 非常地, 极端地	yes
devilish	非常	adv.	kyle-only	tem8	tem8	no	yes	no	yes	yes	yes	fei chang	53300	999999	very [adv.]	a. 魔鬼似的, 该咒骂的, 可恶的, 邪恶的, 凶暴的, 异常的, 过分的, 非常的\nadv. (非正式)非常, 过分地, 极	yes
hefty	非常	adv.	kyle-only	tem8	tem8	no	yes	no	yes	yes	yes	fei chang	53300	999999	very [adv.]	a. 重的, 肌肉发达的	yes
thrice	非常	adv.	kyle-only	tem8	tem8	no	yes	no	yes	yes	yes	fei chang	53300	999999	very [adv.]	adv. 以三倍, 三次, 十分地	yes
whack	机会	n.	kyle-only	tem8	tem8	no	yes	no	yes	yes	yes	ji hui	53013	999999	opportunity [n.] | chance [n.]	vt. 猛击, 重打, 削减\nvi. 重击\nn. 重击, 重打	yes
germination	发生	n.	kyle-only	toefl	toefl	no	yes	no	yes	no	yes	fa sheng	52040	999999	happen [v.] | occur [v.]	n. 发芽, 萌芽, 发育\n[医] 出芽, 生芽, 发芽	yes
happening	发生	v.	kyle-only	tem8	tem8	no	yes	no	yes	yes	yes	fa sheng	52040	999999	happen [v.] | occur [v.]	n. 事件, 意外发生的事	yes
according	根据	adv.	kyle-only	tem8	tem8	no	yes	no	yes	no	yes	gen ju	51052	999999	according to [prep.] | based on [prep.]	a. 相符的, 根据...而定的\nadv. 相应地	yes
herewith	因此	adv.	kyle-only	tem8	tem8	no	yes	no	yes	no	yes	yin ci	51040	999999	therefore [conj.]	adv. 同此, 用此方法	yes
wanna	想要	v.	kyle-only	toefl	toefl	no	yes	no	yes	yes	yes	xiang yao	47945	999999	want [v.] | desire [v.]	vt. 要(做), 想(做), 想要(某物)	yes
highness	高度	n.	kyle-only	tem8	tem8	no	yes	no	yes	yes	yes	gao du	46677	999999	height [n.] | altitude [n.]	n. 高, 高尚, 殿下	yes
rampart	保护	n.	kyle-only	tem8	tem8	no	yes	no	yes	no	yes	bao hu	45530	999999	protect [v.]	n. 垒, 壁垒, 防御土墙\nvt. 用壁垒围绕, 防卫, 守卫	yes
entirety	完全	n.	kyle-only	tem4	tem4	no	yes	no	yes	no	yes	wan quan	44929	999999	completely [adv.]	n. 全部, 整体\n[法] 共有制, 整体, 全部	yes
assertion	要求	n.	kyle-only	tem8	tem8	no	yes	no	yes	no	yes	yao qiu	43949	999999	require [v.] | demand [v.]	n. 断言, 主张\n[法] 宣称, 断言, 维护	yes
assertion	坚持	n.	kyle-only	tem8	tem8	no	yes	no	yes	no	yes	jian chi	35863	999999	persist [v.] | insist [v.]	n. 断言, 主张\n[法] 宣称, 断言, 维护	yes
womanhood	女人	n.	kyle-only	toefl	toefl	no	yes	yes	yes	yes	yes	nv ren	35121	999999	woman [n.]	n. 女子成年身分, 女子成年期, 女子成年资格, 女子气质, 女子特性	yes
regimentation	管辖	n.	kyle-only	toefl	toefl	no	yes	no	yes	no	yes	guan xia	32087	999999	administer [v.]	n. 团的编制, 系统化, 严格控制\n[法] 组成, 编组, 统制	yes
savvy	了解	v.	kyle-only	tem8	tem8	no	yes	no	yes	yes	yes	liao jie	31302	999999	understand [v.]	v. 理解, 领悟\nn. 理解能力, 机智, 悟性	yes
nymph	女神	n.	kyle-only	tem8	tem8	no	yes	no	yes	yes	yes	nv shen	31124	999999	goddess [n.]	n. 居于山林水泽的仙女, 蛹, 美丽的少女\n[医] 稚虫, 若虫, 蝻	yes
liaise	联系	v.	kyle-only	ielts	ielts	no	yes	no	yes	yes	yes	lian xi	30275	999999	contact [v.]	vi. 保持联络, 担任联络官	yes
amalgamation	联合	n.	kyle-only	toefl	toefl	no	yes	no	yes	no	yes	lian he	27897	999999	unite [v.] | combine [v.]	n. 汞齐化, 合并\n[化] 汞齐化; 汞齐化作用; 混汞法	yes
thereto	另外	adv.	kyle-only	tem8	tem8	no	yes	no	yes	yes	yes	ling wai	27445	999999	besides [adv.]	adv. 往那边, 到那	yes
readiness	愿意	n.	kyle-only	tem8	tem8	no	yes	no	yes	no	yes	yuan yi	25394	999999	willing [v.]	n. 预备, 准备, 敏捷	yes
landmass	大陆	n.	kyle-only	toefl	toefl	no	yes	no	yes	yes	yes	da lu	24676	999999	mainland [n.]	n. 陆块	yes
manhood	男子	n.	kyle-only	tem8	tem8	no	yes	no	yes	yes	yes	nan zi	24196	999999	man [n.] | boy [n.]	n. 成年, 勇气, 男儿\n[法] 成年身分, 成年, 男子	yes
hotpot	火锅	n.	kyle-only	tem8	tem8	no	yes	yes	yes	yes	yes	huo guo	23915	999999	hot pot [n.]	n. 罐焖土豆牛肉, 罐焖土豆羊肉	yes
totality	全部	n.	kyle-only	toefl	toefl	no	yes	no	yes	yes	yes	quan bu	23751	999999	all [n.]	n. 全体, 总数, 全食	yes
accrete	增加	v.	kyle-only	toefl	toefl	no	yes	no	yes	yes	yes	zeng jia	22397	999999	increase [v.]	vi. 连生, 合生, 附依\nvt. 使依附, 使连接\na. 合生的	yes
battalion	部队	n.	kyle-only	tem8	tem8	no	yes	no	yes	yes	yes	bu dui	21989	999999	troops [n.] | unit [n.]	n. 营, 军队, 集团	yes
modus	方法	n.	kyle-only	toefl	toefl	no	yes	no	yes	yes	yes	fang fa	21743	999999	method [n.] | way [n.]	[计] 假言的\n[医] 方式, 方法	yes
hacked	生气	n.	kyle-only	tem8	tem8	no	yes	no	yes	no	yes	sheng qi	20937	999999	angry [v.]	生气	yes
precinct	选区	n.	kyle-only	tem8	tem8	no	yes	no	yes	yes	yes	xuan qu	19508	999999	constituency [n.]	n. 区域, 管理区, 管辖区域\n[法] 管辖区, 选区, 分界	yes
exhilaration	高兴	n.	kyle-only	ielts	ielts	no	yes	no	yes	no	yes	gao xing	18594	999999	happy [adj.] | glad [adj.]	n. 令人高兴, 愉快	yes
mirth	高兴	n.	kyle-only	tem8	tem8	no	yes	no	yes	no	yes	gao xing	18594	999999	happy [adj.] | glad [adj.]	n. 欢笑, 欢乐, 愉快	yes
restitution	恢复	n.	kyle-only	tem8	tem8	no	yes	no	yes	no	yes	hui fu	18517	999999	recover [v.] | restore [v.]	n. 归还, 偿还, 赔偿\n[医] 整复, 恢复, 转回(胎头)	yes
excitation	激动	n.	kyle-only	toefl	toefl	no	yes	no	yes	no	yes	ji dong	18491	999999	excited [adj.]	n. 刺激, 鼓舞, 兴奋\n[化] 激发	yes
fatality	死亡	n.	kyle-only	tem8	tem8	no	yes	no	yes	no	yes	si wang	18210	999999	die [v.]	n. 不幸, 厄运, 致命性, 死亡者, 厄运, 天命	yes
spurious	假的	adj.	kyle-only	tem8	tem8	no	yes	yes	yes	yes	yes	jia de	18063	999999	fake [adj.]	a. 假造的, 伪造的, 欺骗的\n[医] 假的, 伪的	yes
posit	安排	v.	kyle-only	toefl	toefl	no	yes	no	yes	yes	yes	an pai	17830	999999	arrange [v.]	vt. 假设, 安置, 布置	yes
enunciate	表达	v.	kyle-only	toefl	toefl	no	yes	no	yes	yes	yes	biao da	17548	999999	express [v.]	vt. 明确地叙述, 表明\nvi. 发音	yes
helping	帮助	v.	kyle-only	tem8	tem8	no	yes	no	yes	yes	yes	bang zhu	17515	999999	help [v.] | assist [v.]	n. 帮助, 协助, 一份	yes
lore	传统	n.	kyle-only	toefl	toefl	no	yes	no	yes	yes	yes	chuan tong	17259	999999	tradition [n.]	n. 知识, 眼光	yes
transact	执行	v.	kyle-only	toefl	toefl	no	yes	no	yes	yes	yes	zhi xing	16946	999999	execute [v.] | implement [v.]	vt. 办理, 处理\nvi. 作交易, 谈判	yes
incorporation	合并	n.	kyle-only	toefl	toefl	no	yes	no	yes	no	yes	he bing	16459	999999	merge [v.] | combine [v.]	n. 包含, 结合, 编入, 团体组织\n[医] 惨合, 混合, 合并	yes
therewith	于是	adv.	kyle-only	tem8	tem8	no	yes	no	yes	no	yes	yu shi	16328	999999	so [conj.] | therefore [conj.]	adv. 随即, 与此, 此外	yes
storyteller	作家	n.	kyle-only	toefl	toefl	no	yes	no	yes	yes	yes	zuo jia	16325	999999	writer [n.]	n. 说故事的人, 故事作者	yes
enactment	法律	n.	kyle-only	toefl	toefl	no	yes	no	yes	yes	yes	fa lv	16049	999999	law [n.]	n. 制定, 条例, 法规, 法令, 颁布, 规定\n[法] 制定, 规定, 颁布	yes
remembrance	回忆	n.	kyle-only	tem8	tem8	no	yes	no	yes	no	yes	hui yi	16018	999999	recall [v.] | remember [v.]	n. 回想, 记忆, 纪念品, 记忆力, 问候, 致意	yes
leverage	利用	v.	kyle-only	tem8	tem8	no	yes	no	yes	yes	yes	li yong	15996	999999	use [v.] | utilize [v.]	n. 杠杆作用, 杠杆装置, 杠杆效率\n[医] 杠杆率	yes
enormously	大量	adv.	kyle-only	toefl	toefl	no	yes	no	yes	no	yes	da liang	15243	999999	large amount [adj.]	adv. 非常地, 巨大地	yes
bulldoze	欺负	v.	kyle-only	toefl	toefl	no	yes	no	yes	yes	yes	qi fu	15210	999999	bully [v.] | pick on [v.]	vt. 强迫, 用推土机推平/削平, 用推土机清除, 压倒, 威胁	yes
modus	形式	n.	kyle-only	toefl	toefl	no	yes	no	yes	yes	yes	xing shi	14890	999999	form [n.]	[计] 假言的\n[医] 方式, 方法	yes
carman	司机	n.	kyle-only	toefl	toefl	no	yes	no	yes	yes	yes	si ji	14613	999999	driver [n.]	n. 运货马车的车夫, 电车司机	yes
awfully	十分	adv.	kyle-only	tem8	tem8	no	yes	no	yes	yes	yes	shi fen	14312	999999	very [adv.] | fully [adv.]	adv. 恶劣地, 非常地, 极端地	yes
thrice	十分	adv.	kyle-only	tem8	tem8	no	yes	no	yes	yes	yes	shi fen	14312	999999	very [adv.] | fully [adv.]	adv. 以三倍, 三次, 十分地	yes
beating	失败	n.	kyle-only	tem8	tem8	no	yes	no	yes	no	yes	shi bai	14255	999999	fail [v.]	n. 打, 挫败, 搏动\n[化] 打浆	yes
failing	失败	v.	kyle-only	tem8	tem8	no	yes	no	yes	yes	yes	shi bai	14255	999999	fail [v.]	n. 失败, 缺点\nprep. 如果没有...\na. 失败的	yes
basics	基础	n.	kyle-only	tem8	tem8	no	yes	no	yes	yes	yes	ji chu	14153	999999	foundation [n.]	n. 最简单但最重要的部分, 基本, 基础训练	yes
keystone	基础	n.	kyle-only	ielts	ielts	no	yes	no	yes	yes	yes	ji chu	14153	999999	foundation [n.]	n. 拱顶石, 楔石, 重点	yes
connecting	连接	n.	kyle-only	tem4	tem4	no	yes	no	yes	no	yes	lian jie	14030	999999	connect [v.]	[计] 接线的	yes
characterization	描述	n.	kyle-only	toefl	toefl	no	yes	no	yes	no	yes	miao shu	13738	999999	describe [v.]	n. 特性描述, 人物之塑造\n[建] 特性因数	yes
airing	讨论	n.	kyle-only	ielts	ielts	no	yes	no	yes	no	yes	tao lun	13474	999999	discuss [v.]	n. 晾, 通风, 兜风\n[化] 充气	yes
scepticism	怀疑	n.	kyle-only	tem8	tem8	no	yes	no	yes	no	yes	huai yi	13051	999999	doubt [v.] | suspect [v.]	n. 怀疑论, 怀疑主义\n[医] 多疑癖	yes
whack	尝试	n.	kyle-only	tem8	tem8	no	yes	no	yes	no	yes	chang shi	12621	999999	try [v.] | attempt [v.]	vt. 猛击, 重打, 削减\nvi. 重击\nn. 重击, 重打	yes
hither	在这里	adv.	kyle-only	tem8	tem8	no	yes	no	yes	no	yes	zai zhe li	12579	999999	here [phr.]	a. 这边的, 在这边的\nadv. 向这边, 向此处	yes
remodel	改编	v.	kyle-only	toefl	toefl	no	yes	no	yes	yes	yes	gai bian	12574	999999	adapt [v.]	vt. 改造, 改型, 改变	yes
transcription	改编	n.	kyle-only	ielts	ielts	no	yes	no	yes	no	yes	gai bian	12574	999999	adapt [v.]	n. 抄写, 抄本\n[化] 转录; 转录作用	yes
lore	传说	n.	kyle-only	toefl	toefl	no	yes	no	yes	yes	yes	chuan shuo	12365	999999	legend [n.] | tale [n.]	n. 知识, 眼光	yes
whack	击败	v.	kyle-only	tem8	tem8	no	yes	no	yes	yes	yes	ji bai	12124	999999	defeat [v.] | beat [v.]	vt. 猛击, 重打, 削减\nvi. 重击\nn. 重击, 重打	yes
netherland	荷兰	n.	kyle-only	toefl	toefl	no	yes	no	yes	yes	yes	he lan	11784	999999	netherlands [n.]	n. 荷兰（正式名称为尼德兰王国The Kingdom of the Netherlands）	yes
fullness	成熟	n.	kyle-only	toefl	toefl	no	yes	no	yes	no	yes	cheng shu	11598	999999	mature [adj.]	n. 满, 充满, 丰富\n[医] 发胀	yes
oneness	统一	n.	kyle-only	toefl	toefl	no	yes	no	yes	no	yes	tong yi	11124	999999	unify [v.]	n. 单一性, 同一性, 统一性	yes
trimester	学期	n.	kyle-only	ielts	ielts	no	yes	no	yes	yes	yes	xue qi	10905	999999	semester [n.] | term [n.]	n. 三个月, 一学期\n[医] 三个月, 三月期	yes
freshly	刚才	adv.	kyle-only	toefl	toefl	no	yes	no	yes	yes	yes	gang cai	10896	999999	just now [adv.]	adv. 新, 新近, 精神饱满	yes
verification	确认	n.	kyle-only	ielts	ielts	no	yes	no	yes	no	yes	que ren	10646	999999	confirm [v.] | verify [v.]	n. 证实, 查证, 证明属实\n[计] 验证	yes
halting	停止	v.	kyle-only	tem8	tem8	no	yes	no	yes	yes	yes	ting zhi	10620	999999	stop [v.]	a. 跛的, 蹒跚的, 犹豫的	yes
scholastic	学者	n.	kyle-only	tem8	tem8	no	yes	no	yes	yes	yes	xue zhe	10520	999999	scholar [n.]	a. 学校的, 学校教育的, 学者的, 学究的\nn. 经院哲学家, 学究, 墨守成规者, 学生	yes
hearten	鼓励	v.	kyle-only	tem8	tem8	no	yes	no	yes	yes	yes	gu li	10430	999999	encourage [v.]	vt. 使振作, 激励\nvi. 振作	yes
headway	进步	n.	kyle-only	tem8	tem8	no	yes	no	yes	no	yes	jin bu	10285	999999	progress [v.]	n. 前进, 航行速度, 进展\n[经] 进尺, 钻井	yes
stabilise	稳定	v.	kyle-only	ielts	ielts	no	yes	no	yes	no	yes	wen ding	10220	999999	stable [adj.]	vt.vi. (使)稳定, (使)安定, (使)坚固\nvt. 装稳定器	yes
domination	统治	n.	kyle-only	ielts	ielts	no	yes	no	yes	no	yes	tong zhi	10183	999999	rule [v.] | govern [v.]	n. 支配, 控制, 管辖	yes
chagrin	失望	n.	kyle-only	toefl	toefl	no	yes	no	yes	no	yes	shi wang	10020	999999	disappoint [v.]	n. 懊恼\nvt. 使懊恼	yes
disenchantment	失望	n.	kyle-only	ielts	ielts	no	yes	no	yes	no	yes	shi wang	10020	999999	disappoint [v.]	n. 觉醒, 清醒	yes
headgear	帽子	n.	kyle-only	tem8	tem8	no	yes	no	yes	yes	yes	mao zi	9884	999999	hat [n.]	n. 头饰, 马首挽具, 井架\n[医] 头网, 连轮装置	yes
demo	示威	n.	kyle-only	tem8	tem8	no	yes	no	yes	no	yes	shi wei	9785	999999	demonstrate [v.]	n. 演示, 样本唱片\n[计] 演示	yes
enfold	围绕	v.	kyle-only	tem8	tem8	no	yes	no	yes	yes	yes	wei rao	9554	999999	surround [v.] | around [v.]	vt. 包进, 拥抱	yes
earning	收入	n.	kyle-only	toefl	toefl	no	yes	no	yes	yes	yes	shou ru	9301	999999	income [n.]	n. 收入（earn的现在分词）	yes
refectory	食堂	n.	kyle-only	ielts	ielts	no	yes	no	yes	yes	yes	shi tang	9294	999999	cafeteria [n.] | dining hall [n.]	n. 餐厅	yes
proboscis	鼻子	n.	kyle-only	toefl	toefl	no	yes	no	yes	yes	yes	bi zi	9072	999999	nose [n.]	n. 长鼻子, 喙\n[医] 喙, 吻	yes
desirability	愿望	n.	kyle-only	toefl	toefl	no	yes	no	yes	yes	yes	yuan wang	8777	999999	wish [n.]	n. 值得想望, 可取\n[经] 合意性, 可用性	yes
headship	职务	n.	kyle-only	tem8	tem8	no	yes	no	yes	yes	yes	zhi wu	8631	999999	post [n.] | duty [n.]	n. 领导人地位, 能力, 校长职务	yes
narrower	海峡	n.	kyle-only	toefl	toefl	no	yes	no	yes	yes	yes	hai xia	8492	999999	strait [n.]	a. 比较狭窄的（narrow的比较级）	yes
according	按照	adv.	kyle-only	tem8	tem8	no	yes	no	yes	no	yes	an zhao	8448	999999	according to [prep.]	a. 相符的, 根据...而定的\nadv. 相应地	yes
veritable	真正的	adj.	kyle-only	tem8	tem8	no	yes	no	no	new-key	yes	zhen zheng de	8419	999999		a. 名副其实的, 真实的, 确实的, 真的	yes
broadly	广泛	adv.	kyle-only	toefl	toefl	no	yes	no	yes	no	yes	guang fan	8405	999999	broad [adj.]	adv. 宽广地, 明白地, 无礼貌地	yes
contender	对手	n.	kyle-only	toefl	toefl	no	yes	yes	yes	yes	yes	dui shou	8318	999999	opponent [n.] | rival [n.]	n. 参赛者, 争论者, 斗争者, 竞争者	yes
amalgamation	结合	n.	kyle-only	toefl	toefl	no	yes	no	yes	no	yes	jie he	8038	999999	combine [v.] | integrate [v.]	n. 汞齐化, 合并\n[化] 汞齐化; 汞齐化作用; 混汞法	yes
bridal	婚礼	n.	kyle-only	tem8	tem8	no	yes	no	yes	yes	yes	hun li	8035	999999	wedding [n.]	a. 新娘的, 婚礼的	yes
habituation	适应	n.	kyle-only	toefl	toefl	no	yes	no	yes	no	yes	shi ying	7998	999999	adapt [v.]	n. 使习惯, 习惯, 熟习\n[医] 习惯[作用], 习惯化, 成瘾	yes
orientate	适应	v.	kyle-only	ielts	ielts	no	yes	no	yes	yes	yes	shi ying	7998	999999	adapt [v.]	v. 向东, 朝向	yes
setup	安装	n.	kyle-only	toefl	toefl	no	yes	no	yes	no	yes	an zhuang	7839	999999	install [v.]	n. 装备, 组织, 计划, 机构, 调整, 设置\n[计] 设置	yes
garb	穿着	v.	kyle-only	toefl	toefl	no	yes	no	yes	yes	yes	chuan zhuo	7801	999999	wear [v.]	n. 打扮, 装束\nvt. 打扮, 穿衣	yes
secede	退出	v.	kyle-only	toefl	toefl	no	yes	no	yes	yes	yes	tui chu	7722	999999	exit [v.] | quit [v.]	vi. 正式脱离(或退出), 分离\n[法] 退出, 脱离	yes
assertion	声明	n.	kyle-only	tem8	tem8	no	yes	yes	yes	yes	yes	sheng ming	7573	999999	statement [n.]	n. 断言, 主张\n[法] 宣称, 断言, 维护	yes
terrorize	威胁	v.	kyle-only	tem4	tem4	no	yes	no	yes	yes	yes	wei xie	7542	999999	threaten [v.]	vt. 使惊恐, 恐吓\nvi. 实施恐怖统治	yes
enactment	设定	n.	kyle-only	toefl	toefl	no	yes	no	yes	yes	yes	she ding	7525	999999	setting [n.]	n. 制定, 条例, 法规, 法令, 颁布, 规定\n[法] 制定, 规定, 颁布	yes
amends	道歉	n.	kyle-only	ielts	ielts	no	yes	no	yes	no	yes	dao qian	7451	999999	apologize [v.]	n. 赔偿\n[经] 赔偿	yes
attractiveness	魅力	n.	kyle-only	toefl	toefl	no	yes	no	yes	yes	yes	mei li	7429	999999	charm [n.] | appeal [n.]	[经] 吸引性, 有利可图	yes
seduction	魅力	n.	kyle-only	tem8	tem8	no	yes	no	yes	yes	yes	mei li	7429	999999	charm [n.] | appeal [n.]	n. 教唆, 怂恿, 诱惑, 诱惑物, 诱饵\n[法] 诱奸, 勾引, 引诱	yes
combatant	战士	n.	kyle-only	tem8	tem8	no	yes	no	yes	yes	yes	zhan shi	7398	999999	soldier [n.] | warrior [n.]	n. 争斗者, 格斗者\n[法] 战斗者, 参战者	yes
orientate	定位	v.	kyle-only	ielts	ielts	no	yes	yes	yes	yes	yes	ding wei	7347	999999	position [v.] | orient [v.]	v. 向东, 朝向	yes
marginally	稍微	adv.	kyle-only	ielts	ielts	no	yes	no	yes	yes	yes	shao wei	7212	999999	slightly [adv.]	adv. 记在页边, 有旁注, 边缘, 边沿地区, 边际, 限界, 勉强够格, 无关紧要, 少量	yes
festivity	欢乐	n.	kyle-only	tem8	tem8	no	yes	no	yes	no	yes	huan le	7125	999999	joyful [adj.]	n. 节日, 喜庆日, 欢宴, 欢庆	yes
nip	阻止	v.	kyle-only	tem8	tem8	no	yes	no	yes	yes	yes	zu zhi	7081	999999	prevent [v.] | stop [v.]	n. 捏, 夹, 寒冷, 尖刻话\nvt. 捏, 夹, 钳, 剪断, 损伤, 冻伤, 一小口\nvi. 夹, 捏, 刺骨, 快走, 一小口一小口地抿(酒)\n[计] 核心程序的初始程序	yes
obligate	强迫	v.	kyle-only	toefl	toefl	no	yes	yes	yes	yes	yes	qiang po	6982	999999	force [v.] | compel [v.]	vt. 使负义务, 强使, 使感激, 施恩惠于\na. 有责任的, 必须的	yes
underscore	强调	v.	kyle-only	toefl	toefl	no	yes	yes	yes	yes	yes	qiang diao	6934	999999	emphasize [v.]	vt. 划线于...下\nn. (表强调的)下划线\n[计] 底线	yes
exhilaration	兴奋	n.	kyle-only	ielts	ielts	no	yes	no	yes	no	yes	xing fen	6817	999999	excited [adj.]	n. 令人高兴, 愉快	yes
transact	交易	v.	kyle-only	toefl	toefl	no	yes	no	yes	no	yes	jiao yi	6759	999999	trade [n.] | transaction [n.]	vt. 办理, 处理\nvi. 作交易, 谈判	yes
namesake	名义	n.	kyle-only	tem8	tem8	no	yes	no	yes	yes	yes	ming yi	6757	999999	name [n.] | in the name of [n.]	n. 同名人, 同名物	yes
reclamation	改造	n.	kyle-only	toefl	toefl	no	yes	no	yes	no	yes	gai zao	6666	999999	transform [v.] | reform [v.]	n. 开垦, 教化\n[经] 经济上的复原再造	yes
gala	庆祝	n.	kyle-only	tem8	tem8	no	yes	no	yes	no	yes	qing zhu	6622	999999	celebrate [v.]	n. 节日, 祝贺	yes
readiness	迅速	n.	kyle-only	tem8	tem8	no	yes	no	yes	no	yes	xun su	6574	999999	rapid [adj.]	n. 预备, 准备, 敏捷	yes
colonizer	移民	n.	kyle-only	toefl	toefl	no	yes	no	yes	yes	yes	yi min	6528	999999	immigrant [n.]	n. 殖民地开拓者, 殖民者, 移入选民	yes
bonanza	发财	n.	kyle-only	toefl	toefl	no	yes	no	yes	no	yes	fa cai	6441	999999	get rich [v.]	n. 富矿带, 带来好运的事物, 幸运	yes
slacks	放松	v.	kyle-only	tem8	tem8	no	yes	no	yes	yes	yes	fang song	6385	999999	relax [v.]	n. 宽松的裤子, 便裤	yes
unwind	放松	v.	kyle-only	tem8	tem8	no	yes	yes	yes	yes	yes	fang song	6385	999999	relax [v.]	vt. 展开\n[化] 拆卷; 开卷	yes
footman	步兵	n.	kyle-only	tem8	tem8	no	yes	no	yes	yes	yes	bu bing	6348	999999	infantry [n.]	n. 马夫, 仆役	yes
squawk	抗议	n.	kyle-only	tem8	tem8	no	yes	no	yes	no	yes	kang yi	6338	999999	protest [v.]	n. 响而粗的叫声, 夜鹭\nvi. 发出响而粗的叫声, 发牢骚, 诉苦	yes
squawk	抗议	v.	kyle-only	tem8	tem8	no	yes	no	yes	yes	yes	kang yi	6338	999999	protest [v.]	n. 响而粗的叫声, 夜鹭\nvi. 发出响而粗的叫声, 发牢骚, 诉苦	yes
underpin	加强	v.	kyle-only	ielts	ielts	no	yes	no	yes	yes	yes	jia qiang	6279	999999	strengthen [v.] | reinforce [v.]	vt. 从下面支承, 支撑, 支持\n[经] 支撑	yes
prophesy	预告	v.	kyle-only	tem8	tem8	no	yes	no	yes	no	yes	yu gao	6243	999999	preview [n.] | trailer [n.]	v. 预言, 预报	yes
headset	耳机	n.	kyle-only	tem8	tem8	no	yes	no	yes	yes	yes	er ji	6014	999999	earphone [n.] | headphone [n.]	n. (一副)耳机\n[电] 头载机组	yes
founding	资金	n.	kyle-only	toefl	toefl	no	yes	no	yes	yes	yes	zi jin	5982	999999	funds [n.] | capital [n.]	[计] 铸造	yes
funding	资金	n.	kyle-only	toefl	toefl	no	yes	no	yes	yes	yes	zi jin	5982	999999	funds [n.] | capital [n.]	[经] 债务转期	yes
outreach	延伸	n.	kyle-only	tem8	tem8	no	yes	no	yes	no	yes	yan shen	5942	999999	extend [v.] | stretch [v.]	vt. 超出...的范围, 作超出能力所及的事而害及自己, 占...的上风, 胜过\nvi. 走得太远, 伸出, 展开	yes
outreach	延伸	v.	kyle-only	tem8	tem8	no	yes	no	yes	yes	yes	yan shen	5942	999999	extend [v.] | stretch [v.]	vt. 超出...的范围, 作超出能力所及的事而害及自己, 占...的上风, 胜过\nvi. 走得太远, 伸出, 展开	yes
codify	整理	v.	kyle-only	toefl	toefl	no	yes	no	yes	yes	yes	zheng li	5778	999999	organize [v.] | tidy up [v.]	vt. 编成法典\n[法] 使成文法化, 编成法典, 编纂	yes
homebound	回家的	adj.	kyle-only	tem8	tem8	no	yes	no	no	new-key	yes	hui jia de	5729	999999		a. 回家(乡)的, 回本国的	yes
fulfilment	成就	n.	kyle-only	tem8	tem8	no	yes	no	yes	yes	yes	cheng jiu	5659	999999	achievement [n.]	n. 履行, 结束, 完成, 实现, 满意, 称心\n[法] 履行, 实现, 完成	yes
clothe	覆盖	v.	kyle-only	toefl	toefl	no	yes	no	yes	yes	yes	fu gai	5616	999999	cover [v.]	vt. 给...穿衣, 盖上, 赋予	yes
advocacy	主张	n.	kyle-only	tem8	tem8	no	yes	no	yes	no	yes	zhu zhang	5593	999999	advocate [v.] | claim [v.]	n. 拥护, 支持, 鼓吹, 辩护, 辩护术\n[法] 辩护, 拥护, 提倡	yes
rampart	防御	n.	kyle-only	tem8	tem8	no	yes	no	yes	yes	yes	fang yu	5538	999999	defense [n.]	n. 垒, 壁垒, 防御土墙\nvt. 用壁垒围绕, 防卫, 守卫	yes
surrogate	代理	n.	kyle-only	tem8	tem8	no	yes	no	yes	yes	yes	dai li	5500	999999	agent [n.] | proxy [n.]	n. 替代者, 代用品\nvt. 代理, 替代	yes
resuscitation	复活	n.	kyle-only	tem8	tem8	no	yes	no	yes	no	yes	fu huo	5299	999999	revive [v.] | resurrect [v.]	n. 复生, 复兴\n[医] 复苏[术], 回生	yes
garb	服装	n.	kyle-only	toefl	toefl	no	yes	no	yes	yes	yes	fu zhuang	5280	999999	clothing [n.] | garments [n.]	n. 打扮, 装束\nvt. 打扮, 穿衣	yes
grading	等级	n.	kyle-only	toefl	toefl	no	yes	no	yes	yes	yes	deng ji	5181	999999	grade [n.] | level [n.]	[经] 分级, 归类	yes
sobriety	冷静	n.	kyle-only	tem8	tem8	no	yes	no	yes	no	yes	leng jing	5155	999999	calm [adj.]	n. 节制饮酒, 戒酒, 节制, 一本正经, 庄重	yes
subordination	附属	n.	kyle-only	tem8	tem8	no	yes	no	yes	no	yes	fu shu	5138	999999	affiliate [v.]	n. 下级地位, 隶属, 第二位\n[医] 附属, 从属	yes
attune	协调	v.	kyle-only	tem8	tem8	no	yes	no	yes	yes	yes	xie tiao	5062	999999	coordinate [v.]	vt. 为乐器调音, 使协调, 使合拍	yes
watercourses	河道	n.	kyle-only	toefl	toefl	no	yes	no	yes	yes	yes	he dao	4954	999999	river course [n.]	n. 水道, 河道( watercourse的复数形式 )	yes
sobriety	清醒	n.	kyle-only	tem8	tem8	no	yes	no	yes	no	yes	qing xing	4928	999999	clear-headed [adj.]	n. 节制饮酒, 戒酒, 节制, 一本正经, 庄重	yes
crucify	折磨	v.	kyle-only	tem8	tem8	no	yes	yes	yes	yes	yes	zhe mo	4910	999999	torment [v.]	vt. 十字架上钉死	yes
victimise	受害	v.	kyle-only	ielts	ielts	no	yes	no	yes	yes	yes	shou hai	4900	999999	suffer [v.]	vt. 使牺牲, 迫害, 使受害, 欺骗, 欺压	yes
buildup	增长	n.	kyle-only	toefl	toefl	no	yes	no	yes	no	yes	zeng zhang	4889	999999	increase [v.] | grow [v.]	n. 发展, 集结, 增强	yes
liaise	联络	v.	kyle-only	ielts	ielts	no	yes	no	yes	yes	yes	lian luo	4843	999999	contact [v.]	vi. 保持联络, 担任联络官	yes
assertion	认定	n.	kyle-only	tem8	tem8	no	yes	no	yes	no	yes	ren ding	4842	999999	recognize [v.] | determine [v.]	n. 断言, 主张\n[法] 宣称, 断言, 维护	yes
verbiage	废话	n.	kyle-only	toefl	toefl	no	yes	no	yes	yes	yes	fei hua	4773	999999	nonsense [n.]	n. 罗嗦, 冗词, 措辞	yes
stellar	优秀的	adj.	kyle-only	toefl	toefl	no	yes	no	no	new-key	yes	you xiu de	4761	999999		a. 星的, 似星的, 星球的, 主要的	yes
rapprochement	友好	n.	kyle-only	tem8	tem8	no	yes	no	yes	no	yes	you hao	4707	999999	friendly [adj.]	n. 和解, 恢复邦交, 恢复友好关系, 重归于好	yes
sanctify	认可	v.	kyle-only	tem8	tem8	no	yes	no	yes	yes	yes	ren ke	4654	999999	approve [v.] | recognize [v.]	vt. 使神圣, 奉献给神, 使成为神圣之物	yes
desolation	忧伤	n.	kyle-only	tem8	tem8	no	yes	no	yes	no	yes	you shang	4615	999999	sad [adj.] | melancholy [adj.]	n. 荒芜, 荒废, 荒凉	yes
superhuman	超人	n.	kyle-only	tem8	tem8	no	yes	no	yes	yes	yes	chao ren	4593	999999	superman [n.]	a. 超人的, 人类能力所不能及的	yes
nudge	推进	v.	kyle-only	tem8	tem8	no	yes	no	yes	yes	yes	tui jin	4582	999999	advance [v.] | promote [v.]	n. 用肘轻推, 推动, 讨厌家伙	yes
substantiated	证实	v.	kyle-only	toefl	toefl	no	yes	no	yes	yes	yes	zheng shi	4569	999999	confirm [v.]	v. 用事实支持（某主张、说法等）, 证明, 证实( substantiate的过去式和过去分词 )	yes
presidency	任期	n.	kyle-only	toefl	toefl	no	yes	no	yes	yes	yes	ren qi	4543	999999	term [n.]	n. 总统职权, 总裁职位	yes
presidency	职位	n.	kyle-only	toefl	toefl	no	yes	no	yes	yes	yes	zhi wei	4487	999999	position [n.] | post [n.]	n. 总统职权, 总裁职位	yes
synch	同步	v.	kyle-only	tem8	tem8	no	yes	no	yes	yes	yes	tong bu	4482	999999	synchronize [v.]	[计] 同步信号	yes
flit	搬家	n.	kyle-only	tem8	tem8	no	yes	no	yes	no	yes	ban jia	4443	999999	move [v.]	n. 掠过, 迁徙\nvi. 掠过, 迁徙	yes
trounce	打败	v.	kyle-only	tem8	tem8	no	yes	no	yes	yes	yes	da bai	4404	999999	defeat [v.]	vt. 痛打, 严惩	yes
insured	确保	v.	kyle-only	tem8	tem8	no	yes	no	yes	yes	yes	que bao	4371	999999	ensure [v.] | guarantee [v.]	n. 被保险人	yes
finery	装饰	n.	kyle-only	tem8	tem8	no	yes	no	yes	no	yes	zhuang shi	4362	999999	decorate [v.]	n. (华丽的)装饰, (华丽的)服饰, 鲜艳服装, 幽雅, 精炼炉\n[化] 木炭吹炼炉; 木炭精炼炉	yes
tenement	公寓	n.	kyle-only	toefl	toefl	no	yes	no	yes	yes	yes	gong yu	4323	999999	apartment [n.]	n. 房屋, 住房, 保有物, 居所\n[经] 地产, 住屋	yes
aggravation	愤怒	n.	kyle-only	ielts	ielts	no	yes	no	yes	no	yes	fen nu	4280	999999	angry [adj.]	n. 恶化, 加重, 恼怒\n[法] 加重, 严重	yes
visage	外表	n.	kyle-only	tem8	tem8	no	yes	no	yes	yes	yes	wai biao	4258	999999	appearance [n.]	n. 脸, 面貌, 容貌	yes
dynamism	动态	n.	kyle-only	tem8	tem8	no	yes	no	yes	yes	yes	dong tai	4219	999999	trend [n.] | dynamics [n.]	n. 物力论, 力本说\n[医] 动力说, 动力病原论	yes
congregation	集会	n.	kyle-only	tem8	tem8	no	yes	no	yes	yes	yes	ji hui	4175	999999	gathering [n.] | rally [n.]	n. 集合, 聚集\n[法] 集会, 人一, 红衣主教会议	yes
jut	突出	v.	kyle-only	tem8	tem8	no	yes	no	yes	no	yes	tu chu	4158	999999	prominent [adj.]	n. 尖端, 突出部分\nv. (使)突出, 伸出	yes
railhead	终点	n.	kyle-only	toefl	toefl	no	yes	no	yes	yes	yes	zhong dian	4148	999999	finish line [n.]	n. 铁路末站, 铁路线的终点, 铁路线的起点	yes
negation	否认	n.	kyle-only	ielts	ielts	no	yes	no	yes	no	yes	fou ren	4143	999999	deny [v.]	n. 否定, 反面, 不存在\n[医] 否定, 否认	yes
funding	基金	n.	kyle-only	toefl	toefl	no	yes	no	yes	yes	yes	ji jin	4091	999999	fund [n.]	[经] 债务转期	yes
sobriety	严肃	n.	kyle-only	tem8	tem8	no	yes	no	yes	no	yes	yan su	4087	999999	serious [adj.] | solemn [adj.]	n. 节制饮酒, 戒酒, 节制, 一本正经, 庄重	yes
tiresome	无聊的	adj.	kyle-only	tem8	tem8	no	yes	no	no	new-key	yes	wu liao de	4070	999999		a. 累人的, 烦人的	yes
intoxication	中毒	n.	kyle-only	toefl	toefl	no	yes	no	yes	no	yes	zhong du	4067	999999	poisoned [v.]	n. 使醉, 沉醉状态\n[医] 中毒, 醉[酒]	yes
nearness	靠近	n.	kyle-only	toefl	toefl	no	yes	no	yes	no	yes	kao jin	4066	999999	approach [v.]	n. 接近；密切；近似	yes
revamp	改进	n.	kyle-only	tem8	tem8	no	yes	no	yes	no	yes	gai jin	4050	999999	improve [v.]	vt. 换新鞋面, 修理, 修补, 修改\n[经] 整修, 补, 修改	yes
dither	犹豫	v.	kyle-only	tem8	tem8	no	yes	no	yes	yes	yes	you yu	4045	999999	hesitate [v.]	n. 发抖, 兴奋\nvi. 发抖	yes
looseness	解除	n.	kyle-only	toefl	toefl	no	yes	no	yes	no	yes	jie chu	4040	999999	lift [v.] | cancel [v.]	n. 松, 松弛, 漠然\n[医] 松驰	yes
leverage	手段	n.	kyle-only	tem8	tem8	no	yes	no	yes	yes	yes	shou duan	4013	999999	means [n.] | method [n.]	n. 杠杆作用, 杠杆装置, 杠杆效率\n[医] 杠杆率	yes
socialise	来往	v.	kyle-only	ielts	ielts	no	yes	no	yes	yes	yes	lai wang	3995	999999	come and go [v.]	vt. 使社会化, 使社会主义化, 使适合社会需要\nvi. (美)(非正式)参加社交活动, 发生社交往来	yes
anarchy	混乱	n.	kyle-only	tem8	tem8	no	yes	no	yes	no	yes	hun luan	3986	999999	chaotic [adj.] | confused [adj.]	n. 无政府状态, 政治混乱\n[法] 混乱, 无秩序, 无政府状态	yes
fuddle	混乱	n.	kyle-only	tem8	tem8	no	yes	no	yes	no	yes	hun luan	3986	999999	chaotic [adj.] | confused [adj.]	vt. 灌醉, 使烂醉, 使迷糊\nvi. 狂饮\nn. 烂醉	yes
scrum	混乱	n.	kyle-only	tem8	tem8	no	yes	no	yes	no	yes	hun luan	3986	999999	chaotic [adj.] | confused [adj.]	n. (橄榄球中)扭夺, 并列争球	yes
deviance	异常	n.	kyle-only	ielts	ielts	no	yes	no	yes	no	yes	yi chang	3940	999999	abnormal [adj.]	[法] 越轨行为	yes
uppermost	最重要的	adj.	kyle-only	toefl	toefl	no	yes	no	yes	yes	yes	zui zhong yao de	3936	999999	most important [adj.]	a. 最高的, 最上面的\nadv. 在最上面, 在最高处	yes
reprove	谴责	v.	kyle-only	tem8	tem8	no	yes	no	yes	yes	yes	qian ze	3881	999999	condemn [v.] | denounce [v.]	vt. 责备, 责骂, 非难\n[法] 共和国, 共和政体, 社团; 责骂, 谴责, 指责	yes
horrific	可怕的	adj.	kyle-only	tem8	tem8	no	yes	no	no	new-key	yes	ke pa de	3825	999999		a. 令人毛骨悚然的, 感到恐惧的	yes
outreach	超越	v.	kyle-only	tem8	tem8	no	yes	no	yes	yes	yes	chao yue	3593	999999	surpass [v.]	vt. 超出...的范围, 作超出能力所及的事而害及自己, 占...的上风, 胜过\nvi. 走得太远, 伸出, 展开	yes
bout	一阵	n.	kyle-only	tem8	tem8	no	yes	no	yes	no	yes	yi zhen	3587	999999	a burst of [m.]	n. 一回, 回合, 较量\n[医] 发作	yes
hotfoot	急行	v.	kyle-only	tem8	tem8	no	yes	no	yes	no	yes	ji xing	3507	999999	express [n.]	adv. 急忙地；火急地	yes
lighthearted	愉快的	adj.	kyle-only	toefl	toefl	no	yes	no	yes	yes	yes	yu kuai de	3503	999999	pleasant [adj.] | happy [adj.]	a. 快乐的, 心情愉快的；无忧无虑的	yes
modicum	一点点	n.	kyle-only	toefl	toefl	no	yes	no	yes	no	yes	yi dian dian	3490	999999	a little [adj.]	n. 少量	yes
immaculate	完美的	adj.	kyle-only	tem8	tem8	no	yes	yes	yes	yes	yes	wan mei de	3476	999999	perfect [adj.]	a. 无污点的, 纯洁的, 无缺点的, 无辜的\n[医] 无斑点, 无瑕疵的, 洁净的	yes
socialise	交往	v.	kyle-only	ielts	ielts	no	yes	no	yes	yes	yes	jiao wang	3433	999999	date [v.] | associate [v.]	vt. 使社会化, 使社会主义化, 使适合社会需要\nvi. (美)(非正式)参加社交活动, 发生社交往来	yes
amalgamation	融合	n.	kyle-only	toefl	toefl	no	yes	no	yes	no	yes	rong he	3408	999999	merge [v.] | fuse [v.]	n. 汞齐化, 合并\n[化] 汞齐化; 汞齐化作用; 混汞法	yes
athletics	竞技	n.	kyle-only	tem8	tem8	no	yes	no	yes	yes	yes	jing ji	3401	999999	competition [n.]	n. 体育运动	yes
assertive	肯定的	adj.	kyle-only	tem8	tem8	no	yes	no	yes	yes	yes	ken ding de	3341	999999	certain [adj.]	a. 武断的, 过分自信的\n[法] 断言的	yes
rationality	理性	n.	kyle-only	toefl	toefl	no	yes	yes	yes	yes	yes	li xing	3250	999999	reason [n.]	n. 合理性, 纯理性	yes
zip	精力	n.	kyle-only	tem8	tem8	no	yes	yes	yes	yes	yes	jing li	3232	999999	energy [n.]	n. 尖啸声, 拉链, 活力\nvt. 给...以速度, 使增加活力, 拉(拉链)\nvi. 有力而迅速地行动, 嘘嘘地响, 拉拉链	yes
scoring	得分	n.	kyle-only	tem8	tem8	no	yes	no	yes	no	yes	de fen	3223	999999	score [v.]	[化] 擦伤; 划伤	yes
sheen	发光	v.	kyle-only	tem8	tem8	no	yes	no	yes	yes	yes	fa guang	3216	999999	shine [v.]	n. 光辉, 光彩, 光泽\na. 光辉的, 发光的, 有光泽的\nvi. 发出光泽	yes
mediocrity	平凡	n.	kyle-only	tem8	tem8	no	yes	no	yes	no	yes	ping fan	3200	999999	ordinary [adj.]	n. 平常, 平庸之才	yes
twirl	旋转	n.	kyle-only	tem8	tem8	no	yes	no	yes	no	yes	xuan zhuan	3114	999999	rotate [v.] | spin [v.]	vt. (使)快速转动, 捻弄\nn. 转动, 万能钥匙, 旋转的东西	yes
oneness	单一	n.	kyle-only	toefl	toefl	no	yes	no	yes	no	yes	dan yi	3044	999999	single [adj.] | sole [adj.]	n. 单一性, 同一性, 统一性	yes
dynamism	活力	n.	kyle-only	tem8	tem8	no	yes	no	yes	yes	yes	huo li	3004	999999	vitality [n.] | energy [n.]	n. 物力论, 力本说\n[医] 动力说, 动力病原论	yes
backdate	追溯	v.	kyle-only	tem8	tem8	no	yes	no	yes	yes	yes	zhui su	2996	999999	trace back [v.]	vt. 写上比实际早的日期, 回溯	yes
earnestness	坚定	n.	kyle-only	toefl	toefl	no	yes	no	yes	no	yes	jian ding	2972	999999	firm [adj.] | steadfast [adj.]	n. 认真；诚挚；正经	yes
watercraft	船只	n.	kyle-only	toefl	toefl	no	yes	yes	yes	yes	yes	chuan zhi	2943	999999	ship [n.] | vessel [n.]	n. 水性, 船舶, 驾船技术	yes
enfold	包裹	v.	kyle-only	tem8	tem8	no	yes	no	yes	no	yes	bao guo	2869	999999	parcel [n.]	vt. 包进, 拥抱	yes
appreciably	有一点	adv.	kyle-only	toefl	toefl	no	yes	no	yes	no	yes	you yi dian	2864	999999	a little [phr.]	adv. 可估计地, 相当可观	yes
ungracious	讨厌的	adj.	kyle-only	tem8	tem8	no	yes	no	no	new-key	yes	tao yan de	2843	999999		a. 无礼貌的, 不和蔼的, 没有吸引力的	yes
excluding	排除	v.	kyle-only	tem8	tem8	no	yes	no	yes	yes	yes	pai chu	2842	999999	exclude [v.]	prep. 把...排除在外, 不包括..., 不计...	yes
belter	非常好	n.	kyle-only	toefl	toefl	no	yes	no	yes	no	yes	fei chang hao	2834	999999	excellent [adj.]	n. 了不起的人或事；嘹亮的歌	yes
tollgate	关门	n.	kyle-only	toefl	toefl	no	yes	no	yes	no	yes	guan men	2815	999999	close [v.]	n. 收费门, 收费处	yes
handcraft	手艺	n.	kyle-only	toefl	toefl	no	yes	no	yes	yes	yes	shou yi	2811	999999	craftsmanship [n.]	vt. 用手工造	yes
stupor	恍惚	n.	kyle-only	tem8	tem8	no	yes	no	yes	no	yes	huang hu	2785	999999	trance [adj.]	n. 无感觉, 人事不省, 麻木\n[医] 木僵, 昏呆	yes
crucify	克制	v.	kyle-only	tem8	tem8	no	yes	no	yes	yes	yes	ke zhi	2767	999999	restrain [v.]	vt. 十字架上钉死	yes
suspending	延迟	v.	kyle-only	tem4	tem4	no	yes	no	yes	yes	yes	yan chi	2726	999999	delay [v.]	n. 停赛, 悬置；悬浮	yes
hunk	大片	n.	kyle-only	tem8	tem8	no	yes	no	yes	yes	yes	da pian	2691	999999	blockbuster [n.]	n. 大块\na. 行的, 好的	yes
disinterest	客观	n.	kyle-only	toefl	toefl	no	yes	no	yes	no	yes	ke guan	2676	999999	objective [adj.]	n. 无兴趣, 不关心\nvt. 使不关心	yes
according	依照	adv.	kyle-only	tem8	tem8	no	yes	no	yes	no	yes	yi zhao	2661	999999	according to [prep.] | per [prep.]	a. 相符的, 根据...而定的\nadv. 相应地	yes
distinctly	显然	adv.	kyle-only	toefl	toefl	no	yes	yes	yes	yes	yes	xian ran	2660	999999	obviously [adv.] | clearly [adv.]	adv. 显然地, 明显地, 清楚地	yes
noticeably	显然	adv.	kyle-only	toefl	toefl	no	yes	no	yes	yes	yes	xian ran	2660	999999	obviously [adv.] | clearly [adv.]	adv. 显而易见, 值得注意, 重要, 显著	yes
straggle	迷路	v.	kyle-only	tem8	tem8	no	yes	no	yes	yes	yes	mi lu	2594	999999	get lost [v.]	vi. 掉队, 落伍, 蔓延, 散乱\nn. 低空扫射	yes
rectitude	诚实	n.	kyle-only	tem8	tem8	no	yes	no	yes	no	yes	cheng shi	2582	999999	honest [adj.]	n. 正直, 纯正, 正确\n[法] 公正, 正直, 严正	yes
disinterest	冷漠	n.	kyle-only	toefl	toefl	no	yes	no	yes	no	yes	leng mo	2576	999999	indifferent [adj.] | cold [adj.]	n. 无兴趣, 不关心\nvt. 使不关心	yes
reenter	重返	v.	kyle-only	toefl	toefl	no	yes	no	yes	yes	yes	chong fan	2565	999999	return to [v.]	n. 重进入\n[法] 重新占有, 再进入, 再登记	yes
squawk	故障	n.	kyle-only	tem8	tem8	no	yes	no	yes	yes	yes	gu zhang	2545	999999	breakdown [n.]	n. 响而粗的叫声, 夜鹭\nvi. 发出响而粗的叫声, 发牢骚, 诉苦	yes
highness	高贵	n.	kyle-only	tem8	tem8	no	yes	no	yes	no	yes	gao gui	2440	999999	noble [adj.]	n. 高, 高尚, 殿下	yes
citadel	大本营	n.	kyle-only	toefl	toefl	no	yes	no	yes	yes	yes	da ben ying	2429	999999	base camp [n.]	n. 城堡, 避难处	yes
handcraft	手工	n.	kyle-only	toefl	toefl	no	yes	yes	yes	yes	yes	shou gong	2420	999999	handmade [n.] | handicraft [n.]	vt. 用手工造	yes
parson	牧师	n.	kyle-only	tem8	tem8	no	yes	yes	yes	yes	yes	mu shi	2414	999999	pastor [n.] | priest [n.]	n. 教区牧师	yes
remission	缓解	n.	kyle-only	tem8	tem8	no	yes	no	yes	no	yes	huan jie	2380	999999	relieve [v.] | ease [v.]	n. 宽恕, 豁免, 免罪, 缓和, 减轻\n[医] 缓解, 弛张	yes
respite	缓解	n.	kyle-only	tem8	tem8	no	yes	no	yes	no	yes	huan jie	2380	999999	relieve [v.] | ease [v.]	n. 暂缓, 缓期执行\nvt. 使暂缓	yes
grading	评分	n.	kyle-only	toefl	toefl	no	yes	no	yes	no	yes	ping fen	2378	999999	rate [v.] | score [v.]	[经] 分级, 归类	yes
wintry	冬天的	adj.	kyle-only	toefl	toefl	no	yes	no	no	new-key	yes	dong tian de	2376	999999		a. 如冬的, 寒冷的, 冬的, 冷淡的	yes
brash	碎片	n.	kyle-only	tem8	tem8	no	yes	no	yes	yes	yes	sui pian	2369	999999	fragment [n.] | shard [n.]	a. 性急的, 仓促的, 无礼的, 傲慢的\nn. 胃灼热, 骤雨, 碎石堆	yes
disinterest	公正	n.	kyle-only	toefl	toefl	no	yes	no	yes	no	yes	gong zheng	2364	999999	fair [adj.] | just [adj.]	n. 无兴趣, 不关心\nvt. 使不关心	yes
rectitude	公正	n.	kyle-only	tem8	tem8	no	yes	no	yes	no	yes	gong zheng	2364	999999	fair [adj.] | just [adj.]	n. 正直, 纯正, 正确\n[法] 公正, 正直, 严正	yes
popularise	普及	v.	kyle-only	tem8	tem8	no	yes	yes	yes	yes	yes	pu ji	2361	999999	popularize [v.] | spread [v.]	vt.vi. 使通俗化, 使受欢迎, 使大众化, 使普及, 宣传, 推广	yes
agility	活泼	n.	kyle-only	toefl	toefl	no	yes	no	yes	no	yes	huo po	2358	999999	lively [adj.] | active [adj.]	n. 敏捷, 灵活, 机敏	yes
erasure	消除	n.	kyle-only	tem8	tem8	no	yes	no	yes	no	yes	xiao chu	2344	999999	eliminate [v.]	n. 擦除, 抹掉\n[电] 擦掉	yes
colonization	殖民	n.	kyle-only	toefl	toefl	no	yes	no	yes	no	yes	zhi min	2337	999999	colonize [v.]	[医] 移生, 移地发育; 集中护理(精神病人)	yes
cartridge	笔芯	n.	kyle-only	tem8	tem8	no	yes	no	yes	yes	yes	bi xin	2329	999999	refill [n.]	n. 弹药筒, 弹药, 一卷软片, 墨粉鼓\n[计] 盒式磁带机	yes
clearing	澄清	v.	kyle-only	toefl	toefl	no	yes	no	yes	yes	yes	cheng qing	2306	999999	clarify [v.]	n. 清扫, 空地, 票据清算\n[经] 票据交换, 结算, 结帐	yes
impound	没收	v.	kyle-only	tem8	tem8	no	yes	yes	yes	yes	yes	mo shou	2303	999999	confiscate [v.]	vt. 关在栏中, 拘留, 充公\n[经] 扣押	yes
payout	花费	n.	kyle-only	tem8	tem8	no	yes	no	yes	no	yes	hua fei	2263	999999	spend [v.] | cost [v.]	n. 支出, 付出款项\n[经] 付出款项, 花费, 支出	yes
sledding	进展	n.	kyle-only	toefl	toefl	no	yes	no	yes	yes	yes	jin zhan	2256	999999	progress [n.]	n. 乘雪撬	yes
flit	移居	v.	kyle-only	tem8	tem8	no	yes	no	yes	yes	yes	yi ju	2255	999999	migrate [v.] | move [v.]	n. 掠过, 迁徙\nvi. 掠过, 迁徙	yes
evacuation	撤离	n.	kyle-only	toefl	toefl	no	yes	no	yes	no	yes	che li	2234	999999	evacuate [v.]	n. 撤退, 疏散\n[化] 抽空; 排空	yes
linesman	前锋	n.	kyle-only	tem8	tem8	no	yes	no	yes	yes	yes	qian feng	2225	999999	forward [n.] | striker [n.]	n. 常备步兵, 线路保养工, 边线裁判员	yes
toleration	忍受	n.	kyle-only	tem8	tem8	no	yes	no	yes	no	yes	ren shou	2208	999999	endure [v.] | bear [v.]	n. 宽容, 默认, 信仰自由\n[医] 耐量; 耐受性, 耐力	yes
disquiet	不安	v.	kyle-only	toefl	toefl	no	yes	no	yes	no	yes	bu an	2175	999999	uneasy [adj.]	vt. 打搅, 使烦恼, 使忧虑, 使不安\nn. 不安, 焦虑, 不平静	yes
uneasiness	担忧	n.	kyle-only	tem8	tem8	no	yes	no	yes	no	yes	dan you	2140	999999	worry [v.]	n. 不舒适, 不安, 局促	yes
espionage	间谍	n.	kyle-only	tem8	tem8	no	yes	no	yes	yes	yes	jian die	2126	999999	spy [n.]	n. 间谍活动\n[法] 间谍活动, 刺探, 间谍	yes
bylaw	法规	n.	kyle-only	toefl	toefl	no	yes	no	yes	yes	yes	fa gui	2124	999999	regulation [n.]	n. 附则, 细则	yes
trundle	运送	v.	kyle-only	tem8	tem8	no	yes	no	yes	yes	yes	yun song	2113	999999	transport [v.] | convey [v.]	n. 小车轮, 脚轮, 滚动\nvi. 滚动, 移动, 投球\nvt. 使滚动, 使移转	yes
reexamine	复试	v.	kyle-only	toefl	toefl	no	yes	no	yes	no	yes	fu shi	2086	999999	second exam [n.]	vt. 重考, 再检查, 再审查\n[经] 再检查, 再调查	yes
juxtaposition	毗邻	n.	kyle-only	toefl	toefl	no	yes	no	yes	no	yes	pi lin	2076	999999	adjacent [v.] | border [v.]	n. 并排, 并置, 并列\n[医] 并列, 并置, 对合	yes
dram	少量	n.	kyle-only	toefl	toefl	no	yes	no	yes	yes	yes	shao liang	2073	999999	small amount [n.]	n. 打兰, 少量的酒(或饮料), 微量, 动态随机存取存储器\n[计] 动态RAM, 动态随机存储器	yes
eviction	收回	n.	kyle-only	tem8	tem8	no	yes	no	yes	no	yes	shou hui	2063	999999	take back [v.] | recover [v.]	n. 逐出, 赶出\n[法] 收回财产, 收回租地, 没收	yes
clipper	剪刀	n.	kyle-only	toefl	toefl	no	yes	no	yes	yes	yes	jian dao	2044	999999	scissors [n.]	n. 大剪刀\n[电] 截割器	yes
underscore	底线	n.	kyle-only	toefl	toefl	no	yes	no	yes	yes	yes	di xian	2033	999999	bottom line [n.]	vt. 划线于...下\nn. (表强调的)下划线\n[计] 底线	yes
waistcoat	背心	n.	kyle-only	tem8	tem8	no	yes	yes	yes	yes	yes	bei xin	2020	999999	vest [n.]	n. 西装背心, 马甲	yes
crimp	抑制	v.	kyle-only	toefl	toefl	no	yes	no	yes	yes	yes	yi zhi	2018	999999	suppress [v.] | inhibit [v.]	n. 诱人当兵的人, 拳曲, 鬈发\nvt. 诱...去当兵, 使拳曲, 使有褶	yes
cowhand	牛仔	n.	kyle-only	toefl	toefl	no	yes	yes	yes	yes	yes	niu zai	1988	999999	cowboy [n.]	n. （美）牧牛工	yes
protracted	绘制	v.	kyle-only	tem8	tem8	no	yes	no	yes	yes	yes	hui zhi	1984	999999	draw [v.] | map [v.]	a. 拖延的	yes
contort	扭曲	v.	kyle-only	tem8	tem8	no	yes	yes	yes	yes	yes	niu qu	1974	999999	distort [v.]	vt. 扭弯, 曲解\nvi. 扭弯	yes
torsion	扭曲	n.	kyle-only	tem8	tem8	no	yes	no	yes	no	yes	niu qu	1974	999999	distort [v.]	n. 扭转, 转矩\n[化] 扭转	yes
suntan	棕色	n.	kyle-only	tem8	tem8	no	yes	no	yes	yes	yes	zong se	1957	999999	brown [n.]	n. 晒黑, 土黄色军服	yes
enormously	极度	adv.	kyle-only	toefl	toefl	no	yes	no	yes	yes	yes	ji du	1869	999999	extremely [adv.]	adv. 非常地, 巨大地	yes
excluding	除外	v.	kyle-only	tem8	tem8	no	yes	no	yes	yes	yes	chu wai	1869	999999	exclude [v.]	prep. 把...排除在外, 不包括..., 不计...	yes
misadventure	灾难	n.	kyle-only	tem8	tem8	no	yes	no	yes	yes	yes	zai nan	1834	999999	disaster [n.]	n. 运气不佳的遭遇\n[法] 意外事故, 不辛遭遇, 灾难	yes
citadel	要塞	n.	kyle-only	toefl	toefl	no	yes	no	yes	yes	yes	yao sai	1819	999999	fortress [n.]	n. 城堡, 避难处	yes
officeholder	公务员	n.	kyle-only	toefl	toefl	no	yes	no	yes	yes	yes	gong wu yuan	1797	999999	civil servant [n.]	n. 官员	yes
espionage	侦察	n.	kyle-only	tem8	tem8	no	yes	no	yes	no	yes	zhen cha	1794	999999	reconnoiter [v.]	n. 间谍活动\n[法] 间谍活动, 刺探, 间谍	yes
diffuses	扩散	v.	kyle-only	toefl	toefl	no	yes	no	yes	yes	yes	kuo san	1769	999999	spread [v.]	v. （使光）模糊, 漫射, 漫散( diffuse的第三人称单数 ); （使）扩散; （使）弥漫; （使）传播	yes
diffusion	扩散	n.	kyle-only	toefl	toefl	no	yes	no	yes	no	yes	kuo san	1769	999999	spread [v.]	n. 散播, 传播, 蔓延\n[医] 扩散, 弥散, 漫射(光)	yes
interrogative	提问	adj.	kyle-only	tem8	tem8	no	yes	no	yes	no	yes	ti wen	1769	999999	ask question [v.]	n. 疑问词, 问号\na. 疑惑的, 疑问的	yes
respecting	尊敬	v.	kyle-only	tem4	tem4	no	yes	no	yes	yes	yes	zun jing	1769	999999	respect [v.]	prep. 关于, 鉴于	yes
meant	意味	v.	kyle-only	tem8	tem8	no	yes	no	yes	no	yes	yi wei	1744	999999	meaning [n.]	mean的过去式和过去分词	yes
storehouses	仓库	n.	kyle-only	toefl	toefl	no	yes	no	yes	yes	yes	cang ku	1728	999999	warehouse [n.]	n. 仓库( storehouse的复数形式 ); 货栈; 知识宝库; 知识丰富的人	yes
vexation	苦恼	n.	kyle-only	tem8	tem8	no	yes	yes	yes	yes	yes	ku nao	1728	999999	trouble [n.] | worry [n.]	n. 恼怒, 烦恼, 令人恼火的事情\n[法] 招人烦恼的事物, 烦恼, 苦闷	yes
commendation	赞扬	n.	kyle-only	tem8	tem8	no	yes	no	yes	no	yes	zan yang	1726	999999	praise [v.]	n. 赞赏, 嘉奖, 推荐	yes
lightness	灵活	n.	kyle-only	toefl	toefl	no	yes	no	yes	no	yes	ling huo	1712	999999	flexible [adj.] | agile [adj.]	n. 光亮度, (颜色的)浅淡, 轻率, 轻佻, 轻浮, 轻盈, 轻松, 轻巧, 精巧, 优美\n[计] 亮度	yes
mobilise	动员	v.	kyle-only	tem8	tem8	no	yes	yes	yes	yes	yes	dong yuan	1693	999999	mobilize [v.]	vi.vt. 动员, 松动, 使活动, 调动, 发动	yes
hacienda	庄园	n.	kyle-only	toefl	toefl	no	yes	no	yes	yes	yes	zhuang yuan	1692	999999	manor [n.] | estate [n.]	n. 大庄园	yes
bastion	堡垒	n.	kyle-only	tem8	tem8	no	yes	no	yes	yes	yes	bao lei	1684	999999	fortress [n.]	n. 棱堡, 阵地工事	yes
citadel	堡垒	n.	kyle-only	toefl	toefl	no	yes	no	yes	yes	yes	bao lei	1684	999999	fortress [n.]	n. 城堡, 避难处	yes
loyally	忠诚	adv.	kyle-only	toefl	toefl	no	yes	no	yes	no	yes	zhong cheng	1664	999999	loyal [adj.] | faithful [adj.]	adv. 忠诚地, 忠义地, 诚实地	yes
stronghold	据点	n.	kyle-only	toefl	toefl	no	yes	no	yes	yes	yes	ju dian	1648	999999	base [n.]	n. 要塞, 堡垒, 大本营	yes
condenses	压缩	v.	kyle-only	toefl	toefl	no	yes	no	yes	yes	yes	ya suo	1635	999999	compress [v.]	v. 浓缩; （使）变稠或变浓, 浓缩( condense的第三人称单数 ); （使）凝结; 简说, 摘要, 简述	yes
revamp	翻新	v.	kyle-only	tem8	tem8	no	yes	no	yes	yes	yes	fan xin	1627	999999	renovate [v.]	vt. 换新鞋面, 修理, 修补, 修改\n[经] 整修, 补, 修改	yes
screening	放映	n.	kyle-only	toefl	toefl	no	yes	no	yes	no	yes	fang ying	1621	999999	screen [v.] | show [v.]	[医] 筛选, 筛分(如普查癌、结核等病), 萤光屏检查	yes
credence	信念	n.	kyle-only	toefl	toefl	no	yes	no	yes	yes	yes	xin nian	1606	999999	belief [n.] | faith [n.]	n. 信任, 祭器台, 供桌, 凭证\n[法] 设计人, 创立人, 创设人	yes
neutralise	中和	v.	kyle-only	tem8	tem8	no	yes	yes	yes	yes	yes	zhong he	1604	999999	neutralize [v.]	vt. 使中立化, 使成为无效\nvt.vi. 抵销, (使)中和	yes
cavort	跳跃	v.	kyle-only	ielts	ielts	no	yes	no	yes	yes	yes	tiao yue	1595	999999	jump [v.]	vi. 腾跃	yes
bane	祸害	n.	kyle-only	tem8	tem8	no	yes	yes	yes	yes	yes	huo hai	1584	999999	scourge [n.]	n. 祸根, 毒药, 灭亡的原因, 灭亡\n[医] 毒物, 毒, 毒药	yes
slur	诋毁	v.	kyle-only	tem8	tem8	no	yes	no	yes	yes	yes	di hui	1547	999999	slander [v.] | defame [v.]	n. 连音符, 诽谤, 玷污, 印刷模糊\nvt. 草率地看过, 忽略, 含糊地念\nvi. 模糊不清	yes
encampment	营地	n.	kyle-only	tem8	tem8	no	yes	yes	yes	yes	yes	ying di	1537	999999	camp [n.]	n. 露营, 宿营	yes
slur	忽视	v.	kyle-only	tem8	tem8	no	yes	no	yes	yes	yes	hu shi	1530	999999	ignore [v.] | neglect [v.]	n. 连音符, 诽谤, 玷污, 印刷模糊\nvt. 草率地看过, 忽略, 含糊地念\nvi. 模糊不清	yes
economise	节约	v.	kyle-only	tem8	tem8	no	yes	yes	yes	yes	yes	jie yue	1513	999999	save [v.] | economize [v.]	vi.vt. 节约, 避免浪费, 节省\n[经] 节约	yes
lexis	词语	n.	kyle-only	tem8	tem8	no	yes	no	yes	yes	yes	ci yu	1489	999999	word [n.]	n. 词, 词汇	yes
mating	配套	n.	kyle-only	tem8	tem8	no	yes	no	yes	no	yes	pei tao	1487	999999	supporting [v.]	n. 交配\n[化] 配套; 交配	yes
druggist	牙膏	n.	kyle-only	tem8	tem8	no	yes	no	yes	yes	yes	ya gao	1458	999999	toothpaste [n.]	n. 药商, 药材商, 药剂师\n[医] 药商, 调剂员	yes
attractiveness	吸引力	n.	kyle-only	toefl	toefl	no	yes	yes	yes	yes	yes	xi yin li	1456	999999	attraction [n.]	[经] 吸引性, 有利可图	yes
orthodoxy	正统	n.	kyle-only	tem8	tem8	no	yes	no	yes	no	yes	zheng tong	1449	999999	orthodox [adj.]	n. 正统说法, 正教, 信奉正教	yes
debacle	灾害	n.	kyle-only	tem8	tem8	no	yes	no	yes	yes	yes	zai hai	1442	999999	disaster [n.] | calamity [n.]	n. 崩溃, 大失败	yes
citadel	根据地	n.	kyle-only	toefl	toefl	no	yes	no	yes	yes	yes	gen ju di	1439	999999	base [n.]	n. 城堡, 避难处	yes
grump	发脾气	v.	kyle-only	toefl	toefl	no	yes	no	yes	yes	yes	fa pi qi	1439	999999	lose temper [v.]	n. 一阵坏脾气, 发火, 脾气坏的人\nvi. 闹情绪, 发牢骚	yes
percolate	过滤	v.	kyle-only	toefl	toefl	no	yes	yes	yes	yes	yes	guo lv	1432	999999	filter [v.]	vt.vi. 滤, 滤过, 渗开, (使)渗透, (使)渗滤\nn. 滤过液, 渗出液\nvt. 用渗滤壶煮(咖啡)	yes
finery	服饰	n.	kyle-only	tem8	tem8	no	yes	no	yes	yes	yes	fu shi	1423	999999	clothing [n.]	n. (华丽的)装饰, (华丽的)服饰, 鲜艳服装, 幽雅, 精炼炉\n[化] 木炭吹炼炉; 木炭精炼炉	yes
scathing	损伤	v.	kyle-only	tem8	tem8	no	yes	no	yes	yes	yes	sun shang	1409	999999	damage [v.]	a. 伤害的, 损伤的, 严厉的	yes
americana	史料	n.	kyle-only	toefl	toefl	no	yes	no	yes	yes	yes	shi liao	1408	999999	historical material [n.]	n. 美国文物；美国文献	yes
inset	插入	v.	kyle-only	tem8	tem8	no	yes	no	yes	yes	yes	cha ru	1400	999999	insert [v.]	vt. 嵌入\nn. 插入物, 插页, 插图	yes
simplification	简化	n.	kyle-only	toefl	toefl	no	yes	no	yes	no	yes	jian hua	1397	999999	simplify [v.]	n. 单一化, 单纯化, 简单化	yes
accession	就职	n.	kyle-only	tem8	tem8	no	yes	no	yes	no	yes	jiu zhi	1392	999999	take office [v.]	n. 到达, 即位, 增加, 同意, 发作, 正式接受\nvt. 登记入册	yes
deliverance	救助	n.	kyle-only	tem8	tem8	no	yes	no	yes	no	yes	jiu zhu	1391	999999	rescue [v.] | aid [v.]	n. 解脱, 解救, 释放, 判决\n[法] 交保, 判决, 正式意见	yes
succour	救助	v.	kyle-only	tem8	tem8	no	yes	no	yes	yes	yes	jiu zhu	1391	999999	rescue [v.] | aid [v.]	n. 解救, 援助者\nvt. 解救, 援助	yes
chalet	小屋	n.	kyle-only	tem8	tem8	no	yes	no	yes	yes	yes	xiao wu	1361	999999	hut [n.] | cabin [n.]	n. 瑞士山中的牧人小屋	yes
hovel	小屋	n.	kyle-only	tem8	tem8	no	yes	yes	yes	yes	yes	xiao wu	1361	999999	hut [n.] | cabin [n.]	n. 简陋小屋, 杂物间, 家畜小屋	yes
shanty	小屋	n.	kyle-only	ielts	ielts	no	yes	yes	yes	yes	yes	xiao wu	1361	999999	hut [n.] | cabin [n.]	n. 棚屋	yes
harrowing	开拓	v.	kyle-only	tem8	tem8	no	yes	no	yes	yes	yes	kai tuo	1357	999999	pioneer [v.] | develop [v.]	a. 痛心的, 悲惨的\n[医] 神经纤维松解法	yes
earning	所得	n.	kyle-only	toefl	toefl	no	yes	no	yes	yes	yes	suo de	1356	999999	income [n.]	n. 收入（earn的现在分词）	yes
weaponry	兵器	n.	kyle-only	tem8	tem8	no	yes	no	yes	yes	yes	bing qi	1356	999999	weapon [n.]	n. 武器, 军备, 武器设计研制学	yes
manicure	美甲	n.	kyle-only	tem8	tem8	no	yes	no	yes	yes	yes	mei jia	1344	999999	nail art [n.]	n. 修指甲术, 修指甲, 修指甲师\nvt. 修指甲, 修剪	yes
manicure	美甲	v.	kyle-only	tem8	tem8	no	yes	no	yes	no	yes	mei jia	1344	999999	nail art [n.]	n. 修指甲术, 修指甲, 修指甲师\nvt. 修指甲, 修剪	yes
scupper	突袭	v.	kyle-only	tem8	tem8	no	yes	no	yes	yes	yes	tu xi	1333	999999	raid [v.]	n. 甲板排水孔, 泄水口	yes
infinity	无穷	n.	kyle-only	tem8	tem8	no	yes	no	yes	no	yes	wu qiong	1316	999999	infinite [adj.] | endless [adj.]	n. 无限大, 无限\n[计] 无穷	yes
extremities	末端	n.	kyle-only	tem8	tem8	no	yes	no	yes	yes	yes	mo duan	1304	999999	end [n.] | tip [n.]	n. 端点( extremity的名词复数 ); 尽头; 手和足; 极窘迫的境地	yes
grocer	杂货店	n.	kyle-only	tem8	tem8	no	yes	no	yes	yes	yes	za huo dian	1300	999999	grocery store [n.]	n. 食品商	yes
tryout	预赛	n.	kyle-only	tem8	tem8	no	yes	no	yes	yes	yes	yu sai	1300	999999	preliminary [n.]	n. 试验, 试用, 选拔赛	yes
cowardice	胆小	n.	kyle-only	tem8	tem8	no	yes	no	yes	no	yes	dan xiao	1286	999999	timid [adj.]	n. 懦弱	yes
fiddling	诈骗	n.	kyle-only	tem8	tem8	no	yes	no	yes	no	yes	zha pian	1279	999999	defraud [v.] | swindle [v.]	a. 拉小提琴的, 微小的, 无用的	yes
unwind	解开	v.	kyle-only	tem8	tem8	no	yes	no	yes	yes	yes	jie kai	1263	999999	untie [v.]	vt. 展开\n[化] 拆卷; 开卷	yes
unwrap	解开	v.	kyle-only	ielts	ielts	no	yes	no	yes	yes	yes	jie kai	1263	999999	untie [v.]	vt. 打开	yes
underpin	巩固	v.	kyle-only	ielts	ielts	no	yes	no	yes	yes	yes	gong gu	1259	999999	consolidate [v.] | strengthen [v.]	vt. 从下面支承, 支撑, 支持\n[经] 支撑	yes
tranquillity	宁静	n.	kyle-only	toefl	toefl	no	yes	no	yes	no	yes	ning jing	1226	999999	peaceful [adj.]	 心神稳定	yes
beckon	手势	n.	kyle-only	tem8	tem8	no	yes	no	yes	yes	yes	shou shi	1224	999999	gesture [n.]	v. 招手示意, 召唤, 吸引\nn. 表召唤的点头(或手势)	yes
festivity	庆典	n.	kyle-only	tem8	tem8	no	yes	yes	yes	yes	yes	qing dian	1210	999999	celebration [n.]	n. 节日, 喜庆日, 欢宴, 欢庆	yes
bonanza	繁荣	n.	kyle-only	toefl	toefl	no	yes	no	yes	no	yes	fan rong	1206	999999	prosperous [adj.]	n. 富矿带, 带来好运的事物, 幸运	yes
misbehave	作弊	v.	kyle-only	tem8	tem8	no	yes	no	yes	yes	yes	zuo bi	1206	999999	cheat [v.]	v. (使)行为无礼貌, (使)行为不端	yes
diffidence	内向	n.	kyle-only	tem8	tem8	no	yes	no	yes	no	yes	nei xiang	1204	999999	introverted [adj.]	n. 无自信, 畏缩, 羞怯	yes
gaiety	喜庆	n.	kyle-only	tem8	tem8	no	yes	no	yes	no	yes	xi qing	1189	999999	festive [adj.] | joyous [adj.]	n. 愉快, 快活, 高兴	yes
ineptitude	无能	n.	kyle-only	tem8	tem8	no	yes	no	yes	no	yes	wu neng	1188	999999	incompetent [adj.]	n. 不适当, 愚笨, 愚昧言行\n[法] 不称职, 无能, 不适当	yes
breakup	破裂	n.	kyle-only	toefl	toefl	no	yes	no	yes	no	yes	po lie	1172	999999	burst [v.] | break [v.]	n. 分裂, 崩溃, 解散, 解体\n[电] 停止	yes
bout	发作	n.	kyle-only	tem8	tem8	no	yes	no	yes	no	yes	fa zuo	1171	999999	attack [v.]	n. 一回, 回合, 较量\n[医] 发作	yes
interment	葬礼	n.	kyle-only	tem8	tem8	no	yes	no	yes	yes	yes	zang li	1171	999999	funeral [n.]	n. 埋葬, 土葬\n[医] 埋葬	yes
cackle	饶舌	v.	kyle-only	tem8	tem8	no	yes	no	yes	no	yes	rao she	1168	999999	talkative [adj.]	n. 咯咯声, 高笑声, 饶舌, 闲谈\nvi. 咯咯地叫, 咯咯地笑, 喋喋不休	yes
conscription	征召	n.	kyle-only	toefl	toefl	no	yes	no	yes	no	yes	zheng zhao	1149	999999	conscript [v.]	n. 征兵, 募兵, 征用(制度)\n[法] 征兵, 征用	yes
enfold	折叠	v.	kyle-only	tem8	tem8	no	yes	no	yes	yes	yes	zhe die	1142	999999	fold [v.]	vt. 包进, 拥抱	yes
furl	折叠	n.	kyle-only	tem8	tem8	no	yes	no	yes	no	yes	zhe die	1142	999999	fold [v.]	vt. 卷收, 叠, 收拢\nvi. 卷起, 收拢\nn. 卷收, 卷起, 卷起的方式	yes
hiding	殴打	n.	kyle-only	tem8	tem8	no	yes	no	yes	no	yes	ou da	1141	999999	beat [v.]	n. 隐匿, 隐藏之事, 隐匿之所, 痛打\n[法] 躲藏, 躲藏处	yes
maul	殴打	v.	kyle-only	tem8	tem8	no	yes	no	yes	yes	yes	ou da	1141	999999	beat [v.]	n. 大槌\nvt. 打伤, 粗手粗脚地摆弄, 抨击	yes
exaltation	举起	n.	kyle-only	tem8	tem8	no	yes	no	yes	no	yes	ju qi	1135	999999	raise [v.]	n. 提升, 提高, 得意洋洋\n[医] [异常]兴奋, 激越	yes
undulate	震动	v.	kyle-only	tem8	tem8	no	yes	no	yes	yes	yes	zhen dong	1123	999999	shake [v.] | vibrate [v.]	a. 波动的, 起伏的\nvi. 波动, 起伏, 呈波浪形\nvt. 使起伏, 使波动	yes
barrow	古坟	n.	kyle-only	tem8	tem8	no	yes	no	yes	yes	yes	gu fen	1120	999999	ancient tomb [n.]	n. 搬运架, 手推车, 古墓\n[机] 矿皮, 弃矿	yes
codify	编纂	v.	kyle-only	toefl	toefl	no	yes	no	yes	yes	yes	bian zuan	1120	999999	compile [v.]	vt. 编成法典\n[法] 使成文法化, 编成法典, 编纂	yes
reversion	逆转	n.	kyle-only	tem8	tem8	no	yes	no	yes	no	yes	ni zhuan	1119	999999	reverse [v.]	n. 回复, 复原, 归还, 继承权\n[化] 返硫	yes
divinity	神学	n.	kyle-only	tem8	tem8	no	yes	yes	yes	yes	yes	shen xue	1115	999999	theology [n.]	n. 神, 神性	yes
seclusion	隐居	n.	kyle-only	toefl	toefl	no	yes	no	yes	no	yes	yin ju	1109	999999	seclude [v.]	n. 隔离, 隐退	yes
clientele	顾客	n.	kyle-only	ielts	ielts	no	yes	no	yes	yes	yes	gu ke	1099	999999	customer [n.]	n. 诉讼委托人, 客户\n[法] 委托人, 受保护者, 门徒	yes
squawk	叫声	n.	kyle-only	tem8	tem8	no	yes	no	yes	yes	yes	jiao sheng	1099	999999	cry [n.] | call [n.]	n. 响而粗的叫声, 夜鹭\nvi. 发出响而粗的叫声, 发牢骚, 诉苦	yes
heath	荒野	n.	kyle-only	tem8	tem8	no	yes	no	yes	yes	yes	huang ye	1095	999999	wilderness [n.]	n. 石南荒原, 低矮灌木	yes
firing	开火	n.	kyle-only	toefl	toefl	no	yes	no	yes	no	yes	kai huo	1079	999999	fire [v.] | open fire [v.]	n. 烧毁, 焚烧, 加热, 添煤\n[计] 点火	yes
firing	开火	v.	kyle-only	toefl	toefl	no	yes	no	yes	yes	yes	kai huo	1079	999999	fire [v.] | open fire [v.]	n. 烧毁, 焚烧, 加热, 添煤\n[计] 点火	yes
devolution	退化	n.	kyle-only	tem8	tem8	no	yes	no	yes	no	yes	tui hua	1076	999999	degenerate [v.] | devolve [v.]	n. 相传, 转让, 委付\n[医] 退化, 异化	yes
regression	退化	n.	kyle-only	tem8	tem8	no	yes	no	yes	no	yes	tui hua	1076	999999	degenerate [v.] | devolve [v.]	n. 退步, 回归\n[计] 回归	yes
stabilization	稳定性	n.	kyle-only	toefl	toefl	no	yes	no	yes	yes	yes	wen ding xing	1068	999999	stability [n.]	n. 安定, 稳定, 平抑, 安定化, 稳定化\n[医] 稳定, 安定	yes
criteria	准则	n.	kyle-only	toefl	toefl	no	yes	no	yes	yes	yes	zhun ze	1048	999999	criterion [n.]	pl. 标准\n[计] 条件	yes
mores	风俗	n.	kyle-only	tem8	tem8	no	yes	no	yes	yes	yes	feng su	1045	999999	custom [n.] | manners [n.]	n. 习惯, 道德态度, 惯例, 习俗\n[医] 风俗, 习惯	yes
boggle	惊奇	n.	kyle-only	tem8	tem8	no	yes	no	yes	no	yes	jing qi	1044	999999	surprised [adj.]	vi. 犹豫, 踌躇, 吃惊, 搪塞\nvt. 搞坏\nn. 犹豫, 吃惊	yes
devastation	荒废	n.	kyle-only	toefl	toefl	no	yes	no	yes	no	yes	huang fei	1041	999999	neglect [v.] | waste [v.]	n. 毁坏	yes
decelerate	减速	v.	kyle-only	tem8	tem8	no	yes	yes	yes	yes	yes	jian su	1039	999999	slow down [v.]	v. (使)减速	yes
percolate	渗透	v.	kyle-only	toefl	toefl	no	yes	yes	yes	yes	yes	shen tou	1036	999999	permeate [v.]	vt.vi. 滤, 滤过, 渗开, (使)渗透, (使)渗滤\nn. 滤过液, 渗出液\nvt. 用渗滤壶煮(咖啡)	yes
inquiring	打听	v.	kyle-only	tem8	tem8	no	yes	no	yes	yes	yes	da ting	1031	999999	inquire about [v.]	a. 询问的, 打听的, 爱追根究底的	yes
highbrow	知识分子	n.	kyle-only	tem8	tem8	no	yes	no	yes	yes	yes	zhi shi fen zi	1030	999999	intellectual [n.]	n. (自以为)文化修养高的人, 卖弄知识的人\na. 自炫博学的, 知识分子的, 不切实际的	yes
crinkle	皱纹	n.	kyle-only	tem8	tem8	no	yes	yes	yes	yes	yes	zhou wen	1022	999999	wrinkle [n.]	n. 皱, 波纹\nvt. 使皱, 使缩, 起皱\nvi. 皱, 拳曲	yes
abstention	节制	n.	kyle-only	tem8	tem8	no	yes	no	yes	no	yes	jie zhi	1015	999999	moderate [v.] | control [v.]	n. 戒绝, 回避, 弃权	yes
protracted	拖延	v.	kyle-only	tem8	tem8	no	yes	no	yes	yes	yes	tuo yan	1013	999999	procrastinate [v.] | delay [v.]	a. 拖延的	yes
kinfolk	亲属	n.	kyle-only	toefl	toefl	no	yes	no	yes	yes	yes	qin shu	1011	999999	relative [n.] | kin [n.]	[法] 家属, 亲属, 亲戚	yes
overwork	滥用	v.	kyle-only	ielts	ielts	no	yes	no	yes	yes	yes	lan yong	1008	999999	abuse [v.] | misuse [v.]	n. 过度操劳的工作, 额外工作\nv. (使)工作过度, 使过分劳累	yes
jab	注射	n.	kyle-only	tem8	tem8	no	yes	no	yes	no	yes	zhu she	1007	999999	inject [v.]	v. 刺, 戳, 猛击\nn. 刺, 戳, 猛击	yes
garb	装扮	v.	kyle-only	toefl	toefl	no	yes	no	yes	yes	yes	zhuang ban	998	999999	dress up [v.]	n. 打扮, 装束\nvt. 打扮, 穿衣	yes
partiality	偏爱	n.	kyle-only	tem8	tem8	no	yes	no	yes	no	yes	pian ai	997	999999	favor [v.] | prefer [v.]	n. 偏心, 偏颇, 不公平, 特别喜欢, 癖好\n[法] 偏袒, 偏见, 不公平	yes
indolence	懒惰	n.	kyle-only	tem4	tem4	no	yes	no	yes	no	yes	lan duo	991	999999	lazy [adj.]	n. 怠惰, 无痛\n[医] 无痛	yes
devolution	下放	n.	kyle-only	tem8	tem8	no	yes	no	yes	no	yes	xia fang	989	999999	delegate [v.] | transfer down [v.]	n. 相传, 转让, 委付\n[医] 退化, 异化	yes
inquisition	审讯	n.	kyle-only	tem8	tem8	no	yes	no	yes	no	yes	shen xun	989	999999	interrogate [v.]	n. 调查, 探究, 审理, 宗教裁判所\n[医] 调查, 审查	yes
regression	复原	n.	kyle-only	tem8	tem8	no	yes	no	yes	no	yes	fu yuan	989	999999	restore [v.] | recover [v.]	n. 退步, 回归\n[计] 回归	yes
grazing	牧场	n.	kyle-only	toefl	toefl	no	yes	no	yes	yes	yes	mu chang	986	999999	pasture [n.] | ranch [n.]	n. 放牧, 牧草, 草场, 放牧法	yes
capitulate	认输	v.	kyle-only	tem8	tem8	no	yes	no	yes	yes	yes	ren shu	966	999999	concede [v.]	vi. (有条件)投降\n[法] 投降, 投降	yes
lookout	警戒	n.	kyle-only	tem8	tem8	no	yes	no	yes	no	yes	jing jie	964	999999	warn [v.] | guard [v.]	n. 注意, 前途, 了望台, 景色\n[法] 看守, 守望	yes
portraiture	肖像	n.	kyle-only	toefl	toefl	no	yes	yes	yes	yes	yes	xiao xiang	951	999999	portrait [n.]	n. 肖像绘制(法), 肖像画, 描写	yes
diffusion	散布	n.	kyle-only	toefl	toefl	no	yes	no	yes	no	yes	san bu	940	999999	spread [v.] | scatter [v.]	n. 散播, 传播, 蔓延\n[医] 扩散, 弥散, 漫射(光)	yes
dissemination	散布	n.	kyle-only	ielts	ielts	no	yes	no	yes	no	yes	san bu	940	999999	spread [v.] | scatter [v.]	n. 散播, 传播, 普及\n[医] 散布, 播散	yes
predation	掠夺	n.	kyle-only	toefl	toefl	no	yes	no	yes	no	yes	lve duo	937	999999	plunder [v.] | loot [v.]	掠夺行为	yes
ruckus	争吵	n.	kyle-only	tem8	tem8	no	yes	no	yes	no	yes	zheng chao	933	999999	quarrel [v.]	n. 喧闹, 骚动	yes
retrenchment	削减	n.	kyle-only	ielts	ielts	no	yes	no	yes	no	yes	xue jian	931	999999	cut [v.] | reduce [v.]	n. 紧缩, 节省, 删节\n[医] 赘余组织切除术	yes
sheen	闪耀	v.	kyle-only	tem8	tem8	no	yes	no	yes	yes	yes	shan yao	928	999999	shine [v.]	n. 光辉, 光彩, 光泽\na. 光辉的, 发光的, 有光泽的\nvi. 发出光泽	yes
backbiting	诽谤	n.	kyle-only	tem8	tem8	no	yes	no	yes	no	yes	fei bang	917	999999	slander [v.]	n. 背后诽谤, 背后中伤	yes
shortness	短缺	n.	kyle-only	toefl	toefl	no	yes	no	yes	yes	yes	duan que	917	999999	shortage [n.]	n. 短小, 简略, 不足\n[化] 脆性; 蓝脆性; 冷脆性	yes
reprimand	申诉	n.	kyle-only	tem8	tem8	no	yes	no	yes	no	yes	shen su	912	999999	appeal [v.]	n. 谴责, 惩戒, 非难\nvt. 谴责, 惩戒, 严责	yes
dowager	贵妇	n.	kyle-only	tem8	tem8	no	yes	no	yes	yes	yes	gui fu	909	999999	lady [n.]	n. 继承遗产或爵位的寡妇\n[法] 受有亡失遗产的寡, 妇寡君贵妇人	yes
coloration	染色	n.	kyle-only	toefl	toefl	no	yes	no	yes	no	yes	ran se	900	999999	dye [v.] | stain [v.]	n. 着色, 特色, 色彩, 天然颜色	yes
dispensation	豁免	n.	kyle-only	tem8	tem8	no	yes	no	yes	no	yes	huo mian	899	999999	exempt [v.]	n. 分配, 施与, (义务的)免除\n[法] 特免权, 豁免, 执行	yes
sufferance	忍耐	n.	kyle-only	tem8	tem8	no	yes	no	yes	no	yes	ren nai	896	999999	endure [v.] | bear [v.]	n. 容许, 默认, 默许\n[法] 容许, 容忍	yes
stupor	昏迷	n.	kyle-only	tem8	tem8	no	yes	no	yes	no	yes	hun mi	886	999999	coma [v.] | unconscious [v.]	n. 无感觉, 人事不省, 麻木\n[医] 木僵, 昏呆	yes
exaltation	提拔	n.	kyle-only	tem8	tem8	no	yes	no	yes	no	yes	ti ba	885	999999	promote [v.]	n. 提升, 提高, 得意洋洋\n[医] [异常]兴奋, 激越	yes
watercourses	水流	n.	kyle-only	toefl	toefl	no	yes	no	yes	yes	yes	shui liu	867	999999	water flow [n.]	n. 水道, 河道( watercourse的复数形式 )	yes
failing	弱点	n.	kyle-only	tem8	tem8	no	yes	yes	yes	yes	yes	ruo dian	861	999999	weakness [n.]	n. 失败, 缺点\nprep. 如果没有...\na. 失败的	yes
lore	学问	n.	kyle-only	toefl	toefl	no	yes	no	yes	yes	yes	xue wen	853	999999	knowledge [n.] | learning [n.]	n. 知识, 眼光	yes
vas	血管	n.	kyle-only	toefl	toefl	no	yes	no	yes	yes	yes	xue guan	853	999999	blood vessel [n.]	[医] 管, 脉管	yes
inactivity	迟钝	n.	kyle-only	toefl	toefl	no	yes	no	yes	no	yes	chi dun	841	999999	slow [adj.]	n. 不活动, 不活泼, 休止状态\n[经] 商业呆滞	yes
plethora	过量	n.	kyle-only	toefl	toefl	no	yes	no	yes	no	yes	guo liang	838	999999	excessive [adj.]	n. 过多, 过剩, 多血症\n[医] 多血[症]	yes
sneaker	运动鞋	n.	kyle-only	toefl	toefl	no	yes	no	yes	yes	yes	yun dong xie	830	999999	sneakers [n.]	n. 鬼鬼祟祟做事的人, 卑鄙者, 帆布胶底运动鞋	yes
niggle	挑剔	v.	kyle-only	ielts	ielts	no	yes	no	yes	yes	yes	tiao ti	828	999999	nitpick [v.]	vi. 闲混, 为琐事费时, 吹毛求疵, 拘泥小节\nvt. 玩忽, 小气地给...	yes
mutilate	毁坏	v.	kyle-only	tem8	tem8	no	yes	no	yes	yes	yes	hui huai	821	999999	destroy [v.]	vt. 切断, 使残废, 使不完整\n[医] 致残毁	yes
storehouses	宝藏	n.	kyle-only	toefl	toefl	no	yes	no	yes	yes	yes	bao zang	813	999999	treasure [n.]	n. 仓库( storehouse的复数形式 ); 货栈; 知识宝库; 知识丰富的人	yes
mottle	斑点	v.	kyle-only	toefl	toefl	no	yes	no	yes	no	yes	ban dian	804	999999	spot [n.]	vt. 使呈杂色\nn. 杂色, 斑点	yes
diminution	缩减	n.	kyle-only	toefl	toefl	no	yes	no	yes	no	yes	suo jian	801	999999	reduce [v.]	n. 减少, 缩小, 减低\n[医] 减少, 减小	yes
cutlery	餐具	n.	kyle-only	tem8	tem8	no	yes	no	yes	yes	yes	can ju	798	999999	tableware [n.]	n. 刀剑制造业, 刃具制造业, 刀剑, 刃具, 刀叉餐具	yes
foment	激起	v.	kyle-only	toefl	toefl	no	yes	no	yes	yes	yes	ji qi	779	999999	arouse [v.]	vt. 热敷, 煽动	yes
stile	阶梯	n.	kyle-only	tem8	tem8	no	yes	no	yes	yes	yes	jie ti	779	999999	stairs [n.] | ladder [n.]	n. 墙两边的阶梯	yes
battalion	军营	n.	kyle-only	tem8	tem8	no	yes	no	yes	yes	yes	jun ying	778	999999	military camp [n.]	n. 营, 军队, 集团	yes
progression	行进	n.	kyle-only	toefl	toefl	no	yes	no	yes	no	yes	xing jin	773	999999	march [v.] | advance [v.]	n. 前进, 连续, 级数\n[医] 进行, 前进, 步态	yes
portraiture	画像	n.	kyle-only	toefl	toefl	no	yes	yes	yes	yes	yes	hua xiang	772	999999	image [n.] | portrait [n.]	n. 肖像绘制(法), 肖像画, 描写	yes
brevity	简洁	n.	kyle-only	tem8	tem8	no	yes	no	yes	no	yes	jian jie	771	999999	concise [adj.]	n. 短暂, 简短	yes
hobbyhorse	木马	n.	kyle-only	tem8	tem8	no	yes	no	yes	yes	yes	mu ma	760	999999	trojan horse [n.]	n. 摇动木马, 竹马, 反复讲的话题, 老调重弹	yes
socialise	交际	v.	kyle-only	ielts	ielts	no	yes	no	yes	no	yes	jiao ji	748	999999	socializing [n.]	vt. 使社会化, 使社会主义化, 使适合社会需要\nvi. (美)(非正式)参加社交活动, 发生社交往来	yes
dispensation	天命	n.	kyle-only	tem8	tem8	no	yes	no	yes	yes	yes	tian ming	731	999999	destiny [n.]	n. 分配, 施与, (义务的)免除\n[法] 特免权, 豁免, 执行	yes
revealing	揭示	v.	kyle-only	tem4	tem4	no	yes	no	yes	yes	yes	jie shi	729	999999	reveal [v.]	a. 暴露的, 显露的, 揭露的	yes
checklist	备忘录	n.	kyle-only	tem8	tem8	no	yes	no	yes	yes	yes	bei wang lu	722	999999	memo [n.]	n. 清单, (美)选举人名单, 名册, 目录册	yes
impend	逼近	v.	kyle-only	toefl	toefl	no	yes	no	yes	yes	yes	bi jin	717	999999	approach [v.] | close in [v.]	vi. 迫近, 威胁, 悬挂	yes
buff	缓冲	v.	kyle-only	tem8	tem8	no	yes	no	yes	yes	yes	huan chong	700	999999	buffer [v.]	n. 暗黄色, 暗黄色皮革, 人的皮肤\nvt. 擦亮, 使柔软\na. 暗黄色的	yes
satiation	饱满	n.	kyle-only	tem8	tem8	no	yes	no	yes	no	yes	bao man	699	999999	full [adj.] | plump [adj.]	n. 饱足, 厌腻, 满足\n[医] 满足, 饱满	yes
fudge	软糖	n.	kyle-only	tem8	tem8	no	yes	no	yes	yes	yes	ruan tang	693	999999	soft candy [n.]	n. 虚构的故事, 谎言, 胡说\ninterj. 胡说八道\nvi. 蒙混, 做傻事\nvt. 粗制滥造, 捏造, 逃避职责	yes
seclusion	独处	n.	kyle-only	toefl	toefl	no	yes	no	yes	no	yes	du chu	691	999999	be alone [v.]	n. 隔离, 隐退	yes
capitulate	屈服	v.	kyle-only	tem8	tem8	no	yes	no	yes	yes	yes	qu fu	679	999999	yield [v.] | submit [v.]	vi. (有条件)投降\n[法] 投降, 投降	yes
acquittal	赦免	n.	kyle-only	tem8	tem8	no	yes	no	yes	no	yes	she mian	669	999999	pardon [v.] | absolve [v.]	n. 履行, 无罪开释\n[经] (债务的)清偿	yes
landsman	同乡	n.	kyle-only	toefl	toefl	no	yes	no	yes	yes	yes	tong xiang	668	999999	fellow townsman [n.]	n. 同胞, 未出过海的人	yes
heretofore	迄今为止	adv.	kyle-only	tem8	tem8	no	yes	no	yes	no	yes	qi jin wei zhi	664	999999	so far [phr.]	adv. 直到此时, 此时以前, 迄今	yes
vibrato	振动	n.	kyle-only	toefl	toefl	no	yes	no	yes	yes	yes	zhen dong	662	999999	vibration [n.]	[电] 振音	yes
enactment	制订	n.	kyle-only	toefl	toefl	no	yes	no	yes	no	yes	zhi ding	661	999999	formulate [v.]	n. 制定, 条例, 法规, 法令, 颁布, 规定\n[法] 制定, 规定, 颁布	yes
horseplay	恶作剧	n.	kyle-only	tem8	tem8	no	yes	no	yes	yes	yes	e zuo ju	653	999999	prank [n.] | mischief [n.]	n. 喧闹的嬉戏	yes
hotfoot	恶作剧	n.	kyle-only	tem8	tem8	no	yes	no	yes	yes	yes	e zuo ju	653	999999	prank [n.] | mischief [n.]	adv. 急忙地；火急地	yes
humpback	驼背	n.	kyle-only	tem8	tem8	no	yes	yes	yes	yes	yes	tuo bei	653	999999	hunchback [n.]	n. 驼背(者), 细鳞大马哈鱼\n[医] 脊柱后突, 驼背	yes
slither	滑动	n.	kyle-only	tem8	tem8	no	yes	no	yes	no	yes	hua dong	645	999999	slide [v.]	vi. 不稳地滑动\nvt. 使滑动	yes
leach	溶解	v.	kyle-only	toefl	toefl	no	yes	no	yes	yes	yes	rong jie	641	999999	dissolve [v.]	vt. 过滤, 萃取\nvi. 滤掉\nn. 过滤, 过滤器, 沥出物	yes
appreciably	略微	adv.	kyle-only	toefl	toefl	no	yes	no	yes	yes	yes	lve wei	640	999999	slightly [adv.]	adv. 可估计地, 相当可观	yes
joiner	工匠	n.	kyle-only	toefl	toefl	no	yes	no	yes	yes	yes	gong jiang	640	999999	craftsman [n.]	n. 细工木匠, 接合者, 接合物	yes
renegade	叛徒	n.	kyle-only	tem8	tem8	no	yes	no	yes	yes	yes	pan tu	636	999999	traitor [n.]	n. 背教者, 变节者, 脱党者\na. 背弃的, 脱离的, 叛徒的\nvi. 背叛, 背弃, 脱离	yes
disquiet	忧虑	n.	kyle-only	toefl	toefl	no	yes	no	yes	yes	yes	you lv	632	999999	worry [n.] | concern [n.]	vt. 打搅, 使烦恼, 使忧虑, 使不安\nn. 不安, 焦虑, 不平静	yes
disquiet	忧虑	v.	kyle-only	toefl	toefl	no	yes	no	yes	no	yes	you lv	632	999999	worry [n.] | concern [n.]	vt. 打搅, 使烦恼, 使忧虑, 使不安\nn. 不安, 焦虑, 不平静	yes
briskness	敏捷	n.	kyle-only	toefl	toefl	no	yes	no	yes	no	yes	min jie	628	999999	agile [adj.] | quick [adj.]	n. 轻快, 活泼	yes
dexterity	敏捷	n.	kyle-only	tem8	tem8	no	yes	no	yes	no	yes	min jie	628	999999	agile [adj.] | quick [adj.]	n. 灵巧, 机敏	yes
swiftness	敏捷	n.	kyle-only	toefl	toefl	no	yes	no	yes	no	yes	min jie	628	999999	agile [adj.] | quick [adj.]	n. 迅速, 快	yes
highness	阁下	n.	kyle-only	tem8	tem8	no	yes	no	yes	yes	yes	ge xia	626	999999	your excellency [n.]	n. 高, 高尚, 殿下	yes
kilo	千克	n.	kyle-only	tem8	tem8	no	yes	no	yes	no	yes	qian ke	623	999999	kilogram [m.]	n. 千\n[计] 千	yes
mediocrity	平庸	n.	kyle-only	tem8	tem8	no	yes	no	yes	no	yes	ping yong	617	999999	mediocre [adj.]	n. 平常, 平庸之才	yes
consolation	慰问	n.	kyle-only	ielts	ielts	no	yes	no	yes	no	yes	wei wen	614	999999	console [v.]	n. 安慰, 令人安慰的事物\n[法] 安慰, 慰问	yes
demean	举止	v.	kyle-only	tem8	tem8	no	yes	no	yes	no	yes	ju zhi	613	999999	behavior [n.]	vt. 贬低身分, 贬损	yes
desolation	废墟	n.	kyle-only	tem8	tem8	no	yes	no	yes	yes	yes	fei xu	609	999999	ruins [n.]	n. 荒芜, 荒废, 荒凉	yes
fuddle	酗酒	n.	kyle-only	tem8	tem8	no	yes	no	yes	no	yes	xu jiu	609	999999	drink heavily [v.]	vt. 灌醉, 使烂醉, 使迷糊\nvi. 狂饮\nn. 烂醉	yes
fudge	回避	v.	kyle-only	tem8	tem8	no	yes	yes	yes	yes	yes	hui bi	608	999999	avoid [v.] | evade [v.]	n. 虚构的故事, 谎言, 胡说\ninterj. 胡说八道\nvi. 蒙混, 做傻事\nvt. 粗制滥造, 捏造, 逃避职责	yes
subsistence	生计	n.	kyle-only	toefl	toefl	no	yes	no	yes	yes	yes	sheng ji	597	999999	livelihood [n.]	n. 生存, 生活\n[医] 生存	yes
failing	过失	n.	kyle-only	tem8	tem8	no	yes	no	yes	yes	yes	guo shi	585	999999	fault [n.] | negligence [n.]	n. 失败, 缺点\nprep. 如果没有...\na. 失败的	yes
abruptness	粗鲁	n.	kyle-only	toefl	toefl	no	yes	no	yes	no	yes	cu lu	584	999999	rude [adj.] | rough [adj.]	n. 突然, 唐突	yes
ingoing	迁就	n.	kyle-only	toefl	toefl	no	yes	no	yes	no	yes	qian jiu	578	999999	accommodate [v.] | yield [v.]	a. 进入的, 新进的, 洞察的\nn. 进入, 迁入, 就任	yes
pulverise	粉碎	v.	kyle-only	ielts	ielts	no	yes	no	yes	yes	yes	fen sui	578	999999	shatter [v.]	vt.vi. 使成粉末, 研磨, 把...压成粉末\nvt. (非正式)粉碎, 彻底打败, 彻底摧毁\nvi. 变成尘埃	yes
knap	敲击	v.	kyle-only	toefl	toefl	no	yes	no	yes	yes	yes	qiao ji	573	999999	strike [v.] | knock [v.]	vt. 打碎, 拗断, 打\nn. 山顶, 小山, 丘陵	yes
accrete	共生	v.	kyle-only	toefl	toefl	no	yes	no	yes	no	yes	gong sheng	572	999999	symbiosis [n.]	vi. 连生, 合生, 附依\nvt. 使依附, 使连接\na. 合生的	yes
alibi	辩解	v.	kyle-only	tem8	tem8	no	yes	no	yes	yes	yes	bian jie	572	999999	explain [v.] | justify [v.]	n. 不在犯罪现场, 托辞\nv. 为...辩解	yes
wrest	抢夺	v.	kyle-only	tem8	tem8	no	yes	no	yes	yes	yes	qiang duo	563	999999	snatch [v.]	n. 扭, 拧\nvt. 夺取, 猛扭, 歪曲, 费力取得	yes
alms	捐献	n.	kyle-only	tem8	tem8	no	yes	no	yes	no	yes	juan xian	555	999999	donate [v.]	n. 施舍, 救济金, 救济品	yes
regression	逆行	n.	kyle-only	tem8	tem8	no	yes	no	yes	no	yes	ni xing	555	999999	go against traffic [v.]	n. 退步, 回归\n[计] 回归	yes
mart	集市	n.	kyle-only	tem8	tem8	no	yes	yes	yes	yes	yes	ji shi	554	999999	market [n.] | fair [n.]	n. 商业中心, 市场\n[经] 商业中心, 市场	yes
thug	暴徒	n.	kyle-only	tem8	tem8	no	yes	no	yes	yes	yes	bao tu	554	999999	mob [n.]	n. 恶棍, 刺客, 凶手\n[法] 凶手, 刺客, 暴徒	yes
druggist	文具	n.	kyle-only	tem8	tem8	no	yes	no	yes	yes	yes	wen ju	548	999999	stationery [n.]	n. 药商, 药材商, 药剂师\n[医] 药商, 调剂员	yes
intoxication	陶醉	n.	kyle-only	toefl	toefl	no	yes	no	yes	no	yes	tao zui	540	999999	be intoxicated [v.] | revel [v.]	n. 使醉, 沉醉状态\n[医] 中毒, 醉[酒]	yes
capitulate	让步	v.	kyle-only	tem8	tem8	no	yes	no	yes	yes	yes	rang bu	539	999999	concede [v.]	vi. (有条件)投降\n[法] 投降, 投降	yes
footman	侍从	n.	kyle-only	tem8	tem8	no	yes	no	yes	yes	yes	shi cong	536	999999	attendant [n.]	n. 马夫, 仆役	yes
checkmate	挫败	n.	kyle-only	tem8	tem8	no	yes	no	yes	no	yes	cuo bai	535	999999	defeat [v.] | frustrate [v.]	n. 击破, 彻底失败\nvt. 制止, 大败, 将死	yes
subsistence	留存	n.	kyle-only	toefl	toefl	no	yes	no	yes	no	yes	liu cun	530	999999	retain [v.]	n. 生存, 生活\n[医] 生存	yes
devolution	倒退	n.	kyle-only	tem8	tem8	no	yes	no	yes	no	yes	dao tui	525	999999	retreat [v.]	n. 相传, 转让, 委付\n[医] 退化, 异化	yes
bonanza	兴盛	n.	kyle-only	toefl	toefl	no	yes	no	yes	no	yes	xing sheng	521	999999	prosperous [adj.]	n. 富矿带, 带来好运的事物, 幸运	yes
inanity	空洞	n.	kyle-only	toefl	toefl	no	yes	no	yes	yes	yes	kong dong	521	999999	cavity [n.] | hollow [n.]	n. 空虚, 愚蠢	yes
insularity	岛国	n.	kyle-only	ielts	ielts	no	yes	no	yes	yes	yes	dao guo	520	999999	island country [n.]	n. 岛屿生活状况, 孤立, 岛国性质	yes
blurb	夸大	v.	kyle-only	tem8	tem8	no	yes	no	yes	yes	yes	kua da	517	999999	exaggerate [v.]	n. 推荐广告\nvt. 推荐吹捧	yes
dispensation	免除	n.	kyle-only	tem8	tem8	no	yes	no	yes	no	yes	mian chu	517	999999	exempt [v.] | remit [v.]	n. 分配, 施与, (义务的)免除\n[法] 特免权, 豁免, 执行	yes
intoxication	醉酒	n.	kyle-only	toefl	toefl	no	yes	no	yes	no	yes	zui jiu	513	999999	get drunk [v.]	n. 使醉, 沉醉状态\n[医] 中毒, 醉[酒]	yes
extremities	四肢	n.	kyle-only	tem8	tem8	no	yes	no	yes	yes	yes	si zhi	508	999999	limbs [n.]	n. 端点( extremity的名词复数 ); 尽头; 手和足; 极窘迫的境地	yes
bobsleigh	雪橇	n.	kyle-only	tem8	tem8	no	yes	no	yes	yes	yes	xue qiao	501	999999	sled [n.] | sledge [n.]	n. 长橇	yes
posit	假定	v.	kyle-only	toefl	toefl	no	yes	no	yes	yes	yes	jia ding	500	999999	assume [v.] | suppose [v.]	vt. 假设, 安置, 布置	yes
tussle	打斗	n.	kyle-only	tem8	tem8	no	yes	no	yes	no	yes	da dou	499	999999	fight [v.]	n. 扭打, 争斗, 论争\nvi. 扭打, 打斗	yes
disclaimer	弃权	n.	kyle-only	toefl	toefl	no	yes	no	yes	no	yes	qi quan	496	999999	abstain [v.]	n. 放弃, 拒负责任, 不承诺\n[经] 弃权或不申诉条款	yes
slither	滑行	n.	kyle-only	tem8	tem8	no	yes	no	yes	no	yes	hua xing	496	999999	glide [v.] | taxi [v.]	vi. 不稳地滑动\nvt. 使滑动	yes
decompression	减压	n.	kyle-only	ielts	ielts	no	yes	no	yes	no	yes	jian ya	493	999999	reduce stress [v.]	[计] 降压, 解除压缩, 脱压缩\n[化] 减压	yes
depredation	劫掠	n.	kyle-only	toefl	toefl	no	yes	no	yes	no	yes	jie lve	487	999999	plunder [v.] | loot [v.]	n. 掠夺, 破坏	yes
leniency	仁慈	n.	kyle-only	tem8	tem8	no	yes	no	yes	no	yes	ren ci	486	999999	merciful [adj.]	n. 宽大, 温和, 慈悲为怀\n[法] 宽大, 宽恕, 仁慈	yes
yeoman	仆人	n.	kyle-only	tem8	tem8	no	yes	no	yes	yes	yes	pu ren	486	999999	servant [n.]	n. 自由民, 自耕农\n[法] 小地主, 自耕农, 自由民	yes
commendation	奖状	n.	kyle-only	tem8	tem8	no	yes	no	yes	yes	yes	jiang zhuang	483	999999	certificate [n.]	n. 赞赏, 嘉奖, 推荐	yes
boggle	惊恐	v.	kyle-only	tem8	tem8	no	yes	no	yes	no	yes	jing kong	478	999999	terrified [adj.]	vi. 犹豫, 踌躇, 吃惊, 搪塞\nvt. 搞坏\nn. 犹豫, 吃惊	yes
boggle	弄坏	v.	kyle-only	tem8	tem8	no	yes	no	yes	yes	yes	nong huai	476	999999	break [v.] | damage [v.]	vi. 犹豫, 踌躇, 吃惊, 搪塞\nvt. 搞坏\nn. 犹豫, 吃惊	yes
scintillation	闪烁	n.	kyle-only	tem8	tem8	no	yes	no	yes	no	yes	shan shuo	475	999999	twinkle [v.] | flicker [v.]	[医] 闪烁[现象], 光闪视	yes
penthouse	阁楼	n.	kyle-only	tem8	tem8	no	yes	no	yes	yes	yes	ge lou	472	999999	attic [n.]	n. 屋顶房间, 顶层公寓, 电梯机器房, 耳房	yes
rivulet	小溪	n.	kyle-only	tem8	tem8	no	yes	no	yes	yes	yes	xiao xi	470	999999	stream [n.]	n. 小河	yes
lookout	前景	n.	kyle-only	tem8	tem8	no	yes	no	yes	yes	yes	qian jing	467	999999	prospect [n.]	n. 注意, 前途, 了望台, 景色\n[法] 看守, 守望	yes
disillusionment	醒悟	n.	kyle-only	ielts	ielts	no	yes	no	yes	no	yes	xing wu	462	999999	awaken [v.]	n. 幻灭,觉醒	yes
prowl	巡游	v.	kyle-only	toefl	toefl	no	yes	no	yes	yes	yes	xun you	461	999999	patrol [v.] | tour [v.]	n. 潜行, 徘徊, 悄悄踱步\nvi. 潜行以觅食, 徘徊\nvt. 徘徊	yes
lore	学识	n.	kyle-only	toefl	toefl	no	yes	no	yes	yes	yes	xue shi	458	999999	knowledge [n.] | learning [n.]	n. 知识, 眼光	yes
portend	预示	v.	kyle-only	toefl	toefl	no	yes	yes	yes	yes	yes	yu shi	458	999999	indicate [v.] | foreshadow [v.]	vt. 成为...的前兆, 预知, 给与...的警告	yes
screening	筛选	v.	kyle-only	toefl	toefl	no	yes	no	yes	yes	yes	shai xuan	448	999999	filter [v.]	[医] 筛选, 筛分(如普查癌、结核等病), 萤光屏检查	yes
infinitive	原形	n.	kyle-only	tem8	tem8	no	yes	no	yes	yes	yes	yuan xing	445	999999	original form [n.]	n. 不定式\na. 不定式的	yes
deteriorates	变坏	v.	kyle-only	toefl	toefl	no	yes	no	yes	yes	yes	bian huai	443	999999	turn bad [v.]	v. 恶化, 变坏( deteriorate的第三人称单数 )	yes
credence	真实性	n.	kyle-only	toefl	toefl	no	yes	no	yes	yes	yes	zhen shi xing	441	999999	authenticity [n.]	n. 信任, 祭器台, 供桌, 凭证\n[法] 设计人, 创立人, 创设人	yes
gipsy	流浪汉	n.	kyle-only	tem8	tem8	no	yes	no	yes	yes	yes	liu lang han	437	999999	vagrant [n.]	vi. 流浪	yes
mating	交配	v.	kyle-only	tem8	tem8	no	yes	no	yes	yes	yes	jiao pei	434	999999	mate [v.]	n. 交配\n[化] 配套; 交配	yes
roundup	摘要	n.	kyle-only	tem8	tem8	no	yes	no	yes	yes	yes	zhai yao	431	999999	summary [n.] | abstract [n.]	n. 驱集, 集拢, 综述	yes
whack	份儿	n.	kyle-only	tem8	tem8	no	yes	no	yes	yes	yes	fen er	431	999999	portion [n.]	vt. 猛击, 重打, 削减\nvi. 重击\nn. 重击, 重打	yes
fixation	注视	n.	kyle-only	toefl	toefl	no	yes	no	yes	no	yes	zhu shi	425	999999	gaze [v.] | stare [v.]	n. 定置, 固定, 定色\n[医] 固定; 固定法, 固定术; 定影	yes
hibernation	休眠	n.	kyle-only	toefl	toefl	no	yes	no	yes	no	yes	xiu mian	424	999999	hibernate [v.]	n. 过冬, 冬眠, 避寒\n[医] 冬眠, 冬蛰	yes
foment	挑起	v.	kyle-only	toefl	toefl	no	yes	no	yes	yes	yes	tiao qi	423	999999	provoke [v.]	vt. 热敷, 煽动	yes
breakage	破损	n.	kyle-only	toefl	toefl	no	yes	no	yes	no	yes	po sun	421	999999	damage [v.]	n. 破坏, 破损处, 破损量\n[化] 破裂; 断裂	yes
catharsis	宣泄	n.	kyle-only	toefl	toefl	no	yes	no	yes	no	yes	xuan xie	420	999999	vent [v.] | release [v.]	n. 陶冶, 净化, 导泻\n[医] 导泻, 泻法, 精神发泄	yes
infusion	灌输	n.	kyle-only	toefl	toefl	no	yes	no	yes	no	yes	guan shu	416	999999	instill [v.]	n. 注入, 泡制, 注入物\n[化] 浸渍; 浸泡	yes
cultivated	耕作	v.	kyle-only	tem8	tem8	no	yes	no	yes	yes	yes	geng zuo	415	999999	cultivate [v.]	a. 耕耘的, 栽植的, 有教养的	yes
buttock	船尾	n.	kyle-only	tem8	tem8	no	yes	no	yes	yes	yes	chuan wei	414	999999	stern [n.]	n. 半边臀部, 屁股, 船尾突出部\nvt. 过背摔	yes
foible	癖好	n.	kyle-only	tem8	tem8	no	yes	no	yes	yes	yes	pi hao	413	999999	habit [n.] | hobby [n.]	n. 弱点, 缺点	yes
seclusion	与世隔绝	n.	kyle-only	toefl	toefl	no	yes	no	yes	no	yes	yu shi ge jue	412	999999	isolated [phr.]	n. 隔离, 隐退	yes
resuscitation	复苏	n.	kyle-only	tem8	tem8	no	yes	no	yes	no	yes	fu su	411	999999	revive [v.]	n. 复生, 复兴\n[医] 复苏[术], 回生	yes
benediction	恩赐	n.	kyle-only	tem8	tem8	no	yes	no	yes	yes	yes	en ci	402	999999	gift [n.] | favor [n.]	n. 祝福	yes
squawk	诉苦	n.	kyle-only	tem8	tem8	no	yes	no	yes	no	yes	su ku	399	999999	complain [v.]	n. 响而粗的叫声, 夜鹭\nvi. 发出响而粗的叫声, 发牢骚, 诉苦	yes
diffuses	弥漫	v.	kyle-only	toefl	toefl	no	yes	no	yes	yes	yes	mi man	398	999999	permeate [v.] | fill [v.]	v. （使光）模糊, 漫射, 漫散( diffuse的第三人称单数 ); （使）扩散; （使）弥漫; （使）传播	yes
gaiety	艳丽	n.	kyle-only	tem8	tem8	no	yes	no	yes	no	yes	yan li	392	999999	gorgeous [adj.] | bright [adj.]	n. 愉快, 快活, 高兴	yes
delve	钻研	v.	kyle-only	tem8	tem8	no	yes	no	yes	yes	yes	zuan yan	389	999999	study deeply [v.]	v. 探究, 查考\nn. 坑, 穴	yes
fatality	宿命	n.	kyle-only	tem8	tem8	no	yes	no	yes	yes	yes	su ming	388	999999	fate [n.] | destiny [n.]	n. 不幸, 厄运, 致命性, 死亡者, 厄运, 天命	yes
stunt	遏制	v.	kyle-only	toefl	toefl	no	yes	no	yes	yes	yes	e zhi	386	999999	curb [v.] | contain [v.]	n. 特技, 绝技, 花招, 噱头, 手腕, 发育不良\nvt. 阻碍成长\nvi. 表演特技	yes
boggle	退缩	n.	kyle-only	tem8	tem8	no	yes	no	yes	no	yes	tui suo	385	999999	shrink back [v.]	vi. 犹豫, 踌躇, 吃惊, 搪塞\nvt. 搞坏\nn. 犹豫, 吃惊	yes
boggle	退缩	v.	kyle-only	tem8	tem8	no	yes	no	yes	yes	yes	tui suo	385	999999	shrink back [v.]	vi. 犹豫, 踌躇, 吃惊, 搪塞\nvt. 搞坏\nn. 犹豫, 吃惊	yes
gibber	胡扯	v.	kyle-only	tem8	tem8	no	yes	no	yes	yes	yes	hu che	383	999999	talk nonsense [v.]	vi. 急促而不清楚地说话, 傻乎乎地说话\n[计] 混乱信息, 无用数据	yes
stabilise	稳固	v.	kyle-only	ielts	ielts	no	yes	no	yes	no	yes	wen gu	382	999999	stable [adj.]	vt.vi. (使)稳定, (使)安定, (使)坚固\nvt. 装稳定器	yes
fag	疲劳	n.	kyle-only	tem8	tem8	no	yes	no	yes	yes	yes	pi lao	381	999999	fatigue [n.]	n. 吃力的工作, 苦工\nvi. 努力地工作\nvt. 使劳累	yes
slink	潜逃	v.	kyle-only	tem8	tem8	no	yes	no	yes	yes	yes	qian tao	377	999999	abscond [v.]	vi. 鬼鬼祟祟地走, (动物)早产\nvt. 早产\nn. 鬼鬼祟祟的人, 早产的动物\na. 早产的	yes
lipid	油脂	n.	kyle-only	toefl	toefl	no	yes	no	yes	yes	yes	you zhi	376	999999	oil [n.] | fat [n.]	n. 脂类, 类脂物, 脂质\n[化] 类脂; 脂质; 脂类	yes
extrusion	挤压	n.	kyle-only	ielts	ielts	no	yes	no	yes	no	yes	ji ya	375	999999	squeeze [v.] | press [v.]	n. 挤出, 推出, 赶出\n[化] 挤出; 挤塑; 压出	yes
harbinger	前兆	n.	kyle-only	tem8	tem8	no	yes	no	yes	yes	yes	qian zhao	373	999999	omen [n.]	n. 通告者, 预告者, 先驱, 预兆\nvt. 预告, 充做...的前驱	yes
pastoralist	牧民	n.	kyle-only	toefl	toefl	no	yes	no	yes	yes	yes	mu min	371	999999	herdsman [n.]	n. 田园诗的作者, 田园剧的作者, 放牧者, 畜牧者	yes
debacle	解冻	n.	kyle-only	tem8	tem8	no	yes	no	yes	no	yes	jie dong	366	999999	thaw [v.] | defrost [v.]	n. 崩溃, 大失败	yes
stratification	分层	n.	kyle-only	toefl	toefl	no	yes	no	yes	no	yes	fen ceng	365	999999	stratify [v.]	n. 层化, 阶层的形成, 成层\n[医] 分层	yes
scintillation	才华横溢	n.	kyle-only	tem8	tem8	no	yes	no	yes	no	yes	cai hua heng yi	362	999999	brilliant [adj.]	[医] 闪烁[现象], 光闪视	yes
haunch	腰部	n.	kyle-only	tem8	tem8	no	yes	no	yes	yes	yes	yao bu	361	999999	waist [n.] | loin [n.]	n. 腰腿, 臀部, 腰腿肉\n[医] 臀部, 胯部	yes
clearing	结算	n.	kyle-only	toefl	toefl	no	yes	no	yes	no	yes	jie suan	358	999999	settle [v.]	n. 清扫, 空地, 票据清算\n[经] 票据交换, 结算, 结帐	yes
huff	蔑视	v.	kyle-only	tem8	tem8	no	yes	no	yes	yes	yes	mie shi	353	999999	despise [v.] | scorn [v.]	vt. 激怒, 发怒, 提高价格, 吹胀\nvi. 吹气, 恫吓, 发怒\nn. 发怒	yes
screening	遮蔽	v.	kyle-only	toefl	toefl	no	yes	no	yes	yes	yes	zhe bi	351	999999	cover [v.] | shield [v.]	[医] 筛选, 筛分(如普查癌、结核等病), 萤光屏检查	yes
attune	调音	v.	kyle-only	tem8	tem8	no	yes	no	yes	yes	yes	tiao yin	350	999999	tune [v.]	vt. 为乐器调音, 使协调, 使合拍	yes
flurry	骚动	n.	kyle-only	tem8	tem8	no	yes	no	yes	yes	yes	sao dong	347	999999	disturbance [n.]	n. 疾风, 飓风, 慌张\nvt. 使恐慌, 使激动\nvi. 慌张	yes
exaltation	欣喜	n.	kyle-only	tem8	tem8	no	yes	no	yes	no	yes	xin xi	343	999999	joyful [adj.]	n. 提升, 提高, 得意洋洋\n[医] [异常]兴奋, 激越	yes
indolence	懒散	n.	kyle-only	tem4	tem4	no	yes	no	yes	no	yes	lan san	341	999999	lazy [adj.]	n. 怠惰, 无痛\n[医] 无痛	yes
sloth	懒散	n.	kyle-only	toefl	toefl	no	yes	no	yes	no	yes	lan san	341	999999	lazy [adj.]	n. 怠惰, 懒惰	yes
woodcutting	伐木	n.	kyle-only	toefl	toefl	no	yes	no	yes	no	yes	fa mu	340	999999	lumber [v.]	a. 木雕的；伐木的	yes
familiarity	通晓	n.	kyle-only	toefl	toefl	no	yes	no	yes	no	yes	tong xiao	339	999999	master [v.]	n. 熟悉, 精通, 亲密	yes
keystone	主旨	n.	kyle-only	ielts	ielts	no	yes	no	yes	yes	yes	zhu zhi	329	999999	main point [n.]	n. 拱顶石, 楔石, 重点	yes
enunciate	阐明	v.	kyle-only	toefl	toefl	no	yes	no	yes	yes	yes	chan ming	324	999999	clarify [v.]	vt. 明确地叙述, 表明\nvi. 发音	yes
confection	调制	n.	kyle-only	tem8	tem8	no	yes	no	yes	no	yes	tiao zhi	319	999999	modulate [v.]	n. 糖果, 蜜饯\n[医] 糖膏(剂)	yes
facilitation	助长	n.	kyle-only	toefl	toefl	no	yes	no	yes	no	yes	zhu zhang	319	999999	encourage [v.]	[医] 容易化, 助长, 接通[作用]	yes
sturdiness	雄壮	n.	kyle-only	toefl	toefl	no	yes	no	yes	no	yes	xiong zhuang	317	999999	majestic [adj.]	n. 强健, 坚固, 强壮	yes
cultivated	教化	v.	kyle-only	tem8	tem8	no	yes	no	yes	yes	yes	jiao hua	311	999999	educate [v.] | civilize [v.]	a. 耕耘的, 栽植的, 有教养的	yes
extremities	手足	n.	kyle-only	tem8	tem8	no	yes	no	yes	yes	yes	shou zu	308	999999	limbs [n.]	n. 端点( extremity的名词复数 ); 尽头; 手和足; 极窘迫的境地	yes
slink	溜走	v.	kyle-only	tem8	tem8	no	yes	no	yes	yes	yes	liu zou	305	999999	slip away [v.]	vi. 鬼鬼祟祟地走, (动物)早产\nvt. 早产\nn. 鬼鬼祟祟的人, 早产的动物\na. 早产的	yes
rave	胡言乱语	v.	kyle-only	ielts	ielts	no	yes	no	yes	no	yes	hu yan luan yu	299	999999	talk nonsense [phr.]	n. 狂吼, 狂暴\nv. 愤怒地说, 叫嚷, 咆哮	yes
coalescence	接合	n.	kyle-only	toefl	toefl	no	yes	no	yes	no	yes	jie he	298	999999	join [v.]	n. 联合, 结合, 合并\n[化] 聚并; 凝并	yes
firing	烧制	v.	kyle-only	toefl	toefl	no	yes	no	no	new-key	yes	shao zhi	297	999999		n. 烧毁, 焚烧, 加热, 添煤\n[计] 点火	yes
dope	涂料	n.	kyle-only	tem8	tem8	no	yes	no	yes	yes	yes	tu liao	295	999999	paint [n.] | coating [n.]	n. 吸毒者, 笨蛋, 麻醉药物, 粘稠物\nvt. 麻痹, 上涂料, 预测出\nvi. 吸毒	yes
resumption	重获	n.	kyle-only	tem8	tem8	no	yes	no	yes	no	yes	chong huo	294	999999	regain [v.]	n. 取回, 恢复, 再开始\n[经] 再取回, 恢复, 重新占用	yes
predation	掠食	n.	kyle-only	toefl	toefl	no	yes	no	yes	no	yes	lve shi	292	999999	prey [v.]	掠夺行为	yes
immobility	牢固	n.	kyle-only	toefl	toefl	no	yes	no	yes	no	yes	lao gu	288	999999	firm [adj.] | secure [adj.]	n. 不动性, 不动, 固定\n[医] 不动[性]	yes
partiality	偏袒	n.	kyle-only	tem8	tem8	no	yes	no	yes	no	yes	pian tan	286	999999	favor [v.]	n. 偏心, 偏颇, 不公平, 特别喜欢, 癖好\n[法] 偏袒, 偏见, 不公平	yes
fertilization	肥沃	n.	kyle-only	toefl	toefl	no	yes	no	yes	no	yes	fei wo	281	999999	fertile [adj.]	n. 使肥沃, 土地肥沃法, 施肥\n[医] 受精, 授精	yes
beating	敲打	n.	kyle-only	tem8	tem8	no	yes	no	yes	no	yes	qiao da	280	999999	beat [v.] | knock [v.]	n. 打, 挫败, 搏动\n[化] 打浆	yes
physic	医术	n.	kyle-only	toefl	toefl	no	yes	no	yes	yes	yes	yi shu	280	999999	medical skill [n.]	n. 药品, 泻药, 医学\nvt. 给...服药, 治愈, 使通便	yes
decoy	诱饵	n.	kyle-only	tem8	tem8	no	yes	yes	yes	yes	yes	you er	273	999999	bait [n.]	n. 圈套, 诱骗\nvt. 诱骗	yes
reapply	再利用	v.	kyle-only	toefl	toefl	no	yes	no	yes	yes	yes	zai li yong	273	999999	reuse [v.] | recycle [v.]	[法] 再申请, 再运用	yes
squeal	告密	v.	kyle-only	tem8	tem8	no	yes	no	yes	yes	yes	gao mi	268	999999	inform against [v.]	n. 尖叫, 抱怨\nvi. 发出尖叫声, 高声埋怨\nvt. 用尖声说	yes
fudge	谎话	n.	kyle-only	tem8	tem8	no	yes	no	yes	yes	yes	huang hua	267	999999	lie [n.]	n. 虚构的故事, 谎言, 胡说\ninterj. 胡说八道\nvi. 蒙混, 做傻事\nvt. 粗制滥造, 捏造, 逃避职责	yes
humbug	谎话	n.	kyle-only	tem8	tem8	no	yes	no	yes	yes	yes	huang hua	267	999999	lie [n.]	vt. 欺骗, 哄骗\nvi. 行骗\nn. 骗子, 欺骗, 欺诈	yes
desolation	孤寂	n.	kyle-only	tem8	tem8	no	yes	no	yes	no	yes	gu ji	264	999999	lonely [adj.]	n. 荒芜, 荒废, 荒凉	yes
retrain	再教育	v.	kyle-only	toefl	toefl	no	yes	no	yes	no	yes	zai jiao yu	264	999999	reeducation [n.]	vt. 重新训练, 再训练	yes
bonanza	走运	n.	kyle-only	toefl	toefl	no	yes	no	yes	no	yes	zou yun	260	999999	be lucky [v.]	n. 富矿带, 带来好运的事物, 幸运	yes
rubdown	磨平	n.	kyle-only	tem8	tem8	no	yes	no	yes	no	yes	mo ping	258	999999	wear down [v.]	n. 摩擦身体, 按摩	yes
cynicism	冷嘲热讽	n.	kyle-only	tem8	tem8	no	yes	no	yes	no	yes	leng chao re feng	255	999999	sarcasm [phr.]	n. 犬儒主义	yes
post-mortem	验尸	n.	kyle-only	ielts	ielts	no	yes	no	yes	no	yes	yan shi	255	999999	autopsy [v.]	adv. 死后\n[计] 事后剖析	yes
subordination	从属	n.	kyle-only	tem8	tem8	no	yes	no	yes	no	yes	cong shu	255	999999	subordinate [v.]	n. 下级地位, 隶属, 第二位\n[医] 附属, 从属	yes
discoloration	污点	n.	kyle-only	toefl	toefl	no	yes	yes	yes	yes	yes	wu dian	253	999999	stain [n.]	n. 变色, 污染	yes
slur	污点	n.	kyle-only	tem8	tem8	no	yes	no	yes	yes	yes	wu dian	253	999999	stain [n.]	n. 连音符, 诽谤, 玷污, 印刷模糊\nvt. 草率地看过, 忽略, 含糊地念\nvi. 模糊不清	yes
visitation	探视	n.	kyle-only	tem8	tem8	no	yes	no	yes	no	yes	tan shi	253	999999	visit [v.]	n. 访问, 探望, 视察	yes
futility	徒劳	n.	kyle-only	tem8	tem8	no	yes	no	yes	no	yes	tu lao	251	999999	futile [adj.]	n. 无用, 无益, 无价值	yes
minimise	最小化	v.	kyle-only	ielts	ielts	no	yes	yes	yes	yes	yes	zui xiao hua	249	999999	minimize [v.]	vt. 使减到最少/最小, 使降到最低限度, 使缩到最小, 极度轻视	yes
mope	消沉	n.	kyle-only	tem8	tem8	no	yes	no	yes	no	yes	xiao chen	248	999999	depressed [adj.]	vi. 忧郁, 闲荡\nvt. 使忧郁\nn. 忧郁的人	yes
burgess	镇民	n.	kyle-only	toefl	toefl	no	yes	no	yes	yes	yes	zhen min	247	999999	townspeople [n.]	n. (自治市的)市民, 自由民\n[法] 自治市公民, 市民	yes
nip	刺骨	n.	kyle-only	tem8	tem8	no	yes	no	yes	no	yes	ci gu	246	999999	piercing [adj.]	n. 捏, 夹, 寒冷, 尖刻话\nvt. 捏, 夹, 钳, 剪断, 损伤, 冻伤, 一小口\nvi. 夹, 捏, 刺骨, 快走, 一小口一小口地抿(酒)\n[计] 核心程序的初始程序	yes
curd	凝结	v.	kyle-only	tem8	tem8	no	yes	no	yes	yes	yes	ning jie	242	999999	condense [v.] | coagulate [v.]	n. 凝乳\n[化] 凝乳; 凝乳状物; 酪状物; 皂粒	yes
debase	掺杂	v.	kyle-only	tem8	tem8	no	yes	yes	yes	yes	yes	chan za	241	999999	mix [v.] | adulterate [v.]	vt. 贬低, 降低	yes
rectitude	清廉	n.	kyle-only	tem8	tem8	no	yes	no	yes	no	yes	qing lian	239	999999	honest [adj.] | upright [adj.]	n. 正直, 纯正, 正确\n[法] 公正, 正直, 严正	yes
glen	溪谷	n.	kyle-only	toefl	toefl	no	yes	no	yes	yes	yes	xi gu	238	999999	valley [n.]	n. 峡谷, 幽谷	yes
seclusion	归隐	n.	kyle-only	toefl	toefl	no	yes	no	yes	no	yes	gui yin	237	999999	retire from world [v.]	n. 隔离, 隐退	yes
backside	臀部	n.	kyle-only	tem8	tem8	no	yes	yes	yes	yes	yes	tun bu	236	999999	buttocks [n.]	n. 背部, 背后, 后方	yes
highness	高位	n.	kyle-only	tem8	tem8	no	yes	no	yes	yes	yes	gao wei	234	999999	high position [n.]	n. 高, 高尚, 殿下	yes
indecision	犹豫不决	n.	kyle-only	tem8	tem8	no	yes	no	yes	no	yes	you yu bu jue	232	999999	hesitant [adj.]	n. 优柔寡断\n[医] 决定不能	yes
moonlighting	夜袭	n.	kyle-only	tem8	tem8	no	yes	no	yes	no	yes	ye xi	231	999999	night raid [v.]	[经] 兼职工作	yes
rampage	发怒	v.	kyle-only	tem8	tem8	no	yes	no	yes	yes	yes	fa nu	231	999999	get angry [v.]	n. 乱闹, 乱冲, 暴跳\nvi. 乱闹, 狂暴	yes
acquittal	尽职	n.	kyle-only	tem8	tem8	no	yes	no	yes	no	yes	jin zhi	229	999999	do one's duty [v.]	n. 履行, 无罪开释\n[经] (债务的)清偿	yes
reparation	赔款	n.	kyle-only	tem8	tem8	no	yes	no	yes	yes	yes	pei kuan	225	999999	indemnity [n.]	n. 补偿, 赔偿, 弥补, 修复, 修理\n[经] 赔偿, 补偿, 修理	yes
enrolment	名册	n.	kyle-only	ielts	ielts	no	yes	no	yes	yes	yes	ming ce	222	999999	roster [n.] | register [n.]	n. 登记, 注册, 入伍, 入学, 入会, 注册人数, 入学人数	yes
woodcarving	木刻	n.	kyle-only	toefl	toefl	no	yes	no	yes	yes	yes	mu ke	221	999999	woodcut [n.]	n. 木雕	yes
woodcutting	木刻	n.	kyle-only	toefl	toefl	no	yes	no	yes	yes	yes	mu ke	221	999999	woodcut [n.]	a. 木雕的；伐木的	yes
delicatessen	熟食	n.	kyle-only	tem8	tem8	no	yes	no	yes	yes	yes	shu shi	212	999999	cooked food [n.]	n. 熟食店	yes
percolate	渗入	v.	kyle-only	toefl	toefl	no	yes	yes	yes	yes	yes	shen ru	209	999999	permeate [v.]	vt.vi. 滤, 滤过, 渗开, (使)渗透, (使)渗滤\nn. 滤过液, 渗出液\nvt. 用渗滤壶煮(咖啡)	yes
accrete	附着	v.	kyle-only	toefl	toefl	no	yes	no	yes	yes	yes	fu zhuo	207	999999	adhere [v.]	vi. 连生, 合生, 附依\nvt. 使依附, 使连接\na. 合生的	yes
bombardment	轰击	n.	kyle-only	toefl	toefl	no	yes	no	yes	no	yes	hong ji	206	999999	bombard [v.] | shell [v.]	n. 炮击\n[化] 轰击	yes
plaudit	喝彩	n.	kyle-only	toefl	toefl	no	yes	no	yes	no	yes	he cai	205	999999	cheer [v.] | applaud [v.]	n. 拍手喝彩, 称赞, 赞美	yes
sundry	杂货	n.	kyle-only	tem8	tem8	no	yes	no	yes	yes	yes	za huo	201	999999	groceries [n.]	a. 各式各样的\n[经] 杂的, 各种, 各式各样的	yes
marginally	些微	adv.	kyle-only	ielts	ielts	no	yes	no	yes	no	yes	xie wei	200	999999	slight [adj.]	adv. 记在页边, 有旁注, 边缘, 边沿地区, 边际, 限界, 勉强够格, 无关紧要, 少量	yes
householder	户主	n.	kyle-only	tem8	tem8	no	yes	no	yes	yes	yes	hu zhu	197	999999	head of household [n.]	n. 一家之主, 家长, 户长\n[法] 户主, 家长, 住	yes
backbiting	中伤	n.	kyle-only	tem8	tem8	no	yes	no	yes	no	yes	zhong shang	196	999999	slander [v.]	n. 背后诽谤, 背后中伤	yes
dope	服药	v.	kyle-only	tem8	tem8	no	yes	no	yes	yes	yes	fu yao	196	999999	take medicine [v.]	n. 吸毒者, 笨蛋, 麻醉药物, 粘稠物\nvt. 麻痹, 上涂料, 预测出\nvi. 吸毒	yes
floodlight	探照灯	n.	kyle-only	tem8	tem8	no	yes	no	yes	yes	yes	tan zhao deng	195	999999	searchlight [n.]	n. 照明灯, 泛光\nvt. 用泛光灯照亮	yes
pocketbook	财力	n.	kyle-only	toefl	toefl	no	yes	no	yes	yes	yes	cai li	195	999999	financial resources [n.]	n. 笔记本, 钱袋, 皮夹, 经济来源	yes
sedimentation	沉降	n.	kyle-only	toefl	toefl	no	yes	no	yes	no	yes	chen jiang	195	999999	subside [v.]	n. 沉淀, 沉积\n[化] 沉积作用; 沉降	yes
cavort	嬉戏	v.	kyle-only	ielts	ielts	no	yes	no	yes	yes	yes	xi xi	190	999999	play [v.]	vi. 腾跃	yes
spaniel	嬉戏	v.	kyle-only	tem8	tem8	no	yes	no	yes	yes	yes	xi xi	190	999999	play [v.]	n. 一种长毛垂耳狗, 马屁精	yes
roundup	围捕	n.	kyle-only	tem8	tem8	no	yes	no	yes	no	yes	wei bu	188	999999	surround and capture [v.]	n. 驱集, 集拢, 综述	yes
wafer	薄饼	n.	kyle-only	tem8	tem8	no	yes	no	yes	yes	yes	bao bing	188	999999	pancake [n.]	n. 薄酥饼, 圣饼, 晶片, 圆片, 干胶片\nvt. 用干胶片封\n[计] 圆片	yes
muck	淤泥	n.	kyle-only	tem8	tem8	no	yes	no	yes	yes	yes	yu ni	184	999999	silt [n.] | mud [n.]	n. 垃圾, 肥料\nvt. 施肥, 弄脏, 弄糟\nvi. 搬运矸石	yes
dugout	防空洞	n.	kyle-only	toefl	toefl	no	yes	no	yes	yes	yes	fang kong dong	183	999999	air-raid shelter [n.]	n. 防空壕, 独木舟	yes
canoes	独木舟	n.	kyle-only	toefl	toefl	no	yes	no	yes	yes	yes	du mu zhou	182	999999	canoe [n.]	n. 小而轻的舟, 独木舟( canoe的名词复数 )	yes
reprimand	训斥	n.	kyle-only	tem8	tem8	no	yes	no	yes	no	yes	xun chi	181	999999	rebuke [v.] | scold [v.]	n. 谴责, 惩戒, 非难\nvt. 谴责, 惩戒, 严责	yes
reprimand	训斥	v.	kyle-only	tem8	tem8	no	yes	yes	yes	yes	yes	xun chi	181	999999	rebuke [v.] | scold [v.]	n. 谴责, 惩戒, 非难\nvt. 谴责, 惩戒, 严责	yes
abc	字母表	n.	kyle-only	tem8	tem8	no	yes	no	yes	yes	yes	zi mu biao	179	999999	alphabet [n.]	预定章程, 美国广播公司, 澳大利亚广播公司, 字母表, 基础知识\n[计] 记帐预算计价系统, 通用插件板计算机, 美国广播公司, 自动编码系统	yes
handiness	灵巧	n.	kyle-only	tem8	tem8	no	yes	no	yes	no	yes	ling qiao	179	999999	dexterous [adj.] | skillful [adj.]	n. 巧妙, 敏捷, 轻便	yes
homeownership	房主	n.	kyle-only	toefl	toefl	no	yes	no	yes	yes	yes	fang zhu	179	999999	landlord [n.]	n. 私房屋主；自己拥有住房者 (homeowner的变形)	yes
householder	房主	n.	kyle-only	tem8	tem8	no	yes	no	yes	yes	yes	fang zhu	179	999999	landlord [n.]	n. 一家之主, 家长, 户长\n[法] 户主, 家长, 住	yes
understatement	轻描淡写	n.	kyle-only	tem8	tem8	no	yes	no	yes	no	yes	qing miao dan xie	178	999999	play down [phr.]	n. 软弱无力的陈述, 克制的说法\n[经] 少报	yes
plagiarise	剽窃	v.	kyle-only	ielts	ielts	no	yes	yes	yes	yes	yes	piao qie	176	999999	plagiarize [v.]	vi.vt. 剽窃, 抄袭	yes
firing	生火	n.	kyle-only	toefl	toefl	no	yes	no	yes	no	yes	sheng huo	175	999999	make fire [v.]	n. 烧毁, 焚烧, 加热, 添煤\n[计] 点火	yes
horoscope	星象	n.	kyle-only	tem8	tem8	no	yes	no	yes	yes	yes	xing xiang	173	999999	astrological aspect [n.]	n. 星占, 算命天宫图	yes
compendium	简要	n.	kyle-only	ielts	ielts	no	yes	no	yes	no	yes	jian yao	172	999999	brief [adj.]	n. 纲要, 概略\n[电] 简述	yes
bulldoze	威吓	v.	kyle-only	toefl	toefl	no	yes	no	yes	yes	yes	wei he	171	999999	intimidate [v.]	vt. 强迫, 用推土机推平/削平, 用推土机清除, 压倒, 威胁	yes
hector	威吓	v.	kyle-only	tem8	tem8	no	yes	no	yes	yes	yes	wei he	171	999999	intimidate [v.]	n. 威吓者, 虚张声势的人\nvt.vi. 说大话, 吓唬, 折磨, 愚弄	yes
bourgeois	资本家	n.	kyle-only	tem8	tem8	no	yes	no	yes	yes	yes	zi ben jia	168	999999	capitalist [n.]	n. 中产阶级分子, 商人, 资产阶级\na. 中产阶级的, 平庸的\nn. 九点活字	yes
goody	伪君子	n.	kyle-only	tem8	tem8	no	yes	no	yes	yes	yes	wei jun zi	168	999999	hypocrite [n.]	n. 身分低微之老妇, 糖果, 姥姥\na. 感伤的, 伪善的\ninterj. 太好了	yes
lookout	守望者	n.	kyle-only	tem8	tem8	no	yes	no	yes	yes	yes	shou wang zhe	165	999999	watchman [n.]	n. 注意, 前途, 了望台, 景色\n[法] 看守, 守望	yes
cynicism	愤世嫉俗	n.	kyle-only	tem8	tem8	no	yes	no	yes	no	yes	fen shi ji su	164	999999	cynical [phr.]	n. 犬儒主义	yes
fatality	灾祸	n.	kyle-only	tem8	tem8	no	yes	no	yes	yes	yes	zai huo	158	999999	disaster [n.]	n. 不幸, 厄运, 致命性, 死亡者, 厄运, 天命	yes
paternity	父系	n.	kyle-only	ielts	ielts	no	yes	no	yes	yes	yes	fu xi	157	999999	paternal [n.]	n. 父亲身份, 父系血统, 创始人(身份), 来源, 出处\n[医] 父权, 亲权; 父系	yes
loudness	喧闹	n.	kyle-only	toefl	toefl	no	yes	no	yes	no	yes	xuan nao	154	999999	noisy [adj.]	n. 响度, 高声, 大声, 吵闹\n[电] 响度	yes
disobedience	违抗	n.	kyle-only	tem8	tem8	no	yes	no	yes	no	yes	wei kang	152	999999	defy [v.] | disobey [v.]	n. 不服从, 不孝, 违反	yes
horoscope	占星术	n.	kyle-only	tem8	tem8	no	yes	no	yes	yes	yes	zhan xing shu	152	999999	astrology [n.]	n. 星占, 算命天宫图	yes
transposition	变调	n.	kyle-only	tem8	tem8	no	yes	no	yes	no	yes	bian diao	151	999999	modulate [v.] | change tone [v.]	n. 调换, 换位, 移项\n[化] 转座	yes
rampage	暴怒	n.	kyle-only	tem8	tem8	no	yes	no	yes	yes	yes	bao nu	150	999999	rage [n.]	n. 乱闹, 乱冲, 暴跳\nvi. 乱闹, 狂暴	yes
crimp	卷曲	v.	kyle-only	toefl	toefl	no	yes	no	yes	yes	yes	juan qu	145	999999	curl [v.]	n. 诱人当兵的人, 拳曲, 鬈发\nvt. 诱...去当兵, 使拳曲, 使有褶	yes
straggle	四散	v.	kyle-only	tem8	tem8	no	yes	no	yes	yes	yes	si san	140	999999	scatter [v.]	vi. 掉队, 落伍, 蔓延, 散乱\nn. 低空扫射	yes
frontage	临街	n.	kyle-only	tem8	tem8	no	yes	no	yes	no	yes	lin jie	139	999999	street-facing [adj.]	n. 房子的正面, 前方, 临街地	yes
coy	爱抚	v.	kyle-only	tem8	tem8	no	yes	no	yes	yes	yes	ai fu	138	999999	caress [v.]	a. 腼腆的, 怕羞的, 羞怯的	yes
messiah	救星	n.	kyle-only	tem8	tem8	no	yes	no	yes	yes	yes	jiu xing	138	999999	savior [n.]	n. 弥赛亚	yes
choral	赞美诗	n.	kyle-only	tem8	tem8	no	yes	no	yes	yes	yes	zan mei shi	137	999999	hymn [n.]	a. 合唱队的	yes
smelting	冶炼	n.	kyle-only	toefl	toefl	no	yes	no	yes	no	yes	ye lian	137	999999	smelt [v.]	[化] 熔炼; 冶炼	yes
lethargy	倦怠	n.	kyle-only	toefl	toefl	no	yes	yes	yes	yes	yes	juan dai	136	999999	fatigue [n.] | lassitude [n.]	n. 昏睡, 瞌睡, 无力气\n[医] 昏睡, 嗜眠	yes
dresser	梳妆台	n.	kyle-only	tem8	tem8	no	yes	yes	yes	yes	yes	shu zhuang tai	135	999999	dressing table [n.]	n. 化妆台, (剧团)服装师, 碗柜\n[医] 敷裹员	yes
valse	华尔兹	n.	kyle-only	toefl	toefl	no	yes	yes	yes	yes	yes	hua er zi	129	999999	waltz [n.]	v. 轻轻地走	yes
choral	唱诗班	n.	kyle-only	tem8	tem8	no	yes	no	yes	yes	yes	chang shi ban	127	999999	choir [n.]	a. 合唱队的	yes
rarefy	稀薄	v.	kyle-only	toefl	toefl	no	yes	no	yes	no	yes	xi bo	125	999999	thin [adj.] | rarefied [adj.]	vt. 使稀少, 使稀薄, 使纯化, 精炼\nvi. 变稀少, 变稀薄	yes
masquerade	化装	v.	kyle-only	tem8	tem8	no	yes	no	yes	yes	yes	hua zhuang	123	999999	disguise [v.]	n. 化装舞会, 伪装\nvi. 参加化装舞会, 伪装, 假装	yes
exult	狂喜	v.	kyle-only	tem8	tem8	no	yes	yes	yes	yes	yes	kuang xi	121	999999	rejoice [v.]	vi. 非常高兴, 欢欣	yes
embattled	列阵	v.	kyle-only	tem8	tem8	no	yes	no	yes	yes	yes	lie zhen	120	999999	line up [v.]	a. （与敌人或批评者）处于交战中的, 受围攻的; 严阵以待的\nv. 列阵(embattle的过去式和过去分词); 布阵; 严阵以待; 整军备战	yes
richness	富饶	n.	kyle-only	toefl	toefl	no	yes	no	yes	no	yes	fu rao	117	999999	fertile [adj.]	n. 富裕, 丰富, 肥沃	yes
nestling	婴孩	n.	kyle-only	toefl	toefl	no	yes	no	yes	yes	yes	ying hai	112	999999	infant [n.]	n. 刚孵出的雏, 未离巢的雏, 幼儿	yes
euphoria	兴高采烈	n.	kyle-only	tem8	tem8	no	yes	no	yes	no	yes	xing gao cai lie	111	999999	elated [adj.] | jubilant [adj.]	n. 兴奋, 陶醉, 陶醉感\n[医] 精神愉快, 欣快	yes
gaiety	兴高采烈	n.	kyle-only	tem8	tem8	no	yes	no	yes	no	yes	xing gao cai lie	111	999999	elated [adj.] | jubilant [adj.]	n. 愉快, 快活, 高兴	yes
codify	系统化	v.	kyle-only	toefl	toefl	no	yes	no	yes	yes	yes	xi tong hua	110	999999	systematize [v.]	vt. 编成法典\n[法] 使成文法化, 编成法典, 编纂	yes
shoddy	冒牌货	n.	kyle-only	tem8	tem8	no	yes	no	yes	yes	yes	mao pai huo	107	999999	fake [n.] | counterfeit [n.]	a. 用长弹毛做的, 以次充好的\nn. 长弹毛, 软再生毛, 赝品	yes
sacrament	立誓	v.	kyle-only	tem8	tem8	no	yes	no	yes	yes	yes	li shi	103	999999	swear [v.] | vow [v.]	n. 圣礼, 圣事, 誓言\nvt. 使立誓, 使宣誓	yes
demented	精神错乱	v.	kyle-only	tem8	tem8	no	yes	no	yes	no	yes	jing shen cuo luan	101	999999	mental disorder [n.]	a. 发狂的, 精神错乱的\n[医] 痴呆的	yes
erasure	消磁	n.	kyle-only	tem8	tem8	no	yes	no	yes	no	yes	xiao ci	101	999999	demagnetize [v.]	n. 擦除, 抹掉\n[电] 擦掉	yes
espionage	刺探	n.	kyle-only	tem8	tem8	no	yes	no	yes	no	yes	ci tan	101	999999	probe [v.]	n. 间谍活动\n[法] 间谍活动, 刺探, 间谍	yes
commercialization	商品化	n.	kyle-only	toefl	toefl	no	yes	no	yes	no	yes	shang pin hua	98	999999	commercialize [v.]	[计] 商业化	yes
hydrant	消防栓	n.	kyle-only	tem8	tem8	no	yes	no	yes	yes	yes	xiao fang shuan	98	999999	fire hydrant [n.]	n. 给水栓, 水龙头, 消火栓	yes
wafer	薄片	n.	kyle-only	tem8	tem8	no	yes	no	yes	yes	yes	bao pian	98	999999	slice [n.]	n. 薄酥饼, 圣饼, 晶片, 圆片, 干胶片\nvt. 用干胶片封\n[计] 圆片	yes
teeter	岌岌可危	v.	kyle-only	tem8	tem8	no	yes	no	yes	no	yes	ji ji ke wei	94	999999	in imminent danger [phr.]	vi. 步履不稳地走动, 踉跄, 摇晃, 摇摆不定, 摇摇欲坠, 玩跷跷板\nn. 踉跄, 摇摆, 跷跷板	yes
cowardice	怯懦	n.	kyle-only	tem8	tem8	no	yes	no	yes	no	yes	qie nuo	91	999999	timid [adj.]	n. 懦弱	yes
capitulate	屈从	v.	kyle-only	tem8	tem8	no	yes	no	yes	yes	yes	qu cong	90	999999	yield [v.]	vi. (有条件)投降\n[法] 投降, 投降	yes
sterility	无菌	n.	kyle-only	tem8	tem8	no	yes	no	yes	no	yes	wu jun	90	999999	sterile [adj.] | germ-free [adj.]	n. 不毛, 不孕, 内容贫乏\n[医] 不育, 不孕; 无菌	yes
spinal	脊椎骨	adj.	kyle-only	toefl	toefl	no	yes	no	yes	no	yes	ji zhui gu	88	999999	vertebra [n.]	a. 针的, 尖刺的, 尖刺状突起的, 脊骨的\n[医] 棘折; 脊柱的	yes
lethargy	无精打采	n.	kyle-only	toefl	toefl	no	yes	no	yes	no	yes	wu jing da cai	87	999999	listless [phr.]	n. 昏睡, 瞌睡, 无力气\n[医] 昏睡, 嗜眠	yes
sundry	杂项	n.	kyle-only	tem8	tem8	no	yes	no	yes	yes	yes	za xiang	83	999999	miscellaneous [n.]	a. 各式各样的\n[经] 杂的, 各种, 各式各样的	yes
attending	主治医生	n.	kyle-only	tem4	tem4	no	yes	no	yes	yes	yes	zhu zhi yi sheng	82	999999	attending physician [n.]	a. 主治的	yes
disparity	不等	n.	kyle-only	tem8	tem8	no	yes	no	yes	no	yes	bu deng	82	999999	differ [v.]	n. 不一致\n[医] 差异, 不等	yes
mope	百无聊赖	v.	kyle-only	tem8	tem8	no	yes	no	yes	no	yes	bai wu liao lai	81	999999	bored [phr.]	vi. 忧郁, 闲荡\nvt. 使忧郁\nn. 忧郁的人	yes
photocopier	复印机	n.	kyle-only	tem8	tem8	no	yes	no	yes	yes	yes	fu yin ji	81	999999	copier [n.]	n. 影印机, 摄影复制机	yes
dither	踌躇	v.	kyle-only	tem8	tem8	no	yes	no	yes	yes	yes	chou chu	74	999999	hesitate [v.]	n. 发抖, 兴奋\nvi. 发抖	yes
marquee	华盖	n.	kyle-only	tem8	tem8	no	yes	no	yes	yes	yes	hua gai	72	999999	canopy [n.]	n. 大帐篷, 遮篷, 选取框\n[计] 选取框	yes
mockery	徒劳无功	n.	kyle-only	tem8	tem8	no	yes	no	yes	no	yes	tu lao wu gong	72	999999	futile [phr.]	n. 嘲弄, 笑柄, 歪曲	yes
cynicism	玩世不恭	n.	kyle-only	tem8	tem8	no	yes	no	yes	no	yes	wan shi bu gong	71	999999	cynical [phr.]	n. 犬儒主义	yes
disavow	抵赖	v.	kyle-only	tem8	tem8	no	yes	no	yes	yes	yes	di lai	71	999999	deny [v.]	vt. 否认, 否定, 拒绝对...承担责任\n[法] 不承认, 抵赖, 拒绝对...承担责任	yes
hibernation	蛰伏	n.	kyle-only	toefl	toefl	no	yes	no	yes	no	yes	zhe fu	70	999999	hibernate [v.] | lie low [v.]	n. 过冬, 冬眠, 避寒\n[医] 冬眠, 冬蛰	yes
nasal	鼻骨	n.	kyle-only	tem8	tem8	no	yes	yes	yes	yes	yes	bi gu	70	999999	nasal bone [n.]	a. 鼻的, 鼻声的, 尖锐的\nn. 鼻音, 鼻音字	yes
slacks	懈怠	v.	kyle-only	tem8	tem8	no	yes	no	yes	yes	yes	xie dai	70	999999	be negligent [v.]	n. 宽松的裤子, 便裤	yes
straggle	散乱	n.	kyle-only	tem8	tem8	no	yes	no	yes	no	yes	san luan	69	999999	scattered [adj.]	vi. 掉队, 落伍, 蔓延, 散乱\nn. 低空扫射	yes
brevity	短促	n.	kyle-only	tem8	tem8	no	yes	no	yes	no	yes	duan cu	67	999999	brief [adj.]	n. 短暂, 简短	yes
enrichment	发财致富	n.	kyle-only	toefl	toefl	no	yes	no	yes	no	yes	fa cai zhi fu	65	999999	get rich [phr.]	n. 丰富, 肥沃\n[化] 富集	yes
blurb	大肆宣传	n.	kyle-only	tem8	tem8	no	yes	no	yes	no	yes	da si xuan chuan	64	999999	publicize heavily [phr.]	n. 推荐广告\nvt. 推荐吹捧	yes
blurb	大肆宣传	v.	kyle-only	tem8	tem8	no	yes	no	yes	no	yes	da si xuan chuan	64	999999	publicize heavily [phr.]	n. 推荐广告\nvt. 推荐吹捧	yes
reprimand	责难	v.	kyle-only	tem8	tem8	no	yes	yes	yes	yes	yes	ze nan	62	999999	blame [v.] | censure [v.]	n. 谴责, 惩戒, 非难\nvt. 谴责, 惩戒, 严责	yes
gibe	讥笑	v.	kyle-only	toefl	toefl	no	yes	no	yes	yes	yes	ji xiao	61	999999	ridicule [v.]	v. 嘲笑\nn. 嘲笑	yes
toleration	耐受性	n.	kyle-only	tem8	tem8	no	yes	no	yes	yes	yes	nai shou xing	61	999999	tolerance [n.]	n. 宽容, 默认, 信仰自由\n[医] 耐量; 耐受性, 耐力	yes
tome	巨著	n.	kyle-only	ielts	ielts	no	yes	no	yes	yes	yes	ju zhu	61	999999	masterpiece [n.]	n. 册, 卷, 大本书	yes
loggerhead	傻子	n.	kyle-only	toefl	toefl	no	yes	no	yes	yes	yes	sha zi	60	999999	fool [n.]	n. 傻瓜, 笨蛋	yes
parenthood	亲子关系	n.	kyle-only	tem8	tem8	no	yes	no	yes	yes	yes	qin zi guan xi	60	999999	parent-child relationship [n.]	n. 父母身分	yes
scrum	扭打	n.	kyle-only	tem8	tem8	no	yes	no	yes	no	yes	niu da	60	999999	wrestle [v.]	n. (橄榄球中)扭夺, 并列争球	yes
glutamate	谷氨酸	n.	kyle-only	ielts	ielts	no	yes	no	yes	yes	yes	gu an suan	58	999999	glutamic acid [n.]	n. 谷氨酸盐, 味精, 谷氨酸脂\n[医] 谷氨酸盐	yes
mating	交尾	n.	kyle-only	tem8	tem8	no	yes	no	yes	no	yes	jiao wei	55	999999	mate [v.]	n. 交配\n[化] 配套; 交配	yes
xenophobia	仇外	n.	kyle-only	tem8	tem8	no	yes	no	yes	no	yes	chou wai	55	999999	xenophobic [adj.]	n. 无端畏惧和憎恨外国人/陌生人, 对外国人的畏惧和憎恨\n[医] 生客恐怖	yes
headlamp	照明灯	n.	kyle-only	tem8	tem8	no	yes	no	yes	yes	yes	zhao ming deng	53	999999	light [n.]	n. (汽车的)前灯, (矿工头上的)照明灯, 桅灯	yes
bootleg	私货	n.	kyle-only	tem8	tem8	no	yes	no	yes	yes	yes	si huo	51	999999	smuggled goods [n.]	v. 私卖(酒)	yes
tidbit	趣闻	n.	kyle-only	tem8	tem8	no	yes	no	yes	yes	yes	qu wen	51	999999	anecdote [n.]	n. 少量的美食, 珍馐, 珍品, 珍闻	yes
smelting	熔炼	n.	kyle-only	toefl	toefl	no	yes	no	yes	no	yes	rong lian	50	999999	smelt [v.]	[化] 熔炼; 冶炼	yes
vagabond	懒汉	n.	kyle-only	tem8	tem8	no	yes	no	yes	yes	yes	lan han	50	999999	lazybones [n.]	n. 流浪者, 浪子, 流氓\nvi. 到处流浪\na. 流浪的, 漂泊的, 浪荡的, 流浪者的	yes
putt	短打	v.	kyle-only	toefl	toefl	no	yes	no	yes	no	yes	duan da	49	999999	short play [n.]	vt. 击球入洞\nvi. 轻击高尔夫球\nn. 轻轻一击(入洞)	yes
cameo	小品文	n.	kyle-only	tem8	tem8	no	yes	no	yes	yes	yes	xiao pin wen	47	999999	essay [n.]	n. 刻有浮雕的宝石或贝壳	yes
glee	欢欣	n.	kyle-only	tem8	tem8	no	yes	no	yes	no	yes	huan xin	46	999999	joyful [adj.]	n. 欢乐, 高兴	yes
harassment	烦忧	n.	kyle-only	ielts	ielts	no	yes	no	yes	yes	yes	fan you	44	999999	worry [n.] | anxiety [n.]	n. 困扰, 烦扰, 烦恼\n[法] 折磨, 骚扰, 侵扰	yes
personage	要人	n.	kyle-only	tem8	tem8	no	yes	no	yes	yes	yes	yao ren	44	999999	vip [n.]	n. 重要人士, 显要, 名士, 人物, 角色	yes
ploy	花招	n.	kyle-only	toefl	toefl	no	yes	no	yes	yes	yes	hua zhao	44	999999	trick [n.] | gimmick [n.]	n. 手段, 活动, 玩乐	yes
tinder	易燃物	n.	kyle-only	tem8	tem8	no	yes	no	yes	yes	yes	yi ran wu	42	999999	flammable material [n.]	n. 火绒盒	yes
tremolo	震颤	n.	kyle-only	tem8	tem8	no	yes	no	yes	no	yes	zhen chan	42	999999	tremble [v.]	n. 震音, 震音装置\n[医] 颤音; 震动按摩器	yes
sharper	磨具	n.	kyle-only	toefl	toefl	no	yes	no	yes	yes	yes	mo ju	40	999999	abrasive tool [n.]	n. 骗子, 欺诈者, 赌棍\n[法] 欺骗者, 欺诈犯	yes
transcription	誊写	n.	kyle-only	ielts	ielts	no	yes	no	yes	no	yes	teng xie	40	999999	transcribe [v.]	n. 抄写, 抄本\n[化] 转录; 转录作用	yes
forethought	深谋远虑	n.	kyle-only	tem8	tem8	no	yes	no	yes	no	yes	shen mou yuan lv	39	999999	foresight [phr.]	n. 事先的考虑, 事先的筹划, 深虑, 先见\n[法] 预谋	yes
halting	蹒跚	v.	kyle-only	tem8	tem8	no	yes	no	yes	no	yes	pan shan	38	999999	staggering [adj.] | tottering [adj.]	a. 跛的, 蹒跚的, 犹豫的	yes
clientele	主顾	n.	kyle-only	ielts	ielts	no	yes	no	yes	yes	yes	zhu gu	36	999999	customer [n.] | client [n.]	n. 诉讼委托人, 客户\n[法] 委托人, 受保护者, 门徒	yes
fossilize	陈腐	v.	kyle-only	toefl	toefl	no	yes	no	yes	no	yes	chen fu	36	999999	stale [adj.] | hackneyed [adj.]	vt. 使成化石, 使陈腐\nvi. 变成化石, 变陈腐	yes
exult	欢欣鼓舞	v.	kyle-only	tem8	tem8	no	yes	no	yes	no	yes	huan xin gu wu	34	999999	rejoice [phr.] | be elated [phr.]	vi. 非常高兴, 欢欣	yes
pullman	卧车	n.	kyle-only	toefl	toefl	no	yes	no	yes	yes	yes	wo che	34	999999	sleeping car [n.]	n. 普尔曼式卧车	yes
connecting	套管	n.	kyle-only	tem4	tem4	no	yes	no	yes	yes	yes	tao guan	32	999999	casing [n.] | sleeve [n.]	[计] 接线的	yes
athletics	田径运动	n.	kyle-only	tem8	tem8	no	yes	no	yes	yes	yes	tian jing yun dong	31	999999	track and field [n.]	n. 体育运动	yes
booze	痛饮	v.	kyle-only	tem8	tem8	no	yes	no	yes	yes	yes	tong yin	30	999999	drink deeply [v.]	vi. 豪饮\nn. 酒, 酒宴	yes
gouge	凿子	n.	kyle-only	toefl	toefl	no	yes	no	yes	yes	yes	zao zi	30	999999	chisel [n.]	n. 圆凿, 用圆凿凿成的槽, 挖, 掘\nvt. 用圆凿削, 挖出, 欺骗	yes
haulage	拖运	n.	kyle-only	tem8	tem8	no	yes	no	yes	no	yes	tuo yun	30	999999	haul [v.]	n. 拖曳, 运费, 牵引量\n[经] 公路运输, 拖运费	yes
homesteader	自耕农	n.	kyle-only	toefl	toefl	no	yes	no	yes	yes	yes	zi geng nong	30	999999	self-employed farmer [n.]	[法] 占有宅地的人, 承领开垦的公地的人	yes
stricture	非难	n.	kyle-only	tem8	tem8	no	yes	no	yes	no	yes	fei nan	26	999999	blame [v.]	n. 狭窄, 指责, 束缚\n[医] 狭窄	yes
mastodon	庞然大物	n.	kyle-only	toefl	toefl	no	yes	no	yes	no	yes	pang ran da wu	25	999999	huge monster [phr.] | colossus [phr.]	n. 乳齿象	yes
monolith	庞然大物	n.	kyle-only	tem8	tem8	no	yes	no	yes	no	yes	pang ran da wu	25	999999	huge monster [phr.] | colossus [phr.]	n. 巨型独石, 大独石碑	yes
totter	踉跄	v.	kyle-only	tem8	tem8	no	yes	no	yes	no	yes	liang qiang	25	999999	staggering [adj.]	vi. 蹒跚, 动摇\nn. 蹒跚的步子	yes
weft	信号旗	n.	kyle-only	toefl	toefl	no	yes	no	yes	yes	yes	xin hao qi	25	999999	signal flag [n.]	n. 织物, 狭长求救信号旗, 求救信号	yes
linoleum	油布	n.	kyle-only	toefl	toefl	no	yes	no	yes	yes	yes	you bu	24	999999	oilcloth [n.]	n. 油地毡, 漆布\n[化] 油毡; 亚麻油毡	yes
shoeshine	鞋油	n.	kyle-only	toefl	toefl	no	yes	no	yes	yes	yes	xie you	24	999999	shoe polish [n.]	n. 擦亮的皮鞋面, 擦皮鞋	yes
splutter	喷溅	v.	kyle-only	tem8	tem8	no	yes	no	yes	yes	yes	pen jian	24	999999	splash [v.]	n. 喷溅声\nvi.vt. 急促而慌乱地说\nvi. 发出吐唾沫声	yes
hosiery	针织品	n.	kyle-only	tem8	tem8	no	yes	no	yes	yes	yes	zhen zhi pin	23	999999	knitwear [n.]	n. 袜, 内衣裤	yes
provincialism	地方主义	n.	kyle-only	toefl	toefl	no	yes	yes	yes	yes	yes	di fang zhu yi	23	999999	localism [n.]	n. 乡下习气, 方言, 地方风俗	yes
scoring	刻痕	n.	kyle-only	tem8	tem8	no	yes	no	yes	yes	yes	ke hen	22	999999	scratch [n.]	[化] 擦伤; 划伤	yes
scoring	刻痕	v.	kyle-only	tem8	tem8	no	yes	no	yes	no	yes	ke hen	22	999999	scratch [n.]	[化] 擦伤; 划伤	yes
crimp	起皱	v.	kyle-only	toefl	toefl	no	yes	no	yes	yes	yes	qi zhou	21	999999	wrinkle [v.]	n. 诱人当兵的人, 拳曲, 鬈发\nvt. 诱...去当兵, 使拳曲, 使有褶	yes
fertilization	授精	n.	kyle-only	toefl	toefl	no	yes	no	yes	no	yes	shou jing	21	999999	inseminate [v.]	n. 使肥沃, 土地肥沃法, 施肥\n[医] 受精, 授精	yes
crap	拉屎	n.	kyle-only	tem8	tem8	no	yes	no	yes	no	yes	la shi	20	999999	defecate [v.]	n. 废物, 废话\nvi. 掷骰子	yes
crap	拉屎	v.	kyle-only	tem8	tem8	no	yes	yes	yes	yes	yes	la shi	20	999999	defecate [v.]	n. 废物, 废话\nvi. 掷骰子	yes
harangue	高谈阔论	n.	kyle-only	tem8	tem8	no	yes	no	no	new-key	yes	gao tan kuo lun	20	999999		n. 演讲, 热烈讨论, 长篇大论, 夸夸其谈\nvt. 向...夸夸其谈地讲话	yes
hovel	茅舍	n.	kyle-only	tem8	tem8	no	yes	no	yes	yes	yes	mao she	20	999999	thatched cottage [n.]	n. 简陋小屋, 杂物间, 家畜小屋	yes
goggle	风镜	n.	kyle-only	tem8	tem8	no	yes	no	yes	yes	yes	feng jing	19	999999	goggles [n.]	n. 眼睛瞪视, 护目镜\na. 突出的, 瞪眼的\nvi. 瞪眼看, 眼珠转动\nvt. 使瞪眼, 使眼珠转动	yes
anonymity	无名之辈	n.	kyle-only	tem8	tem8	no	yes	no	yes	yes	yes	wu ming zhi bei	17	999999	nobody [n.]	n. 匿名, 姓氏不明\n[计] 匿名信件	yes
gouge	敲竹杠	v.	kyle-only	toefl	toefl	no	yes	no	yes	yes	yes	qiao zhu gang	17	999999	rip off [v.]	n. 圆凿, 用圆凿凿成的槽, 挖, 掘\nvt. 用圆凿削, 挖出, 欺骗	yes
lethargy	死气沉沉	n.	kyle-only	toefl	toefl	no	yes	no	yes	no	yes	si qi chen chen	17	999999	lifeless [adj.]	n. 昏睡, 瞌睡, 无力气\n[医] 昏睡, 嗜眠	yes
torpor	死气沉沉	n.	kyle-only	toefl	toefl	no	yes	no	yes	no	yes	si qi chen chen	17	999999	lifeless [adj.]	n. 麻木, 无感觉, 迟钝\n[医] 迟钝, 不活泼	yes
understudy	替工	n.	kyle-only	tem8	tem8	no	yes	no	yes	yes	yes	ti gong	13	999999	substitute worker [n.]	n. 预备演员, 替角\nvt. 通过观察掌握某工作, 通过实习掌握某工作\nvt.vi. 练习当替角	yes
eyewash	表面文章	n.	kyle-only	tem8	tem8	no	yes	no	yes	yes	yes	biao mian wen zhang	11	999999	lip service [n.]	n. 洗眼水, 无稽之谈, 骗局\n[医] 洗眼药水(洗眼剂)	yes
desirability	希求	n.	kyle-only	toefl	toefl	no	yes	no	yes	no	yes	xi qiu	10	999999	desire [v.] | seek [v.]	n. 值得想望, 可取\n[经] 合意性, 可用性	yes
perplexity	窘困	n.	kyle-only	ielts	ielts	no	yes	no	yes	no	yes	jiong kun	9	999999	embarrassed [adj.]	n. 困惑, 混乱状态, 使人困惑的事物	yes
verbiage	赘言	n.	kyle-only	toefl	toefl	no	yes	no	yes	yes	yes	zhui yan	6	999999	superfluous words [n.]	n. 罗嗦, 冗词, 措辞	yes
epigram	隽语	n.	kyle-only	tem8	tem8	no	yes	no	yes	yes	yes	juan yu	5	999999	witty remark [n.]	n. 警句, 讽刺短诗	yes
scurf	头皮屑	n.	kyle-only	tem8	tem8	no	yes	no	yes	yes	yes	tou pi xie	5	999999	dandruff [n.]	n. 头屑, 皮屑\n[医] 头皮屑, 皮屑	yes
loam	肥土	n.	kyle-only	toefl	toefl	no	yes	no	yes	yes	yes	fei tu	3	999999	fertile soil [n.]	n. 壤土\nvt. 用土填	yes
