word	chinese	pos	targets	runtime_source	confidence_tier	ecdict_exact_pos_gloss	kyle_exact_pos_gloss	wordnet_related_to_base_sense	pinyin	pinyin_frequency	base_senses	ecdict_translation	kyle_sources	review_rule
inundate	淹没	v.	tem4,tem8,toefl,ielts	ECDICT MIT	dual-source-wordnet	yes	yes	yes	yan mo	1628	submerge [v.]	vt. 浸水, 泛滥, 淹没, 使充满	ielts,tem8,toefl	auto-v1: exact complete 2–6 Han-character gloss from one or both of ECDICT/KyleBing; exact current pinyin candidate and packed glossary key; matching POS in the packed key; exam membership and bundled IPA; one mapping per English headword; maximum eight added rows per Chinese key.
demerit	过失	n.	tem4,tem8,toefl,ielts	ECDICT MIT	dual-source-wordnet	yes	yes	yes	guo shi	585	fault [n.] | negligence [n.]	n. 缺点, 短处, 过失	ielts,tem4,tem8,toefl	auto-v1: exact complete 2–6 Han-character gloss from one or both of ECDICT/KyleBing; exact current pinyin candidate and packed glossary key; matching POS in the packed key; exam membership and bundled IPA; one mapping per English headword; maximum eight added rows per Chinese key.
facsimile	传真	n.	tem4,tem8,toefl,ielts	ECDICT MIT	dual-source-wordnet	yes	yes	yes	chuan zhen	235	fax [n.]	n. 摹(真)本, 传真\nvt. 传真, 临摹\na. 复制的\n[计] 复制; 传真; 精确复制	tem4,tem8,toefl	auto-v1: exact complete 2–6 Han-character gloss from one or both of ECDICT/KyleBing; exact current pinyin candidate and packed glossary key; matching POS in the packed key; exam membership and bundled IPA; one mapping per English headword; maximum eight added rows per Chinese key.
anthem	赞美诗	n.	tem4,tem8,toefl,ielts	ECDICT MIT	dual-source-wordnet	yes	yes	yes	zan mei shi	137	hymn [n.]	n. 圣歌, 赞美诗	ielts,tem4,tem8	auto-v1: exact complete 2–6 Han-character gloss from one or both of ECDICT/KyleBing; exact current pinyin candidate and packed glossary key; matching POS in the packed key; exam membership and bundled IPA; one mapping per English headword; maximum eight added rows per Chinese key.
lastly	终于	adv.	tem4,tem8,toefl	ECDICT MIT	dual-source-wordnet	yes	yes	yes	zhong yu	45109	finally [adv.]	adv. 最后, 终于	tem4,tem8,toefl	auto-v1: exact complete 2–6 Han-character gloss from one or both of ECDICT/KyleBing; exact current pinyin candidate and packed glossary key; matching POS in the packed key; exam membership and bundled IPA; one mapping per English headword; maximum eight added rows per Chinese key.
advertising	广告	n.	tem4,tem8,ielts	ECDICT MIT	dual-source-wordnet	yes	yes	yes	guang gao	21273	advertisement [n.]	n. 广告业, 广告\na. 广告的\n[计] 发广告	tem4,tem8	auto-v1: exact complete 2–6 Han-character gloss from one or both of ECDICT/KyleBing; exact current pinyin candidate and packed glossary key; matching POS in the packed key; exam membership and bundled IPA; one mapping per English headword; maximum eight added rows per Chinese key.
observance	仪式	n.	tem8,toefl,ielts	ECDICT MIT	dual-source-wordnet	yes	yes	yes	yi shi	8248	ceremony [n.]	n. 观察, 遵守, 仪式, 风俗习惯\n[法] 遵守, 奉行, 惯例	ielts,tem8	auto-v1: exact complete 2–6 Han-character gloss from one or both of ECDICT/KyleBing; exact current pinyin candidate and packed glossary key; matching POS in the packed key; exam membership and bundled IPA; one mapping per English headword; maximum eight added rows per Chinese key.
emancipate	解放	v.	tem4,tem8,toefl	ECDICT MIT	dual-source-wordnet	yes	yes	yes	jie fang	7719	liberate [v.] | free [v.]	vt. 释放, 解放	tem4,tem8,toefl	auto-v1: exact complete 2–6 Han-character gloss from one or both of ECDICT/KyleBing; exact current pinyin candidate and packed glossary key; matching POS in the packed key; exam membership and bundled IPA; one mapping per English headword; maximum eight added rows per Chinese key.
substantiate	证实	v.	tem8,toefl,ielts	ECDICT MIT	dual-source-wordnet	yes	yes	yes	zheng shi	4569	confirm [v.]	vt. 使实体化, 证实\n[经] 确证	ielts,tem8,toefl	auto-v1: exact complete 2–6 Han-character gloss from one or both of ECDICT/KyleBing; exact current pinyin candidate and packed glossary key; matching POS in the packed key; exam membership and bundled IPA; one mapping per English headword; maximum eight added rows per Chinese key.
quaint	奇怪的	adj.	tem8,toefl,ielts	ECDICT MIT	dual-source-wordnet	yes	yes	yes	qi guai de	3011	strange [adj.]	a. 古雅的, 离奇有趣的, 奇怪的	tem8,toefl	auto-v1: exact complete 2–6 Han-character gloss from one or both of ECDICT/KyleBing; exact current pinyin candidate and packed glossary key; matching POS in the packed key; exam membership and bundled IPA; one mapping per English headword; maximum eight added rows per Chinese key.
replicate	复制	v.	tem8,toefl,ielts	ECDICT MIT	dual-source-wordnet	yes	yes	yes	fu zhi	1774	copy [v.]	vt. 折叠, 折转, 复制\nn. 复现试验, 复制品, 高八度音\na. 复现的, 复制的, 折转的, 弯回的	tem8,toefl	auto-v1: exact complete 2–6 Han-character gloss from one or both of ECDICT/KyleBing; exact current pinyin candidate and packed glossary key; matching POS in the packed key; exam membership and bundled IPA; one mapping per English headword; maximum eight added rows per Chinese key.
exasperate	恶化	v.	tem8,toefl,ielts	ECDICT MIT	dual-source-wordnet	yes	yes	yes	e hua	1708	deteriorate [v.] | worsen [v.]	vt. 使恼怒, 激怒, 恶化\na. 糙面的, 恼怒的, 激怒的	tem8	auto-v1: exact complete 2–6 Han-character gloss from one or both of ECDICT/KyleBing; exact current pinyin candidate and packed glossary key; matching POS in the packed key; exam membership and bundled IPA; one mapping per English headword; maximum eight added rows per Chinese key.
despoil	掠夺	v.	tem8,toefl,ielts	ECDICT MIT	dual-source-wordnet	yes	yes	yes	lve duo	937	plunder [v.] | loot [v.]	vt. 夺取, 掠夺	ielts,tem8,toefl	auto-v1: exact complete 2–6 Han-character gloss from one or both of ECDICT/KyleBing; exact current pinyin candidate and packed glossary key; matching POS in the packed key; exam membership and bundled IPA; one mapping per English headword; maximum eight added rows per Chinese key.
invariable	常数	n.	tem4,tem8,toefl	ECDICT MIT	dual-source-wordnet	yes	yes	yes	chang shu	908	constant [n.]	n. 不变的东西, 常数\na. 不变的, 常数的	tem4,tem8	auto-v1: exact complete 2–6 Han-character gloss from one or both of ECDICT/KyleBing; exact current pinyin candidate and packed glossary key; matching POS in the packed key; exam membership and bundled IPA; one mapping per English headword; maximum eight added rows per Chinese key.
wane	衰落	v.	tem8,toefl,ielts	ECDICT MIT	dual-source-wordnet	yes	yes	yes	shuai luo	760	decline [v.]	n. 减少, 衰微, 败落, 亏缺, 月亏\nvi. 变小, 亏缺, 衰落, 消逝, 退潮	tem8	auto-v1: exact complete 2–6 Han-character gloss from one or both of ECDICT/KyleBing; exact current pinyin candidate and packed glossary key; matching POS in the packed key; exam membership and bundled IPA; one mapping per English headword; maximum eight added rows per Chinese key.
sustenance	生计	n.	tem8,toefl,ielts	ECDICT MIT	dual-source-wordnet	yes	yes	yes	sheng ji	597	livelihood [n.]	n. 生活资料, 生计, 食物, 支持\n[法] 营养物, 维持, 支持	tem8,toefl	auto-v1: exact complete 2–6 Han-character gloss from one or both of ECDICT/KyleBing; exact current pinyin candidate and packed glossary key; matching POS in the packed key; exam membership and bundled IPA; one mapping per English headword; maximum eight added rows per Chinese key.
sewerage	污水	n.	tem4,tem8,toefl	ECDICT MIT	dual-source-wordnet	yes	yes	yes	wu shui	573	sewage [n.] | wastewater [n.]	n. 排水设备, 污水\n[化] 污水	toefl	auto-v1: exact complete 2–6 Han-character gloss from one or both of ECDICT/KyleBing; exact current pinyin candidate and packed glossary key; matching POS in the packed key; exam membership and bundled IPA; one mapping per English headword; maximum eight added rows per Chinese key.
tarnish	玷污	v.	tem8,toefl,ielts	ECDICT MIT	dual-source-wordnet	yes	yes	yes	dian wu	371	taint [v.] | defile [v.]	n. 失泽, 失泽膜, 污点\nvt. 使失去光泽, 玷污\nvi. 失去光泽, 被玷污	tem8,toefl	auto-v1: exact complete 2–6 Han-character gloss from one or both of ECDICT/KyleBing; exact current pinyin candidate and packed glossary key; matching POS in the packed key; exam membership and bundled IPA; one mapping per English headword; maximum eight added rows per Chinese key.
tally	吻合	v.	tem4,tem8,toefl	ECDICT MIT	dual-source-wordnet	yes	yes	yes	wen he	369	match [v.] | coincide [v.]	n. 符木, 记账, 得分, 比分, 计数器, 标签, 符合, 对应物\nvt. 记录, 点数, 计算, 加标签于, 使符合\nvi. 记帐, 符合, 吻合, 记分\n[计] 计数	toefl	auto-v1: exact complete 2–6 Han-character gloss from one or both of ECDICT/KyleBing; exact current pinyin candidate and packed glossary key; matching POS in the packed key; exam membership and bundled IPA; one mapping per English headword; maximum eight added rows per Chinese key.
scuffle	混战	n.	tem8,toefl,ielts	ECDICT MIT	dual-source-wordnet	yes	yes	yes	hun zhan	343	melee [n.] | scramble [n.]	vi. 扭打, 混战, 拖着脚走, 敷衍了事\nn. 扭打, 混战, 拖着脚走	tem8	auto-v1: exact complete 2–6 Han-character gloss from one or both of ECDICT/KyleBing; exact current pinyin candidate and packed glossary key; matching POS in the packed key; exam membership and bundled IPA; one mapping per English headword; maximum eight added rows per Chinese key.
jumble	混杂	v.	tem8,toefl,ielts	ECDICT MIT	dual-source-wordnet	yes	yes	yes	hun za	282	mix [v.] | mingle [v.]	vi. 搀杂, 混杂\nvt. 搞乱, 使混乱\nn. 混乱, 薄饼	tem8,toefl	auto-v1: exact complete 2–6 Han-character gloss from one or both of ECDICT/KyleBing; exact current pinyin candidate and packed glossary key; matching POS in the packed key; exam membership and bundled IPA; one mapping per English headword; maximum eight added rows per Chinese key.
venerate	崇敬	v.	tem8,toefl,ielts	ECDICT MIT	dual-source-wordnet	yes	yes	yes	chong jing	207	revere [v.]	vt. 尊敬, 崇敬, 崇拜	ielts,tem8	auto-v1: exact complete 2–6 Han-character gloss from one or both of ECDICT/KyleBing; exact current pinyin candidate and packed glossary key; matching POS in the packed key; exam membership and bundled IPA; one mapping per English headword; maximum eight added rows per Chinese key.
taxation	税款	n.	tem4,tem8,ielts	ECDICT MIT	dual-source-wordnet	yes	yes	yes	shui kuan	174	tax [n.]	n. 课税, 征税, 抽税, 税款, 估定的税额\n[经] 征税, 纳税, 税制	tem4,tem8	auto-v1: exact complete 2–6 Han-character gloss from one or both of ECDICT/KyleBing; exact current pinyin candidate and packed glossary key; matching POS in the packed key; exam membership and bundled IPA; one mapping per English headword; maximum eight added rows per Chinese key.
dupe	愚弄	v.	tem8,toefl,ielts	ECDICT MIT	dual-source-wordnet	yes	yes	yes	yu nong	87	fool [v.] | deceive [v.]	n. 傻瓜, 易受骗的人\nvt. 欺骗, 愚弄	ielts,toefl	auto-v1: exact complete 2–6 Han-character gloss from one or both of ECDICT/KyleBing; exact current pinyin candidate and packed glossary key; matching POS in the packed key; exam membership and bundled IPA; one mapping per English headword; maximum eight added rows per Chinese key.
deplore	哀叹	v.	tem8,toefl,ielts	ECDICT MIT	dual-source-wordnet	yes	yes	yes	ai tan	81	lament [v.]	vt. 悲悼, 哀叹, 对...深感遗憾	tem8,toefl	auto-v1: exact complete 2–6 Han-character gloss from one or both of ECDICT/KyleBing; exact current pinyin candidate and packed glossary key; matching POS in the packed key; exam membership and bundled IPA; one mapping per English headword; maximum eight added rows per Chinese key.
memorise	熟记	v.	tem4,tem8,ielts	ECDICT MIT	dual-source-wordnet	yes	yes	yes	shu ji	33	memorize [v.]	vt. 记住, 熟记, 记录, 存储	ielts	auto-v1: exact complete 2–6 Han-character gloss from one or both of ECDICT/KyleBing; exact current pinyin candidate and packed glossary key; matching POS in the packed key; exam membership and bundled IPA; one mapping per English headword; maximum eight added rows per Chinese key.
fete	节日	n.	tem8,toefl	ECDICT MIT	dual-source-wordnet	yes	yes	yes	jie ri	13921	festival [n.]	n. 庆祝, 祭祀, 节日\nvt. 宴请, 招待	tem8	auto-v1: exact complete 2–6 Han-character gloss from one or both of ECDICT/KyleBing; exact current pinyin candidate and packed glossary key; matching POS in the packed key; exam membership and bundled IPA; one mapping per English headword; maximum eight added rows per Chinese key.
backdrop	背景	n.	tem8,toefl	ECDICT MIT	dual-source-wordnet	yes	yes	yes	bei jing	13777	background [n.]	n. 背景幕, 背景	tem8,toefl	auto-v1: exact complete 2–6 Han-character gloss from one or both of ECDICT/KyleBing; exact current pinyin candidate and packed glossary key; matching POS in the packed key; exam membership and bundled IPA; one mapping per English headword; maximum eight added rows per Chinese key.
oversee	监督	v.	toefl,ielts	ECDICT MIT	dual-source-wordnet	yes	yes	yes	jian du	11021	supervise [v.]	vt. 向下看, 了望, 监督, 偷看到\n[法] 监察, 监督, 俯瞰	ielts,toefl	auto-v1: exact complete 2–6 Han-character gloss from one or both of ECDICT/KyleBing; exact current pinyin candidate and packed glossary key; matching POS in the packed key; exam membership and bundled IPA; one mapping per English headword; maximum eight added rows per Chinese key.
accentuate	强调	v.	tem8,toefl	ECDICT MIT	dual-source-wordnet	yes	yes	yes	qiang diao	6934	emphasize [v.]	vt. 以重音念, 强调, 重读	tem8	auto-v1: exact complete 2–6 Han-character gloss from one or both of ECDICT/KyleBing; exact current pinyin candidate and packed glossary key; matching POS in the packed key; exam membership and bundled IPA; one mapping per English headword; maximum eight added rows per Chinese key.
dealing	交易	n.	tem8,toefl	ECDICT MIT	dual-source-wordnet	yes	yes	yes	jiao yi	6759	trade [n.] | transaction [n.]	n. 经营行为, 行为, 交易\n[法] 待遇, 处置, 行为	tem8,toefl	auto-v1: exact complete 2–6 Han-character gloss from one or both of ECDICT/KyleBing; exact current pinyin candidate and packed glossary key; matching POS in the packed key; exam membership and bundled IPA; one mapping per English headword; maximum eight added rows per Chinese key.
commiserate	同情	v.	toefl,ielts	ECDICT MIT	dual-source-wordnet	yes	yes	yes	tong qing	6037	sympathize [v.]	v. 怜悯, 同情	ielts	auto-v1: exact complete 2–6 Han-character gloss from one or both of ECDICT/KyleBing; exact current pinyin candidate and packed glossary key; matching POS in the packed key; exam membership and bundled IPA; one mapping per English headword; maximum eight added rows per Chinese key.
apprehend	逮捕	v.	tem8,toefl	ECDICT MIT	dual-source-wordnet	yes	yes	yes	dai bu	5700	arrest [v.]	vt. 理解, 忧虑, 逮捕\nvi. 担心, 理解	tem8,toefl	auto-v1: exact complete 2–6 Han-character gloss from one or both of ECDICT/KyleBing; exact current pinyin candidate and packed glossary key; matching POS in the packed key; exam membership and bundled IPA; one mapping per English headword; maximum eight added rows per Chinese key.
icebox	冰箱	n.	tem8,toefl	ECDICT MIT	dual-source-wordnet	yes	yes	yes	bing xiang	5274	refrigerator [n.]	n. 冷藏库, 冰箱, 冷冻室\n[法] 冰箱, 无名死尸安置处, 单人牢房	tem8	auto-v1: exact complete 2–6 Han-character gloss from one or both of ECDICT/KyleBing; exact current pinyin candidate and packed glossary key; matching POS in the packed key; exam membership and bundled IPA; one mapping per English headword; maximum eight added rows per Chinese key.
saloon	酒吧	n.	tem4,tem8	ECDICT MIT	dual-source-wordnet	yes	yes	yes	jiu ba	5173	bar [n.]	n. 大厅, 沙龙, 酒吧, 会客室	tem4,tem8	auto-v1: exact complete 2–6 Han-character gloss from one or both of ECDICT/KyleBing; exact current pinyin candidate and packed glossary key; matching POS in the packed key; exam membership and bundled IPA; one mapping per English headword; maximum eight added rows per Chinese key.
supplant	代替	v.	tem8,toefl	ECDICT MIT	dual-source-wordnet	yes	yes	yes	dai ti	4953	replace [v.] | substitute [v.]	vt. 排挤掉, 代替	tem8,toefl	auto-v1: exact complete 2–6 Han-character gloss from one or both of ECDICT/KyleBing; exact current pinyin candidate and packed glossary key; matching POS in the packed key; exam membership and bundled IPA; one mapping per English headword; maximum eight added rows per Chinese key.
ambience	气氛	n.	tem8,toefl	ECDICT MIT	dual-source-wordnet	yes	yes	yes	qi fen	3960	atmosphere [n.]	n. 周围环境, 气氛	tem8,toefl	auto-v1: exact complete 2–6 Han-character gloss from one or both of ECDICT/KyleBing; exact current pinyin candidate and packed glossary key; matching POS in the packed key; exam membership and bundled IPA; one mapping per English headword; maximum eight added rows per Chinese key.
truthful	真实的	adj.	tem4,tem8	ECDICT MIT	dual-source-wordnet	yes	yes	yes	zhen shi de	3923	real [adj.] | true [adj.]	a. 说真话的, 诚实的, 真实的, 如实的\n[法] 真实的, 说实话的, 诚实的	tem4,tem8	auto-v1: exact complete 2–6 Han-character gloss from one or both of ECDICT/KyleBing; exact current pinyin candidate and packed glossary key; matching POS in the packed key; exam membership and bundled IPA; one mapping per English headword; maximum eight added rows per Chinese key.
circumvent	包围	v.	tem8,toefl	ECDICT MIT	dual-source-wordnet	yes	yes	yes	bao wei	3844	surround [v.] | encircle [v.]	vt. 绕行, 陷害, 包围, 智取	tem8	auto-v1: exact complete 2–6 Han-character gloss from one or both of ECDICT/KyleBing; exact current pinyin candidate and packed glossary key; matching POS in the packed key; exam membership and bundled IPA; one mapping per English headword; maximum eight added rows per Chinese key.
bequest	遗产	n.	tem8,toefl	ECDICT MIT	dual-source-wordnet	yes	yes	yes	yi chan	3709	heritage [n.] | legacy [n.]	n. 遗赠物, 遗产, 遗赠\n[经] 遗产	tem8,toefl	auto-v1: exact complete 2–6 Han-character gloss from one or both of ECDICT/KyleBing; exact current pinyin candidate and packed glossary key; matching POS in the packed key; exam membership and bundled IPA; one mapping per English headword; maximum eight added rows per Chinese key.
exponent	指数	n.	tem8,toefl	ECDICT MIT	dual-source-wordnet	yes	yes	yes	zhi shu	2988	index [n.]	n. 说明者, 倡导者, 说明物, 指数\na. 说明的\n[计] 指数	toefl	auto-v1: exact complete 2–6 Han-character gloss from one or both of ECDICT/KyleBing; exact current pinyin candidate and packed glossary key; matching POS in the packed key; exam membership and bundled IPA; one mapping per English headword; maximum eight added rows per Chinese key.
vestige	痕迹	n.	tem8,toefl	ECDICT MIT	dual-source-wordnet	yes	yes	yes	hen ji	2380	trace [n.] | mark [n.]	n. 遗迹, 痕迹, 残余, 丝毫, 退化的器官\n[医] 遗迹, 剩件, 剩余	toefl	auto-v1: exact complete 2–6 Han-character gloss from one or both of ECDICT/KyleBing; exact current pinyin candidate and packed glossary key; matching POS in the packed key; exam membership and bundled IPA; one mapping per English headword; maximum eight added rows per Chinese key.
ensconce	安置	v.	tem8,toefl	ECDICT MIT	dual-source-wordnet	yes	yes	yes	an zhi	2237	place [v.] | settle [v.]	vt. 安顿下来, 安置, 使隐藏	tem8,toefl	auto-v1: exact complete 2–6 Han-character gloss from one or both of ECDICT/KyleBing; exact current pinyin candidate and packed glossary key; matching POS in the packed key; exam membership and bundled IPA; one mapping per English headword; maximum eight added rows per Chinese key.
fallacious	骗人的	adj.	tem8,toefl	ECDICT MIT	dual-source-wordnet	yes	yes	yes	pian ren de	2099	deceptive [adj.]	a. 使人误解的, 谬误的, 不合理的, 骗人的	tem8	auto-v1: exact complete 2–6 Han-character gloss from one or both of ECDICT/KyleBing; exact current pinyin candidate and packed glossary key; matching POS in the packed key; exam membership and bundled IPA; one mapping per English headword; maximum eight added rows per Chinese key.
impinge	侵犯	v.	tem8,toefl	ECDICT MIT	dual-source-wordnet	yes	yes	yes	qin fan	1917	infringe [v.]	vi. 撞击, 起作用, 侵犯\nvt. 撞击	tem8	auto-v1: exact complete 2–6 Han-character gloss from one or both of ECDICT/KyleBing; exact current pinyin candidate and packed glossary key; matching POS in the packed key; exam membership and bundled IPA; one mapping per English headword; maximum eight added rows per Chinese key.
ravish	强奸	v.	tem8,toefl	ECDICT MIT	dual-source-wordnet	yes	yes	yes	qiang jian	1881	rape [v.]	vt. 强夺, 夺走, 使出神, 强奸\n[法] 强夺, 抢去, 强奸	tem8	auto-v1: exact complete 2–6 Han-character gloss from one or both of ECDICT/KyleBing; exact current pinyin candidate and packed glossary key; matching POS in the packed key; exam membership and bundled IPA; one mapping per English headword; maximum eight added rows per Chinese key.
outstrip	胜过	v.	tem8,ielts	ECDICT MIT	dual-source-wordnet	yes	yes	yes	sheng guo	845	surpass [v.] | beat [v.]	vt. 追过, 胜过, 凌驾	ielts	auto-v1: exact complete 2–6 Han-character gloss from one or both of ECDICT/KyleBing; exact current pinyin candidate and packed glossary key; matching POS in the packed key; exam membership and bundled IPA; one mapping per English headword; maximum eight added rows per Chinese key.
syndicate	财团	n.	tem8,ielts	ECDICT MIT	dual-source-wordnet	yes	yes	yes	cai tuan	765	consortium [n.]	n. 企业联合, 辛迪加, 财团\nv. 联合成辛迪加	tem8	auto-v1: exact complete 2–6 Han-character gloss from one or both of ECDICT/KyleBing; exact current pinyin candidate and packed glossary key; matching POS in the packed key; exam membership and bundled IPA; one mapping per English headword; maximum eight added rows per Chinese key.
foetus	胎儿	n.	tem8,ielts	ECDICT MIT	dual-source-wordnet	yes	yes	yes	tai er	755	fetus [n.]	n. 胚胎, 胎儿\n[医] 胎, 胎儿	ielts,tem8	auto-v1: exact complete 2–6 Han-character gloss from one or both of ECDICT/KyleBing; exact current pinyin candidate and packed glossary key; matching POS in the packed key; exam membership and bundled IPA; one mapping per English headword; maximum eight added rows per Chinese key.
incriminate	控告	v.	tem8,toefl	ECDICT MIT	dual-source-wordnet	yes	yes	yes	kong gao	751	accuse [v.] | sue [v.]	vt. 连累, 暗示...有罪, 控告\n[法] 控告, 使入罪, 连累	tem8	auto-v1: exact complete 2–6 Han-character gloss from one or both of ECDICT/KyleBing; exact current pinyin candidate and packed glossary key; matching POS in the packed key; exam membership and bundled IPA; one mapping per English headword; maximum eight added rows per Chinese key.
abode	住处	n.	tem8,ielts	ECDICT MIT	dual-source-wordnet	yes	yes	yes	zhu chu	720	residence [n.] | lodging [n.]	n. 住所, 住处\nabide的过去式和过去分词	tem8	auto-v1: exact complete 2–6 Han-character gloss from one or both of ECDICT/KyleBing; exact current pinyin candidate and packed glossary key; matching POS in the packed key; exam membership and bundled IPA; one mapping per English headword; maximum eight added rows per Chinese key.
confederacy	邦联	n.	tem8,toefl	ECDICT MIT	dual-source-wordnet	yes	yes	yes	bang lian	654	confederation [n.]	n. 联盟, 邦联\n[法] 共谋, 违法的结社, 联盟	toefl	auto-v1: exact complete 2–6 Han-character gloss from one or both of ECDICT/KyleBing; exact current pinyin candidate and packed glossary key; matching POS in the packed key; exam membership and bundled IPA; one mapping per English headword; maximum eight added rows per Chinese key.
repute	声望	n.	tem8,toefl	ECDICT MIT	dual-source-wordnet	yes	yes	yes	sheng wang	651	prestige [n.] | reputation [n.]	n. 名望, 名气, 声望\nvt. 认为, 以为	tem8	auto-v1: exact complete 2–6 Han-character gloss from one or both of ECDICT/KyleBing; exact current pinyin candidate and packed glossary key; matching POS in the packed key; exam membership and bundled IPA; one mapping per English headword; maximum eight added rows per Chinese key.
sidestep	回避	v.	tem8,toefl	ECDICT MIT	dual-source-wordnet	yes	yes	yes	hui bi	608	avoid [v.] | evade [v.]	n. 横跨的一步, 台阶\nvt. 横跨一步躲避, 回避\nvi. 回避问题, 躲避打击	tem8	auto-v1: exact complete 2–6 Han-character gloss from one or both of ECDICT/KyleBing; exact current pinyin candidate and packed glossary key; matching POS in the packed key; exam membership and bundled IPA; one mapping per English headword; maximum eight added rows per Chinese key.
parry	回避	v.	tem8,toefl	ECDICT MIT	dual-source-wordnet	yes	yes	yes	hui bi	608	avoid [v.] | evade [v.]	vt. 挡开, 回避, 闪避的回答\nn. 挡开, 回避, 闪避的回答	tem8	auto-v1: exact complete 2–6 Han-character gloss from one or both of ECDICT/KyleBing; exact current pinyin candidate and packed glossary key; matching POS in the packed key; exam membership and bundled IPA; one mapping per English headword; maximum eight added rows per Chinese key.
seethe	沸腾	v.	tem8,toefl	ECDICT MIT	dual-source-wordnet	yes	yes	yes	fei teng	468	boil [v.]	vi. 冒泡, 沸腾\nvt. 使煮沸, 使浸透\nn. 翻腾	tem8	auto-v1: exact complete 2–6 Han-character gloss from one or both of ECDICT/KyleBing; exact current pinyin candidate and packed glossary key; matching POS in the packed key; exam membership and bundled IPA; one mapping per English headword; maximum eight added rows per Chinese key.
foretell	预示	v.	tem8,toefl	ECDICT MIT	dual-source-wordnet	yes	yes	yes	yu shi	458	indicate [v.] | foreshadow [v.]	vt. 预言, 预告, 预示	tem8	auto-v1: exact complete 2–6 Han-character gloss from one or both of ECDICT/KyleBing; exact current pinyin candidate and packed glossary key; matching POS in the packed key; exam membership and bundled IPA; one mapping per English headword; maximum eight added rows per Chinese key.
impregnate	灌输	v.	tem8,toefl	ECDICT MIT	dual-source-wordnet	yes	yes	yes	guan shu	416	instill [v.]	vt. 使怀孕, 使肥沃, 使充满, 灌输\na. 怀孕的, 充满的	tem8	auto-v1: exact complete 2–6 Han-character gloss from one or both of ECDICT/KyleBing; exact current pinyin candidate and packed glossary key; matching POS in the packed key; exam membership and bundled IPA; one mapping per English headword; maximum eight added rows per Chinese key.
recoup	扣除	v.	tem8,toefl	ECDICT MIT	dual-source-wordnet	yes	yes	yes	kou chu	389	deduct [v.]	vt. 偿还, 赔偿, 补偿, 扣除\nvi. 补偿损失	tem8	auto-v1: exact complete 2–6 Han-character gloss from one or both of ECDICT/KyleBing; exact current pinyin candidate and packed glossary key; matching POS in the packed key; exam membership and bundled IPA; one mapping per English headword; maximum eight added rows per Chinese key.
extinguisher	灭火器	n.	tem8,ielts	ECDICT MIT	dual-source-wordnet	yes	yes	yes	mie huo qi	305	fire extinguisher [n.]	n. 熄灭者, 灭火器, 消灭者\n[化] 灭火器; 灭火剂	ielts,tem8	auto-v1: exact complete 2–6 Han-character gloss from one or both of ECDICT/KyleBing; exact current pinyin candidate and packed glossary key; matching POS in the packed key; exam membership and bundled IPA; one mapping per English headword; maximum eight added rows per Chinese key.
despot	暴君	n.	tem4,tem8	ECDICT MIT	dual-source-wordnet	yes	yes	yes	bao jun	303	tyrant [n.]	n. 专制君主, 暴君\n[法] 暴君, 专制君主	tem4,tem8	auto-v1: exact complete 2–6 Han-character gloss from one or both of ECDICT/KyleBing; exact current pinyin candidate and packed glossary key; matching POS in the packed key; exam membership and bundled IPA; one mapping per English headword; maximum eight added rows per Chinese key.
incendiary	燃烧弹	n.	tem8,ielts	ECDICT MIT	dual-source-wordnet	yes	yes	yes	ran shao dan	226	incendiary bomb [n.]	a. 放火的, 煽动的, 燃烧的\nn. 纵火犯人, 煽动者, 燃烧弹	tem8	auto-v1: exact complete 2–6 Han-character gloss from one or both of ECDICT/KyleBing; exact current pinyin candidate and packed glossary key; matching POS in the packed key; exam membership and bundled IPA; one mapping per English headword; maximum eight added rows per Chinese key.
grovel	匍匐	v.	tem8,toefl	ECDICT MIT	dual-source-wordnet	yes	yes	yes	pu fu	206	crawl [v.]	vi. 趴, 匍匐, 卑躬屈膝	tem8	auto-v1: exact complete 2–6 Han-character gloss from one or both of ECDICT/KyleBing; exact current pinyin candidate and packed glossary key; matching POS in the packed key; exam membership and bundled IPA; one mapping per English headword; maximum eight added rows per Chinese key.
suffrage	选举权	n.	tem8,toefl	ECDICT MIT	dual-source-wordnet	yes	yes	yes	xuan ju quan	195	right to vote [n.]	n. 投票, 选举权, 参政权, 代祷\n[法] 选举权, 投票权, 参政权	tem8	auto-v1: exact complete 2–6 Han-character gloss from one or both of ECDICT/KyleBing; exact current pinyin candidate and packed glossary key; matching POS in the packed key; exam membership and bundled IPA; one mapping per English headword; maximum eight added rows per Chinese key.
coop	鸡笼	n.	tem8,toefl	ECDICT MIT	dual-source-wordnet	yes	yes	yes	ji long	100	chicken coop [n.]	n. 狭小空间, 鸡笼, 捕鱼篓\nvt. 关进鸡舍, 监禁	tem8	auto-v1: exact complete 2–6 Han-character gloss from one or both of ECDICT/KyleBing; exact current pinyin candidate and packed glossary key; matching POS in the packed key; exam membership and bundled IPA; one mapping per English headword; maximum eight added rows per Chinese key.
hairdo	发式	n.	tem8,toefl	ECDICT MIT	dual-source-wordnet	yes	yes	yes	fa shi	95	hairstyle [n.]	n. 束发, 发式, 作头发	tem8	auto-v1: exact complete 2–6 Han-character gloss from one or both of ECDICT/KyleBing; exact current pinyin candidate and packed glossary key; matching POS in the packed key; exam membership and bundled IPA; one mapping per English headword; maximum eight added rows per Chinese key.
cobble	鹅卵石	n.	tem8,toefl	ECDICT MIT	dual-source-wordnet	yes	yes	yes	e luan shi	83	cobblestone [n.]	n. 圆石, 鹅卵石\nvt. 铺鹅卵石, 修, 粗粗地修补	tem8,toefl	auto-v1: exact complete 2–6 Han-character gloss from one or both of ECDICT/KyleBing; exact current pinyin candidate and packed glossary key; matching POS in the packed key; exam membership and bundled IPA; one mapping per English headword; maximum eight added rows per Chinese key.
frenzy	狂怒	n.	tem8,toefl	ECDICT MIT	dual-source-wordnet	yes	yes	yes	kuang nu	64	fury [n.]	n. 疯狂, 狂暴, 狂怒\n[医] 暴怒, 狂乱	tem8	auto-v1: exact complete 2–6 Han-character gloss from one or both of ECDICT/KyleBing; exact current pinyin candidate and packed glossary key; matching POS in the packed key; exam membership and bundled IPA; one mapping per English headword; maximum eight added rows per Chinese key.
snarl	缠结	v.	tem8,toefl	ECDICT MIT	dual-source-wordnet	yes	yes	yes	chan jie	32	tangle [v.] | entangle [v.]	vi. 吼叫, 怒骂, 缠结\nvt. 咆哮着说, 搞乱, 使缠结\nn. 咆哮, 吼叫, 怒骂, 缠结, 混乱	tem8	auto-v1: exact complete 2–6 Han-character gloss from one or both of ECDICT/KyleBing; exact current pinyin candidate and packed glossary key; matching POS in the packed key; exam membership and bundled IPA; one mapping per English headword; maximum eight added rows per Chinese key.
expiry	满期	n.	tem8,ielts	ECDICT MIT	dual-source-wordnet	yes	yes	yes	man qi	22	expiration [n.]	n. 终结, 满期, 呼气, 断气\n[经] 满期, 到期	ielts,tem8	auto-v1: exact complete 2–6 Han-character gloss from one or both of ECDICT/KyleBing; exact current pinyin candidate and packed glossary key; matching POS in the packed key; exam membership and bundled IPA; one mapping per English headword; maximum eight added rows per Chinese key.
nestle	偎依	v.	tem8,toefl	ECDICT MIT	dual-source-wordnet	yes	yes	yes	wei yi	12	snuggle [v.]	vi. 舒适地坐定, 挨靠, 偎依\nvt. 抱, 安置	tem8	auto-v1: exact complete 2–6 Han-character gloss from one or both of ECDICT/KyleBing; exact current pinyin candidate and packed glossary key; matching POS in the packed key; exam membership and bundled IPA; one mapping per English headword; maximum eight added rows per Chinese key.
vocalist	歌手	n.	tem8	ECDICT MIT	dual-source-wordnet	yes	yes	yes	ge shou	23501	singer [n.]	n. 声乐家, 歌手	tem8	auto-v1: exact complete 2–6 Han-character gloss from one or both of ECDICT/KyleBing; exact current pinyin candidate and packed glossary key; matching POS in the packed key; exam membership and bundled IPA; one mapping per English headword; maximum eight added rows per Chinese key.
summertime	夏季	n.	toefl	ECDICT MIT	dual-source-wordnet	yes	yes	yes	xia ji	19052	summer [n.]	n. 全盛时期, 夏季	toefl	auto-v1: exact complete 2–6 Han-character gloss from one or both of ECDICT/KyleBing; exact current pinyin candidate and packed glossary key; matching POS in the packed key; exam membership and bundled IPA; one mapping per English headword; maximum eight added rows per Chinese key.
precisely	正好	adv.	toefl	ECDICT MIT	dual-source-wordnet	yes	yes	yes	zheng hao	13051	exactly [adv.] | just [adv.]	adv. 精确地, 明确地, 刻板地, 拘泥地, 正好, 恰恰, 对, 正是如此, 确实如此, 不错	toefl	auto-v1: exact complete 2–6 Han-character gloss from one or both of ECDICT/KyleBing; exact current pinyin candidate and packed glossary key; matching POS in the packed key; exam membership and bundled IPA; one mapping per English headword; maximum eight added rows per Chinese key.
populace	大众	n.	ielts	ECDICT MIT	dual-source-wordnet	yes	yes	yes	da zhong	7165	public [n.]	n. 平民, 大众, 人口	ielts	auto-v1: exact complete 2–6 Han-character gloss from one or both of ECDICT/KyleBing; exact current pinyin candidate and packed glossary key; matching POS in the packed key; exam membership and bundled IPA; one mapping per English headword; maximum eight added rows per Chinese key.
nab	逮捕	v.	tem8	ECDICT MIT	dual-source-wordnet	yes	yes	yes	dai bu	5700	arrest [v.]	vt. 捉住, 逮捕, 抢夺\n[电] 国际广播协会的简写	tem8	auto-v1: exact complete 2–6 Han-character gloss from one or both of ECDICT/KyleBing; exact current pinyin candidate and packed glossary key; matching POS in the packed key; exam membership and bundled IPA; one mapping per English headword; maximum eight added rows per Chinese key.
plagiarise	抄袭	v.	ielts	ECDICT MIT	dual-source-wordnet	yes	yes	yes	chao xi	5540	plagiarize [v.]	vi.vt. 剽窃, 抄袭	ielts	auto-v1: exact complete 2–6 Han-character gloss from one or both of ECDICT/KyleBing; exact current pinyin candidate and packed glossary key; matching POS in the packed key; exam membership and bundled IPA; one mapping per English headword; maximum eight added rows per Chinese key.
grisly	厉害的	adj.	tem8	ECDICT MIT	dual-source-wordnet	yes	yes	yes	li hai de	5372	powerful [adj.] | formidable [adj.]	a. 可怕的, 厉害的, 令人畏惧的	tem8	auto-v1: exact complete 2–6 Han-character gloss from one or both of ECDICT/KyleBing; exact current pinyin candidate and packed glossary key; matching POS in the packed key; exam membership and bundled IPA; one mapping per English headword; maximum eight added rows per Chinese key.
popularise	推广	v.	tem8	ECDICT MIT	dual-source-wordnet	yes	yes	yes	tui guang	4860	promote [v.] | popularize [v.]	vt.vi. 使通俗化, 使受欢迎, 使大众化, 使普及, 宣传, 推广	tem8	auto-v1: exact complete 2–6 Han-character gloss from one or both of ECDICT/KyleBing; exact current pinyin candidate and packed glossary key; matching POS in the packed key; exam membership and bundled IPA; one mapping per English headword; maximum eight added rows per Chinese key.
leaning	倾向	n.	toefl	ECDICT MIT	dual-source-wordnet	yes	yes	yes	qing xiang	3646	tendency [n.]	n. 倾斜, 倾向, 爱好	toefl	auto-v1: exact complete 2–6 Han-character gloss from one or both of ECDICT/KyleBing; exact current pinyin candidate and packed glossary key; matching POS in the packed key; exam membership and bundled IPA; one mapping per English headword; maximum eight added rows per Chinese key.
subsidise	资助	v.	ielts	ECDICT MIT	dual-source-wordnet	yes	yes	yes	zi zhu	3570	fund [v.] | subsidize [v.]	vt. 给...补助金, 津贴, 资助	ielts	auto-v1: exact complete 2–6 Han-character gloss from one or both of ECDICT/KyleBing; exact current pinyin candidate and packed glossary key; matching POS in the packed key; exam membership and bundled IPA; one mapping per English headword; maximum eight added rows per Chinese key.
zip	活力	n.	tem8	ECDICT MIT	dual-source-wordnet	yes	yes	yes	huo li	3004	vitality [n.] | energy [n.]	n. 尖啸声, 拉链, 活力\nvt. 给...以速度, 使增加活力, 拉(拉链)\nvi. 有力而迅速地行动, 嘘嘘地响, 拉拉链	tem8	auto-v1: exact complete 2–6 Han-character gloss from one or both of ECDICT/KyleBing; exact current pinyin candidate and packed glossary key; matching POS in the packed key; exam membership and bundled IPA; one mapping per English headword; maximum eight added rows per Chinese key.
verve	活力	n.	tem8	ECDICT MIT	dual-source-wordnet	yes	yes	yes	huo li	3004	vitality [n.] | energy [n.]	n. 热情, 气魄, 神韵, 活力	tem8	auto-v1: exact complete 2–6 Han-character gloss from one or both of ECDICT/KyleBing; exact current pinyin candidate and packed glossary key; matching POS in the packed key; exam membership and bundled IPA; one mapping per English headword; maximum eight added rows per Chinese key.
upland	高地	n.	toefl	ECDICT MIT	dual-source-wordnet	yes	yes	yes	gao di	2955	highland [n.] | plateau [n.]	n. 山地, 高地, 高原\na. 高地的, 山地的	toefl	auto-v1: exact complete 2–6 Han-character gloss from one or both of ECDICT/KyleBing; exact current pinyin candidate and packed glossary key; matching POS in the packed key; exam membership and bundled IPA; one mapping per English headword; maximum eight added rows per Chinese key.
backside	后方	n.	tem8	ECDICT MIT	dual-source-wordnet	yes	yes	yes	hou fang	2829	rear [n.]	n. 背部, 背后, 后方	tem8	auto-v1: exact complete 2–6 Han-character gloss from one or both of ECDICT/KyleBing; exact current pinyin candidate and packed glossary key; matching POS in the packed key; exam membership and bundled IPA; one mapping per English headword; maximum eight added rows per Chinese key.
bout	回合	n.	tem8	ECDICT MIT	dual-source-wordnet	yes	yes	yes	hui he	2741	round [n.]	n. 一回, 回合, 较量\n[医] 发作	tem8	auto-v1: exact complete 2–6 Han-character gloss from one or both of ECDICT/KyleBing; exact current pinyin candidate and packed glossary key; matching POS in the packed key; exam membership and bundled IPA; one mapping per English headword; maximum eight added rows per Chinese key.
labourer	劳工	n.	tem8	ECDICT MIT	dual-source-wordnet	yes	yes	yes	lao gong	2652	laborer [n.] | worker [n.]	n. 劳动者, 干体力工作的工人, 劳工\n[机] 劳动者	tem8	auto-v1: exact complete 2–6 Han-character gloss from one or both of ECDICT/KyleBing; exact current pinyin candidate and packed glossary key; matching POS in the packed key; exam membership and bundled IPA; one mapping per English headword; maximum eight added rows per Chinese key.
sequester	没收	v.	toefl	ECDICT MIT	dual-source-wordnet	yes	yes	yes	mo shou	2303	confiscate [v.]	vt. 使隐退, 使隔绝, 扣押, 没收\n[化] 螯合剂; 多价螯合剂	toefl	auto-v1: exact complete 2–6 Han-character gloss from one or both of ECDICT/KyleBing; exact current pinyin candidate and packed glossary key; matching POS in the packed key; exam membership and bundled IPA; one mapping per English headword; maximum eight added rows per Chinese key.
abut	毗邻	v.	toefl	ECDICT MIT	dual-source-wordnet	yes	yes	yes	pi lin	2076	adjacent [v.] | border [v.]	v. 邻接, 毗邻	toefl	auto-v1: exact complete 2–6 Han-character gloss from one or both of ECDICT/KyleBing; exact current pinyin candidate and packed glossary key; matching POS in the packed key; exam membership and bundled IPA; one mapping per English headword; maximum eight added rows per Chinese key.
outlay	支出	n.	tem8	ECDICT MIT	dual-source-wordnet	yes	yes	yes	zhi chu	1975	expenditure [n.]	n. 费用, 经费, 支出\nvt. 花费	tem8	auto-v1: exact complete 2–6 Han-character gloss from one or both of ECDICT/KyleBing; exact current pinyin candidate and packed glossary key; matching POS in the packed key; exam membership and bundled IPA; one mapping per English headword; maximum eight added rows per Chinese key.
emissary	使者	n.	tem8	ECDICT MIT	dual-source-wordnet	yes	yes	yes	shi zhe	1843	envoy [n.] | messenger [n.]	n. 密使, 间谍, 使者\na. 充当密使的, 充当间谍的	tem8	auto-v1: exact complete 2–6 Han-character gloss from one or both of ECDICT/KyleBing; exact current pinyin candidate and packed glossary key; matching POS in the packed key; exam membership and bundled IPA; one mapping per English headword; maximum eight added rows per Chinese key.
personification	化身	n.	tem8	ECDICT MIT	dual-source-wordnet	yes	yes	yes	hua shen	1646	incarnation [n.]	n. 拟人, 人格化, 拟人法, 化身, 象征	tem8	auto-v1: exact complete 2–6 Han-character gloss from one or both of ECDICT/KyleBing; exact current pinyin candidate and packed glossary key; matching POS in the packed key; exam membership and bundled IPA; one mapping per English headword; maximum eight added rows per Chinese key.
totality	总数	n.	toefl	ECDICT MIT	dual-source-wordnet	yes	yes	yes	zong shu	1517	total [n.]	n. 全体, 总数, 全食	toefl	auto-v1: exact complete 2–6 Han-character gloss from one or both of ECDICT/KyleBing; exact current pinyin candidate and packed glossary key; matching POS in the packed key; exam membership and bundled IPA; one mapping per English headword; maximum eight added rows per Chinese key.
harbinger	先驱	n.	tem8	ECDICT MIT	dual-source-wordnet	yes	yes	yes	xian qu	1430	pioneer [n.] | forerunner [n.]	n. 通告者, 预告者, 先驱, 预兆\nvt. 预告, 充做...的前驱	tem8	auto-v1: exact complete 2–6 Han-character gloss from one or both of ECDICT/KyleBing; exact current pinyin candidate and packed glossary key; matching POS in the packed key; exam membership and bundled IPA; one mapping per English headword; maximum eight added rows per Chinese key.
hutch	小屋	n.	tem8	ECDICT MIT	dual-source-wordnet	yes	yes	yes	xiao wu	1361	hut [n.] | cabin [n.]	n. 箱, 厨, 笼, 小屋\nvt. 把...装箱	tem8	auto-v1: exact complete 2–6 Han-character gloss from one or both of ECDICT/KyleBing; exact current pinyin candidate and packed glossary key; matching POS in the packed key; exam membership and bundled IPA; one mapping per English headword; maximum eight added rows per Chinese key.
economise	节省	v.	tem8	ECDICT MIT	dual-source-wordnet	yes	yes	yes	jie sheng	1297	save [v.]	vi.vt. 节约, 避免浪费, 节省\n[经] 节约	tem8	auto-v1: exact complete 2–6 Han-character gloss from one or both of ECDICT/KyleBing; exact current pinyin candidate and packed glossary key; matching POS in the packed key; exam membership and bundled IPA; one mapping per English headword; maximum eight added rows per Chinese key.
overrate	高估	v.	ielts	ECDICT MIT	dual-source-wordnet	yes	yes	yes	gao gu	809	overestimate [v.]	vt. 评价过高, 高估, 估价过高\n[经] 对...估价过高, 高估	ielts	auto-v1: exact complete 2–6 Han-character gloss from one or both of ECDICT/KyleBing; exact current pinyin candidate and packed glossary key; matching POS in the packed key; exam membership and bundled IPA; one mapping per English headword; maximum eight added rows per Chinese key.
mobilise	调动	v.	tem8	ECDICT MIT	dual-source-wordnet	yes	yes	yes	diao dong	760	transfer [v.] | mobilize [v.]	vi.vt. 动员, 松动, 使活动, 调动, 发动	tem8	auto-v1: exact complete 2–6 Han-character gloss from one or both of ECDICT/KyleBing; exact current pinyin candidate and packed glossary key; matching POS in the packed key; exam membership and bundled IPA; one mapping per English headword; maximum eight added rows per Chinese key.
sheen	光泽	n.	tem8	ECDICT MIT	dual-source-wordnet	yes	yes	yes	guang ze	718	luster [n.]	n. 光辉, 光彩, 光泽\na. 光辉的, 发光的, 有光泽的\nvi. 发出光泽	tem8	auto-v1: exact complete 2–6 Han-character gloss from one or both of ECDICT/KyleBing; exact current pinyin candidate and packed glossary key; matching POS in the packed key; exam membership and bundled IPA; one mapping per English headword; maximum eight added rows per Chinese key.
lade	装载	v.	toefl	ECDICT MIT	dual-source-wordnet	yes	yes	yes	zhuang zai	694	load [v.]	vt. 装满, 装载\nvi. 装货	toefl	auto-v1: exact complete 2–6 Han-character gloss from one or both of ECDICT/KyleBing; exact current pinyin candidate and packed glossary key; matching POS in the packed key; exam membership and bundled IPA; one mapping per English headword; maximum eight added rows per Chinese key.
mystify	迷惑	v.	toefl	ECDICT MIT	dual-source-wordnet	yes	yes	yes	mi huo	688	puzzle [v.] | confuse [v.]	vt. 使神秘化, 使难解, 迷惑\n[计] 变幻线	toefl	auto-v1: exact complete 2–6 Han-character gloss from one or both of ECDICT/KyleBing; exact current pinyin candidate and packed glossary key; matching POS in the packed key; exam membership and bundled IPA; one mapping per English headword; maximum eight added rows per Chinese key.
aide	副官	n.	toefl	ECDICT MIT	dual-source-wordnet	yes	yes	yes	fu guan	655	adjutant [n.]	n. 助手, 副官\n[计] 数据输入的可说明性	toefl	auto-v1: exact complete 2–6 Han-character gloss from one or both of ECDICT/KyleBing; exact current pinyin candidate and packed glossary key; matching POS in the packed key; exam membership and bundled IPA; one mapping per English headword; maximum eight added rows per Chinese key.
armory	兵工厂	n.	toefl	ECDICT MIT	dual-source-wordnet	yes	yes	yes	bing gong chang	565	arsenal [n.]	n. 纹章, 纹章学, 军械库, 兵工厂\n[机] 军械库	toefl	auto-v1: exact complete 2–6 Han-character gloss from one or both of ECDICT/KyleBing; exact current pinyin candidate and packed glossary key; matching POS in the packed key; exam membership and bundled IPA; one mapping per English headword; maximum eight added rows per Chinese key.
armoury	兵工厂	n.	tem8	ECDICT MIT	dual-source-wordnet	yes	yes	yes	bing gong chang	565	arsenal [n.]	n. 军械库, 兵工厂	tem8	auto-v1: exact complete 2–6 Han-character gloss from one or both of ECDICT/KyleBing; exact current pinyin candidate and packed glossary key; matching POS in the packed key; exam membership and bundled IPA; one mapping per English headword; maximum eight added rows per Chinese key.
ardour	激情	n.	tem8	ECDICT MIT	dual-source-wordnet	yes	yes	yes	ji qing	528	passion [n.] | fervor [n.]	n. 热忱, 热情, 情欲, 激情, 灼热	tem8	auto-v1: exact complete 2–6 Han-character gloss from one or both of ECDICT/KyleBing; exact current pinyin candidate and packed glossary key; matching POS in the packed key; exam membership and bundled IPA; one mapping per English headword; maximum eight added rows per Chinese key.
soliloquy	独白	n.	tem8	ECDICT MIT	dual-source-wordnet	yes	yes	yes	du bai	507	monologue [n.]	n. 自言自语, 独白	tem8	auto-v1: exact complete 2–6 Han-character gloss from one or both of ECDICT/KyleBing; exact current pinyin candidate and packed glossary key; matching POS in the packed key; exam membership and bundled IPA; one mapping per English headword; maximum eight added rows per Chinese key.
skyline	地平线	n.	tem8	ECDICT MIT	dual-source-wordnet	yes	yes	yes	di ping xian	453	horizon [n.]	n. 天涯, 地平线, 空中轮廓线	tem8	auto-v1: exact complete 2–6 Han-character gloss from one or both of ECDICT/KyleBing; exact current pinyin candidate and packed glossary key; matching POS in the packed key; exam membership and bundled IPA; one mapping per English headword; maximum eight added rows per Chinese key.
contort	曲解	v.	tem8	ECDICT MIT	dual-source-wordnet	yes	yes	yes	qu jie	410	distort [v.] | misinterpret [v.]	vt. 扭弯, 曲解\nvi. 扭弯	tem8	auto-v1: exact complete 2–6 Han-character gloss from one or both of ECDICT/KyleBing; exact current pinyin candidate and packed glossary key; matching POS in the packed key; exam membership and bundled IPA; one mapping per English headword; maximum eight added rows per Chinese key.
quadrangle	四边形	n.	tem8	ECDICT MIT	dual-source-wordnet	yes	yes	yes	si bian xing	342	quadrilateral [n.]	n. 四角形, 四边形, 四方院\n[医] 四角形, 四角器(牙科)	tem8	auto-v1: exact complete 2–6 Han-character gloss from one or both of ECDICT/KyleBing; exact current pinyin candidate and packed glossary key; matching POS in the packed key; exam membership and bundled IPA; one mapping per English headword; maximum eight added rows per Chinese key.
dais	讲台	n.	tem8	ECDICT MIT	dual-source-wordnet	yes	yes	yes	jiang tai	310	platform [n.] | podium [n.]	n. 台, 讲台	tem8	auto-v1: exact complete 2–6 Han-character gloss from one or both of ECDICT/KyleBing; exact current pinyin candidate and packed glossary key; matching POS in the packed key; exam membership and bundled IPA; one mapping per English headword; maximum eight added rows per Chinese key.
mote	微粒	n.	toefl	ECDICT MIT	dual-source-wordnet	yes	yes	yes	wei li	213	particle [n.]	n. 尘埃, 微粒	toefl	auto-v1: exact complete 2–6 Han-character gloss from one or both of ECDICT/KyleBing; exact current pinyin candidate and packed glossary key; matching POS in the packed key; exam membership and bundled IPA; one mapping per English headword; maximum eight added rows per Chinese key.
druggist	药剂师	n.	tem8	ECDICT MIT	dual-source-wordnet	yes	yes	yes	yao ji shi	203	pharmacist [n.]	n. 药商, 药材商, 药剂师\n[医] 药商, 调剂员	tem8	auto-v1: exact complete 2–6 Han-character gloss from one or both of ECDICT/KyleBing; exact current pinyin candidate and packed glossary key; matching POS in the packed key; exam membership and bundled IPA; one mapping per English headword; maximum eight added rows per Chinese key.
diddle	骗取	v.	tem8	ECDICT MIT	dual-source-wordnet	yes	yes	yes	pian qu	196	defraud [v.]	vt. 欺骗, 骗取, 浪费\nvi. 快速摇动	tem8	auto-v1: exact complete 2–6 Han-character gloss from one or both of ECDICT/KyleBing; exact current pinyin candidate and packed glossary key; matching POS in the packed key; exam membership and bundled IPA; one mapping per English headword; maximum eight added rows per Chinese key.
marshland	沼泽地	n.	toefl	ECDICT MIT	dual-source-wordnet	yes	yes	yes	zhao ze di	176	swamp [n.] | marsh [n.]	n. 沼泽地区, 沼泽地	toefl	auto-v1: exact complete 2–6 Han-character gloss from one or both of ECDICT/KyleBing; exact current pinyin candidate and packed glossary key; matching POS in the packed key; exam membership and bundled IPA; one mapping per English headword; maximum eight added rows per Chinese key.
reaper	收割机	n.	toefl	ECDICT MIT	dual-source-wordnet	yes	yes	yes	shou ge ji	141	harvester [n.]	n. 收割者, 收割机	toefl	auto-v1: exact complete 2–6 Han-character gloss from one or both of ECDICT/KyleBing; exact current pinyin candidate and packed glossary key; matching POS in the packed key; exam membership and bundled IPA; one mapping per English headword; maximum eight added rows per Chinese key.
jetty	防波堤	n.	tem8	ECDICT MIT	dual-source-wordnet	yes	yes	yes	fang bo di	119	breakwater [n.]	n. 突堤, 防波堤, 码头\na. 黑玉般的, 乌黑发亮的\nvi. 伸出	tem8	auto-v1: exact complete 2–6 Han-character gloss from one or both of ECDICT/KyleBing; exact current pinyin candidate and packed glossary key; matching POS in the packed key; exam membership and bundled IPA; one mapping per English headword; maximum eight added rows per Chinese key.
ovum	卵子	n.	tem8	ECDICT MIT	dual-source-wordnet	yes	yes	yes	luan zi	102	egg cell [n.]	n. 卵, 卵子, 卵形装饰\n[医] 卵, 卵子	tem8	auto-v1: exact complete 2–6 Han-character gloss from one or both of ECDICT/KyleBing; exact current pinyin candidate and packed glossary key; matching POS in the packed key; exam membership and bundled IPA; one mapping per English headword; maximum eight added rows per Chinese key.
pocketbook	皮夹	n.	toefl	ECDICT MIT	dual-source-wordnet	yes	yes	yes	pi jia	87	wallet [n.]	n. 笔记本, 钱袋, 皮夹, 经济来源	toefl	auto-v1: exact complete 2–6 Han-character gloss from one or both of ECDICT/KyleBing; exact current pinyin candidate and packed glossary key; matching POS in the packed key; exam membership and bundled IPA; one mapping per English headword; maximum eight added rows per Chinese key.
mortuary	太平间	n.	tem8	ECDICT MIT	dual-source-wordnet	yes	yes	yes	tai ping jian	70	morgue [n.]	n. 停尸间, 太平间\na. 丧葬的, 悲哀的, 埋葬的	tem8	auto-v1: exact complete 2–6 Han-character gloss from one or both of ECDICT/KyleBing; exact current pinyin candidate and packed glossary key; matching POS in the packed key; exam membership and bundled IPA; one mapping per English headword; maximum eight added rows per Chinese key.
teeter	跷跷板	n.	tem8	ECDICT MIT	dual-source-wordnet	yes	yes	yes	qiao qiao ban	66	seesaw [n.]	vi. 步履不稳地走动, 踉跄, 摇晃, 摇摆不定, 摇摇欲坠, 玩跷跷板\nn. 踉跄, 摇摆, 跷跷板	tem8	auto-v1: exact complete 2–6 Han-character gloss from one or both of ECDICT/KyleBing; exact current pinyin candidate and packed glossary key; matching POS in the packed key; exam membership and bundled IPA; one mapping per English headword; maximum eight added rows per Chinese key.
jeweller	珠宝商	n.	tem8	ECDICT MIT	dual-source-wordnet	yes	yes	yes	zhu bao shang	41	jeweler [n.]	n. 宝石商, 宝石匠, 珠宝商	tem8	auto-v1: exact complete 2–6 Han-character gloss from one or both of ECDICT/KyleBing; exact current pinyin candidate and packed glossary key; matching POS in the packed key; exam membership and bundled IPA; one mapping per English headword; maximum eight added rows per Chinese key.
savvy	悟性	n.	tem8	ECDICT MIT	dual-source-wordnet	yes	yes	yes	wu xing	26	understanding [n.]	v. 理解, 领悟\nn. 理解能力, 机智, 悟性	tem8	auto-v1: exact complete 2–6 Han-character gloss from one or both of ECDICT/KyleBing; exact current pinyin candidate and packed glossary key; matching POS in the packed key; exam membership and bundled IPA; one mapping per English headword; maximum eight added rows per Chinese key.
alibi	托辞	n.	tem8	ECDICT MIT	dual-source-wordnet	yes	yes	yes	tuo ci	26	excuse [n.] | pretext [n.]	n. 不在犯罪现场, 托辞\nv. 为...辩解	tem8	auto-v1: exact complete 2–6 Han-character gloss from one or both of ECDICT/KyleBing; exact current pinyin candidate and packed glossary key; matching POS in the packed key; exam membership and bundled IPA; one mapping per English headword; maximum eight added rows per Chinese key.
crinkle	起皱	v.	tem8	ECDICT MIT	dual-source-wordnet	yes	yes	yes	qi zhou	21	wrinkle [v.]	n. 皱, 波纹\nvt. 使皱, 使缩, 起皱\nvi. 皱, 拳曲	tem8	auto-v1: exact complete 2–6 Han-character gloss from one or both of ECDICT/KyleBing; exact current pinyin candidate and packed glossary key; matching POS in the packed key; exam membership and bundled IPA; one mapping per English headword; maximum eight added rows per Chinese key.
inset	插页	n.	tem8	ECDICT MIT	dual-source-wordnet	yes	yes	yes	cha ye	9	insert [n.]	vt. 嵌入\nn. 插入物, 插页, 插图	tem8	auto-v1: exact complete 2–6 Han-character gloss from one or both of ECDICT/KyleBing; exact current pinyin candidate and packed glossary key; matching POS in the packed key; exam membership and bundled IPA; one mapping per English headword; maximum eight added rows per Chinese key.
aptitude	才能	n.	tem4,tem8,toefl,ielts	ECDICT MIT	dual-source	yes	yes	no	cai neng	33701	talent [n.] | ability [n.]	n. 资质, 才能, 自然倾向\n[医] 资质, 才能	ielts,toefl	auto-v1: exact complete 2–6 Han-character gloss from one or both of ECDICT/KyleBing; exact current pinyin candidate and packed glossary key; matching POS in the packed key; exam membership and bundled IPA; one mapping per English headword; maximum eight added rows per Chinese key.
clench	确定	v.	tem4,tem8,toefl,ielts	ECDICT MIT	dual-source	yes	yes	no	que ding	28494	determine [v.] | confirm [v.]	n. 牢牢抓住, 钉紧, 敲弯钉尖\nvt. 紧握, 牢牢地抓住, 确定, 敲弯\nvi. 握紧, 钉牢	tem4,tem8	auto-v1: exact complete 2–6 Han-character gloss from one or both of ECDICT/KyleBing; exact current pinyin candidate and packed glossary key; matching POS in the packed key; exam membership and bundled IPA; one mapping per English headword; maximum eight added rows per Chinese key.
dwindle	减少	v.	tem4,tem8,toefl,ielts	ECDICT MIT	dual-source	yes	yes	no	jian shao	10492	reduce [v.] | decrease [v.]	vi. 减少, 缩小, 衰落\nvt. 使缩小	tem4,tem8,toefl	auto-v1: exact complete 2–6 Han-character gloss from one or both of ECDICT/KyleBing; exact current pinyin candidate and packed glossary key; matching POS in the packed key; exam membership and bundled IPA; one mapping per English headword; maximum eight added rows per Chinese key.
abound	充满	v.	tem4,tem8,toefl,ielts	ECDICT MIT	dual-source	yes	yes	no	chong man	8607	fill [v.]	vi. 大量存在, 富于, 充满	ielts,tem4,tem8,toefl	auto-v1: exact complete 2–6 Han-character gloss from one or both of ECDICT/KyleBing; exact current pinyin candidate and packed glossary key; matching POS in the packed key; exam membership and bundled IPA; one mapping per English headword; maximum eight added rows per Chinese key.
teem	充满	v.	tem4,tem8,toefl,ielts	ECDICT MIT	dual-source	yes	yes	no	chong man	8607	fill [v.]	vi. 充满, 充足, 倾注\nvt. 倒出	ielts,tem4,tem8,toefl	auto-v1: exact complete 2–6 Han-character gloss from one or both of ECDICT/KyleBing; exact current pinyin candidate and packed glossary key; matching POS in the packed key; exam membership and bundled IPA; one mapping per English headword; maximum eight added rows per Chinese key.
glamour	魅力	n.	tem4,tem8,toefl,ielts	ECDICT MIT	dual-source	yes	yes	no	mei li	7429	charm [n.] | appeal [n.]	n. 魅力, 迷人的美, 魔法\nvt. 迷惑	ielts,tem4,tem8	auto-v1: exact complete 2–6 Han-character gloss from one or both of ECDICT/KyleBing; exact current pinyin candidate and packed glossary key; matching POS in the packed key; exam membership and bundled IPA; one mapping per English headword; maximum eight added rows per Chinese key.
poise	平衡	n.	tem4,tem8,toefl,ielts	ECDICT MIT	dual-source	yes	yes	no	ping heng	6136	balance [n.]	n. 平衡, 均衡, 姿势, 镇静, 安静, 砝码\nvt. 使平衡, 使悬着, 保持...姿势\nvi. 平衡, 悬着, 准备好	tem4,tem8	auto-v1: exact complete 2–6 Han-character gloss from one or both of ECDICT/KyleBing; exact current pinyin candidate and packed glossary key; matching POS in the packed key; exam membership and bundled IPA; one mapping per English headword; maximum eight added rows per Chinese key.
antiquity	古代	n.	tem4,tem8,toefl,ielts	ECDICT MIT	dual-source	yes	yes	no	gu dai	6018	ancient times [n.]	n. 古老, 古代, 古代人, 古物	ielts,toefl	auto-v1: exact complete 2–6 Han-character gloss from one or both of ECDICT/KyleBing; exact current pinyin candidate and packed glossary key; matching POS in the packed key; exam membership and bundled IPA; one mapping per English headword; maximum eight added rows per Chinese key.
behalf	利益	n.	tem4,tem8,toefl,ielts	ECDICT MIT	dual-source	yes	yes	no	li yi	3966	benefit [n.] | interest [n.]	n. 利益, 方面	ielts,tem4,tem8,toefl	auto-v1: exact complete 2–6 Han-character gloss from one or both of ECDICT/KyleBing; exact current pinyin candidate and packed glossary key; matching POS in the packed key; exam membership and bundled IPA; one mapping per English headword; maximum eight added rows per Chinese key.
mythology	神话	n.	tem4,tem8,toefl,ielts	ECDICT MIT	dual-source	yes	yes	no	shen hua	3893	myth [n.]	n. 神话	tem8,toefl	auto-v1: exact complete 2–6 Han-character gloss from one or both of ECDICT/KyleBing; exact current pinyin candidate and packed glossary key; matching POS in the packed key; exam membership and bundled IPA; one mapping per English headword; maximum eight added rows per Chinese key.
manoeuvre	策略	n.	tem4,tem8,toefl,ielts	ECDICT MIT	dual-source	yes	yes	no	ce lve	3217	strategy [n.]	n. 调遣, 演习, 策略\nvi. 调动, 演习, 用策略\nvt. 调动, 操纵	ielts	auto-v1: exact complete 2–6 Han-character gloss from one or both of ECDICT/KyleBing; exact current pinyin candidate and packed glossary key; matching POS in the packed key; exam membership and bundled IPA; one mapping per English headword; maximum eight added rows per Chinese key.
resemblance	肖像	n.	tem4,tem8,toefl,ielts	ECDICT MIT	dual-source	yes	yes	no	xiao xiang	951	portrait [n.]	n. 相似处, 类似, 肖像	tem8	auto-v1: exact complete 2–6 Han-character gloss from one or both of ECDICT/KyleBing; exact current pinyin candidate and packed glossary key; matching POS in the packed key; exam membership and bundled IPA; one mapping per English headword; maximum eight added rows per Chinese key.
oblong	长方形	n.	tem4,tem8,toefl,ielts	ECDICT MIT	dual-source	yes	yes	no	chang fang xing	721	rectangle [n.]	n. 长方形, 长椭圆形\na. 长方形的, 长椭圆形的	tem4,tem8,toefl	auto-v1: exact complete 2–6 Han-character gloss from one or both of ECDICT/KyleBing; exact current pinyin candidate and packed glossary key; matching POS in the packed key; exam membership and bundled IPA; one mapping per English headword; maximum eight added rows per Chinese key.
mere	池塘	n.	tem4,tem8,toefl,ielts	ECDICT MIT	dual-source	yes	yes	no	chi tang	714	pond [n.]	n. 小湖, 池塘\na. 仅仅的, 只不过的	tem4,tem8	auto-v1: exact complete 2–6 Han-character gloss from one or both of ECDICT/KyleBing; exact current pinyin candidate and packed glossary key; matching POS in the packed key; exam membership and bundled IPA; one mapping per English headword; maximum eight added rows per Chinese key.
paraphrase	改写	v.	tem4,tem8,toefl,ielts	ECDICT MIT	dual-source	yes	yes	no	gai xie	623	rewrite [v.]	n. 释义, 解述, 改写\nvt. 改写, 解述\nvi. 释义, 意译	toefl	auto-v1: exact complete 2–6 Han-character gloss from one or both of ECDICT/KyleBing; exact current pinyin candidate and packed glossary key; matching POS in the packed key; exam membership and bundled IPA; one mapping per English headword; maximum eight added rows per Chinese key.
misgiving	疑虑	n.	tem4,tem8,toefl,ielts	ECDICT MIT	dual-source	yes	yes	no	yi lv	545	doubt [n.]	n. 疑虑, 不安, 害怕, 担扰, 疑惧	ielts,tem4,tem8	auto-v1: exact complete 2–6 Han-character gloss from one or both of ECDICT/KyleBing; exact current pinyin candidate and packed glossary key; matching POS in the packed key; exam membership and bundled IPA; one mapping per English headword; maximum eight added rows per Chinese key.
syllabus	摘要	n.	tem4,tem8,toefl,ielts	ECDICT MIT	dual-source	yes	yes	no	zhai yao	431	summary [n.] | abstract [n.]	n. 摘要, 提纲, 课程表, 教学大纲\n[医] 摘要, 要目	tem4,tem8	auto-v1: exact complete 2–6 Han-character gloss from one or both of ECDICT/KyleBing; exact current pinyin candidate and packed glossary key; matching POS in the packed key; exam membership and bundled IPA; one mapping per English headword; maximum eight added rows per Chinese key.
precede	优于	v.	tem4,tem8,toefl,ielts	ECDICT MIT	dual-source	yes	yes	no	you yu	384	superior to [v.]	vt. 在...之前, 优于, 较...优先\nvi. 在前面	tem4,tem8	auto-v1: exact complete 2–6 Han-character gloss from one or both of ECDICT/KyleBing; exact current pinyin candidate and packed glossary key; matching POS in the packed key; exam membership and bundled IPA; one mapping per English headword; maximum eight added rows per Chinese key.
tumult	骚动	n.	tem4,tem8,toefl,ielts	ECDICT MIT	dual-source	yes	yes	no	sao dong	347	disturbance [n.]	n. 骚动, 吵闹, 混乱\n[法] 骚乱, 骚动, 暴乱	tem4,tem8	auto-v1: exact complete 2–6 Han-character gloss from one or both of ECDICT/KyleBing; exact current pinyin candidate and packed glossary key; matching POS in the packed key; exam membership and bundled IPA; one mapping per English headword; maximum eight added rows per Chinese key.
scour	洗涤	v.	tem4,tem8,toefl,ielts	ECDICT MIT	dual-source	yes	yes	no	xi di	266	wash [v.] | cleanse [v.]	vt. 擦亮, 洗涤, 清洗, 冲刷成, 急速穿过\nvi. 擦, 洗, 冲刷, 腹泻, 急速穿行\nn. 擦, 洗, 腹泻, 洗涤剂	toefl	auto-v1: exact complete 2–6 Han-character gloss from one or both of ECDICT/KyleBing; exact current pinyin candidate and packed glossary key; matching POS in the packed key; exam membership and bundled IPA; one mapping per English headword; maximum eight added rows per Chinese key.
antiseptic	防腐剂	n.	tem4,tem8,toefl,ielts	ECDICT MIT	dual-source	yes	yes	no	fang fu ji	254	preservative [n.]	n. 抗菌剂, 防腐剂\na. 抗菌的, 防腐的	tem4,tem8	auto-v1: exact complete 2–6 Han-character gloss from one or both of ECDICT/KyleBing; exact current pinyin candidate and packed glossary key; matching POS in the packed key; exam membership and bundled IPA; one mapping per English headword; maximum eight added rows per Chinese key.
sanitary	公共厕所	n.	tem4,tem8,toefl,ielts	ECDICT MIT	dual-source	yes	yes	no	gong gong ce suo	196	public toilet [n.]	a. 卫生的\nn. 公共厕所	ielts,tem4,tem8	auto-v1: exact complete 2–6 Han-character gloss from one or both of ECDICT/KyleBing; exact current pinyin candidate and packed glossary key; matching POS in the packed key; exam membership and bundled IPA; one mapping per English headword; maximum eight added rows per Chinese key.
chasm	裂口	n.	tem4,tem8,toefl,ielts	ECDICT MIT	dual-source	yes	yes	no	lie kou	94	crack [n.]	n. 陷窟, 裂口	ielts,tem4,tem8	auto-v1: exact complete 2–6 Han-character gloss from one or both of ECDICT/KyleBing; exact current pinyin candidate and packed glossary key; matching POS in the packed key; exam membership and bundled IPA; one mapping per English headword; maximum eight added rows per Chinese key.
sport	游戏	n.	tem8,toefl,ielts	ECDICT MIT	dual-source	yes	yes	no	you xi	76653	game [n.]	n. 运动, 游戏, 娱乐, 消遣, 玩笑\na. 运动的, 户外穿戴的\nvi. 游戏, 参加体育运动, 戏弄, 产生变种\nvt. 炫耀, 使产生变种	tem8	auto-v1: exact complete 2–6 Han-character gloss from one or both of ECDICT/KyleBing; exact current pinyin candidate and packed glossary key; matching POS in the packed key; exam membership and bundled IPA; one mapping per English headword; maximum eight added rows per Chinese key.
consequent	结果	n.	tem8,toefl,ielts	ECDICT MIT	dual-source	yes	yes	no	jie guo	55244	result [n.]	n. 随后发生的事情, 结果\na. 作为结果的, 合乎逻辑的	tem8	auto-v1: exact complete 2–6 Han-character gloss from one or both of ECDICT/KyleBing; exact current pinyin candidate and packed glossary key; matching POS in the packed key; exam membership and bundled IPA; one mapping per English headword; maximum eight added rows per Chinese key.
infection	影响	n.	tem8,toefl,ielts	ECDICT MIT	dual-source	yes	yes	no	ying xiang	51654	influence [n.] | effect [n.]	n. 传染, 影响, 传染病\n[医] 传染, 感染	tem8,toefl	auto-v1: exact complete 2–6 Han-character gloss from one or both of ECDICT/KyleBing; exact current pinyin candidate and packed glossary key; matching POS in the packed key; exam membership and bundled IPA; one mapping per English headword; maximum eight added rows per Chinese key.
incidence	影响	n.	tem8,toefl,ielts	ECDICT MIT	dual-source	yes	yes	no	ying xiang	51654	influence [n.] | effect [n.]	n. 发生, 发生率, 影响, 负担者, 入射, 倾角\n[医] 入射, 发生率, 发生数	tem8	auto-v1: exact complete 2–6 Han-character gloss from one or both of ECDICT/KyleBing; exact current pinyin candidate and packed glossary key; matching POS in the packed key; exam membership and bundled IPA; one mapping per English headword; maximum eight added rows per Chinese key.
fend	保护	v.	tem8,toefl,ielts	ECDICT MIT	dual-source	yes	yes	no	bao hu	45530	protect [v.]	vt. 击退, 保护, 供养	tem8,toefl	auto-v1: exact complete 2–6 Han-character gloss from one or both of ECDICT/KyleBing; exact current pinyin candidate and packed glossary key; matching POS in the packed key; exam membership and bundled IPA; one mapping per English headword; maximum eight added rows per Chinese key.
pertain	适合	v.	tem8,toefl,ielts	ECDICT MIT	dual-source	yes	yes	no	shi he	34694	suit [v.]	vi. 从属于, 关于, 涉及, 附属, 适合, 相称\n[法] 属于, 从属, 附属	tem8,toefl	auto-v1: exact complete 2–6 Han-character gloss from one or both of ECDICT/KyleBing; exact current pinyin candidate and packed glossary key; matching POS in the packed key; exam membership and bundled IPA; one mapping per English headword; maximum eight added rows per Chinese key.
encompass	完成	v.	tem8,toefl,ielts	ECDICT MIT	dual-source	yes	yes	no	wan cheng	32579	complete [v.]	vt. 围绕, 完成, 包括, 包含, 环绕, 包围	tem8	auto-v1: exact complete 2–6 Han-character gloss from one or both of ECDICT/KyleBing; exact current pinyin candidate and packed glossary key; matching POS in the packed key; exam membership and bundled IPA; one mapping per English headword; maximum eight added rows per Chinese key.
consist	组成	v.	tem8,toefl,ielts	ECDICT MIT	dual-source	yes	yes	no	zu cheng	27179	compose [v.] | form [v.]	vi. 组成, 存在于, 一致	ielts	auto-v1: exact complete 2–6 Han-character gloss from one or both of ECDICT/KyleBing; exact current pinyin candidate and packed glossary key; matching POS in the packed key; exam membership and bundled IPA; one mapping per English headword; maximum eight added rows per Chinese key.
perpetuate	保持	v.	tem8,toefl,ielts	ECDICT MIT	dual-source	yes	yes	no	bao chi	19864	keep [v.] | maintain [v.]	vt. 使永存, 使不朽, 保持	tem8	auto-v1: exact complete 2–6 Han-character gloss from one or both of ECDICT/KyleBing; exact current pinyin candidate and packed glossary key; matching POS in the packed key; exam membership and bundled IPA; one mapping per English headword; maximum eight added rows per Chinese key.
thwart	反对	v.	tem4,tem8,toefl	ECDICT MIT	dual-source	yes	yes	no	fan dui	19636	oppose [v.] | object [v.]	a. 横放的\nvt. 反对, 阻挠, 横过\nprep. 横过\nadv. 横过	tem4,tem8	auto-v1: exact complete 2–6 Han-character gloss from one or both of ECDICT/KyleBing; exact current pinyin candidate and packed glossary key; matching POS in the packed key; exam membership and bundled IPA; one mapping per English headword; maximum eight added rows per Chinese key.
zest	兴趣	n.	tem8,toefl,ielts	ECDICT MIT	dual-source	yes	yes	no	xing qu	17504	interest [n.] | hobby [n.]	n. 兴趣, 热情, 风味, 热心\nvt. 给...调味	ielts	auto-v1: exact complete 2–6 Han-character gloss from one or both of ECDICT/KyleBing; exact current pinyin candidate and packed glossary key; matching POS in the packed key; exam membership and bundled IPA; one mapping per English headword; maximum eight added rows per Chinese key.
dweller	居民	n.	tem8,toefl,ielts	ECDICT MIT	dual-source	yes	yes	no	ju min	17216	resident [n.]	n. 居民	ielts,tem8,toefl	auto-v1: exact complete 2–6 Han-character gloss from one or both of ECDICT/KyleBing; exact current pinyin candidate and packed glossary key; matching POS in the packed key; exam membership and bundled IPA; one mapping per English headword; maximum eight added rows per Chinese key.
annul	取消	v.	tem4,tem8,toefl	ECDICT MIT	dual-source	yes	yes	no	qu xiao	15453	cancel [v.]	vt. 废除, 宣告无效, 取消\n[经] 撤销, 宣告无效	tem4,tem8,toefl	auto-v1: exact complete 2–6 Han-character gloss from one or both of ECDICT/KyleBing; exact current pinyin candidate and packed glossary key; matching POS in the packed key; exam membership and bundled IPA; one mapping per English headword; maximum eight added rows per Chinese key.
plaza	广场	n.	tem4,tem8,toefl	ECDICT MIT	dual-source	yes	yes	no	guang chang	15299	square [n.]	n. 广场, 市场, 购物区	tem4,tem8,toefl	auto-v1: exact complete 2–6 Han-character gloss from one or both of ECDICT/KyleBing; exact current pinyin candidate and packed glossary key; matching POS in the packed key; exam membership and bundled IPA; one mapping per English headword; maximum eight added rows per Chinese key.
gut	剧情	n.	tem4,tem8,toefl	ECDICT MIT	dual-source	yes	yes	no	ju qing	13787	plot [n.]	n. 剧情, 内容, 内脏, 肚子, 海峡, 勇气\nvt. 取出内脏, 毁坏...的内部	tem4,tem8	auto-v1: exact complete 2–6 Han-character gloss from one or both of ECDICT/KyleBing; exact current pinyin candidate and packed glossary key; matching POS in the packed key; exam membership and bundled IPA; one mapping per English headword; maximum eight added rows per Chinese key.
squarely	正好	adv.	tem4,tem8,toefl	ECDICT MIT	dual-source	yes	yes	no	zheng hao	13051	exactly [adv.] | just [adv.]	adv. 干脆地, 正好, 直角地	tem4,tem8	auto-v1: exact complete 2–6 Han-character gloss from one or both of ECDICT/KyleBing; exact current pinyin candidate and packed glossary key; matching POS in the packed key; exam membership and bundled IPA; one mapping per English headword; maximum eight added rows per Chinese key.
stint	限制	v.	tem8,toefl,ielts	ECDICT MIT	dual-source	yes	yes	no	xian zhi	12454	restrict [v.]	vt. 节省, 限制, 停止\nvi. 节约\nn. 吝惜, 节约, 限额	tem8	auto-v1: exact complete 2–6 Han-character gloss from one or both of ECDICT/KyleBing; exact current pinyin candidate and packed glossary key; matching POS in the packed key; exam membership and bundled IPA; one mapping per English headword; maximum eight added rows per Chinese key.
circumscribe	限制	v.	tem8,toefl,ielts	ECDICT MIT	dual-source	yes	yes	no	xian zhi	12454	restrict [v.]	vt. 在...周围画线, 限制	ielts,tem8,toefl	auto-v1: exact complete 2–6 Han-character gloss from one or both of ECDICT/KyleBing; exact current pinyin candidate and packed glossary key; matching POS in the packed key; exam membership and bundled IPA; one mapping per English headword; maximum eight added rows per Chinese key.
envision	想象	v.	tem4,tem8,toefl	ECDICT MIT	dual-source	yes	yes	no	xiang xiang	10829	imagine [v.]	vt. 想象, 预想	tem4,tem8,toefl	auto-v1: exact complete 2–6 Han-character gloss from one or both of ECDICT/KyleBing; exact current pinyin candidate and packed glossary key; matching POS in the packed key; exam membership and bundled IPA; one mapping per English headword; maximum eight added rows per Chinese key.
abate	减少	v.	tem8,toefl,ielts	ECDICT MIT	dual-source	yes	yes	no	jian shao	10492	reduce [v.] | decrease [v.]	vt. 减少, 减轻, 减弱, 废除, 打折扣\nvi. 减轻, 减弱, 减少, 失效, 被废除	tem8,toefl	auto-v1: exact complete 2–6 Han-character gloss from one or both of ECDICT/KyleBing; exact current pinyin candidate and packed glossary key; matching POS in the packed key; exam membership and bundled IPA; one mapping per English headword; maximum eight added rows per Chinese key.
impress	印象	n.	tem8,toefl,ielts	ECDICT MIT	dual-source	yes	yes	no	yin xiang	10205	impression [n.]	n. 印象, 特征, 印记\nvt. 使有印象, 印, 铭刻, 传送, 影响, 强征\nvi. 给人印象	tem8	auto-v1: exact complete 2–6 Han-character gloss from one or both of ECDICT/KyleBing; exact current pinyin candidate and packed glossary key; matching POS in the packed key; exam membership and bundled IPA; one mapping per English headword; maximum eight added rows per Chinese key.
overrule	统治	v.	tem4,tem8,ielts	ECDICT MIT	dual-source	yes	yes	no	tong zhi	10183	rule [v.] | govern [v.]	vt. 统治, 威压, 打败, 驳回\n[法] 否决, 驳回, 批驳	tem4,tem8	auto-v1: exact complete 2–6 Han-character gloss from one or both of ECDICT/KyleBing; exact current pinyin candidate and packed glossary key; matching POS in the packed key; exam membership and bundled IPA; one mapping per English headword; maximum eight added rows per Chinese key.
pacific	太平洋	n.	tem8,toefl,ielts	ECDICT MIT	dual-source	yes	yes	no	tai ping yang	9936	pacific ocean [n.]	n. 太平洋\na. 太平洋的, 太平洋沿岸的, 爱好和平的, 安静的, 平息的	tem8,toefl	auto-v1: exact complete 2–6 Han-character gloss from one or both of ECDICT/KyleBing; exact current pinyin candidate and packed glossary key; matching POS in the packed key; exam membership and bundled IPA; one mapping per English headword; maximum eight added rows per Chinese key.
beset	围绕	v.	tem8,toefl,ielts	ECDICT MIT	dual-source	yes	yes	no	wei rao	9554	surround [v.] | around [v.]	vt. 围绕, 使苦恼, 镶嵌	tem8	auto-v1: exact complete 2–6 Han-character gloss from one or both of ECDICT/KyleBing; exact current pinyin candidate and packed glossary key; matching POS in the packed key; exam membership and bundled IPA; one mapping per English headword; maximum eight added rows per Chinese key.
detract	转移	v.	tem8,toefl,ielts	ECDICT MIT	dual-source	yes	yes	no	zhuan yi	7813	transfer [v.] | shift [v.]	vi. 减去, 贬低\nvt. 转移, 分散	tem8,toefl	auto-v1: exact complete 2–6 Han-character gloss from one or both of ECDICT/KyleBing; exact current pinyin candidate and packed glossary key; matching POS in the packed key; exam membership and bundled IPA; one mapping per English headword; maximum eight added rows per Chinese key.
segregate	隔离	v.	tem8,toefl,ielts	ECDICT MIT	dual-source	yes	yes	no	ge li	7366	isolate [v.] | quarantine [v.]	a. 分离的, 被隔离的\nvi. 分离, 隔离, 分凝\nvt. 使分离, 使隔离	ielts,toefl	auto-v1: exact complete 2–6 Han-character gloss from one or both of ECDICT/KyleBing; exact current pinyin candidate and packed glossary key; matching POS in the packed key; exam membership and bundled IPA; one mapping per English headword; maximum eight added rows per Chinese key.
vogue	时尚	n.	tem8,toefl,ielts	ECDICT MIT	dual-source	yes	yes	no	shi shang	6972	fashion [n.]	n. 时尚, 时髦, 流行\na. 流行的, 时髦的	tem8,toefl	auto-v1: exact complete 2–6 Han-character gloss from one or both of ECDICT/KyleBing; exact current pinyin candidate and packed glossary key; matching POS in the packed key; exam membership and bundled IPA; one mapping per English headword; maximum eight added rows per Chinese key.
companionship	友谊	n.	tem4,tem8,toefl	ECDICT MIT	dual-source	yes	yes	no	you yi	6853	friendship [n.]	n. 交往, 友谊, 一群同伴	tem4,tem8,toefl	auto-v1: exact complete 2–6 Han-character gloss from one or both of ECDICT/KyleBing; exact current pinyin candidate and packed glossary key; matching POS in the packed key; exam membership and bundled IPA; one mapping per English headword; maximum eight added rows per Chinese key.
foodstuff	食品	n.	tem4,tem8,toefl	ECDICT MIT	dual-source	yes	yes	no	shi pin	6179	food [n.]	n. 食品, 粮食	tem4,tem8,toefl	auto-v1: exact complete 2–6 Han-character gloss from one or both of ECDICT/KyleBing; exact current pinyin candidate and packed glossary key; matching POS in the packed key; exam membership and bundled IPA; one mapping per English headword; maximum eight added rows per Chinese key.
vindicate	维护	v.	tem8,toefl,ielts	ECDICT MIT	dual-source	yes	yes	no	wei hu	6082	maintain [v.]	vt. 辩护, 证明...无辜, 维护\n[法] 辩护, 辩解, 辩明	tem8	auto-v1: exact complete 2–6 Han-character gloss from one or both of ECDICT/KyleBing; exact current pinyin candidate and packed glossary key; matching POS in the packed key; exam membership and bundled IPA; one mapping per English headword; maximum eight added rows per Chinese key.
sickness	疾病	n.	tem8,toefl,ielts	ECDICT MIT	dual-source	yes	yes	no	ji bing	5909	disease [n.]	n. 疾病, 不健康, 呕吐\n[医] 病	tem8,toefl	auto-v1: exact complete 2–6 Han-character gloss from one or both of ECDICT/KyleBing; exact current pinyin candidate and packed glossary key; matching POS in the packed key; exam membership and bundled IPA; one mapping per English headword; maximum eight added rows per Chinese key.
infirmity	疾病	n.	tem8,toefl,ielts	ECDICT MIT	dual-source	yes	yes	no	ji bing	5909	disease [n.]	n. 虚弱, 病身, 疾病\n[医] 衰弱	tem8	auto-v1: exact complete 2–6 Han-character gloss from one or both of ECDICT/KyleBing; exact current pinyin candidate and packed glossary key; matching POS in the packed key; exam membership and bundled IPA; one mapping per English headword; maximum eight added rows per Chinese key.
enact	扮演	v.	tem8,toefl,ielts	ECDICT MIT	dual-source	yes	yes	no	ban yan	5890	play [v.] | act [v.]	vt. 制定法律, 扮演, 颁布\n[法] 法令, 法规, 条例	ielts,tem8,toefl	auto-v1: exact complete 2–6 Han-character gloss from one or both of ECDICT/KyleBing; exact current pinyin candidate and packed glossary key; matching POS in the packed key; exam membership and bundled IPA; one mapping per English headword; maximum eight added rows per Chinese key.
facial	美颜	n.	tem8,toefl,ielts	ECDICT MIT	dual-source	yes	yes	no	mei yan	5695	beauty filter [n.]	n. 美颜, 脸部按摩\na. 脸的, 表面的, 脸部用的	tem8	auto-v1: exact complete 2–6 Han-character gloss from one or both of ECDICT/KyleBing; exact current pinyin candidate and packed glossary key; matching POS in the packed key; exam membership and bundled IPA; one mapping per English headword; maximum eight added rows per Chinese key.
fruition	成就	n.	tem8,toefl,ielts	ECDICT MIT	dual-source	yes	yes	no	cheng jiu	5659	achievement [n.]	n. 成就, 实现, 结果实	tem8	auto-v1: exact complete 2–6 Han-character gloss from one or both of ECDICT/KyleBing; exact current pinyin candidate and packed glossary key; matching POS in the packed key; exam membership and bundled IPA; one mapping per English headword; maximum eight added rows per Chinese key.
cop	抓住	v.	tem8,toefl,ielts	ECDICT MIT	dual-source	yes	yes	no	zhua zhu	5346	grasp [v.] | catch [v.]	n. 警官\nvt. 抓住	tem8	auto-v1: exact complete 2–6 Han-character gloss from one or both of ECDICT/KyleBing; exact current pinyin candidate and packed glossary key; matching POS in the packed key; exam membership and bundled IPA; one mapping per English headword; maximum eight added rows per Chinese key.
mastery	优势	n.	tem4,tem8,ielts	ECDICT MIT	dual-source	yes	yes	no	you shi	5060	advantage [n.] | strength [n.]	n. 征服, 统治权, 优势, 精通, 掌握\n[法] 统治权, 控制权, 征服	tem8	auto-v1: exact complete 2–6 Han-character gloss from one or both of ECDICT/KyleBing; exact current pinyin candidate and packed glossary key; matching POS in the packed key; exam membership and bundled IPA; one mapping per English headword; maximum eight added rows per Chinese key.
allocation	配置	n.	tem8,toefl,ielts	ECDICT MIT	dual-source	yes	yes	no	pei zhi	4384	configuration [n.]	n. 配置, 分配, 拨给\n[经] 分配, 拨款, 分摊	tem8	auto-v1: exact complete 2–6 Han-character gloss from one or both of ECDICT/KyleBing; exact current pinyin candidate and packed glossary key; matching POS in the packed key; exam membership and bundled IPA; one mapping per English headword; maximum eight added rows per Chinese key.
emboss	装饰	v.	tem8,toefl,ielts	ECDICT MIT	dual-source	yes	yes	no	zhuang shi	4362	decorate [v.]	vt. 浮雕, 加以浮饰, 装饰\n[化] 压印	tem8	auto-v1: exact complete 2–6 Han-character gloss from one or both of ECDICT/KyleBing; exact current pinyin candidate and packed glossary key; matching POS in the packed key; exam membership and bundled IPA; one mapping per English headword; maximum eight added rows per Chinese key.
recline	依赖	v.	tem8,toefl,ielts	ECDICT MIT	dual-source	yes	yes	no	yi lai	3748	depend [v.]	vt. 使斜靠\nvi. 靠, 斜倚, 依赖	tem8	auto-v1: exact complete 2–6 Han-character gloss from one or both of ECDICT/KyleBing; exact current pinyin candidate and packed glossary key; matching POS in the packed key; exam membership and bundled IPA; one mapping per English headword; maximum eight added rows per Chinese key.
vanquish	征服	v.	tem8,toefl,ielts	ECDICT MIT	dual-source	yes	yes	no	zheng fu	3550	conquer [v.]	vt. 打败, 征服, 克服\n[法] 征服, 战胜, 击败	ielts,tem8	auto-v1: exact complete 2–6 Han-character gloss from one or both of ECDICT/KyleBing; exact current pinyin candidate and packed glossary key; matching POS in the packed key; exam membership and bundled IPA; one mapping per English headword; maximum eight added rows per Chinese key.
pleasing	愉快的	adj.	tem4,tem8,toefl	ECDICT MIT	dual-source	yes	yes	no	yu kuai de	3503	pleasant [adj.] | happy [adj.]	a. 令人喜爱的, 愉快的, 舒适的	toefl	auto-v1: exact complete 2–6 Han-character gloss from one or both of ECDICT/KyleBing; exact current pinyin candidate and packed glossary key; matching POS in the packed key; exam membership and bundled IPA; one mapping per English headword; maximum eight added rows per Chinese key.
acclaim	称赞	v.	tem8,toefl,ielts	ECDICT MIT	dual-source	yes	yes	no	cheng zan	3030	praise [v.] | commend [v.]	n. 喝彩, 欢呼, 赞同\nv. 欢呼, 喝彩, 称赞	tem8	auto-v1: exact complete 2–6 Han-character gloss from one or both of ECDICT/KyleBing; exact current pinyin candidate and packed glossary key; matching POS in the packed key; exam membership and bundled IPA; one mapping per English headword; maximum eight added rows per Chinese key.
hitch	故障	n.	tem4,tem8,toefl	ECDICT MIT	dual-source	yes	yes	no	gu zhang	2545	breakdown [n.]	n. 猛拉, 急推, 蹒跚, 故障\nvt. 猛拉, 系住\nvi. 蹒跚, 被钩住	tem4,tem8,toefl	auto-v1: exact complete 2–6 Han-character gloss from one or both of ECDICT/KyleBing; exact current pinyin candidate and packed glossary key; matching POS in the packed key; exam membership and bundled IPA; one mapping per English headword; maximum eight added rows per Chinese key.
adjunct	助手	n.	tem8,toefl,ielts	ECDICT MIT	dual-source	yes	yes	no	zhu shou	2522	assistant [n.]	n. 附属物, 附件, 助手, 修饰语\na. 附属的	tem8,toefl	auto-v1: exact complete 2–6 Han-character gloss from one or both of ECDICT/KyleBing; exact current pinyin candidate and packed glossary key; matching POS in the packed key; exam membership and bundled IPA; one mapping per English headword; maximum eight added rows per Chinese key.
splinter	碎片	n.	tem4,tem8,toefl	ECDICT MIT	dual-source	yes	yes	no	sui pian	2369	fragment [n.] | shard [n.]	n. 碎片, 尖片, 分裂出来的小派别, 微小的东西\nv. 使分裂, (使)破裂	tem4,tem8,toefl	auto-v1: exact complete 2–6 Han-character gloss from one or both of ECDICT/KyleBing; exact current pinyin candidate and packed glossary key; matching POS in the packed key; exam membership and bundled IPA; one mapping per English headword; maximum eight added rows per Chinese key.
truant	偷懒	v.	tem4,tem8,ielts	ECDICT MIT	dual-source	yes	yes	no	tou lan	2295	slack off [v.]	n. 懒惰的人, 玩忽职守者, 旷课者\na. 偷懒的, 旷课的, 游荡的\nvi. 偷懒, 旷课	tem4,tem8	auto-v1: exact complete 2–6 Han-character gloss from one or both of ECDICT/KyleBing; exact current pinyin candidate and packed glossary key; matching POS in the packed key; exam membership and bundled IPA; one mapping per English headword; maximum eight added rows per Chinese key.
shred	少量	n.	tem8,toefl,ielts	ECDICT MIT	dual-source	yes	yes	no	shao liang	2073	small amount [n.]	n. 碎布条, 细片, 少量\nv. 撕碎	toefl	auto-v1: exact complete 2–6 Han-character gloss from one or both of ECDICT/KyleBing; exact current pinyin candidate and packed glossary key; matching POS in the packed key; exam membership and bundled IPA; one mapping per English headword; maximum eight added rows per Chinese key.
spawn	产物	n.	tem4,tem8,toefl	ECDICT MIT	dual-source	yes	yes	no	chan wu	2007	product [n.]	n. (鱼)卵, 产物\nvt. 产卵, 酿成, 大量生产\nvi. 产卵, 大量生产	tem4,tem8	auto-v1: exact complete 2–6 Han-character gloss from one or both of ECDICT/KyleBing; exact current pinyin candidate and packed glossary key; matching POS in the packed key; exam membership and bundled IPA; one mapping per English headword; maximum eight added rows per Chinese key.
forfeit	丧失	v.	tem8,toefl,ielts	ECDICT MIT	dual-source	yes	yes	no	sang shi	1923	lose [v.]	n. 没收物, 罚金, 丧失\nvt. 没收, 丧失\na. 丧失了的	ielts,toefl	auto-v1: exact complete 2–6 Han-character gloss from one or both of ECDICT/KyleBing; exact current pinyin candidate and packed glossary key; matching POS in the packed key; exam membership and bundled IPA; one mapping per English headword; maximum eight added rows per Chinese key.
repertory	仓库	n.	tem4,tem8,toefl	ECDICT MIT	dual-source	yes	yes	no	cang ku	1728	warehouse [n.]	n. 仓库, 库存, 储备, 保留剧目轮演	tem4,tem8,toefl	auto-v1: exact complete 2–6 Han-character gloss from one or both of ECDICT/KyleBing; exact current pinyin candidate and packed glossary key; matching POS in the packed key; exam membership and bundled IPA; one mapping per English headword; maximum eight added rows per Chinese key.
quell	减轻	v.	tem4,tem8,toefl	ECDICT MIT	dual-source	yes	yes	no	jian qing	1560	reduce [v.] | alleviate [v.]	vt. 压制, 平息, 减轻	tem8,toefl	auto-v1: exact complete 2–6 Han-character gloss from one or both of ECDICT/KyleBing; exact current pinyin candidate and packed glossary key; matching POS in the packed key; exam membership and bundled IPA; one mapping per English headword; maximum eight added rows per Chinese key.
aborigine	土著	n.	tem4,tem8,toefl	ECDICT MIT	dual-source	yes	yes	no	tu zhu	1489	indigenous [n.]	n. 土著, 土著居民, 土人	tem4,tem8	auto-v1: exact complete 2–6 Han-character gloss from one or both of ECDICT/KyleBing; exact current pinyin candidate and packed glossary key; matching POS in the packed key; exam membership and bundled IPA; one mapping per English headword; maximum eight added rows per Chinese key.
encase	包住	v.	tem8,toefl,ielts	ECDICT MIT	dual-source	yes	yes	no	bao zhu	1417	wrap up [v.]	vt. 把...装入箱内, 包住	ielts,tem8,toefl	auto-v1: exact complete 2–6 Han-character gloss from one or both of ECDICT/KyleBing; exact current pinyin candidate and packed glossary key; matching POS in the packed key; exam membership and bundled IPA; one mapping per English headword; maximum eight added rows per Chinese key.
slab	平板	n.	tem8,toefl,ielts	ECDICT MIT	dual-source	yes	yes	no	ping ban	1321	tablet [n.]	n. 平板, 厚片\nvt. 切成厚板, 以平板盖上	tem8,toefl	auto-v1: exact complete 2–6 Han-character gloss from one or both of ECDICT/KyleBing; exact current pinyin candidate and packed glossary key; matching POS in the packed key; exam membership and bundled IPA; one mapping per English headword; maximum eight added rows per Chinese key.
fetter	束缚	v.	tem8,toefl,ielts	ECDICT MIT	dual-source	yes	yes	no	shu fu	1264	bind [v.] | restrict [v.]	n. 脚镣, 羁绊, 束缚\nvt. 束缚, 加脚镣	tem8	auto-v1: exact complete 2–6 Han-character gloss from one or both of ECDICT/KyleBing; exact current pinyin candidate and packed glossary key; matching POS in the packed key; exam membership and bundled IPA; one mapping per English headword; maximum eight added rows per Chinese key.
outskirts	市郊	n.	tem4,tem8,ielts	ECDICT MIT	dual-source	yes	yes	no	shi jiao	1236	suburb [n.]	n. 近郊, 市郊	tem4,tem8	auto-v1: exact complete 2–6 Han-character gloss from one or both of ECDICT/KyleBing; exact current pinyin candidate and packed glossary key; matching POS in the packed key; exam membership and bundled IPA; one mapping per English headword; maximum eight added rows per Chinese key.
waterfront	海滨	n.	tem8,toefl,ielts	ECDICT MIT	dual-source	yes	yes	no	hai bin	1235	seaside [n.]	n. 水边, 滨水区, 滩, 海滨, 江边	tem8	auto-v1: exact complete 2–6 Han-character gloss from one or both of ECDICT/KyleBing; exact current pinyin candidate and packed glossary key; matching POS in the packed key; exam membership and bundled IPA; one mapping per English headword; maximum eight added rows per Chinese key.
illumination	照明	n.	tem4,tem8,toefl	ECDICT MIT	dual-source	yes	yes	no	zhao ming	1211	lighting [n.]	n. 照明, 阐明, 启发\n[医] 照明, 映光	tem4,tem8	auto-v1: exact complete 2–6 Han-character gloss from one or both of ECDICT/KyleBing; exact current pinyin candidate and packed glossary key; matching POS in the packed key; exam membership and bundled IPA; one mapping per English headword; maximum eight added rows per Chinese key.
feud	争执	n.	tem8,toefl,ielts	ECDICT MIT	dual-source	yes	yes	no	zheng zhi	1075	dispute [n.]	n. 不和, 封地, 争执\nvi. 长期不和, 擦亮	tem8,toefl	auto-v1: exact complete 2–6 Han-character gloss from one or both of ECDICT/KyleBing; exact current pinyin candidate and packed glossary key; matching POS in the packed key; exam membership and bundled IPA; one mapping per English headword; maximum eight added rows per Chinese key.
stud	散布	v.	tem4,tem8,toefl	ECDICT MIT	dual-source	yes	yes	no	san bu	940	spread [v.] | scatter [v.]	n. 装饰钮扣, 大头钉, 领扣, 种马\nvt. 镶嵌, 点缀, 散布	tem4,tem8	auto-v1: exact complete 2–6 Han-character gloss from one or both of ECDICT/KyleBing; exact current pinyin candidate and packed glossary key; matching POS in the packed key; exam membership and bundled IPA; one mapping per English headword; maximum eight added rows per Chinese key.
raven	掠夺	v.	tem4,tem8,toefl	ECDICT MIT	dual-source	yes	yes	no	lve duo	937	plunder [v.] | loot [v.]	n. 渡鸦, 掠夺\na. 乌黑的\nv. 掠夺, 狼吞虎咽	tem4,tem8	auto-v1: exact complete 2–6 Han-character gloss from one or both of ECDICT/KyleBing; exact current pinyin candidate and packed glossary key; matching POS in the packed key; exam membership and bundled IPA; one mapping per English headword; maximum eight added rows per Chinese key.
treble	三倍	n.	tem4,tem8,ielts	ECDICT MIT	dual-source	yes	yes	no	san bei	906	triple [n.]	n. 最高声部, 三倍\na. 三倍的, 最高声部的\nvt. 使增为三倍\nvi. 成为三倍	tem4,tem8	auto-v1: exact complete 2–6 Han-character gloss from one or both of ECDICT/KyleBing; exact current pinyin candidate and packed glossary key; matching POS in the packed key; exam membership and bundled IPA; one mapping per English headword; maximum eight added rows per Chinese key.
sandal	凉鞋	n.	tem4,tem8,toefl	ECDICT MIT	dual-source	yes	yes	no	liang xie	881	sandals [n.]	n. 凉鞋, 拖鞋, 檀香木\nvt. 穿以便鞋	tem4,tem8,toefl	auto-v1: exact complete 2–6 Han-character gloss from one or both of ECDICT/KyleBing; exact current pinyin candidate and packed glossary key; matching POS in the packed key; exam membership and bundled IPA; one mapping per English headword; maximum eight added rows per Chinese key.
infest	骚扰	v.	tem8,toefl,ielts	ECDICT MIT	dual-source	yes	yes	no	sao rao	878	harass [v.]	vt. 骚扰, 寄生于, 大批出没\n[医] 传染, 感染	tem8,toefl	auto-v1: exact complete 2–6 Han-character gloss from one or both of ECDICT/KyleBing; exact current pinyin candidate and packed glossary key; matching POS in the packed key; exam membership and bundled IPA; one mapping per English headword; maximum eight added rows per Chinese key.
glisten	闪光	n.	tem4,tem8,toefl	ECDICT MIT	dual-source	yes	yes	no	shan guang	841	flash [n.] | glint [n.]	vi. 闪亮, 辉耀\nn. 闪光, 闪耀	tem4,tem8	auto-v1: exact complete 2–6 Han-character gloss from one or both of ECDICT/KyleBing; exact current pinyin candidate and packed glossary key; matching POS in the packed key; exam membership and bundled IPA; one mapping per English headword; maximum eight added rows per Chinese key.
speck	斑点	n.	tem4,tem8,toefl	ECDICT MIT	dual-source	yes	yes	no	ban dian	804	spot [n.]	n. 斑点, 有斑点的东西, 污点, 缺点, 微粒, 肥肉\nvt. 使有斑点	toefl	auto-v1: exact complete 2–6 Han-character gloss from one or both of ECDICT/KyleBing; exact current pinyin candidate and packed glossary key; matching POS in the packed key; exam membership and bundled IPA; one mapping per English headword; maximum eight added rows per Chinese key.
upside	上部	n.	tem4,tem8,toefl	ECDICT MIT	dual-source	yes	yes	no	shang bu	789	upper part [n.]	n. 上侧, 上段, 上部\n[机] 上侧, 上部	toefl	auto-v1: exact complete 2–6 Han-character gloss from one or both of ECDICT/KyleBing; exact current pinyin candidate and packed glossary key; matching POS in the packed key; exam membership and bundled IPA; one mapping per English headword; maximum eight added rows per Chinese key.
perturb	扰乱	v.	tem8,toefl,ielts	ECDICT MIT	dual-source	yes	yes	no	rao luan	705	disturb [v.] | disrupt [v.]	vt. 扰乱, 使混乱, 使心绪不宁	tem8	auto-v1: exact complete 2–6 Han-character gloss from one or both of ECDICT/KyleBing; exact current pinyin candidate and packed glossary key; matching POS in the packed key; exam membership and bundled IPA; one mapping per English headword; maximum eight added rows per Chinese key.
accredit	委派	v.	tem8,toefl,ielts	ECDICT MIT	dual-source	yes	yes	no	wei pai	602	appoint [v.]	vt. 信托, 确认, 归结于, 委派\n[经] 发行信用证, 信托, 委托	tem8	auto-v1: exact complete 2–6 Han-character gloss from one or both of ECDICT/KyleBing; exact current pinyin candidate and packed glossary key; matching POS in the packed key; exam membership and bundled IPA; one mapping per English headword; maximum eight added rows per Chinese key.
feeder	奶瓶	n.	tem4,tem8,toefl	ECDICT MIT	dual-source	yes	yes	no	nai ping	587	baby bottle [n.]	n. 饲养者, 供给者, 奶瓶\n[化] 给料器	tem4,tem8	auto-v1: exact complete 2–6 Han-character gloss from one or both of ECDICT/KyleBing; exact current pinyin candidate and packed glossary key; matching POS in the packed key; exam membership and bundled IPA; one mapping per English headword; maximum eight added rows per Chinese key.
bungalow	平房	n.	tem4,tem8,ielts	ECDICT MIT	dual-source	yes	yes	no	ping fang	556	single-story house [n.]	n. 平房	ielts,tem4,tem8	auto-v1: exact complete 2–6 Han-character gloss from one or both of ECDICT/KyleBing; exact current pinyin candidate and packed glossary key; matching POS in the packed key; exam membership and bundled IPA; one mapping per English headword; maximum eight added rows per Chinese key.
obsess	迷住	v.	tem8,toefl,ielts	ECDICT MIT	dual-source	yes	yes	no	mi zhu	429	fascinate [v.]	vt. 迷住, 使困扰	tem8,toefl	auto-v1: exact complete 2–6 Han-character gloss from one or both of ECDICT/KyleBing; exact current pinyin candidate and packed glossary key; matching POS in the packed key; exam membership and bundled IPA; one mapping per English headword; maximum eight added rows per Chinese key.
scuttle	天窗	n.	tem4,tem8,toefl	ECDICT MIT	dual-source	yes	yes	no	tian chuang	414	skylight [n.]	n. 箩, 筐, 急速逃走, 天窗, 小舱口\nvi. 急速逃走, 急忙撤退\nvt. 凿沉, 毁坏	tem4,tem8	auto-v1: exact complete 2–6 Han-character gloss from one or both of ECDICT/KyleBing; exact current pinyin candidate and packed glossary key; matching POS in the packed key; exam membership and bundled IPA; one mapping per English headword; maximum eight added rows per Chinese key.
gape	裂开	v.	tem8,toefl,ielts	ECDICT MIT	dual-source	yes	yes	no	lie kai	342	split open [v.]	n. 裂口, 张嘴, 打哈欠\nvi. 裂开, 张嘴, 打哈欠	ielts,tem8	auto-v1: exact complete 2–6 Han-character gloss from one or both of ECDICT/KyleBing; exact current pinyin candidate and packed glossary key; matching POS in the packed key; exam membership and bundled IPA; one mapping per English headword; maximum eight added rows per Chinese key.
rendition	译文	n.	tem8,toefl,ielts	ECDICT MIT	dual-source	yes	yes	no	yi wen	308	translation [n.]	n. 译文, 施舍, 表演\n[经] 生产量	tem8	auto-v1: exact complete 2–6 Han-character gloss from one or both of ECDICT/KyleBing; exact current pinyin candidate and packed glossary key; matching POS in the packed key; exam membership and bundled IPA; one mapping per English headword; maximum eight added rows per Chinese key.
partisan	党羽	n.	tem8,toefl,ielts	ECDICT MIT	dual-source	yes	yes	no	dang yu	287	henchmen [n.]	n. 党羽, 虔诚信徒, 同党, 游击队员\na. 党派的, 偏袒的, 效忠的, 献身的, 盲目推崇的	tem8	auto-v1: exact complete 2–6 Han-character gloss from one or both of ECDICT/KyleBing; exact current pinyin candidate and packed glossary key; matching POS in the packed key; exam membership and bundled IPA; one mapping per English headword; maximum eight added rows per Chinese key.
lull	间歇	n.	tem8,toefl,ielts	ECDICT MIT	dual-source	yes	yes	no	jian xie	246	intermittence [n.]	n. 暂停, 间歇, 稍息, 使人安静的东西\nvt. 使平静, 哄骗, 使安静\nvi. 变平静	ielts,tem8	auto-v1: exact complete 2–6 Han-character gloss from one or both of ECDICT/KyleBing; exact current pinyin candidate and packed glossary key; matching POS in the packed key; exam membership and bundled IPA; one mapping per English headword; maximum eight added rows per Chinese key.
daunt	威吓	v.	tem8,toefl,ielts	ECDICT MIT	dual-source	yes	yes	no	wei he	171	intimidate [v.]	vt. 威吓, 难倒, 使气馁	tem8	auto-v1: exact complete 2–6 Han-character gloss from one or both of ECDICT/KyleBing; exact current pinyin candidate and packed glossary key; matching POS in the packed key; exam membership and bundled IPA; one mapping per English headword; maximum eight added rows per Chinese key.
ruffle	触怒	v.	tem8,toefl,ielts	ECDICT MIT	dual-source	yes	yes	no	chu nu	114	anger [v.] | offend [v.]	n. 皱褶, 波纹, 生气, 混乱\nvt. 弄皱, 触怒, 洗(牌), 连续轻擂(鼓)\nvi. 起皱, 发脾气, 连续轻擂	tem8	auto-v1: exact complete 2–6 Han-character gloss from one or both of ECDICT/KyleBing; exact current pinyin candidate and packed glossary key; matching POS in the packed key; exam membership and bundled IPA; one mapping per English headword; maximum eight added rows per Chinese key.
thesaurus	宝库	n.	tem4,tem8,ielts	ECDICT MIT	dual-source	yes	yes	no	bao ku	110	treasure house [n.]	n. 专类辞典, 宝库, 知识宝库, 叙词表, 主题词表\n[计] 同义词, 同义词典	tem4,tem8	auto-v1: exact complete 2–6 Han-character gloss from one or both of ECDICT/KyleBing; exact current pinyin candidate and packed glossary key; matching POS in the packed key; exam membership and bundled IPA; one mapping per English headword; maximum eight added rows per Chinese key.
ascent	上坡路	n.	tem8,toefl,ielts	ECDICT MIT	dual-source	yes	yes	no	shang po lu	102	uphill road [n.]	n. 上升, 提高, 攀登, 上坡路	tem8	auto-v1: exact complete 2–6 Han-character gloss from one or both of ECDICT/KyleBing; exact current pinyin candidate and packed glossary key; matching POS in the packed key; exam membership and bundled IPA; one mapping per English headword; maximum eight added rows per Chinese key.
distil	渗出	v.	tem4,tem8,ielts	ECDICT MIT	dual-source	yes	yes	no	shen chu	73	exude [v.] | seep [v.]	vt.vi. 蒸馏, 提取...的精华, 用蒸馏法提取\nvi. 滴下, 渗出	tem4,tem8	auto-v1: exact complete 2–6 Han-character gloss from one or both of ECDICT/KyleBing; exact current pinyin candidate and packed glossary key; matching POS in the packed key; exam membership and bundled IPA; one mapping per English headword; maximum eight added rows per Chinese key.
sympathetic	交感神经	n.	tem8,toefl,ielts	ECDICT MIT	dual-source	yes	yes	no	jiao gan shen jing	70	sympathetic nerve [n.]	a. 有同情心的, 合意的, 赞成的\nn. 交感神经, 容易感受的人	tem8	auto-v1: exact complete 2–6 Han-character gloss from one or both of ECDICT/KyleBing; exact current pinyin candidate and packed glossary key; matching POS in the packed key; exam membership and bundled IPA; one mapping per English headword; maximum eight added rows per Chinese key.
tumour	肿块	n.	tem4,tem8,ielts	ECDICT MIT	dual-source	yes	yes	no	zhong kuai	61	lump [n.]	n. 瘤, 肿块	tem4,tem8	auto-v1: exact complete 2–6 Han-character gloss from one or both of ECDICT/KyleBing; exact current pinyin candidate and packed glossary key; matching POS in the packed key; exam membership and bundled IPA; one mapping per English headword; maximum eight added rows per Chinese key.
knuckle	膝关节	n.	tem4,tem8,toefl	ECDICT MIT	dual-source	yes	yes	no	xi guan jie	58	knee joint [n.]	n. 指节, 蹄爪, 膝关节\nv. 以指节打, 以手指射	tem4,tem8	auto-v1: exact complete 2–6 Han-character gloss from one or both of ECDICT/KyleBing; exact current pinyin candidate and packed glossary key; matching POS in the packed key; exam membership and bundled IPA; one mapping per English headword; maximum eight added rows per Chinese key.
stuffing	填料	n.	tem4,tem8,ielts	ECDICT MIT	dual-source	yes	yes	no	tian liao	34	filler [n.]	n. 填塞物, 填料	ielts,tem4,tem8	auto-v1: exact complete 2–6 Han-character gloss from one or both of ECDICT/KyleBing; exact current pinyin candidate and packed glossary key; matching POS in the packed key; exam membership and bundled IPA; one mapping per English headword; maximum eight added rows per Chinese key.
yardstick	准绳	n.	tem4,tem8,toefl	ECDICT MIT	dual-source	yes	yes	no	zhun sheng	26	criterion [n.]	n. 码尺, 计算标准, 准绳\n[法] 尺度, 衡量标准, 任何评判或比较的标准	toefl	auto-v1: exact complete 2–6 Han-character gloss from one or both of ECDICT/KyleBing; exact current pinyin candidate and packed glossary key; matching POS in the packed key; exam membership and bundled IPA; one mapping per English headword; maximum eight added rows per Chinese key.
working	工作	n.	toefl,ielts	ECDICT MIT	dual-source	yes	yes	no	gong zuo	141368	work [n.] | job [n.]	n. 工作, 运转, 劳动\na. 工作的, 劳动的, 经营的, 抽搐的, 运转的	toefl	auto-v1: exact complete 2–6 Han-character gloss from one or both of ECDICT/KyleBing; exact current pinyin candidate and packed glossary key; matching POS in the packed key; exam membership and bundled IPA; one mapping per English headword; maximum eight added rows per Chinese key.
individuality	个人	n.	tem8,toefl	ECDICT MIT	dual-source	yes	yes	no	ge ren	67930	individual [n.] | personal [n.]	n. 个性, 个人, 特征	tem8	auto-v1: exact complete 2–6 Han-character gloss from one or both of ECDICT/KyleBing; exact current pinyin candidate and packed glossary key; matching POS in the packed key; exam membership and bundled IPA; one mapping per English headword; maximum eight added rows per Chinese key.
bolster	支持	v.	toefl,ielts	ECDICT MIT	dual-source	yes	yes	no	zhi chi	63877	support [v.]	n. 支持, 长枕\nvt. 支持, 支撑	ielts,toefl	auto-v1: exact complete 2–6 Han-character gloss from one or both of ECDICT/KyleBing; exact current pinyin candidate and packed glossary key; matching POS in the packed key; exam membership and bundled IPA; one mapping per English headword; maximum eight added rows per Chinese key.
espouse	支持	v.	tem8,toefl	ECDICT MIT	dual-source	yes	yes	no	zhi chi	63877	support [v.]	vt. 支持, 赞成, 嫁, 娶\n[法] 娶, 出嫁, 信奉	tem8,toefl	auto-v1: exact complete 2–6 Han-character gloss from one or both of ECDICT/KyleBing; exact current pinyin candidate and packed glossary key; matching POS in the packed key; exam membership and bundled IPA; one mapping per English headword; maximum eight added rows per Chinese key.
jolly	非常	adv.	tem4,tem8	ECDICT MIT	dual-source	yes	yes	no	fei chang	53300	very [adv.]	a. 愉快的, 高兴的, 宜人的\nvt. 恭维, 使高兴, 取笑\nvi. 开玩笑\nadv. 非常, 极为	tem4,tem8	auto-v1: exact complete 2–6 Han-character gloss from one or both of ECDICT/KyleBing; exact current pinyin candidate and packed glossary key; matching POS in the packed key; exam membership and bundled IPA; one mapping per English headword; maximum eight added rows per Chinese key.
downright	完全	adv.	tem4,tem8	ECDICT MIT	dual-source	yes	yes	no	wan quan	44929	completely [adv.]	a. 明白的, 率直的, 十足的\nadv. 全然, 彻底, 完全	tem8	auto-v1: exact complete 2–6 Han-character gloss from one or both of ECDICT/KyleBing; exact current pinyin candidate and packed glossary key; matching POS in the packed key; exam membership and bundled IPA; one mapping per English headword; maximum eight added rows per Chinese key.
revert	回复	v.	tem8,toefl	ECDICT MIT	dual-source	yes	yes	no	hui fu	42254	reply [v.]	vi. 恢复, 复归, 回复, 还原\nvt. 使回复原状, 使回转\nn. 恢复原信仰的人\n[计] 还原	tem8,toefl	auto-v1: exact complete 2–6 Han-character gloss from one or both of ECDICT/KyleBing; exact current pinyin candidate and packed glossary key; matching POS in the packed key; exam membership and bundled IPA; one mapping per English headword; maximum eight added rows per Chinese key.
flair	才能	n.	tem8,toefl	ECDICT MIT	dual-source	yes	yes	no	cai neng	33701	talent [n.] | ability [n.]	n. 鉴别力, 才能, 天资, 资质, 眼光	toefl	auto-v1: exact complete 2–6 Han-character gloss from one or both of ECDICT/KyleBing; exact current pinyin candidate and packed glossary key; matching POS in the packed key; exam membership and bundled IPA; one mapping per English headword; maximum eight added rows per Chinese key.
additionally	另外	adv.	tem8,toefl	ECDICT MIT	dual-source	yes	yes	no	ling wai	27445	besides [adv.]	adv. 另外, 此外	toefl	auto-v1: exact complete 2–6 Han-character gloss from one or both of ECDICT/KyleBing; exact current pinyin candidate and packed glossary key; matching POS in the packed key; exam membership and bundled IPA; one mapping per English headword; maximum eight added rows per Chinese key.
repulse	拒绝	v.	tem8,toefl	ECDICT MIT	dual-source	yes	yes	no	ju jue	25283	refuse [v.]	n. 击退, 拒绝\nvt. 厌恶, 击退, 拒绝	tem8	auto-v1: exact complete 2–6 Han-character gloss from one or both of ECDICT/KyleBing; exact current pinyin candidate and packed glossary key; matching POS in the packed key; exam membership and bundled IPA; one mapping per English headword; maximum eight added rows per Chinese key.
assent	同意	v.	tem8,toefl	ECDICT MIT	dual-source	yes	yes	no	tong yi	23673	agree [v.]	n. 赞成\nvi. 同意	tem8	auto-v1: exact complete 2–6 Han-character gloss from one or both of ECDICT/KyleBing; exact current pinyin candidate and packed glossary key; matching POS in the packed key; exam membership and bundled IPA; one mapping per English headword; maximum eight added rows per Chinese key.
accede	同意	v.	tem8,toefl	ECDICT MIT	dual-source	yes	yes	no	tong yi	23673	agree [v.]	vi. 同意, 正式加入, 就任, 继任	tem8,toefl	auto-v1: exact complete 2–6 Han-character gloss from one or both of ECDICT/KyleBing; exact current pinyin candidate and packed glossary key; matching POS in the packed key; exam membership and bundled IPA; one mapping per English headword; maximum eight added rows per Chinese key.
eke	增加	v.	toefl,ielts	ECDICT MIT	dual-source	yes	yes	no	zeng jia	22397	increase [v.]	vt. 补充, 增加	ielts,toefl	auto-v1: exact complete 2–6 Han-character gloss from one or both of ECDICT/KyleBing; exact current pinyin candidate and packed glossary key; matching POS in the packed key; exam membership and bundled IPA; one mapping per English headword; maximum eight added rows per Chinese key.
tether	范围	n.	tem8,toefl	ECDICT MIT	dual-source	yes	yes	no	fan wei	22166	range [n.] | scope [n.]	n. 系绳, 系链, 界限, 范围\nvt. 栓, 束缚, 限制	tem8,toefl	auto-v1: exact complete 2–6 Han-character gloss from one or both of ECDICT/KyleBing; exact current pinyin candidate and packed glossary key; matching POS in the packed key; exam membership and bundled IPA; one mapping per English headword; maximum eight added rows per Chinese key.
tummy	肚子	n.	tem4,tem8	ECDICT MIT	dual-source	yes	yes	no	du zi	20784	belly [n.]	n. 胃, 肚子	tem4,tem8	auto-v1: exact complete 2–6 Han-character gloss from one or both of ECDICT/KyleBing; exact current pinyin candidate and packed glossary key; matching POS in the packed key; exam membership and bundled IPA; one mapping per English headword; maximum eight added rows per Chinese key.
decry	反对	v.	tem8,toefl	ECDICT MIT	dual-source	yes	yes	no	fan dui	19636	oppose [v.] | object [v.]	vt. 反对, 责难, 诽谤, 诋毁	tem8	auto-v1: exact complete 2–6 Han-character gloss from one or both of ECDICT/KyleBing; exact current pinyin candidate and packed glossary key; matching POS in the packed key; exam membership and bundled IPA; one mapping per English headword; maximum eight added rows per Chinese key.
demur	反对	v.	tem8,toefl	ECDICT MIT	dual-source	yes	yes	no	fan dui	19636	oppose [v.] | object [v.]	vi. 提出异议, 反对, 抗辩\nn. 异议, 反对	tem8	auto-v1: exact complete 2–6 Han-character gloss from one or both of ECDICT/KyleBing; exact current pinyin candidate and packed glossary key; matching POS in the packed key; exam membership and bundled IPA; one mapping per English headword; maximum eight added rows per Chinese key.
deprecate	反对	v.	tem8,toefl	ECDICT MIT	dual-source	yes	yes	no	fan dui	19636	oppose [v.] | object [v.]	vt. 声明不赞成, 抗议, 反对\n[法] 对...表示不赞成, 反对	tem8,toefl	auto-v1: exact complete 2–6 Han-character gloss from one or both of ECDICT/KyleBing; exact current pinyin candidate and packed glossary key; matching POS in the packed key; exam membership and bundled IPA; one mapping per English headword; maximum eight added rows per Chinese key.
caricature	漫画	n.	tem8,toefl	ECDICT MIT	dual-source	yes	yes	no	man hua	19341	comic [n.] | manga [n.]	n. 讽刺画, 漫画, 漫画手法\nvt. 画成漫画讽刺	tem8	auto-v1: exact complete 2–6 Han-character gloss from one or both of ECDICT/KyleBing; exact current pinyin candidate and packed glossary key; matching POS in the packed key; exam membership and bundled IPA; one mapping per English headword; maximum eight added rows per Chinese key.
baptize	命名	v.	tem4,tem8	ECDICT MIT	dual-source	yes	yes	no	ming ming	17598	name [v.] | designate [v.]	vt. 施洗礼, 使经受考验, 命名	tem4,tem8	auto-v1: exact complete 2–6 Han-character gloss from one or both of ECDICT/KyleBing; exact current pinyin candidate and packed glossary key; matching POS in the packed key; exam membership and bundled IPA; one mapping per English headword; maximum eight added rows per Chinese key.
mutation	变化	n.	toefl,ielts	ECDICT MIT	dual-source	yes	yes	no	bian hua	17561	change [n.]	n. 变化, 突变, 元音变化\n[化] 突变	ielts	auto-v1: exact complete 2–6 Han-character gloss from one or both of ECDICT/KyleBing; exact current pinyin candidate and packed glossary key; matching POS in the packed key; exam membership and bundled IPA; one mapping per English headword; maximum eight added rows per Chinese key.
sweeping	垃圾	n.	tem8,toefl	ECDICT MIT	dual-source	yes	yes	no	la ji	17327	garbage [n.] | trash [n.]	n. 扫除, 垃圾\na. 扫荡的, 彻底的, 广泛的	tem8,toefl	auto-v1: exact complete 2–6 Han-character gloss from one or both of ECDICT/KyleBing; exact current pinyin candidate and packed glossary key; matching POS in the packed key; exam membership and bundled IPA; one mapping per English headword; maximum eight added rows per Chinese key.
fetish	偶像	n.	tem8,toefl	ECDICT MIT	dual-source	yes	yes	no	ou xiang	17250	idol [n.]	n. 物神, 偶像, 迷信\n[医] 恋物对象	tem8	auto-v1: exact complete 2–6 Han-character gloss from one or both of ECDICT/KyleBing; exact current pinyin candidate and packed glossary key; matching POS in the packed key; exam membership and bundled IPA; one mapping per English headword; maximum eight added rows per Chinese key.
dollar	美元	n.	tem8,toefl	ECDICT MIT	dual-source	yes	yes	no	mei yuan	17164	us dollar [n.]	n. 美元, 元(加、澳等国货币单位)\n[经] 纯经济的, 美元, 元	tem8,toefl	auto-v1: exact complete 2–6 Han-character gloss from one or both of ECDICT/KyleBing; exact current pinyin candidate and packed glossary key; matching POS in the packed key; exam membership and bundled IPA; one mapping per English headword; maximum eight added rows per Chinese key.
amalgamate	合并	v.	tem8,toefl	ECDICT MIT	dual-source	yes	yes	no	he bing	16459	merge [v.] | combine [v.]	v. 使汞齐化, 合并	tem8	auto-v1: exact complete 2–6 Han-character gloss from one or both of ECDICT/KyleBing; exact current pinyin candidate and packed glossary key; matching POS in the packed key; exam membership and bundled IPA; one mapping per English headword; maximum eight added rows per Chinese key.
negate	取消	v.	tem8,toefl	ECDICT MIT	dual-source	yes	yes	no	qu xiao	15453	cancel [v.]	vt. 否定, 否认, 取消\n[计] 非	tem8,toefl	auto-v1: exact complete 2–6 Han-character gloss from one or both of ECDICT/KyleBing; exact current pinyin candidate and packed glossary key; matching POS in the packed key; exam membership and bundled IPA; one mapping per English headword; maximum eight added rows per Chinese key.
fritter	浪费	v.	tem8,toefl	ECDICT MIT	dual-source	yes	yes	no	lang fei	14915	waste [v.]	vt. 浪费, 细切, 剁碎\nn. 细片, 屑	tem8	auto-v1: exact complete 2–6 Han-character gloss from one or both of ECDICT/KyleBing; exact current pinyin candidate and packed glossary key; matching POS in the packed key; exam membership and bundled IPA; one mapping per English headword; maximum eight added rows per Chinese key.
chauffeur	司机	n.	tem4,tem8	ECDICT MIT	dual-source	yes	yes	no	si ji	14613	driver [n.]	n. 司机	tem4,tem8	auto-v1: exact complete 2–6 Han-character gloss from one or both of ECDICT/KyleBing; exact current pinyin candidate and packed glossary key; matching POS in the packed key; exam membership and bundled IPA; one mapping per English headword; maximum eight added rows per Chinese key.
anymore	不再	adv.	tem8,toefl	ECDICT MIT	dual-source	yes	yes	no	bu zai	14519	no longer [adv.]	adv. 再也不, 不再	tem8,toefl	auto-v1: exact complete 2–6 Han-character gloss from one or both of ECDICT/KyleBing; exact current pinyin candidate and packed glossary key; matching POS in the packed key; exam membership and bundled IPA; one mapping per English headword; maximum eight added rows per Chinese key.
balk	错过	v.	tem8,toefl	ECDICT MIT	dual-source	yes	yes	no	cuo guo	13572	miss [v.]	n. 障碍, 错误, 失败\nvt. 阻止, 错过, 推诿\nvi. 逡巡不前	tem8	auto-v1: exact complete 2–6 Han-character gloss from one or both of ECDICT/KyleBing; exact current pinyin candidate and packed glossary key; matching POS in the packed key; exam membership and bundled IPA; one mapping per English headword; maximum eight added rows per Chinese key.
empower	允许	v.	tem8,toefl	ECDICT MIT	dual-source	yes	yes	no	yun xu	13357	allow [v.] | permit [v.]	vt. 授予权力, 允许, 使能够\n[法] 授权, 准许, 转委	tem8	auto-v1: exact complete 2–6 Han-character gloss from one or both of ECDICT/KyleBing; exact current pinyin candidate and packed glossary key; matching POS in the packed key; exam membership and bundled IPA; one mapping per English headword; maximum eight added rows per Chinese key.
affront	面对	v.	tem8,toefl	ECDICT MIT	dual-source	yes	yes	no	mian dui	12921	face [v.] | confront [v.]	n. 公开侮辱, 轻蔑\nvt. 公开侮辱, 冒犯, 面对	tem8	auto-v1: exact complete 2–6 Han-character gloss from one or both of ECDICT/KyleBing; exact current pinyin candidate and packed glossary key; matching POS in the packed key; exam membership and bundled IPA; one mapping per English headword; maximum eight added rows per Chinese key.
secrecy	秘密	n.	tem8,toefl	ECDICT MIT	dual-source	yes	yes	no	mi mi	12810	secret [n.]	n. 秘密, 保密\n[法] 秘密, 秘密状态, 保密	tem8,toefl	auto-v1: exact complete 2–6 Han-character gloss from one or both of ECDICT/KyleBing; exact current pinyin candidate and packed glossary key; matching POS in the packed key; exam membership and bundled IPA; one mapping per English headword; maximum eight added rows per Chinese key.
submission	意见	n.	tem8,toefl	ECDICT MIT	dual-source	yes	yes	no	yi jian	12141	opinion [n.] | view [n.]	n. 屈服, 服从, 谦恭, 呈递, 提交, 意见\n[经] 提交, 提出, 提交公断	toefl	auto-v1: exact complete 2–6 Han-character gloss from one or both of ECDICT/KyleBing; exact current pinyin candidate and packed glossary key; matching POS in the packed key; exam membership and bundled IPA; one mapping per English headword; maximum eight added rows per Chinese key.
valentine	情人	n.	tem4,tem8	ECDICT MIT	dual-source	yes	yes	no	qing ren	12000	lover [n.]	n. 情人, 情人节礼物	tem4,tem8	auto-v1: exact complete 2–6 Han-character gloss from one or both of ECDICT/KyleBing; exact current pinyin candidate and packed glossary key; matching POS in the packed key; exam membership and bundled IPA; one mapping per English headword; maximum eight added rows per Chinese key.
knighthood	骑士	n.	tem4,tem8	ECDICT MIT	dual-source	yes	yes	no	qi shi	11969	knight [n.]	n. 骑士身分, 骑士气质, 骑士	tem4,tem8	auto-v1: exact complete 2–6 Han-character gloss from one or both of ECDICT/KyleBing; exact current pinyin candidate and packed glossary key; matching POS in the packed key; exam membership and bundled IPA; one mapping per English headword; maximum eight added rows per Chinese key.
critique	评论	n.	tem8,toefl	ECDICT MIT	dual-source	yes	yes	no	ping lun	11775	comment [n.]	n. 评论文章, 评论	toefl	auto-v1: exact complete 2–6 Han-character gloss from one or both of ECDICT/KyleBing; exact current pinyin candidate and packed glossary key; matching POS in the packed key; exam membership and bundled IPA; one mapping per English headword; maximum eight added rows per Chinese key.
underside	下面	n.	tem4,tem8	ECDICT MIT	dual-source	yes	yes	no	xia mian	11545	below [n.] | under [n.]	n. 下面, 下侧, 底面	tem4,tem8	auto-v1: exact complete 2–6 Han-character gloss from one or both of ECDICT/KyleBing; exact current pinyin candidate and packed glossary key; matching POS in the packed key; exam membership and bundled IPA; one mapping per English headword; maximum eight added rows per Chinese key.
recollection	记忆	n.	tem8,toefl	ECDICT MIT	dual-source	yes	yes	no	ji yi	11409	memory [n.]	n. 记忆, 回想, 回忆	toefl	auto-v1: exact complete 2–6 Han-character gloss from one or both of ECDICT/KyleBing; exact current pinyin candidate and packed glossary key; matching POS in the packed key; exam membership and bundled IPA; one mapping per English headword; maximum eight added rows per Chinese key.
chum	室友	n.	tem8,toefl	ECDICT MIT	dual-source	yes	yes	no	shi you	11349	roommate [n.]	n. 密友, 室友\nvi. 结为密友	tem8	auto-v1: exact complete 2–6 Han-character gloss from one or both of ECDICT/KyleBing; exact current pinyin candidate and packed glossary key; matching POS in the packed key; exam membership and bundled IPA; one mapping per English headword; maximum eight added rows per Chinese key.
meagre	瘦的	adj.	tem8,ielts	ECDICT MIT	dual-source	yes	yes	no	shou de	10920	thin [adj.]	a. 瘦的, 不毛的, 贫乏的, 贫弱的, 少量的, 力量不够的, 质不高的, 量不足的	tem8	auto-v1: exact complete 2–6 Han-character gloss from one or both of ECDICT/KyleBing; exact current pinyin candidate and packed glossary key; matching POS in the packed key; exam membership and bundled IPA; one mapping per English headword; maximum eight added rows per Chinese key.
conjure	想象	v.	tem8,toefl	ECDICT MIT	dual-source	yes	yes	no	xiang xiang	10829	imagine [v.]	vt. 念咒文召唤, 变戏法, 想象\nvi. 变戏法, 施魔法	tem8	auto-v1: exact complete 2–6 Han-character gloss from one or both of ECDICT/KyleBing; exact current pinyin candidate and packed glossary key; matching POS in the packed key; exam membership and bundled IPA; one mapping per English headword; maximum eight added rows per Chinese key.
validate	确认	v.	tem8,toefl	ECDICT MIT	dual-source	yes	yes	no	que ren	10646	confirm [v.] | verify [v.]	vt. 使有效, 使生效, 确认, 证实, 验证\n[计] 验证	tem8	auto-v1: exact complete 2–6 Han-character gloss from one or both of ECDICT/KyleBing; exact current pinyin candidate and packed glossary key; matching POS in the packed key; exam membership and bundled IPA; one mapping per English headword; maximum eight added rows per Chinese key.
foray	袭击	v.	tem8,toefl	ECDICT MIT	dual-source	yes	yes	no	xi ji	9761	attack [v.] | raid [v.]	vi. 侵略, 劫掠, 袭击\nn. 侵掠, 侵略, 攻击	tem8	auto-v1: exact complete 2–6 Han-character gloss from one or both of ECDICT/KyleBing; exact current pinyin candidate and packed glossary key; matching POS in the packed key; exam membership and bundled IPA; one mapping per English headword; maximum eight added rows per Chinese key.
townsman	市民	n.	tem4,tem8	ECDICT MIT	dual-source	yes	yes	no	shi min	9711	citizen [n.]	n. 镇民, 城里人, 市民, 同镇人, 同乡, 同市人	tem4,tem8	auto-v1: exact complete 2–6 Han-character gloss from one or both of ECDICT/KyleBing; exact current pinyin candidate and packed glossary key; matching POS in the packed key; exam membership and bundled IPA; one mapping per English headword; maximum eight added rows per Chinese key.
emanate	发出	v.	tem8,toefl	ECDICT MIT	dual-source	yes	yes	no	fa chu	9531	emit [v.] | send out [v.]	vi. 散发, 发出, 发源	toefl	auto-v1: exact complete 2–6 Han-character gloss from one or both of ECDICT/KyleBing; exact current pinyin candidate and packed glossary key; matching POS in the packed key; exam membership and bundled IPA; one mapping per English headword; maximum eight added rows per Chinese key.
snout	鼻子	n.	tem8,toefl	ECDICT MIT	dual-source	yes	yes	no	bi zi	9072	nose [n.]	n. 鼻口部, 鼻子, 口吻状物, 烟草	tem8,toefl	auto-v1: exact complete 2–6 Han-character gloss from one or both of ECDICT/KyleBing; exact current pinyin candidate and packed glossary key; matching POS in the packed key; exam membership and bundled IPA; one mapping per English headword; maximum eight added rows per Chinese key.
exalt	提升	v.	tem8,toefl	ECDICT MIT	dual-source	yes	yes	no	ti sheng	9047	improve [v.] | enhance [v.]	vt. 提升, 提高, 赞扬, 使得意\nvi. 使人兴奋, 使人得意	tem8,toefl	auto-v1: exact complete 2–6 Han-character gloss from one or both of ECDICT/KyleBing; exact current pinyin candidate and packed glossary key; matching POS in the packed key; exam membership and bundled IPA; one mapping per English headword; maximum eight added rows per Chinese key.
rite	仪式	n.	tem8,toefl	ECDICT MIT	dual-source	yes	yes	no	yi shi	8248	ceremony [n.]	n. 仪式, 典礼, 惯例, 礼拜式	tem8,toefl	auto-v1: exact complete 2–6 Han-character gloss from one or both of ECDICT/KyleBing; exact current pinyin candidate and packed glossary key; matching POS in the packed key; exam membership and bundled IPA; one mapping per English headword; maximum eight added rows per Chinese key.
scenario	剧本	n.	tem8,toefl	ECDICT MIT	dual-source	yes	yes	no	ju ben	8122	script [n.] | play [n.]	n. 剧本提纲, 情节, 剧本, 方案, 事态\n[计] 方案	tem8,toefl	auto-v1: exact complete 2–6 Han-character gloss from one or both of ECDICT/KyleBing; exact current pinyin candidate and packed glossary key; matching POS in the packed key; exam membership and bundled IPA; one mapping per English headword; maximum eight added rows per Chinese key.
dictum	声明	n.	tem8,toefl	ECDICT MIT	dual-source	yes	yes	no	sheng ming	7573	statement [n.]	n. 声明, 格言, 法官意见\n[法] 宣言, 声明, 法官的意见	tem8	auto-v1: exact complete 2–6 Han-character gloss from one or both of ECDICT/KyleBing; exact current pinyin candidate and packed glossary key; matching POS in the packed key; exam membership and bundled IPA; one mapping per English headword; maximum eight added rows per Chinese key.
matron	妇女	n.	tem8,toefl	ECDICT MIT	dual-source	yes	yes	no	fu nv	7475	woman [n.]	n. 妇女, 主妇, 女总管\n[医] 管理员, 保姆	tem8	auto-v1: exact complete 2–6 Han-character gloss from one or both of ECDICT/KyleBing; exact current pinyin candidate and packed glossary key; matching POS in the packed key; exam membership and bundled IPA; one mapping per English headword; maximum eight added rows per Chinese key.
annoyance	烦恼	n.	tem4,tem8	ECDICT MIT	dual-source	yes	yes	no	fan nao	7393	worry [n.]	n. 烦恼, 打扰, 可厌之事\n[法] 使人烦恼的事物, 麻烦事, 讨厌物	tem4,tem8	auto-v1: exact complete 2–6 Han-character gloss from one or both of ECDICT/KyleBing; exact current pinyin candidate and packed glossary key; matching POS in the packed key; exam membership and bundled IPA; one mapping per English headword; maximum eight added rows per Chinese key.
fad	时尚	n.	tem8,toefl	ECDICT MIT	dual-source	yes	yes	no	shi shang	6972	fashion [n.]	n. 时尚\n[化] 黄素腺嘌呤二核苷酸	tem8,toefl	auto-v1: exact complete 2–6 Han-character gloss from one or both of ECDICT/KyleBing; exact current pinyin candidate and packed glossary key; matching POS in the packed key; exam membership and bundled IPA; one mapping per English headword; maximum eight added rows per Chinese key.
recurrence	循环	n.	tem8,toefl	ECDICT MIT	dual-source	yes	yes	no	xun huan	6619	cycle [n.] | loop [n.]	n. 再现, 再发生, 反复, 循环\n[医] 复发, 再发	tem8	auto-v1: exact complete 2–6 Han-character gloss from one or both of ECDICT/KyleBing; exact current pinyin candidate and packed glossary key; matching POS in the packed key; exam membership and bundled IPA; one mapping per English headword; maximum eight added rows per Chinese key.
aristocracy	贵族	n.	tem8,toefl	ECDICT MIT	dual-source	yes	yes	no	gui zu	6590	noble [n.] | aristocrat [n.]	n. 贵族, 上层社会, 知识界杰出分子\n[法] 贵族政治, 贵族统治	tem8	auto-v1: exact complete 2–6 Han-character gloss from one or both of ECDICT/KyleBing; exact current pinyin candidate and packed glossary key; matching POS in the packed key; exam membership and bundled IPA; one mapping per English headword; maximum eight added rows per Chinese key.
emigration	移民	n.	tem8,toefl	ECDICT MIT	dual-source	yes	yes	no	yi min	6528	immigrant [n.]	n. 移民, 移居外国(或外地)\n[医] 血细胞渗出	tem8	auto-v1: exact complete 2–6 Han-character gloss from one or both of ECDICT/KyleBing; exact current pinyin candidate and packed glossary key; matching POS in the packed key; exam membership and bundled IPA; one mapping per English headword; maximum eight added rows per Chinese key.
emigrant	移民	n.	tem8,toefl	ECDICT MIT	dual-source	yes	yes	no	yi min	6528	immigrant [n.]	n. 移民, 侨民\na. 移民的, 移居的	tem8,toefl	auto-v1: exact complete 2–6 Han-character gloss from one or both of ECDICT/KyleBing; exact current pinyin candidate and packed glossary key; matching POS in the packed key; exam membership and bundled IPA; one mapping per English headword; maximum eight added rows per Chinese key.
speedway	高速公路	n.	tem4,tem8	ECDICT MIT	dual-source	yes	yes	no	gao su gong lu	6403	highway [n.]	n. 汽车(或摩托车)竞赛场, 高速公路	tem4,tem8	auto-v1: exact complete 2–6 Han-character gloss from one or both of ECDICT/KyleBing; exact current pinyin candidate and packed glossary key; matching POS in the packed key; exam membership and bundled IPA; one mapping per English headword; maximum eight added rows per Chinese key.
motorway	高速公路	n.	tem4,tem8	ECDICT MIT	dual-source	yes	yes	no	gao su gong lu	6403	highway [n.]	n. 高速公路	tem4,tem8	auto-v1: exact complete 2–6 Han-character gloss from one or both of ECDICT/KyleBing; exact current pinyin candidate and packed glossary key; matching POS in the packed key; exam membership and bundled IPA; one mapping per English headword; maximum eight added rows per Chinese key.
serviceman	军人	n.	tem4,tem8	ECDICT MIT	dual-source	yes	yes	no	jun ren	6078	soldier [n.]	n. 军人, 维修人员\n[化] 机械师; 维修人员	tem4,tem8	auto-v1: exact complete 2–6 Han-character gloss from one or both of ECDICT/KyleBing; exact current pinyin candidate and packed glossary key; matching POS in the packed key; exam membership and bundled IPA; one mapping per English headword; maximum eight added rows per Chinese key.
zenith	最高点	n.	tem8,toefl	ECDICT MIT	dual-source	yes	yes	no	zui gao dian	5990	highest point [n.]	n. 顶点；最高点；顶峰	tem8	auto-v1: exact complete 2–6 Han-character gloss from one or both of ECDICT/KyleBing; exact current pinyin candidate and packed glossary key; matching POS in the packed key; exam membership and bundled IPA; one mapping per English headword; maximum eight added rows per Chinese key.
quash	撤销	v.	tem8,toefl	ECDICT MIT	dual-source	yes	yes	no	che xiao	5860	revoke [v.] | cancel [v.]	vt. 撤销, 平息, 镇压\n[法] 撤销, 废止, 宣布无效	tem8,toefl	auto-v1: exact complete 2–6 Han-character gloss from one or both of ECDICT/KyleBing; exact current pinyin candidate and packed glossary key; matching POS in the packed key; exam membership and bundled IPA; one mapping per English headword; maximum eight added rows per Chinese key.
impel	推动	v.	tem8,toefl	ECDICT MIT	dual-source	yes	yes	no	tui dong	5742	promote [v.] | push [v.]	vt. 推动, 激励, 驱使, 迫使	tem8	auto-v1: exact complete 2–6 Han-character gloss from one or both of ECDICT/KyleBing; exact current pinyin candidate and packed glossary key; matching POS in the packed key; exam membership and bundled IPA; one mapping per English headword; maximum eight added rows per Chinese key.
glean	收集	v.	tem8,toefl	ECDICT MIT	dual-source	yes	yes	no	shou ji	5591	collect [v.] | gather [v.]	v. 拾落穗, 收集	toefl	auto-v1: exact complete 2–6 Han-character gloss from one or both of ECDICT/KyleBing; exact current pinyin candidate and packed glossary key; matching POS in the packed key; exam membership and bundled IPA; one mapping per English headword; maximum eight added rows per Chinese key.
imaginable	可能的	adj.	tem4,tem8	ECDICT MIT	dual-source	yes	yes	no	ke neng de	5386	possible [adj.]	a. 可想像的, 可能的	tem4,tem8	auto-v1: exact complete 2–6 Han-character gloss from one or both of ECDICT/KyleBing; exact current pinyin candidate and packed glossary key; matching POS in the packed key; exam membership and bundled IPA; one mapping per English headword; maximum eight added rows per Chinese key.
grapple	抓住	v.	tem8,toefl	ECDICT MIT	dual-source	yes	yes	no	zhua zhu	5346	grasp [v.] | catch [v.]	v. 抓住, 掌握\nn. 抓住, 系紧, 掌握, 与...扭打	tem8,toefl	auto-v1: exact complete 2–6 Han-character gloss from one or both of ECDICT/KyleBing; exact current pinyin candidate and packed glossary key; matching POS in the packed key; exam membership and bundled IPA; one mapping per English headword; maximum eight added rows per Chinese key.
allude	提及	v.	tem8,toefl	ECDICT MIT	dual-source	yes	yes	no	ti ji	5120	mention [v.]	vi. 暗指, 提及	toefl	auto-v1: exact complete 2–6 Han-character gloss from one or both of ECDICT/KyleBing; exact current pinyin candidate and packed glossary key; matching POS in the packed key; exam membership and bundled IPA; one mapping per English headword; maximum eight added rows per Chinese key.
encouragement	奖励	n.	tem8,toefl	ECDICT MIT	dual-source	yes	yes	no	jiang li	5103	reward [n.]	n. 鼓励, 激励, 奖励\n[法] 怂恿, 煽动, 助长	toefl	auto-v1: exact complete 2–6 Han-character gloss from one or both of ECDICT/KyleBing; exact current pinyin candidate and packed glossary key; matching POS in the packed key; exam membership and bundled IPA; one mapping per English headword; maximum eight added rows per Chinese key.
curative	药物	n.	toefl,ielts	ECDICT MIT	dual-source	yes	yes	no	yao wu	4996	drug [n.]	a. 治病的, 有疗效的\nn. 药物, 治疗法	toefl	auto-v1: exact complete 2–6 Han-character gloss from one or both of ECDICT/KyleBing; exact current pinyin candidate and packed glossary key; matching POS in the packed key; exam membership and bundled IPA; one mapping per English headword; maximum eight added rows per Chinese key.
thereof	由此	adv.	tem4,tem8	ECDICT MIT	dual-source	yes	yes	no	you ci	4954	thereby [adv.]	adv. 在其中, 关于..., 由此\n[法] 由是, 由此, 属于它的	tem4,tem8	auto-v1: exact complete 2–6 Han-character gloss from one or both of ECDICT/KyleBing; exact current pinyin candidate and packed glossary key; matching POS in the packed key; exam membership and bundled IPA; one mapping per English headword; maximum eight added rows per Chinese key.
recess	休假	v.	tem8,toefl	ECDICT MIT	dual-source	yes	yes	no	xiu jia	4671	take a vacation [v.]	n. 休息, 休会, 放假, 凹进处, 深处\nvt. 使凹进\nvi. 休假, 休息	toefl	auto-v1: exact complete 2–6 Han-character gloss from one or both of ECDICT/KyleBing; exact current pinyin candidate and packed glossary key; matching POS in the packed key; exam membership and bundled IPA; one mapping per English headword; maximum eight added rows per Chinese key.
guise	外观	n.	tem8,toefl	ECDICT MIT	dual-source	yes	yes	no	wai guan	4540	appearance [n.] | exterior [n.]	n. 相似, 外观, 伪装\nv. 穿戴, 伪装	tem8	auto-v1: exact complete 2–6 Han-character gloss from one or both of ECDICT/KyleBing; exact current pinyin candidate and packed glossary key; matching POS in the packed key; exam membership and bundled IPA; one mapping per English headword; maximum eight added rows per Chinese key.
animosity	仇恨	n.	tem8,toefl	ECDICT MIT	dual-source	yes	yes	no	chou hen	4370	hatred [n.]	n. 仇恨, 憎恶, 敌意	tem8	auto-v1: exact complete 2–6 Han-character gloss from one or both of ECDICT/KyleBing; exact current pinyin candidate and packed glossary key; matching POS in the packed key; exam membership and bundled IPA; one mapping per English headword; maximum eight added rows per Chinese key.
garnish	装饰	v.	tem8,toefl	ECDICT MIT	dual-source	yes	yes	no	zhuang shi	4362	decorate [v.]	n. 装饰, 装饰品\nvt. 装饰	tem8	auto-v1: exact complete 2–6 Han-character gloss from one or both of ECDICT/KyleBing; exact current pinyin candidate and packed glossary key; matching POS in the packed key; exam membership and bundled IPA; one mapping per English headword; maximum eight added rows per Chinese key.
gazette	报纸	n.	tem8,toefl	ECDICT MIT	dual-source	yes	yes	no	bao zhi	4306	newspaper [n.]	n. 报, 公报, 报纸\nvt. 在公报上宣布, 刊载于公报	tem8,toefl	auto-v1: exact complete 2–6 Han-character gloss from one or both of ECDICT/KyleBing; exact current pinyin candidate and packed glossary key; matching POS in the packed key; exam membership and bundled IPA; one mapping per English headword; maximum eight added rows per Chinese key.
ferret	侦探	n.	tem8,toefl	ECDICT MIT	dual-source	yes	yes	no	zhen tan	4300	detective [n.]	n. 白鼬, 雪貂, 侦探\nvt. 用雪貂打猎, 搜出, 驱出\nvi. 搜索	tem8	auto-v1: exact complete 2–6 Han-character gloss from one or both of ECDICT/KyleBing; exact current pinyin candidate and packed glossary key; matching POS in the packed key; exam membership and bundled IPA; one mapping per English headword; maximum eight added rows per Chinese key.
semblance	外表	n.	toefl,ielts	ECDICT MIT	dual-source	yes	yes	no	wai biao	4258	appearance [n.]	n. 外表, 伪装, 假象, 少量	ielts	auto-v1: exact complete 2–6 Han-character gloss from one or both of ECDICT/KyleBing; exact current pinyin candidate and packed glossary key; matching POS in the packed key; exam membership and bundled IPA; one mapping per English headword; maximum eight added rows per Chinese key.
negro	黑人	n.	tem4,tem8	ECDICT MIT	dual-source	yes	yes	no	hei ren	4189	black person [n.]	n. 黑人\na. 黑人的	tem4,tem8	auto-v1: exact complete 2–6 Han-character gloss from one or both of ECDICT/KyleBing; exact current pinyin candidate and packed glossary key; matching POS in the packed key; exam membership and bundled IPA; one mapping per English headword; maximum eight added rows per Chinese key.
deride	嘲笑	v.	tem8,toefl	ECDICT MIT	dual-source	yes	yes	no	chao xiao	4179	mock [v.] | ridicule [v.]	vt. 嘲弄, 嘲笑	tem8	auto-v1: exact complete 2–6 Han-character gloss from one or both of ECDICT/KyleBing; exact current pinyin candidate and packed glossary key; matching POS in the packed key; exam membership and bundled IPA; one mapping per English headword; maximum eight added rows per Chinese key.
flout	嘲笑	v.	tem8,toefl	ECDICT MIT	dual-source	yes	yes	no	chao xiao	4179	mock [v.] | ridicule [v.]	vt. 嘲笑, 愚弄\nvi. 表示轻蔑\nn. 嘲笑, 愚弄, 轻视	tem8	auto-v1: exact complete 2–6 Han-character gloss from one or both of ECDICT/KyleBing; exact current pinyin candidate and packed glossary key; matching POS in the packed key; exam membership and bundled IPA; one mapping per English headword; maximum eight added rows per Chinese key.
quay	码头	n.	tem4,tem8	ECDICT MIT	dual-source	yes	yes	no	ma tou	4058	dock [n.] | wharf [n.]	n. 码头, 驳岸\n[经] 贴岸码头	tem4,tem8	auto-v1: exact complete 2–6 Han-character gloss from one or both of ECDICT/KyleBing; exact current pinyin candidate and packed glossary key; matching POS in the packed key; exam membership and bundled IPA; one mapping per English headword; maximum eight added rows per Chinese key.
oscillate	犹豫	v.	toefl,ielts	ECDICT MIT	dual-source	yes	yes	no	you yu	4045	hesitate [v.]	vi. 振动, 彷徨, 犹豫\nvt. 使振动, 使动摇	ielts	auto-v1: exact complete 2–6 Han-character gloss from one or both of ECDICT/KyleBing; exact current pinyin candidate and packed glossary key; matching POS in the packed key; exam membership and bundled IPA; one mapping per English headword; maximum eight added rows per Chinese key.
enrol	登记	v.	tem4,tem8	ECDICT MIT	dual-source	yes	yes	no	deng ji	4029	register [v.]	vt. 登记, 使加入\nvi. 参军, 注册	tem4,tem8	auto-v1: exact complete 2–6 Han-character gloss from one or both of ECDICT/KyleBing; exact current pinyin candidate and packed glossary key; matching POS in the packed key; exam membership and bundled IPA; one mapping per English headword; maximum eight added rows per Chinese key.
southern	南方人	n.	tem8,toefl	ECDICT MIT	dual-source	yes	yes	no	nan fang ren	4020	southerner [n.]	n. 南方人, 男风\na. 向南方的, 来自南方的	tem8	auto-v1: exact complete 2–6 Han-character gloss from one or both of ECDICT/KyleBing; exact current pinyin candidate and packed glossary key; matching POS in the packed key; exam membership and bundled IPA; one mapping per English headword; maximum eight added rows per Chinese key.
tint	色彩	n.	tem8,toefl	ECDICT MIT	dual-source	yes	yes	no	se cai	4007	color [n.]	n. 色彩, 浅色\nvt. 染色于	tem8,toefl	auto-v1: exact complete 2–6 Han-character gloss from one or both of ECDICT/KyleBing; exact current pinyin candidate and packed glossary key; matching POS in the packed key; exam membership and bundled IPA; one mapping per English headword; maximum eight added rows per Chinese key.
veer	转向	v.	tem8,toefl	ECDICT MIT	dual-source	yes	yes	no	zhuan xiang	3909	turn [v.]	vi. 转向\nvt. 使转向\nn. 转向	tem8	auto-v1: exact complete 2–6 Han-character gloss from one or both of ECDICT/KyleBing; exact current pinyin candidate and packed glossary key; matching POS in the packed key; exam membership and bundled IPA; one mapping per English headword; maximum eight added rows per Chinese key.
swathe	包围	v.	tem4,tem8	ECDICT MIT	dual-source	yes	yes	no	bao wei	3844	surround [v.] | encircle [v.]	vt. 绑, 裹, 包围\nn. 带子, 绷带	tem4,tem8	auto-v1: exact complete 2–6 Han-character gloss from one or both of ECDICT/KyleBing; exact current pinyin candidate and packed glossary key; matching POS in the packed key; exam membership and bundled IPA; one mapping per English headword; maximum eight added rows per Chinese key.
declaim	演讲	v.	tem8,toefl	ECDICT MIT	dual-source	yes	yes	no	yan jiang	3748	speech [v.] | lecture [v.]	v. 慷慨陈词, 演讲, 朗读	tem8	auto-v1: exact complete 2–6 Han-character gloss from one or both of ECDICT/KyleBing; exact current pinyin candidate and packed glossary key; matching POS in the packed key; exam membership and bundled IPA; one mapping per English headword; maximum eight added rows per Chinese key.
financier	欺骗	v.	tem8,toefl	ECDICT MIT	dual-source	yes	yes	no	qi pian	3651	deceive [v.] | cheat [v.]	n. 财政家, 金融家\nvi. 从事欺骗性金融活动, 欺骗	tem8	auto-v1: exact complete 2–6 Han-character gloss from one or both of ECDICT/KyleBing; exact current pinyin candidate and packed glossary key; matching POS in the packed key; exam membership and bundled IPA; one mapping per English headword; maximum eight added rows per Chinese key.
hoax	欺骗	v.	tem8,toefl	ECDICT MIT	dual-source	yes	yes	no	qi pian	3651	deceive [v.] | cheat [v.]	vt. 欺骗, 哄骗, 愚弄\nn. 愚弄人, 恶作剧	tem8	auto-v1: exact complete 2–6 Han-character gloss from one or both of ECDICT/KyleBing; exact current pinyin candidate and packed glossary key; matching POS in the packed key; exam membership and bundled IPA; one mapping per English headword; maximum eight added rows per Chinese key.
predisposition	倾向	n.	tem8,ielts	ECDICT MIT	dual-source	yes	yes	no	qing xiang	3646	tendency [n.]	n. 爱好, 素质, 癖性, 天性, 倾向, 易感受性\n[医] 素因, 素质	ielts,tem8	auto-v1: exact complete 2–6 Han-character gloss from one or both of ECDICT/KyleBing; exact current pinyin candidate and packed glossary key; matching POS in the packed key; exam membership and bundled IPA; one mapping per English headword; maximum eight added rows per Chinese key.
strut	炫耀	v.	tem8,toefl	ECDICT MIT	dual-source	yes	yes	no	xuan yao	3613	show off [v.] | flaunt [v.]	n. 高视阔步, 支柱, 压杆\nvi. 趾高气扬地走, 肿胀\nvt. 用支柱支撑, 炫耀	tem8	auto-v1: exact complete 2–6 Han-character gloss from one or both of ECDICT/KyleBing; exact current pinyin candidate and packed glossary key; matching POS in the packed key; exam membership and bundled IPA; one mapping per English headword; maximum eight added rows per Chinese key.
bask	晒太阳	v.	tem8,toefl	ECDICT MIT	dual-source	yes	yes	no	shai tai yang	3518	sunbathe [v.]	vi. 晒太阳, 感到舒适	tem8,toefl	auto-v1: exact complete 2–6 Han-character gloss from one or both of ECDICT/KyleBing; exact current pinyin candidate and packed glossary key; matching POS in the packed key; exam membership and bundled IPA; one mapping per English headword; maximum eight added rows per Chinese key.
jovial	愉快的	adj.	tem4,toefl	ECDICT MIT	dual-source	yes	yes	no	yu kuai de	3503	pleasant [adj.] | happy [adj.]	a. 快活的, 高兴的, 愉快的\n[计] 国际算法语言的朱尔斯文本	tem4	auto-v1: exact complete 2–6 Han-character gloss from one or both of ECDICT/KyleBing; exact current pinyin candidate and packed glossary key; matching POS in the packed key; exam membership and bundled IPA; one mapping per English headword; maximum eight added rows per Chinese key.
cosmetic	化妆品	n.	tem4,tem8	ECDICT MIT	dual-source	yes	yes	no	hua zhuang pin	3412	cosmetics [n.]	n. 化妆品\na. 化妆用的	tem4,tem8	auto-v1: exact complete 2–6 Han-character gloss from one or both of ECDICT/KyleBing; exact current pinyin candidate and packed glossary key; matching POS in the packed key; exam membership and bundled IPA; one mapping per English headword; maximum eight added rows per Chinese key.
finesse	策略	n.	tem8,toefl	ECDICT MIT	dual-source	yes	yes	no	ce lve	3217	strategy [n.]	n. 策略, 手段, (桥牌中的)飞牌\nv. 用计谋处理, 出小牌	tem8	auto-v1: exact complete 2–6 Han-character gloss from one or both of ECDICT/KyleBing; exact current pinyin candidate and packed glossary key; matching POS in the packed key; exam membership and bundled IPA; one mapping per English headword; maximum eight added rows per Chinese key.
fanciful	奇怪的	adj.	tem8,toefl	ECDICT MIT	dual-source	yes	yes	no	qi guai de	3011	strange [adj.]	a. 奇怪的, 稀奇的, 想像的	toefl	auto-v1: exact complete 2–6 Han-character gloss from one or both of ECDICT/KyleBing; exact current pinyin candidate and packed glossary key; matching POS in the packed key; exam membership and bundled IPA; one mapping per English headword; maximum eight added rows per Chinese key.
pathway	途径	n.	toefl,ielts	ECDICT MIT	dual-source	yes	yes	no	tu jing	2991	way [n.] | route [n.]	n. 路径, 途径\n[医] 路径, 道	ielts	auto-v1: exact complete 2–6 Han-character gloss from one or both of ECDICT/KyleBing; exact current pinyin candidate and packed glossary key; matching POS in the packed key; exam membership and bundled IPA; one mapping per English headword; maximum eight added rows per Chinese key.
rend	分裂	v.	tem8,toefl	ECDICT MIT	dual-source	yes	yes	no	fen lie	2936	split [v.] | divide [v.]	vt. 分裂, 劈开, 强夺, 撕碎, 划破\nvi. 撕开, 裂开	tem8	auto-v1: exact complete 2–6 Han-character gloss from one or both of ECDICT/KyleBing; exact current pinyin candidate and packed glossary key; matching POS in the packed key; exam membership and bundled IPA; one mapping per English headword; maximum eight added rows per Chinese key.
connote	意味着	v.	tem8,toefl	ECDICT MIT	dual-source	yes	yes	no	yi wei zhe	2919	mean [v.]	vt. 含蓄着, 内涵着, 意味着	tem8,toefl	auto-v1: exact complete 2–6 Han-character gloss from one or both of ECDICT/KyleBing; exact current pinyin candidate and packed glossary key; matching POS in the packed key; exam membership and bundled IPA; one mapping per English headword; maximum eight added rows per Chinese key.
dislodge	驱逐	v.	tem8,toefl	ECDICT MIT	dual-source	yes	yes	no	qu zhu	2901	expel [v.] | drive out [v.]	vt. 逐出, 使移动, 驱逐\nvi. 离开原位	tem8,toefl	auto-v1: exact complete 2–6 Han-character gloss from one or both of ECDICT/KyleBing; exact current pinyin candidate and packed glossary key; matching POS in the packed key; exam membership and bundled IPA; one mapping per English headword; maximum eight added rows per Chinese key.
indict	起诉	v.	tem8,toefl	ECDICT MIT	dual-source	yes	yes	no	qi su	2894	sue [v.] | prosecute [v.]	vt. 起诉, 控告, 指控\n[法] 控告, 揭发, 对...起诉	tem8,toefl	auto-v1: exact complete 2–6 Han-character gloss from one or both of ECDICT/KyleBing; exact current pinyin candidate and packed glossary key; matching POS in the packed key; exam membership and bundled IPA; one mapping per English headword; maximum eight added rows per Chinese key.
hanker	渴望	v.	tem8,toefl	ECDICT MIT	dual-source	yes	yes	no	ke wang	2894	crave [v.] | long for [v.]	vi. 渴望, 热切希望	tem8,toefl	auto-v1: exact complete 2–6 Han-character gloss from one or both of ECDICT/KyleBing; exact current pinyin candidate and packed glossary key; matching POS in the packed key; exam membership and bundled IPA; one mapping per English headword; maximum eight added rows per Chinese key.
brunt	冲击	n.	tem8,ielts	ECDICT MIT	dual-source	yes	yes	no	chong ji	2746	impact [n.]	n. 主要冲力, 冲击	ielts,tem8	auto-v1: exact complete 2–6 Han-character gloss from one or both of ECDICT/KyleBing; exact current pinyin candidate and packed glossary key; matching POS in the packed key; exam membership and bundled IPA; one mapping per English headword; maximum eight added rows per Chinese key.
refurbish	刷新	v.	tem8,toefl	ECDICT MIT	dual-source	yes	yes	no	shua xin	2703	refresh [v.]	vt. 再磨光, 刷新	tem8,toefl	auto-v1: exact complete 2–6 Han-character gloss from one or both of ECDICT/KyleBing; exact current pinyin candidate and packed glossary key; matching POS in the packed key; exam membership and bundled IPA; one mapping per English headword; maximum eight added rows per Chinese key.
rhino	现金	n.	tem4,tem8	ECDICT MIT	dual-source	yes	yes	no	xian jin	2700	cash [n.]	n. 钱, 现金, 犀牛	tem4,tem8	auto-v1: exact complete 2–6 Han-character gloss from one or both of ECDICT/KyleBing; exact current pinyin candidate and packed glossary key; matching POS in the packed key; exam membership and bundled IPA; one mapping per English headword; maximum eight added rows per Chinese key.
tact	手法	n.	tem8,toefl	ECDICT MIT	dual-source	yes	yes	no	shou fa	2632	technique [n.]	n. 机智, 手法, 老练\n[经] (自动加工线的)生产节拍	toefl	auto-v1: exact complete 2–6 Han-character gloss from one or both of ECDICT/KyleBing; exact current pinyin candidate and packed glossary key; matching POS in the packed key; exam membership and bundled IPA; one mapping per English headword; maximum eight added rows per Chinese key.
supposedly	恐怕	adv.	toefl,ielts	ECDICT MIT	dual-source	yes	yes	no	kong pa	2624	perhaps [adv.] | i'm afraid [adv.]	adv. 想象上, 看上去像, 被认为是, 恐怕, 按照推测	ielts	auto-v1: exact complete 2–6 Han-character gloss from one or both of ECDICT/KyleBing; exact current pinyin candidate and packed glossary key; matching POS in the packed key; exam membership and bundled IPA; one mapping per English headword; maximum eight added rows per Chinese key.
televise	播映	v.	tem8,toefl	ECDICT MIT	dual-source	yes	yes	no	bo ying	2531	broadcast [v.]	v. 用电视播放, 播映	toefl	auto-v1: exact complete 2–6 Han-character gloss from one or both of ECDICT/KyleBing; exact current pinyin candidate and packed glossary key; matching POS in the packed key; exam membership and bundled IPA; one mapping per English headword; maximum eight added rows per Chinese key.
eclipse	日食	n.	toefl,ielts	ECDICT MIT	dual-source	yes	yes	no	ri shi	2447	solar eclipse [n.]	n. 日食, 月食, (地位名誉等的)消失\nvt. 引起日食, 引起月食, 使黯然失色	toefl	auto-v1: exact complete 2–6 Han-character gloss from one or both of ECDICT/KyleBing; exact current pinyin candidate and packed glossary key; matching POS in the packed key; exam membership and bundled IPA; one mapping per English headword; maximum eight added rows per Chinese key.
induct	引导	v.	tem8,toefl	ECDICT MIT	dual-source	yes	yes	no	yin dao	2432	guide [v.]	vt. 引导, 使入门, 引入, 使就职	tem8,toefl	auto-v1: exact complete 2–6 Han-character gloss from one or both of ECDICT/KyleBing; exact current pinyin candidate and packed glossary key; matching POS in the packed key; exam membership and bundled IPA; one mapping per English headword; maximum eight added rows per Chinese key.
clergyman	牧师	n.	tem8,toefl	ECDICT MIT	dual-source	yes	yes	no	mu shi	2414	pastor [n.] | priest [n.]	n. 牧师	tem8,toefl	auto-v1: exact complete 2–6 Han-character gloss from one or both of ECDICT/KyleBing; exact current pinyin candidate and packed glossary key; matching POS in the packed key; exam membership and bundled IPA; one mapping per English headword; maximum eight added rows per Chinese key.
scamper	奔跑	v.	tem8,ielts	ECDICT MIT	dual-source	yes	yes	no	ben pao	2383	run [v.]	n. 蹦跳, 奔跑, 浏览\nvi. 蹦跳, 奔跑, 浏览	ielts,tem8	auto-v1: exact complete 2–6 Han-character gloss from one or both of ECDICT/KyleBing; exact current pinyin candidate and packed glossary key; matching POS in the packed key; exam membership and bundled IPA; one mapping per English headword; maximum eight added rows per Chinese key.
expropriate	没收	v.	tem8,toefl	ECDICT MIT	dual-source	yes	yes	no	mo shou	2303	confiscate [v.]	vt. 剥夺, 没收, 征用\n[法] 征用, 没收, 剥夺...的所有权	tem8,toefl	auto-v1: exact complete 2–6 Han-character gloss from one or both of ECDICT/KyleBing; exact current pinyin candidate and packed glossary key; matching POS in the packed key; exam membership and bundled IPA; one mapping per English headword; maximum eight added rows per Chinese key.
savour	滋味	n.	tem8,ielts	ECDICT MIT	dual-source	yes	yes	no	zi wei	2290	taste [n.]	n. 滋味, 气味, 食欲\nvi. 有...的滋味\nvt. 品味, 加调味品于, 使有风味, 尝到	tem8	auto-v1: exact complete 2–6 Han-character gloss from one or both of ECDICT/KyleBing; exact current pinyin candidate and packed glossary key; matching POS in the packed key; exam membership and bundled IPA; one mapping per English headword; maximum eight added rows per Chinese key.
restful	安静的	adj.	tem8,toefl	ECDICT MIT	dual-source	yes	yes	no	an jing de	2282	quiet [adj.]	a. 给人休息的, 素雅的, 安静的	tem8	auto-v1: exact complete 2–6 Han-character gloss from one or both of ECDICT/KyleBing; exact current pinyin candidate and packed glossary key; matching POS in the packed key; exam membership and bundled IPA; one mapping per English headword; maximum eight added rows per Chinese key.
forlorn	孤独的	adj.	tem8,toefl	ECDICT MIT	dual-source	yes	yes	no	gu du de	2264	lonely [adj.]	a. 孤独的, 悲惨的, 凄凉的	tem8	auto-v1: exact complete 2–6 Han-character gloss from one or both of ECDICT/KyleBing; exact current pinyin candidate and packed glossary key; matching POS in the packed key; exam membership and bundled IPA; one mapping per English headword; maximum eight added rows per Chinese key.
adamant	坚强的	adj.	tem8,toefl	ECDICT MIT	dual-source	yes	yes	no	jian qiang de	2218	strong [adj.]	n. 坚硬的东西\na. 非常坚硬的, 坚强的, 固执的	tem8	auto-v1: exact complete 2–6 Han-character gloss from one or both of ECDICT/KyleBing; exact current pinyin candidate and packed glossary key; matching POS in the packed key; exam membership and bundled IPA; one mapping per English headword; maximum eight added rows per Chinese key.
prod	刺激	v.	tem8,toefl	ECDICT MIT	dual-source	yes	yes	no	ci ji	2191	stimulate [v.] | provoke [v.]	n. 刺针, 刺棒, 激励话, 提醒物\nvt. 戳, 刺, 刺激\nvi. 戳, 刺	tem8	auto-v1: exact complete 2–6 Han-character gloss from one or both of ECDICT/KyleBing; exact current pinyin candidate and packed glossary key; matching POS in the packed key; exam membership and bundled IPA; one mapping per English headword; maximum eight added rows per Chinese key.
ancestry	祖先	n.	tem8,toefl	ECDICT MIT	dual-source	yes	yes	no	zu xian	2079	ancestor [n.]	n. 祖先, 世系, 名门出身	tem8	auto-v1: exact complete 2–6 Han-character gloss from one or both of ECDICT/KyleBing; exact current pinyin candidate and packed glossary key; matching POS in the packed key; exam membership and bundled IPA; one mapping per English headword; maximum eight added rows per Chinese key.
jot	少量	n.	tem8,toefl	ECDICT MIT	dual-source	yes	yes	no	shao liang	2073	small amount [n.]	n. 少量, 稍许\nvt. 略记, 摘要记载下来	tem8	auto-v1: exact complete 2–6 Han-character gloss from one or both of ECDICT/KyleBing; exact current pinyin candidate and packed glossary key; matching POS in the packed key; exam membership and bundled IPA; one mapping per English headword; maximum eight added rows per Chinese key.
wry	扭曲	v.	tem8,toefl	ECDICT MIT	dual-source	yes	yes	no	niu qu	1974	distort [v.]	a. 扭歪的, 歪曲的, 歪斜的\nv. 扭曲, 扭歪	tem8	auto-v1: exact complete 2–6 Han-character gloss from one or both of ECDICT/KyleBing; exact current pinyin candidate and packed glossary key; matching POS in the packed key; exam membership and bundled IPA; one mapping per English headword; maximum eight added rows per Chinese key.
oracle	预言	n.	tem8,toefl	ECDICT MIT	dual-source	yes	yes	no	yu yan	1786	prophecy [n.]	n. 神谕, 神谕处, 预言	tem8	auto-v1: exact complete 2–6 Han-character gloss from one or both of ECDICT/KyleBing; exact current pinyin candidate and packed glossary key; matching POS in the packed key; exam membership and bundled IPA; one mapping per English headword; maximum eight added rows per Chinese key.
eschew	避开	v.	tem8,toefl	ECDICT MIT	dual-source	yes	yes	no	bi kai	1775	avoid [v.]	vt. 避开, 远避	tem8,toefl	auto-v1: exact complete 2–6 Han-character gloss from one or both of ECDICT/KyleBing; exact current pinyin candidate and packed glossary key; matching POS in the packed key; exam membership and bundled IPA; one mapping per English headword; maximum eight added rows per Chinese key.
peppermint	薄荷	n.	tem4,tem8	ECDICT MIT	dual-source	yes	yes	no	bo he	1657	mint [n.]	n. 薄荷, 薄荷油, 胡椒薄荷, 薄荷糖\n[化] 薄荷	tem4,tem8	auto-v1: exact complete 2–6 Han-character gloss from one or both of ECDICT/KyleBing; exact current pinyin candidate and packed glossary key; matching POS in the packed key; exam membership and bundled IPA; one mapping per English headword; maximum eight added rows per Chinese key.
amenity	礼仪	n.	tem8,toefl	ECDICT MIT	dual-source	yes	yes	no	li yi	1633	etiquette [n.] | manners [n.]	n. 便利设施, 适意, 礼仪\n[法] 舒适, 方便, 优雅	tem8,toefl	auto-v1: exact complete 2–6 Han-character gloss from one or both of ECDICT/KyleBing; exact current pinyin candidate and packed glossary key; matching POS in the packed key; exam membership and bundled IPA; one mapping per English headword; maximum eight added rows per Chinese key.
incise	雕刻	v.	tem8,toefl	ECDICT MIT	dual-source	yes	yes	no	diao ke	1614	carve [v.] | engrave [v.]	vt. 切割, 雕刻\n[医] 切	tem8	auto-v1: exact complete 2–6 Han-character gloss from one or both of ECDICT/KyleBing; exact current pinyin candidate and packed glossary key; matching POS in the packed key; exam membership and bundled IPA; one mapping per English headword; maximum eight added rows per Chinese key.
topography	地势	n.	tem8,toefl	ECDICT MIT	dual-source	yes	yes	no	di shi	1599	terrain [n.]	n. 地志, 地形学, 地势, 局部解剖学\n[医] 局部解剖, 局部记载	tem8	auto-v1: exact complete 2–6 Han-character gloss from one or both of ECDICT/KyleBing; exact current pinyin candidate and packed glossary key; matching POS in the packed key; exam membership and bundled IPA; one mapping per English headword; maximum eight added rows per Chinese key.
ethic	伦理	n.	tem8,toefl	ECDICT MIT	dual-source	yes	yes	no	lun li	1550	ethics [n.]	n. 道德规范, 伦理	tem8,toefl	auto-v1: exact complete 2–6 Han-character gloss from one or both of ECDICT/KyleBing; exact current pinyin candidate and packed glossary key; matching POS in the packed key; exam membership and bundled IPA; one mapping per English headword; maximum eight added rows per Chinese key.
belie	掩饰	v.	tem8,toefl	ECDICT MIT	dual-source	yes	yes	no	yan shi	1500	cover up [v.] | conceal [v.]	vt. 掩饰, 与...不符, 使失望	tem8,toefl	auto-v1: exact complete 2–6 Han-character gloss from one or both of ECDICT/KyleBing; exact current pinyin candidate and packed glossary key; matching POS in the packed key; exam membership and bundled IPA; one mapping per English headword; maximum eight added rows per Chinese key.
vocal	元音	n.	tem8,toefl	ECDICT MIT	dual-source	yes	yes	no	yuan yin	1426	vowel [n.]	a. 嗓音的, 声音的, 有声的, 歌唱的\nn. 元音, 声乐作品	tem8,toefl	auto-v1: exact complete 2–6 Han-character gloss from one or both of ECDICT/KyleBing; exact current pinyin candidate and packed glossary key; matching POS in the packed key; exam membership and bundled IPA; one mapping per English headword; maximum eight added rows per Chinese key.
dissension	纠纷	n.	tem8,toefl	ECDICT MIT	dual-source	yes	yes	no	jiu fen	1426	dispute [n.] | conflict [n.]	n. 意见不合, 纠纷, 争吵\n[法] 异议, 纷争	tem8,toefl	auto-v1: exact complete 2–6 Han-character gloss from one or both of ECDICT/KyleBing; exact current pinyin candidate and packed glossary key; matching POS in the packed key; exam membership and bundled IPA; one mapping per English headword; maximum eight added rows per Chinese key.
microbe	细菌	n.	toefl,ielts	ECDICT MIT	dual-source	yes	yes	no	xi jun	1394	bacteria [n.]	n. 微生物, 细菌\n[医] 微生物	toefl	auto-v1: exact complete 2–6 Han-character gloss from one or both of ECDICT/KyleBing; exact current pinyin candidate and packed glossary key; matching POS in the packed key; exam membership and bundled IPA; one mapping per English headword; maximum eight added rows per Chinese key.
lurch	倾斜	v.	tem8,toefl	ECDICT MIT	dual-source	yes	yes	no	qing xie	1383	tilt [v.]	n. 惨败, 倾斜, 挫折, 举步蹒跚, 徘徊\nvi. 惨败, 倾斜, 徘徊\nvt. 击败	tem8	auto-v1: exact complete 2–6 Han-character gloss from one or both of ECDICT/KyleBing; exact current pinyin candidate and packed glossary key; matching POS in the packed key; exam membership and bundled IPA; one mapping per English headword; maximum eight added rows per Chinese key.
manacle	束缚	v.	tem8,ielts	ECDICT MIT	dual-source	yes	yes	no	shu fu	1264	bind [v.] | restrict [v.]	n. 手铐, 束缚\nvt. 给...上手铐, 束缚	ielts,tem8	auto-v1: exact complete 2–6 Han-character gloss from one or both of ECDICT/KyleBing; exact current pinyin candidate and packed glossary key; matching POS in the packed key; exam membership and bundled IPA; one mapping per English headword; maximum eight added rows per Chinese key.
fluorescent	荧光	n.	tem8,toefl	ECDICT MIT	dual-source	yes	yes	no	ying guang	1178	fluorescence [n.]	n. 荧光\na. 荧光的	tem8	auto-v1: exact complete 2–6 Han-character gloss from one or both of ECDICT/KyleBing; exact current pinyin candidate and packed glossary key; matching POS in the packed key; exam membership and bundled IPA; one mapping per English headword; maximum eight added rows per Chinese key.
convoy	护航	v.	tem8,toefl	ECDICT MIT	dual-source	yes	yes	no	hu hang	1112	escort [v.]	n. 护送, 护卫\nvt. 护航, 护送	tem8	auto-v1: exact complete 2–6 Han-character gloss from one or both of ECDICT/KyleBing; exact current pinyin candidate and packed glossary key; matching POS in the packed key; exam membership and bundled IPA; one mapping per English headword; maximum eight added rows per Chinese key.
illiteracy	文盲	n.	tem4,tem8	ECDICT MIT	dual-source	yes	yes	no	wen mang	1038	illiterate [n.]	n. 文盲, 无知	tem4,tem8	auto-v1: exact complete 2–6 Han-character gloss from one or both of ECDICT/KyleBing; exact current pinyin candidate and packed glossary key; matching POS in the packed key; exam membership and bundled IPA; one mapping per English headword; maximum eight added rows per Chinese key.
rainproof	雨衣	n.	tem4,tem8	ECDICT MIT	dual-source	yes	yes	no	yu yi	1000	raincoat [n.]	a. 防雨的\nn. 雨衣, 雨披	tem4,tem8	auto-v1: exact complete 2–6 Han-character gloss from one or both of ECDICT/KyleBing; exact current pinyin candidate and packed glossary key; matching POS in the packed key; exam membership and bundled IPA; one mapping per English headword; maximum eight added rows per Chinese key.
outgoing	开支	n.	tem8,toefl	ECDICT MIT	dual-source	yes	yes	no	kai zhi	972	expense [n.] | spending [n.]	n. 外出, 开支, 流出\na. 喜欢外出的, 即将离职的, 乐于助人的	tem8	auto-v1: exact complete 2–6 Han-character gloss from one or both of ECDICT/KyleBing; exact current pinyin candidate and packed glossary key; matching POS in the packed key; exam membership and bundled IPA; one mapping per English headword; maximum eight added rows per Chinese key.
forestall	垄断	v.	tem8,toefl	ECDICT MIT	dual-source	yes	yes	no	long duan	963	monopolize [v.]	vt. 预先阻止, 先...一步行动, 占先一步, 垄断, 阻碍\n[法] 先采取行动预防或阻止, 垄断	tem8	auto-v1: exact complete 2–6 Han-character gloss from one or both of ECDICT/KyleBing; exact current pinyin candidate and packed glossary key; matching POS in the packed key; exam membership and bundled IPA; one mapping per English headword; maximum eight added rows per Chinese key.
mollify	平息	v.	tem8,toefl	ECDICT MIT	dual-source	yes	yes	no	ping xi	940	calm [v.] | subside [v.]	vt. 平息, 缓和, 减轻, 使变软	tem8	auto-v1: exact complete 2–6 Han-character gloss from one or both of ECDICT/KyleBing; exact current pinyin candidate and packed glossary key; matching POS in the packed key; exam membership and bundled IPA; one mapping per English headword; maximum eight added rows per Chinese key.
libel	诽谤	v.	toefl,ielts	ECDICT MIT	dual-source	yes	yes	no	fei bang	917	slander [v.]	n. 以文字损害名誉, 诽谤罪, 侮辱\nv. 诽谤, 中伤, 损害名誉	ielts,toefl	auto-v1: exact complete 2–6 Han-character gloss from one or both of ECDICT/KyleBing; exact current pinyin candidate and packed glossary key; matching POS in the packed key; exam membership and bundled IPA; one mapping per English headword; maximum eight added rows per Chinese key.
malign	诽谤	v.	tem8,toefl	ECDICT MIT	dual-source	yes	yes	no	fei bang	917	slander [v.]	a. 有害的, 恶性的, 有恶意的\nvt. 诽谤, 说坏话	tem8	auto-v1: exact complete 2–6 Han-character gloss from one or both of ECDICT/KyleBing; exact current pinyin candidate and packed glossary key; matching POS in the packed key; exam membership and bundled IPA; one mapping per English headword; maximum eight added rows per Chinese key.
presuppose	预料	v.	tem8,ielts	ECDICT MIT	dual-source	yes	yes	no	yu liao	913	expect [v.] | anticipate [v.]	vt. 预先假定, 预料, 以...为先决条件	tem8	auto-v1: exact complete 2–6 Han-character gloss from one or both of ECDICT/KyleBing; exact current pinyin candidate and packed glossary key; matching POS in the packed key; exam membership and bundled IPA; one mapping per English headword; maximum eight added rows per Chinese key.
depose	作证	v.	tem8,toefl	ECDICT MIT	dual-source	yes	yes	no	zuo zheng	884	testify [v.]	vt. 免职, 废黜, 作证\nvi. 作证, 供证	tem8	auto-v1: exact complete 2–6 Han-character gloss from one or both of ECDICT/KyleBing; exact current pinyin candidate and packed glossary key; matching POS in the packed key; exam membership and bundled IPA; one mapping per English headword; maximum eight added rows per Chinese key.
quotient	份额	n.	tem8,toefl	ECDICT MIT	dual-source	yes	yes	no	fen e	855	share [n.]	n. 商, 份额\n[计] 商	tem8,toefl	auto-v1: exact complete 2–6 Han-character gloss from one or both of ECDICT/KyleBing; exact current pinyin candidate and packed glossary key; matching POS in the packed key; exam membership and bundled IPA; one mapping per English headword; maximum eight added rows per Chinese key.
shimmer	闪光	n.	tem8,ielts	ECDICT MIT	dual-source	yes	yes	no	shan guang	841	flash [n.] | glint [n.]	n. 微光, 闪光\nvi. 闪烁\nvt. 使闪烁	tem8	auto-v1: exact complete 2–6 Han-character gloss from one or both of ECDICT/KyleBing; exact current pinyin candidate and packed glossary key; matching POS in the packed key; exam membership and bundled IPA; one mapping per English headword; maximum eight added rows per Chinese key.
epitomise	概括	v.	tem8,ielts	ECDICT MIT	dual-source	yes	yes	no	gai kuo	841	summarize [v.]	vt. 对...作摘要, 集中体现, 成为...的化身, 成为...的缩影, 概括	ielts	auto-v1: exact complete 2–6 Han-character gloss from one or both of ECDICT/KyleBing; exact current pinyin candidate and packed glossary key; matching POS in the packed key; exam membership and bundled IPA; one mapping per English headword; maximum eight added rows per Chinese key.
upsurge	高潮	n.	tem8,toefl	ECDICT MIT	dual-source	yes	yes	no	gao chao	833	climax [n.]	vi. 高涨, 涌起\nn. 增长, 高潮	tem8	auto-v1: exact complete 2–6 Han-character gloss from one or both of ECDICT/KyleBing; exact current pinyin candidate and packed glossary key; matching POS in the packed key; exam membership and bundled IPA; one mapping per English headword; maximum eight added rows per Chinese key.
contour	轮廓	n.	tem8,toefl	ECDICT MIT	dual-source	yes	yes	no	lun kuo	781	outline [n.]	n. 轮廓\nvt. 画轮廓\na. 显示轮廓的\n[计] 轮廓	tem8,toefl	auto-v1: exact complete 2–6 Han-character gloss from one or both of ECDICT/KyleBing; exact current pinyin candidate and packed glossary key; matching POS in the packed key; exam membership and bundled IPA; one mapping per English headword; maximum eight added rows per Chinese key.
drapery	布料	n.	tem8,toefl	ECDICT MIT	dual-source	yes	yes	no	bu liao	746	fabric [n.]	n. 帏帐, 布料	tem8	auto-v1: exact complete 2–6 Han-character gloss from one or both of ECDICT/KyleBing; exact current pinyin candidate and packed glossary key; matching POS in the packed key; exam membership and bundled IPA; one mapping per English headword; maximum eight added rows per Chinese key.
encumber	阻塞	v.	tem8,toefl	ECDICT MIT	dual-source	yes	yes	no	zu se	702	block [v.] | obstruct [v.]	vt. 妨害, 阻塞, 拖累\n[经] 使负(债等), 负有义务	tem8	auto-v1: exact complete 2–6 Han-character gloss from one or both of ECDICT/KyleBing; exact current pinyin candidate and packed glossary key; matching POS in the packed key; exam membership and bundled IPA; one mapping per English headword; maximum eight added rows per Chinese key.
crockery	陶器	n.	tem8,ielts	ECDICT MIT	dual-source	yes	yes	no	tao qi	691	pottery [n.] | ceramics [n.]	n. 陶器, 瓦器\n[化] 土器	ielts,tem8	auto-v1: exact complete 2–6 Han-character gloss from one or both of ECDICT/KyleBing; exact current pinyin candidate and packed glossary key; matching POS in the packed key; exam membership and bundled IPA; one mapping per English headword; maximum eight added rows per Chinese key.
vicar	代理人	n.	tem4,tem8	ECDICT MIT	dual-source	yes	yes	no	dai li ren	656	agent [n.]	n. 教区牧师, 教堂主持, 代理人\n[法] 代表, 代理牧师, 代理主教	tem4,tem8	auto-v1: exact complete 2–6 Han-character gloss from one or both of ECDICT/KyleBing; exact current pinyin candidate and packed glossary key; matching POS in the packed key; exam membership and bundled IPA; one mapping per English headword; maximum eight added rows per Chinese key.
smokestack	烟囱	n.	tem4,tem8	ECDICT MIT	dual-source	yes	yes	no	yan cong	654	chimney [n.]	n. 烟囱\n[机] 烟堆	tem4,tem8	auto-v1: exact complete 2–6 Han-character gloss from one or both of ECDICT/KyleBing; exact current pinyin candidate and packed glossary key; matching POS in the packed key; exam membership and bundled IPA; one mapping per English headword; maximum eight added rows per Chinese key.
exacerbate	激怒	v.	tem8,ielts	ECDICT MIT	dual-source	yes	yes	no	ji nu	622	enrage [v.]	vt. 使恶化, 使增剧, 激怒, 使加剧	tem8	auto-v1: exact complete 2–6 Han-character gloss from one or both of ECDICT/KyleBing; exact current pinyin candidate and packed glossary key; matching POS in the packed key; exam membership and bundled IPA; one mapping per English headword; maximum eight added rows per Chinese key.
madden	激怒	v.	tem8,ielts	ECDICT MIT	dual-source	yes	yes	no	ji nu	622	enrage [v.]	vt. 使发狂, 激怒\nvi. 发狂, 发怒	tem8	auto-v1: exact complete 2–6 Han-character gloss from one or both of ECDICT/KyleBing; exact current pinyin candidate and packed glossary key; matching POS in the packed key; exam membership and bundled IPA; one mapping per English headword; maximum eight added rows per Chinese key.
pique	激怒	v.	tem8,toefl	ECDICT MIT	dual-source	yes	yes	no	ji nu	622	enrage [v.]	n. 赌气, 愤怒, 不快, 凹凸织物\nvt. 伤害...自尊心, 激怒, 刺激, 引起兴趣, 使兴奋	toefl	auto-v1: exact complete 2–6 Han-character gloss from one or both of ECDICT/KyleBing; exact current pinyin candidate and packed glossary key; matching POS in the packed key; exam membership and bundled IPA; one mapping per English headword; maximum eight added rows per Chinese key.
inverse	反面	n.	tem8,toefl	ECDICT MIT	dual-source	yes	yes	no	fan mian	620	reverse side [n.]	a. 倒转的, 相反的\nn. 反向, 反面\n[计] 反白, 反色	toefl	auto-v1: exact complete 2–6 Han-character gloss from one or both of ECDICT/KyleBing; exact current pinyin candidate and packed glossary key; matching POS in the packed key; exam membership and bundled IPA; one mapping per English headword; maximum eight added rows per Chinese key.
imbibe	吸入	v.	tem8,toefl	ECDICT MIT	dual-source	yes	yes	no	xi ru	601	inhale [v.]	vt. 饮, 吸取, 吸入\nvi. 喝, 吸收水分	tem8	auto-v1: exact complete 2–6 Han-character gloss from one or both of ECDICT/KyleBing; exact current pinyin candidate and packed glossary key; matching POS in the packed key; exam membership and bundled IPA; one mapping per English headword; maximum eight added rows per Chinese key.
reinforcement	援军	n.	tem8,ielts	ECDICT MIT	dual-source	yes	yes	no	yuan jun	556	reinforcements [n.]	n. 加强, 增援, 补充, 援军, 加固物\n[化] 补强; 加强件	tem8	auto-v1: exact complete 2–6 Han-character gloss from one or both of ECDICT/KyleBing; exact current pinyin candidate and packed glossary key; matching POS in the packed key; exam membership and bundled IPA; one mapping per English headword; maximum eight added rows per Chinese key.
canter	慢跑	v.	tem8,toefl	ECDICT MIT	dual-source	yes	yes	no	man pao	554	jog [v.]	n. 慢跑, 流浪汉\nvi. 慢跑\nvt. 使慢跑	tem8	auto-v1: exact complete 2–6 Han-character gloss from one or both of ECDICT/KyleBing; exact current pinyin candidate and packed glossary key; matching POS in the packed key; exam membership and bundled IPA; one mapping per English headword; maximum eight added rows per Chinese key.
corollary	推论	n.	tem8,toefl	ECDICT MIT	dual-source	yes	yes	no	tui lun	538	inference [n.]	n. 必然的结果, 系, 推论	tem8	auto-v1: exact complete 2–6 Han-character gloss from one or both of ECDICT/KyleBing; exact current pinyin candidate and packed glossary key; matching POS in the packed key; exam membership and bundled IPA; one mapping per English headword; maximum eight added rows per Chinese key.
disclaim	弃权	v.	tem8,toefl	ECDICT MIT	dual-source	yes	yes	no	qi quan	496	abstain [v.]	v. 放弃, 弃权, 拒绝承认	tem8	auto-v1: exact complete 2–6 Han-character gloss from one or both of ECDICT/KyleBing; exact current pinyin candidate and packed glossary key; matching POS in the packed key; exam membership and bundled IPA; one mapping per English headword; maximum eight added rows per Chinese key.
nude	裸体	n.	tem8,toefl	ECDICT MIT	dual-source	yes	yes	no	luo ti	487	nudity [n.]	a. 裸的, 肉色的, 无装饰的\nn. 裸体画, 裸体	tem8	auto-v1: exact complete 2–6 Han-character gloss from one or both of ECDICT/KyleBing; exact current pinyin candidate and packed glossary key; matching POS in the packed key; exam membership and bundled IPA; one mapping per English headword; maximum eight added rows per Chinese key.
menial	仆人	n.	tem8,toefl	ECDICT MIT	dual-source	yes	yes	no	pu ren	486	servant [n.]	a. 适合仆人做的, 卑微的\nn. 仆人	tem8	auto-v1: exact complete 2–6 Han-character gloss from one or both of ECDICT/KyleBing; exact current pinyin candidate and packed glossary key; matching POS in the packed key; exam membership and bundled IPA; one mapping per English headword; maximum eight added rows per Chinese key.
enormity	暴行	n.	tem8,toefl	ECDICT MIT	dual-source	yes	yes	no	bao xing	468	violence [n.] | atrocity [n.]	n. 暴行, 极恶, 巨大\n[法] 重罪, 大罪, 暴行	tem8	auto-v1: exact complete 2–6 Han-character gloss from one or both of ECDICT/KyleBing; exact current pinyin candidate and packed glossary key; matching POS in the packed key; exam membership and bundled IPA; one mapping per English headword; maximum eight added rows per Chinese key.
annuity	年金	n.	tem8,ielts	ECDICT MIT	dual-source	yes	yes	no	nian jin	464	pension [n.]	n. 年金, 年金保险, 年金领受权\n[医] 年金, 年俸	ielts,tem8	auto-v1: exact complete 2–6 Han-character gloss from one or both of ECDICT/KyleBing; exact current pinyin candidate and packed glossary key; matching POS in the packed key; exam membership and bundled IPA; one mapping per English headword; maximum eight added rows per Chinese key.
claimant	原告	n.	tem8,toefl	ECDICT MIT	dual-source	yes	yes	no	yuan gao	463	plaintiff [n.]	n. 提出要求者, 原告\n[经] 索赔人, 债权人	tem8,toefl	auto-v1: exact complete 2–6 Han-character gloss from one or both of ECDICT/KyleBing; exact current pinyin candidate and packed glossary key; matching POS in the packed key; exam membership and bundled IPA; one mapping per English headword; maximum eight added rows per Chinese key.
instantaneously	即刻	adv.	tem4,toefl	ECDICT MIT	dual-source	yes	yes	no	ji ke	450	immediately [adv.]	adv. 即刻, 立即	tem4,toefl	auto-v1: exact complete 2–6 Han-character gloss from one or both of ECDICT/KyleBing; exact current pinyin candidate and packed glossary key; matching POS in the packed key; exam membership and bundled IPA; one mapping per English headword; maximum eight added rows per Chinese key.
whisker	胡须	n.	tem4,tem8	ECDICT MIT	dual-source	yes	yes	no	hu xu	435	beard [n.]	n. 腮须, 胡须, 一丝儿\n[化] 晶须	tem4,tem8	auto-v1: exact complete 2–6 Han-character gloss from one or both of ECDICT/KyleBing; exact current pinyin candidate and packed glossary key; matching POS in the packed key; exam membership and bundled IPA; one mapping per English headword; maximum eight added rows per Chinese key.
eyeglass	镜片	n.	tem4,tem8	ECDICT MIT	dual-source	yes	yes	no	jing pian	425	lens [n.]	n. 镜片	tem4,tem8	auto-v1: exact complete 2–6 Han-character gloss from one or both of ECDICT/KyleBing; exact current pinyin candidate and packed glossary key; matching POS in the packed key; exam membership and bundled IPA; one mapping per English headword; maximum eight added rows per Chinese key.
smudge	弄脏	v.	tem4,tem8	ECDICT MIT	dual-source	yes	yes	no	nong zang	425	dirty [v.]	n. 污点, 脏污, 熏烟\nvt. 弄脏, 使模糊, 用浓烟熏\nvi. 被弄脏	tem4,tem8	auto-v1: exact complete 2–6 Han-character gloss from one or both of ECDICT/KyleBing; exact current pinyin candidate and packed glossary key; matching POS in the packed key; exam membership and bundled IPA; one mapping per English headword; maximum eight added rows per Chinese key.
imbue	灌输	v.	tem8,toefl	ECDICT MIT	dual-source	yes	yes	no	guan shu	416	instill [v.]	vt. 使感染, 灌输, 使浸透	tem8	auto-v1: exact complete 2–6 Han-character gloss from one or both of ECDICT/KyleBing; exact current pinyin candidate and packed glossary key; matching POS in the packed key; exam membership and bundled IPA; one mapping per English headword; maximum eight added rows per Chinese key.
condone	宽恕	v.	toefl,ielts	ECDICT MIT	dual-source	yes	yes	no	kuan shu	396	forgive [v.]	vt. 赦, 宽恕\n[法] 宽恕, 不咎, 抵销	ielts	auto-v1: exact complete 2–6 Han-character gloss from one or both of ECDICT/KyleBing; exact current pinyin candidate and packed glossary key; matching POS in the packed key; exam membership and bundled IPA; one mapping per English headword; maximum eight added rows per Chinese key.
abnormality	变态	n.	tem8,toefl	ECDICT MIT	dual-source	yes	yes	no	bian tai	390	pervert [n.] | abnormal [n.]	n. 反常, 畸形, 变态\n[化] 反常; 非正态性	tem8	auto-v1: exact complete 2–6 Han-character gloss from one or both of ECDICT/KyleBing; exact current pinyin candidate and packed glossary key; matching POS in the packed key; exam membership and bundled IPA; one mapping per English headword; maximum eight added rows per Chinese key.
enthral	奴役	v.	tem8,toefl	ECDICT MIT	dual-source	yes	yes	no	nu yi	388	enslave [v.]	vt. 迷住, 奴役, 使做奴隶, 吸引住	tem8	auto-v1: exact complete 2–6 Han-character gloss from one or both of ECDICT/KyleBing; exact current pinyin candidate and packed glossary key; matching POS in the packed key; exam membership and bundled IPA; one mapping per English headword; maximum eight added rows per Chinese key.
impediment	口吃	n.	tem8,toefl	ECDICT MIT	dual-source	yes	yes	no	kou chi	368	stutter [n.] | stammer [n.]	n. 妨碍, 障碍, 阻止, 口吃\n[经] 对履行义务的阻碍	tem8,toefl	auto-v1: exact complete 2–6 Han-character gloss from one or both of ECDICT/KyleBing; exact current pinyin candidate and packed glossary key; matching POS in the packed key; exam membership and bundled IPA; one mapping per English headword; maximum eight added rows per Chinese key.
flay	剥皮	v.	tem8,toefl	ECDICT MIT	dual-source	yes	yes	no	bao pi	346	peel [v.]	vt. 剥皮, 去皮, 抢夺\n[医] 剥皮, 剥兽皮	tem8	auto-v1: exact complete 2–6 Han-character gloss from one or both of ECDICT/KyleBing; exact current pinyin candidate and packed glossary key; matching POS in the packed key; exam membership and bundled IPA; one mapping per English headword; maximum eight added rows per Chinese key.
rift	裂开	v.	tem8,toefl	ECDICT MIT	dual-source	yes	yes	no	lie kai	342	split open [v.]	n. 裂口, 空隙\nvi. 裂开\nvt. 使分开, 使割开	tem8,toefl	auto-v1: exact complete 2–6 Han-character gloss from one or both of ECDICT/KyleBing; exact current pinyin candidate and packed glossary key; matching POS in the packed key; exam membership and bundled IPA; one mapping per English headword; maximum eight added rows per Chinese key.
dote	溺爱	v.	tem8,toefl	ECDICT MIT	dual-source	yes	yes	no	ni ai	341	spoil [v.] | dote on [v.]	vi. 昏聩, 溺爱	tem8,toefl	auto-v1: exact complete 2–6 Han-character gloss from one or both of ECDICT/KyleBing; exact current pinyin candidate and packed glossary key; matching POS in the packed key; exam membership and bundled IPA; one mapping per English headword; maximum eight added rows per Chinese key.
wag	摇摆	v.	tem8,toefl	ECDICT MIT	dual-source	yes	yes	no	yao bai	338	sway [v.] | swing [v.]	vt. 摇摆, 摇动, 饶舌\nvi. 摆动, 喋喋不休\nn. 摇摆, 爱说笑打趣的人	tem8	auto-v1: exact complete 2–6 Han-character gloss from one or both of ECDICT/KyleBing; exact current pinyin candidate and packed glossary key; matching POS in the packed key; exam membership and bundled IPA; one mapping per English headword; maximum eight added rows per Chinese key.
freighter	货船	n.	tem8,toefl	ECDICT MIT	dual-source	yes	yes	no	huo chuan	330	cargo ship [n.]	n. 租船人, 承运人, 托运人, 货船, 运输机\n[经] 装货人, 货主, 承运人	toefl	auto-v1: exact complete 2–6 Han-character gloss from one or both of ECDICT/KyleBing; exact current pinyin candidate and packed glossary key; matching POS in the packed key; exam membership and bundled IPA; one mapping per English headword; maximum eight added rows per Chinese key.
dunce	傻瓜	n.	tem8,toefl	ECDICT MIT	dual-source	yes	yes	no	sha gua	315	fool [n.] | idiot [n.]	n. 智力迟钝的学生, 傻瓜	tem8	auto-v1: exact complete 2–6 Han-character gloss from one or both of ECDICT/KyleBing; exact current pinyin candidate and packed glossary key; matching POS in the packed key; exam membership and bundled IPA; one mapping per English headword; maximum eight added rows per Chinese key.
provocative	兴奋剂	n.	tem8,toefl	ECDICT MIT	dual-source	yes	yes	no	xing fen ji	314	stimulant [n.] | doping [n.]	a. 激发感情的, 挑拨的, 刺激的\nn. 刺激物, 挑拨物, 兴奋剂	tem8	auto-v1: exact complete 2–6 Han-character gloss from one or both of ECDICT/KyleBing; exact current pinyin candidate and packed glossary key; matching POS in the packed key; exam membership and bundled IPA; one mapping per English headword; maximum eight added rows per Chinese key.
asylum	收容所	n.	tem8,ielts	ECDICT MIT	dual-source	yes	yes	no	shou rong suo	299	shelter [n.] | reception center [n.]	n. 庇护, 收容所\n[医] 养育院	tem8	auto-v1: exact complete 2–6 Han-character gloss from one or both of ECDICT/KyleBing; exact current pinyin candidate and packed glossary key; matching POS in the packed key; exam membership and bundled IPA; one mapping per English headword; maximum eight added rows per Chinese key.
grandparent	祖父母	n.	tem8,toefl	ECDICT MIT	dual-source	yes	yes	no	zu fu mu	273	grandparents [n.]	n. 祖父母	tem8,toefl	auto-v1: exact complete 2–6 Han-character gloss from one or both of ECDICT/KyleBing; exact current pinyin candidate and packed glossary key; matching POS in the packed key; exam membership and bundled IPA; one mapping per English headword; maximum eight added rows per Chinese key.
boon	恩惠	n.	tem8,toefl	ECDICT MIT	dual-source	yes	yes	no	en hui	271	favor [n.]	n. 恩惠	tem8,toefl	auto-v1: exact complete 2–6 Han-character gloss from one or both of ECDICT/KyleBing; exact current pinyin candidate and packed glossary key; matching POS in the packed key; exam membership and bundled IPA; one mapping per English headword; maximum eight added rows per Chinese key.
cask	木桶	n.	tem4,tem8	ECDICT MIT	dual-source	yes	yes	no	mu tong	260	wooden barrel [n.]	n. 桶, 木桶\nvt. 装入桶内	tem4,tem8	auto-v1: exact complete 2–6 Han-character gloss from one or both of ECDICT/KyleBing; exact current pinyin candidate and packed glossary key; matching POS in the packed key; exam membership and bundled IPA; one mapping per English headword; maximum eight added rows per Chinese key.
foreland	海角	n.	tem8,ielts	ECDICT MIT	dual-source	yes	yes	no	hai jiao	246	cape [n.]	n. 沿海地区, 海角, 海岸地	tem8	auto-v1: exact complete 2–6 Han-character gloss from one or both of ECDICT/KyleBing; exact current pinyin candidate and packed glossary key; matching POS in the packed key; exam membership and bundled IPA; one mapping per English headword; maximum eight added rows per Chinese key.
extremity	绝境	n.	tem8,toefl	ECDICT MIT	dual-source	yes	yes	no	jue jing	240	dead end [n.] | impasse [n.]	n. 极端, 极点, 困境, 绝境\n[医] 肢, 端	tem8,toefl	auto-v1: exact complete 2–6 Han-character gloss from one or both of ECDICT/KyleBing; exact current pinyin candidate and packed glossary key; matching POS in the packed key; exam membership and bundled IPA; one mapping per English headword; maximum eight added rows per Chinese key.
bristle	发怒	v.	tem4,tem8	ECDICT MIT	dual-source	yes	yes	no	fa nu	231	get angry [v.]	n. 刚毛, 猪鬃\nvi. 直立, 发怒, 充满\nvt. 使直立	tem4,tem8	auto-v1: exact complete 2–6 Han-character gloss from one or both of ECDICT/KyleBing; exact current pinyin candidate and packed glossary key; matching POS in the packed key; exam membership and bundled IPA; one mapping per English headword; maximum eight added rows per Chinese key.
squabble	口角	n.	tem8,toefl	ECDICT MIT	dual-source	yes	yes	no	kou jiao	226	corner of mouth [n.]	vi. 争吵, 口角\nn. 争吵, 口角	tem8	auto-v1: exact complete 2–6 Han-character gloss from one or both of ECDICT/KyleBing; exact current pinyin candidate and packed glossary key; matching POS in the packed key; exam membership and bundled IPA; one mapping per English headword; maximum eight added rows per Chinese key.
impale	刺穿	v.	tem8,toefl	ECDICT MIT	dual-source	yes	yes	no	ci chuan	226	pierce [v.]	vt. 刺穿, 使绝望, 钉住	tem8	auto-v1: exact complete 2–6 Han-character gloss from one or both of ECDICT/KyleBing; exact current pinyin candidate and packed glossary key; matching POS in the packed key; exam membership and bundled IPA; one mapping per English headword; maximum eight added rows per Chinese key.
mince	切碎	v.	tem8,toefl	ECDICT MIT	dual-source	yes	yes	no	qie sui	220	chop [v.]	n. 切碎物\nvt. 切碎, 矫揉做作地说\nvi. 碎步走, 装腔作势	tem8	auto-v1: exact complete 2–6 Han-character gloss from one or both of ECDICT/KyleBing; exact current pinyin candidate and packed glossary key; matching POS in the packed key; exam membership and bundled IPA; one mapping per English headword; maximum eight added rows per Chinese key.
urchin	顽童	n.	toefl,ielts	ECDICT MIT	dual-source	yes	yes	no	wan tong	205	naughty child [n.]	n. 淘气鬼, 顽童	toefl	auto-v1: exact complete 2–6 Han-character gloss from one or both of ECDICT/KyleBing; exact current pinyin candidate and packed glossary key; matching POS in the packed key; exam membership and bundled IPA; one mapping per English headword; maximum eight added rows per Chinese key.
acquiesce	默许	v.	tem8,toefl	ECDICT MIT	dual-source	yes	yes	no	mo xu	200	tacitly consent [v.]	vi. 默许, 默然同意	tem8,toefl	auto-v1: exact complete 2–6 Han-character gloss from one or both of ECDICT/KyleBing; exact current pinyin candidate and packed glossary key; matching POS in the packed key; exam membership and bundled IPA; one mapping per English headword; maximum eight added rows per Chinese key.
notoriety	恶名	n.	tem8,ielts	ECDICT MIT	dual-source	yes	yes	no	e ming	198	infamy [n.]	n. 恶名, 臭名, 声名狼藉	tem8	auto-v1: exact complete 2–6 Han-character gloss from one or both of ECDICT/KyleBing; exact current pinyin candidate and packed glossary key; matching POS in the packed key; exam membership and bundled IPA; one mapping per English headword; maximum eight added rows per Chinese key.
pageant	盛会	n.	tem8,ielts	ECDICT MIT	dual-source	yes	yes	no	sheng hui	194	grand meeting [n.]	n. 盛会, 游行, 虚饰, 露天表演	tem8	auto-v1: exact complete 2–6 Han-character gloss from one or both of ECDICT/KyleBing; exact current pinyin candidate and packed glossary key; matching POS in the packed key; exam membership and bundled IPA; one mapping per English headword; maximum eight added rows per Chinese key.
girder	大梁	n.	tem8,toefl	ECDICT MIT	dual-source	yes	yes	no	da liang	190	main beam [n.]	n. 大梁, 主梁\n[化] 撑杆	toefl	auto-v1: exact complete 2–6 Han-character gloss from one or both of ECDICT/KyleBing; exact current pinyin candidate and packed glossary key; matching POS in the packed key; exam membership and bundled IPA; one mapping per English headword; maximum eight added rows per Chinese key.
memorial	纪念物	n.	tem8,toefl	ECDICT MIT	dual-source	yes	yes	no	ji nian wu	187	souvenir [n.] | memento [n.]	n. 纪念物, 请愿书\na. 记念的, 记忆的	tem8,toefl	auto-v1: exact complete 2–6 Han-character gloss from one or both of ECDICT/KyleBing; exact current pinyin candidate and packed glossary key; matching POS in the packed key; exam membership and bundled IPA; one mapping per English headword; maximum eight added rows per Chinese key.
connoisseur	内行	n.	tem8,toefl	ECDICT MIT	dual-source	yes	yes	no	nei hang	174	expert [n.]	n. 鉴赏家, 鉴定家, 内行	tem8	auto-v1: exact complete 2–6 Han-character gloss from one or both of ECDICT/KyleBing; exact current pinyin candidate and packed glossary key; matching POS in the packed key; exam membership and bundled IPA; one mapping per English headword; maximum eight added rows per Chinese key.
mishap	灾祸	n.	toefl,ielts	ECDICT MIT	dual-source	yes	yes	no	zai huo	158	disaster [n.]	n. 不幸之事, 灾祸, 恶运	ielts	auto-v1: exact complete 2–6 Han-character gloss from one or both of ECDICT/KyleBing; exact current pinyin candidate and packed glossary key; matching POS in the packed key; exam membership and bundled IPA; one mapping per English headword; maximum eight added rows per Chinese key.
graduation	刻度	n.	tem8,toefl	ECDICT MIT	dual-source	yes	yes	no	ke du	148	scale [n.]	n. 毕业, 得学位, 分划, 刻度, 分等级\n[医] 刻度, 分度, 毕业	tem8	auto-v1: exact complete 2–6 Han-character gloss from one or both of ECDICT/KyleBing; exact current pinyin candidate and packed glossary key; matching POS in the packed key; exam membership and bundled IPA; one mapping per English headword; maximum eight added rows per Chinese key.
paddock	围场	n.	tem4,tem8	ECDICT MIT	dual-source	yes	yes	no	wei chang	138	enclosure [n.]	n. 围场	tem4,tem8	auto-v1: exact complete 2–6 Han-character gloss from one or both of ECDICT/KyleBing; exact current pinyin candidate and packed glossary key; matching POS in the packed key; exam membership and bundled IPA; one mapping per English headword; maximum eight added rows per Chinese key.
quitter	懦夫	n.	tem8,toefl	ECDICT MIT	dual-source	yes	yes	no	nuo fu	138	coward [n.]	n. 轻易放弃的人, 懦夫, 逃避责任的人\n[医] 马蹄疽	toefl	auto-v1: exact complete 2–6 Han-character gloss from one or both of ECDICT/KyleBing; exact current pinyin candidate and packed glossary key; matching POS in the packed key; exam membership and bundled IPA; one mapping per English headword; maximum eight added rows per Chinese key.
inducement	诱因	n.	tem8,toefl	ECDICT MIT	dual-source	yes	yes	no	you yin	132	cause [n.]	n. 诱因, 动机, 吸引力, 刺激物\n[法] 诱惑, 引诱, 诱因	tem8,toefl	auto-v1: exact complete 2–6 Han-character gloss from one or both of ECDICT/KyleBing; exact current pinyin candidate and packed glossary key; matching POS in the packed key; exam membership and bundled IPA; one mapping per English headword; maximum eight added rows per Chinese key.
artifice	诡计	n.	tem8,toefl	ECDICT MIT	dual-source	yes	yes	no	gui ji	132	trick [n.]	n. 诡计, 技巧, 巧妙	tem8,toefl	auto-v1: exact complete 2–6 Han-character gloss from one or both of ECDICT/KyleBing; exact current pinyin candidate and packed glossary key; matching POS in the packed key; exam membership and bundled IPA; one mapping per English headword; maximum eight added rows per Chinese key.
cobweb	蜘蛛网	n.	tem4,tem8	ECDICT MIT	dual-source	yes	yes	no	zhi zhu wang	131	spider web [n.]	n. 蜘蛛网, 蛛丝, 混乱\nvt. 使布满蛛网	tem4,tem8	auto-v1: exact complete 2–6 Han-character gloss from one or both of ECDICT/KyleBing; exact current pinyin candidate and packed glossary key; matching POS in the packed key; exam membership and bundled IPA; one mapping per English headword; maximum eight added rows per Chinese key.
crag	峭壁	n.	tem4,tem8	ECDICT MIT	dual-source	yes	yes	no	qiao bi	117	cliff [n.]	n. 峭壁, 危岩\n[建] 岩石碎块	tem4,tem8	auto-v1: exact complete 2–6 Han-character gloss from one or both of ECDICT/KyleBing; exact current pinyin candidate and packed glossary key; matching POS in the packed key; exam membership and bundled IPA; one mapping per English headword; maximum eight added rows per Chinese key.
trudge	跋涉	v.	tem8,toefl	ECDICT MIT	dual-source	yes	yes	no	ba she	116	trek [v.]	n. 沉重的步伐, 长途跋涉\nvi. 步履艰难地走, 蹒跚地走\nvt. 跋涉	tem8	auto-v1: exact complete 2–6 Han-character gloss from one or both of ECDICT/KyleBing; exact current pinyin candidate and packed glossary key; matching POS in the packed key; exam membership and bundled IPA; one mapping per English headword; maximum eight added rows per Chinese key.
upheaval	剧变	n.	tem8,toefl	ECDICT MIT	dual-source	yes	yes	no	ju bian	109	drastic change [n.]	n. 举起, 隆起, 大变动, 剧变	tem8,toefl	auto-v1: exact complete 2–6 Han-character gloss from one or both of ECDICT/KyleBing; exact current pinyin candidate and packed glossary key; matching POS in the packed key; exam membership and bundled IPA; one mapping per English headword; maximum eight added rows per Chinese key.
ultrasonic	超声波	n.	tem8,toefl	ECDICT MIT	dual-source	yes	yes	no	chao sheng bo	108	ultrasound [n.]	n. 超声波\na. 超音速的	tem8	auto-v1: exact complete 2–6 Han-character gloss from one or both of ECDICT/KyleBing; exact current pinyin candidate and packed glossary key; matching POS in the packed key; exam membership and bundled IPA; one mapping per English headword; maximum eight added rows per Chinese key.
deadweight	重负	n.	tem4,tem8	ECDICT MIT	dual-source	yes	yes	no	zhong fu	103	heavy burden [n.]	n. 自重, 重负\n[法] 载重量, 载重吨位	tem4,tem8	auto-v1: exact complete 2–6 Han-character gloss from one or both of ECDICT/KyleBing; exact current pinyin candidate and packed glossary key; matching POS in the packed key; exam membership and bundled IPA; one mapping per English headword; maximum eight added rows per Chinese key.
moustache	触须	n.	tem8,ielts	ECDICT MIT	dual-source	yes	yes	no	chu xu	101	tentacle [n.]	n. 髭, 小胡子, 触须	tem8	auto-v1: exact complete 2–6 Han-character gloss from one or both of ECDICT/KyleBing; exact current pinyin candidate and packed glossary key; matching POS in the packed key; exam membership and bundled IPA; one mapping per English headword; maximum eight added rows per Chinese key.
eon	永世	n.	tem8,toefl	ECDICT MIT	dual-source	yes	yes	no	yong shi	100	eternity [n.]	n. 永世, 万古	tem8,toefl	auto-v1: exact complete 2–6 Han-character gloss from one or both of ECDICT/KyleBing; exact current pinyin candidate and packed glossary key; matching POS in the packed key; exam membership and bundled IPA; one mapping per English headword; maximum eight added rows per Chinese key.
ledge	暗礁	n.	tem8,toefl	ECDICT MIT	dual-source	yes	yes	no	an jiao	97	reef [n.]	n. 突出部分, 暗礁, 矿层	tem8,toefl	auto-v1: exact complete 2–6 Han-character gloss from one or both of ECDICT/KyleBing; exact current pinyin candidate and packed glossary key; matching POS in the packed key; exam membership and bundled IPA; one mapping per English headword; maximum eight added rows per Chinese key.
invocation	符咒	n.	tem8,toefl	ECDICT MIT	dual-source	yes	yes	no	fu zhou	88	spell [n.] | charm [n.]	n. 祈祷, 符咒	tem8	auto-v1: exact complete 2–6 Han-character gloss from one or both of ECDICT/KyleBing; exact current pinyin candidate and packed glossary key; matching POS in the packed key; exam membership and bundled IPA; one mapping per English headword; maximum eight added rows per Chinese key.
eyesore	眼中钉	n.	tem4,tem8	ECDICT MIT	dual-source	yes	yes	no	yan zhong ding	85	thorn in one's side [n.]	n. 眼中钉	tem4,tem8	auto-v1: exact complete 2–6 Han-character gloss from one or both of ECDICT/KyleBing; exact current pinyin candidate and packed glossary key; matching POS in the packed key; exam membership and bundled IPA; one mapping per English headword; maximum eight added rows per Chinese key.
wicker	柳条	n.	tem8,toefl	ECDICT MIT	dual-source	yes	yes	no	liu tiao	78	willow twig [n.]	n. 柳条\na. 柳条编的	tem8	auto-v1: exact complete 2–6 Han-character gloss from one or both of ECDICT/KyleBing; exact current pinyin candidate and packed glossary key; matching POS in the packed key; exam membership and bundled IPA; one mapping per English headword; maximum eight added rows per Chinese key.
frontal	额骨	n.	tem8,toefl	ECDICT MIT	dual-source	yes	yes	no	e gu	77	frontal bone [n.]	a. 前面的, 正面的, 额的\nn. 额骨, 祭坛(前面的)帏帘, (建筑物的)正面	tem8	auto-v1: exact complete 2–6 Han-character gloss from one or both of ECDICT/KyleBing; exact current pinyin candidate and packed glossary key; matching POS in the packed key; exam membership and bundled IPA; one mapping per English headword; maximum eight added rows per Chinese key.
juncture	接缝	n.	tem8,toefl	ECDICT MIT	dual-source	yes	yes	no	jie feng	77	seam [n.]	n. 接合, 连接, 接缝	tem8	auto-v1: exact complete 2–6 Han-character gloss from one or both of ECDICT/KyleBing; exact current pinyin candidate and packed glossary key; matching POS in the packed key; exam membership and bundled IPA; one mapping per English headword; maximum eight added rows per Chinese key.
tout	招徕	v.	tem8,toefl	ECDICT MIT	dual-source	yes	yes	no	zhao lai	71	solicit [v.]	vi. 招徕顾客, 兜售物品\nvt. 招徕, 刺探...情报\nn. 兜售者, 侦查者	tem8	auto-v1: exact complete 2–6 Han-character gloss from one or both of ECDICT/KyleBing; exact current pinyin candidate and packed glossary key; matching POS in the packed key; exam membership and bundled IPA; one mapping per English headword; maximum eight added rows per Chinese key.
jostle	推挤	v.	tem8,ielts	ECDICT MIT	dual-source	yes	yes	no	tui ji	65	push and shove [v.]	n. 推挤, 冲撞\nvi. 推挤, 冲撞\nvt. 推, 挤, 煽动	ielts,tem8	auto-v1: exact complete 2–6 Han-character gloss from one or both of ECDICT/KyleBing; exact current pinyin candidate and packed glossary key; matching POS in the packed key; exam membership and bundled IPA; one mapping per English headword; maximum eight added rows per Chinese key.
drudgery	苦工	n.	toefl,ielts	ECDICT MIT	dual-source	yes	yes	no	ku gong	62	hard labor [n.]	n. 苦差事, 苦工	ielts	auto-v1: exact complete 2–6 Han-character gloss from one or both of ECDICT/KyleBing; exact current pinyin candidate and packed glossary key; matching POS in the packed key; exam membership and bundled IPA; one mapping per English headword; maximum eight added rows per Chinese key.
portfolio	公文包	n.	tem8,ielts	ECDICT MIT	dual-source	yes	yes	no	gong wen bao	61	briefcase [n.]	n. 皮包, 公文包, 部长职务, 有价证券财产目录, 艺术代表作选辑\n[法] 公文包, 文件夹, 阁员职务	tem8	auto-v1: exact complete 2–6 Han-character gloss from one or both of ECDICT/KyleBing; exact current pinyin candidate and packed glossary key; matching POS in the packed key; exam membership and bundled IPA; one mapping per English headword; maximum eight added rows per Chinese key.
spa	矿泉	n.	tem4,tem8	ECDICT MIT	dual-source	yes	yes	no	kuang quan	48	mineral spring [n.]	n. 矿泉, 温泉浴场, 矿泉治疗地\n[计] 软件出版者协会	tem4,tem8	auto-v1: exact complete 2–6 Han-character gloss from one or both of ECDICT/KyleBing; exact current pinyin candidate and packed glossary key; matching POS in the packed key; exam membership and bundled IPA; one mapping per English headword; maximum eight added rows per Chinese key.
movable	动产	n.	tem8,toefl	ECDICT MIT	dual-source	yes	yes	no	dong chan	38	movable property [n.]	n. 活动的东西, 动产\na. 可动的, 可移动的, 不定的	tem8	auto-v1: exact complete 2–6 Han-character gloss from one or both of ECDICT/KyleBing; exact current pinyin candidate and packed glossary key; matching POS in the packed key; exam membership and bundled IPA; one mapping per English headword; maximum eight added rows per Chinese key.
cardiac	强心剂	n.	tem8,toefl	ECDICT MIT	dual-source	yes	yes	no	qiang xin ji	32	cardiotonic [n.]	n. 心脏病患者, 强心剂, 健胃药\na. 心脏的, (胃的)贲门的	tem8,toefl	auto-v1: exact complete 2–6 Han-character gloss from one or both of ECDICT/KyleBing; exact current pinyin candidate and packed glossary key; matching POS in the packed key; exam membership and bundled IPA; one mapping per English headword; maximum eight added rows per Chinese key.
lobe	耳垂	n.	tem8,toefl	ECDICT MIT	dual-source	yes	yes	no	er chui	28	earlobe [n.]	n. 叶, 耳垂, 裂片\n[医] 叶	tem8,toefl	auto-v1: exact complete 2–6 Han-character gloss from one or both of ECDICT/KyleBing; exact current pinyin candidate and packed glossary key; matching POS in the packed key; exam membership and bundled IPA; one mapping per English headword; maximum eight added rows per Chinese key.
confederate	同盟者	n.	tem8,toefl	ECDICT MIT	dual-source	yes	yes	no	tong meng zhe	24	ally [n.]	n. 同盟者, 同盟国\na. 同盟的, 联合的\nv. (使)联盟, (使)联合	tem8,toefl	auto-v1: exact complete 2–6 Han-character gloss from one or both of ECDICT/KyleBing; exact current pinyin candidate and packed glossary key; matching POS in the packed key; exam membership and bundled IPA; one mapping per English headword; maximum eight added rows per Chinese key.
languish	苦思	v.	tem8,toefl	ECDICT MIT	dual-source	yes	yes	no	ku si	20	think hard [v.]	vi. 憔悴, 凋萎, 苦思	tem8	auto-v1: exact complete 2–6 Han-character gloss from one or both of ECDICT/KyleBing; exact current pinyin candidate and packed glossary key; matching POS in the packed key; exam membership and bundled IPA; one mapping per English headword; maximum eight added rows per Chinese key.
interject	插嘴	v.	tem8,toefl	ECDICT MIT	dual-source	yes	yes	no	cha zui	8	interrupt [v.] | cut in [v.]	vt. 插嘴, 突然插入	tem8,toefl	auto-v1: exact complete 2–6 Han-character gloss from one or both of ECDICT/KyleBing; exact current pinyin candidate and packed glossary key; matching POS in the packed key; exam membership and bundled IPA; one mapping per English headword; maximum eight added rows per Chinese key.
hunk	好的	adj.	tem8	ECDICT MIT	dual-source	yes	yes	no	hao de	186948	good [adj.] | okay [adj.]	n. 大块\na. 行的, 好的	tem8	auto-v1: exact complete 2–6 Han-character gloss from one or both of ECDICT/KyleBing; exact current pinyin candidate and packed glossary key; matching POS in the packed key; exam membership and bundled IPA; one mapping per English headword; maximum eight added rows per Chinese key.
subsistence	生活	n.	toefl	ECDICT MIT	dual-source	yes	yes	no	sheng huo	102365	life [n.] | living [n.]	n. 生存, 生活\n[医] 生存	toefl	auto-v1: exact complete 2–6 Han-character gloss from one or both of ECDICT/KyleBing; exact current pinyin candidate and packed glossary key; matching POS in the packed key; exam membership and bundled IPA; one mapping per English headword; maximum eight added rows per Chinese key.
omega	最后	n.	tem8	ECDICT MIT	dual-source	yes	yes	no	zui hou	91332	last [n.] | final [n.]	n. 希腊字母的最后一个字, 终了, 最后\n[医] ω(希腊文第二十四个字母)	tem8	auto-v1: exact complete 2–6 Han-character gloss from one or both of ECDICT/KyleBing; exact current pinyin candidate and packed glossary key; matching POS in the packed key; exam membership and bundled IPA; one mapping per English headword; maximum eight added rows per Chinese key.
setup	计划	n.	toefl	ECDICT MIT	dual-source	yes	yes	no	ji hua	58929	plan [n.]	n. 装备, 组织, 计划, 机构, 调整, 设置\n[计] 设置	toefl	auto-v1: exact complete 2–6 Han-character gloss from one or both of ECDICT/KyleBing; exact current pinyin candidate and packed glossary key; matching POS in the packed key; exam membership and bundled IPA; one mapping per English headword; maximum eight added rows per Chinese key.
centrality	中心	n.	toefl	ECDICT MIT	dual-source	yes	yes	no	zhong xin	55936	center [n.]	n. 中心, 中央, 向心性\n[医] 中央性, 归中性	toefl	auto-v1: exact complete 2–6 Han-character gloss from one or both of ECDICT/KyleBing; exact current pinyin candidate and packed glossary key; matching POS in the packed key; exam membership and bundled IPA; one mapping per English headword; maximum eight added rows per Chinese key.
extraordinarily	非常	adv.	toefl	ECDICT MIT	dual-source	yes	yes	no	fei chang	53300	very [adv.]	adv. 非凡, 破例, 特别, 非常, 离奇, 使人惊奇, 惊人, 特命, 特派	toefl	auto-v1: exact complete 2–6 Han-character gloss from one or both of ECDICT/KyleBing; exact current pinyin candidate and packed glossary key; matching POS in the packed key; exam membership and bundled IPA; one mapping per English headword; maximum eight added rows per Chinese key.
works	作品	n.	tem8	ECDICT MIT	dual-source	yes	yes	no	zuo pin	52817	work [n.] | piece [n.]	n. 工程, 工厂, 工事, 活动部件, 机件, 著作, 作品, 善行, 德行\n[机] 工厂, 工场	tem8	auto-v1: exact complete 2–6 Han-character gloss from one or both of ECDICT/KyleBing; exact current pinyin candidate and packed glossary key; matching POS in the packed key; exam membership and bundled IPA; one mapping per English headword; maximum eight added rows per Chinese key.
scholastic	学生	n.	tem8	ECDICT MIT	dual-source	yes	yes	no	xue sheng	47291	student [n.]	a. 学校的, 学校教育的, 学者的, 学究的\nn. 经院哲学家, 学究, 墨守成规者, 学生	tem8	auto-v1: exact complete 2–6 Han-character gloss from one or both of ECDICT/KyleBing; exact current pinyin candidate and packed glossary key; matching POS in the packed key; exam membership and bundled IPA; one mapping per English headword; maximum eight added rows per Chinese key.
tele	电视	n.	toefl	ECDICT MIT	dual-source	yes	yes	no	dian shi	46533	tv [n.] | television [n.]	n. 电视	toefl	auto-v1: exact complete 2–6 Han-character gloss from one or both of ECDICT/KyleBing; exact current pinyin candidate and packed glossary key; matching POS in the packed key; exam membership and bundled IPA; one mapping per English headword; maximum eight added rows per Chinese key.
locomotion	运动	n.	toefl	ECDICT MIT	dual-source	yes	yes	no	yun dong	46199	sports [n.] | exercise [n.]	n. 运动, 移动, 旅行\n[医] 行动, 运动	toefl	auto-v1: exact complete 2–6 Han-character gloss from one or both of ECDICT/KyleBing; exact current pinyin candidate and packed glossary key; matching POS in the packed key; exam membership and bundled IPA; one mapping per English headword; maximum eight added rows per Chinese key.
impersonator	演员	n.	tem8	ECDICT MIT	dual-source	yes	yes	no	yan yuan	37254	actor [n.]	n. 演员；模拟艺人	tem8	auto-v1: exact complete 2–6 Han-character gloss from one or both of ECDICT/KyleBing; exact current pinyin candidate and packed glossary key; matching POS in the packed key; exam membership and bundled IPA; one mapping per English headword; maximum eight added rows per Chinese key.
histrionic	演员	n.	tem8	ECDICT MIT	dual-source	yes	yes	no	yan yuan	37254	actor [n.]	a. 演员的, 演剧的, 矫揉造作的\nn. 演员, 演剧, 戏剧性	tem8	auto-v1: exact complete 2–6 Han-character gloss from one or both of ECDICT/KyleBing; exact current pinyin candidate and packed glossary key; matching POS in the packed key; exam membership and bundled IPA; one mapping per English headword; maximum eight added rows per Chinese key.
happening	事件	n.	tem8	ECDICT MIT	dual-source	yes	yes	no	shi jian	35940	event [n.] | incident [n.]	n. 事件, 意外发生的事	tem8	auto-v1: exact complete 2–6 Han-character gloss from one or both of ECDICT/KyleBing; exact current pinyin candidate and packed glossary key; matching POS in the packed key; exam membership and bundled IPA; one mapping per English headword; maximum eight added rows per Chinese key.
personage	角色	n.	tem8	ECDICT MIT	dual-source	yes	yes	no	jue se	32471	role [n.] | character [n.]	n. 重要人士, 显要, 名士, 人物, 角色	tem8	auto-v1: exact complete 2–6 Han-character gloss from one or both of ECDICT/KyleBing; exact current pinyin candidate and packed glossary key; matching POS in the packed key; exam membership and bundled IPA; one mapping per English headword; maximum eight added rows per Chinese key.
headship	能力	n.	tem8	ECDICT MIT	dual-source	yes	yes	no	neng li	30601	ability [n.] | capability [n.]	n. 领导人地位, 能力, 校长职务	tem8	auto-v1: exact complete 2–6 Han-character gloss from one or both of ECDICT/KyleBing; exact current pinyin candidate and packed glossary key; matching POS in the packed key; exam membership and bundled IPA; one mapping per English headword; maximum eight added rows per Chinese key.
damsel	少女	n.	tem8	ECDICT MIT	dual-source	yes	yes	no	shao nv	30167	girl [n.] | maiden [n.]	n. 少女, 闺女	tem8	auto-v1: exact complete 2–6 Han-character gloss from one or both of ECDICT/KyleBing; exact current pinyin candidate and packed glossary key; matching POS in the packed key; exam membership and bundled IPA; one mapping per English headword; maximum eight added rows per Chinese key.
conduce	导致	v.	ielts	ECDICT MIT	dual-source	yes	yes	no	dao zhi	26581	cause [v.] | lead to [v.]	vi. 有助于, 有益于, 有贡献于, 导致	ielts	auto-v1: exact complete 2–6 Han-character gloss from one or both of ECDICT/KyleBing; exact current pinyin candidate and packed glossary key; matching POS in the packed key; exam membership and bundled IPA; one mapping per English headword; maximum eight added rows per Chinese key.
entirety	全部	n.	tem4	ECDICT MIT	dual-source	yes	yes	no	quan bu	23751	all [n.]	n. 全部, 整体\n[法] 共有制, 整体, 全部	tem4	auto-v1: exact complete 2–6 Han-character gloss from one or both of ECDICT/KyleBing; exact current pinyin candidate and packed glossary key; matching POS in the packed key; exam membership and bundled IPA; one mapping per English headword; maximum eight added rows per Chinese key.
boule	议会	n.	toefl	ECDICT MIT	dual-source	yes	yes	no	yi hui	23125	parliament [n.]	n. 议会, 下议院, 立法会议	toefl	auto-v1: exact complete 2–6 Han-character gloss from one or both of ECDICT/KyleBing; exact current pinyin candidate and packed glossary key; matching POS in the packed key; exam membership and bundled IPA; one mapping per English headword; maximum eight added rows per Chinese key.
transact	处理	v.	toefl	ECDICT MIT	dual-source	yes	yes	no	chu li	22901	handle [v.] | deal with [v.]	vt. 办理, 处理\nvi. 作交易, 谈判	toefl	auto-v1: exact complete 2–6 Han-character gloss from one or both of ECDICT/KyleBing; exact current pinyin candidate and packed glossary key; matching POS in the packed key; exam membership and bundled IPA; one mapping per English headword; maximum eight added rows per Chinese key.
par	标准	n.	tem8	ECDICT MIT	dual-source	yes	yes	no	biao zhun	22590	standard [n.]	n. 标准, 票面价值, 平均数量, 同等水平\na. 票面的, 平常的, 标准的, 平价的\n[计] 重新传输的肯定回答	tem8	auto-v1: exact complete 2–6 Han-character gloss from one or both of ECDICT/KyleBing; exact current pinyin candidate and packed glossary key; matching POS in the packed key; exam membership and bundled IPA; one mapping per English headword; maximum eight added rows per Chinese key.
accrue	产生	v.	tem8	ECDICT MIT	dual-source	yes	yes	no	chan sheng	22223	produce [v.] | generate [v.]	vi. 自然增加, 产生\n[经] 应计, 产生, 出现	tem8	auto-v1: exact complete 2–6 Han-character gloss from one or both of ECDICT/KyleBing; exact current pinyin candidate and packed glossary key; matching POS in the packed key; exam membership and bundled IPA; one mapping per English headword; maximum eight added rows per Chinese key.
customarily	通常	adv.	toefl	ECDICT MIT	dual-source	yes	yes	no	tong chang	21677	usually [adv.]	adv. 照例, 通常, 习惯上	toefl	auto-v1: exact complete 2–6 Han-character gloss from one or both of ECDICT/KyleBing; exact current pinyin candidate and packed glossary key; matching POS in the packed key; exam membership and bundled IPA; one mapping per English headword; maximum eight added rows per Chinese key.
fireside	家庭	n.	tem8	ECDICT MIT	dual-source	yes	yes	no	jia ting	21606	family [n.] | home [n.]	n. 炉边, 家庭, 家庭生活\na. 在火炉边的, 非正式的	tem8	auto-v1: exact complete 2–6 Han-character gloss from one or both of ECDICT/KyleBing; exact current pinyin candidate and packed glossary key; matching POS in the packed key; exam membership and bundled IPA; one mapping per English headword; maximum eight added rows per Chinese key.
disentangle	解决	v.	tem8	ECDICT MIT	dual-source	yes	yes	no	jie jue	21127	solve [v.]	vi. 解开纠结, 松开, 解决\nvt. 解开, 松开	tem8	auto-v1: exact complete 2–6 Han-character gloss from one or both of ECDICT/KyleBing; exact current pinyin candidate and packed glossary key; matching POS in the packed key; exam membership and bundled IPA; one mapping per English headword; maximum eight added rows per Chinese key.
remodel	改变	v.	toefl	ECDICT MIT	dual-source	yes	yes	no	gai bian	20178	change [v.] | alter [v.]	vt. 改造, 改型, 改变	toefl	auto-v1: exact complete 2–6 Han-character gloss from one or both of ECDICT/KyleBing; exact current pinyin candidate and packed glossary key; matching POS in the packed key; exam membership and bundled IPA; one mapping per English headword; maximum eight added rows per Chinese key.
electorate	选区	n.	tem8	ECDICT MIT	dual-source	yes	yes	no	xuan qu	19508	constituency [n.]	n. 选民, 有选举权者, 选区\n[法] 选民, 选举团, 选区	tem8	auto-v1: exact complete 2–6 Han-character gloss from one or both of ECDICT/KyleBing; exact current pinyin candidate and packed glossary key; matching POS in the packed key; exam membership and bundled IPA; one mapping per English headword; maximum eight added rows per Chinese key.
actuality	事实	n.	tem8	ECDICT MIT	dual-source	yes	yes	no	shi shi	18101	fact [n.]	n. 事实, 现实, 现状	tem8	auto-v1: exact complete 2–6 Han-character gloss from one or both of ECDICT/KyleBing; exact current pinyin candidate and packed glossary key; matching POS in the packed key; exam membership and bundled IPA; one mapping per English headword; maximum eight added rows per Chinese key.
diversification	变化	n.	toefl	ECDICT MIT	dual-source	yes	yes	no	bian hua	17561	change [n.]	n. 变化, 多样化\n[经] 分散	toefl	auto-v1: exact complete 2–6 Han-character gloss from one or both of ECDICT/KyleBing; exact current pinyin candidate and packed glossary key; matching POS in the packed key; exam membership and bundled IPA; one mapping per English headword; maximum eight added rows per Chinese key.
transmutation	变化	n.	tem8	ECDICT MIT	dual-source	yes	yes	no	bian hua	17561	change [n.]	n. 变形, 变化, 演变\n[医] 蜕变, 嬗变, 衍变	tem8	auto-v1: exact complete 2–6 Han-character gloss from one or both of ECDICT/KyleBing; exact current pinyin candidate and packed glossary key; matching POS in the packed key; exam membership and bundled IPA; one mapping per English headword; maximum eight added rows per Chinese key.
muck	垃圾	n.	tem8	ECDICT MIT	dual-source	yes	yes	no	la ji	17327	garbage [n.] | trash [n.]	n. 垃圾, 肥料\nvt. 施肥, 弄脏, 弄糟\nvi. 搬运矸石	tem8	auto-v1: exact complete 2–6 Han-character gloss from one or both of ECDICT/KyleBing; exact current pinyin candidate and packed glossary key; matching POS in the packed key; exam membership and bundled IPA; one mapping per English headword; maximum eight added rows per Chinese key.
denizen	居民	n.	tem8	ECDICT MIT	dual-source	yes	yes	no	ju min	17216	resident [n.]	n. 居民, 外籍居民, 外来语\nvt. 给...居住权, 移植	tem8	auto-v1: exact complete 2–6 Han-character gloss from one or both of ECDICT/KyleBing; exact current pinyin candidate and packed glossary key; matching POS in the packed key; exam membership and bundled IPA; one mapping per English headword; maximum eight added rows per Chinese key.
battalion	军队	n.	tem8	ECDICT MIT	dual-source	yes	yes	no	jun dui	15684	army [n.] | military [n.]	n. 营, 军队, 集团	tem8	auto-v1: exact complete 2–6 Han-character gloss from one or both of ECDICT/KyleBing; exact current pinyin candidate and packed glossary key; matching POS in the packed key; exam membership and bundled IPA; one mapping per English headword; maximum eight added rows per Chinese key.
nullify	取消	v.	ielts	ECDICT MIT	dual-source	yes	yes	no	qu xiao	15453	cancel [v.]	vt. 使无效, 废弃, 取消\n[化] 使等于零; 作废	ielts	auto-v1: exact complete 2–6 Han-character gloss from one or both of ECDICT/KyleBing; exact current pinyin candidate and packed glossary key; matching POS in the packed key; exam membership and bundled IPA; one mapping per English headword; maximum eight added rows per Chinese key.
gala	节日	n.	tem8	ECDICT MIT	dual-source	yes	yes	no	jie ri	13921	festival [n.]	n. 节日, 祝贺	tem8	auto-v1: exact complete 2–6 Han-character gloss from one or both of ECDICT/KyleBing; exact current pinyin candidate and packed glossary key; matching POS in the packed key; exam membership and bundled IPA; one mapping per English headword; maximum eight added rows per Chinese key.
sir	先生	n.	tem8	ECDICT MIT	dual-source	yes	yes	no	xian sheng	13370	mr [n.] | teacher [n.]	n. 先生, 阁下	tem8	auto-v1: exact complete 2–6 Han-character gloss from one or both of ECDICT/KyleBing; exact current pinyin candidate and packed glossary key; matching POS in the packed key; exam membership and bundled IPA; one mapping per English headword; maximum eight added rows per Chinese key.
cate	美食	n.	toefl	ECDICT MIT	dual-source	yes	yes	no	mei shi	13198	delicacy [n.] | cuisine [n.]	n. 佳肴, 美食	toefl	auto-v1: exact complete 2–6 Han-character gloss from one or both of ECDICT/KyleBing; exact current pinyin candidate and packed glossary key; matching POS in the packed key; exam membership and bundled IPA; one mapping per English headword; maximum eight added rows per Chinese key.
rector	校长	n.	tem8	ECDICT MIT	dual-source	yes	yes	no	xiao zhang	12957	principal [n.] | president [n.]	n. 教区长, 校长, 院长	tem8	auto-v1: exact complete 2–6 Han-character gloss from one or both of ECDICT/KyleBing; exact current pinyin candidate and packed glossary key; matching POS in the packed key; exam membership and bundled IPA; one mapping per English headword; maximum eight added rows per Chinese key.
mores	习惯	n.	tem8	ECDICT MIT	dual-source	yes	yes	no	xi guan	12652	habit [n.] | custom [n.]	n. 习惯, 道德态度, 惯例, 习俗\n[医] 风俗, 习惯	tem8	auto-v1: exact complete 2–6 Han-character gloss from one or both of ECDICT/KyleBing; exact current pinyin candidate and packed glossary key; matching POS in the packed key; exam membership and bundled IPA; one mapping per English headword; maximum eight added rows per Chinese key.
thereabouts	大约	adv.	tem4	ECDICT MIT	dual-source	yes	yes	no	da yue	11829	approximately [adv.]	adv. 在那附近, 大约, 上下, 左右	tem4	auto-v1: exact complete 2–6 Han-character gloss from one or both of ECDICT/KyleBing; exact current pinyin candidate and packed glossary key; matching POS in the packed key; exam membership and bundled IPA; one mapping per English headword; maximum eight added rows per Chinese key.
thereabout	大约	adv.	tem8	ECDICT MIT	dual-source	yes	yes	no	da yue	11829	approximately [adv.]	adv. 在那附近, 大约	tem8	auto-v1: exact complete 2–6 Han-character gloss from one or both of ECDICT/KyleBing; exact current pinyin candidate and packed glossary key; matching POS in the packed key; exam membership and bundled IPA; one mapping per English headword; maximum eight added rows per Chinese key.
officeholder	官员	n.	toefl	ECDICT MIT	dual-source	yes	yes	no	guan yuan	11452	official [n.]	n. 官员	toefl	auto-v1: exact complete 2–6 Han-character gloss from one or both of ECDICT/KyleBing; exact current pinyin candidate and packed glossary key; matching POS in the packed key; exam membership and bundled IPA; one mapping per English headword; maximum eight added rows per Chinese key.
scriptwriter	编剧	n.	tem8	ECDICT MIT	dual-source	yes	yes	no	bian ju	11437	screenwriter [n.]	n. 编剧	tem8	auto-v1: exact complete 2–6 Han-character gloss from one or both of ECDICT/KyleBing; exact current pinyin candidate and packed glossary key; matching POS in the packed key; exam membership and bundled IPA; one mapping per English headword; maximum eight added rows per Chinese key.
ethos	气质	n.	tem8	ECDICT MIT	dual-source	yes	yes	no	qi zhi	10782	temperament [n.] | aura [n.]	n. 气质；民族精神；社会思潮	tem8	auto-v1: exact complete 2–6 Han-character gloss from one or both of ECDICT/KyleBing; exact current pinyin candidate and packed glossary key; matching POS in the packed key; exam membership and bundled IPA; one mapping per English headword; maximum eight added rows per Chinese key.
ail	生病	v.	toefl	ECDICT MIT	dual-source	yes	yes	no	sheng bing	10524	get sick [v.]	vt. 使苦恼\nvi. 生病, 处境困难\n[计] 数组互联逻辑	toefl	auto-v1: exact complete 2–6 Han-character gloss from one or both of ECDICT/KyleBing; exact current pinyin candidate and packed glossary key; matching POS in the packed key; exam membership and bundled IPA; one mapping per English headword; maximum eight added rows per Chinese key.
savant	学者	n.	tem8	ECDICT MIT	dual-source	yes	yes	no	xue zhe	10520	scholar [n.]	n. 学者, 专家	tem8	auto-v1: exact complete 2–6 Han-character gloss from one or both of ECDICT/KyleBing; exact current pinyin candidate and packed glossary key; matching POS in the packed key; exam membership and bundled IPA; one mapping per English headword; maximum eight added rows per Chinese key.
whizz	专家	n.	tem8	ECDICT MIT	dual-source	yes	yes	no	zhuan jia	10488	expert [n.]	n. 飕飕声, 精明的人, 专家\nv. (使)飕飕作声	tem8	auto-v1: exact complete 2–6 Han-character gloss from one or both of ECDICT/KyleBing; exact current pinyin candidate and packed glossary key; matching POS in the packed key; exam membership and bundled IPA; one mapping per English headword; maximum eight added rows per Chinese key.
unwrap	打开	v.	ielts	ECDICT MIT	dual-source	yes	yes	no	da kai	10388	open [v.] | turn on [v.]	vt. 打开	ielts	auto-v1: exact complete 2–6 Han-character gloss from one or both of ECDICT/KyleBing; exact current pinyin candidate and packed glossary key; matching POS in the packed key; exam membership and bundled IPA; one mapping per English headword; maximum eight added rows per Chinese key.
burgher	公民	n.	toefl	ECDICT MIT	dual-source	yes	yes	no	gong min	10295	citizen [n.]	n. 公民, 市民	toefl	auto-v1: exact complete 2–6 Han-character gloss from one or both of ECDICT/KyleBing; exact current pinyin candidate and packed glossary key; matching POS in the packed key; exam membership and bundled IPA; one mapping per English headword; maximum eight added rows per Chinese key.
gambit	话题	n.	tem8	ECDICT MIT	dual-source	yes	yes	no	hua ti	9865	topic [n.]	n. 以取得优势的开局棋法, 开场白, 话题	tem8	auto-v1: exact complete 2–6 Han-character gloss from one or both of ECDICT/KyleBing; exact current pinyin candidate and packed glossary key; matching POS in the packed key; exam membership and bundled IPA; one mapping per English headword; maximum eight added rows per Chinese key.
localize	集中	v.	toefl	ECDICT MIT	dual-source	yes	yes	no	ji zhong	9635	concentrate [v.] | focus [v.]	vt.vi. 使地方化, 使具有地方性, 使限制于局部, 确定起源, 集中, 局限\n[计] 局部化, 定位, 定域	toefl	auto-v1: exact complete 2–6 Han-character gloss from one or both of ECDICT/KyleBing; exact current pinyin candidate and packed glossary key; matching POS in the packed key; exam membership and bundled IPA; one mapping per English headword; maximum eight added rows per Chinese key.
beckon	吸引	v.	tem8	ECDICT MIT	dual-source	yes	yes	no	xi yin	9620	attract [v.]	v. 招手示意, 召唤, 吸引\nn. 表召唤的点头(或手势)	tem8	auto-v1: exact complete 2–6 Han-character gloss from one or both of ECDICT/KyleBing; exact current pinyin candidate and packed glossary key; matching POS in the packed key; exam membership and bundled IPA; one mapping per English headword; maximum eight added rows per Chinese key.
falsity	错误	n.	tem8	ECDICT MIT	dual-source	yes	yes	no	cuo wu	8965	mistake [n.] | error [n.]	n. 虚伪, 错误, 不忠实, 谎言\n[经] 伪造, 篡改	tem8	auto-v1: exact complete 2–6 Han-character gloss from one or both of ECDICT/KyleBing; exact current pinyin candidate and packed glossary key; matching POS in the packed key; exam membership and bundled IPA; one mapping per English headword; maximum eight added rows per Chinese key.
worthiness	价值	n.	toefl	ECDICT MIT	dual-source	yes	yes	no	jia zhi	8392	value [n.]	n. 价值, 相当, 值得	toefl	auto-v1: exact complete 2–6 Han-character gloss from one or both of ECDICT/KyleBing; exact current pinyin candidate and packed glossary key; matching POS in the packed key; exam membership and bundled IPA; one mapping per English headword; maximum eight added rows per Chinese key.
exportation	出口	n.	toefl	ECDICT MIT	dual-source	yes	yes	no	chu kou	8153	exit [n.]	n. 输出, 出口物, 输出品, 出口\n[经] 出口(货)	toefl	auto-v1: exact complete 2–6 Han-character gloss from one or both of ECDICT/KyleBing; exact current pinyin candidate and packed glossary key; matching POS in the packed key; exam membership and bundled IPA; one mapping per English headword; maximum eight added rows per Chinese key.
liking	爱好	n.	tem8	ECDICT MIT	dual-source	yes	yes	no	ai hao	7871	hobby [n.]	n. 爱好, 嗜好	tem8	auto-v1: exact complete 2–6 Han-character gloss from one or both of ECDICT/KyleBing; exact current pinyin candidate and packed glossary key; matching POS in the packed key; exam membership and bundled IPA; one mapping per English headword; maximum eight added rows per Chinese key.
gusto	爱好	n.	tem8	ECDICT MIT	dual-source	yes	yes	no	ai hao	7871	hobby [n.]	n. 爱好, 嗜好, 由衷的高兴	tem8	auto-v1: exact complete 2–6 Han-character gloss from one or both of ECDICT/KyleBing; exact current pinyin candidate and packed glossary key; matching POS in the packed key; exam membership and bundled IPA; one mapping per English headword; maximum eight added rows per Chinese key.
counsellor	顾问	n.	ielts	ECDICT MIT	dual-source	yes	yes	no	gu wen	7776	consultant [n.] | advisor [n.]	n. 顾问, 辅导员, 律师	ielts	auto-v1: exact complete 2–6 Han-character gloss from one or both of ECDICT/KyleBing; exact current pinyin candidate and packed glossary key; matching POS in the packed key; exam membership and bundled IPA; one mapping per English headword; maximum eight added rows per Chinese key.
unleash	发动	v.	tem8	ECDICT MIT	dual-source	yes	yes	no	fa dong	7725	launch [v.]	vt. 解开...的皮带, 发出, 发动	tem8	auto-v1: exact complete 2–6 Han-character gloss from one or both of ECDICT/KyleBing; exact current pinyin candidate and packed glossary key; matching POS in the packed key; exam membership and bundled IPA; one mapping per English headword; maximum eight added rows per Chinese key.
enfranchise	解放	v.	ielts	ECDICT MIT	dual-source	yes	yes	no	jie fang	7719	liberate [v.] | free [v.]	vt. 给予自治权, 给予选举权, 解放\n[法] 给与公民权, 给予自由土地保有权, 释放	ielts	auto-v1: exact complete 2–6 Han-character gloss from one or both of ECDICT/KyleBing; exact current pinyin candidate and packed glossary key; matching POS in the packed key; exam membership and bundled IPA; one mapping per English headword; maximum eight added rows per Chinese key.
householder	家长	n.	tem8	ECDICT MIT	dual-source	yes	yes	no	jia zhang	7694	parent [n.]	n. 一家之主, 家长, 户长\n[法] 户主, 家长, 住	tem8	auto-v1: exact complete 2–6 Han-character gloss from one or both of ECDICT/KyleBing; exact current pinyin candidate and packed glossary key; matching POS in the packed key; exam membership and bundled IPA; one mapping per English headword; maximum eight added rows per Chinese key.
earmark	特征	n.	tem8	ECDICT MIT	dual-source	yes	yes	no	te zheng	7688	feature [n.]	n. 耳上记号, 特征, 记号, 标记\nvt. 在耳朵上做记号, 标记, 指定...作特定用途	tem8	auto-v1: exact complete 2–6 Han-character gloss from one or both of ECDICT/KyleBing; exact current pinyin candidate and packed glossary key; matching POS in the packed key; exam membership and bundled IPA; one mapping per English headword; maximum eight added rows per Chinese key.
disprove	反驳	v.	toefl	ECDICT MIT	dual-source	yes	yes	no	fan bo	7640	refute [v.] | rebut [v.]	vt. 证明...是不对的, 提出...的反证, 反驳\n[法] 证明...不成立, 反驳, 驳斥	toefl	auto-v1: exact complete 2–6 Han-character gloss from one or both of ECDICT/KyleBing; exact current pinyin candidate and packed glossary key; matching POS in the packed key; exam membership and bundled IPA; one mapping per English headword; maximum eight added rows per Chinese key.
cynthia	月亮	n.	toefl	ECDICT MIT	dual-source	yes	yes	no	yue liang	7614	moon [n.]	n. 月亮女神, 月亮	toefl	auto-v1: exact complete 2–6 Han-character gloss from one or both of ECDICT/KyleBing; exact current pinyin candidate and packed glossary key; matching POS in the packed key; exam membership and bundled IPA; one mapping per English headword; maximum eight added rows per Chinese key.
refectory	餐厅	n.	ielts	ECDICT MIT	dual-source	yes	yes	no	can ting	7385	restaurant [n.] | dining hall [n.]	n. 餐厅	ielts	auto-v1: exact complete 2–6 Han-character gloss from one or both of ECDICT/KyleBing; exact current pinyin candidate and packed glossary key; matching POS in the packed key; exam membership and bundled IPA; one mapping per English headword; maximum eight added rows per Chinese key.
faze	打扰	v.	tem8	ECDICT MIT	dual-source	yes	yes	no	da rao	7224	disturb [v.] | bother [v.]	vt. 打扰, 折磨, 使狼狈	tem8	auto-v1: exact complete 2–6 Han-character gloss from one or both of ECDICT/KyleBing; exact current pinyin candidate and packed glossary key; matching POS in the packed key; exam membership and bundled IPA; one mapping per English headword; maximum eight added rows per Chinese key.
seaboard	海岸	n.	toefl	ECDICT MIT	dual-source	yes	yes	no	hai an	7043	coast [n.]	n. 海岸, 沿海地带\na. 海边的	toefl	auto-v1: exact complete 2–6 Han-character gloss from one or both of ECDICT/KyleBing; exact current pinyin candidate and packed glossary key; matching POS in the packed key; exam membership and bundled IPA; one mapping per English headword; maximum eight added rows per Chinese key.
gipsy	流浪	v.	tem8	ECDICT MIT	dual-source	yes	yes	no	liu lang	7042	wander [v.] | roam [v.]	vi. 流浪	tem8	auto-v1: exact complete 2–6 Han-character gloss from one or both of ECDICT/KyleBing; exact current pinyin candidate and packed glossary key; matching POS in the packed key; exam membership and bundled IPA; one mapping per English headword; maximum eight added rows per Chinese key.
knowhow	情报	n.	tem8	ECDICT MIT	dual-source	yes	yes	no	qing bao	7037	intelligence [n.] | information [n.]	n. 情报；实际的能力；专门技术；诀窍, 技巧	tem8	auto-v1: exact complete 2–6 Han-character gloss from one or both of ECDICT/KyleBing; exact current pinyin candidate and packed glossary key; matching POS in the packed key; exam membership and bundled IPA; one mapping per English headword; maximum eight added rows per Chinese key.
fingerboard	键盘	n.	toefl	ECDICT MIT	dual-source	yes	yes	no	jian pan	6832	keyboard [n.]	n. 指板, 键盘	toefl	auto-v1: exact complete 2–6 Han-character gloss from one or both of ECDICT/KyleBing; exact current pinyin candidate and packed glossary key; matching POS in the packed key; exam membership and bundled IPA; one mapping per English headword; maximum eight added rows per Chinese key.
expectant	候选人	n.	tem8	ECDICT MIT	dual-source	yes	yes	no	hou xuan ren	6617	candidate [n.]	n. 预期者, 期待者, 候选人\na. 预期的, 期待的	tem8	auto-v1: exact complete 2–6 Han-character gloss from one or both of ECDICT/KyleBing; exact current pinyin candidate and packed glossary key; matching POS in the packed key; exam membership and bundled IPA; one mapping per English headword; maximum eight added rows per Chinese key.
revamp	修改	v.	tem8	ECDICT MIT	dual-source	yes	yes	no	xiu gai	6567	modify [v.] | revise [v.]	vt. 换新鞋面, 修理, 修补, 修改\n[经] 整修, 补, 修改	tem8	auto-v1: exact complete 2–6 Han-character gloss from one or both of ECDICT/KyleBing; exact current pinyin candidate and packed glossary key; matching POS in the packed key; exam membership and bundled IPA; one mapping per English headword; maximum eight added rows per Chinese key.
freeway	高速公路	n.	tem8	ECDICT MIT	dual-source	yes	yes	no	gao su gong lu	6403	highway [n.]	n. 高速公路	tem8	auto-v1: exact complete 2–6 Han-character gloss from one or both of ECDICT/KyleBing; exact current pinyin candidate and packed glossary key; matching POS in the packed key; exam membership and bundled IPA; one mapping per English headword; maximum eight added rows per Chinese key.
elongate	延长	v.	toefl	ECDICT MIT	dual-source	yes	yes	no	yan chang	6095	extend [v.] | prolong [v.]	v. 延长, (使)伸延\na. 伸长的	toefl	auto-v1: exact complete 2–6 Han-character gloss from one or both of ECDICT/KyleBing; exact current pinyin candidate and packed glossary key; matching POS in the packed key; exam membership and bundled IPA; one mapping per English headword; maximum eight added rows per Chinese key.
debase	降低	v.	tem8	ECDICT MIT	dual-source	yes	yes	no	jiang di	5993	lower [v.] | reduce [v.]	vt. 贬低, 降低	tem8	auto-v1: exact complete 2–6 Han-character gloss from one or both of ECDICT/KyleBing; exact current pinyin candidate and packed glossary key; matching POS in the packed key; exam membership and bundled IPA; one mapping per English headword; maximum eight added rows per Chinese key.
humbug	骗子	n.	tem8	ECDICT MIT	dual-source	yes	yes	no	pian zi	5923	liar [n.] | cheat [n.]	vt. 欺骗, 哄骗\nvi. 行骗\nn. 骗子, 欺骗, 欺诈	tem8	auto-v1: exact complete 2–6 Han-character gloss from one or both of ECDICT/KyleBing; exact current pinyin candidate and packed glossary key; matching POS in the packed key; exam membership and bundled IPA; one mapping per English headword; maximum eight added rows per Chinese key.
racketeer	骗子	n.	tem8	ECDICT MIT	dual-source	yes	yes	no	pian zi	5923	liar [n.] | cheat [n.]	n. 敲诈者, 骗子\nv. 诈骗钱财	tem8	auto-v1: exact complete 2–6 Han-character gloss from one or both of ECDICT/KyleBing; exact current pinyin candidate and packed glossary key; matching POS in the packed key; exam membership and bundled IPA; one mapping per English headword; maximum eight added rows per Chinese key.
biter	骗子	n.	toefl	ECDICT MIT	dual-source	yes	yes	no	pian zi	5923	liar [n.] | cheat [n.]	n. 咬人的人(或动物), 骗子	toefl	auto-v1: exact complete 2–6 Han-character gloss from one or both of ECDICT/KyleBing; exact current pinyin candidate and packed glossary key; matching POS in the packed key; exam membership and bundled IPA; one mapping per English headword; maximum eight added rows per Chinese key.
pretense	借口	n.	toefl	ECDICT MIT	dual-source	yes	yes	no	jie kou	5895	excuse [n.]	n. 借口, 虚假, 伪装	toefl	auto-v1: exact complete 2–6 Han-character gloss from one or both of ECDICT/KyleBing; exact current pinyin candidate and packed glossary key; matching POS in the packed key; exam membership and bundled IPA; one mapping per English headword; maximum eight added rows per Chinese key.
enfold	拥抱	v.	tem8	ECDICT MIT	dual-source	yes	yes	no	yong bao	5788	hug [v.] | embrace [v.]	vt. 包进, 拥抱	tem8	auto-v1: exact complete 2–6 Han-character gloss from one or both of ECDICT/KyleBing; exact current pinyin candidate and packed glossary key; matching POS in the packed key; exam membership and bundled IPA; one mapping per English headword; maximum eight added rows per Chinese key.
spate	大雨	n.	tem8	ECDICT MIT	dual-source	yes	yes	no	da yu	5717	heavy rain [n.]	n. 泛滥, 洪水, 大雨, 大量, 一阵	tem8	auto-v1: exact complete 2–6 Han-character gloss from one or both of ECDICT/KyleBing; exact current pinyin candidate and packed glossary key; matching POS in the packed key; exam membership and bundled IPA; one mapping per English headword; maximum eight added rows per Chinese key.
clientele	客户	n.	ielts	ECDICT MIT	dual-source	yes	yes	no	ke hu	5549	client [n.] | customer [n.]	n. 诉讼委托人, 客户\n[法] 委托人, 受保护者, 门徒	ielts	auto-v1: exact complete 2–6 Han-character gloss from one or both of ECDICT/KyleBing; exact current pinyin candidate and packed glossary key; matching POS in the packed key; exam membership and bundled IPA; one mapping per English headword; maximum eight added rows per Chinese key.
wares	货物	n.	tem8	ECDICT MIT	dual-source	yes	yes	no	huo wu	5476	goods [n.] | cargo [n.]	n. 货物, 商品\n[经] 商品, 货物	tem8	auto-v1: exact complete 2–6 Han-character gloss from one or both of ECDICT/KyleBing; exact current pinyin candidate and packed glossary key; matching POS in the packed key; exam membership and bundled IPA; one mapping per English headword; maximum eight added rows per Chinese key.
epithet	称号	n.	toefl	ECDICT MIT	dual-source	yes	yes	no	cheng hao	5351	title [n.]	n. 浑名, 绰号, 称号	toefl	auto-v1: exact complete 2–6 Han-character gloss from one or both of ECDICT/KyleBing; exact current pinyin candidate and packed glossary key; matching POS in the packed key; exam membership and bundled IPA; one mapping per English headword; maximum eight added rows per Chinese key.
physic	治愈	v.	toefl	ECDICT MIT	dual-source	yes	yes	no	zhi yu	5131	heal [v.]	n. 药品, 泻药, 医学\nvt. 给...服药, 治愈, 使通便	toefl	auto-v1: exact complete 2–6 Han-character gloss from one or both of ECDICT/KyleBing; exact current pinyin candidate and packed glossary key; matching POS in the packed key; exam membership and bundled IPA; one mapping per English headword; maximum eight added rows per Chinese key.
dominance	优势	n.	toefl	ECDICT MIT	dual-source	yes	yes	no	you shi	5060	advantage [n.] | strength [n.]	n. 优势, 显性, 统治, 控制, 支配\n[计] 控制, 扰势	toefl	auto-v1: exact complete 2–6 Han-character gloss from one or both of ECDICT/KyleBing; exact current pinyin candidate and packed glossary key; matching POS in the packed key; exam membership and bundled IPA; one mapping per English headword; maximum eight added rows per Chinese key.
preponderance	优势	n.	toefl	ECDICT MIT	dual-source	yes	yes	no	you shi	5060	advantage [n.] | strength [n.]	n. 优势, 多数\n[医] 优势	toefl	auto-v1: exact complete 2–6 Han-character gloss from one or both of ECDICT/KyleBing; exact current pinyin candidate and packed glossary key; matching POS in the packed key; exam membership and bundled IPA; one mapping per English headword; maximum eight added rows per Chinese key.
predominance	优势	n.	toefl	ECDICT MIT	dual-source	yes	yes	no	you shi	5060	advantage [n.] | strength [n.]	n. 主导地位, 优势	toefl	auto-v1: exact complete 2–6 Han-character gloss from one or both of ECDICT/KyleBing; exact current pinyin candidate and packed glossary key; matching POS in the packed key; exam membership and bundled IPA; one mapping per English headword; maximum eight added rows per Chinese key.
ascendant	优势	n.	tem8	ECDICT MIT	dual-source	yes	yes	no	you shi	5060	advantage [n.] | strength [n.]	n. 支配地位, 优势, 运星\na. 上升的, 占优势的	tem8	auto-v1: exact complete 2–6 Han-character gloss from one or both of ECDICT/KyleBing; exact current pinyin candidate and packed glossary key; matching POS in the packed key; exam membership and bundled IPA; one mapping per English headword; maximum eight added rows per Chinese key.
agonize	折磨	v.	toefl	ECDICT MIT	dual-source	yes	yes	no	zhe mo	4910	torment [v.]	vt. 使极度痛苦, 折磨\nvi. 感到痛苦	toefl	auto-v1: exact complete 2–6 Han-character gloss from one or both of ECDICT/KyleBing; exact current pinyin candidate and packed glossary key; matching POS in the packed key; exam membership and bundled IPA; one mapping per English headword; maximum eight added rows per Chinese key.
crap	废话	n.	tem8	ECDICT MIT	dual-source	yes	yes	no	fei hua	4773	nonsense [n.]	n. 废物, 废话\nvi. 掷骰子	tem8	auto-v1: exact complete 2–6 Han-character gloss from one or both of ECDICT/KyleBing; exact current pinyin candidate and packed glossary key; matching POS in the packed key; exam membership and bundled IPA; one mapping per English headword; maximum eight added rows per Chinese key.
madame	太太	n.	tem8	ECDICT MIT	dual-source	yes	yes	no	tai tai	4626	wife [n.] | madam [n.]	n. 夫人, 小姐, 太太, 女士, 主妇, (非正式)喜欢差使/指使别人的女子, 鸨母	tem8	auto-v1: exact complete 2–6 Han-character gloss from one or both of ECDICT/KyleBing; exact current pinyin candidate and packed glossary key; matching POS in the packed key; exam membership and bundled IPA; one mapping per English headword; maximum eight added rows per Chinese key.
seafloor	海底	n.	toefl	ECDICT MIT	dual-source	yes	yes	no	hai di	4539	seabed [n.]	n. 海底	toefl	auto-v1: exact complete 2–6 Han-character gloss from one or both of ECDICT/KyleBing; exact current pinyin candidate and packed glossary key; matching POS in the packed key; exam membership and bundled IPA; one mapping per English headword; maximum eight added rows per Chinese key.
celebratory	快乐的	adj.	toefl	ECDICT MIT	dual-source	yes	yes	no	kuai le de	4462	happy [adj.]	a. 快乐的, 兴高采烈的	toefl	auto-v1: exact complete 2–6 Han-character gloss from one or both of ECDICT/KyleBing; exact current pinyin candidate and packed glossary key; matching POS in the packed key; exam membership and bundled IPA; one mapping per English headword; maximum eight added rows per Chinese key.
renegade	脱离	v.	tem8	ECDICT MIT	dual-source	yes	yes	no	tuo li	4422	break away [v.]	n. 背教者, 变节者, 脱党者\na. 背弃的, 脱离的, 叛徒的\nvi. 背叛, 背弃, 脱离	tem8	auto-v1: exact complete 2–6 Han-character gloss from one or both of ECDICT/KyleBing; exact current pinyin candidate and packed glossary key; matching POS in the packed key; exam membership and bundled IPA; one mapping per English headword; maximum eight added rows per Chinese key.
upholster	装饰	v.	tem8	ECDICT MIT	dual-source	yes	yes	no	zhuang shi	4362	decorate [v.]	vt. 为(沙发等)装上垫, 装饰, 装璜	tem8	auto-v1: exact complete 2–6 Han-character gloss from one or both of ECDICT/KyleBing; exact current pinyin candidate and packed glossary key; matching POS in the packed key; exam membership and bundled IPA; one mapping per English headword; maximum eight added rows per Chinese key.
operative	侦探	n.	tem8	ECDICT MIT	dual-source	yes	yes	no	zhen tan	4300	detective [n.]	a. 动作的, 运转的, 有效的, 关键的, 手术的\nn. 技工, 侦探	tem8	auto-v1: exact complete 2–6 Han-character gloss from one or both of ECDICT/KyleBing; exact current pinyin candidate and packed glossary key; matching POS in the packed key; exam membership and bundled IPA; one mapping per English headword; maximum eight added rows per Chinese key.
loudness	大声	n.	toefl	ECDICT MIT	dual-source	yes	yes	no	da sheng	4293	loud voice [n.]	n. 响度, 高声, 大声, 吵闹\n[电] 响度	toefl	auto-v1: exact complete 2–6 Han-character gloss from one or both of ECDICT/KyleBing; exact current pinyin candidate and packed glossary key; matching POS in the packed key; exam membership and bundled IPA; one mapping per English headword; maximum eight added rows per Chinese key.
flurry	飓风	n.	tem8	ECDICT MIT	dual-source	yes	yes	no	ju feng	4219	hurricane [n.]	n. 疾风, 飓风, 慌张\nvt. 使恐慌, 使激动\nvi. 慌张	tem8	auto-v1: exact complete 2–6 Han-character gloss from one or both of ECDICT/KyleBing; exact current pinyin candidate and packed glossary key; matching POS in the packed key; exam membership and bundled IPA; one mapping per English headword; maximum eight added rows per Chinese key.
jibe	嘲笑	v.	toefl	ECDICT MIT	dual-source	yes	yes	no	chao xiao	4179	mock [v.] | ridicule [v.]	vi. 嘲笑, 一致\nvt. 转帆, 嘲笑\nn. 嘲笑	toefl	auto-v1: exact complete 2–6 Han-character gloss from one or both of ECDICT/KyleBing; exact current pinyin candidate and packed glossary key; matching POS in the packed key; exam membership and bundled IPA; one mapping per English headword; maximum eight added rows per Chinese key.
gibe	嘲笑	v.	toefl	ECDICT MIT	dual-source	yes	yes	no	chao xiao	4179	mock [v.] | ridicule [v.]	v. 嘲笑\nn. 嘲笑	toefl	auto-v1: exact complete 2–6 Han-character gloss from one or both of ECDICT/KyleBing; exact current pinyin candidate and packed glossary key; matching POS in the packed key; exam membership and bundled IPA; one mapping per English headword; maximum eight added rows per Chinese key.
disavow	否认	v.	tem8	ECDICT MIT	dual-source	yes	yes	no	fou ren	4143	deny [v.]	vt. 否认, 否定, 拒绝对...承担责任\n[法] 不承认, 抵赖, 拒绝对...承担责任	tem8	auto-v1: exact complete 2–6 Han-character gloss from one or both of ECDICT/KyleBing; exact current pinyin candidate and packed glossary key; matching POS in the packed key; exam membership and bundled IPA; one mapping per English headword; maximum eight added rows per Chinese key.
congregation	集合	n.	tem8	ECDICT MIT	dual-source	yes	yes	no	ji he	4087	set [n.] | gathering [n.]	n. 集合, 聚集\n[法] 集会, 人一, 红衣主教会议	tem8	auto-v1: exact complete 2–6 Han-character gloss from one or both of ECDICT/KyleBing; exact current pinyin candidate and packed glossary key; matching POS in the packed key; exam membership and bundled IPA; one mapping per English headword; maximum eight added rows per Chinese key.
aggregation	集合	n.	toefl	ECDICT MIT	dual-source	yes	yes	no	ji he	4087	set [n.] | gathering [n.]	n. 集合, 聚合, 集合体\n[化] 聚集; 聚集作用	toefl	auto-v1: exact complete 2–6 Han-character gloss from one or both of ECDICT/KyleBing; exact current pinyin candidate and packed glossary key; matching POS in the packed key; exam membership and bundled IPA; one mapping per English headword; maximum eight added rows per Chinese key.
boggle	犹豫	v.	tem8	ECDICT MIT	dual-source	yes	yes	no	you yu	4045	hesitate [v.]	vi. 犹豫, 踌躇, 吃惊, 搪塞\nvt. 搞坏\nn. 犹豫, 吃惊	tem8	auto-v1: exact complete 2–6 Han-character gloss from one or both of ECDICT/KyleBing; exact current pinyin candidate and packed glossary key; matching POS in the packed key; exam membership and bundled IPA; one mapping per English headword; maximum eight added rows per Chinese key.
dither	发抖	v.	tem8	ECDICT MIT	dual-source	yes	yes	no	fa dou	4030	tremble [v.]	n. 发抖, 兴奋\nvi. 发抖	tem8	auto-v1: exact complete 2–6 Han-character gloss from one or both of ECDICT/KyleBing; exact current pinyin candidate and packed glossary key; matching POS in the packed key; exam membership and bundled IPA; one mapping per English headword; maximum eight added rows per Chinese key.
ploy	手段	n.	toefl	ECDICT MIT	dual-source	yes	yes	no	shou duan	4013	means [n.] | method [n.]	n. 手段, 活动, 玩乐	toefl	auto-v1: exact complete 2–6 Han-character gloss from one or both of ECDICT/KyleBing; exact current pinyin candidate and packed glossary key; matching POS in the packed key; exam membership and bundled IPA; one mapping per English headword; maximum eight added rows per Chinese key.
ordain	注定	v.	tem8	ECDICT MIT	dual-source	yes	yes	no	zhu ding	3996	destine [v.]	vt. 注定, 规定, 任命\nvi. 颁布命令	tem8	auto-v1: exact complete 2–6 Han-character gloss from one or both of ECDICT/KyleBing; exact current pinyin candidate and packed glossary key; matching POS in the packed key; exam membership and bundled IPA; one mapping per English headword; maximum eight added rows per Chinese key.
archetype	原型	n.	tem8	ECDICT MIT	dual-source	yes	yes	no	yuan xing	3941	prototype [n.]	n. 原型	tem8	auto-v1: exact complete 2–6 Han-character gloss from one or both of ECDICT/KyleBing; exact current pinyin candidate and packed glossary key; matching POS in the packed key; exam membership and bundled IPA; one mapping per English headword; maximum eight added rows per Chinese key.
reprimand	谴责	v.	tem8	ECDICT MIT	dual-source	yes	yes	no	qian ze	3881	condemn [v.] | denounce [v.]	n. 谴责, 惩戒, 非难\nvt. 谴责, 惩戒, 严责	tem8	auto-v1: exact complete 2–6 Han-character gloss from one or both of ECDICT/KyleBing; exact current pinyin candidate and packed glossary key; matching POS in the packed key; exam membership and bundled IPA; one mapping per English headword; maximum eight added rows per Chinese key.
primacy	首位	n.	toefl	ECDICT MIT	dual-source	yes	yes	no	shou wei	3880	first place [n.]	n. 第一, 首位, 卓越	toefl	auto-v1: exact complete 2–6 Han-character gloss from one or both of ECDICT/KyleBing; exact current pinyin candidate and packed glossary key; matching POS in the packed key; exam membership and bundled IPA; one mapping per English headword; maximum eight added rows per Chinese key.
hobgoblin	妖怪	n.	tem8	ECDICT MIT	dual-source	yes	yes	no	yao guai	3851	monster [n.] | demon [n.]	n. 妖怪, 幽灵	tem8	auto-v1: exact complete 2–6 Han-character gloss from one or both of ECDICT/KyleBing; exact current pinyin candidate and packed glossary key; matching POS in the packed key; exam membership and bundled IPA; one mapping per English headword; maximum eight added rows per Chinese key.
shortchange	欺骗	v.	tem8	ECDICT MIT	dual-source	yes	yes	no	qi pian	3651	deceive [v.] | cheat [v.]	vt. 少找零钱, 欺骗	tem8	auto-v1: exact complete 2–6 Han-character gloss from one or both of ECDICT/KyleBing; exact current pinyin candidate and packed glossary key; matching POS in the packed key; exam membership and bundled IPA; one mapping per English headword; maximum eight added rows per Chinese key.
proclivity	倾向	n.	toefl	ECDICT MIT	dual-source	yes	yes	no	qing xiang	3646	tendency [n.]	n. 倾向, 癖性	toefl	auto-v1: exact complete 2–6 Han-character gloss from one or both of ECDICT/KyleBing; exact current pinyin candidate and packed glossary key; matching POS in the packed key; exam membership and bundled IPA; one mapping per English headword; maximum eight added rows per Chinese key.
provenance	起源	n.	ielts	ECDICT MIT	dual-source	yes	yes	no	qi yuan	3607	origin [n.]	n. 起源, 出处	ielts	auto-v1: exact complete 2–6 Han-character gloss from one or both of ECDICT/KyleBing; exact current pinyin candidate and packed glossary key; matching POS in the packed key; exam membership and bundled IPA; one mapping per English headword; maximum eight added rows per Chinese key.
deliverance	判决	n.	tem8	ECDICT MIT	dual-source	yes	yes	no	pan jue	3571	judgment [n.] | verdict [n.]	n. 解脱, 解救, 释放, 判决\n[法] 交保, 判决, 正式意见	tem8	auto-v1: exact complete 2–6 Han-character gloss from one or both of ECDICT/KyleBing; exact current pinyin candidate and packed glossary key; matching POS in the packed key; exam membership and bundled IPA; one mapping per English headword; maximum eight added rows per Chinese key.
humanness	人性	n.	toefl	ECDICT MIT	dual-source	yes	yes	no	ren xing	3523	human nature [n.]	n. 为人, 人性	toefl	auto-v1: exact complete 2–6 Han-character gloss from one or both of ECDICT/KyleBing; exact current pinyin candidate and packed glossary key; matching POS in the packed key; exam membership and bundled IPA; one mapping per English headword; maximum eight added rows per Chinese key.
landholder	地主	n.	toefl	ECDICT MIT	dual-source	yes	yes	no	di zhu	3375	landlord [n.]	n. 地主, 借地人	toefl	auto-v1: exact complete 2–6 Han-character gloss from one or both of ECDICT/KyleBing; exact current pinyin candidate and packed glossary key; matching POS in the packed key; exam membership and bundled IPA; one mapping per English headword; maximum eight added rows per Chinese key.
onetime	从前	adv.	toefl	ECDICT MIT	dual-source	yes	yes	no	cong qian	3370	formerly [adv.] | once [adv.]	a. 从前的, 一度的\nadv. 从前, 一度	toefl	auto-v1: exact complete 2–6 Han-character gloss from one or both of ECDICT/KyleBing; exact current pinyin candidate and packed glossary key; matching POS in the packed key; exam membership and bundled IPA; one mapping per English headword; maximum eight added rows per Chinese key.
frontage	前方	n.	tem8	ECDICT MIT	dual-source	yes	yes	no	qian fang	3334	front [n.]	n. 房子的正面, 前方, 临街地	tem8	auto-v1: exact complete 2–6 Han-character gloss from one or both of ECDICT/KyleBing; exact current pinyin candidate and packed glossary key; matching POS in the packed key; exam membership and bundled IPA; one mapping per English headword; maximum eight added rows per Chinese key.
failing	缺点	n.	tem8	ECDICT MIT	dual-source	yes	yes	no	que dian	3146	shortcoming [n.] | defect [n.]	n. 失败, 缺点\nprep. 如果没有...\na. 失败的	tem8	auto-v1: exact complete 2–6 Han-character gloss from one or both of ECDICT/KyleBing; exact current pinyin candidate and packed glossary key; matching POS in the packed key; exam membership and bundled IPA; one mapping per English headword; maximum eight added rows per Chinese key.
bombshell	炸弹	n.	tem8	ECDICT MIT	dual-source	yes	yes	no	zha dan	3144	bomb [n.]	n. 炸弹, 突发而惊人的事物	tem8	auto-v1: exact complete 2–6 Han-character gloss from one or both of ECDICT/KyleBing; exact current pinyin candidate and packed glossary key; matching POS in the packed key; exam membership and bundled IPA; one mapping per English headword; maximum eight added rows per Chinese key.
grandchild	孙子	n.	tem8	ECDICT MIT	dual-source	yes	yes	no	sun zi	3048	grandson [n.]	n. 孙, 外孙女, 外孙, 孙女, 孙子	tem8	auto-v1: exact complete 2–6 Han-character gloss from one or both of ECDICT/KyleBing; exact current pinyin candidate and packed glossary key; matching POS in the packed key; exam membership and bundled IPA; one mapping per English headword; maximum eight added rows per Chinese key.
fizz	活力	n.	tem8	ECDICT MIT	dual-source	yes	yes	no	huo li	3004	vitality [n.] | energy [n.]	vi. 嘶嘶响, 显示兴奋\nn. 嘶嘶声, 兴奋, 活力	tem8	auto-v1: exact complete 2–6 Han-character gloss from one or both of ECDICT/KyleBing; exact current pinyin candidate and packed glossary key; matching POS in the packed key; exam membership and bundled IPA; one mapping per English headword; maximum eight added rows per Chinese key.
exponential	指数	n.	toefl	ECDICT MIT	dual-source	yes	yes	no	zhi shu	2988	index [n.]	a. 指数的\nn. 指数\n[计] 指数	toefl	auto-v1: exact complete 2–6 Han-character gloss from one or both of ECDICT/KyleBing; exact current pinyin candidate and packed glossary key; matching POS in the packed key; exam membership and bundled IPA; one mapping per English headword; maximum eight added rows per Chinese key.
driveway	车道	n.	toefl	ECDICT MIT	dual-source	yes	yes	no	che dao	2906	lane [n.]	n. 车道	toefl	auto-v1: exact complete 2–6 Han-character gloss from one or both of ECDICT/KyleBing; exact current pinyin candidate and packed glossary key; matching POS in the packed key; exam membership and bundled IPA; one mapping per English headword; maximum eight added rows per Chinese key.
evict	驱逐	v.	ielts	ECDICT MIT	dual-source	yes	yes	no	qu zhu	2901	expel [v.] | drive out [v.]	vt. 逐出, 赶出, 驱逐\n[法] 逐出, 驱逐, 没收	ielts	auto-v1: exact complete 2–6 Han-character gloss from one or both of ECDICT/KyleBing; exact current pinyin candidate and packed glossary key; matching POS in the packed key; exam membership and bundled IPA; one mapping per English headword; maximum eight added rows per Chinese key.
indoctrinate	教导	v.	tem8	ECDICT MIT	dual-source	yes	yes	no	jiao dao	2824	teach [v.]	vt. 教训, 教导, 灌输	tem8	auto-v1: exact complete 2–6 Han-character gloss from one or both of ECDICT/KyleBing; exact current pinyin candidate and packed glossary key; matching POS in the packed key; exam membership and bundled IPA; one mapping per English headword; maximum eight added rows per Chinese key.
malignancy	恶意	n.	tem8	ECDICT MIT	dual-source	yes	yes	no	e yi	2799	malice [n.] | ill will [n.]	n. 恶意, 邪恶, 恶性肿瘤\n[医] 恶性	tem8	auto-v1: exact complete 2–6 Han-character gloss from one or both of ECDICT/KyleBing; exact current pinyin candidate and packed glossary key; matching POS in the packed key; exam membership and bundled IPA; one mapping per English headword; maximum eight added rows per Chinese key.
viciousness	恶意	n.	tem8	ECDICT MIT	dual-source	yes	yes	no	e yi	2799	malice [n.] | ill will [n.]	n. 恶意；邪恶	tem8	auto-v1: exact complete 2–6 Han-character gloss from one or both of ECDICT/KyleBing; exact current pinyin candidate and packed glossary key; matching POS in the packed key; exam membership and bundled IPA; one mapping per English headword; maximum eight added rows per Chinese key.
homosexuality	同性恋	n.	toefl	ECDICT MIT	dual-source	yes	yes	no	tong xing lian	2676	homosexual [n.]	n. 同性恋\n[医] 同性性欲, 同性恋爱	toefl	auto-v1: exact complete 2–6 Han-character gloss from one or both of ECDICT/KyleBing; exact current pinyin candidate and packed glossary key; matching POS in the packed key; exam membership and bundled IPA; one mapping per English headword; maximum eight added rows per Chinese key.
afflicting	痛苦的	adj.	ielts	ECDICT MIT	dual-source	yes	yes	no	tong ku de	2642	painful [adj.]	a. 痛苦的\nv. 使苦恼（afflict的ing形式）	ielts	auto-v1: exact complete 2–6 Han-character gloss from one or both of ECDICT/KyleBing; exact current pinyin candidate and packed glossary key; matching POS in the packed key; exam membership and bundled IPA; one mapping per English headword; maximum eight added rows per Chinese key.
foreshore	海滩	n.	tem8	ECDICT MIT	dual-source	yes	yes	no	hai tan	2583	beach [n.]	n. 前滩, 海滩	tem8	auto-v1: exact complete 2–6 Han-character gloss from one or both of ECDICT/KyleBing; exact current pinyin candidate and packed glossary key; matching POS in the packed key; exam membership and bundled IPA; one mapping per English headword; maximum eight added rows per Chinese key.
quintessence	精华	n.	tem8	ECDICT MIT	dual-source	yes	yes	no	jing hua	2574	essence [n.]	n. 精萃, 精华, 典范\n[医] 浓浸膏, 精华	tem8	auto-v1: exact complete 2–6 Han-character gloss from one or both of ECDICT/KyleBing; exact current pinyin candidate and packed glossary key; matching POS in the packed key; exam membership and bundled IPA; one mapping per English headword; maximum eight added rows per Chinese key.
stoppage	故障	n.	tem8	ECDICT MIT	dual-source	yes	yes	no	gu zhang	2545	breakdown [n.]	n. 停止, 中止, 阻塞, 阻碍, 堵塞, 故障, 停付, 扣除, 扣留, 停工, 罢工\n[化] 停机	tem8	auto-v1: exact complete 2–6 Han-character gloss from one or both of ECDICT/KyleBing; exact current pinyin candidate and packed glossary key; matching POS in the packed key; exam membership and bundled IPA; one mapping per English headword; maximum eight added rows per Chinese key.
rampart	防卫	v.	tem8	ECDICT MIT	dual-source	yes	yes	no	fang wei	2543	defend [v.]	n. 垒, 壁垒, 防御土墙\nvt. 用壁垒围绕, 防卫, 守卫	tem8	auto-v1: exact complete 2–6 Han-character gloss from one or both of ECDICT/KyleBing; exact current pinyin candidate and packed glossary key; matching POS in the packed key; exam membership and bundled IPA; one mapping per English headword; maximum eight added rows per Chinese key.
seafarer	船员	n.	toefl	ECDICT MIT	dual-source	yes	yes	no	chuan yuan	2429	crew [n.]	n. 船员, 航海家\n[法] 海员, 水手, 海上旅行者	toefl	auto-v1: exact complete 2–6 Han-character gloss from one or both of ECDICT/KyleBing; exact current pinyin candidate and packed glossary key; matching POS in the packed key; exam membership and bundled IPA; one mapping per English headword; maximum eight added rows per Chinese key.
chaplain	牧师	n.	tem8	ECDICT MIT	dual-source	yes	yes	no	mu shi	2414	pastor [n.] | priest [n.]	n. 牧师	tem8	auto-v1: exact complete 2–6 Han-character gloss from one or both of ECDICT/KyleBing; exact current pinyin candidate and packed glossary key; matching POS in the packed key; exam membership and bundled IPA; one mapping per English headword; maximum eight added rows per Chinese key.
nomenclature	术语	n.	tem8	ECDICT MIT	dual-source	yes	yes	no	shu yu	2408	term [n.]	n. 命名法, 专门语, 术语\n[化] 命名法; 命名原则	tem8	auto-v1: exact complete 2–6 Han-character gloss from one or both of ECDICT/KyleBing; exact current pinyin candidate and packed glossary key; matching POS in the packed key; exam membership and bundled IPA; one mapping per English headword; maximum eight added rows per Chinese key.
tuba	大号	n.	tem8	ECDICT MIT	dual-source	yes	yes	no	da hao	2321	large size [n.]	n. 大号\n[医] 管	tem8	auto-v1: exact complete 2–6 Han-character gloss from one or both of ECDICT/KyleBing; exact current pinyin candidate and packed glossary key; matching POS in the packed key; exam membership and bundled IPA; one mapping per English headword; maximum eight added rows per Chinese key.
lexis	词汇	n.	tem8	ECDICT MIT	dual-source	yes	yes	no	ci hui	2282	vocabulary [n.]	n. 词, 词汇	tem8	auto-v1: exact complete 2–6 Han-character gloss from one or both of ECDICT/KyleBing; exact current pinyin candidate and packed glossary key; matching POS in the packed key; exam membership and bundled IPA; one mapping per English headword; maximum eight added rows per Chinese key.
posit	安置	v.	toefl	ECDICT MIT	dual-source	yes	yes	no	an zhi	2237	place [v.] | settle [v.]	vt. 假设, 安置, 布置	toefl	auto-v1: exact complete 2–6 Han-character gloss from one or both of ECDICT/KyleBing; exact current pinyin candidate and packed glossary key; matching POS in the packed key; exam membership and bundled IPA; one mapping per English headword; maximum eight added rows per Chinese key.
masquerade	伪装	v.	tem8	ECDICT MIT	dual-source	yes	yes	no	wei zhuang	2220	disguise [v.]	n. 化装舞会, 伪装\nvi. 参加化装舞会, 伪装, 假装	tem8	auto-v1: exact complete 2–6 Han-character gloss from one or both of ECDICT/KyleBing; exact current pinyin candidate and packed glossary key; matching POS in the packed key; exam membership and bundled IPA; one mapping per English headword; maximum eight added rows per Chinese key.
glen	峡谷	n.	toefl	ECDICT MIT	dual-source	yes	yes	no	xia gu	2212	canyon [n.] | gorge [n.]	n. 峡谷, 幽谷	toefl	auto-v1: exact complete 2–6 Han-character gloss from one or both of ECDICT/KyleBing; exact current pinyin candidate and packed glossary key; matching POS in the packed key; exam membership and bundled IPA; one mapping per English headword; maximum eight added rows per Chinese key.
jean	牛仔裤	n.	toefl	ECDICT MIT	dual-source	yes	yes	no	niu zai ku	2159	jeans [n.]	n. 牛仔裤, 牛仔布, 斜纹棉布	toefl	auto-v1: exact complete 2–6 Han-character gloss from one or both of ECDICT/KyleBing; exact current pinyin candidate and packed glossary key; matching POS in the packed key; exam membership and bundled IPA; one mapping per English headword; maximum eight added rows per Chinese key.
enactment	法规	n.	toefl	ECDICT MIT	dual-source	yes	yes	no	fa gui	2124	regulation [n.]	n. 制定, 条例, 法规, 法令, 颁布, 规定\n[法] 制定, 规定, 颁布	toefl	auto-v1: exact complete 2–6 Han-character gloss from one or both of ECDICT/KyleBing; exact current pinyin candidate and packed glossary key; matching POS in the packed key; exam membership and bundled IPA; one mapping per English headword; maximum eight added rows per Chinese key.
alp	高山	n.	toefl	ECDICT MIT	dual-source	yes	yes	no	gao shan	2094	high mountain [n.]	n. 高山\n[计] 交替程序, 运算逻辑处理器, 汇编语言程序	toefl	auto-v1: exact complete 2–6 Han-character gloss from one or both of ECDICT/KyleBing; exact current pinyin candidate and packed glossary key; matching POS in the packed key; exam membership and bundled IPA; one mapping per English headword; maximum eight added rows per Chinese key.
forebear	祖先	n.	toefl	ECDICT MIT	dual-source	yes	yes	no	zu xian	2079	ancestor [n.]	n. 祖先, 祖宗	toefl	auto-v1: exact complete 2–6 Han-character gloss from one or both of ECDICT/KyleBing; exact current pinyin candidate and packed glossary key; matching POS in the packed key; exam membership and bundled IPA; one mapping per English headword; maximum eight added rows per Chinese key.
paucity	少量	n.	toefl	ECDICT MIT	dual-source	yes	yes	no	shao liang	2073	small amount [n.]	n. 少数, 少量, 缺乏	toefl	auto-v1: exact complete 2–6 Han-character gloss from one or both of ECDICT/KyleBing; exact current pinyin candidate and packed glossary key; matching POS in the packed key; exam membership and bundled IPA; one mapping per English headword; maximum eight added rows per Chinese key.
modicum	少量	n.	toefl	ECDICT MIT	dual-source	yes	yes	no	shao liang	2073	small amount [n.]	n. 少量	toefl	auto-v1: exact complete 2–6 Han-character gloss from one or both of ECDICT/KyleBing; exact current pinyin candidate and packed glossary key; matching POS in the packed key; exam membership and bundled IPA; one mapping per English headword; maximum eight added rows per Chinese key.
depiction	描写	n.	toefl	ECDICT MIT	dual-source	yes	yes	no	miao xie	2047	description [n.]	n. 描写, 叙述	toefl	auto-v1: exact complete 2–6 Han-character gloss from one or both of ECDICT/KyleBing; exact current pinyin candidate and packed glossary key; matching POS in the packed key; exam membership and bundled IPA; one mapping per English headword; maximum eight added rows per Chinese key.
expunge	删掉	v.	tem8	ECDICT MIT	dual-source	yes	yes	no	shan diao	2037	delete [v.]	vt. 擦掉, 删掉, 除去	tem8	auto-v1: exact complete 2–6 Han-character gloss from one or both of ECDICT/KyleBing; exact current pinyin candidate and packed glossary key; matching POS in the packed key; exam membership and bundled IPA; one mapping per English headword; maximum eight added rows per Chinese key.
cajole	勾引	v.	tem8	ECDICT MIT	dual-source	yes	yes	no	gou yin	2017	seduce [v.] | lure [v.]	vt. 以甜言蜜语哄骗, 勾引	tem8	auto-v1: exact complete 2–6 Han-character gloss from one or both of ECDICT/KyleBing; exact current pinyin candidate and packed glossary key; matching POS in the packed key; exam membership and bundled IPA; one mapping per English headword; maximum eight added rows per Chinese key.
rearguard	后卫	n.	tem8	ECDICT MIT	dual-source	yes	yes	no	hou wei	2005	defender [n.]	n. 后卫	tem8	auto-v1: exact complete 2–6 Han-character gloss from one or both of ECDICT/KyleBing; exact current pinyin candidate and packed glossary key; matching POS in the packed key; exam membership and bundled IPA; one mapping per English headword; maximum eight added rows per Chinese key.
payout	支出	n.	tem8	ECDICT MIT	dual-source	yes	yes	no	zhi chu	1975	expenditure [n.]	n. 支出, 付出款项\n[经] 付出款项, 花费, 支出	tem8	auto-v1: exact complete 2–6 Han-character gloss from one or both of ECDICT/KyleBing; exact current pinyin candidate and packed glossary key; matching POS in the packed key; exam membership and bundled IPA; one mapping per English headword; maximum eight added rows per Chinese key.
confectionery	甜食	n.	tem8	ECDICT MIT	dual-source	yes	yes	no	tian shi	1961	sweets [n.]	n. 甜食, 糕饼制造业, 糖果店\n[建] 糖食店	tem8	auto-v1: exact complete 2–6 Han-character gloss from one or both of ECDICT/KyleBing; exact current pinyin candidate and packed glossary key; matching POS in the packed key; exam membership and bundled IPA; one mapping per English headword; maximum eight added rows per Chinese key.
hearten	激励	v.	tem8	ECDICT MIT	dual-source	yes	yes	no	ji li	1884	encourage [v.]	vt. 使振作, 激励\nvi. 振作	tem8	auto-v1: exact complete 2–6 Han-character gloss from one or both of ECDICT/KyleBing; exact current pinyin candidate and packed glossary key; matching POS in the packed key; exam membership and bundled IPA; one mapping per English headword; maximum eight added rows per Chinese key.
achingly	极其	adv.	toefl	ECDICT MIT	dual-source	yes	yes	no	ji qi	1828	extremely [adv.]	adv. 极其；痛惜地；非常痛地	toefl	auto-v1: exact complete 2–6 Han-character gloss from one or both of ECDICT/KyleBing; exact current pinyin candidate and packed glossary key; matching POS in the packed key; exam membership and bundled IPA; one mapping per English headword; maximum eight added rows per Chinese key.
stronghold	要塞	n.	toefl	ECDICT MIT	dual-source	yes	yes	no	yao sai	1819	fortress [n.]	n. 要塞, 堡垒, 大本营	toefl	auto-v1: exact complete 2–6 Han-character gloss from one or both of ECDICT/KyleBing; exact current pinyin candidate and packed glossary key; matching POS in the packed key; exam membership and bundled IPA; one mapping per English headword; maximum eight added rows per Chinese key.
landsman	同胞	n.	toefl	ECDICT MIT	dual-source	yes	yes	no	tong bao	1733	compatriot [n.]	n. 同胞, 未出过海的人	toefl	auto-v1: exact complete 2–6 Han-character gloss from one or both of ECDICT/KyleBing; exact current pinyin candidate and packed glossary key; matching POS in the packed key; exam membership and bundled IPA; one mapping per English headword; maximum eight added rows per Chinese key.
thug	刺客	n.	tem8	ECDICT MIT	dual-source	yes	yes	no	ci ke	1721	assassin [n.]	n. 恶棍, 刺客, 凶手\n[法] 凶手, 刺客, 暴徒	tem8	auto-v1: exact complete 2–6 Han-character gloss from one or both of ECDICT/KyleBing; exact current pinyin candidate and packed glossary key; matching POS in the packed key; exam membership and bundled IPA; one mapping per English headword; maximum eight added rows per Chinese key.
deteriorates	恶化	v.	toefl	ECDICT MIT	dual-source	yes	yes	no	e hua	1708	deteriorate [v.] | worsen [v.]	v. 恶化, 变坏( deteriorate的第三人称单数 )	toefl	auto-v1: exact complete 2–6 Han-character gloss from one or both of ECDICT/KyleBing; exact current pinyin candidate and packed glossary key; matching POS in the packed key; exam membership and bundled IPA; one mapping per English headword; maximum eight added rows per Chinese key.
pseudonym	笔名	n.	ielts	ECDICT MIT	dual-source	yes	yes	no	bi ming	1678	pen name [n.]	n. 假名, 笔名\n[法] 笔名, 假名	ielts	auto-v1: exact complete 2–6 Han-character gloss from one or both of ECDICT/KyleBing; exact current pinyin candidate and packed glossary key; matching POS in the packed key; exam membership and bundled IPA; one mapping per English headword; maximum eight added rows per Chinese key.
siesta	午睡	n.	ielts	ECDICT MIT	dual-source	yes	yes	no	wu shui	1673	nap [n.]	n. 午睡, 午休	ielts	auto-v1: exact complete 2–6 Han-character gloss from one or both of ECDICT/KyleBing; exact current pinyin candidate and packed glossary key; matching POS in the packed key; exam membership and bundled IPA; one mapping per English headword; maximum eight added rows per Chinese key.
untruth	谎言	n.	tem8	ECDICT MIT	dual-source	yes	yes	no	huang yan	1649	lie [n.]	n. 不真实, 虚假, 谎言	tem8	auto-v1: exact complete 2–6 Han-character gloss from one or both of ECDICT/KyleBing; exact current pinyin candidate and packed glossary key; matching POS in the packed key; exam membership and bundled IPA; one mapping per English headword; maximum eight added rows per Chinese key.
confection	糖果	n.	tem8	ECDICT MIT	dual-source	yes	yes	no	tang guo	1621	candy [n.]	n. 糖果, 蜜饯\n[医] 糖膏(剂)	tem8	auto-v1: exact complete 2–6 Han-character gloss from one or both of ECDICT/KyleBing; exact current pinyin candidate and packed glossary key; matching POS in the packed key; exam membership and bundled IPA; one mapping per English headword; maximum eight added rows per Chinese key.
goody	糖果	n.	tem8	ECDICT MIT	dual-source	yes	yes	no	tang guo	1621	candy [n.]	n. 身分低微之老妇, 糖果, 姥姥\na. 感伤的, 伪善的\ninterj. 太好了	tem8	auto-v1: exact complete 2–6 Han-character gloss from one or both of ECDICT/KyleBing; exact current pinyin candidate and packed glossary key; matching POS in the packed key; exam membership and bundled IPA; one mapping per English headword; maximum eight added rows per Chinese key.
sculpt	雕刻	v.	toefl	ECDICT MIT	dual-source	yes	yes	no	diao ke	1614	carve [v.] | engrave [v.]	v. 雕刻, 造型	toefl	auto-v1: exact complete 2–6 Han-character gloss from one or both of ECDICT/KyleBing; exact current pinyin candidate and packed glossary key; matching POS in the packed key; exam membership and bundled IPA; one mapping per English headword; maximum eight added rows per Chinese key.
victimise	迫害	v.	ielts	ECDICT MIT	dual-source	yes	yes	no	po hai	1603	persecute [v.]	vt. 使牺牲, 迫害, 使受害, 欺骗, 欺压	ielts	auto-v1: exact complete 2–6 Han-character gloss from one or both of ECDICT/KyleBing; exact current pinyin candidate and packed glossary key; matching POS in the packed key; exam membership and bundled IPA; one mapping per English headword; maximum eight added rows per Chinese key.
honeybee	蜜蜂	n.	toefl	ECDICT MIT	dual-source	yes	yes	no	mi feng	1591	bee [n.]	n. 蜜蜂	toefl	auto-v1: exact complete 2–6 Han-character gloss from one or both of ECDICT/KyleBing; exact current pinyin candidate and packed glossary key; matching POS in the packed key; exam membership and bundled IPA; one mapping per English headword; maximum eight added rows per Chinese key.
logo	商标	n.	tem8	ECDICT MIT	dual-source	yes	yes	no	shang biao	1590	trademark [n.]	n. 连合活字, 商标, 徽标\n[计] 徽标	tem8	auto-v1: exact complete 2–6 Han-character gloss from one or both of ECDICT/KyleBing; exact current pinyin candidate and packed glossary key; matching POS in the packed key; exam membership and bundled IPA; one mapping per English headword; maximum eight added rows per Chinese key.
checklist	清单	n.	tem8	ECDICT MIT	dual-source	yes	yes	no	qing dan	1556	list [n.]	n. 清单, (美)选举人名单, 名册, 目录册	tem8	auto-v1: exact complete 2–6 Han-character gloss from one or both of ECDICT/KyleBing; exact current pinyin candidate and packed glossary key; matching POS in the packed key; exam membership and bundled IPA; one mapping per English headword; maximum eight added rows per Chinese key.
impound	拘留	v.	tem8	ECDICT MIT	dual-source	yes	yes	no	ju liu	1507	detain [v.]	vt. 关在栏中, 拘留, 充公\n[经] 扣押	tem8	auto-v1: exact complete 2–6 Han-character gloss from one or both of ECDICT/KyleBing; exact current pinyin candidate and packed glossary key; matching POS in the packed key; exam membership and bundled IPA; one mapping per English headword; maximum eight added rows per Chinese key.
vocalize	发声	v.	toefl	ECDICT MIT	dual-source	yes	yes	no	fa sheng	1498	speak out [v.]	vt. 使发声, 使发成元音\nvi. 发声, 练声, 元音化	toefl	auto-v1: exact complete 2–6 Han-character gloss from one or both of ECDICT/KyleBing; exact current pinyin candidate and packed glossary key; matching POS in the packed key; exam membership and bundled IPA; one mapping per English headword; maximum eight added rows per Chinese key.
militiaman	民兵	n.	tem8	ECDICT MIT	dual-source	yes	yes	no	min bing	1485	militia [n.]	n. 国民兵, 民兵	tem8	auto-v1: exact complete 2–6 Han-character gloss from one or both of ECDICT/KyleBing; exact current pinyin candidate and packed glossary key; matching POS in the packed key; exam membership and bundled IPA; one mapping per English headword; maximum eight added rows per Chinese key.
hunch	预感	n.	tem8	ECDICT MIT	dual-source	yes	yes	no	yu gan	1433	premonition [n.]	n. 肉峰, 预感, 大块\nvt. 弯腰驼背, 预感到, 耸肩\nvi. 向前移动, 隆起	tem8	auto-v1: exact complete 2–6 Han-character gloss from one or both of ECDICT/KyleBing; exact current pinyin candidate and packed glossary key; matching POS in the packed key; exam membership and bundled IPA; one mapping per English headword; maximum eight added rows per Chinese key.
leach	过滤	v.	toefl	ECDICT MIT	dual-source	yes	yes	no	guo lv	1432	filter [v.]	vt. 过滤, 萃取\nvi. 滤掉\nn. 过滤, 过滤器, 沥出物	toefl	auto-v1: exact complete 2–6 Han-character gloss from one or both of ECDICT/KyleBing; exact current pinyin candidate and packed glossary key; matching POS in the packed key; exam membership and bundled IPA; one mapping per English headword; maximum eight added rows per Chinese key.
motley	小丑	n.	tem8	ECDICT MIT	dual-source	yes	yes	no	xiao chou	1416	clown [n.]	a. 杂色的, 穿杂色衣的, 杂乱的, 混杂的\nn. 杂色, 杂色衣服, 混杂, 小丑	tem8	auto-v1: exact complete 2–6 Han-character gloss from one or both of ECDICT/KyleBing; exact current pinyin candidate and packed glossary key; matching POS in the packed key; exam membership and bundled IPA; one mapping per English headword; maximum eight added rows per Chinese key.
alimony	生活费	n.	tem8	ECDICT MIT	dual-source	yes	yes	no	sheng huo fei	1397	living expenses [n.]	n. 瞻养费, 生活费\n[经] 赡养费, 维持费	tem8	auto-v1: exact complete 2–6 Han-character gloss from one or both of ECDICT/KyleBing; exact current pinyin candidate and packed glossary key; matching POS in the packed key; exam membership and bundled IPA; one mapping per English headword; maximum eight added rows per Chinese key.
juxtapose	并列	v.	tem8	ECDICT MIT	dual-source	yes	yes	no	bing lie	1368	tie [v.] | parallel [v.]	vt. 并置, 并列\n[法] 使连接, 毗连, 并列	tem8	auto-v1: exact complete 2–6 Han-character gloss from one or both of ECDICT/KyleBing; exact current pinyin candidate and packed glossary key; matching POS in the packed key; exam membership and bundled IPA; one mapping per English headword; maximum eight added rows per Chinese key.
cannonball	炮弹	n.	toefl	ECDICT MIT	dual-source	yes	yes	no	pao dan	1348	shell [n.]	n. 炮弹	toefl	auto-v1: exact complete 2–6 Han-character gloss from one or both of ECDICT/KyleBing; exact current pinyin candidate and packed glossary key; matching POS in the packed key; exam membership and bundled IPA; one mapping per English headword; maximum eight added rows per Chinese key.
foment	煽动	v.	toefl	ECDICT MIT	dual-source	yes	yes	no	shan dong	1341	incite [v.]	vt. 热敷, 煽动	toefl	auto-v1: exact complete 2–6 Han-character gloss from one or both of ECDICT/KyleBing; exact current pinyin candidate and packed glossary key; matching POS in the packed key; exam membership and bundled IPA; one mapping per English headword; maximum eight added rows per Chinese key.
outreach	伸出	v.	tem8	ECDICT MIT	dual-source	yes	yes	no	shen chu	1323	extend [v.]	vt. 超出...的范围, 作超出能力所及的事而害及自己, 占...的上风, 胜过\nvi. 走得太远, 伸出, 展开	tem8	auto-v1: exact complete 2–6 Han-character gloss from one or both of ECDICT/KyleBing; exact current pinyin candidate and packed glossary key; matching POS in the packed key; exam membership and bundled IPA; one mapping per English headword; maximum eight added rows per Chinese key.
outstretch	伸出	v.	tem4	ECDICT MIT	dual-source	yes	yes	no	shen chu	1323	extend [v.]	vt. 伸出, 伸展	tem4	auto-v1: exact complete 2–6 Han-character gloss from one or both of ECDICT/KyleBing; exact current pinyin candidate and packed glossary key; matching POS in the packed key; exam membership and bundled IPA; one mapping per English headword; maximum eight added rows per Chinese key.
communique	公报	n.	tem8	ECDICT MIT	dual-source	yes	yes	no	gong bao	1305	bulletin [n.]	n. 公报	tem8	auto-v1: exact complete 2–6 Han-character gloss from one or both of ECDICT/KyleBing; exact current pinyin candidate and packed glossary key; matching POS in the packed key; exam membership and bundled IPA; one mapping per English headword; maximum eight added rows per Chinese key.
airliner	班机	n.	tem8	ECDICT MIT	dual-source	yes	yes	no	ban ji	1277	flight [n.]	n. 班机, 大型客机	tem8	auto-v1: exact complete 2–6 Han-character gloss from one or both of ECDICT/KyleBing; exact current pinyin candidate and packed glossary key; matching POS in the packed key; exam membership and bundled IPA; one mapping per English headword; maximum eight added rows per Chinese key.
haulage	运费	n.	tem8	ECDICT MIT	dual-source	yes	yes	no	yun fei	1264	shipping cost [n.]	n. 拖曳, 运费, 牵引量\n[经] 公路运输, 拖运费	tem8	auto-v1: exact complete 2–6 Han-character gloss from one or both of ECDICT/KyleBing; exact current pinyin candidate and packed glossary key; matching POS in the packed key; exam membership and bundled IPA; one mapping per English headword; maximum eight added rows per Chinese key.
untwist	解开	v.	toefl	ECDICT MIT	dual-source	yes	yes	no	jie kai	1263	untie [v.]	vt. 反捻, 解开\nvi. 解开	toefl	auto-v1: exact complete 2–6 Han-character gloss from one or both of ECDICT/KyleBing; exact current pinyin candidate and packed glossary key; matching POS in the packed key; exam membership and bundled IPA; one mapping per English headword; maximum eight added rows per Chinese key.
puberty	青春期	n.	tem8	ECDICT MIT	dual-source	yes	yes	no	qing chun qi	1262	adolescence [n.]	n. 青春期, 春情发动期\n[医] 青春期(12-17岁)	tem8	auto-v1: exact complete 2–6 Han-character gloss from one or both of ECDICT/KyleBing; exact current pinyin candidate and packed glossary key; matching POS in the packed key; exam membership and bundled IPA; one mapping per English headword; maximum eight added rows per Chinese key.
maul	抨击	v.	tem8	ECDICT MIT	dual-source	yes	yes	no	peng ji	1241	attack [v.] | criticize [v.]	n. 大槌\nvt. 打伤, 粗手粗脚地摆弄, 抨击	tem8	auto-v1: exact complete 2–6 Han-character gloss from one or both of ECDICT/KyleBing; exact current pinyin candidate and packed glossary key; matching POS in the packed key; exam membership and bundled IPA; one mapping per English headword; maximum eight added rows per Chinese key.
cosset	宠爱	v.	ielts	ECDICT MIT	dual-source	yes	yes	no	chong ai	1216	dote on [v.]	n. 供玩赏的小动物, 爱畜\nvt. 宠爱, 珍爱, 溺爱	ielts	auto-v1: exact complete 2–6 Han-character gloss from one or both of ECDICT/KyleBing; exact current pinyin candidate and packed glossary key; matching POS in the packed key; exam membership and bundled IPA; one mapping per English headword; maximum eight added rows per Chinese key.
sighting	视线	n.	tem8	ECDICT MIT	dual-source	yes	yes	no	shi xian	1202	line of sight [n.]	n. 照准；瞄准；视线	tem8	auto-v1: exact complete 2–6 Han-character gloss from one or both of ECDICT/KyleBing; exact current pinyin candidate and packed glossary key; matching POS in the packed key; exam membership and bundled IPA; one mapping per English headword; maximum eight added rows per Chinese key.
tarry	等候	v.	tem8	ECDICT MIT	dual-source	yes	yes	no	deng hou	1197	wait [v.]	vi. 耽搁, 逗留, 留住, 等候\nn. 逗留\na. 涂了焦油的	tem8	auto-v1: exact complete 2–6 Han-character gloss from one or both of ECDICT/KyleBing; exact current pinyin candidate and packed glossary key; matching POS in the packed key; exam membership and bundled IPA; one mapping per English headword; maximum eight added rows per Chinese key.
repercussion	反射	n.	tem8	ECDICT MIT	dual-source	yes	yes	no	fan she	1168	reflex [n.] | reflection [n.]	n. 弹回, 反响, 反射\n[医] 消退[法], 消肿[法], 浮动诊胎法	tem8	auto-v1: exact complete 2–6 Han-character gloss from one or both of ECDICT/KyleBing; exact current pinyin candidate and packed glossary key; matching POS in the packed key; exam membership and bundled IPA; one mapping per English headword; maximum eight added rows per Chinese key.
sepulchre	坟墓	n.	tem8	ECDICT MIT	dual-source	yes	yes	no	fen mu	1162	grave [n.]	n. 坟墓\nvt. 埋葬	tem8	auto-v1: exact complete 2–6 Han-character gloss from one or both of ECDICT/KyleBing; exact current pinyin candidate and packed glossary key; matching POS in the packed key; exam membership and bundled IPA; one mapping per English headword; maximum eight added rows per Chinese key.
habitation	住所	n.	tem8	ECDICT MIT	dual-source	yes	yes	no	zhu suo	1138	address [n.]	n. 居住, 住所	tem8	auto-v1: exact complete 2–6 Han-character gloss from one or both of ECDICT/KyleBing; exact current pinyin candidate and packed glossary key; matching POS in the packed key; exam membership and bundled IPA; one mapping per English headword; maximum eight added rows per Chinese key.
straggle	蔓延	v.	tem8	ECDICT MIT	dual-source	yes	yes	no	man yan	1133	spread [v.]	vi. 掉队, 落伍, 蔓延, 散乱\nn. 低空扫射	tem8	auto-v1: exact complete 2–6 Han-character gloss from one or both of ECDICT/KyleBing; exact current pinyin candidate and packed glossary key; matching POS in the packed key; exam membership and bundled IPA; one mapping per English headword; maximum eight added rows per Chinese key.
stunt	特技	n.	toefl	ECDICT MIT	dual-source	yes	yes	no	te ji	1118	special skill [n.]	n. 特技, 绝技, 花招, 噱头, 手腕, 发育不良\nvt. 阻碍成长\nvi. 表演特技	toefl	auto-v1: exact complete 2–6 Han-character gloss from one or both of ECDICT/KyleBing; exact current pinyin candidate and packed glossary key; matching POS in the packed key; exam membership and bundled IPA; one mapping per English headword; maximum eight added rows per Chinese key.
dinghy	小船	n.	tem8	ECDICT MIT	dual-source	yes	yes	no	xiao chuan	1110	small boat [n.]	n. 小船, 橡皮筏, 小艇	tem8	auto-v1: exact complete 2–6 Han-character gloss from one or both of ECDICT/KyleBing; exact current pinyin candidate and packed glossary key; matching POS in the packed key; exam membership and bundled IPA; one mapping per English headword; maximum eight added rows per Chinese key.
ostracize	排斥	v.	toefl	ECDICT MIT	dual-source	yes	yes	no	pai chi	1109	reject [v.] | exclude [v.]	vt. 流放, 放逐, 排斥	toefl	auto-v1: exact complete 2–6 Han-character gloss from one or both of ECDICT/KyleBing; exact current pinyin candidate and packed glossary key; matching POS in the packed key; exam membership and bundled IPA; one mapping per English headword; maximum eight added rows per Chinese key.
wold	荒野	n.	toefl	ECDICT MIT	dual-source	yes	yes	no	huang ye	1095	wilderness [n.]	n. 无树木的高原, 荒野	toefl	auto-v1: exact complete 2–6 Han-character gloss from one or both of ECDICT/KyleBing; exact current pinyin candidate and packed glossary key; matching POS in the packed key; exam membership and bundled IPA; one mapping per English headword; maximum eight added rows per Chinese key.
ensign	徽章	n.	tem8	ECDICT MIT	dual-source	yes	yes	no	hui zhang	1080	badge [n.] | emblem [n.]	n. 旗, 海军少尉, 徽章	tem8	auto-v1: exact complete 2–6 Han-character gloss from one or both of ECDICT/KyleBing; exact current pinyin candidate and packed glossary key; matching POS in the packed key; exam membership and bundled IPA; one mapping per English headword; maximum eight added rows per Chinese key.
mutilate	切断	v.	tem8	ECDICT MIT	dual-source	yes	yes	no	qie duan	1079	cut off [v.]	vt. 切断, 使残废, 使不完整\n[医] 致残毁	tem8	auto-v1: exact complete 2–6 Han-character gloss from one or both of ECDICT/KyleBing; exact current pinyin candidate and packed glossary key; matching POS in the packed key; exam membership and bundled IPA; one mapping per English headword; maximum eight added rows per Chinese key.
belle	美女	n.	toefl	ECDICT MIT	dual-source	yes	yes	no	mei nv	1064	beauty [n.]	n. 美女	toefl	auto-v1: exact complete 2–6 Han-character gloss from one or both of ECDICT/KyleBing; exact current pinyin candidate and packed glossary key; matching POS in the packed key; exam membership and bundled IPA; one mapping per English headword; maximum eight added rows per Chinese key.
terrorize	恐吓	v.	tem4	ECDICT MIT	dual-source	yes	yes	no	kong he	1034	threaten [v.]	vt. 使惊恐, 恐吓\nvi. 实施恐怖统治	tem4	auto-v1: exact complete 2–6 Han-character gloss from one or both of ECDICT/KyleBing; exact current pinyin candidate and packed glossary key; matching POS in the packed key; exam membership and bundled IPA; one mapping per English headword; maximum eight added rows per Chinese key.
balustrade	栏杆	n.	tem8	ECDICT MIT	dual-source	yes	yes	no	lan gan	993	railing [n.]	n. 栏杆	tem8	auto-v1: exact complete 2–6 Han-character gloss from one or both of ECDICT/KyleBing; exact current pinyin candidate and packed glossary key; matching POS in the packed key; exam membership and bundled IPA; one mapping per English headword; maximum eight added rows per Chinese key.
hobnob	交谈	v.	tem8	ECDICT MIT	dual-source	yes	yes	no	jiao tan	981	converse [v.]	vi. 过从甚密, 共饮, 交谈\nn. 共饮, 交谈	tem8	auto-v1: exact complete 2–6 Han-character gloss from one or both of ECDICT/KyleBing; exact current pinyin candidate and packed glossary key; matching POS in the packed key; exam membership and bundled IPA; one mapping per English headword; maximum eight added rows per Chinese key.
crypt	地下室	n.	tem8	ECDICT MIT	dual-source	yes	yes	no	di xia shi	966	basement [n.]	n. 土窖, 地穴, 地下室\n[医] 隐窝; 滤泡, 腺管	tem8	auto-v1: exact complete 2–6 Han-character gloss from one or both of ECDICT/KyleBing; exact current pinyin candidate and packed glossary key; matching POS in the packed key; exam membership and bundled IPA; one mapping per English headword; maximum eight added rows per Chinese key.
alcoholic	酒鬼	n.	tem8	ECDICT MIT	dual-source	yes	yes	no	jiu gui	949	drunkard [n.]	n. 酒鬼, 酒精中毒者\na. 酒精的	tem8	auto-v1: exact complete 2–6 Han-character gloss from one or both of ECDICT/KyleBing; exact current pinyin candidate and packed glossary key; matching POS in the packed key; exam membership and bundled IPA; one mapping per English headword; maximum eight added rows per Chinese key.
remembrance	记忆力	n.	tem8	ECDICT MIT	dual-source	yes	yes	no	ji yi li	939	memory [n.]	n. 回想, 记忆, 纪念品, 记忆力, 问候, 致意	tem8	auto-v1: exact complete 2–6 Han-character gloss from one or both of ECDICT/KyleBing; exact current pinyin candidate and packed glossary key; matching POS in the packed key; exam membership and bundled IPA; one mapping per English headword; maximum eight added rows per Chinese key.
housewifery	家事	n.	tem8	ECDICT MIT	dual-source	yes	yes	no	jia shi	935	housework [n.]	n. 家政, 家事	tem8	auto-v1: exact complete 2–6 Han-character gloss from one or both of ECDICT/KyleBing; exact current pinyin candidate and packed glossary key; matching POS in the packed key; exam membership and bundled IPA; one mapping per English headword; maximum eight added rows per Chinese key.
whack	削减	v.	tem8	ECDICT MIT	dual-source	yes	yes	no	xue jian	931	cut [v.] | reduce [v.]	vt. 猛击, 重打, 削减\nvi. 重击\nn. 重击, 重打	tem8	auto-v1: exact complete 2–6 Han-character gloss from one or both of ECDICT/KyleBing; exact current pinyin candidate and packed glossary key; matching POS in the packed key; exam membership and bundled IPA; one mapping per English headword; maximum eight added rows per Chinese key.
specialise	专攻	v.	ielts	ECDICT MIT	dual-source	yes	yes	no	zhuan gong	920	specialize in [v.]	vt. 特加指明, 列举, 使专门化, 限定...的范围\nvt.vi. (使)特化, (使)专化\nvi. 成为专家, 专务, 专攻, 专门研究, 逐条详述	ielts	auto-v1: exact complete 2–6 Han-character gloss from one or both of ECDICT/KyleBing; exact current pinyin candidate and packed glossary key; matching POS in the packed key; exam membership and bundled IPA; one mapping per English headword; maximum eight added rows per Chinese key.
flit	掠过	v.	tem8	ECDICT MIT	dual-source	yes	yes	no	lve guo	909	sweep over [v.]	n. 掠过, 迁徙\nvi. 掠过, 迁徙	tem8	auto-v1: exact complete 2–6 Han-character gloss from one or both of ECDICT/KyleBing; exact current pinyin candidate and packed glossary key; matching POS in the packed key; exam membership and bundled IPA; one mapping per English headword; maximum eight added rows per Chinese key.
sanctum	密室	n.	tem8	ECDICT MIT	dual-source	yes	yes	no	mi shi	892	secret room [n.]	n. 圣所, 密室, 私室	tem8	auto-v1: exact complete 2–6 Han-character gloss from one or both of ECDICT/KyleBing; exact current pinyin candidate and packed glossary key; matching POS in the packed key; exam membership and bundled IPA; one mapping per English headword; maximum eight added rows per Chinese key.
highness	殿下	n.	tem8	ECDICT MIT	dual-source	yes	yes	no	dian xia	891	his highness [n.]	n. 高, 高尚, 殿下	tem8	auto-v1: exact complete 2–6 Han-character gloss from one or both of ECDICT/KyleBing; exact current pinyin candidate and packed glossary key; matching POS in the packed key; exam membership and bundled IPA; one mapping per English headword; maximum eight added rows per Chinese key.
shrubbery	灌木	n.	tem8	ECDICT MIT	dual-source	yes	yes	no	guan mu	863	shrub [n.] | bush [n.]	n. 灌木, 灌木林	tem8	auto-v1: exact complete 2–6 Han-character gloss from one or both of ECDICT/KyleBing; exact current pinyin candidate and packed glossary key; matching POS in the packed key; exam membership and bundled IPA; one mapping per English headword; maximum eight added rows per Chinese key.
homecoming	同学会	n.	tem8	ECDICT MIT	dual-source	yes	yes	no	tong xue hui	862	class reunion [n.]	n. 归国, 省亲回家, 同学会	tem8	auto-v1: exact complete 2–6 Han-character gloss from one or both of ECDICT/KyleBing; exact current pinyin candidate and packed glossary key; matching POS in the packed key; exam membership and bundled IPA; one mapping per English headword; maximum eight added rows per Chinese key.
foible	弱点	n.	tem8	ECDICT MIT	dual-source	yes	yes	no	ruo dian	861	weakness [n.]	n. 弱点, 缺点	tem8	auto-v1: exact complete 2–6 Han-character gloss from one or both of ECDICT/KyleBing; exact current pinyin candidate and packed glossary key; matching POS in the packed key; exam membership and bundled IPA; one mapping per English headword; maximum eight added rows per Chinese key.
quaver	颤抖	v.	tem8	ECDICT MIT	dual-source	yes	yes	no	chan dou	841	tremble [v.]	vi. 发颤音, 颤抖\nvt. 颤抖地说, 用颤声唱出\nn. 颤抖, 颤声, 八分音符	tem8	auto-v1: exact complete 2–6 Han-character gloss from one or both of ECDICT/KyleBing; exact current pinyin candidate and packed glossary key; matching POS in the packed key; exam membership and bundled IPA; one mapping per English headword; maximum eight added rows per Chinese key.
proprietorship	所有权	n.	toefl	ECDICT MIT	dual-source	yes	yes	no	suo you quan	830	ownership [n.]	n. 所有权\n[经] 所有权, 业主权, 资本	toefl	auto-v1: exact complete 2–6 Han-character gloss from one or both of ECDICT/KyleBing; exact current pinyin candidate and packed glossary key; matching POS in the packed key; exam membership and bundled IPA; one mapping per English headword; maximum eight added rows per Chinese key.
massif	山丘	n.	toefl	ECDICT MIT	dual-source	yes	yes	no	shan qiu	828	hill [n.]	n. 山丘	toefl	auto-v1: exact complete 2–6 Han-character gloss from one or both of ECDICT/KyleBing; exact current pinyin candidate and packed glossary key; matching POS in the packed key; exam membership and bundled IPA; one mapping per English headword; maximum eight added rows per Chinese key.
firn	积雪	n.	toefl	ECDICT MIT	dual-source	yes	yes	no	ji xue	794	snow cover [n.]	n. 粒雪, 积雪	toefl	auto-v1: exact complete 2–6 Han-character gloss from one or both of ECDICT/KyleBing; exact current pinyin candidate and packed glossary key; matching POS in the packed key; exam membership and bundled IPA; one mapping per English headword; maximum eight added rows per Chinese key.
cyan	青色	n.	toefl	ECDICT MIT	dual-source	yes	yes	no	qing se	770	blue [n.] | green [n.]	n. 蓝绿色, 青色\n[建] 氰基	toefl	auto-v1: exact complete 2–6 Han-character gloss from one or both of ECDICT/KyleBing; exact current pinyin candidate and packed glossary key; matching POS in the packed key; exam membership and bundled IPA; one mapping per English headword; maximum eight added rows per Chinese key.
reverend	教士	n.	tem8	ECDICT MIT	dual-source	yes	yes	no	jiao shi	758	priest [n.]	n. 教士, 大人(对教士的尊称)\na. 应受尊敬的, 教士的	tem8	auto-v1: exact complete 2–6 Han-character gloss from one or both of ECDICT/KyleBing; exact current pinyin candidate and packed glossary key; matching POS in the packed key; exam membership and bundled IPA; one mapping per English headword; maximum eight added rows per Chinese key.
houseboat	游艇	n.	tem8	ECDICT MIT	dual-source	yes	yes	no	you ting	728	yacht [n.]	n. 居住船, 游艇	tem8	auto-v1: exact complete 2–6 Han-character gloss from one or both of ECDICT/KyleBing; exact current pinyin candidate and packed glossary key; matching POS in the packed key; exam membership and bundled IPA; one mapping per English headword; maximum eight added rows per Chinese key.
airstream	气流	n.	toefl	ECDICT MIT	dual-source	yes	yes	no	qi liu	724	airflow [n.]	n. 气流	toefl	auto-v1: exact complete 2–6 Han-character gloss from one or both of ECDICT/KyleBing; exact current pinyin candidate and packed glossary key; matching POS in the packed key; exam membership and bundled IPA; one mapping per English headword; maximum eight added rows per Chinese key.
dynamite	炸毁	v.	tem8	ECDICT MIT	dual-source	yes	yes	no	zha hui	722	bomb [v.]	n. 炸药\nvt. 炸毁, 破坏	tem8	auto-v1: exact complete 2–6 Han-character gloss from one or both of ECDICT/KyleBing; exact current pinyin candidate and packed glossary key; matching POS in the packed key; exam membership and bundled IPA; one mapping per English headword; maximum eight added rows per Chinese key.
visage	面貌	n.	tem8	ECDICT MIT	dual-source	yes	yes	no	mian mao	721	appearance [n.] | face [n.]	n. 脸, 面貌, 容貌	tem8	auto-v1: exact complete 2–6 Han-character gloss from one or both of ECDICT/KyleBing; exact current pinyin candidate and packed glossary key; matching POS in the packed key; exam membership and bundled IPA; one mapping per English headword; maximum eight added rows per Chinese key.
adornment	装饰品	n.	toefl	ECDICT MIT	dual-source	yes	yes	no	zhuang shi pin	700	ornament [n.]	n. 装饰, 装饰品	toefl	auto-v1: exact complete 2–6 Han-character gloss from one or both of ECDICT/KyleBing; exact current pinyin candidate and packed glossary key; matching POS in the packed key; exam membership and bundled IPA; one mapping per English headword; maximum eight added rows per Chinese key.
wafer	晶片	n.	tem8	ECDICT MIT	dual-source	yes	yes	no	jing pian	694	chip [n.]	n. 薄酥饼, 圣饼, 晶片, 圆片, 干胶片\nvt. 用干胶片封\n[计] 圆片	tem8	auto-v1: exact complete 2–6 Han-character gloss from one or both of ECDICT/KyleBing; exact current pinyin candidate and packed glossary key; matching POS in the packed key; exam membership and bundled IPA; one mapping per English headword; maximum eight added rows per Chinese key.
corselet	盔甲	n.	toefl	ECDICT MIT	dual-source	yes	yes	no	kui jia	691	armor [n.]	n. 盔甲, 胸衣	toefl	auto-v1: exact complete 2–6 Han-character gloss from one or both of ECDICT/KyleBing; exact current pinyin candidate and packed glossary key; matching POS in the packed key; exam membership and bundled IPA; one mapping per English headword; maximum eight added rows per Chinese key.
hanger	衣架	n.	tem8	ECDICT MIT	dual-source	yes	yes	no	yi jia	669	clothes hanger [n.]	n. 挂钩, 吊架, 衣架, 挂衣钩\n[经] (挂在店内的)广告牌	tem8	auto-v1: exact complete 2–6 Han-character gloss from one or both of ECDICT/KyleBing; exact current pinyin candidate and packed glossary key; matching POS in the packed key; exam membership and bundled IPA; one mapping per English headword; maximum eight added rows per Chinese key.
cad	无赖	n.	tem8	ECDICT MIT	dual-source	yes	yes	no	wu lai	662	rascal [n.]	n. 卑鄙的男人, 下流人, 无赖, 计算机辅助设计\n[计] 字符汇编/反汇编, 计算机辅助设计, 计算机辅助探测, 计算机辅助诊断	tem8	auto-v1: exact complete 2–6 Han-character gloss from one or both of ECDICT/KyleBing; exact current pinyin candidate and packed glossary key; matching POS in the packed key; exam membership and bundled IPA; one mapping per English headword; maximum eight added rows per Chinese key.
sailcloth	帆布	n.	tem8	ECDICT MIT	dual-source	yes	yes	no	fan bu	656	canvas [n.]	n. 帆布	tem8	auto-v1: exact complete 2–6 Han-character gloss from one or both of ECDICT/KyleBing; exact current pinyin candidate and packed glossary key; matching POS in the packed key; exam membership and bundled IPA; one mapping per English headword; maximum eight added rows per Chinese key.
craftspeople	工匠	n.	toefl	ECDICT MIT	dual-source	yes	yes	no	gong jiang	640	craftsman [n.]	n. 工匠；手艺人；工艺师	toefl	auto-v1: exact complete 2–6 Han-character gloss from one or both of ECDICT/KyleBing; exact current pinyin candidate and packed glossary key; matching POS in the packed key; exam membership and bundled IPA; one mapping per English headword; maximum eight added rows per Chinese key.
housebreaker	强盗	n.	tem8	ECDICT MIT	dual-source	yes	yes	no	qiang dao	640	robber [n.] | bandit [n.]	n. 侵入家宅者, 强盗, 拆屋者	tem8	auto-v1: exact complete 2–6 Han-character gloss from one or both of ECDICT/KyleBing; exact current pinyin candidate and packed glossary key; matching POS in the packed key; exam membership and bundled IPA; one mapping per English headword; maximum eight added rows per Chinese key.
strew	散播	v.	tem8	ECDICT MIT	dual-source	yes	yes	no	san bo	638	spread [v.]	vt. 散播, 撒满	tem8	auto-v1: exact complete 2–6 Han-character gloss from one or both of ECDICT/KyleBing; exact current pinyin candidate and packed glossary key; matching POS in the packed key; exam membership and bundled IPA; one mapping per English headword; maximum eight added rows per Chinese key.
delve	探究	v.	tem8	ECDICT MIT	dual-source	yes	yes	no	tan jiu	638	explore [v.] | investigate [v.]	v. 探究, 查考\nn. 坑, 穴	tem8	auto-v1: exact complete 2–6 Han-character gloss from one or both of ECDICT/KyleBing; exact current pinyin candidate and packed glossary key; matching POS in the packed key; exam membership and bundled IPA; one mapping per English headword; maximum eight added rows per Chinese key.
intercession	仲裁	n.	tem8	ECDICT MIT	dual-source	yes	yes	no	zhong cai	624	arbitration [n.]	n. 仲裁, 调解, 说情\n[法] 仲裁, 调解, 说情	tem8	auto-v1: exact complete 2–6 Han-character gloss from one or both of ECDICT/KyleBing; exact current pinyin candidate and packed glossary key; matching POS in the packed key; exam membership and bundled IPA; one mapping per English headword; maximum eight added rows per Chinese key.
huff	激怒	v.	tem8	ECDICT MIT	dual-source	yes	yes	no	ji nu	622	enrage [v.]	vt. 激怒, 发怒, 提高价格, 吹胀\nvi. 吹气, 恫吓, 发怒\nn. 发怒	tem8	auto-v1: exact complete 2–6 Han-character gloss from one or both of ECDICT/KyleBing; exact current pinyin candidate and packed glossary key; matching POS in the packed key; exam membership and bundled IPA; one mapping per English headword; maximum eight added rows per Chinese key.
deacon	朗读	v.	tem8	ECDICT MIT	dual-source	yes	yes	no	lang du	617	read aloud [v.]	n. 副主祭, 执事, 行会会长\nvt. 朗读, 摆得好看些	tem8	auto-v1: exact complete 2–6 Han-character gloss from one or both of ECDICT/KyleBing; exact current pinyin candidate and packed glossary key; matching POS in the packed key; exam membership and bundled IPA; one mapping per English headword; maximum eight added rows per Chinese key.
condenses	浓缩	v.	toefl	ECDICT MIT	dual-source	yes	yes	no	nong suo	606	concentrate [v.]	v. 浓缩; （使）变稠或变浓, 浓缩( condense的第三人称单数 ); （使）凝结; 简说, 摘要, 简述	toefl	auto-v1: exact complete 2–6 Han-character gloss from one or both of ECDICT/KyleBing; exact current pinyin candidate and packed glossary key; matching POS in the packed key; exam membership and bundled IPA; one mapping per English headword; maximum eight added rows per Chinese key.
colonizer	殖民者	n.	toefl	ECDICT MIT	dual-source	yes	yes	no	zhi min zhe	597	colonist [n.]	n. 殖民地开拓者, 殖民者, 移入选民	toefl	auto-v1: exact complete 2–6 Han-character gloss from one or both of ECDICT/KyleBing; exact current pinyin candidate and packed glossary key; matching POS in the packed key; exam membership and bundled IPA; one mapping per English headword; maximum eight added rows per Chinese key.
wobble	摇晃	v.	tem8	ECDICT MIT	dual-source	yes	yes	no	yao huang	589	shake [v.] | sway [v.]	n. 摆动, 摇晃, 不稳定, 抖动\nvi. 摇晃, 摇摆, 游移不定\nvt. 使摇摆, 使颤动	tem8	auto-v1: exact complete 2–6 Han-character gloss from one or both of ECDICT/KyleBing; exact current pinyin candidate and packed glossary key; matching POS in the packed key; exam membership and bundled IPA; one mapping per English headword; maximum eight added rows per Chinese key.
melange	混合物	n.	toefl	ECDICT MIT	dual-source	yes	yes	no	hun he wu	588	mixture [n.]	n. 混合物	toefl	auto-v1: exact complete 2–6 Han-character gloss from one or both of ECDICT/KyleBing; exact current pinyin candidate and packed glossary key; matching POS in the packed key; exam membership and bundled IPA; one mapping per English headword; maximum eight added rows per Chinese key.
rancour	敌意	n.	tem8	ECDICT MIT	dual-source	yes	yes	no	di yi	580	hostility [n.]	n. 敌意, 深仇	tem8	auto-v1: exact complete 2–6 Han-character gloss from one or both of ECDICT/KyleBing; exact current pinyin candidate and packed glossary key; matching POS in the packed key; exam membership and bundled IPA; one mapping per English headword; maximum eight added rows per Chinese key.
comminute	粉碎	v.	toefl	ECDICT MIT	dual-source	yes	yes	no	fen sui	578	shatter [v.]	vt. 使成粉末, 粉碎, 分割财产	toefl	auto-v1: exact complete 2–6 Han-character gloss from one or both of ECDICT/KyleBing; exact current pinyin candidate and packed glossary key; matching POS in the packed key; exam membership and bundled IPA; one mapping per English headword; maximum eight added rows per Chinese key.
hiatus	裂缝	n.	tem8	ECDICT MIT	dual-source	yes	yes	no	lie feng	575	crack [n.]	n. 裂缝, 中断, 空隙, 间隙, 裂孔, (稿件)脱字, 漏句\npl. 裂缝, 中断, 空隙, 间隙, 裂孔, (稿件)脱字, 漏句	tem8	auto-v1: exact complete 2–6 Han-character gloss from one or both of ECDICT/KyleBing; exact current pinyin candidate and packed glossary key; matching POS in the packed key; exam membership and bundled IPA; one mapping per English headword; maximum eight added rows per Chinese key.
chink	裂缝	n.	ielts	ECDICT MIT	dual-source	yes	yes	no	lie feng	575	crack [n.]	n. 裂口, 裂缝, 弱点, 叮当声\nvt. 使叮当响\nvi. 堵裂缝, 叮当响	ielts	auto-v1: exact complete 2–6 Han-character gloss from one or both of ECDICT/KyleBing; exact current pinyin candidate and packed glossary key; matching POS in the packed key; exam membership and bundled IPA; one mapping per English headword; maximum eight added rows per Chinese key.
progression	级数	n.	toefl	ECDICT MIT	dual-source	yes	yes	no	ji shu	569	series [n.]	n. 前进, 连续, 级数\n[医] 进行, 前进, 步态	toefl	auto-v1: exact complete 2–6 Han-character gloss from one or both of ECDICT/KyleBing; exact current pinyin candidate and packed glossary key; matching POS in the packed key; exam membership and bundled IPA; one mapping per English headword; maximum eight added rows per Chinese key.
fiasco	惨败	n.	tem8	ECDICT MIT	dual-source	yes	yes	no	can bai	569	crushing defeat [n.]	n. 惨败, 大失败	tem8	auto-v1: exact complete 2–6 Han-character gloss from one or both of ECDICT/KyleBing; exact current pinyin candidate and packed glossary key; matching POS in the packed key; exam membership and bundled IPA; one mapping per English headword; maximum eight added rows per Chinese key.
republish	再版	v.	toefl	ECDICT MIT	dual-source	yes	yes	no	zai ban	547	reprint [v.]	vt. 再版, 再发布\n[法] 再版, 再印刷, 再发行	toefl	auto-v1: exact complete 2–6 Han-character gloss from one or both of ECDICT/KyleBing; exact current pinyin candidate and packed glossary key; matching POS in the packed key; exam membership and bundled IPA; one mapping per English headword; maximum eight added rows per Chinese key.
qualm	疑虑	n.	tem8	ECDICT MIT	dual-source	yes	yes	no	yi lv	545	doubt [n.]	n. 晕眩, 不安, 疑虑\n[法] 疑虑, 不安, 内疚	tem8	auto-v1: exact complete 2–6 Han-character gloss from one or both of ECDICT/KyleBing; exact current pinyin candidate and packed glossary key; matching POS in the packed key; exam membership and bundled IPA; one mapping per English headword; maximum eight added rows per Chinese key.
dependant	侍从	n.	tem8	ECDICT MIT	dual-source	yes	yes	no	shi cong	536	attendant [n.]	n. 家眷, 侍从, 食客\n[法] 受赡养人, 家庭负担	tem8	auto-v1: exact complete 2–6 Han-character gloss from one or both of ECDICT/KyleBing; exact current pinyin candidate and packed glossary key; matching POS in the packed key; exam membership and bundled IPA; one mapping per English headword; maximum eight added rows per Chinese key.
mongrel	混血儿	n.	tem8	ECDICT MIT	dual-source	yes	yes	no	hun xue er	520	half-breed [n.] | mixed-blood [n.]	n. 杂种, 杂种狗, 混血儿\na. 杂种的, 混血儿的	tem8	auto-v1: exact complete 2–6 Han-character gloss from one or both of ECDICT/KyleBing; exact current pinyin candidate and packed glossary key; matching POS in the packed key; exam membership and bundled IPA; one mapping per English headword; maximum eight added rows per Chinese key.
plenipotentiary	全权大使	n.	tem8	ECDICT MIT	dual-source	yes	yes	no	quan quan da shi	507	ambassador-plenipotentiary [n.]	n. 全权大使, 全权代表\na. 有全权的, 全权代表的	tem8	auto-v1: exact complete 2–6 Han-character gloss from one or both of ECDICT/KyleBing; exact current pinyin candidate and packed glossary key; matching POS in the packed key; exam membership and bundled IPA; one mapping per English headword; maximum eight added rows per Chinese key.
hillbilly	乡下人	n.	toefl	ECDICT MIT	dual-source	yes	yes	no	xiang xia ren	499	countryman [n.]	n. 乡下人, 乡巴佬；山地内部的贫农, 山地人	toefl	auto-v1: exact complete 2–6 Han-character gloss from one or both of ECDICT/KyleBing; exact current pinyin candidate and packed glossary key; matching POS in the packed key; exam membership and bundled IPA; one mapping per English headword; maximum eight added rows per Chinese key.
hothouse	温室	n.	tem8	ECDICT MIT	dual-source	yes	yes	no	wen shi	482	greenhouse [n.]	n. 温室, 温床, 浴室	tem8	auto-v1: exact complete 2–6 Han-character gloss from one or both of ECDICT/KyleBing; exact current pinyin candidate and packed glossary key; matching POS in the packed key; exam membership and bundled IPA; one mapping per English headword; maximum eight added rows per Chinese key.
unawares	不料	adv.	tem8	ECDICT MIT	dual-source	yes	yes	no	bu liao	478	unexpectedly [adv.]	adv. 出其不意地, 没想到, 不料, 不知不觉地	tem8	auto-v1: exact complete 2–6 Han-character gloss from one or both of ECDICT/KyleBing; exact current pinyin candidate and packed glossary key; matching POS in the packed key; exam membership and bundled IPA; one mapping per English headword; maximum eight added rows per Chinese key.
firedamp	甲烷	n.	tem8	ECDICT MIT	dual-source	yes	yes	no	jia wan	473	methane [n.]	n. 甲烷, 沼气\n[化] 沼气; 瓦斯; 密封防火墙(采矿)	tem8	auto-v1: exact complete 2–6 Han-character gloss from one or both of ECDICT/KyleBing; exact current pinyin candidate and packed glossary key; matching POS in the packed key; exam membership and bundled IPA; one mapping per English headword; maximum eight added rows per Chinese key.
foreground	前景	n.	tem8	ECDICT MIT	dual-source	yes	yes	no	qian jing	467	prospect [n.]	n. 前景, 最显著的位置\n[计] 前景, 前台	tem8	auto-v1: exact complete 2–6 Han-character gloss from one or both of ECDICT/KyleBing; exact current pinyin candidate and packed glossary key; matching POS in the packed key; exam membership and bundled IPA; one mapping per English headword; maximum eight added rows per Chinese key.
tryout	选拔赛	n.	tem8	ECDICT MIT	dual-source	yes	yes	no	xuan ba sai	462	trials [n.]	n. 试验, 试用, 选拔赛	tem8	auto-v1: exact complete 2–6 Han-character gloss from one or both of ECDICT/KyleBing; exact current pinyin candidate and packed glossary key; matching POS in the packed key; exam membership and bundled IPA; one mapping per English headword; maximum eight added rows per Chinese key.
forebode	预示	v.	tem8	ECDICT MIT	dual-source	yes	yes	no	yu shi	458	indicate [v.] | foreshadow [v.]	v. 预示, 预兆, 预感	tem8	auto-v1: exact complete 2–6 Han-character gloss from one or both of ECDICT/KyleBing; exact current pinyin candidate and packed glossary key; matching POS in the packed key; exam membership and bundled IPA; one mapping per English headword; maximum eight added rows per Chinese key.
eyewash	骗局	n.	tem8	ECDICT MIT	dual-source	yes	yes	no	pian ju	454	scam [n.] | fraud [n.]	n. 洗眼水, 无稽之谈, 骗局\n[医] 洗眼药水(洗眼剂)	tem8	auto-v1: exact complete 2–6 Han-character gloss from one or both of ECDICT/KyleBing; exact current pinyin candidate and packed glossary key; matching POS in the packed key; exam membership and bundled IPA; one mapping per English headword; maximum eight added rows per Chinese key.
manicure	修剪	v.	tem8	ECDICT MIT	dual-source	yes	yes	no	xiu jian	450	trim [v.]	n. 修指甲术, 修指甲, 修指甲师\nvt. 修指甲, 修剪	tem8	auto-v1: exact complete 2–6 Han-character gloss from one or both of ECDICT/KyleBing; exact current pinyin candidate and packed glossary key; matching POS in the packed key; exam membership and bundled IPA; one mapping per English headword; maximum eight added rows per Chinese key.
homemaking	家政	n.	toefl	ECDICT MIT	dual-source	yes	yes	no	jia zheng	442	housekeeping [n.]	n. 家政	toefl	auto-v1: exact complete 2–6 Han-character gloss from one or both of ECDICT/KyleBing; exact current pinyin candidate and packed glossary key; matching POS in the packed key; exam membership and bundled IPA; one mapping per English headword; maximum eight added rows per Chinese key.
hydrant	水龙头	n.	tem8	ECDICT MIT	dual-source	yes	yes	no	shui long tou	441	faucet [n.]	n. 给水栓, 水龙头, 消火栓	tem8	auto-v1: exact complete 2–6 Han-character gloss from one or both of ECDICT/KyleBing; exact current pinyin candidate and packed glossary key; matching POS in the packed key; exam membership and bundled IPA; one mapping per English headword; maximum eight added rows per Chinese key.
cenozoic	新生代	n.	toefl	ECDICT MIT	dual-source	yes	yes	no	xin sheng dai	438	new generation [n.]	n. 新生代, 新生界\na. 新生代的, 新生界的	toefl	auto-v1: exact complete 2–6 Han-character gloss from one or both of ECDICT/KyleBing; exact current pinyin candidate and packed glossary key; matching POS in the packed key; exam membership and bundled IPA; one mapping per English headword; maximum eight added rows per Chinese key.
airfield	飞机场	n.	tem8	ECDICT MIT	dual-source	yes	yes	no	fei ji chang	434	airport [n.]	n. 飞机场	tem8	auto-v1: exact complete 2–6 Han-character gloss from one or both of ECDICT/KyleBing; exact current pinyin candidate and packed glossary key; matching POS in the packed key; exam membership and bundled IPA; one mapping per English headword; maximum eight added rows per Chinese key.
mesmerize	迷住	v.	toefl	ECDICT MIT	dual-source	yes	yes	no	mi zhu	429	fascinate [v.]	vt. 施催眠术, 迷住, 迷惑\n[医] 催眠	toefl	auto-v1: exact complete 2–6 Han-character gloss from one or both of ECDICT/KyleBing; exact current pinyin candidate and packed glossary key; matching POS in the packed key; exam membership and bundled IPA; one mapping per English headword; maximum eight added rows per Chinese key.
raffle	废物	n.	tem8	ECDICT MIT	dual-source	yes	yes	no	fei wu	429	waste [n.] | junk [n.]	n. 抽彩售货, 废物\nvt. 抽彩售货\nvi. 抽彩	tem8	auto-v1: exact complete 2–6 Han-character gloss from one or both of ECDICT/KyleBing; exact current pinyin candidate and packed glossary key; matching POS in the packed key; exam membership and bundled IPA; one mapping per English headword; maximum eight added rows per Chinese key.
vagabond	浪子	n.	tem8	ECDICT MIT	dual-source	yes	yes	no	lang zi	429	prodigal [n.] | wanderer [n.]	n. 流浪者, 浪子, 流氓\nvi. 到处流浪\na. 流浪的, 漂泊的, 浪荡的, 流浪者的	tem8	auto-v1: exact complete 2–6 Han-character gloss from one or both of ECDICT/KyleBing; exact current pinyin candidate and packed glossary key; matching POS in the packed key; exam membership and bundled IPA; one mapping per English headword; maximum eight added rows per Chinese key.
woodcarving	木雕	n.	toefl	ECDICT MIT	dual-source	yes	yes	no	mu diao	415	wood carving [n.]	n. 木雕	toefl	auto-v1: exact complete 2–6 Han-character gloss from one or both of ECDICT/KyleBing; exact current pinyin candidate and packed glossary key; matching POS in the packed key; exam membership and bundled IPA; one mapping per English headword; maximum eight added rows per Chinese key.
partiality	癖好	n.	tem8	ECDICT MIT	dual-source	yes	yes	no	pi hao	413	habit [n.] | hobby [n.]	n. 偏心, 偏颇, 不公平, 特别喜欢, 癖好\n[法] 偏袒, 偏见, 不公平	tem8	auto-v1: exact complete 2–6 Han-character gloss from one or both of ECDICT/KyleBing; exact current pinyin candidate and packed glossary key; matching POS in the packed key; exam membership and bundled IPA; one mapping per English headword; maximum eight added rows per Chinese key.
skew	曲解	v.	ielts	ECDICT MIT	dual-source	yes	yes	no	qu jie	410	distort [v.] | misinterpret [v.]	a. 斜的, 歪的\nn. 歪斜, 偏态家庭关系\nvi. 歪斜, 侧转\nvt. 使歪斜, 曲解\n[计] 扭斜; 歪斜; 偏斜	ielts	auto-v1: exact complete 2–6 Han-character gloss from one or both of ECDICT/KyleBing; exact current pinyin candidate and packed glossary key; matching POS in the packed key; exam membership and bundled IPA; one mapping per English headword; maximum eight added rows per Chinese key.
afterlife	来世	n.	toefl	ECDICT MIT	dual-source	yes	yes	no	lai shi	405	next life [n.]	n. 来世, 下半生	toefl	auto-v1: exact complete 2–6 Han-character gloss from one or both of ECDICT/KyleBing; exact current pinyin candidate and packed glossary key; matching POS in the packed key; exam membership and bundled IPA; one mapping per English headword; maximum eight added rows per Chinese key.
reelect	改选	v.	toefl	ECDICT MIT	dual-source	yes	yes	no	gai xuan	404	re-elect [v.]	vt. 重选, 改选	toefl	auto-v1: exact complete 2–6 Han-character gloss from one or both of ECDICT/KyleBing; exact current pinyin candidate and packed glossary key; matching POS in the packed key; exam membership and bundled IPA; one mapping per English headword; maximum eight added rows per Chinese key.
nasal	鼻音	n.	tem8	ECDICT MIT	dual-source	yes	yes	no	bi yin	402	nasal sound [n.]	a. 鼻的, 鼻声的, 尖锐的\nn. 鼻音, 鼻音字	tem8	auto-v1: exact complete 2–6 Han-character gloss from one or both of ECDICT/KyleBing; exact current pinyin candidate and packed glossary key; matching POS in the packed key; exam membership and bundled IPA; one mapping per English headword; maximum eight added rows per Chinese key.
gouge	挖出	v.	toefl	ECDICT MIT	dual-source	yes	yes	no	wa chu	398	dig out [v.] | unearth [v.]	n. 圆凿, 用圆凿凿成的槽, 挖, 掘\nvt. 用圆凿削, 挖出, 欺骗	toefl	auto-v1: exact complete 2–6 Han-character gloss from one or both of ECDICT/KyleBing; exact current pinyin candidate and packed glossary key; matching POS in the packed key; exam membership and bundled IPA; one mapping per English headword; maximum eight added rows per Chinese key.
fuddle	灌醉	v.	tem8	ECDICT MIT	dual-source	yes	yes	no	guan zui	394	get drunk [v.]	vt. 灌醉, 使烂醉, 使迷糊\nvi. 狂饮\nn. 烂醉	tem8	auto-v1: exact complete 2–6 Han-character gloss from one or both of ECDICT/KyleBing; exact current pinyin candidate and packed glossary key; matching POS in the packed key; exam membership and bundled IPA; one mapping per English headword; maximum eight added rows per Chinese key.
wrest	歪曲	v.	tem8	ECDICT MIT	dual-source	yes	yes	no	wai qu	380	distort [v.]	n. 扭, 拧\nvt. 夺取, 猛扭, 歪曲, 费力取得	tem8	auto-v1: exact complete 2–6 Han-character gloss from one or both of ECDICT/KyleBing; exact current pinyin candidate and packed glossary key; matching POS in the packed key; exam membership and bundled IPA; one mapping per English headword; maximum eight added rows per Chinese key.
sexuality	性欲	n.	tem8	ECDICT MIT	dual-source	yes	yes	no	xing yu	368	sexual desire [n.]	n. 性征, 性行为, 性欲\n[医] 性别, 性欲	tem8	auto-v1: exact complete 2–6 Han-character gloss from one or both of ECDICT/KyleBing; exact current pinyin candidate and packed glossary key; matching POS in the packed key; exam membership and bundled IPA; one mapping per English headword; maximum eight added rows per Chinese key.
fairway	航路	n.	tem8	ECDICT MIT	dual-source	yes	yes	no	hang lu	360	route [n.] | course [n.]	n. 航路	tem8	auto-v1: exact complete 2–6 Han-character gloss from one or both of ECDICT/KyleBing; exact current pinyin candidate and packed glossary key; matching POS in the packed key; exam membership and bundled IPA; one mapping per English headword; maximum eight added rows per Chinese key.
whoop	唤起	v.	tem8	ECDICT MIT	dual-source	yes	yes	no	huan qi	357	arouse [v.] | evoke [v.]	n. 大叫, 呐喊, 一点点\nvi. 叫喊, 鸣叫\nvt. 高声说, 唤起	tem8	auto-v1: exact complete 2–6 Han-character gloss from one or both of ECDICT/KyleBing; exact current pinyin candidate and packed glossary key; matching POS in the packed key; exam membership and bundled IPA; one mapping per English headword; maximum eight added rows per Chinese key.
germination	萌芽	n.	toefl	ECDICT MIT	dual-source	yes	yes	no	meng ya	355	sprout [n.] | germ [n.]	n. 发芽, 萌芽, 发育\n[医] 出芽, 生芽, 发芽	toefl	auto-v1: exact complete 2–6 Han-character gloss from one or both of ECDICT/KyleBing; exact current pinyin candidate and packed glossary key; matching POS in the packed key; exam membership and bundled IPA; one mapping per English headword; maximum eight added rows per Chinese key.
whiff	喷出	v.	tem8	ECDICT MIT	dual-source	yes	yes	no	pen chu	353	spout [v.] | erupt [v.]	n. 一吹, 一吸, 一阵, 一点点, 一口烟\nvi. 轻轻地吹, 喷气, 三击不中出局, 垂钓\nvt. 吹送, 喷出, 吸, 使三击不中出局	tem8	auto-v1: exact complete 2–6 Han-character gloss from one or both of ECDICT/KyleBing; exact current pinyin candidate and packed glossary key; matching POS in the packed key; exam membership and bundled IPA; one mapping per English headword; maximum eight added rows per Chinese key.
ruckus	骚动	n.	tem8	ECDICT MIT	dual-source	yes	yes	no	sao dong	347	disturbance [n.]	n. 喧闹, 骚动	tem8	auto-v1: exact complete 2–6 Han-character gloss from one or both of ECDICT/KyleBing; exact current pinyin candidate and packed glossary key; matching POS in the packed key; exam membership and bundled IPA; one mapping per English headword; maximum eight added rows per Chinese key.
fudge	捏造	v.	tem8	ECDICT MIT	dual-source	yes	yes	no	nie zao	342	fabricate [v.]	n. 虚构的故事, 谎言, 胡说\ninterj. 胡说八道\nvi. 蒙混, 做傻事\nvt. 粗制滥造, 捏造, 逃避职责	tem8	auto-v1: exact complete 2–6 Han-character gloss from one or both of ECDICT/KyleBing; exact current pinyin candidate and packed glossary key; matching POS in the packed key; exam membership and bundled IPA; one mapping per English headword; maximum eight added rows per Chinese key.
rind	削皮	v.	tem8	ECDICT MIT	dual-source	yes	yes	no	xiao pi	339	peel [v.]	n. 树皮, 壳, 外表\nvt. 削皮, 剥壳	tem8	auto-v1: exact complete 2–6 Han-character gloss from one or both of ECDICT/KyleBing; exact current pinyin candidate and packed glossary key; matching POS in the packed key; exam membership and bundled IPA; one mapping per English headword; maximum eight added rows per Chinese key.
vagary	奇想	n.	toefl	ECDICT MIT	dual-source	yes	yes	no	qi xiang	333	whim [n.] | fancy [n.]	n. 狂想, 奇特行为, 奇想	toefl	auto-v1: exact complete 2–6 Han-character gloss from one or both of ECDICT/KyleBing; exact current pinyin candidate and packed glossary key; matching POS in the packed key; exam membership and bundled IPA; one mapping per English headword; maximum eight added rows per Chinese key.
sustainability	持续性	n.	tem4	ECDICT MIT	dual-source	yes	yes	no	chi xu xing	319	continuity [n.]	n. 持续性, 能维持性, 永续性	tem4	auto-v1: exact complete 2–6 Han-character gloss from one or both of ECDICT/KyleBing; exact current pinyin candidate and packed glossary key; matching POS in the packed key; exam membership and bundled IPA; one mapping per English headword; maximum eight added rows per Chinese key.
transcription	抄本	n.	ielts	ECDICT MIT	dual-source	yes	yes	no	chao ben	314	copy [n.]	n. 抄写, 抄本\n[化] 转录; 转录作用	ielts	auto-v1: exact complete 2–6 Han-character gloss from one or both of ECDICT/KyleBing; exact current pinyin candidate and packed glossary key; matching POS in the packed key; exam membership and bundled IPA; one mapping per English headword; maximum eight added rows per Chinese key.
backdate	回溯	v.	tem8	ECDICT MIT	dual-source	yes	yes	no	hui su	308	trace back [v.]	vt. 写上比实际早的日期, 回溯	tem8	auto-v1: exact complete 2–6 Han-character gloss from one or both of ECDICT/KyleBing; exact current pinyin candidate and packed glossary key; matching POS in the packed key; exam membership and bundled IPA; one mapping per English headword; maximum eight added rows per Chinese key.
hospice	收容所	n.	tem8	ECDICT MIT	dual-source	yes	yes	no	shou rong suo	299	shelter [n.] | reception center [n.]	n. 旅客住宿处, 收容所	tem8	auto-v1: exact complete 2–6 Han-character gloss from one or both of ECDICT/KyleBing; exact current pinyin candidate and packed glossary key; matching POS in the packed key; exam membership and bundled IPA; one mapping per English headword; maximum eight added rows per Chinese key.
mystique	奥秘	n.	toefl	ECDICT MIT	dual-source	yes	yes	no	ao mi	291	mystery [n.] | secret [n.]	n. 神秘的气氛, 奥秘, 秘诀	toefl	auto-v1: exact complete 2–6 Han-character gloss from one or both of ECDICT/KyleBing; exact current pinyin candidate and packed glossary key; matching POS in the packed key; exam membership and bundled IPA; one mapping per English headword; maximum eight added rows per Chinese key.
slapstick	闹剧	n.	toefl	ECDICT MIT	dual-source	yes	yes	no	nao ju	291	farce [n.]	n. 闹剧, 趣剧	toefl	auto-v1: exact complete 2–6 Han-character gloss from one or both of ECDICT/KyleBing; exact current pinyin candidate and packed glossary key; matching POS in the packed key; exam membership and bundled IPA; one mapping per English headword; maximum eight added rows per Chinese key.
mirth	欢笑	n.	tem8	ECDICT MIT	dual-source	yes	yes	no	huan xiao	285	laughter [n.]	n. 欢笑, 欢乐, 愉快	tem8	auto-v1: exact complete 2–6 Han-character gloss from one or both of ECDICT/KyleBing; exact current pinyin candidate and packed glossary key; matching POS in the packed key; exam membership and bundled IPA; one mapping per English headword; maximum eight added rows per Chinese key.
fount	源泉	n.	tem8	ECDICT MIT	dual-source	yes	yes	no	yuan quan	283	source [n.]	n. 泉, 源泉, 墨水缸, 一副铅字	tem8	auto-v1: exact complete 2–6 Han-character gloss from one or both of ECDICT/KyleBing; exact current pinyin candidate and packed glossary key; matching POS in the packed key; exam membership and bundled IPA; one mapping per English headword; maximum eight added rows per Chinese key.
headstone	基石	n.	tem8	ECDICT MIT	dual-source	yes	yes	no	ji shi	279	cornerstone [n.] | foundation [n.]	n. 墓石, 基石	tem8	auto-v1: exact complete 2–6 Han-character gloss from one or both of ECDICT/KyleBing; exact current pinyin candidate and packed glossary key; matching POS in the packed key; exam membership and bundled IPA; one mapping per English headword; maximum eight added rows per Chinese key.
waster	废品	n.	toefl	ECDICT MIT	dual-source	yes	yes	no	fei pin	279	waste [n.] | scrap [n.]	n. 造成浪费的人, 造成损坏的人, 挥霍者, 浪子, 无用的人, 废品, 次品\n[化] 废物	toefl	auto-v1: exact complete 2–6 Han-character gloss from one or both of ECDICT/KyleBing; exact current pinyin candidate and packed glossary key; matching POS in the packed key; exam membership and bundled IPA; one mapping per English headword; maximum eight added rows per Chinese key.
woodworker	木工	n.	toefl	ECDICT MIT	dual-source	yes	yes	no	mu gong	262	carpentry [n.] | woodworking [n.]	n. 木工	toefl	auto-v1: exact complete 2–6 Han-character gloss from one or both of ECDICT/KyleBing; exact current pinyin candidate and packed glossary key; matching POS in the packed key; exam membership and bundled IPA; one mapping per English headword; maximum eight added rows per Chinese key.
bane	毒药	n.	tem8	ECDICT MIT	dual-source	yes	yes	no	du yao	258	poison [n.]	n. 祸根, 毒药, 灭亡的原因, 灭亡\n[医] 毒物, 毒, 毒药	tem8	auto-v1: exact complete 2–6 Han-character gloss from one or both of ECDICT/KyleBing; exact current pinyin candidate and packed glossary key; matching POS in the packed key; exam membership and bundled IPA; one mapping per English headword; maximum eight added rows per Chinese key.
dystrophy	营养不良	n.	ielts	ECDICT MIT	dual-source	yes	yes	no	ying yang bu liang	255	malnutrition [n.]	n. 营养障碍, 营养不良\n[医] 营养不良, 营养障碍	ielts	auto-v1: exact complete 2–6 Han-character gloss from one or both of ECDICT/KyleBing; exact current pinyin candidate and packed glossary key; matching POS in the packed key; exam membership and bundled IPA; one mapping per English headword; maximum eight added rows per Chinese key.
underwing	后翅	n.	toefl	ECDICT MIT	dual-source	yes	yes	no	hou chi	254	hindwing [n.]	n. 后翅, 后翅色彩瑰丽的蛾	toefl	auto-v1: exact complete 2–6 Han-character gloss from one or both of ECDICT/KyleBing; exact current pinyin candidate and packed glossary key; matching POS in the packed key; exam membership and bundled IPA; one mapping per English headword; maximum eight added rows per Chinese key.
floodgate	水门	n.	tem8	ECDICT MIT	dual-source	yes	yes	no	shui men	248	watergate [n.]	n. 水门, 水闸, 防潮水闸	tem8	auto-v1: exact complete 2–6 Han-character gloss from one or both of ECDICT/KyleBing; exact current pinyin candidate and packed glossary key; matching POS in the packed key; exam membership and bundled IPA; one mapping per English headword; maximum eight added rows per Chinese key.
tuft	丛生	v.	tem8	ECDICT MIT	dual-source	yes	yes	no	cong sheng	237	grow thickly [v.]	n. 一簇, 矮树丛\nvi. 丛生\nvt. 用丛毛装饰	tem8	auto-v1: exact complete 2–6 Han-character gloss from one or both of ECDICT/KyleBing; exact current pinyin candidate and packed glossary key; matching POS in the packed key; exam membership and bundled IPA; one mapping per English headword; maximum eight added rows per Chinese key.
breech	臀部	n.	toefl	ECDICT MIT	dual-source	yes	yes	no	tun bu	236	buttocks [n.]	n. 后膛, 臀部\nvt. 给...装上炮尾, 给...穿上裤子	toefl	auto-v1: exact complete 2–6 Han-character gloss from one or both of ECDICT/KyleBing; exact current pinyin candidate and packed glossary key; matching POS in the packed key; exam membership and bundled IPA; one mapping per English headword; maximum eight added rows per Chinese key.
haunch	臀部	n.	tem8	ECDICT MIT	dual-source	yes	yes	no	tun bu	236	buttocks [n.]	n. 腰腿, 臀部, 腰腿肉\n[医] 臀部, 胯部	tem8	auto-v1: exact complete 2–6 Han-character gloss from one or both of ECDICT/KyleBing; exact current pinyin candidate and packed glossary key; matching POS in the packed key; exam membership and bundled IPA; one mapping per English headword; maximum eight added rows per Chinese key.
bistro	小酒馆	n.	ielts	ECDICT MIT	dual-source	yes	yes	no	xiao jiu guan	235	tavern [n.]	n. 小酒馆, 夜总会	ielts	auto-v1: exact complete 2–6 Han-character gloss from one or both of ECDICT/KyleBing; exact current pinyin candidate and packed glossary key; matching POS in the packed key; exam membership and bundled IPA; one mapping per English headword; maximum eight added rows per Chinese key.
detritus	碎石	n.	toefl	ECDICT MIT	dual-source	yes	yes	no	sui shi	233	gravel [n.]	n. 碎石\n[医] 腐质, 碎屑	toefl	auto-v1: exact complete 2–6 Han-character gloss from one or both of ECDICT/KyleBing; exact current pinyin candidate and packed glossary key; matching POS in the packed key; exam membership and bundled IPA; one mapping per English headword; maximum eight added rows per Chinese key.
singleton	独身	n.	toefl	ECDICT MIT	dual-source	yes	yes	no	du shen	232	single [n.]	n. 一个, 独生子, 独身	toefl	auto-v1: exact complete 2–6 Han-character gloss from one or both of ECDICT/KyleBing; exact current pinyin candidate and packed glossary key; matching POS in the packed key; exam membership and bundled IPA; one mapping per English headword; maximum eight added rows per Chinese key.
cudgel	棍棒	n.	tem8	ECDICT MIT	dual-source	yes	yes	no	gun bang	213	stick [n.]	n. 棍棒\nvt. 用棍棒打	tem8	auto-v1: exact complete 2–6 Han-character gloss from one or both of ECDICT/KyleBing; exact current pinyin candidate and packed glossary key; matching POS in the packed key; exam membership and bundled IPA; one mapping per English headword; maximum eight added rows per Chinese key.
stencil	模版	n.	toefl	ECDICT MIT	dual-source	yes	yes	no	mo ban	212	template [n.]	n. 模版, 蜡纸\nvt. 用蜡纸印, 用模版印刷	toefl	auto-v1: exact complete 2–6 Han-character gloss from one or both of ECDICT/KyleBing; exact current pinyin candidate and packed glossary key; matching POS in the packed key; exam membership and bundled IPA; one mapping per English headword; maximum eight added rows per Chinese key.
hackle	梳理	v.	tem8	ECDICT MIT	dual-source	yes	yes	no	shu li	209	comb [v.]	vt. 梳理, 乱砍\nn. 锯齿形裂痕, 针排, 颈羽	tem8	auto-v1: exact complete 2–6 Han-character gloss from one or both of ECDICT/KyleBing; exact current pinyin candidate and packed glossary key; matching POS in the packed key; exam membership and bundled IPA; one mapping per English headword; maximum eight added rows per Chinese key.
dope	笨蛋	n.	tem8	ECDICT MIT	dual-source	yes	yes	no	ben dan	208	fool [n.]	n. 吸毒者, 笨蛋, 麻醉药物, 粘稠物\nvt. 麻痹, 上涂料, 预测出\nvi. 吸毒	tem8	auto-v1: exact complete 2–6 Han-character gloss from one or both of ECDICT/KyleBing; exact current pinyin candidate and packed glossary key; matching POS in the packed key; exam membership and bundled IPA; one mapping per English headword; maximum eight added rows per Chinese key.
smite	重击	v.	toefl	ECDICT MIT	dual-source	yes	yes	no	zhong ji	205	hit hard [v.]	vt. 重击, 打, 击败, 毁灭, 侵袭, 打动\nvi. 重击, 打\nn. 重击, 打	toefl	auto-v1: exact complete 2–6 Han-character gloss from one or both of ECDICT/KyleBing; exact current pinyin candidate and packed glossary key; matching POS in the packed key; exam membership and bundled IPA; one mapping per English headword; maximum eight added rows per Chinese key.
pockmark	麻子	n.	tem8	ECDICT MIT	dual-source	yes	yes	no	ma zi	205	pockmarks [n.]	n. 痘疮, 麻子\n[医] 量袋器	tem8	auto-v1: exact complete 2–6 Han-character gloss from one or both of ECDICT/KyleBing; exact current pinyin candidate and packed glossary key; matching POS in the packed key; exam membership and bundled IPA; one mapping per English headword; maximum eight added rows per Chinese key.
surgical	外科手术	n.	tem8	ECDICT MIT	dual-source	yes	yes	no	wai ke shou shu	204	surgery [n.]	a. 外科的, 外科医生的, 手术上的\nn. 外科病例, 外科病房, 外科手术	tem8	auto-v1: exact complete 2–6 Han-character gloss from one or both of ECDICT/KyleBing; exact current pinyin candidate and packed glossary key; matching POS in the packed key; exam membership and bundled IPA; one mapping per English headword; maximum eight added rows per Chinese key.
dispenser	药剂师	n.	ielts	ECDICT MIT	dual-source	yes	yes	no	yao ji shi	203	pharmacist [n.]	n. 分配者, 药剂师, 配药员, 分配器\n[医] 调剂员	ielts	auto-v1: exact complete 2–6 Han-character gloss from one or both of ECDICT/KyleBing; exact current pinyin candidate and packed glossary key; matching POS in the packed key; exam membership and bundled IPA; one mapping per English headword; maximum eight added rows per Chinese key.
foreknowledge	先见之明	n.	tem8	ECDICT MIT	dual-source	yes	yes	no	xian jian zhi ming	203	foresight [n.]	n. 预知, 先见之明	tem8	auto-v1: exact complete 2–6 Han-character gloss from one or both of ECDICT/KyleBing; exact current pinyin candidate and packed glossary key; matching POS in the packed key; exam membership and bundled IPA; one mapping per English headword; maximum eight added rows per Chinese key.
buff	擦亮	v.	tem8	ECDICT MIT	dual-source	yes	yes	no	ca liang	202	polish [v.] | shine [v.]	n. 暗黄色, 暗黄色皮革, 人的皮肤\nvt. 擦亮, 使柔软\na. 暗黄色的	tem8	auto-v1: exact complete 2–6 Han-character gloss from one or both of ECDICT/KyleBing; exact current pinyin candidate and packed glossary key; matching POS in the packed key; exam membership and bundled IPA; one mapping per English headword; maximum eight added rows per Chinese key.
dialectic	辩证法	n.	tem8	ECDICT MIT	dual-source	yes	yes	no	bian zheng fa	200	dialectics [n.]	a. 辩证的, 辩证法的\nn. 辩证法, 逻辑论证	tem8	auto-v1: exact complete 2–6 Han-character gloss from one or both of ECDICT/KyleBing; exact current pinyin candidate and packed glossary key; matching POS in the packed key; exam membership and bundled IPA; one mapping per English headword; maximum eight added rows per Chinese key.
equinox	春分	n.	tem8	ECDICT MIT	dual-source	yes	yes	no	chun fen	200	spring equinox [n.]	n. 昼夜平分点, 春分, 秋分	tem8	auto-v1: exact complete 2–6 Han-character gloss from one or both of ECDICT/KyleBing; exact current pinyin candidate and packed glossary key; matching POS in the packed key; exam membership and bundled IPA; one mapping per English headword; maximum eight added rows per Chinese key.
harangue	长篇大论	n.	tem8	ECDICT MIT	dual-source	yes	yes	no	chang pian da lun	200	long-winded speech [n.]	n. 演讲, 热烈讨论, 长篇大论, 夸夸其谈\nvt. 向...夸夸其谈地讲话	tem8	auto-v1: exact complete 2–6 Han-character gloss from one or both of ECDICT/KyleBing; exact current pinyin candidate and packed glossary key; matching POS in the packed key; exam membership and bundled IPA; one mapping per English headword; maximum eight added rows per Chinese key.
reprove	责骂	v.	tem8	ECDICT MIT	dual-source	yes	yes	no	ze ma	198	scold [v.]	vt. 责备, 责骂, 非难\n[法] 共和国, 共和政体, 社团; 责骂, 谴责, 指责	tem8	auto-v1: exact complete 2–6 Han-character gloss from one or both of ECDICT/KyleBing; exact current pinyin candidate and packed glossary key; matching POS in the packed key; exam membership and bundled IPA; one mapping per English headword; maximum eight added rows per Chinese key.
headphones	听筒	n.	tem8	ECDICT MIT	dual-source	yes	yes	no	ting tong	198	receiver [n.]	n. 听筒；耳机；头戴式受话器（headphone的复数形式）	tem8	auto-v1: exact complete 2–6 Han-character gloss from one or both of ECDICT/KyleBing; exact current pinyin candidate and packed glossary key; matching POS in the packed key; exam membership and bundled IPA; one mapping per English headword; maximum eight added rows per Chinese key.
beau	花花公子	n.	toefl	ECDICT MIT	dual-source	yes	yes	no	hua hua gong zi	192	playboy [n.]	n. 花花公子, 情郎, 求爱者	toefl	auto-v1: exact complete 2–6 Han-character gloss from one or both of ECDICT/KyleBing; exact current pinyin candidate and packed glossary key; matching POS in the packed key; exam membership and bundled IPA; one mapping per English headword; maximum eight added rows per Chinese key.
lynch	私刑	n.	tem8	ECDICT MIT	dual-source	yes	yes	no	si xing	188	lynching [n.]	n. 私刑, 私罚\nvt. 处以私刑处死, 加私刑	tem8	auto-v1: exact complete 2–6 Han-character gloss from one or both of ECDICT/KyleBing; exact current pinyin candidate and packed glossary key; matching POS in the packed key; exam membership and bundled IPA; one mapping per English headword; maximum eight added rows per Chinese key.
garb	装束	n.	toefl	ECDICT MIT	dual-source	yes	yes	no	zhuang shu	186	costume [n.]	n. 打扮, 装束\nvt. 打扮, 穿衣	toefl	auto-v1: exact complete 2–6 Han-character gloss from one or both of ECDICT/KyleBing; exact current pinyin candidate and packed glossary key; matching POS in the packed key; exam membership and bundled IPA; one mapping per English headword; maximum eight added rows per Chinese key.
dugout	独木舟	n.	toefl	ECDICT MIT	dual-source	yes	yes	no	du mu zhou	182	canoe [n.]	n. 防空壕, 独木舟	toefl	auto-v1: exact complete 2–6 Han-character gloss from one or both of ECDICT/KyleBing; exact current pinyin candidate and packed glossary key; matching POS in the packed key; exam membership and bundled IPA; one mapping per English headword; maximum eight added rows per Chinese key.
hangman	刽子手	n.	tem8	ECDICT MIT	dual-source	yes	yes	no	gui zi shou	180	executioner [n.]	n. 绞刑吏, 刽子手\n[法] 执行绞刑者	tem8	auto-v1: exact complete 2–6 Han-character gloss from one or both of ECDICT/KyleBing; exact current pinyin candidate and packed glossary key; matching POS in the packed key; exam membership and bundled IPA; one mapping per English headword; maximum eight added rows per Chinese key.
decoy	诱骗	v.	tem8	ECDICT MIT	dual-source	yes	yes	no	you pian	173	lure [v.] | deceive [v.]	n. 圈套, 诱骗\nvt. 诱骗	tem8	auto-v1: exact complete 2–6 Han-character gloss from one or both of ECDICT/KyleBing; exact current pinyin candidate and packed glossary key; matching POS in the packed key; exam membership and bundled IPA; one mapping per English headword; maximum eight added rows per Chinese key.
firebrand	火把	n.	tem8	ECDICT MIT	dual-source	yes	yes	no	huo ba	173	torch [n.]	n. 火把, 在燃烧的木柴, 煽动叛乱者	tem8	auto-v1: exact complete 2–6 Han-character gloss from one or both of ECDICT/KyleBing; exact current pinyin candidate and packed glossary key; matching POS in the packed key; exam membership and bundled IPA; one mapping per English headword; maximum eight added rows per Chinese key.
umpire	裁判员	n.	tem8	ECDICT MIT	dual-source	yes	yes	no	cai pan yuan	170	referee [n.] | judge [n.]	n. 裁判员, 仲裁人\nvt. 对...进行仲裁, 当...的裁判\nvi. 当裁判	tem8	auto-v1: exact complete 2–6 Han-character gloss from one or both of ECDICT/KyleBing; exact current pinyin candidate and packed glossary key; matching POS in the packed key; exam membership and bundled IPA; one mapping per English headword; maximum eight added rows per Chinese key.
pinhead	针头	n.	toefl	ECDICT MIT	dual-source	yes	yes	no	zhen tou	169	needle [n.]	n. 针头, 小东西, 微不足道的东西	toefl	auto-v1: exact complete 2–6 Han-character gloss from one or both of ECDICT/KyleBing; exact current pinyin candidate and packed glossary key; matching POS in the packed key; exam membership and bundled IPA; one mapping per English headword; maximum eight added rows per Chinese key.
steamboat	汽船	n.	toefl	ECDICT MIT	dual-source	yes	yes	no	qi chuan	168	steamship [n.]	n. 汽船, 轮船	toefl	auto-v1: exact complete 2–6 Han-character gloss from one or both of ECDICT/KyleBing; exact current pinyin candidate and packed glossary key; matching POS in the packed key; exam membership and bundled IPA; one mapping per English headword; maximum eight added rows per Chinese key.
bloodstream	血流	n.	toefl	ECDICT MIT	dual-source	yes	yes	no	xue liu	165	blood flow [n.]	n. 血流	toefl	auto-v1: exact complete 2–6 Han-character gloss from one or both of ECDICT/KyleBing; exact current pinyin candidate and packed glossary key; matching POS in the packed key; exam membership and bundled IPA; one mapping per English headword; maximum eight added rows per Chinese key.
freshly	新近	adv.	toefl	ECDICT MIT	dual-source	yes	yes	no	xin jin	154	recently [adv.]	adv. 新, 新近, 精神饱满	toefl	auto-v1: exact complete 2–6 Han-character gloss from one or both of ECDICT/KyleBing; exact current pinyin candidate and packed glossary key; matching POS in the packed key; exam membership and bundled IPA; one mapping per English headword; maximum eight added rows per Chinese key.
hobbyhorse	竹马	n.	tem8	ECDICT MIT	dual-source	yes	yes	no	zhu ma	154	bamboo horse [n.]	n. 摇动木马, 竹马, 反复讲的话题, 老调重弹	tem8	auto-v1: exact complete 2–6 Han-character gloss from one or both of ECDICT/KyleBing; exact current pinyin candidate and packed glossary key; matching POS in the packed key; exam membership and bundled IPA; one mapping per English headword; maximum eight added rows per Chinese key.
roundup	综述	n.	tem8	ECDICT MIT	dual-source	yes	yes	no	zong shu	150	overview [n.]	n. 驱集, 集拢, 综述	tem8	auto-v1: exact complete 2–6 Han-character gloss from one or both of ECDICT/KyleBing; exact current pinyin candidate and packed glossary key; matching POS in the packed key; exam membership and bundled IPA; one mapping per English headword; maximum eight added rows per Chinese key.
impend	迫近	v.	toefl	ECDICT MIT	dual-source	yes	yes	no	po jin	150	approach [v.]	vi. 迫近, 威胁, 悬挂	toefl	auto-v1: exact complete 2–6 Han-character gloss from one or both of ECDICT/KyleBing; exact current pinyin candidate and packed glossary key; matching POS in the packed key; exam membership and bundled IPA; one mapping per English headword; maximum eight added rows per Chinese key.
rocker	摇杆	n.	tem8	ECDICT MIT	dual-source	yes	yes	no	yao gan	134	joystick [n.] | lever [n.]	n. 摇的人, 摇杆\n[电] 摇杆	tem8	auto-v1: exact complete 2–6 Han-character gloss from one or both of ECDICT/KyleBing; exact current pinyin candidate and packed glossary key; matching POS in the packed key; exam membership and bundled IPA; one mapping per English headword; maximum eight added rows per Chinese key.
sanguine	血染	v.	tem8	ECDICT MIT	dual-source	yes	yes	no	xue ran	128	bloodstain [v.]	a. 血红色的, 满怀希望的, 乐观的\nn. 血红色, 红粉笔\nvt. 用血沾污, 血染	tem8	auto-v1: exact complete 2–6 Han-character gloss from one or both of ECDICT/KyleBing; exact current pinyin candidate and packed glossary key; matching POS in the packed key; exam membership and bundled IPA; one mapping per English headword; maximum eight added rows per Chinese key.
barrow	手推车	n.	tem8	ECDICT MIT	dual-source	yes	yes	no	shou tui che	126	handcart [n.]	n. 搬运架, 手推车, 古墓\n[机] 矿皮, 弃矿	tem8	auto-v1: exact complete 2–6 Han-character gloss from one or both of ECDICT/KyleBing; exact current pinyin candidate and packed glossary key; matching POS in the packed key; exam membership and bundled IPA; one mapping per English headword; maximum eight added rows per Chinese key.
ado	纷扰	n.	tem8	ECDICT MIT	dual-source	yes	yes	no	fen rao	121	turmoil [n.]	n. 纷扰, 忙乱, 麻烦	tem8	auto-v1: exact complete 2–6 Han-character gloss from one or both of ECDICT/KyleBing; exact current pinyin candidate and packed glossary key; matching POS in the packed key; exam membership and bundled IPA; one mapping per English headword; maximum eight added rows per Chinese key.
covert	树丛	n.	tem8	ECDICT MIT	dual-source	yes	yes	no	shu cong	115	grove [n.]	a. 隐蔽的, 偷偷摸摸的, 隐密的\nn. 树丛, 隐藏处	tem8	auto-v1: exact complete 2–6 Han-character gloss from one or both of ECDICT/KyleBing; exact current pinyin candidate and packed glossary key; matching POS in the packed key; exam membership and bundled IPA; one mapping per English headword; maximum eight added rows per Chinese key.
heirloom	传家宝	n.	tem8	ECDICT MIT	dual-source	yes	yes	no	chuan jia bao	114	family heirloom [n.]	n. 传家宝, 动产继承物\n[法] 祖传动产, 传家宝	tem8	auto-v1: exact complete 2–6 Han-character gloss from one or both of ECDICT/KyleBing; exact current pinyin candidate and packed glossary key; matching POS in the packed key; exam membership and bundled IPA; one mapping per English headword; maximum eight added rows per Chinese key.
revulsion	剧变	n.	tem8	ECDICT MIT	dual-source	yes	yes	no	ju bian	109	drastic change [n.]	n. 剧变, 厌恶, 强烈反感\n[医] 诱导法	tem8	auto-v1: exact complete 2–6 Han-character gloss from one or both of ECDICT/KyleBing; exact current pinyin candidate and packed glossary key; matching POS in the packed key; exam membership and bundled IPA; one mapping per English headword; maximum eight added rows per Chinese key.
cheapen	减价	v.	toefl	ECDICT MIT	dual-source	yes	yes	no	jian jia	109	reduce price [v.]	v. 减价, 跌价	toefl	auto-v1: exact complete 2–6 Han-character gloss from one or both of ECDICT/KyleBing; exact current pinyin candidate and packed glossary key; matching POS in the packed key; exam membership and bundled IPA; one mapping per English headword; maximum eight added rows per Chinese key.
con	精读	v.	tem8	ECDICT MIT	dual-source	yes	yes	no	jing du	97	intensive reading [v.]	vt. 精读, 仔细研究, 默记\nadv. 反面地, 从反面\na. 欺诈的\nn. 反对者, 反对票, 肺结核\n[计] 控制台	tem8	auto-v1: exact complete 2–6 Han-character gloss from one or both of ECDICT/KyleBing; exact current pinyin candidate and packed glossary key; matching POS in the packed key; exam membership and bundled IPA; one mapping per English headword; maximum eight added rows per Chinese key.
forecourt	前院	n.	tem8	ECDICT MIT	dual-source	yes	yes	no	qian yuan	93	front yard [n.]	n. 前院	tem8	auto-v1: exact complete 2–6 Han-character gloss from one or both of ECDICT/KyleBing; exact current pinyin candidate and packed glossary key; matching POS in the packed key; exam membership and bundled IPA; one mapping per English headword; maximum eight added rows per Chinese key.
hangings	门帘	n.	tem8	ECDICT MIT	dual-source	yes	yes	no	men lian	93	door curtain [n.]	n. 门帘；脚手架；帘布（hanging的复数）	tem8	auto-v1: exact complete 2–6 Han-character gloss from one or both of ECDICT/KyleBing; exact current pinyin candidate and packed glossary key; matching POS in the packed key; exam membership and bundled IPA; one mapping per English headword; maximum eight added rows per Chinese key.
tactician	谋士	n.	tem8	ECDICT MIT	dual-source	yes	yes	no	mou shi	90	strategist [n.]	n. 战术家, 谋士	tem8	auto-v1: exact complete 2–6 Han-character gloss from one or both of ECDICT/KyleBing; exact current pinyin candidate and packed glossary key; matching POS in the packed key; exam membership and bundled IPA; one mapping per English headword; maximum eight added rows per Chinese key.
hemline	底边	n.	tem8	ECDICT MIT	dual-source	yes	yes	no	di bian	87	base [n.]	n. 底缘, 底边	tem8	auto-v1: exact complete 2–6 Han-character gloss from one or both of ECDICT/KyleBing; exact current pinyin candidate and packed glossary key; matching POS in the packed key; exam membership and bundled IPA; one mapping per English headword; maximum eight added rows per Chinese key.
hector	愚弄	v.	tem8	ECDICT MIT	dual-source	yes	yes	no	yu nong	87	fool [v.] | deceive [v.]	n. 威吓者, 虚张声势的人\nvt.vi. 说大话, 吓唬, 折磨, 愚弄	tem8	auto-v1: exact complete 2–6 Han-character gloss from one or both of ECDICT/KyleBing; exact current pinyin candidate and packed glossary key; matching POS in the packed key; exam membership and bundled IPA; one mapping per English headword; maximum eight added rows per Chinese key.
coffer	保险箱	n.	ielts	ECDICT MIT	dual-source	yes	yes	no	bao xian xiang	84	safe [n.]	n. 保险箱, 金库\nvt. 把...锁进箱子	ielts	auto-v1: exact complete 2–6 Han-character gloss from one or both of ECDICT/KyleBing; exact current pinyin candidate and packed glossary key; matching POS in the packed key; exam membership and bundled IPA; one mapping per English headword; maximum eight added rows per Chinese key.
shoddy	赝品	n.	tem8	ECDICT MIT	dual-source	yes	yes	no	yan pin	75	fake [n.]	a. 用长弹毛做的, 以次充好的\nn. 长弹毛, 软再生毛, 赝品	tem8	auto-v1: exact complete 2–6 Han-character gloss from one or both of ECDICT/KyleBing; exact current pinyin candidate and packed glossary key; matching POS in the packed key; exam membership and bundled IPA; one mapping per English headword; maximum eight added rows per Chinese key.
somebody	大人物	n.	tem8	ECDICT MIT	dual-source	yes	yes	no	da ren wu	73	big shot [n.]	n. 了不起的人, 大人物\npron. 有人, 某人	tem8	auto-v1: exact complete 2–6 Han-character gloss from one or both of ECDICT/KyleBing; exact current pinyin candidate and packed glossary key; matching POS in the packed key; exam membership and bundled IPA; one mapping per English headword; maximum eight added rows per Chinese key.
epigram	警句	n.	tem8	ECDICT MIT	dual-source	yes	yes	no	jing ju	73	aphorism [n.]	n. 警句, 讽刺短诗	tem8	auto-v1: exact complete 2–6 Han-character gloss from one or both of ECDICT/KyleBing; exact current pinyin candidate and packed glossary key; matching POS in the packed key; exam membership and bundled IPA; one mapping per English headword; maximum eight added rows per Chinese key.
yeoman	自由民	n.	tem8	ECDICT MIT	dual-source	yes	yes	no	zi you min	72	freeman [n.]	n. 自由民, 自耕农\n[法] 小地主, 自耕农, 自由民	tem8	auto-v1: exact complete 2–6 Han-character gloss from one or both of ECDICT/KyleBing; exact current pinyin candidate and packed glossary key; matching POS in the packed key; exam membership and bundled IPA; one mapping per English headword; maximum eight added rows per Chinese key.
hotplate	电炉	n.	tem8	ECDICT MIT	dual-source	yes	yes	no	dian lu	72	electric stove [n.]	n. 电炉	tem8	auto-v1: exact complete 2–6 Han-character gloss from one or both of ECDICT/KyleBing; exact current pinyin candidate and packed glossary key; matching POS in the packed key; exam membership and bundled IPA; one mapping per English headword; maximum eight added rows per Chinese key.
trounce	痛打	v.	tem8	ECDICT MIT	dual-source	yes	yes	no	tong da	71	beat severely [v.]	vt. 痛打, 严惩	tem8	auto-v1: exact complete 2–6 Han-character gloss from one or both of ECDICT/KyleBing; exact current pinyin candidate and packed glossary key; matching POS in the packed key; exam membership and bundled IPA; one mapping per English headword; maximum eight added rows per Chinese key.
brash	骤雨	n.	tem8	ECDICT MIT	dual-source	yes	yes	no	zhou yu	70	shower [n.] | sudden rain [n.]	a. 性急的, 仓促的, 无礼的, 傲慢的\nn. 胃灼热, 骤雨, 碎石堆	tem8	auto-v1: exact complete 2–6 Han-character gloss from one or both of ECDICT/KyleBing; exact current pinyin candidate and packed glossary key; matching POS in the packed key; exam membership and bundled IPA; one mapping per English headword; maximum eight added rows per Chinese key.
booze	酒宴	n.	tem8	ECDICT MIT	dual-source	yes	yes	no	jiu yan	66	banquet [n.]	vi. 豪饮\nn. 酒, 酒宴	tem8	auto-v1: exact complete 2–6 Han-character gloss from one or both of ECDICT/KyleBing; exact current pinyin candidate and packed glossary key; matching POS in the packed key; exam membership and bundled IPA; one mapping per English headword; maximum eight added rows per Chinese key.
logger	樵夫	n.	toefl	ECDICT MIT	dual-source	yes	yes	no	qiao fu	66	woodcutter [n.]	n. 樵夫, 圆木装车机\n[计] 记录器; 注册器; 登记器	toefl	auto-v1: exact complete 2–6 Han-character gloss from one or both of ECDICT/KyleBing; exact current pinyin candidate and packed glossary key; matching POS in the packed key; exam membership and bundled IPA; one mapping per English headword; maximum eight added rows per Chinese key.
fag	苦工	n.	tem8	ECDICT MIT	dual-source	yes	yes	no	ku gong	62	hard labor [n.]	n. 吃力的工作, 苦工\nvi. 努力地工作\nvt. 使劳累	tem8	auto-v1: exact complete 2–6 Han-character gloss from one or both of ECDICT/KyleBing; exact current pinyin candidate and packed glossary key; matching POS in the packed key; exam membership and bundled IPA; one mapping per English headword; maximum eight added rows per Chinese key.
mockery	笑柄	n.	tem8	ECDICT MIT	dual-source	yes	yes	no	xiao bing	61	laughingstock [n.]	n. 嘲弄, 笑柄, 歪曲	tem8	auto-v1: exact complete 2–6 Han-character gloss from one or both of ECDICT/KyleBing; exact current pinyin candidate and packed glossary key; matching POS in the packed key; exam membership and bundled IPA; one mapping per English headword; maximum eight added rows per Chinese key.
undersell	抛售	v.	tem8	ECDICT MIT	dual-source	yes	yes	no	pao shou	56	sell off [v.]	vt. 以低于市价售出, 抛售\n[经] 廉价出售	tem8	auto-v1: exact complete 2–6 Han-character gloss from one or both of ECDICT/KyleBing; exact current pinyin candidate and packed glossary key; matching POS in the packed key; exam membership and bundled IPA; one mapping per English headword; maximum eight added rows per Chinese key.
signet	图章	n.	tem8	ECDICT MIT	dual-source	yes	yes	no	tu zhang	54	seal [n.] | stamp [n.]	n. 印, 图章\nvt. 盖章于	tem8	auto-v1: exact complete 2–6 Han-character gloss from one or both of ECDICT/KyleBing; exact current pinyin candidate and packed glossary key; matching POS in the packed key; exam membership and bundled IPA; one mapping per English headword; maximum eight added rows per Chinese key.
floodlight	照明灯	n.	tem8	ECDICT MIT	dual-source	yes	yes	no	zhao ming deng	53	light [n.]	n. 照明灯, 泛光\nvt. 用泛光灯照亮	tem8	auto-v1: exact complete 2–6 Han-character gloss from one or both of ECDICT/KyleBing; exact current pinyin candidate and packed glossary key; matching POS in the packed key; exam membership and bundled IPA; one mapping per English headword; maximum eight added rows per Chinese key.
heckle	诘问	v.	tem8	ECDICT MIT	dual-source	yes	yes	no	jie wen	53	interrogate [v.]	vt. 诘问, 以麻梳梳理, 激烈质问\nn. 针排	tem8	auto-v1: exact complete 2–6 Han-character gloss from one or both of ECDICT/KyleBing; exact current pinyin candidate and packed glossary key; matching POS in the packed key; exam membership and bundled IPA; one mapping per English headword; maximum eight added rows per Chinese key.
icing	糖衣	n.	tem8	ECDICT MIT	dual-source	yes	yes	no	tang yi	51	sugar coating [n.]	n. 糖衣, 结冰	tem8	auto-v1: exact complete 2–6 Han-character gloss from one or both of ECDICT/KyleBing; exact current pinyin candidate and packed glossary key; matching POS in the packed key; exam membership and bundled IPA; one mapping per English headword; maximum eight added rows per Chinese key.
patter	行话	n.	tem8	ECDICT MIT	dual-source	yes	yes	no	hang hua	50	jargon [n.]	n. 急速拍打声, 轻快脚步声, 行话, 快板, 饶舌\nvi. 急速地说, 滴答地响, 祷告, 念经, 念顺口溜\nvt. 使发嗒嗒声, 喋喋不休地说	tem8	auto-v1: exact complete 2–6 Han-character gloss from one or both of ECDICT/KyleBing; exact current pinyin candidate and packed glossary key; matching POS in the packed key; exam membership and bundled IPA; one mapping per English headword; maximum eight added rows per Chinese key.
scowl	愁容	n.	toefl	ECDICT MIT	dual-source	yes	yes	no	chou rong	45	worried look [n.]	n. 愁容, 阴沉脸色\nvi. 皱眉, 绷着脸\nvt. 怒视	toefl	auto-v1: exact complete 2–6 Han-character gloss from one or both of ECDICT/KyleBing; exact current pinyin candidate and packed glossary key; matching POS in the packed key; exam membership and bundled IPA; one mapping per English headword; maximum eight added rows per Chinese key.
hypnotism	催眠术	n.	tem8	ECDICT MIT	dual-source	yes	yes	no	cui mian shu	45	hypnosis [n.]	n. 催眠术, 催眠状态\n[医] 催眠状态, 催眠术	tem8	auto-v1: exact complete 2–6 Han-character gloss from one or both of ECDICT/KyleBing; exact current pinyin candidate and packed glossary key; matching POS in the packed key; exam membership and bundled IPA; one mapping per English headword; maximum eight added rows per Chinese key.
quina	奎宁	n.	toefl	ECDICT MIT	dual-source	yes	yes	no	kui ning	44	quinine [n.]	n. 金鸡纳皮, 奎宁\n[医] 金鸡纳皮	toefl	auto-v1: exact complete 2–6 Han-character gloss from one or both of ECDICT/KyleBing; exact current pinyin candidate and packed glossary key; matching POS in the packed key; exam membership and bundled IPA; one mapping per English headword; maximum eight added rows per Chinese key.
equipped	整装	v.	tem4	ECDICT MIT	dual-source	yes	yes	no	zheng zhuang	43	pack up [v.]	v. 装备；整装；预备（equip的过去分词）	tem4	auto-v1: exact complete 2–6 Han-character gloss from one or both of ECDICT/KyleBing; exact current pinyin candidate and packed glossary key; matching POS in the packed key; exam membership and bundled IPA; one mapping per English headword; maximum eight added rows per Chinese key.
compendium	概略	n.	ielts	ECDICT MIT	dual-source	yes	yes	no	gai lve	39	outline [n.]	n. 纲要, 概略\n[电] 简述	ielts	auto-v1: exact complete 2–6 Han-character gloss from one or both of ECDICT/KyleBing; exact current pinyin candidate and packed glossary key; matching POS in the packed key; exam membership and bundled IPA; one mapping per English headword; maximum eight added rows per Chinese key.
furl	收拢	v.	tem8	ECDICT MIT	dual-source	yes	yes	no	shou long	39	gather [v.] | collect [v.]	vt. 卷收, 叠, 收拢\nvi. 卷起, 收拢\nn. 卷收, 卷起, 卷起的方式	tem8	auto-v1: exact complete 2–6 Han-character gloss from one or both of ECDICT/KyleBing; exact current pinyin candidate and packed glossary key; matching POS in the packed key; exam membership and bundled IPA; one mapping per English headword; maximum eight added rows per Chinese key.
maladministration	弊政	n.	tem8	ECDICT MIT	dual-source	yes	yes	no	bi zheng	38	bad government [n.]	n. 管理不善, 弊政\n[法] 管理不善, 弊政	tem8	auto-v1: exact complete 2–6 Han-character gloss from one or both of ECDICT/KyleBing; exact current pinyin candidate and packed glossary key; matching POS in the packed key; exam membership and bundled IPA; one mapping per English headword; maximum eight added rows per Chinese key.
beater	搅拌器	n.	toefl	ECDICT MIT	dual-source	yes	yes	no	jiao ban qi	33	mixer [n.] | stirrer [n.]	n. 打的人, 拍打树丛惊起猎物的人, 搅拌器\n[化] 打浆机	toefl	auto-v1: exact complete 2–6 Han-character gloss from one or both of ECDICT/KyleBing; exact current pinyin candidate and packed glossary key; matching POS in the packed key; exam membership and bundled IPA; one mapping per English headword; maximum eight added rows per Chinese key.
shunt	推延	v.	tem8	ECDICT MIT	dual-source	yes	yes	no	tui yan	32	postpone [v.]	vt. 使转轨, 使分流, 回避讨论, 推延\nvi. 转向一边, 转轨, 往返\nn. 转轨, 分流	tem8	auto-v1: exact complete 2–6 Han-character gloss from one or both of ECDICT/KyleBing; exact current pinyin candidate and packed glossary key; matching POS in the packed key; exam membership and bundled IPA; one mapping per English headword; maximum eight added rows per Chinese key.
bylaw	附则	n.	toefl	ECDICT MIT	dual-source	yes	yes	no	fu ze	29	supplementary provisions [n.]	n. 附则, 细则	toefl	auto-v1: exact complete 2–6 Han-character gloss from one or both of ECDICT/KyleBing; exact current pinyin candidate and packed glossary key; matching POS in the packed key; exam membership and bundled IPA; one mapping per English headword; maximum eight added rows per Chinese key.
whittle	屠刀	n.	toefl	ECDICT MIT	dual-source	yes	yes	no	tu dao	25	butcher knife [n.]	vt. 逐渐削薄, 削整, 削弱, 削减\nvi. 削木头\nn. 大刀, 屠刀	toefl	auto-v1: exact complete 2–6 Han-character gloss from one or both of ECDICT/KyleBing; exact current pinyin candidate and packed glossary key; matching POS in the packed key; exam membership and bundled IPA; one mapping per English headword; maximum eight added rows per Chinese key.
oilskin	油布	n.	toefl	ECDICT MIT	dual-source	yes	yes	no	you bu	24	oilcloth [n.]	n. 油布, 油布雨衣	toefl	auto-v1: exact complete 2–6 Han-character gloss from one or both of ECDICT/KyleBing; exact current pinyin candidate and packed glossary key; matching POS in the packed key; exam membership and bundled IPA; one mapping per English headword; maximum eight added rows per Chinese key.
daffodil	水仙花	n.	tem8	ECDICT MIT	dual-source	yes	yes	no	shui xian hua	21	narcissus [n.]	n. 水仙花\na. 水仙花色的	tem8	auto-v1: exact complete 2–6 Han-character gloss from one or both of ECDICT/KyleBing; exact current pinyin candidate and packed glossary key; matching POS in the packed key; exam membership and bundled IPA; one mapping per English headword; maximum eight added rows per Chinese key.
hardboard	硬纸板	n.	tem8	ECDICT MIT	dual-source	yes	yes	no	ying zhi ban	21	cardboard [n.]	n. 硬纸板	tem8	auto-v1: exact complete 2–6 Han-character gloss from one or both of ECDICT/KyleBing; exact current pinyin candidate and packed glossary key; matching POS in the packed key; exam membership and bundled IPA; one mapping per English headword; maximum eight added rows per Chinese key.
greener	生手	n.	toefl	ECDICT MIT	dual-source	yes	yes	no	sheng shou	20	novice [n.]	n. 生手	toefl	auto-v1: exact complete 2–6 Han-character gloss from one or both of ECDICT/KyleBing; exact current pinyin candidate and packed glossary key; matching POS in the packed key; exam membership and bundled IPA; one mapping per English headword; maximum eight added rows per Chinese key.
festivity	欢宴	n.	tem8	ECDICT MIT	dual-source	yes	yes	no	huan yan	18	banquet [n.]	n. 节日, 喜庆日, 欢宴, 欢庆	tem8	auto-v1: exact complete 2–6 Han-character gloss from one or both of ECDICT/KyleBing; exact current pinyin candidate and packed glossary key; matching POS in the packed key; exam membership and bundled IPA; one mapping per English headword; maximum eight added rows per Chinese key.
guzzle	狂饮	v.	ielts	ECDICT MIT	dual-source	yes	yes	no	kuang yin	16	drink heavily [v.]	v. 狂饮, 暴食, 喝酒化掉(钱)	ielts	auto-v1: exact complete 2–6 Han-character gloss from one or both of ECDICT/KyleBing; exact current pinyin candidate and packed glossary key; matching POS in the packed key; exam membership and bundled IPA; one mapping per English headword; maximum eight added rows per Chinese key.
dresser	碗柜	n.	tem8	ECDICT MIT	dual-source	yes	yes	no	wan gui	12	cupboard [n.]	n. 化妆台, (剧团)服装师, 碗柜\n[医] 敷裹员	tem8	auto-v1: exact complete 2–6 Han-character gloss from one or both of ECDICT/KyleBing; exact current pinyin candidate and packed glossary key; matching POS in the packed key; exam membership and bundled IPA; one mapping per English headword; maximum eight added rows per Chinese key.
surrogate	代用品	n.	tem8	ECDICT MIT	dual-source	yes	yes	no	dai yong pin	10	substitute [n.]	n. 替代者, 代用品\nvt. 代理, 替代	tem8	auto-v1: exact complete 2–6 Han-character gloss from one or both of ECDICT/KyleBing; exact current pinyin candidate and packed glossary key; matching POS in the packed key; exam membership and bundled IPA; one mapping per English headword; maximum eight added rows per Chinese key.
silage	青贮	v.	tem8	ECDICT MIT	dual-source	yes	yes	no	qing zhu	9	ensile [v.]	n. 青贮饲料\nvt. 青贮	tem8	auto-v1: exact complete 2–6 Han-character gloss from one or both of ECDICT/KyleBing; exact current pinyin candidate and packed glossary key; matching POS in the packed key; exam membership and bundled IPA; one mapping per English headword; maximum eight added rows per Chinese key.
woollen	毛织品	n.	tem8	ECDICT MIT	dual-source	yes	yes	no	mao zhi pin	9	woolen fabric [n.]	n. 毛织品\na. 羊毛制的	tem8	auto-v1: exact complete 2–6 Han-character gloss from one or both of ECDICT/KyleBing; exact current pinyin candidate and packed glossary key; matching POS in the packed key; exam membership and bundled IPA; one mapping per English headword; maximum eight added rows per Chinese key.
hobnail	乡下佬	n.	tem8	ECDICT MIT	dual-source	yes	yes	no	xiang xia lao	6	country bumpkin [n.]	n. 鞋钉, 乡下佬	tem8	auto-v1: exact complete 2–6 Han-character gloss from one or both of ECDICT/KyleBing; exact current pinyin candidate and packed glossary key; matching POS in the packed key; exam membership and bundled IPA; one mapping per English headword; maximum eight added rows per Chinese key.
headlamp	桅灯	n.	tem8	ECDICT MIT	dual-source	yes	yes	no	wei deng	4	mast lamp [n.]	n. (汽车的)前灯, (矿工头上的)照明灯, 桅灯	tem8	auto-v1: exact complete 2–6 Han-character gloss from one or both of ECDICT/KyleBing; exact current pinyin candidate and packed glossary key; matching POS in the packed key; exam membership and bundled IPA; one mapping per English headword; maximum eight added rows per Chinese key.
smoulder	郁积	v.	tem8	ECDICT MIT	dual-source	yes	yes	no	yu ji	4	accumulate [v.] | pent up [v.]	vi. 闷烧, 郁积\nn. 闷烧	tem8	auto-v1: exact complete 2–6 Han-character gloss from one or both of ECDICT/KyleBing; exact current pinyin candidate and packed glossary key; matching POS in the packed key; exam membership and bundled IPA; one mapping per English headword; maximum eight added rows per Chinese key.
exclusively	专门	adv.	tem4,tem8,toefl,ielts	ECDICT MIT	ecdict-only	yes	no	no	zhuan men	12361	specially [adv.]	adv. 排他地, 仅仅, 专门, 只, 仅, 唯一地, 专有地		auto-v1: exact complete 2–6 Han-character gloss from one or both of ECDICT/KyleBing; exact current pinyin candidate and packed glossary key; matching POS in the packed key; exam membership and bundled IPA; one mapping per English headword; maximum eight added rows per Chinese key.
sicken	生病	v.	tem4,tem8,toefl,ielts	ECDICT MIT	ecdict-only	yes	no	no	sheng bing	10524	get sick [v.]	vt. 患病, 使厌倦, 使恶心\nvi. 生病, 作呕		auto-v1: exact complete 2–6 Han-character gloss from one or both of ECDICT/KyleBing; exact current pinyin candidate and packed glossary key; matching POS in the packed key; exam membership and bundled IPA; one mapping per English headword; maximum eight added rows per Chinese key.
chore	家务	n.	tem4,tem8,toefl,ielts	ECDICT MIT	ecdict-only	yes	no	no	jia wu	1714	housework [n.] | chores [n.]	n. 零工, 家务\n[经] 零工		auto-v1: exact complete 2–6 Han-character gloss from one or both of ECDICT/KyleBing; exact current pinyin candidate and packed glossary key; matching POS in the packed key; exam membership and bundled IPA; one mapping per English headword; maximum eight added rows per Chinese key.
slam	猛攻	v.	tem4,tem8,toefl,ielts	ECDICT MIT	ecdict-only	yes	no	no	meng gong	250	assault [v.] | storm [v.]	n. 砰然声, 猛然, 猛烈的抨击\nvt. 猛然关上, 砰地关上, 猛烈抨击\nvi. 砰地关上, 猛攻		auto-v1: exact complete 2–6 Han-character gloss from one or both of ECDICT/KyleBing; exact current pinyin candidate and packed glossary key; matching POS in the packed key; exam membership and bundled IPA; one mapping per English headword; maximum eight added rows per Chinese key.
hostel	宿舍	n.	tem4,tem8,ielts	ECDICT MIT	ecdict-only	yes	no	no	su she	32145	dormitory [n.]	n. 青年招待所, 宿舍, 旅店		auto-v1: exact complete 2–6 Han-character gloss from one or both of ECDICT/KyleBing; exact current pinyin candidate and packed glossary key; matching POS in the packed key; exam membership and bundled IPA; one mapping per English headword; maximum eight added rows per Chinese key.
scotch	伤害	v.	tem4,tem8,toefl	ECDICT MIT	ecdict-only	yes	no	no	shang hai	14041	hurt [v.] | harm [v.]	n. 苏格兰人, 苏格兰语, 刻痕\na. 苏格兰人的, 苏格兰语的\nvt. 刻痕于, 伤害, 镇压, 妨碍		auto-v1: exact complete 2–6 Han-character gloss from one or both of ECDICT/KyleBing; exact current pinyin candidate and packed glossary key; matching POS in the packed key; exam membership and bundled IPA; one mapping per English headword; maximum eight added rows per Chinese key.
turnpike	公路	n.	tem4,tem8,toefl	ECDICT MIT	ecdict-only	yes	no	no	gong lu	13021	highway [n.]	n. 收税栅, 收税路, 收税高速公路, 公路, 大道		auto-v1: exact complete 2–6 Han-character gloss from one or both of ECDICT/KyleBing; exact current pinyin candidate and packed glossary key; matching POS in the packed key; exam membership and bundled IPA; one mapping per English headword; maximum eight added rows per Chinese key.
exhilarate	鼓励	v.	tem8,toefl,ielts	ECDICT MIT	ecdict-only	yes	no	no	gu li	10430	encourage [v.]	vt. 使高兴, 使愉快, 鼓励		auto-v1: exact complete 2–6 Han-character gloss from one or both of ECDICT/KyleBing; exact current pinyin candidate and packed glossary key; matching POS in the packed key; exam membership and bundled IPA; one mapping per English headword; maximum eight added rows per Chinese key.
pervade	充满	v.	tem8,toefl,ielts	ECDICT MIT	ecdict-only	yes	no	no	chong man	8607	fill [v.]	vt. 弥漫于, 遍及于, 流行于, 蔓延, 渗透于, 充满		auto-v1: exact complete 2–6 Han-character gloss from one or both of ECDICT/KyleBing; exact current pinyin candidate and packed glossary key; matching POS in the packed key; exam membership and bundled IPA; one mapping per English headword; maximum eight added rows per Chinese key.
irritation	烦恼	n.	tem4,tem8,ielts	ECDICT MIT	ecdict-only	yes	no	no	fan nao	7393	worry [n.]	n. 刺激, 烦恼, 刺激物\n[医] 刺激[作用], 兴奋		auto-v1: exact complete 2–6 Han-character gloss from one or both of ECDICT/KyleBing; exact current pinyin candidate and packed glossary key; matching POS in the packed key; exam membership and bundled IPA; one mapping per English headword; maximum eight added rows per Chinese key.
expanse	天空	n.	tem4,tem8,toefl	ECDICT MIT	ecdict-only	yes	no	no	tian kong	7181	sky [n.]	n. 宽阔区域, 宽阔, 天空		auto-v1: exact complete 2–6 Han-character gloss from one or both of ECDICT/KyleBing; exact current pinyin candidate and packed glossary key; matching POS in the packed key; exam membership and bundled IPA; one mapping per English headword; maximum eight added rows per Chinese key.
hamlet	部落	n.	tem8,toefl,ielts	ECDICT MIT	ecdict-only	yes	no	no	bu luo	7078	tribe [n.]	n. 小村, 部落		auto-v1: exact complete 2–6 Han-character gloss from one or both of ECDICT/KyleBing; exact current pinyin candidate and packed glossary key; matching POS in the packed key; exam membership and bundled IPA; one mapping per English headword; maximum eight added rows per Chinese key.
pinpoint	强调	v.	tem8,toefl,ielts	ECDICT MIT	ecdict-only	yes	no	no	qiang diao	6934	emphasize [v.]	n. 极小之物, 针尖, 立锥之地, 精确位置\nvt. 精确地找到, 准确地轰炸, 刺穿, 准确描述, 使突出, 强调\na. 针尖的, 极微的, 精确的, 详尽的, 精确定位的		auto-v1: exact complete 2–6 Han-character gloss from one or both of ECDICT/KyleBing; exact current pinyin candidate and packed glossary key; matching POS in the packed key; exam membership and bundled IPA; one mapping per English headword; maximum eight added rows per Chinese key.
bodily	亲自	adv.	tem4,tem8,toefl	ECDICT MIT	ecdict-only	yes	no	no	qin zi	6508	personally [adv.]	a. 身体的\nadv. 亲自		auto-v1: exact complete 2–6 Han-character gloss from one or both of ECDICT/KyleBing; exact current pinyin candidate and packed glossary key; matching POS in the packed key; exam membership and bundled IPA; one mapping per English headword; maximum eight added rows per Chinese key.
toddle	溜达	v.	tem4,tem8,ielts	ECDICT MIT	ecdict-only	yes	no	no	liu da	4290	stroll [v.] | wander [v.]	vi. 东倒西歪地走, 蹒跚学步, 溜达\nn. 东倒西歪的走路, 蹒跚		auto-v1: exact complete 2–6 Han-character gloss from one or both of ECDICT/KyleBing; exact current pinyin candidate and packed glossary key; matching POS in the packed key; exam membership and bundled IPA; one mapping per English headword; maximum eight added rows per Chinese key.
tinge	色彩	n.	tem8,toefl,ielts	ECDICT MIT	ecdict-only	yes	no	no	se cai	4007	color [n.]	n. 色调, 色彩, 气味, 气息\nvt. 染, 使带气息		auto-v1: exact complete 2–6 Han-character gloss from one or both of ECDICT/KyleBing; exact current pinyin candidate and packed glossary key; matching POS in the packed key; exam membership and bundled IPA; one mapping per English headword; maximum eight added rows per Chinese key.
influx	河口	n.	tem8,toefl,ielts	ECDICT MIT	ecdict-only	yes	no	no	he kou	3196	river mouth [n.]	n. 流入, 河口, 汇集\n[医] 注入, 流入		auto-v1: exact complete 2–6 Han-character gloss from one or both of ECDICT/KyleBing; exact current pinyin candidate and packed glossary key; matching POS in the packed key; exam membership and bundled IPA; one mapping per English headword; maximum eight added rows per Chinese key.
carcass	尸体	n.	tem4,tem8,toefl	ECDICT MIT	ecdict-only	yes	no	no	shi ti	3072	corpse [n.] | body [n.]	n. 尸体\n[医] 屠体(宰后除脏的畜体)		auto-v1: exact complete 2–6 Han-character gloss from one or both of ECDICT/KyleBing; exact current pinyin candidate and packed glossary key; matching POS in the packed key; exam membership and bundled IPA; one mapping per English headword; maximum eight added rows per Chinese key.
lateral	支线	n.	tem8,toefl,ielts	ECDICT MIT	ecdict-only	yes	no	no	zhi xian	3056	branch line [n.]	n. 侧部, 支线, 边音\na. 侧面的, 旁边的		auto-v1: exact complete 2–6 Han-character gloss from one or both of ECDICT/KyleBing; exact current pinyin candidate and packed glossary key; matching POS in the packed key; exam membership and bundled IPA; one mapping per English headword; maximum eight added rows per Chinese key.
paralyse	终止	v.	tem4,tem8,ielts	ECDICT MIT	ecdict-only	yes	no	no	zhong zhi	2957	terminate [v.] | end [v.]	vt. 使麻痹, 使瘫痪, 使无力, 使气馁, 终止\n[医] 使麻痹, 使瘫痪		auto-v1: exact complete 2–6 Han-character gloss from one or both of ECDICT/KyleBing; exact current pinyin candidate and packed glossary key; matching POS in the packed key; exam membership and bundled IPA; one mapping per English headword; maximum eight added rows per Chinese key.
alight	落下	v.	tem8,toefl,ielts	ECDICT MIT	ecdict-only	yes	no	no	luo xia	1143	fall [v.] | drop [v.]	vi. 落下, 偶然发现\na. 点着的		auto-v1: exact complete 2–6 Han-character gloss from one or both of ECDICT/KyleBing; exact current pinyin candidate and packed glossary key; matching POS in the packed key; exam membership and bundled IPA; one mapping per English headword; maximum eight added rows per Chinese key.
burgeon	发芽	v.	tem8,toefl,ielts	ECDICT MIT	ecdict-only	yes	no	no	fa ya	1066	sprout [v.]	n. 芽, 嫩枝\nv. 萌芽, 发芽		auto-v1: exact complete 2–6 Han-character gloss from one or both of ECDICT/KyleBing; exact current pinyin candidate and packed glossary key; matching POS in the packed key; exam membership and bundled IPA; one mapping per English headword; maximum eight added rows per Chinese key.
dining	宴会	n.	tem8,toefl,ielts	ECDICT MIT	ecdict-only	yes	no	no	yan hui	919	banquet [n.] | party [n.]	n. 正餐, 宴会		auto-v1: exact complete 2–6 Han-character gloss from one or both of ECDICT/KyleBing; exact current pinyin candidate and packed glossary key; matching POS in the packed key; exam membership and bundled IPA; one mapping per English headword; maximum eight added rows per Chinese key.
delude	迷惑	v.	tem8,toefl,ielts	ECDICT MIT	ecdict-only	yes	no	no	mi huo	688	puzzle [v.] | confuse [v.]	vt. 迷惑, 蛊惑		auto-v1: exact complete 2–6 Han-character gloss from one or both of ECDICT/KyleBing; exact current pinyin candidate and packed glossary key; matching POS in the packed key; exam membership and bundled IPA; one mapping per English headword; maximum eight added rows per Chinese key.
gateway	通路	n.	tem4,tem8,toefl	ECDICT MIT	ecdict-only	yes	no	no	tong lu	433	passage [n.] | aisle [n.]	n. 门, 通路\n[计] 网关		auto-v1: exact complete 2–6 Han-character gloss from one or both of ECDICT/KyleBing; exact current pinyin candidate and packed glossary key; matching POS in the packed key; exam membership and bundled IPA; one mapping per English headword; maximum eight added rows per Chinese key.
obsolete	废物	n.	tem8,toefl,ielts	ECDICT MIT	ecdict-only	yes	no	no	fei wu	429	waste [n.] | junk [n.]	a. 荒废的, 成废物的, 陈旧的, 老式的\nn. 废词, 废物		auto-v1: exact complete 2–6 Han-character gloss from one or both of ECDICT/KyleBing; exact current pinyin candidate and packed glossary key; matching POS in the packed key; exam membership and bundled IPA; one mapping per English headword; maximum eight added rows per Chinese key.
hesitation	口吃	n.	tem4,tem8,ielts	ECDICT MIT	ecdict-only	yes	no	no	kou chi	368	stutter [n.] | stammer [n.]	n. 犹豫, 踌躇, 含糊, 口吃, 暂停\n[计] 暂停		auto-v1: exact complete 2–6 Han-character gloss from one or both of ECDICT/KyleBing; exact current pinyin candidate and packed glossary key; matching POS in the packed key; exam membership and bundled IPA; one mapping per English headword; maximum eight added rows per Chinese key.
inflict	加害	v.	tem8,toefl,ielts	ECDICT MIT	ecdict-only	yes	no	no	jia hai	332	harm [v.] | injure [v.]	vt. 施以, 加害, 使承受\n[法] 处, 加, 予以		auto-v1: exact complete 2–6 Han-character gloss from one or both of ECDICT/KyleBing; exact current pinyin candidate and packed glossary key; matching POS in the packed key; exam membership and bundled IPA; one mapping per English headword; maximum eight added rows per Chinese key.
painstaking	工夫	n.	tem8,toefl,ielts	ECDICT MIT	ecdict-only	yes	no	no	gong fu	275	time [n.] | effort [n.]	n. 辛苦, 苦心, 工夫\na. 辛苦的, 勤勉的, 小心的		auto-v1: exact complete 2–6 Han-character gloss from one or both of ECDICT/KyleBing; exact current pinyin candidate and packed glossary key; matching POS in the packed key; exam membership and bundled IPA; one mapping per English headword; maximum eight added rows per Chinese key.
complicity	同谋	n.	tem4,tem8,toefl	ECDICT MIT	ecdict-only	yes	no	no	tong mou	177	accomplice [n.]	n. 同谋, 串通, 复杂\n[法] 共谋, 共犯关系		auto-v1: exact complete 2–6 Han-character gloss from one or both of ECDICT/KyleBing; exact current pinyin candidate and packed glossary key; matching POS in the packed key; exam membership and bundled IPA; one mapping per English headword; maximum eight added rows per Chinese key.
emulate	效法	v.	tem8,toefl,ielts	ECDICT MIT	ecdict-only	yes	no	no	xiao fa	147	follow [v.] | imitate [v.]	vt. 效法, 尽力赶上, 同...竞争\n[计] 仿真		auto-v1: exact complete 2–6 Han-character gloss from one or both of ECDICT/KyleBing; exact current pinyin candidate and packed glossary key; matching POS in the packed key; exam membership and bundled IPA; one mapping per English headword; maximum eight added rows per Chinese key.
pane	方框	n.	tem4,tem8,toefl	ECDICT MIT	ecdict-only	yes	no	no	fang kuang	96	square frame [n.]	n. 窗玻璃, 方框, 方格, 窗格\nvt. 嵌窗玻璃于\n[计] 窗格		auto-v1: exact complete 2–6 Han-character gloss from one or both of ECDICT/KyleBing; exact current pinyin candidate and packed glossary key; matching POS in the packed key; exam membership and bundled IPA; one mapping per English headword; maximum eight added rows per Chinese key.
locker	抽屉	n.	tem4,tem8,ielts	ECDICT MIT	ecdict-only	yes	no	no	chou ti	72	drawer [n.]	n. 抽屉, 小柜, 上锁人\n[机] 锁柜		auto-v1: exact complete 2–6 Han-character gloss from one or both of ECDICT/KyleBing; exact current pinyin candidate and packed glossary key; matching POS in the packed key; exam membership and bundled IPA; one mapping per English headword; maximum eight added rows per Chinese key.
haphazard	偶然性	n.	tem8,toefl,ielts	ECDICT MIT	ecdict-only	yes	no	no	ou ran xing	42	contingency [n.] | chance [n.]	n. 偶然性, 偶然事件\na. 无计划的, 偶然的, 随便的\nadv. 偶然地		auto-v1: exact complete 2–6 Han-character gloss from one or both of ECDICT/KyleBing; exact current pinyin candidate and packed glossary key; matching POS in the packed key; exam membership and bundled IPA; one mapping per English headword; maximum eight added rows per Chinese key.
upper	鞋帮	n.	tem8,toefl,ielts	ECDICT MIT	ecdict-only	yes	no	no	xie bang	26	shoe upper [n.]	a. 上面的, 较高的, 上级的, 上院的, 穿在外面的, 北部的, 地表的, 后期的\nn. 鞋帮, 上齿		auto-v1: exact complete 2–6 Han-character gloss from one or both of ECDICT/KyleBing; exact current pinyin candidate and packed glossary key; matching POS in the packed key; exam membership and bundled IPA; one mapping per English headword; maximum eight added rows per Chinese key.
teller	出纳员	n.	tem4,tem8,toefl	ECDICT MIT	ecdict-only	yes	no	yes	chu na yuan	12	cashier [n.]	n. 叙述者, 讲故事者, 出纳员\n[经] 出纳员		auto-v1: exact complete 2–6 Han-character gloss from one or both of ECDICT/KyleBing; exact current pinyin candidate and packed glossary key; matching POS in the packed key; exam membership and bundled IPA; one mapping per English headword; maximum eight added rows per Chinese key.
kennel	阴沟	n.	tem4,tem8,toefl	ECDICT MIT	ecdict-only	yes	no	no	yin gou	5	sewer [n.] | drain [n.]	n. 狗舍, 狗屋, 阴沟\nvt. 置于狗舍, 宿于狗舍\nvi. 进狗窝		auto-v1: exact complete 2–6 Han-character gloss from one or both of ECDICT/KyleBing; exact current pinyin candidate and packed glossary key; matching POS in the packed key; exam membership and bundled IPA; one mapping per English headword; maximum eight added rows per Chinese key.
rapport	关系	n.	tem8,toefl	ECDICT MIT	ecdict-only	yes	no	no	guan xi	51604	relation [n.] | relationship [n.]	n. 关系, 融洽, 一致\n[医] 关系, 协调(病人与医师间), 感通(唯心的灵交术时)		auto-v1: exact complete 2–6 Han-character gloss from one or both of ECDICT/KyleBing; exact current pinyin candidate and packed glossary key; matching POS in the packed key; exam membership and bundled IPA; one mapping per English headword; maximum eight added rows per Chinese key.
disfavour	不喜欢	v.	tem4,tem8	ECDICT MIT	ecdict-only	yes	no	no	bu xi huan	46090	dislike [v.]	vt. 不喜欢, 冷待, 不赞成, 受冷遇, 被疏远, 失宠\nn. 不利		auto-v1: exact complete 2–6 Han-character gloss from one or both of ECDICT/KyleBing; exact current pinyin candidate and packed glossary key; matching POS in the packed key; exam membership and bundled IPA; one mapping per English headword; maximum eight added rows per Chinese key.
hew	坚持	v.	tem8,toefl	ECDICT MIT	ecdict-only	yes	no	no	jian chi	35863	persist [v.] | insist [v.]	vt. 砍, 砍倒, 砍成\nvi. 砍, 劈, 坚持		auto-v1: exact complete 2–6 Han-character gloss from one or both of ECDICT/KyleBing; exact current pinyin candidate and packed glossary key; matching POS in the packed key; exam membership and bundled IPA; one mapping per English headword; maximum eight added rows per Chinese key.
lass	少女	n.	tem4,tem8	ECDICT MIT	ecdict-only	yes	no	no	shao nv	30167	girl [n.] | maiden [n.]	n. 少女, 爱人, 情妇		auto-v1: exact complete 2–6 Han-character gloss from one or both of ECDICT/KyleBing; exact current pinyin candidate and packed glossary key; matching POS in the packed key; exam membership and bundled IPA; one mapping per English headword; maximum eight added rows per Chinese key.
sibling	兄弟	n.	tem8,toefl	ECDICT MIT	ecdict-only	yes	no	no	xiong di	26094	brothers [n.]	n. 兄弟, 同胞\n[医] 同胞(兄弟姐妹)		auto-v1: exact complete 2–6 Han-character gloss from one or both of ECDICT/KyleBing; exact current pinyin candidate and packed glossary key; matching POS in the packed key; exam membership and bundled IPA; one mapping per English headword; maximum eight added rows per Chinese key.
herein	如此	adv.	tem8,toefl	ECDICT MIT	ecdict-only	yes	no	no	ru ci	25059	so [adv.] | such [adv.]	adv. 在此处, 如此		auto-v1: exact complete 2–6 Han-character gloss from one or both of ECDICT/KyleBing; exact current pinyin candidate and packed glossary key; matching POS in the packed key; exam membership and bundled IPA; one mapping per English headword; maximum eight added rows per Chinese key.
idiosyncrasy	风格	n.	tem8,toefl	ECDICT MIT	ecdict-only	yes	no	no	feng ge	21250	style [n.]	n. 气质, 特性, 风格\n[化] 特异反应; 特异性体质		auto-v1: exact complete 2–6 Han-character gloss from one or both of ECDICT/KyleBing; exact current pinyin candidate and packed glossary key; matching POS in the packed key; exam membership and bundled IPA; one mapping per English headword; maximum eight added rows per Chinese key.
bowel	内部	n.	toefl,ielts	ECDICT MIT	ecdict-only	yes	no	no	nei bu	10385	inside [n.] | interior [n.]	n. 肠, 内脏, 内部\nvt. 挖...的内脏		auto-v1: exact complete 2–6 Han-character gloss from one or both of ECDICT/KyleBing; exact current pinyin candidate and packed glossary key; matching POS in the packed key; exam membership and bundled IPA; one mapping per English headword; maximum eight added rows per Chinese key.
inconvenience	困难	n.	tem4,tem8	ECDICT MIT	ecdict-only	yes	no	no	kun nan	8906	difficulty [n.]	n. 不便, 困难\nvt. 使感不便, 使感困难		auto-v1: exact complete 2–6 Han-character gloss from one or both of ECDICT/KyleBing; exact current pinyin candidate and packed glossary key; matching POS in the packed key; exam membership and bundled IPA; one mapping per English headword; maximum eight added rows per Chinese key.
ought	责任	n.	tem8,toefl	ECDICT MIT	ecdict-only	yes	no	no	ze ren	8301	responsibility [n.]	aux. 应该, 大概\nn. 责任		auto-v1: exact complete 2–6 Han-character gloss from one or both of ECDICT/KyleBing; exact current pinyin candidate and packed glossary key; matching POS in the packed key; exam membership and bundled IPA; one mapping per English headword; maximum eight added rows per Chinese key.
cleave	分开	v.	tem8,toefl	ECDICT MIT	ecdict-only	yes	no	no	fen kai	8218	separate [v.]	vt. 劈开, 分开\nvi. 劈开, 分开, 粘着, 依恋		auto-v1: exact complete 2–6 Han-character gloss from one or both of ECDICT/KyleBing; exact current pinyin candidate and packed glossary key; matching POS in the packed key; exam membership and bundled IPA; one mapping per English headword; maximum eight added rows per Chinese key.
matrimony	婚礼	n.	toefl,ielts	ECDICT MIT	ecdict-only	yes	no	no	hun li	8035	wedding [n.]	n. 结婚, 婚姻生活, 婚礼\n[法] 婚姻, 结婚, 婚礼		auto-v1: exact complete 2–6 Han-character gloss from one or both of ECDICT/KyleBing; exact current pinyin candidate and packed glossary key; matching POS in the packed key; exam membership and bundled IPA; one mapping per English headword; maximum eight added rows per Chinese key.
lug	耳朵	n.	tem8,toefl	ECDICT MIT	ecdict-only	yes	no	no	er duo	7957	ear [n.]	v. 拖, 拉\nn. 一拖, 一拉, 耳朵, 耳状物, 装腔作势, 勒索		auto-v1: exact complete 2–6 Han-character gloss from one or both of ECDICT/KyleBing; exact current pinyin candidate and packed glossary key; matching POS in the packed key; exam membership and bundled IPA; one mapping per English headword; maximum eight added rows per Chinese key.
yoghurt	酸奶	n.	tem4,tem8	ECDICT MIT	ecdict-only	yes	no	yes	suan nai	6624	yogurt [n.]	n. 酸乳, 酸奶		auto-v1: exact complete 2–6 Han-character gloss from one or both of ECDICT/KyleBing; exact current pinyin candidate and packed glossary key; matching POS in the packed key; exam membership and bundled IPA; one mapping per English headword; maximum eight added rows per Chinese key.
snag	抢到	v.	tem8,toefl	ECDICT MIT	ecdict-only	yes	no	no	qiang dao	6046	grab [v.] | snatch [v.]	n. (尖利的)突出物, (衣服等的)戳破处, 断牙, 意外障碍\nvt. 造成阻碍, 抓住机会, 抢到, 清除障碍物		auto-v1: exact complete 2–6 Han-character gloss from one or both of ECDICT/KyleBing; exact current pinyin candidate and packed glossary key; matching POS in the packed key; exam membership and bundled IPA; one mapping per English headword; maximum eight added rows per Chinese key.
gripe	抓紧	v.	tem8,toefl	ECDICT MIT	ecdict-only	yes	no	no	zhua jin	5886	grasp [v.] | hurry [v.]	n. 紧握, 柄, 把手, 控制\nvt. 抓紧, 抱住, 使肠痛, 激怒\nvi. 肠绞痛, 抱怨		auto-v1: exact complete 2–6 Han-character gloss from one or both of ECDICT/KyleBing; exact current pinyin candidate and packed glossary key; matching POS in the packed key; exam membership and bundled IPA; one mapping per English headword; maximum eight added rows per Chinese key.
temporal	时间的	adj.	tem8,toefl	ECDICT MIT	ecdict-only	yes	no	no	shi jian de	5823	time [adj.]	a. 时间的, 暂时的, 现世的, 世俗的, 颞的, 太阳穴的\nn. 世间万物, 教会财产		auto-v1: exact complete 2–6 Han-character gloss from one or both of ECDICT/KyleBing; exact current pinyin candidate and packed glossary key; matching POS in the packed key; exam membership and bundled IPA; one mapping per English headword; maximum eight added rows per Chinese key.
budge	推动	v.	tem8,toefl	ECDICT MIT	ecdict-only	yes	no	no	tui dong	5742	promote [v.] | push [v.]	vi. 微微移动\nvt. 推动\nn. 羔羊皮		auto-v1: exact complete 2–6 Han-character gloss from one or both of ECDICT/KyleBing; exact current pinyin candidate and packed glossary key; matching POS in the packed key; exam membership and bundled IPA; one mapping per English headword; maximum eight added rows per Chinese key.
crib	抄袭	v.	tem4,tem8	ECDICT MIT	ecdict-only	yes	no	no	chao xi	5540	plagiarize [v.]	n. 婴儿小床, 食槽, 蓄栏\nvi. 抄袭\nvt. 拘禁, 关入栅栏		auto-v1: exact complete 2–6 Han-character gloss from one or both of ECDICT/KyleBing; exact current pinyin candidate and packed glossary key; matching POS in the packed key; exam membership and bundled IPA; one mapping per English headword; maximum eight added rows per Chinese key.
inclined	可能的	adj.	tem4,toefl	ECDICT MIT	ecdict-only	yes	no	no	ke neng de	5386	possible [adj.]	a. 倾向于...的, 想要...的, 可能的, 趋向于...的		auto-v1: exact complete 2–6 Han-character gloss from one or both of ECDICT/KyleBing; exact current pinyin candidate and packed glossary key; matching POS in the packed key; exam membership and bundled IPA; one mapping per English headword; maximum eight added rows per Chinese key.
supremacy	优势	n.	tem8,toefl	ECDICT MIT	ecdict-only	yes	no	no	you shi	5060	advantage [n.] | strength [n.]	n. 至高无上, 霸权地位, 优势, 至上\n[法] 至高权力, 无上权力, 霸权		auto-v1: exact complete 2–6 Han-character gloss from one or both of ECDICT/KyleBing; exact current pinyin candidate and packed glossary key; matching POS in the packed key; exam membership and bundled IPA; one mapping per English headword; maximum eight added rows per Chinese key.
gabble	废话	n.	tem8,toefl	ECDICT MIT	ecdict-only	yes	no	no	fei hua	4773	nonsense [n.]	vi. 七嘴八嘴地说, 喋喋不休地说\nvt. 急促地说\nn. 急促讲出而叫人听不清的话, 废话		auto-v1: exact complete 2–6 Han-character gloss from one or both of ECDICT/KyleBing; exact current pinyin candidate and packed glossary key; matching POS in the packed key; exam membership and bundled IPA; one mapping per English headword; maximum eight added rows per Chinese key.
mannerism	习性	n.	toefl,ielts	ECDICT MIT	ecdict-only	yes	no	no	xi xing	4365	habit [n.]	n. 矫揉造作, 习性\n[医] 装相, 作态		auto-v1: exact complete 2–6 Han-character gloss from one or both of ECDICT/KyleBing; exact current pinyin candidate and packed glossary key; matching POS in the packed key; exam membership and bundled IPA; one mapping per English headword; maximum eight added rows per Chinese key.
palpitate	发抖	v.	toefl,ielts	ECDICT MIT	ecdict-only	yes	no	no	fa dou	4030	tremble [v.]	vi. 悸动, 心跳, 发抖\n[医] 心悸		auto-v1: exact complete 2–6 Han-character gloss from one or both of ECDICT/KyleBing; exact current pinyin candidate and packed glossary key; matching POS in the packed key; exam membership and bundled IPA; one mapping per English headword; maximum eight added rows per Chinese key.
households	一家人	n.	tem4,ielts	ECDICT MIT	ecdict-only	yes	no	no	yi jia ren	3693	family [n.]	n. 同住在一所房子里的人, 一家人, 户( household的名词复数 )		auto-v1: exact complete 2–6 Han-character gloss from one or both of ECDICT/KyleBing; exact current pinyin candidate and packed glossary key; matching POS in the packed key; exam membership and bundled IPA; one mapping per English headword; maximum eight added rows per Chinese key.
cog	欺骗	v.	tem8,toefl	ECDICT MIT	ecdict-only	yes	no	no	qi pian	3651	deceive [v.] | cheat [v.]	n. 嵌齿, 小船\nvt. 给...装配齿轮, 欺骗		auto-v1: exact complete 2–6 Han-character gloss from one or both of ECDICT/KyleBing; exact current pinyin candidate and packed glossary key; matching POS in the packed key; exam membership and bundled IPA; one mapping per English headword; maximum eight added rows per Chinese key.
innuendo	暗示	v.	tem8,toefl	ECDICT MIT	ecdict-only	yes	no	no	an shi	3520	hint [v.] | imply [v.]	n. 讽刺, 暗讽\nvi. 说讽刺话\nvt. 暗示		auto-v1: exact complete 2–6 Han-character gloss from one or both of ECDICT/KyleBing; exact current pinyin candidate and packed glossary key; matching POS in the packed key; exam membership and bundled IPA; one mapping per English headword; maximum eight added rows per Chinese key.
pinnacle	高峰	n.	toefl,ielts	ECDICT MIT	ecdict-only	yes	no	yes	gao feng	3115	peak [n.] | summit [n.]	n. 小尖塔, 尖峰, 高峰, 极点\nvt. 造小尖塔, 置于尖顶上		auto-v1: exact complete 2–6 Han-character gloss from one or both of ECDICT/KyleBing; exact current pinyin candidate and packed glossary key; matching POS in the packed key; exam membership and bundled IPA; one mapping per English headword; maximum eight added rows per Chinese key.
narrowly	仅仅	adv.	tem4,toefl	ECDICT MIT	ecdict-only	yes	no	no	jin jin	2924	merely [adv.]	adv. 狭窄地, 严密地, 仔细地, 几乎不, 勉强地, 仅仅		auto-v1: exact complete 2–6 Han-character gloss from one or both of ECDICT/KyleBing; exact current pinyin candidate and packed glossary key; matching POS in the packed key; exam membership and bundled IPA; one mapping per English headword; maximum eight added rows per Chinese key.
excellence	优点	n.	tem8,toefl	ECDICT MIT	ecdict-only	yes	no	no	you dian	2806	merit [n.] | strength [n.]	n. 优秀, 卓越, 优点		auto-v1: exact complete 2–6 Han-character gloss from one or both of ECDICT/KyleBing; exact current pinyin candidate and packed glossary key; matching POS in the packed key; exam membership and bundled IPA; one mapping per English headword; maximum eight added rows per Chinese key.
maverick	迷路	v.	tem8,toefl	ECDICT MIT	ecdict-only	yes	no	no	mi lu	2594	get lost [v.]	n. 未烙饲主印记的小牛, 持不同意见的人\nvi. 迷路		auto-v1: exact complete 2–6 Han-character gloss from one or both of ECDICT/KyleBing; exact current pinyin candidate and packed glossary key; matching POS in the packed key; exam membership and bundled IPA; one mapping per English headword; maximum eight added rows per Chinese key.
disuse	废止	v.	tem8,toefl	ECDICT MIT	ecdict-only	yes	no	no	fei zhi	2557	abolish [v.] | repeal [v.]	n. 不被使用, 废弃\nvt. 停止使用, 废止		auto-v1: exact complete 2–6 Han-character gloss from one or both of ECDICT/KyleBing; exact current pinyin candidate and packed glossary key; matching POS in the packed key; exam membership and bundled IPA; one mapping per English headword; maximum eight added rows per Chinese key.
cavern	深处	n.	tem8,toefl	ECDICT MIT	ecdict-only	yes	no	no	shen chu	2117	depths [n.]	n. 巨穴, 洞窟, 深处\nvt. 放于山洞中, 挖空		auto-v1: exact complete 2–6 Han-character gloss from one or both of ECDICT/KyleBing; exact current pinyin candidate and packed glossary key; matching POS in the packed key; exam membership and bundled IPA; one mapping per English headword; maximum eight added rows per Chinese key.
perpetrate	胡说	v.	tem8,ielts	ECDICT MIT	ecdict-only	yes	no	no	hu shuo	1981	talk nonsense [v.]	vt. 做(恶), 犯(罪), 胡说, 恶劣地做\n[法] 犯, 作, 行		auto-v1: exact complete 2–6 Han-character gloss from one or both of ECDICT/KyleBing; exact current pinyin candidate and packed glossary key; matching POS in the packed key; exam membership and bundled IPA; one mapping per English headword; maximum eight added rows per Chinese key.
substantive	名词	n.	tem8,toefl	ECDICT MIT	ecdict-only	yes	no	no	ming ci	1972	noun [n.]	a. 表示实在的, 有实质的, 独立存在的, 大量的, 重大的, 坚实的, 名词的\nn. 名词性实词, 名词		auto-v1: exact complete 2–6 Han-character gloss from one or both of ECDICT/KyleBing; exact current pinyin candidate and packed glossary key; matching POS in the packed key; exam membership and bundled IPA; one mapping per English headword; maximum eight added rows per Chinese key.
workbook	笔记本	n.	tem4,tem8	ECDICT MIT	ecdict-only	yes	no	no	bi ji ben	1889	notebook [n.] | laptop [n.]	n. 辅助练习册, 工作规程书, 工作记事簿, 笔记本, 工作手册\n[计] 工作簿		auto-v1: exact complete 2–6 Han-character gloss from one or both of ECDICT/KyleBing; exact current pinyin candidate and packed glossary key; matching POS in the packed key; exam membership and bundled IPA; one mapping per English headword; maximum eight added rows per Chinese key.
constable	总管	n.	tem4,tem8	ECDICT MIT	ecdict-only	yes	no	no	zong guan	1880	steward [n.] | manager [n.]	n. 治安官, 警官, 总管\n[法] 警察, 警官, 巡警		auto-v1: exact complete 2–6 Han-character gloss from one or both of ECDICT/KyleBing; exact current pinyin candidate and packed glossary key; matching POS in the packed key; exam membership and bundled IPA; one mapping per English headword; maximum eight added rows per Chinese key.
hassle	争论	v.	tem8,ielts	ECDICT MIT	ecdict-only	yes	no	no	zheng lun	1874	argue [v.]	n. 激烈而持久的争论\nvi. 争论\nvt. 与...争辩, 使烦恼		auto-v1: exact complete 2–6 Han-character gloss from one or both of ECDICT/KyleBing; exact current pinyin candidate and packed glossary key; matching POS in the packed key; exam membership and bundled IPA; one mapping per English headword; maximum eight added rows per Chinese key.
haggle	争论	v.	tem8,toefl	ECDICT MIT	ecdict-only	yes	no	no	zheng lun	1874	argue [v.]	vi. 争论, 杀价\nvt. 乱砍, 乱劈\nn. 杀价, 讨论, 争论		auto-v1: exact complete 2–6 Han-character gloss from one or both of ECDICT/KyleBing; exact current pinyin candidate and packed glossary key; matching POS in the packed key; exam membership and bundled IPA; one mapping per English headword; maximum eight added rows per Chinese key.
rep	名声	n.	tem4,tem8	ECDICT MIT	ecdict-only	yes	no	no	ming sheng	1855	fame [n.] | reputation [n.]	n. 棱纹平布, 浪荡子, 名声\n[化] 物理伦琴当量		auto-v1: exact complete 2–6 Han-character gloss from one or both of ECDICT/KyleBing; exact current pinyin candidate and packed glossary key; matching POS in the packed key; exam membership and bundled IPA; one mapping per English headword; maximum eight added rows per Chinese key.
skirmish	侦察	v.	tem4,tem8	ECDICT MIT	ecdict-only	yes	no	no	zhen cha	1794	reconnoiter [v.]	n. 前哨战, 小争论, 小冲突\nvi. 发生小争论, 侦察		auto-v1: exact complete 2–6 Han-character gloss from one or both of ECDICT/KyleBing; exact current pinyin candidate and packed glossary key; matching POS in the packed key; exam membership and bundled IPA; one mapping per English headword; maximum eight added rows per Chinese key.
deflate	缩小	v.	tem8,ielts	ECDICT MIT	ecdict-only	yes	no	no	suo xiao	1491	shrink [v.]	vt. 放气, 抽出空气, 使缩小\nvi. 缩小		auto-v1: exact complete 2–6 Han-character gloss from one or both of ECDICT/KyleBing; exact current pinyin candidate and packed glossary key; matching POS in the packed key; exam membership and bundled IPA; one mapping per English headword; maximum eight added rows per Chinese key.
interlock	连锁	n.	tem8,toefl	ECDICT MIT	ecdict-only	yes	no	no	lian suo	1471	chain [n.]	v. (使)连结, (使)连锁\nn. 连锁, 连结\n[计] 相关; 互锁		auto-v1: exact complete 2–6 Han-character gloss from one or both of ECDICT/KyleBing; exact current pinyin candidate and packed glossary key; matching POS in the packed key; exam membership and bundled IPA; one mapping per English headword; maximum eight added rows per Chinese key.
hurtle	碰撞	v.	tem8,toefl	ECDICT MIT	ecdict-only	yes	no	no	peng zhuang	1391	collide [v.]	vi. 猛冲, 碰撞, 突进\nvt. 猛撞, 猛投\nn. 投掷, 碰撞, 碰撞声		auto-v1: exact complete 2–6 Han-character gloss from one or both of ECDICT/KyleBing; exact current pinyin candidate and packed glossary key; matching POS in the packed key; exam membership and bundled IPA; one mapping per English headword; maximum eight added rows per Chinese key.
extricate	救出	v.	tem8,toefl	ECDICT MIT	ecdict-only	yes	no	no	jiu chu	1370	rescue [v.]	vt. 使解脱, 救出		auto-v1: exact complete 2–6 Han-character gloss from one or both of ECDICT/KyleBing; exact current pinyin candidate and packed glossary key; matching POS in the packed key; exam membership and bundled IPA; one mapping per English headword; maximum eight added rows per Chinese key.
parenthesis	插曲	n.	tem4,tem8	ECDICT MIT	ecdict-only	yes	no	no	cha qu	1263	episode [n.] | interlude [n.]	n. 圆括号, 插入语, 附带, 插曲		auto-v1: exact complete 2–6 Han-character gloss from one or both of ECDICT/KyleBing; exact current pinyin candidate and packed glossary key; matching POS in the packed key; exam membership and bundled IPA; one mapping per English headword; maximum eight added rows per Chinese key.
corroborate	巩固	v.	tem8,toefl	ECDICT MIT	ecdict-only	yes	no	no	gong gu	1259	consolidate [v.] | strengthen [v.]	vt. 巩固, 确证\n[法] 确证, 确定, 证实		auto-v1: exact complete 2–6 Han-character gloss from one or both of ECDICT/KyleBing; exact current pinyin candidate and packed glossary key; matching POS in the packed key; exam membership and bundled IPA; one mapping per English headword; maximum eight added rows per Chinese key.
microchip	芯片	n.	tem4,tem8	ECDICT MIT	ecdict-only	yes	no	yes	xin pian	1195	chip [n.]	n. 微型集成电路片, 微片, 芯片\n[计] 微片		auto-v1: exact complete 2–6 Han-character gloss from one or both of ECDICT/KyleBing; exact current pinyin candidate and packed glossary key; matching POS in the packed key; exam membership and bundled IPA; one mapping per English headword; maximum eight added rows per Chinese key.
implicitly	无疑	adv.	tem8,toefl	ECDICT MIT	ecdict-only	yes	no	no	wu yi	1150	undoubtedly [adv.] | certainly [adv.]	adv. 含蓄, 不言明, 暗示, 暗指, 内含, 固有, 无疑, 绝对, 无保留\n[计] 隐含地		auto-v1: exact complete 2–6 Han-character gloss from one or both of ECDICT/KyleBing; exact current pinyin candidate and packed glossary key; matching POS in the packed key; exam membership and bundled IPA; one mapping per English headword; maximum eight added rows per Chinese key.
demise	转让	v.	tem8,toefl	ECDICT MIT	ecdict-only	yes	no	no	zhuan rang	1126	transfer [v.] | assign [v.]	n. 崩, 薨, 死亡\nvt. 让渡, 遗赠, 转让		auto-v1: exact complete 2–6 Han-character gloss from one or both of ECDICT/KyleBing; exact current pinyin candidate and packed glossary key; matching POS in the packed key; exam membership and bundled IPA; one mapping per English headword; maximum eight added rows per Chinese key.
splendour	光辉	n.	tem4,tem8	ECDICT MIT	ecdict-only	yes	no	no	guang hui	1056	glory [n.]	n. 光辉, 壮丽, 显赫		auto-v1: exact complete 2–6 Han-character gloss from one or both of ECDICT/KyleBing; exact current pinyin candidate and packed glossary key; matching POS in the packed key; exam membership and bundled IPA; one mapping per English headword; maximum eight added rows per Chinese key.
dockyard	造船厂	n.	tem4,tem8	ECDICT MIT	ecdict-only	yes	no	no	zao chuan chang	1044	shipyard [n.]	n. 造船厂, 海军工厂		auto-v1: exact complete 2–6 Han-character gloss from one or both of ECDICT/KyleBing; exact current pinyin candidate and packed glossary key; matching POS in the packed key; exam membership and bundled IPA; one mapping per English headword; maximum eight added rows per Chinese key.
darkness	深色	n.	tem8,toefl	ECDICT MIT	ecdict-only	yes	no	no	shen se	960	dark color [n.]	n. 黑暗, 暗, 深色, 隐密, 模糊, 无知		auto-v1: exact complete 2–6 Han-character gloss from one or both of ECDICT/KyleBing; exact current pinyin candidate and packed glossary key; matching POS in the packed key; exam membership and bundled IPA; one mapping per English headword; maximum eight added rows per Chinese key.
limousine	轿车	n.	tem4,tem8	ECDICT MIT	ecdict-only	yes	no	no	jiao che	786	sedan [n.] | car [n.]	n. 轿车		auto-v1: exact complete 2–6 Han-character gloss from one or both of ECDICT/KyleBing; exact current pinyin candidate and packed glossary key; matching POS in the packed key; exam membership and bundled IPA; one mapping per English headword; maximum eight added rows per Chinese key.
overdraft	气流	n.	tem8,ielts	ECDICT MIT	ecdict-only	yes	no	no	qi liu	724	airflow [n.]	n. 透支, 透支额, 气流, 过度通风\n[经] 透支		auto-v1: exact complete 2–6 Han-character gloss from one or both of ECDICT/KyleBing; exact current pinyin candidate and packed glossary key; matching POS in the packed key; exam membership and bundled IPA; one mapping per English headword; maximum eight added rows per Chinese key.
blare	光泽	n.	tem4,tem8	ECDICT MIT	ecdict-only	yes	no	no	guang ze	718	luster [n.]	n. 巨响, 吼叫声, 光泽\nvi. 高声鸣叫, 大叫\nvt. 大声喊出		auto-v1: exact complete 2–6 Han-character gloss from one or both of ECDICT/KyleBing; exact current pinyin candidate and packed glossary key; matching POS in the packed key; exam membership and bundled IPA; one mapping per English headword; maximum eight added rows per Chinese key.
utterance	言辞	n.	toefl,ielts	ECDICT MIT	ecdict-only	yes	no	no	yan ci	624	words [n.] | diction [n.]	n. 发声, 言辞, 表达, 说话的方式, 死\n[医] 发言, 言语, 语调		auto-v1: exact complete 2–6 Han-character gloss from one or both of ECDICT/KyleBing; exact current pinyin candidate and packed glossary key; matching POS in the packed key; exam membership and bundled IPA; one mapping per English headword; maximum eight added rows per Chinese key.
slop	污水	n.	tem8,toefl	ECDICT MIT	ecdict-only	yes	no	no	wu shui	573	sewage [n.] | wastewater [n.]	n. 外衣, 工作服, 泥浆, 污水, 过分热情, 口若悬河\nvi. 溅出, 踏着泥泞前进\nvt. 使溢出, 使溅出, 弄脏		auto-v1: exact complete 2–6 Han-character gloss from one or both of ECDICT/KyleBing; exact current pinyin candidate and packed glossary key; matching POS in the packed key; exam membership and bundled IPA; one mapping per English headword; maximum eight added rows per Chinese key.
eminence	名家	n.	tem8,toefl	ECDICT MIT	ecdict-only	yes	no	no	ming jia	545	famous expert [n.]	n. 显赫, 名家, 高处\n[医] 隆起, 隆凸		auto-v1: exact complete 2–6 Han-character gloss from one or both of ECDICT/KyleBing; exact current pinyin candidate and packed glossary key; matching POS in the packed key; exam membership and bundled IPA; one mapping per English headword; maximum eight added rows per Chinese key.
rid	免除	v.	tem8,toefl	ECDICT MIT	ecdict-only	yes	no	no	mian chu	517	exempt [v.] | remit [v.]	vt. 免除, 以...清除, 使获自由, 使摆脱\n[法] 免除, 清除, 摆脱		auto-v1: exact complete 2–6 Han-character gloss from one or both of ECDICT/KyleBing; exact current pinyin candidate and packed glossary key; matching POS in the packed key; exam membership and bundled IPA; one mapping per English headword; maximum eight added rows per Chinese key.
dewdrop	露水	n.	tem4,tem8	ECDICT MIT	ecdict-only	yes	no	no	lu shui	491	dew [n.]	n. 露水		auto-v1: exact complete 2–6 Han-character gloss from one or both of ECDICT/KyleBing; exact current pinyin candidate and packed glossary key; matching POS in the packed key; exam membership and bundled IPA; one mapping per English headword; maximum eight added rows per Chinese key.
introvert	内省	v.	tem8,ielts	ECDICT MIT	ecdict-only	yes	no	no	nei xing	461	introspect [v.]	n. 个性内向者\nvt. 使内向, 使内弯, 内陷\nvi. 内省, 内弯\na. 性格内向的		auto-v1: exact complete 2–6 Han-character gloss from one or both of ECDICT/KyleBing; exact current pinyin candidate and packed glossary key; matching POS in the packed key; exam membership and bundled IPA; one mapping per English headword; maximum eight added rows per Chinese key.
optic	镜片	n.	toefl,ielts	ECDICT MIT	ecdict-only	yes	no	no	jing pian	425	lens [n.]	a. 眼睛的, 视觉的, 光学的\nn. 镜片		auto-v1: exact complete 2–6 Han-character gloss from one or both of ECDICT/KyleBing; exact current pinyin candidate and packed glossary key; matching POS in the packed key; exam membership and bundled IPA; one mapping per English headword; maximum eight added rows per Chinese key.
hatchet	斧头	n.	tem8,toefl	ECDICT MIT	ecdict-only	yes	no	no	fu tou	374	axe [n.]	n. 斧头, 手斧, 战斧\n[机] 小斧, 手斧		auto-v1: exact complete 2–6 Han-character gloss from one or both of ECDICT/KyleBing; exact current pinyin candidate and packed glossary key; matching POS in the packed key; exam membership and bundled IPA; one mapping per English headword; maximum eight added rows per Chinese key.
taper	锥形	n.	tem4,tem8	ECDICT MIT	ecdict-only	yes	no	no	zhui xing	363	cone [n.]	n. 带子操作工, 小蜡烛, 尖细, 渐弱, 锥形, 尖塔\na. 尖细的, 分等级的\nv. (使)一头逐渐变细, (使)逐渐减少		auto-v1: exact complete 2–6 Han-character gloss from one or both of ECDICT/KyleBing; exact current pinyin candidate and packed glossary key; matching POS in the packed key; exam membership and bundled IPA; one mapping per English headword; maximum eight added rows per Chinese key.
paycheck	薪水	n.	tem4,toefl	ECDICT MIT	ecdict-only	yes	no	no	xin shui	320	salary [n.]	n. 付薪水的支票, 薪水		auto-v1: exact complete 2–6 Han-character gloss from one or both of ECDICT/KyleBing; exact current pinyin candidate and packed glossary key; matching POS in the packed key; exam membership and bundled IPA; one mapping per English headword; maximum eight added rows per Chinese key.
starter	酵母	n.	tem8,ielts	ECDICT MIT	ecdict-only	yes	no	no	jiao mu	311	yeast [n.]	n. 开端者, 在起跑线上的人, 参加赛跑的人, 调度员, 起动机, 酵母\n[计] 启动程序, 启动器		auto-v1: exact complete 2–6 Han-character gloss from one or both of ECDICT/KyleBing; exact current pinyin candidate and packed glossary key; matching POS in the packed key; exam membership and bundled IPA; one mapping per English headword; maximum eight added rows per Chinese key.
incursion	奇袭	n.	tem8,toefl	ECDICT MIT	ecdict-only	yes	no	no	qi xi	300	surprise attack [n.]	n. 侵入, 侵略, 奇袭		auto-v1: exact complete 2–6 Han-character gloss from one or both of ECDICT/KyleBing; exact current pinyin candidate and packed glossary key; matching POS in the packed key; exam membership and bundled IPA; one mapping per English headword; maximum eight added rows per Chinese key.
perquisite	外快	n.	toefl,ielts	ECDICT MIT	ecdict-only	yes	no	no	wai kuai	283	extra income [n.]	n. 额外补贴, 特殊待遇, 外快\n[经] 奖金, 小费, 额外补贴		auto-v1: exact complete 2–6 Han-character gloss from one or both of ECDICT/KyleBing; exact current pinyin candidate and packed glossary key; matching POS in the packed key; exam membership and bundled IPA; one mapping per English headword; maximum eight added rows per Chinese key.
crosscheck	核查	v.	tem4,tem8	ECDICT MIT	ecdict-only	yes	no	no	he cha	258	verify [v.] | check [v.]	n. 反复核对, 核查\nvt. 反复核对, 核查		auto-v1: exact complete 2–6 Han-character gloss from one or both of ECDICT/KyleBing; exact current pinyin candidate and packed glossary key; matching POS in the packed key; exam membership and bundled IPA; one mapping per English headword; maximum eight added rows per Chinese key.
oblivion	大赦	n.	tem8,toefl	ECDICT MIT	ecdict-only	yes	no	no	da she	257	amnesty [n.]	n. 遗忘, (头脑的)一片空白状, 湮没, 大赦, 赦免\n[法] 忘却, 被忘却的事, 大赦		auto-v1: exact complete 2–6 Han-character gloss from one or both of ECDICT/KyleBing; exact current pinyin candidate and packed glossary key; matching POS in the packed key; exam membership and bundled IPA; one mapping per English headword; maximum eight added rows per Chinese key.
spoilage	损耗	n.	toefl,ielts	ECDICT MIT	ecdict-only	yes	no	no	sun hao	251	loss [n.] | wastage [n.]	n. 变质, 糟蹋, 损耗, 损坏\n[经] (原料,材料,产品)损坏		auto-v1: exact complete 2–6 Han-character gloss from one or both of ECDICT/KyleBing; exact current pinyin candidate and packed glossary key; matching POS in the packed key; exam membership and bundled IPA; one mapping per English headword; maximum eight added rows per Chinese key.
abstraction	空想	n.	toefl,ielts	ECDICT MIT	ecdict-only	yes	no	no	kong xiang	242	fantasy [n.] | daydream [n.]	n. 抽象化, 心不在焉, 空想, 提炼, 抽象派作品\n[化] 提取; 抽取; 夺取; 夺取反应; 除去		auto-v1: exact complete 2–6 Han-character gloss from one or both of ECDICT/KyleBing; exact current pinyin candidate and packed glossary key; matching POS in the packed key; exam membership and bundled IPA; one mapping per English headword; maximum eight added rows per Chinese key.
tingle	抖动	v.	tem8,toefl	ECDICT MIT	ecdict-only	yes	no	no	dou dong	238	shake [v.] | tremble [v.]	vi. 激动, 感到刺痛, 抖动\nvt. 使感刺痛\nn. 刺痛, 震颤, 耳鸣		auto-v1: exact complete 2–6 Han-character gloss from one or both of ECDICT/KyleBing; exact current pinyin candidate and packed glossary key; matching POS in the packed key; exam membership and bundled IPA; one mapping per English headword; maximum eight added rows per Chinese key.
particulate	微粒	n.	toefl,ielts	ECDICT MIT	ecdict-only	yes	no	no	wei li	213	particle [n.]	n. 微粒\na. 微粒的		auto-v1: exact complete 2–6 Han-character gloss from one or both of ECDICT/KyleBing; exact current pinyin candidate and packed glossary key; matching POS in the packed key; exam membership and bundled IPA; one mapping per English headword; maximum eight added rows per Chinese key.
hale	拖曳	v.	tem8,toefl	ECDICT MIT	ecdict-only	yes	no	no	tuo ye	210	tow [v.]	a. 强壮的, 矍铄的, 健壮的\nvt. 猛拉, 拖曳		auto-v1: exact complete 2–6 Han-character gloss from one or both of ECDICT/KyleBing; exact current pinyin candidate and packed glossary key; matching POS in the packed key; exam membership and bundled IPA; one mapping per English headword; maximum eight added rows per Chinese key.
vulgarity	粗话	n.	tem8,toefl	ECDICT MIT	ecdict-only	yes	no	no	cu hua	199	vulgar language [n.]	n. 粗俗, 粗鄙, 粗话\n[法] 粗鄙, 粗野行为		auto-v1: exact complete 2–6 Han-character gloss from one or both of ECDICT/KyleBing; exact current pinyin candidate and packed glossary key; matching POS in the packed key; exam membership and bundled IPA; one mapping per English headword; maximum eight added rows per Chinese key.
beguile	诱骗	v.	tem8,toefl	ECDICT MIT	ecdict-only	yes	no	no	you pian	173	lure [v.] | deceive [v.]	vt. 诱骗		auto-v1: exact complete 2–6 Han-character gloss from one or both of ECDICT/KyleBing; exact current pinyin candidate and packed glossary key; matching POS in the packed key; exam membership and bundled IPA; one mapping per English headword; maximum eight added rows per Chinese key.
anguish	剧痛	n.	tem8,toefl	ECDICT MIT	ecdict-only	yes	no	no	ju tong	121	severe pain [n.]	n. 剧痛, 痛苦\nvt. 使极痛苦\nvi. 感到痛苦		auto-v1: exact complete 2–6 Han-character gloss from one or both of ECDICT/KyleBing; exact current pinyin candidate and packed glossary key; matching POS in the packed key; exam membership and bundled IPA; one mapping per English headword; maximum eight added rows per Chinese key.
hieroglyphics	象形文字	n.	tem4,tem8	ECDICT MIT	ecdict-only	yes	no	no	xiang xing wen zi	107	hieroglyph [n.]	n. 象形文字		auto-v1: exact complete 2–6 Han-character gloss from one or both of ECDICT/KyleBing; exact current pinyin candidate and packed glossary key; matching POS in the packed key; exam membership and bundled IPA; one mapping per English headword; maximum eight added rows per Chinese key.
dispensary	诊疗所	n.	tem4,tem8	ECDICT MIT	ecdict-only	yes	no	no	zhen liao suo	94	clinic [n.]	n. (尤指医院的)药房, 诊疗所\n[医] 医务所, 防治所, 药房		auto-v1: exact complete 2–6 Han-character gloss from one or both of ECDICT/KyleBing; exact current pinyin candidate and packed glossary key; matching POS in the packed key; exam membership and bundled IPA; one mapping per English headword; maximum eight added rows per Chinese key.
lunge	突进	v.	tem8,toefl	ECDICT MIT	ecdict-only	yes	no	no	tu jin	89	charge [v.] | dash [v.]	n. 刺, 刺进, 跃进, 套马索\nv. 突进, 刺		auto-v1: exact complete 2–6 Han-character gloss from one or both of ECDICT/KyleBing; exact current pinyin candidate and packed glossary key; matching POS in the packed key; exam membership and bundled IPA; one mapping per English headword; maximum eight added rows per Chinese key.
unsettle	搅乱	v.	tem8,toefl	ECDICT MIT	ecdict-only	yes	no	no	jiao luan	70	disturb [v.] | disrupt [v.]	vt. 使移动, 搅乱, 使动摇, 使不安宁\nvi. 动荡不定, 离开固定位置		auto-v1: exact complete 2–6 Han-character gloss from one or both of ECDICT/KyleBing; exact current pinyin candidate and packed glossary key; matching POS in the packed key; exam membership and bundled IPA; one mapping per English headword; maximum eight added rows per Chinese key.
doodle	傻子	n.	tem8,toefl	ECDICT MIT	ecdict-only	yes	no	no	sha zi	60	fool [n.]	vi. 涂鸦, 混时间\nn. 傻子		auto-v1: exact complete 2–6 Han-character gloss from one or both of ECDICT/KyleBing; exact current pinyin candidate and packed glossary key; matching POS in the packed key; exam membership and bundled IPA; one mapping per English headword; maximum eight added rows per Chinese key.
dearth	饥馑	n.	toefl,ielts	ECDICT MIT	ecdict-only	yes	no	yes	ji jin	41	famine [n.]	n. 缺乏, 粮食不足, 饥馑		auto-v1: exact complete 2–6 Han-character gloss from one or both of ECDICT/KyleBing; exact current pinyin candidate and packed glossary key; matching POS in the packed key; exam membership and bundled IPA; one mapping per English headword; maximum eight added rows per Chinese key.
florist	花匠	n.	tem8,toefl	ECDICT MIT	ecdict-only	yes	no	no	hua jiang	38	gardener [n.]	n. 花匠, 花商, 花卉研究者		auto-v1: exact complete 2–6 Han-character gloss from one or both of ECDICT/KyleBing; exact current pinyin candidate and packed glossary key; matching POS in the packed key; exam membership and bundled IPA; one mapping per English headword; maximum eight added rows per Chinese key.
affluence	流注	n.	tem8,toefl	ECDICT MIT	ecdict-only	yes	no	no	liu zhu	13	abscess [n.]	n. 富裕, 丰富, 流注\n[医] 丰富, 流入		auto-v1: exact complete 2–6 Han-character gloss from one or both of ECDICT/KyleBing; exact current pinyin candidate and packed glossary key; matching POS in the packed key; exam membership and bundled IPA; one mapping per English headword; maximum eight added rows per Chinese key.
sling	吊钩	n.	tem4,tem8	ECDICT MIT	ecdict-only	yes	no	no	diao gou	7	hook [n.]	n. 投石器, 抛掷, 吊索, 吊钩\nvt. 用投石器投掷, 用吊钩吊上, 吊起		auto-v1: exact complete 2–6 Han-character gloss from one or both of ECDICT/KyleBing; exact current pinyin candidate and packed glossary key; matching POS in the packed key; exam membership and bundled IPA; one mapping per English headword; maximum eight added rows per Chinese key.
movies	电影	n.	ielts	ECDICT MIT	ecdict-only	yes	no	no	dian ying	119536	movie [n.] | film [n.]	n. 电影		auto-v1: exact complete 2–6 Han-character gloss from one or both of ECDICT/KyleBing; exact current pinyin candidate and packed glossary key; matching POS in the packed key; exam membership and bundled IPA; one mapping per English headword; maximum eight added rows per Chinese key.
issues	问题	n.	ielts	ECDICT MIT	ecdict-only	yes	no	no	wen ti	111102	problem [n.] | question [n.]	n. 议题, 问题；争点；债券（issue的复数）		auto-v1: exact complete 2–6 Han-character gloss from one or both of ECDICT/KyleBing; exact current pinyin candidate and packed glossary key; matching POS in the packed key; exam membership and bundled IPA; one mapping per English headword; maximum eight added rows per Chinese key.
problems	问题	n.	ielts	ECDICT MIT	ecdict-only	yes	no	no	wen ti	111102	problem [n.] | question [n.]	n. 问题；难题（problem的复数）		auto-v1: exact complete 2–6 Han-character gloss from one or both of ECDICT/KyleBing; exact current pinyin candidate and packed glossary key; matching POS in the packed key; exam membership and bundled IPA; one mapping per English headword; maximum eight added rows per Chinese key.
companies	公司	n.	ielts	ECDICT MIT	ecdict-only	yes	no	no	gong si	96719	company [n.]	n. 公司, 企业；公司财产；伙伴（company的复数形式）		auto-v1: exact complete 2–6 Han-character gloss from one or both of ECDICT/KyleBing; exact current pinyin candidate and packed glossary key; matching POS in the packed key; exam membership and bundled IPA; one mapping per English headword; maximum eight added rows per Chinese key.
firms	公司	n.	ielts	ECDICT MIT	ecdict-only	yes	no	no	gong si	96719	company [n.]	n. 公司, 厂商（firm的复数）		auto-v1: exact complete 2–6 Han-character gloss from one or both of ECDICT/KyleBing; exact current pinyin candidate and packed glossary key; matching POS in the packed key; exam membership and bundled IPA; one mapping per English headword; maximum eight added rows per Chinese key.
symbolise	代表	v.	tem8	ECDICT MIT	ecdict-only	yes	no	yes	dai biao	82598	represent [v.]	vt. 象征, 代表, 作为...的象征\nvt.vi. 用符号表示, 使用符号		auto-v1: exact complete 2–6 Han-character gloss from one or both of ECDICT/KyleBing; exact current pinyin candidate and packed glossary key; matching POS in the packed key; exam membership and bundled IPA; one mapping per English headword; maximum eight added rows per Chinese key.
governments	政府	n.	ielts	ECDICT MIT	ecdict-only	yes	no	no	zheng fu	80620	government [n.]	n. 政权；政府；可转让政府证券（government的复数）		auto-v1: exact complete 2–6 Han-character gloss from one or both of ECDICT/KyleBing; exact current pinyin candidate and packed glossary key; matching POS in the packed key; exam membership and bundled IPA; one mapping per English headword; maximum eight added rows per Chinese key.
bespeak	表示	v.	toefl	ECDICT MIT	ecdict-only	yes	no	no	biao shi	80607	express [v.] | show [v.]	vt. 预约, 订, 表示\nn. 预约		auto-v1: exact complete 2–6 Han-character gloss from one or both of ECDICT/KyleBing; exact current pinyin candidate and packed glossary key; matching POS in the packed key; exam membership and bundled IPA; one mapping per English headword; maximum eight added rows per Chinese key.
stations	车站	n.	ielts	ECDICT MIT	ecdict-only	yes	no	no	che zhan	74801	station [n.]	n. 车站；驻地；位置（station的复数形式）		auto-v1: exact complete 2–6 Han-character gloss from one or both of ECDICT/KyleBing; exact current pinyin candidate and packed glossary key; matching POS in the packed key; exam membership and bundled IPA; one mapping per English headword; maximum eight added rows per Chinese key.
photographs	照片	n.	ielts	ECDICT MIT	ecdict-only	yes	no	no	zhao pian	64796	photo [n.] | picture [n.]	n. 照片；逼真的描绘（photograph的复数）		auto-v1: exact complete 2–6 Han-character gloss from one or both of ECDICT/KyleBing; exact current pinyin candidate and packed glossary key; matching POS in the packed key; exam membership and bundled IPA; one mapping per English headword; maximum eight added rows per Chinese key.
photos	照片	n.	ielts	ECDICT MIT	ecdict-only	yes	no	no	zhao pian	64796	photo [n.] | picture [n.]	n. 照片, 图片；相册（photo的复数形式）		auto-v1: exact complete 2–6 Han-character gloss from one or both of ECDICT/KyleBing; exact current pinyin candidate and packed glossary key; matching POS in the packed key; exam membership and bundled IPA; one mapping per English headword; maximum eight added rows per Chinese key.
underpin	支持	v.	ielts	ECDICT MIT	ecdict-only	yes	no	yes	zhi chi	63877	support [v.]	vt. 从下面支承, 支撑, 支持\n[经] 支撑		auto-v1: exact complete 2–6 Han-character gloss from one or both of ECDICT/KyleBing; exact current pinyin candidate and packed glossary key; matching POS in the packed key; exam membership and bundled IPA; one mapping per English headword; maximum eight added rows per Chinese key.
outcrop	出现	v.	toefl	ECDICT MIT	ecdict-only	yes	no	no	chu xian	56028	appear [v.] | emerge [v.]	n. 露出, 露头, 爆发\nvi. 露出地表, 出现		auto-v1: exact complete 2–6 Han-character gloss from one or both of ECDICT/KyleBing; exact current pinyin candidate and packed glossary key; matching POS in the packed key; exam membership and bundled IPA; one mapping per English headword; maximum eight added rows per Chinese key.
termination	结果	n.	toefl	ECDICT MIT	ecdict-only	yes	no	yes	jie guo	55244	result [n.]	n. 终止, 结束, 结果, 词尾\n[化] 终止		auto-v1: exact complete 2–6 Han-character gloss from one or both of ECDICT/KyleBing; exact current pinyin candidate and packed glossary key; matching POS in the packed key; exam membership and bundled IPA; one mapping per English headword; maximum eight added rows per Chinese key.
outgrowth	结果	n.	toefl	ECDICT MIT	ecdict-only	yes	no	no	jie guo	55244	result [n.]	n. 自然的发展, 结果, 副产物, 分枝\n[医] 赘疣		auto-v1: exact complete 2–6 Han-character gloss from one or both of ECDICT/KyleBing; exact current pinyin candidate and packed glossary key; matching POS in the packed key; exam membership and bundled IPA; one mapping per English headword; maximum eight added rows per Chinese key.
gage	估计	v.	toefl	ECDICT MIT	ecdict-only	yes	no	no	gu ji	54782	estimate [v.]	n. 抵押品, 挑战\nvt. 以...为担保, 以...为赌注\nn. 抵押品, 标准度量, 计量器\nvt. 精确计量, 估计		auto-v1: exact complete 2–6 Han-character gloss from one or both of ECDICT/KyleBing; exact current pinyin candidate and packed glossary key; matching POS in the packed key; exam membership and bundled IPA; one mapping per English headword; maximum eight added rows per Chinese key.
tremendously	非常	adv.	toefl	ECDICT MIT	ecdict-only	yes	no	no	fei chang	53300	very [adv.]	adv. 极大地; 极端地; 极其; 非常		auto-v1: exact complete 2–6 Han-character gloss from one or both of ECDICT/KyleBing; exact current pinyin candidate and packed glossary key; matching POS in the packed key; exam membership and bundled IPA; one mapping per English headword; maximum eight added rows per Chinese key.
powerfully	非常	adv.	toefl	ECDICT MIT	ecdict-only	yes	no	no	fei chang	53300	very [adv.]	adv. 强有力, 强大, 效力大, 有权威, 权力大, 有影响, 很多, 相当, 非常		auto-v1: exact complete 2–6 Han-character gloss from one or both of ECDICT/KyleBing; exact current pinyin candidate and packed glossary key; matching POS in the packed key; exam membership and bundled IPA; one mapping per English headword; maximum eight added rows per Chinese key.
terms	关系	n.	ielts	ECDICT MIT	ecdict-only	yes	no	no	guan xi	51604	relation [n.] | relationship [n.]	n. 条件, 条款, 费用, 价钱, 关系, 地位, 交谊\n[经] 条件		auto-v1: exact complete 2–6 Han-character gloss from one or both of ECDICT/KyleBing; exact current pinyin candidate and packed glossary key; matching POS in the packed key; exam membership and bundled IPA; one mapping per English headword; maximum eight added rows per Chinese key.
relations	关系	n.	ielts	ECDICT MIT	ecdict-only	yes	no	no	guan xi	51604	relation [n.] | relationship [n.]	n. 交往, 关系, 事务		auto-v1: exact complete 2–6 Han-character gloss from one or both of ECDICT/KyleBing; exact current pinyin candidate and packed glossary key; matching POS in the packed key; exam membership and bundled IPA; one mapping per English headword; maximum eight added rows per Chinese key.
conditions	情况	n.	ielts	ECDICT MIT	ecdict-only	yes	no	no	qing kuang	50575	situation [n.]	n. 形势, 情况, 环境		auto-v1: exact complete 2–6 Han-character gloss from one or both of ECDICT/KyleBing; exact current pinyin candidate and packed glossary key; matching POS in the packed key; exam membership and bundled IPA; one mapping per English headword; maximum eight added rows per Chinese key.
unquestionably	确实	adv.	toefl	ECDICT MIT	ecdict-only	yes	no	no	que shi	50388	indeed [adv.] | really [adv.]	adv. 毫无疑问, 不成问题, 无可非议, 确实		auto-v1: exact complete 2–6 Han-character gloss from one or both of ECDICT/KyleBing; exact current pinyin candidate and packed glossary key; matching POS in the packed key; exam membership and bundled IPA; one mapping per English headword; maximum eight added rows per Chinese key.
seals	决定	v.	tem8	ECDICT MIT	ecdict-only	yes	no	no	jue ding	49972	decide [v.] | determine [v.]	n. 海豹( seal的名词复数 ); 批准; （火漆）封印; 印章\nv. 密封( seal的第三人称单数 ); 决定; 确定; 封上（信封）		auto-v1: exact complete 2–6 Han-character gloss from one or both of ECDICT/KyleBing; exact current pinyin candidate and packed glossary key; matching POS in the packed key; exam membership and bundled IPA; one mapping per English headword; maximum eight added rows per Chinese key.
patronise	保护	v.	tem8	ECDICT MIT	ecdict-only	yes	no	no	bao hu	45530	protect [v.]	vt. 庇护, 资助, 赞助, 保护, 光顾, 惠顾, 对...以恩人自居		auto-v1: exact complete 2–6 Han-character gloss from one or both of ECDICT/KyleBing; exact current pinyin candidate and packed glossary key; matching POS in the packed key; exam membership and bundled IPA; one mapping per English headword; maximum eight added rows per Chinese key.
administrate	管理	v.	toefl	ECDICT MIT	ecdict-only	yes	no	no	guan li	39832	manage [v.]	vt. 管理, 支配		auto-v1: exact complete 2–6 Han-character gloss from one or both of ECDICT/KyleBing; exact current pinyin candidate and packed glossary key; matching POS in the packed key; exam membership and bundled IPA; one mapping per English headword; maximum eight added rows per Chinese key.
exams	考试	n.	ielts	ECDICT MIT	ecdict-only	yes	no	no	kao shi	38518	exam [n.] | test [n.]	n. 考试；检查（exam的复数）		auto-v1: exact complete 2–6 Han-character gloss from one or both of ECDICT/KyleBing; exact current pinyin candidate and packed glossary key; matching POS in the packed key; exam membership and bundled IPA; one mapping per English headword; maximum eight added rows per Chinese key.
majors	专业	n.	ielts	ECDICT MIT	ecdict-only	yes	no	no	zhuan ye	37460	major [n.] | specialty [n.]	n. 专业；主修（major的复数）		auto-v1: exact complete 2–6 Han-character gloss from one or both of ECDICT/KyleBing; exact current pinyin candidate and packed glossary key; matching POS in the packed key; exam membership and bundled IPA; one mapping per English headword; maximum eight added rows per Chinese key.
professions	专业	n.	ielts	ECDICT MIT	ecdict-only	yes	no	no	zhuan ye	37460	major [n.] | specialty [n.]	n. 专业；职业；行业（profession的复数形式）		auto-v1: exact complete 2–6 Han-character gloss from one or both of ECDICT/KyleBing; exact current pinyin candidate and packed glossary key; matching POS in the packed key; exam membership and bundled IPA; one mapping per English headword; maximum eight added rows per Chinese key.
comport	适合	v.	toefl	ECDICT MIT	ecdict-only	yes	no	no	shi he	34694	suit [v.]	vt. 举动, 表现\nvi. 相称, 适合		auto-v1: exact complete 2–6 Han-character gloss from one or both of ECDICT/KyleBing; exact current pinyin candidate and packed glossary key; matching POS in the packed key; exam membership and bundled IPA; one mapping per English headword; maximum eight added rows per Chinese key.
skills	技术	n.	ielts	ECDICT MIT	ecdict-only	yes	no	no	ji shu	34527	technology [n.]	n. 技术；技能；技巧（skill的复数形式）		auto-v1: exact complete 2–6 Han-character gloss from one or both of ECDICT/KyleBing; exact current pinyin candidate and packed glossary key; matching POS in the packed key; exam membership and bundled IPA; one mapping per English headword; maximum eight added rows per Chinese key.
methods	方式	n.	ielts	ECDICT MIT	ecdict-only	yes	no	no	fang shi	32998	way [n.] | method [n.]	n. 方法, 方式；研究方法（method的复数）		auto-v1: exact complete 2–6 Han-character gloss from one or both of ECDICT/KyleBing; exact current pinyin candidate and packed glossary key; matching POS in the packed key; exam membership and bundled IPA; one mapping per English headword; maximum eight added rows per Chinese key.
causes	原因	n.	ielts	ECDICT MIT	ecdict-only	yes	no	no	yuan yin	29183	cause [n.] | reason [n.]	n. 原因		auto-v1: exact complete 2–6 Han-character gloss from one or both of ECDICT/KyleBing; exact current pinyin candidate and packed glossary key; matching POS in the packed key; exam membership and bundled IPA; one mapping per English headword; maximum eight added rows per Chinese key.
items	项目	n.	ielts	ECDICT MIT	ecdict-only	yes	no	no	xiang mu	28730	project [n.] | item [n.]	n. 项目；名目；所有物品（item的复数形式）		auto-v1: exact complete 2–6 Han-character gloss from one or both of ECDICT/KyleBing; exact current pinyin candidate and packed glossary key; matching POS in the packed key; exam membership and bundled IPA; one mapping per English headword; maximum eight added rows per Chinese key.
bloc	集团	n.	ielts	ECDICT MIT	ecdict-only	yes	no	no	ji tuan	25439	group [n.] | corporation [n.]	n. 集团		auto-v1: exact complete 2–6 Han-character gloss from one or both of ECDICT/KyleBing; exact current pinyin candidate and packed glossary key; matching POS in the packed key; exam membership and bundled IPA; one mapping per English headword; maximum eight added rows per Chinese key.
locations	位置	n.	ielts	ECDICT MIT	ecdict-only	yes	no	no	wei zhi	24695	position [n.]	n. 位置；定位件；地点（location的复数）		auto-v1: exact complete 2–6 Han-character gloss from one or both of ECDICT/KyleBing; exact current pinyin candidate and packed glossary key; matching POS in the packed key; exam membership and bundled IPA; one mapping per English headword; maximum eight added rows per Chinese key.
places	位置	n.	ielts	ECDICT MIT	ecdict-only	yes	no	no	wei zhi	24695	position [n.]	n. 地点；位置；[数]位数（place的复数）		auto-v1: exact complete 2–6 Han-character gloss from one or both of ECDICT/KyleBing; exact current pinyin candidate and packed glossary key; matching POS in the packed key; exam membership and bundled IPA; one mapping per English headword; maximum eight added rows per Chinese key.
keystone	重点	n.	ielts	ECDICT MIT	ecdict-only	yes	no	no	zhong dian	23537	focus [n.] | key point [n.]	n. 拱顶石, 楔石, 重点		auto-v1: exact complete 2–6 Han-character gloss from one or both of ECDICT/KyleBing; exact current pinyin candidate and packed glossary key; matching POS in the packed key; exam membership and bundled IPA; one mapping per English headword; maximum eight added rows per Chinese key.
moiety	一部分	n.	toefl	ECDICT MIT	ecdict-only	yes	no	no	yi bu fen	22710	part [n.]	n. 一半, 一部分, 应得之份\n[医] 等分, 一半, 一部分		auto-v1: exact complete 2–6 Han-character gloss from one or both of ECDICT/KyleBing; exact current pinyin candidate and packed glossary key; matching POS in the packed key; exam membership and bundled IPA; one mapping per English headword; maximum eight added rows per Chinese key.
standards	标准	n.	ielts	ECDICT MIT	ecdict-only	yes	no	no	biao zhun	22590	standard [n.]	n. 标准；规格（standard的复数）		auto-v1: exact complete 2–6 Han-character gloss from one or both of ECDICT/KyleBing; exact current pinyin candidate and packed glossary key; matching POS in the packed key; exam membership and bundled IPA; one mapping per English headword; maximum eight added rows per Chinese key.
animals	动物	n.	ielts	ECDICT MIT	ecdict-only	yes	no	no	dong wu	22576	animal [n.]	n. 动物, 动物世界；牲畜（animal的复数形式）		auto-v1: exact complete 2–6 Han-character gloss from one or both of ECDICT/KyleBing; exact current pinyin candidate and packed glossary key; matching POS in the packed key; exam membership and bundled IPA; one mapping per English headword; maximum eight added rows per Chinese key.
beget	产生	v.	toefl	ECDICT MIT	ecdict-only	yes	no	yes	chan sheng	22223	produce [v.] | generate [v.]	vt. 为某人之生父, 招致, 产生, 引起		auto-v1: exact complete 2–6 Han-character gloss from one or both of ECDICT/KyleBing; exact current pinyin candidate and packed glossary key; matching POS in the packed key; exam membership and bundled IPA; one mapping per English headword; maximum eight added rows per Chinese key.
techniques	方法	n.	ielts	ECDICT MIT	ecdict-only	yes	no	no	fang fa	21743	method [n.] | way [n.]	n. 方法；技巧；技术（technique的复数）		auto-v1: exact complete 2–6 Han-character gloss from one or both of ECDICT/KyleBing; exact current pinyin candidate and packed glossary key; matching POS in the packed key; exam membership and bundled IPA; one mapping per English headword; maximum eight added rows per Chinese key.
indite	创作	v.	toefl	ECDICT MIT	ecdict-only	yes	no	no	chuang zuo	21352	create [v.]	vt. 写成文章, 创作		auto-v1: exact complete 2–6 Han-character gloss from one or both of ECDICT/KyleBing; exact current pinyin candidate and packed glossary key; matching POS in the packed key; exam membership and bundled IPA; one mapping per English headword; maximum eight added rows per Chinese key.
styles	风格	n.	ielts	ECDICT MIT	ecdict-only	yes	no	no	feng ge	21250	style [n.]	n. 风格；样式；模式（style的复数形式）		auto-v1: exact complete 2–6 Han-character gloss from one or both of ECDICT/KyleBing; exact current pinyin candidate and packed glossary key; matching POS in the packed key; exam membership and bundled IPA; one mapping per English headword; maximum eight added rows per Chinese key.
goals	目标	n.	ielts	ECDICT MIT	ecdict-only	yes	no	no	mu biao	20772	goal [n.] | target [n.]	n. 目标, 目的；进球, 射中次数		auto-v1: exact complete 2–6 Han-character gloss from one or both of ECDICT/KyleBing; exact current pinyin candidate and packed glossary key; matching POS in the packed key; exam membership and bundled IPA; one mapping per English headword; maximum eight added rows per Chinese key.
rendering	表现	n.	toefl	ECDICT MIT	ecdict-only	yes	no	no	biao xian	20300	performance [n.] | expression [n.]	n. 翻译, 表现, 描写, 表演, 打底, 透视图		auto-v1: exact complete 2–6 Han-character gloss from one or both of ECDICT/KyleBing; exact current pinyin candidate and packed glossary key; matching POS in the packed key; exam membership and bundled IPA; one mapping per English headword; maximum eight added rows per Chinese key.
pelt	攻击	v.	toefl	ECDICT MIT	ecdict-only	yes	no	no	gong ji	19661	attack [v.]	n. 投掷, 打击, 快速, 毛皮\nvt. 剥...的皮, 连续投掷, 攻击, 抨击, 拍打\nvi. 投击		auto-v1: exact complete 2–6 Han-character gloss from one or both of ECDICT/KyleBing; exact current pinyin candidate and packed glossary key; matching POS in the packed key; exam membership and bundled IPA; one mapping per English headword; maximum eight added rows per Chinese key.
scuff	攻击	v.	toefl	ECDICT MIT	ecdict-only	yes	no	no	gong ji	19661	attack [v.]	vi. 拖着脚走, 磨损\nvt. 拳打, 攻击, 用足尖触, 使磨损\nn. 拖着脚走, 磨损, 家用平底拖鞋		auto-v1: exact complete 2–6 Han-character gloss from one or both of ECDICT/KyleBing; exact current pinyin candidate and packed glossary key; matching POS in the packed key; exam membership and bundled IPA; one mapping per English headword; maximum eight added rows per Chinese key.
precinct	区域	n.	tem8	ECDICT MIT	ecdict-only	yes	no	no	qu yu	19575	area [n.]	n. 区域, 管理区, 管辖区域\n[法] 管辖区, 选区, 分界		auto-v1: exact complete 2–6 Han-character gloss from one or both of ECDICT/KyleBing; exact current pinyin candidate and packed glossary key; matching POS in the packed key; exam membership and bundled IPA; one mapping per English headword; maximum eight added rows per Chinese key.
areas	区域	n.	ielts	ECDICT MIT	ecdict-only	yes	no	no	qu yu	19575	area [n.]	n. 区域, 领域；面积（area的复数形式）		auto-v1: exact complete 2–6 Han-character gloss from one or both of ECDICT/KyleBing; exact current pinyin candidate and packed glossary key; matching POS in the packed key; exam membership and bundled IPA; one mapping per English headword; maximum eight added rows per Chinese key.
yesteryear	去年	n.	toefl	ECDICT MIT	ecdict-only	yes	no	no	qu nian	19469	last year [n.]	n. 去年, 不久以前\nadv. 过去不久的岁月		auto-v1: exact complete 2–6 Han-character gloss from one or both of ECDICT/KyleBing; exact current pinyin candidate and packed glossary key; matching POS in the packed key; exam membership and bundled IPA; one mapping per English headword; maximum eight added rows per Chinese key.
avouch	承认	v.	toefl	ECDICT MIT	ecdict-only	yes	no	no	cheng ren	18344	admit [v.] | acknowledge [v.]	v. 断言, 主张, 保证, 承认		auto-v1: exact complete 2–6 Han-character gloss from one or both of ECDICT/KyleBing; exact current pinyin candidate and packed glossary key; matching POS in the packed key; exam membership and bundled IPA; one mapping per English headword; maximum eight added rows per Chinese key.
organisation	团体	n.	tem8	ECDICT MIT	ecdict-only	yes	no	no	tuan ti	17882	group [n.] | team [n.]	n. 组织, 团体, 体制, 编制		auto-v1: exact complete 2–6 Han-character gloss from one or both of ECDICT/KyleBing; exact current pinyin candidate and packed glossary key; matching POS in the packed key; exam membership and bundled IPA; one mapping per English headword; maximum eight added rows per Chinese key.
christen	命名	v.	tem8	ECDICT MIT	ecdict-only	yes	no	no	ming ming	17598	name [v.] | designate [v.]	vt. 为...施洗礼, 命名		auto-v1: exact complete 2–6 Han-character gloss from one or both of ECDICT/KyleBing; exact current pinyin candidate and packed glossary key; matching POS in the packed key; exam membership and bundled IPA; one mapping per English headword; maximum eight added rows per Chinese key.
substantiated	证明	v.	toefl	ECDICT MIT	ecdict-only	yes	no	no	zheng ming	17389	prove [v.] | certify [v.]	v. 用事实支持（某主张、说法等）, 证明, 证实( substantiate的过去式和过去分词 )		auto-v1: exact complete 2–6 Han-character gloss from one or both of ECDICT/KyleBing; exact current pinyin candidate and packed glossary key; matching POS in the packed key; exam membership and bundled IPA; one mapping per English headword; maximum eight added rows per Chinese key.
residents	居民	n.	ielts	ECDICT MIT	ecdict-only	yes	no	no	ju min	17216	resident [n.]	n. 居民；房客；住院医生（resident的复数）		auto-v1: exact complete 2–6 Han-character gloss from one or both of ECDICT/KyleBing; exact current pinyin candidate and packed glossary key; matching POS in the packed key; exam membership and bundled IPA; one mapping per English headword; maximum eight added rows per Chinese key.
materialise	实现	v.	tem8	ECDICT MIT	ecdict-only	yes	no	no	shi xian	17168	realize [v.] | implement [v.]	vi.vt. (使)物质化, (使)具体化, (使)追求物质利益, (使)显形, 成为事实, 实现\nvi. 突然出现		auto-v1: exact complete 2–6 Han-character gloss from one or both of ECDICT/KyleBing; exact current pinyin candidate and packed glossary key; matching POS in the packed key; exam membership and bundled IPA; one mapping per English headword; maximum eight added rows per Chinese key.
trains	火车	n.	ielts	ECDICT MIT	ecdict-only	yes	no	no	huo che	16490	train [n.]	n. 火车；行列（train的复数形式）		auto-v1: exact complete 2–6 Han-character gloss from one or both of ECDICT/KyleBing; exact current pinyin candidate and packed glossary key; matching POS in the packed key; exam membership and bundled IPA; one mapping per English headword; maximum eight added rows per Chinese key.
functioning	功能	n.	toefl	ECDICT MIT	ecdict-only	yes	no	no	gong neng	16088	function [n.]	n. 运行, 运作；功能；机能；起酌（function的动名词）		auto-v1: exact complete 2–6 Han-character gloss from one or both of ECDICT/KyleBing; exact current pinyin candidate and packed glossary key; matching POS in the packed key; exam membership and bundled IPA; one mapping per English headword; maximum eight added rows per Chinese key.
plants	植物	n.	ielts	ECDICT MIT	ecdict-only	yes	no	no	zhi wu	15428	plant [n.]	n. 植物；工厂（plant的复数形式）		auto-v1: exact complete 2–6 Han-character gloss from one or both of ECDICT/KyleBing; exact current pinyin candidate and packed glossary key; matching POS in the packed key; exam membership and bundled IPA; one mapping per English headword; maximum eight added rows per Chinese key.
mart	市场	n.	tem8	ECDICT MIT	ecdict-only	yes	no	yes	shi chang	15273	market [n.]	n. 商业中心, 市场\n[经] 商业中心, 市场		auto-v1: exact complete 2–6 Han-character gloss from one or both of ECDICT/KyleBing; exact current pinyin candidate and packed glossary key; matching POS in the packed key; exam membership and bundled IPA; one mapping per English headword; maximum eight added rows per Chinese key.
levels	水平	n.	ielts	ECDICT MIT	ecdict-only	yes	no	no	shui ping	15261	level [n.] | standard [n.]	n. 色阶调整；控制色阶；水平, 标准（level复数形式）		auto-v1: exact complete 2–6 Han-character gloss from one or both of ECDICT/KyleBing; exact current pinyin candidate and packed glossary key; matching POS in the packed key; exam membership and bundled IPA; one mapping per English headword; maximum eight added rows per Chinese key.
cataclysm	地震	n.	toefl	ECDICT MIT	ecdict-only	yes	no	no	di zhen	15159	earthquake [n.]	n. 大洪水, 地震, (社会政治的)大变动\n[医] 渗出, 渗液, 猝变, 聚变		auto-v1: exact complete 2–6 Han-character gloss from one or both of ECDICT/KyleBing; exact current pinyin candidate and packed glossary key; matching POS in the packed key; exam membership and bundled IPA; one mapping per English headword; maximum eight added rows per Chinese key.
reasons	理由	n.	ielts	ECDICT MIT	ecdict-only	yes	no	no	li you	14874	reason [n.] | excuse [n.]	n. 理由；理智；原因（reason的复数）		auto-v1: exact complete 2–6 Han-character gloss from one or both of ECDICT/KyleBing; exact current pinyin candidate and packed glossary key; matching POS in the packed key; exam membership and bundled IPA; one mapping per English headword; maximum eight added rows per Chinese key.
defection	毛病	n.	toefl	ECDICT MIT	ecdict-only	yes	no	no	mao bing	14850	fault [n.] | problem [n.]	n. 背叛, 缺乏, 毛病\n[法] 缺点, 过失, 背叛		auto-v1: exact complete 2–6 Han-character gloss from one or both of ECDICT/KyleBing; exact current pinyin candidate and packed glossary key; matching POS in the packed key; exam membership and bundled IPA; one mapping per English headword; maximum eight added rows per Chinese key.
courthouse	法院	n.	toefl	ECDICT MIT	ecdict-only	yes	no	no	fa yuan	14757	court [n.]	n. 法院, 郡政府所在地		auto-v1: exact complete 2–6 Han-character gloss from one or both of ECDICT/KyleBing; exact current pinyin candidate and packed glossary key; matching POS in the packed key; exam membership and bundled IPA; one mapping per English headword; maximum eight added rows per Chinese key.
opportunities	条件	n.	ielts	ECDICT MIT	ecdict-only	yes	no	no	tiao jian	14637	condition [n.] | requirement [n.]	n. 机会( opportunity的名词复数 ); 适当的时机; 条件; 就业（或晋升、进步等）的良机		auto-v1: exact complete 2–6 Han-character gloss from one or both of ECDICT/KyleBing; exact current pinyin candidate and packed glossary key; matching POS in the packed key; exam membership and bundled IPA; one mapping per English headword; maximum eight added rows per Chinese key.
elements	基础	n.	ielts	ECDICT MIT	ecdict-only	yes	no	no	ji chu	14153	foundation [n.]	n. 原理, 基础		auto-v1: exact complete 2–6 Han-character gloss from one or both of ECDICT/KyleBing; exact current pinyin candidate and packed glossary key; matching POS in the packed key; exam membership and bundled IPA; one mapping per English headword; maximum eight added rows per Chinese key.
figures	价格	n.	ielts	ECDICT MIT	ecdict-only	yes	no	no	jia ge	14098	price [n.]	n. 图形, 图表；价格, 金额, 数字；规定动作；人物（figure的复数）		auto-v1: exact complete 2–6 Han-character gloss from one or both of ECDICT/KyleBing; exact current pinyin candidate and packed glossary key; matching POS in the packed key; exam membership and bundled IPA; one mapping per English headword; maximum eight added rows per Chinese key.
coordinated	调整	v.	toefl	ECDICT MIT	ecdict-only	yes	no	no	tiao zheng	13872	adjust [v.] | regulate [v.]	vt. 调节；调整；整理；使调和（coordinate的过去分词）		auto-v1: exact complete 2–6 Han-character gloss from one or both of ECDICT/KyleBing; exact current pinyin candidate and packed glossary key; matching POS in the packed key; exam membership and bundled IPA; one mapping per English headword; maximum eight added rows per Chinese key.
clubs	俱乐部	n.	ielts	ECDICT MIT	ecdict-only	yes	no	no	ju le bu	13667	club [n.]	n. （扑克牌）梅花；俱乐部；社团（club的复数）		auto-v1: exact complete 2–6 Han-character gloss from one or both of ECDICT/KyleBing; exact current pinyin candidate and packed glossary key; matching POS in the packed key; exam membership and bundled IPA; one mapping per English headword; maximum eight added rows per Chinese key.
families	家族	n.	ielts	ECDICT MIT	ecdict-only	yes	no	no	jia zu	13232	family [n.] | clan [n.]	n. 家族；家庭（family的复数）		auto-v1: exact complete 2–6 Han-character gloss from one or both of ECDICT/KyleBing; exact current pinyin candidate and packed glossary key; matching POS in the packed key; exam membership and bundled IPA; one mapping per English headword; maximum eight added rows per Chinese key.
peculiarly	尤其	adv.	toefl	ECDICT MIT	ecdict-only	yes	no	yes	you qi	13183	especially [adv.]	adv. 特别, 尤其, 奇怪地		auto-v1: exact complete 2–6 Han-character gloss from one or both of ECDICT/KyleBing; exact current pinyin candidate and packed glossary key; matching POS in the packed key; exam membership and bundled IPA; one mapping per English headword; maximum eight added rows per Chinese key.
weaponry	武器	n.	tem8	ECDICT MIT	ecdict-only	yes	no	no	wu qi	13139	weapon [n.]	n. 武器, 军备, 武器设计研制学		auto-v1: exact complete 2–6 Han-character gloss from one or both of ECDICT/KyleBing; exact current pinyin candidate and packed glossary key; matching POS in the packed key; exam membership and bundled IPA; one mapping per English headword; maximum eight added rows per Chinese key.
planning	规划	n.	ielts	ECDICT MIT	ecdict-only	yes	no	no	gui hua	12945	plan [n.]	n. 计划的制订, 策划, 设计, 规划\n[计] 计划, 规划		auto-v1: exact complete 2–6 Han-character gloss from one or both of ECDICT/KyleBing; exact current pinyin candidate and packed glossary key; matching POS in the packed key; exam membership and bundled IPA; one mapping per English headword; maximum eight added rows per Chinese key.
habituation	习惯	n.	toefl	ECDICT MIT	ecdict-only	yes	no	no	xi guan	12652	habit [n.] | custom [n.]	n. 使习惯, 习惯, 熟习\n[医] 习惯[作用], 习惯化, 成瘾		auto-v1: exact complete 2–6 Han-character gloss from one or both of ECDICT/KyleBing; exact current pinyin candidate and packed glossary key; matching POS in the packed key; exam membership and bundled IPA; one mapping per English headword; maximum eight added rows per Chinese key.
folkway	习惯	n.	toefl	ECDICT MIT	ecdict-only	yes	no	no	xi guan	12652	habit [n.] | custom [n.]	n. 习惯, 民风, 未开化的习俗		auto-v1: exact complete 2–6 Han-character gloss from one or both of ECDICT/KyleBing; exact current pinyin candidate and packed glossary key; matching POS in the packed key; exam membership and bundled IPA; one mapping per English headword; maximum eight added rows per Chinese key.
furnishing	设备	n.	toefl	ECDICT MIT	ecdict-only	yes	no	no	she bei	12592	equipment [n.]	n. 家具, 服饰品, 陈设品, 设备		auto-v1: exact complete 2–6 Han-character gloss from one or both of ECDICT/KyleBing; exact current pinyin candidate and packed glossary key; matching POS in the packed key; exam membership and bundled IPA; one mapping per English headword; maximum eight added rows per Chinese key.
underlies	引起	v.	toefl	ECDICT MIT	ecdict-only	yes	no	no	yin qi	12371	cause [v.] | trigger [v.]	v. 位于或存在于（某物）之下( underlie的第三人称单数 ); 构成…的基础（或起因）, 引起		auto-v1: exact complete 2–6 Han-character gloss from one or both of ECDICT/KyleBing; exact current pinyin candidate and packed glossary key; matching POS in the packed key; exam membership and bundled IPA; one mapping per English headword; maximum eight added rows per Chinese key.
armada	舰队	n.	tem8	ECDICT MIT	ecdict-only	yes	no	no	jian dui	12343	fleet [n.]	n. 舰队		auto-v1: exact complete 2–6 Han-character gloss from one or both of ECDICT/KyleBing; exact current pinyin candidate and packed glossary key; matching POS in the packed key; exam membership and bundled IPA; one mapping per English headword; maximum eight added rows per Chinese key.
articles	文章	n.	ielts	ECDICT MIT	ecdict-only	yes	no	no	wen zhang	11611	article [n.]	n. 文章；冠词；物品；条款（article的复数）		auto-v1: exact complete 2–6 Han-character gloss from one or both of ECDICT/KyleBing; exact current pinyin candidate and packed glossary key; matching POS in the packed key; exam membership and bundled IPA; one mapping per English headword; maximum eight added rows per Chinese key.
teams	团队	n.	ielts	ECDICT MIT	ecdict-only	yes	no	no	tuan dui	11410	team [n.]	n. 团队, 参赛队伍（team的复数形式）		auto-v1: exact complete 2–6 Han-character gloss from one or both of ECDICT/KyleBing; exact current pinyin candidate and packed glossary key; matching POS in the packed key; exam membership and bundled IPA; one mapping per English headword; maximum eight added rows per Chinese key.
peacetime	和平	n.	toefl	ECDICT MIT	ecdict-only	yes	no	no	he ping	11394	peace [n.]	n. 平时时期, 和平		auto-v1: exact complete 2–6 Han-character gloss from one or both of ECDICT/KyleBing; exact current pinyin candidate and packed glossary key; matching POS in the packed key; exam membership and bundled IPA; one mapping per English headword; maximum eight added rows per Chinese key.
trundle	移动	v.	tem8	ECDICT MIT	ecdict-only	yes	no	no	yi dong	11333	move [v.] | mobile [v.]	n. 小车轮, 脚轮, 滚动\nvi. 滚动, 移动, 投球\nvt. 使滚动, 使移转		auto-v1: exact complete 2–6 Han-character gloss from one or both of ECDICT/KyleBing; exact current pinyin candidate and packed glossary key; matching POS in the packed key; exam membership and bundled IPA; one mapping per English headword; maximum eight added rows per Chinese key.
passengers	旅客	n.	ielts	ECDICT MIT	ecdict-only	yes	no	no	lv ke	11110	passenger [n.] | traveler [n.]	n. 乘客( passenger的名词复数 ); 旅客; 白吃饭的人; 闲散人员		auto-v1: exact complete 2–6 Han-character gloss from one or both of ECDICT/KyleBing; exact current pinyin candidate and packed glossary key; matching POS in the packed key; exam membership and bundled IPA; one mapping per English headword; maximum eight added rows per Chinese key.
fulminate	爆炸	v.	toefl	ECDICT MIT	ecdict-only	yes	no	no	bao zha	10646	explode [v.]	vt. 使爆发, 以严词谴责\nvi. 爆炸, 怒喝, 电闪\nn. 雷酸盐, 烈性炸药		auto-v1: exact complete 2–6 Han-character gloss from one or both of ECDICT/KyleBing; exact current pinyin candidate and packed glossary key; matching POS in the packed key; exam membership and bundled IPA; one mapping per English headword; maximum eight added rows per Chinese key.
progressively	逐渐	adv.	toefl	ECDICT MIT	ecdict-only	yes	no	no	zhu jian	10641	gradually [adv.]	adv. 进步, 先进, 向前进, 不断前进, 累进, 渐进, 逐渐, 渐次, 主张进步, 进行性		auto-v1: exact complete 2–6 Han-character gloss from one or both of ECDICT/KyleBing; exact current pinyin candidate and packed glossary key; matching POS in the packed key; exam membership and bundled IPA; one mapping per English headword; maximum eight added rows per Chinese key.
actions	动作	n.	ielts	ECDICT MIT	ecdict-only	yes	no	no	dong zuo	10567	action [n.] | movement [n.]	n. 动作；行动（action的复数）		auto-v1: exact complete 2–6 Han-character gloss from one or both of ECDICT/KyleBing; exact current pinyin candidate and packed glossary key; matching POS in the packed key; exam membership and bundled IPA; one mapping per English headword; maximum eight added rows per Chinese key.
manhood	勇气	n.	tem8	ECDICT MIT	ecdict-only	yes	no	no	yong qi	10232	courage [n.]	n. 成年, 勇气, 男儿\n[法] 成年身分, 成年, 男子		auto-v1: exact complete 2–6 Han-character gloss from one or both of ECDICT/KyleBing; exact current pinyin candidate and packed glossary key; matching POS in the packed key; exam membership and bundled IPA; one mapping per English headword; maximum eight added rows per Chinese key.
raze	破坏	v.	toefl	ECDICT MIT	ecdict-only	yes	no	no	po huai	10026	destroy [v.] | damage [v.]	vt. 毁灭, 刮去, 把...夷为平地, 消除, 抹去, 破坏		auto-v1: exact complete 2–6 Han-character gloss from one or both of ECDICT/KyleBing; exact current pinyin candidate and packed glossary key; matching POS in the packed key; exam membership and bundled IPA; one mapping per English headword; maximum eight added rows per Chinese key.
unwind	展开	v.	tem8	ECDICT MIT	ecdict-only	yes	no	no	zhan kai	9983	unfold [v.] | develop [v.]	vt. 展开\n[化] 拆卷; 开卷		auto-v1: exact complete 2–6 Han-character gloss from one or both of ECDICT/KyleBing; exact current pinyin candidate and packed glossary key; matching POS in the packed key; exam membership and bundled IPA; one mapping per English headword; maximum eight added rows per Chinese key.
systems	制度	n.	ielts	ECDICT MIT	ecdict-only	yes	no	no	zhi du	9770	system [n.]	n. 体制, 体系；制度；系统（system的复数形式）		auto-v1: exact complete 2–6 Han-character gloss from one or both of ECDICT/KyleBing; exact current pinyin candidate and packed glossary key; matching POS in the packed key; exam membership and bundled IPA; one mapping per English headword; maximum eight added rows per Chinese key.
numeric	数字	n.	toefl	ECDICT MIT	ecdict-only	yes	no	no	shu zi	9744	number [n.] | digit [n.]	a. 数值的, 数字的\nn. 数, 数字\n[计] 数字的; 数值; 数值的		auto-v1: exact complete 2–6 Han-character gloss from one or both of ECDICT/KyleBing; exact current pinyin candidate and packed glossary key; matching POS in the packed key; exam membership and bundled IPA; one mapping per English headword; maximum eight added rows per Chinese key.
citizenry	市民	n.	toefl	ECDICT MIT	ecdict-only	yes	no	no	shi min	9711	citizen [n.]	n. 市民\n[法] 市民		auto-v1: exact complete 2–6 Han-character gloss from one or both of ECDICT/KyleBing; exact current pinyin candidate and packed glossary key; matching POS in the packed key; exam membership and bundled IPA; one mapping per English headword; maximum eight added rows per Chinese key.
artiste	艺人	n.	toefl	ECDICT MIT	ecdict-only	yes	no	no	yi ren	9680	entertainer [n.]	n. 艺人, 技艺家		auto-v1: exact complete 2–6 Han-character gloss from one or both of ECDICT/KyleBing; exact current pinyin candidate and packed glossary key; matching POS in the packed key; exam membership and bundled IPA; one mapping per English headword; maximum eight added rows per Chinese key.
centralise	集中	v.	tem8	ECDICT MIT	ecdict-only	yes	no	yes	ji zhong	9635	concentrate [v.] | focus [v.]	vt. 形成中心, 把统治权集中于中央, 把...集中起来, 成为...的中心, 集中		auto-v1: exact complete 2–6 Han-character gloss from one or both of ECDICT/KyleBing; exact current pinyin candidate and packed glossary key; matching POS in the packed key; exam membership and bundled IPA; one mapping per English headword; maximum eight added rows per Chinese key.
takings	收入	n.	tem8	ECDICT MIT	ecdict-only	yes	no	no	shou ru	9301	income [n.]	n. 捕获物, 收入, 进款, 利息\n[经] 收入, 利息, 进款		auto-v1: exact complete 2–6 Han-character gloss from one or both of ECDICT/KyleBing; exact current pinyin candidate and packed glossary key; matching POS in the packed key; exam membership and bundled IPA; one mapping per English headword; maximum eight added rows per Chinese key.
bicycles	自行车	n.	ielts	ECDICT MIT	ecdict-only	yes	no	no	zi xing che	9120	bicycle [n.]	n. 自行车；脚踏车（bicycle的复数）		auto-v1: exact complete 2–6 Han-character gloss from one or both of ECDICT/KyleBing; exact current pinyin candidate and packed glossary key; matching POS in the packed key; exam membership and bundled IPA; one mapping per English headword; maximum eight added rows per Chinese key.
lore	知识	n.	toefl	ECDICT MIT	ecdict-only	yes	no	no	zhi shi	9111	knowledge [n.]	n. 知识, 眼光		auto-v1: exact complete 2–6 Han-character gloss from one or both of ECDICT/KyleBing; exact current pinyin candidate and packed glossary key; matching POS in the packed key; exam membership and bundled IPA; one mapping per English headword; maximum eight added rows per Chinese key.
attempts	试图	v.	ielts	ECDICT MIT	ecdict-only	yes	no	no	shi tu	9081	attempt [v.] | try [v.]	n. 企图, 试图；尝试（attempt的复数）\nv. 试图；努力去做（attempt的三单形式）		auto-v1: exact complete 2–6 Han-character gloss from one or both of ECDICT/KyleBing; exact current pinyin candidate and packed glossary key; matching POS in the packed key; exam membership and bundled IPA; one mapping per English headword; maximum eight added rows per Chinese key.
dateline	日期	n.	toefl	ECDICT MIT	ecdict-only	yes	no	no	ri qi	8999	date [n.]	n. 日期		auto-v1: exact complete 2–6 Han-character gloss from one or both of ECDICT/KyleBing; exact current pinyin candidate and packed glossary key; matching POS in the packed key; exam membership and bundled IPA; one mapping per English headword; maximum eight added rows per Chinese key.
lessons	课程	n.	ielts	ECDICT MIT	ecdict-only	yes	no	no	ke cheng	8971	course [n.] | curriculum [n.]	n. 功课( lesson的名词复数 ); 课程; 教训; 一堂课		auto-v1: exact complete 2–6 Han-character gloss from one or both of ECDICT/KyleBing; exact current pinyin candidate and packed glossary key; matching POS in the packed key; exam membership and bundled IPA; one mapping per English headword; maximum eight added rows per Chinese key.
breathing	瞬间	n.	toefl	ECDICT MIT	ecdict-only	yes	no	no	shun jian	8842	moment [n.] | instant [n.]	n. 呼吸, 瞬间, 微风\na. 呼吸的, 逼真的		auto-v1: exact complete 2–6 Han-character gloss from one or both of ECDICT/KyleBing; exact current pinyin candidate and packed glossary key; matching POS in the packed key; exam membership and bundled IPA; one mapping per English headword; maximum eight added rows per Chinese key.
sites	遗址	n.	ielts	ECDICT MIT	ecdict-only	yes	no	no	yi zhi	8840	ruins [n.] | site [n.]	n. 遗址, 举办地点；网站（site的复数）		auto-v1: exact complete 2–6 Han-character gloss from one or both of ECDICT/KyleBing; exact current pinyin candidate and packed glossary key; matching POS in the packed key; exam membership and bundled IPA; one mapping per English headword; maximum eight added rows per Chinese key.
misfit	不适合	v.	tem8	ECDICT MIT	ecdict-only	yes	no	no	bu shi he	8744	not suit [v.]	n. 不适合, 不适合的东西, 不适应环境的人\nvt. (衣着)对...不合身\nvi. 不适合		auto-v1: exact complete 2–6 Han-character gloss from one or both of ECDICT/KyleBing; exact current pinyin candidate and packed glossary key; matching POS in the packed key; exam membership and bundled IPA; one mapping per English headword; maximum eight added rows per Chinese key.
kits	装备	n.	ielts	ECDICT MIT	ecdict-only	yes	no	no	zhuang bei	8614	equipment [n.]	n. 装备；小桶；锦囊（kit的复数）		auto-v1: exact complete 2–6 Han-character gloss from one or both of ECDICT/KyleBing; exact current pinyin candidate and packed glossary key; matching POS in the packed key; exam membership and bundled IPA; one mapping per English headword; maximum eight added rows per Chinese key.
suffuse	充满	v.	toefl	ECDICT MIT	ecdict-only	yes	no	no	chong man	8607	fill [v.]	vt. 遍布, 弥漫, 充满		auto-v1: exact complete 2–6 Han-character gloss from one or both of ECDICT/KyleBing; exact current pinyin candidate and packed glossary key; matching POS in the packed key; exam membership and bundled IPA; one mapping per English headword; maximum eight added rows per Chinese key.
overfill	充满	v.	ielts	ECDICT MIT	ecdict-only	yes	no	no	chong man	8607	fill [v.]	vt. 装得太多, 装到满溢, 充满\nvi. 满溢		auto-v1: exact complete 2–6 Han-character gloss from one or both of ECDICT/KyleBing; exact current pinyin candidate and packed glossary key; matching POS in the packed key; exam membership and bundled IPA; one mapping per English headword; maximum eight added rows per Chinese key.
interviews	访问	v.	ielts	ECDICT MIT	ecdict-only	yes	no	no	fang wen	8581	visit [v.] | access [v.]	n. 接见( interview的名词复数 ); 采访; 面谈; 会谈\nv. 面试( interview的第三人称单数 ); 访问; 会见; （私下）提问		auto-v1: exact complete 2–6 Han-character gloss from one or both of ECDICT/KyleBing; exact current pinyin candidate and packed glossary key; matching POS in the packed key; exam membership and bundled IPA; one mapping per English headword; maximum eight added rows per Chinese key.
proscribe	禁止	v.	toefl	ECDICT MIT	ecdict-only	yes	no	yes	jin zhi	8567	forbid [v.] | prohibit [v.]	vt. 剥夺...的公民权, 使失去法律保护, 把...充军, 把...放逐, 排斥, 禁止		auto-v1: exact complete 2–6 Han-character gloss from one or both of ECDICT/KyleBing; exact current pinyin candidate and packed glossary key; matching POS in the packed key; exam membership and bundled IPA; one mapping per English headword; maximum eight added rows per Chinese key.
paternity	来源	n.	ielts	ECDICT MIT	ecdict-only	yes	no	no	lai yuan	8521	source [n.] | origin [n.]	n. 父亲身份, 父系血统, 创始人(身份), 来源, 出处\n[医] 父权, 亲权; 父系		auto-v1: exact complete 2–6 Han-character gloss from one or both of ECDICT/KyleBing; exact current pinyin candidate and packed glossary key; matching POS in the packed key; exam membership and bundled IPA; one mapping per English headword; maximum eight added rows per Chinese key.
riders	乘客	n.	ielts	ECDICT MIT	ecdict-only	yes	no	no	cheng ke	8432	passenger [n.]	n. 骑（马、自行车等）的人( rider的名词复数 ); 乘客; 附文; 附加条款		auto-v1: exact complete 2–6 Han-character gloss from one or both of ECDICT/KyleBing; exact current pinyin candidate and packed glossary key; matching POS in the packed key; exam membership and bundled IPA; one mapping per English headword; maximum eight added rows per Chinese key.
egress	出口	n.	toefl	ECDICT MIT	ecdict-only	yes	no	no	chu kou	8153	exit [n.]	n. 出口, 外出\nvi. 外出		auto-v1: exact complete 2–6 Han-character gloss from one or both of ECDICT/KyleBing; exact current pinyin candidate and packed glossary key; matching POS in the packed key; exam membership and bundled IPA; one mapping per English headword; maximum eight added rows per Chinese key.
shortness	不足	n.	toefl	ECDICT MIT	ecdict-only	yes	no	no	bu zu	8087	shortage [n.] | lack [n.]	n. 短小, 简略, 不足\n[化] 脆性; 蓝脆性; 冷脆性		auto-v1: exact complete 2–6 Han-character gloss from one or both of ECDICT/KyleBing; exact current pinyin candidate and packed glossary key; matching POS in the packed key; exam membership and bundled IPA; one mapping per English headword; maximum eight added rows per Chinese key.
coloration	特色	n.	toefl	ECDICT MIT	ecdict-only	yes	no	no	te se	8085	feature [n.] | characteristic [n.]	n. 着色, 特色, 色彩, 天然颜色		auto-v1: exact complete 2–6 Han-character gloss from one or both of ECDICT/KyleBing; exact current pinyin candidate and packed glossary key; matching POS in the packed key; exam membership and bundled IPA; one mapping per English headword; maximum eight added rows per Chinese key.
employees	员工	n.	ielts	ECDICT MIT	ecdict-only	yes	no	no	yuan gong	7879	employee [n.] | staff [n.]	n. 员工；雇员；从业人员（emploee的复数）		auto-v1: exact complete 2–6 Han-character gloss from one or both of ECDICT/KyleBing; exact current pinyin candidate and packed glossary key; matching POS in the packed key; exam membership and bundled IPA; one mapping per English headword; maximum eight added rows per Chinese key.
doors	入口	n.	ielts	ECDICT MIT	ecdict-only	yes	no	no	ru kou	7874	entrance [n.]	n. 大门；入口；通道（door的复数）		auto-v1: exact complete 2–6 Han-character gloss from one or both of ECDICT/KyleBing; exact current pinyin candidate and packed glossary key; matching POS in the packed key; exam membership and bundled IPA; one mapping per English headword; maximum eight added rows per Chinese key.
penchant	爱好	n.	toefl	ECDICT MIT	ecdict-only	yes	no	no	ai hao	7871	hobby [n.]	n. 爱好, 嗜好		auto-v1: exact complete 2–6 Han-character gloss from one or both of ECDICT/KyleBing; exact current pinyin candidate and packed glossary key; matching POS in the packed key; exam membership and bundled IPA; one mapping per English headword; maximum eight added rows per Chinese key.
factories	工厂	n.	ielts	ECDICT MIT	ecdict-only	yes	no	no	gong chang	7772	factory [n.]	n. 工厂, 车厂（factory复数形式）		auto-v1: exact complete 2–6 Han-character gloss from one or both of ECDICT/KyleBing; exact current pinyin candidate and packed glossary key; matching POS in the packed key; exam membership and bundled IPA; one mapping per English headword; maximum eight added rows per Chinese key.
staid	认真的	adj.	tem8	ECDICT MIT	ecdict-only	yes	no	no	ren zhen de	7768	serious [adj.]	a. 认真的, 沉着的, 固定的		auto-v1: exact complete 2–6 Han-character gloss from one or both of ECDICT/KyleBing; exact current pinyin candidate and packed glossary key; matching POS in the packed key; exam membership and bundled IPA; one mapping per English headword; maximum eight added rows per Chinese key.
tunnels	隧道	n.	ielts	ECDICT MIT	ecdict-only	yes	no	no	sui dao	7649	tunnel [n.]	n. 隧道, 地道( tunnel的名词复数 ); （动物栖息的）穴		auto-v1: exact complete 2–6 Han-character gloss from one or both of ECDICT/KyleBing; exact current pinyin candidate and packed glossary key; matching POS in the packed key; exam membership and bundled IPA; one mapping per English headword; maximum eight added rows per Chinese key.
contravene	反驳	v.	toefl	ECDICT MIT	ecdict-only	yes	no	no	fan bo	7640	refute [v.] | rebut [v.]	vt. 违反, 触犯, 否认, 反驳, 抵触, 与...冲突\n[法] 触法, 违反, 否定		auto-v1: exact complete 2–6 Han-character gloss from one or both of ECDICT/KyleBing; exact current pinyin candidate and packed glossary key; matching POS in the packed key; exam membership and bundled IPA; one mapping per English headword; maximum eight added rows per Chinese key.
gainsay	反驳	v.	toefl	ECDICT MIT	ecdict-only	yes	no	no	fan bo	7640	refute [v.] | rebut [v.]	vt. 否定, 反驳\nn. 否认, 反驳, 反对		auto-v1: exact complete 2–6 Han-character gloss from one or both of ECDICT/KyleBing; exact current pinyin candidate and packed glossary key; matching POS in the packed key; exam membership and bundled IPA; one mapping per English headword; maximum eight added rows per Chinese key.
bulldoze	威胁	v.	toefl	ECDICT MIT	ecdict-only	yes	no	no	wei xie	7542	threaten [v.]	vt. 强迫, 用推土机推平/削平, 用推土机清除, 压倒, 威胁		auto-v1: exact complete 2–6 Han-character gloss from one or both of ECDICT/KyleBing; exact current pinyin candidate and packed glossary key; matching POS in the packed key; exam membership and bundled IPA; one mapping per English headword; maximum eight added rows per Chinese key.
bands	乐队	n.	ielts	ECDICT MIT	ecdict-only	yes	no	no	yue dui	7445	band [n.] | orchestra [n.]	n. 法官；乐队		auto-v1: exact complete 2–6 Han-character gloss from one or both of ECDICT/KyleBing; exact current pinyin candidate and packed glossary key; matching POS in the packed key; exam membership and bundled IPA; one mapping per English headword; maximum eight added rows per Chinese key.
harassment	烦恼	n.	ielts	ECDICT MIT	ecdict-only	yes	no	no	fan nao	7393	worry [n.]	n. 困扰, 烦扰, 烦恼\n[法] 折磨, 骚扰, 侵扰		auto-v1: exact complete 2–6 Han-character gloss from one or both of ECDICT/KyleBing; exact current pinyin candidate and packed glossary key; matching POS in the packed key; exam membership and bundled IPA; one mapping per English headword; maximum eight added rows per Chinese key.
vexation	烦恼	n.	tem8	ECDICT MIT	ecdict-only	yes	no	yes	fan nao	7393	worry [n.]	n. 恼怒, 烦恼, 令人恼火的事情\n[法] 招人烦恼的事物, 烦恼, 苦闷		auto-v1: exact complete 2–6 Han-character gloss from one or both of ECDICT/KyleBing; exact current pinyin candidate and packed glossary key; matching POS in the packed key; exam membership and bundled IPA; one mapping per English headword; maximum eight added rows per Chinese key.
identities	个性	n.	ielts	ECDICT MIT	ecdict-only	yes	no	no	ge xing	7264	personality [n.]	n. 身份( identity的名词复数 ); 同一性; 个性; 同一人		auto-v1: exact complete 2–6 Han-character gloss from one or both of ECDICT/KyleBing; exact current pinyin candidate and packed glossary key; matching POS in the packed key; exam membership and bundled IPA; one mapping per English headword; maximum eight added rows per Chinese key.
obtrude	打扰	v.	toefl	ECDICT MIT	ecdict-only	yes	no	no	da rao	7224	disturb [v.] | bother [v.]	vt. 逼使, 强迫, 伸出\nvi. 打扰, 强行闯入		auto-v1: exact complete 2–6 Han-character gloss from one or both of ECDICT/KyleBing; exact current pinyin candidate and packed glossary key; matching POS in the packed key; exam membership and bundled IPA; one mapping per English headword; maximum eight added rows per Chinese key.
instruments	工具	n.	ielts	ECDICT MIT	ecdict-only	yes	no	no	gong ju	7223	tool [n.]	n. 乐器；工具；仪器（instrument的复数）		auto-v1: exact complete 2–6 Han-character gloss from one or both of ECDICT/KyleBing; exact current pinyin candidate and packed glossary key; matching POS in the packed key; exam membership and bundled IPA; one mapping per English headword; maximum eight added rows per Chinese key.
tools	工具	n.	ielts	ECDICT MIT	ecdict-only	yes	no	no	gong ju	7223	tool [n.]	n. 工具, 工具菜单；工具箱（tool的复数形式）		auto-v1: exact complete 2–6 Han-character gloss from one or both of ECDICT/KyleBing; exact current pinyin candidate and packed glossary key; matching POS in the packed key; exam membership and bundled IPA; one mapping per English headword; maximum eight added rows per Chinese key.
disputes	阻止	v.	ielts	ECDICT MIT	ecdict-only	yes	no	no	zu zhi	7081	prevent [v.] | stop [v.]	n. 辩论( dispute的名词复数 ); 争端; （劳资）纠纷; 罢工\nv. 辩论, 争论( dispute的第三人称单数 ); 争夺; 阻止; 就…进行辩论		auto-v1: exact complete 2–6 Han-character gloss from one or both of ECDICT/KyleBing; exact current pinyin candidate and packed glossary key; matching POS in the packed key; exam membership and bundled IPA; one mapping per English headword; maximum eight added rows per Chinese key.
enunciate	表明	v.	toefl	ECDICT MIT	ecdict-only	yes	no	no	biao ming	6975	declare [v.] | state [v.]	vt. 明确地叙述, 表明\nvi. 发音		auto-v1: exact complete 2–6 Han-character gloss from one or both of ECDICT/KyleBing; exact current pinyin candidate and packed glossary key; matching POS in the packed key; exam membership and bundled IPA; one mapping per English headword; maximum eight added rows per Chinese key.
parties	聚会	n.	ielts	ECDICT MIT	ecdict-only	yes	no	no	ju hui	6913	gathering [n.]	n. 当事人；聚会；党派；政党机关；同行者（party的复数）		auto-v1: exact complete 2–6 Han-character gloss from one or both of ECDICT/KyleBing; exact current pinyin candidate and packed glossary key; matching POS in the packed key; exam membership and bundled IPA; one mapping per English headword; maximum eight added rows per Chinese key.
recompose	修改	v.	toefl	ECDICT MIT	ecdict-only	yes	no	no	xiu gai	6567	modify [v.] | revise [v.]	vt. 重组, 修改, 使镇定		auto-v1: exact complete 2–6 Han-character gloss from one or both of ECDICT/KyleBing; exact current pinyin candidate and packed glossary key; matching POS in the packed key; exam membership and bundled IPA; one mapping per English headword; maximum eight added rows per Chinese key.
trepidation	恐惧	n.	toefl	ECDICT MIT	ecdict-only	yes	no	no	kong ju	6509	fear [n.]	n. 恐惧, 惊惶, 忧虑\n[医] 震颤, 抖颤; 悸惧		auto-v1: exact complete 2–6 Han-character gloss from one or both of ECDICT/KyleBing; exact current pinyin candidate and packed glossary key; matching POS in the packed key; exam membership and bundled IPA; one mapping per English headword; maximum eight added rows per Chinese key.
disallow	不准	v.	toefl	ECDICT MIT	ecdict-only	yes	no	no	bu zhun	6506	not allow [v.]	vt. 不许, 不准, 驳回\n[法] 拒绝接受, 拒绝承认, 不允许		auto-v1: exact complete 2–6 Han-character gloss from one or both of ECDICT/KyleBing; exact current pinyin candidate and packed glossary key; matching POS in the packed key; exam membership and bundled IPA; one mapping per English headword; maximum eight added rows per Chinese key.
endue	授予	v.	toefl	ECDICT MIT	ecdict-only	yes	no	no	shou yu	6497	award [v.] | grant [v.]	vt. 授予, 赋予, 穿上		auto-v1: exact complete 2–6 Han-character gloss from one or both of ECDICT/KyleBing; exact current pinyin candidate and packed glossary key; matching POS in the packed key; exam membership and bundled IPA; one mapping per English headword; maximum eight added rows per Chinese key.
measures	措施	n.	toefl	ECDICT MIT	ecdict-only	yes	no	no	cuo shi	6379	measure [n.]	n. 措施；层组（measure的复数）		auto-v1: exact complete 2–6 Han-character gloss from one or both of ECDICT/KyleBing; exact current pinyin candidate and packed glossary key; matching POS in the packed key; exam membership and bundled IPA; one mapping per English headword; maximum eight added rows per Chinese key.
risks	风险	n.	ielts	ECDICT MIT	ecdict-only	yes	no	no	feng xian	6351	risk [n.]	n. 风险, 危险（risk复数）		auto-v1: exact complete 2–6 Han-character gloss from one or both of ECDICT/KyleBing; exact current pinyin candidate and packed glossary key; matching POS in the packed key; exam membership and bundled IPA; one mapping per English headword; maximum eight added rows per Chinese key.
rifleman	步兵	n.	tem8	ECDICT MIT	ecdict-only	yes	no	no	bu bing	6348	infantry [n.]	n. 步枪射手, 步兵		auto-v1: exact complete 2–6 Han-character gloss from one or both of ECDICT/KyleBing; exact current pinyin candidate and packed glossary key; matching POS in the packed key; exam membership and bundled IPA; one mapping per English headword; maximum eight added rows per Chinese key.
disburse	分配	v.	toefl	ECDICT MIT	ecdict-only	yes	no	no	fen pei	6297	distribute [v.] | allocate [v.]	vt. 支付, 支出, 分配\n[经] 支付, 支出, 偿付		auto-v1: exact complete 2–6 Han-character gloss from one or both of ECDICT/KyleBing; exact current pinyin candidate and packed glossary key; matching POS in the packed key; exam membership and bundled IPA; one mapping per English headword; maximum eight added rows per Chinese key.
machines	机器	n.	ielts	ECDICT MIT	ecdict-only	yes	no	no	ji qi	6212	machine [n.]	n. 机器；机械（machine的复数）		auto-v1: exact complete 2–6 Han-character gloss from one or both of ECDICT/KyleBing; exact current pinyin candidate and packed glossary key; matching POS in the packed key; exam membership and bundled IPA; one mapping per English headword; maximum eight added rows per Chinese key.
mingling	混合	v.	toefl	ECDICT MIT	ecdict-only	yes	no	no	hun he	6126	mix [v.] | blend [v.]	v. 混合, 混入( mingle的现在分词 ); 混进, 与…交往[联系]		auto-v1: exact complete 2–6 Han-character gloss from one or both of ECDICT/KyleBing; exact current pinyin candidate and packed glossary key; matching POS in the packed key; exam membership and bundled IPA; one mapping per English headword; maximum eight added rows per Chinese key.
culmination	最高点	n.	toefl	ECDICT MIT	ecdict-only	yes	no	no	zui gao dian	5990	highest point [n.]	n. 顶点, 高潮, 最高点		auto-v1: exact complete 2–6 Han-character gloss from one or both of ECDICT/KyleBing; exact current pinyin candidate and packed glossary key; matching POS in the packed key; exam membership and bundled IPA; one mapping per English headword; maximum eight added rows per Chinese key.
immolate	杀死	v.	toefl	ECDICT MIT	ecdict-only	yes	no	no	sha si	5977	kill [v.]	vt. 为供神而宰杀, 牺牲, 杀死		auto-v1: exact complete 2–6 Han-character gloss from one or both of ECDICT/KyleBing; exact current pinyin candidate and packed glossary key; matching POS in the packed key; exam membership and bundled IPA; one mapping per English headword; maximum eight added rows per Chinese key.
ardor	热情	n.	toefl	ECDICT MIT	ecdict-only	yes	no	no	re qing	5924	enthusiasm [n.]	n. 热忱, 热情, 情欲, 激情, 灼热\n[医] 灼热; 热心		auto-v1: exact complete 2–6 Han-character gloss from one or both of ECDICT/KyleBing; exact current pinyin candidate and packed glossary key; matching POS in the packed key; exam membership and bundled IPA; one mapping per English headword; maximum eight added rows per Chinese key.
fervour	热情	n.	tem8	ECDICT MIT	ecdict-only	yes	no	no	re qing	5924	enthusiasm [n.]	n. 炽热, 热诚, 热情, 热烈		auto-v1: exact complete 2–6 Han-character gloss from one or both of ECDICT/KyleBing; exact current pinyin candidate and packed glossary key; matching POS in the packed key; exam membership and bundled IPA; one mapping per English headword; maximum eight added rows per Chinese key.
fiddler	骗子	n.	toefl	ECDICT MIT	ecdict-only	yes	no	no	pian zi	5923	liar [n.] | cheat [n.]	n. 拉提琴的人, 游荡者, 骗子		auto-v1: exact complete 2–6 Han-character gloss from one or both of ECDICT/KyleBing; exact current pinyin candidate and packed glossary key; matching POS in the packed key; exam membership and bundled IPA; one mapping per English headword; maximum eight added rows per Chinese key.
rook	骗子	n.	toefl	ECDICT MIT	ecdict-only	yes	no	no	pian zi	5923	liar [n.] | cheat [n.]	n. (象棋)车, 骗子\nvt. 骗		auto-v1: exact complete 2–6 Han-character gloss from one or both of ECDICT/KyleBing; exact current pinyin candidate and packed glossary key; matching POS in the packed key; exam membership and bundled IPA; one mapping per English headword; maximum eight added rows per Chinese key.
sharper	骗子	n.	toefl	ECDICT MIT	ecdict-only	yes	no	no	pian zi	5923	liar [n.] | cheat [n.]	n. 骗子, 欺诈者, 赌棍\n[法] 欺骗者, 欺诈犯		auto-v1: exact complete 2–6 Han-character gloss from one or both of ECDICT/KyleBing; exact current pinyin candidate and packed glossary key; matching POS in the packed key; exam membership and bundled IPA; one mapping per English headword; maximum eight added rows per Chinese key.
diseases	疾病	n.	ielts	ECDICT MIT	ecdict-only	yes	no	no	ji bing	5909	disease [n.]	n. 病害；疾病；疾病种类；病（disease的复数）		auto-v1: exact complete 2–6 Han-character gloss from one or both of ECDICT/KyleBing; exact current pinyin candidate and packed glossary key; matching POS in the packed key; exam membership and bundled IPA; one mapping per English headword; maximum eight added rows per Chinese key.
inactivate	撤销	v.	toefl	ECDICT MIT	ecdict-only	yes	no	no	che xiao	5860	revoke [v.] | cancel [v.]	vt. 使不活动, 撤销, 使失去活性, 灭活\n[医] 灭活, 使不活动		auto-v1: exact complete 2–6 Han-character gloss from one or both of ECDICT/KyleBing; exact current pinyin candidate and packed glossary key; matching POS in the packed key; exam membership and bundled IPA; one mapping per English headword; maximum eight added rows per Chinese key.
lakes	湖泊	n.	ielts	ECDICT MIT	ecdict-only	yes	no	no	hu po	5836	lake [n.]	n. 色淀；湖泊, 湖畔		auto-v1: exact complete 2–6 Han-character gloss from one or both of ECDICT/KyleBing; exact current pinyin candidate and packed glossary key; matching POS in the packed key; exam membership and bundled IPA; one mapping per English headword; maximum eight added rows per Chinese key.
pictures	电影院	n.	ielts	ECDICT MIT	ecdict-only	yes	no	no	dian ying yuan	5781	cinema [n.]	n. 电影院		auto-v1: exact complete 2–6 Han-character gloss from one or both of ECDICT/KyleBing; exact current pinyin candidate and packed glossary key; matching POS in the packed key; exam membership and bundled IPA; one mapping per English headword; maximum eight added rows per Chinese key.
tables	桌子	n.	ielts	ECDICT MIT	ecdict-only	yes	no	no	zhuo zi	5777	table [n.] | desk [n.]	n. 桌子；附录；表格（table的复数）		auto-v1: exact complete 2–6 Han-character gloss from one or both of ECDICT/KyleBing; exact current pinyin candidate and packed glossary key; matching POS in the packed key; exam membership and bundled IPA; one mapping per English headword; maximum eight added rows per Chinese key.
gravitate	下降	v.	tem8	ECDICT MIT	ecdict-only	yes	no	no	xia jiang	5673	decline [v.]	vi. 被重力吸引, 沉下, 下降\nvt. 使受重力吸引		auto-v1: exact complete 2–6 Han-character gloss from one or both of ECDICT/KyleBing; exact current pinyin candidate and packed glossary key; matching POS in the packed key; exam membership and bundled IPA; one mapping per English headword; maximum eight added rows per Chinese key.
charges	费用	n.	ielts	ECDICT MIT	ecdict-only	yes	no	no	fei yong	5670	cost [n.] | expense [n.]	n. 费用；手续费；运费		auto-v1: exact complete 2–6 Han-character gloss from one or both of ECDICT/KyleBing; exact current pinyin candidate and packed glossary key; matching POS in the packed key; exam membership and bundled IPA; one mapping per English headword; maximum eight added rows per Chinese key.
costs	费用	n.	ielts	ECDICT MIT	ecdict-only	yes	no	no	fei yong	5670	cost [n.] | expense [n.]	n. 费用；诉讼费；损失（cost的复数）		auto-v1: exact complete 2–6 Han-character gloss from one or both of ECDICT/KyleBing; exact current pinyin candidate and packed glossary key; matching POS in the packed key; exam membership and bundled IPA; one mapping per English headword; maximum eight added rows per Chinese key.
expenses	费用	n.	ielts	ECDICT MIT	ecdict-only	yes	no	no	fei yong	5670	cost [n.] | expense [n.]	n. 开支, 经费, 费用\n[法] 开支, 支出, 经费		auto-v1: exact complete 2–6 Han-character gloss from one or both of ECDICT/KyleBing; exact current pinyin candidate and packed glossary key; matching POS in the packed key; exam membership and bundled IPA; one mapping per English headword; maximum eight added rows per Chinese key.
trimester	三个月	n.	ielts	ECDICT MIT	ecdict-only	yes	no	no	san ge yue	5668	three months [n.]	n. 三个月, 一学期\n[医] 三个月, 三月期		auto-v1: exact complete 2–6 Han-character gloss from one or both of ECDICT/KyleBing; exact current pinyin candidate and packed glossary key; matching POS in the packed key; exam membership and bundled IPA; one mapping per English headword; maximum eight added rows per Chinese key.
sheathe	覆盖	v.	toefl	ECDICT MIT	ecdict-only	yes	no	no	fu gai	5616	cover [v.]	vt. 插入鞘, 覆盖		auto-v1: exact complete 2–6 Han-character gloss from one or both of ECDICT/KyleBing; exact current pinyin candidate and packed glossary key; matching POS in the packed key; exam membership and bundled IPA; one mapping per English headword; maximum eight added rows per Chinese key.
engineers	工程师	n.	ielts	ECDICT MIT	ecdict-only	yes	no	no	gong cheng shi	5604	engineer [n.]	n. 工程师；机械师（engineer的复数）		auto-v1: exact complete 2–6 Han-character gloss from one or both of ECDICT/KyleBing; exact current pinyin candidate and packed glossary key; matching POS in the packed key; exam membership and bundled IPA; one mapping per English headword; maximum eight added rows per Chinese key.
tenement	房屋	n.	toefl	ECDICT MIT	ecdict-only	yes	no	no	fang wu	5564	house [n.]	n. 房屋, 住房, 保有物, 居所\n[经] 地产, 住屋		auto-v1: exact complete 2–6 Han-character gloss from one or both of ECDICT/KyleBing; exact current pinyin candidate and packed glossary key; matching POS in the packed key; exam membership and bundled IPA; one mapping per English headword; maximum eight added rows per Chinese key.
citadel	城堡	n.	toefl	ECDICT MIT	ecdict-only	yes	no	no	cheng bao	5564	castle [n.]	n. 城堡, 避难处		auto-v1: exact complete 2–6 Han-character gloss from one or both of ECDICT/KyleBing; exact current pinyin candidate and packed glossary key; matching POS in the packed key; exam membership and bundled IPA; one mapping per English headword; maximum eight added rows per Chinese key.
customers	客户	n.	ielts	ECDICT MIT	ecdict-only	yes	no	no	ke hu	5549	client [n.] | customer [n.]	n. 客户；顾客（customer的复数）		auto-v1: exact complete 2–6 Han-character gloss from one or both of ECDICT/KyleBing; exact current pinyin candidate and packed glossary key; matching POS in the packed key; exam membership and bundled IPA; one mapping per English headword; maximum eight added rows per Chinese key.
agencies	代理	n.	ielts	ECDICT MIT	ecdict-only	yes	no	no	dai li	5500	agent [n.] | proxy [n.]	n. 代理；代理处（agency的复数）		auto-v1: exact complete 2–6 Han-character gloss from one or both of ECDICT/KyleBing; exact current pinyin candidate and packed glossary key; matching POS in the packed key; exam membership and bundled IPA; one mapping per English headword; maximum eight added rows per Chinese key.
maker	上帝	n.	toefl	ECDICT MIT	ecdict-only	yes	no	no	shang di	5438	god [n.]	n. 制造者, 上帝\n[经] 制造者, 出票人		auto-v1: exact complete 2–6 Han-character gloss from one or both of ECDICT/KyleBing; exact current pinyin candidate and packed glossary key; matching POS in the packed key; exam membership and bundled IPA; one mapping per English headword; maximum eight added rows per Chinese key.
discolor	污染	v.	toefl	ECDICT MIT	ecdict-only	yes	no	no	wu ran	5337	pollute [v.] | contaminate [v.]	vi.vt. (使)变色, 污染, (使)褪色\n[计] 变色, 褪色		auto-v1: exact complete 2–6 Han-character gloss from one or both of ECDICT/KyleBing; exact current pinyin candidate and packed glossary key; matching POS in the packed key; exam membership and bundled IPA; one mapping per English headword; maximum eight added rows per Chinese key.
provincialism	方言	n.	toefl	ECDICT MIT	ecdict-only	yes	no	no	fang yan	5181	dialect [n.]	n. 乡下习气, 方言, 地方风俗		auto-v1: exact complete 2–6 Han-character gloss from one or both of ECDICT/KyleBing; exact current pinyin candidate and packed glossary key; matching POS in the packed key; exam membership and bundled IPA; one mapping per English headword; maximum eight added rows per Chinese key.
refresher	饮料	n.	ielts	ECDICT MIT	ecdict-only	yes	no	no	yin liao	5160	beverage [n.] | drink [n.]	n. 使清新的事物, 使恢复记忆的事物, 饮料, 酒, 复习, 最新动态介绍, 补习材料\n[医] 复习课程		auto-v1: exact complete 2–6 Han-character gloss from one or both of ECDICT/KyleBing; exact current pinyin candidate and packed glossary key; matching POS in the packed key; exam membership and bundled IPA; one mapping per English headword; maximum eight added rows per Chinese key.
scrutinise	审查	v.	tem8	ECDICT MIT	ecdict-only	yes	no	no	shen cha	5063	review [v.] | censor [v.]	vt.vi. 细看, 仔细检查, 审查, 细阅\n[经] 详细检查, 细细地看		auto-v1: exact complete 2–6 Han-character gloss from one or both of ECDICT/KyleBing; exact current pinyin candidate and packed glossary key; matching POS in the packed key; exam membership and bundled IPA; one mapping per English headword; maximum eight added rows per Chinese key.
assort	协调	v.	toefl	ECDICT MIT	ecdict-only	yes	no	no	xie tiao	5062	coordinate [v.]	vt. 把...分类, 把...归为一类\nvi. 协调, 交往		auto-v1: exact complete 2–6 Han-character gloss from one or both of ECDICT/KyleBing; exact current pinyin candidate and packed glossary key; matching POS in the packed key; exam membership and bundled IPA; one mapping per English headword; maximum eight added rows per Chinese key.
advantages	优势	n.	ielts	ECDICT MIT	ecdict-only	yes	no	no	you shi	5060	advantage [n.] | strength [n.]	n. 优势；特点；有利；[经] 利益（advantage的复数）\nv. 促进（advantage的三单形式）；有利于		auto-v1: exact complete 2–6 Han-character gloss from one or both of ECDICT/KyleBing; exact current pinyin candidate and packed glossary key; matching POS in the packed key; exam membership and bundled IPA; one mapping per English headword; maximum eight added rows per Chinese key.
drugs	药物	n.	ielts	ECDICT MIT	ecdict-only	yes	no	no	yao wu	4996	drug [n.]	n. 毒品, 药物		auto-v1: exact complete 2–6 Han-character gloss from one or both of ECDICT/KyleBing; exact current pinyin candidate and packed glossary key; matching POS in the packed key; exam membership and bundled IPA; one mapping per English headword; maximum eight added rows per Chinese key.
allotment	命运	n.	tem8	ECDICT MIT	ecdict-only	yes	no	no	ming yun	4961	fate [n.] | destiny [n.]	n. 分配, 拨款, 命运\n[经] 分配, 拨款, 分配额分派认购额		auto-v1: exact complete 2–6 Han-character gloss from one or both of ECDICT/KyleBing; exact current pinyin candidate and packed glossary key; matching POS in the packed key; exam membership and bundled IPA; one mapping per English headword; maximum eight added rows per Chinese key.
prearrange	预定	v.	toefl	ECDICT MIT	ecdict-only	yes	no	no	yu ding	4715	reserve [v.] | book [v.]	vt. 预先安排, 预先准备, 预定		auto-v1: exact complete 2–6 Han-character gloss from one or both of ECDICT/KyleBing; exact current pinyin candidate and packed glossary key; matching POS in the packed key; exam membership and bundled IPA; one mapping per English headword; maximum eight added rows per Chinese key.
secede	分离	v.	toefl	ECDICT MIT	ecdict-only	yes	no	no	fen li	4662	separate [v.]	vi. 正式脱离(或退出), 分离\n[法] 退出, 脱离		auto-v1: exact complete 2–6 Han-character gloss from one or both of ECDICT/KyleBing; exact current pinyin candidate and packed glossary key; matching POS in the packed key; exam membership and bundled IPA; one mapping per English headword; maximum eight added rows per Chinese key.
therewith	随即	adv.	tem8	ECDICT MIT	ecdict-only	yes	no	no	sui ji	4643	immediately [adv.] | soon [adv.]	adv. 随即, 与此, 此外		auto-v1: exact complete 2–6 Han-character gloss from one or both of ECDICT/KyleBing; exact current pinyin candidate and packed glossary key; matching POS in the packed key; exam membership and bundled IPA; one mapping per English headword; maximum eight added rows per Chinese key.
slur	忽略	v.	tem8	ECDICT MIT	ecdict-only	yes	no	no	hu lve	4612	ignore [v.]	n. 连音符, 诽谤, 玷污, 印刷模糊\nvt. 草率地看过, 忽略, 含糊地念\nvi. 模糊不清		auto-v1: exact complete 2–6 Han-character gloss from one or both of ECDICT/KyleBing; exact current pinyin candidate and packed glossary key; matching POS in the packed key; exam membership and bundled IPA; one mapping per English headword; maximum eight added rows per Chinese key.
examples	例子	n.	ielts	ECDICT MIT	ecdict-only	yes	no	no	li zi	4516	example [n.]	n. 例子；列证（example的复数形式）		auto-v1: exact complete 2–6 Han-character gloss from one or both of ECDICT/KyleBing; exact current pinyin candidate and packed glossary key; matching POS in the packed key; exam membership and bundled IPA; one mapping per English headword; maximum eight added rows per Chinese key.
lighthearted	快乐的	adj.	toefl	ECDICT MIT	ecdict-only	yes	no	no	kuai le de	4462	happy [adj.]	a. 快乐的, 心情愉快的；无忧无虑的		auto-v1: exact complete 2–6 Han-character gloss from one or both of ECDICT/KyleBing; exact current pinyin candidate and packed glossary key; matching POS in the packed key; exam membership and bundled IPA; one mapping per English headword; maximum eight added rows per Chinese key.
difficulties	难度	n.	ielts	ECDICT MIT	ecdict-only	yes	no	no	nan du	4438	difficulty [n.]	n. 困难( difficulty的名词复数 ); 难度; 难事; 麻烦		auto-v1: exact complete 2–6 Han-character gloss from one or both of ECDICT/KyleBing; exact current pinyin candidate and packed glossary key; matching POS in the packed key; exam membership and bundled IPA; one mapping per English headword; maximum eight added rows per Chinese key.
marks	分数	n.	ielts	ECDICT MIT	ecdict-only	yes	no	no	fen shu	4357	score [n.]	n. 标记, 记号；唛头, 分数；台面标志		auto-v1: exact complete 2–6 Han-character gloss from one or both of ECDICT/KyleBing; exact current pinyin candidate and packed glossary key; matching POS in the packed key; exam membership and bundled IPA; one mapping per English headword; maximum eight added rows per Chinese key.
newspapers	报纸	n.	ielts	ECDICT MIT	ecdict-only	yes	no	no	bao zhi	4306	newspaper [n.]	n. 报纸, 报章（newspaper的复数）		auto-v1: exact complete 2–6 Han-character gloss from one or both of ECDICT/KyleBing; exact current pinyin candidate and packed glossary key; matching POS in the packed key; exam membership and bundled IPA; one mapping per English headword; maximum eight added rows per Chinese key.
trends	动态	n.	ielts	ECDICT MIT	ecdict-only	yes	no	no	dong tai	4219	trend [n.] | dynamics [n.]	n. 动态, 趋势		auto-v1: exact complete 2–6 Han-character gloss from one or both of ECDICT/KyleBing; exact current pinyin candidate and packed glossary key; matching POS in the packed key; exam membership and bundled IPA; one mapping per English headword; maximum eight added rows per Chinese key.
nigger	黑人	n.	tem8	ECDICT MIT	ecdict-only	yes	no	no	hei ren	4189	black person [n.]	n. 黑人, 社会地位低下的人, 深棕色\n[法] 被歧视者, 有黑人血统者		auto-v1: exact complete 2–6 Han-character gloss from one or both of ECDICT/KyleBing; exact current pinyin candidate and packed glossary key; matching POS in the packed key; exam membership and bundled IPA; one mapping per English headword; maximum eight added rows per Chinese key.
disown	否认	v.	toefl	ECDICT MIT	ecdict-only	yes	no	no	fou ren	4143	deny [v.]	vt. 否认\n[计] 不认, 驱逐		auto-v1: exact complete 2–6 Han-character gloss from one or both of ECDICT/KyleBing; exact current pinyin candidate and packed glossary key; matching POS in the packed key; exam membership and bundled IPA; one mapping per English headword; maximum eight added rows per Chinese key.
computers	计算机	n.	ielts	ECDICT MIT	ecdict-only	yes	no	no	ji suan ji	4074	computer [n.]	n. 计算机, 电脑（computer的复数）		auto-v1: exact complete 2–6 Han-character gloss from one or both of ECDICT/KyleBing; exact current pinyin candidate and packed glossary key; matching POS in the packed key; exam membership and bundled IPA; one mapping per English headword; maximum eight added rows per Chinese key.
bourgeois	商人	n.	tem8	ECDICT MIT	ecdict-only	yes	no	no	shang ren	3999	merchant [n.]	n. 中产阶级分子, 商人, 资产阶级\na. 中产阶级的, 平庸的\nn. 九点活字		auto-v1: exact complete 2–6 Han-character gloss from one or both of ECDICT/KyleBing; exact current pinyin candidate and packed glossary key; matching POS in the packed key; exam membership and bundled IPA; one mapping per English headword; maximum eight added rows per Chinese key.
businesswoman	商人	n.	toefl	ECDICT MIT	ecdict-only	yes	no	no	shang ren	3999	merchant [n.]	n. 商人, 办理实务的人, 经商者		auto-v1: exact complete 2–6 Han-character gloss from one or both of ECDICT/KyleBing; exact current pinyin candidate and packed glossary key; matching POS in the packed key; exam membership and bundled IPA; one mapping per English headword; maximum eight added rows per Chinese key.
accommodations	住房	n.	ielts	ECDICT MIT	ecdict-only	yes	no	no	zhu fang	3992	housing [n.]	n. 膳宿；住房, 住宿；居住设施（accommodation的复数）		auto-v1: exact complete 2–6 Han-character gloss from one or both of ECDICT/KyleBing; exact current pinyin candidate and packed glossary key; matching POS in the packed key; exam membership and bundled IPA; one mapping per English headword; maximum eight added rows per Chinese key.
progeny	成果	n.	toefl	ECDICT MIT	ecdict-only	yes	no	no	cheng guo	3972	achievement [n.] | result [n.]	n. 子孙, 后裔, 成果\n[医] 后代, 后裔		auto-v1: exact complete 2–6 Han-character gloss from one or both of ECDICT/KyleBing; exact current pinyin candidate and packed glossary key; matching POS in the packed key; exam membership and bundled IPA; one mapping per English headword; maximum eight added rows per Chinese key.
benefits	利益	n.	ielts	ECDICT MIT	ecdict-only	yes	no	no	li yi	3966	benefit [n.] | interest [n.]	n. 利益, 收益；福利, 效益（benefit的复数形式）		auto-v1: exact complete 2–6 Han-character gloss from one or both of ECDICT/KyleBing; exact current pinyin candidate and packed glossary key; matching POS in the packed key; exam membership and bundled IPA; one mapping per English headword; maximum eight added rows per Chinese key.
comity	礼貌	n.	toefl	ECDICT MIT	ecdict-only	yes	no	no	li mao	3954	politeness [n.]	n. 礼貌, 礼让\n[法] 礼让, 友谊		auto-v1: exact complete 2–6 Han-character gloss from one or both of ECDICT/KyleBing; exact current pinyin candidate and packed glossary key; matching POS in the packed key; exam membership and bundled IPA; one mapping per English headword; maximum eight added rows per Chinese key.
veritable	真实的	adj.	tem8	ECDICT MIT	ecdict-only	yes	no	yes	zhen shi de	3923	real [adj.] | true [adj.]	a. 名副其实的, 真实的, 确实的, 真的		auto-v1: exact complete 2–6 Han-character gloss from one or both of ECDICT/KyleBing; exact current pinyin candidate and packed glossary key; matching POS in the packed key; exam membership and bundled IPA; one mapping per English headword; maximum eight added rows per Chinese key.
upbraid	谴责	v.	toefl	ECDICT MIT	ecdict-only	yes	no	no	qian ze	3881	condemn [v.] | denounce [v.]	vt. 谴责, 责骂, 申斥		auto-v1: exact complete 2–6 Han-character gloss from one or both of ECDICT/KyleBing; exact current pinyin candidate and packed glossary key; matching POS in the packed key; exam membership and bundled IPA; one mapping per English headword; maximum eight added rows per Chinese key.
momentarily	立刻	adv.	toefl	ECDICT MIT	ecdict-only	yes	no	no	li ke	3818	immediately [adv.]	adv. 暂时地, 立刻, 随时地		auto-v1: exact complete 2–6 Han-character gloss from one or both of ECDICT/KyleBing; exact current pinyin candidate and packed glossary key; matching POS in the packed key; exam membership and bundled IPA; one mapping per English headword; maximum eight added rows per Chinese key.
preen	打扮	v.	toefl	ECDICT MIT	ecdict-only	yes	no	no	da ban	3793	dress up [v.]	vt. 用嘴整理, 打扮, 使得意\nvi. 打扮漂亮, 感到得意		auto-v1: exact complete 2–6 Han-character gloss from one or both of ECDICT/KyleBing; exact current pinyin candidate and packed glossary key; matching POS in the packed key; exam membership and bundled IPA; one mapping per English headword; maximum eight added rows per Chinese key.
perks	打扮	v.	ielts	ECDICT MIT	ecdict-only	yes	no	no	da ban	3793	dress up [v.]	n. 特权；额外津贴（perk的复数）；特别待遇\nn. (Perks)人名；(英)珀克斯；(法)佩尔克\nv. 打扮；使振作；昂首挺胸（perk的第三人称单数）		auto-v1: exact complete 2–6 Han-character gloss from one or both of ECDICT/KyleBing; exact current pinyin candidate and packed glossary key; matching POS in the packed key; exam membership and bundled IPA; one mapping per English headword; maximum eight added rows per Chinese key.
farms	农场	n.	ielts	ECDICT MIT	ecdict-only	yes	no	no	nong chang	3631	farm [n.]	n. 农场；庄园（farm的复数形式）		auto-v1: exact complete 2–6 Han-character gloss from one or both of ECDICT/KyleBing; exact current pinyin candidate and packed glossary key; matching POS in the packed key; exam membership and bundled IPA; one mapping per English headword; maximum eight added rows per Chinese key.
snacks	小吃	n.	ielts	ECDICT MIT	ecdict-only	yes	no	no	xiao chi	3607	snack [n.]	n. 快餐；小吃；零嘴（snack的复数）		auto-v1: exact complete 2–6 Han-character gloss from one or both of ECDICT/KyleBing; exact current pinyin candidate and packed glossary key; matching POS in the packed key; exam membership and bundled IPA; one mapping per English headword; maximum eight added rows per Chinese key.
succour	援助	v.	tem8	ECDICT MIT	ecdict-only	yes	no	no	yuan zhu	3434	aid [v.] | assist [v.]	n. 解救, 援助者\nvt. 解救, 援助		auto-v1: exact complete 2–6 Han-character gloss from one or both of ECDICT/KyleBing; exact current pinyin candidate and packed glossary key; matching POS in the packed key; exam membership and bundled IPA; one mapping per English headword; maximum eight added rows per Chinese key.
contemn	侮辱	v.	toefl	ECDICT MIT	ecdict-only	yes	no	no	wu ru	3362	insult [v.]	vt. 侮辱, 蔑视		auto-v1: exact complete 2–6 Han-character gloss from one or both of ECDICT/KyleBing; exact current pinyin candidate and packed glossary key; matching POS in the packed key; exam membership and bundled IPA; one mapping per English headword; maximum eight added rows per Chinese key.
neonate	婴儿	n.	toefl	ECDICT MIT	ecdict-only	yes	no	no	ying er	3328	baby [n.]	n. 婴儿\n[医] 新生儿; 新生的		auto-v1: exact complete 2–6 Han-character gloss from one or both of ECDICT/KyleBing; exact current pinyin candidate and packed glossary key; matching POS in the packed key; exam membership and bundled IPA; one mapping per English headword; maximum eight added rows per Chinese key.
subsection	分支	n.	toefl	ECDICT MIT	ecdict-only	yes	no	no	fen zhi	3251	branch [n.]	n. 分部, 分区, 分支\n[经] 分部, 分段, 小小组		auto-v1: exact complete 2–6 Han-character gloss from one or both of ECDICT/KyleBing; exact current pinyin candidate and packed glossary key; matching POS in the packed key; exam membership and bundled IPA; one mapping per English headword; maximum eight added rows per Chinese key.
readers	读者	n.	ielts	ECDICT MIT	ecdict-only	yes	no	no	du zhe	3211	reader [n.]	n. 读者, 读物（reader的复数形式）		auto-v1: exact complete 2–6 Han-character gloss from one or both of ECDICT/KyleBing; exact current pinyin candidate and packed glossary key; matching POS in the packed key; exam membership and bundled IPA; one mapping per English headword; maximum eight added rows per Chinese key.
wristwatch	手表	n.	toefl	ECDICT MIT	ecdict-only	yes	no	no	shou biao	3159	watch [n.]	n. 手表		auto-v1: exact complete 2–6 Han-character gloss from one or both of ECDICT/KyleBing; exact current pinyin candidate and packed glossary key; matching POS in the packed key; exam membership and bundled IPA; one mapping per English headword; maximum eight added rows per Chinese key.
knap	山顶	n.	toefl	ECDICT MIT	ecdict-only	yes	no	no	shan ding	3103	summit [n.]	vt. 打碎, 拗断, 打\nn. 山顶, 小山, 丘陵		auto-v1: exact complete 2–6 Han-character gloss from one or both of ECDICT/KyleBing; exact current pinyin candidate and packed glossary key; matching POS in the packed key; exam membership and bundled IPA; one mapping per English headword; maximum eight added rows per Chinese key.
chastise	惩罚	v.	tem8	ECDICT MIT	ecdict-only	yes	no	no	cheng fa	3100	punish [v.]	vt. 责骂, 惩罚\n[法] 责罚, 惩戒, 严惩		auto-v1: exact complete 2–6 Han-character gloss from one or both of ECDICT/KyleBing; exact current pinyin candidate and packed glossary key; matching POS in the packed key; exam membership and bundled IPA; one mapping per English headword; maximum eight added rows per Chinese key.
thrall	奴隶	n.	toefl	ECDICT MIT	ecdict-only	yes	no	no	nu li	3041	slave [n.]	n. 奴隶, 束缚, 奴役		auto-v1: exact complete 2–6 Han-character gloss from one or both of ECDICT/KyleBing; exact current pinyin candidate and packed glossary key; matching POS in the packed key; exam membership and bundled IPA; one mapping per English headword; maximum eight added rows per Chinese key.
laud	称赞	v.	toefl	ECDICT MIT	ecdict-only	yes	no	no	cheng zan	3030	praise [v.] | commend [v.]	n. 赞美, 称赞\nvt. 赞美, 称赞		auto-v1: exact complete 2–6 Han-character gloss from one or both of ECDICT/KyleBing; exact current pinyin candidate and packed glossary key; matching POS in the packed key; exam membership and bundled IPA; one mapping per English headword; maximum eight added rows per Chinese key.
nervousness	神经	n.	tem4	ECDICT MIT	ecdict-only	yes	no	no	shen jing	3027	nerve [n.]	n. 神经, 神经元, 易激动, 紧张不安, 神经过敏, 神经质, 担忧, 害怕, 简练, 刚劲\n[医] 神经过敏		auto-v1: exact complete 2–6 Han-character gloss from one or both of ECDICT/KyleBing; exact current pinyin candidate and packed glossary key; matching POS in the packed key; exam membership and bundled IPA; one mapping per English headword; maximum eight added rows per Chinese key.
pinion	翅膀	n.	toefl	ECDICT MIT	ecdict-only	yes	no	no	chi bang	2998	wing [n.]	n. 鸟翼, 翅膀, 翅前翼, 羽毛, 小齿轮\nvt. 剪断翼尖, 绑住...两臂		auto-v1: exact complete 2–6 Han-character gloss from one or both of ECDICT/KyleBing; exact current pinyin candidate and packed glossary key; matching POS in the packed key; exam membership and bundled IPA; one mapping per English headword; maximum eight added rows per Chinese key.
cartridge	弹药	n.	tem8	ECDICT MIT	ecdict-only	yes	no	no	dan yao	2903	ammunition [n.]	n. 弹药筒, 弹药, 一卷软片, 墨粉鼓\n[计] 盒式磁带机		auto-v1: exact complete 2–6 Han-character gloss from one or both of ECDICT/KyleBing; exact current pinyin candidate and packed glossary key; matching POS in the packed key; exam membership and bundled IPA; one mapping per English headword; maximum eight added rows per Chinese key.
lookout	前途	n.	tem8	ECDICT MIT	ecdict-only	yes	no	no	qian tu	2891	future [n.] | prospect [n.]	n. 注意, 前途, 了望台, 景色\n[法] 看守, 守望		auto-v1: exact complete 2–6 Han-character gloss from one or both of ECDICT/KyleBing; exact current pinyin candidate and packed glossary key; matching POS in the packed key; exam membership and bundled IPA; one mapping per English headword; maximum eight added rows per Chinese key.
orientate	向东	v.	ielts	ECDICT MIT	ecdict-only	yes	no	no	xiang dong	2886	go east [v.]	v. 向东, 朝向		auto-v1: exact complete 2–6 Han-character gloss from one or both of ECDICT/KyleBing; exact current pinyin candidate and packed glossary key; matching POS in the packed key; exam membership and bundled IPA; one mapping per English headword; maximum eight added rows per Chinese key.
regimen	体制	n.	toefl	ECDICT MIT	ecdict-only	yes	no	yes	ti zhi	2845	system [n.] | regime [n.]	n. 养生法, 常规强化训练课, 体制, 情态\n[医] 制度, 生活制度		auto-v1: exact complete 2–6 Han-character gloss from one or both of ECDICT/KyleBing; exact current pinyin candidate and packed glossary key; matching POS in the packed key; exam membership and bundled IPA; one mapping per English headword; maximum eight added rows per Chinese key.
waistcoat	马甲	n.	tem8	ECDICT MIT	ecdict-only	yes	no	yes	ma jia	2800	vest [n.]	n. 西装背心, 马甲		auto-v1: exact complete 2–6 Han-character gloss from one or both of ECDICT/KyleBing; exact current pinyin candidate and packed glossary key; matching POS in the packed key; exam membership and bundled IPA; one mapping per English headword; maximum eight added rows per Chinese key.
floors	地板	n.	ielts	ECDICT MIT	ecdict-only	yes	no	no	di ban	2680	floor [n.]	n. 楼地面；地板；楼层；层数（floor的复数）		auto-v1: exact complete 2–6 Han-character gloss from one or both of ECDICT/KyleBing; exact current pinyin candidate and packed glossary key; matching POS in the packed key; exam membership and bundled IPA; one mapping per English headword; maximum eight added rows per Chinese key.
ostensibly	显然	adv.	tem8	ECDICT MIT	ecdict-only	yes	no	no	xian ran	2660	obviously [adv.] | clearly [adv.]	adv. 可公开, 显然, 表面, 外表, 诡称, 假装		auto-v1: exact complete 2–6 Han-character gloss from one or both of ECDICT/KyleBing; exact current pinyin candidate and packed glossary key; matching POS in the packed key; exam membership and bundled IPA; one mapping per English headword; maximum eight added rows per Chinese key.
exhume	发掘	v.	toefl	ECDICT MIT	ecdict-only	yes	no	no	fa jue	2615	excavate [v.] | unearth [v.]	vt. 掘出, 发掘		auto-v1: exact complete 2–6 Han-character gloss from one or both of ECDICT/KyleBing; exact current pinyin candidate and packed glossary key; matching POS in the packed key; exam membership and bundled IPA; one mapping per English headword; maximum eight added rows per Chinese key.
wale	精华	n.	toefl	ECDICT MIT	ecdict-only	yes	no	no	jing hua	2574	essence [n.]	n. 隆起的伤痕, 鞭痕, 凸条纹, 精华, 选择\nvt. 在...上留下鞭痕, 织成棱纹, 挑选, 撑住\nvi. 挑选		auto-v1: exact complete 2–6 Han-character gloss from one or both of ECDICT/KyleBing; exact current pinyin candidate and packed glossary key; matching POS in the packed key; exam membership and bundled IPA; one mapping per English headword; maximum eight added rows per Chinese key.
undertaker	企业家	n.	tem8	ECDICT MIT	ecdict-only	yes	no	no	qi ye jia	2555	entrepreneur [n.]	n. 承担者, 承办人, 企业家, 承办丧葬者, 殡仪员\n[经] 承办商		auto-v1: exact complete 2–6 Han-character gloss from one or both of ECDICT/KyleBing; exact current pinyin candidate and packed glossary key; matching POS in the packed key; exam membership and bundled IPA; one mapping per English headword; maximum eight added rows per Chinese key.
inquiries	疑问	n.	ielts	ECDICT MIT	ecdict-only	yes	no	no	yi wen	2502	question [n.] | doubt [n.]	n. 调查( inquiry的名词复数 ); 疑问; 探究; 打听		auto-v1: exact complete 2–6 Han-character gloss from one or both of ECDICT/KyleBing; exact current pinyin candidate and packed glossary key; matching POS in the packed key; exam membership and bundled IPA; one mapping per English headword; maximum eight added rows per Chinese key.
rover	海盗	n.	tem8	ECDICT MIT	ecdict-only	yes	no	no	hai dao	2492	pirate [n.]	n. 漂泊者, 流浪者, 海盗\n[法] 流浪者, 海盗, 海盗船		auto-v1: exact complete 2–6 Han-character gloss from one or both of ECDICT/KyleBing; exact current pinyin candidate and packed glossary key; matching POS in the packed key; exam membership and bundled IPA; one mapping per English headword; maximum eight added rows per Chinese key.
matriculate	录取	v.	tem8	ECDICT MIT	ecdict-only	yes	no	no	lu qu	2478	admit [v.] | enroll [v.]	vt. 准许入学, 录取\nvi. 入学, 进大学\nn. 获准入学者		auto-v1: exact complete 2–6 Han-character gloss from one or both of ECDICT/KyleBing; exact current pinyin candidate and packed glossary key; matching POS in the packed key; exam membership and bundled IPA; one mapping per English headword; maximum eight added rows per Chinese key.
slake	消除	v.	toefl	ECDICT MIT	ecdict-only	yes	no	no	xiao chu	2344	eliminate [v.]	vt. 消除, 使清凉, 熄灭\n[医] 消, 灭; 消和(石灰); 松, 缓和		auto-v1: exact complete 2–6 Han-character gloss from one or both of ECDICT/KyleBing; exact current pinyin candidate and packed glossary key; matching POS in the packed key; exam membership and bundled IPA; one mapping per English headword; maximum eight added rows per Chinese key.
traduce	背叛	v.	toefl	ECDICT MIT	ecdict-only	yes	no	no	bei pan	2341	betray [v.]	vt. 诽谤, 中伤, 背叛\n[法] 诽谤, 中伤, 诋毁		auto-v1: exact complete 2–6 Han-character gloss from one or both of ECDICT/KyleBing; exact current pinyin candidate and packed glossary key; matching POS in the packed key; exam membership and bundled IPA; one mapping per English headword; maximum eight added rows per Chinese key.
scurf	头屑	n.	tem8	ECDICT MIT	ecdict-only	yes	no	no	tou xie	2338	dandruff [n.]	n. 头屑, 皮屑\n[医] 头皮屑, 皮屑		auto-v1: exact complete 2–6 Han-character gloss from one or both of ECDICT/KyleBing; exact current pinyin candidate and packed glossary key; matching POS in the packed key; exam membership and bundled IPA; one mapping per English headword; maximum eight added rows per Chinese key.
insects	昆虫	n.	ielts	ECDICT MIT	ecdict-only	yes	no	no	kun chong	2309	insect [n.]	n. 昆虫；昆虫类, 昆虫纲（insect的复数形式）		auto-v1: exact complete 2–6 Han-character gloss from one or both of ECDICT/KyleBing; exact current pinyin candidate and packed glossary key; matching POS in the packed key; exam membership and bundled IPA; one mapping per English headword; maximum eight added rows per Chinese key.
skulk	偷懒	v.	toefl	ECDICT MIT	ecdict-only	yes	no	no	tou lan	2295	slack off [v.]	vi. 偷偷隐躲, 偷懒		auto-v1: exact complete 2–6 Han-character gloss from one or both of ECDICT/KyleBing; exact current pinyin candidate and packed glossary key; matching POS in the packed key; exam membership and bundled IPA; one mapping per English headword; maximum eight added rows per Chinese key.
garner	储存	v.	toefl	ECDICT MIT	ecdict-only	yes	no	no	chu cun	2282	store [v.]	n. 谷仓, 积蓄\nvt. 储存, 贮藏		auto-v1: exact complete 2–6 Han-character gloss from one or both of ECDICT/KyleBing; exact current pinyin candidate and packed glossary key; matching POS in the packed key; exam membership and bundled IPA; one mapping per English headword; maximum eight added rows per Chinese key.
undisturbed	安静的	adj.	toefl	ECDICT MIT	ecdict-only	yes	no	no	an jing de	2282	quiet [adj.]	a. 未被扰乱的, 安静的, 镇定的		auto-v1: exact complete 2–6 Han-character gloss from one or both of ECDICT/KyleBing; exact current pinyin candidate and packed glossary key; matching POS in the packed key; exam membership and bundled IPA; one mapping per English headword; maximum eight added rows per Chinese key.
sedate	安静的	adj.	toefl	ECDICT MIT	ecdict-only	yes	no	no	an jing de	2282	quiet [adj.]	a. 沉着的, 镇静的, 安静的\nvt. 给...服镇静剂		auto-v1: exact complete 2–6 Han-character gloss from one or both of ECDICT/KyleBing; exact current pinyin candidate and packed glossary key; matching POS in the packed key; exam membership and bundled IPA; one mapping per English headword; maximum eight added rows per Chinese key.
inure	生效	v.	toefl	ECDICT MIT	ecdict-only	yes	no	no	sheng xiao	2274	take effect [v.]	vt. 使习惯于\nvi. 生效		auto-v1: exact complete 2–6 Han-character gloss from one or both of ECDICT/KyleBing; exact current pinyin candidate and packed glossary key; matching POS in the packed key; exam membership and bundled IPA; one mapping per English headword; maximum eight added rows per Chinese key.
headway	进展	n.	tem8	ECDICT MIT	ecdict-only	yes	no	no	jin zhan	2256	progress [n.]	n. 前进, 航行速度, 进展\n[经] 进尺, 钻井		auto-v1: exact complete 2–6 Han-character gloss from one or both of ECDICT/KyleBing; exact current pinyin candidate and packed glossary key; matching POS in the packed key; exam membership and bundled IPA; one mapping per English headword; maximum eight added rows per Chinese key.
clothe	赋予	v.	toefl	ECDICT MIT	ecdict-only	yes	no	no	fu yu	2223	endow [v.] | grant [v.]	vt. 给...穿衣, 盖上, 赋予		auto-v1: exact complete 2–6 Han-character gloss from one or both of ECDICT/KyleBing; exact current pinyin candidate and packed glossary key; matching POS in the packed key; exam membership and bundled IPA; one mapping per English headword; maximum eight added rows per Chinese key.
lethargy	瞌睡	n.	toefl	ECDICT MIT	ecdict-only	yes	no	no	ke shui	2208	drowsiness [n.] | sleepiness [n.]	n. 昏睡, 瞌睡, 无力气\n[医] 昏睡, 嗜眠		auto-v1: exact complete 2–6 Han-character gloss from one or both of ECDICT/KyleBing; exact current pinyin candidate and packed glossary key; matching POS in the packed key; exam membership and bundled IPA; one mapping per English headword; maximum eight added rows per Chinese key.
effigy	雕像	n.	toefl	ECDICT MIT	ecdict-only	yes	no	no	diao xiang	2164	statue [n.]	n. 肖像, 雕像		auto-v1: exact complete 2–6 Han-character gloss from one or both of ECDICT/KyleBing; exact current pinyin candidate and packed glossary key; matching POS in the packed key; exam membership and bundled IPA; one mapping per English headword; maximum eight added rows per Chinese key.
statuary	雕像	n.	toefl	ECDICT MIT	ecdict-only	yes	no	no	diao xiang	2164	statue [n.]	n. 雕像, 雕像艺术, 雕像家\na. 雕像的, 雕像用的		auto-v1: exact complete 2–6 Han-character gloss from one or both of ECDICT/KyleBing; exact current pinyin candidate and packed glossary key; matching POS in the packed key; exam membership and bundled IPA; one mapping per English headword; maximum eight added rows per Chinese key.
clients	客户端	n.	ielts	ECDICT MIT	ecdict-only	yes	no	no	ke hu duan	2160	client [n.]	n. 客户端；顾客；救济对象；应受账款；委托方（client的复数）		auto-v1: exact complete 2–6 Han-character gloss from one or both of ECDICT/KyleBing; exact current pinyin candidate and packed glossary key; matching POS in the packed key; exam membership and bundled IPA; one mapping per English headword; maximum eight added rows per Chinese key.
rocks	岩石	n.	ielts	ECDICT MIT	ecdict-only	yes	no	no	yan shi	2149	rock [n.]	n. 岩石, 岩礁；岩石礁石（rock复数形式）		auto-v1: exact complete 2–6 Han-character gloss from one or both of ECDICT/KyleBing; exact current pinyin candidate and packed glossary key; matching POS in the packed key; exam membership and bundled IPA; one mapping per English headword; maximum eight added rows per Chinese key.
extremities	尽头	n.	tem8	ECDICT MIT	ecdict-only	yes	no	no	jin tou	2123	end [n.]	n. 端点( extremity的名词复数 ); 尽头; 手和足; 极窘迫的境地		auto-v1: exact complete 2–6 Han-character gloss from one or both of ECDICT/KyleBing; exact current pinyin candidate and packed glossary key; matching POS in the packed key; exam membership and bundled IPA; one mapping per English headword; maximum eight added rows per Chinese key.
misleading	骗人的	adj.	toefl	ECDICT MIT	ecdict-only	yes	no	yes	pian ren de	2099	deceptive [adj.]	a. 引入歧途的, 使人误解的, 骗人的\n[法] 误写姓名的, 误称的, 令人误解的		auto-v1: exact complete 2–6 Han-character gloss from one or both of ECDICT/KyleBing; exact current pinyin candidate and packed glossary key; matching POS in the packed key; exam membership and bundled IPA; one mapping per English headword; maximum eight added rows per Chinese key.
progenitor	祖先	n.	toefl	ECDICT MIT	ecdict-only	yes	no	no	zu xian	2079	ancestor [n.]	n. 祖先, 先辈, 原本\n[医] 祖先, 祖代		auto-v1: exact complete 2–6 Han-character gloss from one or both of ECDICT/KyleBing; exact current pinyin candidate and packed glossary key; matching POS in the packed key; exam membership and bundled IPA; one mapping per English headword; maximum eight added rows per Chinese key.
portraiture	描写	n.	toefl	ECDICT MIT	ecdict-only	yes	no	no	miao xie	2047	description [n.]	n. 肖像绘制(法), 肖像画, 描写		auto-v1: exact complete 2–6 Han-character gloss from one or both of ECDICT/KyleBing; exact current pinyin candidate and packed glossary key; matching POS in the packed key; exam membership and bundled IPA; one mapping per English headword; maximum eight added rows per Chinese key.
hobble	阻碍	v.	tem8	ECDICT MIT	ecdict-only	yes	no	no	zu ai	2043	hinder [v.] | block [v.]	vi. 蹒跚\nvt. 使跛行, 阻碍\nn. 跛行		auto-v1: exact complete 2–6 Han-character gloss from one or both of ECDICT/KyleBing; exact current pinyin candidate and packed glossary key; matching POS in the packed key; exam membership and bundled IPA; one mapping per English headword; maximum eight added rows per Chinese key.
mortify	抑制	v.	toefl	ECDICT MIT	ecdict-only	yes	no	no	yi zhi	2018	suppress [v.] | inhibit [v.]	vt. 抑制, 苦修, 使受辱\nvi. 禁欲, 苦修		auto-v1: exact complete 2–6 Han-character gloss from one or both of ECDICT/KyleBing; exact current pinyin candidate and packed glossary key; matching POS in the packed key; exam membership and bundled IPA; one mapping per English headword; maximum eight added rows per Chinese key.
accost	勾引	v.	toefl	ECDICT MIT	ecdict-only	yes	no	no	gou yin	2017	seduce [v.] | lure [v.]	vt. 招呼, 搭讪, 勾引\n[法] 勾引, 引诱		auto-v1: exact complete 2–6 Han-character gloss from one or both of ECDICT/KyleBing; exact current pinyin candidate and packed glossary key; matching POS in the packed key; exam membership and bundled IPA; one mapping per English headword; maximum eight added rows per Chinese key.
reek	散发	v.	toefl	ECDICT MIT	ecdict-only	yes	no	no	san fa	2001	emit [v.] | distribute [v.]	n. 烟, 水蒸气, 臭气散发\nvi. 冒烟, 发臭气, 散发\nvt. 用烟熏, 散发		auto-v1: exact complete 2–6 Han-character gloss from one or both of ECDICT/KyleBing; exact current pinyin candidate and packed glossary key; matching POS in the packed key; exam membership and bundled IPA; one mapping per English headword; maximum eight added rows per Chinese key.
luckily	幸亏	adv.	toefl	ECDICT MIT	ecdict-only	yes	no	yes	xing kui	1981	fortunately [adv.]	adv. 幸运地, 幸亏, 侥幸		auto-v1: exact complete 2–6 Han-character gloss from one or both of ECDICT/KyleBing; exact current pinyin candidate and packed glossary key; matching POS in the packed key; exam membership and bundled IPA; one mapping per English headword; maximum eight added rows per Chinese key.
antiquate	废弃	v.	toefl	ECDICT MIT	ecdict-only	yes	no	no	fei qi	1966	abandon [v.] | discard [v.]	vt. 使古旧, 废弃		auto-v1: exact complete 2–6 Han-character gloss from one or both of ECDICT/KyleBing; exact current pinyin candidate and packed glossary key; matching POS in the packed key; exam membership and bundled IPA; one mapping per English headword; maximum eight added rows per Chinese key.
mangle	损坏	v.	toefl	ECDICT MIT	ecdict-only	yes	no	no	sun huai	1917	damage [v.]	vt. 乱砍, 损坏, 轧布\nn. 轧布机		auto-v1: exact complete 2–6 Han-character gloss from one or both of ECDICT/KyleBing; exact current pinyin candidate and packed glossary key; matching POS in the packed key; exam membership and bundled IPA; one mapping per English headword; maximum eight added rows per Chinese key.
actuate	激励	v.	toefl	ECDICT MIT	ecdict-only	yes	no	no	ji li	1884	encourage [v.]	vt. 开动, 驱使, 激励		auto-v1: exact complete 2–6 Han-character gloss from one or both of ECDICT/KyleBing; exact current pinyin candidate and packed glossary key; matching POS in the packed key; exam membership and bundled IPA; one mapping per English headword; maximum eight added rows per Chinese key.
candles	蜡烛	n.	ielts	ECDICT MIT	ecdict-only	yes	no	no	la zhu	1878	candle [n.]	n. 蜡烛, 烛台（candle复数形式）		auto-v1: exact complete 2–6 Han-character gloss from one or both of ECDICT/KyleBing; exact current pinyin candidate and packed glossary key; matching POS in the packed key; exam membership and bundled IPA; one mapping per English headword; maximum eight added rows per Chinese key.
intensely	极度	adv.	toefl	ECDICT MIT	ecdict-only	yes	no	no	ji du	1869	extremely [adv.]	adv. 强烈地; 极度; 剧烈地		auto-v1: exact complete 2–6 Han-character gloss from one or both of ECDICT/KyleBing; exact current pinyin candidate and packed glossary key; matching POS in the packed key; exam membership and bundled IPA; one mapping per English headword; maximum eight added rows per Chinese key.
nationalities	国籍	n.	ielts	ECDICT MIT	ecdict-only	yes	no	no	guo ji	1813	nationality [n.]	n. 国籍, 民族（nationality的复数）		auto-v1: exact complete 2–6 Han-character gloss from one or both of ECDICT/KyleBing; exact current pinyin candidate and packed glossary key; matching POS in the packed key; exam membership and bundled IPA; one mapping per English headword; maximum eight added rows per Chinese key.
propitiate	安抚	v.	toefl	ECDICT MIT	ecdict-only	yes	no	yes	an fu	1810	appease [v.] | soothe [v.]	vt. 慰抚, 安抚, 和解, 谋求...的好感		auto-v1: exact complete 2–6 Han-character gloss from one or both of ECDICT/KyleBing; exact current pinyin candidate and packed glossary key; matching POS in the packed key; exam membership and bundled IPA; one mapping per English headword; maximum eight added rows per Chinese key.
participants	参与者	n.	ielts	ECDICT MIT	ecdict-only	yes	no	no	can yu zhe	1808	participant [n.]	n. 参加者, 参与者; 参加者, 参与者( participant的名词复数 )\na. 有份的, 参与的		auto-v1: exact complete 2–6 Han-character gloss from one or both of ECDICT/KyleBing; exact current pinyin candidate and packed glossary key; matching POS in the packed key; exam membership and bundled IPA; one mapping per English headword; maximum eight added rows per Chinese key.
blocks	街区	n.	ielts	ECDICT MIT	ecdict-only	yes	no	no	jie qu	1759	block [n.]	n. 积木；黑金石；街区；[音]双头木鱼；楼群（block的复数）		auto-v1: exact complete 2–6 Han-character gloss from one or both of ECDICT/KyleBing; exact current pinyin candidate and packed glossary key; matching POS in the packed key; exam membership and bundled IPA; one mapping per English headword; maximum eight added rows per Chinese key.
pounds	英镑	n.	ielts	ECDICT MIT	ecdict-only	yes	no	no	ying bang	1738	pound [n.]	n. 磅, 英镑；重击（pound复数形式）		auto-v1: exact complete 2–6 Han-character gloss from one or both of ECDICT/KyleBing; exact current pinyin candidate and packed glossary key; matching POS in the packed key; exam membership and bundled IPA; one mapping per English headword; maximum eight added rows per Chinese key.
affliction	苦恼	n.	toefl	ECDICT MIT	ecdict-only	yes	no	no	ku nao	1728	trouble [n.] | worry [n.]	n. 苦恼, 折磨, 苦恼的事由		auto-v1: exact complete 2–6 Han-character gloss from one or both of ECDICT/KyleBing; exact current pinyin candidate and packed glossary key; matching POS in the packed key; exam membership and bundled IPA; one mapping per English headword; maximum eight added rows per Chinese key.
storehouse	仓库	n.	ielts	ECDICT MIT	ecdict-only	yes	no	no	cang ku	1728	warehouse [n.]	n. 仓库, 储藏所, 宝库\n[机] 库房, 贮藏库, 仓库		auto-v1: exact complete 2–6 Han-character gloss from one or both of ECDICT/KyleBing; exact current pinyin candidate and packed glossary key; matching POS in the packed key; exam membership and bundled IPA; one mapping per English headword; maximum eight added rows per Chinese key.
depository	仓库	n.	tem8	ECDICT MIT	ecdict-only	yes	no	no	cang ku	1728	warehouse [n.]	n. 仓库, 贮藏所, 受托者\n[经] 受托人, 保管人, 保管所		auto-v1: exact complete 2–6 Han-character gloss from one or both of ECDICT/KyleBing; exact current pinyin candidate and packed glossary key; matching POS in the packed key; exam membership and bundled IPA; one mapping per English headword; maximum eight added rows per Chinese key.
deteriorating	恶化	v.	tem8	ECDICT MIT	ecdict-only	yes	no	no	e hua	1708	deteriorate [v.] | worsen [v.]	v. 恶化, 变坏( deteriorate的现在分词 )		auto-v1: exact complete 2–6 Han-character gloss from one or both of ECDICT/KyleBing; exact current pinyin candidate and packed glossary key; matching POS in the packed key; exam membership and bundled IPA; one mapping per English headword; maximum eight added rows per Chinese key.
temporize	妥协	v.	toefl	ECDICT MIT	ecdict-only	yes	no	no	tuo xie	1700	compromise [v.]	vi. 随潮流, 拖延, 妥协, 调停		auto-v1: exact complete 2–6 Han-character gloss from one or both of ECDICT/KyleBing; exact current pinyin candidate and packed glossary key; matching POS in the packed key; exam membership and bundled IPA; one mapping per English headword; maximum eight added rows per Chinese key.
reports	专题	n.	ielts	ECDICT MIT	ecdict-only	yes	no	no	zhuan ti	1693	special topic [n.] | feature [n.]	n. 报表；专题；报告（report的复数）		auto-v1: exact complete 2–6 Han-character gloss from one or both of ECDICT/KyleBing; exact current pinyin candidate and packed glossary key; matching POS in the packed key; exam membership and bundled IPA; one mapping per English headword; maximum eight added rows per Chinese key.
afoot	徒步	adv.	tem8	ECDICT MIT	ecdict-only	yes	no	no	tu bu	1679	on foot [adv.]	a. 徒步的, 在进行中的, 活动中的\nadv. 徒步, 在进行中		auto-v1: exact complete 2–6 Han-character gloss from one or both of ECDICT/KyleBing; exact current pinyin candidate and packed glossary key; matching POS in the packed key; exam membership and bundled IPA; one mapping per English headword; maximum eight added rows per Chinese key.
constricted	压缩	v.	toefl	ECDICT MIT	ecdict-only	yes	no	no	ya suo	1635	compress [v.]	v. 压缩, 压紧, 使收缩( constrict的过去式和过去分词)		auto-v1: exact complete 2–6 Han-character gloss from one or both of ECDICT/KyleBing; exact current pinyin candidate and packed glossary key; matching POS in the packed key; exam membership and bundled IPA; one mapping per English headword; maximum eight added rows per Chinese key.
confetti	糖果	n.	tem8	ECDICT MIT	ecdict-only	yes	no	no	tang guo	1621	candy [n.]	n. 糖果, 五彩纸屑		auto-v1: exact complete 2–6 Han-character gloss from one or both of ECDICT/KyleBing; exact current pinyin candidate and packed glossary key; matching POS in the packed key; exam membership and bundled IPA; one mapping per English headword; maximum eight added rows per Chinese key.
gladiator	斗士	n.	tem8	ECDICT MIT	ecdict-only	yes	no	no	dou shi	1612	fighter [n.]	n. 斗士, 斗剑者, 争论者		auto-v1: exact complete 2–6 Han-character gloss from one or both of ECDICT/KyleBing; exact current pinyin candidate and packed glossary key; matching POS in the packed key; exam membership and bundled IPA; one mapping per English headword; maximum eight added rows per Chinese key.
respectability	习俗	n.	tem8	ECDICT MIT	ecdict-only	yes	no	no	xi su	1608	custom [n.]	n. 可敬, 有社会地位, 高尚, 体面, 习俗		auto-v1: exact complete 2–6 Han-character gloss from one or both of ECDICT/KyleBing; exact current pinyin candidate and packed glossary key; matching POS in the packed key; exam membership and bundled IPA; one mapping per English headword; maximum eight added rows per Chinese key.
gambol	跳跃	v.	toefl	ECDICT MIT	ecdict-only	yes	no	no	tiao yue	1595	jump [v.]	n. 跳跃, 雀跃, 嬉戏\nvi. 跳跃, 雀跃, 耍闹		auto-v1: exact complete 2–6 Han-character gloss from one or both of ECDICT/KyleBing; exact current pinyin candidate and packed glossary key; matching POS in the packed key; exam membership and bundled IPA; one mapping per English headword; maximum eight added rows per Chinese key.
alternation	间隔	n.	toefl	ECDICT MIT	ecdict-only	yes	no	no	jian ge	1591	interval [n.] | gap [n.]	n. 交互, 轮流, 间隔\n[计] 交替工作		auto-v1: exact complete 2–6 Han-character gloss from one or both of ECDICT/KyleBing; exact current pinyin candidate and packed glossary key; matching POS in the packed key; exam membership and bundled IPA; one mapping per English headword; maximum eight added rows per Chinese key.
porpoise	海豚	n.	toefl	ECDICT MIT	ecdict-only	yes	no	no	hai tun	1584	dolphin [n.]	n. 海豚, 鼠海豚		auto-v1: exact complete 2–6 Han-character gloss from one or both of ECDICT/KyleBing; exact current pinyin candidate and packed glossary key; matching POS in the packed key; exam membership and bundled IPA; one mapping per English headword; maximum eight added rows per Chinese key.
immaturity	未成年	n.	toefl	ECDICT MIT	ecdict-only	yes	no	no	wei cheng nian	1573	minor [n.]	n. 发育未全, 发育未完全, 不成熟, 未成熟, 未完成, 不完全, 粗糙, 幼年, 未成年\n[法] 未成年, 未成熟, 未成熟行为		auto-v1: exact complete 2–6 Han-character gloss from one or both of ECDICT/KyleBing; exact current pinyin candidate and packed glossary key; matching POS in the packed key; exam membership and bundled IPA; one mapping per English headword; maximum eight added rows per Chinese key.
watercraft	船舶	n.	toefl	ECDICT MIT	ecdict-only	yes	no	no	chuan bo	1569	ship [n.]	n. 水性, 船舶, 驾船技术		auto-v1: exact complete 2–6 Han-character gloss from one or both of ECDICT/KyleBing; exact current pinyin candidate and packed glossary key; matching POS in the packed key; exam membership and bundled IPA; one mapping per English headword; maximum eight added rows per Chinese key.
assuage	减轻	v.	toefl	ECDICT MIT	ecdict-only	yes	no	yes	jian qing	1560	reduce [v.] | alleviate [v.]	vt. 平息, 缓和, 减轻		auto-v1: exact complete 2–6 Han-character gloss from one or both of ECDICT/KyleBing; exact current pinyin candidate and packed glossary key; matching POS in the packed key; exam membership and bundled IPA; one mapping per English headword; maximum eight added rows per Chinese key.
extenuate	减轻	v.	toefl	ECDICT MIT	ecdict-only	yes	no	no	jian qing	1560	reduce [v.] | alleviate [v.]	vt. 减轻, 为...找借口\n[法] 减轻, 低估, 藐视		auto-v1: exact complete 2–6 Han-character gloss from one or both of ECDICT/KyleBing; exact current pinyin candidate and packed glossary key; matching POS in the packed key; exam membership and bundled IPA; one mapping per English headword; maximum eight added rows per Chinese key.
stipulation	契约	n.	toefl	ECDICT MIT	ecdict-only	yes	no	no	qi yue	1522	contract [n.]	n. 约束, 约定, 契约\n[经] 订定, 规定, 条款		auto-v1: exact complete 2–6 Han-character gloss from one or both of ECDICT/KyleBing; exact current pinyin candidate and packed glossary key; matching POS in the packed key; exam membership and bundled IPA; one mapping per English headword; maximum eight added rows per Chinese key.
cetacean	鲸鱼	n.	toefl	ECDICT MIT	ecdict-only	yes	no	no	jing yu	1521	whale [n.]	a. 鲸目的, 鲸鱼的\nn. 鲸目动物, 鲸鱼		auto-v1: exact complete 2–6 Han-character gloss from one or both of ECDICT/KyleBing; exact current pinyin candidate and packed glossary key; matching POS in the packed key; exam membership and bundled IPA; one mapping per English headword; maximum eight added rows per Chinese key.
seats	座椅	n.	ielts	ECDICT MIT	ecdict-only	yes	no	no	zuo yi	1514	seat [n.]	n. 座椅, 座位（seat的复数形式）		auto-v1: exact complete 2–6 Han-character gloss from one or both of ECDICT/KyleBing; exact current pinyin candidate and packed glossary key; matching POS in the packed key; exam membership and bundled IPA; one mapping per English headword; maximum eight added rows per Chinese key.
deaden	减弱	v.	tem8	ECDICT MIT	ecdict-only	yes	no	no	jian ruo	1510	weaken [v.] | diminish [v.]	vt. 使减弱, 使麻木\nvi. 减弱		auto-v1: exact complete 2–6 Han-character gloss from one or both of ECDICT/KyleBing; exact current pinyin candidate and packed glossary key; matching POS in the packed key; exam membership and bundled IPA; one mapping per English headword; maximum eight added rows per Chinese key.
dissemble	掩饰	v.	toefl	ECDICT MIT	ecdict-only	yes	no	no	yan shi	1500	cover up [v.] | conceal [v.]	v. 掩饰, 假装不知道		auto-v1: exact complete 2–6 Han-character gloss from one or both of ECDICT/KyleBing; exact current pinyin candidate and packed glossary key; matching POS in the packed key; exam membership and bundled IPA; one mapping per English headword; maximum eight added rows per Chinese key.
effervesce	冒泡	v.	toefl	ECDICT MIT	ecdict-only	yes	no	no	mao pao	1484	bubble [v.]	vi. 冒泡, 泡腾, 兴奋\n[医] 起泡, 发气泡		auto-v1: exact complete 2–6 Han-character gloss from one or both of ECDICT/KyleBing; exact current pinyin candidate and packed glossary key; matching POS in the packed key; exam membership and bundled IPA; one mapping per English headword; maximum eight added rows per Chinese key.
linkage	连锁	n.	toefl	ECDICT MIT	ecdict-only	yes	no	no	lian suo	1471	chain [n.]	n. 联合, 连锁, 结合, 联动\n[计] 连接		auto-v1: exact complete 2–6 Han-character gloss from one or both of ECDICT/KyleBing; exact current pinyin candidate and packed glossary key; matching POS in the packed key; exam membership and bundled IPA; one mapping per English headword; maximum eight added rows per Chinese key.
prophesy	预报	v.	tem8	ECDICT MIT	ecdict-only	yes	no	no	yu bao	1447	forecast [v.]	v. 预言, 预报		auto-v1: exact complete 2–6 Han-character gloss from one or both of ECDICT/KyleBing; exact current pinyin candidate and packed glossary key; matching POS in the packed key; exam membership and bundled IPA; one mapping per English headword; maximum eight added rows per Chinese key.
restaurants	餐馆	n.	ielts	ECDICT MIT	ecdict-only	yes	no	no	can guan	1414	restaurant [n.]	n. 饭店( restaurant的名词复数 ); 餐馆; 饭馆; 菜馆		auto-v1: exact complete 2–6 Han-character gloss from one or both of ECDICT/KyleBing; exact current pinyin candidate and packed glossary key; matching POS in the packed key; exam membership and bundled IPA; one mapping per English headword; maximum eight added rows per Chinese key.
nip	损伤	v.	tem8	ECDICT MIT	ecdict-only	yes	no	no	sun shang	1409	damage [v.]	n. 捏, 夹, 寒冷, 尖刻话\nvt. 捏, 夹, 钳, 剪断, 损伤, 冻伤, 一小口\nvi. 夹, 捏, 刺骨, 快走, 一小口一小口地抿(酒)\n[计] 核心程序的初始程序		auto-v1: exact complete 2–6 Han-character gloss from one or both of ECDICT/KyleBing; exact current pinyin candidate and packed glossary key; matching POS in the packed key; exam membership and bundled IPA; one mapping per English headword; maximum eight added rows per Chinese key.
caves	咖啡馆	n.	ielts	ECDICT MIT	ecdict-only	yes	no	no	ka fei guan	1383	cafe [n.]	n. 咖啡馆, 小餐厅( cafe的名词复数 ); 洞穴( cave的名词复数 )		auto-v1: exact complete 2–6 Han-character gloss from one or both of ECDICT/KyleBing; exact current pinyin candidate and packed glossary key; matching POS in the packed key; exam membership and bundled IPA; one mapping per English headword; maximum eight added rows per Chinese key.
tipple	饮酒	v.	toefl	ECDICT MIT	ecdict-only	yes	no	no	yin jiu	1372	drink alcohol [v.]	vt. (习惯性地)少量饮(酒)\nvi. 饮酒\nn. 酒, 含酒饮料		auto-v1: exact complete 2–6 Han-character gloss from one or both of ECDICT/KyleBing; exact current pinyin candidate and packed glossary key; matching POS in the packed key; exam membership and bundled IPA; one mapping per English headword; maximum eight added rows per Chinese key.
bigotry	偏见	n.	toefl	ECDICT MIT	ecdict-only	yes	no	no	pian jian	1366	prejudice [n.]	n. 盲从, 偏见, 偏执的行为(或态度)		auto-v1: exact complete 2–6 Han-character gloss from one or both of ECDICT/KyleBing; exact current pinyin candidate and packed glossary key; matching POS in the packed key; exam membership and bundled IPA; one mapping per English headword; maximum eight added rows per Chinese key.
prowl	徘徊	v.	toefl	ECDICT MIT	ecdict-only	yes	no	no	pai huai	1352	wander [v.]	n. 潜行, 徘徊, 悄悄踱步\nvi. 潜行以觅食, 徘徊\nvt. 徘徊		auto-v1: exact complete 2–6 Han-character gloss from one or both of ECDICT/KyleBing; exact current pinyin candidate and packed glossary key; matching POS in the packed key; exam membership and bundled IPA; one mapping per English headword; maximum eight added rows per Chinese key.
walls	墙壁	n.	ielts	ECDICT MIT	ecdict-only	yes	no	no	qiang bi	1338	wall [n.]	n. 墙壁；墙体（wall的复数）		auto-v1: exact complete 2–6 Han-character gloss from one or both of ECDICT/KyleBing; exact current pinyin candidate and packed glossary key; matching POS in the packed key; exam membership and bundled IPA; one mapping per English headword; maximum eight added rows per Chinese key.
jut	伸出	v.	tem8	ECDICT MIT	ecdict-only	yes	no	no	shen chu	1323	extend [v.]	n. 尖端, 突出部分\nv. (使)突出, 伸出		auto-v1: exact complete 2–6 Han-character gloss from one or both of ECDICT/KyleBing; exact current pinyin candidate and packed glossary key; matching POS in the packed key; exam membership and bundled IPA; one mapping per English headword; maximum eight added rows per Chinese key.
marksman	射手	n.	tem8	ECDICT MIT	ecdict-only	yes	no	no	she shou	1323	shooter [n.] | archer [n.]	n. 射手, 狙击兵, 神射手\n[法] 按手印者, 不能用笔署名者		auto-v1: exact complete 2–6 Han-character gloss from one or both of ECDICT/KyleBing; exact current pinyin candidate and packed glossary key; matching POS in the packed key; exam membership and bundled IPA; one mapping per English headword; maximum eight added rows per Chinese key.
shackle	束缚	v.	toefl	ECDICT MIT	ecdict-only	yes	no	no	shu fu	1264	bind [v.] | restrict [v.]	n. 桎梏, 束缚物\nvt. 加枷锁, 束缚		auto-v1: exact complete 2–6 Han-character gloss from one or both of ECDICT/KyleBing; exact current pinyin candidate and packed glossary key; matching POS in the packed key; exam membership and bundled IPA; one mapping per English headword; maximum eight added rows per Chinese key.
jewels	珠宝	n.	toefl	ECDICT MIT	ecdict-only	yes	no	no	zhu bao	1249	jewelry [n.]	n. 珠宝；宝石（jewel的复数形式）		auto-v1: exact complete 2–6 Han-character gloss from one or both of ECDICT/KyleBing; exact current pinyin candidate and packed glossary key; matching POS in the packed key; exam membership and bundled IPA; one mapping per English headword; maximum eight added rows per Chinese key.
mishandle	虐待	v.	ielts	ECDICT MIT	ecdict-only	yes	no	no	nve dai	1212	abuse [v.]	vt. 虐待, 胡乱处理		auto-v1: exact complete 2–6 Han-character gloss from one or both of ECDICT/KyleBing; exact current pinyin candidate and packed glossary key; matching POS in the packed key; exam membership and bundled IPA; one mapping per English headword; maximum eight added rows per Chinese key.
oration	演说	n.	toefl	ECDICT MIT	ecdict-only	yes	no	no	yan shuo	1209	speech [n.]	n. 演说, 致辞, 引语		auto-v1: exact complete 2–6 Han-character gloss from one or both of ECDICT/KyleBing; exact current pinyin candidate and packed glossary key; matching POS in the packed key; exam membership and bundled IPA; one mapping per English headword; maximum eight added rows per Chinese key.
telltale	迹象	n.	toefl	ECDICT MIT	ecdict-only	yes	no	no	ji xiang	1201	sign [n.] | indication [n.]	n. 搬弄是非者, 迹象, 指示器\na. 搬弄是非的, 泄露秘密的, 报警的		auto-v1: exact complete 2–6 Han-character gloss from one or both of ECDICT/KyleBing; exact current pinyin candidate and packed glossary key; matching POS in the packed key; exam membership and bundled IPA; one mapping per English headword; maximum eight added rows per Chinese key.
checkmate	制止	v.	tem8	ECDICT MIT	ecdict-only	yes	no	no	zhi zhi	1190	stop [v.] | prevent [v.]	n. 击破, 彻底失败\nvt. 制止, 大败, 将死		auto-v1: exact complete 2–6 Han-character gloss from one or both of ECDICT/KyleBing; exact current pinyin candidate and packed glossary key; matching POS in the packed key; exam membership and bundled IPA; one mapping per English headword; maximum eight added rows per Chinese key.
naturalise	采纳	v.	tem8	ECDICT MIT	ecdict-only	yes	no	no	cai na	1171	adopt [v.] | accept [v.]	vt. 授与...以国籍, 使入国籍, 移植, 移养, 采纳, 顺化, 归化		auto-v1: exact complete 2–6 Han-character gloss from one or both of ECDICT/KyleBing; exact current pinyin candidate and packed glossary key; matching POS in the packed key; exam membership and bundled IPA; one mapping per English headword; maximum eight added rows per Chinese key.
interrogative	问号	n.	tem8	ECDICT MIT	ecdict-only	yes	no	no	wen hao	1146	question mark [n.]	n. 疑问词, 问号\na. 疑惑的, 疑问的		auto-v1: exact complete 2–6 Han-character gloss from one or both of ECDICT/KyleBing; exact current pinyin candidate and packed glossary key; matching POS in the packed key; exam membership and bundled IPA; one mapping per English headword; maximum eight added rows per Chinese key.
drub	殴打	v.	toefl	ECDICT MIT	ecdict-only	yes	no	no	ou da	1141	beat [v.]	vt. 用棒打, 殴打, 硬灌(观念等)\nvi. 敲击		auto-v1: exact complete 2–6 Han-character gloss from one or both of ECDICT/KyleBing; exact current pinyin candidate and packed glossary key; matching POS in the packed key; exam membership and bundled IPA; one mapping per English headword; maximum eight added rows per Chinese key.
burnish	光辉	n.	toefl	ECDICT MIT	ecdict-only	yes	no	no	guang hui	1056	glory [n.]	vt. 擦亮, 打磨, 磨光\nvi. 磨光发亮\nn. 光辉, 光泽		auto-v1: exact complete 2–6 Han-character gloss from one or both of ECDICT/KyleBing; exact current pinyin candidate and packed glossary key; matching POS in the packed key; exam membership and bundled IPA; one mapping per English headword; maximum eight added rows per Chinese key.
watercourses	水道	n.	toefl	ECDICT MIT	ecdict-only	yes	no	no	shui dao	1056	waterway [n.]	n. 水道, 河道( watercourse的复数形式 )		auto-v1: exact complete 2–6 Han-character gloss from one or both of ECDICT/KyleBing; exact current pinyin candidate and packed glossary key; matching POS in the packed key; exam membership and bundled IPA; one mapping per English headword; maximum eight added rows per Chinese key.
gratification	喜悦	n.	tem8	ECDICT MIT	ecdict-only	yes	no	no	xi yue	1055	joy [n.]	n. 令人满足的事(或物), 满足, 喜悦\n[医] 愿望满足, 满意		auto-v1: exact complete 2–6 Han-character gloss from one or both of ECDICT/KyleBing; exact current pinyin candidate and packed glossary key; matching POS in the packed key; exam membership and bundled IPA; one mapping per English headword; maximum eight added rows per Chinese key.
bluster	恐吓	v.	toefl	ECDICT MIT	ecdict-only	yes	no	no	kong he	1034	threaten [v.]	vt. 风狂吹, 咆哮, 汹涌\nvi. 咆哮着说出, 恐吓\nn. 狂风声, 巨浪声, 夸口, 大话		auto-v1: exact complete 2–6 Han-character gloss from one or both of ECDICT/KyleBing; exact current pinyin candidate and packed glossary key; matching POS in the packed key; exam membership and bundled IPA; one mapping per English headword; maximum eight added rows per Chinese key.
tribulation	苦难	n.	toefl	ECDICT MIT	ecdict-only	yes	no	no	ku nan	1023	suffering [n.] | hardship [n.]	n. 苦难, 困苦, 苦难的缘由		auto-v1: exact complete 2–6 Han-character gloss from one or both of ECDICT/KyleBing; exact current pinyin candidate and packed glossary key; matching POS in the packed key; exam membership and bundled IPA; one mapping per English headword; maximum eight added rows per Chinese key.
vicissitude	变迁	n.	toefl	ECDICT MIT	ecdict-only	yes	no	no	bian qian	1023	change [n.]	n. 变化无常, 变迁, 荣枯, 盛衰		auto-v1: exact complete 2–6 Han-character gloss from one or both of ECDICT/KyleBing; exact current pinyin candidate and packed glossary key; matching POS in the packed key; exam membership and bundled IPA; one mapping per English headword; maximum eight added rows per Chinese key.
nestling	幼儿	n.	toefl	ECDICT MIT	ecdict-only	yes	no	yes	you er	1021	child [n.]	n. 刚孵出的雏, 未离巢的雏, 幼儿		auto-v1: exact complete 2–6 Han-character gloss from one or both of ECDICT/KyleBing; exact current pinyin candidate and packed glossary key; matching POS in the packed key; exam membership and bundled IPA; one mapping per English headword; maximum eight added rows per Chinese key.
kinsman	亲属	n.	toefl	ECDICT MIT	ecdict-only	yes	no	no	qin shu	1011	relative [n.] | kin [n.]	n. 男亲戚, 亲属		auto-v1: exact complete 2–6 Han-character gloss from one or both of ECDICT/KyleBing; exact current pinyin candidate and packed glossary key; matching POS in the packed key; exam membership and bundled IPA; one mapping per English headword; maximum eight added rows per Chinese key.
woodlot	林地	n.	toefl	ECDICT MIT	ecdict-only	yes	no	no	lin di	1007	woodland [n.]	n. 林地		auto-v1: exact complete 2–6 Han-character gloss from one or both of ECDICT/KyleBing; exact current pinyin candidate and packed glossary key; matching POS in the packed key; exam membership and bundled IPA; one mapping per English headword; maximum eight added rows per Chinese key.
rancho	牧场	n.	toefl	ECDICT MIT	ecdict-only	yes	no	no	mu chang	986	pasture [n.] | ranch [n.]	n. 牧人, (农场工人住的)棚屋, 牧场		auto-v1: exact complete 2–6 Han-character gloss from one or both of ECDICT/KyleBing; exact current pinyin candidate and packed glossary key; matching POS in the packed key; exam membership and bundled IPA; one mapping per English headword; maximum eight added rows per Chinese key.
accreditation	信托	n.	ielts	ECDICT MIT	ecdict-only	yes	no	no	xin tuo	967	trust [n.]	n. 委派, 信托, 鉴定合格\n[法] 立案, 备案, 任命		auto-v1: exact complete 2–6 Han-character gloss from one or both of ECDICT/KyleBing; exact current pinyin candidate and packed glossary key; matching POS in the packed key; exam membership and bundled IPA; one mapping per English headword; maximum eight added rows per Chinese key.
subterranean	地下室	n.	toefl	ECDICT MIT	ecdict-only	yes	no	no	di xia shi	966	basement [n.]	a. 地下的, 秘密的\nn. 地下室, 地下工作者		auto-v1: exact complete 2–6 Han-character gloss from one or both of ECDICT/KyleBing; exact current pinyin candidate and packed glossary key; matching POS in the packed key; exam membership and bundled IPA; one mapping per English headword; maximum eight added rows per Chinese key.
totter	动摇	v.	tem8	ECDICT MIT	ecdict-only	yes	no	no	dong yao	947	shake [v.]	vi. 蹒跚, 动摇\nn. 蹒跚的步子		auto-v1: exact complete 2–6 Han-character gloss from one or both of ECDICT/KyleBing; exact current pinyin candidate and packed glossary key; matching POS in the packed key; exam membership and bundled IPA; one mapping per English headword; maximum eight added rows per Chinese key.
placate	平息	v.	toefl	ECDICT MIT	ecdict-only	yes	no	no	ping xi	940	calm [v.] | subside [v.]	vt. 抚慰, 平息, 使和解, 怀柔		auto-v1: exact complete 2–6 Han-character gloss from one or both of ECDICT/KyleBing; exact current pinyin candidate and packed glossary key; matching POS in the packed key; exam membership and bundled IPA; one mapping per English headword; maximum eight added rows per Chinese key.
heretofore	迄今	adv.	tem8	ECDICT MIT	ecdict-only	yes	no	yes	qi jin	937	so far [adv.]	adv. 直到此时, 此时以前, 迄今		auto-v1: exact complete 2–6 Han-character gloss from one or both of ECDICT/KyleBing; exact current pinyin candidate and packed glossary key; matching POS in the packed key; exam membership and bundled IPA; one mapping per English headword; maximum eight added rows per Chinese key.
matchstick	火柴	n.	toefl	ECDICT MIT	ecdict-only	yes	no	no	huo chai	911	match [n.]	n. 火柴		auto-v1: exact complete 2–6 Han-character gloss from one or both of ECDICT/KyleBing; exact current pinyin candidate and packed glossary key; matching POS in the packed key; exam membership and bundled IPA; one mapping per English headword; maximum eight added rows per Chinese key.
fruitfulness	丰收	n.	toefl	ECDICT MIT	ecdict-only	yes	no	no	feng shou	911	bumper harvest [n.]	n. 丰收, 丰硕；多实, 肥沃		auto-v1: exact complete 2–6 Han-character gloss from one or both of ECDICT/KyleBing; exact current pinyin candidate and packed glossary key; matching POS in the packed key; exam membership and bundled IPA; one mapping per English headword; maximum eight added rows per Chinese key.
lunacy	精神病	n.	tem8	ECDICT MIT	ecdict-only	yes	no	no	jing shen bing	902	mental illness [n.]	n. 精神失常, 精神病, 疯狂愚蠢的行为\n[医] 精神错乱(精神病的旧名)		auto-v1: exact complete 2–6 Han-character gloss from one or both of ECDICT/KyleBing; exact current pinyin candidate and packed glossary key; matching POS in the packed key; exam membership and bundled IPA; one mapping per English headword; maximum eight added rows per Chinese key.
sentences	宣判	v.	ielts	ECDICT MIT	ecdict-only	yes	no	no	xuan pan	900	sentence [v.] | pronounce [v.]	n. [律]判决, 宣判; 句子（ sentence的名词复数 ）\nv. 宣判, 判决（ sentence的第三人称单数 ）		auto-v1: exact complete 2–6 Han-character gloss from one or both of ECDICT/KyleBing; exact current pinyin candidate and packed glossary key; matching POS in the packed key; exam membership and bundled IPA; one mapping per English headword; maximum eight added rows per Chinese key.
fingers	手指头	n.	ielts	ECDICT MIT	ecdict-only	yes	no	no	shou zhi tou	888	finger [n.]	n. 梳状剔除器；手指头, 指头（finger复数）		auto-v1: exact complete 2–6 Han-character gloss from one or both of ECDICT/KyleBing; exact current pinyin candidate and packed glossary key; matching POS in the packed key; exam membership and bundled IPA; one mapping per English headword; maximum eight added rows per Chinese key.
numerate	列举	v.	ielts	ECDICT MIT	ecdict-only	yes	no	yes	lie ju	886	list [v.] | enumerate [v.]	vt. 算出来, 列举, 读出		auto-v1: exact complete 2–6 Han-character gloss from one or both of ECDICT/KyleBing; exact current pinyin candidate and packed glossary key; matching POS in the packed key; exam membership and bundled IPA; one mapping per English headword; maximum eight added rows per Chinese key.
embroil	牵连	v.	tem8	ECDICT MIT	ecdict-only	yes	no	no	qian lian	846	implicate [v.]	vt. 使卷入, 牵连		auto-v1: exact complete 2–6 Han-character gloss from one or both of ECDICT/KyleBing; exact current pinyin candidate and packed glossary key; matching POS in the packed key; exam membership and bundled IPA; one mapping per English headword; maximum eight added rows per Chinese key.
whence	根源	n.	toefl	ECDICT MIT	ecdict-only	yes	no	no	gen yuan	846	root cause [n.]	adv. 从何处, 出于什么原因, 从哪个\nn. 来处, 根源		auto-v1: exact complete 2–6 Han-character gloss from one or both of ECDICT/KyleBing; exact current pinyin candidate and packed glossary key; matching POS in the packed key; exam membership and bundled IPA; one mapping per English headword; maximum eight added rows per Chinese key.
bedeck	修饰	v.	toefl	ECDICT MIT	ecdict-only	yes	no	no	xiu shi	846	modify [v.] | decorate [v.]	vt. 装饰, 修饰		auto-v1: exact complete 2–6 Han-character gloss from one or both of ECDICT/KyleBing; exact current pinyin candidate and packed glossary key; matching POS in the packed key; exam membership and bundled IPA; one mapping per English headword; maximum eight added rows per Chinese key.
recapitulate	概括	v.	toefl	ECDICT MIT	ecdict-only	yes	no	no	gai kuo	841	summarize [v.]	v. 重述要点, 概括, 摘要		auto-v1: exact complete 2–6 Han-character gloss from one or both of ECDICT/KyleBing; exact current pinyin candidate and packed glossary key; matching POS in the packed key; exam membership and bundled IPA; one mapping per English headword; maximum eight added rows per Chinese key.
sacrament	誓言	n.	tem8	ECDICT MIT	ecdict-only	yes	no	no	shi yan	839	oath [n.] | pledge [n.]	n. 圣礼, 圣事, 誓言\nvt. 使立誓, 使宣誓		auto-v1: exact complete 2–6 Han-character gloss from one or both of ECDICT/KyleBing; exact current pinyin candidate and packed glossary key; matching POS in the packed key; exam membership and bundled IPA; one mapping per English headword; maximum eight added rows per Chinese key.
peasants	农夫	n.	ielts	ECDICT MIT	ecdict-only	yes	no	no	nong fu	836	farmer [n.]	n. 农民( peasant的名词复数 ); 农夫; 佃农; 粗俗的人		auto-v1: exact complete 2–6 Han-character gloss from one or both of ECDICT/KyleBing; exact current pinyin candidate and packed glossary key; matching POS in the packed key; exam membership and bundled IPA; one mapping per English headword; maximum eight added rows per Chinese key.
groups	群组	n.	ielts	ECDICT MIT	ecdict-only	yes	no	no	qun zu	835	group [n.]	n. 群组, 组；用户组；团体（group的复数形式）		auto-v1: exact complete 2–6 Han-character gloss from one or both of ECDICT/KyleBing; exact current pinyin candidate and packed glossary key; matching POS in the packed key; exam membership and bundled IPA; one mapping per English headword; maximum eight added rows per Chinese key.
stave	赶走	v.	toefl	ECDICT MIT	ecdict-only	yes	no	no	gan zou	828	drive away [v.]	n. 狭板, 梯级, 棍棒, 诗句\nvt. 击穿, 弄破, 敲打, 赶走\nvi. 穿孔, 破碎		auto-v1: exact complete 2–6 Han-character gloss from one or both of ECDICT/KyleBing; exact current pinyin candidate and packed glossary key; matching POS in the packed key; exam membership and bundled IPA; one mapping per English headword; maximum eight added rows per Chinese key.
rave	咆哮	v.	ielts	ECDICT MIT	ecdict-only	yes	no	no	pao xiao	814	roar [v.]	n. 狂吼, 狂暴\nv. 愤怒地说, 叫嚷, 咆哮		auto-v1: exact complete 2–6 Han-character gloss from one or both of ECDICT/KyleBing; exact current pinyin candidate and packed glossary key; matching POS in the packed key; exam membership and bundled IPA; one mapping per English headword; maximum eight added rows per Chinese key.
rant	咆哮	v.	toefl	ECDICT MIT	ecdict-only	yes	no	no	pao xiao	814	roar [v.]	v. 咆哮, 痛骂\nn. 咆哮, 大话		auto-v1: exact complete 2–6 Han-character gloss from one or both of ECDICT/KyleBing; exact current pinyin candidate and packed glossary key; matching POS in the packed key; exam membership and bundled IPA; one mapping per English headword; maximum eight added rows per Chinese key.
effects	财物	n.	ielts	ECDICT MIT	ecdict-only	yes	no	no	cai wu	814	property [n.] | assets [n.]	n. 财物, 个人财产\n[经] 动产, 财物		auto-v1: exact complete 2–6 Han-character gloss from one or both of ECDICT/KyleBing; exact current pinyin candidate and packed glossary key; matching POS in the packed key; exam membership and bundled IPA; one mapping per English headword; maximum eight added rows per Chinese key.
careerism	野心	n.	toefl	ECDICT MIT	ecdict-only	yes	no	no	ye xin	812	ambition [n.]	n. 野心, 追求名利		auto-v1: exact complete 2–6 Han-character gloss from one or both of ECDICT/KyleBing; exact current pinyin candidate and packed glossary key; matching POS in the packed key; exam membership and bundled IPA; one mapping per English headword; maximum eight added rows per Chinese key.
ferries	摆渡	v.	ielts	ECDICT MIT	ecdict-only	yes	no	no	bai du	807	ferry [v.]	n. 渡船( ferry的名词复数 ); 渡口; 摆渡; 飞机渡运\nv. 运送( ferry的第三人称单数 ); （乘渡船）渡过（河等）; 渡运飞机; 摆渡, 用（渡）船渡, （船）来往行驶		auto-v1: exact complete 2–6 Han-character gloss from one or both of ECDICT/KyleBing; exact current pinyin candidate and packed glossary key; matching POS in the packed key; exam membership and bundled IPA; one mapping per English headword; maximum eight added rows per Chinese key.
mottle	斑点	n.	toefl	ECDICT MIT	ecdict-only	yes	no	no	ban dian	804	spot [n.]	vt. 使呈杂色\nn. 杂色, 斑点		auto-v1: exact complete 2–6 Han-character gloss from one or both of ECDICT/KyleBing; exact current pinyin candidate and packed glossary key; matching POS in the packed key; exam membership and bundled IPA; one mapping per English headword; maximum eight added rows per Chinese key.
dishes	餐具	n.	ielts	ECDICT MIT	ecdict-only	yes	no	no	can ju	798	tableware [n.]	n. 餐具		auto-v1: exact complete 2–6 Han-character gloss from one or both of ECDICT/KyleBing; exact current pinyin candidate and packed glossary key; matching POS in the packed key; exam membership and bundled IPA; one mapping per English headword; maximum eight added rows per Chinese key.
workshops	车间	n.	ielts	ECDICT MIT	ecdict-only	yes	no	no	che jian	794	workshop [n.]	n. 专题讨论会( workshop的名词复数 ); 车间; 工作坊; 研究会		auto-v1: exact complete 2–6 Han-character gloss from one or both of ECDICT/KyleBing; exact current pinyin candidate and packed glossary key; matching POS in the packed key; exam membership and bundled IPA; one mapping per English headword; maximum eight added rows per Chinese key.
plunger	活塞	n.	tem8	ECDICT MIT	ecdict-only	yes	no	yes	huo sai	790	piston [n.]	n. 跳水者, 潜水者, 活塞\n[电] 活柱		auto-v1: exact complete 2–6 Han-character gloss from one or both of ECDICT/KyleBing; exact current pinyin candidate and packed glossary key; matching POS in the packed key; exam membership and bundled IPA; one mapping per English headword; maximum eight added rows per Chinese key.
phylum	语系	n.	toefl	ECDICT MIT	ecdict-only	yes	no	no	yu xi	784	language family [n.]	n. (生物分类上的)门, 语系\n[医] 门[生物分类]		auto-v1: exact complete 2–6 Han-character gloss from one or both of ECDICT/KyleBing; exact current pinyin candidate and packed glossary key; matching POS in the packed key; exam membership and bundled IPA; one mapping per English headword; maximum eight added rows per Chinese key.
intercede	调解	v.	toefl	ECDICT MIT	ecdict-only	yes	no	yes	tiao jie	748	mediate [v.]	vi. 说情, 调解\n[法] 代为求情, 从中调停		auto-v1: exact complete 2–6 Han-character gloss from one or both of ECDICT/KyleBing; exact current pinyin candidate and packed glossary key; matching POS in the packed key; exam membership and bundled IPA; one mapping per English headword; maximum eight added rows per Chinese key.
disorganize	瓦解	v.	toefl	ECDICT MIT	ecdict-only	yes	no	no	wa jie	746	collapse [v.]	vt. 破坏组织, 使混乱, 瓦解		auto-v1: exact complete 2–6 Han-character gloss from one or both of ECDICT/KyleBing; exact current pinyin candidate and packed glossary key; matching POS in the packed key; exam membership and bundled IPA; one mapping per English headword; maximum eight added rows per Chinese key.
approaching	侵入	v.	toefl	ECDICT MIT	ecdict-only	yes	no	no	qin ru	744	invade [v.] | intrude [v.]	v. 进场；侵入；接近（approach的ing形式）		auto-v1: exact complete 2–6 Han-character gloss from one or both of ECDICT/KyleBing; exact current pinyin candidate and packed glossary key; matching POS in the packed key; exam membership and bundled IPA; one mapping per English headword; maximum eight added rows per Chinese key.
omelette	炒蛋	n.	tem8	ECDICT MIT	ecdict-only	yes	no	no	chao dan	744	scrambled eggs [n.]	n. 煎蛋卷, 炒蛋		auto-v1: exact complete 2–6 Han-character gloss from one or both of ECDICT/KyleBing; exact current pinyin candidate and packed glossary key; matching POS in the packed key; exam membership and bundled IPA; one mapping per English headword; maximum eight added rows per Chinese key.
intruding	侵入	v.	toefl	ECDICT MIT	ecdict-only	yes	no	no	qin ru	744	invade [v.] | intrude [v.]	v. 侵入, 侵扰, 打扰( intrude的现在分词); 把…强加于		auto-v1: exact complete 2–6 Han-character gloss from one or both of ECDICT/KyleBing; exact current pinyin candidate and packed glossary key; matching POS in the packed key; exam membership and bundled IPA; one mapping per English headword; maximum eight added rows per Chinese key.
co-operative	合作社	n.	ielts	ECDICT MIT	ecdict-only	yes	no	no	he zuo she	744	cooperative [n.]	a. 合作的；有协作精神的；愿意配合的; 齐心协力的；合作进行的\nn. 合作社；合作机构		auto-v1: exact complete 2–6 Han-character gloss from one or both of ECDICT/KyleBing; exact current pinyin candidate and packed glossary key; matching POS in the packed key; exam membership and bundled IPA; one mapping per English headword; maximum eight added rows per Chinese key.
fatality	天命	n.	tem8	ECDICT MIT	ecdict-only	yes	no	no	tian ming	731	destiny [n.]	n. 不幸, 厄运, 致命性, 死亡者, 厄运, 天命		auto-v1: exact complete 2–6 Han-character gloss from one or both of ECDICT/KyleBing; exact current pinyin candidate and packed glossary key; matching POS in the packed key; exam membership and bundled IPA; one mapping per English headword; maximum eight added rows per Chinese key.
relict	残余	n.	toefl	ECDICT MIT	ecdict-only	yes	no	no	can yu	706	remnant [n.] | residue [n.]	n. 未亡人, 寡妇, 残余物, 残余\n[法] 寡妇, 生存者, 残存者		auto-v1: exact complete 2–6 Han-character gloss from one or both of ECDICT/KyleBing; exact current pinyin candidate and packed glossary key; matching POS in the packed key; exam membership and bundled IPA; one mapping per English headword; maximum eight added rows per Chinese key.
derange	扰乱	v.	toefl	ECDICT MIT	ecdict-only	yes	no	no	rao luan	705	disturb [v.] | disrupt [v.]	vt. 扰乱, 使发狂		auto-v1: exact complete 2–6 Han-character gloss from one or both of ECDICT/KyleBing; exact current pinyin candidate and packed glossary key; matching POS in the packed key; exam membership and bundled IPA; one mapping per English headword; maximum eight added rows per Chinese key.
disarrange	扰乱	v.	toefl	ECDICT MIT	ecdict-only	yes	no	no	rao luan	705	disturb [v.] | disrupt [v.]	vt. 扰乱, 搅乱, 弄乱		auto-v1: exact complete 2–6 Han-character gloss from one or both of ECDICT/KyleBing; exact current pinyin candidate and packed glossary key; matching POS in the packed key; exam membership and bundled IPA; one mapping per English headword; maximum eight added rows per Chinese key.
ornamentation	装饰品	n.	toefl	ECDICT MIT	ecdict-only	yes	no	yes	zhuang shi pin	700	ornament [n.]	n. 装饰, 装饰术, 装饰品, 修饰		auto-v1: exact complete 2–6 Han-character gloss from one or both of ECDICT/KyleBing; exact current pinyin candidate and packed glossary key; matching POS in the packed key; exam membership and bundled IPA; one mapping per English headword; maximum eight added rows per Chinese key.
verbalize	唠叨	v.	toefl	ECDICT MIT	ecdict-only	yes	no	no	lao dao	674	nag [v.]	vt. 以言语表现, 使变成动词\nvi. 用言辞表达, 累赘, 唠叨		auto-v1: exact complete 2–6 Han-character gloss from one or both of ECDICT/KyleBing; exact current pinyin candidate and packed glossary key; matching POS in the packed key; exam membership and bundled IPA; one mapping per English headword; maximum eight added rows per Chinese key.
prate	唠叨	v.	toefl	ECDICT MIT	ecdict-only	yes	no	no	lao dao	674	nag [v.]	vi. 唠叨, 空谈\nvt. 瞎扯\nn. 唠叨, 空谈, 瞎扯		auto-v1: exact complete 2–6 Han-character gloss from one or both of ECDICT/KyleBing; exact current pinyin candidate and packed glossary key; matching POS in the packed key; exam membership and bundled IPA; one mapping per English headword; maximum eight added rows per Chinese key.
ablution	洗礼	n.	toefl	ECDICT MIT	ecdict-only	yes	no	no	xi li	672	baptism [n.]	n. 洗澡, 洗礼, 斋戒沐浴\n[化] 洗净; 洗净液		auto-v1: exact complete 2–6 Han-character gloss from one or both of ECDICT/KyleBing; exact current pinyin candidate and packed glossary key; matching POS in the packed key; exam membership and bundled IPA; one mapping per English headword; maximum eight added rows per Chinese key.
redbud	紫荆	n.	toefl	ECDICT MIT	ecdict-only	yes	no	no	zi jing	649	bauhinia [n.]	n. 紫荆, 美国紫荆		auto-v1: exact complete 2–6 Han-character gloss from one or both of ECDICT/KyleBing; exact current pinyin candidate and packed glossary key; matching POS in the packed key; exam membership and bundled IPA; one mapping per English headword; maximum eight added rows per Chinese key.
falcons	猎鹰	n.	ielts	ECDICT MIT	ecdict-only	yes	no	no	lie ying	635	falcon [n.]	n. 猎鹰；隼鹰队；猎鹰导弹（falcon的复数形式）		auto-v1: exact complete 2–6 Han-character gloss from one or both of ECDICT/KyleBing; exact current pinyin candidate and packed glossary key; matching POS in the packed key; exam membership and bundled IPA; one mapping per English headword; maximum eight added rows per Chinese key.
overbalance	跌倒	v.	toefl	ECDICT MIT	ecdict-only	yes	no	no	die dao	634	fall down [v.]	vt. 使倾覆, (重量、价值)超过, 使失去均衡, 跌倒\nvi. 失去平衡\nn. 超重, 超量, 失去平衡		auto-v1: exact complete 2–6 Han-character gloss from one or both of ECDICT/KyleBing; exact current pinyin candidate and packed glossary key; matching POS in the packed key; exam membership and bundled IPA; one mapping per English headword; maximum eight added rows per Chinese key.
lode	水路	n.	toefl	ECDICT MIT	ecdict-only	yes	no	no	shui lu	633	waterway [n.]	n. 矿脉, 水路, 排水沟		auto-v1: exact complete 2–6 Han-character gloss from one or both of ECDICT/KyleBing; exact current pinyin candidate and packed glossary key; matching POS in the packed key; exam membership and bundled IPA; one mapping per English headword; maximum eight added rows per Chinese key.
obloquy	耻辱	n.	toefl	ECDICT MIT	ecdict-only	yes	no	no	chi ru	630	shame [n.] | disgrace [n.]	n. 辱骂, 毁谤, 耻辱		auto-v1: exact complete 2–6 Han-character gloss from one or both of ECDICT/KyleBing; exact current pinyin candidate and packed glossary key; matching POS in the packed key; exam membership and bundled IPA; one mapping per English headword; maximum eight added rows per Chinese key.
funicular	索道	n.	tem8	ECDICT MIT	ecdict-only	yes	no	no	suo dao	624	cableway [n.] | ropeway [n.]	a. 索状的\nn. 索道		auto-v1: exact complete 2–6 Han-character gloss from one or both of ECDICT/KyleBing; exact current pinyin candidate and packed glossary key; matching POS in the packed key; exam membership and bundled IPA; one mapping per English headword; maximum eight added rows per Chinese key.
negation	反面	n.	ielts	ECDICT MIT	ecdict-only	yes	no	no	fan mian	620	reverse side [n.]	n. 否定, 反面, 不存在\n[医] 否定, 否认		auto-v1: exact complete 2–6 Han-character gloss from one or both of ECDICT/KyleBing; exact current pinyin candidate and packed glossary key; matching POS in the packed key; exam membership and bundled IPA; one mapping per English headword; maximum eight added rows per Chinese key.
spurn	冷落	v.	toefl	ECDICT MIT	ecdict-only	yes	no	no	leng luo	602	snub [v.] | neglect [v.]	n. 踢开, 拒斥\nvt. 踢开, 冷落, 践踏, 唾弃\nvi. 藐视, 摒弃		auto-v1: exact complete 2–6 Han-character gloss from one or both of ECDICT/KyleBing; exact current pinyin candidate and packed glossary key; matching POS in the packed key; exam membership and bundled IPA; one mapping per English headword; maximum eight added rows per Chinese key.
clearing	空地	n.	toefl	ECDICT MIT	ecdict-only	yes	no	no	kong di	596	open space [n.] | vacant lot [n.]	n. 清扫, 空地, 票据清算\n[经] 票据交换, 结算, 结帐		auto-v1: exact complete 2–6 Han-character gloss from one or both of ECDICT/KyleBing; exact current pinyin candidate and packed glossary key; matching POS in the packed key; exam membership and bundled IPA; one mapping per English headword; maximum eight added rows per Chinese key.
geyser	喷泉	n.	toefl	ECDICT MIT	ecdict-only	yes	no	no	pen quan	596	fountain [n.]	n. 喷泉, 间歇泉		auto-v1: exact complete 2–6 Han-character gloss from one or both of ECDICT/KyleBing; exact current pinyin candidate and packed glossary key; matching POS in the packed key; exam membership and bundled IPA; one mapping per English headword; maximum eight added rows per Chinese key.
addle	变质	v.	toefl	ECDICT MIT	ecdict-only	yes	no	no	bian zhi	596	deteriorate [v.] | go bad [v.]	vt. 使昏乱, 使腐坏\nvi. 变质\na. 昏乱的, 腐坏的		auto-v1: exact complete 2–6 Han-character gloss from one or both of ECDICT/KyleBing; exact current pinyin candidate and packed glossary key; matching POS in the packed key; exam membership and bundled IPA; one mapping per English headword; maximum eight added rows per Chinese key.
swoon	着迷	v.	toefl	ECDICT MIT	ecdict-only	yes	no	no	zhao mi	590	be fascinated [v.] | be obsessed [v.]	n. 昏晕, 晕厥\nvi. 昏晕, 着迷, 渐渐消失		auto-v1: exact complete 2–6 Han-character gloss from one or both of ECDICT/KyleBing; exact current pinyin candidate and packed glossary key; matching POS in the packed key; exam membership and bundled IPA; one mapping per English headword; maximum eight added rows per Chinese key.
showpiece	样品	n.	tem8	ECDICT MIT	ecdict-only	yes	no	no	yang pin	589	sample [n.]	n. 展出品, 样品		auto-v1: exact complete 2–6 Han-character gloss from one or both of ECDICT/KyleBing; exact current pinyin candidate and packed glossary key; matching POS in the packed key; exam membership and bundled IPA; one mapping per English headword; maximum eight added rows per Chinese key.
starting	开端	n.	ielts	ECDICT MIT	ecdict-only	yes	no	no	kai duan	588	beginning [n.]	n. 开端, 开始, 出发, 起动, 开动\n[机] 开动, 起动		auto-v1: exact complete 2–6 Han-character gloss from one or both of ECDICT/KyleBing; exact current pinyin candidate and packed glossary key; matching POS in the packed key; exam membership and bundled IPA; one mapping per English headword; maximum eight added rows per Chinese key.
rancor	敌意	n.	toefl	ECDICT MIT	ecdict-only	yes	no	no	di yi	580	hostility [n.]	n. 敌意, 深仇		auto-v1: exact complete 2–6 Han-character gloss from one or both of ECDICT/KyleBing; exact current pinyin candidate and packed glossary key; matching POS in the packed key; exam membership and bundled IPA; one mapping per English headword; maximum eight added rows per Chinese key.
crevasse	裂缝	n.	toefl	ECDICT MIT	ecdict-only	yes	no	no	lie feng	575	crack [n.]	n. 裂缝, (堤、坝等的)决口, 崩溃处\nvt. 使有裂缝		auto-v1: exact complete 2–6 Han-character gloss from one or both of ECDICT/KyleBing; exact current pinyin candidate and packed glossary key; matching POS in the packed key; exam membership and bundled IPA; one mapping per English headword; maximum eight added rows per Chinese key.
tones	声调	n.	ielts	ECDICT MIT	ecdict-only	yes	no	no	sheng diao	554	tone [n.]	n. 声调；基本音色（tone的复数）		auto-v1: exact complete 2–6 Han-character gloss from one or both of ECDICT/KyleBing; exact current pinyin candidate and packed glossary key; matching POS in the packed key; exam membership and bundled IPA; one mapping per English headword; maximum eight added rows per Chinese key.
confound	挫败	v.	toefl	ECDICT MIT	ecdict-only	yes	no	no	cuo bai	535	defeat [v.] | frustrate [v.]	vt. 使混淆, 使狼狈, 挫败		auto-v1: exact complete 2–6 Han-character gloss from one or both of ECDICT/KyleBing; exact current pinyin candidate and packed glossary key; matching POS in the packed key; exam membership and bundled IPA; one mapping per English headword; maximum eight added rows per Chinese key.
barrenness	空洞	n.	toefl	ECDICT MIT	ecdict-only	yes	no	no	kong dong	521	cavity [n.] | hollow [n.]	n. 贫瘠, 不妊, 不孕, 不生育, 不毛, 荒芜, 思想贫乏, 空洞, 无用, 无聊\n[医] 不育症, 不孕症		auto-v1: exact complete 2–6 Han-character gloss from one or both of ECDICT/KyleBing; exact current pinyin candidate and packed glossary key; matching POS in the packed key; exam membership and bundled IPA; one mapping per English headword; maximum eight added rows per Chinese key.
portend	预知	v.	toefl	ECDICT MIT	ecdict-only	yes	no	yes	yu zhi	515	predict [v.]	vt. 成为...的前兆, 预知, 给与...的警告		auto-v1: exact complete 2–6 Han-character gloss from one or both of ECDICT/KyleBing; exact current pinyin candidate and packed glossary key; matching POS in the packed key; exam membership and bundled IPA; one mapping per English headword; maximum eight added rows per Chinese key.
antibiotics	抗生素	n.	ielts	ECDICT MIT	ecdict-only	yes	no	no	kang sheng su	511	antibiotic [n.]	n. 抗生学；抗生素		auto-v1: exact complete 2–6 Han-character gloss from one or both of ECDICT/KyleBing; exact current pinyin candidate and packed glossary key; matching POS in the packed key; exam membership and bundled IPA; one mapping per English headword; maximum eight added rows per Chinese key.
emaciate	消瘦	v.	toefl	ECDICT MIT	ecdict-only	yes	no	no	xiao shou	510	become thin [v.]	vt. 使消瘦, 使憔悴\nvi. 消瘦		auto-v1: exact complete 2–6 Han-character gloss from one or both of ECDICT/KyleBing; exact current pinyin candidate and packed glossary key; matching POS in the packed key; exam membership and bundled IPA; one mapping per English headword; maximum eight added rows per Chinese key.
sill	窗台	n.	toefl	ECDICT MIT	ecdict-only	yes	no	no	chuang tai	501	windowsill [n.]	n. 基石, 槛, 窗台, 岩床, 海底山脊, 梁		auto-v1: exact complete 2–6 Han-character gloss from one or both of ECDICT/KyleBing; exact current pinyin candidate and packed glossary key; matching POS in the packed key; exam membership and bundled IPA; one mapping per English headword; maximum eight added rows per Chinese key.
gourmand	美食家	n.	toefl	ECDICT MIT	ecdict-only	yes	no	no	mei shi jia	500	gourmet [n.]	n. 美食家		auto-v1: exact complete 2–6 Han-character gloss from one or both of ECDICT/KyleBing; exact current pinyin candidate and packed glossary key; matching POS in the packed key; exam membership and bundled IPA; one mapping per English headword; maximum eight added rows per Chinese key.
tussle	打斗	v.	tem8	ECDICT MIT	ecdict-only	yes	no	no	da dou	499	fight [v.]	n. 扭打, 争斗, 论争\nvi. 扭打, 打斗		auto-v1: exact complete 2–6 Han-character gloss from one or both of ECDICT/KyleBing; exact current pinyin candidate and packed glossary key; matching POS in the packed key; exam membership and bundled IPA; one mapping per English headword; maximum eight added rows per Chinese key.
headgear	头饰	n.	tem8	ECDICT MIT	ecdict-only	yes	no	no	tou shi	494	headpiece [n.]	n. 头饰, 马首挽具, 井架\n[医] 头网, 连轮装置		auto-v1: exact complete 2–6 Han-character gloss from one or both of ECDICT/KyleBing; exact current pinyin candidate and packed glossary key; matching POS in the packed key; exam membership and bundled IPA; one mapping per English headword; maximum eight added rows per Chinese key.
verbiage	措辞	n.	toefl	ECDICT MIT	ecdict-only	yes	no	yes	cuo ci	493	wording [n.]	n. 罗嗦, 冗词, 措辞		auto-v1: exact complete 2–6 Han-character gloss from one or both of ECDICT/KyleBing; exact current pinyin candidate and packed glossary key; matching POS in the packed key; exam membership and bundled IPA; one mapping per English headword; maximum eight added rows per Chinese key.
everest	顶峰	n.	toefl	ECDICT MIT	ecdict-only	yes	no	no	ding feng	485	peak [n.]	n. 珠穆朗玛峰, 顶峰		auto-v1: exact complete 2–6 Han-character gloss from one or both of ECDICT/KyleBing; exact current pinyin candidate and packed glossary key; matching POS in the packed key; exam membership and bundled IPA; one mapping per English headword; maximum eight added rows per Chinese key.
hindquarters	后腿	n.	tem8	ECDICT MIT	ecdict-only	yes	no	no	hou tui	475	hind leg [n.]	n. 后腿, 后半部		auto-v1: exact complete 2–6 Han-character gloss from one or both of ECDICT/KyleBing; exact current pinyin candidate and packed glossary key; matching POS in the packed key; exam membership and bundled IPA; one mapping per English headword; maximum eight added rows per Chinese key.
fillet	带子	n.	tem8	ECDICT MIT	ecdict-only	yes	no	no	dai zi	472	belt [n.]	n. 头带, 带子\nvt. 用带缚		auto-v1: exact complete 2–6 Han-character gloss from one or both of ECDICT/KyleBing; exact current pinyin candidate and packed glossary key; matching POS in the packed key; exam membership and bundled IPA; one mapping per English headword; maximum eight added rows per Chinese key.
moralism	格言	n.	toefl	ECDICT MIT	ecdict-only	yes	no	no	ge yan	472	motto [n.] | proverb [n.]	n. 道德主义, 格言, 说教		auto-v1: exact complete 2–6 Han-character gloss from one or both of ECDICT/KyleBing; exact current pinyin candidate and packed glossary key; matching POS in the packed key; exam membership and bundled IPA; one mapping per English headword; maximum eight added rows per Chinese key.
belts	带子	n.	ielts	ECDICT MIT	ecdict-only	yes	no	no	dai zi	472	belt [n.]	n. 带子；皮带（belt的复数）		auto-v1: exact complete 2–6 Han-character gloss from one or both of ECDICT/KyleBing; exact current pinyin candidate and packed glossary key; matching POS in the packed key; exam membership and bundled IPA; one mapping per English headword; maximum eight added rows per Chinese key.
cutlery	刀剑	n.	tem8	ECDICT MIT	ecdict-only	yes	no	no	dao jian	460	swords [n.]	n. 刀剑制造业, 刃具制造业, 刀剑, 刃具, 刀叉餐具		auto-v1: exact complete 2–6 Han-character gloss from one or both of ECDICT/KyleBing; exact current pinyin candidate and packed glossary key; matching POS in the packed key; exam membership and bundled IPA; one mapping per English headword; maximum eight added rows per Chinese key.
urbanism	城市化	n.	toefl	ECDICT MIT	ecdict-only	yes	no	no	cheng shi hua	460	urbanization [n.]	n. 城市居民的生活方式, 城市化		auto-v1: exact complete 2–6 Han-character gloss from one or both of ECDICT/KyleBing; exact current pinyin candidate and packed glossary key; matching POS in the packed key; exam membership and bundled IPA; one mapping per English headword; maximum eight added rows per Chinese key.
suspenders	背带	n.	tem8	ECDICT MIT	ecdict-only	yes	no	no	bei dai	455	strap [n.]	n. 背带		auto-v1: exact complete 2–6 Han-character gloss from one or both of ECDICT/KyleBing; exact current pinyin candidate and packed glossary key; matching POS in the packed key; exam membership and bundled IPA; one mapping per English headword; maximum eight added rows per Chinese key.
munitions	军火	n.	tem8	ECDICT MIT	ecdict-only	yes	no	no	jun huo	454	arms [n.]	n. 军火, 军需品\n[法] 军火, 军需品		auto-v1: exact complete 2–6 Han-character gloss from one or both of ECDICT/KyleBing; exact current pinyin candidate and packed glossary key; matching POS in the packed key; exam membership and bundled IPA; one mapping per English headword; maximum eight added rows per Chinese key.
filch	窃取	v.	toefl	ECDICT MIT	ecdict-only	yes	no	no	qie qu	433	steal [v.]	vt. 偷窃, 窃取		auto-v1: exact complete 2–6 Han-character gloss from one or both of ECDICT/KyleBing; exact current pinyin candidate and packed glossary key; matching POS in the packed key; exam membership and bundled IPA; one mapping per English headword; maximum eight added rows per Chinese key.
avow	断言	v.	toefl	ECDICT MIT	ecdict-only	yes	no	yes	duan yan	422	assert [v.]	vt. 坦率承认, 断言\n[法] 公开宣称, 声明, 供认		auto-v1: exact complete 2–6 Han-character gloss from one or both of ECDICT/KyleBing; exact current pinyin candidate and packed glossary key; matching POS in the packed key; exam membership and bundled IPA; one mapping per English headword; maximum eight added rows per Chinese key.
reversion	继承权	n.	tem8	ECDICT MIT	ecdict-only	yes	no	no	ji cheng quan	406	inheritance right [n.]	n. 回复, 复原, 归还, 继承权\n[化] 返硫		auto-v1: exact complete 2–6 Han-character gloss from one or both of ECDICT/KyleBing; exact current pinyin candidate and packed glossary key; matching POS in the packed key; exam membership and bundled IPA; one mapping per English headword; maximum eight added rows per Chinese key.
squawk	诉苦	v.	tem8	ECDICT MIT	ecdict-only	yes	no	no	su ku	399	complain [v.]	n. 响而粗的叫声, 夜鹭\nvi. 发出响而粗的叫声, 发牢骚, 诉苦		auto-v1: exact complete 2–6 Han-character gloss from one or both of ECDICT/KyleBing; exact current pinyin candidate and packed glossary key; matching POS in the packed key; exam membership and bundled IPA; one mapping per English headword; maximum eight added rows per Chinese key.
congruity	共同点	n.	toefl	ECDICT MIT	ecdict-only	yes	no	no	gong tong dian	389	common point [n.]	n. 适合, 一致, 共同点		auto-v1: exact complete 2–6 Han-character gloss from one or both of ECDICT/KyleBing; exact current pinyin candidate and packed glossary key; matching POS in the packed key; exam membership and bundled IPA; one mapping per English headword; maximum eight added rows per Chinese key.
siphon	抽取	v.	tem8	ECDICT MIT	ecdict-only	yes	no	no	chou qu	382	extract [v.] | draw [v.]	n. 虹吸管\nvt. 用虹吸管吸出, 抽取\nvi. 通过虹吸管		auto-v1: exact complete 2–6 Han-character gloss from one or both of ECDICT/KyleBing; exact current pinyin candidate and packed glossary key; matching POS in the packed key; exam membership and bundled IPA; one mapping per English headword; maximum eight added rows per Chinese key.
travesty	歪曲	v.	toefl	ECDICT MIT	ecdict-only	yes	no	no	wai qu	380	distort [v.]	n. 拙劣的模仿作品, 嘲弄, 滑稽模仿\nvt. 滑稽地模仿, 歪曲		auto-v1: exact complete 2–6 Han-character gloss from one or both of ECDICT/KyleBing; exact current pinyin candidate and packed glossary key; matching POS in the packed key; exam membership and bundled IPA; one mapping per English headword; maximum eight added rows per Chinese key.
intermingle	混入	v.	tem8	ECDICT MIT	ecdict-only	yes	no	no	hun ru	378	mix in [v.]	vi. 混入, 渗入, 掺杂\nvt. 使混合		auto-v1: exact complete 2–6 Han-character gloss from one or both of ECDICT/KyleBing; exact current pinyin candidate and packed glossary key; matching POS in the packed key; exam membership and bundled IPA; one mapping per English headword; maximum eight added rows per Chinese key.
contracts	婚约	n.	ielts	ECDICT MIT	ecdict-only	yes	no	no	hun yue	375	engagement [n.]	n. 契约( contract的名词复数 ); 婚约; [法律]契约法; 行贿		auto-v1: exact complete 2–6 Han-character gloss from one or both of ECDICT/KyleBing; exact current pinyin candidate and packed glossary key; matching POS in the packed key; exam membership and bundled IPA; one mapping per English headword; maximum eight added rows per Chinese key.
reprieve	缓刑	n.	toefl	ECDICT MIT	ecdict-only	yes	no	no	huan xing	373	probation [n.] | suspended sentence [n.]	n. 缓刑, 缓刑令, 暂缓\nvt. 暂时解救, 缓期执行		auto-v1: exact complete 2–6 Han-character gloss from one or both of ECDICT/KyleBing; exact current pinyin candidate and packed glossary key; matching POS in the packed key; exam membership and bundled IPA; one mapping per English headword; maximum eight added rows per Chinese key.
bitumen	沥青	n.	ielts	ECDICT MIT	ecdict-only	yes	no	no	li qing	372	asphalt [n.]	n. 沥青\n[化] 沥青; 石油沥青		auto-v1: exact complete 2–6 Han-character gloss from one or both of ECDICT/KyleBing; exact current pinyin candidate and packed glossary key; matching POS in the packed key; exam membership and bundled IPA; one mapping per English headword; maximum eight added rows per Chinese key.
indulgence	嗜好	n.	tem8	ECDICT MIT	ecdict-only	yes	no	no	shi hao	366	hobby [n.]	n. 沉溺, 放纵, 嗜好\n[法] 宽容, 纵容, 赎罪券		auto-v1: exact complete 2–6 Han-character gloss from one or both of ECDICT/KyleBing; exact current pinyin candidate and packed glossary key; matching POS in the packed key; exam membership and bundled IPA; one mapping per English headword; maximum eight added rows per Chinese key.
waggle	摇摆	v.	toefl	ECDICT MIT	ecdict-only	yes	no	no	yao bai	338	sway [v.] | swing [v.]	v. (使)不停地来回摇动, 摇摆\nn. 摇动, 摇摆		auto-v1: exact complete 2–6 Han-character gloss from one or both of ECDICT/KyleBing; exact current pinyin candidate and packed glossary key; matching POS in the packed key; exam membership and bundled IPA; one mapping per English headword; maximum eight added rows per Chinese key.
printing	印花	n.	ielts	ECDICT MIT	ecdict-only	yes	no	no	yin hua	315	printed pattern [n.]	n. 印刷, 印刷术, 印花\n[计] 打印; 印刷		auto-v1: exact complete 2–6 Han-character gloss from one or both of ECDICT/KyleBing; exact current pinyin candidate and packed glossary key; matching POS in the packed key; exam membership and bundled IPA; one mapping per English headword; maximum eight added rows per Chinese key.
loggerhead	傻瓜	n.	toefl	ECDICT MIT	ecdict-only	yes	no	no	sha gua	315	fool [n.] | idiot [n.]	n. 傻瓜, 笨蛋		auto-v1: exact complete 2–6 Han-character gloss from one or both of ECDICT/KyleBing; exact current pinyin candidate and packed glossary key; matching POS in the packed key; exam membership and bundled IPA; one mapping per English headword; maximum eight added rows per Chinese key.
scraping	碎屑	n.	toefl	ECDICT MIT	ecdict-only	yes	no	no	sui xie	314	fragments [n.]	n. 擦去, 抹去, 削去, 刮擦声, 碎屑\na. 刮擦的, 吝啬的		auto-v1: exact complete 2–6 Han-character gloss from one or both of ECDICT/KyleBing; exact current pinyin candidate and packed glossary key; matching POS in the packed key; exam membership and bundled IPA; one mapping per English headword; maximum eight added rows per Chinese key.
glutamate	味精	n.	ielts	ECDICT MIT	ecdict-only	yes	no	no	wei jing	311	msg [n.]	n. 谷氨酸盐, 味精, 谷氨酸脂\n[医] 谷氨酸盐		auto-v1: exact complete 2–6 Han-character gloss from one or both of ECDICT/KyleBing; exact current pinyin candidate and packed glossary key; matching POS in the packed key; exam membership and bundled IPA; one mapping per English headword; maximum eight added rows per Chinese key.
jeopardise	危及	v.	ielts	ECDICT MIT	ecdict-only	yes	no	yes	wei ji	295	endanger [v.]	vt. 使受危险, 危及, 危害\n[法] 使受危害, 使陷入危险, 危及		auto-v1: exact complete 2–6 Han-character gloss from one or both of ECDICT/KyleBing; exact current pinyin candidate and packed glossary key; matching POS in the packed key; exam membership and bundled IPA; one mapping per English headword; maximum eight added rows per Chinese key.
modulation	语调	n.	toefl	ECDICT MIT	ecdict-only	yes	no	no	yu diao	287	tone [n.]	n. 调制, 调节, 语调\n[计] 调制		auto-v1: exact complete 2–6 Han-character gloss from one or both of ECDICT/KyleBing; exact current pinyin candidate and packed glossary key; matching POS in the packed key; exam membership and bundled IPA; one mapping per English headword; maximum eight added rows per Chinese key.
contacts	联系人	n.	ielts	ECDICT MIT	ecdict-only	yes	no	no	lian xi ren	286	contact [n.]	n. 联系人；联络方式；触体（contact的复数形式）		auto-v1: exact complete 2–6 Han-character gloss from one or both of ECDICT/KyleBing; exact current pinyin candidate and packed glossary key; matching POS in the packed key; exam membership and bundled IPA; one mapping per English headword; maximum eight added rows per Chinese key.
bingo	烈酒	n.	tem8	ECDICT MIT	ecdict-only	yes	no	no	lie jiu	284	liquor [n.]	n. 宾戈(一种赌博游戏), 烈酒		auto-v1: exact complete 2–6 Han-character gloss from one or both of ECDICT/KyleBing; exact current pinyin candidate and packed glossary key; matching POS in the packed key; exam membership and bundled IPA; one mapping per English headword; maximum eight added rows per Chinese key.
wiggle	摆动	v.	tem8	ECDICT MIT	ecdict-only	yes	no	no	bai dong	283	swing [v.] | sway [v.]	v. 扭动着行进, 摆动\nn. 扭动, 摆动		auto-v1: exact complete 2–6 Han-character gloss from one or both of ECDICT/KyleBing; exact current pinyin candidate and packed glossary key; matching POS in the packed key; exam membership and bundled IPA; one mapping per English headword; maximum eight added rows per Chinese key.
watcher	哨兵	n.	toefl	ECDICT MIT	ecdict-only	yes	no	no	shao bing	282	sentry [n.] | guard [n.]	n. 看守人, 守望者, 哨兵		auto-v1: exact complete 2–6 Han-character gloss from one or both of ECDICT/KyleBing; exact current pinyin candidate and packed glossary key; matching POS in the packed key; exam membership and bundled IPA; one mapping per English headword; maximum eight added rows per Chinese key.
peal	钟声	n.	toefl	ECDICT MIT	ecdict-only	yes	no	no	zhong sheng	281	bell [n.]	n. 响亮持久的声音, 钟声\nvt. 使鸣响, 大声发出\nvi. 大声鸣响, 震响		auto-v1: exact complete 2–6 Han-character gloss from one or both of ECDICT/KyleBing; exact current pinyin candidate and packed glossary key; matching POS in the packed key; exam membership and bundled IPA; one mapping per English headword; maximum eight added rows per Chinese key.
recycled	再利用	v.	ielts	ECDICT MIT	ecdict-only	yes	no	no	zai li yong	273	reuse [v.] | recycle [v.]	v. 回收利用( recycle的过去式和过去分词 ); 再利用; 再次应用; 重新使用（概念、方法、玩笑等）		auto-v1: exact complete 2–6 Han-character gloss from one or both of ECDICT/KyleBing; exact current pinyin candidate and packed glossary key; matching POS in the packed key; exam membership and bundled IPA; one mapping per English headword; maximum eight added rows per Chinese key.
seduction	诱饵	n.	tem8	ECDICT MIT	ecdict-only	yes	no	no	you er	273	bait [n.]	n. 教唆, 怂恿, 诱惑, 诱惑物, 诱饵\n[法] 诱奸, 勾引, 引诱		auto-v1: exact complete 2–6 Han-character gloss from one or both of ECDICT/KyleBing; exact current pinyin candidate and packed glossary key; matching POS in the packed key; exam membership and bundled IPA; one mapping per English headword; maximum eight added rows per Chinese key.
weft	织物	n.	toefl	ECDICT MIT	ecdict-only	yes	no	no	zhi wu	266	fabric [n.] | textile [n.]	n. 织物, 狭长求救信号旗, 求救信号		auto-v1: exact complete 2–6 Han-character gloss from one or both of ECDICT/KyleBing; exact current pinyin candidate and packed glossary key; matching POS in the packed key; exam membership and bundled IPA; one mapping per English headword; maximum eight added rows per Chinese key.
credence	凭证	n.	toefl	ECDICT MIT	ecdict-only	yes	no	no	ping zheng	261	certificate [n.]	n. 信任, 祭器台, 供桌, 凭证\n[法] 设计人, 创立人, 创设人		auto-v1: exact complete 2–6 Han-character gloss from one or both of ECDICT/KyleBing; exact current pinyin candidate and packed glossary key; matching POS in the packed key; exam membership and bundled IPA; one mapping per English headword; maximum eight added rows per Chinese key.
lions	雄狮	n.	ielts	ECDICT MIT	ecdict-only	yes	no	no	xiong shi	258	male lion [n.]	n. 腰角；雄狮；狮子（lion的复数）		auto-v1: exact complete 2–6 Han-character gloss from one or both of ECDICT/KyleBing; exact current pinyin candidate and packed glossary key; matching POS in the packed key; exam membership and bundled IPA; one mapping per English headword; maximum eight added rows per Chinese key.
pulverise	研磨	v.	ielts	ECDICT MIT	ecdict-only	yes	no	no	yan mo	243	grind [v.]	vt.vi. 使成粉末, 研磨, 把...压成粉末\nvt. (非正式)粉碎, 彻底打败, 彻底摧毁\nvi. 变成尘埃		auto-v1: exact complete 2–6 Han-character gloss from one or both of ECDICT/KyleBing; exact current pinyin candidate and packed glossary key; matching POS in the packed key; exam membership and bundled IPA; one mapping per English headword; maximum eight added rows per Chinese key.
trove	收藏品	n.	toefl	ECDICT MIT	ecdict-only	yes	no	no	shou cang pin	239	collection [n.]	n. 发现物, 收藏品\n[法] 发现物, 收藏物		auto-v1: exact complete 2–6 Han-character gloss from one or both of ECDICT/KyleBing; exact current pinyin candidate and packed glossary key; matching POS in the packed key; exam membership and bundled IPA; one mapping per English headword; maximum eight added rows per Chinese key.
rarefy	精炼	v.	toefl	ECDICT MIT	ecdict-only	yes	no	no	jing lian	236	refine [v.]	vt. 使稀少, 使稀薄, 使纯化, 精炼\nvi. 变稀少, 变稀薄		auto-v1: exact complete 2–6 Han-character gloss from one or both of ECDICT/KyleBing; exact current pinyin candidate and packed glossary key; matching POS in the packed key; exam membership and bundled IPA; one mapping per English headword; maximum eight added rows per Chinese key.
sear	凋谢	v.	toefl	ECDICT MIT	ecdict-only	yes	no	no	diao xie	233	wither [v.] | fade [v.]	a. 枯萎的, 凋谢的\nvt. 烤焦, 使枯萎\nvi. 凋谢, 干枯		auto-v1: exact complete 2–6 Han-character gloss from one or both of ECDICT/KyleBing; exact current pinyin candidate and packed glossary key; matching POS in the packed key; exam membership and bundled IPA; one mapping per English headword; maximum eight added rows per Chinese key.
arraign	传讯	v.	toefl	ECDICT MIT	ecdict-only	yes	no	no	chuan xun	230	summon [v.] | subpoena [v.]	vt. 提讯, 传讯, 责难\n[法] 传讯, 提审, 控告		auto-v1: exact complete 2–6 Han-character gloss from one or both of ECDICT/KyleBing; exact current pinyin candidate and packed glossary key; matching POS in the packed key; exam membership and bundled IPA; one mapping per English headword; maximum eight added rows per Chinese key.
luxuriate	沉溺	v.	tem8	ECDICT MIT	ecdict-only	yes	no	yes	chen ni	230	indulge [v.] | wallow [v.]	vi. 繁茂, 过奢侈生活, 沉溺		auto-v1: exact complete 2–6 Han-character gloss from one or both of ECDICT/KyleBing; exact current pinyin candidate and packed glossary key; matching POS in the packed key; exam membership and bundled IPA; one mapping per English headword; maximum eight added rows per Chinese key.
equestrian	骑手	n.	toefl	ECDICT MIT	ecdict-only	yes	no	no	qi shou	229	rider [n.]	a. 骑术的, 马的, 骑在马背上的\nn. 骑手		auto-v1: exact complete 2–6 Han-character gloss from one or both of ECDICT/KyleBing; exact current pinyin candidate and packed glossary key; matching POS in the packed key; exam membership and bundled IPA; one mapping per English headword; maximum eight added rows per Chinese key.
transfix	刺穿	v.	toefl	ECDICT MIT	ecdict-only	yes	no	no	ci chuan	226	pierce [v.]	vt. 刺穿, 使呆住, 使固定\n[医] 贯穿, 刺通		auto-v1: exact complete 2–6 Han-character gloss from one or both of ECDICT/KyleBing; exact current pinyin candidate and packed glossary key; matching POS in the packed key; exam membership and bundled IPA; one mapping per English headword; maximum eight added rows per Chinese key.
tongs	钳子	n.	tem8	ECDICT MIT	ecdict-only	yes	no	no	qian zi	217	pliers [n.]	n. 钳子, 夹具\n[医] 钳		auto-v1: exact complete 2–6 Han-character gloss from one or both of ECDICT/KyleBing; exact current pinyin candidate and packed glossary key; matching POS in the packed key; exam membership and bundled IPA; one mapping per English headword; maximum eight added rows per Chinese key.
forceps	钳子	n.	tem8	ECDICT MIT	ecdict-only	yes	no	no	qian zi	217	pliers [n.]	n. 镊子, 钳子, 钳子状器官\n[医] 钳, 镊, 钳状体		auto-v1: exact complete 2–6 Han-character gloss from one or both of ECDICT/KyleBing; exact current pinyin candidate and packed glossary key; matching POS in the packed key; exam membership and bundled IPA; one mapping per English headword; maximum eight added rows per Chinese key.
revered	崇敬	v.	toefl	ECDICT MIT	ecdict-only	yes	no	no	chong jing	207	revere [v.]	v. 崇敬, 尊崇, 敬畏（ revere的过去式和过去分词 ）\na. 可敬的, 尊敬的		auto-v1: exact complete 2–6 Han-character gloss from one or both of ECDICT/KyleBing; exact current pinyin candidate and packed glossary key; matching POS in the packed key; exam membership and bundled IPA; one mapping per English headword; maximum eight added rows per Chinese key.
certificates	证明书	n.	ielts	ECDICT MIT	ecdict-only	yes	no	no	zheng ming shu	198	certificate [n.]	n. 证明书, 执照( certificate的名词复数 )		auto-v1: exact complete 2–6 Han-character gloss from one or both of ECDICT/KyleBing; exact current pinyin candidate and packed glossary key; matching POS in the packed key; exam membership and bundled IPA; one mapping per English headword; maximum eight added rows per Chinese key.
grazing	草场	n.	toefl	ECDICT MIT	ecdict-only	yes	no	no	cao chang	193	grassland [n.]	n. 放牧, 牧草, 草场, 放牧法		auto-v1: exact complete 2–6 Han-character gloss from one or both of ECDICT/KyleBing; exact current pinyin candidate and packed glossary key; matching POS in the packed key; exam membership and bundled IPA; one mapping per English headword; maximum eight added rows per Chinese key.
welt	鞭打	v.	toefl	ECDICT MIT	ecdict-only	yes	no	yes	bian da	192	whip [v.] | flog [v.]	n. 贴边, 鞭痕, 殴打\nvt. 加贴边, 鞭打		auto-v1: exact complete 2–6 Han-character gloss from one or both of ECDICT/KyleBing; exact current pinyin candidate and packed glossary key; matching POS in the packed key; exam membership and bundled IPA; one mapping per English headword; maximum eight added rows per Chinese key.
photocopies	复印件	n.	ielts	ECDICT MIT	ecdict-only	yes	no	no	fu yin jian	190	copy [n.]	n. 影印本( photocopy的名词复数 ); 复印件		auto-v1: exact complete 2–6 Han-character gloss from one or both of ECDICT/KyleBing; exact current pinyin candidate and packed glossary key; matching POS in the packed key; exam membership and bundled IPA; one mapping per English headword; maximum eight added rows per Chinese key.
dram	微量	n.	toefl	ECDICT MIT	ecdict-only	yes	no	no	wei liang	178	trace [n.] | micro [n.]	n. 打兰, 少量的酒(或饮料), 微量, 动态随机存取存储器\n[计] 动态RAM, 动态随机存储器		auto-v1: exact complete 2–6 Han-character gloss from one or both of ECDICT/KyleBing; exact current pinyin candidate and packed glossary key; matching POS in the packed key; exam membership and bundled IPA; one mapping per English headword; maximum eight added rows per Chinese key.
synchronise	校准	v.	ielts	ECDICT MIT	ecdict-only	yes	no	no	jiao zhun	173	calibrate [v.]	vi. (使)同时发生, (使)整步, (使)同步, (使)同速进行\nvt. 使在时间上一致, 校准, 把钟表拨至相同的时间, 把...并列对照		auto-v1: exact complete 2–6 Han-character gloss from one or both of ECDICT/KyleBing; exact current pinyin candidate and packed glossary key; matching POS in the packed key; exam membership and bundled IPA; one mapping per English headword; maximum eight added rows per Chinese key.
disquiet	打搅	v.	toefl	ECDICT MIT	ecdict-only	yes	no	no	da jiao	172	disturb [v.]	vt. 打搅, 使烦恼, 使忧虑, 使不安\nn. 不安, 焦虑, 不平静		auto-v1: exact complete 2–6 Han-character gloss from one or both of ECDICT/KyleBing; exact current pinyin candidate and packed glossary key; matching POS in the packed key; exam membership and bundled IPA; one mapping per English headword; maximum eight added rows per Chinese key.
strings	弦乐器	n.	toefl	ECDICT MIT	ecdict-only	yes	no	no	xian yue qi	171	string instrument [n.]	n. 附带条件, 弦乐部分, 弦乐器		auto-v1: exact complete 2–6 Han-character gloss from one or both of ECDICT/KyleBing; exact current pinyin candidate and packed glossary key; matching POS in the packed key; exam membership and bundled IPA; one mapping per English headword; maximum eight added rows per Chinese key.
fornicate	通奸	v.	tem8	ECDICT MIT	ecdict-only	yes	no	no	tong jian	168	commit adultery [v.]	vi. 通奸\n[医] 穹窿状的, 非法性交		auto-v1: exact complete 2–6 Han-character gloss from one or both of ECDICT/KyleBing; exact current pinyin candidate and packed glossary key; matching POS in the packed key; exam membership and bundled IPA; one mapping per English headword; maximum eight added rows per Chinese key.
grouch	闹脾气	v.	tem8	ECDICT MIT	ecdict-only	yes	no	no	nao pi qi	166	sulk [v.] | be sulky [v.]	n. 脾气的发作, 坏脾气, 不高兴的人, 心怀不满\nvi. 闹脾气, 发牢骚		auto-v1: exact complete 2–6 Han-character gloss from one or both of ECDICT/KyleBing; exact current pinyin candidate and packed glossary key; matching POS in the packed key; exam membership and bundled IPA; one mapping per English headword; maximum eight added rows per Chinese key.
checks	支票	n.	ielts	ECDICT MIT	ecdict-only	yes	no	no	zhi piao	161	check [n.]	n. 支票；格（check的复数形式）		auto-v1: exact complete 2–6 Han-character gloss from one or both of ECDICT/KyleBing; exact current pinyin candidate and packed glossary key; matching POS in the packed key; exam membership and bundled IPA; one mapping per English headword; maximum eight added rows per Chinese key.
planting	苗圃	n.	ielts	ECDICT MIT	ecdict-only	yes	no	no	miao pu	156	nursery [n.]	n. 种植, 栽培, 播种, 人工林, 花圃, 苗圃		auto-v1: exact complete 2–6 Han-character gloss from one or both of ECDICT/KyleBing; exact current pinyin candidate and packed glossary key; matching POS in the packed key; exam membership and bundled IPA; one mapping per English headword; maximum eight added rows per Chinese key.
prizes	珍视	v.	ielts	ECDICT MIT	ecdict-only	yes	no	no	zhen shi	156	cherish [v.]	n. 奖赏( prize的名词复数 ); 值得竞争的东西; 难能可贵的事物; 难以争取的重要事物\nv. 珍视, 珍惜( prize的第三人称单数 )		auto-v1: exact complete 2–6 Han-character gloss from one or both of ECDICT/KyleBing; exact current pinyin candidate and packed glossary key; matching POS in the packed key; exam membership and bundled IPA; one mapping per English headword; maximum eight added rows per Chinese key.
buttock	屁股	n.	tem8	ECDICT MIT	ecdict-only	yes	no	no	pi gu	154	buttocks [n.]	n. 半边臀部, 屁股, 船尾突出部\nvt. 过背摔		auto-v1: exact complete 2–6 Han-character gloss from one or both of ECDICT/KyleBing; exact current pinyin candidate and packed glossary key; matching POS in the packed key; exam membership and bundled IPA; one mapping per English headword; maximum eight added rows per Chinese key.
tidbit	珍品	n.	tem8	ECDICT MIT	ecdict-only	yes	no	no	zhen pin	153	treasure [n.]	n. 少量的美食, 珍馐, 珍品, 珍闻		auto-v1: exact complete 2–6 Han-character gloss from one or both of ECDICT/KyleBing; exact current pinyin candidate and packed glossary key; matching POS in the packed key; exam membership and bundled IPA; one mapping per English headword; maximum eight added rows per Chinese key.
misconduct	渎职	n.	tem8	ECDICT MIT	ecdict-only	yes	no	no	du zhi	145	dereliction of duty [n.]	vt. 办错, 使行为不端\nn. 办错, 渎职, 通奸		auto-v1: exact complete 2–6 Han-character gloss from one or both of ECDICT/KyleBing; exact current pinyin candidate and packed glossary key; matching POS in the packed key; exam membership and bundled IPA; one mapping per English headword; maximum eight added rows per Chinese key.
idiocy	白痴	n.	toefl	ECDICT MIT	ecdict-only	yes	no	no	bai chi	145	idiot [n.]	n. 白痴, 极端愚蠢\n[医] 白痴		auto-v1: exact complete 2–6 Han-character gloss from one or both of ECDICT/KyleBing; exact current pinyin candidate and packed glossary key; matching POS in the packed key; exam membership and bundled IPA; one mapping per English headword; maximum eight added rows per Chinese key.
jeopardy	危难	n.	toefl	ECDICT MIT	ecdict-only	yes	no	no	wei nan	142	danger [n.] | distress [n.]	n. 危难, 危险\n[法] 危险, 危难, 危险处境		auto-v1: exact complete 2–6 Han-character gloss from one or both of ECDICT/KyleBing; exact current pinyin candidate and packed glossary key; matching POS in the packed key; exam membership and bundled IPA; one mapping per English headword; maximum eight added rows per Chinese key.
preventative	预防措施	n.	ielts	ECDICT MIT	ecdict-only	yes	no	no	yu fang cuo shi	142	preventive measure [n.]	a. 预防的, 防止的\nn. 预防法, 预防措施, 预防物, 预防药		auto-v1: exact complete 2–6 Han-character gloss from one or both of ECDICT/KyleBing; exact current pinyin candidate and packed glossary key; matching POS in the packed key; exam membership and bundled IPA; one mapping per English headword; maximum eight added rows per Chinese key.
lifesaver	救生员	n.	toefl	ECDICT MIT	ecdict-only	yes	no	yes	jiu sheng yuan	140	lifeguard [n.]	n. 救命者, 救生员, 济急的人		auto-v1: exact complete 2–6 Han-character gloss from one or both of ECDICT/KyleBing; exact current pinyin candidate and packed glossary key; matching POS in the packed key; exam membership and bundled IPA; one mapping per English headword; maximum eight added rows per Chinese key.
ennui	倦怠	n.	toefl	ECDICT MIT	ecdict-only	yes	no	no	juan dai	136	fatigue [n.] | lassitude [n.]	n. 倦怠, 厌倦\n[医] 厌倦		auto-v1: exact complete 2–6 Han-character gloss from one or both of ECDICT/KyleBing; exact current pinyin candidate and packed glossary key; matching POS in the packed key; exam membership and bundled IPA; one mapping per English headword; maximum eight added rows per Chinese key.
ken	见地	n.	toefl	ECDICT MIT	ecdict-only	yes	no	no	jian di	136	insight [n.]	n. 视野范围, 知识范围, 见地		auto-v1: exact complete 2–6 Han-character gloss from one or both of ECDICT/KyleBing; exact current pinyin candidate and packed glossary key; matching POS in the packed key; exam membership and bundled IPA; one mapping per English headword; maximum eight added rows per Chinese key.
exculpate	开脱	v.	toefl	ECDICT MIT	ecdict-only	yes	no	yes	kai tuo	133	absolve [v.] | exonerate [v.]	vt. 使无罪, 开脱\n[法] 使无罪, 申辩无罪, 辩解		auto-v1: exact complete 2–6 Han-character gloss from one or both of ECDICT/KyleBing; exact current pinyin candidate and packed glossary key; matching POS in the packed key; exam membership and bundled IPA; one mapping per English headword; maximum eight added rows per Chinese key.
mourning	丧服	n.	toefl	ECDICT MIT	ecdict-only	yes	no	no	sang fu	127	mourning dress [n.]	n. 哀痛, 居丧, 举哀, 哀悼, 丧服, 戴孝		auto-v1: exact complete 2–6 Han-character gloss from one or both of ECDICT/KyleBing; exact current pinyin candidate and packed glossary key; matching POS in the packed key; exam membership and bundled IPA; one mapping per English headword; maximum eight added rows per Chinese key.
tine	尖头	n.	toefl	ECDICT MIT	ecdict-only	yes	no	no	jian tou	124	pointed head [n.]	n. 齿, 尖头		auto-v1: exact complete 2–6 Han-character gloss from one or both of ECDICT/KyleBing; exact current pinyin candidate and packed glossary key; matching POS in the packed key; exam membership and bundled IPA; one mapping per English headword; maximum eight added rows per Chinese key.
incredulity	疑心	n.	toefl	ECDICT MIT	ecdict-only	yes	no	no	yi xin	107	suspicion [n.]	n. 不轻信, 怀疑, 疑心		auto-v1: exact complete 2–6 Han-character gloss from one or both of ECDICT/KyleBing; exact current pinyin candidate and packed glossary key; matching POS in the packed key; exam membership and bundled IPA; one mapping per English headword; maximum eight added rows per Chinese key.
options	期权	n.	ielts	ECDICT MIT	ecdict-only	yes	no	no	qi quan	107	option [n.]	n. 选择；期权；选择项（option的复数）		auto-v1: exact complete 2–6 Han-character gloss from one or both of ECDICT/KyleBing; exact current pinyin candidate and packed glossary key; matching POS in the packed key; exam membership and bundled IPA; one mapping per English headword; maximum eight added rows per Chinese key.
stigmatize	诬蔑	v.	tem8	ECDICT MIT	ecdict-only	yes	no	no	wu mie	105	slander [v.]	vt. 打烙印, 诬蔑		auto-v1: exact complete 2–6 Han-character gloss from one or both of ECDICT/KyleBing; exact current pinyin candidate and packed glossary key; matching POS in the packed key; exam membership and bundled IPA; one mapping per English headword; maximum eight added rows per Chinese key.
priorities	优先权	n.	ielts	ECDICT MIT	ecdict-only	yes	no	no	you xian quan	105	priority [n.]	n. 先( priority的名词复数 ); 优先; 优先权; 优先考虑的事		auto-v1: exact complete 2–6 Han-character gloss from one or both of ECDICT/KyleBing; exact current pinyin candidate and packed glossary key; matching POS in the packed key; exam membership and bundled IPA; one mapping per English headword; maximum eight added rows per Chinese key.
footman	马夫	n.	tem8	ECDICT MIT	ecdict-only	yes	no	no	ma fu	102	groom [n.]	n. 马夫, 仆役		auto-v1: exact complete 2–6 Han-character gloss from one or both of ECDICT/KyleBing; exact current pinyin candidate and packed glossary key; matching POS in the packed key; exam membership and bundled IPA; one mapping per English headword; maximum eight added rows per Chinese key.
irritant	刺激剂	n.	tem8	ECDICT MIT	ecdict-only	yes	no	no	ci ji ji	101	stimulant [n.]	a. 刺激的, 刺激性的\nn. 刺激物, 刺激剂		auto-v1: exact complete 2–6 Han-character gloss from one or both of ECDICT/KyleBing; exact current pinyin candidate and packed glossary key; matching POS in the packed key; exam membership and bundled IPA; one mapping per English headword; maximum eight added rows per Chinese key.
unbalance	精神错乱	n.	toefl	ECDICT MIT	ecdict-only	yes	no	no	jing shen cuo luan	101	mental disorder [n.]	n. 失衡, 精神错乱\nvt. 使失去平衡, 使错乱		auto-v1: exact complete 2–6 Han-character gloss from one or both of ECDICT/KyleBing; exact current pinyin candidate and packed glossary key; matching POS in the packed key; exam membership and bundled IPA; one mapping per English headword; maximum eight added rows per Chinese key.
pilferage	赃物	n.	toefl	ECDICT MIT	ecdict-only	yes	no	no	zang wu	101	stolen goods [n.]	n. 小偷小摸, 偷窃, 赃物\n[经] 偷窃险, 脏物		auto-v1: exact complete 2–6 Han-character gloss from one or both of ECDICT/KyleBing; exact current pinyin candidate and packed glossary key; matching POS in the packed key; exam membership and bundled IPA; one mapping per English headword; maximum eight added rows per Chinese key.
grump	闹情绪	v.	toefl	ECDICT MIT	ecdict-only	yes	no	no	nao qing xu	98	be sulky [v.]	n. 一阵坏脾气, 发火, 脾气坏的人\nvi. 闹情绪, 发牢骚		auto-v1: exact complete 2–6 Han-character gloss from one or both of ECDICT/KyleBing; exact current pinyin candidate and packed glossary key; matching POS in the packed key; exam membership and bundled IPA; one mapping per English headword; maximum eight added rows per Chinese key.
caucasian	白种人	n.	toefl	ECDICT MIT	ecdict-only	yes	no	no	bai zhong ren	97	white person [n.]	n. 高加索人, 白种人\na. 高加索的, 白种人的		auto-v1: exact complete 2–6 Han-character gloss from one or both of ECDICT/KyleBing; exact current pinyin candidate and packed glossary key; matching POS in the packed key; exam membership and bundled IPA; one mapping per English headword; maximum eight added rows per Chinese key.
penthouse	耳房	n.	tem8	ECDICT MIT	ecdict-only	yes	no	no	er fang	97	side room [n.]	n. 屋顶房间, 顶层公寓, 电梯机器房, 耳房		auto-v1: exact complete 2–6 Han-character gloss from one or both of ECDICT/KyleBing; exact current pinyin candidate and packed glossary key; matching POS in the packed key; exam membership and bundled IPA; one mapping per English headword; maximum eight added rows per Chinese key.
embattled	布阵	v.	tem8	ECDICT MIT	ecdict-only	yes	no	no	bu zhen	95	deploy [v.]	a. （与敌人或批评者）处于交战中的, 受围攻的; 严阵以待的\nv. 列阵(embattle的过去式和过去分词); 布阵; 严阵以待; 整军备战		auto-v1: exact complete 2–6 Han-character gloss from one or both of ECDICT/KyleBing; exact current pinyin candidate and packed glossary key; matching POS in the packed key; exam membership and bundled IPA; one mapping per English headword; maximum eight added rows per Chinese key.
artistry	艺术性	n.	toefl	ECDICT MIT	ecdict-only	yes	no	no	yi shu xing	93	artistic quality [n.]	n. 艺术性		auto-v1: exact complete 2–6 Han-character gloss from one or both of ECDICT/KyleBing; exact current pinyin candidate and packed glossary key; matching POS in the packed key; exam membership and bundled IPA; one mapping per English headword; maximum eight added rows per Chinese key.
holdall	手提箱	n.	tem8	ECDICT MIT	ecdict-only	yes	no	no	shou ti xiang	89	suitcase [n.]	n. 旅行手提包, 手提箱		auto-v1: exact complete 2–6 Han-character gloss from one or both of ECDICT/KyleBing; exact current pinyin candidate and packed glossary key; matching POS in the packed key; exam membership and bundled IPA; one mapping per English headword; maximum eight added rows per Chinese key.
disaffection	不平	n.	toefl	ECDICT MIT	ecdict-only	yes	no	no	bu ping	88	injustice [n.]	n. 不满, 不平, 背叛\n[法] 挑唆背判, 离判, 不满		auto-v1: exact complete 2–6 Han-character gloss from one or both of ECDICT/KyleBing; exact current pinyin candidate and packed glossary key; matching POS in the packed key; exam membership and bundled IPA; one mapping per English headword; maximum eight added rows per Chinese key.
hoot	呵斥	v.	tem8	ECDICT MIT	ecdict-only	yes	no	no	he chi	82	scold [v.]	n. 叫嚣, 嘲骂声, 鸣响\nvi. 大声叫嚣, 鸣响, 猫头鹰叫\nvt. 呵斥, 轰赶		auto-v1: exact complete 2–6 Han-character gloss from one or both of ECDICT/KyleBing; exact current pinyin candidate and packed glossary key; matching POS in the packed key; exam membership and bundled IPA; one mapping per English headword; maximum eight added rows per Chinese key.
demean	贬损	v.	tem8	ECDICT MIT	ecdict-only	yes	no	no	bian sun	82	disparage [v.]	vt. 贬低身分, 贬损		auto-v1: exact complete 2–6 Han-character gloss from one or both of ECDICT/KyleBing; exact current pinyin candidate and packed glossary key; matching POS in the packed key; exam membership and bundled IPA; one mapping per English headword; maximum eight added rows per Chinese key.
wad	填塞	v.	toefl	ECDICT MIT	ecdict-only	yes	no	no	tian se	81	fill [v.]	n. 小软团, 小软块, 一卷, 填料, 大量\nvt. 揉成一团, 填塞		auto-v1: exact complete 2–6 Han-character gloss from one or both of ECDICT/KyleBing; exact current pinyin candidate and packed glossary key; matching POS in the packed key; exam membership and bundled IPA; one mapping per English headword; maximum eight added rows per Chinese key.
skimp	克扣	v.	toefl	ECDICT MIT	ecdict-only	yes	no	no	ke kou	79	embezzle [v.]	vt. 少给, 克扣\nvi. 吝啬\na. 少的, 不足的		auto-v1: exact complete 2–6 Han-character gloss from one or both of ECDICT/KyleBing; exact current pinyin candidate and packed glossary key; matching POS in the packed key; exam membership and bundled IPA; one mapping per English headword; maximum eight added rows per Chinese key.
swimming	眩晕	n.	ielts	ECDICT MIT	ecdict-only	yes	no	no	xuan yun	77	dizziness [n.]	n. 游泳, 眩晕		auto-v1: exact complete 2–6 Han-character gloss from one or both of ECDICT/KyleBing; exact current pinyin candidate and packed glossary key; matching POS in the packed key; exam membership and bundled IPA; one mapping per English headword; maximum eight added rows per Chinese key.
packer	批发商	n.	toefl	ECDICT MIT	ecdict-only	yes	no	no	pi fa shang	77	wholesaler [n.]	n. 包装工人, 罐头食品工人, 打包机, 搬家工人, 批发商, 罐头食品厂经理\n[化] 包装机; 打包机		auto-v1: exact complete 2–6 Han-character gloss from one or both of ECDICT/KyleBing; exact current pinyin candidate and packed glossary key; matching POS in the packed key; exam membership and bundled IPA; one mapping per English headword; maximum eight added rows per Chinese key.
snide	赝品	n.	toefl	ECDICT MIT	ecdict-only	yes	no	no	yan pin	75	fake [n.]	n. 赝品, 假珠宝\na. 伪造的, 不诚实的, 卑鄙的, 险恶的		auto-v1: exact complete 2–6 Han-character gloss from one or both of ECDICT/KyleBing; exact current pinyin candidate and packed glossary key; matching POS in the packed key; exam membership and bundled IPA; one mapping per English headword; maximum eight added rows per Chinese key.
burgess	自由民	n.	toefl	ECDICT MIT	ecdict-only	yes	no	no	zi you min	72	freeman [n.]	n. (自治市的)市民, 自由民\n[法] 自治市公民, 市民		auto-v1: exact complete 2–6 Han-character gloss from one or both of ECDICT/KyleBing; exact current pinyin candidate and packed glossary key; matching POS in the packed key; exam membership and bundled IPA; one mapping per English headword; maximum eight added rows per Chinese key.
slush	雪水	n.	toefl	ECDICT MIT	ecdict-only	yes	no	no	xue shui	71	snow water [n.]	n. 烂泥, 雪水, 无聊的言情内容, 胡说八道\nvt. 溅湿, 灌泥浆于\nvi. 在雪泥(或泥浆)中走		auto-v1: exact complete 2–6 Han-character gloss from one or both of ECDICT/KyleBing; exact current pinyin candidate and packed glossary key; matching POS in the packed key; exam membership and bundled IPA; one mapping per English headword; maximum eight added rows per Chinese key.
crystallized	具体化	v.	toefl	ECDICT MIT	ecdict-only	yes	no	no	ju ti hua	70	embody [v.]	a. [医]结晶的, 使晶状的\nv. 使结晶( crystallize的过去式和过去分词); 计划成型, 具体化		auto-v1: exact complete 2–6 Han-character gloss from one or both of ECDICT/KyleBing; exact current pinyin candidate and packed glossary key; matching POS in the packed key; exam membership and bundled IPA; one mapping per English headword; maximum eight added rows per Chinese key.
niggle	玩忽	v.	ielts	ECDICT MIT	ecdict-only	yes	no	no	wan hu	69	neglect [v.] | ignore [v.]	vi. 闲混, 为琐事费时, 吹毛求疵, 拘泥小节\nvt. 玩忽, 小气地给...		auto-v1: exact complete 2–6 Han-character gloss from one or both of ECDICT/KyleBing; exact current pinyin candidate and packed glossary key; matching POS in the packed key; exam membership and bundled IPA; one mapping per English headword; maximum eight added rows per Chinese key.
slink	早产	v.	tem8	ECDICT MIT	ecdict-only	yes	no	no	zao chan	66	premature birth [v.]	vi. 鬼鬼祟祟地走, (动物)早产\nvt. 早产\nn. 鬼鬼祟祟的人, 早产的动物\na. 早产的		auto-v1: exact complete 2–6 Han-character gloss from one or both of ECDICT/KyleBing; exact current pinyin candidate and packed glossary key; matching POS in the packed key; exam membership and bundled IPA; one mapping per English headword; maximum eight added rows per Chinese key.
visitors	访问者	n.	ielts	ECDICT MIT	ecdict-only	yes	no	no	fang wen zhe	62	visitor [n.]	n. 访问者, 游客（visitor 复数）		auto-v1: exact complete 2–6 Han-character gloss from one or both of ECDICT/KyleBing; exact current pinyin candidate and packed glossary key; matching POS in the packed key; exam membership and bundled IPA; one mapping per English headword; maximum eight added rows per Chinese key.
alms	救济金	n.	tem8	ECDICT MIT	ecdict-only	yes	no	no	jiu ji jin	59	relief fund [n.]	n. 施舍, 救济金, 救济品		auto-v1: exact complete 2–6 Han-character gloss from one or both of ECDICT/KyleBing; exact current pinyin candidate and packed glossary key; matching POS in the packed key; exam membership and bundled IPA; one mapping per English headword; maximum eight added rows per Chinese key.
knell	凶兆	n.	toefl	ECDICT MIT	ecdict-only	yes	no	no	xiong zhao	56	bad omen [n.]	n. 丧钟声, 哀伤的声音, 凶兆\nv. 鸣丧钟		auto-v1: exact complete 2–6 Han-character gloss from one or both of ECDICT/KyleBing; exact current pinyin candidate and packed glossary key; matching POS in the packed key; exam membership and bundled IPA; one mapping per English headword; maximum eight added rows per Chinese key.
threats	兆头	n.	ielts	ECDICT MIT	ecdict-only	yes	no	no	zhao tou	52	omen [n.]	n. 威胁, 恐吓( threat的名词复数 ); 可能造成威胁的人[事, 想法]; 恶兆, 兆头		auto-v1: exact complete 2–6 Han-character gloss from one or both of ECDICT/KyleBing; exact current pinyin candidate and packed glossary key; matching POS in the packed key; exam membership and bundled IPA; one mapping per English headword; maximum eight added rows per Chinese key.
journeyman	雇工	n.	toefl	ECDICT MIT	ecdict-only	yes	no	no	gu gong	51	hired worker [n.]	n. 雇工, 熟练工人, 短工		auto-v1: exact complete 2–6 Han-character gloss from one or both of ECDICT/KyleBing; exact current pinyin candidate and packed glossary key; matching POS in the packed key; exam membership and bundled IPA; one mapping per English headword; maximum eight added rows per Chinese key.
pensioner	帮佣	n.	tem8	ECDICT MIT	ecdict-only	yes	no	no	bang yong	50	domestic help [n.]	n. 领取抚恤金者, (英国剑桥大学的)自费生, 为金钱所收买的人, 帮佣\n[法] 领取退休金者, 领取抚恤金者		auto-v1: exact complete 2–6 Han-character gloss from one or both of ECDICT/KyleBing; exact current pinyin candidate and packed glossary key; matching POS in the packed key; exam membership and bundled IPA; one mapping per English headword; maximum eight added rows per Chinese key.
interment	土葬	n.	tem8	ECDICT MIT	ecdict-only	yes	no	no	tu zang	50	burial in the ground [n.]	n. 埋葬, 土葬\n[医] 埋葬		auto-v1: exact complete 2–6 Han-character gloss from one or both of ECDICT/KyleBing; exact current pinyin candidate and packed glossary key; matching POS in the packed key; exam membership and bundled IPA; one mapping per English headword; maximum eight added rows per Chinese key.
glasswork	玻璃厂	n.	toefl	ECDICT MIT	ecdict-only	yes	no	no	bo li chang	50	glass factory [n.]	n. 玻璃厂, 玻璃制品, 玻璃生产		auto-v1: exact complete 2–6 Han-character gloss from one or both of ECDICT/KyleBing; exact current pinyin candidate and packed glossary key; matching POS in the packed key; exam membership and bundled IPA; one mapping per English headword; maximum eight added rows per Chinese key.
walking	步态	n.	ielts	ECDICT MIT	ecdict-only	yes	no	no	bu tai	46	gait [n.]	n. 步行, 步态\na. 步行的, 步行用的		auto-v1: exact complete 2–6 Han-character gloss from one or both of ECDICT/KyleBing; exact current pinyin candidate and packed glossary key; matching POS in the packed key; exam membership and bundled IPA; one mapping per English headword; maximum eight added rows per Chinese key.
centrifugal	离心机	n.	tem8	ECDICT MIT	ecdict-only	yes	no	no	li xin ji	42	centrifuge [n.]	a. 离心的\nn. 离心机, (离心机的)转筒		auto-v1: exact complete 2–6 Han-character gloss from one or both of ECDICT/KyleBing; exact current pinyin candidate and packed glossary key; matching POS in the packed key; exam membership and bundled IPA; one mapping per English headword; maximum eight added rows per Chinese key.
herder	牧人	n.	toefl	ECDICT MIT	ecdict-only	yes	no	no	mu ren	41	shepherd [n.]	n. 牧人, (美)(非正式)监狱看守\n[计] 首部, 首标, 标题, 头标, 报头, 管座, 端板		auto-v1: exact complete 2–6 Han-character gloss from one or both of ECDICT/KyleBing; exact current pinyin candidate and packed glossary key; matching POS in the packed key; exam membership and bundled IPA; one mapping per English headword; maximum eight added rows per Chinese key.
wrangler	牧人	n.	toefl	ECDICT MIT	ecdict-only	yes	no	no	mu ren	41	shepherd [n.]	n. 口角者, 争论者, 牧人		auto-v1: exact complete 2–6 Han-character gloss from one or both of ECDICT/KyleBing; exact current pinyin candidate and packed glossary key; matching POS in the packed key; exam membership and bundled IPA; one mapping per English headword; maximum eight added rows per Chinese key.
auspice	吉兆	n.	toefl	ECDICT MIT	ecdict-only	yes	no	no	ji zhao	39	good omen [n.]	n. 吉兆, 占卜, 赞助		auto-v1: exact complete 2–6 Han-character gloss from one or both of ECDICT/KyleBing; exact current pinyin candidate and packed glossary key; matching POS in the packed key; exam membership and bundled IPA; one mapping per English headword; maximum eight added rows per Chinese key.
fossils	老顽固	n.	ielts	ECDICT MIT	ecdict-only	yes	no	no	lao wan gu	32	old stick-in-the-mud [n.]	n. 化石( fossil的名词复数 ); 老顽固; 食古不化的人; 老古董（老人）		auto-v1: exact complete 2–6 Han-character gloss from one or both of ECDICT/KyleBing; exact current pinyin candidate and packed glossary key; matching POS in the packed key; exam membership and bundled IPA; one mapping per English headword; maximum eight added rows per Chinese key.
verdure	新绿	n.	tem8	ECDICT MIT	ecdict-only	yes	no	no	xin lv	30	fresh green [n.]	n. 翠绿, 新绿, 碧绿, 精力旺盛, 新鲜		auto-v1: exact complete 2–6 Han-character gloss from one or both of ECDICT/KyleBing; exact current pinyin candidate and packed glossary key; matching POS in the packed key; exam membership and bundled IPA; one mapping per English headword; maximum eight added rows per Chinese key.
woad	靛蓝	n.	toefl	ECDICT MIT	ecdict-only	yes	no	no	dian lan	30	indigo [n.]	n. [植]菘蓝,靛蓝		auto-v1: exact complete 2–6 Han-character gloss from one or both of ECDICT/KyleBing; exact current pinyin candidate and packed glossary key; matching POS in the packed key; exam membership and bundled IPA; one mapping per English headword; maximum eight added rows per Chinese key.
begrudging	吝惜	v.	tem8	ECDICT MIT	ecdict-only	yes	no	no	lin xi	28	grudge [v.]	v. 嫉妒( begrudge的现在分词 ); 勉强做; 不乐意地付出; 吝惜		auto-v1: exact complete 2–6 Han-character gloss from one or both of ECDICT/KyleBing; exact current pinyin candidate and packed glossary key; matching POS in the packed key; exam membership and bundled IPA; one mapping per English headword; maximum eight added rows per Chinese key.
abase	贬抑	v.	tem8	ECDICT MIT	ecdict-only	yes	no	no	bian yi	26	belittle [v.]	vt. 降低...的地位, 降低...的品格, 贬抑, 使谦卑		auto-v1: exact complete 2–6 Han-character gloss from one or both of ECDICT/KyleBing; exact current pinyin candidate and packed glossary key; matching POS in the packed key; exam membership and bundled IPA; one mapping per English headword; maximum eight added rows per Chinese key.
referees	证明人	n.	ielts	ECDICT MIT	ecdict-only	yes	no	no	zheng ming ren	24	witness [n.]	n. 裁判员( referee的名词复数 ); 证明人; 公断人; （专业性强的文章的）审阅人		auto-v1: exact complete 2–6 Han-character gloss from one or both of ECDICT/KyleBing; exact current pinyin candidate and packed glossary key; matching POS in the packed key; exam membership and bundled IPA; one mapping per English headword; maximum eight added rows per Chinese key.
sender	发报机	n.	toefl	ECDICT MIT	ecdict-only	yes	no	yes	fa bao ji	23	transmitter [n.]	n. 寄件人, 发报机\n[经] 送货人, 发送者		auto-v1: exact complete 2–6 Han-character gloss from one or both of ECDICT/KyleBing; exact current pinyin candidate and packed glossary key; matching POS in the packed key; exam membership and bundled IPA; one mapping per English headword; maximum eight added rows per Chinese key.
tantalise	逗弄	v.	tem8	ECDICT MIT	ecdict-only	yes	no	yes	dou nong	22	tease [v.]	vt. 诱发无法实现的希望, 使干着急, 惹弄, 逗惹, 逗弄		auto-v1: exact complete 2–6 Han-character gloss from one or both of ECDICT/KyleBing; exact current pinyin candidate and packed glossary key; matching POS in the packed key; exam membership and bundled IPA; one mapping per English headword; maximum eight added rows per Chinese key.
beginners	生手	n.	ielts	ECDICT MIT	ecdict-only	yes	no	no	sheng shou	20	novice [n.]	n. 初学者；生手；首创者（beginner的复数）		auto-v1: exact complete 2–6 Han-character gloss from one or both of ECDICT/KyleBing; exact current pinyin candidate and packed glossary key; matching POS in the packed key; exam membership and bundled IPA; one mapping per English headword; maximum eight added rows per Chinese key.
cavort	腾跃	v.	ielts	ECDICT MIT	ecdict-only	yes	no	no	teng yue	19	leap [v.] | prance [v.]	vi. 腾跃		auto-v1: exact complete 2–6 Han-character gloss from one or both of ECDICT/KyleBing; exact current pinyin candidate and packed glossary key; matching POS in the packed key; exam membership and bundled IPA; one mapping per English headword; maximum eight added rows per Chinese key.
slog	苦干	v.	toefl	ECDICT MIT	ecdict-only	yes	no	no	ku gan	18	work hard [v.]	n. 猛击, 苦干, 跋涉\nv. 猛击, 苦干		auto-v1: exact complete 2–6 Han-character gloss from one or both of ECDICT/KyleBing; exact current pinyin candidate and packed glossary key; matching POS in the packed key; exam membership and bundled IPA; one mapping per English headword; maximum eight added rows per Chinese key.
homespun	土布	n.	toefl	ECDICT MIT	ecdict-only	yes	no	no	tu bu	17	homespun cloth [n.]	a. 家里纺的, 家里做的, 简朴的, 不做作的, 平凡的, 朴素的, 朴实的, 粗陋的\nn. 土布		auto-v1: exact complete 2–6 Han-character gloss from one or both of ECDICT/KyleBing; exact current pinyin candidate and packed glossary key; matching POS in the packed key; exam membership and bundled IPA; one mapping per English headword; maximum eight added rows per Chinese key.
impute	归罪	v.	toefl	ECDICT MIT	ecdict-only	yes	no	no	gui zui	16	blame [v.]	vt. 归罪, 使负责, 嫁祸于		auto-v1: exact complete 2–6 Han-character gloss from one or both of ECDICT/KyleBing; exact current pinyin candidate and packed glossary key; matching POS in the packed key; exam membership and bundled IPA; one mapping per English headword; maximum eight added rows per Chinese key.
waxes	耳垢	n.	toefl	ECDICT MIT	ecdict-only	yes	no	no	er gou	16	earwax [n.]	n. 蜡( wax的名词复数 ); 耳垢, 耳屎		auto-v1: exact complete 2–6 Han-character gloss from one or both of ECDICT/KyleBing; exact current pinyin candidate and packed glossary key; matching POS in the packed key; exam membership and bundled IPA; one mapping per English headword; maximum eight added rows per Chinese key.
swig	牛饮	v.	tem8	ECDICT MIT	ecdict-only	yes	no	no	niu yin	15	drink heavily [v.]	n. 痛饮, 牛饮, 鲸饮\nv. 满满一口喝下, 牛饮, 大喝特喝		auto-v1: exact complete 2–6 Han-character gloss from one or both of ECDICT/KyleBing; exact current pinyin candidate and packed glossary key; matching POS in the packed key; exam membership and bundled IPA; one mapping per English headword; maximum eight added rows per Chinese key.
storehouses	货栈	n.	toefl	ECDICT MIT	ecdict-only	yes	no	no	huo zhan	14	warehouse [n.]	n. 仓库( storehouse的复数形式 ); 货栈; 知识宝库; 知识丰富的人		auto-v1: exact complete 2–6 Han-character gloss from one or both of ECDICT/KyleBing; exact current pinyin candidate and packed glossary key; matching POS in the packed key; exam membership and bundled IPA; one mapping per English headword; maximum eight added rows per Chinese key.
delineation	略图	n.	toefl	ECDICT MIT	ecdict-only	yes	no	no	lve tu	11	sketch map [n.]	n. 画轮廓, 略图, 描述		auto-v1: exact complete 2–6 Han-character gloss from one or both of ECDICT/KyleBing; exact current pinyin candidate and packed glossary key; matching POS in the packed key; exam membership and bundled IPA; one mapping per English headword; maximum eight added rows per Chinese key.
matinee	日场	n.	tem8	ECDICT MIT	ecdict-only	yes	no	no	ri chang	9	daytime show [n.]	n. 白天音乐会, 日场, 女式晨衣		auto-v1: exact complete 2–6 Han-character gloss from one or both of ECDICT/KyleBing; exact current pinyin candidate and packed glossary key; matching POS in the packed key; exam membership and bundled IPA; one mapping per English headword; maximum eight added rows per Chinese key.
spaniel	马屁精	n.	tem8	ECDICT MIT	ecdict-only	yes	no	no	ma pi jing	9	sycophant [n.] | bootlicker [n.]	n. 一种长毛垂耳狗, 马屁精		auto-v1: exact complete 2–6 Han-character gloss from one or both of ECDICT/KyleBing; exact current pinyin candidate and packed glossary key; matching POS in the packed key; exam membership and bundled IPA; one mapping per English headword; maximum eight added rows per Chinese key.
butte	孤峰	n.	toefl	ECDICT MIT	ecdict-only	yes	no	no	gu feng	9	isolated peak [n.]	n. 孤峰		auto-v1: exact complete 2–6 Han-character gloss from one or both of ECDICT/KyleBing; exact current pinyin candidate and packed glossary key; matching POS in the packed key; exam membership and bundled IPA; one mapping per English headword; maximum eight added rows per Chinese key.
duff	煤屑	n.	tem8	ECDICT MIT	ecdict-only	yes	no	no	mei xie	5	coal dust [n.]	n. 水果干布丁, 细煤, 煤屑, 无用的东西\nvt. 把...弄得像新的一样, 把...改头换面		auto-v1: exact complete 2–6 Han-character gloss from one or both of ECDICT/KyleBing; exact current pinyin candidate and packed glossary key; matching POS in the packed key; exam membership and bundled IPA; one mapping per English headword; maximum eight added rows per Chinese key.
pills	丸剂	n.	ielts	ECDICT MIT	ecdict-only	yes	no	no	wan ji	5	pill [n.]	n. 丸剂；药丸（pill的复数）		auto-v1: exact complete 2–6 Han-character gloss from one or both of ECDICT/KyleBing; exact current pinyin candidate and packed glossary key; matching POS in the packed key; exam membership and bundled IPA; one mapping per English headword; maximum eight added rows per Chinese key.
obligate	强使	v.	toefl	ECDICT MIT	ecdict-only	yes	no	yes	qiang shi	4	compel [v.] | force [v.]	vt. 使负义务, 强使, 使感激, 施恩惠于\na. 有责任的, 必须的		auto-v1: exact complete 2–6 Han-character gloss from one or both of ECDICT/KyleBing; exact current pinyin candidate and packed glossary key; matching POS in the packed key; exam membership and bundled IPA; one mapping per English headword; maximum eight added rows per Chinese key.
mope	闲荡	v.	tem8	ECDICT MIT	ecdict-only	yes	no	no	xian dang	4	loiter [v.] | saunter [v.]	vi. 忧郁, 闲荡\nvt. 使忧郁\nn. 忧郁的人		auto-v1: exact complete 2–6 Han-character gloss from one or both of ECDICT/KyleBing; exact current pinyin candidate and packed glossary key; matching POS in the packed key; exam membership and bundled IPA; one mapping per English headword; maximum eight added rows per Chinese key.
peepshow	拉洋片	n.	toefl	ECDICT MIT	ecdict-only	yes	no	no	la yang pian	4	peep show [n.]	n. 西洋镜；拉洋片		auto-v1: exact complete 2–6 Han-character gloss from one or both of ECDICT/KyleBing; exact current pinyin candidate and packed glossary key; matching POS in the packed key; exam membership and bundled IPA; one mapping per English headword; maximum eight added rows per Chinese key.
lint	皮棉	n.	toefl	ECDICT MIT	ecdict-only	yes	no	no	pi mian	3	ginned cotton [n.]	n. 绷带用麻布, 皮棉\n[医] 绒布(外科用布)		auto-v1: exact complete 2–6 Han-character gloss from one or both of ECDICT/KyleBing; exact current pinyin candidate and packed glossary key; matching POS in the packed key; exam membership and bundled IPA; one mapping per English headword; maximum eight added rows per Chinese key.
chicks	雏鸡	n.	ielts	ECDICT MIT	ecdict-only	yes	no	no	chu ji	3	chick [n.]	n. 雏鸡；小鸡（chick的复数形式）		auto-v1: exact complete 2–6 Han-character gloss from one or both of ECDICT/KyleBing; exact current pinyin candidate and packed glossary key; matching POS in the packed key; exam membership and bundled IPA; one mapping per English headword; maximum eight added rows per Chinese key.
linoleum	漆布	n.	toefl	ECDICT MIT	ecdict-only	yes	no	no	qi bu	1	varnished cloth [n.]	n. 油地毡, 漆布\n[化] 油毡; 亚麻油毡		auto-v1: exact complete 2–6 Han-character gloss from one or both of ECDICT/KyleBing; exact current pinyin candidate and packed glossary key; matching POS in the packed key; exam membership and bundled IPA; one mapping per English headword; maximum eight added rows per Chinese key.
guile	狡计	n.	toefl	ECDICT MIT	ecdict-only	yes	no	no	jiao ji	1	trick [n.] | scheme [n.]	n. 狡猾, 狡计		auto-v1: exact complete 2–6 Han-character gloss from one or both of ECDICT/KyleBing; exact current pinyin candidate and packed glossary key; matching POS in the packed key; exam membership and bundled IPA; one mapping per English headword; maximum eight added rows per Chinese key.
commence	开始	v.	tem4,tem8,toefl,ielts	KyleBing BSD-3-Clause	kyle-only	no	yes	yes	kai shi	180403	start [v.]	v. (使)开始, 得学位	ielts,tem4,tem8	auto-v1: exact complete 2–6 Han-character gloss from one or both of ECDICT/KyleBing; exact current pinyin candidate and packed glossary key; matching POS in the packed key; exam membership and bundled IPA; one mapping per English headword; maximum eight added rows per Chinese key.
crusade	运动	n.	tem4,tem8,toefl,ielts	KyleBing BSD-3-Clause	kyle-only	no	yes	no	yun dong	46199	sports [n.] | exercise [n.]	n. 改革运动, 十字军东侵\nvi. 从事改革运动, 加入十字军	ielts,toefl	auto-v1: exact complete 2–6 Han-character gloss from one or both of ECDICT/KyleBing; exact current pinyin candidate and packed glossary key; matching POS in the packed key; exam membership and bundled IPA; one mapping per English headword; maximum eight added rows per Chinese key.
grit	勇气	n.	tem4,tem8,toefl,ielts	KyleBing BSD-3-Clause	kyle-only	no	yes	no	yong qi	10232	courage [n.]	n. 砂砾, 粗砂石\nvt. 覆以砂砾, 咬牙切齿地说\nvi. 摩擦作声	ielts,tem4,tem8	auto-v1: exact complete 2–6 Han-character gloss from one or both of ECDICT/KyleBing; exact current pinyin candidate and packed glossary key; matching POS in the packed key; exam membership and bundled IPA; one mapping per English headword; maximum eight added rows per Chinese key.
grocery	食品	n.	tem4,tem8,toefl,ielts	KyleBing BSD-3-Clause	kyle-only	no	yes	no	shi pin	6179	food [n.]	n. 食品杂货店, 食品杂货业	ielts	auto-v1: exact complete 2–6 Han-character gloss from one or both of ECDICT/KyleBing; exact current pinyin candidate and packed glossary key; matching POS in the packed key; exam membership and bundled IPA; one mapping per English headword; maximum eight added rows per Chinese key.
factual	真实的	adj.	tem4,tem8,toefl,ielts	KyleBing BSD-3-Clause	kyle-only	no	yes	yes	zhen shi de	3923	real [adj.] | true [adj.]	a. 事实的, 实际的\n[法] 事实的, 与事实有关的, 实际的	ielts,tem4,tem8,toefl	auto-v1: exact complete 2–6 Han-character gloss from one or both of ECDICT/KyleBing; exact current pinyin candidate and packed glossary key; matching POS in the packed key; exam membership and bundled IPA; one mapping per English headword; maximum eight added rows per Chinese key.
emigrate	移居	v.	tem4,tem8,toefl,ielts	KyleBing BSD-3-Clause	kyle-only	no	yes	no	yi ju	2255	migrate [v.] | move [v.]	v. (使)移居, (使)移民	tem4,tem8,toefl	auto-v1: exact complete 2–6 Han-character gloss from one or both of ECDICT/KyleBing; exact current pinyin candidate and packed glossary key; matching POS in the packed key; exam membership and bundled IPA; one mapping per English headword; maximum eight added rows per Chinese key.
antecedent	祖先	n.	tem4,tem8,toefl,ielts	KyleBing BSD-3-Clause	kyle-only	no	yes	yes	zu xian	2079	ancestor [n.]	n. 前情, 先行词\na. 先前的, 先行的	tem4,tem8,toefl	auto-v1: exact complete 2–6 Han-character gloss from one or both of ECDICT/KyleBing; exact current pinyin candidate and packed glossary key; matching POS in the packed key; exam membership and bundled IPA; one mapping per English headword; maximum eight added rows per Chinese key.
ceramic	陶瓷	n.	tem4,tem8,toefl,ielts	KyleBing BSD-3-Clause	kyle-only	no	yes	no	tao ci	1522	ceramics [n.]	a. 陶瓷的\nn. 陶瓷制品	tem4,tem8	auto-v1: exact complete 2–6 Han-character gloss from one or both of ECDICT/KyleBing; exact current pinyin candidate and packed glossary key; matching POS in the packed key; exam membership and bundled IPA; one mapping per English headword; maximum eight added rows per Chinese key.
dietary	食谱	n.	tem4,tem8,toefl,ielts	KyleBing BSD-3-Clause	kyle-only	no	yes	no	shi pu	1305	recipe [n.]	a. 饮食的\nn. 规定食物	tem4,tem8	auto-v1: exact complete 2–6 Han-character gloss from one or both of ECDICT/KyleBing; exact current pinyin candidate and packed glossary key; matching POS in the packed key; exam membership and bundled IPA; one mapping per English headword; maximum eight added rows per Chinese key.
rental	租金	n.	tem4,tem8,toefl,ielts	KyleBing BSD-3-Clause	kyle-only	no	yes	no	zu jin	596	rent [n.]	n. 租费, 租金收入\na. 租赁的, 收取租金的	tem4,tem8	auto-v1: exact complete 2–6 Han-character gloss from one or both of ECDICT/KyleBing; exact current pinyin candidate and packed glossary key; matching POS in the packed key; exam membership and bundled IPA; one mapping per English headword; maximum eight added rows per Chinese key.
delinquency	过失	n.	tem4,tem8,toefl,ielts	KyleBing BSD-3-Clause	kyle-only	no	yes	no	guo shi	585	fault [n.] | negligence [n.]	n. 行为不良, 失职\n[经] 毁约, 怠工, 旷职	ielts,toefl	auto-v1: exact complete 2–6 Han-character gloss from one or both of ECDICT/KyleBing; exact current pinyin candidate and packed glossary key; matching POS in the packed key; exam membership and bundled IPA; one mapping per English headword; maximum eight added rows per Chinese key.
readily	欣然	adv.	tem4,tem8,toefl,ielts	KyleBing BSD-3-Clause	kyle-only	no	yes	no	xin ran	405	gladly [adv.]	adv. 迅速地, 轻易地, 乐意地	toefl	auto-v1: exact complete 2–6 Han-character gloss from one or both of ECDICT/KyleBing; exact current pinyin candidate and packed glossary key; matching POS in the packed key; exam membership and bundled IPA; one mapping per English headword; maximum eight added rows per Chinese key.
dairy	奶制品	n.	tem4,tem8,toefl,ielts	KyleBing BSD-3-Clause	kyle-only	no	yes	no	nai zhi pin	166	dairy product [n.]	n. 牛奶公司, 乳品店, 乳牛场	ielts,tem4,tem8,toefl	auto-v1: exact complete 2–6 Han-character gloss from one or both of ECDICT/KyleBing; exact current pinyin candidate and packed glossary key; matching POS in the packed key; exam membership and bundled IPA; one mapping per English headword; maximum eight added rows per Chinese key.
situate	位于	v.	tem4,tem8,toefl	KyleBing BSD-3-Clause	kyle-only	no	yes	no	wei yu	198227	be located [v.]	vt. 使位于, 使处于	toefl	auto-v1: exact complete 2–6 Han-character gloss from one or both of ECDICT/KyleBing; exact current pinyin candidate and packed glossary key; matching POS in the packed key; exam membership and bundled IPA; one mapping per English headword; maximum eight added rows per Chinese key.
culminate	结束	v.	tem8,toefl,ielts	KyleBing BSD-3-Clause	kyle-only	no	yes	no	jie shu	40602	end [v.] | finish [v.]	vi. 到绝顶, 达于极点, 达到高潮\nvt. 使到绝顶, 使达到高潮	ielts	auto-v1: exact complete 2–6 Han-character gloss from one or both of ECDICT/KyleBing; exact current pinyin candidate and packed glossary key; matching POS in the packed key; exam membership and bundled IPA; one mapping per English headword; maximum eight added rows per Chinese key.
invariably	总是	adv.	tem4,toefl,ielts	KyleBing BSD-3-Clause	kyle-only	no	yes	yes	zong shi	31836	always [adv.]	adv. 不变化地, 恒定地, 始终如一地	tem4	auto-v1: exact complete 2–6 Han-character gloss from one or both of ECDICT/KyleBing; exact current pinyin candidate and packed glossary key; matching POS in the packed key; exam membership and bundled IPA; one mapping per English headword; maximum eight added rows per Chinese key.
literally	简直	adv.	tem8,toefl,ielts	KyleBing BSD-3-Clause	kyle-only	no	yes	no	jian zhi	26643	simply [adv.] | virtually [adv.]	adv. 逐字地, 按照字面上地, 不夸张地	tem8	auto-v1: exact complete 2–6 Han-character gloss from one or both of ECDICT/KyleBing; exact current pinyin candidate and packed glossary key; matching POS in the packed key; exam membership and bundled IPA; one mapping per English headword; maximum eight added rows per Chinese key.
doubtless	大概	adv.	tem4,tem8,ielts	KyleBing BSD-3-Clause	kyle-only	no	yes	no	da gai	26044	probably [adv.]	a. 无疑的, 确定的\nadv. 无疑地, 确定地	tem4,tem8	auto-v1: exact complete 2–6 Han-character gloss from one or both of ECDICT/KyleBing; exact current pinyin candidate and packed glossary key; matching POS in the packed key; exam membership and bundled IPA; one mapping per English headword; maximum eight added rows per Chinese key.
outweigh	超过	v.	tem8,toefl,ielts	KyleBing BSD-3-Clause	kyle-only	no	yes	no	chao guo	24598	exceed [v.] | surpass [v.]	vt. 比...重, 比...重要, 比...有价值	toefl	auto-v1: exact complete 2–6 Han-character gloss from one or both of ECDICT/KyleBing; exact current pinyin candidate and packed glossary key; matching POS in the packed key; exam membership and bundled IPA; one mapping per English headword; maximum eight added rows per Chinese key.
relevance	意义	n.	tem8,toefl,ielts	KyleBing BSD-3-Clause	kyle-only	no	yes	no	yi yi	15673	meaning [n.] | significance [n.]	n. 中肯；关联；相关性	toefl	auto-v1: exact complete 2–6 Han-character gloss from one or both of ECDICT/KyleBing; exact current pinyin candidate and packed glossary key; matching POS in the packed key; exam membership and bundled IPA; one mapping per English headword; maximum eight added rows per Chinese key.
characterize	描述	v.	tem4,toefl,ielts	KyleBing BSD-3-Clause	kyle-only	no	yes	no	miao shu	13738	describe [v.]	vt. 描绘...的特性, 刻划...的性格	toefl	auto-v1: exact complete 2–6 Han-character gloss from one or both of ECDICT/KyleBing; exact current pinyin candidate and packed glossary key; matching POS in the packed key; exam membership and bundled IPA; one mapping per English headword; maximum eight added rows per Chinese key.
informed	通知	v.	tem4,tem8,toefl	KyleBing BSD-3-Clause	kyle-only	no	yes	no	tong zhi	13354	notify [v.]	a. 见多识广的	tem4,tem8	auto-v1: exact complete 2–6 Han-character gloss from one or both of ECDICT/KyleBing; exact current pinyin candidate and packed glossary key; matching POS in the packed key; exam membership and bundled IPA; one mapping per English headword; maximum eight added rows per Chinese key.
escalate	升级	v.	tem8,toefl,ielts	KyleBing BSD-3-Clause	kyle-only	no	yes	no	sheng ji	10324	upgrade [v.]	vi. 逐步扩大, 逐步升高, 逐步增强\nvt. 使逐步上升	ielts	auto-v1: exact complete 2–6 Han-character gloss from one or both of ECDICT/KyleBing; exact current pinyin candidate and packed glossary key; matching POS in the packed key; exam membership and bundled IPA; one mapping per English headword; maximum eight added rows per Chinese key.
fortitude	勇气	n.	tem4,tem8,toefl	KyleBing BSD-3-Clause	kyle-only	no	yes	no	yong qi	10232	courage [n.]	n. 刚毅, 坚毅, 不屈不挠	tem4,tem8	auto-v1: exact complete 2–6 Han-character gloss from one or both of ECDICT/KyleBing; exact current pinyin candidate and packed glossary key; matching POS in the packed key; exam membership and bundled IPA; one mapping per English headword; maximum eight added rows per Chinese key.
engross	吸引	v.	tem8,toefl,ielts	KyleBing BSD-3-Clause	kyle-only	no	yes	no	xi yin	9620	attract [v.]	vt. 用大字体书写, 独占(市场), 使全神贯注\n[法] 正式誊写, 以大字写, 囤积	ielts,tem8	auto-v1: exact complete 2–6 Han-character gloss from one or both of ECDICT/KyleBing; exact current pinyin candidate and packed glossary key; matching POS in the packed key; exam membership and bundled IPA; one mapping per English headword; maximum eight added rows per Chinese key.
solicitor	律师	n.	tem8,toefl,ielts	KyleBing BSD-3-Clause	kyle-only	no	yes	no	lv shi	9139	lawyer [n.]	n. (英)律师, 初级律师, (美)法务官, (美)掮客, 游说者, (美)募捐者\n[经] 募损者, 律师	tem8	auto-v1: exact complete 2–6 Han-character gloss from one or both of ECDICT/KyleBing; exact current pinyin candidate and packed glossary key; matching POS in the packed key; exam membership and bundled IPA; one mapping per English headword; maximum eight added rows per Chinese key.
detach	分开	v.	tem8,toefl,ielts	KyleBing BSD-3-Clause	kyle-only	no	yes	no	fen kai	8218	separate [v.]	vt. 使分离, 分遣\n[机] 摘下, 分离, 卸下	ielts	auto-v1: exact complete 2–6 Han-character gloss from one or both of ECDICT/KyleBing; exact current pinyin candidate and packed glossary key; matching POS in the packed key; exam membership and bundled IPA; one mapping per English headword; maximum eight added rows per Chinese key.
latter	后者	n.	tem4,tem8,toefl	KyleBing BSD-3-Clause	kyle-only	no	yes	no	hou zhe	7596	the latter [n.]	a. 后者的, 较后的, 近来的	toefl	auto-v1: exact complete 2–6 Han-character gloss from one or both of ECDICT/KyleBing; exact current pinyin candidate and packed glossary key; matching POS in the packed key; exam membership and bundled IPA; one mapping per English headword; maximum eight added rows per Chinese key.
counterbalance	平衡	n.	tem8,toefl,ielts	KyleBing BSD-3-Clause	kyle-only	no	yes	yes	ping heng	6136	balance [n.]	vt. 使平均, 使平衡, 使弥补\nn. 平衡量, 平衡力, 势均力敌	ielts	auto-v1: exact complete 2–6 Han-character gloss from one or both of ECDICT/KyleBing; exact current pinyin candidate and packed glossary key; matching POS in the packed key; exam membership and bundled IPA; one mapping per English headword; maximum eight added rows per Chinese key.
animate	推动	v.	tem8,toefl,ielts	KyleBing BSD-3-Clause	kyle-only	no	yes	no	tui dong	5742	promote [v.] | push [v.]	vt. 使有生气, 赋予生命\na. 有生命的, 有生气的	tem8	auto-v1: exact complete 2–6 Han-character gloss from one or both of ECDICT/KyleBing; exact current pinyin candidate and packed glossary key; matching POS in the packed key; exam membership and bundled IPA; one mapping per English headword; maximum eight added rows per Chinese key.
eventual	可能的	adj.	tem4,tem8,toefl	KyleBing BSD-3-Clause	kyle-only	no	yes	no	ke neng de	5386	possible [adj.]	a. 最后的, 终于的	tem4,tem8	auto-v1: exact complete 2–6 Han-character gloss from one or both of ECDICT/KyleBing; exact current pinyin candidate and packed glossary key; matching POS in the packed key; exam membership and bundled IPA; one mapping per English headword; maximum eight added rows per Chinese key.
eligible	合适的	adj.	tem8,toefl,ielts	KyleBing BSD-3-Clause	kyle-only	no	yes	yes	he shi de	5063	suitable [adj.]	a. 有资格当选的, 合格的\nn. 有资格者, 合格者, 适任者	ielts,tem8,toefl	auto-v1: exact complete 2–6 Han-character gloss from one or both of ECDICT/KyleBing; exact current pinyin candidate and packed glossary key; matching POS in the packed key; exam membership and bundled IPA; one mapping per English headword; maximum eight added rows per Chinese key.
deluge	暴雨	n.	tem8,toefl,ielts	KyleBing BSD-3-Clause	kyle-only	no	yes	no	bao yu	4763	rainstorm [n.]	n. 大洪水, 泛滥\nvt. 使泛滥	tem8	auto-v1: exact complete 2–6 Han-character gloss from one or both of ECDICT/KyleBing; exact current pinyin candidate and packed glossary key; matching POS in the packed key; exam membership and bundled IPA; one mapping per English headword; maximum eight added rows per Chinese key.
reliance	信心	n.	tem8,toefl,ielts	KyleBing BSD-3-Clause	kyle-only	no	yes	no	xin xin	4545	confidence [n.]	n. 信任, 信赖, 受信赖的人(或事)\n[法] 信任, 信赖, 信心	tem8,toefl	auto-v1: exact complete 2–6 Han-character gloss from one or both of ECDICT/KyleBing; exact current pinyin candidate and packed glossary key; matching POS in the packed key; exam membership and bundled IPA; one mapping per English headword; maximum eight added rows per Chinese key.
cellular	单元	n.	tem4,tem8,toefl	KyleBing BSD-3-Clause	kyle-only	no	yes	no	dan yuan	4512	unit [n.]	a. 细胞的\n[医] 细胞的	tem4,tem8	auto-v1: exact complete 2–6 Han-character gloss from one or both of ECDICT/KyleBing; exact current pinyin candidate and packed glossary key; matching POS in the packed key; exam membership and bundled IPA; one mapping per English headword; maximum eight added rows per Chinese key.
buoyant	快乐的	adj.	tem8,toefl,ielts	KyleBing BSD-3-Clause	kyle-only	no	yes	no	kuai le de	4462	happy [adj.]	a. 有浮力的, 心情愉快的\n[经] 降而复升的, 保持高价的, 遂之而升的	toefl	auto-v1: exact complete 2–6 Han-character gloss from one or both of ECDICT/KyleBing; exact current pinyin candidate and packed glossary key; matching POS in the packed key; exam membership and bundled IPA; one mapping per English headword; maximum eight added rows per Chinese key.
enjoyable	快乐的	adj.	tem8,toefl,ielts	KyleBing BSD-3-Clause	kyle-only	no	yes	no	kuai le de	4462	happy [adj.]	a. 可从中得到乐趣的, 令人愉快的	tem8	auto-v1: exact complete 2–6 Han-character gloss from one or both of ECDICT/KyleBing; exact current pinyin candidate and packed glossary key; matching POS in the packed key; exam membership and bundled IPA; one mapping per English headword; maximum eight added rows per Chinese key.
symbolism	象征	n.	tem8,toefl,ielts	KyleBing BSD-3-Clause	kyle-only	no	yes	no	xiang zheng	4436	symbol [n.]	n. 象征主义, 符号论\n[医] 象征主义	tem8	auto-v1: exact complete 2–6 Han-character gloss from one or both of ECDICT/KyleBing; exact current pinyin candidate and packed glossary key; matching POS in the packed key; exam membership and bundled IPA; one mapping per English headword; maximum eight added rows per Chinese key.
humane	善良的	adj.	tem8,toefl,ielts	KyleBing BSD-3-Clause	kyle-only	no	yes	no	shan liang de	4003	kind [adj.]	a. 有人情的, 人道的, 仁慈的	ielts	auto-v1: exact complete 2–6 Han-character gloss from one or both of ECDICT/KyleBing; exact current pinyin candidate and packed glossary key; matching POS in the packed key; exam membership and bundled IPA; one mapping per English headword; maximum eight added rows per Chinese key.
congregate	聚集	v.	tem4,tem8,toefl	KyleBing BSD-3-Clause	kyle-only	no	yes	no	ju ji	3745	gather [v.] | assemble [v.]	v. (使)集合, (使)聚集\na. 集合在一起的, 集体的	tem4,tem8	auto-v1: exact complete 2–6 Han-character gloss from one or both of ECDICT/KyleBing; exact current pinyin candidate and packed glossary key; matching POS in the packed key; exam membership and bundled IPA; one mapping per English headword; maximum eight added rows per Chinese key.
parking	停车场	n.	tem8,toefl,ielts	KyleBing BSD-3-Clause	kyle-only	no	yes	no	ting che chang	3745	parking lot [n.]	n. 停车\na. 停车的	toefl	auto-v1: exact complete 2–6 Han-character gloss from one or both of ECDICT/KyleBing; exact current pinyin candidate and packed glossary key; matching POS in the packed key; exam membership and bundled IPA; one mapping per English headword; maximum eight added rows per Chinese key.
teens	青少年	n.	tem4,tem8,toefl	KyleBing BSD-3-Clause	kyle-only	no	yes	no	qing shao nian	3638	youth [n.]	n. 十三岁到十九岁	tem4,tem8	auto-v1: exact complete 2–6 Han-character gloss from one or both of ECDICT/KyleBing; exact current pinyin candidate and packed glossary key; matching POS in the packed key; exam membership and bundled IPA; one mapping per English headword; maximum eight added rows per Chinese key.
regeneration	新生	n.	tem8,toefl,ielts	KyleBing BSD-3-Clause	kyle-only	no	yes	no	xin sheng	3407	new student [n.] | new life [n.]	n. 再生, 重建\n[化] 再生作用	ielts	auto-v1: exact complete 2–6 Han-character gloss from one or both of ECDICT/KyleBing; exact current pinyin candidate and packed glossary key; matching POS in the packed key; exam membership and bundled IPA; one mapping per English headword; maximum eight added rows per Chinese key.
graphics	图像	n.	tem4,tem8,toefl	KyleBing BSD-3-Clause	kyle-only	no	yes	no	tu xiang	3388	image [n.]	n. 制图法, 制图学, 图解算法, 图形显示\n[计] 图形; DOS外部命令:打印图形方式下的屏幕内容	toefl	auto-v1: exact complete 2–6 Han-character gloss from one or both of ECDICT/KyleBing; exact current pinyin candidate and packed glossary key; matching POS in the packed key; exam membership and bundled IPA; one mapping per English headword; maximum eight added rows per Chinese key.
mercantile	商品	n.	tem8,toefl,ielts	KyleBing BSD-3-Clause	kyle-only	no	yes	no	shang pin	3352	product [n.] | goods [n.]	a. 商业的, 商人的\n[经] 商业的	tem8	auto-v1: exact complete 2–6 Han-character gloss from one or both of ECDICT/KyleBing; exact current pinyin candidate and packed glossary key; matching POS in the packed key; exam membership and bundled IPA; one mapping per English headword; maximum eight added rows per Chinese key.
jolt	震惊	v.	tem8,toefl,ielts	KyleBing BSD-3-Clause	kyle-only	no	yes	no	zhen jing	2902	shock [v.]	n. 震摇, 摇动, 颠簸\nvi. 颠簸而行, 震摇\nvt. 使颠簸, 使慌张, 猛击	toefl	auto-v1: exact complete 2–6 Han-character gloss from one or both of ECDICT/KyleBing; exact current pinyin candidate and packed glossary key; matching POS in the packed key; exam membership and bundled IPA; one mapping per English headword; maximum eight added rows per Chinese key.
onslaught	冲击	n.	tem8,toefl,ielts	KyleBing BSD-3-Clause	kyle-only	no	yes	no	chong ji	2746	impact [n.]	n. 突击, 猛击, 猛攻	toefl	auto-v1: exact complete 2–6 Han-character gloss from one or both of ECDICT/KyleBing; exact current pinyin candidate and packed glossary key; matching POS in the packed key; exam membership and bundled IPA; one mapping per English headword; maximum eight added rows per Chinese key.
obliging	迫使	v.	tem4,toefl,ielts	KyleBing BSD-3-Clause	kyle-only	no	yes	no	po shi	2326	force [v.] | compel [v.]	a. 乐于施惠的, 体贴的, 有礼貌的	tem4	auto-v1: exact complete 2–6 Han-character gloss from one or both of ECDICT/KyleBing; exact current pinyin candidate and packed glossary key; matching POS in the packed key; exam membership and bundled IPA; one mapping per English headword; maximum eight added rows per Chinese key.
celestial	神仙	n.	tem8,toefl,ielts	KyleBing BSD-3-Clause	kyle-only	no	yes	no	shen xian	2315	immortal [n.]	a. 天的, 天国的, 天空的\n[法] 天的, 天空的, 天国的	tem8,toefl	auto-v1: exact complete 2–6 Han-character gloss from one or both of ECDICT/KyleBing; exact current pinyin candidate and packed glossary key; matching POS in the packed key; exam membership and bundled IPA; one mapping per English headword; maximum eight added rows per Chinese key.
intelligible	聪明的	adj.	tem8,toefl,ielts	KyleBing BSD-3-Clause	kyle-only	no	yes	no	cong ming de	2258	smart [adj.] | clever [adj.]	a. 可理解的, 易理解的, 纯概念性的	toefl	auto-v1: exact complete 2–6 Han-character gloss from one or both of ECDICT/KyleBing; exact current pinyin candidate and packed glossary key; matching POS in the packed key; exam membership and bundled IPA; one mapping per English headword; maximum eight added rows per Chinese key.
gash	伤口	n.	tem4,tem8,toefl	KyleBing BSD-3-Clause	kyle-only	no	yes	no	shang kou	2256	wound [n.]	n. 深长的伤口, 很深的裂缝\nv. (使)负深伤, 划开, 砍入很深	tem4	auto-v1: exact complete 2–6 Han-character gloss from one or both of ECDICT/KyleBing; exact current pinyin candidate and packed glossary key; matching POS in the packed key; exam membership and bundled IPA; one mapping per English headword; maximum eight added rows per Chinese key.
agony	苦恼	n.	tem4,tem8,ielts	KyleBing BSD-3-Clause	kyle-only	no	yes	no	ku nao	1728	trouble [n.] | worry [n.]	n. 极大的痛苦, 挣扎\n[医] 濒死苦闷; 剧痛	tem4,tem8	auto-v1: exact complete 2–6 Han-character gloss from one or both of ECDICT/KyleBing; exact current pinyin candidate and packed glossary key; matching POS in the packed key; exam membership and bundled IPA; one mapping per English headword; maximum eight added rows per Chinese key.
aboriginal	土著	n.	tem8,toefl,ielts	KyleBing BSD-3-Clause	kyle-only	no	yes	no	tu zhu	1489	indigenous [n.]	a. 原始的, 土著的\nn. 土著居民, 土生生物	toefl	auto-v1: exact complete 2–6 Han-character gloss from one or both of ECDICT/KyleBing; exact current pinyin candidate and packed glossary key; matching POS in the packed key; exam membership and bundled IPA; one mapping per English headword; maximum eight added rows per Chinese key.
bereave	剥夺	v.	tem8,toefl,ielts	KyleBing BSD-3-Clause	kyle-only	no	yes	no	bo duo	1379	deprive [v.]	vt. 使孤寂, 使丧失, 使失去	ielts,tem8	auto-v1: exact complete 2–6 Han-character gloss from one or both of ECDICT/KyleBing; exact current pinyin candidate and packed glossary key; matching POS in the packed key; exam membership and bundled IPA; one mapping per English headword; maximum eight added rows per Chinese key.
havoc	损毁	v.	tem8,toefl,ielts	KyleBing BSD-3-Clause	kyle-only	no	yes	no	sun hui	1005	damage [v.]	n. 大破坏, 蹂躏\nvt. 严重破坏	tem8	auto-v1: exact complete 2–6 Han-character gloss from one or both of ECDICT/KyleBing; exact current pinyin candidate and packed glossary key; matching POS in the packed key; exam membership and bundled IPA; one mapping per English headword; maximum eight added rows per Chinese key.
resilience	弹性	n.	tem8,toefl,ielts	KyleBing BSD-3-Clause	kyle-only	no	yes	no	tan xing	879	elasticity [n.] | flexibility [n.]	n. 弹回, 有弹力, 恢复力\n[化] 回弹; 弹性; 弹回性; 回能; 弹能	ielts,toefl	auto-v1: exact complete 2–6 Han-character gloss from one or both of ECDICT/KyleBing; exact current pinyin candidate and packed glossary key; matching POS in the packed key; exam membership and bundled IPA; one mapping per English headword; maximum eight added rows per Chinese key.
supposition	见解	n.	tem8,toefl,ielts	KyleBing BSD-3-Clause	kyle-only	no	yes	no	jian jie	868	view [n.] | opinion [n.]	n. 想像, 推测, 推想\n[法] 假定, 推定, 推测	tem8	auto-v1: exact complete 2–6 Han-character gloss from one or both of ECDICT/KyleBing; exact current pinyin candidate and packed glossary key; matching POS in the packed key; exam membership and bundled IPA; one mapping per English headword; maximum eight added rows per Chinese key.
arable	耕地	n.	tem8,toefl,ielts	KyleBing BSD-3-Clause	kyle-only	no	yes	no	geng di	559	farmland [n.]	a. 适于耕种的, 可耕的	ielts	auto-v1: exact complete 2–6 Han-character gloss from one or both of ECDICT/KyleBing; exact current pinyin candidate and packed glossary key; matching POS in the packed key; exam membership and bundled IPA; one mapping per English headword; maximum eight added rows per Chinese key.
sleigh	雪橇	n.	tem4,tem8,toefl	KyleBing BSD-3-Clause	kyle-only	no	yes	yes	xue qiao	501	sled [n.] | sledge [n.]	n. 雪撬\nvt. 用雪撬搬运\nvi. 乘雪撬	tem4,tem8,toefl	auto-v1: exact complete 2–6 Han-character gloss from one or both of ECDICT/KyleBing; exact current pinyin candidate and packed glossary key; matching POS in the packed key; exam membership and bundled IPA; one mapping per English headword; maximum eight added rows per Chinese key.
favourite	亲信	n.	tem4,tem8,ielts	KyleBing BSD-3-Clause	kyle-only	no	yes	no	qin xin	498	confidant [n.]	n. 喜欢的事物\na. 喜爱的, 宠爱的	ielts	auto-v1: exact complete 2–6 Han-character gloss from one or both of ECDICT/KyleBing; exact current pinyin candidate and packed glossary key; matching POS in the packed key; exam membership and bundled IPA; one mapping per English headword; maximum eight added rows per Chinese key.
entwine	缠绕	v.	tem8,toefl,ielts	KyleBing BSD-3-Clause	kyle-only	no	yes	yes	chan rao	438	wind [v.] | twine [v.]	v. (使)缠住, (使)盘绕, (使)纠缠	tem8	auto-v1: exact complete 2–6 Han-character gloss from one or both of ECDICT/KyleBing; exact current pinyin candidate and packed glossary key; matching POS in the packed key; exam membership and bundled IPA; one mapping per English headword; maximum eight added rows per Chinese key.
fore	前头	n.	tem4,tem8,toefl	KyleBing BSD-3-Clause	kyle-only	no	yes	no	qian tou	358	front [n.]	a. 在前的, 以前的\nadv. 在前面, 在船头\nprep. 在...前	toefl	auto-v1: exact complete 2–6 Han-character gloss from one or both of ECDICT/KyleBing; exact current pinyin candidate and packed glossary key; matching POS in the packed key; exam membership and bundled IPA; one mapping per English headword; maximum eight added rows per Chinese key.
maim	残害	v.	tem8,toefl,ielts	KyleBing BSD-3-Clause	kyle-only	no	yes	no	can hai	344	harm [v.]	vt. 使残废, 使不能工作, 使伤残\n[医] 伤残, 残废	ielts	auto-v1: exact complete 2–6 Han-character gloss from one or both of ECDICT/KyleBing; exact current pinyin candidate and packed glossary key; matching POS in the packed key; exam membership and bundled IPA; one mapping per English headword; maximum eight added rows per Chinese key.
clot	凝结	v.	tem8,toefl,ielts	KyleBing BSD-3-Clause	kyle-only	no	yes	yes	ning jie	242	condense [v.] | coagulate [v.]	n. 凝块, 一团\nv. (使)凝结, (使)聚集	tem8	auto-v1: exact complete 2–6 Han-character gloss from one or both of ECDICT/KyleBing; exact current pinyin candidate and packed glossary key; matching POS in the packed key; exam membership and bundled IPA; one mapping per English headword; maximum eight added rows per Chinese key.
eruption	火山灰	n.	tem8,toefl,ielts	KyleBing BSD-3-Clause	kyle-only	no	yes	no	huo shan hui	187	volcanic ash [n.]	n. 爆发, 喷出物, 出疹\n[化] 喷发	tem8,toefl	auto-v1: exact complete 2–6 Han-character gloss from one or both of ECDICT/KyleBing; exact current pinyin candidate and packed glossary key; matching POS in the packed key; exam membership and bundled IPA; one mapping per English headword; maximum eight added rows per Chinese key.
windscreen	挡风玻璃	n.	tem4,tem8,ielts	KyleBing BSD-3-Clause	kyle-only	no	yes	yes	dang feng bo li	171	windshield [n.]	n. 汽车的挡风玻璃	ielts	auto-v1: exact complete 2–6 Han-character gloss from one or both of ECDICT/KyleBing; exact current pinyin candidate and packed glossary key; matching POS in the packed key; exam membership and bundled IPA; one mapping per English headword; maximum eight added rows per Chinese key.
congestion	淤血	n.	tem8,toefl,ielts	KyleBing BSD-3-Clause	kyle-only	no	yes	no	yu xue	3	blood stasis [n.]	n. 拥挤, 充血\n[计] 拥挤, 拥塞	tem8	auto-v1: exact complete 2–6 Han-character gloss from one or both of ECDICT/KyleBing; exact current pinyin candidate and packed glossary key; matching POS in the packed key; exam membership and bundled IPA; one mapping per English headword; maximum eight added rows per Chinese key.
evince	表示	v.	tem8,toefl	KyleBing BSD-3-Clause	kyle-only	no	yes	yes	biao shi	80607	express [v.] | show [v.]	vt. 表明(感情等), 表示出(特性等)	tem8	auto-v1: exact complete 2–6 Han-character gloss from one or both of ECDICT/KyleBing; exact current pinyin candidate and packed glossary key; matching POS in the packed key; exam membership and bundled IPA; one mapping per English headword; maximum eight added rows per Chinese key.
forefront	中心	n.	tem8,toefl	KyleBing BSD-3-Clause	kyle-only	no	yes	no	zhong xin	55936	center [n.]	n. 最前部, 最前线	toefl	auto-v1: exact complete 2–6 Han-character gloss from one or both of ECDICT/KyleBing; exact current pinyin candidate and packed glossary key; matching POS in the packed key; exam membership and bundled IPA; one mapping per English headword; maximum eight added rows per Chinese key.
distaste	不喜欢	v.	tem4,tem8	KyleBing BSD-3-Clause	kyle-only	no	yes	no	bu xi huan	46090	dislike [v.]	n. 讨厌, 嫌恶	tem4,tem8	auto-v1: exact complete 2–6 Han-character gloss from one or both of ECDICT/KyleBing; exact current pinyin candidate and packed glossary key; matching POS in the packed key; exam membership and bundled IPA; one mapping per English headword; maximum eight added rows per Chinese key.
challenging	要求	v.	tem8,ielts	KyleBing BSD-3-Clause	kyle-only	no	yes	no	yao qiu	43949	require [v.] | demand [v.]	a. 挑战的, 引起争论的	tem8	auto-v1: exact complete 2–6 Han-character gloss from one or both of ECDICT/KyleBing; exact current pinyin candidate and packed glossary key; matching POS in the packed key; exam membership and bundled IPA; one mapping per English headword; maximum eight added rows per Chinese key.
befit	适合	v.	tem8,toefl	KyleBing BSD-3-Clause	kyle-only	no	yes	yes	shi he	34694	suit [v.]	vt. 适合于, 适宜于	toefl	auto-v1: exact complete 2–6 Han-character gloss from one or both of ECDICT/KyleBing; exact current pinyin candidate and packed glossary key; matching POS in the packed key; exam membership and bundled IPA; one mapping per English headword; maximum eight added rows per Chinese key.
outgrow	出生	v.	tem8,toefl	KyleBing BSD-3-Clause	kyle-only	no	yes	no	chu sheng	27260	be born [v.]	vt. 过大而不适于, 长得比...高(或大、快), 成长得不再具有...	tem8	auto-v1: exact complete 2–6 Han-character gloss from one or both of ECDICT/KyleBing; exact current pinyin candidate and packed glossary key; matching POS in the packed key; exam membership and bundled IPA; one mapping per English headword; maximum eight added rows per Chinese key.
churchyard	境内	n.	tem4,tem8	KyleBing BSD-3-Clause	kyle-only	no	yes	no	jing nei	25807	territory [n.]	n. 教堂墓地, 教堂庭院	tem4,tem8	auto-v1: exact complete 2–6 Han-character gloss from one or both of ECDICT/KyleBing; exact current pinyin candidate and packed glossary key; matching POS in the packed key; exam membership and bundled IPA; one mapping per English headword; maximum eight added rows per Chinese key.
entourage	环境	n.	tem8,toefl	KyleBing BSD-3-Clause	kyle-only	no	yes	no	huan jing	25698	environment [n.]	n. 全体随行人员, 陪同人员	tem8	auto-v1: exact complete 2–6 Han-character gloss from one or both of ECDICT/KyleBing; exact current pinyin candidate and packed glossary key; matching POS in the packed key; exam membership and bundled IPA; one mapping per English headword; maximum eight added rows per Chinese key.
disposed	处理	v.	tem8,toefl	KyleBing BSD-3-Clause	kyle-only	no	yes	no	chu li	22901	handle [v.] | deal with [v.]	a. 愿意, 倾向于	tem8	auto-v1: exact complete 2–6 Han-character gloss from one or both of ECDICT/KyleBing; exact current pinyin candidate and packed glossary key; matching POS in the packed key; exam membership and bundled IPA; one mapping per English headword; maximum eight added rows per Chinese key.
advisory	报告	n.	tem8,toefl	KyleBing BSD-3-Clause	kyle-only	no	yes	no	bao gao	21745	report [n.]	a. 顾问的, 咨询的, 劝告的\n[法] 劝告的, 忠告的, 咨询的	tem8	auto-v1: exact complete 2–6 Han-character gloss from one or both of ECDICT/KyleBing; exact current pinyin candidate and packed glossary key; matching POS in the packed key; exam membership and bundled IPA; one mapping per English headword; maximum eight added rows per Chinese key.
manifestation	表现	n.	tem8,toefl	KyleBing BSD-3-Clause	kyle-only	no	yes	yes	biao xian	20300	performance [n.] | expression [n.]	n. 显示, 证明, 示威运动\n[医] 表现, 表示	tem8,toefl	auto-v1: exact complete 2–6 Han-character gloss from one or both of ECDICT/KyleBing; exact current pinyin candidate and packed glossary key; matching POS in the packed key; exam membership and bundled IPA; one mapping per English headword; maximum eight added rows per Chinese key.
designation	名称	n.	tem8,toefl	KyleBing BSD-3-Clause	kyle-only	no	yes	no	ming cheng	18591	name [n.]	n. 指示, 指定, 命名\n[电] 指定	tem8,toefl	auto-v1: exact complete 2–6 Han-character gloss from one or both of ECDICT/KyleBing; exact current pinyin candidate and packed glossary key; matching POS in the packed key; exam membership and bundled IPA; one mapping per English headword; maximum eight added rows per Chinese key.
fictitious	假的	adj.	tem8,toefl	KyleBing BSD-3-Clause	kyle-only	no	yes	yes	jia de	18063	fake [adj.]	a. 假想的, 编造的, 虚伪的\n[法] 假定的, 假设的, 虚构的	toefl	auto-v1: exact complete 2–6 Han-character gloss from one or both of ECDICT/KyleBing; exact current pinyin candidate and packed glossary key; matching POS in the packed key; exam membership and bundled IPA; one mapping per English headword; maximum eight added rows per Chinese key.
gratify	满足	v.	tem8,toefl	KyleBing BSD-3-Clause	kyle-only	no	yes	yes	man zu	14180	satisfy [v.]	vt. 使满足	toefl	auto-v1: exact complete 2–6 Han-character gloss from one or both of ECDICT/KyleBing; exact current pinyin candidate and packed glossary key; matching POS in the packed key; exam membership and bundled IPA; one mapping per English headword; maximum eight added rows per Chinese key.
grounding	基础	n.	tem8,toefl	KyleBing BSD-3-Clause	kyle-only	no	yes	yes	ji chu	14153	foundation [n.]	n. 基础教学, 基础训练\n[经] 搁浅	tem8	auto-v1: exact complete 2–6 Han-character gloss from one or both of ECDICT/KyleBing; exact current pinyin candidate and packed glossary key; matching POS in the packed key; exam membership and bundled IPA; one mapping per English headword; maximum eight added rows per Chinese key.
nuance	意见	n.	tem8,ielts	KyleBing BSD-3-Clause	kyle-only	no	yes	no	yi jian	12141	opinion [n.] | view [n.]	n. 细微差别	ielts	auto-v1: exact complete 2–6 Han-character gloss from one or both of ECDICT/KyleBing; exact current pinyin candidate and packed glossary key; matching POS in the packed key; exam membership and bundled IPA; one mapping per English headword; maximum eight added rows per Chinese key.
allay	减少	v.	tem8,toefl	KyleBing BSD-3-Clause	kyle-only	no	yes	no	jian shao	10492	reduce [v.] | decrease [v.]	vt. 使平静, 使缓和	toefl	auto-v1: exact complete 2–6 Han-character gloss from one or both of ECDICT/KyleBing; exact current pinyin candidate and packed glossary key; matching POS in the packed key; exam membership and bundled IPA; one mapping per English headword; maximum eight added rows per Chinese key.
bravery	勇气	n.	tem8,toefl	KyleBing BSD-3-Clause	kyle-only	no	yes	yes	yong qi	10232	courage [n.]	n. 勇敢	tem8	auto-v1: exact complete 2–6 Han-character gloss from one or both of ECDICT/KyleBing; exact current pinyin candidate and packed glossary key; matching POS in the packed key; exam membership and bundled IPA; one mapping per English headword; maximum eight added rows per Chinese key.
disconcert	破坏	v.	tem8,toefl	KyleBing BSD-3-Clause	kyle-only	no	yes	no	po huai	10026	destroy [v.] | damage [v.]	vt. 使困惑, 使仓皇失措, 打乱(计划等)	tem8	auto-v1: exact complete 2–6 Han-character gloss from one or both of ECDICT/KyleBing; exact current pinyin candidate and packed glossary key; matching POS in the packed key; exam membership and bundled IPA; one mapping per English headword; maximum eight added rows per Chinese key.
chiefly	首先	adv.	tem8,toefl	KyleBing BSD-3-Clause	kyle-only	no	yes	no	shou xian	9142	first [adv.]	adv. 主要地	tem8	auto-v1: exact complete 2–6 Han-character gloss from one or both of ECDICT/KyleBing; exact current pinyin candidate and packed glossary key; matching POS in the packed key; exam membership and bundled IPA; one mapping per English headword; maximum eight added rows per Chinese key.
apparently	似乎	adv.	tem8,ielts	KyleBing BSD-3-Clause	kyle-only	no	yes	no	si hu	8396	seem [adv.]	adv. 表面上, 清楚地, 显然地	ielts,tem8	auto-v1: exact complete 2–6 Han-character gloss from one or both of ECDICT/KyleBing; exact current pinyin candidate and packed glossary key; matching POS in the packed key; exam membership and bundled IPA; one mapping per English headword; maximum eight added rows per Chinese key.
holding	召开	v.	tem8,toefl	KyleBing BSD-3-Clause	kyle-only	no	yes	no	zhao kai	8229	convene [v.] | hold [v.]	n. 把持, 支持, 保持\n[法] 租借地, 占有物, 拥有的财产	tem8	auto-v1: exact complete 2–6 Han-character gloss from one or both of ECDICT/KyleBing; exact current pinyin candidate and packed glossary key; matching POS in the packed key; exam membership and bundled IPA; one mapping per English headword; maximum eight added rows per Chinese key.
clout	权利	n.	tem4,tem8	KyleBing BSD-3-Clause	kyle-only	no	yes	no	quan li	7658	right [n.]	n. 敲击, 破布\nvt. 打补钉	tem8	auto-v1: exact complete 2–6 Han-character gloss from one or both of ECDICT/KyleBing; exact current pinyin candidate and packed glossary key; matching POS in the packed key; exam membership and bundled IPA; one mapping per English headword; maximum eight added rows per Chinese key.
bandwagon	时尚	n.	tem4,tem8	KyleBing BSD-3-Clause	kyle-only	no	yes	no	shi shang	6972	fashion [n.]	n. 乐队彩车, 流行	tem4,tem8	auto-v1: exact complete 2–6 Han-character gloss from one or both of ECDICT/KyleBing; exact current pinyin candidate and packed glossary key; matching POS in the packed key; exam membership and bundled IPA; one mapping per English headword; maximum eight added rows per Chinese key.
preschool	幼儿园	n.	tem8,toefl	KyleBing BSD-3-Clause	kyle-only	no	yes	no	you er yuan	6289	kindergarten [n.]	a. 就学前的\nn. 育幼院, 幼稚园	tem8	auto-v1: exact complete 2–6 Han-character gloss from one or both of ECDICT/KyleBing; exact current pinyin candidate and packed glossary key; matching POS in the packed key; exam membership and bundled IPA; one mapping per English headword; maximum eight added rows per Chinese key.
irish	爱尔兰	n.	tem8,toefl	KyleBing BSD-3-Clause	kyle-only	no	yes	no	ai er lan	6252	ireland [n.]	n. 爱尔兰人, 爱尔兰语\na. 爱尔兰的	tem8	auto-v1: exact complete 2–6 Han-character gloss from one or both of ECDICT/KyleBing; exact current pinyin candidate and packed glossary key; matching POS in the packed key; exam membership and bundled IPA; one mapping per English headword; maximum eight added rows per Chinese key.
pretension	借口	n.	toefl,ielts	KyleBing BSD-3-Clause	kyle-only	no	yes	no	jie kou	5895	excuse [n.]	n. 自负, 骄傲, 主张	toefl	auto-v1: exact complete 2–6 Han-character gloss from one or both of ECDICT/KyleBing; exact current pinyin candidate and packed glossary key; matching POS in the packed key; exam membership and bundled IPA; one mapping per English headword; maximum eight added rows per Chinese key.
defence	防御	n.	tem8,ielts	KyleBing BSD-3-Clause	kyle-only	no	yes	yes	fang yu	5538	defense [n.]	n. 防卫, 防卫设备\n[经] (诉讼程序中的)辩护	ielts,tem8	auto-v1: exact complete 2–6 Han-character gloss from one or both of ECDICT/KyleBing; exact current pinyin candidate and packed glossary key; matching POS in the packed key; exam membership and bundled IPA; one mapping per English headword; maximum eight added rows per Chinese key.
conceivable	可能的	adj.	tem8,toefl	KyleBing BSD-3-Clause	kyle-only	no	yes	no	ke neng de	5386	possible [adj.]	a. 想得到的, 可想象的, 可理解的	tem8,toefl	auto-v1: exact complete 2–6 Han-character gloss from one or both of ECDICT/KyleBing; exact current pinyin candidate and packed glossary key; matching POS in the packed key; exam membership and bundled IPA; one mapping per English headword; maximum eight added rows per Chinese key.
contingent	可能的	adj.	tem8,toefl	KyleBing BSD-3-Clause	kyle-only	no	yes	yes	ke neng de	5386	possible [adj.]	a. 或许发生的, 附随的, 偶然发生的\nn. 偶然事件, 分遣队	tem8	auto-v1: exact complete 2–6 Han-character gloss from one or both of ECDICT/KyleBing; exact current pinyin candidate and packed glossary key; matching POS in the packed key; exam membership and bundled IPA; one mapping per English headword; maximum eight added rows per Chinese key.
generalise	推广	v.	tem8,ielts	KyleBing BSD-3-Clause	kyle-only	no	yes	yes	tui guang	4860	promote [v.] | popularize [v.]	vt.vi. (使)一般化, 从...引出一般性结论, 泛论, 概括出, 归纳出, 使广义化	ielts	auto-v1: exact complete 2–6 Han-character gloss from one or both of ECDICT/KyleBing; exact current pinyin candidate and packed glossary key; matching POS in the packed key; exam membership and bundled IPA; one mapping per English headword; maximum eight added rows per Chinese key.
stash	隐藏	v.	toefl,ielts	KyleBing BSD-3-Clause	kyle-only	no	yes	no	yin cang	4434	hide [v.] | conceal [v.]	vt. 藏起来\nn. 隐藏处, 隐藏物	toefl	auto-v1: exact complete 2–6 Han-character gloss from one or both of ECDICT/KyleBing; exact current pinyin candidate and packed glossary key; matching POS in the packed key; exam membership and bundled IPA; one mapping per English headword; maximum eight added rows per Chinese key.
hallmark	特点	n.	tem8,toefl	KyleBing BSD-3-Clause	kyle-only	no	yes	no	te dian	3927	feature [n.] | characteristic [n.]	n. 纯度检验证明, 品质证明\nvt. 加盖纯度检验证明	tem8,toefl	auto-v1: exact complete 2–6 Han-character gloss from one or both of ECDICT/KyleBing; exact current pinyin candidate and packed glossary key; matching POS in the packed key; exam membership and bundled IPA; one mapping per English headword; maximum eight added rows per Chinese key.
enjoyment	乐趣	n.	tem8,toefl	KyleBing BSD-3-Clause	kyle-only	no	yes	no	le qu	3467	joy [n.] | fun [n.]	n. 享乐, 快乐, 享受\n[经] 使用权	tem8	auto-v1: exact complete 2–6 Han-character gloss from one or both of ECDICT/KyleBing; exact current pinyin candidate and packed glossary key; matching POS in the packed key; exam membership and bundled IPA; one mapping per English headword; maximum eight added rows per Chinese key.
insulting	侮辱	v.	tem8,toefl	KyleBing BSD-3-Clause	kyle-only	no	yes	no	wu ru	3362	insult [v.]	a. 侮辱的, 损害人体的	tem8	auto-v1: exact complete 2–6 Han-character gloss from one or both of ECDICT/KyleBing; exact current pinyin candidate and packed glossary key; matching POS in the packed key; exam membership and bundled IPA; one mapping per English headword; maximum eight added rows per Chinese key.
downside	缺点	n.	tem4,toefl	KyleBing BSD-3-Clause	kyle-only	no	yes	no	que dian	3146	shortcoming [n.] | defect [n.]	n. 底侧；下降趋势	toefl	auto-v1: exact complete 2–6 Han-character gloss from one or both of ECDICT/KyleBing; exact current pinyin candidate and packed glossary key; matching POS in the packed key; exam membership and bundled IPA; one mapping per English headword; maximum eight added rows per Chinese key.
swivel	旋转	v.	tem8,ielts	KyleBing BSD-3-Clause	kyle-only	no	yes	no	xuan zhuan	3114	rotate [v.] | spin [v.]	n. 转环, 旋转轴承, 转椅座架\nv. (使)旋转	ielts	auto-v1: exact complete 2–6 Han-character gloss from one or both of ECDICT/KyleBing; exact current pinyin candidate and packed glossary key; matching POS in the packed key; exam membership and bundled IPA; one mapping per English headword; maximum eight added rows per Chinese key.
bleat	抱怨	v.	tem4,tem8	KyleBing BSD-3-Clause	kyle-only	no	yes	no	bao yuan	3069	complain [v.]	n. 羊的叫声\nvi. 咩咩叫\nvt. 以颤抖的声音说	tem4,tem8	auto-v1: exact complete 2–6 Han-character gloss from one or both of ECDICT/KyleBing; exact current pinyin candidate and packed glossary key; matching POS in the packed key; exam membership and bundled IPA; one mapping per English headword; maximum eight added rows per Chinese key.
astound	震惊	v.	toefl,ielts	KyleBing BSD-3-Clause	kyle-only	no	yes	no	zhen jing	2902	shock [v.]	vt. 使惊骇, 使大惊	ielts	auto-v1: exact complete 2–6 Han-character gloss from one or both of ECDICT/KyleBing; exact current pinyin candidate and packed glossary key; matching POS in the packed key; exam membership and bundled IPA; one mapping per English headword; maximum eight added rows per Chinese key.
distend	膨胀	v.	toefl,ielts	KyleBing BSD-3-Clause	kyle-only	no	yes	no	peng zhang	2626	expand [v.] | inflate [v.]	v. (使)膨胀, (使)扩张	ielts	auto-v1: exact complete 2–6 Han-character gloss from one or both of ECDICT/KyleBing; exact current pinyin candidate and packed glossary key; matching POS in the packed key; exam membership and bundled IPA; one mapping per English headword; maximum eight added rows per Chinese key.
distillation	精华	n.	tem8,toefl	KyleBing BSD-3-Clause	kyle-only	no	yes	no	jing hua	2574	essence [n.]	n. 蒸馏\n[化] 蒸馏; 蒸馏法	tem8	auto-v1: exact complete 2–6 Han-character gloss from one or both of ECDICT/KyleBing; exact current pinyin candidate and packed glossary key; matching POS in the packed key; exam membership and bundled IPA; one mapping per English headword; maximum eight added rows per Chinese key.
cadet	次子	n.	tem4,tem8	KyleBing BSD-3-Clause	kyle-only	no	yes	no	ci zi	1866	second son [n.]	n. 军官学校学生\n[法] 军校学生	tem4,tem8	auto-v1: exact complete 2–6 Han-character gloss from one or both of ECDICT/KyleBing; exact current pinyin candidate and packed glossary key; matching POS in the packed key; exam membership and bundled IPA; one mapping per English headword; maximum eight added rows per Chinese key.
handicapped	残疾人	n.	tem8,ielts	KyleBing BSD-3-Clause	kyle-only	no	yes	no	can ji ren	1855	disabled person [n.]	a. 残疾的\n[法] 有生理缺陷的, 残废的	tem8	auto-v1: exact complete 2–6 Han-character gloss from one or both of ECDICT/KyleBing; exact current pinyin candidate and packed glossary key; matching POS in the packed key; exam membership and bundled IPA; one mapping per English headword; maximum eight added rows per Chinese key.
incredibly	极其	adv.	tem4,tem8	KyleBing BSD-3-Clause	kyle-only	no	yes	no	ji qi	1828	extremely [adv.]	adv. 不能相信地	tem4	auto-v1: exact complete 2–6 Han-character gloss from one or both of ECDICT/KyleBing; exact current pinyin candidate and packed glossary key; matching POS in the packed key; exam membership and bundled IPA; one mapping per English headword; maximum eight added rows per Chinese key.
intimacy	隐私	n.	tem8,toefl	KyleBing BSD-3-Clause	kyle-only	no	yes	no	yin si	1734	privacy [n.]	n. 亲密, 熟悉, 亲昵行为(言语)\n[法] 亲近的行为, 亲密, 隐私	tem8,toefl	auto-v1: exact complete 2–6 Han-character gloss from one or both of ECDICT/KyleBing; exact current pinyin candidate and packed glossary key; matching POS in the packed key; exam membership and bundled IPA; one mapping per English headword; maximum eight added rows per Chinese key.
binge	放纵	v.	tem8,toefl	KyleBing BSD-3-Clause	kyle-only	no	yes	no	fang zong	1710	indulge [v.]	n. 狂闹, 狂欢	tem8	auto-v1: exact complete 2–6 Han-character gloss from one or both of ECDICT/KyleBing; exact current pinyin candidate and packed glossary key; matching POS in the packed key; exam membership and bundled IPA; one mapping per English headword; maximum eight added rows per Chinese key.
frenetic	疯子	n.	tem8,toefl	KyleBing BSD-3-Clause	kyle-only	no	yes	no	feng zi	1696	madman [n.]	a. 发狂的, 狂热的\nn. 发狂者	tem8	auto-v1: exact complete 2–6 Han-character gloss from one or both of ECDICT/KyleBing; exact current pinyin candidate and packed glossary key; matching POS in the packed key; exam membership and bundled IPA; one mapping per English headword; maximum eight added rows per Chinese key.
deafen	淹没	v.	tem4,tem8	KyleBing BSD-3-Clause	kyle-only	no	yes	no	yan mo	1628	submerge [v.]	vt. 使聋\nvi. 变聋	tem4,tem8	auto-v1: exact complete 2–6 Han-character gloss from one or both of ECDICT/KyleBing; exact current pinyin candidate and packed glossary key; matching POS in the packed key; exam membership and bundled IPA; one mapping per English headword; maximum eight added rows per Chinese key.
smoking	吸烟	v.	tem8,ielts	KyleBing BSD-3-Clause	kyle-only	no	yes	no	xi yan	1612	smoke [v.]	n. 抽烟, 冒烟\n[医] 烟熏; 吸烟	tem8	auto-v1: exact complete 2–6 Han-character gloss from one or both of ECDICT/KyleBing; exact current pinyin candidate and packed glossary key; matching POS in the packed key; exam membership and bundled IPA; one mapping per English headword; maximum eight added rows per Chinese key.
opulence	财富	n.	toefl,ielts	KyleBing BSD-3-Clause	kyle-only	no	yes	no	cai fu	1428	wealth [n.]	n. 富裕, 丰富, 大量	ielts	auto-v1: exact complete 2–6 Han-character gloss from one or both of ECDICT/KyleBing; exact current pinyin candidate and packed glossary key; matching POS in the packed key; exam membership and bundled IPA; one mapping per English headword; maximum eight added rows per Chinese key.
regency	摄政	n.	tem4,tem8	KyleBing BSD-3-Clause	kyle-only	no	yes	no	she zheng	1185	regent [n.]	n. 摄政统治, 摄政权, 摄政统治区\n[法] 摄政, 摄政权, 统治	tem4,tem8	auto-v1: exact complete 2–6 Han-character gloss from one or both of ECDICT/KyleBing; exact current pinyin candidate and packed glossary key; matching POS in the packed key; exam membership and bundled IPA; one mapping per English headword; maximum eight added rows per Chinese key.
fishing	渔业	n.	tem8,ielts	KyleBing BSD-3-Clause	kyle-only	no	yes	no	yu ye	1172	fishery [n.]	n. 钓鱼, 鱼业\na. 钓鱼的	tem8	auto-v1: exact complete 2–6 Han-character gloss from one or both of ECDICT/KyleBing; exact current pinyin candidate and packed glossary key; matching POS in the packed key; exam membership and bundled IPA; one mapping per English headword; maximum eight added rows per Chinese key.
shopper	顾客	n.	tem8,toefl	KyleBing BSD-3-Clause	kyle-only	no	yes	no	gu ke	1099	customer [n.]	n. 购物者\n[经] 顾客, 购物的人	tem8	auto-v1: exact complete 2–6 Han-character gloss from one or both of ECDICT/KyleBing; exact current pinyin candidate and packed glossary key; matching POS in the packed key; exam membership and bundled IPA; one mapping per English headword; maximum eight added rows per Chinese key.
inflow	流入	v.	tem8,toefl	KyleBing BSD-3-Clause	kyle-only	no	yes	no	liu ru	1046	flow into [v.]	n. 流入, 流入物	tem8	auto-v1: exact complete 2–6 Han-character gloss from one or both of ECDICT/KyleBing; exact current pinyin candidate and packed glossary key; matching POS in the packed key; exam membership and bundled IPA; one mapping per English headword; maximum eight added rows per Chinese key.
predispose	偏爱	v.	toefl,ielts	KyleBing BSD-3-Clause	kyle-only	no	yes	no	pian ai	997	favor [v.] | prefer [v.]	vt. 预先处置, 使预先有倾向	ielts	auto-v1: exact complete 2–6 Han-character gloss from one or both of ECDICT/KyleBing; exact current pinyin candidate and packed glossary key; matching POS in the packed key; exam membership and bundled IPA; one mapping per English headword; maximum eight added rows per Chinese key.
fairground	游乐场	n.	tem8,toefl	KyleBing BSD-3-Clause	kyle-only	no	yes	no	you le chang	996	amusement park [n.]	n. 举行赛会的场所, 露天市场	tem8,toefl	auto-v1: exact complete 2–6 Han-character gloss from one or both of ECDICT/KyleBing; exact current pinyin candidate and packed glossary key; matching POS in the packed key; exam membership and bundled IPA; one mapping per English headword; maximum eight added rows per Chinese key.
lute	琵琶	n.	tem4,tem8	KyleBing BSD-3-Clause	kyle-only	no	yes	no	pi pa	933	pipa [n.]	n. 鲁特诗琴, 封泥\nvt. 用封泥封, 弹诗琴表达\nvi. 弹诗琴	tem4,tem8	auto-v1: exact complete 2–6 Han-character gloss from one or both of ECDICT/KyleBing; exact current pinyin candidate and packed glossary key; matching POS in the packed key; exam membership and bundled IPA; one mapping per English headword; maximum eight added rows per Chinese key.
amble	漫步	v.	tem8,toefl	KyleBing BSD-3-Clause	kyle-only	no	yes	no	man bu	894	stroll [v.]	n. 马的缓行步态, 缓行漫步\nvi. 马缓行, 从容漫步	toefl	auto-v1: exact complete 2–6 Han-character gloss from one or both of ECDICT/KyleBing; exact current pinyin candidate and packed glossary key; matching POS in the packed key; exam membership and bundled IPA; one mapping per English headword; maximum eight added rows per Chinese key.
figurehead	傀儡	n.	tem8,toefl	KyleBing BSD-3-Clause	kyle-only	no	yes	no	kui lei	824	puppet [n.]	n. 装饰船头的人像, 傀儡领袖	tem8	auto-v1: exact complete 2–6 Han-character gloss from one or both of ECDICT/KyleBing; exact current pinyin candidate and packed glossary key; matching POS in the packed key; exam membership and bundled IPA; one mapping per English headword; maximum eight added rows per Chinese key.
fray	磨损	v.	tem8,toefl	KyleBing BSD-3-Clause	kyle-only	no	yes	no	mo sun	804	wear [v.]	n. 磨损, 打架, 争论\nvt. 使磨损\nvi. 被磨损	toefl	auto-v1: exact complete 2–6 Han-character gloss from one or both of ECDICT/KyleBing; exact current pinyin candidate and packed glossary key; matching POS in the packed key; exam membership and bundled IPA; one mapping per English headword; maximum eight added rows per Chinese key.
dignify	美化	v.	tem8,toefl	KyleBing BSD-3-Clause	kyle-only	no	yes	no	mei hua	800	beautify [v.] | glorify [v.]	vt. 增威严, 使高贵, 故作显贵	toefl	auto-v1: exact complete 2–6 Han-character gloss from one or both of ECDICT/KyleBing; exact current pinyin candidate and packed glossary key; matching POS in the packed key; exam membership and bundled IPA; one mapping per English headword; maximum eight added rows per Chinese key.
dissipated	消散	v.	tem8,toefl	KyleBing BSD-3-Clause	kyle-only	no	yes	no	xiao san	731	disperse [v.] | dissipate [v.]	a. 沉迷于酒色的, 闲游浪荡的, 消失的	tem8	auto-v1: exact complete 2–6 Han-character gloss from one or both of ECDICT/KyleBing; exact current pinyin candidate and packed glossary key; matching POS in the packed key; exam membership and bundled IPA; one mapping per English headword; maximum eight added rows per Chinese key.
prowess	专长	n.	tem8,ielts	KyleBing BSD-3-Clause	kyle-only	no	yes	no	zhuan chang	721	specialty [n.]	n. 英勇, 勇敢, 超凡技术	ielts	auto-v1: exact complete 2–6 Han-character gloss from one or both of ECDICT/KyleBing; exact current pinyin candidate and packed glossary key; matching POS in the packed key; exam membership and bundled IPA; one mapping per English headword; maximum eight added rows per Chinese key.
boulevard	大马路	n.	tem8,toefl	KyleBing BSD-3-Clause	kyle-only	no	yes	no	da ma lu	718	main road [n.]	n. 林荫大道	tem8	auto-v1: exact complete 2–6 Han-character gloss from one or both of ECDICT/KyleBing; exact current pinyin candidate and packed glossary key; matching POS in the packed key; exam membership and bundled IPA; one mapping per English headword; maximum eight added rows per Chinese key.
practicality	实例	n.	tem8,toefl	KyleBing BSD-3-Clause	kyle-only	no	yes	no	shi li	648	example [n.] | instance [n.]	n. 实际性, 实用性, 实际事物	tem8	auto-v1: exact complete 2–6 Han-character gloss from one or both of ECDICT/KyleBing; exact current pinyin candidate and packed glossary key; matching POS in the packed key; exam membership and bundled IPA; one mapping per English headword; maximum eight added rows per Chinese key.
irritating	激怒	v.	tem8,toefl	KyleBing BSD-3-Clause	kyle-only	no	yes	no	ji nu	622	enrage [v.]	a. 刺激的, 使愤怒的, 气人的	tem8	auto-v1: exact complete 2–6 Han-character gloss from one or both of ECDICT/KyleBing; exact current pinyin candidate and packed glossary key; matching POS in the packed key; exam membership and bundled IPA; one mapping per English headword; maximum eight added rows per Chinese key.
assortment	混合物	n.	tem8,toefl	KyleBing BSD-3-Clause	kyle-only	no	yes	yes	hun he wu	588	mixture [n.]	n. 分类, 各种各样\n[医] [遗传]配列	tem8,toefl	auto-v1: exact complete 2–6 Han-character gloss from one or both of ECDICT/KyleBing; exact current pinyin candidate and packed glossary key; matching POS in the packed key; exam membership and bundled IPA; one mapping per English headword; maximum eight added rows per Chinese key.
effluent	污水	n.	tem8,toefl	KyleBing BSD-3-Clause	kyle-only	no	yes	yes	wu shui	573	sewage [n.] | wastewater [n.]	a. 流出的, 射出的\nn. 流出物, 由河湖等流出之水流	tem8,toefl	auto-v1: exact complete 2–6 Han-character gloss from one or both of ECDICT/KyleBing; exact current pinyin candidate and packed glossary key; matching POS in the packed key; exam membership and bundled IPA; one mapping per English headword; maximum eight added rows per Chinese key.
bisect	平分	v.	tem8,toefl	KyleBing BSD-3-Clause	kyle-only	no	yes	no	ping fen	547	divide equally [v.]	v. 分成两部份, 对分	tem8	auto-v1: exact complete 2–6 Han-character gloss from one or both of ECDICT/KyleBing; exact current pinyin candidate and packed glossary key; matching POS in the packed key; exam membership and bundled IPA; one mapping per English headword; maximum eight added rows per Chinese key.
trivialize	淡化	v.	toefl,ielts	KyleBing BSD-3-Clause	kyle-only	no	yes	no	dan hua	537	weaken [v.]	vt. 使平凡, 使琐碎	ielts	auto-v1: exact complete 2–6 Han-character gloss from one or both of ECDICT/KyleBing; exact current pinyin candidate and packed glossary key; matching POS in the packed key; exam membership and bundled IPA; one mapping per English headword; maximum eight added rows per Chinese key.
stampede	狂奔	v.	tem8,toefl	KyleBing BSD-3-Clause	kyle-only	no	yes	no	kuang ben	534	run wildly [v.]	v. (使)惊跑, (使)蜂拥\nn. 惊跑, 蜂拥	toefl	auto-v1: exact complete 2–6 Han-character gloss from one or both of ECDICT/KyleBing; exact current pinyin candidate and packed glossary key; matching POS in the packed key; exam membership and bundled IPA; one mapping per English headword; maximum eight added rows per Chinese key.
trinket	密谋	v.	tem8,ielts	KyleBing BSD-3-Clause	kyle-only	no	yes	no	mi mou	495	conspire [v.]	n. 小件饰物, 无价值的琐碎东西, 小玩意儿	tem8	auto-v1: exact complete 2–6 Han-character gloss from one or both of ECDICT/KyleBing; exact current pinyin candidate and packed glossary key; matching POS in the packed key; exam membership and bundled IPA; one mapping per English headword; maximum eight added rows per Chinese key.
statistic	统计学	n.	toefl,ielts	KyleBing BSD-3-Clause	kyle-only	no	yes	no	tong ji xue	489	statistics [n.]	n. 统计量\na. 统计的, 统计学的	ielts	auto-v1: exact complete 2–6 Han-character gloss from one or both of ECDICT/KyleBing; exact current pinyin candidate and packed glossary key; matching POS in the packed key; exam membership and bundled IPA; one mapping per English headword; maximum eight added rows per Chinese key.
truism	真实性	n.	tem4,tem8	KyleBing BSD-3-Clause	kyle-only	no	yes	no	zhen shi xing	441	authenticity [n.]	n. 自明之理, 众所周知, 老生常谈\n[法] 老生常谈, 陈词滥调	tem4,tem8	auto-v1: exact complete 2–6 Han-character gloss from one or both of ECDICT/KyleBing; exact current pinyin candidate and packed glossary key; matching POS in the packed key; exam membership and bundled IPA; one mapping per English headword; maximum eight added rows per Chinese key.
bliss	极乐	n.	tem8,toefl	KyleBing BSD-3-Clause	kyle-only	no	yes	no	ji le	419	paradise [n.]	n. 福佑, 天赐的福\n[计] 实现系统软件的基本语言	tem8	auto-v1: exact complete 2–6 Han-character gloss from one or both of ECDICT/KyleBing; exact current pinyin candidate and packed glossary key; matching POS in the packed key; exam membership and bundled IPA; one mapping per English headword; maximum eight added rows per Chinese key.
disruption	动乱	n.	toefl,ielts	KyleBing BSD-3-Clause	kyle-only	no	yes	no	dong luan	414	turmoil [n.]	n. 分裂, 崩溃, 瓦解	ielts	auto-v1: exact complete 2–6 Han-character gloss from one or both of ECDICT/KyleBing; exact current pinyin candidate and packed glossary key; matching POS in the packed key; exam membership and bundled IPA; one mapping per English headword; maximum eight added rows per Chinese key.
patio	露台	n.	tem8,ielts	KyleBing BSD-3-Clause	kyle-only	no	yes	yes	lu tai	405	terrace [n.] | balcony [n.]	n. 屋子与花园之间的一片供晴天休息用的石砌空地	tem8	auto-v1: exact complete 2–6 Han-character gloss from one or both of ECDICT/KyleBing; exact current pinyin candidate and packed glossary key; matching POS in the packed key; exam membership and bundled IPA; one mapping per English headword; maximum eight added rows per Chinese key.
frosting	冻坏	v.	tem4,tem8	KyleBing BSD-3-Clause	kyle-only	no	yes	no	dong huai	385	frostbite [v.]	n. 霜状白糖, 无光泽面, 装饰玻璃粉\n[化] 起霜(塑料制品表面缺陷); 毛面蚀刻	tem4,tem8	auto-v1: exact complete 2–6 Han-character gloss from one or both of ECDICT/KyleBing; exact current pinyin candidate and packed glossary key; matching POS in the packed key; exam membership and bundled IPA; one mapping per English headword; maximum eight added rows per Chinese key.
schoolboy	学童	n.	tem4,tem8	KyleBing BSD-3-Clause	kyle-only	no	yes	no	xue tong	385	schoolchild [n.]	n. 男学生	tem4,tem8	auto-v1: exact complete 2–6 Han-character gloss from one or both of ECDICT/KyleBing; exact current pinyin candidate and packed glossary key; matching POS in the packed key; exam membership and bundled IPA; one mapping per English headword; maximum eight added rows per Chinese key.
foist	混入	v.	tem8,toefl	KyleBing BSD-3-Clause	kyle-only	no	yes	no	hun ru	378	mix in [v.]	vt. 硬卖给, 偷偷插入, 使混入	tem8	auto-v1: exact complete 2–6 Han-character gloss from one or both of ECDICT/KyleBing; exact current pinyin candidate and packed glossary key; matching POS in the packed key; exam membership and bundled IPA; one mapping per English headword; maximum eight added rows per Chinese key.
wand	魔杖	n.	tem8,toefl	KyleBing BSD-3-Clause	kyle-only	no	yes	no	mo zhang	375	magic wand [n.]	n. 棒, 棍, 杖	tem8,toefl	auto-v1: exact complete 2–6 Han-character gloss from one or both of ECDICT/KyleBing; exact current pinyin candidate and packed glossary key; matching POS in the packed key; exam membership and bundled IPA; one mapping per English headword; maximum eight added rows per Chinese key.
remorse	悔恨	n.	tem8,ielts	KyleBing BSD-3-Clause	kyle-only	no	yes	no	hui hen	341	regret [n.]	n. 懊悔, 良心不安, 自责, 同情\n[法] 悔恨, 自责, 懊悔	ielts	auto-v1: exact complete 2–6 Han-character gloss from one or both of ECDICT/KyleBing; exact current pinyin candidate and packed glossary key; matching POS in the packed key; exam membership and bundled IPA; one mapping per English headword; maximum eight added rows per Chinese key.
imperil	危及	v.	tem8,ielts	KyleBing BSD-3-Clause	kyle-only	no	yes	yes	wei ji	295	endanger [v.]	vt. 使处于危险, 危害	ielts,tem8	auto-v1: exact complete 2–6 Han-character gloss from one or both of ECDICT/KyleBing; exact current pinyin candidate and packed glossary key; matching POS in the packed key; exam membership and bundled IPA; one mapping per English headword; maximum eight added rows per Chinese key.
melodrama	闹剧	n.	tem8,toefl	KyleBing BSD-3-Clause	kyle-only	no	yes	no	nao ju	291	farce [n.]	n. 音乐剧, 传奇剧, 戏剧似的事件	tem8	auto-v1: exact complete 2–6 Han-character gloss from one or both of ECDICT/KyleBing; exact current pinyin candidate and packed glossary key; matching POS in the packed key; exam membership and bundled IPA; one mapping per English headword; maximum eight added rows per Chinese key.
flagstaff	旗杆	n.	tem4,tem8	KyleBing BSD-3-Clause	kyle-only	no	yes	yes	qi gan	276	flagpole [n.]	n. 旗竿	tem4,tem8	auto-v1: exact complete 2–6 Han-character gloss from one or both of ECDICT/KyleBing; exact current pinyin candidate and packed glossary key; matching POS in the packed key; exam membership and bundled IPA; one mapping per English headword; maximum eight added rows per Chinese key.
thatch	杂草	n.	tem8,toefl	KyleBing BSD-3-Clause	kyle-only	no	yes	no	za cao	253	weed [n.]	n. 盖屋顶的茅草, 用草盖的屋顶, 浓密头发\nvt. 用茅草覆盖	tem8	auto-v1: exact complete 2–6 Han-character gloss from one or both of ECDICT/KyleBing; exact current pinyin candidate and packed glossary key; matching POS in the packed key; exam membership and bundled IPA; one mapping per English headword; maximum eight added rows per Chinese key.
depletion	损耗	n.	toefl,ielts	KyleBing BSD-3-Clause	kyle-only	no	yes	no	sun hao	251	loss [n.] | wastage [n.]	n. 消耗, 耗尽, 放血\n[医] 排除, 缺失(液体), 衰竭[状态](由于缺液)	toefl	auto-v1: exact complete 2–6 Han-character gloss from one or both of ECDICT/KyleBing; exact current pinyin candidate and packed glossary key; matching POS in the packed key; exam membership and bundled IPA; one mapping per English headword; maximum eight added rows per Chinese key.
mahogany	红木	n.	tem4,tem8	KyleBing BSD-3-Clause	kyle-only	no	yes	no	hong mu	205	rosewood [n.]	n. 桃花心木, 红褐色\n[机] 桃花心木	tem4,tem8	auto-v1: exact complete 2–6 Han-character gloss from one or both of ECDICT/KyleBing; exact current pinyin candidate and packed glossary key; matching POS in the packed key; exam membership and bundled IPA; one mapping per English headword; maximum eight added rows per Chinese key.
hopper	漏斗	n.	tem8,toefl	KyleBing BSD-3-Clause	kyle-only	no	yes	no	lou dou	170	funnel [n.]	n. 跳跃的东西, 单足跳者, 跳虫\n[化] 漏斗; 贮斗; 料斗; 集尘箱; 集尘斗	tem8	auto-v1: exact complete 2–6 Han-character gloss from one or both of ECDICT/KyleBing; exact current pinyin candidate and packed glossary key; matching POS in the packed key; exam membership and bundled IPA; one mapping per English headword; maximum eight added rows per Chinese key.
intercom	对讲机	n.	tem4,tem8	KyleBing BSD-3-Clause	kyle-only	no	yes	no	dui jiang ji	153	walkie-talkie [n.]	n. 内部通信联络系统, 内部通话系统\n[计] 内部通信	tem4,tem8	auto-v1: exact complete 2–6 Han-character gloss from one or both of ECDICT/KyleBing; exact current pinyin candidate and packed glossary key; matching POS in the packed key; exam membership and bundled IPA; one mapping per English headword; maximum eight added rows per Chinese key.
impending	迫近	v.	tem8,toefl	KyleBing BSD-3-Clause	kyle-only	no	yes	no	po jin	150	approach [v.]	a. 即将发生的, 迫切的, 悬空的\n[法] 就要来的, 逼在眼前的, 紧急的	tem8	auto-v1: exact complete 2–6 Han-character gloss from one or both of ECDICT/KyleBing; exact current pinyin candidate and packed glossary key; matching POS in the packed key; exam membership and bundled IPA; one mapping per English headword; maximum eight added rows per Chinese key.
deface	丑化	v.	tem8,toefl	KyleBing BSD-3-Clause	kyle-only	no	yes	no	chou hua	148	defame [v.]	vt. 损伤外观\n[法] 毁伤外貌, 破坏外观, 涂污	tem8	auto-v1: exact complete 2–6 Han-character gloss from one or both of ECDICT/KyleBing; exact current pinyin candidate and packed glossary key; matching POS in the packed key; exam membership and bundled IPA; one mapping per English headword; maximum eight added rows per Chinese key.
slouch	耷拉	v.	tem8,ielts	KyleBing BSD-3-Clause	kyle-only	no	yes	no	da la	128	droop [v.]	n. 没精打采的样子, 耷拉, 笨人\nvi. 没精打采地走, 耷拉着\nvt. 使低垂	tem8	auto-v1: exact complete 2–6 Han-character gloss from one or both of ECDICT/KyleBing; exact current pinyin candidate and packed glossary key; matching POS in the packed key; exam membership and bundled IPA; one mapping per English headword; maximum eight added rows per Chinese key.
preoccupation	成见	n.	tem8,toefl	KyleBing BSD-3-Clause	kyle-only	no	yes	no	cheng jian	115	prejudice [n.]	n. 抢先占据, 先人之见, 入神\n[医] 成见, 注意散漫, 心不在焉	tem8	auto-v1: exact complete 2–6 Han-character gloss from one or both of ECDICT/KyleBing; exact current pinyin candidate and packed glossary key; matching POS in the packed key; exam membership and bundled IPA; one mapping per English headword; maximum eight added rows per Chinese key.
bossy	母牛	n.	tem4,tem8	KyleBing BSD-3-Clause	kyle-only	no	yes	no	mu niu	97	cow [n.]	a. 专横的, 浮雕装饰的	tem4,tem8	auto-v1: exact complete 2–6 Han-character gloss from one or both of ECDICT/KyleBing; exact current pinyin candidate and packed glossary key; matching POS in the packed key; exam membership and bundled IPA; one mapping per English headword; maximum eight added rows per Chinese key.
incidental	杂项	n.	tem8,toefl	KyleBing BSD-3-Clause	kyle-only	no	yes	no	za xiang	83	miscellaneous [n.]	a. 附带的, 偶然的, 容易发生的\nn. 附带事件	tem8	auto-v1: exact complete 2–6 Han-character gloss from one or both of ECDICT/KyleBing; exact current pinyin candidate and packed glossary key; matching POS in the packed key; exam membership and bundled IPA; one mapping per English headword; maximum eight added rows per Chinese key.
refinery	冶炼厂	n.	tem8,toefl	KyleBing BSD-3-Clause	kyle-only	no	yes	no	ye lian chang	74	smelter [n.]	n. 精炼厂\n[化] 精炼厂炼糖厂	tem8	auto-v1: exact complete 2–6 Han-character gloss from one or both of ECDICT/KyleBing; exact current pinyin candidate and packed glossary key; matching POS in the packed key; exam membership and bundled IPA; one mapping per English headword; maximum eight added rows per Chinese key.
objectify	具体化	v.	toefl,ielts	KyleBing BSD-3-Clause	kyle-only	no	yes	no	ju ti hua	70	embody [v.]	vt. 使客观化	toefl	auto-v1: exact complete 2–6 Han-character gloss from one or both of ECDICT/KyleBing; exact current pinyin candidate and packed glossary key; matching POS in the packed key; exam membership and bundled IPA; one mapping per English headword; maximum eight added rows per Chinese key.
ratchet	松脱	v.	tem8,toefl	KyleBing BSD-3-Clause	kyle-only	no	yes	no	song tuo	58	come loose [v.]	n. 棘轮, 棘爪\n[机] 棘轮, 棘齿轮	tem8	auto-v1: exact complete 2–6 Han-character gloss from one or both of ECDICT/KyleBing; exact current pinyin candidate and packed glossary key; matching POS in the packed key; exam membership and bundled IPA; one mapping per English headword; maximum eight added rows per Chinese key.
regurgitate	反刍	v.	toefl,ielts	KyleBing BSD-3-Clause	kyle-only	no	yes	no	fan chu	57	ruminate [v.]	v. (使)回涌, (使)回流, (使)反胃	ielts,toefl	auto-v1: exact complete 2–6 Han-character gloss from one or both of ECDICT/KyleBing; exact current pinyin candidate and packed glossary key; matching POS in the packed key; exam membership and bundled IPA; one mapping per English headword; maximum eight added rows per Chinese key.
buggy	童车	n.	tem8,toefl	KyleBing BSD-3-Clause	kyle-only	no	yes	no	tong che	49	stroller [n.]	a. 多虫的\nn. 双轮单座轻马车, 四轮单座马车	tem8	auto-v1: exact complete 2–6 Han-character gloss from one or both of ECDICT/KyleBing; exact current pinyin candidate and packed glossary key; matching POS in the packed key; exam membership and bundled IPA; one mapping per English headword; maximum eight added rows per Chinese key.
certitude	必然性	n.	tem8,toefl	KyleBing BSD-3-Clause	kyle-only	no	yes	no	bi ran xing	48	necessity [n.]	n. 确实性, 确信	toefl	auto-v1: exact complete 2–6 Han-character gloss from one or both of ECDICT/KyleBing; exact current pinyin candidate and packed glossary key; matching POS in the packed key; exam membership and bundled IPA; one mapping per English headword; maximum eight added rows per Chinese key.
itinerant	行商	n.	tem8,toefl	KyleBing BSD-3-Clause	kyle-only	no	yes	no	xing shang	33	itinerant merchant [n.]	a. 巡回的\nn. 巡回者	tem8	auto-v1: exact complete 2–6 Han-character gloss from one or both of ECDICT/KyleBing; exact current pinyin candidate and packed glossary key; matching POS in the packed key; exam membership and bundled IPA; one mapping per English headword; maximum eight added rows per Chinese key.
washing	洗涤剂	n.	tem8,ielts	KyleBing BSD-3-Clause	kyle-only	no	yes	no	xi di ji	29	detergent [n.]	n. 洗涤, 浸, 洗涤物\n[机] 涂浆, 洗涤	tem8	auto-v1: exact complete 2–6 Han-character gloss from one or both of ECDICT/KyleBing; exact current pinyin candidate and packed glossary key; matching POS in the packed key; exam membership and bundled IPA; one mapping per English headword; maximum eight added rows per Chinese key.
continuum	统一体	n.	tem8,toefl	KyleBing BSD-3-Clause	kyle-only	no	yes	no	tong yi ti	13	unity [n.] | entity [n.]	n. 连续统一体, 连续统, 闭联集\n[化] 连续区; 连续谱; 连续介质	toefl	auto-v1: exact complete 2–6 Han-character gloss from one or both of ECDICT/KyleBing; exact current pinyin candidate and packed glossary key; matching POS in the packed key; exam membership and bundled IPA; one mapping per English headword; maximum eight added rows per Chinese key.
acreage	面积	n.	toefl	KyleBing BSD-3-Clause	kyle-only	no	yes	no	mian ji	153211	area [n.]	n. 英亩数, 土地面积\n[经] 英亩数, 土地面积, 矿区租赁面积	toefl	auto-v1: exact complete 2–6 Han-character gloss from one or both of ECDICT/KyleBing; exact current pinyin candidate and packed glossary key; matching POS in the packed key; exam membership and bundled IPA; one mapping per English headword; maximum eight added rows per Chinese key.
farthing	一点	n.	tem8	KyleBing BSD-3-Clause	kyle-only	no	yes	no	yi dian	104976	a little [n.]	n. 法寻(1/4便士), 不值钱的东西	tem8	auto-v1: exact complete 2–6 Han-character gloss from one or both of ECDICT/KyleBing; exact current pinyin candidate and packed glossary key; matching POS in the packed key; exam membership and bundled IPA; one mapping per English headword; maximum eight added rows per Chinese key.
corp	公司	n.	toefl	KyleBing BSD-3-Clause	kyle-only	no	yes	no	gong si	96719	company [n.]	[经] 公司	toefl	auto-v1: exact complete 2–6 Han-character gloss from one or both of ECDICT/KyleBing; exact current pinyin candidate and packed glossary key; matching POS in the packed key; exam membership and bundled IPA; one mapping per English headword; maximum eight added rows per Chinese key.
sacking	获得	v.	tem8	KyleBing BSD-3-Clause	kyle-only	no	yes	no	huo de	78691	obtain [v.] | get [v.]	n. 袋布, 麻袋布	tem8	auto-v1: exact complete 2–6 Han-character gloss from one or both of ECDICT/KyleBing; exact current pinyin candidate and packed glossary key; matching POS in the packed key; exam membership and bundled IPA; one mapping per English headword; maximum eight added rows per Chinese key.
wanna	想要	v.	toefl	KyleBing BSD-3-Clause	kyle-only	no	yes	no	xiang yao	47945	want [v.] | desire [v.]	vt. 要(做), 想(做), 想要(某物)	toefl	auto-v1: exact complete 2–6 Han-character gloss from one or both of ECDICT/KyleBing; exact current pinyin candidate and packed glossary key; matching POS in the packed key; exam membership and bundled IPA; one mapping per English headword; maximum eight added rows per Chinese key.
womanhood	女人	n.	toefl	KyleBing BSD-3-Clause	kyle-only	no	yes	yes	nv ren	35121	woman [n.]	n. 女子成年身分, 女子成年期, 女子成年资格, 女子气质, 女子特性	toefl	auto-v1: exact complete 2–6 Han-character gloss from one or both of ECDICT/KyleBing; exact current pinyin candidate and packed glossary key; matching POS in the packed key; exam membership and bundled IPA; one mapping per English headword; maximum eight added rows per Chinese key.
nymph	女神	n.	tem8	KyleBing BSD-3-Clause	kyle-only	no	yes	no	nv shen	31124	goddess [n.]	n. 居于山林水泽的仙女, 蛹, 美丽的少女\n[医] 稚虫, 若虫, 蝻	tem8	auto-v1: exact complete 2–6 Han-character gloss from one or both of ECDICT/KyleBing; exact current pinyin candidate and packed glossary key; matching POS in the packed key; exam membership and bundled IPA; one mapping per English headword; maximum eight added rows per Chinese key.
liaise	联系	v.	ielts	KyleBing BSD-3-Clause	kyle-only	no	yes	no	lian xi	30275	contact [v.]	vi. 保持联络, 担任联络官	ielts	auto-v1: exact complete 2–6 Han-character gloss from one or both of ECDICT/KyleBing; exact current pinyin candidate and packed glossary key; matching POS in the packed key; exam membership and bundled IPA; one mapping per English headword; maximum eight added rows per Chinese key.
thereto	另外	adv.	tem8	KyleBing BSD-3-Clause	kyle-only	no	yes	no	ling wai	27445	besides [adv.]	adv. 往那边, 到那	tem8	auto-v1: exact complete 2–6 Han-character gloss from one or both of ECDICT/KyleBing; exact current pinyin candidate and packed glossary key; matching POS in the packed key; exam membership and bundled IPA; one mapping per English headword; maximum eight added rows per Chinese key.
landmass	大陆	n.	toefl	KyleBing BSD-3-Clause	kyle-only	no	yes	no	da lu	24676	mainland [n.]	n. 陆块	toefl	auto-v1: exact complete 2–6 Han-character gloss from one or both of ECDICT/KyleBing; exact current pinyin candidate and packed glossary key; matching POS in the packed key; exam membership and bundled IPA; one mapping per English headword; maximum eight added rows per Chinese key.
hotpot	火锅	n.	tem8	KyleBing BSD-3-Clause	kyle-only	no	yes	yes	huo guo	23915	hot pot [n.]	n. 罐焖土豆牛肉, 罐焖土豆羊肉	tem8	auto-v1: exact complete 2–6 Han-character gloss from one or both of ECDICT/KyleBing; exact current pinyin candidate and packed glossary key; matching POS in the packed key; exam membership and bundled IPA; one mapping per English headword; maximum eight added rows per Chinese key.
accrete	增加	v.	toefl	KyleBing BSD-3-Clause	kyle-only	no	yes	no	zeng jia	22397	increase [v.]	vi. 连生, 合生, 附依\nvt. 使依附, 使连接\na. 合生的	toefl	auto-v1: exact complete 2–6 Han-character gloss from one or both of ECDICT/KyleBing; exact current pinyin candidate and packed glossary key; matching POS in the packed key; exam membership and bundled IPA; one mapping per English headword; maximum eight added rows per Chinese key.
modus	方法	n.	toefl	KyleBing BSD-3-Clause	kyle-only	no	yes	no	fang fa	21743	method [n.] | way [n.]	[计] 假言的\n[医] 方式, 方法	toefl	auto-v1: exact complete 2–6 Han-character gloss from one or both of ECDICT/KyleBing; exact current pinyin candidate and packed glossary key; matching POS in the packed key; exam membership and bundled IPA; one mapping per English headword; maximum eight added rows per Chinese key.
helping	帮助	v.	tem8	KyleBing BSD-3-Clause	kyle-only	no	yes	no	bang zhu	17515	help [v.] | assist [v.]	n. 帮助, 协助, 一份	tem8	auto-v1: exact complete 2–6 Han-character gloss from one or both of ECDICT/KyleBing; exact current pinyin candidate and packed glossary key; matching POS in the packed key; exam membership and bundled IPA; one mapping per English headword; maximum eight added rows per Chinese key.
storyteller	作家	n.	toefl	KyleBing BSD-3-Clause	kyle-only	no	yes	no	zuo jia	16325	writer [n.]	n. 说故事的人, 故事作者	toefl	auto-v1: exact complete 2–6 Han-character gloss from one or both of ECDICT/KyleBing; exact current pinyin candidate and packed glossary key; matching POS in the packed key; exam membership and bundled IPA; one mapping per English headword; maximum eight added rows per Chinese key.
leverage	利用	v.	tem8	KyleBing BSD-3-Clause	kyle-only	no	yes	no	li yong	15996	use [v.] | utilize [v.]	n. 杠杆作用, 杠杆装置, 杠杆效率\n[医] 杠杆率	tem8	auto-v1: exact complete 2–6 Han-character gloss from one or both of ECDICT/KyleBing; exact current pinyin candidate and packed glossary key; matching POS in the packed key; exam membership and bundled IPA; one mapping per English headword; maximum eight added rows per Chinese key.
carman	司机	n.	toefl	KyleBing BSD-3-Clause	kyle-only	no	yes	no	si ji	14613	driver [n.]	n. 运货马车的车夫, 电车司机	toefl	auto-v1: exact complete 2–6 Han-character gloss from one or both of ECDICT/KyleBing; exact current pinyin candidate and packed glossary key; matching POS in the packed key; exam membership and bundled IPA; one mapping per English headword; maximum eight added rows per Chinese key.
awfully	十分	adv.	tem8	KyleBing BSD-3-Clause	kyle-only	no	yes	no	shi fen	14312	very [adv.] | fully [adv.]	adv. 恶劣地, 非常地, 极端地	tem8	auto-v1: exact complete 2–6 Han-character gloss from one or both of ECDICT/KyleBing; exact current pinyin candidate and packed glossary key; matching POS in the packed key; exam membership and bundled IPA; one mapping per English headword; maximum eight added rows per Chinese key.
thrice	十分	adv.	tem8	KyleBing BSD-3-Clause	kyle-only	no	yes	no	shi fen	14312	very [adv.] | fully [adv.]	adv. 以三倍, 三次, 十分地	tem8	auto-v1: exact complete 2–6 Han-character gloss from one or both of ECDICT/KyleBing; exact current pinyin candidate and packed glossary key; matching POS in the packed key; exam membership and bundled IPA; one mapping per English headword; maximum eight added rows per Chinese key.
basics	基础	n.	tem8	KyleBing BSD-3-Clause	kyle-only	no	yes	no	ji chu	14153	foundation [n.]	n. 最简单但最重要的部分, 基本, 基础训练	tem8	auto-v1: exact complete 2–6 Han-character gloss from one or both of ECDICT/KyleBing; exact current pinyin candidate and packed glossary key; matching POS in the packed key; exam membership and bundled IPA; one mapping per English headword; maximum eight added rows per Chinese key.
netherland	荷兰	n.	toefl	KyleBing BSD-3-Clause	kyle-only	no	yes	no	he lan	11784	netherlands [n.]	n. 荷兰（正式名称为尼德兰王国The Kingdom of the Netherlands）	toefl	auto-v1: exact complete 2–6 Han-character gloss from one or both of ECDICT/KyleBing; exact current pinyin candidate and packed glossary key; matching POS in the packed key; exam membership and bundled IPA; one mapping per English headword; maximum eight added rows per Chinese key.
halting	停止	v.	tem8	KyleBing BSD-3-Clause	kyle-only	no	yes	no	ting zhi	10620	stop [v.]	a. 跛的, 蹒跚的, 犹豫的	tem8	auto-v1: exact complete 2–6 Han-character gloss from one or both of ECDICT/KyleBing; exact current pinyin candidate and packed glossary key; matching POS in the packed key; exam membership and bundled IPA; one mapping per English headword; maximum eight added rows per Chinese key.
earning	收入	n.	toefl	KyleBing BSD-3-Clause	kyle-only	no	yes	no	shou ru	9301	income [n.]	n. 收入（earn的现在分词）	toefl	auto-v1: exact complete 2–6 Han-character gloss from one or both of ECDICT/KyleBing; exact current pinyin candidate and packed glossary key; matching POS in the packed key; exam membership and bundled IPA; one mapping per English headword; maximum eight added rows per Chinese key.
proboscis	鼻子	n.	toefl	KyleBing BSD-3-Clause	kyle-only	no	yes	no	bi zi	9072	nose [n.]	n. 长鼻子, 喙\n[医] 喙, 吻	toefl	auto-v1: exact complete 2–6 Han-character gloss from one or both of ECDICT/KyleBing; exact current pinyin candidate and packed glossary key; matching POS in the packed key; exam membership and bundled IPA; one mapping per English headword; maximum eight added rows per Chinese key.
desirability	愿望	n.	toefl	KyleBing BSD-3-Clause	kyle-only	no	yes	no	yuan wang	8777	wish [n.]	n. 值得想望, 可取\n[经] 合意性, 可用性	toefl	auto-v1: exact complete 2–6 Han-character gloss from one or both of ECDICT/KyleBing; exact current pinyin candidate and packed glossary key; matching POS in the packed key; exam membership and bundled IPA; one mapping per English headword; maximum eight added rows per Chinese key.
narrower	海峡	n.	toefl	KyleBing BSD-3-Clause	kyle-only	no	yes	no	hai xia	8492	strait [n.]	a. 比较狭窄的（narrow的比较级）	toefl	auto-v1: exact complete 2–6 Han-character gloss from one or both of ECDICT/KyleBing; exact current pinyin candidate and packed glossary key; matching POS in the packed key; exam membership and bundled IPA; one mapping per English headword; maximum eight added rows per Chinese key.
contender	对手	n.	toefl	KyleBing BSD-3-Clause	kyle-only	no	yes	yes	dui shou	8318	opponent [n.] | rival [n.]	n. 参赛者, 争论者, 斗争者, 竞争者	toefl	auto-v1: exact complete 2–6 Han-character gloss from one or both of ECDICT/KyleBing; exact current pinyin candidate and packed glossary key; matching POS in the packed key; exam membership and bundled IPA; one mapping per English headword; maximum eight added rows per Chinese key.
bridal	婚礼	n.	tem8	KyleBing BSD-3-Clause	kyle-only	no	yes	no	hun li	8035	wedding [n.]	a. 新娘的, 婚礼的	tem8	auto-v1: exact complete 2–6 Han-character gloss from one or both of ECDICT/KyleBing; exact current pinyin candidate and packed glossary key; matching POS in the packed key; exam membership and bundled IPA; one mapping per English headword; maximum eight added rows per Chinese key.
assertion	声明	n.	tem8	KyleBing BSD-3-Clause	kyle-only	no	yes	yes	sheng ming	7573	statement [n.]	n. 断言, 主张\n[法] 宣称, 断言, 维护	tem8	auto-v1: exact complete 2–6 Han-character gloss from one or both of ECDICT/KyleBing; exact current pinyin candidate and packed glossary key; matching POS in the packed key; exam membership and bundled IPA; one mapping per English headword; maximum eight added rows per Chinese key.
attractiveness	魅力	n.	toefl	KyleBing BSD-3-Clause	kyle-only	no	yes	no	mei li	7429	charm [n.] | appeal [n.]	[经] 吸引性, 有利可图	toefl	auto-v1: exact complete 2–6 Han-character gloss from one or both of ECDICT/KyleBing; exact current pinyin candidate and packed glossary key; matching POS in the packed key; exam membership and bundled IPA; one mapping per English headword; maximum eight added rows per Chinese key.
combatant	战士	n.	tem8	KyleBing BSD-3-Clause	kyle-only	no	yes	no	zhan shi	7398	soldier [n.] | warrior [n.]	n. 争斗者, 格斗者\n[法] 战斗者, 参战者	tem8	auto-v1: exact complete 2–6 Han-character gloss from one or both of ECDICT/KyleBing; exact current pinyin candidate and packed glossary key; matching POS in the packed key; exam membership and bundled IPA; one mapping per English headword; maximum eight added rows per Chinese key.
marginally	稍微	adv.	ielts	KyleBing BSD-3-Clause	kyle-only	no	yes	no	shao wei	7212	slightly [adv.]	adv. 记在页边, 有旁注, 边缘, 边沿地区, 边际, 限界, 勉强够格, 无关紧要, 少量	ielts	auto-v1: exact complete 2–6 Han-character gloss from one or both of ECDICT/KyleBing; exact current pinyin candidate and packed glossary key; matching POS in the packed key; exam membership and bundled IPA; one mapping per English headword; maximum eight added rows per Chinese key.
underscore	强调	v.	toefl	KyleBing BSD-3-Clause	kyle-only	no	yes	yes	qiang diao	6934	emphasize [v.]	vt. 划线于...下\nn. (表强调的)下划线\n[计] 底线	toefl	auto-v1: exact complete 2–6 Han-character gloss from one or both of ECDICT/KyleBing; exact current pinyin candidate and packed glossary key; matching POS in the packed key; exam membership and bundled IPA; one mapping per English headword; maximum eight added rows per Chinese key.
namesake	名义	n.	tem8	KyleBing BSD-3-Clause	kyle-only	no	yes	no	ming yi	6757	name [n.] | in the name of [n.]	n. 同名人, 同名物	tem8	auto-v1: exact complete 2–6 Han-character gloss from one or both of ECDICT/KyleBing; exact current pinyin candidate and packed glossary key; matching POS in the packed key; exam membership and bundled IPA; one mapping per English headword; maximum eight added rows per Chinese key.
slacks	放松	v.	tem8	KyleBing BSD-3-Clause	kyle-only	no	yes	no	fang song	6385	relax [v.]	n. 宽松的裤子, 便裤	tem8	auto-v1: exact complete 2–6 Han-character gloss from one or both of ECDICT/KyleBing; exact current pinyin candidate and packed glossary key; matching POS in the packed key; exam membership and bundled IPA; one mapping per English headword; maximum eight added rows per Chinese key.
headset	耳机	n.	tem8	KyleBing BSD-3-Clause	kyle-only	no	yes	no	er ji	6014	earphone [n.] | headphone [n.]	n. (一副)耳机\n[电] 头载机组	tem8	auto-v1: exact complete 2–6 Han-character gloss from one or both of ECDICT/KyleBing; exact current pinyin candidate and packed glossary key; matching POS in the packed key; exam membership and bundled IPA; one mapping per English headword; maximum eight added rows per Chinese key.
founding	资金	n.	toefl	KyleBing BSD-3-Clause	kyle-only	no	yes	no	zi jin	5982	funds [n.] | capital [n.]	[计] 铸造	toefl	auto-v1: exact complete 2–6 Han-character gloss from one or both of ECDICT/KyleBing; exact current pinyin candidate and packed glossary key; matching POS in the packed key; exam membership and bundled IPA; one mapping per English headword; maximum eight added rows per Chinese key.
funding	资金	n.	toefl	KyleBing BSD-3-Clause	kyle-only	no	yes	no	zi jin	5982	funds [n.] | capital [n.]	[经] 债务转期	toefl	auto-v1: exact complete 2–6 Han-character gloss from one or both of ECDICT/KyleBing; exact current pinyin candidate and packed glossary key; matching POS in the packed key; exam membership and bundled IPA; one mapping per English headword; maximum eight added rows per Chinese key.
codify	整理	v.	toefl	KyleBing BSD-3-Clause	kyle-only	no	yes	no	zheng li	5778	organize [v.] | tidy up [v.]	vt. 编成法典\n[法] 使成文法化, 编成法典, 编纂	toefl	auto-v1: exact complete 2–6 Han-character gloss from one or both of ECDICT/KyleBing; exact current pinyin candidate and packed glossary key; matching POS in the packed key; exam membership and bundled IPA; one mapping per English headword; maximum eight added rows per Chinese key.
fulfilment	成就	n.	tem8	KyleBing BSD-3-Clause	kyle-only	no	yes	no	cheng jiu	5659	achievement [n.]	n. 履行, 结束, 完成, 实现, 满意, 称心\n[法] 履行, 实现, 完成	tem8	auto-v1: exact complete 2–6 Han-character gloss from one or both of ECDICT/KyleBing; exact current pinyin candidate and packed glossary key; matching POS in the packed key; exam membership and bundled IPA; one mapping per English headword; maximum eight added rows per Chinese key.
grading	等级	n.	toefl	KyleBing BSD-3-Clause	kyle-only	no	yes	no	deng ji	5181	grade [n.] | level [n.]	[经] 分级, 归类	toefl	auto-v1: exact complete 2–6 Han-character gloss from one or both of ECDICT/KyleBing; exact current pinyin candidate and packed glossary key; matching POS in the packed key; exam membership and bundled IPA; one mapping per English headword; maximum eight added rows per Chinese key.
attune	协调	v.	tem8	KyleBing BSD-3-Clause	kyle-only	no	yes	no	xie tiao	5062	coordinate [v.]	vt. 为乐器调音, 使协调, 使合拍	tem8	auto-v1: exact complete 2–6 Han-character gloss from one or both of ECDICT/KyleBing; exact current pinyin candidate and packed glossary key; matching POS in the packed key; exam membership and bundled IPA; one mapping per English headword; maximum eight added rows per Chinese key.
crucify	折磨	v.	tem8	KyleBing BSD-3-Clause	kyle-only	no	yes	yes	zhe mo	4910	torment [v.]	vt. 十字架上钉死	tem8	auto-v1: exact complete 2–6 Han-character gloss from one or both of ECDICT/KyleBing; exact current pinyin candidate and packed glossary key; matching POS in the packed key; exam membership and bundled IPA; one mapping per English headword; maximum eight added rows per Chinese key.
sanctify	认可	v.	tem8	KyleBing BSD-3-Clause	kyle-only	no	yes	no	ren ke	4654	approve [v.] | recognize [v.]	vt. 使神圣, 奉献给神, 使成为神圣之物	tem8	auto-v1: exact complete 2–6 Han-character gloss from one or both of ECDICT/KyleBing; exact current pinyin candidate and packed glossary key; matching POS in the packed key; exam membership and bundled IPA; one mapping per English headword; maximum eight added rows per Chinese key.
superhuman	超人	n.	tem8	KyleBing BSD-3-Clause	kyle-only	no	yes	no	chao ren	4593	superman [n.]	a. 超人的, 人类能力所不能及的	tem8	auto-v1: exact complete 2–6 Han-character gloss from one or both of ECDICT/KyleBing; exact current pinyin candidate and packed glossary key; matching POS in the packed key; exam membership and bundled IPA; one mapping per English headword; maximum eight added rows per Chinese key.
nudge	推进	v.	tem8	KyleBing BSD-3-Clause	kyle-only	no	yes	no	tui jin	4582	advance [v.] | promote [v.]	n. 用肘轻推, 推动, 讨厌家伙	tem8	auto-v1: exact complete 2–6 Han-character gloss from one or both of ECDICT/KyleBing; exact current pinyin candidate and packed glossary key; matching POS in the packed key; exam membership and bundled IPA; one mapping per English headword; maximum eight added rows per Chinese key.
presidency	任期	n.	toefl	KyleBing BSD-3-Clause	kyle-only	no	yes	no	ren qi	4543	term [n.]	n. 总统职权, 总裁职位	toefl	auto-v1: exact complete 2–6 Han-character gloss from one or both of ECDICT/KyleBing; exact current pinyin candidate and packed glossary key; matching POS in the packed key; exam membership and bundled IPA; one mapping per English headword; maximum eight added rows per Chinese key.
synch	同步	v.	tem8	KyleBing BSD-3-Clause	kyle-only	no	yes	no	tong bu	4482	synchronize [v.]	[计] 同步信号	tem8	auto-v1: exact complete 2–6 Han-character gloss from one or both of ECDICT/KyleBing; exact current pinyin candidate and packed glossary key; matching POS in the packed key; exam membership and bundled IPA; one mapping per English headword; maximum eight added rows per Chinese key.
insured	确保	v.	tem8	KyleBing BSD-3-Clause	kyle-only	no	yes	no	que bao	4371	ensure [v.] | guarantee [v.]	n. 被保险人	tem8	auto-v1: exact complete 2–6 Han-character gloss from one or both of ECDICT/KyleBing; exact current pinyin candidate and packed glossary key; matching POS in the packed key; exam membership and bundled IPA; one mapping per English headword; maximum eight added rows per Chinese key.
dynamism	动态	n.	tem8	KyleBing BSD-3-Clause	kyle-only	no	yes	no	dong tai	4219	trend [n.] | dynamics [n.]	n. 物力论, 力本说\n[医] 动力说, 动力病原论	tem8	auto-v1: exact complete 2–6 Han-character gloss from one or both of ECDICT/KyleBing; exact current pinyin candidate and packed glossary key; matching POS in the packed key; exam membership and bundled IPA; one mapping per English headword; maximum eight added rows per Chinese key.
railhead	终点	n.	toefl	KyleBing BSD-3-Clause	kyle-only	no	yes	no	zhong dian	4148	finish line [n.]	n. 铁路末站, 铁路线的终点, 铁路线的起点	toefl	auto-v1: exact complete 2–6 Han-character gloss from one or both of ECDICT/KyleBing; exact current pinyin candidate and packed glossary key; matching POS in the packed key; exam membership and bundled IPA; one mapping per English headword; maximum eight added rows per Chinese key.
socialise	来往	v.	ielts	KyleBing BSD-3-Clause	kyle-only	no	yes	no	lai wang	3995	come and go [v.]	vt. 使社会化, 使社会主义化, 使适合社会需要\nvi. (美)(非正式)参加社交活动, 发生社交往来	ielts	auto-v1: exact complete 2–6 Han-character gloss from one or both of ECDICT/KyleBing; exact current pinyin candidate and packed glossary key; matching POS in the packed key; exam membership and bundled IPA; one mapping per English headword; maximum eight added rows per Chinese key.
uppermost	最重要的	adj.	toefl	KyleBing BSD-3-Clause	kyle-only	no	yes	no	zui zhong yao de	3936	most important [adj.]	a. 最高的, 最上面的\nadv. 在最上面, 在最高处	toefl	auto-v1: exact complete 2–6 Han-character gloss from one or both of ECDICT/KyleBing; exact current pinyin candidate and packed glossary key; matching POS in the packed key; exam membership and bundled IPA; one mapping per English headword; maximum eight added rows per Chinese key.
immaculate	完美的	adj.	tem8	KyleBing BSD-3-Clause	kyle-only	no	yes	yes	wan mei de	3476	perfect [adj.]	a. 无污点的, 纯洁的, 无缺点的, 无辜的\n[医] 无斑点, 无瑕疵的, 洁净的	tem8	auto-v1: exact complete 2–6 Han-character gloss from one or both of ECDICT/KyleBing; exact current pinyin candidate and packed glossary key; matching POS in the packed key; exam membership and bundled IPA; one mapping per English headword; maximum eight added rows per Chinese key.
athletics	竞技	n.	tem8	KyleBing BSD-3-Clause	kyle-only	no	yes	no	jing ji	3401	competition [n.]	n. 体育运动	tem8	auto-v1: exact complete 2–6 Han-character gloss from one or both of ECDICT/KyleBing; exact current pinyin candidate and packed glossary key; matching POS in the packed key; exam membership and bundled IPA; one mapping per English headword; maximum eight added rows per Chinese key.
assertive	肯定的	adj.	tem8	KyleBing BSD-3-Clause	kyle-only	no	yes	no	ken ding de	3341	certain [adj.]	a. 武断的, 过分自信的\n[法] 断言的	tem8	auto-v1: exact complete 2–6 Han-character gloss from one or both of ECDICT/KyleBing; exact current pinyin candidate and packed glossary key; matching POS in the packed key; exam membership and bundled IPA; one mapping per English headword; maximum eight added rows per Chinese key.
rationality	理性	n.	toefl	KyleBing BSD-3-Clause	kyle-only	no	yes	yes	li xing	3250	reason [n.]	n. 合理性, 纯理性	toefl	auto-v1: exact complete 2–6 Han-character gloss from one or both of ECDICT/KyleBing; exact current pinyin candidate and packed glossary key; matching POS in the packed key; exam membership and bundled IPA; one mapping per English headword; maximum eight added rows per Chinese key.
excluding	排除	v.	tem8	KyleBing BSD-3-Clause	kyle-only	no	yes	no	pai chu	2842	exclude [v.]	prep. 把...排除在外, 不包括..., 不计...	tem8	auto-v1: exact complete 2–6 Han-character gloss from one or both of ECDICT/KyleBing; exact current pinyin candidate and packed glossary key; matching POS in the packed key; exam membership and bundled IPA; one mapping per English headword; maximum eight added rows per Chinese key.
handcraft	手艺	n.	toefl	KyleBing BSD-3-Clause	kyle-only	no	yes	no	shou yi	2811	craftsmanship [n.]	vt. 用手工造	toefl	auto-v1: exact complete 2–6 Han-character gloss from one or both of ECDICT/KyleBing; exact current pinyin candidate and packed glossary key; matching POS in the packed key; exam membership and bundled IPA; one mapping per English headword; maximum eight added rows per Chinese key.
suspending	延迟	v.	tem4	KyleBing BSD-3-Clause	kyle-only	no	yes	no	yan chi	2726	delay [v.]	n. 停赛, 悬置；悬浮	tem4	auto-v1: exact complete 2–6 Han-character gloss from one or both of ECDICT/KyleBing; exact current pinyin candidate and packed glossary key; matching POS in the packed key; exam membership and bundled IPA; one mapping per English headword; maximum eight added rows per Chinese key.
distinctly	显然	adv.	toefl	KyleBing BSD-3-Clause	kyle-only	no	yes	yes	xian ran	2660	obviously [adv.] | clearly [adv.]	adv. 显然地, 明显地, 清楚地	toefl	auto-v1: exact complete 2–6 Han-character gloss from one or both of ECDICT/KyleBing; exact current pinyin candidate and packed glossary key; matching POS in the packed key; exam membership and bundled IPA; one mapping per English headword; maximum eight added rows per Chinese key.
noticeably	显然	adv.	toefl	KyleBing BSD-3-Clause	kyle-only	no	yes	no	xian ran	2660	obviously [adv.] | clearly [adv.]	adv. 显而易见, 值得注意, 重要, 显著	toefl	auto-v1: exact complete 2–6 Han-character gloss from one or both of ECDICT/KyleBing; exact current pinyin candidate and packed glossary key; matching POS in the packed key; exam membership and bundled IPA; one mapping per English headword; maximum eight added rows per Chinese key.
reenter	重返	v.	toefl	KyleBing BSD-3-Clause	kyle-only	no	yes	no	chong fan	2565	return to [v.]	n. 重进入\n[法] 重新占有, 再进入, 再登记	toefl	auto-v1: exact complete 2–6 Han-character gloss from one or both of ECDICT/KyleBing; exact current pinyin candidate and packed glossary key; matching POS in the packed key; exam membership and bundled IPA; one mapping per English headword; maximum eight added rows per Chinese key.
parson	牧师	n.	tem8	KyleBing BSD-3-Clause	kyle-only	no	yes	yes	mu shi	2414	pastor [n.] | priest [n.]	n. 教区牧师	tem8	auto-v1: exact complete 2–6 Han-character gloss from one or both of ECDICT/KyleBing; exact current pinyin candidate and packed glossary key; matching POS in the packed key; exam membership and bundled IPA; one mapping per English headword; maximum eight added rows per Chinese key.
sledding	进展	n.	toefl	KyleBing BSD-3-Clause	kyle-only	no	yes	no	jin zhan	2256	progress [n.]	n. 乘雪撬	toefl	auto-v1: exact complete 2–6 Han-character gloss from one or both of ECDICT/KyleBing; exact current pinyin candidate and packed glossary key; matching POS in the packed key; exam membership and bundled IPA; one mapping per English headword; maximum eight added rows per Chinese key.
linesman	前锋	n.	tem8	KyleBing BSD-3-Clause	kyle-only	no	yes	no	qian feng	2225	forward [n.] | striker [n.]	n. 常备步兵, 线路保养工, 边线裁判员	tem8	auto-v1: exact complete 2–6 Han-character gloss from one or both of ECDICT/KyleBing; exact current pinyin candidate and packed glossary key; matching POS in the packed key; exam membership and bundled IPA; one mapping per English headword; maximum eight added rows per Chinese key.
espionage	间谍	n.	tem8	KyleBing BSD-3-Clause	kyle-only	no	yes	no	jian die	2126	spy [n.]	n. 间谍活动\n[法] 间谍活动, 刺探, 间谍	tem8	auto-v1: exact complete 2–6 Han-character gloss from one or both of ECDICT/KyleBing; exact current pinyin candidate and packed glossary key; matching POS in the packed key; exam membership and bundled IPA; one mapping per English headword; maximum eight added rows per Chinese key.
clipper	剪刀	n.	toefl	KyleBing BSD-3-Clause	kyle-only	no	yes	no	jian dao	2044	scissors [n.]	n. 大剪刀\n[电] 截割器	toefl	auto-v1: exact complete 2–6 Han-character gloss from one or both of ECDICT/KyleBing; exact current pinyin candidate and packed glossary key; matching POS in the packed key; exam membership and bundled IPA; one mapping per English headword; maximum eight added rows per Chinese key.
crimp	抑制	v.	toefl	KyleBing BSD-3-Clause	kyle-only	no	yes	no	yi zhi	2018	suppress [v.] | inhibit [v.]	n. 诱人当兵的人, 拳曲, 鬈发\nvt. 诱...去当兵, 使拳曲, 使有褶	toefl	auto-v1: exact complete 2–6 Han-character gloss from one or both of ECDICT/KyleBing; exact current pinyin candidate and packed glossary key; matching POS in the packed key; exam membership and bundled IPA; one mapping per English headword; maximum eight added rows per Chinese key.
cowhand	牛仔	n.	toefl	KyleBing BSD-3-Clause	kyle-only	no	yes	yes	niu zai	1988	cowboy [n.]	n. （美）牧牛工	toefl	auto-v1: exact complete 2–6 Han-character gloss from one or both of ECDICT/KyleBing; exact current pinyin candidate and packed glossary key; matching POS in the packed key; exam membership and bundled IPA; one mapping per English headword; maximum eight added rows per Chinese key.
protracted	绘制	v.	tem8	KyleBing BSD-3-Clause	kyle-only	no	yes	no	hui zhi	1984	draw [v.] | map [v.]	a. 拖延的	tem8	auto-v1: exact complete 2–6 Han-character gloss from one or both of ECDICT/KyleBing; exact current pinyin candidate and packed glossary key; matching POS in the packed key; exam membership and bundled IPA; one mapping per English headword; maximum eight added rows per Chinese key.
suntan	棕色	n.	tem8	KyleBing BSD-3-Clause	kyle-only	no	yes	no	zong se	1957	brown [n.]	n. 晒黑, 土黄色军服	tem8	auto-v1: exact complete 2–6 Han-character gloss from one or both of ECDICT/KyleBing; exact current pinyin candidate and packed glossary key; matching POS in the packed key; exam membership and bundled IPA; one mapping per English headword; maximum eight added rows per Chinese key.
enormously	极度	adv.	toefl	KyleBing BSD-3-Clause	kyle-only	no	yes	no	ji du	1869	extremely [adv.]	adv. 非常地, 巨大地	toefl	auto-v1: exact complete 2–6 Han-character gloss from one or both of ECDICT/KyleBing; exact current pinyin candidate and packed glossary key; matching POS in the packed key; exam membership and bundled IPA; one mapping per English headword; maximum eight added rows per Chinese key.
misadventure	灾难	n.	tem8	KyleBing BSD-3-Clause	kyle-only	no	yes	no	zai nan	1834	disaster [n.]	n. 运气不佳的遭遇\n[法] 意外事故, 不辛遭遇, 灾难	tem8	auto-v1: exact complete 2–6 Han-character gloss from one or both of ECDICT/KyleBing; exact current pinyin candidate and packed glossary key; matching POS in the packed key; exam membership and bundled IPA; one mapping per English headword; maximum eight added rows per Chinese key.
diffuses	扩散	v.	toefl	KyleBing BSD-3-Clause	kyle-only	no	yes	no	kuo san	1769	spread [v.]	v. （使光）模糊, 漫射, 漫散( diffuse的第三人称单数 ); （使）扩散; （使）弥漫; （使）传播	toefl	auto-v1: exact complete 2–6 Han-character gloss from one or both of ECDICT/KyleBing; exact current pinyin candidate and packed glossary key; matching POS in the packed key; exam membership and bundled IPA; one mapping per English headword; maximum eight added rows per Chinese key.
respecting	尊敬	v.	tem4	KyleBing BSD-3-Clause	kyle-only	no	yes	no	zun jing	1769	respect [v.]	prep. 关于, 鉴于	tem4	auto-v1: exact complete 2–6 Han-character gloss from one or both of ECDICT/KyleBing; exact current pinyin candidate and packed glossary key; matching POS in the packed key; exam membership and bundled IPA; one mapping per English headword; maximum eight added rows per Chinese key.
hacienda	庄园	n.	toefl	KyleBing BSD-3-Clause	kyle-only	no	yes	no	zhuang yuan	1692	manor [n.] | estate [n.]	n. 大庄园	toefl	auto-v1: exact complete 2–6 Han-character gloss from one or both of ECDICT/KyleBing; exact current pinyin candidate and packed glossary key; matching POS in the packed key; exam membership and bundled IPA; one mapping per English headword; maximum eight added rows per Chinese key.
bastion	堡垒	n.	tem8	KyleBing BSD-3-Clause	kyle-only	no	yes	no	bao lei	1684	fortress [n.]	n. 棱堡, 阵地工事	tem8	auto-v1: exact complete 2–6 Han-character gloss from one or both of ECDICT/KyleBing; exact current pinyin candidate and packed glossary key; matching POS in the packed key; exam membership and bundled IPA; one mapping per English headword; maximum eight added rows per Chinese key.
neutralise	中和	v.	tem8	KyleBing BSD-3-Clause	kyle-only	no	yes	yes	zhong he	1604	neutralize [v.]	vt. 使中立化, 使成为无效\nvt.vi. 抵销, (使)中和	tem8	auto-v1: exact complete 2–6 Han-character gloss from one or both of ECDICT/KyleBing; exact current pinyin candidate and packed glossary key; matching POS in the packed key; exam membership and bundled IPA; one mapping per English headword; maximum eight added rows per Chinese key.
encampment	营地	n.	tem8	KyleBing BSD-3-Clause	kyle-only	no	yes	yes	ying di	1537	camp [n.]	n. 露营, 宿营	tem8	auto-v1: exact complete 2–6 Han-character gloss from one or both of ECDICT/KyleBing; exact current pinyin candidate and packed glossary key; matching POS in the packed key; exam membership and bundled IPA; one mapping per English headword; maximum eight added rows per Chinese key.
debacle	灾害	n.	tem8	KyleBing BSD-3-Clause	kyle-only	no	yes	no	zai hai	1442	disaster [n.] | calamity [n.]	n. 崩溃, 大失败	tem8	auto-v1: exact complete 2–6 Han-character gloss from one or both of ECDICT/KyleBing; exact current pinyin candidate and packed glossary key; matching POS in the packed key; exam membership and bundled IPA; one mapping per English headword; maximum eight added rows per Chinese key.
percolate	过滤	v.	toefl	KyleBing BSD-3-Clause	kyle-only	no	yes	yes	guo lv	1432	filter [v.]	vt.vi. 滤, 滤过, 渗开, (使)渗透, (使)渗滤\nn. 滤过液, 渗出液\nvt. 用渗滤壶煮(咖啡)	toefl	auto-v1: exact complete 2–6 Han-character gloss from one or both of ECDICT/KyleBing; exact current pinyin candidate and packed glossary key; matching POS in the packed key; exam membership and bundled IPA; one mapping per English headword; maximum eight added rows per Chinese key.
finery	服饰	n.	tem8	KyleBing BSD-3-Clause	kyle-only	no	yes	no	fu shi	1423	clothing [n.]	n. (华丽的)装饰, (华丽的)服饰, 鲜艳服装, 幽雅, 精炼炉\n[化] 木炭吹炼炉; 木炭精炼炉	tem8	auto-v1: exact complete 2–6 Han-character gloss from one or both of ECDICT/KyleBing; exact current pinyin candidate and packed glossary key; matching POS in the packed key; exam membership and bundled IPA; one mapping per English headword; maximum eight added rows per Chinese key.
scathing	损伤	v.	tem8	KyleBing BSD-3-Clause	kyle-only	no	yes	no	sun shang	1409	damage [v.]	a. 伤害的, 损伤的, 严厉的	tem8	auto-v1: exact complete 2–6 Han-character gloss from one or both of ECDICT/KyleBing; exact current pinyin candidate and packed glossary key; matching POS in the packed key; exam membership and bundled IPA; one mapping per English headword; maximum eight added rows per Chinese key.
americana	史料	n.	toefl	KyleBing BSD-3-Clause	kyle-only	no	yes	no	shi liao	1408	historical material [n.]	n. 美国文物；美国文献	toefl	auto-v1: exact complete 2–6 Han-character gloss from one or both of ECDICT/KyleBing; exact current pinyin candidate and packed glossary key; matching POS in the packed key; exam membership and bundled IPA; one mapping per English headword; maximum eight added rows per Chinese key.
chalet	小屋	n.	tem8	KyleBing BSD-3-Clause	kyle-only	no	yes	no	xiao wu	1361	hut [n.] | cabin [n.]	n. 瑞士山中的牧人小屋	tem8	auto-v1: exact complete 2–6 Han-character gloss from one or both of ECDICT/KyleBing; exact current pinyin candidate and packed glossary key; matching POS in the packed key; exam membership and bundled IPA; one mapping per English headword; maximum eight added rows per Chinese key.
hovel	小屋	n.	tem8	KyleBing BSD-3-Clause	kyle-only	no	yes	yes	xiao wu	1361	hut [n.] | cabin [n.]	n. 简陋小屋, 杂物间, 家畜小屋	tem8	auto-v1: exact complete 2–6 Han-character gloss from one or both of ECDICT/KyleBing; exact current pinyin candidate and packed glossary key; matching POS in the packed key; exam membership and bundled IPA; one mapping per English headword; maximum eight added rows per Chinese key.
shanty	小屋	n.	ielts	KyleBing BSD-3-Clause	kyle-only	no	yes	yes	xiao wu	1361	hut [n.] | cabin [n.]	n. 棚屋	ielts	auto-v1: exact complete 2–6 Han-character gloss from one or both of ECDICT/KyleBing; exact current pinyin candidate and packed glossary key; matching POS in the packed key; exam membership and bundled IPA; one mapping per English headword; maximum eight added rows per Chinese key.
harrowing	开拓	v.	tem8	KyleBing BSD-3-Clause	kyle-only	no	yes	no	kai tuo	1357	pioneer [v.] | develop [v.]	a. 痛心的, 悲惨的\n[医] 神经纤维松解法	tem8	auto-v1: exact complete 2–6 Han-character gloss from one or both of ECDICT/KyleBing; exact current pinyin candidate and packed glossary key; matching POS in the packed key; exam membership and bundled IPA; one mapping per English headword; maximum eight added rows per Chinese key.
scupper	突袭	v.	tem8	KyleBing BSD-3-Clause	kyle-only	no	yes	no	tu xi	1333	raid [v.]	n. 甲板排水孔, 泄水口	tem8	auto-v1: exact complete 2–6 Han-character gloss from one or both of ECDICT/KyleBing; exact current pinyin candidate and packed glossary key; matching POS in the packed key; exam membership and bundled IPA; one mapping per English headword; maximum eight added rows per Chinese key.
grocer	杂货店	n.	tem8	KyleBing BSD-3-Clause	kyle-only	no	yes	no	za huo dian	1300	grocery store [n.]	n. 食品商	tem8	auto-v1: exact complete 2–6 Han-character gloss from one or both of ECDICT/KyleBing; exact current pinyin candidate and packed glossary key; matching POS in the packed key; exam membership and bundled IPA; one mapping per English headword; maximum eight added rows per Chinese key.
misbehave	作弊	v.	tem8	KyleBing BSD-3-Clause	kyle-only	no	yes	no	zuo bi	1206	cheat [v.]	v. (使)行为无礼貌, (使)行为不端	tem8	auto-v1: exact complete 2–6 Han-character gloss from one or both of ECDICT/KyleBing; exact current pinyin candidate and packed glossary key; matching POS in the packed key; exam membership and bundled IPA; one mapping per English headword; maximum eight added rows per Chinese key.
undulate	震动	v.	tem8	KyleBing BSD-3-Clause	kyle-only	no	yes	no	zhen dong	1123	shake [v.] | vibrate [v.]	a. 波动的, 起伏的\nvi. 波动, 起伏, 呈波浪形\nvt. 使起伏, 使波动	tem8	auto-v1: exact complete 2–6 Han-character gloss from one or both of ECDICT/KyleBing; exact current pinyin candidate and packed glossary key; matching POS in the packed key; exam membership and bundled IPA; one mapping per English headword; maximum eight added rows per Chinese key.
divinity	神学	n.	tem8	KyleBing BSD-3-Clause	kyle-only	no	yes	yes	shen xue	1115	theology [n.]	n. 神, 神性	tem8	auto-v1: exact complete 2–6 Han-character gloss from one or both of ECDICT/KyleBing; exact current pinyin candidate and packed glossary key; matching POS in the packed key; exam membership and bundled IPA; one mapping per English headword; maximum eight added rows per Chinese key.
heath	荒野	n.	tem8	KyleBing BSD-3-Clause	kyle-only	no	yes	no	huang ye	1095	wilderness [n.]	n. 石南荒原, 低矮灌木	tem8	auto-v1: exact complete 2–6 Han-character gloss from one or both of ECDICT/KyleBing; exact current pinyin candidate and packed glossary key; matching POS in the packed key; exam membership and bundled IPA; one mapping per English headword; maximum eight added rows per Chinese key.
firing	开火	v.	toefl	KyleBing BSD-3-Clause	kyle-only	no	yes	no	kai huo	1079	fire [v.] | open fire [v.]	n. 烧毁, 焚烧, 加热, 添煤\n[计] 点火	toefl	auto-v1: exact complete 2–6 Han-character gloss from one or both of ECDICT/KyleBing; exact current pinyin candidate and packed glossary key; matching POS in the packed key; exam membership and bundled IPA; one mapping per English headword; maximum eight added rows per Chinese key.
stabilization	稳定性	n.	toefl	KyleBing BSD-3-Clause	kyle-only	no	yes	no	wen ding xing	1068	stability [n.]	n. 安定, 稳定, 平抑, 安定化, 稳定化\n[医] 稳定, 安定	toefl	auto-v1: exact complete 2–6 Han-character gloss from one or both of ECDICT/KyleBing; exact current pinyin candidate and packed glossary key; matching POS in the packed key; exam membership and bundled IPA; one mapping per English headword; maximum eight added rows per Chinese key.
criteria	准则	n.	toefl	KyleBing BSD-3-Clause	kyle-only	no	yes	no	zhun ze	1048	criterion [n.]	pl. 标准\n[计] 条件	toefl	auto-v1: exact complete 2–6 Han-character gloss from one or both of ECDICT/KyleBing; exact current pinyin candidate and packed glossary key; matching POS in the packed key; exam membership and bundled IPA; one mapping per English headword; maximum eight added rows per Chinese key.
decelerate	减速	v.	tem8	KyleBing BSD-3-Clause	kyle-only	no	yes	yes	jian su	1039	slow down [v.]	v. (使)减速	tem8	auto-v1: exact complete 2–6 Han-character gloss from one or both of ECDICT/KyleBing; exact current pinyin candidate and packed glossary key; matching POS in the packed key; exam membership and bundled IPA; one mapping per English headword; maximum eight added rows per Chinese key.
inquiring	打听	v.	tem8	KyleBing BSD-3-Clause	kyle-only	no	yes	no	da ting	1031	inquire about [v.]	a. 询问的, 打听的, 爱追根究底的	tem8	auto-v1: exact complete 2–6 Han-character gloss from one or both of ECDICT/KyleBing; exact current pinyin candidate and packed glossary key; matching POS in the packed key; exam membership and bundled IPA; one mapping per English headword; maximum eight added rows per Chinese key.
highbrow	知识分子	n.	tem8	KyleBing BSD-3-Clause	kyle-only	no	yes	no	zhi shi fen zi	1030	intellectual [n.]	n. (自以为)文化修养高的人, 卖弄知识的人\na. 自炫博学的, 知识分子的, 不切实际的	tem8	auto-v1: exact complete 2–6 Han-character gloss from one or both of ECDICT/KyleBing; exact current pinyin candidate and packed glossary key; matching POS in the packed key; exam membership and bundled IPA; one mapping per English headword; maximum eight added rows per Chinese key.
kinfolk	亲属	n.	toefl	KyleBing BSD-3-Clause	kyle-only	no	yes	no	qin shu	1011	relative [n.] | kin [n.]	[法] 家属, 亲属, 亲戚	toefl	auto-v1: exact complete 2–6 Han-character gloss from one or both of ECDICT/KyleBing; exact current pinyin candidate and packed glossary key; matching POS in the packed key; exam membership and bundled IPA; one mapping per English headword; maximum eight added rows per Chinese key.
overwork	滥用	v.	ielts	KyleBing BSD-3-Clause	kyle-only	no	yes	no	lan yong	1008	abuse [v.] | misuse [v.]	n. 过度操劳的工作, 额外工作\nv. (使)工作过度, 使过分劳累	ielts	auto-v1: exact complete 2–6 Han-character gloss from one or both of ECDICT/KyleBing; exact current pinyin candidate and packed glossary key; matching POS in the packed key; exam membership and bundled IPA; one mapping per English headword; maximum eight added rows per Chinese key.
capitulate	认输	v.	tem8	KyleBing BSD-3-Clause	kyle-only	no	yes	no	ren shu	966	concede [v.]	vi. (有条件)投降\n[法] 投降, 投降	tem8	auto-v1: exact complete 2–6 Han-character gloss from one or both of ECDICT/KyleBing; exact current pinyin candidate and packed glossary key; matching POS in the packed key; exam membership and bundled IPA; one mapping per English headword; maximum eight added rows per Chinese key.
dowager	贵妇	n.	tem8	KyleBing BSD-3-Clause	kyle-only	no	yes	no	gui fu	909	lady [n.]	n. 继承遗产或爵位的寡妇\n[法] 受有亡失遗产的寡, 妇寡君贵妇人	tem8	auto-v1: exact complete 2–6 Han-character gloss from one or both of ECDICT/KyleBing; exact current pinyin candidate and packed glossary key; matching POS in the packed key; exam membership and bundled IPA; one mapping per English headword; maximum eight added rows per Chinese key.
vas	血管	n.	toefl	KyleBing BSD-3-Clause	kyle-only	no	yes	no	xue guan	853	blood vessel [n.]	[医] 管, 脉管	toefl	auto-v1: exact complete 2–6 Han-character gloss from one or both of ECDICT/KyleBing; exact current pinyin candidate and packed glossary key; matching POS in the packed key; exam membership and bundled IPA; one mapping per English headword; maximum eight added rows per Chinese key.
sneaker	运动鞋	n.	toefl	KyleBing BSD-3-Clause	kyle-only	no	yes	no	yun dong xie	830	sneakers [n.]	n. 鬼鬼祟祟做事的人, 卑鄙者, 帆布胶底运动鞋	toefl	auto-v1: exact complete 2–6 Han-character gloss from one or both of ECDICT/KyleBing; exact current pinyin candidate and packed glossary key; matching POS in the packed key; exam membership and bundled IPA; one mapping per English headword; maximum eight added rows per Chinese key.
stile	阶梯	n.	tem8	KyleBing BSD-3-Clause	kyle-only	no	yes	no	jie ti	779	stairs [n.] | ladder [n.]	n. 墙两边的阶梯	tem8	auto-v1: exact complete 2–6 Han-character gloss from one or both of ECDICT/KyleBing; exact current pinyin candidate and packed glossary key; matching POS in the packed key; exam membership and bundled IPA; one mapping per English headword; maximum eight added rows per Chinese key.
dispensation	天命	n.	tem8	KyleBing BSD-3-Clause	kyle-only	no	yes	no	tian ming	731	destiny [n.]	n. 分配, 施与, (义务的)免除\n[法] 特免权, 豁免, 执行	tem8	auto-v1: exact complete 2–6 Han-character gloss from one or both of ECDICT/KyleBing; exact current pinyin candidate and packed glossary key; matching POS in the packed key; exam membership and bundled IPA; one mapping per English headword; maximum eight added rows per Chinese key.
revealing	揭示	v.	tem4	KyleBing BSD-3-Clause	kyle-only	no	yes	no	jie shi	729	reveal [v.]	a. 暴露的, 显露的, 揭露的	tem4	auto-v1: exact complete 2–6 Han-character gloss from one or both of ECDICT/KyleBing; exact current pinyin candidate and packed glossary key; matching POS in the packed key; exam membership and bundled IPA; one mapping per English headword; maximum eight added rows per Chinese key.
vibrato	振动	n.	toefl	KyleBing BSD-3-Clause	kyle-only	no	yes	no	zhen dong	662	vibration [n.]	[电] 振音	toefl	auto-v1: exact complete 2–6 Han-character gloss from one or both of ECDICT/KyleBing; exact current pinyin candidate and packed glossary key; matching POS in the packed key; exam membership and bundled IPA; one mapping per English headword; maximum eight added rows per Chinese key.
horseplay	恶作剧	n.	tem8	KyleBing BSD-3-Clause	kyle-only	no	yes	no	e zuo ju	653	prank [n.] | mischief [n.]	n. 喧闹的嬉戏	tem8	auto-v1: exact complete 2–6 Han-character gloss from one or both of ECDICT/KyleBing; exact current pinyin candidate and packed glossary key; matching POS in the packed key; exam membership and bundled IPA; one mapping per English headword; maximum eight added rows per Chinese key.
hotfoot	恶作剧	n.	tem8	KyleBing BSD-3-Clause	kyle-only	no	yes	no	e zuo ju	653	prank [n.] | mischief [n.]	adv. 急忙地；火急地	tem8	auto-v1: exact complete 2–6 Han-character gloss from one or both of ECDICT/KyleBing; exact current pinyin candidate and packed glossary key; matching POS in the packed key; exam membership and bundled IPA; one mapping per English headword; maximum eight added rows per Chinese key.
humpback	驼背	n.	tem8	KyleBing BSD-3-Clause	kyle-only	no	yes	yes	tuo bei	653	hunchback [n.]	n. 驼背(者), 细鳞大马哈鱼\n[医] 脊柱后突, 驼背	tem8	auto-v1: exact complete 2–6 Han-character gloss from one or both of ECDICT/KyleBing; exact current pinyin candidate and packed glossary key; matching POS in the packed key; exam membership and bundled IPA; one mapping per English headword; maximum eight added rows per Chinese key.
appreciably	略微	adv.	toefl	KyleBing BSD-3-Clause	kyle-only	no	yes	no	lve wei	640	slightly [adv.]	adv. 可估计地, 相当可观	toefl	auto-v1: exact complete 2–6 Han-character gloss from one or both of ECDICT/KyleBing; exact current pinyin candidate and packed glossary key; matching POS in the packed key; exam membership and bundled IPA; one mapping per English headword; maximum eight added rows per Chinese key.
joiner	工匠	n.	toefl	KyleBing BSD-3-Clause	kyle-only	no	yes	no	gong jiang	640	craftsman [n.]	n. 细工木匠, 接合者, 接合物	toefl	auto-v1: exact complete 2–6 Han-character gloss from one or both of ECDICT/KyleBing; exact current pinyin candidate and packed glossary key; matching POS in the packed key; exam membership and bundled IPA; one mapping per English headword; maximum eight added rows per Chinese key.
desolation	废墟	n.	tem8	KyleBing BSD-3-Clause	kyle-only	no	yes	no	fei xu	609	ruins [n.]	n. 荒芜, 荒废, 荒凉	tem8	auto-v1: exact complete 2–6 Han-character gloss from one or both of ECDICT/KyleBing; exact current pinyin candidate and packed glossary key; matching POS in the packed key; exam membership and bundled IPA; one mapping per English headword; maximum eight added rows per Chinese key.
inanity	空洞	n.	toefl	KyleBing BSD-3-Clause	kyle-only	no	yes	no	kong dong	521	cavity [n.] | hollow [n.]	n. 空虚, 愚蠢	toefl	auto-v1: exact complete 2–6 Han-character gloss from one or both of ECDICT/KyleBing; exact current pinyin candidate and packed glossary key; matching POS in the packed key; exam membership and bundled IPA; one mapping per English headword; maximum eight added rows per Chinese key.
insularity	岛国	n.	ielts	KyleBing BSD-3-Clause	kyle-only	no	yes	no	dao guo	520	island country [n.]	n. 岛屿生活状况, 孤立, 岛国性质	ielts	auto-v1: exact complete 2–6 Han-character gloss from one or both of ECDICT/KyleBing; exact current pinyin candidate and packed glossary key; matching POS in the packed key; exam membership and bundled IPA; one mapping per English headword; maximum eight added rows per Chinese key.
blurb	夸大	v.	tem8	KyleBing BSD-3-Clause	kyle-only	no	yes	no	kua da	517	exaggerate [v.]	n. 推荐广告\nvt. 推荐吹捧	tem8	auto-v1: exact complete 2–6 Han-character gloss from one or both of ECDICT/KyleBing; exact current pinyin candidate and packed glossary key; matching POS in the packed key; exam membership and bundled IPA; one mapping per English headword; maximum eight added rows per Chinese key.
bobsleigh	雪橇	n.	tem8	KyleBing BSD-3-Clause	kyle-only	no	yes	no	xue qiao	501	sled [n.] | sledge [n.]	n. 长橇	tem8	auto-v1: exact complete 2–6 Han-character gloss from one or both of ECDICT/KyleBing; exact current pinyin candidate and packed glossary key; matching POS in the packed key; exam membership and bundled IPA; one mapping per English headword; maximum eight added rows per Chinese key.
commendation	奖状	n.	tem8	KyleBing BSD-3-Clause	kyle-only	no	yes	no	jiang zhuang	483	certificate [n.]	n. 赞赏, 嘉奖, 推荐	tem8	auto-v1: exact complete 2–6 Han-character gloss from one or both of ECDICT/KyleBing; exact current pinyin candidate and packed glossary key; matching POS in the packed key; exam membership and bundled IPA; one mapping per English headword; maximum eight added rows per Chinese key.
rivulet	小溪	n.	tem8	KyleBing BSD-3-Clause	kyle-only	no	yes	no	xiao xi	470	stream [n.]	n. 小河	tem8	auto-v1: exact complete 2–6 Han-character gloss from one or both of ECDICT/KyleBing; exact current pinyin candidate and packed glossary key; matching POS in the packed key; exam membership and bundled IPA; one mapping per English headword; maximum eight added rows per Chinese key.
screening	筛选	v.	toefl	KyleBing BSD-3-Clause	kyle-only	no	yes	no	shai xuan	448	filter [v.]	[医] 筛选, 筛分(如普查癌、结核等病), 萤光屏检查	toefl	auto-v1: exact complete 2–6 Han-character gloss from one or both of ECDICT/KyleBing; exact current pinyin candidate and packed glossary key; matching POS in the packed key; exam membership and bundled IPA; one mapping per English headword; maximum eight added rows per Chinese key.
infinitive	原形	n.	tem8	KyleBing BSD-3-Clause	kyle-only	no	yes	no	yuan xing	445	original form [n.]	n. 不定式\na. 不定式的	tem8	auto-v1: exact complete 2–6 Han-character gloss from one or both of ECDICT/KyleBing; exact current pinyin candidate and packed glossary key; matching POS in the packed key; exam membership and bundled IPA; one mapping per English headword; maximum eight added rows per Chinese key.
mating	交配	v.	tem8	KyleBing BSD-3-Clause	kyle-only	no	yes	no	jiao pei	434	mate [v.]	n. 交配\n[化] 配套; 交配	tem8	auto-v1: exact complete 2–6 Han-character gloss from one or both of ECDICT/KyleBing; exact current pinyin candidate and packed glossary key; matching POS in the packed key; exam membership and bundled IPA; one mapping per English headword; maximum eight added rows per Chinese key.
cultivated	耕作	v.	tem8	KyleBing BSD-3-Clause	kyle-only	no	yes	no	geng zuo	415	cultivate [v.]	a. 耕耘的, 栽植的, 有教养的	tem8	auto-v1: exact complete 2–6 Han-character gloss from one or both of ECDICT/KyleBing; exact current pinyin candidate and packed glossary key; matching POS in the packed key; exam membership and bundled IPA; one mapping per English headword; maximum eight added rows per Chinese key.
benediction	恩赐	n.	tem8	KyleBing BSD-3-Clause	kyle-only	no	yes	no	en ci	402	gift [n.] | favor [n.]	n. 祝福	tem8	auto-v1: exact complete 2–6 Han-character gloss from one or both of ECDICT/KyleBing; exact current pinyin candidate and packed glossary key; matching POS in the packed key; exam membership and bundled IPA; one mapping per English headword; maximum eight added rows per Chinese key.
gibber	胡扯	v.	tem8	KyleBing BSD-3-Clause	kyle-only	no	yes	no	hu che	383	talk nonsense [v.]	vi. 急促而不清楚地说话, 傻乎乎地说话\n[计] 混乱信息, 无用数据	tem8	auto-v1: exact complete 2–6 Han-character gloss from one or both of ECDICT/KyleBing; exact current pinyin candidate and packed glossary key; matching POS in the packed key; exam membership and bundled IPA; one mapping per English headword; maximum eight added rows per Chinese key.
lipid	油脂	n.	toefl	KyleBing BSD-3-Clause	kyle-only	no	yes	no	you zhi	376	oil [n.] | fat [n.]	n. 脂类, 类脂物, 脂质\n[化] 类脂; 脂质; 脂类	toefl	auto-v1: exact complete 2–6 Han-character gloss from one or both of ECDICT/KyleBing; exact current pinyin candidate and packed glossary key; matching POS in the packed key; exam membership and bundled IPA; one mapping per English headword; maximum eight added rows per Chinese key.
pastoralist	牧民	n.	toefl	KyleBing BSD-3-Clause	kyle-only	no	yes	no	mu min	371	herdsman [n.]	n. 田园诗的作者, 田园剧的作者, 放牧者, 畜牧者	toefl	auto-v1: exact complete 2–6 Han-character gloss from one or both of ECDICT/KyleBing; exact current pinyin candidate and packed glossary key; matching POS in the packed key; exam membership and bundled IPA; one mapping per English headword; maximum eight added rows per Chinese key.
reapply	再利用	v.	toefl	KyleBing BSD-3-Clause	kyle-only	no	yes	no	zai li yong	273	reuse [v.] | recycle [v.]	[法] 再申请, 再运用	toefl	auto-v1: exact complete 2–6 Han-character gloss from one or both of ECDICT/KyleBing; exact current pinyin candidate and packed glossary key; matching POS in the packed key; exam membership and bundled IPA; one mapping per English headword; maximum eight added rows per Chinese key.
squeal	告密	v.	tem8	KyleBing BSD-3-Clause	kyle-only	no	yes	no	gao mi	268	inform against [v.]	n. 尖叫, 抱怨\nvi. 发出尖叫声, 高声埋怨\nvt. 用尖声说	tem8	auto-v1: exact complete 2–6 Han-character gloss from one or both of ECDICT/KyleBing; exact current pinyin candidate and packed glossary key; matching POS in the packed key; exam membership and bundled IPA; one mapping per English headword; maximum eight added rows per Chinese key.
discoloration	污点	n.	toefl	KyleBing BSD-3-Clause	kyle-only	no	yes	yes	wu dian	253	stain [n.]	n. 变色, 污染	toefl	auto-v1: exact complete 2–6 Han-character gloss from one or both of ECDICT/KyleBing; exact current pinyin candidate and packed glossary key; matching POS in the packed key; exam membership and bundled IPA; one mapping per English headword; maximum eight added rows per Chinese key.
minimise	最小化	v.	ielts	KyleBing BSD-3-Clause	kyle-only	no	yes	yes	zui xiao hua	249	minimize [v.]	vt. 使减到最少/最小, 使降到最低限度, 使缩到最小, 极度轻视	ielts	auto-v1: exact complete 2–6 Han-character gloss from one or both of ECDICT/KyleBing; exact current pinyin candidate and packed glossary key; matching POS in the packed key; exam membership and bundled IPA; one mapping per English headword; maximum eight added rows per Chinese key.
curd	凝结	v.	tem8	KyleBing BSD-3-Clause	kyle-only	no	yes	no	ning jie	242	condense [v.] | coagulate [v.]	n. 凝乳\n[化] 凝乳; 凝乳状物; 酪状物; 皂粒	tem8	auto-v1: exact complete 2–6 Han-character gloss from one or both of ECDICT/KyleBing; exact current pinyin candidate and packed glossary key; matching POS in the packed key; exam membership and bundled IPA; one mapping per English headword; maximum eight added rows per Chinese key.
rampage	发怒	v.	tem8	KyleBing BSD-3-Clause	kyle-only	no	yes	no	fa nu	231	get angry [v.]	n. 乱闹, 乱冲, 暴跳\nvi. 乱闹, 狂暴	tem8	auto-v1: exact complete 2–6 Han-character gloss from one or both of ECDICT/KyleBing; exact current pinyin candidate and packed glossary key; matching POS in the packed key; exam membership and bundled IPA; one mapping per English headword; maximum eight added rows per Chinese key.
reparation	赔款	n.	tem8	KyleBing BSD-3-Clause	kyle-only	no	yes	no	pei kuan	225	indemnity [n.]	n. 补偿, 赔偿, 弥补, 修复, 修理\n[经] 赔偿, 补偿, 修理	tem8	auto-v1: exact complete 2–6 Han-character gloss from one or both of ECDICT/KyleBing; exact current pinyin candidate and packed glossary key; matching POS in the packed key; exam membership and bundled IPA; one mapping per English headword; maximum eight added rows per Chinese key.
enrolment	名册	n.	ielts	KyleBing BSD-3-Clause	kyle-only	no	yes	no	ming ce	222	roster [n.] | register [n.]	n. 登记, 注册, 入伍, 入学, 入会, 注册人数, 入学人数	ielts	auto-v1: exact complete 2–6 Han-character gloss from one or both of ECDICT/KyleBing; exact current pinyin candidate and packed glossary key; matching POS in the packed key; exam membership and bundled IPA; one mapping per English headword; maximum eight added rows per Chinese key.
woodcutting	木刻	n.	toefl	KyleBing BSD-3-Clause	kyle-only	no	yes	no	mu ke	221	woodcut [n.]	a. 木雕的；伐木的	toefl	auto-v1: exact complete 2–6 Han-character gloss from one or both of ECDICT/KyleBing; exact current pinyin candidate and packed glossary key; matching POS in the packed key; exam membership and bundled IPA; one mapping per English headword; maximum eight added rows per Chinese key.
delicatessen	熟食	n.	tem8	KyleBing BSD-3-Clause	kyle-only	no	yes	no	shu shi	212	cooked food [n.]	n. 熟食店	tem8	auto-v1: exact complete 2–6 Han-character gloss from one or both of ECDICT/KyleBing; exact current pinyin candidate and packed glossary key; matching POS in the packed key; exam membership and bundled IPA; one mapping per English headword; maximum eight added rows per Chinese key.
sundry	杂货	n.	tem8	KyleBing BSD-3-Clause	kyle-only	no	yes	no	za huo	201	groceries [n.]	a. 各式各样的\n[经] 杂的, 各种, 各式各样的	tem8	auto-v1: exact complete 2–6 Han-character gloss from one or both of ECDICT/KyleBing; exact current pinyin candidate and packed glossary key; matching POS in the packed key; exam membership and bundled IPA; one mapping per English headword; maximum eight added rows per Chinese key.
canoes	独木舟	n.	toefl	KyleBing BSD-3-Clause	kyle-only	no	yes	no	du mu zhou	182	canoe [n.]	n. 小而轻的舟, 独木舟( canoe的名词复数 )	toefl	auto-v1: exact complete 2–6 Han-character gloss from one or both of ECDICT/KyleBing; exact current pinyin candidate and packed glossary key; matching POS in the packed key; exam membership and bundled IPA; one mapping per English headword; maximum eight added rows per Chinese key.
abc	字母表	n.	tem8	KyleBing BSD-3-Clause	kyle-only	no	yes	no	zi mu biao	179	alphabet [n.]	预定章程, 美国广播公司, 澳大利亚广播公司, 字母表, 基础知识\n[计] 记帐预算计价系统, 通用插件板计算机, 美国广播公司, 自动编码系统	tem8	auto-v1: exact complete 2–6 Han-character gloss from one or both of ECDICT/KyleBing; exact current pinyin candidate and packed glossary key; matching POS in the packed key; exam membership and bundled IPA; one mapping per English headword; maximum eight added rows per Chinese key.
homeownership	房主	n.	toefl	KyleBing BSD-3-Clause	kyle-only	no	yes	no	fang zhu	179	landlord [n.]	n. 私房屋主；自己拥有住房者 (homeowner的变形)	toefl	auto-v1: exact complete 2–6 Han-character gloss from one or both of ECDICT/KyleBing; exact current pinyin candidate and packed glossary key; matching POS in the packed key; exam membership and bundled IPA; one mapping per English headword; maximum eight added rows per Chinese key.
horoscope	星象	n.	tem8	KyleBing BSD-3-Clause	kyle-only	no	yes	no	xing xiang	173	astrological aspect [n.]	n. 星占, 算命天宫图	tem8	auto-v1: exact complete 2–6 Han-character gloss from one or both of ECDICT/KyleBing; exact current pinyin candidate and packed glossary key; matching POS in the packed key; exam membership and bundled IPA; one mapping per English headword; maximum eight added rows per Chinese key.
coy	爱抚	v.	tem8	KyleBing BSD-3-Clause	kyle-only	no	yes	no	ai fu	138	caress [v.]	a. 腼腆的, 怕羞的, 羞怯的	tem8	auto-v1: exact complete 2–6 Han-character gloss from one or both of ECDICT/KyleBing; exact current pinyin candidate and packed glossary key; matching POS in the packed key; exam membership and bundled IPA; one mapping per English headword; maximum eight added rows per Chinese key.
messiah	救星	n.	tem8	KyleBing BSD-3-Clause	kyle-only	no	yes	no	jiu xing	138	savior [n.]	n. 弥赛亚	tem8	auto-v1: exact complete 2–6 Han-character gloss from one or both of ECDICT/KyleBing; exact current pinyin candidate and packed glossary key; matching POS in the packed key; exam membership and bundled IPA; one mapping per English headword; maximum eight added rows per Chinese key.
choral	赞美诗	n.	tem8	KyleBing BSD-3-Clause	kyle-only	no	yes	no	zan mei shi	137	hymn [n.]	a. 合唱队的	tem8	auto-v1: exact complete 2–6 Han-character gloss from one or both of ECDICT/KyleBing; exact current pinyin candidate and packed glossary key; matching POS in the packed key; exam membership and bundled IPA; one mapping per English headword; maximum eight added rows per Chinese key.
valse	华尔兹	n.	toefl	KyleBing BSD-3-Clause	kyle-only	no	yes	yes	hua er zi	129	waltz [n.]	v. 轻轻地走	toefl	auto-v1: exact complete 2–6 Han-character gloss from one or both of ECDICT/KyleBing; exact current pinyin candidate and packed glossary key; matching POS in the packed key; exam membership and bundled IPA; one mapping per English headword; maximum eight added rows per Chinese key.
exult	狂喜	v.	tem8	KyleBing BSD-3-Clause	kyle-only	no	yes	yes	kuang xi	121	rejoice [v.]	vi. 非常高兴, 欢欣	tem8	auto-v1: exact complete 2–6 Han-character gloss from one or both of ECDICT/KyleBing; exact current pinyin candidate and packed glossary key; matching POS in the packed key; exam membership and bundled IPA; one mapping per English headword; maximum eight added rows per Chinese key.
attending	主治医生	n.	tem4	KyleBing BSD-3-Clause	kyle-only	no	yes	no	zhu zhi yi sheng	82	attending physician [n.]	a. 主治的	tem4	auto-v1: exact complete 2–6 Han-character gloss from one or both of ECDICT/KyleBing; exact current pinyin candidate and packed glossary key; matching POS in the packed key; exam membership and bundled IPA; one mapping per English headword; maximum eight added rows per Chinese key.
photocopier	复印机	n.	tem8	KyleBing BSD-3-Clause	kyle-only	no	yes	no	fu yin ji	81	copier [n.]	n. 影印机, 摄影复制机	tem8	auto-v1: exact complete 2–6 Han-character gloss from one or both of ECDICT/KyleBing; exact current pinyin candidate and packed glossary key; matching POS in the packed key; exam membership and bundled IPA; one mapping per English headword; maximum eight added rows per Chinese key.
marquee	华盖	n.	tem8	KyleBing BSD-3-Clause	kyle-only	no	yes	no	hua gai	72	canopy [n.]	n. 大帐篷, 遮篷, 选取框\n[计] 选取框	tem8	auto-v1: exact complete 2–6 Han-character gloss from one or both of ECDICT/KyleBing; exact current pinyin candidate and packed glossary key; matching POS in the packed key; exam membership and bundled IPA; one mapping per English headword; maximum eight added rows per Chinese key.
toleration	耐受性	n.	tem8	KyleBing BSD-3-Clause	kyle-only	no	yes	no	nai shou xing	61	tolerance [n.]	n. 宽容, 默认, 信仰自由\n[医] 耐量; 耐受性, 耐力	tem8	auto-v1: exact complete 2–6 Han-character gloss from one or both of ECDICT/KyleBing; exact current pinyin candidate and packed glossary key; matching POS in the packed key; exam membership and bundled IPA; one mapping per English headword; maximum eight added rows per Chinese key.
tome	巨著	n.	ielts	KyleBing BSD-3-Clause	kyle-only	no	yes	no	ju zhu	61	masterpiece [n.]	n. 册, 卷, 大本书	ielts	auto-v1: exact complete 2–6 Han-character gloss from one or both of ECDICT/KyleBing; exact current pinyin candidate and packed glossary key; matching POS in the packed key; exam membership and bundled IPA; one mapping per English headword; maximum eight added rows per Chinese key.
parenthood	亲子关系	n.	tem8	KyleBing BSD-3-Clause	kyle-only	no	yes	no	qin zi guan xi	60	parent-child relationship [n.]	n. 父母身分	tem8	auto-v1: exact complete 2–6 Han-character gloss from one or both of ECDICT/KyleBing; exact current pinyin candidate and packed glossary key; matching POS in the packed key; exam membership and bundled IPA; one mapping per English headword; maximum eight added rows per Chinese key.
bootleg	私货	n.	tem8	KyleBing BSD-3-Clause	kyle-only	no	yes	no	si huo	51	smuggled goods [n.]	v. 私卖(酒)	tem8	auto-v1: exact complete 2–6 Han-character gloss from one or both of ECDICT/KyleBing; exact current pinyin candidate and packed glossary key; matching POS in the packed key; exam membership and bundled IPA; one mapping per English headword; maximum eight added rows per Chinese key.
cameo	小品文	n.	tem8	KyleBing BSD-3-Clause	kyle-only	no	yes	no	xiao pin wen	47	essay [n.]	n. 刻有浮雕的宝石或贝壳	tem8	auto-v1: exact complete 2–6 Han-character gloss from one or both of ECDICT/KyleBing; exact current pinyin candidate and packed glossary key; matching POS in the packed key; exam membership and bundled IPA; one mapping per English headword; maximum eight added rows per Chinese key.
tinder	易燃物	n.	tem8	KyleBing BSD-3-Clause	kyle-only	no	yes	no	yi ran wu	42	flammable material [n.]	n. 火绒盒	tem8	auto-v1: exact complete 2–6 Han-character gloss from one or both of ECDICT/KyleBing; exact current pinyin candidate and packed glossary key; matching POS in the packed key; exam membership and bundled IPA; one mapping per English headword; maximum eight added rows per Chinese key.
pullman	卧车	n.	toefl	KyleBing BSD-3-Clause	kyle-only	no	yes	no	wo che	34	sleeping car [n.]	n. 普尔曼式卧车	toefl	auto-v1: exact complete 2–6 Han-character gloss from one or both of ECDICT/KyleBing; exact current pinyin candidate and packed glossary key; matching POS in the packed key; exam membership and bundled IPA; one mapping per English headword; maximum eight added rows per Chinese key.
connecting	套管	n.	tem4	KyleBing BSD-3-Clause	kyle-only	no	yes	no	tao guan	32	casing [n.] | sleeve [n.]	[计] 接线的	tem4	auto-v1: exact complete 2–6 Han-character gloss from one or both of ECDICT/KyleBing; exact current pinyin candidate and packed glossary key; matching POS in the packed key; exam membership and bundled IPA; one mapping per English headword; maximum eight added rows per Chinese key.
homesteader	自耕农	n.	toefl	KyleBing BSD-3-Clause	kyle-only	no	yes	no	zi geng nong	30	self-employed farmer [n.]	[法] 占有宅地的人, 承领开垦的公地的人	toefl	auto-v1: exact complete 2–6 Han-character gloss from one or both of ECDICT/KyleBing; exact current pinyin candidate and packed glossary key; matching POS in the packed key; exam membership and bundled IPA; one mapping per English headword; maximum eight added rows per Chinese key.
shoeshine	鞋油	n.	toefl	KyleBing BSD-3-Clause	kyle-only	no	yes	no	xie you	24	shoe polish [n.]	n. 擦亮的皮鞋面, 擦皮鞋	toefl	auto-v1: exact complete 2–6 Han-character gloss from one or both of ECDICT/KyleBing; exact current pinyin candidate and packed glossary key; matching POS in the packed key; exam membership and bundled IPA; one mapping per English headword; maximum eight added rows per Chinese key.
splutter	喷溅	v.	tem8	KyleBing BSD-3-Clause	kyle-only	no	yes	no	pen jian	24	splash [v.]	n. 喷溅声\nvi.vt. 急促而慌乱地说\nvi. 发出吐唾沫声	tem8	auto-v1: exact complete 2–6 Han-character gloss from one or both of ECDICT/KyleBing; exact current pinyin candidate and packed glossary key; matching POS in the packed key; exam membership and bundled IPA; one mapping per English headword; maximum eight added rows per Chinese key.
hosiery	针织品	n.	tem8	KyleBing BSD-3-Clause	kyle-only	no	yes	no	zhen zhi pin	23	knitwear [n.]	n. 袜, 内衣裤	tem8	auto-v1: exact complete 2–6 Han-character gloss from one or both of ECDICT/KyleBing; exact current pinyin candidate and packed glossary key; matching POS in the packed key; exam membership and bundled IPA; one mapping per English headword; maximum eight added rows per Chinese key.
scoring	刻痕	n.	tem8	KyleBing BSD-3-Clause	kyle-only	no	yes	no	ke hen	22	scratch [n.]	[化] 擦伤; 划伤	tem8	auto-v1: exact complete 2–6 Han-character gloss from one or both of ECDICT/KyleBing; exact current pinyin candidate and packed glossary key; matching POS in the packed key; exam membership and bundled IPA; one mapping per English headword; maximum eight added rows per Chinese key.
goggle	风镜	n.	tem8	KyleBing BSD-3-Clause	kyle-only	no	yes	no	feng jing	19	goggles [n.]	n. 眼睛瞪视, 护目镜\na. 突出的, 瞪眼的\nvi. 瞪眼看, 眼珠转动\nvt. 使瞪眼, 使眼珠转动	tem8	auto-v1: exact complete 2–6 Han-character gloss from one or both of ECDICT/KyleBing; exact current pinyin candidate and packed glossary key; matching POS in the packed key; exam membership and bundled IPA; one mapping per English headword; maximum eight added rows per Chinese key.
anonymity	无名之辈	n.	tem8	KyleBing BSD-3-Clause	kyle-only	no	yes	no	wu ming zhi bei	17	nobody [n.]	n. 匿名, 姓氏不明\n[计] 匿名信件	tem8	auto-v1: exact complete 2–6 Han-character gloss from one or both of ECDICT/KyleBing; exact current pinyin candidate and packed glossary key; matching POS in the packed key; exam membership and bundled IPA; one mapping per English headword; maximum eight added rows per Chinese key.
understudy	替工	n.	tem8	KyleBing BSD-3-Clause	kyle-only	no	yes	no	ti gong	13	substitute worker [n.]	n. 预备演员, 替角\nvt. 通过观察掌握某工作, 通过实习掌握某工作\nvt.vi. 练习当替角	tem8	auto-v1: exact complete 2–6 Han-character gloss from one or both of ECDICT/KyleBing; exact current pinyin candidate and packed glossary key; matching POS in the packed key; exam membership and bundled IPA; one mapping per English headword; maximum eight added rows per Chinese key.
loam	肥土	n.	toefl	KyleBing BSD-3-Clause	kyle-only	no	yes	no	fei tu	3	fertile soil [n.]	n. 壤土\nvt. 用土填	toefl	auto-v1: exact complete 2–6 Han-character gloss from one or both of ECDICT/KyleBing; exact current pinyin candidate and packed glossary key; matching POS in the packed key; exam membership and bundled IPA; one mapping per English headword; maximum eight added rows per Chinese key.
