word	chinese	pos	targets	source	source_reference	pinyin	pinyin_source	pinyin_frequency	confidence	evidence
scrutiny	监视	n.	cet6,tem4,tem8,toefl,ielts	ECDICT MIT + KyleBing BSD-3-Clause	candidate-review.tsv:2	jian shi	Qingjian v0.1.4	59009	exact complete source gloss	ECDICT exact POS gloss=yes; KyleBing exact POS gloss=yes; exam-list source=ielts,tem4,tem8
adulthood	成年	n.	tem4,tem8,toefl	ECDICT MIT + KyleBing BSD-3-Clause	candidate-review.tsv:13	cheng nian	Qingjian v0.1.4	4286	exact complete source gloss	ECDICT exact POS gloss=yes; KyleBing exact POS gloss=yes; exam-list source=tem4,tem8
clamour	喧闹	n.	tem4,tem8,toefl	ECDICT MIT + KyleBing BSD-3-Clause	candidate-review.tsv:43	xuan nao	Qingjian v0.1.4	154	exact complete source gloss	ECDICT exact POS gloss=yes; KyleBing exact POS gloss=yes; exam-list source=tem4,tem8
condolence	哀悼	n.	tem4,tem8,ielts	ECDICT MIT + KyleBing BSD-3-Clause	candidate-review.tsv:34	ai dao	Qingjian v0.1.4	713	exact complete source gloss	ECDICT exact POS gloss=yes; KyleBing exact POS gloss=yes; exam-list source=tem4,tem8
contraction	收缩	n.	tem4,tem8,toefl	ECDICT MIT + KyleBing BSD-3-Clause	candidate-review.tsv:32	shou suo	Qingjian v0.1.4	824	exact complete source gloss	ECDICT exact POS gloss=yes; KyleBing exact POS gloss=yes; exam-list source=tem4,tem8,toefl
daze	眼花缭乱	n.	tem4,tem8,toefl	ECDICT MIT + KyleBing BSD-3-Clause	candidate-review.tsv:40	yan hua liao luan	Qingjian v0.1.4	240	exact complete source gloss	ECDICT exact POS gloss=yes; KyleBing exact POS gloss=yes; exam-list source=tem4,tem8
defiance	挑战	n.	cet6,tem4,tem8,ielts	ECDICT MIT + KyleBing BSD-3-Clause	candidate-review.tsv:6	tiao zhan	Qingjian v0.1.4	11987	exact complete source gloss	ECDICT exact POS gloss=yes; KyleBing exact POS gloss=yes; exam-list source=ielts,tem4,tem8
dependence	依赖	n.	tem4,tem8,toefl	ECDICT MIT + KyleBing BSD-3-Clause	candidate-review.tsv:15	yi lai	Qingjian v0.1.4	3748	exact complete source gloss	ECDICT exact POS gloss=yes; KyleBing exact POS gloss=yes; exam-list source=tem4,tem8
desirous	想要的	adj.	tem4,tem8,toefl	ECDICT MIT + KyleBing BSD-3-Clause	candidate-review.tsv:31	xiang yao de	Qingjian v0.1.4	866	exact complete source gloss	ECDICT exact POS gloss=yes; KyleBing exact POS gloss=yes; exam-list source=tem8
digestion	领悟	n.	tem4,tem8,toefl	ECDICT MIT + KyleBing BSD-3-Clause	candidate-review.tsv:23	ling wu	Qingjian v0.1.4	1777	exact complete source gloss	ECDICT exact POS gloss=yes; KyleBing exact POS gloss=yes; exam-list source=tem4,tem8,toefl
enlargement	放大	n.	tem4,tem8,toefl	ECDICT MIT + KyleBing BSD-3-Clause	candidate-review.tsv:17	fang da	Qingjian v0.1.4	3329	exact complete source gloss	ECDICT exact POS gloss=yes; KyleBing exact POS gloss=yes; exam-list source=tem4,tem8,toefl
existent	存在的	adj.	tem4,tem8,ielts	ECDICT MIT + KyleBing BSD-3-Clause	candidate-review.tsv:7	cun zai de	Qingjian v0.1.4	8051	exact complete source gloss	ECDICT exact POS gloss=yes; KyleBing exact POS gloss=yes; exam-list source=tem4,tem8
hectic	脸红	n.	tem8,toefl,ielts	ECDICT MIT + KyleBing BSD-3-Clause	candidate-review.tsv:21	lian hong	Qingjian v0.1.4	2022	exact complete source gloss	ECDICT exact POS gloss=yes; KyleBing exact POS gloss=yes; exam-list source=tem8
holocaust	毁灭	n.	tem8,toefl,ielts	ECDICT MIT + KyleBing BSD-3-Clause	candidate-review.tsv:20	hui mie	Qingjian v0.1.4	2078	exact complete source gloss	ECDICT exact POS gloss=yes; KyleBing exact POS gloss=yes; exam-list source=tem8
inability	无力	n.	tem8,toefl,ielts	ECDICT MIT + KyleBing BSD-3-Clause	candidate-review.tsv:14	wu li	Qingjian v0.1.4	3911	exact complete source gloss	ECDICT exact POS gloss=yes; KyleBing exact POS gloss=yes; exam-list source=toefl
inclusion	包含	n.	tem4,tem8,toefl	ECDICT MIT + KyleBing BSD-3-Clause	candidate-review.tsv:5	bao han	Qingjian v0.1.4	17031	exact complete source gloss	ECDICT exact POS gloss=yes; KyleBing exact POS gloss=yes; exam-list source=tem4,tem8,toefl
misunderstanding	误会	n.	tem4,tem8,toefl	ECDICT MIT + KyleBing BSD-3-Clause	candidate-review.tsv:10	wu hui	Qingjian v0.1.4	5346	exact complete source gloss	ECDICT exact POS gloss=yes; KyleBing exact POS gloss=yes; exam-list source=tem4,tem8,toefl
nausea	恶心	n.	tem4,tem8,ielts	ECDICT MIT + KyleBing BSD-3-Clause	candidate-review.tsv:38	e xin	Qingjian v0.1.4	361	exact complete source gloss	ECDICT exact POS gloss=yes; KyleBing exact POS gloss=yes; exam-list source=ielts,tem4,tem8
nuisance	损害	n.	cet4,cet6,tem4,tem8,ielts	ECDICT MIT + KyleBing BSD-3-Clause	candidate-review.tsv:22	sun hai	Qingjian v0.1.4	1844	exact complete source gloss	ECDICT exact POS gloss=yes; KyleBing exact POS gloss=yes; exam-list source=tem4,tem8
oversea	国外	adv.	tem4,tem8,toefl	ECDICT MIT + KyleBing BSD-3-Clause	candidate-review.tsv:8	guo wai	Qingjian v0.1.4	6963	exact complete source gloss	ECDICT exact POS gloss=yes; KyleBing exact POS gloss=yes; exam-list source=tem4,tem8
prostitution	滥用	n.	tem4,tem8,toefl	ECDICT MIT + KyleBing BSD-3-Clause	candidate-review.tsv:30	lan yong	Qingjian v0.1.4	1008	exact complete source gloss	ECDICT exact POS gloss=yes; KyleBing exact POS gloss=yes; exam-list source=tem4,tem8,toefl
refinement	精致	n.	tem8,toefl,ielts	ECDICT MIT + KyleBing BSD-3-Clause	candidate-review.tsv:9	jing zhi	Qingjian v0.1.4	5394	exact complete source gloss	ECDICT exact POS gloss=yes; KyleBing exact POS gloss=yes; exam-list source=toefl
reminder	暗示	n.	tem4,tem8,toefl	ECDICT MIT + KyleBing BSD-3-Clause	candidate-review.tsv:16	an shi	Qingjian v0.1.4	3520	exact complete source gloss	ECDICT exact POS gloss=yes; KyleBing exact POS gloss=yes; exam-list source=tem4,tem8,toefl
renewal	更新	n.	tem8,toefl,ielts	ECDICT MIT + KyleBing BSD-3-Clause	candidate-review.tsv:3	geng xin	Qingjian v0.1.4	20976	exact complete source gloss	ECDICT exact POS gloss=yes; KyleBing exact POS gloss=yes; exam-list source=ielts,tem8,toefl
renovation	修理	n.	cet6,tem8,toefl,ielts	ECDICT MIT + KyleBing BSD-3-Clause	candidate-review.tsv:25	xiu li	Qingjian v0.1.4	1348	exact complete source gloss	ECDICT exact POS gloss=yes; KyleBing exact POS gloss=yes; exam-list source=ielts,tem8
substitution	代替	n.	tem4,tem8,ielts	ECDICT MIT + KyleBing BSD-3-Clause	candidate-review.tsv:12	dai ti	Qingjian v0.1.4	4953	exact complete source gloss	ECDICT exact POS gloss=yes; KyleBing exact POS gloss=yes; exam-list source=ielts,tem4,tem8
thrift	节约	n.	tem4,tem8,toefl	ECDICT MIT + KyleBing BSD-3-Clause	candidate-review.tsv:24	jie yue	Qingjian v0.1.4	1513	exact complete source gloss	ECDICT exact POS gloss=yes; KyleBing exact POS gloss=yes; exam-list source=tem4,tem8
timidity	胆小	n.	tem8,toefl,ielts	ECDICT MIT + KyleBing BSD-3-Clause	candidate-review.tsv:26	dan xiao	Qingjian v0.1.4	1286	exact complete source gloss	ECDICT exact POS gloss=yes; KyleBing exact POS gloss=yes; exam-list source=tem8
tranquility	宁静	n.	tem8,toefl,ielts	ECDICT MIT + KyleBing BSD-3-Clause	candidate-review.tsv:27	ning jing	Qingjian v0.1.4	1226	exact complete source gloss	ECDICT exact POS gloss=yes; KyleBing exact POS gloss=yes; exam-list source=ielts,tem8
abject	可怜的	adj.	tem8,toefl	ECDICT MIT + KyleBing BSD-3-Clause	candidate-review.tsv:65	ke lian de	Qingjian v0.1.4	10717	exact complete source gloss	ECDICT exact POS gloss=yes; KyleBing exact POS gloss=yes; exam-list source=tem8
absenteeism	旷课	n.	toefl,ielts	ECDICT MIT + KyleBing BSD-3-Clause	candidate-review.tsv:146	kuang ke	Qingjian v0.1.4	297	exact complete source gloss	ECDICT exact POS gloss=yes; KyleBing exact POS gloss=yes; exam-list source=ielts,toefl
acrimony	严厉	n.	tem8,toefl	ECDICT MIT + KyleBing BSD-3-Clause	candidate-review.tsv:111	yan li	Qingjian v0.1.4	1547	exact complete source gloss	ECDICT exact POS gloss=yes; KyleBing exact POS gloss=yes; exam-list source=tem8
adherence	坚持	n.	tem8,toefl	ECDICT MIT + KyleBing BSD-3-Clause	candidate-review.tsv:51	jian chi	Qingjian v0.1.4	35863	exact complete source gloss	ECDICT exact POS gloss=yes; KyleBing exact POS gloss=yes; exam-list source=tem8
adjustment	调整	n.	tem8,toefl	ECDICT MIT + KyleBing BSD-3-Clause	candidate-review.tsv:63	tiao zheng	Qingjian v0.1.4	13872	exact complete source gloss	ECDICT exact POS gloss=yes; KyleBing exact POS gloss=yes; exam-list source=tem8,toefl
aridity	干旱	n.	toefl,ielts	ECDICT MIT + KyleBing BSD-3-Clause	candidate-review.tsv:130	gan han	Qingjian v0.1.4	667	exact complete source gloss	ECDICT exact POS gloss=yes; KyleBing exact POS gloss=yes; exam-list source=ielts,toefl
arousal	激励	n.	toefl,ielts	ECDICT MIT + KyleBing BSD-3-Clause	candidate-review.tsv:107	ji li	Qingjian v0.1.4	1884	exact complete source gloss	ECDICT exact POS gloss=yes; KyleBing exact POS gloss=yes; exam-list source=toefl
attrition	摩擦	n.	tem8,toefl	ECDICT MIT + KyleBing BSD-3-Clause	candidate-review.tsv:114	mo ca	Qingjian v0.1.4	1490	exact complete source gloss	ECDICT exact POS gloss=yes; KyleBing exact POS gloss=yes; exam-list source=tem8
austerity	朴素	n.	tem8,toefl	ECDICT MIT + KyleBing BSD-3-Clause	candidate-review.tsv:129	pu su	Qingjian v0.1.4	671	exact complete source gloss	ECDICT exact POS gloss=yes; KyleBing exact POS gloss=yes; exam-list source=tem8
away	离去	adv.	cet4,tem8,toefl	ECDICT MIT + KyleBing BSD-3-Clause	candidate-review.tsv:110	li qu	Qingjian v0.1.4	1551	exact complete source gloss	ECDICT exact POS gloss=yes; KyleBing exact POS gloss=yes; exam-list source=tem8,toefl
cessation	停止	n.	tem4,toefl	ECDICT MIT + KyleBing BSD-3-Clause	candidate-review.tsv:66	ting zhi	Qingjian v0.1.4	10620	exact complete source gloss	ECDICT exact POS gloss=yes; KyleBing exact POS gloss=yes; exam-list source=toefl
consolidation	合并	n.	toefl,ielts	ECDICT MIT + KyleBing BSD-3-Clause	candidate-review.tsv:59	he bing	Qingjian v0.1.4	16459	exact complete source gloss	ECDICT exact POS gloss=yes; KyleBing exact POS gloss=yes; exam-list source=ielts,toefl
convergence	集中	n.	tem8,toefl	ECDICT MIT + KyleBing BSD-3-Clause	candidate-review.tsv:70	ji zhong	Qingjian v0.1.4	9635	exact complete source gloss	ECDICT exact POS gloss=yes; KyleBing exact POS gloss=yes; exam-list source=tem8,toefl
conversant	熟悉的	adj.	tem8,toefl	ECDICT MIT + KyleBing BSD-3-Clause	candidate-review.tsv:83	shu xi de	Qingjian v0.1.4	3995	exact complete source gloss	ECDICT exact POS gloss=yes; KyleBing exact POS gloss=yes; exam-list source=tem8
custody	拘留	n.	tem4,tem8	ECDICT MIT + KyleBing BSD-3-Clause	candidate-review.tsv:112	ju liu	Qingjian v0.1.4	1507	exact complete source gloss	ECDICT exact POS gloss=yes; KyleBing exact POS gloss=yes; exam-list source=tem4,tem8
demolition	破坏	n.	toefl,ielts	ECDICT MIT + KyleBing BSD-3-Clause	candidate-review.tsv:68	po huai	Qingjian v0.1.4	10026	exact complete source gloss	ECDICT exact POS gloss=yes; KyleBing exact POS gloss=yes; exam-list source=ielts
disappointment	失望	n.	tem8,toefl	ECDICT MIT + KyleBing BSD-3-Clause	candidate-review.tsv:69	shi wang	Qingjian v0.1.4	10020	exact complete source gloss	ECDICT exact POS gloss=yes; KyleBing exact POS gloss=yes; exam-list source=tem8,toefl
disbelief	不信	n.	tem4,tem8	ECDICT MIT + KyleBing BSD-3-Clause	candidate-review.tsv:57	bu xin	Qingjian v0.1.4	17579	exact complete source gloss	ECDICT exact POS gloss=yes; KyleBing exact POS gloss=yes; exam-list source=tem4,tem8
discontent	不满	n.	tem8,toefl	ECDICT MIT + KyleBing BSD-3-Clause	candidate-review.tsv:73	bu man	Qingjian v0.1.4	7119	exact complete source gloss	ECDICT exact POS gloss=yes; KyleBing exact POS gloss=yes; exam-list source=tem8
dismissal	解雇	n.	tem4,tem8	ECDICT MIT + KyleBing BSD-3-Clause	candidate-review.tsv:122	jie gu	Qingjian v0.1.4	1127	exact complete source gloss	ECDICT exact POS gloss=yes; KyleBing exact POS gloss=yes; exam-list source=tem4,tem8
dispersal	传播	n.	toefl,ielts	ECDICT MIT + KyleBing BSD-3-Clause	candidate-review.tsv:72	chuan bo	Qingjian v0.1.4	7671	exact complete source gloss	ECDICT exact POS gloss=yes; KyleBing exact POS gloss=yes; exam-list source=toefl
dormancy	休眠	n.	toefl,ielts	ECDICT MIT + KyleBing BSD-3-Clause	candidate-review.tsv:141	xiu mian	Qingjian v0.1.4	424	exact complete source gloss	ECDICT exact POS gloss=yes; KyleBing exact POS gloss=yes; exam-list source=ielts,toefl
eagerness	热心	n.	tem4,tem8	ECDICT MIT + KyleBing BSD-3-Clause	candidate-review.tsv:120	re xin	Qingjian v0.1.4	1251	exact complete source gloss	ECDICT exact POS gloss=yes; KyleBing exact POS gloss=yes; exam-list source=tem4,tem8
enrollment	注册	n.	cet4,cet6,toefl,ielts	ECDICT MIT + KyleBing BSD-3-Clause	candidate-review.tsv:78	zhu ce	Qingjian v0.1.4	5268	exact complete source gloss	ECDICT exact POS gloss=yes; KyleBing exact POS gloss=yes; exam-list source=toefl
eradication	消灭	n.	tem4,toefl	ECDICT MIT + KyleBing BSD-3-Clause	candidate-review.tsv:81	xiao mie	Qingjian v0.1.4	4282	exact complete source gloss	ECDICT exact POS gloss=yes; KyleBing exact POS gloss=yes; exam-list source=tem4
excavation	发掘	n.	toefl,ielts	ECDICT MIT + KyleBing BSD-3-Clause	candidate-review.tsv:93	fa jue	Qingjian v0.1.4	2615	exact complete source gloss	ECDICT exact POS gloss=yes; KyleBing exact POS gloss=yes; exam-list source=ielts,toefl
extravagance	浪费	n.	tem8,ielts	ECDICT MIT + KyleBing BSD-3-Clause	candidate-review.tsv:62	lang fei	Qingjian v0.1.4	14915	exact complete source gloss	ECDICT exact POS gloss=yes; KyleBing exact POS gloss=yes; exam-list source=tem8
fealty	忠诚	n.	tem8,toefl	ECDICT MIT + KyleBing BSD-3-Clause	candidate-review.tsv:108	zhong cheng	Qingjian v0.1.4	1664	exact complete source gloss	ECDICT exact POS gloss=yes; KyleBing exact POS gloss=yes; exam-list source=tem8
fluency	流畅	n.	tem8,ielts	ECDICT MIT + KyleBing BSD-3-Clause	candidate-review.tsv:109	liu chang	Qingjian v0.1.4	1556	exact complete source gloss	ECDICT exact POS gloss=yes; KyleBing exact POS gloss=yes; exam-list source=ielts
fond	喜欢的	adj.	cet4,cet6,tem8,toefl	ECDICT MIT + KyleBing BSD-3-Clause	candidate-review.tsv:50	xi huan de	Qingjian v0.1.4	42012	exact complete source gloss	ECDICT exact POS gloss=yes; KyleBing exact POS gloss=yes; exam-list source=tem8,toefl
fright	吃惊	n.	cet6,tem8,toefl	ECDICT MIT + KyleBing BSD-3-Clause	candidate-review.tsv:131	chi jing	Qingjian v0.1.4	630	exact complete source gloss	ECDICT exact POS gloss=yes; KyleBing exact POS gloss=yes; exam-list source=toefl
frugality	节俭	n.	tem8,toefl	ECDICT MIT + KyleBing BSD-3-Clause	candidate-review.tsv:142	jie jian	Qingjian v0.1.4	395	exact complete source gloss	ECDICT exact POS gloss=yes; KyleBing exact POS gloss=yes; exam-list source=tem8
ghastly	可怕的	adj.	tem8,ielts	ECDICT MIT + KyleBing BSD-3-Clause	candidate-review.tsv:84	ke pa de	Qingjian v0.1.4	3825	exact complete source gloss	ECDICT exact POS gloss=yes; KyleBing exact POS gloss=yes; exam-list source=ielts,tem8
heartbreak	心碎	n.	tem8,toefl	ECDICT MIT + KyleBing BSD-3-Clause	candidate-review.tsv:90	xin sui	Qingjian v0.1.4	2796	exact complete source gloss	ECDICT exact POS gloss=yes; KyleBing exact POS gloss=yes; exam-list source=tem8,toefl
homing	回家的	adj.	tem8,toefl	ECDICT MIT + KyleBing BSD-3-Clause	candidate-review.tsv:77	hui jia de	Qingjian v0.1.4	5729	exact complete source gloss	ECDICT exact POS gloss=yes; KyleBing exact POS gloss=yes; exam-list source=tem8
imposition	欺骗	n.	tem8,toefl	ECDICT MIT + KyleBing BSD-3-Clause	candidate-review.tsv:86	qi pian	Qingjian v0.1.4	3651	exact complete source gloss	ECDICT exact POS gloss=yes; KyleBing exact POS gloss=yes; exam-list source=tem8
impossibility	不可能	n.	tem4,tem8	ECDICT MIT + KyleBing BSD-3-Clause	candidate-review.tsv:56	bu ke neng	Qingjian v0.1.4	18963	exact complete source gloss	ECDICT exact POS gloss=yes; KyleBing exact POS gloss=yes; exam-list source=tem4,tem8
inhibition	禁止	n.	tem4,toefl	ECDICT MIT + KyleBing BSD-3-Clause	candidate-review.tsv:71	jin zhi	Qingjian v0.1.4	8567	exact complete source gloss	ECDICT exact POS gloss=yes; KyleBing exact POS gloss=yes; exam-list source=toefl
instalment	就职	n.	tem8,ielts	ECDICT MIT + KyleBing BSD-3-Clause	candidate-review.tsv:115	jiu zhi	Qingjian v0.1.4	1392	exact complete source gloss	ECDICT exact POS gloss=yes; KyleBing exact POS gloss=yes; exam-list source=tem8
introspection	反省	n.	tem8,ielts	ECDICT MIT + KyleBing BSD-3-Clause	candidate-review.tsv:101	fan xing	Qingjian v0.1.4	2191	exact complete source gloss	ECDICT exact POS gloss=yes; KyleBing exact POS gloss=yes; exam-list source=ielts,tem8
intrusion	闯入	n.	toefl,ielts	ECDICT MIT + KyleBing BSD-3-Clause	candidate-review.tsv:121	chuang ru	Qingjian v0.1.4	1242	exact complete source gloss	ECDICT exact POS gloss=yes; KyleBing exact POS gloss=yes; exam-list source=ielts,toefl
manipulation	处理	n.	tem4,toefl	ECDICT MIT + KyleBing BSD-3-Clause	candidate-review.tsv:55	chu li	Qingjian v0.1.4	22901	exact complete source gloss	ECDICT exact POS gloss=yes; KyleBing exact POS gloss=yes; exam-list source=toefl
overdo	夸张	v.	tem4,tem8	ECDICT MIT + KyleBing BSD-3-Clause	candidate-review.tsv:75	kua zhang	Qingjian v0.1.4	6476	exact complete source gloss	ECDICT exact POS gloss=yes; KyleBing exact POS gloss=yes; exam-list source=tem4,tem8
participation	参与	n.	toefl,ielts	ECDICT MIT + KyleBing BSD-3-Clause	candidate-review.tsv:52	can yu	Qingjian v0.1.4	35853	exact complete source gloss	ECDICT exact POS gloss=yes; KyleBing exact POS gloss=yes; exam-list source=ielts,toefl
participle	分词	n.	tem4,tem8	ECDICT MIT + KyleBing BSD-3-Clause	candidate-review.tsv:154	fen ci	Qingjian v0.1.4	83	exact complete source gloss	ECDICT exact POS gloss=yes; KyleBing exact POS gloss=yes; exam-list source=tem4,tem8
profuse	很多的	adj.	toefl,ielts	ECDICT MIT + KyleBing BSD-3-Clause	candidate-review.tsv:87	hen duo de	Qingjian v0.1.4	3566	exact complete source gloss	ECDICT exact POS gloss=yes; KyleBing exact POS gloss=yes; exam-list source=ielts
profusion	大量	n.	tem8,toefl	ECDICT MIT + KyleBing BSD-3-Clause	candidate-review.tsv:61	da liang	Qingjian v0.1.4	15243	exact complete source gloss	ECDICT exact POS gloss=yes; KyleBing exact POS gloss=yes; exam-list source=tem8
rebuff	漠不关心	n.	tem4,tem8	ECDICT MIT + KyleBing BSD-3-Clause	candidate-review.tsv:151	mo bu guan xin	Qingjian v0.1.4	137	exact complete source gloss	ECDICT exact POS gloss=yes; KyleBing exact POS gloss=yes; exam-list source=tem4,tem8
recitation	详述	n.	tem4,tem8	ECDICT MIT + KyleBing BSD-3-Clause	candidate-review.tsv:149	xiang shu	Qingjian v0.1.4	163	exact complete source gloss	ECDICT exact POS gloss=yes; KyleBing exact POS gloss=yes; exam-list source=tem4,tem8
reconstruction	改造	n.	toefl,ielts	ECDICT MIT + KyleBing BSD-3-Clause	candidate-review.tsv:74	gai zao	Qingjian v0.1.4	6666	exact complete source gloss	ECDICT exact POS gloss=yes; KyleBing exact POS gloss=yes; exam-list source=toefl
reluctance	勉强	n.	cet6,tem8,toefl	ECDICT MIT + KyleBing BSD-3-Clause	candidate-review.tsv:79	mian qiang	Qingjian v0.1.4	5076	exact complete source gloss	ECDICT exact POS gloss=yes; KyleBing exact POS gloss=yes; exam-list source=tem8,toefl
reminiscence	回忆	n.	tem4,tem8	ECDICT MIT + KyleBing BSD-3-Clause	candidate-review.tsv:60	hui yi	Qingjian v0.1.4	16018	exact complete source gloss	ECDICT exact POS gloss=yes; KyleBing exact POS gloss=yes; exam-list source=tem4,tem8
reversal	翻转	n.	tem8,toefl	ECDICT MIT + KyleBing BSD-3-Clause	candidate-review.tsv:139	fan zhuan	Qingjian v0.1.4	445	exact complete source gloss	ECDICT exact POS gloss=yes; KyleBing exact POS gloss=yes; exam-list source=toefl
runaway	逃跑	n.	tem4,tem8	ECDICT MIT + KyleBing BSD-3-Clause	candidate-review.tsv:105	tao pao	Qingjian v0.1.4	1959	exact complete source gloss	ECDICT exact POS gloss=yes; KyleBing exact POS gloss=yes; exam-list source=tem4,tem8
safari	旅行	n.	tem8,ielts	ECDICT MIT + KyleBing BSD-3-Clause	candidate-review.tsv:58	lv xing	Qingjian v0.1.4	17493	exact complete source gloss	ECDICT exact POS gloss=yes; KyleBing exact POS gloss=yes; exam-list source=tem8
seizure	夺取	n.	tem4,tem8	ECDICT MIT + KyleBing BSD-3-Clause	candidate-review.tsv:97	duo qu	Qingjian v0.1.4	2387	exact complete source gloss	ECDICT exact POS gloss=yes; KyleBing exact POS gloss=yes; exam-list source=tem4,tem8
simulation	模拟	n.	toefl,ielts	ECDICT MIT + KyleBing BSD-3-Clause	candidate-review.tsv:80	mo ni	Qingjian v0.1.4	4521	exact complete source gloss	ECDICT exact POS gloss=yes; KyleBing exact POS gloss=yes; exam-list source=ielts
snobbery	势利	n.	tem4,tem8	ECDICT MIT + KyleBing BSD-3-Clause	candidate-review.tsv:153	shi li	Qingjian v0.1.4	106	exact complete source gloss	ECDICT exact POS gloss=yes; KyleBing exact POS gloss=yes; exam-list source=tem4,tem8
standstill	停止	n.	tem4,tem8	ECDICT MIT + KyleBing BSD-3-Clause	candidate-review.tsv:67	ting zhi	Qingjian v0.1.4	10620	exact complete source gloss	ECDICT exact POS gloss=yes; KyleBing exact POS gloss=yes; exam-list source=tem4,tem8
stimulation	刺激	n.	tem8,toefl	ECDICT MIT + KyleBing BSD-3-Clause	candidate-review.tsv:100	ci ji	Qingjian v0.1.4	2191	exact complete source gloss	ECDICT exact POS gloss=yes; KyleBing exact POS gloss=yes; exam-list source=tem8,toefl
sufficiency	充足	n.	tem8,toefl	ECDICT MIT + KyleBing BSD-3-Clause	candidate-review.tsv:113	chong zu	Qingjian v0.1.4	1501	exact complete source gloss	ECDICT exact POS gloss=yes; KyleBing exact POS gloss=yes; exam-list source=tem8,toefl
suitability	适合	n.	tem4,tem8	ECDICT MIT + KyleBing BSD-3-Clause	candidate-review.tsv:54	shi he	Qingjian v0.1.4	34694	exact complete source gloss	ECDICT exact POS gloss=yes; KyleBing exact POS gloss=yes; exam-list source=tem4,tem8
suppression	镇压	n.	tem8,ielts	ECDICT MIT + KyleBing BSD-3-Clause	candidate-review.tsv:94	zhen ya	Qingjian v0.1.4	2516	exact complete source gloss	ECDICT exact POS gloss=yes; KyleBing exact POS gloss=yes; exam-list source=ielts,tem8
takeover	接管	n.	tem4,tem8	ECDICT MIT + KyleBing BSD-3-Clause	candidate-review.tsv:96	jie guan	Qingjian v0.1.4	2409	exact complete source gloss	ECDICT exact POS gloss=yes; KyleBing exact POS gloss=yes; exam-list source=tem4,tem8
tenancy	租赁	n.	tem8,ielts	ECDICT MIT + KyleBing BSD-3-Clause	candidate-review.tsv:124	zu lin	Qingjian v0.1.4	1094	exact complete source gloss	ECDICT exact POS gloss=yes; KyleBing exact POS gloss=yes; exam-list source=ielts
though	可是	adv.	tem8,toefl	ECDICT MIT + KyleBing BSD-3-Clause	candidate-review.tsv:49	ke shi	Qingjian v0.1.4	80530	exact complete source gloss	ECDICT exact POS gloss=yes; KyleBing exact POS gloss=yes; exam-list source=tem8,toefl
unable	不会的	adj.	cet4,cet6,tem8,toefl	ECDICT MIT + KyleBing BSD-3-Clause	candidate-review.tsv:76	bu hui de	Qingjian v0.1.4	6037	exact complete source gloss	ECDICT exact POS gloss=yes; KyleBing exact POS gloss=yes; exam-list source=tem8,toefl
withdrawal	撤退	n.	tem8,toefl	ECDICT MIT + KyleBing BSD-3-Clause	candidate-review.tsv:89	che tui	Qingjian v0.1.4	3032	exact complete source gloss	ECDICT exact POS gloss=yes; KyleBing exact POS gloss=yes; exam-list source=tem8,toefl
abominable	讨厌的	adj.	tem8	ECDICT MIT + KyleBing BSD-3-Clause	candidate-review.tsv:241	tao yan de	Qingjian v0.1.4	2843	exact complete source gloss	ECDICT exact POS gloss=yes; KyleBing exact POS gloss=yes; exam-list source=tem8
abruptness	唐突	n.	toefl	ECDICT MIT + KyleBing BSD-3-Clause	candidate-review.tsv:360	tang tu	Qingjian v0.1.4	105	exact complete source gloss	ECDICT exact POS gloss=yes; KyleBing exact POS gloss=yes; exam-list source=toefl
accumulation	积聚	n.	toefl	ECDICT MIT + KyleBing BSD-3-Clause	candidate-review.tsv:355	ji ju	Qingjian v0.1.4	146	exact complete source gloss	ECDICT exact POS gloss=yes; KyleBing exact POS gloss=yes; exam-list source=toefl
acquittal	履行	n.	tem8	ECDICT MIT + KyleBing BSD-3-Clause	candidate-review.tsv:279	lv xing	Qingjian v0.1.4	1372	exact complete source gloss	ECDICT exact POS gloss=yes; KyleBing exact POS gloss=yes; exam-list source=tem8
adequacy	足够	n.	toefl	ECDICT MIT + KyleBing BSD-3-Clause	candidate-review.tsv:204	zu gou	Qingjian v0.1.4	7339	exact complete source gloss	ECDICT exact POS gloss=yes; KyleBing exact POS gloss=yes; exam-list source=toefl
aeration	通风	n.	ielts	ECDICT MIT + KyleBing BSD-3-Clause	candidate-review.tsv:276	tong feng	Qingjian v0.1.4	1448	exact complete source gloss	ECDICT exact POS gloss=yes; KyleBing exact POS gloss=yes; exam-list source=ielts
aggravation	恶化	n.	ielts	ECDICT MIT + KyleBing BSD-3-Clause	candidate-review.tsv:269	e hua	Qingjian v0.1.4	1708	exact complete source gloss	ECDICT exact POS gloss=yes; KyleBing exact POS gloss=yes; exam-list source=ielts
airing	通风	n.	ielts	ECDICT MIT + KyleBing BSD-3-Clause	candidate-review.tsv:275	tong feng	Qingjian v0.1.4	1448	exact complete source gloss	ECDICT exact POS gloss=yes; KyleBing exact POS gloss=yes; exam-list source=ielts
alertness	警戒	n.	toefl	ECDICT MIT + KyleBing BSD-3-Clause	candidate-review.tsv:294	jing jie	Qingjian v0.1.4	964	exact complete source gloss	ECDICT exact POS gloss=yes; KyleBing exact POS gloss=yes; exam-list source=toefl
amalgamation	合并	n.	toefl	ECDICT MIT + KyleBing BSD-3-Clause	candidate-review.tsv:175	he bing	Qingjian v0.1.4	16459	exact complete source gloss	ECDICT exact POS gloss=yes; KyleBing exact POS gloss=yes; exam-list source=toefl
amazement	惊异	n.	toefl	ECDICT MIT + KyleBing BSD-3-Clause	candidate-review.tsv:358	jing yi	Qingjian v0.1.4	110	exact complete source gloss	ECDICT exact POS gloss=yes; KyleBing exact POS gloss=yes; exam-list source=toefl
amiability	和蔼可亲	n.	tem8	ECDICT MIT + KyleBing BSD-3-Clause	candidate-review.tsv:373	he ai ke qin	Qingjian v0.1.4	51	exact complete source gloss	ECDICT exact POS gloss=yes; KyleBing exact POS gloss=yes; exam-list source=tem8
amplification	扩大	n.	toefl	ECDICT MIT + KyleBing BSD-3-Clause	candidate-review.tsv:213	kuo da	Qingjian v0.1.4	5543	exact complete source gloss	ECDICT exact POS gloss=yes; KyleBing exact POS gloss=yes; exam-list source=toefl
anathema	诅咒	n.	toefl	ECDICT MIT + KyleBing BSD-3-Clause	candidate-review.tsv:225	zu zhou	Qingjian v0.1.4	3849	exact complete source gloss	ECDICT exact POS gloss=yes; KyleBing exact POS gloss=yes; exam-list source=toefl
anomie	混乱	n.	toefl	ECDICT MIT + KyleBing BSD-3-Clause	candidate-review.tsv:224	hun luan	Qingjian v0.1.4	3986	exact complete source gloss	ECDICT exact POS gloss=yes; KyleBing exact POS gloss=yes; exam-list source=toefl
apportionment	分配	n.	toefl	ECDICT MIT + KyleBing BSD-3-Clause	candidate-review.tsv:209	fen pei	Qingjian v0.1.4	6297	exact complete source gloss	ECDICT exact POS gloss=yes; KyleBing exact POS gloss=yes; exam-list source=toefl
approximation	接近	n.	toefl	ECDICT MIT + KyleBing BSD-3-Clause	candidate-review.tsv:188	jie jin	Qingjian v0.1.4	9729	exact complete source gloss	ECDICT exact POS gloss=yes; KyleBing exact POS gloss=yes; exam-list source=toefl
avoidance	避免	n.	toefl	ECDICT MIT + KyleBing BSD-3-Clause	candidate-review.tsv:196	bi mian	Qingjian v0.1.4	8458	exact complete source gloss	ECDICT exact POS gloss=yes; KyleBing exact POS gloss=yes; exam-list source=toefl
awhile	一会儿	adv.	toefl	ECDICT MIT + KyleBing BSD-3-Clause	candidate-review.tsv:197	yi hui er	Qingjian v0.1.4	8257	exact complete source gloss	ECDICT exact POS gloss=yes; KyleBing exact POS gloss=yes; exam-list source=toefl
blockage	封锁	n.	toefl	ECDICT MIT + KyleBing BSD-3-Clause	candidate-review.tsv:247	feng suo	Qingjian v0.1.4	2671	exact complete source gloss	ECDICT exact POS gloss=yes; KyleBing exact POS gloss=yes; exam-list source=toefl
bombardment	炮击	n.	toefl	ECDICT MIT + KyleBing BSD-3-Clause	candidate-review.tsv:290	pao ji	Qingjian v0.1.4	1032	exact complete source gloss	ECDICT exact POS gloss=yes; KyleBing exact POS gloss=yes; exam-list source=toefl
breakage	破坏	n.	toefl	ECDICT MIT + KyleBing BSD-3-Clause	candidate-review.tsv:186	po huai	Qingjian v0.1.4	10026	exact complete source gloss	ECDICT exact POS gloss=yes; KyleBing exact POS gloss=yes; exam-list source=toefl
breakup	崩溃	n.	toefl	ECDICT MIT + KyleBing BSD-3-Clause	candidate-review.tsv:205	beng kui	Qingjian v0.1.4	7043	exact complete source gloss	ECDICT exact POS gloss=yes; KyleBing exact POS gloss=yes; exam-list source=toefl
brevity	短暂	n.	tem8	ECDICT MIT + KyleBing BSD-3-Clause	candidate-review.tsv:218	duan zan	Qingjian v0.1.4	4802	exact complete source gloss	ECDICT exact POS gloss=yes; KyleBing exact POS gloss=yes; exam-list source=tem8
briskness	活泼	n.	toefl	ECDICT MIT + KyleBing BSD-3-Clause	candidate-review.tsv:252	huo po	Qingjian v0.1.4	2358	exact complete source gloss	ECDICT exact POS gloss=yes; KyleBing exact POS gloss=yes; exam-list source=toefl
buildup	集结	n.	toefl	ECDICT MIT + KyleBing BSD-3-Clause	candidate-review.tsv:246	ji jie	Qingjian v0.1.4	2777	exact complete source gloss	ECDICT exact POS gloss=yes; KyleBing exact POS gloss=yes; exam-list source=toefl
cackle	饶舌	n.	tem8	ECDICT MIT + KyleBing BSD-3-Clause	candidate-review.tsv:288	rao she	Qingjian v0.1.4	1168	exact complete source gloss	ECDICT exact POS gloss=yes; KyleBing exact POS gloss=yes; exam-list source=tem8
catharsis	净化	n.	toefl	ECDICT MIT + KyleBing BSD-3-Clause	candidate-review.tsv:271	jing hua	Qingjian v0.1.4	1669	exact complete source gloss	ECDICT exact POS gloss=yes; KyleBing exact POS gloss=yes; exam-list source=toefl
chagrin	懊恼	n.	toefl	ECDICT MIT + KyleBing BSD-3-Clause	candidate-review.tsv:339	ao nao	Qingjian v0.1.4	303	exact complete source gloss	ECDICT exact POS gloss=yes; KyleBing exact POS gloss=yes; exam-list source=toefl
changeover	转换	n.	toefl	ECDICT MIT + KyleBing BSD-3-Clause	candidate-review.tsv:223	zhuan huan	Qingjian v0.1.4	4054	exact complete source gloss	ECDICT exact POS gloss=yes; KyleBing exact POS gloss=yes; exam-list source=toefl
check-up	检查	n.	ielts	ECDICT MIT + KyleBing BSD-3-Clause	candidate-review.tsv:185	jian cha	Qingjian v0.1.4	10063	exact complete source gloss	ECDICT exact POS gloss=yes; KyleBing exact POS gloss=yes; exam-list source=ielts
clarification	澄清	n.	toefl	ECDICT MIT + KyleBing BSD-3-Clause	candidate-review.tsv:254	cheng qing	Qingjian v0.1.4	2306	exact complete source gloss	ECDICT exact POS gloss=yes; KyleBing exact POS gloss=yes; exam-list source=toefl
coalescence	合并	n.	toefl	ECDICT MIT + KyleBing BSD-3-Clause	candidate-review.tsv:176	he bing	Qingjian v0.1.4	16459	exact complete source gloss	ECDICT exact POS gloss=yes; KyleBing exact POS gloss=yes; exam-list source=toefl
compactness	紧密	n.	toefl	ECDICT MIT + KyleBing BSD-3-Clause	candidate-review.tsv:280	jin mi	Qingjian v0.1.4	1371	exact complete source gloss	ECDICT exact POS gloss=yes; KyleBing exact POS gloss=yes; exam-list source=toefl
complacence	满足	n.	toefl	ECDICT MIT + KyleBing BSD-3-Clause	candidate-review.tsv:178	man zu	Qingjian v0.1.4	14180	exact complete source gloss	ECDICT exact POS gloss=yes; KyleBing exact POS gloss=yes; exam-list source=toefl
condescension	屈尊	n.	tem8	ECDICT MIT + KyleBing BSD-3-Clause	candidate-review.tsv:379	qu zun	Qingjian v0.1.4	24	exact complete source gloss	ECDICT exact POS gloss=yes; KyleBing exact POS gloss=yes; exam-list source=tem8
conduction	传导	n.	toefl	ECDICT MIT + KyleBing BSD-3-Clause	candidate-review.tsv:337	chuan dao	Qingjian v0.1.4	313	exact complete source gloss	ECDICT exact POS gloss=yes; KyleBing exact POS gloss=yes; exam-list source=toefl
congruence	适合	n.	tem8	ECDICT MIT + KyleBing BSD-3-Clause	candidate-review.tsv:163	shi he	Qingjian v0.1.4	34694	exact complete source gloss	ECDICT exact POS gloss=yes; KyleBing exact POS gloss=yes; exam-list source=tem8
consolation	安慰	n.	ielts	ECDICT MIT + KyleBing BSD-3-Clause	candidate-review.tsv:172	an wei	Qingjian v0.1.4	17745	exact complete source gloss	ECDICT exact POS gloss=yes; KyleBing exact POS gloss=yes; exam-list source=ielts
contemplation	沉思	n.	tem8	ECDICT MIT + KyleBing BSD-3-Clause	candidate-review.tsv:328	chen si	Qingjian v0.1.4	405	exact complete source gloss	ECDICT exact POS gloss=yes; KyleBing exact POS gloss=yes; exam-list source=tem8
contraception	避孕	n.	tem8	ECDICT MIT + KyleBing BSD-3-Clause	candidate-review.tsv:345	bi yun	Qingjian v0.1.4	248	exact complete source gloss	ECDICT exact POS gloss=yes; KyleBing exact POS gloss=yes; exam-list source=tem8
depredation	破坏	n.	toefl	ECDICT MIT + KyleBing BSD-3-Clause	candidate-review.tsv:187	po huai	Qingjian v0.1.4	10026	exact complete source gloss	ECDICT exact POS gloss=yes; KyleBing exact POS gloss=yes; exam-list source=toefl
desiccation	干燥	n.	toefl	ECDICT MIT + KyleBing BSD-3-Clause	candidate-review.tsv:257	gan zao	Qingjian v0.1.4	2203	exact complete source gloss	ECDICT exact POS gloss=yes; KyleBing exact POS gloss=yes; exam-list source=toefl
devastation	毁坏	n.	toefl	ECDICT MIT + KyleBing BSD-3-Clause	candidate-review.tsv:302	hui huai	Qingjian v0.1.4	821	exact complete source gloss	ECDICT exact POS gloss=yes; KyleBing exact POS gloss=yes; exam-list source=toefl
diffusion	传播	n.	toefl	ECDICT MIT + KyleBing BSD-3-Clause	candidate-review.tsv:199	chuan bo	Qingjian v0.1.4	7671	exact complete source gloss	ECDICT exact POS gloss=yes; KyleBing exact POS gloss=yes; exam-list source=toefl
digression	离题	n.	toefl	ECDICT MIT + KyleBing BSD-3-Clause	candidate-review.tsv:371	li ti	Qingjian v0.1.4	52	exact complete source gloss	ECDICT exact POS gloss=yes; KyleBing exact POS gloss=yes; exam-list source=toefl
dilution	稀释	n.	toefl	ECDICT MIT + KyleBing BSD-3-Clause	candidate-review.tsv:327	xi shi	Qingjian v0.1.4	409	exact complete source gloss	ECDICT exact POS gloss=yes; KyleBing exact POS gloss=yes; exam-list source=toefl
diminution	降低	n.	toefl	Chinese Open Wordnet	n:00351638	jiang di	Qingjian v0.1.4	5993	exact English/Chinese synset	same WordNet synset; same POS; current Chinese candidate key
dimly	朦胧	adv.	toefl	ECDICT MIT + KyleBing BSD-3-Clause	candidate-review.tsv:273	meng long	Qingjian v0.1.4	1534	exact complete source gloss	ECDICT exact POS gloss=yes; KyleBing exact POS gloss=yes; exam-list source=toefl
disarmament	裁军	n.	tem8	ECDICT MIT + KyleBing BSD-3-Clause	candidate-review.tsv:353	cai jun	Qingjian v0.1.4	154	exact complete source gloss	ECDICT exact POS gloss=yes; KyleBing exact POS gloss=yes; exam-list source=tem8
disclaimer	弃权	n.	toefl	KyleBing BSD-3-Clause	candidate-review.tsv:1258	qi quan	Qingjian v0.1.4	496	exact complete source gloss	ECDICT exact POS gloss=no; KyleBing exact POS gloss=yes; exam-list source=toefl
disclosure	揭发	n.	tem8	ECDICT MIT + KyleBing BSD-3-Clause	candidate-review.tsv:286	jie fa	Qingjian v0.1.4	1245	exact complete source gloss	ECDICT exact POS gloss=yes; KyleBing exact POS gloss=yes; exam-list source=tem8
discontinuity	中断	n.	toefl	ECDICT MIT + KyleBing BSD-3-Clause	candidate-review.tsv:253	zhong duan	Qingjian v0.1.4	2337	exact complete source gloss	ECDICT exact POS gloss=yes; KyleBing exact POS gloss=yes; exam-list source=toefl
disharmony	不一致	n.	ielts	ECDICT MIT + KyleBing BSD-3-Clause	candidate-review.tsv:325	bu yi zhi	Qingjian v0.1.4	446	exact complete source gloss	ECDICT exact POS gloss=yes; KyleBing exact POS gloss=yes; exam-list source=ielts
disillusionment	觉醒	n.	ielts	ECDICT MIT + KyleBing BSD-3-Clause	candidate-review.tsv:263	jue xing	Qingjian v0.1.4	1858	exact complete source gloss	ECDICT exact POS gloss=yes; KyleBing exact POS gloss=yes; exam-list source=ielts
disobedience	违反	n.	cet6,tem8	ECDICT MIT + KyleBing BSD-3-Clause	candidate-review.tsv:215	wei fan	Qingjian v0.1.4	5248	exact complete source gloss	ECDICT exact POS gloss=yes; KyleBing exact POS gloss=yes; exam-list source=tem8
dissemination	传播	n.	ielts	ECDICT MIT + KyleBing BSD-3-Clause	candidate-review.tsv:200	chuan bo	Qingjian v0.1.4	7671	exact complete source gloss	ECDICT exact POS gloss=yes; KyleBing exact POS gloss=yes; exam-list source=ielts
distasteful	讨厌的	adj.	toefl	ECDICT MIT + KyleBing BSD-3-Clause	candidate-review.tsv:237	tao yan de	Qingjian v0.1.4	2843	exact complete source gloss	ECDICT exact POS gloss=yes; KyleBing exact POS gloss=yes; exam-list source=toefl
domestication	教化	n.	toefl	ECDICT MIT + KyleBing BSD-3-Clause	candidate-review.tsv:338	jiao hua	Qingjian v0.1.4	311	exact complete source gloss	ECDICT exact POS gloss=yes; KyleBing exact POS gloss=yes; exam-list source=toefl
domination	控制	n.	cet4,ielts	ECDICT MIT + KyleBing BSD-3-Clause	candidate-review.tsv:165	kong zhi	Qingjian v0.1.4	30760	exact complete source gloss	ECDICT exact POS gloss=yes; KyleBing exact POS gloss=yes; exam-list source=ielts
dryness	干燥	n.	toefl	ECDICT MIT + KyleBing BSD-3-Clause	candidate-review.tsv:256	gan zao	Qingjian v0.1.4	2203	exact complete source gloss	ECDICT exact POS gloss=yes; KyleBing exact POS gloss=yes; exam-list source=toefl
earnestness	认真	n.	toefl	ECDICT MIT + KyleBing BSD-3-Clause	candidate-review.tsv:169	ren zhen	Qingjian v0.1.4	25368	exact complete source gloss	ECDICT exact POS gloss=yes; KyleBing exact POS gloss=yes; exam-list source=toefl
ejection	喷出	n.	ielts	ECDICT MIT + KyleBing BSD-3-Clause	candidate-review.tsv:333	pen chu	Qingjian v0.1.4	353	exact complete source gloss	ECDICT exact POS gloss=yes; KyleBing exact POS gloss=yes; exam-list source=ielts
enhancement	增加	n.	toefl	ECDICT MIT + KyleBing BSD-3-Clause	candidate-review.tsv:171	zeng jia	Qingjian v0.1.4	22397	exact complete source gloss	ECDICT exact POS gloss=yes; KyleBing exact POS gloss=yes; exam-list source=toefl
enrichment	丰富	n.	toefl	ECDICT MIT + KyleBing BSD-3-Clause	candidate-review.tsv:191	feng fu	Qingjian v0.1.4	9438	exact complete source gloss	ECDICT exact POS gloss=yes; KyleBing exact POS gloss=yes; exam-list source=toefl
estimation	估计	n.	tem8	ECDICT MIT + KyleBing BSD-3-Clause	candidate-review.tsv:158	gu ji	Qingjian v0.1.4	54782	exact complete source gloss	ECDICT exact POS gloss=yes; KyleBing exact POS gloss=yes; exam-list source=tem8
evenness	平均	n.	toefl	ECDICT MIT + KyleBing BSD-3-Clause	candidate-review.tsv:164	ping jun	Qingjian v0.1.4	34623	exact complete source gloss	ECDICT exact POS gloss=yes; KyleBing exact POS gloss=yes; exam-list source=toefl
excitation	兴奋	n.	toefl	ECDICT MIT + KyleBing BSD-3-Clause	candidate-review.tsv:207	xing fen	Qingjian v0.1.4	6817	exact complete source gloss	ECDICT exact POS gloss=yes; KyleBing exact POS gloss=yes; exam-list source=toefl
exertion	努力	n.	cet6,toefl	ECDICT MIT + KyleBing BSD-3-Clause	candidate-review.tsv:157	nu li	Qingjian v0.1.4	62215	exact complete source gloss	ECDICT exact POS gloss=yes; KyleBing exact POS gloss=yes; exam-list source=toefl
extermination	消灭	n.	toefl	ECDICT MIT + KyleBing BSD-3-Clause	candidate-review.tsv:220	xiao mie	Qingjian v0.1.4	4282	exact complete source gloss	ECDICT exact POS gloss=yes; KyleBing exact POS gloss=yes; exam-list source=toefl
extrusion	推出	n.	ielts	ECDICT MIT + KyleBing BSD-3-Clause	candidate-review.tsv:174	tui chu	Qingjian v0.1.4	17070	exact complete source gloss	ECDICT exact POS gloss=yes; KyleBing exact POS gloss=yes; exam-list source=ielts
familiarity	熟悉	n.	toefl	ECDICT MIT + KyleBing BSD-3-Clause	candidate-review.tsv:194	shu xi	Qingjian v0.1.4	9081	exact complete source gloss	ECDICT exact POS gloss=yes; KyleBing exact POS gloss=yes; exam-list source=toefl
fertilization	施肥	n.	toefl	ECDICT MIT + KyleBing BSD-3-Clause	candidate-review.tsv:368	shi fei	Qingjian v0.1.4	72	exact complete source gloss	ECDICT exact POS gloss=yes; KyleBing exact POS gloss=yes; exam-list source=toefl
fixation	固定	n.	toefl	ECDICT MIT + KyleBing BSD-3-Clause	candidate-review.tsv:203	gu ding	Qingjian v0.1.4	7345	exact complete source gloss	ECDICT exact POS gloss=yes; KyleBing exact POS gloss=yes; exam-list source=toefl
forbearance	自制	n.	toefl	ECDICT MIT + KyleBing BSD-3-Clause	candidate-review.tsv:255	zi zhi	Qingjian v0.1.4	2225	exact complete source gloss	ECDICT exact POS gloss=yes; KyleBing exact POS gloss=yes; exam-list source=toefl
forgiveness	宽恕	n.	toefl	ECDICT MIT + KyleBing BSD-3-Clause	candidate-review.tsv:330	kuan shu	Qingjian v0.1.4	396	exact complete source gloss	ECDICT exact POS gloss=yes; KyleBing exact POS gloss=yes; exam-list source=toefl
fragility	脆弱	n.	toefl	ECDICT MIT + KyleBing BSD-3-Clause	candidate-review.tsv:233	cui ruo	Qingjian v0.1.4	3076	exact complete source gloss	ECDICT exact POS gloss=yes; KyleBing exact POS gloss=yes; exam-list source=toefl
fulfillment	实现	n.	ielts	ECDICT MIT + KyleBing BSD-3-Clause	candidate-review.tsv:173	shi xian	Qingjian v0.1.4	17168	exact complete source gloss	ECDICT exact POS gloss=yes; KyleBing exact POS gloss=yes; exam-list source=ielts
fullness	丰富	n.	toefl	ECDICT MIT + KyleBing BSD-3-Clause	candidate-review.tsv:192	feng fu	Qingjian v0.1.4	9438	exact complete source gloss	ECDICT exact POS gloss=yes; KyleBing exact POS gloss=yes; exam-list source=toefl
gyration	回转	n.	toefl	ECDICT MIT + KyleBing BSD-3-Clause	candidate-review.tsv:324	hui zhuan	Qingjian v0.1.4	452	exact complete source gloss	ECDICT exact POS gloss=yes; KyleBing exact POS gloss=yes; exam-list source=toefl
handiness	敏捷	n.	tem8	ECDICT MIT + KyleBing BSD-3-Clause	candidate-review.tsv:312	min jie	Qingjian v0.1.4	628	exact complete source gloss	ECDICT exact POS gloss=yes; KyleBing exact POS gloss=yes; exam-list source=tem8
harshness	严肃	n.	toefl	ECDICT MIT + KyleBing BSD-3-Clause	candidate-review.tsv:222	yan su	Qingjian v0.1.4	4087	exact complete source gloss	ECDICT exact POS gloss=yes; KyleBing exact POS gloss=yes; exam-list source=toefl
helplessness	无能为力	n.	toefl	ECDICT MIT + KyleBing BSD-3-Clause	candidate-review.tsv:277	wu neng wei li	Qingjian v0.1.4	1394	exact complete source gloss	ECDICT exact POS gloss=yes; KyleBing exact POS gloss=yes; exam-list source=toefl
hiding	隐匿	n.	tem8	ECDICT MIT + KyleBing BSD-3-Clause	candidate-review.tsv:340	yin ni	Qingjian v0.1.4	289	exact complete source gloss	ECDICT exact POS gloss=yes; KyleBing exact POS gloss=yes; exam-list source=tem8
hither	这边的	adj.	tem8	ECDICT MIT + KyleBing BSD-3-Clause	candidate-review.tsv:250	zhe bian de	Qingjian v0.1.4	2467	exact complete source gloss	ECDICT exact POS gloss=yes; KyleBing exact POS gloss=yes; exam-list source=tem8
horrid	可怕的	adj.	tem8	ECDICT MIT + KyleBing BSD-3-Clause	candidate-review.tsv:226	ke pa de	Qingjian v0.1.4	3825	exact complete source gloss	ECDICT exact POS gloss=yes; KyleBing exact POS gloss=yes; exam-list source=tem8
imbecility	低能	n.	tem8	ECDICT MIT + KyleBing BSD-3-Clause	candidate-review.tsv:354	di neng	Qingjian v0.1.4	151	exact complete source gloss	ECDICT exact POS gloss=yes; KyleBing exact POS gloss=yes; exam-list source=tem8
immobility	不动	n.	toefl	ECDICT MIT + KyleBing BSD-3-Clause	candidate-review.tsv:182	bu dong	Qingjian v0.1.4	11237	exact complete source gloss	ECDICT exact POS gloss=yes; KyleBing exact POS gloss=yes; exam-list source=toefl
impatience	急躁	n.	tem8	ECDICT MIT + KyleBing BSD-3-Clause	candidate-review.tsv:336	ji zao	Qingjian v0.1.4	324	exact complete source gloss	ECDICT exact POS gloss=yes; KyleBing exact POS gloss=yes; exam-list source=tem8
impersonation	扮演	n.	toefl	ECDICT MIT + KyleBing BSD-3-Clause	candidate-review.tsv:212	ban yan	Qingjian v0.1.4	5890	exact complete source gloss	ECDICT exact POS gloss=yes; KyleBing exact POS gloss=yes; exam-list source=toefl
importation	进口	n.	toefl	ECDICT MIT + KyleBing BSD-3-Clause	candidate-review.tsv:230	jin kou	Qingjian v0.1.4	3329	exact complete source gloss	ECDICT exact POS gloss=yes; KyleBing exact POS gloss=yes; exam-list source=toefl
infiltration	渗透	n.	toefl	ECDICT MIT + KyleBing BSD-3-Clause	candidate-review.tsv:289	shen tou	Qingjian v0.1.4	1036	exact complete source gloss	ECDICT exact POS gloss=yes; KyleBing exact POS gloss=yes; exam-list source=toefl
inflammatory	激动的	adj.	tem8	ECDICT MIT + KyleBing BSD-3-Clause	candidate-review.tsv:260	ji dong de	Qingjian v0.1.4	2151	exact complete source gloss	ECDICT exact POS gloss=yes; KyleBing exact POS gloss=yes; exam-list source=tem8
ingoing	进入	n.	toefl	ECDICT MIT + KyleBing BSD-3-Clause	candidate-review.tsv:162	jin ru	Qingjian v0.1.4	38786	exact complete source gloss	ECDICT exact POS gloss=yes; KyleBing exact POS gloss=yes; exam-list source=toefl
inhumanity	残暴	n.	tem8	ECDICT MIT + KyleBing BSD-3-Clause	candidate-review.tsv:319	can bao	Qingjian v0.1.4	515	exact complete source gloss	ECDICT exact POS gloss=yes; KyleBing exact POS gloss=yes; exam-list source=tem8
inquest	审讯	n.	tem8	ECDICT MIT + KyleBing BSD-3-Clause	candidate-review.tsv:292	shen xun	Qingjian v0.1.4	989	exact complete source gloss	ECDICT exact POS gloss=yes; KyleBing exact POS gloss=yes; exam-list source=tem8
insensibility	不在乎	n.	tem8	ECDICT MIT + KyleBing BSD-3-Clause	candidate-review.tsv:245	bu zai hu	Qingjian v0.1.4	2819	exact complete source gloss	ECDICT exact POS gloss=yes; KyleBing exact POS gloss=yes; exam-list source=tem8
insomuch	由于	adv.	tem8	ECDICT MIT + KyleBing BSD-3-Clause	candidate-review.tsv:159	you yu	Qingjian v0.1.4	53009	exact complete source gloss	ECDICT exact POS gloss=yes; KyleBing exact POS gloss=yes; exam-list source=tem8
irksome	讨厌的	adj.	tem8	ECDICT MIT + KyleBing BSD-3-Clause	candidate-review.tsv:242	tao yan de	Qingjian v0.1.4	2843	exact complete source gloss	ECDICT exact POS gloss=yes; KyleBing exact POS gloss=yes; exam-list source=tem8
lee	保护	n.	tem8	ECDICT MIT + KyleBing BSD-3-Clause	candidate-review.tsv:160	bao hu	Qingjian v0.1.4	45530	exact complete source gloss	ECDICT exact POS gloss=yes; KyleBing exact POS gloss=yes; exam-list source=tem8
leniency	温和	n.	tem8	ECDICT MIT + KyleBing BSD-3-Clause	candidate-review.tsv:264	wen he	Qingjian v0.1.4	1849	exact complete source gloss	ECDICT exact POS gloss=yes; KyleBing exact POS gloss=yes; exam-list source=tem8
lightness	轻盈	n.	toefl	ECDICT MIT + KyleBing BSD-3-Clause	candidate-review.tsv:335	qing ying	Qingjian v0.1.4	325	exact complete source gloss	ECDICT exact POS gloss=yes; KyleBing exact POS gloss=yes; exam-list source=toefl
liveliness	活泼	n.	toefl	ECDICT MIT + KyleBing BSD-3-Clause	candidate-review.tsv:251	huo po	Qingjian v0.1.4	2358	exact complete source gloss	ECDICT exact POS gloss=yes; KyleBing exact POS gloss=yes; exam-list source=toefl
loathsome	讨厌的	adj.	toefl	ECDICT MIT + KyleBing BSD-3-Clause	candidate-review.tsv:240	tao yan de	Qingjian v0.1.4	2843	exact complete source gloss	ECDICT exact POS gloss=yes; KyleBing exact POS gloss=yes; exam-list source=toefl
macabre	可怕的	adj.	tem8	ECDICT MIT + KyleBing BSD-3-Clause	candidate-review.tsv:227	ke pa de	Qingjian v0.1.4	3825	exact complete source gloss	ECDICT exact POS gloss=yes; KyleBing exact POS gloss=yes; exam-list source=tem8
maturation	成熟	n.	cet6,toefl	ECDICT MIT + KyleBing BSD-3-Clause	candidate-review.tsv:180	cheng shu	Qingjian v0.1.4	11598	exact complete source gloss	ECDICT exact POS gloss=yes; KyleBing exact POS gloss=yes; exam-list source=toefl
misapprehension	误会	n.	tem8	ECDICT MIT + KyleBing BSD-3-Clause	candidate-review.tsv:214	wu hui	Qingjian v0.1.4	5346	exact complete source gloss	ECDICT exact POS gloss=yes; KyleBing exact POS gloss=yes; exam-list source=tem8
narcosis	麻醉	n.	toefl	ECDICT MIT + KyleBing BSD-3-Clause	candidate-review.tsv:334	ma zui	Qingjian v0.1.4	345	exact complete source gloss	ECDICT exact POS gloss=yes; KyleBing exact POS gloss=yes; exam-list source=toefl
nearness	接近	n.	toefl	ECDICT MIT + KyleBing BSD-3-Clause	candidate-review.tsv:189	jie jin	Qingjian v0.1.4	9729	exact complete source gloss	ECDICT exact POS gloss=yes; KyleBing exact POS gloss=yes; exam-list source=toefl
neatness	干净	n.	toefl	ECDICT MIT + KyleBing BSD-3-Clause	candidate-review.tsv:181	gan jing	Qingjian v0.1.4	11353	exact complete source gloss	ECDICT exact POS gloss=yes; KyleBing exact POS gloss=yes; exam-list source=toefl
nomadism	流浪	n.	toefl	ECDICT MIT + KyleBing BSD-3-Clause	candidate-review.tsv:206	liu lang	Qingjian v0.1.4	7042	exact complete source gloss	ECDICT exact POS gloss=yes; KyleBing exact POS gloss=yes; exam-list source=toefl
nomination	任命	n.	tem8	ECDICT MIT + KyleBing BSD-3-Clause	candidate-review.tsv:179	ren ming	Qingjian v0.1.4	12044	exact complete source gloss	ECDICT exact POS gloss=yes; KyleBing exact POS gloss=yes; exam-list source=tem8
outpouring	流出	n.	toefl	ECDICT MIT + KyleBing BSD-3-Clause	candidate-review.tsv:304	liu chu	Qingjian v0.1.4	808	exact complete source gloss	ECDICT exact POS gloss=yes; KyleBing exact POS gloss=yes; exam-list source=toefl
pains	辛苦	n.	ielts	ECDICT MIT + KyleBing BSD-3-Clause	candidate-review.tsv:161	xin ku	Qingjian v0.1.4	44158	exact complete source gloss	ECDICT exact POS gloss=yes; KyleBing exact POS gloss=yes; exam-list source=ielts
pesky	讨厌的	adj.	toefl	ECDICT MIT + KyleBing BSD-3-Clause	candidate-review.tsv:238	tao yan de	Qingjian v0.1.4	2843	exact complete source gloss	ECDICT exact POS gloss=yes; KyleBing exact POS gloss=yes; exam-list source=toefl
plaint	抱怨	n.	toefl	ECDICT MIT + KyleBing BSD-3-Clause	candidate-review.tsv:234	bao yuan	Qingjian v0.1.4	3069	exact complete source gloss	ECDICT exact POS gloss=yes; KyleBing exact POS gloss=yes; exam-list source=toefl
plaudit	赞美	n.	toefl	ECDICT MIT + KyleBing BSD-3-Clause	candidate-review.tsv:248	zan mei	Qingjian v0.1.4	2611	exact complete source gloss	ECDICT exact POS gloss=yes; KyleBing exact POS gloss=yes; exam-list source=toefl
plethora	过剩	n.	toefl	ECDICT MIT + KyleBing BSD-3-Clause	candidate-review.tsv:326	guo sheng	Qingjian v0.1.4	410	exact complete source gloss	ECDICT exact POS gloss=yes; KyleBing exact POS gloss=yes; exam-list source=toefl
pollination	授粉	n.	toefl	ECDICT MIT + KyleBing BSD-3-Clause	candidate-review.tsv:361	shou fen	Qingjian v0.1.4	104	exact complete source gloss	ECDICT exact POS gloss=yes; KyleBing exact POS gloss=yes; exam-list source=toefl
precedence	优先	n.	ielts	ECDICT MIT + KyleBing BSD-3-Clause	candidate-review.tsv:235	you xian	Qingjian v0.1.4	3012	exact complete source gloss	ECDICT exact POS gloss=yes; KyleBing exact POS gloss=yes; exam-list source=ielts
putrefaction	腐败	n.	toefl	ECDICT MIT + KyleBing BSD-3-Clause	candidate-review.tsv:281	fu bai	Qingjian v0.1.4	1355	exact complete source gloss	ECDICT exact POS gloss=yes; KyleBing exact POS gloss=yes; exam-list source=toefl
readiness	敏捷	n.	tem8	ECDICT MIT + KyleBing BSD-3-Clause	candidate-review.tsv:311	min jie	Qingjian v0.1.4	628	exact complete source gloss	ECDICT exact POS gloss=yes; KyleBing exact POS gloss=yes; exam-list source=tem8
reclamation	开垦	n.	toefl	ECDICT MIT + KyleBing BSD-3-Clause	candidate-review.tsv:316	kai ken	Qingjian v0.1.4	556	exact complete source gloss	ECDICT exact POS gloss=yes; KyleBing exact POS gloss=yes; exam-list source=toefl
reelection	改选	n.	toefl	ECDICT MIT + KyleBing BSD-3-Clause	candidate-review.tsv:329	gai xuan	Qingjian v0.1.4	404	exact complete source gloss	ECDICT exact POS gloss=yes; KyleBing exact POS gloss=yes; exam-list source=toefl
refrigeration	冷藏	n.	toefl	ECDICT MIT + KyleBing BSD-3-Clause	candidate-review.tsv:309	leng cang	Qingjian v0.1.4	711	exact complete source gloss	ECDICT exact POS gloss=yes; KyleBing exact POS gloss=yes; exam-list source=toefl
rehabilitation	复原	n.	toefl	ECDICT MIT + KyleBing BSD-3-Clause	candidate-review.tsv:291	fu yuan	Qingjian v0.1.4	989	exact complete source gloss	ECDICT exact POS gloss=yes; KyleBing exact POS gloss=yes; exam-list source=toefl
remediation	补习	n.	toefl	ECDICT MIT + KyleBing BSD-3-Clause	candidate-review.tsv:303	bu xi	Qingjian v0.1.4	811	exact complete source gloss	ECDICT exact POS gloss=yes; KyleBing exact POS gloss=yes; exam-list source=toefl
repayment	偿还	n.	tem8	ECDICT MIT + KyleBing BSD-3-Clause	candidate-review.tsv:321	chang huan	Qingjian v0.1.4	502	exact complete source gloss	ECDICT exact POS gloss=yes; KyleBing exact POS gloss=yes; exam-list source=tem8
replenishment	补充	n.	toefl	ECDICT MIT + KyleBing BSD-3-Clause	candidate-review.tsv:217	bu chong	Qingjian v0.1.4	5205	exact complete source gloss	ECDICT exact POS gloss=yes; KyleBing exact POS gloss=yes; exam-list source=toefl
repugnant	讨厌的	adj.	tem8	ECDICT MIT + KyleBing BSD-3-Clause	candidate-review.tsv:239	tao yan de	Qingjian v0.1.4	2843	exact complete source gloss	ECDICT exact POS gloss=yes; KyleBing exact POS gloss=yes; exam-list source=tem8
resale	转售	n.	toefl	ECDICT MIT + KyleBing BSD-3-Clause	candidate-review.tsv:347	zhuan shou	Qingjian v0.1.4	222	exact complete source gloss	ECDICT exact POS gloss=yes; KyleBing exact POS gloss=yes; exam-list source=toefl
resourcefulness	足智多谋	n.	toefl	ECDICT MIT + KyleBing BSD-3-Clause	candidate-review.tsv:374	zu zhi duo mou	Qingjian v0.1.4	44	exact complete source gloss	ECDICT exact POS gloss=yes; KyleBing exact POS gloss=yes; exam-list source=toefl
resuscitation	复兴	n.	tem8	ECDICT MIT + KyleBing BSD-3-Clause	candidate-review.tsv:232	fu xing	Qingjian v0.1.4	3199	exact complete source gloss	ECDICT exact POS gloss=yes; KyleBing exact POS gloss=yes; exam-list source=tem8
retrenchment	节省	n.	ielts	ECDICT MIT + KyleBing BSD-3-Clause	candidate-review.tsv:282	jie sheng	Qingjian v0.1.4	1297	exact complete source gloss	ECDICT exact POS gloss=yes; KyleBing exact POS gloss=yes; exam-list source=ielts
richness	富裕	n.	toefl	ECDICT MIT + KyleBing BSD-3-Clause	candidate-review.tsv:274	fu yu	Qingjian v0.1.4	1500	exact complete source gloss	ECDICT exact POS gloss=yes; KyleBing exact POS gloss=yes; exam-list source=toefl
rote	死记硬背	n.	toefl	ECDICT MIT + KyleBing BSD-3-Clause	candidate-review.tsv:381	si ji ying bei	Qingjian v0.1.4	14	exact complete source gloss	ECDICT exact POS gloss=yes; KyleBing exact POS gloss=yes; exam-list source=toefl
roughness	粗糙	n.	toefl	ECDICT MIT + KyleBing BSD-3-Clause	candidate-review.tsv:285	cu cao	Qingjian v0.1.4	1267	exact complete source gloss	ECDICT exact POS gloss=yes; KyleBing exact POS gloss=yes; exam-list source=toefl
rueful	可怜的	adj.	tem8	ECDICT MIT + KyleBing BSD-3-Clause	candidate-review.tsv:183	ke lian de	Qingjian v0.1.4	10717	exact complete source gloss	ECDICT exact POS gloss=yes; KyleBing exact POS gloss=yes; exam-list source=tem8
saucy	漂亮的	adj.	toefl	ECDICT MIT + KyleBing BSD-3-Clause	candidate-review.tsv:193	piao liang de	Qingjian v0.1.4	9340	exact complete source gloss	ECDICT exact POS gloss=yes; KyleBing exact POS gloss=yes; exam-list source=toefl
sedimentation	沉淀	n.	toefl	ECDICT MIT + KyleBing BSD-3-Clause	candidate-review.tsv:284	chen dian	Qingjian v0.1.4	1281	exact complete source gloss	ECDICT exact POS gloss=yes; KyleBing exact POS gloss=yes; exam-list source=toefl
senility	高龄	n.	tem8	ECDICT MIT + KyleBing BSD-3-Clause	candidate-review.tsv:310	gao ling	Qingjian v0.1.4	694	exact complete source gloss	ECDICT exact POS gloss=yes; KyleBing exact POS gloss=yes; exam-list source=tem8
seriousness	认真	n.	toefl	ECDICT MIT + KyleBing BSD-3-Clause	candidate-review.tsv:168	ren zhen	Qingjian v0.1.4	25368	exact complete source gloss	ECDICT exact POS gloss=yes; KyleBing exact POS gloss=yes; exam-list source=toefl
shyness	胆怯	n.	toefl	ECDICT MIT + KyleBing BSD-3-Clause	candidate-review.tsv:350	dan qie	Qingjian v0.1.4	209	exact complete source gloss	ECDICT exact POS gloss=yes; KyleBing exact POS gloss=yes; exam-list source=toefl
slowness	缓慢	n.	toefl	ECDICT MIT + KyleBing BSD-3-Clause	candidate-review.tsv:266	huan man	Qingjian v0.1.4	1832	exact complete source gloss	ECDICT exact POS gloss=yes; KyleBing exact POS gloss=yes; exam-list source=toefl
spillage	溢出	n.	toefl	ECDICT MIT + KyleBing BSD-3-Clause	candidate-review.tsv:313	yi chu	Qingjian v0.1.4	600	exact complete source gloss	ECDICT exact POS gloss=yes; KyleBing exact POS gloss=yes; exam-list source=toefl
stagnation	停滞	n.	tem8	ECDICT MIT + KyleBing BSD-3-Clause	candidate-review.tsv:323	ting zhi	Qingjian v0.1.4	464	exact complete source gloss	ECDICT exact POS gloss=yes; KyleBing exact POS gloss=yes; exam-list source=tem8
sterility	不毛	n.	tem8	ECDICT MIT + KyleBing BSD-3-Clause	candidate-review.tsv:376	bu mao	Qingjian v0.1.4	43	exact complete source gloss	ECDICT exact POS gloss=yes; KyleBing exact POS gloss=yes; exam-list source=tem8
sturdiness	坚固	n.	toefl	ECDICT MIT + KyleBing BSD-3-Clause	candidate-review.tsv:306	jian gu	Qingjian v0.1.4	748	exact complete source gloss	ECDICT exact POS gloss=yes; KyleBing exact POS gloss=yes; exam-list source=toefl
subjugation	镇压	n.	toefl	ECDICT MIT + KyleBing BSD-3-Clause	candidate-review.tsv:249	zhen ya	Qingjian v0.1.4	2516	exact complete source gloss	ECDICT exact POS gloss=yes; KyleBing exact POS gloss=yes; exam-list source=toefl
sunstroke	中暑	n.	tem8	ECDICT MIT + KyleBing BSD-3-Clause	candidate-review.tsv:262	zhong shu	Qingjian v0.1.4	1885	exact complete source gloss	ECDICT exact POS gloss=yes; KyleBing exact POS gloss=yes; exam-list source=tem8
supplementation	补充	n.	toefl	ECDICT MIT + KyleBing BSD-3-Clause	candidate-review.tsv:216	bu chong	Qingjian v0.1.4	5205	exact complete source gloss	ECDICT exact POS gloss=yes; KyleBing exact POS gloss=yes; exam-list source=toefl
swiftness	迅速	n.	toefl	ECDICT MIT + KyleBing BSD-3-Clause	candidate-review.tsv:208	xun su	Qingjian v0.1.4	6574	exact complete source gloss	ECDICT exact POS gloss=yes; KyleBing exact POS gloss=yes; exam-list source=toefl
tardiness	缓慢	n.	toefl	ECDICT MIT + KyleBing BSD-3-Clause	candidate-review.tsv:267	huan man	Qingjian v0.1.4	1832	exact complete source gloss	ECDICT exact POS gloss=yes; KyleBing exact POS gloss=yes; exam-list source=toefl
torpor	迟钝	n.	toefl	ECDICT MIT + KyleBing BSD-3-Clause	candidate-review.tsv:301	chi dun	Qingjian v0.1.4	841	exact complete source gloss	ECDICT exact POS gloss=yes; KyleBing exact POS gloss=yes; exam-list source=toefl
unconcern	冷淡	n.	tem8	ECDICT MIT + KyleBing BSD-3-Clause	candidate-review.tsv:293	leng dan	Qingjian v0.1.4	988	exact complete source gloss	ECDICT exact POS gloss=yes; KyleBing exact POS gloss=yes; exam-list source=tem8
uneasiness	不安	n.	tem8	ECDICT MIT + KyleBing BSD-3-Clause	candidate-review.tsv:259	bu an	Qingjian v0.1.4	2175	exact complete source gloss	ECDICT exact POS gloss=yes; KyleBing exact POS gloss=yes; exam-list source=tem8
uninviting	讨厌的	adj.	tem8	ECDICT MIT + KyleBing BSD-3-Clause	candidate-review.tsv:243	tao yan de	Qingjian v0.1.4	2843	exact complete source gloss	ECDICT exact POS gloss=yes; KyleBing exact POS gloss=yes; exam-list source=tem8
unionization	联合	n.	toefl	ECDICT MIT + KyleBing BSD-3-Clause	candidate-review.tsv:166	lian he	Qingjian v0.1.4	27897	exact complete source gloss	ECDICT exact POS gloss=yes; KyleBing exact POS gloss=yes; exam-list source=toefl
unwelcome	讨厌的	adj.	toefl	ECDICT MIT + KyleBing BSD-3-Clause	candidate-review.tsv:236	tao yan de	Qingjian v0.1.4	2843	exact complete source gloss	ECDICT exact POS gloss=yes; KyleBing exact POS gloss=yes; exam-list source=toefl
unwillingness	不愿意	n.	toefl	ECDICT MIT + KyleBing BSD-3-Clause	candidate-review.tsv:202	bu yuan yi	Qingjian v0.1.4	7424	exact complete source gloss	ECDICT exact POS gloss=yes; KyleBing exact POS gloss=yes; exam-list source=toefl
usefulness	有用	n.	toefl	ECDICT MIT + KyleBing BSD-3-Clause	candidate-review.tsv:201	you yong	Qingjian v0.1.4	7512	exact complete source gloss	ECDICT exact POS gloss=yes; KyleBing exact POS gloss=yes; exam-list source=toefl
utilisation	利用	n.	ielts	ECDICT MIT + KyleBing BSD-3-Clause	candidate-review.tsv:177	li yong	Qingjian v0.1.4	15996	exact complete source gloss	ECDICT exact POS gloss=yes; KyleBing exact POS gloss=yes; exam-list source=ielts
vagueness	暧昧	n.	toefl	ECDICT MIT + KyleBing BSD-3-Clause	candidate-review.tsv:261	ai mei	Qingjian v0.1.4	2112	exact complete source gloss	ECDICT exact POS gloss=yes; KyleBing exact POS gloss=yes; exam-list source=toefl
whaling	捕鲸	n.	ielts	ECDICT MIT + KyleBing BSD-3-Clause	candidate-review.tsv:342	bu jing	Qingjian v0.1.4	257	exact complete source gloss	ECDICT exact POS gloss=yes; KyleBing exact POS gloss=yes; exam-list source=ielts
willingness	愿意	n.	toefl	ECDICT MIT + KyleBing BSD-3-Clause	candidate-review.tsv:167	yuan yi	Qingjian v0.1.4	25394	exact complete source gloss	ECDICT exact POS gloss=yes; KyleBing exact POS gloss=yes; exam-list source=toefl
allergic	敏感	adj.	cet6,tem4,tem8,toefl,ielts	FMLD CC BY-SA 4.0	D3 / line 65913	min gan	Qingjian v0.1.4	1482	exact complete FMLD gloss; matching POS	allergic
bewilder	不知所措	v.	cet6,tem4,tem8,toefl,ielts	KyleBing BSD-3-Clause	candidate-review.tsv:1007	bu zhi suo cuo	Qingjian v0.1.4	619	exact complete source gloss	ECDICT exact POS gloss=no; KyleBing exact POS gloss=yes; exam-list source=tem8
carton	纸盒	n.	tem4,tem8,toefl,ielts	KOReader dictionaries CC BY-SA 4.0 + Chinese Open Wordnet	en-zh v1.2.0 rank 3; exact COW synset	zhi he	CC-CEDICT CC BY-SA 4.0 + Rime ICE GPL-3.0	0	exact COW synset; independent pinyin dictionary agreement	exact English/Chinese Open Wordnet synset; pinyin resolved independently
dioxide	二氧化物	n.	cet6,tem4,tem8,toefl,ielts	CC-CEDICT CC BY-SA 4.0	2026-06 CC-CEDICT line 4811	er yang hua wu	CC-CEDICT CC BY-SA 4.0	0	exact complete CC-CEDICT gloss; POS from ECDICT	dioxide
eminent	卓著	adj.	tem4,tem8,toefl,ielts	FMLD CC BY-SA 4.0	D1 / line 230907	zhuo zhu	Qingjian v0.1.4	199	exact complete FMLD gloss; matching POS	distinguished; outstanding; eminent
imaginative	清新	adj.	cet6,tem4,tem8,toefl,ielts	FMLD CC BY-SA 4.0	D2 / line 145162	qing xin	Qingjian v0.1.4	7303	exact complete FMLD gloss; matching POS	(of style etc.) original; elegant; imaginative
instrumental	有助于	adj.	cet6,tem4,tem8,toefl,ielts	KyleBing BSD-3-Clause	candidate-review.tsv:1006	you zhu yu	Qingjian v0.1.4	1967	exact complete source gloss	ECDICT exact POS gloss=no; KyleBing exact POS gloss=yes; exam-list source=ielts
liable	容易	adj.	cet4,cet6,tem4,tem8,toefl,ielts	FMLD CC BY-SA 4.0	D2 / line 5854	rong yi	Qingjian v0.1.4	50161	exact complete FMLD gloss; matching POS	likely; liable; prone
metric	度量	n.	cet4,cet6,tem4,tem8,toefl,ielts	Chinese Open Wordnet	n:13577171	du liang	Qingjian v0.1.4	353	exact English/Chinese synset	same WordNet synset; same POS; current Chinese candidate key
supportive	鼓励	adj.	tem4,tem8,toefl,ielts	ECDICT MIT	candidate-review.tsv:382	gu li	Qingjian v0.1.4	10430	exact complete source gloss	ECDICT exact POS gloss=yes; KyleBing exact POS gloss=no; exam-list source=
tertiary	第三	adj.	tem4,tem8,toefl,ielts	Chinese Open Wordnet	a:02202307	di san	Qingjian v0.1.4	35481	exact English/Chinese synset	same WordNet synset; same POS; current Chinese candidate key
acrobat	杂技演员	n.	tem4,tem8,ielts	CC-CEDICT CC BY-SA 4.0	2026-06 CC-CEDICT line 116153	za ji yan yuan	CC-CEDICT CC BY-SA 4.0	0	exact complete CC-CEDICT gloss; POS from ECDICT	acrobat
aeronautics	航空学	n.	tem4,tem8,ielts	KOReader dictionaries CC BY-SA 4.0 + Chinese Open Wordnet	en-zh v1.2.0 rank 2; exact COW synset	hang kong xue	CC-CEDICT CC BY-SA 4.0 + Rime ICE GPL-3.0	0	exact COW synset; independent pinyin dictionary agreement	exact English/Chinese Open Wordnet synset; pinyin resolved independently
apart	分离	adv.	cet4,tem8,toefl,ielts	KyleBing BSD-3-Clause	candidate-review.tsv:1017	fen li	Qingjian v0.1.4	4662	exact complete source gloss	ECDICT exact POS gloss=no; KyleBing exact POS gloss=yes; exam-list source=ielts,toefl
apostrophe	单引号	n.	tem4,tem8,ielts	KOReader dictionaries CC BY-SA 4.0 + Chinese Open Wordnet	en-zh v1.2.0 rank 10; exact COW synset	dan yin hao	CC-CEDICT CC BY-SA 4.0 + Rime ICE GPL-3.0	0	exact COW synset; independent pinyin dictionary agreement	exact English/Chinese Open Wordnet synset; pinyin resolved independently
binoculars	望远镜	n.	tem4,tem8,ielts	Chinese Open Wordnet	n:02841315	wang yuan jing	Qingjian v0.1.4	2423	exact English/Chinese synset	same WordNet synset; same POS; current Chinese candidate key
chic	漂亮	n.	tem8,toefl,ielts	ECDICT MIT	candidate-review.tsv:394	piao liang	Qingjian v0.1.4	55251	exact complete source gloss	ECDICT exact POS gloss=yes; KyleBing exact POS gloss=no; exam-list source=
chuckle	窃笑	n.	tem4,tem8,toefl	KyleBing BSD-3-Clause	candidate-review.tsv:1044	qie xiao	Qingjian v0.1.4	11	exact complete source gloss	ECDICT exact POS gloss=no; KyleBing exact POS gloss=yes; exam-list source=tem4,tem8
cider	苹果酒	n.	tem4,tem8,toefl	CC-CEDICT CC BY-SA 4.0	2026-06 CC-CEDICT line 96465	ping guo jiu	CC-CEDICT CC BY-SA 4.0	0	exact complete CC-CEDICT gloss; POS from ECDICT	cider
continual	荏苒	adj.	cet4,cet6,tem4,tem8,toefl	FMLD CC BY-SA 4.0	D1 / line 691722	ren ran	Qingjian v0.1.4	172	exact complete FMLD gloss; matching POS	(of worry, sadness, etc.) incessant; never-ending; continual
cookery	烹调术	n.	tem4,tem8,ielts	CC-CEDICT CC BY-SA 4.0	2026-06 CC-CEDICT line 69643	peng tiao shu	CC-CEDICT CC BY-SA 4.0	0	exact complete CC-CEDICT gloss; POS from ECDICT	cookery
cosy	烘烘	adj.	tem4,tem8,ielts	FMLD CC BY-SA 4.0	D1 / line 579316	hong hong	Qingjian v0.1.4	6	exact complete FMLD gloss; matching POS	warm; cosy
cumbersome	笨重	adj.	tem8,toefl,ielts	FMLD CC BY-SA 4.0	D1 / line 207924	ben zhong	Qingjian v0.1.4	204	exact complete FMLD gloss; matching POS	bulky; unwieldy; cumbersome
definitive	最后的	adj.	cet6,tem8,toefl,ielts	KyleBing BSD-3-Clause	candidate-review.tsv:1015	zui hou de	Qingjian v0.1.4	5975	exact complete source gloss	ECDICT exact POS gloss=no; KyleBing exact POS gloss=yes; exam-list source=ielts,tem8,toefl
dime	一角银币	n.	tem4,tem8,toefl	KOReader dictionaries CC BY-SA 4.0 + Chinese Open Wordnet	en-zh v1.2.0 rank 1; exact COW synset	yi jiao yin bi	Rime ICE GPL-3.0	0	exact COW synset; independent pinyin dictionary agreement	exact English/Chinese Open Wordnet synset; pinyin resolved independently
disapproval	不喜欢	n.	cet6,tem4,tem8,toefl	KyleBing BSD-3-Clause	candidate-review.tsv:1008	bu xi huan	Qingjian v0.1.4	46090	exact complete source gloss	ECDICT exact POS gloss=no; KyleBing exact POS gloss=yes; exam-list source=tem4,tem8
downcast	低落	adj.	tem4,tem8,toefl	FMLD CC BY-SA 4.0	D2 / line 303261	di luo	Qingjian v0.1.4	1263	exact complete FMLD gloss; matching POS	depressed; downcast; dispirited
enigma	秘密	n.	tem8,toefl,ielts	Chinese Open Wordnet	n:05685538	mi mi	Qingjian v0.1.4	12810	exact English/Chinese synset	same WordNet synset; same POS; current Chinese candidate key
ephemeral	蜉蝣	n.	tem8,toefl,ielts	Chinese Open Wordnet	n:02161078	fu you	Qingjian v0.1.4	87	exact English/Chinese synset	same WordNet synset; same POS; current Chinese candidate key
exploratory	探索	adj.	tem8,toefl,ielts	ECDICT MIT	candidate-review.tsv:399	tan suo	Qingjian v0.1.4	3908	exact complete source gloss	ECDICT exact POS gloss=yes; KyleBing exact POS gloss=no; exam-list source=
extrovert	外向	n.	tem4,tem8,ielts	KyleBing BSD-3-Clause	candidate-review.tsv:1035	wai xiang	Qingjian v0.1.4	390	exact complete source gloss	ECDICT exact POS gloss=no; KyleBing exact POS gloss=yes; exam-list source=tem8
fatuous	昏庸	adj.	tem8,toefl,ielts	FMLD CC BY-SA 4.0	D1 / line 505131	hun yong	Qingjian v0.1.4	40	exact complete FMLD gloss; matching POS	fatuous; muddle-headed
fauna	动物	n.	tem8,toefl,ielts	Chinese Open Wordnet	n:00015388	dong wu	Qingjian v0.1.4	22576	exact English/Chinese synset	same WordNet synset; same POS; current Chinese candidate key
grammatical	合法	adj.	cet4,cet6,tem4,tem8,toefl	FMLD CC BY-SA 4.0	D2 / line 68305	he fa	Qingjian v0.1.4	3858	exact complete FMLD gloss; matching POS	grammatical
headstrong	任性	adj.	tem8,toefl,ielts	FMLD CC BY-SA 4.0	D1 / line 58117	ren xing	Qingjian v0.1.4	10069	exact complete FMLD gloss; matching POS	willful; headstrong; self-willed; wayward
herbivore	草食动物	n.	tem8,toefl,ielts	CC-CEDICT CC BY-SA 4.0	2026-06 CC-CEDICT line 93958	cao shi dong wu	CC-CEDICT CC BY-SA 4.0	0	exact complete CC-CEDICT gloss; POS from ECDICT	herbivore
hind	后面的	adj.	tem4,tem8,toefl	KyleBing BSD-3-Clause	candidate-review.tsv:1018	hou mian de	Qingjian v0.1.4	4196	exact complete source gloss	ECDICT exact POS gloss=no; KyleBing exact POS gloss=yes; exam-list source=toefl
illegible	潦草	adj.	tem4,tem8,toefl	FMLD CC BY-SA 4.0	D1 / line 252466	liao cao	Qingjian v0.1.4	23	exact complete FMLD gloss; matching POS	(of handwriting) hasty and careless; illegible
incipient	开始的	adj.	tem8,toefl,ielts	KyleBing BSD-3-Clause	candidate-review.tsv:1019	kai shi de	Qingjian v0.1.4	3956	exact complete source gloss	ECDICT exact POS gloss=no; KyleBing exact POS gloss=yes; exam-list source=ielts
inculcate	教育	v.	tem8,toefl,ielts	KyleBing BSD-3-Clause	candidate-review.tsv:1009	jiao yu	Qingjian v0.1.4	39845	exact complete source gloss	ECDICT exact POS gloss=no; KyleBing exact POS gloss=yes; exam-list source=tem8
inept	手生	adj.	tem8,toefl,ielts	FMLD CC BY-SA 4.0	D1 / line 470433	shou sheng	Qingjian v0.1.4	59	exact complete FMLD gloss; matching POS	unskilled; inept; out of practice; rusty
innkeeper	店家	n.	tem4,tem8,toefl	FMLD CC BY-SA 4.0	D3 / line 444178	dian jia	Qingjian v0.1.4	1001	exact complete FMLD gloss; matching POS	innkeeper; restaurateur
layoff	停工	n.	cet6,tem4,tem8,ielts	KyleBing BSD-3-Clause	candidate-review.tsv:1032	ting gong	Qingjian v0.1.4	548	exact complete source gloss	ECDICT exact POS gloss=no; KyleBing exact POS gloss=yes; exam-list source=ielts
marginal	渺茫	adj.	cet6,tem8,toefl,ielts	FMLD CC BY-SA 4.0	D2 / line 176714	miao mang	Qingjian v0.1.4	464	exact complete FMLD gloss; matching POS	(of hope, future, etc.) uncertain; slim; marginal; tenuous
meek	柔弱	adj.	tem8,toefl,ielts	FMLD CC BY-SA 4.0	D2 / line 116350	rou ruo	Qingjian v0.1.4	619	exact complete FMLD gloss; matching POS	meek; yielding; agreeable
mexican	墨西哥人	n.	tem4,tem8,toefl	CC-CEDICT CC BY-SA 4.0	2026-06 CC-CEDICT line 26697	mo xi ge ren	CC-CEDICT CC BY-SA 4.0	0	exact complete CC-CEDICT gloss; POS from ECDICT	mexican
microprocessor	微处理器	n.	cet6,tem8,toefl,ielts	CC-CEDICT CC BY-SA 4.0	2026-06 CC-CEDICT line 40578	wei chu li qi	CC-CEDICT CC BY-SA 4.0	0	exact complete CC-CEDICT gloss; POS from ECDICT	microprocessor
morbid	可怕的	adj.	tem8,toefl,ielts	ECDICT MIT	candidate-review.tsv:400	ke pa de	Qingjian v0.1.4	3825	exact complete source gloss	ECDICT exact POS gloss=yes; KyleBing exact POS gloss=no; exam-list source=
motel	旅店	n.	cet4,cet6,tem4,tem8,ielts	FMLD CC BY-SA 4.0	D1 / line 176209	lv dian	Qingjian v0.1.4	408	exact complete FMLD gloss; matching POS	motel; inn; hostel
mundane	世界的	adj.	tem8,toefl,ielts	KyleBing BSD-3-Clause	candidate-review.tsv:1014	shi jie de	Qingjian v0.1.4	6030	exact complete source gloss	ECDICT exact POS gloss=no; KyleBing exact POS gloss=yes; exam-list source=ielts,tem8
narrator	旁白	n.	tem8,toefl,ielts	FMLD CC BY-SA 4.0	D2 / line 501904	pang bai	Qingjian v0.1.4	1253	exact complete FMLD gloss; matching POS	narrator
nominee	候选人	n.	tem8,toefl,ielts	Chinese Open Wordnet	n:09889691	hou xuan ren	Qingjian v0.1.4	6617	exact English/Chinese synset	same WordNet synset; same POS; current Chinese candidate key
overcrowd	过度拥挤	v.	tem4,tem8,toefl	KOReader dictionaries CC BY-SA 4.0 + Chinese Open Wordnet	en-zh v1.2.0 rank 4; exact COW synset	guo du yong ji	Rime ICE GPL-3.0	0	exact COW synset; independent pinyin dictionary agreement	exact English/Chinese Open Wordnet synset; pinyin resolved independently
payable	应付款	n.	tem4,tem8,ielts	KOReader dictionaries CC BY-SA 4.0 + Chinese Open Wordnet	en-zh v1.2.0 rank 2; exact COW synset	ying fu kuan	Rime ICE GPL-3.0	0	exact COW synset; independent pinyin dictionary agreement	exact English/Chinese Open Wordnet synset; pinyin resolved independently
pervasive	普遍	adj.	tem8,toefl,ielts	FMLD CC BY-SA 4.0	D1 / line 92820	pu bian	Qingjian v0.1.4	6855	exact complete FMLD gloss; matching POS	common; widespread; universal; pervasive; general; ubiquitous
prestigious	煊赫	adj.	tem8,toefl,ielts	FMLD CC BY-SA 4.0	D1 / line 582171	xuan he	Qingjian v0.1.4	10	exact complete FMLD gloss; matching POS	famous; prestigious; eminent
prone	容易	adj.	cet6,tem8,toefl,ielts	FMLD CC BY-SA 4.0	D2 / line 5854	rong yi	Qingjian v0.1.4	50161	exact complete FMLD gloss; matching POS	likely; liable; prone
receptionist	接待员	n.	cet6,tem8,toefl,ielts	CC-CEDICT CC BY-SA 4.0	2026-06 CC-CEDICT line 47886	jie dai yuan	CC-CEDICT CC BY-SA 4.0	0	exact complete CC-CEDICT gloss; POS from ECDICT	receptionist
stainless	不锈钢	n.	cet6,tem4,tem8,ielts	Chinese Open Wordnet	n:14802921	bu xiu gang	Qingjian v0.1.4	1036	exact English/Chinese synset	same WordNet synset; same POS; current Chinese candidate key
stealthy	鬼祟	adj.	tem4,tem8,toefl	FMLD CC BY-SA 4.0	D1 / line 814334	gui sui	Qingjian v0.1.4	25	exact complete FMLD gloss; matching POS	stealthy; clandestine
stocking	长袜	n.	cet4,cet6,tem4,tem8,toefl	CC-CEDICT CC BY-SA 4.0	2026-06 CC-CEDICT line 113055	chang wa	CC-CEDICT CC BY-SA 4.0	0	exact complete CC-CEDICT gloss; POS from ECDICT	stocking
stressful	强调	adj.	cet4,tem8,toefl,ielts	ECDICT MIT	candidate-review.tsv:396	qiang diao	Qingjian v0.1.4	6934	exact complete source gloss	ECDICT exact POS gloss=yes; KyleBing exact POS gloss=no; exam-list source=
sweatshop	血汗工厂	n.	tem4,tem8,toefl	CC-CEDICT CC BY-SA 4.0	2026-06 CC-CEDICT line 97798	xue han gong chang	CC-CEDICT CC BY-SA 4.0	0	exact complete CC-CEDICT gloss; POS from ECDICT	sweatshop
touchdown	降落	n.	tem4,tem8,toefl	KyleBing BSD-3-Clause	candidate-review.tsv:1024	jiang luo	Qingjian v0.1.4	1971	exact complete source gloss	ECDICT exact POS gloss=no; KyleBing exact POS gloss=yes; exam-list source=tem4,tem8
unskilled	手生	adj.	tem4,tem8,toefl	FMLD CC BY-SA 4.0	D1 / line 470433	shou sheng	Qingjian v0.1.4	59	exact complete FMLD gloss; matching POS	unskilled; inept; out of practice; rusty
volatile	不安	adj.	tem8,toefl,ielts	FMLD CC BY-SA 4.0	D2 / line 47780	bu an	Qingjian v0.1.4	2175	exact complete FMLD gloss; matching POS	unstable; volatile; turbulent; variable
abrasive	研磨料	n.	tem8,toefl	KOReader dictionaries CC BY-SA 4.0 + Chinese Open Wordnet	en-zh v1.2.0 rank 1; exact COW synset	yan mo liao	CC-CEDICT CC BY-SA 4.0 + Rime ICE GPL-3.0	0	exact COW synset; independent pinyin dictionary agreement	exact English/Chinese Open Wordnet synset; pinyin resolved independently
abreast	并列	adv.	tem8,toefl	KyleBing BSD-3-Clause	candidate-review.tsv:1093	bing lie	Qingjian v0.1.4	1368	exact complete source gloss	ECDICT exact POS gloss=no; KyleBing exact POS gloss=yes; exam-list source=tem8
absentee	缺席者	n.	tem8,toefl	KOReader dictionaries CC BY-SA 4.0 + Chinese Open Wordnet	en-zh v1.2.0 rank 2; exact COW synset	que xi zhe	Rime ICE GPL-3.0	0	exact COW synset; independent pinyin dictionary agreement	exact English/Chinese Open Wordnet synset; pinyin resolved independently
adversely	相反	adv.	cet6,tem4,toefl	ECDICT MIT	candidate-review.tsv:442	xiang fan	Qingjian v0.1.4	4592	exact complete source gloss	ECDICT exact POS gloss=yes; KyleBing exact POS gloss=no; exam-list source=
aerodynamics	空气动力学	n.	tem8,toefl	CC-CEDICT CC BY-SA 4.0	2026-06 CC-CEDICT line 82015	kong qi dong li xue	CC-CEDICT CC BY-SA 4.0	0	exact complete CC-CEDICT gloss; POS from ECDICT	aerodynamics
aggressor	侵略者	n.	tem4,tem8	KOReader dictionaries CC BY-SA 4.0 + Chinese Open Wordnet	en-zh v1.2.0 rank 1; exact COW synset	qin lve zhe	CC-CEDICT CC BY-SA 4.0 + Rime ICE GPL-3.0	0	exact COW synset; independent pinyin dictionary agreement	exact English/Chinese Open Wordnet synset; pinyin resolved independently
almighty	全能	adj.	tem4,tem8	FMLD CC BY-SA 4.0	D1 / line 322202	quan neng	Qingjian v0.1.4	2331	exact complete FMLD gloss; matching POS	almighty; all-powerful; omnipotent
alumna	校友	n.	tem4,tem8	Chinese Open Wordnet	n:09786338	xiao you	Qingjian v0.1.4	11870	exact English/Chinese synset	same WordNet synset; same POS; current Chinese candidate key
ammeter	电表	n.	tem4,tem8	Chinese Open Wordnet	n:02702989	dian biao	Qingjian v0.1.4	123	exact English/Chinese synset	same WordNet synset; same POS; current Chinese candidate key
anarchist	无政府主义者	n.	tem8,toefl	KOReader dictionaries CC BY-SA 4.0 + Chinese Open Wordnet	en-zh v1.2.0 rank 1; exact COW synset	wu zheng fu zhu yi zhe	Rime ICE GPL-3.0	0	exact COW synset; independent pinyin dictionary agreement	exact English/Chinese Open Wordnet synset; pinyin resolved independently
apiece	每个	adv.	tem8,toefl	KyleBing BSD-3-Clause	candidate-review.tsv:1052	mei ge	Qingjian v0.1.4	17984	exact complete source gloss	ECDICT exact POS gloss=no; KyleBing exact POS gloss=yes; exam-list source=tem8,toefl
appalling	可怕的	adj.	tem4,tem8	KyleBing BSD-3-Clause	candidate-review.tsv:1072	ke pa de	Qingjian v0.1.4	3825	exact complete source gloss	ECDICT exact POS gloss=no; KyleBing exact POS gloss=yes; exam-list source=tem4,tem8
astray	迷路	adv.	tem8,ielts	KyleBing BSD-3-Clause	candidate-review.tsv:1082	mi lu	Qingjian v0.1.4	2594	exact complete source gloss	ECDICT exact POS gloss=no; KyleBing exact POS gloss=yes; exam-list source=tem8
banister	栏杆	n.	tem4,tem8	Chinese Open Wordnet	n:02788148	lan gan	Qingjian v0.1.4	993	exact English/Chinese synset	same WordNet synset; same POS; current Chinese candidate key
biodiversity	生物多样性	n.	cet6,toefl,ielts	CC-CEDICT CC BY-SA 4.0	2026-06 CC-CEDICT line 74402	sheng wu duo yang xing	CC-CEDICT CC BY-SA 4.0	0	exact complete CC-CEDICT gloss; POS from ECDICT	biodiversity
blackout	删除	n.	tem8,toefl	ECDICT MIT	candidate-review.tsv:441	shan chu	Qingjian v0.1.4	4611	exact complete source gloss	ECDICT exact POS gloss=yes; KyleBing exact POS gloss=no; exam-list source=
blurt	脱口而出	v.	tem8,toefl	KyleBing BSD-3-Clause	candidate-review.tsv:1138	tuo kou er chu	Qingjian v0.1.4	148	exact complete source gloss	ECDICT exact POS gloss=no; KyleBing exact POS gloss=yes; exam-list source=toefl
bough	树干	n.	cet4,cet6,tem4,tem8	Chinese Open Wordnet	n:13165727	shu gan	Qingjian v0.1.4	320	exact English/Chinese synset	same WordNet synset; same POS; current Chinese candidate key
bushel	修复	v.	cet6,tem4,tem8	Chinese Open Wordnet	v:00260648	xiu fu	Qingjian v0.1.4	6073	exact English/Chinese synset	same WordNet synset; same POS; current Chinese candidate key
carving	雕刻	n.	toefl,ielts	CC-CEDICT CC BY-SA 4.0	2026-06 CC-CEDICT line 115868	diao ke	Qingjian v0.1.4	1614	exact complete CC-CEDICT gloss; POS from ECDICT	carving
ceaseless	孜孜	adj.	tem4,toefl	FMLD CC BY-SA 4.0	D4 / line 412103	zi zi	Qingjian v0.1.4	30	exact complete FMLD gloss; matching POS	incessant; ceaseless; non-stop
ceremonious	隆重	adj.	tem8,toefl	FMLD CC BY-SA 4.0	D1 / line 76515	long zhong	Qingjian v0.1.4	716	exact complete FMLD gloss; matching POS	ceremonious; solemn; grand
charismatic	魅力	adj.	tem8,toefl	ECDICT MIT	candidate-review.tsv:431	mei li	Qingjian v0.1.4	7429	exact complete source gloss	ECDICT exact POS gloss=yes; KyleBing exact POS gloss=no; exam-list source=
checkup	检查	n.	toefl,ielts	KyleBing BSD-3-Clause	candidate-review.tsv:1055	jian cha	Qingjian v0.1.4	10063	exact complete source gloss	ECDICT exact POS gloss=no; KyleBing exact POS gloss=yes; exam-list source=ielts
choppy	生硬	adj.	tem8,toefl	FMLD CC BY-SA 4.0	D2 / line 236426	sheng ying	Qingjian v0.1.4	323	exact complete FMLD gloss; matching POS	choppy; jerky; unsmooth (of language)
choreography	编舞	n.	tem8,toefl	KyleBing BSD-3-Clause	candidate-review.tsv:1105	bian wu	Qingjian v0.1.4	770	exact complete source gloss	ECDICT exact POS gloss=no; KyleBing exact POS gloss=yes; exam-list source=tem8
clandestine	鬼祟	adj.	tem8,toefl	FMLD CC BY-SA 4.0	D1 / line 814334	gui sui	Qingjian v0.1.4	25	exact complete FMLD gloss; matching POS	stealthy; clandestine
cliche	陈词滥调	n.	tem8,ielts	KyleBing BSD-3-Clause	candidate-review.tsv:1143	chen ci lan diao	Qingjian v0.1.4	37	exact complete source gloss	ECDICT exact POS gloss=no; KyleBing exact POS gloss=yes; exam-list source=tem8
clinch	拥抱	n.	tem8,toefl	Chinese Open Wordnet	n:00417859	yong bao	Qingjian v0.1.4	5788	exact English/Chinese synset	same WordNet synset; same POS; current Chinese candidate key
collegiate	大学的	adj.	tem4,tem8	KyleBing BSD-3-Clause	candidate-review.tsv:1058	da xue de	Qingjian v0.1.4	7349	exact complete source gloss	ECDICT exact POS gloss=no; KyleBing exact POS gloss=yes; exam-list source=tem4,tem8
condensation	压缩	n.	toefl,ielts	Chinese Open Wordnet	n:00357680	ya suo	Qingjian v0.1.4	1635	exact English/Chinese synset	same WordNet synset; same POS; current Chinese candidate key
consistently	一致	adv.	cet6,tem4,toefl	ECDICT MIT	candidate-review.tsv:435	yi zhi	Qingjian v0.1.4	6234	exact complete source gloss	ECDICT exact POS gloss=yes; KyleBing exact POS gloss=no; exam-list source=
continually	一再	adv.	toefl,ielts	FMLD CC BY-SA 4.0	D1 / line 66238	yi zai	Qingjian v0.1.4	94	exact complete FMLD gloss; matching POS	time after time; repeatedly; continually; always
corpulent	肥胖	adj.	tem8,toefl	FMLD CC BY-SA 4.0	D1 / line 253911	fei pang	Qingjian v0.1.4	1280	exact complete FMLD gloss; matching POS	fat; corpulent
crate	箱子	n.	tem4,tem8	FMLD CC BY-SA 4.0	D1 / line 43931	xiang zi	Qingjian v0.1.4	3503	exact complete FMLD gloss; matching POS	box; case; crate; chest
crunch	不足	n.	tem8,toefl	Chinese Open Wordnet	n:13934070	bu zu	Qingjian v0.1.4	8087	exact English/Chinese synset	same WordNet synset; same POS; current Chinese candidate key
cursory	粗略	adj.	tem8,toefl	FMLD CC BY-SA 4.0	D1 / line 644538	cu lve	Qingjian v0.1.4	295	exact complete FMLD gloss; matching POS	rough; sketchy; cursory
deceitful	奸猾	adj.	tem8,toefl	FMLD CC BY-SA 4.0	D1 / line 405321	jian hua	Qingjian v0.1.4	11	exact complete FMLD gloss; matching POS	treacherous; crafty; deceitful
delectable	好吃	adj.	toefl,ielts	FMLD CC BY-SA 4.0	D1 / line 9207	hao chi	Qingjian v0.1.4	106544	exact complete FMLD gloss; matching POS	delicious; delectable; tasty; scrumptious; yummy
demographic	人群	n.	toefl,ielts	FMLD CC BY-SA 4.0	D1 / line 106385	ren qun	Qingjian v0.1.4	4114	exact complete FMLD gloss; matching POS	crowd; drove (of people); demographic; population (group of people)
deterrent	冷水	n.	tem8,toefl	FMLD CC BY-SA 4.0	D6 / line 328514	leng shui	Qingjian v0.1.4	1101	exact complete FMLD gloss; matching POS	words or actions of discouragement; deterrent; disincentive; wet blanket; damper
devious	委曲	adj.	tem8,toefl	FMLD CC BY-SA 4.0	D1 / line 407598	wei qu	Qingjian v0.1.4	28	exact complete FMLD gloss; matching POS	curved; winding; meandering; sinuous; devious; tortuous
disadvantageous	不利	adj.	tem8,toefl	FMLD CC BY-SA 4.0	D1 / line 91360	bu li	Qingjian v0.1.4	95	exact complete FMLD gloss; matching POS	unfavorable; disadvantageous; harmful; detrimental; adverse
displeasure	生气	n.	tem4,tem8	ECDICT MIT	candidate-review.tsv:426	sheng qi	Qingjian v0.1.4	20937	exact complete source gloss	ECDICT exact POS gloss=yes; KyleBing exact POS gloss=no; exam-list source=
disrepute	不名誉	n.	tem8,toefl	KOReader dictionaries CC BY-SA 4.0 + Chinese Open Wordnet	en-zh v1.2.0 rank 1; exact COW synset	bu ming yu	CC-CEDICT CC BY-SA 4.0 + Rime ICE GPL-3.0	0	exact COW synset; independent pinyin dictionary agreement	exact English/Chinese Open Wordnet synset; pinyin resolved independently
disunite	分离	v.	tem8,toefl	Chinese Open Wordnet	v:02430580	fen li	Qingjian v0.1.4	4662	exact English/Chinese synset	same WordNet synset; same POS; current Chinese candidate key
dole	悲哀	n.	cet6,tem8,ielts	KyleBing BSD-3-Clause	candidate-review.tsv:1083	bei ai	Qingjian v0.1.4	2138	exact complete source gloss	ECDICT exact POS gloss=no; KyleBing exact POS gloss=yes; exam-list source=ielts
drab	邋遢	n.	tem8,toefl	KyleBing BSD-3-Clause	candidate-review.tsv:1103	la ta	Qingjian v0.1.4	925	exact complete source gloss	ECDICT exact POS gloss=no; KyleBing exact POS gloss=yes; exam-list source=tem8
dusky	昏黑	adj.	tem8,toefl	FMLD CC BY-SA 4.0	D1 / line 505183	hun hei	Qingjian v0.1.4	3	exact complete FMLD gloss; matching POS	dusky; dark; dim; gloomy
elaboration	详述	n.	toefl,ielts	Chinese Open Wordnet	n:00371487	xiang shu	Qingjian v0.1.4	163	exact English/Chinese synset	same WordNet synset; same POS; current Chinese candidate key
electronics	电子学	n.	cet4,cet6,tem8,ielts	CC-CEDICT CC BY-SA 4.0	2026-06 CC-CEDICT line 116830	dian zi xue	CC-CEDICT CC BY-SA 4.0	0	exact complete CC-CEDICT gloss; POS from ECDICT	electronics
esoteric	玄妙	adj.	tem8,toefl	FMLD CC BY-SA 4.0	D1 / line 197346	xuan miao	Qingjian v0.1.4	51	exact complete FMLD gloss; matching POS	mysterious; profound; abstruse; difficult to understand; esoteric
estimable	体面	adj.	tem8,toefl	Chinese Open Wordnet	a:01983162	ti mian	Qingjian v0.1.4	634	exact English/Chinese synset	same WordNet synset; same POS; current Chinese candidate key
expansive	慷慨	adj.	tem8,toefl	FMLD CC BY-SA 4.0	D2 / line 118890	kang kai	Qingjian v0.1.4	449	exact complete FMLD gloss; matching POS	forthright; expansive; frank and straightforward
extensively	广泛	adv.	cet4,tem4,toefl	ECDICT MIT	candidate-review.tsv:430	guang fan	Qingjian v0.1.4	8405	exact complete source gloss	ECDICT exact POS gloss=yes; KyleBing exact POS gloss=no; exam-list source=
externally	在外面	adv.	toefl,ielts	ECDICT MIT	candidate-review.tsv:428	zai wai mian	Qingjian v0.1.4	9713	exact complete source gloss	ECDICT exact POS gloss=yes; KyleBing exact POS gloss=no; exam-list source=
extraterrestrial	外星人	n.	tem4,tem8	Chinese Open Wordnet	n:09484465	wai xing ren	Qingjian v0.1.4	2330	exact English/Chinese synset	same WordNet synset; same POS; current Chinese candidate key
fastening	紧固件	n.	tem4,tem8	KOReader dictionaries CC BY-SA 4.0 + Chinese Open Wordnet	en-zh v1.2.0 rank 1; exact COW synset	jin gu jian	Rime ICE GPL-3.0	0	exact COW synset; independent pinyin dictionary agreement	exact English/Chinese Open Wordnet synset; pinyin resolved independently
fiance	未婚夫	n.	tem4,tem8	ECDICT MIT	candidate-review.tsv:478	wei hun fu	Qingjian v0.1.4	410	exact complete source gloss	ECDICT exact POS gloss=yes; KyleBing exact POS gloss=no; exam-list source=
fieldwork	外勤	n.	tem8,ielts	FMLD CC BY-SA 4.0	D1 / line 181735	wai qin	Qingjian v0.1.4	115	exact complete FMLD gloss; matching POS	work away from the office; fieldwork
fireman	消防人员	n.	cet4,cet6,tem4,tem8	KOReader dictionaries CC BY-SA 4.0 + Chinese Open Wordnet	en-zh v1.2.0 rank 2; exact COW synset	xiao fang ren yuan	Rime ICE GPL-3.0	0	exact COW synset; independent pinyin dictionary agreement	exact English/Chinese Open Wordnet synset; pinyin resolved independently
flora	植物	n.	toefl,ielts	Chinese Open Wordnet	n:00017222	zhi wu	Qingjian v0.1.4	15428	exact English/Chinese synset	same WordNet synset; same POS; current Chinese candidate key
freebie	赠品	n.	tem4,tem8	Chinese Open Wordnet	n:13272545	zeng pin	Qingjian v0.1.4	583	exact English/Chinese synset	same WordNet synset; same POS; current Chinese candidate key
frightening	恐怖	adj.	tem8,toefl	FMLD CC BY-SA 4.0	D1 / line 42070	kong bu	Qingjian v0.1.4	14711	exact complete FMLD gloss; matching POS	terrifying; dreadful; horrific; frightening
frill	废话	n.	tem8,toefl	Chinese Open Wordnet	n:03376438	fei hua	Qingjian v0.1.4	4773	exact English/Chinese synset	same WordNet synset; same POS; current Chinese candidate key
fuzzy	模糊	adj.	tem8,toefl	FMLD CC BY-SA 4.0	D1 / line 51195	mo hu	Qingjian v0.1.4	3071	exact complete FMLD gloss; matching POS	blurry; vague; obscure; fuzzy
genetically	发生	adv.	tem4,toefl	ECDICT MIT	candidate-review.tsv:425	fa sheng	Qingjian v0.1.4	52040	exact complete source gloss	ECDICT exact POS gloss=yes; KyleBing exact POS gloss=no; exam-list source=
geopolitics	地缘政治学	n.	tem4,tem8	CC-CEDICT CC BY-SA 4.0	2026-06 CC-CEDICT line 25188	di yuan zheng zhi xue	CC-CEDICT CC BY-SA 4.0	0	exact complete CC-CEDICT gloss; POS from ECDICT	geopolitics
gerund	动名词	n.	tem4,tem8	CC-CEDICT CC BY-SA 4.0	2026-06 CC-CEDICT line 15594	dong ming ci	CC-CEDICT CC BY-SA 4.0	0	exact complete CC-CEDICT gloss; POS from ECDICT	gerund
ghetto	生活区	n.	tem4,tem8	Chinese Open Wordnet	n:13963342	sheng huo qu	Qingjian v0.1.4	173	exact English/Chinese synset	same WordNet synset; same POS; current Chinese candidate key
ghostly	可怕的	adj.	tem8,toefl	KyleBing BSD-3-Clause	candidate-review.tsv:1073	ke pa de	Qingjian v0.1.4	3825	exact complete source gloss	ECDICT exact POS gloss=no; KyleBing exact POS gloss=yes; exam-list source=tem8,toefl
grassy	绿色的	adj.	cet6,toefl,ielts	KyleBing BSD-3-Clause	candidate-review.tsv:1081	lv se de	Qingjian v0.1.4	2758	exact complete source gloss	ECDICT exact POS gloss=no; KyleBing exact POS gloss=yes; exam-list source=toefl
greyhound	灰狗	n.	tem4,tem8	KOReader dictionaries CC BY-SA 4.0 + Chinese Open Wordnet	en-zh v1.2.0 rank 3; exact COW synset	hui gou	Rime ICE GPL-3.0	0	exact COW synset; independent pinyin dictionary agreement	exact English/Chinese Open Wordnet synset; pinyin resolved independently
holistic	全方位	adj.	toefl,ielts	FMLD CC BY-SA 4.0	D2 / line 321933	quan fang wei	Qingjian v0.1.4	456	exact complete FMLD gloss; matching POS	comprehensive; all-purpose; all-around; well-rounded; multifarious; all-inclusive; holistic
horde	成群结队	v.	tem8,toefl	ECDICT MIT	candidate-review.tsv:489	cheng qun jie dui	Qingjian v0.1.4	122	exact complete source gloss	ECDICT exact POS gloss=yes; KyleBing exact POS gloss=no; exam-list source=
horrify	惊骇	v.	tem8,ielts	KyleBing BSD-3-Clause	candidate-review.tsv:1142	jing hai	Qingjian v0.1.4	44	exact complete source gloss	ECDICT exact POS gloss=no; KyleBing exact POS gloss=yes; exam-list source=tem8
horseback	马上	adv.	tem8,toefl	Chinese Open Wordnet	r:00002436	ma shang	Qingjian v0.1.4	32240	exact English/Chinese synset	same WordNet synset; same POS; current Chinese candidate key
idiomatic	地道	adj.	tem8,toefl	FMLD CC BY-SA 4.0	D2 / line 84355	di dao	Qingjian v0.1.4	1442	exact complete FMLD gloss; matching POS	fluent; idiomatic
illuminating	照明	v.	tem4,tem8	KyleBing BSD-3-Clause	candidate-review.tsv:1099	zhao ming	Qingjian v0.1.4	1211	exact complete source gloss	ECDICT exact POS gloss=no; KyleBing exact POS gloss=yes; exam-list source=tem4,tem8
impoverish	贫穷	v.	cet6,tem8,ielts	KyleBing BSD-3-Clause	candidate-review.tsv:1077	pin qiong	Qingjian v0.1.4	2998	exact complete source gloss	ECDICT exact POS gloss=no; KyleBing exact POS gloss=yes; exam-list source=tem8
impulsive	浮躁	adj.	cet6,tem8,toefl	FMLD CC BY-SA 4.0	D1 / line 559720	fu zao	Qingjian v0.1.4	1025	exact complete FMLD gloss; matching POS	impatient; restless; impulsive; impetuous; flippant
inadequacy	不足	n.	cet4,tem8,toefl	Chinese Open Wordnet	n:05113133	bu zu	Qingjian v0.1.4	8087	exact English/Chinese synset	same WordNet synset; same POS; current Chinese candidate key
inaugural	开始的	adj.	tem4,tem8	KyleBing BSD-3-Clause	candidate-review.tsv:1071	kai shi de	Qingjian v0.1.4	3956	exact complete source gloss	ECDICT exact POS gloss=no; KyleBing exact POS gloss=yes; exam-list source=tem4,tem8
incessant	孜孜	adj.	tem8,toefl	FMLD CC BY-SA 4.0	D4 / line 412103	zi zi	Qingjian v0.1.4	30	exact complete FMLD gloss; matching POS	incessant; ceaseless; non-stop
indulgent	浪漫	adj.	tem4,tem8	FMLD CC BY-SA 4.0	D1 / line 46747	lang man	Qingjian v0.1.4	8313	exact complete FMLD gloss; matching POS	indulgent; unrestrained; at will; wanton
industrialise	工业化	v.	tem8,ielts	KyleBing BSD-3-Clause	candidate-review.tsv:1115	gong ye hua	Qingjian v0.1.4	516	exact complete source gloss	ECDICT exact POS gloss=no; KyleBing exact POS gloss=yes; exam-list source=ielts
infantile	幼稚	adj.	tem8,toefl	FMLD CC BY-SA 4.0	D2 / line 48308	you zhi	Qingjian v0.1.4	4950	exact complete FMLD gloss; matching POS	childish; naive; puerile; infantile
infertile	瘠薄	adj.	tem8,toefl	FMLD CC BY-SA 4.0	D1 / line 608721	ji bo	Qingjian v0.1.4	47	exact complete FMLD gloss; matching POS	barren (not producing vegetation); infertile
inflection	变形	n.	tem8,toefl	KyleBing BSD-3-Clause	candidate-review.tsv:1070	bian xing	Qingjian v0.1.4	3996	exact complete source gloss	ECDICT exact POS gloss=no; KyleBing exact POS gloss=yes; exam-list source=tem8,toefl
inflexible	僵硬	adj.	tem8,toefl	FMLD CC BY-SA 4.0	D2 / line 156910	jiang ying	Qingjian v0.1.4	652	exact complete FMLD gloss; matching POS	stiff; inflexible; unalterable
inquisitive	好奇	adj.	tem8,toefl	FMLD CC BY-SA 4.0	D1 / line 25688	hao qi	Qingjian v0.1.4	11519	exact complete FMLD gloss; matching POS	curious; inquisitive
instil	灌注	v.	tem8,ielts	FMLD CC BY-SA 4.0	D2 / line 575806	guan zhu	Qingjian v0.1.4	108	exact complete FMLD gloss; matching POS	to concentrate one's attention on; to instil; to inculcate
interrelationship	相互关系	n.	toefl,ielts	CC-CEDICT CC BY-SA 4.0	2026-06 CC-CEDICT line 77857	xiang hu guan xi	CC-CEDICT CC BY-SA 4.0	0	exact complete CC-CEDICT gloss; POS from ECDICT	interrelationship
intruder	侵入者	n.	tem8,toefl	CC-CEDICT CC BY-SA 4.0	2026-06 CC-CEDICT line 7931	qin ru zhe	CC-CEDICT CC BY-SA 4.0	0	exact complete CC-CEDICT gloss; POS from ECDICT	intruder
irrepressible	不倒翁	n.	tem8,toefl	FMLD CC BY-SA 4.0	D2 / line 280670	bu dao weng	Qingjian v0.1.4	113	exact complete FMLD gloss; matching POS	political survivor; irrepressible
kilobyte	千字节	n.	tem4,tem8	KOReader dictionaries CC BY-SA 4.0 + Chinese Open Wordnet	en-zh v1.2.0 rank 2; exact COW synset	qian zi jie	CC-CEDICT CC BY-SA 4.0 + Rime ICE GPL-3.0	0	exact COW synset; independent pinyin dictionary agreement	exact English/Chinese Open Wordnet synset; pinyin resolved independently
largely	大部分	adv.	cet4,cet6,tem8,toefl	KyleBing BSD-3-Clause	candidate-review.tsv:1053	da bu fen	Qingjian v0.1.4	17055	exact complete source gloss	ECDICT exact POS gloss=no; KyleBing exact POS gloss=yes; exam-list source=tem8
laudable	可嘉	adj.	toefl,ielts	FMLD CC BY-SA 4.0	D1 / line 357144	ke jia	Qingjian v0.1.4	480	exact complete FMLD gloss; matching POS	laudable
lawful	合法	adj.	tem4,tem8	FMLD CC BY-SA 4.0	D1 / line 68289	he fa	Qingjian v0.1.4	3858	exact complete FMLD gloss; matching POS	legal; lawful; legitimate
legitimize	公认	v.	tem8,ielts	Chinese Open Wordnet	v:02481436	gong ren	Qingjian v0.1.4	1067	exact English/Chinese synset	same WordNet synset; same POS; current Chinese candidate key
lioness	母狮	n.	tem4,tem8	KOReader dictionaries CC BY-SA 4.0 + Chinese Open Wordnet	en-zh v1.2.0 rank 1; exact COW synset	mu shi	Rime ICE GPL-3.0	0	exact COW synset; independent pinyin dictionary agreement	exact English/Chinese Open Wordnet synset; pinyin resolved independently
loll	游荡	v.	tem8,ielts	Chinese Open Wordnet	v:02639606	you dang	Qingjian v0.1.4	672	exact English/Chinese synset	same WordNet synset; same POS; current Chinese candidate key
lopsided	畸形	adj.	tem8,toefl	FMLD CC BY-SA 4.0	D2 / line 250650	ji xing	Qingjian v0.1.4	402	exact complete FMLD gloss; matching POS	deformed; abnormal; lopsided
malevolent	歹毒	adj.	toefl,ielts	FMLD CC BY-SA 4.0	D1 / line 155083	dai du	Qingjian v0.1.4	183	exact complete FMLD gloss; matching POS	vicious; ruthless; malicious; malevolent
microbiology	微生物学	n.	tem8,ielts	CC-CEDICT CC BY-SA 4.0	2026-06 CC-CEDICT line 40553	wei sheng wu xue	CC-CEDICT CC BY-SA 4.0	0	exact complete CC-CEDICT gloss; POS from ECDICT	microbiology
modernise	现代化	v.	tem4,tem8	Chinese Open Wordnet	v:00411020	xian dai hua	Qingjian v0.1.4	2101	exact English/Chinese synset	same WordNet synset; same POS; current Chinese candidate key
nitrate	硝酸根	n.	tem8,toefl	KOReader dictionaries CC BY-SA 4.0 + Chinese Open Wordnet	en-zh v1.2.0 rank 1; exact COW synset	xiao suan gen	Rime ICE GPL-3.0	0	exact COW synset; independent pinyin dictionary agreement	exact English/Chinese Open Wordnet synset; pinyin resolved independently
null	虚无	n.	toefl,ielts	Chinese Open Wordnet	n:13740168	xu wu	Qingjian v0.1.4	336	exact English/Chinese synset	same WordNet synset; same POS; current Chinese candidate key
oceanography	海洋学	n.	tem8,toefl	CC-CEDICT CC BY-SA 4.0	2026-06 CC-CEDICT line 65348	hai yang xue	CC-CEDICT CC BY-SA 4.0	0	exact complete CC-CEDICT gloss; POS from ECDICT	oceanography
offhand	大大咧咧	adj.	tem8,toefl	FMLD CC BY-SA 4.0	D1 / line 393020	da da lie lie	Qingjian v0.1.4	265	exact complete FMLD gloss; matching POS	(of someone) casual; offhand
oncoming	来临	n.	tem8,ielts	ECDICT MIT	candidate-review.tsv:460	lai lin	Qingjian v0.1.4	1259	exact complete source gloss	ECDICT exact POS gloss=yes; KyleBing exact POS gloss=no; exam-list source=
opal	蛋白石	n.	tem8,toefl	CC-CEDICT CC BY-SA 4.0	2026-06 CC-CEDICT line 96983	dan bai shi	CC-CEDICT CC BY-SA 4.0	0	exact complete CC-CEDICT gloss; POS from ECDICT	opal
optometrist	验光师	n.	toefl,ielts	CC-CEDICT CC BY-SA 4.0	2026-06 CC-CEDICT line 121089	yan guang shi	CC-CEDICT CC BY-SA 4.0	0	exact complete CC-CEDICT gloss; POS from ECDICT	optometrist
ornate	蔚然	adj.	tem8,toefl	FMLD CC BY-SA 4.0	D2 / line 699133	wei ran	Qingjian v0.1.4	55	exact complete FMLD gloss; matching POS	ornate; flowery; elaborate
outnumber	数目超过	v.	cet6,tem8,toefl	KOReader dictionaries CC BY-SA 4.0 + Chinese Open Wordnet	en-zh v1.2.0 rank 1; exact COW synset	shu mu chao guo	Rime ICE GPL-3.0	0	exact COW synset; independent pinyin dictionary agreement	exact English/Chinese Open Wordnet synset; pinyin resolved independently
ovation	欢呼	n.	tem8,ielts	KyleBing BSD-3-Clause	candidate-review.tsv:1112	huan hu	Qingjian v0.1.4	587	exact complete source gloss	ECDICT exact POS gloss=no; KyleBing exact POS gloss=yes; exam-list source=ielts
pail	水桶	n.	cet4,cet6,tem4,tem8	Chinese Open Wordnet	n:02909870	shui tong	Qingjian v0.1.4	603	exact English/Chinese synset	same WordNet synset; same POS; current Chinese candidate key
parody	模仿	n.	tem8,ielts	KyleBing BSD-3-Clause	candidate-review.tsv:1068	mo fang	Qingjian v0.1.4	4228	exact complete source gloss	ECDICT exact POS gloss=no; KyleBing exact POS gloss=yes; exam-list source=ielts
populate	居住于	v.	toefl,ielts	KOReader dictionaries CC BY-SA 4.0 + Chinese Open Wordnet	en-zh v1.2.0 rank 1; exact COW synset	ju zhu yu	CC-CEDICT CC BY-SA 4.0 + Rime ICE GPL-3.0	0	exact COW synset; independent pinyin dictionary agreement	exact English/Chinese Open Wordnet synset; pinyin resolved independently
pristine	原来的	adj.	tem8,toefl	ECDICT MIT	candidate-review.tsv:443	yuan lai de	Qingjian v0.1.4	4482	exact complete source gloss	ECDICT exact POS gloss=yes; KyleBing exact POS gloss=no; exam-list source=
proponent	提倡者	n.	tem8,toefl	KOReader dictionaries CC BY-SA 4.0 + Chinese Open Wordnet	en-zh v1.2.0 rank 2; exact COW synset	ti chang zhe	CC-CEDICT CC BY-SA 4.0 + Rime ICE GPL-3.0	0	exact COW synset; independent pinyin dictionary agreement	exact English/Chinese Open Wordnet synset; pinyin resolved independently
psychoanalyst	精神分析学家	n.	tem8,toefl	KOReader dictionaries CC BY-SA 4.0 + Chinese Open Wordnet	en-zh v1.2.0 rank 3; exact COW synset	jing shen fen xi xue jia	Rime ICE GPL-3.0	0	exact COW synset; independent pinyin dictionary agreement	exact English/Chinese Open Wordnet synset; pinyin resolved independently
quart	夸脱	n.	cet4,cet6,tem4,tem8	KOReader dictionaries CC BY-SA 4.0 + Chinese Open Wordnet	en-zh v1.2.0 rank 1; exact COW synset	kua tuo	Rime ICE GPL-3.0	0	exact COW synset; independent pinyin dictionary agreement	exact English/Chinese Open Wordnet synset; pinyin resolved independently
rationale	思路	n.	tem8,toefl	FMLD CC BY-SA 4.0	D1 / line 94530	si lu	Qingjian v0.1.4	1560	exact complete FMLD gloss; matching POS	reasoning; rationale; mentality; way of thinking
reconnaissance	搜索	n.	tem4,tem8	KyleBing BSD-3-Clause	candidate-review.tsv:1064	sou suo	Qingjian v0.1.4	4744	exact complete source gloss	ECDICT exact POS gloss=no; KyleBing exact POS gloss=yes; exam-list source=tem4,tem8
reformer	改革家	n.	tem8,toefl	CC-CEDICT CC BY-SA 4.0	2026-06 CC-CEDICT line 50263	gai ge jia	CC-CEDICT CC BY-SA 4.0	0	exact complete CC-CEDICT gloss; POS from ECDICT	reformer
rekindle	重新点燃	v.	toefl,ielts	KOReader dictionaries CC BY-SA 4.0 + Chinese Open Wordnet	en-zh v1.2.0 rank 4; exact COW synset	chong xin dian ran	Rime ICE GPL-3.0	0	exact COW synset; independent pinyin dictionary agreement	exact English/Chinese Open Wordnet synset; pinyin resolved independently
reticent	含蓄	adj.	tem8,ielts	FMLD CC BY-SA 4.0	D3 / line 223053	han xu	Qingjian v0.1.4	1255	exact complete FMLD gloss; matching POS	(of a person) reserved; quiet; reticent
reverent	虔敬	adj.	tem8,ielts	FMLD CC BY-SA 4.0	D1 / line 704179	qian jing	Qingjian v0.1.4	13	exact complete FMLD gloss; matching POS	reverent; pious
rodent	啮齿动物	n.	tem8,toefl	CC-CEDICT CC BY-SA 4.0	2026-06 CC-CEDICT line 23565	nie chi dong wu	CC-CEDICT CC BY-SA 4.0	0	exact complete CC-CEDICT gloss; POS from ECDICT	rodent
rodeo	竞技	v.	tem8,toefl	KyleBing BSD-3-Clause	candidate-review.tsv:1074	jing ji	Qingjian v0.1.4	3401	exact complete source gloss	ECDICT exact POS gloss=no; KyleBing exact POS gloss=yes; exam-list source=tem8
saucepan	炖锅	n.	tem4,tem8	CC-CEDICT CC BY-SA 4.0	2026-06 CC-CEDICT line 70877	dun guo	CC-CEDICT CC BY-SA 4.0	0	exact complete CC-CEDICT gloss; POS from ECDICT	saucepan
sawmill	锯木场	n.	tem4,tem8	KOReader dictionaries CC BY-SA 4.0 + Chinese Open Wordnet	en-zh v1.2.0 rank 3; exact COW synset	ju mu chang	Rime ICE GPL-3.0	0	exact COW synset; independent pinyin dictionary agreement	exact English/Chinese Open Wordnet synset; pinyin resolved independently
schoolgirl	女生	n.	tem4,tem8	FMLD CC BY-SA 4.0	D1 / line 59515	nv sheng	Qingjian v0.1.4	36762	exact complete FMLD gloss; matching POS	schoolgirl; female student
schoolmaster	笛鲷	n.	tem4,tem8	KOReader dictionaries CC BY-SA 4.0 + Chinese Open Wordnet	en-zh v1.2.0 rank 1; exact COW synset	di diao	Rime ICE GPL-3.0	0	exact COW synset; independent pinyin dictionary agreement	exact English/Chinese Open Wordnet synset; pinyin resolved independently
seasickness	晕船	n.	tem4,tem8	Chinese Open Wordnet	n:14203942	yun chuan	Qingjian v0.1.4	214	exact English/Chinese synset	same WordNet synset; same POS; current Chinese candidate key
seedy	邋遢	adj.	tem8,toefl	Chinese Open Wordnet	a:02583271	la ta	Qingjian v0.1.4	925	exact English/Chinese synset	same WordNet synset; same POS; current Chinese candidate key
sideboard	餐具柜	n.	tem4,tem8	KOReader dictionaries CC BY-SA 4.0 + Chinese Open Wordnet	en-zh v1.2.0 rank 3; exact COW synset	can ju gui	Rime ICE GPL-3.0	0	exact COW synset; independent pinyin dictionary agreement	exact English/Chinese Open Wordnet synset; pinyin resolved independently
sideways	旁边的	adj.	cet4,cet6,tem8,toefl	ECDICT MIT	candidate-review.tsv:446	pang bian de	Qingjian v0.1.4	3922	exact complete source gloss	ECDICT exact POS gloss=yes; KyleBing exact POS gloss=no; exam-list source=
silica	二氧化硅	n.	tem8,toefl	KOReader dictionaries CC BY-SA 4.0 + Chinese Open Wordnet	en-zh v1.2.0 rank 1; exact COW synset	er yang hua gui	CC-CEDICT CC BY-SA 4.0 + Rime ICE GPL-3.0	0	exact COW synset; independent pinyin dictionary agreement	exact English/Chinese Open Wordnet synset; pinyin resolved independently
sinuous	委曲	adj.	tem8,toefl	FMLD CC BY-SA 4.0	D1 / line 407598	wei qu	Qingjian v0.1.4	28	exact complete FMLD gloss; matching POS	curved; winding; meandering; sinuous; devious; tortuous
slimy	粘乎乎	adj.	tem8,toefl	CC-CEDICT CC BY-SA 4.0	2026-06 CC-CEDICT line 83938	nian hu hu	CC-CEDICT CC BY-SA 4.0	0	exact complete CC-CEDICT gloss; POS from ECDICT	slimy
somewhere	某处	adv.	tem8,toefl	KyleBing BSD-3-Clause	candidate-review.tsv:1126	mou chu	Qingjian v0.1.4	246	exact complete source gloss	ECDICT exact POS gloss=no; KyleBing exact POS gloss=yes; exam-list source=toefl
sonnet	十四行诗	n.	tem4,tem8	CC-CEDICT CC BY-SA 4.0	2026-06 CC-CEDICT line 16595	shi si hang shi	CC-CEDICT CC BY-SA 4.0	0	exact complete CC-CEDICT gloss; POS from ECDICT	sonnet
spangle	闪烁	v.	tem8,toefl	Chinese Open Wordnet	v:02163183	shan shuo	Qingjian v0.1.4	475	exact English/Chinese synset	same WordNet synset; same POS; current Chinese candidate key
speedometer	速度计	n.	tem4,tem8	CC-CEDICT CC BY-SA 4.0	2026-06 CC-CEDICT line 107770	su du ji	CC-CEDICT CC BY-SA 4.0	0	exact complete CC-CEDICT gloss; POS from ECDICT	speedometer
spoonful	一匙	n.	tem8,toefl	CC-CEDICT CC BY-SA 4.0	2026-06 CC-CEDICT line 452	yi chi	CC-CEDICT CC BY-SA 4.0	0	exact complete CC-CEDICT gloss; POS from ECDICT	spoonful
stately	堂堂	adj.	tem8,toefl	FMLD CC BY-SA 4.0	D1 / line 60769	tang tang	Qingjian v0.1.4	372	exact complete FMLD gloss; matching POS	imposing; magnificent; majestic; stately
subjunctive	虚拟语气	n.	tem4,tem8	KOReader dictionaries CC BY-SA 4.0 + Chinese Open Wordnet	en-zh v1.2.0 rank 1; exact COW synset	xu ni yu qi	CC-CEDICT CC BY-SA 4.0 + Rime ICE GPL-3.0	0	exact COW synset; independent pinyin dictionary agreement	exact English/Chinese Open Wordnet synset; pinyin resolved independently
superlative	顶点	n.	tem4,tem8	Chinese Open Wordnet	n:13940456	ding dian	Qingjian v0.1.4	2428	exact English/Chinese synset	same WordNet synset; same POS; current Chinese candidate key
supple	柔和	adj.	tem8,toefl	FMLD CC BY-SA 4.0	D2 / line 122462	rou he	Qingjian v0.1.4	485	exact complete FMLD gloss; matching POS	soft to the touch; supple
swede	瑞典人	n.	tem4,tem8	CC-CEDICT CC BY-SA 4.0	2026-06 CC-CEDICT line 73642	rui dian ren	CC-CEDICT CC BY-SA 4.0	0	exact complete CC-CEDICT gloss; POS from ECDICT	swede
therapeutic	治疗	n.	tem8,toefl	Chinese Open Wordnet	n:04074482	zhi liao	Qingjian v0.1.4	13129	exact English/Chinese synset	same WordNet synset; same POS; current Chinese candidate key
thermostat	自动调温	v.	tem8,ielts	KOReader dictionaries CC BY-SA 4.0 + Chinese Open Wordnet	en-zh v1.2.0 rank 1; exact COW synset	zi dong tiao wen	Rime ICE GPL-3.0	0	exact COW synset; independent pinyin dictionary agreement	exact English/Chinese Open Wordnet synset; pinyin resolved independently
thoroughbred	优秀的	adj.	tem4,tem8	KyleBing BSD-3-Clause	candidate-review.tsv:1063	you xiu de	Qingjian v0.1.4	4761	exact complete source gloss	ECDICT exact POS gloss=no; KyleBing exact POS gloss=yes; exam-list source=tem4,tem8
tinkle	丁零	n.	tem4,tem8	FMLD CC BY-SA 4.0	D2 / line 274018	ding ling	Qingjian v0.1.4	23	exact complete FMLD gloss; matching POS	tinkle; jingle
torrid	踊跃	adj.	tem8,toefl	Chinese Open Wordnet	a:01726235	yong yue	Qingjian v0.1.4	142	exact English/Chinese synset	same WordNet synset; same POS; current Chinese candidate key
transitive	传递	n.	tem4,tem8	KyleBing BSD-3-Clause	candidate-review.tsv:1080	chuan di	Qingjian v0.1.4	2808	exact complete source gloss	ECDICT exact POS gloss=no; KyleBing exact POS gloss=yes; exam-list source=tem4,tem8
uncouth	粗俗	adj.	tem8,toefl	FMLD CC BY-SA 4.0	D1 / line 187452	cu su	Qingjian v0.1.4	347	exact complete FMLD gloss; matching POS	unrefined; uncouth; vulgar
underpass	地道	n.	tem4,tem8	ECDICT MIT	candidate-review.tsv:458	di dao	Qingjian v0.1.4	1442	exact complete source gloss	ECDICT exact POS gloss=yes; KyleBing exact POS gloss=no; exam-list source=
understate	低估	v.	tem8,toefl	Chinese Open Wordnet	v:00841125	di gu	Qingjian v0.1.4	757	exact English/Chinese synset	same WordNet synset; same POS; current Chinese candidate key
undesirable	不如人意	adj.	cet6,tem8,toefl	CC-CEDICT CC BY-SA 4.0	2026-06 CC-CEDICT line 2403	bu ru ren yi	CC-CEDICT CC BY-SA 4.0	0	exact complete CC-CEDICT gloss; POS from ECDICT	undesirable
undue	太甚	adj.	tem8,ielts	FMLD CC BY-SA 4.0	D1 / line 400961	tai shen	Qingjian v0.1.4	54	exact complete FMLD gloss; matching POS	excessive; too much; undue; overboard
unforeseen	意外	adj.	tem8,toefl	FMLD CC BY-SA 4.0	D1 / line 24683	yi wai	Qingjian v0.1.4	12390	exact complete FMLD gloss; matching POS	unexpected; unforeseen; surprising
unplug	拔掉	v.	tem4,tem8	FMLD CC BY-SA 4.0	D1 / line 478418	ba diao	Qingjian v0.1.4	922	exact complete FMLD gloss; matching POS	to pluck; to pull off; to pull out; to unplug
unwieldy	笨重	adj.	tem8,toefl	FMLD CC BY-SA 4.0	D1 / line 207924	ben zhong	Qingjian v0.1.4	204	exact complete FMLD gloss; matching POS	bulky; unwieldy; cumbersome
unwise	愚蠢	adj.	tem4,tem8	FMLD CC BY-SA 4.0	D1 / line 66907	yu chun	Qingjian v0.1.4	1440	exact complete FMLD gloss; matching POS	stupid; foolish; unwise
virginal	十六	n.	tem8,toefl	KyleBing BSD-3-Clause	candidate-review.tsv:1065	shi liu	Qingjian v0.1.4	4496	exact complete source gloss	ECDICT exact POS gloss=no; KyleBing exact POS gloss=yes; exam-list source=tem8
xerox	复印	v.	cet6,tem4,tem8	Chinese Open Wordnet	v:01736299	fu yin	Qingjian v0.1.4	462	exact English/Chinese synset	same WordNet synset; same POS; current Chinese candidate key
abashed	羞愧	adj.	toefl	FMLD CC BY-SA 4.0	D1 / line 186046	xiu kui	Qingjian v0.1.4	594	exact complete FMLD gloss; matching POS	ashamed; abashed
abdominal	腹肌	n.	tem8	Chinese Open Wordnet	n:05557339	fu ji	Qingjian v0.1.4	3845	exact English/Chinese synset	same WordNet synset; same POS; current Chinese candidate key
absorbing	有意思	adj.	toefl	FMLD CC BY-SA 4.0	D1 / line 17195	you yi si	Qingjian v0.1.4	9368	exact complete FMLD gloss; matching POS	interesting; absorbing; engaging; delightful
acclimatise	习惯于	v.	ielts	Chinese Open Wordnet	v:00393677	xi guan yu	Qingjian v0.1.4	80	exact English/Chinese synset	same WordNet synset; same POS; current Chinese candidate key
accompanist	伴奏者	n.	tem8	KOReader dictionaries CC BY-SA 4.0 + Chinese Open Wordnet	en-zh v1.2.0 rank 1; exact COW synset	ban zou zhe	Rime ICE GPL-3.0	0	exact COW synset; independent pinyin dictionary agreement	exact English/Chinese Open Wordnet synset; pinyin resolved independently
according	根据	adj.	cet4,tem8	Chinese Open Wordnet	a:00553140	gen ju	Qingjian v0.1.4	51052	exact English/Chinese synset	same WordNet synset; same POS; current Chinese candidate key
acetate	乙酸盐	n.	toefl	KOReader dictionaries CC BY-SA 4.0 + Chinese Open Wordnet	en-zh v1.2.0 rank 4; exact COW synset	yi suan yan	CC-CEDICT CC BY-SA 4.0 + Rime ICE GPL-3.0	0	exact COW synset; independent pinyin dictionary agreement	exact English/Chinese Open Wordnet synset; pinyin resolved independently
acrimonious	尖刻	adj.	toefl	FMLD CC BY-SA 4.0	D1 / line 428175	jian ke	Qingjian v0.1.4	35	exact complete FMLD gloss; matching POS	acrimonious; caustic; biting
activities	通告	n.	ielts	FMLD CC BY-SA 4.0	D2 / line 139375	tong gao	Qingjian v0.1.4	733	exact complete FMLD gloss; matching POS	(show business) on call; work shift; activities
adapter	转接器	n.	tem8	KOReader dictionaries CC BY-SA 4.0 + Chinese Open Wordnet	en-zh v1.2.0 rank 3; exact COW synset	zhuan jie qi	Rime ICE GPL-3.0	0	exact COW synset; independent pinyin dictionary agreement	exact English/Chinese Open Wordnet synset; pinyin resolved independently
adherent	信徒	n.	toefl	ECDICT MIT	candidate-review.tsv:682	xin tu	Qingjian v0.1.4	2750	exact complete source gloss	ECDICT exact POS gloss=yes; KyleBing exact POS gloss=no; exam-list source=
adulteration	掺杂	n.	toefl	Chinese Open Wordnet	n:14487443	chan za	Qingjian v0.1.4	241	exact English/Chinese synset	same WordNet synset; same POS; current Chinese candidate key
adventitious	不定	adj.	toefl	FMLD CC BY-SA 4.0	D4 / line 107385	bu ding	Qingjian v0.1.4	1622	exact complete FMLD gloss; matching POS	adventitious
advertisements	宣传	n.	ielts	ECDICT MIT	candidate-review.tsv:545	xuan chuan	Qingjian v0.1.4	17847	exact complete source gloss	ECDICT exact POS gloss=yes; KyleBing exact POS gloss=no; exam-list source=
agonizing	揪心	adj.	tem8	FMLD CC BY-SA 4.0	D1 / line 187236	jiu xin	Qingjian v0.1.4	883	exact complete FMLD gloss; matching POS	heartrending; agonizing
airstrip	跑道	n.	tem8	FMLD CC BY-SA 4.0	D1 / line 165547	pao dao	Qingjian v0.1.4	2163	exact complete FMLD gloss; matching POS	runway; airstrip
alkaloid	生物碱	n.	toefl	CC-CEDICT CC BY-SA 4.0	2026-06 CC-CEDICT line 74439	sheng wu jian	CC-CEDICT CC BY-SA 4.0	0	exact complete CC-CEDICT gloss; POS from ECDICT	alkaloid
allegation	主张	n.	cet6,toefl	ECDICT MIT	candidate-review.tsv:605	zhu zhang	Qingjian v0.1.4	5593	exact complete source gloss	ECDICT exact POS gloss=yes; KyleBing exact POS gloss=no; exam-list source=
alliteration	双声	n.	toefl	KOReader dictionaries CC BY-SA 4.0 + Chinese Open Wordnet	en-zh v1.2.0 rank 4; exact COW synset	shuang sheng	Rime ICE GPL-3.0	0	exact COW synset; independent pinyin dictionary agreement	exact English/Chinese Open Wordnet synset; pinyin resolved independently
alternatively	非此即彼	adv.	cet6,toefl	ECDICT MIT	candidate-review.tsv:992	fei ci ji bi	Qingjian v0.1.4	16	exact complete source gloss	ECDICT exact POS gloss=yes; KyleBing exact POS gloss=no; exam-list source=
altruism	利他	n.	toefl	CC-CEDICT CC BY-SA 4.0	2026-06 CC-CEDICT line 14051	li ta	Qingjian v0.1.4	46	exact complete CC-CEDICT gloss; POS from ECDICT	altruism
amends	道歉	n.	cet6,ielts	KyleBing BSD-3-Clause	candidate-review.tsv:1174	dao qian	Qingjian v0.1.4	7451	exact complete source gloss	ECDICT exact POS gloss=no; KyleBing exact POS gloss=yes; exam-list source=ielts
amphitheater	圆形剧场	n.	tem8	CC-CEDICT CC BY-SA 4.0	2026-06 CC-CEDICT line 24626	yuan xing ju chang	CC-CEDICT CC BY-SA 4.0	0	exact complete CC-CEDICT gloss; POS from ECDICT	amphitheater
analogue	模拟	n.	cet6,tem8	Chinese Open Wordnet	n:04746430	mo ni	Qingjian v0.1.4	4521	exact English/Chinese synset	same WordNet synset; same POS; current Chinese candidate key
anarchy	混乱	n.	tem8	Chinese Open Wordnet	n:13973059	hun luan	Qingjian v0.1.4	3986	exact English/Chinese synset	same WordNet synset; same POS; current Chinese candidate key
anchorman	主持人	n.	tem8	Chinese Open Wordnet	n:09792969	zhu chi ren	Qingjian v0.1.4	8073	exact English/Chinese synset	same WordNet synset; same POS; current Chinese candidate key
anesthesia	麻醉	n.	toefl	CC-CEDICT CC BY-SA 4.0	2026-06 CC-CEDICT line 123570	ma zui	Qingjian v0.1.4	345	exact complete CC-CEDICT gloss; POS from ECDICT	anesthesia
anthropomorphism	拟人	n.	toefl	Chinese Open Wordnet	n:05767386	ni ren	Qingjian v0.1.4	393	exact English/Chinese synset	same WordNet synset; same POS; current Chinese candidate key
antifungal	抗真菌药	n.	toefl	KOReader dictionaries CC BY-SA 4.0 + Chinese Open Wordnet	en-zh v1.2.0 rank 5; exact COW synset	kang zhen jun yao	Rime ICE GPL-3.0	0	exact COW synset; independent pinyin dictionary agreement	exact English/Chinese Open Wordnet synset; pinyin resolved independently
apoplexy	中风	n.	tem8	Chinese Open Wordnet	n:14082303	zhong feng	Qingjian v0.1.4	753	exact English/Chinese synset	same WordNet synset; same POS; current Chinese candidate key
apostasy	背叛	n.	toefl	Chinese Open Wordnet	n:14413411	bei pan	Qingjian v0.1.4	2341	exact English/Chinese synset	same WordNet synset; same POS; current Chinese candidate key
applicability	适当	n.	toefl	Chinese Open Wordnet	n:13795180	shi dang	Qingjian v0.1.4	3691	exact English/Chinese synset	same WordNet synset; same POS; current Chinese candidate key
appropriately	合适的	adv.	toefl	ECDICT MIT	candidate-review.tsv:616	he shi de	Qingjian v0.1.4	5063	exact complete source gloss	ECDICT exact POS gloss=yes; KyleBing exact POS gloss=no; exam-list source=
aquamarine	绿玉	n.	toefl	KOReader dictionaries CC BY-SA 4.0 + Chinese Open Wordnet	en-zh v1.2.0 rank 5; exact COW synset	lv yu	Rime ICE GPL-3.0	0	exact COW synset; independent pinyin dictionary agreement	exact English/Chinese Open Wordnet synset; pinyin resolved independently
aquifer	含水层	n.	toefl	KOReader dictionaries CC BY-SA 4.0 + Chinese Open Wordnet	en-zh v1.2.0 rank 2; exact COW synset	han shui ceng	CC-CEDICT CC BY-SA 4.0 + Rime ICE GPL-3.0	0	exact COW synset; independent pinyin dictionary agreement	exact English/Chinese Open Wordnet synset; pinyin resolved independently
arbiter	仲裁人	n.	tem8	KOReader dictionaries CC BY-SA 4.0 + Chinese Open Wordnet	en-zh v1.2.0 rank 3; exact COW synset	zhong cai ren	Rime ICE GPL-3.0	0	exact COW synset; independent pinyin dictionary agreement	exact English/Chinese Open Wordnet synset; pinyin resolved independently
archaeopteryx	始祖鸟	n.	toefl	KOReader dictionaries CC BY-SA 4.0 + Chinese Open Wordnet	en-zh v1.2.0 rank 1; exact COW synset	shi zu niao	CC-CEDICT CC BY-SA 4.0 + Rime ICE GPL-3.0	0	exact COW synset; independent pinyin dictionary agreement	exact English/Chinese Open Wordnet synset; pinyin resolved independently
aspersion	诽谤	n.	toefl	Chinese Open Wordnet	n:01220336	fei bang	Qingjian v0.1.4	917	exact English/Chinese synset	same WordNet synset; same POS; current Chinese candidate key
assignments	分配	n.	ielts	ECDICT MIT	candidate-review.tsv:598	fen pei	Qingjian v0.1.4	6297	exact complete source gloss	ECDICT exact POS gloss=yes; KyleBing exact POS gloss=no; exam-list source=
astrophysics	天体物理学	n.	cet4,tem8	CC-CEDICT CC BY-SA 4.0	2026-06 CC-CEDICT line 29025	tian ti wu li xue	CC-CEDICT CC BY-SA 4.0	0	exact complete CC-CEDICT gloss; POS from ECDICT	astrophysics
atheist	无神论者	n.	toefl	CC-CEDICT CC BY-SA 4.0	2026-06 CC-CEDICT line 69979	wu shen lun zhe	CC-CEDICT CC BY-SA 4.0	0	exact complete CC-CEDICT gloss; POS from ECDICT	atheist
attacks	攻击	n.	ielts	ECDICT MIT	candidate-review.tsv:540	gong ji	Qingjian v0.1.4	19661	exact complete source gloss	ECDICT exact POS gloss=yes; KyleBing exact POS gloss=no; exam-list source=
auger	手钻	n.	toefl	KOReader dictionaries CC BY-SA 4.0 + Chinese Open Wordnet	en-zh v1.2.0 rank 7; exact COW synset	shou zuan	CC-CEDICT CC BY-SA 4.0	0	exact COW synset; independent pinyin dictionary agreement	exact English/Chinese Open Wordnet synset; pinyin resolved independently
auspices	保护	n.	toefl	Chinese Open Wordnet	n:01214863	bao hu	Qingjian v0.1.4	45530	exact English/Chinese synset	same WordNet synset; same POS; current Chinese candidate key
autonomic	自主	adj.	toefl	FMLD CC BY-SA 4.0	D1 / line 86579	zi zhu	Qingjian v0.1.4	2232	exact complete FMLD gloss; matching POS	autonomic
avarice	贪婪	n.	toefl	ECDICT MIT	candidate-review.tsv:825	tan lan	Qingjian v0.1.4	568	exact complete source gloss	ECDICT exact POS gloss=yes; KyleBing exact POS gloss=no; exam-list source=
baby-sit	照顾婴儿	v.	toefl	KOReader dictionaries CC BY-SA 4.0 + Chinese Open Wordnet	en-zh v1.2.0 rank 2; exact COW synset	zhao gu ying er	Rime ICE GPL-3.0	0	exact COW synset; independent pinyin dictionary agreement	exact English/Chinese Open Wordnet synset; pinyin resolved independently
backbiting	诽谤	n.	tem8	KyleBing BSD-3-Clause	candidate-review.tsv:1240	fei bang	Qingjian v0.1.4	917	exact complete source gloss	ECDICT exact POS gloss=no; KyleBing exact POS gloss=yes; exam-list source=tem8
banal	碌碌	adj.	tem8	FMLD CC BY-SA 4.0	D3 / line 625389	lu lu	Qingjian v0.1.4	51	exact complete FMLD gloss; matching POS	mediocre; ordinary; earthly; banal
bandanna	头巾	n.	toefl	Chinese Open Wordnet	n:02786198	tou jin	Qingjian v0.1.4	531	exact English/Chinese synset	same WordNet synset; same POS; current Chinese candidate key
banjo	班卓琴	n.	tem8	KOReader dictionaries CC BY-SA 4.0 + Chinese Open Wordnet	en-zh v1.2.0 rank 1; exact COW synset	ban zhuo qin	CC-CEDICT CC BY-SA 4.0 + Rime ICE GPL-3.0	0	exact COW synset; independent pinyin dictionary agreement	exact English/Chinese Open Wordnet synset; pinyin resolved independently
baritone	男中音	n.	tem8	CC-CEDICT CC BY-SA 4.0	2026-06 CC-CEDICT line 74864	nan zhong yin	CC-CEDICT CC BY-SA 4.0	0	exact complete CC-CEDICT gloss; POS from ECDICT	baritone
bawl	吆喝	v.	tem8	FMLD CC BY-SA 4.0	D1 / line 182490	yao he	Qingjian v0.1.4	235	exact complete FMLD gloss; matching POS	to shout; to yell; to cry out; to bawl
beating	失败	n.	tem8	KyleBing BSD-3-Clause	candidate-review.tsv:1159	shi bai	Qingjian v0.1.4	14255	exact complete source gloss	ECDICT exact POS gloss=no; KyleBing exact POS gloss=yes; exam-list source=tem8
beeper	呼叫器	n.	tem8	KOReader dictionaries CC BY-SA 4.0 + Chinese Open Wordnet	en-zh v1.2.0 rank 1; exact COW synset	hu jiao qi	CC-CEDICT CC BY-SA 4.0 + Rime ICE GPL-3.0	0	exact COW synset; independent pinyin dictionary agreement	exact English/Chinese Open Wordnet synset; pinyin resolved independently
befuddle	混淆	v.	toefl	Chinese Open Wordnet	v:00621734	hun xiao	Qingjian v0.1.4	1242	exact English/Chinese synset	same WordNet synset; same POS; current Chinese candidate key
belter	非常好	n.	toefl	KyleBing BSD-3-Clause	candidate-review.tsv:1199	fei chang hao	Qingjian v0.1.4	2834	exact complete source gloss	ECDICT exact POS gloss=no; KyleBing exact POS gloss=yes; exam-list source=toefl
beluga	白鲟	n.	toefl	KOReader dictionaries CC BY-SA 4.0 + Chinese Open Wordnet	en-zh v1.2.0 rank 5; exact COW synset	bai xun	Rime ICE GPL-3.0	0	exact COW synset; independent pinyin dictionary agreement	exact English/Chinese Open Wordnet synset; pinyin resolved independently
beneficent	慷慨	adj.	toefl	FMLD CC BY-SA 4.0	D3 / line 118892	kang kai	Qingjian v0.1.4	449	exact complete FMLD gloss; matching POS	generous; beneficent
berate	吆喝	v.	toefl	FMLD CC BY-SA 4.0	D4 / line 182510	yao he	Qingjian v0.1.4	235	exact complete FMLD gloss; matching POS	to berate; to chide
biologically	生物学	adv.	toefl	ECDICT MIT	candidate-review.tsv:716	sheng wu xue	Qingjian v0.1.4	2133	exact complete source gloss	ECDICT exact POS gloss=yes; KyleBing exact POS gloss=no; exam-list source=
bloodhound	猎犬	n.	toefl	Chinese Open Wordnet	n:02088466	lie quan	Qingjian v0.1.4	386	exact English/Chinese synset	same WordNet synset; same POS; current Chinese candidate key
blubber	哭泣	n.	toefl	ECDICT MIT	candidate-review.tsv:673	ku qi	Qingjian v0.1.4	2926	exact complete source gloss	ECDICT exact POS gloss=yes; KyleBing exact POS gloss=no; exam-list source=
boardinghouse	招待所	n.	toefl	Chinese Open Wordnet	n:02857477	zhao dai suo	Qingjian v0.1.4	255	exact English/Chinese synset	same WordNet synset; same POS; current Chinese candidate key
boardroom	会议室	n.	tem8	KOReader dictionaries CC BY-SA 4.0 + Chinese Open Wordnet	en-zh v1.2.0 rank 1; exact COW synset	hui yi shi	CC-CEDICT CC BY-SA 4.0 + Rime ICE GPL-3.0	0	exact COW synset; independent pinyin dictionary agreement	exact English/Chinese Open Wordnet synset; pinyin resolved independently
bonanza	幸运	n.	toefl	ECDICT MIT	candidate-review.tsv:561	xing yun	Qingjian v0.1.4	10761	exact complete source gloss	ECDICT exact POS gloss=yes; KyleBing exact POS gloss=no; exam-list source=
bongo	小鼓	n.	toefl	KOReader dictionaries CC BY-SA 4.0 + Chinese Open Wordnet	en-zh v1.2.0 rank 2; exact COW synset	xiao gu	CC-CEDICT CC BY-SA 4.0 + Rime ICE GPL-3.0	0	exact COW synset; independent pinyin dictionary agreement	exact English/Chinese Open Wordnet synset; pinyin resolved independently
bonnet	引擎盖	n.	tem8	KOReader dictionaries CC BY-SA 4.0 + Chinese Open Wordnet	en-zh v1.2.0 rank 2; exact COW synset	yin qing gai	CC-CEDICT CC BY-SA 4.0 + Rime ICE GPL-3.0	0	exact COW synset; independent pinyin dictionary agreement	exact English/Chinese Open Wordnet synset; pinyin resolved independently
booby	呆子	n.	tem8	ECDICT MIT	candidate-review.tsv:861	dai zi	Qingjian v0.1.4	368	exact complete source gloss	ECDICT exact POS gloss=yes; KyleBing exact POS gloss=no; exam-list source=
bowler	礼帽	n.	tem8	Chinese Open Wordnet	n:02881757	li mao	Qingjian v0.1.4	100	exact English/Chinese synset	same WordNet synset; same POS; current Chinese candidate key
breadbasket	肚子	n.	toefl	Chinese Open Wordnet	n:05395690	du zi	Qingjian v0.1.4	20784	exact English/Chinese synset	same WordNet synset; same POS; current Chinese candidate key
breadfruit	面包果	n.	toefl	CC-CEDICT CC BY-SA 4.0	2026-06 CC-CEDICT line 123477	mian bao guo	CC-CEDICT CC BY-SA 4.0	0	exact complete CC-CEDICT gloss; POS from ECDICT	breadfruit
broadcaster	主播	n.	toefl	FMLD CC BY-SA 4.0	D1 / line 124390	zhu bo	Qingjian v0.1.4	4306	exact complete FMLD gloss; matching POS	anchor; presenter; broadcaster; host
broadly	广泛	adv.	toefl	KyleBing BSD-3-Clause	candidate-review.tsv:1172	guang fan	Qingjian v0.1.4	8405	exact complete source gloss	ECDICT exact POS gloss=no; KyleBing exact POS gloss=yes; exam-list source=toefl
broadside	广告	n.	toefl	Chinese Open Wordnet	n:07250339	guang gao	Qingjian v0.1.4	21273	exact English/Chinese synset	same WordNet synset; same POS; current Chinese candidate key
brotherhood	协会	n.	tem8	Chinese Open Wordnet	n:08233056	xie hui	Qingjian v0.1.4	22441	exact English/Chinese synset	same WordNet synset; same POS; current Chinese candidate key
brunch	早午餐	n.	tem8	CC-CEDICT CC BY-SA 4.0	2026-06 CC-CEDICT line 52710	zao wu can	CC-CEDICT CC BY-SA 4.0	0	exact complete CC-CEDICT gloss; POS from ECDICT	brunch
buckskin	鹿皮	n.	toefl	KOReader dictionaries CC BY-SA 4.0 + Chinese Open Wordnet	en-zh v1.2.0 rank 2; exact COW synset	lu pi	Rime ICE GPL-3.0	0	exact COW synset; independent pinyin dictionary agreement	exact English/Chinese Open Wordnet synset; pinyin resolved independently
burgeoning	勃勃	adj.	tem8	FMLD CC BY-SA 4.0	D1 / line 339522	bo bo	Qingjian v0.1.4	46	exact complete FMLD gloss; matching POS	thriving; vigorous; exuberant; burgeoning
burin	雕刻刀	n.	toefl	KOReader dictionaries CC BY-SA 4.0 + Chinese Open Wordnet	en-zh v1.2.0 rank 2; exact COW synset	diao ke dao	Rime ICE GPL-3.0	0	exact COW synset; independent pinyin dictionary agreement	exact English/Chinese Open Wordnet synset; pinyin resolved independently
bushy	茂密	adj.	tem8	FMLD CC BY-SA 4.0	D1 / line 181511	mao mi	Qingjian v0.1.4	333	exact complete FMLD gloss; matching POS	(of vegetation) dense; thick; bushy
buzzer	门铃	n.	toefl	Chinese Open Wordnet	n:03222516	men ling	Qingjian v0.1.4	151	exact English/Chinese synset	same WordNet synset; same POS; current Chinese candidate key
cabal	阴谋	n.	toefl	Chinese Open Wordnet	n:05908882	yin mou	Qingjian v0.1.4	1909	exact English/Chinese synset	same WordNet synset; same POS; current Chinese candidate key
cabaret	夜店	n.	tem8	Chinese Open Wordnet	n:02931417	ye dian	Qingjian v0.1.4	1166	exact English/Chinese synset	same WordNet synset; same POS; current Chinese candidate key
cancellation	取消	n.	toefl	ECDICT MIT	candidate-review.tsv:549	qu xiao	Qingjian v0.1.4	15453	exact complete source gloss	ECDICT exact POS gloss=yes; KyleBing exact POS gloss=no; exam-list source=
cannibalism	自相残杀	n.	toefl	Chinese Open Wordnet	n:00412839	zi xiang can sha	Qingjian v0.1.4	115	exact English/Chinese synset	same WordNet synset; same POS; current Chinese candidate key
caput	脑袋	n.	toefl	Chinese Open Wordnet	n:05538625	nao dai	Qingjian v0.1.4	5946	exact English/Chinese synset	same WordNet synset; same POS; current Chinese candidate key
carbonate	碳酸盐	n.	toefl	KOReader dictionaries CC BY-SA 4.0 + Chinese Open Wordnet	en-zh v1.2.0 rank 1; exact COW synset	tan suan yan	CC-CEDICT CC BY-SA 4.0 + Rime ICE GPL-3.0	0	exact COW synset; independent pinyin dictionary agreement	exact English/Chinese Open Wordnet synset; pinyin resolved independently
catcall	嘘声	n.	tem8	ECDICT MIT	candidate-review.tsv:932	xu sheng	Qingjian v0.1.4	109	exact complete source gloss	ECDICT exact POS gloss=yes; KyleBing exact POS gloss=no; exam-list source=
categorically	绝对	adv.	toefl	ECDICT MIT	candidate-review.tsv:523	jue dui	Qingjian v0.1.4	31246	exact complete source gloss	ECDICT exact POS gloss=yes; KyleBing exact POS gloss=no; exam-list source=
cauldron	大锅	n.	tem8	CC-CEDICT CC BY-SA 4.0	2026-06 CC-CEDICT line 28541	da guo	CC-CEDICT CC BY-SA 4.0	0	exact complete CC-CEDICT gloss; POS from ECDICT	cauldron
censorship	检查	n.	tem8	Chinese Open Wordnet	n:00397347	jian cha	Qingjian v0.1.4	10063	exact English/Chinese synset	same WordNet synset; same POS; current Chinese candidate key
cession	转让	n.	toefl	ECDICT MIT	candidate-review.tsv:765	zhuan rang	Qingjian v0.1.4	1126	exact complete source gloss	ECDICT exact POS gloss=yes; KyleBing exact POS gloss=no; exam-list source=
characterise	描绘	v.	tem8	Chinese Open Wordnet	v:02697950	miao hui	Qingjian v0.1.4	3008	exact English/Chinese synset	same WordNet synset; same POS; current Chinese candidate key
characterization	描述	n.	toefl	KyleBing BSD-3-Clause	candidate-review.tsv:1160	miao shu	Qingjian v0.1.4	13738	exact complete source gloss	ECDICT exact POS gloss=no; KyleBing exact POS gloss=yes; exam-list source=toefl
chipmunk	花栗鼠	n.	toefl	KOReader dictionaries CC BY-SA 4.0 + Chinese Open Wordnet	en-zh v1.2.0 rank 1; exact COW synset	hua li shu	CC-CEDICT CC BY-SA 4.0 + Rime ICE GPL-3.0	0	exact COW synset; independent pinyin dictionary agreement	exact English/Chinese Open Wordnet synset; pinyin resolved independently
chlorate	氯酸盐	n.	toefl	KOReader dictionaries CC BY-SA 4.0 + Chinese Open Wordnet	en-zh v1.2.0 rank 2; exact COW synset	lv suan yan	Rime ICE GPL-3.0	0	exact COW synset; independent pinyin dictionary agreement	exact English/Chinese Open Wordnet synset; pinyin resolved independently
chloride	氯化物	n.	toefl	CC-CEDICT CC BY-SA 4.0	2026-06 CC-CEDICT line 62138	lv hua wu	CC-CEDICT CC BY-SA 4.0	0	exact complete CC-CEDICT gloss; POS from ECDICT	chloride
chloroplast	叶绿体	n.	tem8	CC-CEDICT CC BY-SA 4.0	2026-06 CC-CEDICT line 94945	ye lv ti	CC-CEDICT CC BY-SA 4.0	0	exact complete CC-CEDICT gloss; POS from ECDICT	chloroplast
claustrophobia	幽闭恐惧症	n.	tem8	KOReader dictionaries CC BY-SA 4.0 + Chinese Open Wordnet	en-zh v1.2.0 rank 2; exact COW synset	you bi kong ju zheng	CC-CEDICT CC BY-SA 4.0 + Rime ICE GPL-3.0	0	exact COW synset; independent pinyin dictionary agreement	exact English/Chinese Open Wordnet synset; pinyin resolved independently
clavichord	古钢琴	n.	toefl	KOReader dictionaries CC BY-SA 4.0 + Chinese Open Wordnet	en-zh v1.2.0 rank 3; exact COW synset	gu gang qin	Rime ICE GPL-3.0	0	exact COW synset; independent pinyin dictionary agreement	exact English/Chinese Open Wordnet synset; pinyin resolved independently
coffeepot	咖啡壶	n.	toefl	KOReader dictionaries CC BY-SA 4.0 + Chinese Open Wordnet	en-zh v1.2.0 rank 1; exact COW synset	ka fei hu	CC-CEDICT CC BY-SA 4.0 + Rime ICE GPL-3.0	0	exact COW synset; independent pinyin dictionary agreement	exact English/Chinese Open Wordnet synset; pinyin resolved independently
cognizance	认识	n.	toefl	ECDICT MIT	candidate-review.tsv:510	ren shi	Qingjian v0.1.4	60112	exact complete source gloss	ECDICT exact POS gloss=yes; KyleBing exact POS gloss=no; exam-list source=
cohesiveness	结合	n.	toefl	Chinese Open Wordnet	n:14420464	jie he	Qingjian v0.1.4	8038	exact English/Chinese synset	same WordNet synset; same POS; current Chinese candidate key
collaborator	合作者	n.	toefl	CC-CEDICT CC BY-SA 4.0	2026-06 CC-CEDICT line 19735	he zuo zhe	CC-CEDICT CC BY-SA 4.0	0	exact complete CC-CEDICT gloss; POS from ECDICT	collaborator
collectible	收藏品	n.	toefl	Chinese Open Wordnet	n:03069213	shou cang pin	Qingjian v0.1.4	239	exact English/Chinese synset	same WordNet synset; same POS; current Chinese candidate key
collectively	集团	adv.	toefl	ECDICT MIT	candidate-review.tsv:531	ji tuan	Qingjian v0.1.4	25439	exact complete source gloss	ECDICT exact POS gloss=yes; KyleBing exact POS gloss=no; exam-list source=
colonialist	殖民者	n.	tem8	FMLD CC BY-SA 4.0	D1 / line 540846	zhi min zhe	Qingjian v0.1.4	597	exact complete FMLD gloss; matching POS	colonialist; coloniser
colonization	殖民	n.	toefl	KyleBing BSD-3-Clause	candidate-review.tsv:1209	zhi min	Qingjian v0.1.4	2337	exact complete source gloss	ECDICT exact POS gloss=no; KyleBing exact POS gloss=yes; exam-list source=toefl
colourful	七彩	adj.	tem8	FMLD CC BY-SA 4.0	D1 / line 274291	qi cai	Qingjian v0.1.4	754	exact complete FMLD gloss; matching POS	colourful
comer	到达者	n.	toefl	KOReader dictionaries CC BY-SA 4.0 + Chinese Open Wordnet	en-zh v1.2.0 rank 1; exact COW synset	dao da zhe	Rime ICE GPL-3.0	0	exact COW synset; independent pinyin dictionary agreement	exact English/Chinese Open Wordnet synset; pinyin resolved independently
commercialization	商品化	n.	toefl	KyleBing BSD-3-Clause	candidate-review.tsv:1307	shang pin hua	Qingjian v0.1.4	98	exact complete source gloss	ECDICT exact POS gloss=no; KyleBing exact POS gloss=yes; exam-list source=toefl
compaction	粉碎	n.	toefl	Chinese Open Wordnet	n:00358089	fen sui	Qingjian v0.1.4	578	exact English/Chinese synset	same WordNet synset; same POS; current Chinese candidate key
computation	计算	n.	toefl	Chinese Open Wordnet	n:05802185	ji suan	Qingjian v0.1.4	7944	exact English/Chinese synset	same WordNet synset; same POS; current Chinese candidate key
conceivably	以为	adv.	toefl	ECDICT MIT	candidate-review.tsv:508	yi wei	Qingjian v0.1.4	84471	exact complete source gloss	ECDICT exact POS gloss=yes; KyleBing exact POS gloss=no; exam-list source=
concessions	承认	n.	ielts	ECDICT MIT	candidate-review.tsv:544	cheng ren	Qingjian v0.1.4	18344	exact complete source gloss	ECDICT exact POS gloss=yes; KyleBing exact POS gloss=no; exam-list source=
conclusively	最后	adv.	toefl	ECDICT MIT	candidate-review.tsv:506	zui hou	Qingjian v0.1.4	91332	exact complete source gloss	ECDICT exact POS gloss=yes; KyleBing exact POS gloss=no; exam-list source=
concomitant	伴随物	n.	toefl	KOReader dictionaries CC BY-SA 4.0 + Chinese Open Wordnet	en-zh v1.2.0 rank 2; exact COW synset	ban sui wu	Rime ICE GPL-3.0	0	exact COW synset; independent pinyin dictionary agreement	exact English/Chinese Open Wordnet synset; pinyin resolved independently
concurrence	赞同	n.	toefl	ECDICT MIT	candidate-review.tsv:604	zan tong	Qingjian v0.1.4	5647	exact complete source gloss	ECDICT exact POS gloss=yes; KyleBing exact POS gloss=no; exam-list source=
condemnation	谴责	n.	toefl	Chinese Open Wordnet	n:14574846	qian ze	Qingjian v0.1.4	3881	exact English/Chinese synset	same WordNet synset; same POS; current Chinese candidate key
condiment	作料	n.	toefl	FMLD CC BY-SA 4.0	D1 / line 236110	zuo liao	Qingjian v0.1.4	54	exact complete FMLD gloss; matching POS	condiment; seasoning; flavouring
conditioning	调节	n.	toefl	ECDICT MIT	candidate-review.tsv:652	tiao jie	Qingjian v0.1.4	3365	exact complete source gloss	ECDICT exact POS gloss=yes; KyleBing exact POS gloss=no; exam-list source=
connivance	纵容	n.	toefl	ECDICT MIT	candidate-review.tsv:846	zong rong	Qingjian v0.1.4	433	exact complete source gloss	ECDICT exact POS gloss=yes; KyleBing exact POS gloss=no; exam-list source=
conscientiously	认真	adv.	tem8	ECDICT MIT	candidate-review.tsv:532	ren zhen	Qingjian v0.1.4	25368	exact complete source gloss	ECDICT exact POS gloss=yes; KyleBing exact POS gloss=no; exam-list source=
conscription	征召	n.	toefl	KyleBing BSD-3-Clause	candidate-review.tsv:1229	zheng zhao	Qingjian v0.1.4	1149	exact complete source gloss	ECDICT exact POS gloss=no; KyleBing exact POS gloss=yes; exam-list source=toefl
consternation	恐怖	n.	toefl	Chinese Open Wordnet	n:07519773	kong bu	Qingjian v0.1.4	14711	exact English/Chinese synset	same WordNet synset; same POS; current Chinese candidate key
contaminant	污染物	n.	ielts	KOReader dictionaries CC BY-SA 4.0 + Chinese Open Wordnet	en-zh v1.2.0 rank 1; exact COW synset	wu ran wu	CC-CEDICT CC BY-SA 4.0 + Rime ICE GPL-3.0	0	exact COW synset; independent pinyin dictionary agreement	exact English/Chinese Open Wordnet synset; pinyin resolved independently
continence	自制	n.	toefl	ECDICT MIT	candidate-review.tsv:709	zi zhi	Qingjian v0.1.4	2225	exact complete source gloss	ECDICT exact POS gloss=yes; KyleBing exact POS gloss=no; exam-list source=
conveyance	运输	n.	toefl	Chinese Open Wordnet	n:00315986	yun shu	Qingjian v0.1.4	11167	exact English/Chinese synset	same WordNet synset; same POS; current Chinese candidate key
convoke	集合	v.	toefl	Chinese Open Wordnet	v:00793037	ji he	Qingjian v0.1.4	4087	exact English/Chinese synset	same WordNet synset; same POS; current Chinese candidate key
corral	牛栏	n.	toefl	Chinese Open Wordnet	n:03124590	niu lan	Qingjian v0.1.4	128	exact English/Chinese synset	same WordNet synset; same POS; current Chinese candidate key
corset	束腰	v.	toefl	FMLD CC BY-SA 4.0	D3 / line 518727	shu yao	Qingjian v0.1.4	134	exact complete FMLD gloss; matching POS	to girdle the waist; to corset; to girdle
cottonwood	三角叶杨	n.	toefl	KOReader dictionaries CC BY-SA 4.0 + Chinese Open Wordnet	en-zh v1.2.0 rank 1; exact COW synset	san jiao ye yang	Rime ICE GPL-3.0	0	exact COW synset; independent pinyin dictionary agreement	exact English/Chinese Open Wordnet synset; pinyin resolved independently
cougar	熟女	n.	toefl	FMLD CC BY-SA 4.0	D2 / line 583567	shu nv	Qingjian v0.1.4	328	exact complete FMLD gloss; matching POS	MILF; cougar
cowardice	胆小	n.	tem8	KyleBing BSD-3-Clause	candidate-review.tsv:1221	dan xiao	Qingjian v0.1.4	1286	exact complete source gloss	ECDICT exact POS gloss=no; KyleBing exact POS gloss=yes; exam-list source=tem8
cowl	头巾	n.	tem8	Chinese Open Wordnet	n:03124474	tou jin	Qingjian v0.1.4	531	exact English/Chinese synset	same WordNet synset; same POS; current Chinese candidate key
coyote	郊狼	n.	toefl	KOReader dictionaries CC BY-SA 4.0 + Chinese Open Wordnet	en-zh v1.2.0 rank 3; exact COW synset	jiao lang	CC-CEDICT CC BY-SA 4.0	0	exact COW synset; independent pinyin dictionary agreement	exact English/Chinese Open Wordnet synset; pinyin resolved independently
croak	死亡	v.	tem8	Chinese Open Wordnet	v:00358431	si wang	Qingjian v0.1.4	18210	exact English/Chinese synset	same WordNet synset; same POS; current Chinese candidate key
crustacean	介虫	n.	toefl	KOReader dictionaries CC BY-SA 4.0 + Chinese Open Wordnet	en-zh v1.2.0 rank 2; exact COW synset	jie chong	Rime ICE GPL-3.0	0	exact COW synset; independent pinyin dictionary agreement	exact English/Chinese Open Wordnet synset; pinyin resolved independently
cubism	立体派	n.	toefl	CC-CEDICT CC BY-SA 4.0	2026-06 CC-CEDICT line 82457	li ti pai	CC-CEDICT CC BY-SA 4.0	0	exact complete CC-CEDICT gloss; POS from ECDICT	cubism
curtsy	屈膝礼	n.	toefl	CC-CEDICT CC BY-SA 4.0	2026-06 CC-CEDICT line 35368	qu xi li	CC-CEDICT CC BY-SA 4.0	0	exact complete CC-CEDICT gloss; POS from ECDICT	curtsy
cynicism	冷嘲热讽	n.	tem8	KyleBing BSD-3-Clause	candidate-review.tsv:1286	leng chao re feng	Qingjian v0.1.4	255	exact complete source gloss	ECDICT exact POS gloss=no; KyleBing exact POS gloss=yes; exam-list source=tem8
damages	补偿	n.	ielts	Chinese Open Wordnet	n:13290676	bu chang	Qingjian v0.1.4	2785	exact English/Chinese synset	same WordNet synset; same POS; current Chinese candidate key
debauch	狂欢	n.	toefl	Chinese Open Wordnet	n:00511212	kuang huan	Qingjian v0.1.4	1058	exact English/Chinese synset	same WordNet synset; same POS; current Chinese candidate key
decompression	减压	n.	ielts	Chinese Open Wordnet	n:00357451	jian ya	Qingjian v0.1.4	493	exact English/Chinese synset	same WordNet synset; same POS; current Chinese candidate key
decorations	装修	n.	ielts	ECDICT MIT	candidate-review.tsv:608	zhuang xiu	Qingjian v0.1.4	5468	exact complete source gloss	ECDICT exact POS gloss=yes; KyleBing exact POS gloss=no; exam-list source=
decorator	装饰家	n.	toefl	KOReader dictionaries CC BY-SA 4.0 + Chinese Open Wordnet	en-zh v1.2.0 rank 2; exact COW synset	zhuang shi jia	Rime ICE GPL-3.0	0	exact COW synset; independent pinyin dictionary agreement	exact English/Chinese Open Wordnet synset; pinyin resolved independently
dehydration	干燥	n.	toefl	Chinese Open Wordnet	n:13460568	gan zao	Qingjian v0.1.4	2203	exact English/Chinese synset	same WordNet synset; same POS; current Chinese candidate key
deli	熟食店	n.	tem8	KOReader dictionaries CC BY-SA 4.0 + Chinese Open Wordnet	en-zh v1.2.0 rank 1; exact COW synset	shu shi dian	CC-CEDICT CC BY-SA 4.0	0	exact COW synset; independent pinyin dictionary agreement	exact English/Chinese Open Wordnet synset; pinyin resolved independently
demagogy	煽动	n.	tem8	ECDICT MIT	candidate-review.tsv:752	shan dong	Qingjian v0.1.4	1341	exact complete source gloss	ECDICT exact POS gloss=yes; KyleBing exact POS gloss=no; exam-list source=
demented	精神错乱	v.	tem8	KyleBing BSD-3-Clause	candidate-review.tsv:1305	jing shen cuo luan	Qingjian v0.1.4	101	exact complete source gloss	ECDICT exact POS gloss=no; KyleBing exact POS gloss=yes; exam-list source=tem8
demoralize	使堕落	v.	tem8	KOReader dictionaries CC BY-SA 4.0 + Chinese Open Wordnet	en-zh v1.2.0 rank 1; exact COW synset	shi duo luo	Rime ICE GPL-3.0	0	exact COW synset; independent pinyin dictionary agreement	exact English/Chinese Open Wordnet synset; pinyin resolved independently
deodorant	体香剂	n.	tem8	KOReader dictionaries CC BY-SA 4.0 + Chinese Open Wordnet	en-zh v1.2.0 rank 1; exact COW synset	ti xiang ji	CC-CEDICT CC BY-SA 4.0 + Rime ICE GPL-3.0	0	exact COW synset; independent pinyin dictionary agreement	exact English/Chinese Open Wordnet synset; pinyin resolved independently
dependable	可靠	adj.	toefl	FMLD CC BY-SA 4.0	D1 / line 38772	ke kao	Qingjian v0.1.4	1930	exact complete FMLD gloss; matching POS	dependable; reliable
deputation	代表	n.	tem8	Chinese Open Wordnet	n:08402442	dai biao	Qingjian v0.1.4	82598	exact English/Chinese synset	same WordNet synset; same POS; current Chinese candidate key
despondent	心累	adj.	toefl	FMLD CC BY-SA 4.0	D1 / line 455819	xin lei	Qingjian v0.1.4	4961	exact complete FMLD gloss; matching POS	emotionally exhausted; despondent; disheartened
detraction	转移	n.	toefl	ECDICT MIT	candidate-review.tsv:581	zhuan yi	Qingjian v0.1.4	7813	exact complete source gloss	ECDICT exact POS gloss=yes; KyleBing exact POS gloss=no; exam-list source=
deviance	异常	n.	ielts	KyleBing BSD-3-Clause	candidate-review.tsv:1192	yi chang	Qingjian v0.1.4	3940	exact complete source gloss	ECDICT exact POS gloss=no; KyleBing exact POS gloss=yes; exam-list source=ielts
devolution	转让	n.	tem8	ECDICT MIT	candidate-review.tsv:764	zhuan rang	Qingjian v0.1.4	1126	exact complete source gloss	ECDICT exact POS gloss=yes; KyleBing exact POS gloss=no; exam-list source=
diagnostic	诊断	n.	cet6,tem8	ECDICT MIT	candidate-review.tsv:704	zhen duan	Qingjian v0.1.4	2303	exact complete source gloss	ECDICT exact POS gloss=yes; KyleBing exact POS gloss=no; exam-list source=
differently	不同	adv.	toefl	ECDICT MIT	candidate-review.tsv:512	bu tong	Qingjian v0.1.4	53578	exact complete source gloss	ECDICT exact POS gloss=yes; KyleBing exact POS gloss=no; exam-list source=
dilettante	半吊子	n.	tem8	FMLD CC BY-SA 4.0	D1 / line 345635	ban diao zi	Qingjian v0.1.4	10	exact complete FMLD gloss; matching POS	one who lacks adequate knowledge or skills; dilettante; smatterer; dabbler
diode	二极管	n.	tem8	CC-CEDICT CC BY-SA 4.0	2026-06 CC-CEDICT line 4794	er ji guan	CC-CEDICT CC BY-SA 4.0	0	exact complete CC-CEDICT gloss; POS from ECDICT	diode
disassociate	分离	v.	tem8	Chinese Open Wordnet	v:02430580	fen li	Qingjian v0.1.4	4662	exact English/Chinese synset	same WordNet synset; same POS; current Chinese candidate key
disenchantment	失望	n.	ielts	KyleBing BSD-3-Clause	candidate-review.tsv:1170	shi wang	Qingjian v0.1.4	10020	exact complete source gloss	ECDICT exact POS gloss=no; KyleBing exact POS gloss=yes; exam-list source=ielts
dishonourable	不肖	adj.	tem8	FMLD CC BY-SA 4.0	D1 / line 181794	bu xiao	Qingjian v0.1.4	52	exact complete FMLD gloss; matching POS	(of a person) unworthy; unseemly; unpromising; dishonourable; of poor moral character
disinterest	客观	n.	toefl	KyleBing BSD-3-Clause	candidate-review.tsv:1201	ke guan	Qingjian v0.1.4	2676	exact complete source gloss	ECDICT exact POS gloss=no; KyleBing exact POS gloss=yes; exam-list source=toefl
dismembered	身首异处	v.	toefl	ECDICT MIT	candidate-review.tsv:991	shen shou yi chu	Qingjian v0.1.4	17	exact complete source gloss	ECDICT exact POS gloss=yes; KyleBing exact POS gloss=no; exam-list source=
distantly	冷漠	adv.	toefl	ECDICT MIT	candidate-review.tsv:693	leng mo	Qingjian v0.1.4	2576	exact complete source gloss	ECDICT exact POS gloss=yes; KyleBing exact POS gloss=no; exam-list source=
distressed	痛苦的	adj.	toefl	ECDICT MIT	candidate-review.tsv:687	tong ku de	Qingjian v0.1.4	2642	exact complete source gloss	ECDICT exact POS gloss=yes; KyleBing exact POS gloss=no; exam-list source=
diviner	方士	n.	toefl	FMLD CC BY-SA 4.0	D2 / line 501323	fang shi	Qingjian v0.1.4	85	exact complete FMLD gloss; matching POS	fortune teller; diviner
dollop	一些	n.	tem8	Chinese Open Wordnet	n:13772020	yi xie	Qingjian v0.1.4	56347	exact English/Chinese synset	same WordNet synset; same POS; current Chinese candidate key
domesticity	恋家	n.	tem8	ECDICT MIT	candidate-review.tsv:879	lian jia	Qingjian v0.1.4	313	exact complete source gloss	ECDICT exact POS gloss=yes; KyleBing exact POS gloss=no; exam-list source=
donations	捐款	n.	ielts	ECDICT MIT	candidate-review.tsv:747	juan kuan	Qingjian v0.1.4	1440	exact complete source gloss	ECDICT exact POS gloss=yes; KyleBing exact POS gloss=no; exam-list source=
doorknob	门把	n.	toefl	KOReader dictionaries CC BY-SA 4.0 + Chinese Open Wordnet	en-zh v1.2.0 rank 1; exact COW synset	men ba	CC-CEDICT CC BY-SA 4.0 + Rime ICE GPL-3.0	0	exact COW synset; independent pinyin dictionary agreement	exact English/Chinese Open Wordnet synset; pinyin resolved independently
drainpipe	排水管	n.	toefl	CC-CEDICT CC BY-SA 4.0	2026-06 CC-CEDICT line 47593	pai shui guan	CC-CEDICT CC BY-SA 4.0	0	exact complete CC-CEDICT gloss; POS from ECDICT	drainpipe
driftwood	漂流木	n.	toefl	KOReader dictionaries CC BY-SA 4.0 + Chinese Open Wordnet	en-zh v1.2.0 rank 2; exact COW synset	piao liu mu	Rime ICE GPL-3.0	0	exact COW synset; independent pinyin dictionary agreement	exact English/Chinese Open Wordnet synset; pinyin resolved independently
driving	驾驶	n.	ielts	ECDICT MIT	candidate-review.tsv:591	jia shi	Qingjian v0.1.4	6966	exact complete source gloss	ECDICT exact POS gloss=yes; KyleBing exact POS gloss=no; exam-list source=
drop-off	降低	n.	ielts	Chinese Open Wordnet	n:07355887	jiang di	Qingjian v0.1.4	5993	exact English/Chinese synset	same WordNet synset; same POS; current Chinese candidate key
dryer	干燥机	n.	tem8	KOReader dictionaries CC BY-SA 4.0 + Chinese Open Wordnet	en-zh v1.2.0 rank 5; exact COW synset	gan zao ji	CC-CEDICT CC BY-SA 4.0 + Rime ICE GPL-3.0	0	exact COW synset; independent pinyin dictionary agreement	exact English/Chinese Open Wordnet synset; pinyin resolved independently
dulcimer	洋琴	n.	toefl	KOReader dictionaries CC BY-SA 4.0 + Chinese Open Wordnet	en-zh v1.2.0 rank 1; exact COW synset	yang qin	CC-CEDICT CC BY-SA 4.0	0	exact COW synset; independent pinyin dictionary agreement	exact English/Chinese Open Wordnet synset; pinyin resolved independently
dustcart	垃圾车	n.	tem8	KOReader dictionaries CC BY-SA 4.0 + Chinese Open Wordnet	en-zh v1.2.0 rank 1; exact COW synset	la ji che	CC-CEDICT CC BY-SA 4.0 + Rime ICE GPL-3.0	0	exact COW synset; independent pinyin dictionary agreement	exact English/Chinese Open Wordnet synset; pinyin resolved independently
effectuate	完成	v.	toefl	ECDICT MIT	candidate-review.tsv:521	wan cheng	Qingjian v0.1.4	32579	exact complete source gloss	ECDICT exact POS gloss=yes; KyleBing exact POS gloss=no; exam-list source=
effrontery	厚颜无耻	n.	toefl	ECDICT MIT	candidate-review.tsv:989	hou yan wu chi	Qingjian v0.1.4	18	exact complete source gloss	ECDICT exact POS gloss=yes; KyleBing exact POS gloss=no; exam-list source=
electioneering	竞选活动	n.	tem8	KOReader dictionaries CC BY-SA 4.0 + Chinese Open Wordnet	en-zh v1.2.0 rank 5; exact COW synset	jing xuan huo dong	CC-CEDICT CC BY-SA 4.0 + Rime ICE GPL-3.0	0	exact COW synset; independent pinyin dictionary agreement	exact English/Chinese Open Wordnet synset; pinyin resolved independently
emancipation	解放	n.	toefl	ECDICT MIT	candidate-review.tsv:582	jie fang	Qingjian v0.1.4	7719	exact complete source gloss	ECDICT exact POS gloss=yes; KyleBing exact POS gloss=no; exam-list source=
emancipator	救星	n.	tem8	FMLD CC BY-SA 4.0	D1 / line 143503	jiu xing	Qingjian v0.1.4	138	exact complete FMLD gloss; matching POS	liberator; emancipator; savior
embellishment	修饰	n.	toefl	Chinese Open Wordnet	n:03282401	xiu shi	Qingjian v0.1.4	846	exact English/Chinese synset	same WordNet synset; same POS; current Chinese candidate key
engaging	有意思	adj.	toefl	FMLD CC BY-SA 4.0	D1 / line 17195	you yi si	Qingjian v0.1.4	9368	exact complete FMLD gloss; matching POS	interesting; absorbing; engaging; delightful
ennoble	使高贵	v.	tem8	KOReader dictionaries CC BY-SA 4.0 + Chinese Open Wordnet	en-zh v1.2.0 rank 2; exact COW synset	shi gao gui	Rime ICE GPL-3.0	0	exact COW synset; independent pinyin dictionary agreement	exact English/Chinese Open Wordnet synset; pinyin resolved independently
entree	进入	n.	tem8	Chinese Open Wordnet	n:03290771	jin ru	Qingjian v0.1.4	38786	exact English/Chinese synset	same WordNet synset; same POS; current Chinese candidate key
eohippus	始祖马	n.	toefl	KOReader dictionaries CC BY-SA 4.0 + Chinese Open Wordnet	en-zh v1.2.0 rank 1; exact COW synset	shi zu ma	Rime ICE GPL-3.0	0	exact COW synset; independent pinyin dictionary agreement	exact English/Chinese Open Wordnet synset; pinyin resolved independently
erasure	消除	n.	tem8	KyleBing BSD-3-Clause	candidate-review.tsv:1208	xiao chu	Qingjian v0.1.4	2344	exact complete source gloss	ECDICT exact POS gloss=no; KyleBing exact POS gloss=yes; exam-list source=tem8
escutcheon	指板	n.	toefl	KOReader dictionaries CC BY-SA 4.0 + Chinese Open Wordnet	en-zh v1.2.0 rank 1; exact COW synset	zhi ban	CC-CEDICT CC BY-SA 4.0 + Rime ICE GPL-3.0	0	exact COW synset; independent pinyin dictionary agreement	exact English/Chinese Open Wordnet synset; pinyin resolved independently
euphonious	上口	adj.	toefl	FMLD CC BY-SA 4.0	D2 / line 277344	shang kou	Qingjian v0.1.4	117	exact complete FMLD gloss; matching POS	suitable for reading aloud; easy to read; euphonious
euphoria	兴奋	n.	tem8	ECDICT MIT	candidate-review.tsv:593	xing fen	Qingjian v0.1.4	6817	exact complete source gloss	ECDICT exact POS gloss=yes; KyleBing exact POS gloss=no; exam-list source=
evacuation	撤退	n.	toefl	ECDICT MIT	candidate-review.tsv:666	che tui	Qingjian v0.1.4	3032	exact complete source gloss	ECDICT exact POS gloss=yes; KyleBing exact POS gloss=no; exam-list source=
eventuality	不虞	n.	tem8	FMLD CC BY-SA 4.0	D2 / line 283215	bu yu	Qingjian v0.1.4	30	exact complete FMLD gloss; matching POS	possibility; eventuality; contingency
excellency	优点	n.	tem8	ECDICT MIT	candidate-review.tsv:678	you dian	Qingjian v0.1.4	2806	exact complete source gloss	ECDICT exact POS gloss=yes; KyleBing exact POS gloss=no; exam-list source=
exceptionally	抵死	adv.	toefl	FMLD CC BY-SA 4.0	D5 / line 476219	di si	Qingjian v0.1.4	13	exact complete FMLD gloss; matching POS	exceptionally; unusually; especially
exemption	解除	n.	toefl	ECDICT MIT	candidate-review.tsv:636	jie chu	Qingjian v0.1.4	4040	exact complete source gloss	ECDICT exact POS gloss=yes; KyleBing exact POS gloss=no; exam-list source=
exhilaration	愉快	n.	ielts	ECDICT MIT	candidate-review.tsv:528	yu kuai	Qingjian v0.1.4	25973	exact complete source gloss	ECDICT exact POS gloss=yes; KyleBing exact POS gloss=no; exam-list source=
experiments	尝试	n.	ielts	ECDICT MIT	candidate-review.tsv:556	chang shi	Qingjian v0.1.4	12621	exact complete source gloss	ECDICT exact POS gloss=yes; KyleBing exact POS gloss=no; exam-list source=
extended	持久	adj.	toefl	FMLD CC BY-SA 4.0	D1 / line 127365	chi jiu	Qingjian v0.1.4	1176	exact complete FMLD gloss; matching POS	long-lasting; lasting; long-term; enduring; protracted; extended
extractor	离心机	n.	tem8	Chinese Open Wordnet	n:02995998	li xin ji	Qingjian v0.1.4	42	exact English/Chinese synset	same WordNet synset; same POS; current Chinese candidate key
facilitation	容易	n.	toefl	Chinese Open Wordnet	n:14575531	rong yi	Qingjian v0.1.4	50161	exact English/Chinese synset	same WordNet synset; same POS; current Chinese candidate key
facing	镶边	n.	tem8	Chinese Open Wordnet	n:03315805	xiang bian	Qingjian v0.1.4	50	exact English/Chinese synset	same WordNet synset; same POS; current Chinese candidate key
faithfulness	正确	n.	toefl	ECDICT MIT	candidate-review.tsv:576	zheng que	Qingjian v0.1.4	8126	exact complete source gloss	ECDICT exact POS gloss=yes; KyleBing exact POS gloss=no; exam-list source=
fallout	原子尘	n.	toefl	KOReader dictionaries CC BY-SA 4.0 + Chinese Open Wordnet	en-zh v1.2.0 rank 1; exact COW synset	yuan zi chen	Rime ICE GPL-3.0	0	exact COW synset; independent pinyin dictionary agreement	exact English/Chinese Open Wordnet synset; pinyin resolved independently
fanaticism	狂热	n.	toefl	ECDICT MIT	candidate-review.tsv:762	kuang re	Qingjian v0.1.4	1144	exact complete source gloss	ECDICT exact POS gloss=yes; KyleBing exact POS gloss=no; exam-list source=
fantasise	梦想	v.	tem8	ECDICT MIT	candidate-review.tsv:546	meng xiang	Qingjian v0.1.4	17466	exact complete source gloss	ECDICT exact POS gloss=yes; KyleBing exact POS gloss=no; exam-list source=
favouritism	歧视	n.	tem8	Chinese Open Wordnet	n:01153548	qi shi	Qingjian v0.1.4	4019	exact English/Chinese synset	same WordNet synset; same POS; current Chinese candidate key
fecundity	肥沃	n.	toefl	Chinese Open Wordnet	n:14051494	fei wo	Qingjian v0.1.4	281	exact English/Chinese synset	same WordNet synset; same POS; current Chinese candidate key
federate	同盟	v.	tem8	ECDICT MIT	candidate-review.tsv:609	tong meng	Qingjian v0.1.4	5454	exact complete source gloss	ECDICT exact POS gloss=yes; KyleBing exact POS gloss=no; exam-list source=
feldspar	长石	n.	toefl	KOReader dictionaries CC BY-SA 4.0 + Chinese Open Wordnet	en-zh v1.2.0 rank 2; exact COW synset	chang shi	CC-CEDICT CC BY-SA 4.0 + Rime ICE GPL-3.0	0	exact COW synset; independent pinyin dictionary agreement	exact English/Chinese Open Wordnet synset; pinyin resolved independently
felony	重罪	n.	tem8	CC-CEDICT CC BY-SA 4.0	2026-06 CC-CEDICT line 110737	zhong zui	CC-CEDICT CC BY-SA 4.0	0	exact complete CC-CEDICT gloss; POS from ECDICT	felony
festoon	花环	n.	tem8	Chinese Open Wordnet	n:03330274	hua huan	Qingjian v0.1.4	227	exact English/Chinese synset	same WordNet synset; same POS; current Chinese candidate key
fibreglass	玻璃纤维	n.	tem8	Chinese Open Wordnet	n:14866769	bo li xian wei	Qingjian v0.1.4	117	exact English/Chinese synset	same WordNet synset; same POS; current Chinese candidate key
fiddling	诈骗	n.	tem8	KyleBing BSD-3-Clause	candidate-review.tsv:1222	zha pian	Qingjian v0.1.4	1279	exact complete source gloss	ECDICT exact POS gloss=no; KyleBing exact POS gloss=yes; exam-list source=tem8
fidgety	忐忑	adj.	tem4	FMLD CC BY-SA 4.0	D1 / line 160812	tan te	Qingjian v0.1.4	956	exact complete FMLD gloss; matching POS	perturbed; nervous; uneasy; fidgety
fishmonger	鱼贩	n.	tem8	CC-CEDICT CC BY-SA 4.0	2026-06 CC-CEDICT line 122351	yu fan	CC-CEDICT CC BY-SA 4.0	0	exact complete CC-CEDICT gloss; POS from ECDICT	fishmonger
fixer	美沙酮	n.	tem8	KOReader dictionaries CC BY-SA 4.0 + Chinese Open Wordnet	en-zh v1.2.0 rank 8; exact COW synset	mei sha tong	CC-CEDICT CC BY-SA 4.0 + Rime ICE GPL-3.0	0	exact COW synset; independent pinyin dictionary agreement	exact English/Chinese Open Wordnet synset; pinyin resolved independently
flagrant	露骨	adj.	tem8	FMLD CC BY-SA 4.0	D1 / line 793326	lu gu	Qingjian v0.1.4	346	exact complete FMLD gloss; matching POS	undisguised; flagrant; shameless; barefaced; explicit; thinly veiled
flashbulb	闪光灯	n.	toefl	Chinese Open Wordnet	n:03358172	shan guang deng	Qingjian v0.1.4	967	exact English/Chinese synset	same WordNet synset; same POS; current Chinese candidate key
flatboat	驳船	n.	toefl	Chinese Open Wordnet	n:02792552	bo chuan	Qingjian v0.1.4	129	exact English/Chinese synset	same WordNet synset; same POS; current Chinese candidate key
flavin	核黄素	n.	toefl	Chinese Open Wordnet	n:14870924	he huang su	Qingjian v0.1.4	8	exact English/Chinese synset	same WordNet synset; same POS; current Chinese candidate key
flavouring	香料	n.	tem8	FMLD CC BY-SA 4.0	D3 / line 168307	xiang liao	Qingjian v0.1.4	703	exact complete FMLD gloss; matching POS	flavouring
floppy	磁盘	n.	tem8	Chinese Open Wordnet	n:03209910	ci pan	Qingjian v0.1.4	249	exact English/Chinese synset	same WordNet synset; same POS; current Chinese candidate key
fluster	激动	n.	toefl	ECDICT MIT	candidate-review.tsv:543	ji dong	Qingjian v0.1.4	18491	exact complete source gloss	ECDICT exact POS gloss=yes; KyleBing exact POS gloss=no; exam-list source=
footwear	鞋子	n.	tem8	Chinese Open Wordnet	n:03381126	xie zi	Qingjian v0.1.4	10356	exact English/Chinese synset	same WordNet synset; same POS; current Chinese candidate key
forethought	注意	n.	tem8	Chinese Open Wordnet	n:05615869	zhu yi	Qingjian v0.1.4	67417	exact English/Chinese synset	same WordNet synset; same POS; current Chinese candidate key
formalise	使有效	v.	tem8	KOReader dictionaries CC BY-SA 4.0 + Chinese Open Wordnet	en-zh v1.2.0 rank 4; exact COW synset	shi you xiao	Rime ICE GPL-3.0	0	exact COW synset; independent pinyin dictionary agreement	exact English/Chinese Open Wordnet synset; pinyin resolved independently
formalize	使有效	v.	toefl	KOReader dictionaries CC BY-SA 4.0 + Chinese Open Wordnet	en-zh v1.2.0 rank 4; exact COW synset	shi you xiao	Rime ICE GPL-3.0	0	exact COW synset; independent pinyin dictionary agreement	exact English/Chinese Open Wordnet synset; pinyin resolved independently
fossilize	陈腐	v.	toefl	KyleBing BSD-3-Clause	candidate-review.tsv:1320	chen fu	Qingjian v0.1.4	36	exact complete source gloss	ECDICT exact POS gloss=no; KyleBing exact POS gloss=yes; exam-list source=toefl
freckled	斑点	adj.	tem8	ECDICT MIT	candidate-review.tsv:801	ban dian	Qingjian v0.1.4	804	exact complete source gloss	ECDICT exact POS gloss=yes; KyleBing exact POS gloss=no; exam-list source=
frenchman	法国人	n.	tem8	CC-CEDICT CC BY-SA 4.0	2026-06 CC-CEDICT line 63789	fa guo ren	CC-CEDICT CC BY-SA 4.0	0	exact complete CC-CEDICT gloss; POS from ECDICT	frenchman
fresher	新生	n.	toefl	Chinese Open Wordnet	n:10111688	xin sheng	Qingjian v0.1.4	3407	exact English/Chinese synset	same WordNet synset; same POS; current Chinese candidate key
fretful	焦躁	adj.	tem8	FMLD CC BY-SA 4.0	D1 / line 236603	jiao zao	Qingjian v0.1.4	427	exact complete FMLD gloss; matching POS	fretful; impatient
fumes	废气	n.	ielts	Chinese Open Wordnet	n:14837364	fei qi	Qingjian v0.1.4	227	exact English/Chinese synset	same WordNet synset; same POS; current Chinese candidate key
fungal	真菌	adj.	toefl	ECDICT MIT	candidate-review.tsv:694	zhen jun	Qingjian v0.1.4	2470	exact complete source gloss	ECDICT exact POS gloss=yes; KyleBing exact POS gloss=no; exam-list source=
fungicide	抗真菌药	n.	toefl	KOReader dictionaries CC BY-SA 4.0 + Chinese Open Wordnet	en-zh v1.2.0 rank 1; exact COW synset	kang zhen jun yao	Rime ICE GPL-3.0	0	exact COW synset; independent pinyin dictionary agreement	exact English/Chinese Open Wordnet synset; pinyin resolved independently
futility	徒劳	n.	tem8	KyleBing BSD-3-Clause	candidate-review.tsv:1289	tu lao	Qingjian v0.1.4	251	exact complete source gloss	ECDICT exact POS gloss=no; KyleBing exact POS gloss=yes; exam-list source=tem8
gaiety	快乐	n.	tem8	KyleBing BSD-3-Clause	candidate-review.tsv:1144	kuai le	Qingjian v0.1.4	242589	exact complete source gloss	ECDICT exact POS gloss=no; KyleBing exact POS gloss=yes; exam-list source=tem8
gallantry	华丽	n.	toefl	ECDICT MIT	candidate-review.tsv:707	hua li	Qingjian v0.1.4	2260	exact complete source gloss	ECDICT exact POS gloss=yes; KyleBing exact POS gloss=no; exam-list source=
gannet	塘鹅	n.	toefl	CC-CEDICT CC BY-SA 4.0	2026-06 CC-CEDICT line 26402	tang e	CC-CEDICT CC BY-SA 4.0	0	exact complete CC-CEDICT gloss; POS from ECDICT	gannet
gemstone	宝石	n.	toefl	Chinese Open Wordnet	n:14699752	bao shi	Qingjian v0.1.4	2091	exact English/Chinese synset	same WordNet synset; same POS; current Chinese candidate key
genu	膝盖	n.	toefl	Chinese Open Wordnet	n:05573602	xi gai	Qingjian v0.1.4	4164	exact English/Chinese synset	same WordNet synset; same POS; current Chinese candidate key
germane	同样的	adj.	toefl	ECDICT MIT	candidate-review.tsv:642	tong yang de	Qingjian v0.1.4	3863	exact complete source gloss	ECDICT exact POS gloss=yes; KyleBing exact POS gloss=no; exam-list source=
gilded	有钱的	adj.	tem4	ECDICT MIT	candidate-review.tsv:695	you qian de	Qingjian v0.1.4	2434	exact complete source gloss	ECDICT exact POS gloss=yes; KyleBing exact POS gloss=no; exam-list source=
glaciation	冰川作用	n.	toefl	KOReader dictionaries CC BY-SA 4.0 + Chinese Open Wordnet	en-zh v1.2.0 rank 1; exact COW synset	bing chuan zuo yong	Rime ICE GPL-3.0	0	exact COW synset; independent pinyin dictionary agreement	exact English/Chinese Open Wordnet synset; pinyin resolved independently
gleeful	愉快的	adj.	toefl	ECDICT MIT	candidate-review.tsv:648	yu kuai de	Qingjian v0.1.4	3503	exact complete source gloss	ECDICT exact POS gloss=yes; KyleBing exact POS gloss=no; exam-list source=
glut	大量	n.	toefl	ECDICT MIT	candidate-review.tsv:550	da liang	Qingjian v0.1.4	15243	exact complete source gloss	ECDICT exact POS gloss=yes; KyleBing exact POS gloss=no; exam-list source=
goldsmith	金匠	n.	toefl	CC-CEDICT CC BY-SA 4.0	2026-06 CC-CEDICT line 110969	jin jiang	CC-CEDICT CC BY-SA 4.0	0	exact complete CC-CEDICT gloss; POS from ECDICT	goldsmith
gosling	小鹅	n.	toefl	CC-CEDICT CC BY-SA 4.0	2026-06 CC-CEDICT line 34850	xiao e	CC-CEDICT CC BY-SA 4.0	0	exact complete CC-CEDICT gloss; POS from ECDICT	gosling
grueling	惩罚	n.	tem8	ECDICT MIT	candidate-review.tsv:663	cheng fa	Qingjian v0.1.4	3100	exact complete source gloss	ECDICT exact POS gloss=yes; KyleBing exact POS gloss=no; exam-list source=
guncotton	硝化纤维素	n.	toefl	KOReader dictionaries CC BY-SA 4.0 + Chinese Open Wordnet	en-zh v1.2.0 rank 1; exact COW synset	xiao hua xian wei su	Rime ICE GPL-3.0	0	exact COW synset; independent pinyin dictionary agreement	exact English/Chinese Open Wordnet synset; pinyin resolved independently
habitually	一味	adv.	toefl	FMLD CC BY-SA 4.0	D1 / line 100853	yi wei	Qingjian v0.1.4	758	exact complete FMLD gloss; matching POS	blindly; habitually; invariably; stubbornly; persistently
hacked	生气	n.	tem8	KyleBing BSD-3-Clause	candidate-review.tsv:1154	sheng qi	Qingjian v0.1.4	20937	exact complete source gloss	ECDICT exact POS gloss=no; KyleBing exact POS gloss=yes; exam-list source=tem8
hammerhead	锤头	n.	toefl	KOReader dictionaries CC BY-SA 4.0 + Chinese Open Wordnet	en-zh v1.2.0 rank 5; exact COW synset	chui tou	Rime ICE GPL-3.0	0	exact COW synset; independent pinyin dictionary agreement	exact English/Chinese Open Wordnet synset; pinyin resolved independently
handcrafted	手工	v.	toefl	ECDICT MIT	candidate-review.tsv:696	shou gong	Qingjian v0.1.4	2420	exact complete source gloss	ECDICT exact POS gloss=yes; KyleBing exact POS gloss=no; exam-list source=
hard-working	勤勉	adj.	ielts	FMLD CC BY-SA 4.0	D1 / line 196525	qin mian	Qingjian v0.1.4	97	exact complete FMLD gloss; matching POS	hard-working; diligent; industrious
harmonise	和谐	v.	tem8	Chinese Open Wordnet	v:02700104	he xie	Qingjian v0.1.4	12534	exact English/Chinese synset	same WordNet synset; same POS; current Chinese candidate key
harmonium	簧风琴	n.	tem8	CC-CEDICT CC BY-SA 4.0	2026-06 CC-CEDICT line 83608	huang feng qin	CC-CEDICT CC BY-SA 4.0	0	exact complete CC-CEDICT gloss; POS from ECDICT	harmonium
harpsichord	大键琴	n.	toefl	KOReader dictionaries CC BY-SA 4.0 + Chinese Open Wordnet	en-zh v1.2.0 rank 2; exact COW synset	da jian qin	CC-CEDICT CC BY-SA 4.0 + Rime ICE GPL-3.0	0	exact COW synset; independent pinyin dictionary agreement	exact English/Chinese Open Wordnet synset; pinyin resolved independently
haversack	背包	n.	tem8	Chinese Open Wordnet	n:02769748	bei bao	Qingjian v0.1.4	1660	exact English/Chinese synset	same WordNet synset; same POS; current Chinese candidate key
headdress	头饰	n.	tem8	Chinese Open Wordnet	n:03502509	tou shi	Qingjian v0.1.4	494	exact English/Chinese synset	same WordNet synset; same POS; current Chinese candidate key
headrest	头枕	n.	tem8	KOReader dictionaries CC BY-SA 4.0 + Chinese Open Wordnet	en-zh v1.2.0 rank 3; exact COW synset	tou zhen	CC-CEDICT CC BY-SA 4.0 + Rime ICE GPL-3.0	0	exact COW synset; independent pinyin dictionary agreement	exact English/Chinese Open Wordnet synset; pinyin resolved independently
heathen	异教徒	n.	tem8	CC-CEDICT CC BY-SA 4.0	2026-06 CC-CEDICT line 75287	yi jiao tu	CC-CEDICT CC BY-SA 4.0	0	exact complete CC-CEDICT gloss; POS from ECDICT	heathen
hedgerow	篱笆	n.	tem8	Chinese Open Wordnet	n:03511175	li ba	Qingjian v0.1.4	118	exact English/Chinese synset	same WordNet synset; same POS; current Chinese candidate key
hedonism	享乐主义	n.	tem8	CC-CEDICT CC BY-SA 4.0	2026-06 CC-CEDICT line 5577	xiang le zhu yi	CC-CEDICT CC BY-SA 4.0	0	exact complete CC-CEDICT gloss; POS from ECDICT	hedonism
hedonist	享乐主义者	n.	tem8	CC-CEDICT CC BY-SA 4.0	2026-06 CC-CEDICT line 5578	xiang le zhu yi zhe	CC-CEDICT CC BY-SA 4.0	0	exact complete CC-CEDICT gloss; POS from ECDICT	hedonist
heedless	不慎	adj.	toefl	FMLD CC BY-SA 4.0	D1 / line 281948	bu shen	Qingjian v0.1.4	942	exact complete FMLD gloss; matching POS	heedless; careless; inadvertent; incautious
hefty	彪壮	adj.	tem8	CC-CEDICT CC BY-SA 4.0	2026-06 CC-CEDICT line 39728	biao zhuang	CC-CEDICT CC BY-SA 4.0	0	exact complete CC-CEDICT gloss; POS from ECDICT	hefty
heifer	小母牛	n.	tem8	KOReader dictionaries CC BY-SA 4.0 + Chinese Open Wordnet	en-zh v1.2.0 rank 1; exact COW synset	xiao mu niu	Rime ICE GPL-3.0	0	exact COW synset; independent pinyin dictionary agreement	exact English/Chinese Open Wordnet synset; pinyin resolved independently
hemorrhage	流血	v.	tem8	Chinese Open Wordnet	v:00074834	liu xue	Qingjian v0.1.4	1206	exact English/Chinese synset	same WordNet synset; same POS; current Chinese candidate key
herbaceous	绿色的	adj.	toefl	ECDICT MIT	candidate-review.tsv:680	lv se de	Qingjian v0.1.4	2758	exact complete source gloss	ECDICT exact POS gloss=yes; KyleBing exact POS gloss=no; exam-list source=
hereafter	以后	n.	tem8	Chinese Open Wordnet	n:15121625	yi hou	Qingjian v0.1.4	108332	exact English/Chinese synset	same WordNet synset; same POS; current Chinese candidate key
heretic	异教徒	n.	tem8	CC-CEDICT CC BY-SA 4.0	2026-06 CC-CEDICT line 75287	yi jiao tu	CC-CEDICT CC BY-SA 4.0	0	exact complete CC-CEDICT gloss; POS from ECDICT	heretic
herewith	因此	adv.	tem8	KyleBing BSD-3-Clause	candidate-review.tsv:1150	yin ci	Qingjian v0.1.4	51040	exact complete source gloss	ECDICT exact POS gloss=no; KyleBing exact POS gloss=yes; exam-list source=tem8
hideaway	隐居处	n.	tem8	KOReader dictionaries CC BY-SA 4.0 + Chinese Open Wordnet	en-zh v1.2.0 rank 1; exact COW synset	yin ju chu	Rime ICE GPL-3.0	0	exact COW synset; independent pinyin dictionary agreement	exact English/Chinese Open Wordnet synset; pinyin resolved independently
highchair	高脚椅	n.	tem8	KOReader dictionaries CC BY-SA 4.0 + Chinese Open Wordnet	en-zh v1.2.0 rank 2; exact COW synset	gao jiao yi	CC-CEDICT CC BY-SA 4.0 + Rime ICE GPL-3.0	0	exact COW synset; independent pinyin dictionary agreement	exact English/Chinese Open Wordnet synset; pinyin resolved independently
hilarity	高兴	n.	toefl	ECDICT MIT	candidate-review.tsv:541	gao xing	Qingjian v0.1.4	18594	exact complete source gloss	ECDICT exact POS gloss=yes; KyleBing exact POS gloss=no; exam-list source=
hilt	刀把	n.	tem8	KOReader dictionaries CC BY-SA 4.0 + Chinese Open Wordnet	en-zh v1.2.0 rank 1; exact COW synset	dao ba	Rime ICE GPL-3.0	0	exact COW synset; independent pinyin dictionary agreement	exact English/Chinese Open Wordnet synset; pinyin resolved independently
hints	暗示	n.	ielts	ECDICT MIT	candidate-review.tsv:647	an shi	Qingjian v0.1.4	3520	exact complete source gloss	ECDICT exact POS gloss=yes; KyleBing exact POS gloss=no; exam-list source=
hits	击打	n.	ielts	ECDICT MIT	candidate-review.tsv:888	ji da	Qingjian v0.1.4	283	exact complete source gloss	ECDICT exact POS gloss=yes; KyleBing exact POS gloss=no; exam-list source=
hod	灰浆桶	n.	tem8	KOReader dictionaries CC BY-SA 4.0 + Chinese Open Wordnet	en-zh v1.2.0 rank 1; exact COW synset	hui jiang tong	Rime ICE GPL-3.0	0	exact COW synset; independent pinyin dictionary agreement	exact English/Chinese Open Wordnet synset; pinyin resolved independently
hogshead	大桶	n.	tem8	KOReader dictionaries CC BY-SA 4.0 + Chinese Open Wordnet	en-zh v1.2.0 rank 1; exact COW synset	da tong	CC-CEDICT CC BY-SA 4.0 + Rime ICE GPL-3.0	0	exact COW synset; independent pinyin dictionary agreement	exact English/Chinese Open Wordnet synset; pinyin resolved independently
holdup	延迟	n.	tem8	Chinese Open Wordnet	n:01066163	yan chi	Qingjian v0.1.4	2726	exact English/Chinese synset	same WordNet synset; same POS; current Chinese candidate key
homebound	回家的	adj.	tem8	KyleBing BSD-3-Clause	candidate-review.tsv:1179	hui jia de	Qingjian v0.1.4	5729	exact complete source gloss	ECDICT exact POS gloss=no; KyleBing exact POS gloss=yes; exam-list source=tem8
homo	人类	n.	toefl	Chinese Open Wordnet	n:02472293	ren lei	Qingjian v0.1.4	22661	exact English/Chinese synset	same WordNet synset; same POS; current Chinese candidate key
honk	吼叫	v.	tem8	Chinese Open Wordnet	v:02183175	hou jiao	Qingjian v0.1.4	111	exact English/Chinese synset	same WordNet synset; same POS; current Chinese candidate key
horrific	恐怖	adj.	tem8	FMLD CC BY-SA 4.0	D1 / line 42070	kong bu	Qingjian v0.1.4	14711	exact complete FMLD gloss; matching POS	terrifying; dreadful; horrific; frightening
hothead	急性子	n.	tem8	FMLD CC BY-SA 4.0	D2 / line 190247	ji xing zi	Qingjian v0.1.4	17	exact complete FMLD gloss; matching POS	hothead; impatient person
howler	吼猴	n.	tem8	KOReader dictionaries CC BY-SA 4.0 + Chinese Open Wordnet	en-zh v1.2.0 rank 1; exact COW synset	hou hou	Rime ICE GPL-3.0	0	exact COW synset; independent pinyin dictionary agreement	exact English/Chinese Open Wordnet synset; pinyin resolved independently
humans	人类	n.	ielts	Chinese Open Wordnet	n:02472987	ren lei	Qingjian v0.1.4	22661	exact English/Chinese synset	same WordNet synset; same POS; current Chinese candidate key
hundredweight	重量单位	n.	tem8	KOReader dictionaries CC BY-SA 4.0 + Chinese Open Wordnet	en-zh v1.2.0 rank 5; exact COW synset	zhong liang dan wei	CC-CEDICT CC BY-SA 4.0 + Rime ICE GPL-3.0	0	exact COW synset; independent pinyin dictionary agreement	exact English/Chinese Open Wordnet synset; pinyin resolved independently
hunting	狩猎	n.	ielts	CC-CEDICT CC BY-SA 4.0	2026-06 CC-CEDICT line 72260	shou lie	Qingjian v0.1.4	1652	exact complete CC-CEDICT gloss; POS from ECDICT	hunting
hyper	超等	adj.	toefl	FMLD CC BY-SA 4.0	D1 / line 738719	chao deng	Qingjian v0.1.4	14	exact complete FMLD gloss; matching POS	super; hyper; ultra
hypotenuse	斜边	n.	tem8	KOReader dictionaries CC BY-SA 4.0 + Chinese Open Wordnet	en-zh v1.2.0 rank 2; exact COW synset	xie bian	CC-CEDICT CC BY-SA 4.0 + Rime ICE GPL-3.0	0	exact COW synset; independent pinyin dictionary agreement	exact English/Chinese Open Wordnet synset; pinyin resolved independently
ibex	北山羊	n.	toefl	CC-CEDICT CC BY-SA 4.0	2026-06 CC-CEDICT line 16292	bei shan yang	CC-CEDICT CC BY-SA 4.0	0	exact complete CC-CEDICT gloss; POS from ECDICT	ibex
ichthyosaur	鱼龙	n.	toefl	CC-CEDICT CC BY-SA 4.0	2026-06 CC-CEDICT line 122377	yu long	CC-CEDICT CC BY-SA 4.0	0	exact complete CC-CEDICT gloss; POS from ECDICT	ichthyosaur
iconography	意象	n.	toefl	FMLD CC BY-SA 4.0	D3 / line 462875	yi xiang	Qingjian v0.1.4	462	exact complete FMLD gloss; matching POS	trope; iconography
idealistic	唯心	adj.	toefl	FMLD CC BY-SA 4.0	D1 / line 369128	wei xin	Qingjian v0.1.4	76	exact complete FMLD gloss; matching POS	idealistic
ideas	心思	n.	ielts	FMLD CC BY-SA 4.0	D1 / line 73949	xin si	Qingjian v0.1.4	3534	exact complete FMLD gloss; matching POS	thoughts; ideas
ideologically	意识形态	adv.	cet6,toefl	ECDICT MIT	candidate-review.tsv:759	yi shi xing tai	Qingjian v0.1.4	1211	exact complete source gloss	ECDICT exact POS gloss=yes; KyleBing exact POS gloss=no; exam-list source=
idiotic	弱智	adj.	toefl	FMLD CC BY-SA 4.0	D2 / line 448329	ruo zhi	Qingjian v0.1.4	2305	exact complete FMLD gloss; matching POS	stupid; idiotic
immobilize	使固定	v.	toefl	KOReader dictionaries CC BY-SA 4.0 + Chinese Open Wordnet	en-zh v1.2.0 rank 2; exact COW synset	shi gu ding	Rime ICE GPL-3.0	0	exact COW synset; independent pinyin dictionary agreement	exact English/Chinese Open Wordnet synset; pinyin resolved independently
impracticality	不切实际	n.	toefl	ECDICT MIT	candidate-review.tsv:866	bu qie shi ji	Qingjian v0.1.4	357	exact complete source gloss	ECDICT exact POS gloss=yes; KyleBing exact POS gloss=no; exam-list source=
impressionism	印象主义	n.	toefl	CC-CEDICT CC BY-SA 4.0	2026-06 CC-CEDICT line 17686	yin xiang zhu yi	CC-CEDICT CC BY-SA 4.0	0	exact complete CC-CEDICT gloss; POS from ECDICT	impressionism
impunity	免除	n.	toefl	Chinese Open Wordnet	n:14529524	mian chu	Qingjian v0.1.4	517	exact English/Chinese synset	same WordNet synset; same POS; current Chinese candidate key
inactivity	懒惰	n.	toefl	Chinese Open Wordnet	n:14010148	lan duo	Qingjian v0.1.4	991	exact English/Chinese synset	same WordNet synset; same POS; current Chinese candidate key
inadvertent	不慎	adj.	tem8	FMLD CC BY-SA 4.0	D1 / line 281948	bu shen	Qingjian v0.1.4	942	exact complete FMLD gloss; matching POS	heedless; careless; inadvertent; incautious
inconsiderable	不足道	adj.	tem4	FMLD CC BY-SA 4.0	D1 / line 283515	bu zu dao	Qingjian v0.1.4	9	exact complete FMLD gloss; matching POS	inconsiderable; of no consequence
inconspicuous	不起眼	adj.	toefl	FMLD CC BY-SA 4.0	D1 / line 283465	bu qi yan	Qingjian v0.1.4	322	exact complete FMLD gloss; matching POS	inconspicuous; nondescript
incorporation	包含	n.	toefl	ECDICT MIT	candidate-review.tsv:548	bao han	Qingjian v0.1.4	17031	exact complete source gloss	ECDICT exact POS gloss=yes; KyleBing exact POS gloss=no; exam-list source=
indirectly	间接	adv.	toefl	ECDICT MIT	candidate-review.tsv:729	jian jie	Qingjian v0.1.4	1847	exact complete source gloss	ECDICT exact POS gloss=yes; KyleBing exact POS gloss=no; exam-list source=
indisposed	不快	adj.	tem8	FMLD CC BY-SA 4.0	D2 / line 43869	bu kuai	Qingjian v0.1.4	86	exact complete FMLD gloss; matching POS	sick; unwell; ill; indisposed; feeling under the weather
indolence	懒惰	n.	tem4	KyleBing BSD-3-Clause	candidate-review.tsv:1234	lan duo	Qingjian v0.1.4	991	exact complete source gloss	ECDICT exact POS gloss=no; KyleBing exact POS gloss=yes; exam-list source=tem4
ineffectual	枉然	adj.	tem8	Chinese Open Wordnet	a:02497471	wang ran	Qingjian v0.1.4	56	exact English/Chinese synset	same WordNet synset; same POS; current Chinese candidate key
ineptitude	无能	n.	tem8	KyleBing BSD-3-Clause	candidate-review.tsv:1226	wu neng	Qingjian v0.1.4	1188	exact complete source gloss	ECDICT exact POS gloss=no; KyleBing exact POS gloss=yes; exam-list source=tem8
infinity	永远	n.	cet6,tem8	Chinese Open Wordnet	n:15243976	yong yuan	Qingjian v0.1.4	39152	exact English/Chinese synset	same WordNet synset; same POS; current Chinese candidate key
infrequently	稀罕	adv.	toefl	ECDICT MIT	candidate-review.tsv:718	xi han	Qingjian v0.1.4	2118	exact complete source gloss	ECDICT exact POS gloss=yes; KyleBing exact POS gloss=no; exam-list source=
infusion	注入	n.	cet6,toefl	ECDICT MIT	candidate-review.tsv:710	zhu ru	Qingjian v0.1.4	2213	exact complete source gloss	ECDICT exact POS gloss=yes; KyleBing exact POS gloss=no; exam-list source=
ingrained	刻骨	adj.	tem8	FMLD CC BY-SA 4.0	D1 / line 334827	ke gu	Qingjian v0.1.4	76	exact complete FMLD gloss; matching POS	deep-rooted (like engraved on a bone); ingrained; entrenched
inmate	囚犯	n.	tem8	FMLD CC BY-SA 4.0	D1 / line 375434	qiu fan	Qingjian v0.1.4	1604	exact complete FMLD gloss; matching POS	prisoner; inmate
innovator	创始人	n.	toefl	Chinese Open Wordnet	n:10434725	chuang shi ren	Qingjian v0.1.4	3502	exact English/Chinese synset	same WordNet synset; same POS; current Chinese candidate key
insecurity	不安全	n.	tem4	KOReader dictionaries CC BY-SA 4.0 + Chinese Open Wordnet	en-zh v1.2.0 rank 1; exact COW synset	bu an quan	Rime ICE GPL-3.0	0	exact COW synset; independent pinyin dictionary agreement	exact English/Chinese Open Wordnet synset; pinyin resolved independently
insensitivity	昏迷	n.	toefl	ECDICT MIT	candidate-review.tsv:796	hun mi	Qingjian v0.1.4	886	exact complete source gloss	ECDICT exact POS gloss=yes; KyleBing exact POS gloss=no; exam-list source=
instability	失调	n.	cet6,toefl	Chinese Open Wordnet	n:14004149	shi tiao	Qingjian v0.1.4	292	exact English/Chinese synset	same WordNet synset; same POS; current Chinese candidate key
interdependence	相关	n.	cet4,toefl	Chinese Open Wordnet	n:13841863	xiang guan	Qingjian v0.1.4	27891	exact English/Chinese synset	same WordNet synset; same POS; current Chinese candidate key
interferometer	干涉仪	n.	toefl	KOReader dictionaries CC BY-SA 4.0 + Chinese Open Wordnet	en-zh v1.2.0 rank 1; exact COW synset	gan she yi	CC-CEDICT CC BY-SA 4.0 + Rime ICE GPL-3.0	0	exact COW synset; independent pinyin dictionary agreement	exact English/Chinese Open Wordnet synset; pinyin resolved independently
interrelate	有关	v.	toefl	Chinese Open Wordnet	v:02724417	you guan	Qingjian v0.1.4	21032	exact English/Chinese synset	same WordNet synset; same POS; current Chinese candidate key
intoxicant	酒精饮料	n.	tem8	Chinese Open Wordnet	n:07884567	jiu jing yin liao	Qingjian v0.1.4	182	exact English/Chinese synset	same WordNet synset; same POS; current Chinese candidate key
intoxication	中毒	n.	toefl	Chinese Open Wordnet	n:14509712	zhong du	Qingjian v0.1.4	4067	exact English/Chinese synset	same WordNet synset; same POS; current Chinese candidate key
intractable	棘手	adj.	tem8	FMLD CC BY-SA 4.0	D2 / line 104151	ji shou	Qingjian v0.1.4	288	exact complete FMLD gloss; matching POS	difficult to handle; thorny; troublesome; knotty; prickly; intractable
intricacy	复杂	n.	cet6,tem8	ECDICT MIT	candidate-review.tsv:562	fu za	Qingjian v0.1.4	10529	exact complete source gloss	ECDICT exact POS gloss=yes; KyleBing exact POS gloss=no; exam-list source=
invertebrate	无脊椎动物	n.	toefl	CC-CEDICT CC BY-SA 4.0	2026-06 CC-CEDICT line 70037	wu ji zhui dong wu	CC-CEDICT CC BY-SA 4.0	0	exact complete CC-CEDICT gloss; POS from ECDICT	invertebrate
irascible	暴躁	adj.	tem8	FMLD CC BY-SA 4.0	D1 / line 105588	bao zao	Qingjian v0.1.4	1712	exact complete FMLD gloss; matching POS	irritable; irascible; violent; bad-tempered; hot-tempered
ironwork	铁制品	n.	toefl	KOReader dictionaries CC BY-SA 4.0 + Chinese Open Wordnet	en-zh v1.2.0 rank 2; exact COW synset	tie zhi pin	Rime ICE GPL-3.0	0	exact COW synset; independent pinyin dictionary agreement	exact English/Chinese Open Wordnet synset; pinyin resolved independently
irreverence	非礼	n.	toefl	ECDICT MIT	candidate-review.tsv:860	fei li	Qingjian v0.1.4	371	exact complete source gloss	ECDICT exact POS gloss=yes; KyleBing exact POS gloss=no; exam-list source=
jab	注射	n.	tem8	KyleBing BSD-3-Clause	candidate-review.tsv:1233	zhu she	Qingjian v0.1.4	1007	exact complete source gloss	ECDICT exact POS gloss=no; KyleBing exact POS gloss=yes; exam-list source=tem8
jailer	看守	n.	tem8	FMLD CC BY-SA 4.0	D3 / line 118121	kan shou	Qingjian v0.1.4	751	exact complete FMLD gloss; matching POS	prison guard; jailer
jasmin	茉莉花	n.	tem8	ECDICT MIT	candidate-review.tsv:845	mo li hua	Qingjian v0.1.4	436	exact complete source gloss	ECDICT exact POS gloss=yes; KyleBing exact POS gloss=no; exam-list source=
jigsaw	线锯	n.	tem8	CC-CEDICT CC BY-SA 4.0	2026-06 CC-CEDICT line 86505	xian ju	CC-CEDICT CC BY-SA 4.0	0	exact complete CC-CEDICT gloss; POS from ECDICT	jigsaw
jocose	开玩笑的	adj.	toefl	ECDICT MIT	candidate-review.tsv:665	kai wan xiao de	Qingjian v0.1.4	3085	exact complete source gloss	ECDICT exact POS gloss=yes; KyleBing exact POS gloss=no; exam-list source=
jolting	震动	n.	toefl	ECDICT MIT	candidate-review.tsv:766	zhen dong	Qingjian v0.1.4	1123	exact complete source gloss	ECDICT exact POS gloss=yes; KyleBing exact POS gloss=no; exam-list source=
juxtaposition	毗邻	n.	toefl	KyleBing BSD-3-Clause	candidate-review.tsv:1213	pi lin	Qingjian v0.1.4	2076	exact complete source gloss	ECDICT exact POS gloss=no; KyleBing exact POS gloss=yes; exam-list source=toefl
keyhole	钥匙孔	n.	tem8	KOReader dictionaries CC BY-SA 4.0 + Chinese Open Wordnet	en-zh v1.2.0 rank 1; exact COW synset	yao shi kong	Rime ICE GPL-3.0	0	exact COW synset; independent pinyin dictionary agreement	exact English/Chinese Open Wordnet synset; pinyin resolved independently
kilo	公斤	n.	tem8	Chinese Open Wordnet	n:13724582	gong jin	Qingjian v0.1.4	5485	exact English/Chinese synset	same WordNet synset; same POS; current Chinese candidate key
kink	扭曲	n.	toefl	Chinese Open Wordnet	n:13877918	niu qu	Qingjian v0.1.4	1974	exact English/Chinese synset	same WordNet synset; same POS; current Chinese candidate key
kittiwake	三趾鸥	n.	toefl	KOReader dictionaries CC BY-SA 4.0 + Chinese Open Wordnet	en-zh v1.2.0 rank 1; exact COW synset	san zhi ou	CC-CEDICT CC BY-SA 4.0 + Rime ICE GPL-3.0	0	exact COW synset; independent pinyin dictionary agreement	exact English/Chinese Open Wordnet synset; pinyin resolved independently
krill	磷虾	n.	toefl	KOReader dictionaries CC BY-SA 4.0 + Chinese Open Wordnet	en-zh v1.2.0 rank 2; exact COW synset	lin xia	CC-CEDICT CC BY-SA 4.0 + Rime ICE GPL-3.0	0	exact COW synset; independent pinyin dictionary agreement	exact English/Chinese Open Wordnet synset; pinyin resolved independently
launderette	自助洗衣店	n.	tem8	CC-CEDICT CC BY-SA 4.0	2026-06 CC-CEDICT line 91551	zi zhu xi yi dian	CC-CEDICT CC BY-SA 4.0	0	exact complete CC-CEDICT gloss; POS from ECDICT	launderette
learner	徒弟	n.	toefl	Chinese Open Wordnet	n:09801864	tu di	Qingjian v0.1.4	2009	exact English/Chinese synset	same WordNet synset; same POS; current Chinese candidate key
legalise	公认	v.	tem8	Chinese Open Wordnet	v:02481436	gong ren	Qingjian v0.1.4	1067	exact English/Chinese synset	same WordNet synset; same POS; current Chinese candidate key
lien	留置权	n.	toefl	KOReader dictionaries CC BY-SA 4.0 + Chinese Open Wordnet	en-zh v1.2.0 rank 1; exact COW synset	liu zhi quan	Rime ICE GPL-3.0	0	exact COW synset; independent pinyin dictionary agreement	exact English/Chinese Open Wordnet synset; pinyin resolved independently
litre	公升	n.	tem8	Chinese Open Wordnet	n:13624190	gong sheng	Qingjian v0.1.4	273	exact English/Chinese synset	same WordNet synset; same POS; current Chinese candidate key
loans	借贷	n.	ielts	ECDICT MIT	candidate-review.tsv:881	jie dai	Qingjian v0.1.4	308	exact complete source gloss	ECDICT exact POS gloss=yes; KyleBing exact POS gloss=no; exam-list source=
logically	逻辑	adv.	cet4,toefl	ECDICT MIT	candidate-review.tsv:589	luo ji	Qingjian v0.1.4	7186	exact complete source gloss	ECDICT exact POS gloss=yes; KyleBing exact POS gloss=no; exam-list source=
longtime	长久	adv.	toefl	ECDICT MIT	candidate-review.tsv:688	chang jiu	Qingjian v0.1.4	2631	exact complete source gloss	ECDICT exact POS gloss=yes; KyleBing exact POS gloss=no; exam-list source=
looseness	解除	n.	toefl	KyleBing BSD-3-Clause	candidate-review.tsv:1189	jie chu	Qingjian v0.1.4	4040	exact complete source gloss	ECDICT exact POS gloss=no; KyleBing exact POS gloss=yes; exam-list source=toefl
lounger	休闲服	n.	toefl	KOReader dictionaries CC BY-SA 4.0 + Chinese Open Wordnet	en-zh v1.2.0 rank 2; exact COW synset	xiu xian fu	Rime ICE GPL-3.0	0	exact COW synset; independent pinyin dictionary agreement	exact English/Chinese Open Wordnet synset; pinyin resolved independently
loyally	忠诚	adv.	toefl	KyleBing BSD-3-Clause	candidate-review.tsv:1217	zhong cheng	Qingjian v0.1.4	1664	exact complete source gloss	ECDICT exact POS gloss=no; KyleBing exact POS gloss=yes; exam-list source=toefl
lubrication	润滑	n.	toefl	Chinese Open Wordnet	n:14578104	run hua	Qingjian v0.1.4	296	exact English/Chinese synset	same WordNet synset; same POS; current Chinese candidate key
lumbering	伐木	n.	toefl	CC-CEDICT CC BY-SA 4.0	2026-06 CC-CEDICT line 6893	fa mu	Qingjian v0.1.4	340	exact complete CC-CEDICT gloss; POS from ECDICT	lumbering
luscious	鲜美	adj.	tem8	Chinese Open Wordnet	a:02396720	xian mei	Qingjian v0.1.4	305	exact English/Chinese synset	same WordNet synset; same POS; current Chinese candidate key
lustrous	璀璨	adj.	toefl	FMLD CC BY-SA 4.0	D1 / line 183764	cui can	Qingjian v0.1.4	343	exact complete FMLD gloss; matching POS	radiant; bright; lustrous; resplendent; brilliant
magnetosphere	磁层	n.	toefl	CC-CEDICT CC BY-SA 4.0	2026-06 CC-CEDICT line 79926	ci ceng	CC-CEDICT CC BY-SA 4.0	0	exact complete CC-CEDICT gloss; POS from ECDICT	magnetosphere
magnificence	华丽	n.	toefl	ECDICT MIT	candidate-review.tsv:706	hua li	Qingjian v0.1.4	2260	exact complete source gloss	ECDICT exact POS gloss=yes; KyleBing exact POS gloss=no; exam-list source=
malformed	畸形	adj.	tem8	FMLD CC BY-SA 4.0	D1 / line 250649	ji xing	Qingjian v0.1.4	402	exact complete FMLD gloss; matching POS	physically deformed; malformed
malleability	顺从	n.	toefl	ECDICT MIT	candidate-review.tsv:864	shun cong	Qingjian v0.1.4	360	exact complete source gloss	ECDICT exact POS gloss=yes; KyleBing exact POS gloss=no; exam-list source=
mallet	球棍	n.	toefl	KOReader dictionaries CC BY-SA 4.0 + Chinese Open Wordnet	en-zh v1.2.0 rank 5; exact COW synset	qiu gun	CC-CEDICT CC BY-SA 4.0 + Rime ICE GPL-3.0	0	exact COW synset; independent pinyin dictionary agreement	exact English/Chinese Open Wordnet synset; pinyin resolved independently
mammals	哺乳类	n.	toefl	CC-CEDICT CC BY-SA 4.0	2026-06 CC-CEDICT line 21889	bu ru lei	CC-CEDICT CC BY-SA 4.0	0	exact complete CC-CEDICT gloss; POS from ECDICT	mammals
mantel	壁炉架	n.	toefl	KOReader dictionaries CC BY-SA 4.0 + Chinese Open Wordnet	en-zh v1.2.0 rank 2; exact COW synset	bi lu jia	Rime ICE GPL-3.0	0	exact COW synset; independent pinyin dictionary agreement	exact English/Chinese Open Wordnet synset; pinyin resolved independently
mantelpiece	壁炉架	n.	tem8	KOReader dictionaries CC BY-SA 4.0 + Chinese Open Wordnet	en-zh v1.2.0 rank 3; exact COW synset	bi lu jia	Rime ICE GPL-3.0	0	exact COW synset; independent pinyin dictionary agreement	exact English/Chinese Open Wordnet synset; pinyin resolved independently
maser	微波激射器	n.	toefl	KOReader dictionaries CC BY-SA 4.0 + Chinese Open Wordnet	en-zh v1.2.0 rank 2; exact COW synset	wei bo ji she qi	Rime ICE GPL-3.0	0	exact COW synset; independent pinyin dictionary agreement	exact English/Chinese Open Wordnet synset; pinyin resolved independently
mastodon	庞然大物	n.	toefl	KyleBing BSD-3-Clause	candidate-review.tsv:1321	pang ran da wu	Qingjian v0.1.4	25	exact complete source gloss	ECDICT exact POS gloss=no; KyleBing exact POS gloss=yes; exam-list source=toefl
materialistic	唯物	adj.	ielts	FMLD CC BY-SA 4.0	D1 / line 369165	wei wu	Qingjian v0.1.4	63	exact complete FMLD gloss; matching POS	materialistic
maw	嗉囊	n.	toefl	ECDICT MIT	candidate-review.tsv:999	su nang	Qingjian v0.1.4	8	exact complete source gloss	ECDICT exact POS gloss=yes; KyleBing exact POS gloss=no; exam-list source=
maximise	充分利用	v.	ielts	KOReader dictionaries CC BY-SA 4.0 + Chinese Open Wordnet	en-zh v1.2.0 rank 4; exact COW synset	chong fen li yong	Rime ICE GPL-3.0	0	exact COW synset; independent pinyin dictionary agreement	exact English/Chinese Open Wordnet synset; pinyin resolved independently
meant	意味	v.	tem8	KyleBing BSD-3-Clause	candidate-review.tsv:1215	yi wei	Qingjian v0.1.4	1744	exact complete source gloss	ECDICT exact POS gloss=no; KyleBing exact POS gloss=yes; exam-list source=tem8
mechanically	物理	adv.	cet4,cet6,toefl	ECDICT MIT	candidate-review.tsv:555	wu li	Qingjian v0.1.4	12837	exact complete source gloss	ECDICT exact POS gloss=yes; KyleBing exact POS gloss=no; exam-list source=
mediocrity	平常	n.	tem8	ECDICT MIT	candidate-review.tsv:607	ping chang	Qingjian v0.1.4	5472	exact complete source gloss	ECDICT exact POS gloss=yes; KyleBing exact POS gloss=no; exam-list source=
meltdown	熔融	n.	toefl	Chinese Open Wordnet	n:13513362	rong rong	Qingjian v0.1.4	211	exact English/Chinese synset	same WordNet synset; same POS; current Chinese candidate key
melting	温柔的	adj.	toefl	ECDICT MIT	candidate-review.tsv:679	wen rou de	Qingjian v0.1.4	2768	exact complete source gloss	ECDICT exact POS gloss=yes; KyleBing exact POS gloss=no; exam-list source=
merry-go-round	旋转木马	n.	tem8	CC-CEDICT CC BY-SA 4.0	2026-06 CC-CEDICT line 52435	xuan zhuan mu ma	Qingjian v0.1.4	226	exact complete CC-CEDICT gloss; POS from ECDICT	merry-go-round
mesmerise	催眠	v.	tem8	Chinese Open Wordnet	v:00020671	cui mian	Qingjian v0.1.4	422	exact English/Chinese synset	same WordNet synset; same POS; current Chinese candidate key
metalworker	金工	n.	toefl	FMLD CC BY-SA 4.0	D2 / line 765391	jin gong	Qingjian v0.1.4	34	exact complete FMLD gloss; matching POS	metalworker
meteoroid	流星体	n.	toefl	CC-CEDICT CC BY-SA 4.0	2026-06 CC-CEDICT line 64903	liu xing ti	CC-CEDICT CC BY-SA 4.0	0	exact complete CC-CEDICT gloss; POS from ECDICT	meteoroid
mismanage	失事	v.	toefl	FMLD CC BY-SA 4.0	D2 / line 199211	shi shi	Qingjian v0.1.4	627	exact complete FMLD gloss; matching POS	to cause delays in work or business; to hold things up; to bungle matters; to mismanage
misplace	放错地方	v.	tem8	KOReader dictionaries CC BY-SA 4.0 + Chinese Open Wordnet	en-zh v1.2.0 rank 1; exact COW synset	fang cuo di fang	Rime ICE GPL-3.0	0	exact COW synset; independent pinyin dictionary agreement	exact English/Chinese Open Wordnet synset; pinyin resolved independently
moccasin	鹿皮鞋	n.	toefl	KOReader dictionaries CC BY-SA 4.0 + Chinese Open Wordnet	en-zh v1.2.0 rank 1; exact COW synset	lu pi xie	Rime ICE GPL-3.0	0	exact COW synset; independent pinyin dictionary agreement	exact English/Chinese Open Wordnet synset; pinyin resolved independently
modernity	今世	n.	toefl	FMLD CC BY-SA 4.0	D2 / line 298348	jin shi	Qingjian v0.1.4	109	exact complete FMLD gloss; matching POS	contemporary times; modernity; this day and age
monolith	庞然大物	n.	tem8	KyleBing BSD-3-Clause	candidate-review.tsv:1322	pang ran da wu	Qingjian v0.1.4	25	exact complete source gloss	ECDICT exact POS gloss=no; KyleBing exact POS gloss=yes; exam-list source=tem8
moonlighting	夜袭	n.	tem8	KyleBing BSD-3-Clause	candidate-review.tsv:1291	ye xi	Qingjian v0.1.4	231	exact complete source gloss	ECDICT exact POS gloss=no; KyleBing exact POS gloss=yes; exam-list source=tem8
moose	麋鹿	n.	toefl	Chinese Open Wordnet	n:02432983	mi lu	Qingjian v0.1.4	279	exact English/Chinese synset	same WordNet synset; same POS; current Chinese candidate key
moped	助力车	n.	ielts	KOReader dictionaries CC BY-SA 4.0 + Chinese Open Wordnet	en-zh v1.2.0 rank 3; exact COW synset	zhu li che	CC-CEDICT CC BY-SA 4.0 + Rime ICE GPL-3.0	0	exact COW synset; independent pinyin dictionary agreement	exact English/Chinese Open Wordnet synset; pinyin resolved independently
mortise	榫眼	n.	toefl	KOReader dictionaries CC BY-SA 4.0 + Chinese Open Wordnet	en-zh v1.2.0 rank 1; exact COW synset	sun yan	CC-CEDICT CC BY-SA 4.0 + Rime ICE GPL-3.0	0	exact COW synset; independent pinyin dictionary agreement	exact English/Chinese Open Wordnet synset; pinyin resolved independently
multiplicity	多样	n.	toefl	ECDICT MIT	candidate-review.tsv:736	duo yang	Qingjian v0.1.4	1760	exact complete source gloss	ECDICT exact POS gloss=yes; KyleBing exact POS gloss=no; exam-list source=
mutualism	共同生活	n.	toefl	KOReader dictionaries CC BY-SA 4.0 + Chinese Open Wordnet	en-zh v1.2.0 rank 4; exact COW synset	gong tong sheng huo	Rime ICE GPL-3.0	0	exact COW synset; independent pinyin dictionary agreement	exact English/Chinese Open Wordnet synset; pinyin resolved independently
naught	虚无	n.	ielts	Chinese Open Wordnet	n:13740168	xu wu	Qingjian v0.1.4	336	exact English/Chinese synset	same WordNet synset; same POS; current Chinese candidate key
nazism	纳粹主义	n.	tem8	CC-CEDICT CC BY-SA 4.0	2026-06 CC-CEDICT line 84796	na cui zhu yi	CC-CEDICT CC BY-SA 4.0	0	exact complete CC-CEDICT gloss; POS from ECDICT	nazism
nicety	美好	n.	ielts	ECDICT MIT	candidate-review.tsv:530	mei hao	Qingjian v0.1.4	25817	exact complete source gloss	ECDICT exact POS gloss=yes; KyleBing exact POS gloss=no; exam-list source=
nil	虚无	n.	cet6,ielts	Chinese Open Wordnet	n:13740168	xu wu	Qingjian v0.1.4	336	exact English/Chinese synset	same WordNet synset; same POS; current Chinese candidate key
nonconformity	不适合	n.	toefl	ECDICT MIT	candidate-review.tsv:570	bu shi he	Qingjian v0.1.4	8744	exact complete source gloss	ECDICT exact POS gloss=yes; KyleBing exact POS gloss=no; exam-list source=
nosy	多事	adj.	toefl	FMLD CC BY-SA 4.0	D1 / line 391546	duo shi	Qingjian v0.1.4	2216	exact complete FMLD gloss; matching POS	meddlesome; nosy
obligated	必须的	adj.	toefl	ECDICT MIT	candidate-review.tsv:526	bi xu de	Qingjian v0.1.4	29770	exact complete source gloss	ECDICT exact POS gloss=yes; KyleBing exact POS gloss=no; exam-list source=
obsidian	黑曜岩	n.	toefl	KOReader dictionaries CC BY-SA 4.0 + Chinese Open Wordnet	en-zh v1.2.0 rank 1; exact COW synset	hei yao yan	CC-CEDICT CC BY-SA 4.0 + Rime ICE GPL-3.0	0	exact COW synset; independent pinyin dictionary agreement	exact English/Chinese Open Wordnet synset; pinyin resolved independently
occidental	西方人	n.	tem8	CC-CEDICT CC BY-SA 4.0	2026-06 CC-CEDICT line 99314	xi fang ren	CC-CEDICT CC BY-SA 4.0	0	exact complete CC-CEDICT gloss; POS from ECDICT	occidental
occupant	居民	n.	toefl	Chinese Open Wordnet	n:10523519	ju min	Qingjian v0.1.4	17216	exact English/Chinese synset	same WordNet synset; same POS; current Chinese candidate key
oneness	统一	n.	toefl	KyleBing BSD-3-Clause	candidate-review.tsv:1165	tong yi	Qingjian v0.1.4	11124	exact complete source gloss	ECDICT exact POS gloss=no; KyleBing exact POS gloss=yes; exam-list source=toefl
opener	开具	n.	tem8	ECDICT MIT	candidate-review.tsv:940	kai ju	Qingjian v0.1.4	88	exact complete source gloss	ECDICT exact POS gloss=yes; KyleBing exact POS gloss=no; exam-list source=
opposing	逆反	adj.	toefl	FMLD CC BY-SA 4.0	D1 / line 750503	ni fan	Qingjian v0.1.4	36	exact complete FMLD gloss; matching POS	rebellious; opposing; defiant
opus	作品	n.	tem8	CC-CEDICT CC BY-SA 4.0	2026-06 CC-CEDICT line 7455	zuo pin	Qingjian v0.1.4	52817	exact complete CC-CEDICT gloss; POS from ECDICT	opus
orchestrate	组织	v.	tem8	Chinese Open Wordnet	v:00710005	zu zhi	Qingjian v0.1.4	51880	exact English/Chinese synset	same WordNet synset; same POS; current Chinese candidate key
ordinate	任命	v.	toefl	Chinese Open Wordnet	v:02386012	ren ming	Qingjian v0.1.4	12044	exact English/Chinese synset	same WordNet synset; same POS; current Chinese candidate key
orgasm	高潮	n.	tem8	FMLD CC BY-SA 4.0	D6 / line 118783	gao chao	Qingjian v0.1.4	833	exact complete FMLD gloss; matching POS	orgasm
ornithology	鸟类学	n.	toefl	CC-CEDICT CC BY-SA 4.0	2026-06 CC-CEDICT line 122752	niao lei xue	CC-CEDICT CC BY-SA 4.0	0	exact complete CC-CEDICT gloss; POS from ECDICT	ornithology
orogeny	造山作用	n.	toefl	KOReader dictionaries CC BY-SA 4.0 + Chinese Open Wordnet	en-zh v1.2.0 rank 4; exact COW synset	zao shan zuo yong	CC-CEDICT CC BY-SA 4.0 + Rime ICE GPL-3.0	0	exact COW synset; independent pinyin dictionary agreement	exact English/Chinese Open Wordnet synset; pinyin resolved independently
orthodoxy	正统	n.	tem8	KyleBing BSD-3-Clause	candidate-review.tsv:1218	zheng tong	Qingjian v0.1.4	1449	exact complete source gloss	ECDICT exact POS gloss=no; KyleBing exact POS gloss=yes; exam-list source=tem8
overboard	太甚	adj.	tem8	FMLD CC BY-SA 4.0	D1 / line 400961	tai shen	Qingjian v0.1.4	54	exact complete FMLD gloss; matching POS	excessive; too much; undue; overboard
overburden	表土	n.	toefl	FMLD CC BY-SA 4.0	D3 / line 712426	biao tu	Qingjian v0.1.4	20	exact complete FMLD gloss; matching POS	overburden
pagan	异教徒	n.	tem8	CC-CEDICT CC BY-SA 4.0	2026-06 CC-CEDICT line 75287	yi jiao tu	CC-CEDICT CC BY-SA 4.0	0	exact complete CC-CEDICT gloss; POS from ECDICT	pagan
panhandle	行乞	v.	toefl	Chinese Open Wordnet	v:02270978	xing qi	Qingjian v0.1.4	38	exact English/Chinese synset	same WordNet synset; same POS; current Chinese candidate key
paradoxically	荒谬	adv.	cet6,toefl	ECDICT MIT	candidate-review.tsv:836	huang miu	Qingjian v0.1.4	482	exact complete source gloss	ECDICT exact POS gloss=yes; KyleBing exact POS gloss=no; exam-list source=
paranormal	超常	adj.	tem4	FMLD CC BY-SA 4.0	D1 / line 738525	chao chang	Qingjian v0.1.4	280	exact complete FMLD gloss; matching POS	extraordinary; paranormal
paraphernalia	设备	n.	ielts	Chinese Open Wordnet	n:03430959	she bei	Qingjian v0.1.4	12592	exact English/Chinese synset	same WordNet synset; same POS; current Chinese candidate key
parch	焦干	v.	toefl	ECDICT MIT	candidate-review.tsv:1000	jiao gan	Qingjian v0.1.4	8	exact complete source gloss	ECDICT exact POS gloss=yes; KyleBing exact POS gloss=no; exam-list source=
pathos	同情	n.	ielts	ECDICT MIT	candidate-review.tsv:601	tong qing	Qingjian v0.1.4	6037	exact complete source gloss	ECDICT exact POS gloss=yes; KyleBing exact POS gloss=no; exam-list source=
payroll	工资表	n.	cet6,tem8	KOReader dictionaries CC BY-SA 4.0 + Chinese Open Wordnet	en-zh v1.2.0 rank 2; exact COW synset	gong zi biao	Rime ICE GPL-3.0	0	exact COW synset; independent pinyin dictionary agreement	exact English/Chinese Open Wordnet synset; pinyin resolved independently
pedlar	商旅	n.	cet6,tem8	FMLD CC BY-SA 4.0	D1 / line 369731	shang lv	Qingjian v0.1.4	78	exact complete FMLD gloss; matching POS	itinerant trader; travelling merchant; pedlar
pendent	枝形吊灯	n.	tem8	KOReader dictionaries CC BY-SA 4.0 + Chinese Open Wordnet	en-zh v1.2.0 rank 1; exact COW synset	zhi xing diao deng	Rime ICE GPL-3.0	0	exact COW synset; independent pinyin dictionary agreement	exact English/Chinese Open Wordnet synset; pinyin resolved independently
pensive	悠悠	adj.	toefl	FMLD CC BY-SA 4.0	D5 / line 134172	you you	Qingjian v0.1.4	870	exact complete FMLD gloss; matching POS	agitated; anxious; pensive
penury	缺乏	n.	toefl	Chinese Open Wordnet	n:14493716	que fa	Qingjian v0.1.4	6458	exact English/Chinese synset	same WordNet synset; same POS; current Chinese candidate key
periodically	循环	adv.	ielts	ECDICT MIT	candidate-review.tsv:594	xun huan	Qingjian v0.1.4	6619	exact complete source gloss	ECDICT exact POS gloss=yes; KyleBing exact POS gloss=no; exam-list source=
perpetrator	犯罪者	n.	tem8	CC-CEDICT CC BY-SA 4.0	2026-06 CC-CEDICT line 72062	fan zui zhe	CC-CEDICT CC BY-SA 4.0	0	exact complete CC-CEDICT gloss; POS from ECDICT	perpetrator
perplexity	困惑	n.	ielts	CC-CEDICT CC BY-SA 4.0	2026-06 CC-CEDICT line 24131	kun huo	Qingjian v0.1.4	1005	exact complete CC-CEDICT gloss; POS from ECDICT	perplexity
phenomenally	现象	adv.	toefl	ECDICT MIT	candidate-review.tsv:585	xian xiang	Qingjian v0.1.4	7575	exact complete source gloss	ECDICT exact POS gloss=yes; KyleBing exact POS gloss=no; exam-list source=
philology	文献学	n.	toefl	CC-CEDICT CC BY-SA 4.0	2026-06 CC-CEDICT line 51402	wen xian xue	CC-CEDICT CC BY-SA 4.0	0	exact complete CC-CEDICT gloss; POS from ECDICT	philology
phonetics	语音学	n.	toefl	CC-CEDICT CC BY-SA 4.0	2026-06 CC-CEDICT line 101157	yu yin xue	CC-CEDICT CC BY-SA 4.0	0	exact complete CC-CEDICT gloss; POS from ECDICT	phonetics
phosphate	磷酸盐	n.	toefl	KOReader dictionaries CC BY-SA 4.0 + Chinese Open Wordnet	en-zh v1.2.0 rank 3; exact COW synset	lin suan yan	CC-CEDICT CC BY-SA 4.0 + Rime ICE GPL-3.0	0	exact COW synset; independent pinyin dictionary agreement	exact English/Chinese Open Wordnet synset; pinyin resolved independently
pint	品脱	n.	cet4,cet6,tem8	KOReader dictionaries CC BY-SA 4.0 + Chinese Open Wordnet	en-zh v1.2.0 rank 2; exact COW synset	pin tuo	CC-CEDICT CC BY-SA 4.0 + Rime ICE GPL-3.0	0	exact COW synset; independent pinyin dictionary agreement	exact English/Chinese Open Wordnet synset; pinyin resolved independently
placement	定位	n.	ielts	Chinese Open Wordnet	n:01051331	ding wei	Qingjian v0.1.4	7347	exact English/Chinese synset	same WordNet synset; same POS; current Chinese candidate key
plaid	格子	n.	tem8	FMLD CC BY-SA 4.0	D3 / line 175307	ge zi	Qingjian v0.1.4	1809	exact complete FMLD gloss; matching POS	plaid
plainly	明明	adv.	toefl	FMLD CC BY-SA 4.0	D1 / line 35304	ming ming	Qingjian v0.1.4	30205	exact complete FMLD gloss; matching POS	obviously; plainly; clearly; also often used in an "even though"-type sentence
plumage	羽毛	n.	toefl	Chinese Open Wordnet	n:01896031	yu mao	Qingjian v0.1.4	1171	exact English/Chinese synset	same WordNet synset; same POS; current Chinese candidate key
pollinator	传粉者	n.	toefl	KOReader dictionaries CC BY-SA 4.0 + Chinese Open Wordnet	en-zh v1.2.0 rank 1; exact COW synset	chuan fen zhe	Rime ICE GPL-3.0	0	exact COW synset; independent pinyin dictionary agreement	exact English/Chinese Open Wordnet synset; pinyin resolved independently
polygamy	一夫多妻	n.	toefl	KOReader dictionaries CC BY-SA 4.0 + Chinese Open Wordnet	en-zh v1.2.0 rank 3; exact COW synset	yi fu duo qi	CC-CEDICT CC BY-SA 4.0 + Rime ICE GPL-3.0	0	exact COW synset; independent pinyin dictionary agreement	exact English/Chinese Open Wordnet synset; pinyin resolved independently
post-mortem	验尸	n.	ielts	KyleBing BSD-3-Clause	candidate-review.tsv:1287	yan shi	Qingjian v0.1.4	255	exact complete source gloss	ECDICT exact POS gloss=no; KyleBing exact POS gloss=yes; exam-list source=ielts
posthumously	身后	adv.	toefl	ECDICT MIT	candidate-review.tsv:703	shen hou	Qingjian v0.1.4	2323	exact complete source gloss	ECDICT exact POS gloss=yes; KyleBing exact POS gloss=no; exam-list source=
postmortem	验尸	n.	ielts	ECDICT MIT	candidate-review.tsv:896	yan shi	Qingjian v0.1.4	255	exact complete source gloss	ECDICT exact POS gloss=yes; KyleBing exact POS gloss=no; exam-list source=
potentiality	潜力	n.	toefl	Chinese Open Wordnet	n:14482620	qian li	Qingjian v0.1.4	940	exact English/Chinese synset	same WordNet synset; same POS; current Chinese candidate key
potted	概括	adj.	toefl	Chinese Open Wordnet	a:00004817	gai kuo	Qingjian v0.1.4	841	exact English/Chinese synset	same WordNet synset; same POS; current Chinese candidate key
predate	在前面	v.	toefl	KOReader dictionaries CC BY-SA 4.0 + Chinese Open Wordnet	en-zh v1.2.0 rank 3; exact COW synset	zai qian mian	Rime ICE GPL-3.0	0	exact COW synset; independent pinyin dictionary agreement	exact English/Chinese Open Wordnet synset; pinyin resolved independently
predation	掠夺	n.	toefl	KyleBing BSD-3-Clause	candidate-review.tsv:1238	lve duo	Qingjian v0.1.4	937	exact complete source gloss	ECDICT exact POS gloss=no; KyleBing exact POS gloss=yes; exam-list source=toefl
preeminent	优秀的	adj.	toefl	ECDICT MIT	candidate-review.tsv:623	you xiu de	Qingjian v0.1.4	4761	exact complete source gloss	ECDICT exact POS gloss=yes; KyleBing exact POS gloss=no; exam-list source=
preparedness	准备	n.	toefl	Chinese Open Wordnet	n:14031108	zhun bei	Qingjian v0.1.4	85828	exact English/Chinese synset	same WordNet synset; same POS; current Chinese candidate key
prickly	棘手	adj.	toefl	FMLD CC BY-SA 4.0	D2 / line 104151	ji shou	Qingjian v0.1.4	288	exact complete FMLD gloss; matching POS	difficult to handle; thorny; troublesome; knotty; prickly; intractable
primordial	原生	adj.	toefl	FMLD CC BY-SA 4.0	D1 / line 351410	yuan sheng	Qingjian v0.1.4	1156	exact complete FMLD gloss; matching POS	primordial
principally	大部分	adv.	cet6,toefl	ECDICT MIT	candidate-review.tsv:547	da bu fen	Qingjian v0.1.4	17055	exact complete source gloss	ECDICT exact POS gloss=yes; KyleBing exact POS gloss=no; exam-list source=
probity	诚实	n.	toefl	ECDICT MIT	candidate-review.tsv:692	cheng shi	Qingjian v0.1.4	2582	exact complete source gloss	ECDICT exact POS gloss=yes; KyleBing exact POS gloss=no; exam-list source=
proceeds	收入	n.	toefl	Chinese Open Wordnet	n:13260190	shou ru	Qingjian v0.1.4	9301	exact English/Chinese synset	same WordNet synset; same POS; current Chinese candidate key
prohibitively	禁止	adv.	cet4,toefl	ECDICT MIT	candidate-review.tsv:574	jin zhi	Qingjian v0.1.4	8567	exact complete source gloss	ECDICT exact POS gloss=yes; KyleBing exact POS gloss=no; exam-list source=
prorogue	推迟	v.	toefl	Chinese Open Wordnet	v:02642814	tui chi	Qingjian v0.1.4	2033	exact English/Chinese synset	same WordNet synset; same POS; current Chinese candidate key
prospecting	勘探	n.	toefl	CC-CEDICT CC BY-SA 4.0	2026-06 CC-CEDICT line 15697	kan tan	Qingjian v0.1.4	563	exact complete CC-CEDICT gloss; POS from ECDICT	prospecting
protruding	超然	adj.	toefl	FMLD CC BY-SA 4.0	D1 / line 738686	chao ran	Qingjian v0.1.4	110	exact complete FMLD gloss; matching POS	protruding; sticking out
psychoanalysis	心理分析	n.	toefl	CC-CEDICT CC BY-SA 4.0	2026-06 CC-CEDICT line 40904	xin li fen xi	CC-CEDICT CC BY-SA 4.0	0	exact complete CC-CEDICT gloss; POS from ECDICT	psychoanalysis
puffin	海雀	n.	toefl	KOReader dictionaries CC BY-SA 4.0 + Chinese Open Wordnet	en-zh v1.2.0 rank 4; exact COW synset	hai que	Rime ICE GPL-3.0	0	exact COW synset; independent pinyin dictionary agreement	exact English/Chinese Open Wordnet synset; pinyin resolved independently
pul	普尔	n.	toefl	KOReader dictionaries CC BY-SA 4.0 + Chinese Open Wordnet	en-zh v1.2.0 rank 1; exact COW synset	pu er	Rime ICE GPL-3.0	0	exact COW synset; independent pinyin dictionary agreement	exact English/Chinese Open Wordnet synset; pinyin resolved independently
pulpit	讲台	n.	tem8	Chinese Open Wordnet	n:03159640	jiang tai	Qingjian v0.1.4	310	exact English/Chinese synset	same WordNet synset; same POS; current Chinese candidate key
purest	单纯的	adj.	ielts	ECDICT MIT	candidate-review.tsv:655	dan chun de	Qingjian v0.1.4	3258	exact complete source gloss	ECDICT exact POS gloss=yes; KyleBing exact POS gloss=no; exam-list source=
purposely	故意	adv.	toefl	FMLD CC BY-SA 4.0	D2 / line 18391	gu yi	Qingjian v0.1.4	11185	exact complete FMLD gloss; matching POS	intentionally; deliberately; purposely
putrefy	腐败	v.	toefl	Chinese Open Wordnet	v:00399553	fu bai	Qingjian v0.1.4	1355	exact English/Chinese synset	same WordNet synset; same POS; current Chinese candidate key
putt	短打	v.	toefl	KyleBing BSD-3-Clause	candidate-review.tsv:1317	duan da	Qingjian v0.1.4	49	exact complete source gloss	ECDICT exact POS gloss=no; KyleBing exact POS gloss=yes; exam-list source=toefl
quandary	为难	n.	toefl	ECDICT MIT	candidate-review.tsv:712	wei nan	Qingjian v0.1.4	2186	exact complete source gloss	ECDICT exact POS gloss=yes; KyleBing exact POS gloss=no; exam-list source=
quasar	类星体	n.	toefl	CC-CEDICT CC BY-SA 4.0	2026-06 CC-CEDICT line 119106	lei xing ti	CC-CEDICT CC BY-SA 4.0	0	exact complete CC-CEDICT gloss; POS from ECDICT	quasar
radicalism	激进主义	n.	tem8	CC-CEDICT CC BY-SA 4.0	2026-06 CC-CEDICT line 68479	ji jin zhu yi	CC-CEDICT CC BY-SA 4.0	0	exact complete CC-CEDICT gloss; POS from ECDICT	radicalism
radiocarbon	放射性碳	n.	toefl	KOReader dictionaries CC BY-SA 4.0 + Chinese Open Wordnet	en-zh v1.2.0 rank 1; exact COW synset	fang she xing tan	Rime ICE GPL-3.0	0	exact COW synset; independent pinyin dictionary agreement	exact English/Chinese Open Wordnet synset; pinyin resolved independently
rambler	漫步者	n.	tem8	CC-CEDICT CC BY-SA 4.0	2026-06 CC-CEDICT line 67968	man bu zhe	CC-CEDICT CC BY-SA 4.0	0	exact complete CC-CEDICT gloss; POS from ECDICT	rambler
rapist	强奸犯	n.	tem8	CC-CEDICT CC BY-SA 4.0	2026-06 CC-CEDICT line 39401	qiang jian fan	CC-CEDICT CC BY-SA 4.0	0	exact complete CC-CEDICT gloss; POS from ECDICT	rapist
rapprochement	友好	n.	tem8	KyleBing BSD-3-Clause	candidate-review.tsv:1184	you hao	Qingjian v0.1.4	4707	exact complete source gloss	ECDICT exact POS gloss=no; KyleBing exact POS gloss=yes; exam-list source=tem8
recant	宣布放弃	v.	toefl	KOReader dictionaries CC BY-SA 4.0 + Chinese Open Wordnet	en-zh v1.2.0 rank 5; exact COW synset	xuan bu fang qi	Rime ICE GPL-3.0	0	exact COW synset; independent pinyin dictionary agreement	exact English/Chinese Open Wordnet synset; pinyin resolved independently
recluse	愚公	n.	toefl	FMLD CC BY-SA 4.0	D3 / line 246983	yu gong	Qingjian v0.1.4	76	exact complete FMLD gloss; matching POS	recluse; hermit
reconstitute	调整	v.	toefl	Chinese Open Wordnet	v:00404401	tiao zheng	Qingjian v0.1.4	13872	exact English/Chinese synset	same WordNet synset; same POS; current Chinese candidate key
rectitude	正确	n.	tem8	ECDICT MIT	candidate-review.tsv:577	zheng que	Qingjian v0.1.4	8126	exact complete source gloss	ECDICT exact POS gloss=yes; KyleBing exact POS gloss=no; exam-list source=
rediscover	重新发现	v.	toefl	KOReader dictionaries CC BY-SA 4.0 + Chinese Open Wordnet	en-zh v1.2.0 rank 2; exact COW synset	chong xin fa xian	Rime ICE GPL-3.0	0	exact COW synset; independent pinyin dictionary agreement	exact English/Chinese Open Wordnet synset; pinyin resolved independently
reexamine	复试	v.	toefl	KyleBing BSD-3-Clause	candidate-review.tsv:1212	fu shi	Qingjian v0.1.4	2086	exact complete source gloss	ECDICT exact POS gloss=no; KyleBing exact POS gloss=yes; exam-list source=toefl
regimentation	管辖	n.	toefl	KyleBing BSD-3-Clause	candidate-review.tsv:1151	guan xia	Qingjian v0.1.4	32087	exact complete source gloss	ECDICT exact POS gloss=no; KyleBing exact POS gloss=yes; exam-list source=toefl
regolith	表土	n.	toefl	FMLD CC BY-SA 4.0	D2 / line 712425	biao tu	Qingjian v0.1.4	20	exact complete FMLD gloss; matching POS	regolith
repaint	刷新	v.	ielts	FMLD CC BY-SA 4.0	D1 / line 334377	shua xin	Qingjian v0.1.4	2703	exact complete FMLD gloss; matching POS	to repaint; to renovate; to refurbish
reprisal	报复	n.	tem8	ECDICT MIT	candidate-review.tsv:657	bao fu	Qingjian v0.1.4	3238	exact complete source gloss	ECDICT exact POS gloss=yes; KyleBing exact POS gloss=no; exam-list source=
requital	惩罚	n.	toefl	Chinese Open Wordnet	n:13300828	cheng fa	Qingjian v0.1.4	3100	exact English/Chinese synset	same WordNet synset; same POS; current Chinese candidate key
results	果实	n.	ielts	CC-CEDICT CC BY-SA 4.0	2026-06 CC-CEDICT line 56758	guo shi	Qingjian v0.1.4	1509	exact complete CC-CEDICT gloss; POS from ECDICT	results
retails	零售	v.	ielts	ECDICT MIT	candidate-review.tsv:732	ling shou	Qingjian v0.1.4	1830	exact complete source gloss	ECDICT exact POS gloss=yes; KyleBing exact POS gloss=no; exam-list source=
reticence	勉强	n.	toefl	ECDICT MIT	candidate-review.tsv:615	mian qiang	Qingjian v0.1.4	5076	exact complete source gloss	ECDICT exact POS gloss=yes; KyleBing exact POS gloss=no; exam-list source=
retrain	再教育	v.	cet4,toefl	KyleBing BSD-3-Clause	candidate-review.tsv:1284	zai jiao yu	Qingjian v0.1.4	264	exact complete source gloss	ECDICT exact POS gloss=no; KyleBing exact POS gloss=yes; exam-list source=toefl
revitalization	复活	n.	toefl	Chinese Open Wordnet	n:01047338	fu huo	Qingjian v0.1.4	5299	exact English/Chinese synset	same WordNet synset; same POS; current Chinese candidate key
routinely	日常	adv.	cet4,toefl	ECDICT MIT	candidate-review.tsv:554	ri chang	Qingjian v0.1.4	13286	exact complete source gloss	ECDICT exact POS gloss=yes; KyleBing exact POS gloss=no; exam-list source=
rows	行列	n.	ielts	FMLD CC BY-SA 4.0	D2 / line 111597	hang lie	Qingjian v0.1.4	1588	exact complete FMLD gloss; matching POS	ranks; procession; rows
rucksack	背包	n.	tem8	Chinese Open Wordnet	n:02769748	bei bao	Qingjian v0.1.4	1660	exact English/Chinese synset	same WordNet synset; same POS; current Chinese candidate key
rugger	英式橄榄球	n.	tem8	KOReader dictionaries CC BY-SA 4.0 + Chinese Open Wordnet	en-zh v1.2.0 rank 1; exact COW synset	ying shi gan lan qiu	CC-CEDICT CC BY-SA 4.0 + Rime ICE GPL-3.0	0	exact COW synset; independent pinyin dictionary agreement	exact English/Chinese Open Wordnet synset; pinyin resolved independently
ruminant	反刍动物	n.	toefl	CC-CEDICT CC BY-SA 4.0	2026-06 CC-CEDICT line 18460	fan chu dong wu	CC-CEDICT CC BY-SA 4.0	0	exact complete CC-CEDICT gloss; POS from ECDICT	ruminant
sac	孢子囊	n.	toefl	Chinese Open Wordnet	n:13092722	bao zi nang	Qingjian v0.1.4	127	exact English/Chinese synset	same WordNet synset; same POS; current Chinese candidate key
sadism	残忍	n.	tem8	ECDICT MIT	candidate-review.tsv:638	can ren	Qingjian v0.1.4	3936	exact complete source gloss	ECDICT exact POS gloss=yes; KyleBing exact POS gloss=no; exam-list source=
sailing	航行	n.	ielts	ECDICT MIT	candidate-review.tsv:725	hang xing	Qingjian v0.1.4	2000	exact complete source gloss	ECDICT exact POS gloss=yes; KyleBing exact POS gloss=no; exam-list source=
salesgirl	女店员	n.	tem8	CC-CEDICT CC BY-SA 4.0	2026-06 CC-CEDICT line 29917	nv dian yuan	CC-CEDICT CC BY-SA 4.0	0	exact complete CC-CEDICT gloss; POS from ECDICT	salesgirl
salivate	流口水	v.	tem8	FMLD CC BY-SA 4.0	D1 / line 558485	liu kou shui	Qingjian v0.1.4	2913	exact complete FMLD gloss; matching POS	to drool; to dribble; to salivate
saltwater	海水	n.	toefl	Chinese Open Wordnet	n:15008847	hai shui	Qingjian v0.1.4	2210	exact English/Chinese synset	same WordNet synset; same POS; current Chinese candidate key
sanctification	认可	n.	tem8	ECDICT MIT	candidate-review.tsv:626	ren ke	Qingjian v0.1.4	4654	exact complete source gloss	ECDICT exact POS gloss=yes; KyleBing exact POS gloss=no; exam-list source=
satyr	色狼	n.	tem8	FMLD CC BY-SA 4.0	D1 / line 126802	se lang	Qingjian v0.1.4	37	exact complete FMLD gloss; matching POS	pervert; lecher; sex maniac; satyr
scat	逃跑	v.	toefl	Chinese Open Wordnet	v:02075049	tao pao	Qingjian v0.1.4	1959	exact English/Chinese synset	same WordNet synset; same POS; current Chinese candidate key
scepticism	怀疑	n.	tem8	KyleBing BSD-3-Clause	candidate-review.tsv:1162	huai yi	Qingjian v0.1.4	13051	exact complete source gloss	ECDICT exact POS gloss=no; KyleBing exact POS gloss=yes; exam-list source=tem8
schism	分裂	n.	toefl	CC-CEDICT CC BY-SA 4.0	2026-06 CC-CEDICT line 13622	fen lie	Qingjian v0.1.4	2936	exact complete CC-CEDICT gloss; POS from ECDICT	schism
schist	页岩	n.	toefl	Chinese Open Wordnet	n:14889371	ye yan	Qingjian v0.1.4	318	exact English/Chinese synset	same WordNet synset; same POS; current Chinese candidate key
scintillation	闪烁	n.	tem8	KyleBing BSD-3-Clause	candidate-review.tsv:1263	shan shuo	Qingjian v0.1.4	475	exact complete source gloss	ECDICT exact POS gloss=no; KyleBing exact POS gloss=yes; exam-list source=tem8
scruffy	邋遢	adj.	toefl	Chinese Open Wordnet	a:02583271	la ta	Qingjian v0.1.4	925	exact English/Chinese synset	same WordNet synset; same POS; current Chinese candidate key
scrum	混乱	n.	tem8	KyleBing BSD-3-Clause	candidate-review.tsv:1191	hun luan	Qingjian v0.1.4	3986	exact complete source gloss	ECDICT exact POS gloss=no; KyleBing exact POS gloss=yes; exam-list source=tem8
seashell	贝壳	n.	toefl	Chinese Open Wordnet	n:01956764	bei ke	Qingjian v0.1.4	1067	exact English/Chinese synset	same WordNet synset; same POS; current Chinese candidate key
seaway	水路	n.	toefl	FMLD CC BY-SA 4.0	D1 / line 547562	shui lu	Qingjian v0.1.4	633	exact complete FMLD gloss; matching POS	seaway; waterway; watercourse; channel; canal
seismology	地震学	n.	toefl	CC-CEDICT CC BY-SA 4.0	2026-06 CC-CEDICT line 25223	di zhen xue	CC-CEDICT CC BY-SA 4.0	0	exact complete CC-CEDICT gloss; POS from ECDICT	seismology
sensationalism	哗众取宠	n.	toefl	CC-CEDICT CC BY-SA 4.0	2026-06 CC-CEDICT line 23244	hua zhong qu chong	Qingjian v0.1.4	283	exact complete CC-CEDICT gloss; POS from ECDICT	sensationalism
serenity	放心	n.	toefl	Chinese Open Wordnet	n:07515790	fang xin	Qingjian v0.1.4	20677	exact English/Chinese synset	same WordNet synset; same POS; current Chinese candidate key
shag	蓬松	v.	tem8	ECDICT MIT	candidate-review.tsv:852	peng song	Qingjian v0.1.4	419	exact complete source gloss	ECDICT exact POS gloss=yes; KyleBing exact POS gloss=no; exam-list source=
sharply	截然	adv.	cet4,cet6,toefl	FMLD CC BY-SA 4.0	D1 / line 230926	jie ran	Qingjian v0.1.4	93	exact complete FMLD gloss; matching POS	completely; sharply; starkly
sheaf	包裹	n.	tem8	Chinese Open Wordnet	n:02919414	bao guo	Qingjian v0.1.4	2869	exact English/Chinese synset	same WordNet synset; same POS; current Chinese candidate key
sheepish	窘迫	adj.	tem8	FMLD CC BY-SA 4.0	D2 / line 254012	jiong po	Qingjian v0.1.4	168	exact complete FMLD gloss; matching POS	embarrassed; sheepish
shingle	鹅卵石	n.	toefl	Chinese Open Wordnet	n:14699574	e luan shi	Qingjian v0.1.4	83	exact English/Chinese synset	same WordNet synset; same POS; current Chinese candidate key
shipload	大量	n.	toefl	ECDICT MIT	candidate-review.tsv:551	da liang	Qingjian v0.1.4	15243	exact complete source gloss	ECDICT exact POS gloss=yes; KyleBing exact POS gloss=no; exam-list source=
short-term	短程	adj.	ielts	FMLD CC BY-SA 4.0	D1 / line 622059	duan cheng	Qingjian v0.1.4	235	exact complete FMLD gloss; matching POS	short-distance; short-range; short-term
sickening	肉麻	adj.	tem8	FMLD CC BY-SA 4.0	D3 / line 69187	rou ma	Qingjian v0.1.4	1199	exact complete FMLD gloss; matching POS	nauseating; sickening; disgusting
simplification	简化	n.	toefl	KyleBing BSD-3-Clause	candidate-review.tsv:1219	jian hua	Qingjian v0.1.4	1397	exact complete source gloss	ECDICT exact POS gloss=no; KyleBing exact POS gloss=yes; exam-list source=toefl
sixpence	六便士	n.	tem8	KOReader dictionaries CC BY-SA 4.0 + Chinese Open Wordnet	en-zh v1.2.0 rank 1; exact COW synset	liu bian shi	Rime ICE GPL-3.0	0	exact COW synset; independent pinyin dictionary agreement	exact English/Chinese Open Wordnet synset; pinyin resolved independently
skating	溜冰	n.	ielts	ECDICT MIT	candidate-review.tsv:842	liu bing	Qingjian v0.1.4	464	exact complete source gloss	ECDICT exact POS gloss=yes; KyleBing exact POS gloss=no; exam-list source=
skepticism	不可知论	n.	toefl	Chinese Open Wordnet	n:05980051	bu ke zhi lun	Qingjian v0.1.4	81	exact English/Chinese synset	same WordNet synset; same POS; current Chinese candidate key
skiing	滑雪	n.	ielts	Chinese Open Wordnet	n:00440747	hua xue	Qingjian v0.1.4	4434	exact English/Chinese synset	same WordNet synset; same POS; current Chinese candidate key
skimmer	漏勺	n.	tem8	FMLD CC BY-SA 4.0	D1 / line 570999	lou shao	Qingjian v0.1.4	27	exact complete FMLD gloss; matching POS	strainer spoon; colander; skimmer
slapdash	含糊	adj.	toefl	FMLD CC BY-SA 4.0	D2 / line 166379	han hu	Qingjian v0.1.4	369	exact complete FMLD gloss; matching POS	careless; sloppy; slapdash
slither	滑动	n.	tem8	KyleBing BSD-3-Clause	candidate-review.tsv:1246	hua dong	Qingjian v0.1.4	645	exact complete source gloss	ECDICT exact POS gloss=no; KyleBing exact POS gloss=yes; exam-list source=tem8
smelting	冶炼	n.	toefl	KyleBing BSD-3-Clause	candidate-review.tsv:1301	ye lian	Qingjian v0.1.4	137	exact complete source gloss	ECDICT exact POS gloss=no; KyleBing exact POS gloss=yes; exam-list source=toefl
snippet	摘录	n.	toefl	ECDICT MIT	candidate-review.tsv:921	zhai lu	Qingjian v0.1.4	160	exact complete source gloss	ECDICT exact POS gloss=yes; KyleBing exact POS gloss=no; exam-list source=
socialist	社会主义者	n.	cet4,cet6,tem8	CC-CEDICT CC BY-SA 4.0	2026-06 CC-CEDICT line 80249	she hui zhu yi zhe	CC-CEDICT CC BY-SA 4.0	0	exact complete CC-CEDICT gloss; POS from ECDICT	socialist
solemnity	严肃	n.	tem8	ECDICT MIT	candidate-review.tsv:634	yan su	Qingjian v0.1.4	4087	exact complete source gloss	ECDICT exact POS gloss=yes; KyleBing exact POS gloss=no; exam-list source=
solvency	资力	n.	tem8	Chinese Open Wordnet	n:14478143	zi li	Qingjian v0.1.4	4	exact English/Chinese synset	same WordNet synset; same POS; current Chinese candidate key
somerset	筋斗	n.	toefl	Chinese Open Wordnet	n:00439484	jin dou	Qingjian v0.1.4	92	exact English/Chinese synset	same WordNet synset; same POS; current Chinese candidate key
spanking	打屁股	n.	toefl	ECDICT MIT	candidate-review.tsv:990	da pi gu	Qingjian v0.1.4	17	exact complete source gloss	ECDICT exact POS gloss=yes; KyleBing exact POS gloss=no; exam-list source=
spheroid	球状体	n.	toefl	KOReader dictionaries CC BY-SA 4.0 + Chinese Open Wordnet	en-zh v1.2.0 rank 1; exact COW synset	qiu zhuang ti	Rime ICE GPL-3.0	0	exact COW synset; independent pinyin dictionary agreement	exact English/Chinese Open Wordnet synset; pinyin resolved independently
spinal	脊椎骨	adj.	cet6,toefl	KyleBing BSD-3-Clause	candidate-review.tsv:1310	ji zhui gu	Qingjian v0.1.4	88	exact complete source gloss	ECDICT exact POS gloss=no; KyleBing exact POS gloss=yes; exam-list source=toefl
spiteful	刻毒	adj.	tem8	FMLD CC BY-SA 4.0	D1 / line 334767	ke du	Qingjian v0.1.4	5	exact complete FMLD gloss; matching POS	venomous; spiteful
spontaneity	自发	n.	toefl	ECDICT MIT	candidate-review.tsv:775	zi fa	Qingjian v0.1.4	1041	exact complete source gloss	ECDICT exact POS gloss=yes; KyleBing exact POS gloss=no; exam-list source=
spurious	乱真	adj.	tem8	CC-CEDICT CC BY-SA 4.0	2026-06 CC-CEDICT line 4577	luan zhen	Qingjian v0.1.4	39	exact complete CC-CEDICT gloss; POS from ECDICT	spurious
stabilise	稳定	v.	ielts	KyleBing BSD-3-Clause	candidate-review.tsv:1167	wen ding	Qingjian v0.1.4	10220	exact complete source gloss	ECDICT exact POS gloss=no; KyleBing exact POS gloss=yes; exam-list source=ielts
statistician	统计员	n.	tem8	CC-CEDICT CC BY-SA 4.0	2026-06 CC-CEDICT line 85734	tong ji yuan	CC-CEDICT CC BY-SA 4.0	0	exact complete CC-CEDICT gloss; POS from ECDICT	statistician
statuette	偶像	n.	toefl	FMLD CC BY-SA 4.0	D1 / line 58329	ou xiang	Qingjian v0.1.4	17250	exact complete FMLD gloss; matching POS	idol; statuette
steadfastly	岿然	adv.	toefl	ECDICT MIT	candidate-review.tsv:1002	kui ran	Qingjian v0.1.4	5	exact complete source gloss	ECDICT exact POS gloss=yes; KyleBing exact POS gloss=no; exam-list source=
steering	指导	n.	ielts	ECDICT MIT	candidate-review.tsv:568	zhi dao	Qingjian v0.1.4	9219	exact complete source gloss	ECDICT exact POS gloss=yes; KyleBing exact POS gloss=no; exam-list source=
stellar	优秀的	adj.	toefl	KyleBing BSD-3-Clause	candidate-review.tsv:1183	you xiu de	Qingjian v0.1.4	4761	exact complete source gloss	ECDICT exact POS gloss=no; KyleBing exact POS gloss=yes; exam-list source=toefl
steppe	草原	n.	toefl	FMLD CC BY-SA 4.0	D1 / line 99313	cao yuan	Qingjian v0.1.4	1433	exact complete FMLD gloss; matching POS	grassland; prairie; steppe; savanna
stonework	石方	n.	toefl	FMLD CC BY-SA 4.0	D2 / line 622745	shi fang	Qingjian v0.1.4	11	exact complete FMLD gloss; matching POS	stonework
stratification	分层	n.	toefl	Chinese Open Wordnet	n:13562328	fen ceng	Qingjian v0.1.4	365	exact English/Chinese synset	same WordNet synset; same POS; current Chinese candidate key
strongly	大力	adv.	cet4,cet6,toefl	FMLD CC BY-SA 4.0	D2 / line 92928	da li	Qingjian v0.1.4	2298	exact complete FMLD gloss; matching POS	strongly; energetically; vigorously; striving to
subduction	潜没	n.	toefl	KOReader dictionaries CC BY-SA 4.0 + Chinese Open Wordnet	en-zh v1.2.0 rank 1; exact COW synset	qian mo	CC-CEDICT CC BY-SA 4.0	0	exact COW synset; independent pinyin dictionary agreement	exact English/Chinese Open Wordnet synset; pinyin resolved independently
subordination	隶属	n.	tem8	Chinese Open Wordnet	n:14001852	li shu	Qingjian v0.1.4	14366	exact English/Chinese synset	same WordNet synset; same POS; current Chinese candidate key
subsoil	底土	n.	ielts	KOReader dictionaries CC BY-SA 4.0 + Chinese Open Wordnet	en-zh v1.2.0 rank 1; exact COW synset	di tu	Rime ICE GPL-3.0	0	exact COW synset; independent pinyin dictionary agreement	exact English/Chinese Open Wordnet synset; pinyin resolved independently
superheat	过热	n.	toefl	ECDICT MIT	candidate-review.tsv:904	guo re	Qingjian v0.1.4	230	exact complete source gloss	ECDICT exact POS gloss=yes; KyleBing exact POS gloss=no; exam-list source=
surreal	玄妙	adj.	tem8	Chinese Open Wordnet	a:01939226	xuan miao	Qingjian v0.1.4	51	exact English/Chinese synset	same WordNet synset; same POS; current Chinese candidate key
swelter	闷热	v.	toefl	ECDICT MIT	candidate-review.tsv:791	men re	Qingjian v0.1.4	937	exact complete source gloss	ECDICT exact POS gloss=yes; KyleBing exact POS gloss=no; exam-list source=
swordfish	剑鱼	n.	toefl	KOReader dictionaries CC BY-SA 4.0 + Chinese Open Wordnet	en-zh v1.2.0 rank 2; exact COW synset	jian yu	CC-CEDICT CC BY-SA 4.0 + Rime ICE GPL-3.0	0	exact COW synset; independent pinyin dictionary agreement	exact English/Chinese Open Wordnet synset; pinyin resolved independently
synchronization	同步	n.	toefl	Chinese Open Wordnet	n:13845239	tong bu	Qingjian v0.1.4	4482	exact English/Chinese synset	same WordNet synset; same POS; current Chinese candidate key
synchrotron	同步加速器	n.	toefl	CC-CEDICT CC BY-SA 4.0	2026-06 CC-CEDICT line 20134	tong bu jia su qi	CC-CEDICT CC BY-SA 4.0	0	exact complete CC-CEDICT gloss; POS from ECDICT	synchrotron
tanner	皮匠	n.	tem8	FMLD CC BY-SA 4.0	D2 / line 614624	pi jiang	Qingjian v0.1.4	35	exact complete FMLD gloss; matching POS	tanner
tapering	逐渐减少	n.	toefl	KOReader dictionaries CC BY-SA 4.0 + Chinese Open Wordnet	en-zh v1.2.0 rank 2; exact COW synset	zhu jian jian shao	Rime ICE GPL-3.0	0	exact COW synset; independent pinyin dictionary agreement	exact English/Chinese Open Wordnet synset; pinyin resolved independently
teasing	玩笑	n.	tem8	Chinese Open Wordnet	n:00425905	wan xiao	Qingjian v0.1.4	3751	exact English/Chinese synset	same WordNet synset; same POS; current Chinese candidate key
tectonics	建筑学	n.	toefl	KOReader dictionaries CC BY-SA 4.0 + Chinese Open Wordnet	en-zh v1.2.0 rank 5; exact COW synset	jian zhu xue	CC-CEDICT CC BY-SA 4.0 + Rime ICE GPL-3.0	0	exact COW synset; independent pinyin dictionary agreement	exact English/Chinese Open Wordnet synset; pinyin resolved independently
temperance	节制	n.	toefl	ECDICT MIT	candidate-review.tsv:778	jie zhi	Qingjian v0.1.4	1015	exact complete source gloss	ECDICT exact POS gloss=yes; KyleBing exact POS gloss=no; exam-list source=
terracotta	赤陶	n.	tem8	CC-CEDICT CC BY-SA 4.0	2026-06 CC-CEDICT line 104084	chi tao	CC-CEDICT CC BY-SA 4.0	0	exact complete CC-CEDICT gloss; POS from ECDICT	terracotta
terrifying	恐怖	adj.	toefl	FMLD CC BY-SA 4.0	D1 / line 42070	kong bu	Qingjian v0.1.4	14711	exact complete FMLD gloss; matching POS	terrifying; dreadful; horrific; frightening
thousandth	千分之一	n.	toefl	KOReader dictionaries CC BY-SA 4.0 + Chinese Open Wordnet	en-zh v1.2.0 rank 2; exact COW synset	qian fen zhi yi	Rime ICE GPL-3.0	0	exact COW synset; independent pinyin dictionary agreement	exact English/Chinese Open Wordnet synset; pinyin resolved independently
tiresome	无聊的	adj.	cet6,tem8	KyleBing BSD-3-Clause	candidate-review.tsv:1186	wu liao de	Qingjian v0.1.4	4070	exact complete source gloss	ECDICT exact POS gloss=no; KyleBing exact POS gloss=yes; exam-list source=tem8
toehold	立足点	n.	toefl	Chinese Open Wordnet	n:14579827	li zu dian	Qingjian v0.1.4	43	exact English/Chinese synset	same WordNet synset; same POS; current Chinese candidate key
tollgate	关门	n.	toefl	KyleBing BSD-3-Clause	candidate-review.tsv:1200	guan men	Qingjian v0.1.4	2815	exact complete source gloss	ECDICT exact POS gloss=no; KyleBing exact POS gloss=yes; exam-list source=toefl
torturous	磨人	adj.	toefl	FMLD CC BY-SA 4.0	D1 / line 627000	mo ren	Qingjian v0.1.4	499	exact complete FMLD gloss; matching POS	torturous; exhausting
totally	通通	adv.	toefl	FMLD CC BY-SA 4.0	D1 / line 751944	tong tong	Qingjian v0.1.4	810	exact complete FMLD gloss; matching POS	all; entirely; completely; fully; totally
touring	游览	n.	ielts	ECDICT MIT	candidate-review.tsv:811	you lan	Qingjian v0.1.4	740	exact complete source gloss	ECDICT exact POS gloss=yes; KyleBing exact POS gloss=no; exam-list source=
trainer	教练员	n.	toefl	KOReader dictionaries CC BY-SA 4.0 + Chinese Open Wordnet	en-zh v1.2.0 rank 4; exact COW synset	jiao lian yuan	CC-CEDICT CC BY-SA 4.0 + Rime ICE GPL-3.0	0	exact COW synset; independent pinyin dictionary agreement	exact English/Chinese Open Wordnet synset; pinyin resolved independently
tranquillity	平静	n.	toefl	Chinese Open Wordnet	n:13969101	ping jing	Qingjian v0.1.4	2957	exact English/Chinese synset	same WordNet synset; same POS; current Chinese candidate key
tremolo	震颤	n.	tem8	KyleBing BSD-3-Clause	candidate-review.tsv:1318	zhen chan	Qingjian v0.1.4	42	exact complete source gloss	ECDICT exact POS gloss=no; KyleBing exact POS gloss=yes; exam-list source=tem8
tributes	称赞	n.	ielts	ECDICT MIT	candidate-review.tsv:668	cheng zan	Qingjian v0.1.4	3030	exact complete source gloss	ECDICT exact POS gloss=yes; KyleBing exact POS gloss=no; exam-list source=
unadorned	赤裸裸	adj.	toefl	FMLD CC BY-SA 4.0	D2 / line 172752	chi luo luo	Qingjian v0.1.4	70	exact complete FMLD gloss; matching POS	(often of a contemptible action) plain; pure; undisguised; unadorned
unanimity	同意	n.	toefl	ECDICT MIT	candidate-review.tsv:535	tong yi	Qingjian v0.1.4	23673	exact complete source gloss	ECDICT exact POS gloss=yes; KyleBing exact POS gloss=no; exam-list source=
unavoidably	未免	adv.	toefl	FMLD CC BY-SA 4.0	D2 / line 78275	wei mian	Qingjian v0.1.4	438	exact complete FMLD gloss; matching POS	inevitably; truly; unavoidably
unbridled	容易	adj.	toefl	FMLD CC BY-SA 4.0	D5 / line 5865	rong yi	Qingjian v0.1.4	50161	exact complete FMLD gloss; matching POS	impudent; wanton; unbridled
undaunted	勇敢	adj.	toefl	FMLD CC BY-SA 4.0	D1 / line 27691	yong gan	Qingjian v0.1.4	6718	exact complete FMLD gloss; matching POS	brave; courageous; undaunted
underbrush	草莽	n.	tem8	FMLD CC BY-SA 4.0	D1 / line 691409	cao mang	Qingjian v0.1.4	12	exact complete FMLD gloss; matching POS	thick growth of grass; underbrush; undergrowth
undercut	抛售	v.	tem8	Chinese Open Wordnet	v:02351467	pao shou	Qingjian v0.1.4	56	exact English/Chinese synset	same WordNet synset; same POS; current Chinese candidate key
understatement	轻描淡写	n.	tem8	KyleBing BSD-3-Clause	candidate-review.tsv:1298	qing miao dan xie	Qingjian v0.1.4	178	exact complete source gloss	ECDICT exact POS gloss=no; KyleBing exact POS gloss=yes; exam-list source=tem8
undeveloped	稚嫩	adj.	toefl	FMLD CC BY-SA 4.0	D2 / line 634188	zhi nen	Qingjian v0.1.4	331	exact complete FMLD gloss; matching POS	immature; undeveloped; juvenile; naive
undisguised	公然	adv.	ielts	FMLD CC BY-SA 4.0	D1 / line 100459	gong ran	Qingjian v0.1.4	748	exact complete FMLD gloss; matching POS	openly; overtly; out in public; publicly; undisguised
universally	一般	adv.	cet6,toefl	ECDICT MIT	candidate-review.tsv:509	yi ban	Qingjian v0.1.4	66923	exact complete source gloss	ECDICT exact POS gloss=yes; KyleBing exact POS gloss=no; exam-list source=
unpromising	不肖	adj.	toefl	FMLD CC BY-SA 4.0	D1 / line 181794	bu xiao	Qingjian v0.1.4	52	exact complete FMLD gloss; matching POS	(of a person) unworthy; unseemly; unpromising; dishonourable; of poor moral character
unquestionable	正宗	adj.	tem8	Chinese Open Wordnet	a:01115635	zheng zong	Qingjian v0.1.4	3889	exact English/Chinese synset	same WordNet synset; same POS; current Chinese candidate key
unrestricted	利索	adj.	toefl	FMLD CC BY-SA 4.0	D4 / line 333930	li suo	Qingjian v0.1.4	556	exact complete FMLD gloss; matching POS	unrestricted
unsightly	刺眼	adj.	tem8	FMLD CC BY-SA 4.0	D2 / line 146413	ci yan	Qingjian v0.1.4	465	exact complete FMLD gloss; matching POS	offending to the eye; unsightly
unsophisticated	单纯的	adj.	toefl	ECDICT MIT	candidate-review.tsv:654	dan chun de	Qingjian v0.1.4	3258	exact complete source gloss	ECDICT exact POS gloss=yes; KyleBing exact POS gloss=no; exam-list source=
vacillation	摇摆	n.	toefl	Chinese Open Wordnet	n:00327824	yao bai	Qingjian v0.1.4	338	exact English/Chinese synset	same WordNet synset; same POS; current Chinese candidate key
valet	伺候	v.	tem8	Chinese Open Wordnet	v:02541138	ci hou	Qingjian v0.1.4	2124	exact English/Chinese synset	same WordNet synset; same POS; current Chinese candidate key
valor	英勇	n.	toefl	ECDICT MIT	candidate-review.tsv:810	ying yong	Qingjian v0.1.4	746	exact complete source gloss	ECDICT exact POS gloss=yes; KyleBing exact POS gloss=no; exam-list source=
vaporization	蒸发	n.	toefl	Chinese Open Wordnet	n:13572436	zheng fa	Qingjian v0.1.4	793	exact English/Chinese synset	same WordNet synset; same POS; current Chinese candidate key
variously	不同	adv.	toefl	ECDICT MIT	candidate-review.tsv:513	bu tong	Qingjian v0.1.4	53578	exact complete source gloss	ECDICT exact POS gloss=yes; KyleBing exact POS gloss=no; exam-list source=
vastly	许多	adv.	toefl	ECDICT MIT	candidate-review.tsv:524	xu duo	Qingjian v0.1.4	31195	exact complete source gloss	ECDICT exact POS gloss=yes; KyleBing exact POS gloss=no; exam-list source=
vastness	巨大	n.	toefl	ECDICT MIT	candidate-review.tsv:584	ju da	Qingjian v0.1.4	7672	exact complete source gloss	ECDICT exact POS gloss=yes; KyleBing exact POS gloss=no; exam-list source=
veal	小牛肉	n.	tem8	CC-CEDICT CC BY-SA 4.0	2026-06 CC-CEDICT line 34642	xiao niu rou	CC-CEDICT CC BY-SA 4.0	0	exact complete CC-CEDICT gloss; POS from ECDICT	veal
vehemence	激烈	n.	toefl	ECDICT MIT	candidate-review.tsv:658	ji lie	Qingjian v0.1.4	3203	exact complete source gloss	ECDICT exact POS gloss=yes; KyleBing exact POS gloss=no; exam-list source=
veneration	崇拜	n.	toefl	ECDICT MIT	candidate-review.tsv:641	chong bai	Qingjian v0.1.4	3910	exact complete source gloss	ECDICT exact POS gloss=yes; KyleBing exact POS gloss=no; exam-list source=
veracity	老实	n.	toefl	ECDICT MIT	candidate-review.tsv:613	lao shi	Qingjian v0.1.4	5282	exact complete source gloss	ECDICT exact POS gloss=yes; KyleBing exact POS gloss=no; exam-list source=
verification	确认	n.	ielts	Chinese Open Wordnet	n:05825245	que ren	Qingjian v0.1.4	10646	exact English/Chinese synset	same WordNet synset; same POS; current Chinese candidate key
visually	看到	adv.	toefl	ECDICT MIT	candidate-review.tsv:505	kan dao	Qingjian v0.1.4	189250	exact complete source gloss	ECDICT exact POS gloss=yes; KyleBing exact POS gloss=no; exam-list source=
walkout	罢工	n.	toefl	ECDICT MIT	candidate-review.tsv:724	ba gong	Qingjian v0.1.4	2005	exact complete source gloss	ECDICT exact POS gloss=yes; KyleBing exact POS gloss=no; exam-list source=
warming	温暖	n.	ielts	ECDICT MIT	candidate-review.tsv:558	wen nuan	Qingjian v0.1.4	12173	exact complete source gloss	ECDICT exact POS gloss=yes; KyleBing exact POS gloss=no; exam-list source=
wee	一点点	n.	toefl	ECDICT MIT	candidate-review.tsv:649	yi dian dian	Qingjian v0.1.4	3490	exact complete source gloss	ECDICT exact POS gloss=yes; KyleBing exact POS gloss=no; exam-list source=
weighty	沉甸甸	adj.	tem8	FMLD CC BY-SA 4.0	D1 / line 258323	chen dian dian	Qingjian v0.1.4	143	exact complete FMLD gloss; matching POS	(of an object, a burden on the heart, etc.) heavy; weighty
wheels	旋转	n.	ielts	ECDICT MIT	candidate-review.tsv:661	xuan zhuan	Qingjian v0.1.4	3114	exact complete source gloss	ECDICT exact POS gloss=yes; KyleBing exact POS gloss=no; exam-list source=
whir	呼呼声	n.	toefl	CC-CEDICT CC BY-SA 4.0	2026-06 CC-CEDICT line 21121	hu hu sheng	CC-CEDICT CC BY-SA 4.0	0	exact complete CC-CEDICT gloss; POS from ECDICT	whir
wildebeest	角马	n.	toefl	KOReader dictionaries CC BY-SA 4.0 + Chinese Open Wordnet	en-zh v1.2.0 rank 2; exact COW synset	jiao ma	CC-CEDICT CC BY-SA 4.0 + Rime ICE GPL-3.0	0	exact COW synset; independent pinyin dictionary agreement	exact English/Chinese Open Wordnet synset; pinyin resolved independently
wintry	冬天的	adj.	toefl	KyleBing BSD-3-Clause	candidate-review.tsv:1205	dong tian de	Qingjian v0.1.4	2376	exact complete source gloss	ECDICT exact POS gloss=no; KyleBing exact POS gloss=yes; exam-list source=toefl
worshipper	崇拜者	n.	toefl	CC-CEDICT CC BY-SA 4.0	2026-06 CC-CEDICT line 36027	chong bai zhe	CC-CEDICT CC BY-SA 4.0	0	exact complete CC-CEDICT gloss; POS from ECDICT	worshipper
xenophobia	排外	n.	tem8	Chinese Open Wordnet	n:14386022	pai wai	Qingjian v0.1.4	234	exact English/Chinese synset	same WordNet synset; same POS; current Chinese candidate key
zionism	犹太复国主义	n.	tem8	CC-CEDICT CC BY-SA 4.0	2026-06 CC-CEDICT line 72445	you tai fu guo zhu yi	CC-CEDICT CC BY-SA 4.0	0	exact complete CC-CEDICT gloss; POS from ECDICT	zionism
chunk	组块	n.	cet6,tem4,tem8,toefl,ielts	CC-CEDICT CC BY-SA 4.0	2026-06 CC-CEDICT line 85375	zu kuai	CC-CEDICT CC BY-SA 4.0	0	exact complete CC-CEDICT gloss; POS from ECDICT	chunk
continental	大陆性	adj.	cet6,tem4,tem8,toefl,ielts	CC-CEDICT CC BY-SA 4.0	2026-06 CC-CEDICT line 28572	da lu xing	CC-CEDICT CC BY-SA 4.0	0	exact complete CC-CEDICT gloss; POS from ECDICT	continental
cultural	文化	adj.	tem4,tem8,toefl,ielts	CC-CEDICT CC BY-SA 4.0	2026-06 CC-CEDICT line 51290	wen hua	Qingjian v0.1.4	46817	exact complete CC-CEDICT gloss; POS from ECDICT	cultural
exhaustive	详尽	adj.	tem4,tem8,toefl,ielts	CC-CEDICT CC BY-SA 4.0	2026-06 CC-CEDICT line 100940	xiang jin	Qingjian v0.1.4	291	exact complete CC-CEDICT gloss; POS from ECDICT	exhaustive
maternal	母系	adj.	tem4,tem8,toefl,ielts	CC-CEDICT CC BY-SA 4.0	2026-06 CC-CEDICT line 61358	mu xi	Qingjian v0.1.4	139	exact complete CC-CEDICT gloss; POS from ECDICT	maternal
noticeable	惹人注目	adj.	cet4,cet6,tem4,tem8,toefl,ielts	CC-CEDICT CC BY-SA 4.0	2026-06 CC-CEDICT line 42561	re ren zhu mu	CC-CEDICT CC BY-SA 4.0	0	exact complete CC-CEDICT gloss; POS from ECDICT	noticeable
phonetic	语音	adj.	tem4,tem8,toefl,ielts	CC-CEDICT CC BY-SA 4.0	2026-06 CC-CEDICT line 101152	yu yin	Qingjian v0.1.4	4253	exact complete CC-CEDICT gloss; POS from ECDICT	phonetic
successive	有序	adj.	cet4,cet6,tem4,tem8,toefl,ielts	CC-CEDICT CC BY-SA 4.0	2026-06 CC-CEDICT line 54924	you xu	Qingjian v0.1.4	496	exact complete CC-CEDICT gloss; POS from ECDICT	successive
vibrant	欢势	adj.	tem4,tem8,toefl,ielts	CC-CEDICT CC BY-SA 4.0	2026-06 CC-CEDICT line 60279	huan shi	CC-CEDICT CC BY-SA 4.0	0	exact complete CC-CEDICT gloss; POS from ECDICT	vibrant
wary	戒惧	adj.	tem4,tem8,toefl,ielts	CC-CEDICT CC BY-SA 4.0	2026-06 CC-CEDICT line 43914	jie ju	CC-CEDICT CC BY-SA 4.0	0	exact complete CC-CEDICT gloss; POS from ECDICT	wary
archaic	古旧	adj.	tem8,toefl,ielts	CC-CEDICT CC BY-SA 4.0	2026-06 CC-CEDICT line 18981	gu jiu	Qingjian v0.1.4	51	exact complete CC-CEDICT gloss; POS from ECDICT	archaic
ascribe	归咎	v.	cet4,cet6,tem8,toefl,ielts	KOReader dictionaries CC BY-SA 4.0	en-zh v1.2.0 source rank 2	gui jiu	Qingjian v0.1.4	440	first gloss; matching POS and WordNet relation	source rank 2; COW synset=no; WordNet related=yes
ashore	岸上	adv.	cet6,tem4,tem8,toefl	CC-CEDICT CC BY-SA 4.0	2026-06 CC-CEDICT line 35917	an shang	CC-CEDICT CC BY-SA 4.0	0	exact complete CC-CEDICT gloss; POS from ECDICT	ashore
assuredly	管保	adv.	tem4,tem8,toefl	CC-CEDICT CC BY-SA 4.0	2026-06 CC-CEDICT line 83243	guan bao	Qingjian v0.1.4	1	exact complete CC-CEDICT gloss; POS from ECDICT	assuredly
charitable	慈善	adj.	tem4,tem8,toefl	CC-CEDICT CC BY-SA 4.0	2026-06 CC-CEDICT line 42973	ci shan	Qingjian v0.1.4	3533	exact complete CC-CEDICT gloss; POS from ECDICT	charitable
chronological	按时间先后	adj.	tem8,toefl,ielts	CC-CEDICT CC BY-SA 4.0	2026-06 CC-CEDICT line 46949	an shi jian xian hou	CC-CEDICT CC BY-SA 4.0	0	exact complete CC-CEDICT gloss; POS from ECDICT	chronological
complementary	配套	adj.	tem8,toefl,ielts	CC-CEDICT CC BY-SA 4.0	2026-06 CC-CEDICT line 109992	pei tao	Qingjian v0.1.4	1487	exact complete CC-CEDICT gloss; POS from ECDICT	complementary
credulous	耳朵软	adj.	tem4,tem8,toefl	CC-CEDICT CC BY-SA 4.0	2026-06 CC-CEDICT line 88911	er duo ruan	CC-CEDICT CC BY-SA 4.0	0	exact complete CC-CEDICT gloss; POS from ECDICT	credulous
crossword	填字游戏	n.	tem4,tem8,ielts	CC-CEDICT CC BY-SA 4.0	2026-06 CC-CEDICT line 26473	tian zi you xi	CC-CEDICT CC BY-SA 4.0	0	exact complete CC-CEDICT gloss; POS from ECDICT	crossword
darken	变黑	v.	tem4,tem8,toefl	CC-CEDICT CC BY-SA 4.0	2026-06 CC-CEDICT line 102377	bian hei	Qingjian v0.1.4	1057	exact complete CC-CEDICT gloss; POS from ECDICT	to darken
equivocal	暧昧	adj.	tem8,toefl,ielts	CC-CEDICT CC BY-SA 4.0	2026-06 CC-CEDICT line 54230	ai mei	Qingjian v0.1.4	2112	exact complete CC-CEDICT gloss; POS from ECDICT	equivocal
flabby	软弱	adj.	tem8,toefl,ielts	CC-CEDICT CC BY-SA 4.0	2026-06 CC-CEDICT line 105867	ruan ruo	Qingjian v0.1.4	591	exact complete CC-CEDICT gloss; POS from ECDICT	flabby
gaily	高高兴兴	adv.	tem4,tem8,ielts	CC-CEDICT CC BY-SA 4.0	2026-06 CC-CEDICT line 121877	gao gao xing xing	CC-CEDICT CC BY-SA 4.0	0	exact complete CC-CEDICT gloss; POS from ECDICT	gaily
gradual	进行性	adj.	cet4,cet6,tem8,toefl,ielts	CC-CEDICT CC BY-SA 4.0	2026-06 CC-CEDICT line 108098	jin xing xing	CC-CEDICT CC BY-SA 4.0	0	exact complete CC-CEDICT gloss; POS from ECDICT	gradual
humanitarian	慈善家	n.	cet6,tem4,tem8,toefl	CC-CEDICT CC BY-SA 4.0	2026-06 CC-CEDICT line 42974	ci shan jia	CC-CEDICT CC BY-SA 4.0	0	exact complete CC-CEDICT gloss; POS from ECDICT	humanitarian
interplay	相互作用	n.	tem8,toefl,ielts	CC-CEDICT CC BY-SA 4.0	2026-06 CC-CEDICT line 77854	xiang hu zuo yong	CC-CEDICT CC BY-SA 4.0	0	exact complete CC-CEDICT gloss; POS from ECDICT	interplay
inviolable	不可侵犯	adj.	tem4,tem8,ielts	CC-CEDICT CC BY-SA 4.0	2026-06 CC-CEDICT line 2298	bu ke qin fan	CC-CEDICT CC BY-SA 4.0	0	exact complete CC-CEDICT gloss; POS from ECDICT	inviolable
ironic	俏皮	adj.	tem4,tem8,toefl	CC-CEDICT CC BY-SA 4.0	2026-06 CC-CEDICT line 8085	qiao pi	Qingjian v0.1.4	496	exact complete CC-CEDICT gloss; POS from ECDICT	ironic
judicious	明智	adj.	tem8,toefl,ielts	CC-CEDICT CC BY-SA 4.0	2026-06 CC-CEDICT line 52973	ming zhi	Qingjian v0.1.4	1630	exact complete CC-CEDICT gloss; POS from ECDICT	judicious
mischievous	调皮	adj.	tem4,tem8,toefl	CC-CEDICT CC BY-SA 4.0	2026-06 CC-CEDICT line 101435	tiao pi	Qingjian v0.1.4	4827	exact complete CC-CEDICT gloss; POS from ECDICT	mischievous
neoclassical	新古典	adj.	tem8,toefl,ielts	CC-CEDICT CC BY-SA 4.0	2026-06 CC-CEDICT line 51813	xin gu dian	CC-CEDICT CC BY-SA 4.0	0	exact complete CC-CEDICT gloss; POS from ECDICT	neoclassical
newsletter	简讯	n.	tem8,toefl,ielts	CC-CEDICT CC BY-SA 4.0	2026-06 CC-CEDICT line 83589	jian xun	Qingjian v0.1.4	351	exact complete CC-CEDICT gloss; POS from ECDICT	newsletter
outright	纯属	adj.	tem8,toefl,ielts	CC-CEDICT CC BY-SA 4.0	2026-06 CC-CEDICT line 84863	chun shu	Qingjian v0.1.4	1646	exact complete CC-CEDICT gloss; POS from ECDICT	outright
overt	堂而皇之	adj.	cet6,tem8,toefl,ielts	CC-CEDICT CC BY-SA 4.0	2026-06 CC-CEDICT line 25990	tang er huang zhi	Qingjian v0.1.4	51	exact complete CC-CEDICT gloss; POS from ECDICT	overt
phenomenal	现象级	adj.	tem8,toefl,ielts	CC-CEDICT CC BY-SA 4.0	2026-06 CC-CEDICT line 73372	xian xiang ji	CC-CEDICT CC BY-SA 4.0	0	exact complete CC-CEDICT gloss; POS from ECDICT	phenomenal
physiological	生理性	adj.	cet6,tem8,toefl,ielts	CC-CEDICT CC BY-SA 4.0	2026-06 CC-CEDICT line 74445	sheng li xing	CC-CEDICT CC BY-SA 4.0	0	exact complete CC-CEDICT gloss; POS from ECDICT	physiological
posthumous	死后	adj.	tem8,toefl,ielts	CC-CEDICT CC BY-SA 4.0	2026-06 CC-CEDICT line 60951	si hou	CC-CEDICT CC BY-SA 4.0	0	exact complete CC-CEDICT gloss; POS from ECDICT	posthumous
predatory	掠食	adj.	tem8,toefl,ielts	CC-CEDICT CC BY-SA 4.0	2026-06 CC-CEDICT line 47735	lve shi	Qingjian v0.1.4	292	exact complete CC-CEDICT gloss; POS from ECDICT	predatory
prolific	多产	adj.	tem8,toefl,ielts	CC-CEDICT CC BY-SA 4.0	2026-06 CC-CEDICT line 27456	duo chan	CC-CEDICT CC BY-SA 4.0	0	exact complete CC-CEDICT gloss; POS from ECDICT	prolific
protective	保护性	adj.	cet4,cet6,tem4,tem8,toefl	CC-CEDICT CC BY-SA 4.0	2026-06 CC-CEDICT line 8242	bao hu xing	CC-CEDICT CC BY-SA 4.0	0	exact complete CC-CEDICT gloss; POS from ECDICT	protective
reassure	再保证	v.	cet6,tem8,toefl,ielts	CC-CEDICT CC BY-SA 4.0	2026-06 CC-CEDICT line 12356	zai bao zheng	CC-CEDICT CC BY-SA 4.0	0	exact complete CC-CEDICT gloss; POS from ECDICT	to reassure
reddish	带红色	adj.	tem4,tem8,toefl	CC-CEDICT CC BY-SA 4.0	2026-06 CC-CEDICT line 37444	dai hong se	CC-CEDICT CC BY-SA 4.0	0	exact complete CC-CEDICT gloss; POS from ECDICT	reddish
relentless	不辍	adj.	tem8,toefl,ielts	CC-CEDICT CC BY-SA 4.0	2026-06 CC-CEDICT line 2925	bu chuo	CC-CEDICT CC BY-SA 4.0	0	exact complete CC-CEDICT gloss; POS from ECDICT	relentless
scrupulous	心细	adj.	tem8,toefl,ielts	CC-CEDICT CC BY-SA 4.0	2026-06 CC-CEDICT line 40946	xin xi	Qingjian v0.1.4	144	exact complete CC-CEDICT gloss; POS from ECDICT	scrupulous
semantic	语义	adj.	tem8,toefl,ielts	CC-CEDICT CC BY-SA 4.0	2026-06 CC-CEDICT line 101132	yu yi	Qingjian v0.1.4	507	exact complete CC-CEDICT gloss; POS from ECDICT	semantic
sulky	闷闷不乐	adj.	tem4,tem8,toefl	CC-CEDICT CC BY-SA 4.0	2026-06 CC-CEDICT line 42182	men men bu le	Qingjian v0.1.4	90	exact complete CC-CEDICT gloss; POS from ECDICT	sulky
tacit	默示	adj.	tem8,toefl,ielts	CC-CEDICT CC BY-SA 4.0	2026-06 CC-CEDICT line 124273	mo shi	CC-CEDICT CC BY-SA 4.0	0	exact complete CC-CEDICT gloss; POS from ECDICT	tacit
theatrical	戏剧化	adj.	tem4,tem8,toefl	CC-CEDICT CC BY-SA 4.0	2026-06 CC-CEDICT line 44098	xi ju hua	CC-CEDICT CC BY-SA 4.0	0	exact complete CC-CEDICT gloss; POS from ECDICT	theatrical
acronym	缩略语	n.	tem8,toefl	CC-CEDICT CC BY-SA 4.0	2026-06 CC-CEDICT line 86758	suo lve yu	Qingjian v0.1.4	8	exact complete CC-CEDICT gloss; POS from ECDICT	acronym
afloat	浮着	adj.	tem8,toefl	CC-CEDICT CC BY-SA 4.0	2026-06 CC-CEDICT line 65149	fu zhe	CC-CEDICT CC BY-SA 4.0	0	exact complete CC-CEDICT gloss; POS from ECDICT	afloat
aimless	漫无目的	adj.	tem4,tem8	CC-CEDICT CC BY-SA 4.0	2026-06 CC-CEDICT line 67973	man wu mu di	CC-CEDICT CC BY-SA 4.0	0	exact complete CC-CEDICT gloss; POS from ECDICT	aimless
alluvial	冲积	adj.	toefl,ielts	CC-CEDICT CC BY-SA 4.0	2026-06 CC-CEDICT line 63257	chong ji	Qingjian v0.1.4	284	exact complete CC-CEDICT gloss; POS from ECDICT	alluvial
amiss	不对	adj.	tem4,tem8	CC-CEDICT CC BY-SA 4.0	2026-06 CC-CEDICT line 2439	bu dui	Qingjian v0.1.4	19562	exact complete CC-CEDICT gloss; POS from ECDICT	amiss
arboreal	树栖	adj.	toefl,ielts	CC-CEDICT CC BY-SA 4.0	2026-06 CC-CEDICT line 59283	shu qi	CC-CEDICT CC BY-SA 4.0	0	exact complete CC-CEDICT gloss; POS from ECDICT	arboreal
argumentative	好辩	adj.	tem4,tem8	CC-CEDICT CC BY-SA 4.0	2026-06 CC-CEDICT line 30199	hao bian	CC-CEDICT CC BY-SA 4.0	0	exact complete CC-CEDICT gloss; POS from ECDICT	argumentative
aristocratic	矜贵	adj.	tem8,toefl	CC-CEDICT CC BY-SA 4.0	2026-06 CC-CEDICT line 78842	jin gui	CC-CEDICT CC BY-SA 4.0	0	exact complete CC-CEDICT gloss; POS from ECDICT	aristocratic
athletic	矫捷	adj.	cet6,tem4,tem8	CC-CEDICT CC BY-SA 4.0	2026-06 CC-CEDICT line 79050	jiao jie	Qingjian v0.1.4	16	exact complete CC-CEDICT gloss; POS from ECDICT	athletic
avid	贪婪	adj.	tem8,toefl	CC-CEDICT CC BY-SA 4.0	2026-06 CC-CEDICT line 103130	tan lan	Qingjian v0.1.4	568	exact complete CC-CEDICT gloss; POS from ECDICT	avid
baggy	松松垮垮	adj.	tem4,tem8	KOReader dictionaries CC BY-SA 4.0	en-zh v1.2.0 source rank 2	song song kua kua	Qingjian v0.1.4	55	first gloss; matching POS and WordNet relation	source rank 2; COW synset=no; WordNet related=yes
baker	烘焙师	n.	tem4,tem8	CC-CEDICT CC BY-SA 4.0	2026-06 CC-CEDICT line 69579	hong bei shi	CC-CEDICT CC BY-SA 4.0	0	exact complete CC-CEDICT gloss; POS from ECDICT	baker
balmy	煦煦	adj.	tem8,toefl	CC-CEDICT CC BY-SA 4.0	2026-06 CC-CEDICT line 70373	xu xu	Qingjian v0.1.4	6	exact complete CC-CEDICT gloss; POS from ECDICT	balmy
blonde	金发	adj.	tem8,ielts	CC-CEDICT CC BY-SA 4.0	2026-06 CC-CEDICT line 111255	jin fa	Qingjian v0.1.4	626	exact complete CC-CEDICT gloss; POS from ECDICT	blonde
breathless	气喘喘	adj.	tem8,toefl	CC-CEDICT CC BY-SA 4.0	2026-06 CC-CEDICT line 61939	qi chuan chuan	CC-CEDICT CC BY-SA 4.0	0	exact complete CC-CEDICT gloss; POS from ECDICT	breathless
brotherly	兄弟	adj.	tem4,tem8	CC-CEDICT CC BY-SA 4.0	2026-06 CC-CEDICT line 10425	xiong di	Qingjian v0.1.4	26094	exact complete CC-CEDICT gloss; POS from ECDICT	brotherly
closely	紧紧	adv.	cet4,tem4,tem8	CC-CEDICT CC BY-SA 4.0	2026-06 CC-CEDICT line 86425	jin jin	CC-CEDICT CC BY-SA 4.0	0	exact complete CC-CEDICT gloss; POS from ECDICT	closely
cohesive	凝聚力	adj.	tem8,toefl	CC-CEDICT CC BY-SA 4.0	2026-06 CC-CEDICT line 12948	ning ju li	Qingjian v0.1.4	190	exact complete CC-CEDICT gloss; POS from ECDICT	cohesive
concentric	同心	adj.	tem8,toefl	CC-CEDICT CC BY-SA 4.0	2026-06 CC-CEDICT line 20097	tong xin	Qingjian v0.1.4	764	exact complete CC-CEDICT gloss; POS from ECDICT	concentric
concerted	协调	adj.	toefl,ielts	CC-CEDICT CC BY-SA 4.0	2026-06 CC-CEDICT line 17034	xie tiao	Qingjian v0.1.4	5062	exact complete CC-CEDICT gloss; POS from ECDICT	concerted
conical	锥形	adj.	tem4,tem8	CC-CEDICT CC BY-SA 4.0	2026-06 CC-CEDICT line 111989	zhui xing	Qingjian v0.1.4	363	exact complete CC-CEDICT gloss; POS from ECDICT	conical
constructive	建设性	adj.	cet4,tem8,toefl	CC-CEDICT CC BY-SA 4.0	2026-06 CC-CEDICT line 38940	jian she xing	CC-CEDICT CC BY-SA 4.0	0	exact complete CC-CEDICT gloss; POS from ECDICT	constructive
contagious	传染	adj.	tem4,toefl	CC-CEDICT CC BY-SA 4.0	2026-06 CC-CEDICT line 9775	chuan ran	Qingjian v0.1.4	2262	exact complete CC-CEDICT gloss; POS from ECDICT	contagious
convincing	使人信服	adj.	cet4,cet6,tem8,toefl	CC-CEDICT CC BY-SA 4.0	2026-06 CC-CEDICT line 7640	shi ren xin fu	CC-CEDICT CC BY-SA 4.0	0	exact complete CC-CEDICT gloss; POS from ECDICT	convincing
countable	可数	adj.	tem4,tem8	CC-CEDICT CC BY-SA 4.0	2026-06 CC-CEDICT line 19248	ke shu	CC-CEDICT CC BY-SA 4.0	0	exact complete CC-CEDICT gloss; POS from ECDICT	countable
creamy	香滑	adj.	tem4,tem8	CC-CEDICT CC BY-SA 4.0	2026-06 CC-CEDICT line 120295	xiang hua	CC-CEDICT CC BY-SA 4.0	0	exact complete CC-CEDICT gloss; POS from ECDICT	creamy
cyclic	循环性	adj.	tem8,toefl	CC-CEDICT CC BY-SA 4.0	2026-06 CC-CEDICT line 40479	xun huan xing	CC-CEDICT CC BY-SA 4.0	0	exact complete CC-CEDICT gloss; POS from ECDICT	cyclic
disagreeable	讨厌	adj.	tem8,toefl	CC-CEDICT CC BY-SA 4.0	2026-06 CC-CEDICT line 100359	tao yan	Qingjian v0.1.4	33989	exact complete CC-CEDICT gloss; POS from ECDICT	disagreeable
disinterested	无私	adj.	tem8,toefl	CC-CEDICT CC BY-SA 4.0	2026-06 CC-CEDICT line 69983	wu si	Qingjian v0.1.4	700	exact complete CC-CEDICT gloss; POS from ECDICT	disinterested
divergent	分歧	adj.	tem8,toefl	CC-CEDICT CC BY-SA 4.0	2026-06 CC-CEDICT line 13566	fen qi	Qingjian v0.1.4	1698	exact complete CC-CEDICT gloss; POS from ECDICT	divergent
dogmatic	教条	adj.	tem8,toefl	CC-CEDICT CC BY-SA 4.0	2026-06 CC-CEDICT line 50777	jiao tiao	Qingjian v0.1.4	327	exact complete CC-CEDICT gloss; POS from ECDICT	dogmatic
downhearted	感伤	adj.	tem8,toefl	CC-CEDICT CC BY-SA 4.0	2026-06 CC-CEDICT line 42861	gan shang	Qingjian v0.1.4	844	exact complete CC-CEDICT gloss; POS from ECDICT	downhearted
earthen	土制	adj.	tem8,toefl	CC-CEDICT CC BY-SA 4.0	2026-06 CC-CEDICT line 24891	tu zhi	CC-CEDICT CC BY-SA 4.0	0	exact complete CC-CEDICT gloss; POS from ECDICT	earthen
ecologist	生态学家	n.	tem8,toefl	CC-CEDICT CC BY-SA 4.0	2026-06 CC-CEDICT line 74312	sheng tai xue jia	CC-CEDICT CC BY-SA 4.0	0	exact complete CC-CEDICT gloss; POS from ECDICT	ecologist
engrossed	投入	adj.	tem4,toefl	CC-CEDICT CC BY-SA 4.0	2026-06 CC-CEDICT line 45478	tou ru	Qingjian v0.1.4	10116	exact complete CC-CEDICT gloss; POS from ECDICT	engrossed
enigmatic	莫测高深	adj.	tem8,toefl	CC-CEDICT CC BY-SA 4.0	2026-06 CC-CEDICT line 94201	mo ce gao shen	Qingjian v0.1.4	4	exact complete CC-CEDICT gloss; POS from ECDICT	enigmatic
environmentalist	环保主义者	n.	tem8,toefl	CC-CEDICT CC BY-SA 4.0	2026-06 CC-CEDICT line 73819	huan bao zhu yi zhe	CC-CEDICT CC BY-SA 4.0	0	exact complete CC-CEDICT gloss; POS from ECDICT	environmentalist
excitable	神经质	adj.	tem8,toefl	CC-CEDICT CC BY-SA 4.0	2026-06 CC-CEDICT line 80559	shen jing zhi	Qingjian v0.1.4	86	exact complete CC-CEDICT gloss; POS from ECDICT	excitable
exemplary	教科书式	adj.	cet6,tem8,toefl	CC-CEDICT CC BY-SA 4.0	2026-06 CC-CEDICT line 50792	jiao ke shu shi	CC-CEDICT CC BY-SA 4.0	0	exact complete CC-CEDICT gloss; POS from ECDICT	exemplary
exhilarating	来劲	adj.	tem8,toefl	CC-CEDICT CC BY-SA 4.0	2026-06 CC-CEDICT line 7692	lai jin	Qingjian v0.1.4	348	exact complete CC-CEDICT gloss; POS from ECDICT	exhilarating
extant	现存	adj.	tem8,toefl	CC-CEDICT CC BY-SA 4.0	2026-06 CC-CEDICT line 73345	xian cun	Qingjian v0.1.4	2554	exact complete CC-CEDICT gloss; POS from ECDICT	extant
fabulous	极好	adj.	toefl,ielts	CC-CEDICT CC BY-SA 4.0	2026-06 CC-CEDICT line 58583	ji hao	CC-CEDICT CC BY-SA 4.0	0	exact complete CC-CEDICT gloss; POS from ECDICT	fabulous
farsighted	远视	adj.	tem8,toefl	CC-CEDICT CC BY-SA 4.0	2026-06 CC-CEDICT line 108863	yuan shi	Qingjian v0.1.4	14	exact complete CC-CEDICT gloss; POS from ECDICT	farsighted
feverish	发热	adj.	tem8,toefl	CC-CEDICT CC BY-SA 4.0	2026-06 CC-CEDICT line 76257	fa re	Qingjian v0.1.4	1598	exact complete CC-CEDICT gloss; POS from ECDICT	feverish
florid	红润	adj.	tem8,toefl	CC-CEDICT CC BY-SA 4.0	2026-06 CC-CEDICT line 84555	hong run	Qingjian v0.1.4	160	exact complete CC-CEDICT gloss; POS from ECDICT	florid
gullible	可欺	adj.	tem4,tem8	CC-CEDICT CC BY-SA 4.0	2026-06 CC-CEDICT line 19260	ke qi	Qingjian v0.1.4	24	exact complete CC-CEDICT gloss; POS from ECDICT	gullible
gymnastic	体操	adj.	tem8,toefl	CC-CEDICT CC BY-SA 4.0	2026-06 CC-CEDICT line 121409	ti cao	Qingjian v0.1.4	1898	exact complete CC-CEDICT gloss; POS from ECDICT	gymnastic
horseman	骑师	n.	tem4,tem8	CC-CEDICT CC BY-SA 4.0	2026-06 CC-CEDICT line 120926	qi shi	Qingjian v0.1.4	803	exact complete CC-CEDICT gloss; POS from ECDICT	horseman
hypothetical	假设性	adj.	toefl,ielts	CC-CEDICT CC BY-SA 4.0	2026-06 CC-CEDICT line 9039	jia she xing	CC-CEDICT CC BY-SA 4.0	0	exact complete CC-CEDICT gloss; POS from ECDICT	hypothetical
impeccable	无懈可击	adj.	tem8,toefl	CC-CEDICT CC BY-SA 4.0	2026-06 CC-CEDICT line 69865	wu xie ke ji	Qingjian v0.1.4	157	exact complete CC-CEDICT gloss; POS from ECDICT	impeccable
impenetrable	密不透风	adj.	tem8,toefl	CC-CEDICT CC BY-SA 4.0	2026-06 CC-CEDICT line 33091	mi bu tou feng	Qingjian v0.1.4	21	exact complete CC-CEDICT gloss; POS from ECDICT	impenetrable
impertinent	不逊	adj.	tem8,toefl	CC-CEDICT CC BY-SA 4.0	2026-06 CC-CEDICT line 2954	bu xun	Qingjian v0.1.4	72	exact complete CC-CEDICT gloss; POS from ECDICT	impertinent
imprecise	不准确	adj.	toefl,ielts	CC-CEDICT CC BY-SA 4.0	2026-06 CC-CEDICT line 2657	bu zhun que	CC-CEDICT CC BY-SA 4.0	0	exact complete CC-CEDICT gloss; POS from ECDICT	imprecise
inadvertently	无意间	adv.	tem8,toefl	CC-CEDICT CC BY-SA 4.0	2026-06 CC-CEDICT line 69861	wu yi jian	Qingjian v0.1.4	707	exact complete CC-CEDICT gloss; POS from ECDICT	inadvertently
incomprehensible	费解	adj.	tem8,toefl	CC-CEDICT CC BY-SA 4.0	2026-06 CC-CEDICT line 103361	fei jie	Qingjian v0.1.4	351	exact complete CC-CEDICT gloss; POS from ECDICT	incomprehensible
inconceivable	不堪设想	adj.	tem8,toefl	CC-CEDICT CC BY-SA 4.0	2026-06 CC-CEDICT line 2385	bu kan she xiang	Qingjian v0.1.4	70	exact complete CC-CEDICT gloss; POS from ECDICT	inconceivable
indeterminate	不定	adj.	tem8,toefl	CC-CEDICT CC BY-SA 4.0	2026-06 CC-CEDICT line 2421	bu ding	Qingjian v0.1.4	1622	exact complete CC-CEDICT gloss; POS from ECDICT	indeterminate
insensitive	麻木	adj.	tem4,tem8	CC-CEDICT CC BY-SA 4.0	2026-06 CC-CEDICT line 123530	ma mu	Qingjian v0.1.4	94	exact complete CC-CEDICT gloss; POS from ECDICT	insensitive
insoluble	不溶	adj.	tem8,toefl	CC-CEDICT CC BY-SA 4.0	2026-06 CC-CEDICT line 2659	bu rong	CC-CEDICT CC BY-SA 4.0	0	exact complete CC-CEDICT gloss; POS from ECDICT	insoluble
instructive	教育性	adj.	tem8,toefl	CC-CEDICT CC BY-SA 4.0	2026-06 CC-CEDICT line 50808	jiao yu xing	CC-CEDICT CC BY-SA 4.0	0	exact complete CC-CEDICT gloss; POS from ECDICT	instructive
involuntary	无意识	adj.	tem8,toefl	CC-CEDICT CC BY-SA 4.0	2026-06 CC-CEDICT line 69860	wu yi shi	Qingjian v0.1.4	273	exact complete CC-CEDICT gloss; POS from ECDICT	involuntary
irreversible	不可挽回	adj.	cet6,tem8,toefl	CC-CEDICT CC BY-SA 4.0	2026-06 CC-CEDICT line 2313	bu ke wan hui	CC-CEDICT CC BY-SA 4.0	0	exact complete CC-CEDICT gloss; POS from ECDICT	irreversible
juicy	多水分	adj.	tem8,toefl	CC-CEDICT CC BY-SA 4.0	2026-06 CC-CEDICT line 27447	duo shui fen	CC-CEDICT CC BY-SA 4.0	0	exact complete CC-CEDICT gloss; POS from ECDICT	juicy
marmalade	果子酱	n.	tem4,tem8	CC-CEDICT CC BY-SA 4.0	2026-06 CC-CEDICT line 56756	guo zi jiang	Qingjian v0.1.4	1	exact complete CC-CEDICT gloss; POS from ECDICT	marmalade
metaphysical	超物理	adj.	tem8,toefl	CC-CEDICT CC BY-SA 4.0	2026-06 CC-CEDICT line 104463	chao wu li	CC-CEDICT CC BY-SA 4.0	0	exact complete CC-CEDICT gloss; POS from ECDICT	metaphysical
molten	融解	adj.	toefl,ielts	CC-CEDICT CC BY-SA 4.0	2026-06 CC-CEDICT line 97353	rong jie	Qingjian v0.1.4	10	exact complete CC-CEDICT gloss; POS from ECDICT	molten
negotiable	可转让	adj.	tem8,ielts	CC-CEDICT CC BY-SA 4.0	2026-06 CC-CEDICT line 19311	ke zhuan rang	CC-CEDICT CC BY-SA 4.0	0	exact complete CC-CEDICT gloss; POS from ECDICT	negotiable
neural	神经性	adj.	tem4,tem8	CC-CEDICT CC BY-SA 4.0	2026-06 CC-CEDICT line 80536	shen jing xing	CC-CEDICT CC BY-SA 4.0	0	exact complete CC-CEDICT gloss; POS from ECDICT	neural
nomadic	流浪	adj.	tem8,toefl	CC-CEDICT CC BY-SA 4.0	2026-06 CC-CEDICT line 64926	liu lang	Qingjian v0.1.4	7042	exact complete CC-CEDICT gloss; POS from ECDICT	nomadic
opulent	华靡	adj.	tem8,ielts	CC-CEDICT CC BY-SA 4.0	2026-06 CC-CEDICT line 94473	hua mi	CC-CEDICT CC BY-SA 4.0	0	exact complete CC-CEDICT gloss; POS from ECDICT	opulent
overly	过于	adv.	tem8,toefl	KOReader dictionaries CC BY-SA 4.0	en-zh v1.2.0 source rank 2	guo yu	Qingjian v0.1.4	3480	first gloss; matching POS and WordNet relation	source rank 2; COW synset=no; WordNet related=yes
perceptive	锐利	adj.	tem8,toefl	CC-CEDICT CC BY-SA 4.0	2026-06 CC-CEDICT line 111733	rui li	Qingjian v0.1.4	264	exact complete CC-CEDICT gloss; POS from ECDICT	perceptive
perishable	易变质	adj.	toefl,ielts	CC-CEDICT CC BY-SA 4.0	2026-06 CC-CEDICT line 53113	yi bian zhi	CC-CEDICT CC BY-SA 4.0	0	exact complete CC-CEDICT gloss; POS from ECDICT	perishable
polarize	两极化	v.	tem8,toefl	CC-CEDICT CC BY-SA 4.0	2026-06 CC-CEDICT line 11539	liang ji hua	CC-CEDICT CC BY-SA 4.0	0	exact complete CC-CEDICT gloss; POS from ECDICT	to polarize
polytechnic	专科学校	adj.	tem4,tem8	CC-CEDICT CC BY-SA 4.0	2026-06 CC-CEDICT line 34027	zhuan ke xue xiao	CC-CEDICT CC BY-SA 4.0	0	exact complete CC-CEDICT gloss; POS from ECDICT	polytechnic
pompous	浮夸	adj.	tem8,ielts	CC-CEDICT CC BY-SA 4.0	2026-06 CC-CEDICT line 65153	fu kua	Qingjian v0.1.4	1435	exact complete CC-CEDICT gloss; POS from ECDICT	pompous
populous	人口稠密	adj.	tem8,toefl	CC-CEDICT CC BY-SA 4.0	2026-06 CC-CEDICT line 5727	ren kou chou mi	CC-CEDICT CC BY-SA 4.0	0	exact complete CC-CEDICT gloss; POS from ECDICT	populous
porous	稀松	adj.	toefl,ielts	CC-CEDICT CC BY-SA 4.0	2026-06 CC-CEDICT line 81488	xi song	Qingjian v0.1.4	67	exact complete CC-CEDICT gloss; POS from ECDICT	porous
psychiatrist	精神科医生	n.	cet6,tem4,tem8	CC-CEDICT CC BY-SA 4.0	2026-06 CC-CEDICT line 84095	jing shen ke yi sheng	CC-CEDICT CC BY-SA 4.0	0	exact complete CC-CEDICT gloss; POS from ECDICT	psychiatrist
resilient	强韧	adj.	tem8,toefl	CC-CEDICT CC BY-SA 4.0	2026-06 CC-CEDICT line 39460	qiang ren	CC-CEDICT CC BY-SA 4.0	0	exact complete CC-CEDICT gloss; POS from ECDICT	resilient
rhythmical	跌宕	adj.	tem8,toefl	CC-CEDICT CC BY-SA 4.0	2026-06 CC-CEDICT line 104793	die dang	Qingjian v0.1.4	253	exact complete CC-CEDICT gloss; POS from ECDICT	rhythmical
sallow	焦黄	adj.	tem8,toefl	CC-CEDICT CC BY-SA 4.0	2026-06 CC-CEDICT line 70161	jiao huang	Qingjian v0.1.4	48	exact complete CC-CEDICT gloss; POS from ECDICT	sallow
scythe	钐刀	n.	tem4,tem8	CC-CEDICT CC BY-SA 4.0	2026-06 CC-CEDICT line 111371	shan dao	CC-CEDICT CC BY-SA 4.0	0	exact complete CC-CEDICT gloss; POS from ECDICT	scythe
sensual	肉感	adj.	tem8,toefl	CC-CEDICT CC BY-SA 4.0	2026-06 CC-CEDICT line 89687	rou gan	Qingjian v0.1.4	292	exact complete CC-CEDICT gloss; POS from ECDICT	sensual
simplistic	简易	adj.	toefl,ielts	CC-CEDICT CC BY-SA 4.0	2026-06 CC-CEDICT line 83559	jian yi	Qingjian v0.1.4	1939	exact complete CC-CEDICT gloss; POS from ECDICT	simplistic
soldierly	英武	adj.	tem4,tem8	CC-CEDICT CC BY-SA 4.0	2026-06 CC-CEDICT line 93597	ying wu	Qingjian v0.1.4	161	exact complete CC-CEDICT gloss; POS from ECDICT	soldierly
stanza	诗节	n.	tem8,toefl	CC-CEDICT CC BY-SA 4.0	2026-06 CC-CEDICT line 100856	shi jie	CC-CEDICT CC BY-SA 4.0	0	exact complete CC-CEDICT gloss; POS from ECDICT	stanza
starry	多星	adj.	tem4,tem8	CC-CEDICT CC BY-SA 4.0	2026-06 CC-CEDICT line 27425	duo xing	CC-CEDICT CC BY-SA 4.0	0	exact complete CC-CEDICT gloss; POS from ECDICT	starry
suicidal	自杀式	adj.	tem8,ielts	CC-CEDICT CC BY-SA 4.0	2026-06 CC-CEDICT line 91709	zi sha shi	CC-CEDICT CC BY-SA 4.0	0	exact complete CC-CEDICT gloss; POS from ECDICT	suicidal
synonymous	同义	adj.	tem8,toefl	CC-CEDICT CC BY-SA 4.0	2026-06 CC-CEDICT line 20173	tong yi	CC-CEDICT CC BY-SA 4.0	0	exact complete CC-CEDICT gloss; POS from ECDICT	synonymous
tepid	温热	adj.	tem8,toefl	CC-CEDICT CC BY-SA 4.0	2026-06 CC-CEDICT line 67209	wen re	Qingjian v0.1.4	149	exact complete CC-CEDICT gloss; POS from ECDICT	tepid
theological	神学	adj.	tem8,toefl	CC-CEDICT CC BY-SA 4.0	2026-06 CC-CEDICT line 80457	shen xue	Qingjian v0.1.4	1115	exact complete CC-CEDICT gloss; POS from ECDICT	theological
tractable	驯善	adj.	tem8,toefl	CC-CEDICT CC BY-SA 4.0	2026-06 CC-CEDICT line 120738	xun shan	CC-CEDICT CC BY-SA 4.0	0	exact complete CC-CEDICT gloss; POS from ECDICT	tractable
unbecoming	不雅观	adj.	tem8,toefl	CC-CEDICT CC BY-SA 4.0	2026-06 CC-CEDICT line 2973	bu ya guan	CC-CEDICT CC BY-SA 4.0	0	exact complete CC-CEDICT gloss; POS from ECDICT	unbecoming
unconvincing	疑惑	adj.	toefl,ielts	CC-CEDICT CC BY-SA 4.0	2026-06 CC-CEDICT line 75558	yi huo	Qingjian v0.1.4	1010	exact complete CC-CEDICT gloss; POS from ECDICT	unconvincing
underclass	下级	n.	tem4,tem8	CC-CEDICT CC BY-SA 4.0	2026-06 CC-CEDICT line 2035	xia ji	Qingjian v0.1.4	382	exact complete CC-CEDICT gloss; POS from ECDICT	underclass
underdeveloped	后进	adj.	tem8,toefl	CC-CEDICT CC BY-SA 4.0	2026-06 CC-CEDICT line 40119	hou jin	Qingjian v0.1.4	224	exact complete CC-CEDICT gloss; POS from ECDICT	underdeveloped
underlying	基本	adj.	cet6,toefl,ielts	KOReader dictionaries CC BY-SA 4.0	en-zh v1.2.0 source rank 2	ji ben	Qingjian v0.1.4	25415	first gloss; matching POS and WordNet relation	source rank 2; COW synset=no; WordNet related=yes
ungainly	不雅观	adj.	tem8,ielts	CC-CEDICT CC BY-SA 4.0	2026-06 CC-CEDICT line 2973	bu ya guan	CC-CEDICT CC BY-SA 4.0	0	exact complete CC-CEDICT gloss; POS from ECDICT	ungainly
unobtrusive	素净	adj.	tem8,ielts	CC-CEDICT CC BY-SA 4.0	2026-06 CC-CEDICT line 85016	su jing	Qingjian v0.1.4	24	exact complete CC-CEDICT gloss; POS from ECDICT	unobtrusive
unoccupied	闲暇	adj.	tem8,toefl	CC-CEDICT CC BY-SA 4.0	2026-06 CC-CEDICT line 113656	xian xia	Qingjian v0.1.4	289	exact complete CC-CEDICT gloss; POS from ECDICT	unoccupied
unpalatable	难吃	adj.	tem8,toefl	CC-CEDICT CC BY-SA 4.0	2026-06 CC-CEDICT line 116370	nan chi	Qingjian v0.1.4	4966	exact complete CC-CEDICT gloss; POS from ECDICT	unpalatable
untidy	错落	adj.	tem4,tem8	CC-CEDICT CC BY-SA 4.0	2026-06 CC-CEDICT line 112134	cuo luo	Qingjian v0.1.4	38	exact complete CC-CEDICT gloss; POS from ECDICT	untidy
violently	横加	adv.	cet6,tem4,toefl	CC-CEDICT CC BY-SA 4.0	2026-06 CC-CEDICT line 59558	heng jia	Qingjian v0.1.4	30	exact complete CC-CEDICT gloss; POS from ECDICT	violently
viral	病毒性	adj.	tem8,toefl	CC-CEDICT CC BY-SA 4.0	2026-06 CC-CEDICT line 75710	bing du xing	CC-CEDICT CC BY-SA 4.0	0	exact complete CC-CEDICT gloss; POS from ECDICT	viral
zealot	发烧友	n.	tem8,toefl	CC-CEDICT CC BY-SA 4.0	2026-06 CC-CEDICT line 76260	fa shao you	Qingjian v0.1.4	40	exact complete CC-CEDICT gloss; POS from ECDICT	zealot
acclaimed	驰誉	v.	toefl	CC-CEDICT CC BY-SA 4.0	2026-06 CC-CEDICT line 120730	chi yu	Qingjian v0.1.4	1	exact complete CC-CEDICT gloss; POS from ECDICT	acclaimed
accommodating	圆通	adj.	toefl	CC-CEDICT CC BY-SA 4.0	2026-06 CC-CEDICT line 24666	yuan tong	Qingjian v0.1.4	535	exact complete CC-CEDICT gloss; POS from ECDICT	accommodating
accompanying	随同	adj.	toefl	CC-CEDICT CC BY-SA 4.0	2026-06 CC-CEDICT line 115385	sui tong	Qingjian v0.1.4	426	exact complete CC-CEDICT gloss; POS from ECDICT	accompanying
alternately	交互	adv.	toefl	CC-CEDICT CC BY-SA 4.0	2026-06 CC-CEDICT line 5378	jiao hu	Qingjian v0.1.4	661	exact complete CC-CEDICT gloss; POS from ECDICT	alternately
amazed	惊讶	adj.	toefl	CC-CEDICT CC BY-SA 4.0	2026-06 CC-CEDICT line 121176	jing ya	Qingjian v0.1.4	2734	exact complete CC-CEDICT gloss; POS from ECDICT	amazed
ambidextrous	左右共利	adj.	toefl	CC-CEDICT CC BY-SA 4.0	2026-06 CC-CEDICT line 36516	zuo you gong li	CC-CEDICT CC BY-SA 4.0	0	exact complete CC-CEDICT gloss; POS from ECDICT	ambidextrous
antagonistic	对抗性	adj.	toefl	CC-CEDICT CC BY-SA 4.0	2026-06 CC-CEDICT line 34202	dui kang xing	Qingjian v0.1.4	33	exact complete CC-CEDICT gloss; POS from ECDICT	antagonistic
architectural	建筑学	adj.	toefl	CC-CEDICT CC BY-SA 4.0	2026-06 CC-CEDICT line 38928	jian zhu xue	CC-CEDICT CC BY-SA 4.0	0	exact complete CC-CEDICT gloss; POS from ECDICT	architectural
artful	刁滑	adj.	tem8	CC-CEDICT CC BY-SA 4.0	2026-06 CC-CEDICT line 13432	diao hua	Qingjian v0.1.4	13	exact complete CC-CEDICT gloss; POS from ECDICT	artful
auditory	听觉	adj.	toefl	CC-CEDICT CC BY-SA 4.0	2026-06 CC-CEDICT line 89587	ting jue	Qingjian v0.1.4	437	exact complete CC-CEDICT gloss; POS from ECDICT	auditory
automated	自控	adj.	toefl	CC-CEDICT CC BY-SA 4.0	2026-06 CC-CEDICT line 91694	zi kong	Qingjian v0.1.4	223	exact complete CC-CEDICT gloss; POS from ECDICT	automated
baltic	波罗的	adj.	toefl	CC-CEDICT CC BY-SA 4.0	2026-06 CC-CEDICT line 64107	bo luo di	CC-CEDICT CC BY-SA 4.0	0	exact complete CC-CEDICT gloss; POS from ECDICT	baltic
birthright	生有权	n.	toefl	CC-CEDICT CC BY-SA 4.0	2026-06 CC-CEDICT line 74335	sheng you quan	CC-CEDICT CC BY-SA 4.0	0	exact complete CC-CEDICT gloss; POS from ECDICT	birthright
bombastic	虚夸	adj.	toefl	CC-CEDICT CC BY-SA 4.0	2026-06 CC-CEDICT line 96752	xu kua	Qingjian v0.1.4	4	exact complete CC-CEDICT gloss; POS from ECDICT	bombastic
booking	预约	n.	ielts	CC-CEDICT CC BY-SA 4.0	2026-06 CC-CEDICT line 118602	yu yue	Qingjian v0.1.4	4807	exact complete CC-CEDICT gloss; POS from ECDICT	booking
booming	炽盛	adj.	ielts	CC-CEDICT CC BY-SA 4.0	2026-06 CC-CEDICT line 70798	chi sheng	CC-CEDICT CC BY-SA 4.0	0	exact complete CC-CEDICT gloss; POS from ECDICT	booming
brazen	大胆	adj.	ielts	CC-CEDICT CC BY-SA 4.0	2026-06 CC-CEDICT line 28387	da dan	Qingjian v0.1.4	3637	exact complete CC-CEDICT gloss; POS from ECDICT	brazen
burger	汉堡	n.	ielts	KOReader dictionaries CC BY-SA 4.0	en-zh v1.2.0 source rank 2	han bao	Qingjian v0.1.4	4101	first gloss; matching POS and WordNet relation	source rank 2; COW synset=no; WordNet related=yes
buzzword	热词	n.	tem8	CC-CEDICT CC BY-SA 4.0	2026-06 CC-CEDICT line 70758	re ci	CC-CEDICT CC BY-SA 4.0	0	exact complete CC-CEDICT gloss; POS from ECDICT	buzzword
calamitous	晦气	adj.	toefl	CC-CEDICT CC BY-SA 4.0	2026-06 CC-CEDICT line 53608	hui qi	Qingjian v0.1.4	204	exact complete CC-CEDICT gloss; POS from ECDICT	calamitous
calculating	处心积虑	adj.	tem8	CC-CEDICT CC BY-SA 4.0	2026-06 CC-CEDICT line 96658	chu xin ji lv	Qingjian v0.1.4	75	exact complete CC-CEDICT gloss; POS from ECDICT	calculating
carbonic	含碳	adj.	toefl	CC-CEDICT CC BY-SA 4.0	2026-06 CC-CEDICT line 20572	han tan	CC-CEDICT CC BY-SA 4.0	0	exact complete CC-CEDICT gloss; POS from ECDICT	carbonic
cellist	大提琴手	n.	toefl	CC-CEDICT CC BY-SA 4.0	2026-06 CC-CEDICT line 28034	da ti qin shou	CC-CEDICT CC BY-SA 4.0	0	exact complete CC-CEDICT gloss; POS from ECDICT	cellist
centrist	中立派	n.	tem8	CC-CEDICT CC BY-SA 4.0	2026-06 CC-CEDICT line 3679	zhong li pai	CC-CEDICT CC BY-SA 4.0	0	exact complete CC-CEDICT gloss; POS from ECDICT	centrist
cheep	吱声	v.	toefl	CC-CEDICT CC BY-SA 4.0	2026-06 CC-CEDICT line 20609	zhi sheng	Qingjian v0.1.4	242	exact complete CC-CEDICT gloss; POS from ECDICT	to cheep
chilled	拔凉拔凉	adj.	toefl	CC-CEDICT CC BY-SA 4.0	2026-06 CC-CEDICT line 46319	ba liang ba liang	CC-CEDICT CC BY-SA 4.0	0	exact complete CC-CEDICT gloss; POS from ECDICT	chilled
choreographer	编舞	n.	toefl	CC-CEDICT CC BY-SA 4.0	2026-06 CC-CEDICT line 86578	bian wu	Qingjian v0.1.4	770	exact complete CC-CEDICT gloss; POS from ECDICT	choreographer
circuitous	迂回	adj.	toefl	CC-CEDICT CC BY-SA 4.0	2026-06 CC-CEDICT line 106821	yu hui	Qingjian v0.1.4	324	exact complete CC-CEDICT gloss; POS from ECDICT	circuitous
circulatory	循环性	adj.	toefl	CC-CEDICT CC BY-SA 4.0	2026-06 CC-CEDICT line 40479	xun huan xing	CC-CEDICT CC BY-SA 4.0	0	exact complete CC-CEDICT gloss; POS from ECDICT	circulatory
cities	城邑	n.	ielts	CC-CEDICT CC BY-SA 4.0	2026-06 CC-CEDICT line 25717	cheng yi	CC-CEDICT CC BY-SA 4.0	0	exact complete CC-CEDICT gloss; POS from ECDICT	cities
commensurate	同量	adj.	tem8	CC-CEDICT CC BY-SA 4.0	2026-06 CC-CEDICT line 20208	tong liang	CC-CEDICT CC BY-SA 4.0	0	exact complete CC-CEDICT gloss; POS from ECDICT	commensurate
compulsive	强迫性	adj.	toefl	CC-CEDICT CC BY-SA 4.0	2026-06 CC-CEDICT line 39452	qiang po xing	CC-CEDICT CC BY-SA 4.0	0	exact complete CC-CEDICT gloss; POS from ECDICT	compulsive
confidentially	私底下	adv.	tem4	CC-CEDICT CC BY-SA 4.0	2026-06 CC-CEDICT line 81056	si di xia	CC-CEDICT CC BY-SA 4.0	0	exact complete CC-CEDICT gloss; POS from ECDICT	confidentially
connective	合取	adj.	toefl	CC-CEDICT CC BY-SA 4.0	2026-06 CC-CEDICT line 19742	he qu	CC-CEDICT CC BY-SA 4.0	0	exact complete CC-CEDICT gloss; POS from ECDICT	connective
contiguous	连片	adj.	toefl	CC-CEDICT CC BY-SA 4.0	2026-06 CC-CEDICT line 107925	lian pian	CC-CEDICT CC BY-SA 4.0	0	exact complete CC-CEDICT gloss; POS from ECDICT	contiguous
convinced	心折	adj.	toefl	CC-CEDICT CC BY-SA 4.0	2026-06 CC-CEDICT line 40869	xin zhe	CC-CEDICT CC BY-SA 4.0	0	exact complete CC-CEDICT gloss; POS from ECDICT	convinced
cookout	野炊	n.	toefl	CC-CEDICT CC BY-SA 4.0	2026-06 CC-CEDICT line 110844	ye chui	Qingjian v0.1.4	123	exact complete CC-CEDICT gloss; POS from ECDICT	cookout
coronation	加冕	n.	tem8	CC-CEDICT CC BY-SA 4.0	2026-06 CC-CEDICT line 15200	jia mian	Qingjian v0.1.4	814	exact complete CC-CEDICT gloss; POS from ECDICT	coronation
corrugated	瓦楞	adj.	tem8	CC-CEDICT CC BY-SA 4.0	2026-06 CC-CEDICT line 74010	wa leng	Qingjian v0.1.4	34	exact complete CC-CEDICT gloss; POS from ECDICT	corrugated
cramped	局促	adj.	toefl	CC-CEDICT CC BY-SA 4.0	2026-06 CC-CEDICT line 7954	ju cu	Qingjian v0.1.4	43	exact complete CC-CEDICT gloss; POS from ECDICT	cramped
cyclical	循环性	adj.	tem8	CC-CEDICT CC BY-SA 4.0	2026-06 CC-CEDICT line 40479	xun huan xing	CC-CEDICT CC BY-SA 4.0	0	exact complete CC-CEDICT gloss; POS from ECDICT	cyclical
cylindrical	圆柱形	adj.	toefl	CC-CEDICT CC BY-SA 4.0	2026-06 CC-CEDICT line 24637	yuan zhu xing	CC-CEDICT CC BY-SA 4.0	0	exact complete CC-CEDICT gloss; POS from ECDICT	cylindrical
dapper	衣冠楚楚	adj.	tem8	CC-CEDICT CC BY-SA 4.0	2026-06 CC-CEDICT line 98248	yi guan chu chu	Qingjian v0.1.4	12	exact complete CC-CEDICT gloss; POS from ECDICT	dapper
deciduous	落叶	adj.	toefl	CC-CEDICT CC BY-SA 4.0	2026-06 CC-CEDICT line 94891	luo ye	Qingjian v0.1.4	1069	exact complete CC-CEDICT gloss; POS from ECDICT	deciduous
decorous	本本分分	adj.	tem8	CC-CEDICT CC BY-SA 4.0	2026-06 CC-CEDICT line 55732	ben ben fen fen	CC-CEDICT CC BY-SA 4.0	0	exact complete CC-CEDICT gloss; POS from ECDICT	decorous
degenerative	退行性	adj.	toefl	CC-CEDICT CC BY-SA 4.0	2026-06 CC-CEDICT line 107266	tui xing xing	CC-CEDICT CC BY-SA 4.0	0	exact complete CC-CEDICT gloss; POS from ECDICT	degenerative
dehydrated	脱水	adj.	toefl	CC-CEDICT CC BY-SA 4.0	2026-06 CC-CEDICT line 90554	tuo shui	Qingjian v0.1.4	210	exact complete CC-CEDICT gloss; POS from ECDICT	dehydrated
demeaning	失身分	adj.	tem8	CC-CEDICT CC BY-SA 4.0	2026-06 CC-CEDICT line 29357	shi shen fen	CC-CEDICT CC BY-SA 4.0	0	exact complete CC-CEDICT gloss; POS from ECDICT	demeaning
demonic	天魔	adj.	tem8	CC-CEDICT CC BY-SA 4.0	2026-06 CC-CEDICT line 29029	tian mo	CC-CEDICT CC BY-SA 4.0	0	exact complete CC-CEDICT gloss; POS from ECDICT	demonic
demure	假正经	adj.	tem8	CC-CEDICT CC BY-SA 4.0	2026-06 CC-CEDICT line 9019	jia zheng jing	Qingjian v0.1.4	89	exact complete CC-CEDICT gloss; POS from ECDICT	demure
detractor	批评者	n.	toefl	CC-CEDICT CC BY-SA 4.0	2026-06 CC-CEDICT line 45178	pi ping zhe	CC-CEDICT CC BY-SA 4.0	0	exact complete CC-CEDICT gloss; POS from ECDICT	detractor
dialectical	辩证	adj.	tem8	CC-CEDICT CC BY-SA 4.0	2026-06 CC-CEDICT line 106705	bian zheng	Qingjian v0.1.4	238	exact complete CC-CEDICT gloss; POS from ECDICT	dialectical
dictatorial	独断	adj.	toefl	CC-CEDICT CC BY-SA 4.0	2026-06 CC-CEDICT line 72587	du duan	Qingjian v0.1.4	55	exact complete CC-CEDICT gloss; POS from ECDICT	dictatorial
dietitian	营养师	n.	toefl	CC-CEDICT CC BY-SA 4.0	2026-06 CC-CEDICT line 71030	ying yang shi	CC-CEDICT CC BY-SA 4.0	0	exact complete CC-CEDICT gloss; POS from ECDICT	dietitian
diffident	心虚	adj.	tem8	CC-CEDICT CC BY-SA 4.0	2026-06 CC-CEDICT line 40986	xin xu	Qingjian v0.1.4	1075	exact complete CC-CEDICT gloss; POS from ECDICT	diffident
diphthong	二重母音	n.	tem8	CC-CEDICT CC BY-SA 4.0	2026-06 CC-CEDICT line 4911	er chong mu yin	CC-CEDICT CC BY-SA 4.0	0	exact complete CC-CEDICT gloss; POS from ECDICT	diphthong
directional	定向	adj.	toefl	CC-CEDICT CC BY-SA 4.0	2026-06 CC-CEDICT line 32420	ding xiang	Qingjian v0.1.4	603	exact complete CC-CEDICT gloss; POS from ECDICT	directional
discourteous	失仪	adj.	ielts	CC-CEDICT CC BY-SA 4.0	2026-06 CC-CEDICT line 29257	shi yi	CC-CEDICT CC BY-SA 4.0	0	exact complete CC-CEDICT gloss; POS from ECDICT	discourteous
discursive	漫无边际	adj.	tem8	CC-CEDICT CC BY-SA 4.0	2026-06 CC-CEDICT line 67974	man wu bian ji	Qingjian v0.1.4	13	exact complete CC-CEDICT gloss; POS from ECDICT	discursive
disjointed	断断续续	adj.	tem8	CC-CEDICT CC BY-SA 4.0	2026-06 CC-CEDICT line 52119	duan duan xu xu	Qingjian v0.1.4	635	exact complete CC-CEDICT gloss; POS from ECDICT	disjointed
disloyal	违心	adj.	tem8	CC-CEDICT CC BY-SA 4.0	2026-06 CC-CEDICT line 108719	wei xin	Qingjian v0.1.4	551	exact complete CC-CEDICT gloss; POS from ECDICT	disloyal
disreputable	不名誉	adj.	toefl	CC-CEDICT CC BY-SA 4.0	2026-06 CC-CEDICT line 2350	bu ming yu	CC-CEDICT CC BY-SA 4.0	0	exact complete CC-CEDICT gloss; POS from ECDICT	disreputable
dissenter	异议者	n.	toefl	CC-CEDICT CC BY-SA 4.0	2026-06 CC-CEDICT line 75324	yi yi zhe	CC-CEDICT CC BY-SA 4.0	0	exact complete CC-CEDICT gloss; POS from ECDICT	dissenter
dizzying	头昏脑眩	adj.	toefl	CC-CEDICT CC BY-SA 4.0	2026-06 CC-CEDICT line 118830	tou hun nao xuan	CC-CEDICT CC BY-SA 4.0	0	exact complete CC-CEDICT gloss; POS from ECDICT	dizzying
documents	公事	n.	ielts	CC-CEDICT CC BY-SA 4.0	2026-06 CC-CEDICT line 11745	gong shi	Qingjian v0.1.4	469	exact complete CC-CEDICT gloss; POS from ECDICT	documents
dorsal	舌根	adj.	toefl	CC-CEDICT CC BY-SA 4.0	2026-06 CC-CEDICT line 92388	she gen	Qingjian v0.1.4	29	exact complete CC-CEDICT gloss; POS from ECDICT	dorsal
draughtsman	起造员	n.	tem8	CC-CEDICT CC BY-SA 4.0	2026-06 CC-CEDICT line 104378	qi zao yuan	CC-CEDICT CC BY-SA 4.0	0	exact complete CC-CEDICT gloss; POS from ECDICT	draughtsman
dungarees	背带裤	n.	tem8	CC-CEDICT CC BY-SA 4.0	2026-06 CC-CEDICT line 90067	bei dai ku	Qingjian v0.1.4	597	exact complete CC-CEDICT gloss; POS from ECDICT	dungarees
duties	职务	n.	ielts	CC-CEDICT CC BY-SA 4.0	2026-06 CC-CEDICT line 89501	zhi wu	Qingjian v0.1.4	8631	exact complete CC-CEDICT gloss; POS from ECDICT	duties
earthy	质朴	adj.	tem8	CC-CEDICT CC BY-SA 4.0	2026-06 CC-CEDICT line 103771	zhi pu	Qingjian v0.1.4	246	exact complete CC-CEDICT gloss; POS from ECDICT	earthy
electrocute	电死	v.	tem8	CC-CEDICT CC BY-SA 4.0	2026-06 CC-CEDICT line 116913	dian si	CC-CEDICT CC BY-SA 4.0	0	exact complete CC-CEDICT gloss; POS from ECDICT	to electrocute
enthusiastically	踊跃	adv.	toefl	CC-CEDICT CC BY-SA 4.0	2026-06 CC-CEDICT line 105241	yong yue	Qingjian v0.1.4	142	exact complete CC-CEDICT gloss; POS from ECDICT	enthusiastically
environmentalism	环保主义	n.	tem8	CC-CEDICT CC BY-SA 4.0	2026-06 CC-CEDICT line 73818	huan bao zhu yi	CC-CEDICT CC BY-SA 4.0	0	exact complete CC-CEDICT gloss; POS from ECDICT	environmentalism
errant	飘忽不定	adj.	tem8	CC-CEDICT CC BY-SA 4.0	2026-06 CC-CEDICT line 119444	piao hu bu ding	Qingjian v0.1.4	122	exact complete CC-CEDICT gloss; POS from ECDICT	errant
ethnology	民族学	n.	toefl	CC-CEDICT CC BY-SA 4.0	2026-06 CC-CEDICT line 61809	min zu xue	CC-CEDICT CC BY-SA 4.0	0	exact complete CC-CEDICT gloss; POS from ECDICT	ethnology
eukaryotic	真核	adj.	toefl	CC-CEDICT CC BY-SA 4.0	2026-06 CC-CEDICT line 78268	zhen he	CC-CEDICT CC BY-SA 4.0	0	exact complete CC-CEDICT gloss; POS from ECDICT	eukaryotic
exacting	费工夫	adj.	toefl	CC-CEDICT CC BY-SA 4.0	2026-06 CC-CEDICT line 103339	fei gong fu	CC-CEDICT CC BY-SA 4.0	0	exact complete CC-CEDICT gloss; POS from ECDICT	exacting
exogenous	外源	adj.	toefl	CC-CEDICT CC BY-SA 4.0	2026-06 CC-CEDICT line 27195	wai yuan	CC-CEDICT CC BY-SA 4.0	0	exact complete CC-CEDICT gloss; POS from ECDICT	exogenous
exploitative	吃人	adj.	ielts	CC-CEDICT CC BY-SA 4.0	2026-06 CC-CEDICT line 19556	chi ren	CC-CEDICT CC BY-SA 4.0	0	exact complete CC-CEDICT gloss; POS from ECDICT	exploitative
extemporaneous	即兴	adj.	toefl	CC-CEDICT CC BY-SA 4.0	2026-06 CC-CEDICT line 17765	ji xing	Qingjian v0.1.4	926	exact complete CC-CEDICT gloss; POS from ECDICT	extemporaneous
extremism	极端主义	n.	tem8	CC-CEDICT CC BY-SA 4.0	2026-06 CC-CEDICT line 58608	ji duan zhu yi	CC-CEDICT CC BY-SA 4.0	0	exact complete CC-CEDICT gloss; POS from ECDICT	extremism
favored	受惠	adj.	toefl	CC-CEDICT CC BY-SA 4.0	2026-06 CC-CEDICT line 18630	shou hui	Qingjian v0.1.4	334	exact complete CC-CEDICT gloss; POS from ECDICT	favored
feckless	碌碌无为	adj.	tem8	CC-CEDICT CC BY-SA 4.0	2026-06 CC-CEDICT line 79700	lu lu wu wei	Qingjian v0.1.4	282	exact complete CC-CEDICT gloss; POS from ECDICT	feckless
fibrous	纤维状	adj.	toefl	CC-CEDICT CC BY-SA 4.0	2026-06 CC-CEDICT line 87252	xian wei zhuang	CC-CEDICT CC BY-SA 4.0	0	exact complete CC-CEDICT gloss; POS from ECDICT	fibrous
fiddly	烦琐	adj.	tem8	CC-CEDICT CC BY-SA 4.0	2026-06 CC-CEDICT line 70443	fan suo	CC-CEDICT CC BY-SA 4.0	0	exact complete CC-CEDICT gloss; POS from ECDICT	fiddly
fiendish	凶恶	adj.	tem8	CC-CEDICT CC BY-SA 4.0	2026-06 CC-CEDICT line 10491	xiong e	Qingjian v0.1.4	218	exact complete CC-CEDICT gloss; POS from ECDICT	fiendish
figuratively	比喻	adv.	toefl	CC-CEDICT CC BY-SA 4.0	2026-06 CC-CEDICT line 61496	bi yu	Qingjian v0.1.4	1777	exact complete CC-CEDICT gloss; POS from ECDICT	figuratively
finicky	娇气	adj.	tem8	CC-CEDICT CC BY-SA 4.0	2026-06 CC-CEDICT line 31162	jiao qi	Qingjian v0.1.4	400	exact complete CC-CEDICT gloss; POS from ECDICT	finicky
floe	浮冰	n.	toefl	KOReader dictionaries CC BY-SA 4.0	en-zh v1.2.0 source rank 1	fu bing	Qingjian v0.1.4	100	first gloss; matching POS and WordNet relation	source rank 1; COW synset=no; WordNet related=yes
flyleaf	扉页	n.	tem8	CC-CEDICT CC BY-SA 4.0	2026-06 CC-CEDICT line 44339	fei ye	Qingjian v0.1.4	63	exact complete CC-CEDICT gloss; POS from ECDICT	flyleaf
foolproof	傻瓜式	adj.	tem8	CC-CEDICT CC BY-SA 4.0	2026-06 CC-CEDICT line 9942	sha gua shi	CC-CEDICT CC BY-SA 4.0	0	exact complete CC-CEDICT gloss; POS from ECDICT	foolproof
formalized	形式化	v.	toefl	CC-CEDICT CC BY-SA 4.0	2026-06 CC-CEDICT line 39645	xing shi hua	CC-CEDICT CC BY-SA 4.0	0	exact complete CC-CEDICT gloss; POS from ECDICT	formalized
frosty	霜白	adj.	tem8	CC-CEDICT CC BY-SA 4.0	2026-06 CC-CEDICT line 117224	shuang bai	CC-CEDICT CC BY-SA 4.0	0	exact complete CC-CEDICT gloss; POS from ECDICT	frosty
furry	毛绒绒	adj.	toefl	CC-CEDICT CC BY-SA 4.0	2026-06 CC-CEDICT line 61640	mao rong rong	CC-CEDICT CC BY-SA 4.0	0	exact complete CC-CEDICT gloss; POS from ECDICT	furry
gauche	别扭	adj.	toefl	CC-CEDICT CC BY-SA 4.0	2026-06 CC-CEDICT line 39474	bie niu	Qingjian v0.1.4	1578	exact complete CC-CEDICT gloss; POS from ECDICT	gauche
genuinely	真真	adv.	toefl	CC-CEDICT CC BY-SA 4.0	2026-06 CC-CEDICT line 78289	zhen zhen	CC-CEDICT CC BY-SA 4.0	0	exact complete CC-CEDICT gloss; POS from ECDICT	genuinely
gingham	格子棉布	n.	toefl	CC-CEDICT CC BY-SA 4.0	2026-06 CC-CEDICT line 57504	ge zi mian bu	CC-CEDICT CC BY-SA 4.0	0	exact complete CC-CEDICT gloss; POS from ECDICT	gingham
glistening	亮晶晶	adj.	tem8	CC-CEDICT CC BY-SA 4.0	2026-06 CC-CEDICT line 5645	liang jing jing	Qingjian v0.1.4	423	exact complete CC-CEDICT gloss; POS from ECDICT	glistening
guileless	无罪	adj.	toefl	CC-CEDICT CC BY-SA 4.0	2026-06 CC-CEDICT line 70026	wu zui	Qingjian v0.1.4	1095	exact complete CC-CEDICT gloss; POS from ECDICT	guileless
handpicked	精选	adj.	tem8	CC-CEDICT CC BY-SA 4.0	2026-06 CC-CEDICT line 84140	jing xuan	Qingjian v0.1.4	1563	exact complete CC-CEDICT gloss; POS from ECDICT	handpicked
haphazardly	没头没脸	adv.	toefl	CC-CEDICT CC BY-SA 4.0	2026-06 CC-CEDICT line 63226	mei tou mei lian	CC-CEDICT CC BY-SA 4.0	0	exact complete CC-CEDICT gloss; POS from ECDICT	haphazardly
haunted	作祟	adj.	toefl	CC-CEDICT CC BY-SA 4.0	2026-06 CC-CEDICT line 7507	zuo sui	Qingjian v0.1.4	309	exact complete CC-CEDICT gloss; POS from ECDICT	haunted
hawker	小贩	n.	tem8	CC-CEDICT CC BY-SA 4.0	2026-06 CC-CEDICT line 34767	xiao fan	Qingjian v0.1.4	502	exact complete CC-CEDICT gloss; POS from ECDICT	hawker
healer	医家	n.	toefl	CC-CEDICT CC BY-SA 4.0	2026-06 CC-CEDICT line 110421	yi jia	CC-CEDICT CC BY-SA 4.0	0	exact complete CC-CEDICT gloss; POS from ECDICT	healer
hereto	在此	adv.	tem8	CC-CEDICT CC BY-SA 4.0	2026-06 CC-CEDICT line 24965	zai ci	Qingjian v0.1.4	13722	exact complete CC-CEDICT gloss; POS from ECDICT	hereto
hexagonal	六方	adj.	toefl	CC-CEDICT CC BY-SA 4.0	2026-06 CC-CEDICT line 12056	liu fang	CC-CEDICT CC BY-SA 4.0	0	exact complete CC-CEDICT gloss; POS from ECDICT	hexagonal
hindsight	后见之明	n.	tem8	CC-CEDICT CC BY-SA 4.0	2026-06 CC-CEDICT line 40096	hou jian zhi ming	CC-CEDICT CC BY-SA 4.0	0	exact complete CC-CEDICT gloss; POS from ECDICT	hindsight
hiv	爱滋病毒	n.	tem8	CC-CEDICT CC BY-SA 4.0	2026-06 CC-CEDICT line 42800	ai zi bing du	CC-CEDICT CC BY-SA 4.0	0	exact complete CC-CEDICT gloss; POS from ECDICT	hiv
horticultural	园艺	adj.	toefl	CC-CEDICT CC BY-SA 4.0	2026-06 CC-CEDICT line 24608	yuan yi	Qingjian v0.1.4	868	exact complete CC-CEDICT gloss; POS from ECDICT	horticultural
humiliating	降格	adj.	tem8	CC-CEDICT CC BY-SA 4.0	2026-06 CC-CEDICT line 114692	jiang ge	Qingjian v0.1.4	1508	exact complete CC-CEDICT gloss; POS from ECDICT	humiliating
hydroelectricity	水力发电	n.	tem8	CC-CEDICT CC BY-SA 4.0	2026-06 CC-CEDICT line 62211	shui li fa dian	CC-CEDICT CC BY-SA 4.0	0	exact complete CC-CEDICT gloss; POS from ECDICT	hydroelectricity
hyperactive	心猿意马	adj.	tem8	CC-CEDICT CC BY-SA 4.0	2026-06 CC-CEDICT line 40900	xin yuan yi ma	Qingjian v0.1.4	23	exact complete CC-CEDICT gloss; POS from ECDICT	hyperactive
hypersensitive	过敏性	adj.	toefl	CC-CEDICT CC BY-SA 4.0	2026-06 CC-CEDICT line 108442	guo min xing	CC-CEDICT CC BY-SA 4.0	0	exact complete CC-CEDICT gloss; POS from ECDICT	hypersensitive
igloo	冰屋	n.	toefl	CC-CEDICT CC BY-SA 4.0	2026-06 CC-CEDICT line 12645	bing wu	CC-CEDICT CC BY-SA 4.0	0	exact complete CC-CEDICT gloss; POS from ECDICT	igloo
imperceptibly	无形中	adv.	tem8	CC-CEDICT CC BY-SA 4.0	2026-06 CC-CEDICT line 69829	wu xing zhong	Qingjian v0.1.4	131	exact complete CC-CEDICT gloss; POS from ECDICT	imperceptibly
impermeable	不透水	adj.	toefl	CC-CEDICT CC BY-SA 4.0	2026-06 CC-CEDICT line 2936	bu tou shui	CC-CEDICT CC BY-SA 4.0	0	exact complete CC-CEDICT gloss; POS from ECDICT	impermeable
impressively	赫然	adv.	toefl	CC-CEDICT CC BY-SA 4.0	2026-06 CC-CEDICT line 104120	he ran	Qingjian v0.1.4	81	exact complete CC-CEDICT gloss; POS from ECDICT	impressively
improbable	不会	adj.	toefl	CC-CEDICT CC BY-SA 4.0	2026-06 CC-CEDICT line 2609	bu hui	Qingjian v0.1.4	200590	exact complete CC-CEDICT gloss; POS from ECDICT	improbable
in-depth	深层次	adj.	tem8	CC-CEDICT CC BY-SA 4.0	2026-06 CC-CEDICT line 66111	shen ceng ci	Qingjian v0.1.4	86	exact complete CC-CEDICT gloss; POS from ECDICT	in-depth
inalienable	不可分割	adj.	ielts	CC-CEDICT CC BY-SA 4.0	2026-06 CC-CEDICT line 2299	bu ke fen ge	CC-CEDICT CC BY-SA 4.0	0	exact complete CC-CEDICT gloss; POS from ECDICT	inalienable
incorruptible	冰清玉洁	adj.	toefl	CC-CEDICT CC BY-SA 4.0	2026-06 CC-CEDICT line 12682	bing qing yu jie	Qingjian v0.1.4	61	exact complete CC-CEDICT gloss; POS from ECDICT	incorruptible
indefatigable	不懈	adj.	toefl	CC-CEDICT CC BY-SA 4.0	2026-06 CC-CEDICT line 2531	bu xie	Qingjian v0.1.4	256	exact complete CC-CEDICT gloss; POS from ECDICT	indefatigable
indistinguishable	无间	adj.	tem8	CC-CEDICT CC BY-SA 4.0	2026-06 CC-CEDICT line 70106	wu jian	Qingjian v0.1.4	387	exact complete CC-CEDICT gloss; POS from ECDICT	indistinguishable
individually	单个	adv.	toefl	CC-CEDICT CC BY-SA 4.0	2026-06 CC-CEDICT line 22791	dan ge	CC-CEDICT CC BY-SA 4.0	0	exact complete CC-CEDICT gloss; POS from ECDICT	individually
inestimable	不可估量	adj.	tem8	CC-CEDICT CC BY-SA 4.0	2026-06 CC-CEDICT line 2297	bu ke gu liang	CC-CEDICT CC BY-SA 4.0	0	exact complete CC-CEDICT gloss; POS from ECDICT	inestimable
infatuate	迷住	v.	toefl	CC-CEDICT CC BY-SA 4.0	2026-06 CC-CEDICT line 107057	mi zhu	Qingjian v0.1.4	429	exact complete CC-CEDICT gloss; POS from ECDICT	to infatuate
infidelity	异心	n.	tem8	CC-CEDICT CC BY-SA 4.0	2026-06 CC-CEDICT line 75274	yi xin	Qingjian v0.1.4	39	exact complete CC-CEDICT gloss; POS from ECDICT	infidelity
ingenuous	襟怀坦白	adj.	tem8	CC-CEDICT CC BY-SA 4.0	2026-06 CC-CEDICT line 99152	jin huai tan bai	Qingjian v0.1.4	2	exact complete CC-CEDICT gloss; POS from ECDICT	ingenuous
ingratiating	嘴甜	adj.	tem8	CC-CEDICT CC BY-SA 4.0	2026-06 CC-CEDICT line 23296	zui tian	Qingjian v0.1.4	807	exact complete CC-CEDICT gloss; POS from ECDICT	ingratiating
insufferable	惹不起	adj.	toefl	CC-CEDICT CC BY-SA 4.0	2026-06 CC-CEDICT line 42553	re bu qi	Qingjian v0.1.4	2011	exact complete CC-CEDICT gloss; POS from ECDICT	insufferable
insuperable	不可逾越	adj.	tem8	CC-CEDICT CC BY-SA 4.0	2026-06 CC-CEDICT line 2333	bu ke yu yue	Qingjian v0.1.4	29	exact complete CC-CEDICT gloss; POS from ECDICT	insuperable
intently	一心一意	adv.	toefl	CC-CEDICT CC BY-SA 4.0	2026-06 CC-CEDICT line 600	yi xin yi yi	Qingjian v0.1.4	1245	exact complete CC-CEDICT gloss; POS from ECDICT	intently
interconnected	互联	v.	toefl	CC-CEDICT CC BY-SA 4.0	2026-06 CC-CEDICT line 4971	hu lian	Qingjian v0.1.4	319	exact complete CC-CEDICT gloss; POS from ECDICT	interconnected
interplanetary	星际	adj.	toefl	CC-CEDICT CC BY-SA 4.0	2026-06 CC-CEDICT line 53201	xing ji	Qingjian v0.1.4	2028	exact complete CC-CEDICT gloss; POS from ECDICT	interplanetary
introspective	内省性	adj.	toefl	CC-CEDICT CC BY-SA 4.0	2026-06 CC-CEDICT line 11206	nei xing xing	CC-CEDICT CC BY-SA 4.0	0	exact complete CC-CEDICT gloss; POS from ECDICT	introspective
irritability	肝火	n.	toefl	CC-CEDICT CC BY-SA 4.0	2026-06 CC-CEDICT line 89821	gan huo	Qingjian v0.1.4	38	exact complete CC-CEDICT gloss; POS from ECDICT	irritability
justly	秉公	adv.	toefl	CC-CEDICT CC BY-SA 4.0	2026-06 CC-CEDICT line 81104	bing gong	Qingjian v0.1.4	21	exact complete CC-CEDICT gloss; POS from ECDICT	justly
katherine	凯瑟琳	n.	toefl	CC-CEDICT CC BY-SA 4.0	2026-06 CC-CEDICT line 13017	kai se lin	Qingjian v0.1.4	894	exact complete CC-CEDICT gloss; POS from ECDICT	katherine
kestrel	茶隼	n.	toefl	CC-CEDICT CC BY-SA 4.0	2026-06 CC-CEDICT line 93832	cha sun	CC-CEDICT CC BY-SA 4.0	0	exact complete CC-CEDICT gloss; POS from ECDICT	kestrel
landfill	填地	n.	ielts	CC-CEDICT CC BY-SA 4.0	2026-06 CC-CEDICT line 26468	tian di	CC-CEDICT CC BY-SA 4.0	0	exact complete CC-CEDICT gloss; POS from ECDICT	landfill
lazily	懒洋洋	adv.	toefl	CC-CEDICT CC BY-SA 4.0	2026-06 CC-CEDICT line 43525	lan yang yang	Qingjian v0.1.4	126	exact complete CC-CEDICT gloss; POS from ECDICT	lazily
leafy	多叶	adj.	toefl	CC-CEDICT CC BY-SA 4.0	2026-06 CC-CEDICT line 27505	duo ye	CC-CEDICT CC BY-SA 4.0	0	exact complete CC-CEDICT gloss; POS from ECDICT	leafy
leek	大葱	n.	tem8	CC-CEDICT CC BY-SA 4.0	2026-06 CC-CEDICT line 28424	da cong	Qingjian v0.1.4	863	exact complete CC-CEDICT gloss; POS from ECDICT	leek
licensed	特许	adj.	toefl	CC-CEDICT CC BY-SA 4.0	2026-06 CC-CEDICT line 71891	te xu	Qingjian v0.1.4	878	exact complete CC-CEDICT gloss; POS from ECDICT	licensed
lithe	轻盈	adj.	toefl	CC-CEDICT CC BY-SA 4.0	2026-06 CC-CEDICT line 106098	qing ying	Qingjian v0.1.4	325	exact complete CC-CEDICT gloss; POS from ECDICT	lithe
longitudinal	纵向	adj.	ielts	CC-CEDICT CC BY-SA 4.0	2026-06 CC-CEDICT line 86777	zong xiang	Qingjian v0.1.4	898	exact complete CC-CEDICT gloss; POS from ECDICT	longitudinal
lordly	有气派	adj.	toefl	CC-CEDICT CC BY-SA 4.0	2026-06 CC-CEDICT line 55023	you qi pai	CC-CEDICT CC BY-SA 4.0	0	exact complete CC-CEDICT gloss; POS from ECDICT	lordly
loyalist	义士	n.	toefl	CC-CEDICT CC BY-SA 4.0	2026-06 CC-CEDICT line 88057	yi shi	Qingjian v0.1.4	213	exact complete CC-CEDICT gloss; POS from ECDICT	loyalist
macroeconomic	宏观经济	n.	tem8	CC-CEDICT CC BY-SA 4.0	2026-06 CC-CEDICT line 32289	hong guan jing ji	Qingjian v0.1.4	104	exact complete CC-CEDICT gloss; POS from ECDICT	macroeconomic
maraca	沙锤	n.	toefl	CC-CEDICT CC BY-SA 4.0	2026-06 CC-CEDICT line 63396	sha chui	CC-CEDICT CC BY-SA 4.0	0	exact complete CC-CEDICT gloss; POS from ECDICT	maraca
markedly	判然	adv.	cet6,toefl	CC-CEDICT CC BY-SA 4.0	2026-06 CC-CEDICT line 13966	pan ran	CC-CEDICT CC BY-SA 4.0	0	exact complete CC-CEDICT gloss; POS from ECDICT	markedly
marketable	适销	adj.	toefl	CC-CEDICT CC BY-SA 4.0	2026-06 CC-CEDICT line 108939	shi xiao	Qingjian v0.1.4	3	exact complete CC-CEDICT gloss; POS from ECDICT	marketable
marvelously	不平凡	adv.	toefl	CC-CEDICT CC BY-SA 4.0	2026-06 CC-CEDICT line 2459	bu ping fan	CC-CEDICT CC BY-SA 4.0	0	exact complete CC-CEDICT gloss; POS from ECDICT	marvelously
matchless	无双	adj.	toefl	CC-CEDICT CC BY-SA 4.0	2026-06 CC-CEDICT line 70119	wu shuang	Qingjian v0.1.4	901	exact complete CC-CEDICT gloss; POS from ECDICT	matchless
mauve	紫红色	n.	tem8	CC-CEDICT CC BY-SA 4.0	2026-06 CC-CEDICT line 85130	zi hong se	CC-CEDICT CC BY-SA 4.0	0	exact complete CC-CEDICT gloss; POS from ECDICT	mauve
meticulously	上心	adv.	toefl	CC-CEDICT CC BY-SA 4.0	2026-06 CC-CEDICT line 1694	shang xin	Qingjian v0.1.4	608	exact complete CC-CEDICT gloss; POS from ECDICT	meticulously
microfilm	微缩胶卷	n.	ielts	CC-CEDICT CC BY-SA 4.0	2026-06 CC-CEDICT line 40570	wei suo jiao juan	CC-CEDICT CC BY-SA 4.0	0	exact complete CC-CEDICT gloss; POS from ECDICT	microfilm
militaristic	穷兵黩武	adj.	toefl	CC-CEDICT CC BY-SA 4.0	2026-06 CC-CEDICT line 82271	qiong bing du wu	Qingjian v0.1.4	9	exact complete CC-CEDICT gloss; POS from ECDICT	militaristic
minuscule	点大	n.	toefl	CC-CEDICT CC BY-SA 4.0	2026-06 CC-CEDICT line 124311	dian da	CC-CEDICT CC BY-SA 4.0	0	exact complete CC-CEDICT gloss; POS from ECDICT	minuscule
monochromatic	单色	adj.	toefl	CC-CEDICT CC BY-SA 4.0	2026-06 CC-CEDICT line 22896	dan se	Qingjian v0.1.4	335	exact complete CC-CEDICT gloss; POS from ECDICT	monochromatic
monolingual	单语	adj.	tem8	CC-CEDICT CC BY-SA 4.0	2026-06 CC-CEDICT line 22911	dan yu	CC-CEDICT CC BY-SA 4.0	0	exact complete CC-CEDICT gloss; POS from ECDICT	monolingual
moron	蠢货	n.	toefl	CC-CEDICT CC BY-SA 4.0	2026-06 CC-CEDICT line 97658	chun huo	Qingjian v0.1.4	415	exact complete CC-CEDICT gloss; POS from ECDICT	moron
mudstone	泥岩	n.	toefl	CC-CEDICT CC BY-SA 4.0	2026-06 CC-CEDICT line 64163	ni yan	CC-CEDICT CC BY-SA 4.0	0	exact complete CC-CEDICT gloss; POS from ECDICT	mudstone
multicellular	多细胞	adj.	toefl	CC-CEDICT CC BY-SA 4.0	2026-06 CC-CEDICT line 27488	duo xi bao	CC-CEDICT CC BY-SA 4.0	0	exact complete CC-CEDICT gloss; POS from ECDICT	multicellular
multistory	多层	adj.	toefl	CC-CEDICT CC BY-SA 4.0	2026-06 CC-CEDICT line 27383	duo ceng	Qingjian v0.1.4	414	exact complete CC-CEDICT gloss; POS from ECDICT	multistory
myopic	短视	adj.	toefl	CC-CEDICT CC BY-SA 4.0	2026-06 CC-CEDICT line 78996	duan shi	Qingjian v0.1.4	33	exact complete CC-CEDICT gloss; POS from ECDICT	myopic
neighboring	邻近	adj.	ielts	CC-CEDICT CC BY-SA 4.0	2026-06 CC-CEDICT line 109923	lin jin	Qingjian v0.1.4	3336	exact complete CC-CEDICT gloss; POS from ECDICT	neighboring
neolithic	新石器	adj.	toefl	CC-CEDICT CC BY-SA 4.0	2026-06 CC-CEDICT line 51981	xin shi qi	CC-CEDICT CC BY-SA 4.0	0	exact complete CC-CEDICT gloss; POS from ECDICT	neolithic
neurological	神经性	adj.	tem8	CC-CEDICT CC BY-SA 4.0	2026-06 CC-CEDICT line 80536	shen jing xing	CC-CEDICT CC BY-SA 4.0	0	exact complete CC-CEDICT gloss; POS from ECDICT	neurological
nevus	痦子	n.	toefl	CC-CEDICT CC BY-SA 4.0	2026-06 CC-CEDICT line 75833	wu zi	Qingjian v0.1.4	79	exact complete CC-CEDICT gloss; POS from ECDICT	nevus
nonprofessional	业余	adj.	toefl	KOReader dictionaries CC BY-SA 4.0	en-zh v1.2.0 source rank 2	ye yu	Qingjian v0.1.4	2173	first gloss; matching POS and WordNet relation	source rank 2; COW synset=no; WordNet related=yes
northeastern	东北方	adj.	toefl	CC-CEDICT CC BY-SA 4.0	2026-06 CC-CEDICT line 56232	dong bei fang	CC-CEDICT CC BY-SA 4.0	0	exact complete CC-CEDICT gloss; POS from ECDICT	northeastern
observant	有眼力见儿	adj.	tem8	CC-CEDICT CC BY-SA 4.0	2026-06 CC-CEDICT line 55073	you yan li jian r	CC-CEDICT CC BY-SA 4.0	0	exact complete CC-CEDICT gloss; POS from ECDICT	observant
obsessive	强迫性	adj.	tem8	CC-CEDICT CC BY-SA 4.0	2026-06 CC-CEDICT line 39452	qiang po xing	CC-CEDICT CC BY-SA 4.0	0	exact complete CC-CEDICT gloss; POS from ECDICT	obsessive
odorless	无味	adj.	toefl	CC-CEDICT CC BY-SA 4.0	2026-06 CC-CEDICT line 69791	wu wei	Qingjian v0.1.4	361	exact complete CC-CEDICT gloss; POS from ECDICT	odorless
outlandish	奇葩	adj.	tem8	CC-CEDICT CC BY-SA 4.0	2026-06 CC-CEDICT line 29495	qi pa	Qingjian v0.1.4	6965	exact complete CC-CEDICT gloss; POS from ECDICT	outlandish
outmoded	老旧	adj.	toefl	CC-CEDICT CC BY-SA 4.0	2026-06 CC-CEDICT line 88600	lao jiu	Qingjian v0.1.4	753	exact complete CC-CEDICT gloss; POS from ECDICT	outmoded
outraged	愤激	adj.	tem8	CC-CEDICT CC BY-SA 4.0	2026-06 CC-CEDICT line 43296	fen ji	Qingjian v0.1.4	11	exact complete CC-CEDICT gloss; POS from ECDICT	outraged
overtax	暴敛	v.	toefl	CC-CEDICT CC BY-SA 4.0	2026-06 CC-CEDICT line 54146	bao lian	Qingjian v0.1.4	12	exact complete CC-CEDICT gloss; POS from ECDICT	to overtax
panoramic	广角	adj.	tem8	CC-CEDICT CC BY-SA 4.0	2026-06 CC-CEDICT line 38775	guang jiao	Qingjian v0.1.4	469	exact complete CC-CEDICT gloss; POS from ECDICT	panoramic
paperwork	文牍	n.	tem8	CC-CEDICT CC BY-SA 4.0	2026-06 CC-CEDICT line 51397	wen du	Qingjian v0.1.4	41	exact complete CC-CEDICT gloss; POS from ECDICT	paperwork
paradoxical	吊诡	adj.	tem8	CC-CEDICT CC BY-SA 4.0	2026-06 CC-CEDICT line 39054	diao gui	CC-CEDICT CC BY-SA 4.0	0	exact complete CC-CEDICT gloss; POS from ECDICT	paradoxical
parasitic	寄生	adj.	toefl	CC-CEDICT CC BY-SA 4.0	2026-06 CC-CEDICT line 33065	ji sheng	Qingjian v0.1.4	1633	exact complete CC-CEDICT gloss; POS from ECDICT	parasitic
patronizing	屈尊俯就	adj.	toefl	CC-CEDICT CC BY-SA 4.0	2026-06 CC-CEDICT line 35355	qu zun fu jiu	CC-CEDICT CC BY-SA 4.0	0	exact complete CC-CEDICT gloss; POS from ECDICT	patronizing
pedagogical	师范	adj.	toefl	CC-CEDICT CC BY-SA 4.0	2026-06 CC-CEDICT line 37384	shi fan	Qingjian v0.1.4	3686	exact complete CC-CEDICT gloss; POS from ECDICT	pedagogical
pentathlon	五项全能	n.	tem8	CC-CEDICT CC BY-SA 4.0	2026-06 CC-CEDICT line 5161	wu xiang quan neng	CC-CEDICT CC BY-SA 4.0	0	exact complete CC-CEDICT gloss; POS from ECDICT	pentathlon
perceptual	感性	adj.	toefl	CC-CEDICT CC BY-SA 4.0	2026-06 CC-CEDICT line 42885	gan xing	Qingjian v0.1.4	1887	exact complete CC-CEDICT gloss; POS from ECDICT	perceptual
permafrost	冻土	n.	toefl	CC-CEDICT CC BY-SA 4.0	2026-06 CC-CEDICT line 12911	dong tu	Qingjian v0.1.4	65	exact complete CC-CEDICT gloss; POS from ECDICT	permafrost
permissive	放纵	adj.	toefl	CC-CEDICT CC BY-SA 4.0	2026-06 CC-CEDICT line 50406	fang zong	Qingjian v0.1.4	1710	exact complete CC-CEDICT gloss; POS from ECDICT	permissive
phlegmatic	慢性子	adj.	toefl	CC-CEDICT CC BY-SA 4.0	2026-06 CC-CEDICT line 43089	man xing zi	Qingjian v0.1.4	2	exact complete CC-CEDICT gloss; POS from ECDICT	phlegmatic
piecework	料件子活	n.	toefl	CC-CEDICT CC BY-SA 4.0	2026-06 CC-CEDICT line 51572	liao jian zi huo	CC-CEDICT CC BY-SA 4.0	0	exact complete CC-CEDICT gloss; POS from ECDICT	piecework
planner	策划	n.	ielts	CC-CEDICT CC BY-SA 4.0	2026-06 CC-CEDICT line 83114	ce hua	Qingjian v0.1.4	3497	exact complete CC-CEDICT gloss; POS from ECDICT	planner
poignant	走心	adj.	tem8	CC-CEDICT CC BY-SA 4.0	2026-06 CC-CEDICT line 104193	zou xin	Qingjian v0.1.4	2451	exact complete CC-CEDICT gloss; POS from ECDICT	poignant
politely	殷勤	adv.	toefl	CC-CEDICT CC BY-SA 4.0	2026-06 CC-CEDICT line 61190	yin qin	Qingjian v0.1.4	44	exact complete CC-CEDICT gloss; POS from ECDICT	politely
precautionary	预防	adj.	toefl	CC-CEDICT CC BY-SA 4.0	2026-06 CC-CEDICT line 118626	yu fang	Qingjian v0.1.4	2478	exact complete CC-CEDICT gloss; POS from ECDICT	precautionary
prefabricated	预制	adj.	toefl	CC-CEDICT CC BY-SA 4.0	2026-06 CC-CEDICT line 118606	yu zhi	Qingjian v0.1.4	125	exact complete CC-CEDICT gloss; POS from ECDICT	prefabricated
preform	瓶胚	v.	toefl	CC-CEDICT CC BY-SA 4.0	2026-06 CC-CEDICT line 74051	ping pei	CC-CEDICT CC BY-SA 4.0	0	exact complete CC-CEDICT gloss; POS from ECDICT	preform
preoccupied	心不在焉	adj.	tem8	CC-CEDICT CC BY-SA 4.0	2026-06 CC-CEDICT line 40782	xin bu zai yan	Qingjian v0.1.4	149	exact complete CC-CEDICT gloss; POS from ECDICT	preoccupied
preschooler	幼儿	n.	toefl	CC-CEDICT CC BY-SA 4.0	2026-06 CC-CEDICT line 38103	you er	Qingjian v0.1.4	1021	exact complete CC-CEDICT gloss; POS from ECDICT	preschooler
printmaking	版画	n.	toefl	CC-CEDICT CC BY-SA 4.0	2026-06 CC-CEDICT line 71420	ban hua	Qingjian v0.1.4	518	exact complete CC-CEDICT gloss; POS from ECDICT	printmaking
pro	职业运动员	adv.	tem8	CC-CEDICT CC BY-SA 4.0	2026-06 CC-CEDICT line 89516	zhi ye yun dong yuan	CC-CEDICT CC BY-SA 4.0	0	exact complete CC-CEDICT gloss; POS from ECDICT	pro
proactive	积极	adj.	toefl	CC-CEDICT CC BY-SA 4.0	2026-06 CC-CEDICT line 81810	ji ji	Qingjian v0.1.4	9161	exact complete CC-CEDICT gloss; POS from ECDICT	proactive
pronounced	明言	adj.	toefl	CC-CEDICT CC BY-SA 4.0	2026-06 CC-CEDICT line 53027	ming yan	Qingjian v0.1.4	108	exact complete CC-CEDICT gloss; POS from ECDICT	pronounced
prospector	探矿者	n.	toefl	CC-CEDICT CC BY-SA 4.0	2026-06 CC-CEDICT line 47821	tan kuang zhe	CC-CEDICT CC BY-SA 4.0	0	exact complete CC-CEDICT gloss; POS from ECDICT	prospector
punitive	惩罚性	adj.	tem8	CC-CEDICT CC BY-SA 4.0	2026-06 CC-CEDICT line 43508	cheng fa xing	CC-CEDICT CC BY-SA 4.0	0	exact complete CC-CEDICT gloss; POS from ECDICT	punitive
qualifications	资格	n.	ielts	CC-CEDICT CC BY-SA 4.0	2026-06 CC-CEDICT line 103503	zi ge	Qingjian v0.1.4	18864	exact complete CC-CEDICT gloss; POS from ECDICT	qualifications
qualified	合格	adj.	toefl	CC-CEDICT CC BY-SA 4.0	2026-06 CC-CEDICT line 19801	he ge	Qingjian v0.1.4	2574	exact complete CC-CEDICT gloss; POS from ECDICT	qualified
quarrelsome	好辩	adj.	toefl	CC-CEDICT CC BY-SA 4.0	2026-06 CC-CEDICT line 30199	hao bian	CC-CEDICT CC BY-SA 4.0	0	exact complete CC-CEDICT gloss; POS from ECDICT	quarrelsome
rapacious	贪婪	adj.	toefl	CC-CEDICT CC BY-SA 4.0	2026-06 CC-CEDICT line 103130	tan lan	Qingjian v0.1.4	568	exact complete CC-CEDICT gloss; POS from ECDICT	rapacious
rapt	狂喜	adj.	tem8	CC-CEDICT CC BY-SA 4.0	2026-06 CC-CEDICT line 72097	kuang xi	Qingjian v0.1.4	121	exact complete CC-CEDICT gloss; POS from ECDICT	rapt
rationalism	理性主义	n.	toefl	CC-CEDICT CC BY-SA 4.0	2026-06 CC-CEDICT line 73472	li xing zhu yi	CC-CEDICT CC BY-SA 4.0	0	exact complete CC-CEDICT gloss; POS from ECDICT	rationalism
recalcitrant	乖张	adj.	ielts	CC-CEDICT CC BY-SA 4.0	2026-06 CC-CEDICT line 4185	guai zhang	Qingjian v0.1.4	35	exact complete CC-CEDICT gloss; POS from ECDICT	recalcitrant
regularly	常时	adv.	cet4,cet6,ielts	CC-CEDICT CC BY-SA 4.0	2026-06 CC-CEDICT line 37512	chang shi	CC-CEDICT CC BY-SA 4.0	0	exact complete CC-CEDICT gloss; POS from ECDICT	regularly
regulatory	规制	adj.	toefl	CC-CEDICT CC BY-SA 4.0	2026-06 CC-CEDICT line 99655	gui zhi	Qingjian v0.1.4	177	exact complete CC-CEDICT gloss; POS from ECDICT	regulatory
remarkably	不平常	adv.	toefl	CC-CEDICT CC BY-SA 4.0	2026-06 CC-CEDICT line 2461	bu ping chang	CC-CEDICT CC BY-SA 4.0	0	exact complete CC-CEDICT gloss; POS from ECDICT	remarkably
reminiscent	触景生情	adj.	tem8	CC-CEDICT CC BY-SA 4.0	2026-06 CC-CEDICT line 100164	chu jing sheng qing	Qingjian v0.1.4	140	exact complete CC-CEDICT gloss; POS from ECDICT	reminiscent
remorseful	歉疚	adj.	tem8	CC-CEDICT CC BY-SA 4.0	2026-06 CC-CEDICT line 60123	qian jiu	Qingjian v0.1.4	35	exact complete CC-CEDICT gloss; POS from ECDICT	remorseful
resettle	移住	v.	toefl	CC-CEDICT CC BY-SA 4.0	2026-06 CC-CEDICT line 81421	yi zhu	CC-CEDICT CC BY-SA 4.0	0	exact complete CC-CEDICT gloss; POS from ECDICT	to resettle
resit	补考	v.	ielts	CC-CEDICT CC BY-SA 4.0	2026-06 CC-CEDICT line 98696	bu kao	Qingjian v0.1.4	1828	exact complete CC-CEDICT gloss; POS from ECDICT	resit
restricted	迫于	adj.	toefl	CC-CEDICT CC BY-SA 4.0	2026-06 CC-CEDICT line 107017	po yu	Qingjian v0.1.4	393	exact complete CC-CEDICT gloss; POS from ECDICT	restricted
reverently	恪慎	adv.	toefl	CC-CEDICT CC BY-SA 4.0	2026-06 CC-CEDICT line 41944	ke shen	CC-CEDICT CC BY-SA 4.0	0	exact complete CC-CEDICT gloss; POS from ECDICT	reverently
rigorously	严加	adv.	toefl	CC-CEDICT CC BY-SA 4.0	2026-06 CC-CEDICT line 23595	yan jia	Qingjian v0.1.4	118	exact complete CC-CEDICT gloss; POS from ECDICT	rigorously
russet	赤褐色	adj.	tem8	CC-CEDICT CC BY-SA 4.0	2026-06 CC-CEDICT line 104067	chi he se	CC-CEDICT CC BY-SA 4.0	0	exact complete CC-CEDICT gloss; POS from ECDICT	russet
ruthlessly	狠狠	adv.	toefl	CC-CEDICT CC BY-SA 4.0	2026-06 CC-CEDICT line 72244	hen hen	Qingjian v0.1.4	1606	exact complete CC-CEDICT gloss; POS from ECDICT	ruthlessly
saboteur	钉子	n.	tem8	CC-CEDICT CC BY-SA 4.0	2026-06 CC-CEDICT line 111281	ding zi	Qingjian v0.1.4	470	exact complete CC-CEDICT gloss; POS from ECDICT	saboteur
salvo	礼炮	n.	tem8	CC-CEDICT CC BY-SA 4.0	2026-06 CC-CEDICT line 80919	li pao	Qingjian v0.1.4	108	exact complete CC-CEDICT gloss; POS from ECDICT	salvo
saturated	淋漓	adj.	toefl	CC-CEDICT CC BY-SA 4.0	2026-06 CC-CEDICT line 65848	lin li	Qingjian v0.1.4	268	exact complete CC-CEDICT gloss; POS from ECDICT	saturated
scandalous	不合体统	adj.	tem8	CC-CEDICT CC BY-SA 4.0	2026-06 CC-CEDICT line 2341	bu he ti tong	CC-CEDICT CC BY-SA 4.0	0	exact complete CC-CEDICT gloss; POS from ECDICT	scandalous
scatterbrain	马大哈	n.	tem8	CC-CEDICT CC BY-SA 4.0	2026-06 CC-CEDICT line 120454	ma da ha	Qingjian v0.1.4	68	exact complete CC-CEDICT gloss; POS from ECDICT	scatterbrain
scornful	轻视	adj.	toefl	CC-CEDICT CC BY-SA 4.0	2026-06 CC-CEDICT line 106113	qing shi	Qingjian v0.1.4	342	exact complete CC-CEDICT gloss; POS from ECDICT	scornful
scrawl	涂鸦	v.	tem8	CC-CEDICT CC BY-SA 4.0	2026-06 CC-CEDICT line 26394	tu ya	Qingjian v0.1.4	770	exact complete CC-CEDICT gloss; POS from ECDICT	scrawl
securely	严实	adv.	toefl	CC-CEDICT CC BY-SA 4.0	2026-06 CC-CEDICT line 23603	yan shi	Qingjian v0.1.4	592	exact complete CC-CEDICT gloss; POS from ECDICT	securely
semicircular	半圆形	adj.	toefl	CC-CEDICT CC BY-SA 4.0	2026-06 CC-CEDICT line 16825	ban yuan xing	Qingjian v0.1.4	179	exact complete CC-CEDICT gloss; POS from ECDICT	semicircular
semiotics	符号学	n.	toefl	CC-CEDICT CC BY-SA 4.0	2026-06 CC-CEDICT line 82831	fu hao xue	CC-CEDICT CC BY-SA 4.0	0	exact complete CC-CEDICT gloss; POS from ECDICT	semiotics
semitic	闪米特	adj.	toefl	CC-CEDICT CC BY-SA 4.0	2026-06 CC-CEDICT line 113244	shan mi te	CC-CEDICT CC BY-SA 4.0	0	exact complete CC-CEDICT gloss; POS from ECDICT	semitic
separatist	分离分子	n.	tem8	CC-CEDICT CC BY-SA 4.0	2026-06 CC-CEDICT line 13677	fen li fen zi	CC-CEDICT CC BY-SA 4.0	0	exact complete CC-CEDICT gloss; POS from ECDICT	separatist
septic	化脓性	adj.	ielts	CC-CEDICT CC BY-SA 4.0	2026-06 CC-CEDICT line 16194	hua nong xing	CC-CEDICT CC BY-SA 4.0	0	exact complete CC-CEDICT gloss; POS from ECDICT	septic
sexual	桃色	adj.	cet4,cet6,tem8	CC-CEDICT CC BY-SA 4.0	2026-06 CC-CEDICT line 57642	tao se	Qingjian v0.1.4	217	exact complete CC-CEDICT gloss; POS from ECDICT	sexual
shapeless	不成样子	adj.	toefl	CC-CEDICT CC BY-SA 4.0	2026-06 CC-CEDICT line 2540	bu cheng yang zi	CC-CEDICT CC BY-SA 4.0	0	exact complete CC-CEDICT gloss; POS from ECDICT	shapeless
shapely	有形	adj.	tem8	CC-CEDICT CC BY-SA 4.0	2026-06 CC-CEDICT line 54927	you xing	Qingjian v0.1.4	423	exact complete CC-CEDICT gloss; POS from ECDICT	shapely
skimpy	马虎	adj.	toefl	CC-CEDICT CC BY-SA 4.0	2026-06 CC-CEDICT line 120615	ma hu	Qingjian v0.1.4	260	exact complete CC-CEDICT gloss; POS from ECDICT	skimpy
snowy	似雪	adj.	cet4,cet6,toefl	CC-CEDICT CC BY-SA 4.0	2026-06 CC-CEDICT line 7078	si xue	CC-CEDICT CC BY-SA 4.0	0	exact complete CC-CEDICT gloss; POS from ECDICT	snowy
spaghetti	意大利直面	n.	toefl	CC-CEDICT CC BY-SA 4.0	2026-06 CC-CEDICT line 42631	yi da li zhi mian	CC-CEDICT CC BY-SA 4.0	0	exact complete CC-CEDICT gloss; POS from ECDICT	spaghetti
spineless	没起子	adj.	toefl	CC-CEDICT CC BY-SA 4.0	2026-06 CC-CEDICT line 63216	mei qi zi	CC-CEDICT CC BY-SA 4.0	0	exact complete CC-CEDICT gloss; POS from ECDICT	spineless
squeamish	娇气	adj.	tem8	CC-CEDICT CC BY-SA 4.0	2026-06 CC-CEDICT line 31162	jiao qi	Qingjian v0.1.4	400	exact complete CC-CEDICT gloss; POS from ECDICT	squeamish
staggered	分期	adj.	toefl	CC-CEDICT CC BY-SA 4.0	2026-06 CC-CEDICT line 13544	fen qi	Qingjian v0.1.4	802	exact complete CC-CEDICT gloss; POS from ECDICT	staggered
standardized	制式	adj.	toefl	CC-CEDICT CC BY-SA 4.0	2026-06 CC-CEDICT line 14226	zhi shi	Qingjian v0.1.4	837	exact complete CC-CEDICT gloss; POS from ECDICT	standardized
stereoscopic	立体	adj.	ielts	CC-CEDICT CC BY-SA 4.0	2026-06 CC-CEDICT line 82451	li ti	Qingjian v0.1.4	1830	exact complete CC-CEDICT gloss; POS from ECDICT	stereoscopic
stockbroker	证券经纪人	n.	cet6,tem8	CC-CEDICT CC BY-SA 4.0	2026-06 CC-CEDICT line 101967	zheng quan jing ji ren	CC-CEDICT CC BY-SA 4.0	0	exact complete CC-CEDICT gloss; POS from ECDICT	stockbroker
stones	乱石	n.	ielts	CC-CEDICT CC BY-SA 4.0	2026-06 CC-CEDICT line 4578	luan shi	CC-CEDICT CC BY-SA 4.0	0	exact complete CC-CEDICT gloss; POS from ECDICT	stones
stratosphere	平流层	n.	toefl	CC-CEDICT CC BY-SA 4.0	2026-06 CC-CEDICT line 37812	ping liu ceng	CC-CEDICT CC BY-SA 4.0	0	exact complete CC-CEDICT gloss; POS from ECDICT	stratosphere
stuntman	替身	n.	ielts	CC-CEDICT CC BY-SA 4.0	2026-06 CC-CEDICT line 54579	ti shen	Qingjian v0.1.4	954	exact complete CC-CEDICT gloss; POS from ECDICT	stuntman
subdued	低调	adj.	tem8	CC-CEDICT CC BY-SA 4.0	2026-06 CC-CEDICT line 7230	di diao	Qingjian v0.1.4	15835	exact complete CC-CEDICT gloss; POS from ECDICT	subdued
supervisory	监管	adj.	toefl	CC-CEDICT CC BY-SA 4.0	2026-06 CC-CEDICT line 77485	jian guan	Qingjian v0.1.4	2266	exact complete CC-CEDICT gloss; POS from ECDICT	supervisory
surreptitious	偷偷摸摸	adj.	tem8	KOReader dictionaries CC BY-SA 4.0	en-zh v1.2.0 source rank 2	tou tou mo mo	Qingjian v0.1.4	417	first gloss; matching POS and WordNet relation	source rank 2; COW synset=no; WordNet related=yes
synchronous	同步	adj.	toefl	CC-CEDICT CC BY-SA 4.0	2026-06 CC-CEDICT line 20133	tong bu	Qingjian v0.1.4	4482	exact complete CC-CEDICT gloss; POS from ECDICT	synchronous
tantalizing	挑逗性	adj.	toefl	CC-CEDICT CC BY-SA 4.0	2026-06 CC-CEDICT line 47018	tiao dou xing	CC-CEDICT CC BY-SA 4.0	0	exact complete CC-CEDICT gloss; POS from ECDICT	tantalizing
tasmania	塔斯曼尼亚	n.	toefl	CC-CEDICT CC BY-SA 4.0	2026-06 CC-CEDICT line 26346	ta si man ni ya	CC-CEDICT CC BY-SA 4.0	0	exact complete CC-CEDICT gloss; POS from ECDICT	tasmania
tawdry	庸俗	adj.	tem8	CC-CEDICT CC BY-SA 4.0	2026-06 CC-CEDICT line 38511	yong su	Qingjian v0.1.4	603	exact complete CC-CEDICT gloss; POS from ECDICT	tawdry
technological	技术性	adj.	toefl	CC-CEDICT CC BY-SA 4.0	2026-06 CC-CEDICT line 45328	ji shu xing	Qingjian v0.1.4	171	exact complete CC-CEDICT gloss; POS from ECDICT	technological
temperamental	喜怒无常	adj.	tem8	CC-CEDICT CC BY-SA 4.0	2026-06 CC-CEDICT line 22614	xi nu wu chang	Qingjian v0.1.4	84	exact complete CC-CEDICT gloss; POS from ECDICT	temperamental
temples	鬓角	n.	ielts	CC-CEDICT CC BY-SA 4.0	2026-06 CC-CEDICT line 122018	bin jiao	Qingjian v0.1.4	154	exact complete CC-CEDICT gloss; POS from ECDICT	temples
tenfold	十倍	adj.	toefl	CC-CEDICT CC BY-SA 4.0	2026-06 CC-CEDICT line 16576	shi bei	Qingjian v0.1.4	426	exact complete CC-CEDICT gloss; POS from ECDICT	tenfold
thankful	感激	adj.	tem8	CC-CEDICT CC BY-SA 4.0	2026-06 CC-CEDICT line 42912	gan ji	Qingjian v0.1.4	1481	exact complete CC-CEDICT gloss; POS from ECDICT	thankful
thermonuclear	热核	adj.	tem8	CC-CEDICT CC BY-SA 4.0	2026-06 CC-CEDICT line 70703	re he	CC-CEDICT CC BY-SA 4.0	0	exact complete CC-CEDICT gloss; POS from ECDICT	thermonuclear
throbbing	脉动	adj.	ielts	CC-CEDICT CC BY-SA 4.0	2026-06 CC-CEDICT line 90440	mai dong	Qingjian v0.1.4	558	exact complete CC-CEDICT gloss; POS from ECDICT	throbbing
tireless	谆谆	adj.	tem4	CC-CEDICT CC BY-SA 4.0	2026-06 CC-CEDICT line 101488	zhun zhun	Qingjian v0.1.4	29	exact complete CC-CEDICT gloss; POS from ECDICT	tireless
totalitarian	极权	adj.	tem8	CC-CEDICT CC BY-SA 4.0	2026-06 CC-CEDICT line 58600	ji quan	Qingjian v0.1.4	280	exact complete CC-CEDICT gloss; POS from ECDICT	totalitarian
transcendentalism	超越主义	n.	tem8	CC-CEDICT CC BY-SA 4.0	2026-06 CC-CEDICT line 104510	chao yue zhu yi	CC-CEDICT CC BY-SA 4.0	0	exact complete CC-CEDICT gloss; POS from ECDICT	transcendentalism
transitional	过渡性	adj.	toefl	CC-CEDICT CC BY-SA 4.0	2026-06 CC-CEDICT line 108466	guo du xing	CC-CEDICT CC BY-SA 4.0	0	exact complete CC-CEDICT gloss; POS from ECDICT	transitional
trifling	区区	adj.	toefl	CC-CEDICT CC BY-SA 4.0	2026-06 CC-CEDICT line 16521	qu qu	Qingjian v0.1.4	764	exact complete CC-CEDICT gloss; POS from ECDICT	trifling
twofold	双倍	adj.	ielts	CC-CEDICT CC BY-SA 4.0	2026-06 CC-CEDICT line 115916	shuang bei	Qingjian v0.1.4	637	exact complete CC-CEDICT gloss; POS from ECDICT	twofold
unbroken	无间	adj.	toefl	CC-CEDICT CC BY-SA 4.0	2026-06 CC-CEDICT line 70106	wu jian	Qingjian v0.1.4	387	exact complete CC-CEDICT gloss; POS from ECDICT	unbroken
unconcerned	无动于衷	adj.	ielts	CC-CEDICT CC BY-SA 4.0	2026-06 CC-CEDICT line 69766	wu dong yu zhong	Qingjian v0.1.4	293	exact complete CC-CEDICT gloss; POS from ECDICT	unconcerned
uncritical	不闻不问	adj.	toefl	CC-CEDICT CC BY-SA 4.0	2026-06 CC-CEDICT line 2796	bu wen bu wen	Qingjian v0.1.4	121	exact complete CC-CEDICT gloss; POS from ECDICT	uncritical
underhand	贼头贼脑	adj.	tem8	CC-CEDICT CC BY-SA 4.0	2026-06 CC-CEDICT line 103568	zei tou zei nao	Qingjian v0.1.4	2	exact complete CC-CEDICT gloss; POS from ECDICT	underhand
underprivileged	清寒	adj.	tem8	CC-CEDICT CC BY-SA 4.0	2026-06 CC-CEDICT line 66385	qing han	Qingjian v0.1.4	64	exact complete CC-CEDICT gloss; POS from ECDICT	underprivileged
unending	没底	adj.	toefl	CC-CEDICT CC BY-SA 4.0	2026-06 CC-CEDICT line 63161	mei di	Qingjian v0.1.4	286	exact complete CC-CEDICT gloss; POS from ECDICT	unending
unequivocal	不含糊	adj.	tem8	CC-CEDICT CC BY-SA 4.0	2026-06 CC-CEDICT line 2356	bu han hu	CC-CEDICT CC BY-SA 4.0	0	exact complete CC-CEDICT gloss; POS from ECDICT	unequivocal
unfailing	不衰	adj.	tem8	CC-CEDICT CC BY-SA 4.0	2026-06 CC-CEDICT line 2839	bu shuai	CC-CEDICT CC BY-SA 4.0	0	exact complete CC-CEDICT gloss; POS from ECDICT	unfailing
unhindered	无碍	adj.	toefl	CC-CEDICT CC BY-SA 4.0	2026-06 CC-CEDICT line 69977	wu ai	CC-CEDICT CC BY-SA 4.0	0	exact complete CC-CEDICT gloss; POS from ECDICT	unhindered
uniformitarianism	均变论	n.	toefl	CC-CEDICT CC BY-SA 4.0	2026-06 CC-CEDICT line 25282	jun bian lun	CC-CEDICT CC BY-SA 4.0	0	exact complete CC-CEDICT gloss; POS from ECDICT	uniformitarianism
unintelligible	费解	adj.	tem8	CC-CEDICT CC BY-SA 4.0	2026-06 CC-CEDICT line 103361	fei jie	Qingjian v0.1.4	351	exact complete CC-CEDICT gloss; POS from ECDICT	unintelligible
unpretentious	谦逊	adj.	tem8	CC-CEDICT CC BY-SA 4.0	2026-06 CC-CEDICT line 101825	qian xun	Qingjian v0.1.4	313	exact complete CC-CEDICT gloss; POS from ECDICT	unpretentious
unprincipled	无原则	adj.	tem8	CC-CEDICT CC BY-SA 4.0	2026-06 CC-CEDICT line 69769	wu yuan ze	CC-CEDICT CC BY-SA 4.0	0	exact complete CC-CEDICT gloss; POS from ECDICT	unprincipled
unquote	引号完	v.	ielts	CC-CEDICT CC BY-SA 4.0	2026-06 CC-CEDICT line 39128	yin hao wan	CC-CEDICT CC BY-SA 4.0	0	exact complete CC-CEDICT gloss; POS from ECDICT	unquote
unscrew	拧开	v.	tem8	CC-CEDICT CC BY-SA 4.0	2026-06 CC-CEDICT line 49706	ning kai	CC-CEDICT CC BY-SA 4.0	0	exact complete CC-CEDICT gloss; POS from ECDICT	to unscrew
unscrupulously	不择手段	adv.	toefl	CC-CEDICT CC BY-SA 4.0	2026-06 CC-CEDICT line 2566	bu ze shou duan	Qingjian v0.1.4	478	exact complete CC-CEDICT gloss; POS from ECDICT	unscrupulously
unselfish	无私	adj.	toefl	CC-CEDICT CC BY-SA 4.0	2026-06 CC-CEDICT line 69983	wu si	Qingjian v0.1.4	700	exact complete CC-CEDICT gloss; POS from ECDICT	unselfish
unsuitable	不便	adj.	cet4,cet6,toefl	CC-CEDICT CC BY-SA 4.0	2026-06 CC-CEDICT line 2180	bu bian	Qingjian v0.1.4	1757	exact complete CC-CEDICT gloss; POS from ECDICT	unsuitable
unsure	不确定	adj.	toefl	KOReader dictionaries CC BY-SA 4.0	en-zh v1.2.0 source rank 2	bu que ding	Qingjian v0.1.4	4151	first gloss; matching POS and WordNet relation	source rank 2; COW synset=no; WordNet related=yes
unsuspecting	无猜	adj.	tem8	CC-CEDICT CC BY-SA 4.0	2026-06 CC-CEDICT line 69950	wu cai	CC-CEDICT CC BY-SA 4.0	0	exact complete CC-CEDICT gloss; POS from ECDICT	unsuspecting
untouchable	刀枪不入	adj.	tem8	CC-CEDICT CC BY-SA 4.0	2026-06 CC-CEDICT line 13405	dao qiang bu ru	Qingjian v0.1.4	150	exact complete CC-CEDICT gloss; POS from ECDICT	untouchable
unwary	麻痹大意	adj.	toefl	CC-CEDICT CC BY-SA 4.0	2026-06 CC-CEDICT line 123546	ma bi da yi	CC-CEDICT CC BY-SA 4.0	0	exact complete CC-CEDICT gloss; POS from ECDICT	unwary
unwitting	不知就里	adj.	tem8	CC-CEDICT CC BY-SA 4.0	2026-06 CC-CEDICT line 2731	bu zhi jiu li	Qingjian v0.1.4	5	exact complete CC-CEDICT gloss; POS from ECDICT	unwitting
upmarket	有腔调	adj.	tem8	CC-CEDICT CC BY-SA 4.0	2026-06 CC-CEDICT line 55108	you qiang diao	CC-CEDICT CC BY-SA 4.0	0	exact complete CC-CEDICT gloss; POS from ECDICT	upmarket
urbane	彬彬有礼	adj.	toefl	CC-CEDICT CC BY-SA 4.0	2026-06 CC-CEDICT line 39744	bin bin you li	Qingjian v0.1.4	77	exact complete CC-CEDICT gloss; POS from ECDICT	urbane
urbanize	都市化	v.	toefl	CC-CEDICT CC BY-SA 4.0	2026-06 CC-CEDICT line 109709	du shi hua	CC-CEDICT CC BY-SA 4.0	0	exact complete CC-CEDICT gloss; POS from ECDICT	to urbanize
usurer	大耳窿	n.	tem8	CC-CEDICT CC BY-SA 4.0	2026-06 CC-CEDICT line 28360	da er long	CC-CEDICT CC BY-SA 4.0	0	exact complete CC-CEDICT gloss; POS from ECDICT	usurer
vascular	维管	adj.	toefl	CC-CEDICT CC BY-SA 4.0	2026-06 CC-CEDICT line 86159	wei guan	CC-CEDICT CC BY-SA 4.0	0	exact complete CC-CEDICT gloss; POS from ECDICT	vascular
vaulted	穹形	adj.	toefl	CC-CEDICT CC BY-SA 4.0	2026-06 CC-CEDICT line 81927	qiong xing	CC-CEDICT CC BY-SA 4.0	0	exact complete CC-CEDICT gloss; POS from ECDICT	vaulted
vengeful	凶狠	adj.	tem8	CC-CEDICT CC BY-SA 4.0	2026-06 CC-CEDICT line 13046	xiong hen	Qingjian v0.1.4	235	exact complete CC-CEDICT gloss; POS from ECDICT	vengeful
videophone	可视电话	n.	tem8	CC-CEDICT CC BY-SA 4.0	2026-06 CC-CEDICT line 19298	ke shi dian hua	CC-CEDICT CC BY-SA 4.0	0	exact complete CC-CEDICT gloss; POS from ECDICT	videophone
vindictive	睚眦必报	adj.	tem8	CC-CEDICT CC BY-SA 4.0	2026-06 CC-CEDICT line 78568	ya zi bi bao	CC-CEDICT CC BY-SA 4.0	0	exact complete CC-CEDICT gloss; POS from ECDICT	vindictive
virile	阳刚	adj.	tem8	KOReader dictionaries CC BY-SA 4.0	en-zh v1.2.0 source rank 2	yang gang	Qingjian v0.1.4	70	first gloss; matching POS and WordNet relation	source rank 2; COW synset=no; WordNet related=yes
volcanism	火山活动	n.	toefl	CC-CEDICT CC BY-SA 4.0	2026-06 CC-CEDICT line 68904	huo shan huo dong	CC-CEDICT CC BY-SA 4.0	0	exact complete CC-CEDICT gloss; POS from ECDICT	volcanism
voluble	口若悬河	adj.	tem8	CC-CEDICT CC BY-SA 4.0	2026-06 CC-CEDICT line 18830	kou ruo xuan he	Qingjian v0.1.4	24	exact complete CC-CEDICT gloss; POS from ECDICT	voluble
wheedle	软磨硬泡	v.	toefl	CC-CEDICT CC BY-SA 4.0	2026-06 CC-CEDICT line 105892	ruan mo ying pao	Qingjian v0.1.4	24	exact complete CC-CEDICT gloss; POS from ECDICT	to wheedle
wily	狡猾	adj.	tem8	KOReader dictionaries CC BY-SA 4.0	en-zh v1.2.0 source rank 1	jiao hua	Qingjian v0.1.4	428	first gloss; matching POS and WordNet relation	source rank 1; COW synset=no; WordNet related=yes
wingless	无翅	adj.	toefl	CC-CEDICT CC BY-SA 4.0	2026-06 CC-CEDICT line 70030	wu chi	CC-CEDICT CC BY-SA 4.0	0	exact complete CC-CEDICT gloss; POS from ECDICT	wingless
woodwind	管乐器	n.	toefl	CC-CEDICT CC BY-SA 4.0	2026-06 CC-CEDICT line 83274	guan yue qi	Qingjian v0.1.4	91	exact complete CC-CEDICT gloss; POS from ECDICT	woodwind
workable	落实	adj.	toefl	CC-CEDICT CC BY-SA 4.0	2026-06 CC-CEDICT line 94837	luo shi	Qingjian v0.1.4	2135	exact complete CC-CEDICT gloss; POS from ECDICT	workable
yank	强拉	v.	tem8	CC-CEDICT CC BY-SA 4.0	2026-06 CC-CEDICT line 39416	qiang la	CC-CEDICT CC BY-SA 4.0	0	exact complete CC-CEDICT gloss; POS from ECDICT	to yank
zoological	动物学	adj.	ielts	CC-CEDICT CC BY-SA 4.0	2026-06 CC-CEDICT line 15644	dong wu xue	Qingjian v0.1.4	234	exact complete CC-CEDICT gloss; POS from ECDICT	zoological
