word	chinese	pos	targets	source	source_reference	pinyin	pinyin_source	pinyin_frequency	confidence	evidence
monoxide	一氧化物	n.	toefl	ECDICT MIT	ecdict.csv row 450905; POS gloss 1	yi yang hua wu	Rime ICE GPL-3.0	0	exact ECDICT POS-marked gloss; independently sourced pinyin key	Exact POS-marked ECDICT short gloss; pinyin: Rime ICE GPL-3.0
centenary	一百年	n.	tem8,ielts	ECDICT MIT	ecdict.csv row 122683; POS gloss 1	yi bai nian	Rime ICE GPL-3.0	0	exact ECDICT POS-marked gloss; independently sourced pinyin key	Exact POS-marked ECDICT short gloss; pinyin: Rime ICE GPL-3.0
platoon	一组	n.	tem8	ECDICT MIT	ecdict.csv row 535945; POS gloss 1	yi zu	Rime ICE GPL-3.0	0	exact ECDICT POS-marked gloss; independently sourced pinyin key	Exact POS-marked ECDICT short gloss; pinyin: Rime ICE GPL-3.0
undifferentiated	一致的	adj.	toefl	ECDICT MIT	ecdict.csv row 728740; POS gloss 2	yi zhi de	Rime ICE GPL-3.0	0	exact ECDICT POS-marked gloss; independently sourced pinyin key	Exact POS-marked ECDICT short gloss; pinyin: Rime ICE GPL-3.0
marital	丈夫的	adj.	tem8,toefl,ielts	ECDICT MIT	ecdict.csv row 423143; POS gloss 1	zhang fu de	Rime ICE GPL-3.0	0	exact ECDICT POS-marked gloss; independently sourced pinyin key	Exact POS-marked ECDICT short gloss; pinyin: Rime ICE GPL-3.0
conflicting	不一致的	adj.	toefl	ECDICT MIT	ecdict.csv row 156010; POS gloss 2	bu yi zhi de	Rime ICE GPL-3.0	0	exact ECDICT POS-marked gloss; independently sourced pinyin key	Exact POS-marked ECDICT short gloss; pinyin: Rime ICE GPL-3.0
invidious	不公平的	adj.	tem8	ECDICT MIT	ecdict.csv row 362788; POS gloss 3	bu gong ping de	Rime ICE GPL-3.0	0	exact ECDICT POS-marked gloss; independently sourced pinyin key	Exact POS-marked ECDICT short gloss; pinyin: Rime ICE GPL-3.0
asymmetry	不匀称	n.	ielts	ECDICT MIT	ecdict.csv row 53046; POS gloss 1	bu yun chen	Rime ICE GPL-3.0	0	exact ECDICT POS-marked gloss; independently sourced pinyin key	Exact POS-marked ECDICT short gloss; pinyin: Rime ICE GPL-3.0
intransitive	不及物动词	n.	tem8	ECDICT MIT	ecdict.csv row 361550; POS gloss 2	bu ji wu dong ci	CC-CEDICT CC BY-SA 4.0 + Rime ICE GPL-3.0	0	exact ECDICT POS-marked gloss; independently sourced pinyin key	Exact POS-marked ECDICT short gloss; pinyin: CC-CEDICT CC BY-SA 4.0 + Rime ICE GPL-3.0
immutable	不变的	adj.	toefl	ECDICT MIT	ecdict.csv row 344381; POS gloss 2	bu bian de	Rime ICE GPL-3.0	0	exact ECDICT POS-marked gloss; independently sourced pinyin key	Exact POS-marked ECDICT short gloss; pinyin: Rime ICE GPL-3.0
implacable	不变的	adj.	tem8	ECDICT MIT	ecdict.csv row 344986; POS gloss 3	bu bian de	Rime ICE GPL-3.0	0	exact ECDICT POS-marked gloss; independently sourced pinyin key	Exact POS-marked ECDICT short gloss; pinyin: Rime ICE GPL-3.0
unaltered	不变的	adj.	toefl	ECDICT MIT	ecdict.csv row 725990; POS gloss 2	bu bian de	Rime ICE GPL-3.0	0	exact ECDICT POS-marked gloss; independently sourced pinyin key	Exact POS-marked ECDICT short gloss; pinyin: Rime ICE GPL-3.0
unchangeable	不变的	adj.	toefl	ECDICT MIT	ecdict.csv row 726650; POS gloss 1	bu bian de	Rime ICE GPL-3.0	0	exact ECDICT POS-marked gloss; independently sourced pinyin key	Exact POS-marked ECDICT short gloss; pinyin: Rime ICE GPL-3.0
mysteriously	不可思议地	adv.	cet6,toefl	ECDICT MIT	ecdict.csv row 461171; POS gloss 2	bu ke si yi de	Rime ICE GPL-3.0	0	exact ECDICT POS-marked gloss; independently sourced pinyin key	Exact POS-marked ECDICT short gloss; pinyin: Rime ICE GPL-3.0
irreducible	不可约的	adj.	tem8	ECDICT MIT	ecdict.csv row 364813; POS gloss 3	bu ke yue de	Rime ICE GPL-3.0	0	exact ECDICT POS-marked gloss; independently sourced pinyin key	Exact POS-marked ECDICT short gloss; pinyin: Rime ICE GPL-3.0
anxiously	不安地	adv.	tem8,toefl	ECDICT MIT	ecdict.csv row 40526; POS gloss 2	bu an de	Rime ICE GPL-3.0	0	exact ECDICT POS-marked gloss; independently sourced pinyin key	Exact POS-marked ECDICT short gloss; pinyin: Rime ICE GPL-3.0
reluctantly	不情愿地	adv.	toefl	ECDICT MIT	ecdict.csv row 588092; POS gloss 1	bu qing yuan de	Rime ICE GPL-3.0	0	exact ECDICT POS-marked gloss; independently sourced pinyin key	Exact POS-marked ECDICT short gloss; pinyin: Rime ICE GPL-3.0
unwillingly	不情愿地	adv.	toefl	ECDICT MIT	ecdict.csv row 733909; POS gloss 1	bu qing yuan de	Rime ICE GPL-3.0	0	exact ECDICT POS-marked gloss; independently sourced pinyin key	Exact POS-marked ECDICT short gloss; pinyin: Rime ICE GPL-3.0
cheerless	不愉快的	adj.	toefl	ECDICT MIT	ecdict.csv row 128643; POS gloss 1	bu yu kuai de	Rime ICE GPL-3.0	0	exact ECDICT POS-marked gloss; independently sourced pinyin key	Exact POS-marked ECDICT short gloss; pinyin: Rime ICE GPL-3.0
sustained	不懈的	adj.	toefl	ECDICT MIT	ecdict.csv row 678920; POS gloss 4	bu xie de	Rime ICE GPL-3.0	0	exact ECDICT POS-marked gloss; independently sourced pinyin key	Exact POS-marked ECDICT short gloss; pinyin: Rime ICE GPL-3.0
monumental	不朽的	adj.	tem8,toefl,ielts	ECDICT MIT	ecdict.csv row 451285; POS gloss 3	bu xiu de	Rime ICE GPL-3.0	0	exact ECDICT POS-marked gloss; independently sourced pinyin key	Exact POS-marked ECDICT short gloss; pinyin: Rime ICE GPL-3.0
unfairly	不正当地	adv.	toefl	ECDICT MIT	ecdict.csv row 729279; POS gloss 1	bu zheng dang di	Rime ICE GPL-3.0	0	exact ECDICT POS-marked gloss; independently sourced pinyin key	Exact POS-marked ECDICT short gloss; pinyin: Rime ICE GPL-3.0
unproductive	不毛的	adj.	toefl	ECDICT MIT	ecdict.csv row 732300; POS gloss 3	bu mao de	Rime ICE GPL-3.0	0	exact ECDICT POS-marked gloss; independently sourced pinyin key	Exact POS-marked ECDICT short gloss; pinyin: Rime ICE GPL-3.0
dissatisfy	不满足	v.	cet4,cet6,tem4,tem8,toefl	ECDICT MIT	ecdict.csv row 206526; POS gloss 2	bu man zu	Rime ICE GPL-3.0	0	exact ECDICT POS-marked gloss; independently sourced pinyin key	Exact POS-marked ECDICT short gloss; pinyin: Rime ICE GPL-3.0
oblivious	不知不觉的	adj.	tem4,tem8,toefl,ielts	ECDICT MIT	ecdict.csv row 483742; POS gloss 3	bu zhi bu jue de	Rime ICE GPL-3.0	0	exact ECDICT POS-marked gloss; independently sourced pinyin key	Exact POS-marked ECDICT short gloss; pinyin: Rime ICE GPL-3.0
indefinable	不确定的	adj.	tem8	ECDICT MIT	ecdict.csv row 349724; POS gloss 2	bu que ding de	Rime ICE GPL-3.0	0	exact ECDICT POS-marked gloss; independently sourced pinyin key	Exact POS-marked ECDICT short gloss; pinyin: Rime ICE GPL-3.0
loosely	不紧	adv.	cet6,toefl	ECDICT MIT	ecdict.csv row 408170; POS gloss 3	bu jin	Rime ICE GPL-3.0	0	exact ECDICT POS-marked gloss; independently sourced pinyin key	Exact POS-marked ECDICT short gloss; pinyin: Rime ICE GPL-3.0
irresponsibly	不负责任地	adv.	toefl	ECDICT MIT	ecdict.csv row 364962; POS gloss 1	bu fu ze ren de	Rime ICE GPL-3.0	0	exact ECDICT POS-marked gloss; independently sourced pinyin key	Exact POS-marked ECDICT short gloss; pinyin: Rime ICE GPL-3.0
inadequately	不适当地	adv.	toefl	ECDICT MIT	ecdict.csv row 348018; POS gloss 1	bu shi dang di	Rime ICE GPL-3.0	0	exact ECDICT POS-marked gloss; independently sourced pinyin key	Exact POS-marked ECDICT short gloss; pinyin: Rime ICE GPL-3.0
incorrectly	不适当地	adv.	toefl	ECDICT MIT	ecdict.csv row 349279; POS gloss 2	bu shi dang di	Rime ICE GPL-3.0	0	exact ECDICT POS-marked gloss; independently sourced pinyin key	Exact POS-marked ECDICT short gloss; pinyin: Rime ICE GPL-3.0
unduly	不适当地	adv.	tem8	ECDICT MIT	ecdict.csv row 728958; POS gloss 1	bu shi dang di	Rime ICE GPL-3.0	0	exact ECDICT POS-marked gloss; independently sourced pinyin key	Exact POS-marked ECDICT short gloss; pinyin: Rime ICE GPL-3.0
grouchy	不高兴的	adj.	toefl	ECDICT MIT	ecdict.csv row 305644; POS gloss 1	bu gao xing de	Rime ICE GPL-3.0	0	exact ECDICT POS-marked gloss; independently sourced pinyin key	Exact POS-marked ECDICT short gloss; pinyin: Rime ICE GPL-3.0
glossary	专业词典	n.	cet6,tem4,tem8,toefl,ielts	ECDICT MIT	ecdict.csv row 296596; POS gloss 1	zhuan ye ci dian	Rime ICE GPL-3.0	0	exact ECDICT POS-marked gloss; independently sourced pinyin key	Exact POS-marked ECDICT short gloss; pinyin: Rime ICE GPL-3.0
cosmopolitan	世界性的	adj.	tem4,tem8,toefl,ielts	ECDICT MIT	ecdict.csv row 165690; POS gloss 2	shi jie xing de	Rime ICE GPL-3.0	0	exact ECDICT POS-marked gloss; independently sourced pinyin key	Exact POS-marked ECDICT short gloss; pinyin: Rime ICE GPL-3.0
grimly	严格地	adv.	toefl	ECDICT MIT	ecdict.csv row 304997; POS gloss 1	yan ge de	Rime ICE GPL-3.0	0	exact ECDICT POS-marked gloss; independently sourced pinyin key	Exact POS-marked ECDICT short gloss; pinyin: Rime ICE GPL-3.0
rigidly	严格地	adv.	toefl	ECDICT MIT	ecdict.csv row 598450; POS gloss 1	yan ge de	Rime ICE GPL-3.0	0	exact ECDICT POS-marked gloss; independently sourced pinyin key	Exact POS-marked ECDICT short gloss; pinyin: Rime ICE GPL-3.0
centric	中心的	adj.	toefl	ECDICT MIT	ecdict.csv row 123277; POS gloss 1	zhong xin de	Rime ICE GPL-3.0	0	exact ECDICT POS-marked gloss; independently sourced pinyin key	Exact POS-marked ECDICT short gloss; pinyin: Rime ICE GPL-3.0
mesozoic	中生代	n.	toefl	ECDICT MIT	ecdict.csv row 435292; POS gloss 1	zhong sheng dai	CC-CEDICT CC BY-SA 4.0 + Rime ICE GPL-3.0	0	exact ECDICT POS-marked gloss; independently sourced pinyin key	Exact POS-marked ECDICT short gloss; pinyin: CC-CEDICT CC BY-SA 4.0 + Rime ICE GPL-3.0
mid	中间的	adj.	tem4,tem8,ielts	ECDICT MIT	ecdict.csv row 440959; POS gloss 1	zhong jian de	Rime ICE GPL-3.0	0	exact ECDICT POS-marked gloss; independently sourced pinyin key	Exact POS-marked ECDICT short gloss; pinyin: Rime ICE GPL-3.0
abundantly	丰富地	adv.	toefl	ECDICT MIT	ecdict.csv row 4987; POS gloss 2	feng fu di	Rime ICE GPL-3.0	0	exact ECDICT POS-marked gloss; independently sourced pinyin key	Exact POS-marked ECDICT short gloss; pinyin: Rime ICE GPL-3.0
plentifully	丰富地	adv.	toefl	ECDICT MIT	ecdict.csv row 536774; POS gloss 1	feng fu di	Rime ICE GPL-3.0	0	exact ECDICT POS-marked gloss; independently sourced pinyin key	Exact POS-marked ECDICT short gloss; pinyin: Rime ICE GPL-3.0
richly	丰富地	adv.	toefl	ECDICT MIT	ecdict.csv row 597374; POS gloss 2	feng fu di	Rime ICE GPL-3.0	0	exact ECDICT POS-marked gloss; independently sourced pinyin key	Exact POS-marked ECDICT short gloss; pinyin: Rime ICE GPL-3.0
thematic	主题的	adj.	tem8	ECDICT MIT	ecdict.csv row 697128; POS gloss 2	zhu ti de	Rime ICE GPL-3.0	0	exact ECDICT POS-marked gloss; independently sourced pinyin key	Exact POS-marked ECDICT short gloss; pinyin: Rime ICE GPL-3.0
mouldy	乏味的	adj.	toefl	ECDICT MIT	ecdict.csv row 453806; POS gloss 3	fa wei de	Rime ICE GPL-3.0	0	exact ECDICT POS-marked gloss; independently sourced pinyin key	Exact POS-marked ECDICT short gloss; pinyin: Rime ICE GPL-3.0
threadbare	乏味的	adj.	tem8	ECDICT MIT	ecdict.csv row 700526; POS gloss 5	fa wei de	Rime ICE GPL-3.0	0	exact ECDICT POS-marked gloss; independently sourced pinyin key	Exact POS-marked ECDICT short gloss; pinyin: Rime ICE GPL-3.0
unattractive	乏味的	adj.	toefl	ECDICT MIT	ecdict.csv row 726197; POS gloss 3	fa wei de	Rime ICE GPL-3.0	0	exact ECDICT POS-marked gloss; independently sourced pinyin key	Exact POS-marked ECDICT short gloss; pinyin: Rime ICE GPL-3.0
bookseller	书商	n.	tem8	ECDICT MIT	ecdict.csv row 92472; POS gloss 1	shu shang	Rime ICE GPL-3.0	0	exact ECDICT POS-marked gloss; independently sourced pinyin key	Exact POS-marked ECDICT short gloss; pinyin: Rime ICE GPL-3.0
quadratic	二次方程式	n.	tem8	ECDICT MIT	ecdict.csv row 569781; POS gloss 2	er ci fang cheng shi	Rime ICE GPL-3.0	0	exact ECDICT POS-marked gloss; independently sourced pinyin key	Exact POS-marked ECDICT short gloss; pinyin: Rime ICE GPL-3.0
hereof	于此	adv.	tem8	ECDICT MIT	ecdict.csv row 322002; POS gloss 1	yu ci	Rime ICE GPL-3.0	0	exact ECDICT POS-marked gloss; independently sourced pinyin key	Exact POS-marked ECDICT short gloss; pinyin: Rime ICE GPL-3.0
owing	亏欠的	adj.	cet4,tem4,tem8	ECDICT MIT	ecdict.csv row 503106; POS gloss 2	kui qian de	Rime ICE GPL-3.0	0	exact ECDICT POS-marked gloss; independently sourced pinyin key	Exact POS-marked ECDICT short gloss; pinyin: Rime ICE GPL-3.0
quintet	五重奏	n.	tem8	ECDICT MIT	ecdict.csv row 572467; POS gloss 4	wu chong zou	Rime ICE GPL-3.0	0	exact ECDICT POS-marked gloss; independently sourced pinyin key	Exact POS-marked ECDICT short gloss; pinyin: Rime ICE GPL-3.0
criss-cross	交叉的	adj.	toefl	ECDICT MIT	ecdict.csv row 171300; POS gloss 3	jiao cha de	Rime ICE GPL-3.0	0	exact ECDICT POS-marked gloss; independently sourced pinyin key	Exact POS-marked ECDICT short gloss; pinyin: Rime ICE GPL-3.0
exchanger	交换器	n.	toefl	ECDICT MIT	ecdict.csv row 244179; POS gloss 1	jiao huan qi	CC-CEDICT CC BY-SA 4.0 + Rime ICE GPL-3.0	0	exact ECDICT POS-marked gloss; independently sourced pinyin key	Exact POS-marked ECDICT short gloss; pinyin: CC-CEDICT CC BY-SA 4.0 + Rime ICE GPL-3.0
courteously	亲切地	adv.	toefl	ECDICT MIT	ecdict.csv row 168038; POS gloss 1	qin qie de	Rime ICE GPL-3.0	0	exact ECDICT POS-marked gloss; independently sourced pinyin key	Exact POS-marked ECDICT short gloss; pinyin: Rime ICE GPL-3.0
intimately	亲切地	adv.	toefl	ECDICT MIT	ecdict.csv row 361067; POS gloss 1	qin qie de	Rime ICE GPL-3.0	0	exact ECDICT POS-marked gloss; independently sourced pinyin key	Exact POS-marked ECDICT short gloss; pinyin: Rime ICE GPL-3.0
obligingly	亲切地	adv.	tem8	ECDICT MIT	ecdict.csv row 483664; POS gloss 1	qin qie de	Rime ICE GPL-3.0	0	exact ECDICT POS-marked gloss; independently sourced pinyin key	Exact POS-marked ECDICT short gloss; pinyin: Rime ICE GPL-3.0
pleasantly	亲切地	adv.	toefl	ECDICT MIT	ecdict.csv row 536528; POS gloss 2	qin qie de	Rime ICE GPL-3.0	0	exact ECDICT POS-marked gloss; independently sourced pinyin key	Exact POS-marked ECDICT short gloss; pinyin: Rime ICE GPL-3.0
artificially	人为地	adv.	toefl	ECDICT MIT	ecdict.csv row 49262; POS gloss 2	ren wei de	Rime ICE GPL-3.0	0	exact ECDICT POS-marked gloss; independently sourced pinyin key	Exact POS-marked ECDICT short gloss; pinyin: Rime ICE GPL-3.0
artefact	人工制品	n.	ielts	ECDICT MIT	ecdict.csv row 47930; POS gloss 1	ren gong zhi pin	Rime ICE GPL-3.0	0	exact ECDICT POS-marked gloss; independently sourced pinyin key	Exact POS-marked ECDICT short gloss; pinyin: Rime ICE GPL-3.0
ethnic	人种的	adj.	cet6,tem4,tem8,toefl,ielts	ECDICT MIT	ecdict.csv row 240242; POS gloss 1	ren zhong de	Rime ICE GPL-3.0	0	exact ECDICT POS-marked gloss; independently sourced pinyin key	Exact POS-marked ECDICT short gloss; pinyin: Rime ICE GPL-3.0
racial	人种的	adj.	cet4,cet6,tem8,toefl	ECDICT MIT	ecdict.csv row 573307; POS gloss 1	ren zhong de	Rime ICE GPL-3.0	0	exact ECDICT POS-marked gloss; independently sourced pinyin key	Exact POS-marked ECDICT short gloss; pinyin: Rime ICE GPL-3.0
humanist	人道主义者	n.	tem8,toefl	ECDICT MIT	ecdict.csv row 333900; POS gloss 1	ren dao zhu yi zhe	Rime ICE GPL-3.0	0	exact ECDICT POS-marked gloss; independently sourced pinyin key	Exact POS-marked ECDICT short gloss; pinyin: Rime ICE GPL-3.0
mercifully	仁慈地	adv.	tem4	ECDICT MIT	ecdict.csv row 433687; POS gloss 1	ren ci de	Rime ICE GPL-3.0	0	exact ECDICT POS-marked gloss; independently sourced pinyin key	Exact POS-marked ECDICT short gloss; pinyin: Rime ICE GPL-3.0
introductory	介绍的	adj.	tem4,tem8,toefl	ECDICT MIT	ecdict.csv row 361912; POS gloss 1	jie shao de	Rime ICE GPL-3.0	0	exact ECDICT POS-marked gloss; independently sourced pinyin key	Exact POS-marked ECDICT short gloss; pinyin: Rime ICE GPL-3.0
humanly	从人的角度	adv.	tem8	ECDICT MIT	ecdict.csv row 333925; POS gloss 1	cong ren de jiao du	Rime ICE GPL-3.0	0	exact ECDICT POS-marked gloss; independently sourced pinyin key	Exact POS-marked ECDICT short gloss; pinyin: Rime ICE GPL-3.0
finely	仔细地	adv.	cet6,tem8,toefl	ECDICT MIT	ecdict.csv row 261241; POS gloss 2	zi xi de	Rime ICE GPL-3.0	0	exact ECDICT POS-marked gloss; independently sourced pinyin key	Exact POS-marked ECDICT short gloss; pinyin: Rime ICE GPL-3.0
vicarious	代理的	adj.	tem8	ECDICT MIT	ecdict.csv row 744246; POS gloss 1	dai li de	Rime ICE GPL-3.0	0	exact ECDICT POS-marked gloss; independently sourced pinyin key	Exact POS-marked ECDICT short gloss; pinyin: Rime ICE GPL-3.0
persuasively	令人信服地	adv.	toefl	ECDICT MIT	ecdict.csv row 522882; POS gloss 2	ling ren xin fu de	Rime ICE GPL-3.0	0	exact ECDICT POS-marked gloss; independently sourced pinyin key	Exact POS-marked ECDICT short gloss; pinyin: Rime ICE GPL-3.0
amazingly	令人惊讶地	adv.	toefl	ECDICT MIT	ecdict.csv row 27933; POS gloss 1	ling ren jing ya de	Rime ICE GPL-3.0	0	exact ECDICT POS-marked gloss; independently sourced pinyin key	Exact POS-marked ECDICT short gloss; pinyin: Rime ICE GPL-3.0
repellent	令人讨厌的	adj.	tem8	ECDICT MIT	ecdict.csv row 589650; POS gloss 3	ling ren tao yan de	Rime ICE GPL-3.0	0	exact ECDICT POS-marked gloss; independently sourced pinyin key	Exact POS-marked ECDICT short gloss; pinyin: Rime ICE GPL-3.0
favoured	优惠的	adj.	tem4	ECDICT MIT	ecdict.csv row 254826; POS gloss 2	you hui de	Rime ICE GPL-3.0	0	exact ECDICT POS-marked gloss; independently sourced pinyin key	Exact POS-marked ECDICT short gloss; pinyin: Rime ICE GPL-3.0
congressional	会议的	adj.	toefl	ECDICT MIT	ecdict.csv row 156451; POS gloss 1	hui yi de	Rime ICE GPL-3.0	0	exact ECDICT POS-marked gloss; independently sourced pinyin key	Exact POS-marked ECDICT short gloss; pinyin: Rime ICE GPL-3.0
biographer	传记作者	n.	toefl	ECDICT MIT	ecdict.csv row 83437; POS gloss 1	zhuan ji zuo zhe	Rime ICE GPL-3.0	0	exact ECDICT POS-marked gloss; independently sourced pinyin key	Exact POS-marked ECDICT short gloss; pinyin: Rime ICE GPL-3.0
londoner	伦敦人	n.	toefl	ECDICT MIT	ecdict.csv row 406908; POS gloss 1	lun dun ren	Rime ICE GPL-3.0	0	exact ECDICT POS-marked gloss; independently sourced pinyin key	Exact POS-marked ECDICT short gloss; pinyin: Rime ICE GPL-3.0
uptown	住宅区	n.	tem4,tem8	ECDICT MIT	ecdict.csv row 734760; POS gloss 2	zhu zhai qu	CC-CEDICT CC BY-SA 4.0 + Rime ICE GPL-3.0	0	exact ECDICT POS-marked gloss; independently sourced pinyin key	Exact POS-marked ECDICT short gloss; pinyin: CC-CEDICT CC BY-SA 4.0 + Rime ICE GPL-3.0
thoughtfully	体贴地	adv.	toefl	ECDICT MIT	ecdict.csv row 700429; POS gloss 2	ti tie de	Rime ICE GPL-3.0	0	exact ECDICT POS-marked gloss; independently sourced pinyin key	Exact POS-marked ECDICT short gloss; pinyin: Rime ICE GPL-3.0
discompose	使不安	v.	toefl	ECDICT MIT	ecdict.csv row 204326; POS gloss 1	shi bu an	Rime ICE GPL-3.0	0	exact ECDICT POS-marked gloss; independently sourced pinyin key	Exact POS-marked ECDICT short gloss; pinyin: Rime ICE GPL-3.0
convincingly	使人信服	adv.	toefl	ECDICT MIT	ecdict.csv row 161416; POS gloss 2	shi ren xin fu	CC-CEDICT CC BY-SA 4.0	0	exact ECDICT POS-marked gloss; verified batch 11 pinyin key	Exact POS-marked ECDICT short gloss; pinyin: CC-CEDICT CC BY-SA 4.0
elate	使得意	v.	tem4	ECDICT MIT	ecdict.csv row 224820; POS gloss 2	shi de yi	Rime ICE GPL-3.0	0	exact ECDICT POS-marked gloss; independently sourced pinyin key	Exact POS-marked ECDICT short gloss; pinyin: Rime ICE GPL-3.0
liven	使高兴	v.	tem8	ECDICT MIT	ecdict.csv row 404261; POS gloss 1	shi gao xing	Rime ICE GPL-3.0	0	exact ECDICT POS-marked gloss; independently sourced pinyin key	Exact POS-marked ECDICT short gloss; pinyin: Rime ICE GPL-3.0
trespasser	侵入者	n.	toefl	ECDICT MIT	ecdict.csv row 714629; POS gloss 3	qin ru zhe	CC-CEDICT CC BY-SA 4.0	0	exact ECDICT POS-marked gloss; verified batch 11 pinyin key	Exact POS-marked ECDICT short gloss; pinyin: CC-CEDICT CC BY-SA 4.0
sloping	倾斜的	adj.	toefl	ECDICT MIT	ecdict.csv row 641725; POS gloss 2	qing xie de	Rime ICE GPL-3.0	0	exact ECDICT POS-marked gloss; independently sourced pinyin key	Exact POS-marked ECDICT short gloss; pinyin: Rime ICE GPL-3.0
falsetto	假音	n.	tem8	ECDICT MIT	ecdict.csv row 251430; POS gloss 1	jia yin	CC-CEDICT CC BY-SA 4.0 + Rime ICE GPL-3.0	0	exact ECDICT POS-marked gloss; independently sourced pinyin key	Exact POS-marked ECDICT short gloss; pinyin: CC-CEDICT CC BY-SA 4.0 + Rime ICE GPL-3.0
downtime	停工期	n.	tem8	ECDICT MIT	ecdict.csv row 213030; POS gloss 1	ting gong qi	Rime ICE GPL-3.0	0	exact ECDICT POS-marked gloss; independently sourced pinyin key	Exact POS-marked ECDICT short gloss; pinyin: Rime ICE GPL-3.0
lusty	健壮的	adj.	toefl	ECDICT MIT	ecdict.csv row 411822; POS gloss 1	jian zhuang de	Rime ICE GPL-3.0	0	exact ECDICT POS-marked gloss; independently sourced pinyin key	Exact POS-marked ECDICT short gloss; pinyin: Rime ICE GPL-3.0
idolatry	偶像崇拜	n.	tem8	ECDICT MIT	ecdict.csv row 341968; POS gloss 1	ou xiang chong bai	Rime ICE GPL-3.0	0	exact ECDICT POS-marked gloss; independently sourced pinyin key	Exact POS-marked ECDICT short gloss; pinyin: Rime ICE GPL-3.0
sneakily	偷偷摸摸地	adv.	tem8	ECDICT MIT	ecdict.csv row 643595; POS gloss 1	tou tou mo mo de	Rime ICE GPL-3.0	0	exact ECDICT POS-marked gloss; independently sourced pinyin key	Exact POS-marked ECDICT short gloss; pinyin: Rime ICE GPL-3.0
duly	充分地	adv.	tem4,tem8,ielts	ECDICT MIT	ecdict.csv row 217015; POS gloss 2	chong fen de	Rime ICE GPL-3.0	0	exact ECDICT POS-marked gloss; independently sourced pinyin key	Exact POS-marked ECDICT short gloss; pinyin: Rime ICE GPL-3.0
plenary	充分的	adj.	tem4,tem8	ECDICT MIT	ecdict.csv row 536742; POS gloss 1	chong fen de	Rime ICE GPL-3.0	0	exact ECDICT POS-marked gloss; independently sourced pinyin key	Exact POS-marked ECDICT short gloss; pinyin: Rime ICE GPL-3.0
aboveboard	光明正大地	adv.	tem8	ECDICT MIT	ecdict.csv row 3878; POS gloss 1	guang ming zheng da de	Rime ICE GPL-3.0	0	exact ECDICT POS-marked gloss; independently sourced pinyin key	Exact POS-marked ECDICT short gloss; pinyin: Rime ICE GPL-3.0
blip	光点	n.	toefl	ECDICT MIT	ecdict.csv row 87950; POS gloss 1	guang dian	Rime ICE GPL-3.0	0	exact ECDICT POS-marked gloss; independently sourced pinyin key	Exact POS-marked ECDICT short gloss; pinyin: Rime ICE GPL-3.0
photosphere	光球	n.	toefl	ECDICT MIT	ecdict.csv row 528471; POS gloss 1	guang qiu	Rime ICE GPL-3.0	0	exact ECDICT POS-marked gloss; independently sourced pinyin key	Exact POS-marked ECDICT short gloss; pinyin: Rime ICE GPL-3.0
stagecoach	公共马车	n.	toefl	ECDICT MIT	ecdict.csv row 657732; POS gloss 1	gong gong ma che	Rime ICE GPL-3.0	0	exact ECDICT POS-marked gloss; independently sourced pinyin key	Exact POS-marked ECDICT short gloss; pinyin: Rime ICE GPL-3.0
unprejudiced	公正的	adj.	tem8,ielts	ECDICT MIT	ecdict.csv row 732253; POS gloss 3	gong zheng de	Rime ICE GPL-3.0	0	exact ECDICT POS-marked gloss; independently sourced pinyin key	Exact POS-marked ECDICT short gloss; pinyin: Rime ICE GPL-3.0
resonator	共鸣器	n.	toefl	ECDICT MIT	ecdict.csv row 592141; POS gloss 1	gong ming qi	Rime ICE GPL-3.0	0	exact ECDICT POS-marked gloss; independently sourced pinyin key	Exact POS-marked ECDICT short gloss; pinyin: Rime ICE GPL-3.0
keywords	关键字	n.	ielts	ECDICT MIT	ecdict.csv row 378379; POS gloss 1	guan jian zi	CC-CEDICT CC BY-SA 4.0 + Rime ICE GPL-3.0	0	exact ECDICT POS-marked gloss; independently sourced pinyin key	Exact POS-marked ECDICT short gloss; pinyin: CC-CEDICT CC BY-SA 4.0 + Rime ICE GPL-3.0
keys	关键帧	n.	ielts	ECDICT MIT	ecdict.csv row 378315; POS gloss 1	guan jian zhen	Rime ICE GPL-3.0	0	exact ECDICT POS-marked gloss; independently sourced pinyin key	Exact POS-marked ECDICT short gloss; pinyin: Rime ICE GPL-3.0
feverishly	兴奋地	adv.	toefl	ECDICT MIT	ecdict.csv row 258038; POS gloss 1	xing fen de	Rime ICE GPL-3.0	0	exact ECDICT POS-marked gloss; independently sourced pinyin key	Exact POS-marked ECDICT short gloss; pinyin: Rime ICE GPL-3.0
stereotypical	典型的	adj.	tem8,toefl	ECDICT MIT	ecdict.csv row 662927; POS gloss 1	dian xing de	Rime ICE GPL-3.0	0	exact ECDICT POS-marked gloss; independently sourced pinyin key	Exact POS-marked ECDICT short gloss; pinyin: Rime ICE GPL-3.0
endocrinology	内分泌学	n.	toefl	ECDICT MIT	ecdict.csv row 231263; POS gloss 1	nei fen mi xue	Rime ICE GPL-3.0	0	exact ECDICT POS-marked gloss; independently sourced pinyin key	Exact POS-marked ECDICT short gloss; pinyin: Rime ICE GPL-3.0
internist	内科医师	n.	ielts	ECDICT MIT	ecdict.csv row 359895; POS gloss 1	nei ke yi shi	Rime ICE GPL-3.0	0	exact ECDICT POS-marked gloss; independently sourced pinyin key	Exact POS-marked ECDICT short gloss; pinyin: Rime ICE GPL-3.0
revaluation	再评价	n.	tem8	ECDICT MIT	ecdict.csv row 594592; POS gloss 1	zai ping jia	Rime ICE GPL-3.0	0	exact ECDICT POS-marked gloss; independently sourced pinyin key	Exact POS-marked ECDICT short gloss; pinyin: Rime ICE GPL-3.0
adventurism	冒险主义	n.	tem8	ECDICT MIT	ecdict.csv row 15194; POS gloss 1	mao xian zhu yi	CC-CEDICT CC BY-SA 4.0 + Rime ICE GPL-3.0	0	exact ECDICT POS-marked gloss; independently sourced pinyin key	Exact POS-marked ECDICT short gloss; pinyin: CC-CEDICT CC BY-SA 4.0 + Rime ICE GPL-3.0
agriculturally	农业地	adv.	toefl	ECDICT MIT	ecdict.csv row 18672; POS gloss 1	nong ye di	Rime ICE GPL-3.0	0	exact ECDICT POS-marked gloss; independently sourced pinyin key	Exact POS-marked ECDICT short gloss; pinyin: Rime ICE GPL-3.0
agriculturalist	农学家	n.	toefl	ECDICT MIT	ecdict.csv row 18670; POS gloss 1	nong xue jia	Rime ICE GPL-3.0	0	exact ECDICT POS-marked gloss; independently sourced pinyin key	Exact POS-marked ECDICT short gloss; pinyin: Rime ICE GPL-3.0
libraries	函数库	n.	ielts	ECDICT MIT	ecdict.csv row 397305; POS gloss 1	han shu ku	Rime ICE GPL-3.0	0	exact ECDICT POS-marked gloss; independently sourced pinyin key	Exact POS-marked ECDICT short gloss; pinyin: Rime ICE GPL-3.0
analytical	分析的	adj.	cet6,tem8,ielts	ECDICT MIT	ecdict.csv row 32219; POS gloss 1	fen xi de	Rime ICE GPL-3.0	0	exact ECDICT POS-marked gloss; independently sourced pinyin key	Exact POS-marked ECDICT short gloss; pinyin: Rime ICE GPL-3.0
penal	刑罚的	adj.	toefl	ECDICT MIT	ecdict.csv row 517789; POS gloss 3	xing fa de	Rime ICE GPL-3.0	0	exact ECDICT POS-marked gloss; independently sourced pinyin key	Exact POS-marked ECDICT short gloss; pinyin: Rime ICE GPL-3.0
entrepreneurial	创业的	adj.	toefl,ielts	ECDICT MIT	ecdict.csv row 233958; POS gloss 1	chuang ye de	Rime ICE GPL-3.0	0	exact ECDICT POS-marked gloss; independently sourced pinyin key	Exact POS-marked ECDICT short gloss; pinyin: Rime ICE GPL-3.0
embryonic	初期的	adj.	toefl	ECDICT MIT	ecdict.csv row 228708; POS gloss 2	chu qi de	Rime ICE GPL-3.0	0	exact ECDICT POS-marked gloss; independently sourced pinyin key	Exact POS-marked ECDICT short gloss; pinyin: Rime ICE GPL-3.0
primeval	初期的	adj.	toefl	ECDICT MIT	ecdict.csv row 553563; POS gloss 1	chu qi de	Rime ICE GPL-3.0	0	exact ECDICT POS-marked gloss; independently sourced pinyin key	Exact POS-marked ECDICT short gloss; pinyin: Rime ICE GPL-3.0
wrought	制成的	adj.	toefl,ielts	ECDICT MIT	ecdict.csv row 764184; POS gloss 1	zhi cheng de	Rime ICE GPL-3.0	0	exact ECDICT POS-marked gloss; independently sourced pinyin key	Exact POS-marked ECDICT short gloss; pinyin: Rime ICE GPL-3.0
shoemaking	制鞋业	n.	toefl	ECDICT MIT	ecdict.csv row 632048; POS gloss 1	zhi xie ye	Rime ICE GPL-3.0	0	exact ECDICT POS-marked gloss; independently sourced pinyin key	Exact POS-marked ECDICT short gloss; pinyin: Rime ICE GPL-3.0
stinger	刺激者	n.	toefl	ECDICT MIT	ecdict.csv row 663961; POS gloss 1	ci ji zhe	Rime ICE GPL-3.0	0	exact ECDICT POS-marked gloss; independently sourced pinyin key	Exact POS-marked ECDICT short gloss; pinyin: Rime ICE GPL-3.0
rasp	刺耳声	n.	tem8	ECDICT MIT	ecdict.csv row 577306; POS gloss 2	ci er sheng	Rime ICE GPL-3.0	0	exact ECDICT POS-marked gloss; independently sourced pinyin key	Exact POS-marked ECDICT short gloss; pinyin: Rime ICE GPL-3.0
foregoing	前面的	adj.	tem8	ECDICT MIT	ecdict.csv row 270663; POS gloss 1	qian mian de	Rime ICE GPL-3.0	0	exact ECDICT POS-marked gloss; independently sourced pinyin key	Exact POS-marked ECDICT short gloss; pinyin: Rime ICE GPL-3.0
copilot	副驾驶员	n.	toefl	ECDICT MIT	ecdict.csv row 162216; POS gloss 1	fu jia shi yuan	CC-CEDICT CC BY-SA 4.0 + Rime ICE GPL-3.0	0	exact ECDICT POS-marked gloss; independently sourced pinyin key	Exact POS-marked ECDICT short gloss; pinyin: CC-CEDICT CC BY-SA 4.0 + Rime ICE GPL-3.0
appealing	动人的	adj.	cet4,cet6,tem8,toefl	ECDICT MIT	ecdict.csv row 42198; POS gloss 2	dong ren de	Rime ICE GPL-3.0	0	exact ECDICT POS-marked gloss; independently sourced pinyin key	Exact POS-marked ECDICT short gloss; pinyin: Rime ICE GPL-3.0
fetching	动人的	adj.	tem8	ECDICT MIT	ecdict.csv row 257842; POS gloss 1	dong ren de	Rime ICE GPL-3.0	0	exact ECDICT POS-marked gloss; independently sourced pinyin key	Exact POS-marked ECDICT short gloss; pinyin: Rime ICE GPL-3.0
digestive	助消化药	n.	tem8,toefl,ielts	ECDICT MIT	ecdict.csv row 199778; POS gloss 3	zhu xiao hua yao	Rime ICE GPL-3.0	0	exact ECDICT POS-marked gloss; independently sourced pinyin key	Exact POS-marked ECDICT short gloss; pinyin: Rime ICE GPL-3.0
ajar	半开	adv.	tem8,toefl	ECDICT MIT	ecdict.csv row 20645; POS gloss 5	ban kai	Rime ICE GPL-3.0	0	exact ECDICT POS-marked gloss; independently sourced pinyin key	Exact POS-marked ECDICT short gloss; pinyin: Rime ICE GPL-3.0
predominant	卓越的	adj.	cet6,tem8,toefl,ielts	ECDICT MIT	ecdict.csv row 549725; POS gloss 2	zhuo yue de	Rime ICE GPL-3.0	0	exact ECDICT POS-marked gloss; independently sourced pinyin key	Exact POS-marked ECDICT short gloss; pinyin: Rime ICE GPL-3.0
transcendental	卓越的	adj.	tem8	ECDICT MIT	ecdict.csv row 711553; POS gloss 1	zhuo yue de	Rime ICE GPL-3.0	0	exact ECDICT POS-marked gloss; independently sourced pinyin key	Exact POS-marked ECDICT short gloss; pinyin: Rime ICE GPL-3.0
healthful	卫生的	adj.	toefl	ECDICT MIT	ecdict.csv row 316942; POS gloss 3	wei sheng de	Rime ICE GPL-3.0	0	exact ECDICT POS-marked gloss; independently sourced pinyin key	Exact POS-marked ECDICT short gloss; pinyin: Rime ICE GPL-3.0
indus	印度河	n.	toefl	ECDICT MIT	ecdict.csv row 351434; POS gloss 1	yin du he	CC-CEDICT CC BY-SA 4.0 + Rime ICE GPL-3.0	0	exact ECDICT POS-marked gloss; independently sourced pinyin key	Exact POS-marked ECDICT short gloss; pinyin: CC-CEDICT CC BY-SA 4.0 + Rime ICE GPL-3.0
adventurous	危险的	adj.	tem4,tem8,toefl,ielts	ECDICT MIT	ecdict.csv row 15198; POS gloss 3	wei xian de	Rime ICE GPL-3.0	0	exact ECDICT POS-marked gloss; independently sourced pinyin key	Exact POS-marked ECDICT short gloss; pinyin: Rime ICE GPL-3.0
frizzy	卷曲的	adj.	tem8	ECDICT MIT	ecdict.csv row 276834; POS gloss 1	juan qu de	Rime ICE GPL-3.0	0	exact ECDICT POS-marked gloss; independently sourced pinyin key	Exact POS-marked ECDICT short gloss; pinyin: Rime ICE GPL-3.0
sharpener	卷笔刀	n.	tem8	ECDICT MIT	ecdict.csv row 630039; POS gloss 2	juan bi dao	CC-CEDICT CC BY-SA 4.0 + Rime ICE GPL-3.0	0	exact ECDICT POS-marked gloss; independently sourced pinyin key	Exact POS-marked ECDICT short gloss; pinyin: CC-CEDICT CC BY-SA 4.0 + Rime ICE GPL-3.0
prehistory	历史背景	n.	toefl	ECDICT MIT	ecdict.csv row 550262; POS gloss 3	li shi bei jing	CC-CEDICT CC BY-SA 4.0 + Rime ICE GPL-3.0	0	exact ECDICT POS-marked gloss; independently sourced pinyin key	Exact POS-marked ECDICT short gloss; pinyin: CC-CEDICT CC BY-SA 4.0 + Rime ICE GPL-3.0
overwhelmingly	压倒性地	adv.	tem8,toefl	ECDICT MIT	ecdict.csv row 502854; POS gloss 1	ya dao xing de	Rime ICE GPL-3.0	0	exact ECDICT POS-marked gloss; independently sourced pinyin key	Exact POS-marked ECDICT short gloss; pinyin: Rime ICE GPL-3.0
crushing	压倒的	adj.	ielts	ECDICT MIT	ecdict.csv row 173535; POS gloss 2	ya dao de	Rime ICE GPL-3.0	0	exact ECDICT POS-marked gloss; independently sourced pinyin key	Exact POS-marked ECDICT short gloss; pinyin: Rime ICE GPL-3.0
anti	反对者	n.	toefl	ECDICT MIT	ecdict.csv row 37698; POS gloss 1	fan dui zhe	Rime ICE GPL-3.0	0	exact ECDICT POS-marked gloss; independently sourced pinyin key	Exact POS-marked ECDICT short gloss; pinyin: Rime ICE GPL-3.0
reflective	反映的	adj.	cet6,toefl	ECDICT MIT	ecdict.csv row 584878; POS gloss 2	fan ying de	Rime ICE GPL-3.0	0	exact ECDICT POS-marked gloss; independently sourced pinyin key	Exact POS-marked ECDICT short gloss; pinyin: Rime ICE GPL-3.0
developmental	发展的	adj.	cet4,toefl	ECDICT MIT	ecdict.csv row 195502; POS gloss 1	fa zhan de	Rime ICE GPL-3.0	0	exact ECDICT POS-marked gloss; independently sourced pinyin key	Exact POS-marked ECDICT short gloss; pinyin: Rime ICE GPL-3.0
evolutionary	发展的	adj.	cet4,cet6,tem8,toefl	ECDICT MIT	ecdict.csv row 243256; POS gloss 4	fa zhan de	Rime ICE GPL-3.0	0	exact ECDICT POS-marked gloss; independently sourced pinyin key	Exact POS-marked ECDICT short gloss; pinyin: Rime ICE GPL-3.0
reputable	受好评的	adj.	tem8,ielts	ECDICT MIT	ecdict.csv row 590609; POS gloss 1	shou hao ping de	Rime ICE GPL-3.0	0	exact ECDICT POS-marked gloss; independently sourced pinyin key	Exact POS-marked ECDICT short gloss; pinyin: Rime ICE GPL-3.0
stricken	受打击的	adj.	tem4,tem8	ECDICT MIT	ecdict.csv row 667477; POS gloss 1	shou da ji de	Rime ICE GPL-3.0	0	exact ECDICT POS-marked gloss; independently sourced pinyin key	Exact POS-marked ECDICT short gloss; pinyin: Rime ICE GPL-3.0
metabolic	变化的	adj.	cet6,toefl	ECDICT MIT	ecdict.csv row 435560; POS gloss 1	bian hua de	Rime ICE GPL-3.0	0	exact ECDICT POS-marked gloss; independently sourced pinyin key	Exact POS-marked ECDICT short gloss; pinyin: Rime ICE GPL-3.0
metamorphic	变化的	adj.	toefl	ECDICT MIT	ecdict.csv row 436283; POS gloss 1	bian hua de	Rime ICE GPL-3.0	0	exact ECDICT POS-marked gloss; independently sourced pinyin key	Exact POS-marked ECDICT short gloss; pinyin: Rime ICE GPL-3.0
desiccate	变干	v.	tem8	ECDICT MIT	ecdict.csv row 193674; POS gloss 3	bian gan	Rime ICE GPL-3.0	0	exact ECDICT POS-marked gloss; independently sourced pinyin key	Exact POS-marked ECDICT short gloss; pinyin: Rime ICE GPL-3.0
fossilized	变成化石	v.	toefl	ECDICT MIT	ecdict.csv row 272799; POS gloss 2	bian cheng hua shi	Rime ICE GPL-3.0	0	exact ECDICT POS-marked gloss; independently sourced pinyin key	Exact POS-marked ECDICT short gloss; pinyin: Rime ICE GPL-3.0
classicism	古典主义	n.	toefl	ECDICT MIT	ecdict.csv row 139027; POS gloss 1	gu dian zhu yi	Rime ICE GPL-3.0	0	exact ECDICT POS-marked gloss; independently sourced pinyin key	Exact POS-marked ECDICT short gloss; pinyin: Rime ICE GPL-3.0
cuban	古巴人	n.	toefl	ECDICT MIT	ecdict.csv row 174653; POS gloss 3	gu ba ren	Rime ICE GPL-3.0	0	exact ECDICT POS-marked gloss; independently sourced pinyin key	Exact POS-marked ECDICT short gloss; pinyin: Rime ICE GPL-3.0
cranky	古怪的	adj.	tem8	ECDICT MIT	ecdict.csv row 169458; POS gloss 1	gu guai de	Rime ICE GPL-3.0	0	exact ECDICT POS-marked gloss; independently sourced pinyin key	Exact POS-marked ECDICT short gloss; pinyin: Rime ICE GPL-3.0
quizzical	古怪的	adj.	tem8	ECDICT MIT	ecdict.csv row 572663; POS gloss 3	gu guai de	Rime ICE GPL-3.0	0	exact ECDICT POS-marked gloss; independently sourced pinyin key	Exact POS-marked ECDICT short gloss; pinyin: Rime ICE GPL-3.0
whimsical	古怪的	adj.	tem8	ECDICT MIT	ecdict.csv row 756514; POS gloss 3	gu guai de	Rime ICE GPL-3.0	0	exact ECDICT POS-marked gloss; independently sourced pinyin key	Exact POS-marked ECDICT short gloss; pinyin: Rime ICE GPL-3.0
starchy	古板的	adj.	ielts	ECDICT MIT	ecdict.csv row 659313; POS gloss 4	gu ban de	Rime ICE GPL-3.0	0	exact ECDICT POS-marked gloss; independently sourced pinyin key	Exact POS-marked ECDICT short gloss; pinyin: Rime ICE GPL-3.0
understandably	可了解	adv.	toefl	ECDICT MIT	ecdict.csv row 728489; POS gloss 2	ke liao jie	Rime ICE GPL-3.0	0	exact ECDICT POS-marked gloss; independently sourced pinyin key	Exact POS-marked ECDICT short gloss; pinyin: Rime ICE GPL-3.0
permissible	可允许的	adj.	cet6,tem8,toefl,ielts	ECDICT MIT	ecdict.csv row 521974; POS gloss 1	ke yun xu de	Rime ICE GPL-3.0	0	exact ECDICT POS-marked gloss; independently sourced pinyin key	Exact POS-marked ECDICT short gloss; pinyin: Rime ICE GPL-3.0
achievable	可完成的	adj.	toefl	ECDICT MIT	ecdict.csv row 8003; POS gloss 2	ke wan cheng de	Rime ICE GPL-3.0	0	exact ECDICT POS-marked gloss; independently sourced pinyin key	Exact POS-marked ECDICT short gloss; pinyin: Rime ICE GPL-3.0
abhorrent	可恶的	adj.	toefl,ielts	ECDICT MIT	ecdict.csv row 3327; POS gloss 2	ke wu de	Rime ICE GPL-3.0	0	exact ECDICT POS-marked gloss; independently sourced pinyin key	Exact POS-marked ECDICT short gloss; pinyin: Rime ICE GPL-3.0
devilish	可恶的	adj.	tem8	ECDICT MIT	ecdict.csv row 195750; POS gloss 3	ke wu de	Rime ICE GPL-3.0	0	exact ECDICT POS-marked gloss; independently sourced pinyin key	Exact POS-marked ECDICT short gloss; pinyin: Rime ICE GPL-3.0
inglorious	可耻的	adj.	tem8	ECDICT MIT	ecdict.csv row 353321; POS gloss 2	ke chi de	Rime ICE GPL-3.0	0	exact ECDICT POS-marked gloss; independently sourced pinyin key	Exact POS-marked ECDICT short gloss; pinyin: Rime ICE GPL-3.0
renewable	可重复的	adj.	cet6,toefl,ielts	ECDICT MIT	ecdict.csv row 589013; POS gloss 5	ke chong fu de	Rime ICE GPL-3.0	0	exact ECDICT POS-marked gloss; independently sourced pinyin key	Exact POS-marked ECDICT short gloss; pinyin: Rime ICE GPL-3.0
unfailingly	可靠地	adv.	toefl	ECDICT MIT	ecdict.csv row 729269; POS gloss 3	ke kao de	Rime ICE GPL-3.0	0	exact ECDICT POS-marked gloss; independently sourced pinyin key	Exact POS-marked ECDICT short gloss; pinyin: Rime ICE GPL-3.0
predictability	可预言	n.	toefl	ECDICT MIT	ecdict.csv row 549634; POS gloss 1	ke yu yan	Rime ICE GPL-3.0	0	exact ECDICT POS-marked gloss; independently sourced pinyin key	Exact POS-marked ECDICT short gloss; pinyin: Rime ICE GPL-3.0
corporate	合伙的	adj.	cet4,cet6,tem4,tem8,toefl,ielts	ECDICT MIT	ecdict.csv row 164399; POS gloss 2	he huo de	Rime ICE GPL-3.0	0	exact ECDICT POS-marked gloss; independently sourced pinyin key	Exact POS-marked ECDICT short gloss; pinyin: Rime ICE GPL-3.0
legitimately	合理地	adv.	toefl	ECDICT MIT	ecdict.csv row 393809; POS gloss 2	he li de	Rime ICE GPL-3.0	0	exact ECDICT POS-marked gloss; independently sourced pinyin key	Exact POS-marked ECDICT short gloss; pinyin: Rime ICE GPL-3.0
interns	同住者	n.	tem4	ECDICT MIT	ecdict.csv row 359909; POS gloss 1	tong zhu zhe	Rime ICE GPL-3.0	0	exact ECDICT POS-marked gloss; independently sourced pinyin key	Exact POS-marked ECDICT short gloss; pinyin: Rime ICE GPL-3.0
akin	同源的	adj.	toefl	ECDICT MIT	ecdict.csv row 20793; POS gloss 3	tong yuan de	Rime ICE GPL-3.0	0	exact ECDICT POS-marked gloss; independently sourced pinyin key	Exact POS-marked ECDICT short gloss; pinyin: Rime ICE GPL-3.0
reservist	后备军人	n.	tem8	ECDICT MIT	ecdict.csv row 591319; POS gloss 1	hou bei jun ren	Rime ICE GPL-3.0	0	exact ECDICT POS-marked gloss; independently sourced pinyin key	Exact POS-marked ECDICT short gloss; pinyin: Rime ICE GPL-3.0
ascending	向上的	adj.	tem8,toefl	ECDICT MIT	ecdict.csv row 50199; POS gloss 2	xiang shang de	Rime ICE GPL-3.0	0	exact ECDICT POS-marked gloss; independently sourced pinyin key	Exact POS-marked ECDICT short gloss; pinyin: Rime ICE GPL-3.0
minstrel	吟游诗人	n.	toefl	ECDICT MIT	ecdict.csv row 444174; POS gloss 1	yin you shi ren	Rime ICE GPL-3.0	0	exact ECDICT POS-marked gloss; independently sourced pinyin key	Exact POS-marked ECDICT short gloss; pinyin: Rime ICE GPL-3.0
nitric	含氮的	adj.	toefl	ECDICT MIT	ecdict.csv row 473017; POS gloss 2	han dan de	Rime ICE GPL-3.0	0	exact ECDICT POS-marked gloss; independently sourced pinyin key	Exact POS-marked ECDICT short gloss; pinyin: Rime ICE GPL-3.0
phosphorous	含磷的	adj.	tem8	ECDICT MIT	ecdict.csv row 527385; POS gloss 2	han lin de	Rime ICE GPL-3.0	0	exact ECDICT POS-marked gloss; independently sourced pinyin key	Exact POS-marked ECDICT short gloss; pinyin: Rime ICE GPL-3.0
acoustic	听觉的	adj.	toefl,ielts	ECDICT MIT	ecdict.csv row 9328; POS gloss 1	ting jue de	Rime ICE GPL-3.0	0	exact ECDICT POS-marked gloss; independently sourced pinyin key	Exact POS-marked ECDICT short gloss; pinyin: Rime ICE GPL-3.0
acoustical	听觉的	adj.	toefl	ECDICT MIT	ecdict.csv row 9450; POS gloss 1	ting jue de	Rime ICE GPL-3.0	0	exact ECDICT POS-marked gloss; independently sourced pinyin key	Exact POS-marked ECDICT short gloss; pinyin: Rime ICE GPL-3.0
aural	听觉的	adj.	cet4,cet6,toefl	ECDICT MIT	ecdict.csv row 56340; POS gloss 2	ting jue de	Rime ICE GPL-3.0	0	exact ECDICT POS-marked gloss; independently sourced pinyin key	Exact POS-marked ECDICT short gloss; pinyin: Rime ICE GPL-3.0
mechanized	呆板的	adj.	toefl	ECDICT MIT	ecdict.csv row 429385; POS gloss 2	dai ban de	Rime ICE GPL-3.0	0	exact ECDICT POS-marked gloss; independently sourced pinyin key	Exact POS-marked ECDICT short gloss; pinyin: Rime ICE GPL-3.0
peripheral	周边的	adj.	cet6,tem8,toefl,ielts	ECDICT MIT	ecdict.csv row 521131; POS gloss 1	zhou bian de	Rime ICE GPL-3.0	0	exact ECDICT POS-marked gloss; independently sourced pinyin key	Exact POS-marked ECDICT short gloss; pinyin: Rime ICE GPL-3.0
vocative	呼格	n.	tem8	ECDICT MIT	ecdict.csv row 747385; POS gloss 3	hu ge	CC-CEDICT CC BY-SA 4.0 + Rime ICE GPL-3.0	0	exact ECDICT POS-marked gloss; independently sourced pinyin key	Exact POS-marked ECDICT short gloss; pinyin: CC-CEDICT CC BY-SA 4.0 + Rime ICE GPL-3.0
briny	咸的	adj.	toefl	ECDICT MIT	ecdict.csv row 98852; POS gloss 3	xian de	Rime ICE GPL-3.0	0	exact ECDICT POS-marked gloss; independently sourced pinyin key	Exact POS-marked ECDICT short gloss; pinyin: Rime ICE GPL-3.0
bleep	哔哔声	n.	tem8	ECDICT MIT	ecdict.csv row 87465; POS gloss 1	bi bi sheng	Rime ICE GPL-3.0	0	exact ECDICT POS-marked gloss; independently sourced pinyin key	Exact POS-marked ECDICT short gloss; pinyin: Rime ICE GPL-3.0
guttural	喉音	n.	tem8	ECDICT MIT	ecdict.csv row 308446; POS gloss 4	hou yin	CC-CEDICT CC BY-SA 4.0 + Rime ICE GPL-3.0	0	exact ECDICT POS-marked gloss; independently sourced pinyin key	Exact POS-marked ECDICT short gloss; pinyin: CC-CEDICT CC BY-SA 4.0 + Rime ICE GPL-3.0
olfactory	嗅觉的	adj.	toefl	ECDICT MIT	ecdict.csv row 488555; POS gloss 1	xiu jue de	Rime ICE GPL-3.0	0	exact ECDICT POS-marked gloss; independently sourced pinyin key	Exact POS-marked ECDICT short gloss; pinyin: Rime ICE GPL-3.0
derisive	嘲笑的	adj.	toefl	ECDICT MIT	ecdict.csv row 192701; POS gloss 1	chao xiao de	Rime ICE GPL-3.0	0	exact ECDICT POS-marked gloss; independently sourced pinyin key	Exact POS-marked ECDICT short gloss; pinyin: Rime ICE GPL-3.0
sardonic	嘲笑的	adj.	tem8,toefl	ECDICT MIT	ecdict.csv row 612076; POS gloss 1	chao xiao de	Rime ICE GPL-3.0	0	exact ECDICT POS-marked gloss; independently sourced pinyin key	Exact POS-marked ECDICT short gloss; pinyin: Rime ICE GPL-3.0
agrarian	土地的	adj.	toefl	ECDICT MIT	ecdict.csv row 18521; POS gloss 1	tu di de	Rime ICE GPL-3.0	0	exact ECDICT POS-marked gloss; independently sourced pinyin key	Exact POS-marked ECDICT short gloss; pinyin: Rime ICE GPL-3.0
territorial	土地的	adj.	toefl,ielts	ECDICT MIT	ecdict.csv row 693613; POS gloss 2	tu di de	Rime ICE GPL-3.0	0	exact ECDICT POS-marked gloss; independently sourced pinyin key	Exact POS-marked ECDICT short gloss; pinyin: Rime ICE GPL-3.0
centrally	在中心	adv.	toefl	ECDICT MIT	ecdict.csv row 123203; POS gloss 1	zai zhong xin	Rime ICE GPL-3.0	0	exact ECDICT POS-marked gloss; independently sourced pinyin key	Exact POS-marked ECDICT short gloss; pinyin: Rime ICE GPL-3.0
militarily	在军事上	adv.	toefl	ECDICT MIT	ecdict.csv row 442002; POS gloss 1	zai jun shi shang	Rime ICE GPL-3.0	0	exact ECDICT POS-marked gloss; independently sourced pinyin key	Exact POS-marked ECDICT short gloss; pinyin: Rime ICE GPL-3.0
onstage	在前台	adv.	toefl	ECDICT MIT	ecdict.csv row 491003; POS gloss 1	zai qian tai	Rime ICE GPL-3.0	0	exact ECDICT POS-marked gloss; independently sourced pinyin key	Exact POS-marked ECDICT short gloss; pinyin: Rime ICE GPL-3.0
afield	在战场上	adv.	tem8,toefl,ielts	ECDICT MIT	ecdict.csv row 16878; POS gloss 3	zai zhan chang shang	Rime ICE GPL-3.0	0	exact ECDICT POS-marked gloss; independently sourced pinyin key	Exact POS-marked ECDICT short gloss; pinyin: Rime ICE GPL-3.0
upfront	在最前面	adv.	tem8	ECDICT MIT	ecdict.csv row 734297; POS gloss 7	zai zui qian mian	Rime ICE GPL-3.0	0	exact ECDICT POS-marked gloss; independently sourced pinyin key	Exact POS-marked ECDICT short gloss; pinyin: Rime ICE GPL-3.0
socially	在社会上	adv.	toefl	ECDICT MIT	ecdict.csv row 644730; POS gloss 1	zai she hui shang	Rime ICE GPL-3.0	0	exact ECDICT POS-marked gloss; independently sourced pinyin key	Exact POS-marked ECDICT short gloss; pinyin: Rime ICE GPL-3.0
artistically	在艺术上	adv.	toefl	ECDICT MIT	ecdict.csv row 49319; POS gloss 2	zai yi shu shang	Rime ICE GPL-3.0	0	exact ECDICT POS-marked gloss; independently sourced pinyin key	Exact POS-marked ECDICT short gloss; pinyin: Rime ICE GPL-3.0
aloft	在高处	adv.	toefl	ECDICT MIT	ecdict.csv row 25733; POS gloss 1	zai gao chu	Rime ICE GPL-3.0	0	exact ECDICT POS-marked gloss; independently sourced pinyin key	Exact POS-marked ECDICT short gloss; pinyin: Rime ICE GPL-3.0
stratigraphy	地层学	n.	toefl	ECDICT MIT	ecdict.csv row 666507; POS gloss 1	di ceng xue	CC-CEDICT CC BY-SA 4.0 + Rime ICE GPL-3.0	0	exact ECDICT POS-marked gloss; independently sourced pinyin key	Exact POS-marked ECDICT short gloss; pinyin: CC-CEDICT CC BY-SA 4.0 + Rime ICE GPL-3.0
aground	地面上	adv.	tem8	ECDICT MIT	ecdict.csv row 18809; POS gloss 2	di mian shang	Rime ICE GPL-3.0	0	exact ECDICT POS-marked gloss; independently sourced pinyin key	Exact POS-marked ECDICT short gloss; pinyin: Rime ICE GPL-3.0
unshaken	坚决的	adj.	toefl	ECDICT MIT	ecdict.csv row 733018; POS gloss 1	jian jue de	Rime ICE GPL-3.0	0	exact ECDICT POS-marked gloss; independently sourced pinyin key	Exact POS-marked ECDICT short gloss; pinyin: Rime ICE GPL-3.0
manful	坚定的	adj.	tem8,toefl	ECDICT MIT	ecdict.csv row 420615; POS gloss 2	jian ding de	Rime ICE GPL-3.0	0	exact ECDICT POS-marked gloss; independently sourced pinyin key	Exact POS-marked ECDICT short gloss; pinyin: Rime ICE GPL-3.0
bluntly	坦率地	adv.	cet6,toefl	ECDICT MIT	ecdict.csv row 89700; POS gloss 1	tan shuai de	Rime ICE GPL-3.0	0	exact ECDICT POS-marked gloss; independently sourced pinyin key	Exact POS-marked ECDICT short gloss; pinyin: Rime ICE GPL-3.0
egyptian	埃及人	n.	cet6,toefl,ielts	ECDICT MIT	ecdict.csv row 223841; POS gloss 1	ai ji ren	Rime ICE GPL-3.0	0	exact ECDICT POS-marked gloss; independently sourced pinyin key	Exact POS-marked ECDICT short gloss; pinyin: Rime ICE GPL-3.0
cramming	塞满	n.	ielts	ECDICT MIT	ecdict.csv row 169170; POS gloss 1	sai man	CC-CEDICT CC BY-SA 4.0 + Rime ICE GPL-3.0	0	exact ECDICT POS-marked gloss; independently sourced pinyin key	Exact POS-marked ECDICT short gloss; pinyin: CC-CEDICT CC BY-SA 4.0 + Rime ICE GPL-3.0
sonar	声纳	n.	tem8,toefl	ECDICT MIT	ecdict.csv row 647492; POS gloss 1	sheng na	CC-CEDICT CC BY-SA 4.0	0	exact ECDICT POS-marked gloss; independently sourced pinyin key	Exact POS-marked ECDICT short gloss; pinyin: CC-CEDICT CC BY-SA 4.0
manipulative	处理的	adj.	ielts	ECDICT MIT	ecdict.csv row 421079; POS gloss 1	chu li de	Rime ICE GPL-3.0	0	exact ECDICT POS-marked gloss; independently sourced pinyin key	Exact POS-marked ECDICT short gloss; pinyin: Rime ICE GPL-3.0
resurgent	复活者	n.	tem8	ECDICT MIT	ecdict.csv row 593091; POS gloss 3	fu huo zhe	Rime ICE GPL-3.0	0	exact ECDICT POS-marked gloss; independently sourced pinyin key	Exact POS-marked ECDICT short gloss; pinyin: Rime ICE GPL-3.0
peregrine	外国的	adj.	toefl	ECDICT MIT	ecdict.csv row 519739; POS gloss 4	wai guo de	Rime ICE GPL-3.0	0	exact ECDICT POS-marked gloss; independently sourced pinyin key	Exact POS-marked ECDICT short gloss; pinyin: Rime ICE GPL-3.0
prolifically	多产地	adv.	toefl	ECDICT MIT	ecdict.csv row 558184; POS gloss 1	duo chan di	Rime ICE GPL-3.0	0	exact ECDICT POS-marked gloss; independently sourced pinyin key	Exact POS-marked ECDICT short gloss; pinyin: Rime ICE GPL-3.0
porosity	多孔性	n.	toefl	ECDICT MIT	ecdict.csv row 543968; POS gloss 1	duo kong xing	CC-CEDICT CC BY-SA 4.0 + Rime ICE GPL-3.0	0	exact ECDICT POS-marked gloss; independently sourced pinyin key	Exact POS-marked ECDICT short gloss; pinyin: CC-CEDICT CC BY-SA 4.0 + Rime ICE GPL-3.0
astral	多星的	adj.	tem8	ECDICT MIT	ecdict.csv row 52710; POS gloss 2	duo xing de	Rime ICE GPL-3.0	0	exact ECDICT POS-marked gloss; independently sourced pinyin key	Exact POS-marked ECDICT short gloss; pinyin: Rime ICE GPL-3.0
liberally	大方地	adv.	toefl	ECDICT MIT	ecdict.csv row 397185; POS gloss 2	da fang de	Rime ICE GPL-3.0	0	exact ECDICT POS-marked gloss; independently sourced pinyin key	Exact POS-marked ECDICT short gloss; pinyin: Rime ICE GPL-3.0
cerebral	大脑的	adj.	tem8,toefl	ECDICT MIT	ecdict.csv row 124117; POS gloss 2	da nao de	Rime ICE GPL-3.0	0	exact ECDICT POS-marked gloss; independently sourced pinyin key	Exact POS-marked ECDICT short gloss; pinyin: Rime ICE GPL-3.0
savannah	大草原	n.	toefl	ECDICT MIT	ecdict.csv row 612949; POS gloss 1	da cao yuan	CC-CEDICT CC BY-SA 4.0 + Rime ICE GPL-3.0	0	exact ECDICT POS-marked gloss; independently sourced pinyin key	Exact POS-marked ECDICT short gloss; pinyin: CC-CEDICT CC BY-SA 4.0 + Rime ICE GPL-3.0
conurbation	大都市	n.	tem8,toefl	ECDICT MIT	ecdict.csv row 160780; POS gloss 1	da du shi	CC-CEDICT CC BY-SA 4.0 + Rime ICE GPL-3.0	0	exact ECDICT POS-marked gloss; independently sourced pinyin key	Exact POS-marked ECDICT short gloss; pinyin: CC-CEDICT CC BY-SA 4.0 + Rime ICE GPL-3.0
heavenly	天上的	adj.	toefl	ECDICT MIT	ecdict.csv row 317752; POS gloss 1	tian shang de	Rime ICE GPL-3.0	0	exact ECDICT POS-marked gloss; independently sourced pinyin key	Exact POS-marked ECDICT short gloss; pinyin: Rime ICE GPL-3.0
glandular	天生的	adj.	toefl	ECDICT MIT	ecdict.csv row 295387; POS gloss 3	tian sheng de	Rime ICE GPL-3.0	0	exact ECDICT POS-marked gloss; independently sourced pinyin key	Exact POS-marked ECDICT short gloss; pinyin: Rime ICE GPL-3.0
abortive	失败的	adj.	toefl	ECDICT MIT	ecdict.csv row 3775; POS gloss 3	shi bai de	Rime ICE GPL-3.0	0	exact ECDICT POS-marked gloss; independently sourced pinyin key	Exact POS-marked ECDICT short gloss; pinyin: Rime ICE GPL-3.0
underdog	失败者	n.	tem8	ECDICT MIT	ecdict.csv row 728013; POS gloss 2	shi bai zhe	CC-CEDICT CC BY-SA 4.0 + Rime ICE GPL-3.0	0	exact ECDICT POS-marked gloss; independently sourced pinyin key	Exact POS-marked ECDICT short gloss; pinyin: CC-CEDICT CC BY-SA 4.0 + Rime ICE GPL-3.0
hander	夹头	n.	toefl	ECDICT MIT	ecdict.csv row 312301; POS gloss 1	jia tou	CC-CEDICT CC BY-SA 4.0 + Rime ICE GPL-3.0	0	exact ECDICT POS-marked gloss; independently sourced pinyin key	Exact POS-marked ECDICT short gloss; pinyin: CC-CEDICT CC BY-SA 4.0 + Rime ICE GPL-3.0
oddly	奇怪地	adv.	toefl	ECDICT MIT	ecdict.csv row 485250; POS gloss 1	qi guai de	Rime ICE GPL-3.0	0	exact ECDICT POS-marked gloss; independently sourced pinyin key	Exact POS-marked ECDICT short gloss; pinyin: Rime ICE GPL-3.0
struggler	奋斗者	n.	toefl	ECDICT MIT	ecdict.csv row 668765; POS gloss 2	fen dou zhe	Rime ICE GPL-3.0	0	exact ECDICT POS-marked gloss; independently sourced pinyin key	Exact POS-marked ECDICT short gloss; pinyin: Rime ICE GPL-3.0
austrian	奥地利人	n.	toefl	ECDICT MIT	ecdict.csv row 56872; POS gloss 1	ao di li ren	Rime ICE GPL-3.0	0	exact ECDICT POS-marked gloss; independently sourced pinyin key	Exact POS-marked ECDICT short gloss; pinyin: Rime ICE GPL-3.0
saleslady	女售货员	n.	tem4,tem8	ECDICT MIT	ecdict.csv row 609028; POS gloss 1	nv shou huo yuan	Rime ICE GPL-3.0	0	exact ECDICT POS-marked gloss; independently sourced pinyin key	Exact POS-marked ECDICT short gloss; pinyin: Rime ICE GPL-3.0
coed	女大学生	n.	tem8,ielts	ECDICT MIT	ecdict.csv row 144588; POS gloss 1	nv da xue sheng	Rime ICE GPL-3.0	0	exact ECDICT POS-marked gloss; independently sourced pinyin key	Exact POS-marked ECDICT short gloss; pinyin: Rime ICE GPL-3.0
schoolmistress	女教师	n.	tem4,tem8	ECDICT MIT	ecdict.csv row 615755; POS gloss 1	nv jiao shi	Rime ICE GPL-3.0	0	exact ECDICT POS-marked gloss; independently sourced pinyin key	Exact POS-marked ECDICT short gloss; pinyin: Rime ICE GPL-3.0
priestess	女祭司	n.	toefl	ECDICT MIT	ecdict.csv row 552999; POS gloss 2	nv ji si	Rime ICE GPL-3.0	0	exact ECDICT POS-marked gloss; independently sourced pinyin key	Exact POS-marked ECDICT short gloss; pinyin: Rime ICE GPL-3.0
heiress	女继承人	n.	tem8	ECDICT MIT	ecdict.csv row 318583; POS gloss 2	nv ji cheng ren	CC-CEDICT CC BY-SA 4.0 + Rime ICE GPL-3.0	0	exact ECDICT POS-marked gloss; independently sourced pinyin key	Exact POS-marked ECDICT short gloss; pinyin: CC-CEDICT CC BY-SA 4.0 + Rime ICE GPL-3.0
sportswoman	女运动员	n.	tem4,tem8	ECDICT MIT	ecdict.csv row 655283; POS gloss 1	nv yun dong yuan	Rime ICE GPL-3.0	0	exact ECDICT POS-marked gloss; independently sourced pinyin key	Exact POS-marked ECDICT short gloss; pinyin: Rime ICE GPL-3.0
curiously	好奇地	adv.	toefl	ECDICT MIT	ecdict.csv row 176196; POS gloss 1	hao qi de	Rime ICE GPL-3.0	0	exact ECDICT POS-marked gloss; independently sourced pinyin key	Exact POS-marked ECDICT short gloss; pinyin: Rime ICE GPL-3.0
gynaecology	妇科学	n.	tem8	ECDICT MIT	ecdict.csv row 308739; POS gloss 1	fu ke xue	Rime ICE GPL-3.0	0	exact ECDICT POS-marked gloss; independently sourced pinyin key	Exact POS-marked ECDICT short gloss; pinyin: Rime ICE GPL-3.0
eocene	始新世	n.	toefl	ECDICT MIT	ecdict.csv row 234431; POS gloss 1	shi xin shi	CC-CEDICT CC BY-SA 4.0 + Rime ICE GPL-3.0	0	exact ECDICT POS-marked gloss; independently sourced pinyin key	Exact POS-marked ECDICT short gloss; pinyin: CC-CEDICT CC BY-SA 4.0 + Rime ICE GPL-3.0
academically	学术上	adv.	toefl	ECDICT MIT	ecdict.csv row 5194; POS gloss 1	xue shu shang	Rime ICE GPL-3.0	0	exact ECDICT POS-marked gloss; independently sourced pinyin key	Exact POS-marked ECDICT short gloss; pinyin: Rime ICE GPL-3.0
scientifically	学问上	adv.	toefl	ECDICT MIT	ecdict.csv row 616256; POS gloss 2	xue wen shang	Rime ICE GPL-3.0	0	exact ECDICT POS-marked gloss; independently sourced pinyin key	Exact POS-marked ECDICT short gloss; pinyin: Rime ICE GPL-3.0
diametrically	完全地	adv.	tem8	ECDICT MIT	ecdict.csv row 196973; POS gloss 1	wan quan de	Rime ICE GPL-3.0	0	exact ECDICT POS-marked gloss; independently sourced pinyin key	Exact POS-marked ECDICT short gloss; pinyin: Rime ICE GPL-3.0
radically	完全地	adv.	cet4,tem4,toefl	ECDICT MIT	ecdict.csv row 573907; POS gloss 2	wan quan de	Rime ICE GPL-3.0	0	exact ECDICT POS-marked gloss; independently sourced pinyin key	Exact POS-marked ECDICT short gloss; pinyin: Rime ICE GPL-3.0
soundly	完全地	adv.	toefl	ECDICT MIT	ecdict.csv row 648603; POS gloss 1	wan quan de	Rime ICE GPL-3.0	0	exact ECDICT POS-marked gloss; independently sourced pinyin key	Exact POS-marked ECDICT short gloss; pinyin: Rime ICE GPL-3.0
rationing	定量配给	n.	toefl	ECDICT MIT	ecdict.csv row 577881; POS gloss 1	ding liang pei ji	Rime ICE GPL-3.0	0	exact ECDICT POS-marked gloss; independently sourced pinyin key	Exact POS-marked ECDICT short gloss; pinyin: Rime ICE GPL-3.0
enforcer	实施者	n.	toefl	ECDICT MIT	ecdict.csv row 232127; POS gloss 1	shi shi zhe	Rime ICE GPL-3.0	0	exact ECDICT POS-marked gloss; independently sourced pinyin key	Exact POS-marked ECDICT short gloss; pinyin: Rime ICE GPL-3.0
experimenter	实验者	n.	toefl	ECDICT MIT	ecdict.csv row 246249; POS gloss 1	shi yan zhe	Rime ICE GPL-3.0	0	exact ECDICT POS-marked gloss; independently sourced pinyin key	Exact POS-marked ECDICT short gloss; pinyin: Rime ICE GPL-3.0
critically	审慎地	adv.	toefl	ECDICT MIT	ecdict.csv row 171593; POS gloss 2	shen shen de	Rime ICE GPL-3.0	0	exact ECDICT POS-marked gloss; independently sourced pinyin key	Exact POS-marked ECDICT short gloss; pinyin: Rime ICE GPL-3.0
familial	家族的	adj.	tem8	ECDICT MIT	ecdict.csv row 251515; POS gloss 1	jia zu de	Rime ICE GPL-3.0	0	exact ECDICT POS-marked gloss; independently sourced pinyin key	Exact POS-marked ECDICT short gloss; pinyin: Rime ICE GPL-3.0
facile	容易的	adj.	tem8,toefl	ECDICT MIT	ecdict.csv row 249761; POS gloss 1	rong yi de	Rime ICE GPL-3.0	0	exact ECDICT POS-marked gloss; independently sourced pinyin key	Exact POS-marked ECDICT short gloss; pinyin: Rime ICE GPL-3.0
capacious	宽敞的	adj.	toefl	ECDICT MIT	ecdict.csv row 112350; POS gloss 3	kuan chang de	Rime ICE GPL-3.0	0	exact ECDICT POS-marked gloss; independently sourced pinyin key	Exact POS-marked ECDICT short gloss; pinyin: Rime ICE GPL-3.0
fateful	宿命的	adj.	tem8,toefl	ECDICT MIT	ecdict.csv row 254290; POS gloss 1	su ming de	Rime ICE GPL-3.0	0	exact ECDICT POS-marked gloss; independently sourced pinyin key	Exact POS-marked ECDICT short gloss; pinyin: Rime ICE GPL-3.0
interlocutor	对话者	n.	tem8	ECDICT MIT	ecdict.csv row 358616; POS gloss 1	dui hua zhe	Rime ICE GPL-3.0	0	exact ECDICT POS-marked gloss; independently sourced pinyin key	Exact POS-marked ECDICT short gloss; pinyin: Rime ICE GPL-3.0
conductivity	导电率	n.	toefl	ECDICT MIT	ecdict.csv row 155420; POS gloss 1	dao dian lv	Rime ICE GPL-3.0	0	exact ECDICT POS-marked gloss; independently sourced pinyin key	Exact POS-marked ECDICT short gloss; pinyin: Rime ICE GPL-3.0
ulterior	将来的	adj.	tem8,ielts	ECDICT MIT	ecdict.csv row 724996; POS gloss 2	jiang lai de	Rime ICE GPL-3.0	0	exact ECDICT POS-marked gloss; independently sourced pinyin key	Exact POS-marked ECDICT short gloss; pinyin: Rime ICE GPL-3.0
kids	小山羊	n.	ielts	ECDICT MIT	ecdict.csv row 378798; POS gloss 1	xiao shan yang	Rime ICE GPL-3.0	0	exact ECDICT POS-marked gloss; independently sourced pinyin key	Exact POS-marked ECDICT short gloss; pinyin: Rime ICE GPL-3.0
vial	小瓶	n.	tem8	ECDICT MIT	ecdict.csv row 743913; POS gloss 1	xiao ping	Rime ICE GPL-3.0	0	exact ECDICT POS-marked gloss; independently sourced pinyin key	Exact POS-marked ECDICT short gloss; pinyin: Rime ICE GPL-3.0
screech	尖声喊叫	n.	tem8	ECDICT MIT	ecdict.csv row 617657; POS gloss 1	jian sheng han jiao	Rime ICE GPL-3.0	0	exact ECDICT POS-marked gloss; independently sourced pinyin key	Exact POS-marked ECDICT short gloss; pinyin: Rime ICE GPL-3.0
topical	局部的	adj.	toefl	ECDICT MIT	ecdict.csv row 707740; POS gloss 4	ju bu de	Rime ICE GPL-3.0	0	exact ECDICT POS-marked gloss; independently sourced pinyin key	Exact POS-marked ECDICT short gloss; pinyin: Rime ICE GPL-3.0
occupants	居住者	n.	ielts	ECDICT MIT	ecdict.csv row 484396; POS gloss 1	ju zhu zhe	CC-CEDICT CC BY-SA 4.0 + Rime ICE GPL-3.0	0	exact ECDICT POS-marked gloss; independently sourced pinyin key	Exact POS-marked ECDICT short gloss; pinyin: CC-CEDICT CC BY-SA 4.0 + Rime ICE GPL-3.0
insular	岛的	adj.	tem8,toefl	ECDICT MIT	ecdict.csv row 356242; POS gloss 1	dao de	Rime ICE GPL-3.0	0	exact ECDICT POS-marked gloss; independently sourced pinyin key	Exact POS-marked ECDICT short gloss; pinyin: Rime ICE GPL-3.0
idolise	崇拜偶像	v.	tem8	ECDICT MIT	ecdict.csv row 341971; POS gloss 1	chong bai ou xiang	Rime ICE GPL-3.0	0	exact ECDICT POS-marked gloss; independently sourced pinyin key	Exact POS-marked ECDICT short gloss; pinyin: Rime ICE GPL-3.0
expertly	巧妙地	adv.	toefl	ECDICT MIT	ecdict.csv row 246295; POS gloss 2	qiao miao de	Rime ICE GPL-3.0	0	exact ECDICT POS-marked gloss; independently sourced pinyin key	Exact POS-marked ECDICT short gloss; pinyin: Rime ICE GPL-3.0
skillfully	巧妙地	adv.	toefl	ECDICT MIT	ecdict.csv row 639789; POS gloss 1	qiao miao de	Rime ICE GPL-3.0	0	exact ECDICT POS-marked gloss; independently sourced pinyin key	Exact POS-marked ECDICT short gloss; pinyin: Rime ICE GPL-3.0
serpent	巨蛇座	n.	cet6,tem4,tem8	ECDICT MIT	ecdict.csv row 627016; POS gloss 1	ju she zuo	CC-CEDICT CC BY-SA 4.0 + Rime ICE GPL-3.0	0	exact ECDICT POS-marked gloss; independently sourced pinyin key	Exact POS-marked ECDICT short gloss; pinyin: CC-CEDICT CC BY-SA 4.0 + Rime ICE GPL-3.0
brazilian	巴西人	n.	tem8	ECDICT MIT	ecdict.csv row 96825; POS gloss 1	ba xi ren	Rime ICE GPL-3.0	0	exact ECDICT POS-marked gloss; independently sourced pinyin key	Exact POS-marked ECDICT short gloss; pinyin: Rime ICE GPL-3.0
parisian	巴黎人	n.	toefl	ECDICT MIT	ecdict.csv row 511516; POS gloss 1	ba li ren	Rime ICE GPL-3.0	0	exact ECDICT POS-marked gloss; independently sourced pinyin key	Exact POS-marked ECDICT short gloss; pinyin: Rime ICE GPL-3.0
imperialist	帝国主义者	n.	tem8	ECDICT MIT	ecdict.csv row 344826; POS gloss 1	di guo zhu yi zhe	Rime ICE GPL-3.0	0	exact ECDICT POS-marked gloss; independently sourced pinyin key	Exact POS-marked ECDICT short gloss; pinyin: Rime ICE GPL-3.0
cleanly	干净的	adj.	toefl	ECDICT MIT	ecdict.csv row 139613; POS gloss 2	gan jing de	Rime ICE GPL-3.0	0	exact ECDICT POS-marked gloss; independently sourced pinyin key	Exact POS-marked ECDICT short gloss; pinyin: Rime ICE GPL-3.0
haystack	干草堆	n.	tem8	ECDICT MIT	ecdict.csv row 316170; POS gloss 1	gan cao dui	Rime ICE GPL-3.0	0	exact ECDICT POS-marked gloss; independently sourced pinyin key	Exact POS-marked ECDICT short gloss; pinyin: Rime ICE GPL-3.0
featureless	平凡的	adj.	toefl	ECDICT MIT	ecdict.csv row 255182; POS gloss 2	ping fan de	Rime ICE GPL-3.0	0	exact ECDICT POS-marked gloss; independently sourced pinyin key	Exact POS-marked ECDICT short gloss; pinyin: Rime ICE GPL-3.0
homely	平凡的	adj.	cet6,tem8,toefl	ECDICT MIT	ecdict.csv row 329299; POS gloss 2	ping fan de	Rime ICE GPL-3.0	0	exact ECDICT POS-marked gloss; independently sourced pinyin key	Exact POS-marked ECDICT short gloss; pinyin: Rime ICE GPL-3.0
prosaic	平凡的	adj.	toefl	ECDICT MIT	ecdict.csv row 559615; POS gloss 3	ping fan de	Rime ICE GPL-3.0	0	exact ECDICT POS-marked gloss; independently sourced pinyin key	Exact POS-marked ECDICT short gloss; pinyin: Rime ICE GPL-3.0
stodgy	平凡的	adj.	toefl	ECDICT MIT	ecdict.csv row 664644; POS gloss 3	ping fan de	Rime ICE GPL-3.0	0	exact ECDICT POS-marked gloss; independently sourced pinyin key	Exact POS-marked ECDICT short gloss; pinyin: Rime ICE GPL-3.0
peacefully	平静地	adv.	toefl	ECDICT MIT	ecdict.csv row 515957; POS gloss 1	ping jing de	Rime ICE GPL-3.0	0	exact ECDICT POS-marked gloss; independently sourced pinyin key	Exact POS-marked ECDICT short gloss; pinyin: Rime ICE GPL-3.0
equable	平静的	adj.	tem8	ECDICT MIT	ecdict.csv row 236196; POS gloss 1	ping jing de	Rime ICE GPL-3.0	0	exact ECDICT POS-marked gloss; independently sourced pinyin key	Exact POS-marked ECDICT short gloss; pinyin: Rime ICE GPL-3.0
euphrates	幼发拉底河	n.	toefl	ECDICT MIT	ecdict.csv row 241769; POS gloss 1	you fa la di he	CC-CEDICT CC BY-SA 4.0 + Rime ICE GPL-3.0	0	exact ECDICT POS-marked gloss; independently sourced pinyin key	Exact POS-marked ECDICT short gloss; pinyin: CC-CEDICT CC BY-SA 4.0 + Rime ICE GPL-3.0
majestically	庄重地	adv.	tem8	ECDICT MIT	ecdict.csv row 417192; POS gloss 2	zhuang zhong de	Rime ICE GPL-3.0	0	exact ECDICT POS-marked gloss; independently sourced pinyin key	Exact POS-marked ECDICT short gloss; pinyin: Rime ICE GPL-3.0
superbly	庄重地	adv.	toefl	ECDICT MIT	ecdict.csv row 675879; POS gloss 4	zhuang zhong de	Rime ICE GPL-3.0	0	exact ECDICT POS-marked gloss; independently sourced pinyin key	Exact POS-marked ECDICT short gloss; pinyin: Rime ICE GPL-3.0
beds	床上用品	n.	ielts	ECDICT MIT	ecdict.csv row 75076; POS gloss 1	chuang shang yong pin	Rime ICE GPL-3.0	0	exact ECDICT POS-marked gloss; independently sourced pinyin key	Exact POS-marked ECDICT short gloss; pinyin: Rime ICE GPL-3.0
dues	应付款	n.	toefl	ECDICT MIT	ecdict.csv row 216783; POS gloss 1	ying fu kuan	Rime ICE GPL-3.0	0	exact ECDICT POS-marked gloss; verified batch 11 pinyin key	Exact POS-marked ECDICT short gloss; pinyin: Rime ICE GPL-3.0
chargeable	应支付的	adj.	tem4,tem8	ECDICT MIT	ecdict.csv row 127313; POS gloss 1	ying zhi fu de	Rime ICE GPL-3.0	0	exact ECDICT POS-marked gloss; independently sourced pinyin key	Exact POS-marked ECDICT short gloss; pinyin: Rime ICE GPL-3.0
tectonic	建筑的	adj.	toefl	ECDICT MIT	ecdict.csv row 689833; POS gloss 2	jian zhu de	Rime ICE GPL-3.0	0	exact ECDICT POS-marked gloss; independently sourced pinyin key	Exact POS-marked ECDICT short gloss; pinyin: Rime ICE GPL-3.0
savoury	开胃菜	n.	tem4,tem8	ECDICT MIT	ecdict.csv row 613139; POS gloss 4	kai wei cai	CC-CEDICT CC BY-SA 4.0 + Rime ICE GPL-3.0	0	exact ECDICT POS-marked gloss; independently sourced pinyin key	Exact POS-marked ECDICT short gloss; pinyin: CC-CEDICT CC BY-SA 4.0 + Rime ICE GPL-3.0
compulsively	强制地	adv.	ielts	ECDICT MIT	ecdict.csv row 153425; POS gloss 1	qiang zhi de	Rime ICE GPL-3.0	0	exact ECDICT POS-marked gloss; independently sourced pinyin key	Exact POS-marked ECDICT short gloss; pinyin: Rime ICE GPL-3.0
compelling	强制的	adj.	cet6,tem4	ECDICT MIT	ecdict.csv row 151569; POS gloss 1	qiang zhi de	Rime ICE GPL-3.0	0	exact ECDICT POS-marked gloss; independently sourced pinyin key	Exact POS-marked ECDICT short gloss; pinyin: Rime ICE GPL-3.0
forcible	强制的	adj.	tem8,toefl	ECDICT MIT	ecdict.csv row 270432; POS gloss 1	qiang zhi de	Rime ICE GPL-3.0	0	exact ECDICT POS-marked gloss; independently sourced pinyin key	Exact POS-marked ECDICT short gloss; pinyin: Rime ICE GPL-3.0
intensively	强烈地	adv.	toefl	ECDICT MIT	ecdict.csv row 357105; POS gloss 1	qiang lie de	Rime ICE GPL-3.0	0	exact ECDICT POS-marked gloss; independently sourced pinyin key	Exact POS-marked ECDICT short gloss; pinyin: Rime ICE GPL-3.0
modal	形式的	adj.	toefl	ECDICT MIT	ecdict.csv row 447101; POS gloss 1	xing shi de	Rime ICE GPL-3.0	0	exact ECDICT POS-marked gloss; independently sourced pinyin key	Exact POS-marked ECDICT short gloss; pinyin: Rime ICE GPL-3.0
formative	形成的	adj.	tem8,toefl	ECDICT MIT	ecdict.csv row 271834; POS gloss 3	xing cheng de	Rime ICE GPL-3.0	0	exact ECDICT POS-marked gloss; independently sourced pinyin key	Exact POS-marked ECDICT short gloss; pinyin: Rime ICE GPL-3.0
suggestive	影射的	adj.	tem4,tem8,toefl	ECDICT MIT	ecdict.csv row 673765; POS gloss 2	ying she de	Rime ICE GPL-3.0	0	exact ECDICT POS-marked gloss; independently sourced pinyin key	Exact POS-marked ECDICT short gloss; pinyin: Rime ICE GPL-3.0
fruitlessly	徒劳的	adv.	toefl	ECDICT MIT	ecdict.csv row 277757; POS gloss 2	tu lao de	Rime ICE GPL-3.0	0	exact ECDICT POS-marked gloss; independently sourced pinyin key	Exact POS-marked ECDICT short gloss; pinyin: Rime ICE GPL-3.0
hiker	徒步旅行者	n.	tem8	ECDICT MIT	ecdict.csv row 325838; POS gloss 1	tu bu lv xing zhe	Rime ICE GPL-3.0	0	exact ECDICT POS-marked gloss; independently sourced pinyin key	Exact POS-marked ECDICT short gloss; pinyin: Rime ICE GPL-3.0
unavailable	得不到的	adj.	toefl	ECDICT MIT	ecdict.csv row 726226; POS gloss 1	de bu dao de	Rime ICE GPL-3.0	0	exact ECDICT POS-marked gloss; independently sourced pinyin key	Exact POS-marked ECDICT short gloss; pinyin: Rime ICE GPL-3.0
psycho	心理分析	n.	tem8	ECDICT MIT	ecdict.csv row 563334; POS gloss 1	xin li fen xi	CC-CEDICT CC BY-SA 4.0	0	exact ECDICT POS-marked gloss; verified batch 11 pinyin key	Exact POS-marked ECDICT short gloss; pinyin: CC-CEDICT CC BY-SA 4.0
heartland	心脏地区	n.	tem8	ECDICT MIT	ecdict.csv row 317220; POS gloss 1	xin zang di qu	Rime ICE GPL-3.0	0	exact ECDICT POS-marked gloss; independently sourced pinyin key	Exact POS-marked ECDICT short gloss; pinyin: Rime ICE GPL-3.0
volunteers	志愿者	n.	ielts	ECDICT MIT	ecdict.csv row 748285; POS gloss 1	zhi yuan zhe	CC-CEDICT CC BY-SA 4.0 + Rime ICE GPL-3.0	0	exact ECDICT POS-marked gloss; independently sourced pinyin key	Exact POS-marked ECDICT short gloss; pinyin: CC-CEDICT CC BY-SA 4.0 + Rime ICE GPL-3.0
airily	快活地	adv.	tem8	ECDICT MIT	ecdict.csv row 20393; POS gloss 2	kuai huo de	Rime ICE GPL-3.0	0	exact ECDICT POS-marked gloss; independently sourced pinyin key	Exact POS-marked ECDICT short gloss; pinyin: Rime ICE GPL-3.0
peart	快活的	adj.	toefl	ECDICT MIT	ecdict.csv row 516289; POS gloss 3	kuai huo de	Rime ICE GPL-3.0	0	exact ECDICT POS-marked gloss; independently sourced pinyin key	Exact POS-marked ECDICT short gloss; pinyin: Rime ICE GPL-3.0
apace	快速地	adv.	tem8,toefl,ielts	ECDICT MIT	ecdict.csv row 40757; POS gloss 1	kuai su de	Rime ICE GPL-3.0	0	exact ECDICT POS-marked gloss; independently sourced pinyin key	Exact POS-marked ECDICT short gloss; pinyin: Rime ICE GPL-3.0
stepper	快马	n.	toefl	ECDICT MIT	ecdict.csv row 662567; POS gloss 1	kuai ma	Rime ICE GPL-3.0	0	exact ECDICT POS-marked gloss; independently sourced pinyin key	Exact POS-marked ECDICT short gloss; pinyin: Rime ICE GPL-3.0
incredulous	怀疑的	adj.	tem8,toefl	ECDICT MIT	ecdict.csv row 349366; POS gloss 1	huai yi de	Rime ICE GPL-3.0	0	exact ECDICT POS-marked gloss; independently sourced pinyin key	Exact POS-marked ECDICT short gloss; pinyin: Rime ICE GPL-3.0
sceptical	怀疑的	adj.	cet6,tem8,ielts	ECDICT MIT	ecdict.csv row 614654; POS gloss 2	huai yi de	Rime ICE GPL-3.0	0	exact ECDICT POS-marked gloss; independently sourced pinyin key	Exact POS-marked ECDICT short gloss; pinyin: Rime ICE GPL-3.0
skeptical	怀疑的	adj.	cet6,tem4,tem8,toefl	ECDICT MIT	ecdict.csv row 639547; POS gloss 2	huai yi de	Rime ICE GPL-3.0	0	exact ECDICT POS-marked gloss; independently sourced pinyin key	Exact POS-marked ECDICT short gloss; pinyin: Rime ICE GPL-3.0
skeptic	怀疑者	n.	toefl	ECDICT MIT	ecdict.csv row 639546; POS gloss 1	huai yi zhe	Rime ICE GPL-3.0	0	exact ECDICT POS-marked gloss; independently sourced pinyin key	Exact POS-marked ECDICT short gloss; pinyin: Rime ICE GPL-3.0
baleful	恶意的	adj.	tem8	ECDICT MIT	ecdict.csv row 64986; POS gloss 2	e yi de	Rime ICE GPL-3.0	0	exact ECDICT POS-marked gloss; independently sourced pinyin key	Exact POS-marked ECDICT short gloss; pinyin: Rime ICE GPL-3.0
sulphurous	恶毒的	adj.	tem8	ECDICT MIT	ecdict.csv row 674854; POS gloss 2	e du de	Rime ICE GPL-3.0	0	exact ECDICT POS-marked gloss; independently sourced pinyin key	Exact POS-marked ECDICT short gloss; pinyin: Rime ICE GPL-3.0
euphony	悦耳之音	n.	toefl	ECDICT MIT	ecdict.csv row 241702; POS gloss 1	yue er zhi yin	Rime ICE GPL-3.0	0	exact ECDICT POS-marked gloss; independently sourced pinyin key	Exact POS-marked ECDICT short gloss; pinyin: Rime ICE GPL-3.0
pessimist	悲观者	n.	cet6,tem4,tem8	ECDICT MIT	ecdict.csv row 523158; POS gloss 1	bei guan zhe	Rime ICE GPL-3.0	0	exact ECDICT POS-marked gloss; independently sourced pinyin key	Exact POS-marked ECDICT short gloss; pinyin: Rime ICE GPL-3.0
affective	情感的	adj.	cet6,toefl	ECDICT MIT	ecdict.csv row 16592; POS gloss 1	qing gan de	Rime ICE GPL-3.0	0	exact ECDICT POS-marked gloss; independently sourced pinyin key	Exact POS-marked ECDICT short gloss; pinyin: Rime ICE GPL-3.0
strikingly	惊人地	adv.	tem8,toefl	ECDICT MIT	ecdict.csv row 667717; POS gloss 2	jing ren de	Rime ICE GPL-3.0	0	exact ECDICT POS-marked gloss; independently sourced pinyin key	Exact POS-marked ECDICT short gloss; pinyin: Rime ICE GPL-3.0
terrifyingly	惊人地	adv.	toefl	ECDICT MIT	ecdict.csv row 693603; POS gloss 1	jing ren de	Rime ICE GPL-3.0	0	exact ECDICT POS-marked gloss; independently sourced pinyin key	Exact POS-marked ECDICT short gloss; pinyin: Rime ICE GPL-3.0
wonderfully	惊人地	adv.	toefl	ECDICT MIT	ecdict.csv row 761663; POS gloss 1	jing ren de	Rime ICE GPL-3.0	0	exact ECDICT POS-marked gloss; independently sourced pinyin key	Exact POS-marked ECDICT short gloss; pinyin: Rime ICE GPL-3.0
stupendous	惊人的	adj.	tem8	ECDICT MIT	ecdict.csv row 669263; POS gloss 1	jing ren de	Rime ICE GPL-3.0	0	exact ECDICT POS-marked gloss; independently sourced pinyin key	Exact POS-marked ECDICT short gloss; pinyin: Rime ICE GPL-3.0
accidents	意外事故	n.	ielts	ECDICT MIT	ecdict.csv row 6128; POS gloss 1	yi wai shi gu	CC-CEDICT CC BY-SA 4.0 + Rime ICE GPL-3.0	0	exact ECDICT POS-marked gloss; independently sourced pinyin key	Exact POS-marked ECDICT short gloss; pinyin: CC-CEDICT CC BY-SA 4.0 + Rime ICE GPL-3.0
unplanned	意外的	adj.	toefl	ECDICT MIT	ecdict.csv row 732164; POS gloss 3	yi wai de	Rime ICE GPL-3.0	0	exact ECDICT POS-marked gloss; independently sourced pinyin key	Exact POS-marked ECDICT short gloss; pinyin: Rime ICE GPL-3.0
daft	愚笨的	adj.	tem8	ECDICT MIT	ecdict.csv row 180813; POS gloss 1	yu ben de	Rime ICE GPL-3.0	0	exact ECDICT POS-marked gloss; independently sourced pinyin key	Exact POS-marked ECDICT short gloss; pinyin: Rime ICE GPL-3.0
brutish	愚钝的	adj.	tem8	ECDICT MIT	ecdict.csv row 101129; POS gloss 2	yu dun de	Rime ICE GPL-3.0	0	exact ECDICT POS-marked gloss; independently sourced pinyin key	Exact POS-marked ECDICT short gloss; pinyin: Rime ICE GPL-3.0
emotive	感情的	adj.	tem8,toefl	ECDICT MIT	ecdict.csv row 229351; POS gloss 3	gan qing de	Rime ICE GPL-3.0	0	exact ECDICT POS-marked gloss; independently sourced pinyin key	Exact POS-marked ECDICT short gloss; pinyin: Rime ICE GPL-3.0
cautiously	慎重地	adv.	toefl	ECDICT MIT	ecdict.csv row 120775; POS gloss 1	shen zhong de	Rime ICE GPL-3.0	0	exact ECDICT POS-marked gloss; independently sourced pinyin key	Exact POS-marked ECDICT short gloss; pinyin: Rime ICE GPL-3.0
sluggishly	慢吞吞地	adv.	toefl	ECDICT MIT	ecdict.csv row 642079; POS gloss 2	man tun tun de	Rime ICE GPL-3.0	0	exact ECDICT POS-marked gloss; independently sourced pinyin key	Exact POS-marked ECDICT short gloss; pinyin: Rime ICE GPL-3.0
handsomely	慢慢地	adv.	tem8,toefl	ECDICT MIT	ecdict.csv row 312525; POS gloss 4	man man de	Rime ICE GPL-3.0	0	exact ECDICT POS-marked gloss; independently sourced pinyin key	Exact POS-marked ECDICT short gloss; pinyin: Rime ICE GPL-3.0
tardy	慢的	adj.	toefl	ECDICT MIT	ecdict.csv row 687659; POS gloss 1	man de	Rime ICE GPL-3.0	0	exact ECDICT POS-marked gloss; independently sourced pinyin key	Exact POS-marked ECDICT short gloss; pinyin: Rime ICE GPL-3.0
realtor	房地产经纪人	n.	toefl	ECDICT MIT	ecdict.csv row 580376; POS gloss 1	fang di chan jing ji ren	Rime ICE GPL-3.0	0	exact ECDICT POS-marked gloss; independently sourced pinyin key	Exact POS-marked ECDICT short gloss; pinyin: Rime ICE GPL-3.0
thresher	打谷机	n.	toefl	ECDICT MIT	ecdict.csv row 700971; POS gloss 2	da gu ji	CC-CEDICT CC BY-SA 4.0 + Rime ICE GPL-3.0	0	exact ECDICT POS-marked gloss; independently sourced pinyin key	Exact POS-marked ECDICT short gloss; pinyin: CC-CEDICT CC BY-SA 4.0 + Rime ICE GPL-3.0
pawnee	承典人	n.	toefl	ECDICT MIT	ecdict.csv row 515199; POS gloss 2	cheng dian ren	Rime ICE GPL-3.0	0	exact ECDICT POS-marked gloss; independently sourced pinyin key	Exact POS-marked ECDICT short gloss; pinyin: Rime ICE GPL-3.0
forager	抢劫者	n.	toefl	ECDICT MIT	ecdict.csv row 270080; POS gloss 2	qiang jie zhe	Rime ICE GPL-3.0	0	exact ECDICT POS-marked gloss; independently sourced pinyin key	Exact POS-marked ECDICT short gloss; pinyin: Rime ICE GPL-3.0
resistant	抵抗者	n.	cet4,cet6,tem4,tem8,toefl,ielts	ECDICT MIT	ecdict.csv row 591899; POS gloss 1	di kang zhe	Rime ICE GPL-3.0	0	exact ECDICT POS-marked gloss; independently sourced pinyin key	Exact POS-marked ECDICT short gloss; pinyin: Rime ICE GPL-3.0
sniffle	抽鼻子	n.	tem8	ECDICT MIT	ecdict.csv row 643716; POS gloss 3	chou bi zi	Rime ICE GPL-3.0	0	exact ECDICT POS-marked gloss; independently sourced pinyin key	Exact POS-marked ECDICT short gloss; pinyin: Rime ICE GPL-3.0
trawler	拖网渔船	n.	tem8	ECDICT MIT	ecdict.csv row 713847; POS gloss 1	tuo wang yu chuan	Rime ICE GPL-3.0	0	exact ECDICT POS-marked gloss; independently sourced pinyin key	Exact POS-marked ECDICT short gloss; pinyin: Rime ICE GPL-3.0
instructors	指导者	n.	ielts	ECDICT MIT	ecdict.csv row 356078; POS gloss 1	zhi dao zhe	CC-CEDICT CC BY-SA 4.0 + Rime ICE GPL-3.0	0	exact ECDICT POS-marked gloss; independently sourced pinyin key	Exact POS-marked ECDICT short gloss; pinyin: CC-CEDICT CC BY-SA 4.0 + Rime ICE GPL-3.0
carping	挑毛病的	adj.	toefl	ECDICT MIT	ecdict.csv row 116543; POS gloss 2	tiao mao bing de	Rime ICE GPL-3.0	0	exact ECDICT POS-marked gloss; independently sourced pinyin key	Exact POS-marked ECDICT short gloss; pinyin: Rime ICE GPL-3.0
donator	捐赠人	n.	tem8	ECDICT MIT	ecdict.csv row 210703; POS gloss 1	juan zeng ren	Rime ICE GPL-3.0	0	exact ECDICT POS-marked gloss; independently sourced pinyin key	Exact POS-marked ECDICT short gloss; pinyin: Rime ICE GPL-3.0
reliever	接替者	n.	toefl	ECDICT MIT	ecdict.csv row 587893; POS gloss 2	jie ti zhe	Rime ICE GPL-3.0	0	exact ECDICT POS-marked gloss; independently sourced pinyin key	Exact POS-marked ECDICT short gloss; pinyin: Rime ICE GPL-3.0
raiser	提高者	n.	tem8	ECDICT MIT	ecdict.csv row 575665; POS gloss 1	ti gao zhe	Rime ICE GPL-3.0	0	exact ECDICT POS-marked gloss; independently sourced pinyin key	Exact POS-marked ECDICT short gloss; pinyin: Rime ICE GPL-3.0
seeker	搜索者	n.	toefl	ECDICT MIT	ecdict.csv row 621275; POS gloss 1	sou suo zhe	Rime ICE GPL-3.0	0	exact ECDICT POS-marked gloss; independently sourced pinyin key	Exact POS-marked ECDICT short gloss; pinyin: Rime ICE GPL-3.0
photojournalism	摄影报道	n.	toefl,ielts	ECDICT MIT	ecdict.csv row 528089; POS gloss 2	she ying bao dao	Rime ICE GPL-3.0	0	exact ECDICT POS-marked gloss; independently sourced pinyin key	Exact POS-marked ECDICT short gloss; pinyin: Rime ICE GPL-3.0
rickety	摇摆的	adj.	tem8	ECDICT MIT	ecdict.csv row 597482; POS gloss 3	yao bai de	Rime ICE GPL-3.0	0	exact ECDICT POS-marked gloss; independently sourced pinyin key	Exact POS-marked ECDICT short gloss; pinyin: Rime ICE GPL-3.0
mormon	摩门教徒	n.	toefl	ECDICT MIT	ecdict.csv row 452213; POS gloss 1	mo men jiao tu	Rime ICE GPL-3.0	0	exact ECDICT POS-marked gloss; independently sourced pinyin key	Exact POS-marked ECDICT short gloss; pinyin: Rime ICE GPL-3.0
operational	操作的	adj.	cet4,cet6,tem8,toefl,ielts	ECDICT MIT	ecdict.csv row 492447; POS gloss 1	cao zuo de	Rime ICE GPL-3.0	0	exact ECDICT POS-marked gloss; independently sourced pinyin key	Exact POS-marked ECDICT short gloss; pinyin: Rime ICE GPL-3.0
projectionist	放映员	n.	toefl	ECDICT MIT	ecdict.csv row 558044; POS gloss 1	fang ying yuan	Rime ICE GPL-3.0	0	exact ECDICT POS-marked gloss; independently sourced pinyin key	Exact POS-marked ECDICT short gloss; pinyin: Rime ICE GPL-3.0
governmental	政府的	adj.	toefl	ECDICT MIT	ecdict.csv row 301212; POS gloss 3	zheng fu de	Rime ICE GPL-3.0	0	exact ECDICT POS-marked gloss; independently sourced pinyin key	Exact POS-marked ECDICT short gloss; pinyin: Rime ICE GPL-3.0
knowingly	故意地	adv.	tem8	ECDICT MIT	ecdict.csv row 381398; POS gloss 3	gu yi de	Rime ICE GPL-3.0	0	exact ECDICT POS-marked gloss; independently sourced pinyin key	Exact POS-marked ECDICT short gloss; pinyin: Rime ICE GPL-3.0
sensitively	敏感地	adv.	tem4,toefl	ECDICT MIT	ecdict.csv row 625381; POS gloss 2	min gan de	Rime ICE GPL-3.0	0	exact ECDICT POS-marked gloss; independently sourced pinyin key	Exact POS-marked ECDICT short gloss; pinyin: Rime ICE GPL-3.0
impressionable	敏感的	adj.	tem8	ECDICT MIT	ecdict.csv row 345535; POS gloss 2	min gan de	Rime ICE GPL-3.0	0	exact ECDICT POS-marked gloss; independently sourced pinyin key	Exact POS-marked ECDICT short gloss; pinyin: Rime ICE GPL-3.0
sensuous	敏感的	adj.	tem8,toefl	ECDICT MIT	ecdict.csv row 625518; POS gloss 2	min gan de	Rime ICE GPL-3.0	0	exact ECDICT POS-marked gloss; independently sourced pinyin key	Exact POS-marked ECDICT short gloss; pinyin: Rime ICE GPL-3.0
keenly	敏捷地	adv.	cet4,toefl	ECDICT MIT	ecdict.csv row 376420; POS gloss 2	min jie de	Rime ICE GPL-3.0	0	exact ECDICT POS-marked gloss; independently sourced pinyin key	Exact POS-marked ECDICT short gloss; pinyin: Rime ICE GPL-3.0
subtly	敏锐地	adv.	tem8	ECDICT MIT	ecdict.csv row 672709; POS gloss 1	min rui de	Rime ICE GPL-3.0	0	exact ECDICT POS-marked gloss; independently sourced pinyin key	Exact POS-marked ECDICT short gloss; pinyin: Rime ICE GPL-3.0
discerning	敏锐的	adj.	tem8,toefl,ielts	ECDICT MIT	ecdict.csv row 203983; POS gloss 2	min rui de	Rime ICE GPL-3.0	0	exact ECDICT POS-marked gloss; independently sourced pinyin key	Exact POS-marked ECDICT short gloss; pinyin: Rime ICE GPL-3.0
deliverer	救助者	n.	tem8	ECDICT MIT	ecdict.csv row 189391; POS gloss 1	jiu zhu zhe	Rime ICE GPL-3.0	0	exact ECDICT POS-marked gloss; independently sourced pinyin key	Exact POS-marked ECDICT short gloss; pinyin: Rime ICE GPL-3.0
poorhouse	救济院	n.	toefl	ECDICT MIT	ecdict.csv row 543375; POS gloss 1	jiu ji yuan	Rime ICE GPL-3.0	0	exact ECDICT POS-marked gloss; independently sourced pinyin key	Exact POS-marked ECDICT short gloss; pinyin: Rime ICE GPL-3.0
educationist	教育家	n.	tem8	ECDICT MIT	ecdict.csv row 222868; POS gloss 1	jiao yu jia	CC-CEDICT CC BY-SA 4.0 + Rime ICE GPL-3.0	0	exact ECDICT POS-marked gloss; independently sourced pinyin key	Exact POS-marked ECDICT short gloss; pinyin: CC-CEDICT CC BY-SA 4.0 + Rime ICE GPL-3.0
untold	数不清的	adj.	tem8,toefl,ielts	ECDICT MIT	ecdict.csv row 733622; POS gloss 4	shu bu qing de	Rime ICE GPL-3.0	0	exact ECDICT POS-marked gloss; independently sourced pinyin key	Exact POS-marked ECDICT short gloss; pinyin: Rime ICE GPL-3.0
entrant	新会员	n.	tem4,tem8	ECDICT MIT	ecdict.csv row 233907; POS gloss 1	xin hui yuan	Rime ICE GPL-3.0	0	exact ECDICT POS-marked gloss; independently sourced pinyin key	Exact POS-marked ECDICT short gloss; pinyin: Rime ICE GPL-3.0
newscast	新闻广播	n.	tem4,tem8,toefl	ECDICT MIT	ecdict.csv row 470951; POS gloss 1	xin wen guang bo	Rime ICE GPL-3.0	0	exact ECDICT POS-marked gloss; independently sourced pinyin key	Exact POS-marked ECDICT short gloss; pinyin: Rime ICE GPL-3.0
advantageously	方便地	adv.	toefl	ECDICT MIT	ecdict.csv row 15136; POS gloss 2	fang bian de	Rime ICE GPL-3.0	0	exact ECDICT POS-marked gloss; independently sourced pinyin key	Exact POS-marked ECDICT short gloss; pinyin: Rime ICE GPL-3.0
baedeker	旅行指南	n.	toefl	ECDICT MIT	ecdict.csv row 63863; POS gloss 1	lv xing zhi nan	Rime ICE GPL-3.0	0	exact ECDICT POS-marked gloss; independently sourced pinyin key	Exact POS-marked ECDICT short gloss; pinyin: Rime ICE GPL-3.0
tourists	旅行者	n.	ielts	ECDICT MIT	ecdict.csv row 709130; POS gloss 1	lv xing zhe	CC-CEDICT CC BY-SA 4.0 + Rime ICE GPL-3.0	0	exact ECDICT POS-marked gloss; independently sourced pinyin key	Exact POS-marked ECDICT short gloss; pinyin: CC-CEDICT CC BY-SA 4.0 + Rime ICE GPL-3.0
travelers	旅行者	n.	ielts	ECDICT MIT	ecdict.csv row 713718; POS gloss 1	lv xing zhe	CC-CEDICT CC BY-SA 4.0 + Rime ICE GPL-3.0	0	exact ECDICT POS-marked gloss; independently sourced pinyin key	Exact POS-marked ECDICT short gloss; pinyin: CC-CEDICT CC BY-SA 4.0 + Rime ICE GPL-3.0
tripper	旅行者	n.	tem8	ECDICT MIT	ecdict.csv row 717557; POS gloss 2	lv xing zhe	CC-CEDICT CC BY-SA 4.0 + Rime ICE GPL-3.0	0	exact ECDICT POS-marked gloss; independently sourced pinyin key	Exact POS-marked ECDICT short gloss; pinyin: CC-CEDICT CC BY-SA 4.0 + Rime ICE GPL-3.0
hotelier	旅馆老板	n.	tem8	ECDICT MIT	ecdict.csv row 332317; POS gloss 1	lv guan lao ban	Rime ICE GPL-3.0	0	exact ECDICT POS-marked gloss; independently sourced pinyin key	Exact POS-marked ECDICT short gloss; pinyin: Rime ICE GPL-3.0
irrespective	无关的	adj.	cet6,tem8,ielts	ECDICT MIT	ecdict.csv row 364954; POS gloss 2	wu guan de	Rime ICE GPL-3.0	0	exact ECDICT POS-marked gloss; independently sourced pinyin key	Exact POS-marked ECDICT short gloss; pinyin: Rime ICE GPL-3.0
immaterial	无形的	adj.	tem8	ECDICT MIT	ecdict.csv row 343778; POS gloss 2	wu xing de	Rime ICE GPL-3.0	0	exact ECDICT POS-marked gloss; independently sourced pinyin key	Exact POS-marked ECDICT short gloss; pinyin: Rime ICE GPL-3.0
inexorable	无情的	adj.	tem8	ECDICT MIT	ecdict.csv row 351976; POS gloss 1	wu qing de	Rime ICE GPL-3.0	0	exact ECDICT POS-marked gloss; independently sourced pinyin key	Exact POS-marked ECDICT short gloss; pinyin: Rime ICE GPL-3.0
uncharitable	无情的	adj.	tem8	ECDICT MIT	ecdict.csv row 726664; POS gloss 2	wu qing de	Rime ICE GPL-3.0	0	exact ECDICT POS-marked gloss; independently sourced pinyin key	Exact POS-marked ECDICT short gloss; pinyin: Rime ICE GPL-3.0
impotent	无效的	adj.	tem8	ECDICT MIT	ecdict.csv row 345411; POS gloss 3	wu xiao de	Rime ICE GPL-3.0	0	exact ECDICT POS-marked gloss; independently sourced pinyin key	Exact POS-marked ECDICT short gloss; pinyin: Rime ICE GPL-3.0
smokeless	无烟的	adj.	tem4,tem8	ECDICT MIT	ecdict.csv row 642970; POS gloss 1	wu yan de	Rime ICE GPL-3.0	0	exact ECDICT POS-marked gloss; independently sourced pinyin key	Exact POS-marked ECDICT short gloss; pinyin: Rime ICE GPL-3.0
purposeless	无目的的	adj.	tem8	ECDICT MIT	ecdict.csv row 566878; POS gloss 1	wu mu di de	Rime ICE GPL-3.0	0	exact ECDICT POS-marked gloss; independently sourced pinyin key	Exact POS-marked ECDICT short gloss; pinyin: Rime ICE GPL-3.0
surly	无礼的	adj.	tem8	ECDICT MIT	ecdict.csv row 678382; POS gloss 2	wu li de	Rime ICE GPL-3.0	0	exact ECDICT POS-marked gloss; independently sourced pinyin key	Exact POS-marked ECDICT short gloss; pinyin: Rime ICE GPL-3.0
cosmic	无限的	adj.	cet6,tem4,tem8,toefl,ielts	ECDICT MIT	ecdict.csv row 165608; POS gloss 3	wu xian de	Rime ICE GPL-3.0	0	exact ECDICT POS-marked gloss; independently sourced pinyin key	Exact POS-marked ECDICT short gloss; pinyin: Rime ICE GPL-3.0
interminable	无限的	adj.	tem8	ECDICT MIT	ecdict.csv row 358918; POS gloss 1	wu xian de	Rime ICE GPL-3.0	0	exact ECDICT POS-marked gloss; independently sourced pinyin key	Exact POS-marked ECDICT short gloss; pinyin: Rime ICE GPL-3.0
vested	既定的	adj.	ielts	ECDICT MIT	ecdict.csv row 743601; POS gloss 3	ji ding de	Rime ICE GPL-3.0	0	exact ECDICT POS-marked gloss; independently sourced pinyin key	Exact POS-marked ECDICT short gloss; pinyin: Rime ICE GPL-3.0
secondhand	旧的	adj.	tem8,toefl	ECDICT MIT	ecdict.csv row 620299; POS gloss 2	jiu de	Rime ICE GPL-3.0	0	exact ECDICT POS-marked gloss; independently sourced pinyin key	Exact POS-marked ECDICT short gloss; pinyin: Rime ICE GPL-3.0
stardom	明星们	n.	tem8,toefl	ECDICT MIT	ecdict.csv row 659319; POS gloss 2	ming xing men	Rime ICE GPL-3.0	0	exact ECDICT POS-marked gloss; independently sourced pinyin key	Exact POS-marked ECDICT short gloss; pinyin: Rime ICE GPL-3.0
indubitable	明显的	adj.	tem8	ECDICT MIT	ecdict.csv row 351156; POS gloss 3	ming xian de	Rime ICE GPL-3.0	0	exact ECDICT POS-marked gloss; independently sourced pinyin key	Exact POS-marked ECDICT short gloss; pinyin: Rime ICE GPL-3.0
palpable	明显的	adj.	tem8	ECDICT MIT	ecdict.csv row 507094; POS gloss 2	ming xian de	Rime ICE GPL-3.0	0	exact ECDICT POS-marked gloss; independently sourced pinyin key	Exact POS-marked ECDICT short gloss; pinyin: Rime ICE GPL-3.0
uncontested	明显的	adj.	toefl	ECDICT MIT	ecdict.csv row 727058; POS gloss 3	ming xian de	Rime ICE GPL-3.0	0	exact ECDICT POS-marked gloss; independently sourced pinyin key	Exact POS-marked ECDICT short gloss; pinyin: Rime ICE GPL-3.0
politic	明智的	adj.	ielts	ECDICT MIT	ecdict.csv row 540455; POS gloss 2	ming zhi de	Rime ICE GPL-3.0	0	exact ECDICT POS-marked gloss; independently sourced pinyin key	Exact POS-marked ECDICT short gloss; pinyin: Rime ICE GPL-3.0
incontrovertible	明白的	adj.	tem8	ECDICT MIT	ecdict.csv row 349211; POS gloss 3	ming bai de	Rime ICE GPL-3.0	0	exact ECDICT POS-marked gloss; independently sourced pinyin key	Exact POS-marked ECDICT short gloss; pinyin: Rime ICE GPL-3.0
fallible	易错的	adj.	tem8,toefl,ielts	ECDICT MIT	ecdict.csv row 251094; POS gloss 1	yi cuo de	Rime ICE GPL-3.0	0	exact ECDICT POS-marked gloss; independently sourced pinyin key	Exact POS-marked ECDICT short gloss; pinyin: Rime ICE GPL-3.0
nebular	星云的	adj.	toefl	ECDICT MIT	ecdict.csv row 465643; POS gloss 1	xing yun de	Rime ICE GPL-3.0	0	exact ECDICT POS-marked gloss; independently sourced pinyin key	Exact POS-marked ECDICT short gloss; pinyin: Rime ICE GPL-3.0
nebulous	星云的	adj.	tem8	ECDICT MIT	ecdict.csv row 465665; POS gloss 1	xing yun de	Rime ICE GPL-3.0	0	exact ECDICT POS-marked gloss; independently sourced pinyin key	Exact POS-marked ECDICT short gloss; pinyin: Rime ICE GPL-3.0
vernal	春天的	adj.	tem8	ECDICT MIT	ecdict.csv row 742708; POS gloss 1	chun tian de	Rime ICE GPL-3.0	0	exact ECDICT POS-marked gloss; independently sourced pinyin key	Exact POS-marked ECDICT short gloss; pinyin: Rime ICE GPL-3.0
marked	显著的	adj.	tem4,tem8,toefl	ECDICT MIT	ecdict.csv row 423319; POS gloss 2	xian zhu de	Rime ICE GPL-3.0	0	exact ECDICT POS-marked gloss; independently sourced pinyin key	Exact POS-marked ECDICT short gloss; pinyin: Rime ICE GPL-3.0
noteworthy	显著的	adj.	toefl	ECDICT MIT	ecdict.csv row 479983; POS gloss 2	xian zhu de	Rime ICE GPL-3.0	0	exact ECDICT POS-marked gloss; independently sourced pinyin key	Exact POS-marked ECDICT short gloss; pinyin: Rime ICE GPL-3.0
salient	显著的	adj.	tem8,toefl	ECDICT MIT	ecdict.csv row 609153; POS gloss 1	xian zhu de	Rime ICE GPL-3.0	0	exact ECDICT POS-marked gloss; independently sourced pinyin key	Exact POS-marked ECDICT short gloss; pinyin: Rime ICE GPL-3.0
transitory	暂时的	adj.	tem8,toefl	ECDICT MIT	ecdict.csv row 712416; POS gloss 1	zan shi de	Rime ICE GPL-3.0	0	exact ECDICT POS-marked gloss; independently sourced pinyin key	Exact POS-marked ECDICT short gloss; pinyin: Rime ICE GPL-3.0
quickest	最快的	adj.	toefl	ECDICT MIT	ecdict.csv row 571932; POS gloss 1	zui kuai de	Rime ICE GPL-3.0	0	exact ECDICT POS-marked gloss; independently sourced pinyin key	Exact POS-marked ECDICT short gloss; pinyin: Rime ICE GPL-3.0
lunar	月的	adj.	cet4,cet6,tem4,tem8,toefl,ielts	ECDICT MIT	ecdict.csv row 411330; POS gloss 2	yue de	Rime ICE GPL-3.0	0	exact ECDICT POS-marked gloss; independently sourced pinyin key	Exact POS-marked ECDICT short gloss; pinyin: Rime ICE GPL-3.0
relational	有关系的	adj.	toefl	ECDICT MIT	ecdict.csv row 587231; POS gloss 1	you guan xi de	Rime ICE GPL-3.0	0	exact ECDICT POS-marked gloss; independently sourced pinyin key	Exact POS-marked ECDICT short gloss; pinyin: Rime ICE GPL-3.0
distinguishing	有区别的	adj.	tem4	ECDICT MIT	ecdict.csv row 207085; POS gloss 1	you qu bie de	Rime ICE GPL-3.0	0	exact ECDICT POS-marked gloss; independently sourced pinyin key	Exact POS-marked ECDICT short gloss; pinyin: Rime ICE GPL-3.0
usefully	有效地	adv.	toefl	ECDICT MIT	ecdict.csv row 736395; POS gloss 1	you xiao de	Rime ICE GPL-3.0	0	exact ECDICT POS-marked gloss; independently sourced pinyin key	Exact POS-marked ECDICT short gloss; pinyin: Rime ICE GPL-3.0
availability	有效性	n.	cet6,tem4,tem8,toefl,ielts	ECDICT MIT	ecdict.csv row 59135; POS gloss 1	you xiao xing	CC-CEDICT CC BY-SA 4.0 + Rime ICE GPL-3.0	0	exact ECDICT POS-marked gloss; independently sourced pinyin key	Exact POS-marked ECDICT short gloss; pinyin: CC-CEDICT CC BY-SA 4.0 + Rime ICE GPL-3.0
salutary	有益的	adj.	tem8,toefl	ECDICT MIT	ecdict.csv row 609895; POS gloss 1	you yi de	Rime ICE GPL-3.0	0	exact ECDICT POS-marked gloss; independently sourced pinyin key	Exact POS-marked ECDICT short gloss; pinyin: Rime ICE GPL-3.0
theist	有神论者	n.	toefl	ECDICT MIT	ecdict.csv row 697060; POS gloss 1	you shen lun zhe	CC-CEDICT CC BY-SA 4.0 + Rime ICE GPL-3.0	0	exact ECDICT POS-marked gloss; independently sourced pinyin key	Exact POS-marked ECDICT short gloss; pinyin: CC-CEDICT CC BY-SA 4.0 + Rime ICE GPL-3.0
institutionalized	有组织的	adj.	tem8	ECDICT MIT	ecdict.csv row 355944; POS gloss 2	you zu zhi de	Rime ICE GPL-3.0	0	exact ECDICT POS-marked gloss; independently sourced pinyin key	Exact POS-marked ECDICT short gloss; pinyin: Rime ICE GPL-3.0
toothed	有齿的	adj.	toefl	ECDICT MIT	ecdict.csv row 707384; POS gloss 1	you chi de	Rime ICE GPL-3.0	0	exact ECDICT POS-marked gloss; independently sourced pinyin key	Exact POS-marked ECDICT short gloss; pinyin: Rime ICE GPL-3.0
uncharted	未知的	adj.	toefl	ECDICT MIT	ecdict.csv row 726671; POS gloss 2	wei zhi de	Rime ICE GPL-3.0	0	exact ECDICT POS-marked gloss; independently sourced pinyin key	Exact POS-marked ECDICT short gloss; pinyin: Rime ICE GPL-3.0
unsuspected	未知的	adj.	toefl	ECDICT MIT	ecdict.csv row 733434; POS gloss 3	wei zhi de	Rime ICE GPL-3.0	0	exact ECDICT POS-marked gloss; independently sourced pinyin key	Exact POS-marked ECDICT short gloss; pinyin: Rime ICE GPL-3.0
instinctively	本能地	adv.	cet6,toefl	ECDICT MIT	ecdict.csv row 355882; POS gloss 1	ben neng de	Rime ICE GPL-3.0	0	exact ECDICT POS-marked gloss; independently sourced pinyin key	Exact POS-marked ECDICT short gloss; pinyin: Rime ICE GPL-3.0
instinctive	本能的	adj.	toefl	ECDICT MIT	ecdict.csv row 355880; POS gloss 1	ben neng de	Rime ICE GPL-3.0	0	exact ECDICT POS-marked gloss; independently sourced pinyin key	Exact POS-marked ECDICT short gloss; pinyin: Rime ICE GPL-3.0
instinctual	本能的	adj.	toefl,ielts	ECDICT MIT	ecdict.csv row 355884; POS gloss 1	ben neng de	Rime ICE GPL-3.0	0	exact ECDICT POS-marked gloss; independently sourced pinyin key	Exact POS-marked ECDICT short gloss; pinyin: Rime ICE GPL-3.0
mechanist	机械论者	n.	toefl	ECDICT MIT	ecdict.csv row 429375; POS gloss 3	ji xie lun zhe	Rime ICE GPL-3.0	0	exact ECDICT POS-marked gloss; independently sourced pinyin key	Exact POS-marked ECDICT short gloss; pinyin: Rime ICE GPL-3.0
crossbreeding	杂交育种	n.	toefl	ECDICT MIT	ecdict.csv row 172520; POS gloss 1	za jiao yu zhong	Rime ICE GPL-3.0	0	exact ECDICT POS-marked gloss; independently sourced pinyin key	Exact POS-marked ECDICT short gloss; pinyin: Rime ICE GPL-3.0
cavendish	板烟	n.	toefl	ECDICT MIT	ecdict.csv row 120872; POS gloss 1	ban yan	CC-CEDICT CC BY-SA 4.0 + Rime ICE GPL-3.0	0	exact ECDICT POS-marked gloss; independently sourced pinyin key	Exact POS-marked ECDICT short gloss; pinyin: CC-CEDICT CC BY-SA 4.0 + Rime ICE GPL-3.0
milky	柔和的	adj.	cet6,tem8,toefl	ECDICT MIT	ecdict.csv row 442335; POS gloss 3	rou he de	Rime ICE GPL-3.0	0	exact ECDICT POS-marked gloss; independently sourced pinyin key	Exact POS-marked ECDICT short gloss; pinyin: Rime ICE GPL-3.0
pliant	柔韧的	adj.	toefl	ECDICT MIT	ecdict.csv row 537304; POS gloss 2	rou ren de	Rime ICE GPL-3.0	0	exact ECDICT POS-marked gloss; independently sourced pinyin key	Exact POS-marked ECDICT short gloss; pinyin: Rime ICE GPL-3.0
tartan	格子呢	n.	tem8	ECDICT MIT	ecdict.csv row 688036; POS gloss 1	ge zi ni	CC-CEDICT CC BY-SA 4.0 + Rime ICE GPL-3.0	0	exact ECDICT POS-marked gloss; independently sourced pinyin key	Exact POS-marked ECDICT short gloss; pinyin: CC-CEDICT CC BY-SA 4.0 + Rime ICE GPL-3.0
grower	栽培者	n.	toefl	ECDICT MIT	ecdict.csv row 306239; POS gloss 1	zai pei zhe	Rime ICE GPL-3.0	0	exact ECDICT POS-marked gloss; independently sourced pinyin key	Exact POS-marked ECDICT short gloss; pinyin: Rime ICE GPL-3.0
laureate	桂冠诗人	n.	tem4,tem8,toefl	ECDICT MIT	ecdict.csv row 389913; POS gloss 3	gui guan shi ren	Rime ICE GPL-3.0	0	exact ECDICT POS-marked gloss; independently sourced pinyin key	Exact POS-marked ECDICT short gloss; pinyin: Rime ICE GPL-3.0
rower	桨手	n.	tem4,tem8	ECDICT MIT	ecdict.csv row 604109; POS gloss 1	jiang shou	CC-CEDICT CC BY-SA 4.0	0	exact ECDICT POS-marked gloss; independently sourced pinyin key	Exact POS-marked ECDICT short gloss; pinyin: CC-CEDICT CC BY-SA 4.0
conceptual	概念的	adj.	tem8,toefl,ielts	ECDICT MIT	ecdict.csv row 154272; POS gloss 1	gai nian de	Rime ICE GPL-3.0	0	exact ECDICT POS-marked gloss; independently sourced pinyin key	Exact POS-marked ECDICT short gloss; pinyin: Rime ICE GPL-3.0
imitator	模仿者	n.	toefl	ECDICT MIT	ecdict.csv row 343743; POS gloss 1	mo fang zhe	Rime ICE GPL-3.0	0	exact ECDICT POS-marked gloss; independently sourced pinyin key	Exact POS-marked ECDICT short gloss; pinyin: Rime ICE GPL-3.0
woolly	模糊的	adj.	toefl	ECDICT MIT	ecdict.csv row 762159; POS gloss 2	mo hu de	Rime ICE GPL-3.0	0	exact ECDICT POS-marked gloss; independently sourced pinyin key	Exact POS-marked ECDICT short gloss; pinyin: Rime ICE GPL-3.0
convivial	欢乐的	adj.	toefl	ECDICT MIT	ecdict.csv row 161420; POS gloss 3	huan le de	Rime ICE GPL-3.0	0	exact ECDICT POS-marked gloss; independently sourced pinyin key	Exact POS-marked ECDICT short gloss; pinyin: Rime ICE GPL-3.0
rightly	正确地	adv.	tem8	ECDICT MIT	ecdict.csv row 598362; POS gloss 3	zheng que de	Rime ICE GPL-3.0	0	exact ECDICT POS-marked gloss; independently sourced pinyin key	Exact POS-marked ECDICT short gloss; pinyin: Rime ICE GPL-3.0
deathly	死一般的	adj.	tem4,tem8	ECDICT MIT	ecdict.csv row 184684; POS gloss 1	si yi ban de	Rime ICE GPL-3.0	0	exact ECDICT POS-marked gloss; independently sourced pinyin key	Exact POS-marked ECDICT short gloss; pinyin: Rime ICE GPL-3.0
hidebound	死板的	adj.	tem8	ECDICT MIT	ecdict.csv row 324465; POS gloss 1	si ban de	Rime ICE GPL-3.0	0	exact ECDICT POS-marked gloss; independently sourced pinyin key	Exact POS-marked ECDICT short gloss; pinyin: Rime ICE GPL-3.0
menstrual	每月的	adj.	tem8	ECDICT MIT	ecdict.csv row 432989; POS gloss 3	mei yue de	Rime ICE GPL-3.0	0	exact ECDICT POS-marked gloss; independently sourced pinyin key	Exact POS-marked ECDICT short gloss; pinyin: Rime ICE GPL-3.0
proportional	比例的	adj.	cet4,cet6,tem4,tem8	ECDICT MIT	ecdict.csv row 559232; POS gloss 1	bi li de	Rime ICE GPL-3.0	0	exact ECDICT POS-marked gloss; independently sourced pinyin key	Exact POS-marked ECDICT short gloss; pinyin: Rime ICE GPL-3.0
maori	毛利人	n.	tem8	ECDICT MIT	ecdict.csv row 421969; POS gloss 1	mao li ren	CC-CEDICT CC BY-SA 4.0	0	exact ECDICT POS-marked gloss; independently sourced pinyin key	Exact POS-marked ECDICT short gloss; pinyin: CC-CEDICT CC BY-SA 4.0
gaseous	气态的	adj.	cet4,cet6,tem4,tem8,toefl	ECDICT MIT	ecdict.csv row 284022; POS gloss 2	qi tai de	Rime ICE GPL-3.0	0	exact ECDICT POS-marked gloss; independently sourced pinyin key	Exact POS-marked ECDICT short gloss; pinyin: Rime ICE GPL-3.0
meteorologist	气象学者	n.	toefl	ECDICT MIT	ecdict.csv row 436789; POS gloss 1	qi xiang xue zhe	CC-CEDICT CC BY-SA 4.0 + Rime ICE GPL-3.0	0	exact ECDICT POS-marked gloss; independently sourced pinyin key	Exact POS-marked ECDICT short gloss; pinyin: CC-CEDICT CC BY-SA 4.0 + Rime ICE GPL-3.0
fruiterer	水果商	n.	tem8	ECDICT MIT	ecdict.csv row 277737; POS gloss 1	shui guo shang	Rime ICE GPL-3.0	0	exact ECDICT POS-marked gloss; independently sourced pinyin key	Exact POS-marked ECDICT short gloss; pinyin: Rime ICE GPL-3.0
contaminants	污染物	n.	ielts	ECDICT MIT	ecdict.csv row 158895; POS gloss 1	wu ran wu	CC-CEDICT CC BY-SA 4.0 + Rime ICE GPL-3.0	0	exact ECDICT POS-marked gloss; verified batch 11 pinyin key	Exact POS-marked ECDICT short gloss; pinyin: CC-CEDICT CC BY-SA 4.0 + Rime ICE GPL-3.0
automotive	汽车的	adj.	toefl	ECDICT MIT	ecdict.csv row 58412; POS gloss 1	qi che de	Rime ICE GPL-3.0	0	exact ECDICT POS-marked gloss; independently sourced pinyin key	Exact POS-marked ECDICT short gloss; pinyin: Rime ICE GPL-3.0
remedial	治疗的	adj.	tem8	ECDICT MIT	ecdict.csv row 588244; POS gloss 1	zhi liao de	Rime ICE GPL-3.0	0	exact ECDICT POS-marked gloss; independently sourced pinyin key	Exact POS-marked ECDICT short gloss; pinyin: Rime ICE GPL-3.0
swampy	沼泽的	adj.	toefl	ECDICT MIT	ecdict.csv row 679404; POS gloss 1	zhao ze de	Rime ICE GPL-3.0	0	exact ECDICT POS-marked gloss; independently sourced pinyin key	Exact POS-marked ECDICT short gloss; pinyin: Rime ICE GPL-3.0
polynesian	波利尼西亚人	n.	toefl	ECDICT MIT	ecdict.csv row 542035; POS gloss 2	bo li ni xi ya ren	Rime ICE GPL-3.0	0	exact ECDICT POS-marked gloss; independently sourced pinyin key	Exact POS-marked ECDICT short gloss; pinyin: Rime ICE GPL-3.0
animated	活泼的	adj.	tem4,toefl	ECDICT MIT	ecdict.csv row 35118; POS gloss 3	huo po de	Rime ICE GPL-3.0	0	exact ECDICT POS-marked gloss; independently sourced pinyin key	Exact POS-marked ECDICT short gloss; pinyin: Rime ICE GPL-3.0
nomad	流浪者	n.	tem8,toefl	ECDICT MIT	ecdict.csv row 474893; POS gloss 2	liu lang zhe	CC-CEDICT CC BY-SA 4.0 + Rime ICE GPL-3.0	0	exact ECDICT POS-marked gloss; independently sourced pinyin key	Exact POS-marked ECDICT short gloss; pinyin: CC-CEDICT CC BY-SA 4.0 + Rime ICE GPL-3.0
rhyolite	流纹岩	n.	toefl	ECDICT MIT	ecdict.csv row 596917; POS gloss 1	liu wen yan	CC-CEDICT CC BY-SA 4.0 + Rime ICE GPL-3.0	0	exact ECDICT POS-marked gloss; independently sourced pinyin key	Exact POS-marked ECDICT short gloss; pinyin: CC-CEDICT CC BY-SA 4.0 + Rime ICE GPL-3.0
modish	流行的	adj.	ielts	ECDICT MIT	ecdict.csv row 447533; POS gloss 1	liu xing de	Rime ICE GPL-3.0	0	exact ECDICT POS-marked gloss; independently sourced pinyin key	Exact POS-marked ECDICT short gloss; pinyin: Rime ICE GPL-3.0
troubling	浊度	n.	toefl	ECDICT MIT	ecdict.csv row 718789; POS gloss 1	zhuo du	CC-CEDICT CC BY-SA 4.0 + Rime ICE GPL-3.0	0	exact ECDICT POS-marked gloss; independently sourced pinyin key	Exact POS-marked ECDICT short gloss; pinyin: CC-CEDICT CC BY-SA 4.0 + Rime ICE GPL-3.0
plumbing	测深	n.	toefl	ECDICT MIT	ecdict.csv row 537886; POS gloss 1	ce shen	CC-CEDICT CC BY-SA 4.0	0	exact ECDICT POS-marked gloss; independently sourced pinyin key	Exact POS-marked ECDICT short gloss; pinyin: CC-CEDICT CC BY-SA 4.0
surveyor	测量员	n.	toefl	ECDICT MIT	ecdict.csv row 678625; POS gloss 1	ce liang yuan	Rime ICE GPL-3.0	0	exact ECDICT POS-marked gloss; independently sourced pinyin key	Exact POS-marked ECDICT short gloss; pinyin: Rime ICE GPL-3.0
oceanographic	海洋学	adj.	toefl	ECDICT MIT	ecdict.csv row 484550; POS gloss 1	hai yang xue	CC-CEDICT CC BY-SA 4.0	0	exact ECDICT POS-marked gloss; verified batch 11 pinyin key	Exact POS-marked ECDICT short gloss; pinyin: CC-CEDICT CC BY-SA 4.0
oceanographer	海洋学家	n.	toefl	ECDICT MIT	ecdict.csv row 484548; POS gloss 1	hai yang xue jia	Rime ICE GPL-3.0	0	exact ECDICT POS-marked gloss; independently sourced pinyin key	Exact POS-marked ECDICT short gloss; pinyin: Rime ICE GPL-3.0
flaxen	淡黄色的	adj.	tem8	ECDICT MIT	ecdict.csv row 265051; POS gloss 3	dan huang se de	Rime ICE GPL-3.0	0	exact ECDICT POS-marked gloss; independently sourced pinyin key	Exact POS-marked ECDICT short gloss; pinyin: Rime ICE GPL-3.0
oratorio	清唱剧	n.	toefl	ECDICT MIT	ecdict.csv row 494251; POS gloss 2	qing chang ju	Rime ICE GPL-3.0	0	exact ECDICT POS-marked gloss; independently sourced pinyin key	Exact POS-marked ECDICT short gloss; pinyin: Rime ICE GPL-3.0
expressly	清楚地	adv.	tem8,toefl	ECDICT MIT	ecdict.csv row 246993; POS gloss 2	qing chu de	Rime ICE GPL-3.0	0	exact ECDICT POS-marked gloss; independently sourced pinyin key	Exact POS-marked ECDICT short gloss; pinyin: Rime ICE GPL-3.0
dustman	清洁工人	n.	tem8	ECDICT MIT	ecdict.csv row 218225; POS gloss 1	qing jie gong ren	Rime ICE GPL-3.0	0	exact ECDICT POS-marked gloss; independently sourced pinyin key	Exact POS-marked ECDICT short gloss; pinyin: Rime ICE GPL-3.0
unblemished	清白的	adj.	toefl,ielts	ECDICT MIT	ecdict.csv row 726389; POS gloss 4	qing bai de	Rime ICE GPL-3.0	0	exact ECDICT POS-marked gloss; independently sourced pinyin key	Exact POS-marked ECDICT short gloss; pinyin: Rime ICE GPL-3.0
wistful	渴望的	adj.	toefl	ECDICT MIT	ecdict.csv row 760349; POS gloss 1	ke wang de	Rime ICE GPL-3.0	0	exact ECDICT POS-marked gloss; independently sourced pinyin key	Exact POS-marked ECDICT short gloss; pinyin: Rime ICE GPL-3.0
swimmer	游泳者	n.	tem8,toefl	ECDICT MIT	ecdict.csv row 680199; POS gloss 1	you yong zhe	Rime ICE GPL-3.0	0	exact ECDICT POS-marked gloss; independently sourced pinyin key	Exact POS-marked ECDICT short gloss; pinyin: Rime ICE GPL-3.0
comically	滑稽地	adv.	tem4	ECDICT MIT	ecdict.csv row 149379; POS gloss 1	hua ji de	Rime ICE GPL-3.0	0	exact ECDICT POS-marked gloss; independently sourced pinyin key	Exact POS-marked ECDICT short gloss; pinyin: Rime ICE GPL-3.0
facetiously	滑稽地	adv.	tem8	ECDICT MIT	ecdict.csv row 249560; POS gloss 1	hua ji de	Rime ICE GPL-3.0	0	exact ECDICT POS-marked gloss; independently sourced pinyin key	Exact POS-marked ECDICT short gloss; pinyin: Rime ICE GPL-3.0
humorously	滑稽地	adv.	toefl	ECDICT MIT	ecdict.csv row 334119; POS gloss 1	hua ji de	Rime ICE GPL-3.0	0	exact ECDICT POS-marked gloss; independently sourced pinyin key	Exact POS-marked ECDICT short gloss; pinyin: Rime ICE GPL-3.0
adrift	漂浮着	adv.	tem4,tem8,toefl	ECDICT MIT	ecdict.csv row 14689; POS gloss 2	piao fu zhe	Rime ICE GPL-3.0	0	exact ECDICT POS-marked gloss; independently sourced pinyin key	Exact POS-marked ECDICT short gloss; pinyin: Rime ICE GPL-3.0
australian	澳大利亚人	n.	cet4,tem8,toefl,ielts	ECDICT MIT	ecdict.csv row 56808; POS gloss 1	ao da li ya ren	Rime ICE GPL-3.0	0	exact ECDICT POS-marked gloss; independently sourced pinyin key	Exact POS-marked ECDICT short gloss; pinyin: Rime ICE GPL-3.0
drastically	激烈地	adv.	cet6,toefl	ECDICT MIT	ecdict.csv row 213707; POS gloss 1	ji lie de	Rime ICE GPL-3.0	0	exact ECDICT POS-marked gloss; independently sourced pinyin key	Exact POS-marked ECDICT short gloss; pinyin: Rime ICE GPL-3.0
hotly	激烈地	adv.	tem8	ECDICT MIT	ecdict.csv row 332349; POS gloss 2	ji lie de	Rime ICE GPL-3.0	0	exact ECDICT POS-marked gloss; independently sourced pinyin key	Exact POS-marked ECDICT short gloss; pinyin: Rime ICE GPL-3.0
vehemently	激烈地	adv.	tem8	ECDICT MIT	ecdict.csv row 740784; POS gloss 1	ji lie de	Rime ICE GPL-3.0	0	exact ECDICT POS-marked gloss; independently sourced pinyin key	Exact POS-marked ECDICT short gloss; pinyin: Rime ICE GPL-3.0
avant	激进的	adj.	toefl	ECDICT MIT	ecdict.csv row 59259; POS gloss 1	ji jin de	Rime ICE GPL-3.0	0	exact ECDICT POS-marked gloss; independently sourced pinyin key	Exact POS-marked ECDICT short gloss; pinyin: Rime ICE GPL-3.0
igneous	火的	adj.	toefl	ECDICT MIT	ecdict.csv row 342266; POS gloss 1	huo de	Rime ICE GPL-3.0	0	exact ECDICT POS-marked gloss; independently sourced pinyin key	Exact POS-marked ECDICT short gloss; pinyin: Rime ICE GPL-3.0
incandescent	灿烂的	adj.	cet6,toefl	ECDICT MIT	ecdict.csv row 348240; POS gloss 4	can lan de	Rime ICE GPL-3.0	0	exact ECDICT POS-marked gloss; independently sourced pinyin key	Exact POS-marked ECDICT short gloss; pinyin: Rime ICE GPL-3.0
tobacconist	烟草商	n.	tem4,tem8	ECDICT MIT	ecdict.csv row 705800; POS gloss 1	yan cao shang	Rime ICE GPL-3.0	0	exact ECDICT POS-marked gloss; independently sourced pinyin key	Exact POS-marked ECDICT short gloss; pinyin: Rime ICE GPL-3.0
baked	烤的	adj.	tem8	ECDICT MIT	ecdict.csv row 64357; POS gloss 2	kao de	Rime ICE GPL-3.0	0	exact ECDICT POS-marked gloss; independently sourced pinyin key	Exact POS-marked ECDICT short gloss; pinyin: Rime ICE GPL-3.0
distraught	烦恼的	adj.	tem8	ECDICT MIT	ecdict.csv row 207237; POS gloss 1	fan nao de	Rime ICE GPL-3.0	0	exact ECDICT POS-marked gloss; independently sourced pinyin key	Exact POS-marked ECDICT short gloss; pinyin: Rime ICE GPL-3.0
conventionally	照惯例	adv.	toefl	ECDICT MIT	ecdict.csv row 160987; POS gloss 1	zhao guan li	Rime ICE GPL-3.0	0	exact ECDICT POS-marked gloss; independently sourced pinyin key	Exact POS-marked ECDICT short gloss; pinyin: Rime ICE GPL-3.0
caretaker	照顾者	n.	tem8	ECDICT MIT	ecdict.csv row 115686; POS gloss 1	zhao gu zhe	Rime ICE GPL-3.0	0	exact ECDICT POS-marked gloss; independently sourced pinyin key	Exact POS-marked ECDICT short gloss; pinyin: Rime ICE GPL-3.0
leaky	爱哭的	adj.	toefl	ECDICT MIT	ecdict.csv row 392060; POS gloss 3	ai ku de	Rime ICE GPL-3.0	0	exact ECDICT POS-marked gloss; independently sourced pinyin key	Exact POS-marked ECDICT short gloss; pinyin: Rime ICE GPL-3.0
shaper	牛头刨床	n.	toefl	ECDICT MIT	ecdict.csv row 629714; POS gloss 2	niu tou bao chuang	Rime ICE GPL-3.0	0	exact ECDICT POS-marked gloss; independently sourced pinyin key	Exact POS-marked ECDICT short gloss; pinyin: Rime ICE GPL-3.0
bovine	牛的	adj.	toefl	ECDICT MIT	ecdict.csv row 94716; POS gloss 1	niu de	Rime ICE GPL-3.0	0	exact ECDICT POS-marked gloss; independently sourced pinyin key	Exact POS-marked ECDICT short gloss; pinyin: Rime ICE GPL-3.0
corporeal	物质的	adj.	toefl	ECDICT MIT	ecdict.csv row 164502; POS gloss 3	wu zhi de	Rime ICE GPL-3.0	0	exact ECDICT POS-marked gloss; independently sourced pinyin key	Exact POS-marked ECDICT short gloss; pinyin: Rime ICE GPL-3.0
aerobatics	特技飞行	n.	tem8	ECDICT MIT	ecdict.csv row 15866; POS gloss 1	te ji fei xing	Rime ICE GPL-3.0	0	exact ECDICT POS-marked gloss; independently sourced pinyin key	Exact POS-marked ECDICT short gloss; pinyin: Rime ICE GPL-3.0
baste	狠揍	v.	toefl	ECDICT MIT	ecdict.csv row 69933; POS gloss 3	hen zou	Rime ICE GPL-3.0	0	exact ECDICT POS-marked gloss; independently sourced pinyin key	Exact POS-marked ECDICT short gloss; pinyin: Rime ICE GPL-3.0
soloist	独奏者	n.	tem8,toefl	ECDICT MIT	ecdict.csv row 646838; POS gloss 1	du zou zhe	Rime ICE GPL-3.0	0	exact ECDICT POS-marked gloss; independently sourced pinyin key	Exact POS-marked ECDICT short gloss; pinyin: Rime ICE GPL-3.0
individualistic	独特的	adj.	toefl	ECDICT MIT	ecdict.csv row 350960; POS gloss 2	du te de	Rime ICE GPL-3.0	0	exact ECDICT POS-marked gloss; independently sourced pinyin key	Exact POS-marked ECDICT short gloss; pinyin: Rime ICE GPL-3.0
inimitable	独特的	adj.	tem8	ECDICT MIT	ecdict.csv row 353708; POS gloss 2	du te de	Rime ICE GPL-3.0	0	exact ECDICT POS-marked gloss; independently sourced pinyin key	Exact POS-marked ECDICT short gloss; pinyin: Rime ICE GPL-3.0
rabid	猛烈的	adj.	tem8	ECDICT MIT	ecdict.csv row 573063; POS gloss 1	meng lie de	Rime ICE GPL-3.0	0	exact ECDICT POS-marked gloss; independently sourced pinyin key	Exact POS-marked ECDICT short gloss; pinyin: Rime ICE GPL-3.0
volcanic	猛烈的	adj.	toefl	ECDICT MIT	ecdict.csv row 747721; POS gloss 2	meng lie de	Rime ICE GPL-3.0	0	exact ECDICT POS-marked gloss; independently sourced pinyin key	Exact POS-marked ECDICT short gloss; pinyin: Rime ICE GPL-3.0
modernistic	现代的	adj.	toefl	ECDICT MIT	ecdict.csv row 447387; POS gloss 1	xian dai de	Rime ICE GPL-3.0	0	exact ECDICT POS-marked gloss; independently sourced pinyin key	Exact POS-marked ECDICT short gloss; pinyin: Rime ICE GPL-3.0
realist	现实主义者	n.	tem8,toefl	ECDICT MIT	ecdict.csv row 580288; POS gloss 1	xian shi zhu yi zhe	Rime ICE GPL-3.0	0	exact ECDICT POS-marked gloss; independently sourced pinyin key	Exact POS-marked ECDICT short gloss; pinyin: Rime ICE GPL-3.0
realistically	现实地	adv.	toefl	ECDICT MIT	ecdict.csv row 580291; POS gloss 3	xian shi de	Rime ICE GPL-3.0	0	exact ECDICT POS-marked gloss; independently sourced pinyin key	Exact POS-marked ECDICT short gloss; pinyin: Rime ICE GPL-3.0
pearly	珍珠似的	adj.	toefl	ECDICT MIT	ecdict.csv row 516265; POS gloss 1	zhen zhu shi de	Rime ICE GPL-3.0	0	exact ECDICT POS-marked gloss; independently sourced pinyin key	Exact POS-marked ECDICT short gloss; pinyin: Rime ICE GPL-3.0
rationally	理性地	adv.	toefl	ECDICT MIT	ecdict.csv row 577874; POS gloss 1	li xing de	Rime ICE GPL-3.0	0	exact ECDICT POS-marked gloss; independently sourced pinyin key	Exact POS-marked ECDICT short gloss; pinyin: Rime ICE GPL-3.0
intellectually	理智地	adv.	cet6,toefl	ECDICT MIT	ecdict.csv row 356883; POS gloss 3	li zhi de	Rime ICE GPL-3.0	0	exact ECDICT POS-marked gloss; independently sourced pinyin key	Exact POS-marked ECDICT short gloss; pinyin: Rime ICE GPL-3.0
swiss	瑞士人	n.	cet4,cet6,tem8,toefl	ECDICT MIT	ecdict.csv row 680411; POS gloss 1	rui shi ren	CC-CEDICT CC BY-SA 4.0 + Rime ICE GPL-3.0	0	exact ECDICT POS-marked gloss; independently sourced pinyin key	Exact POS-marked ECDICT short gloss; pinyin: CC-CEDICT CC BY-SA 4.0 + Rime ICE GPL-3.0
biotic	生命的	adj.	toefl	ECDICT MIT	ecdict.csv row 83932; POS gloss 1	sheng ming de	Rime ICE GPL-3.0	0	exact ECDICT POS-marked gloss; independently sourced pinyin key	Exact POS-marked ECDICT short gloss; pinyin: Rime ICE GPL-3.0
viability	生存能力	n.	toefl	ECDICT MIT	ecdict.csv row 743895; POS gloss 1	sheng cun neng li	Rime ICE GPL-3.0	0	exact ECDICT POS-marked gloss; independently sourced pinyin key	Exact POS-marked ECDICT short gloss; pinyin: Rime ICE GPL-3.0
grumpy	生气的	adj.	tem8,toefl	ECDICT MIT	ecdict.csv row 306458; POS gloss 3	sheng qi de	Rime ICE GPL-3.0	0	exact ECDICT POS-marked gloss; independently sourced pinyin key	Exact POS-marked ECDICT short gloss; pinyin: Rime ICE GPL-3.0
waxy	生气的	adj.	toefl	ECDICT MIT	ecdict.csv row 752992; POS gloss 5	sheng qi de	Rime ICE GPL-3.0	0	exact ECDICT POS-marked gloss; independently sourced pinyin key	Exact POS-marked ECDICT short gloss; pinyin: Rime ICE GPL-3.0
chemically	用化学	adv.	toefl	ECDICT MIT	ecdict.csv row 129276; POS gloss 1	yong hua xue	Rime ICE GPL-3.0	0	exact ECDICT POS-marked gloss; independently sourced pinyin key	Exact POS-marked ECDICT short gloss; pinyin: Rime ICE GPL-3.0
vocally	用声音	adv.	tem8	ECDICT MIT	ecdict.csv row 747366; POS gloss 1	yong sheng yin	Rime ICE GPL-3.0	0	exact ECDICT POS-marked gloss; independently sourced pinyin key	Exact POS-marked ECDICT short gloss; pinyin: Rime ICE GPL-3.0
manually	用手	adv.	toefl	ECDICT MIT	ecdict.csv row 421670; POS gloss 1	yong shou	Rime ICE GPL-3.0	0	exact ECDICT POS-marked gloss; independently sourced pinyin key	Exact POS-marked ECDICT short gloss; pinyin: Rime ICE GPL-3.0
pastoralism	田园情趣	n.	toefl	ECDICT MIT	ecdict.csv row 514008; POS gloss 1	tian yuan qing qu	Rime ICE GPL-3.0	0	exact ECDICT POS-marked gloss; independently sourced pinyin key	Exact POS-marked ECDICT short gloss; pinyin: Rime ICE GPL-3.0
idyllic	田园诗的	adj.	tem8,toefl	ECDICT MIT	ecdict.csv row 342028; POS gloss 1	tian yuan shi de	Rime ICE GPL-3.0	0	exact ECDICT POS-marked gloss; independently sourced pinyin key	Exact POS-marked ECDICT short gloss; pinyin: Rime ICE GPL-3.0
afar	由远处	adv.	toefl	ECDICT MIT	ecdict.csv row 16518; POS gloss 1	you yuan chu	Rime ICE GPL-3.0	0	exact ECDICT POS-marked gloss; independently sourced pinyin key	Exact POS-marked ECDICT short gloss; pinyin: Rime ICE GPL-3.0
conductance	电导	n.	toefl	ECDICT MIT	ecdict.csv row 155346; POS gloss 1	dian dao	CC-CEDICT CC BY-SA 4.0 + Rime ICE GPL-3.0	0	exact ECDICT POS-marked gloss; independently sourced pinyin key	Exact POS-marked ECDICT short gloss; pinyin: CC-CEDICT CC BY-SA 4.0 + Rime ICE GPL-3.0
funky	畏缩的	adj.	tem8	ECDICT MIT	ecdict.csv row 279789; POS gloss 1	wei suo de	Rime ICE GPL-3.0	0	exact ECDICT POS-marked gloss; independently sourced pinyin key	Exact POS-marked ECDICT short gloss; pinyin: Rime ICE GPL-3.0
weedy	瘦弱的	adj.	toefl	ECDICT MIT	ecdict.csv row 753854; POS gloss 3	shou ruo de	Rime ICE GPL-3.0	0	exact ECDICT POS-marked gloss; independently sourced pinyin key	Exact POS-marked ECDICT short gloss; pinyin: Rime ICE GPL-3.0
luce	白斑狗鱼	n.	toefl	ECDICT MIT	ecdict.csv row 410548; POS gloss 1	bai ban gou yu	Rime ICE GPL-3.0	0	exact ECDICT POS-marked gloss; independently sourced pinyin key	Exact POS-marked ECDICT short gloss; pinyin: Rime ICE GPL-3.0
centennial	百年纪念	n.	toefl,ielts	ECDICT MIT	ecdict.csv row 122685; POS gloss 1	bai nian ji nian	Rime ICE GPL-3.0	0	exact ECDICT POS-marked gloss; independently sourced pinyin key	Exact POS-marked ECDICT short gloss; pinyin: Rime ICE GPL-3.0
hypodermic	皮下的	adj.	tem8	ECDICT MIT	ecdict.csv row 339134; POS gloss 1	pi xia de	Rime ICE GPL-3.0	0	exact ECDICT POS-marked gloss; independently sourced pinyin key	Exact POS-marked ECDICT short gloss; pinyin: Rime ICE GPL-3.0
invigilator	监考人	n.	tem8	ECDICT MIT	ecdict.csv row 362797; POS gloss 1	jian kao ren	Rime ICE GPL-3.0	0	exact ECDICT POS-marked gloss; independently sourced pinyin key	Exact POS-marked ECDICT short gloss; pinyin: Rime ICE GPL-3.0
full-blown	盛开的	adj.	tem8	ECDICT MIT	ecdict.csv row 278643; POS gloss 1	sheng kai de	Rime ICE GPL-3.0	0	exact ECDICT POS-marked gloss; independently sourced pinyin key	Exact POS-marked ECDICT short gloss; pinyin: Rime ICE GPL-3.0
opposed	相对的	adj.	toefl	ECDICT MIT	ecdict.csv row 493176; POS gloss 4	xiang dui de	Rime ICE GPL-3.0	0	exact ECDICT POS-marked gloss; independently sourced pinyin key	Exact POS-marked ECDICT short gloss; pinyin: Rime ICE GPL-3.0
indiscernible	看不见的	adj.	toefl	ECDICT MIT	ecdict.csv row 350792; POS gloss 2	kan bu jian de	Rime ICE GPL-3.0	0	exact ECDICT POS-marked gloss; independently sourced pinyin key	Exact POS-marked ECDICT short gloss; pinyin: Rime ICE GPL-3.0
unseen	看不见的	adj.	toefl	ECDICT MIT	ecdict.csv row 732948; POS gloss 2	kan bu jian de	Rime ICE GPL-3.0	0	exact ECDICT POS-marked gloss; independently sourced pinyin key	Exact POS-marked ECDICT short gloss; pinyin: Rime ICE GPL-3.0
perceptible	看得见的	adj.	tem8,ielts	ECDICT MIT	ecdict.csv row 519527; POS gloss 3	kan de jian de	Rime ICE GPL-3.0	0	exact ECDICT POS-marked gloss; independently sourced pinyin key	Exact POS-marked ECDICT short gloss; pinyin: Rime ICE GPL-3.0
ambivalent	矛盾的	adj.	tem8,toefl	ECDICT MIT	ecdict.csv row 28124; POS gloss 1	mao dun de	Rime ICE GPL-3.0	0	exact ECDICT POS-marked gloss; independently sourced pinyin key	Exact POS-marked ECDICT short gloss; pinyin: Rime ICE GPL-3.0
sensory	知觉的	adj.	tem8,toefl,ielts	ECDICT MIT	ecdict.csv row 625458; POS gloss 1	zhi jue de	Rime ICE GPL-3.0	0	exact ECDICT POS-marked gloss; independently sourced pinyin key	Exact POS-marked ECDICT short gloss; pinyin: Rime ICE GPL-3.0
evanescent	短暂的	adj.	tem8,toefl	ECDICT MIT	ecdict.csv row 242513; POS gloss 3	duan zan de	Rime ICE GPL-3.0	0	exact ECDICT POS-marked gloss; independently sourced pinyin key	Exact POS-marked ECDICT short gloss; pinyin: Rime ICE GPL-3.0
carboniferous	石炭纪	n.	toefl	ECDICT MIT	ecdict.csv row 114636; POS gloss 1	shi tan ji	CC-CEDICT CC BY-SA 4.0 + Rime ICE GPL-3.0	0	exact ECDICT POS-marked gloss; independently sourced pinyin key	Exact POS-marked ECDICT short gloss; pinyin: CC-CEDICT CC BY-SA 4.0 + Rime ICE GPL-3.0
gesso	石膏粉	n.	toefl	ECDICT MIT	ecdict.csv row 292298; POS gloss 1	shi gao fen	Rime ICE GPL-3.0	0	exact ECDICT POS-marked gloss; independently sourced pinyin key	Exact POS-marked ECDICT short gloss; pinyin: Rime ICE GPL-3.0
mineralization	矿化	n.	toefl	ECDICT MIT	ecdict.csv row 443174; POS gloss 1	kuang hua	Rime ICE GPL-3.0	0	exact ECDICT POS-marked gloss; independently sourced pinyin key	Exact POS-marked ECDICT short gloss; pinyin: Rime ICE GPL-3.0
mineralize	矿化	v.	toefl	ECDICT MIT	ecdict.csv row 443175; POS gloss 2	kuang hua	Rime ICE GPL-3.0	0	exact ECDICT POS-marked gloss; independently sourced pinyin key	Exact POS-marked ECDICT short gloss; pinyin: Rime ICE GPL-3.0
subversive	破坏分子	n.	tem8,toefl	ECDICT MIT	ecdict.csv row 672865; POS gloss 3	po huai fen zi	Rime ICE GPL-3.0	0	exact ECDICT POS-marked gloss; independently sourced pinyin key	Exact POS-marked ECDICT short gloss; pinyin: Rime ICE GPL-3.0
tatters	破旧衣服	n.	tem8	ECDICT MIT	ecdict.csv row 688330; POS gloss 1	po jiu yi fu	Rime ICE GPL-3.0	0	exact ECDICT POS-marked gloss; independently sourced pinyin key	Exact POS-marked ECDICT short gloss; pinyin: Rime ICE GPL-3.0
iodide	碘化物	n.	tem8	ECDICT MIT	ecdict.csv row 363175; POS gloss 1	dian hua wu	Rime ICE GPL-3.0	0	exact ECDICT POS-marked gloss; independently sourced pinyin key	Exact POS-marked ECDICT short gloss; pinyin: Rime ICE GPL-3.0
sociability	社交活动	n.	toefl	ECDICT MIT	ecdict.csv row 644479; POS gloss 1	she jiao huo dong	Rime ICE GPL-3.0	0	exact ECDICT POS-marked gloss; independently sourced pinyin key	Exact POS-marked ECDICT short gloss; pinyin: Rime ICE GPL-3.0
sociological	社会的	adj.	tem8	ECDICT MIT	ecdict.csv row 644800; POS gloss 1	she hui de	Rime ICE GPL-3.0	0	exact ECDICT POS-marked gloss; independently sourced pinyin key	Exact POS-marked ECDICT short gloss; pinyin: Rime ICE GPL-3.0
ancestral	祖传的	adj.	tem4,tem8,toefl,ielts	ECDICT MIT	ecdict.csv row 32683; POS gloss 2	zu chuan de	Rime ICE GPL-3.0	0	exact ECDICT POS-marked gloss; independently sourced pinyin key	Exact POS-marked ECDICT short gloss; pinyin: Rime ICE GPL-3.0
hallowed	神圣的	adj.	tem8,ielts	ECDICT MIT	ecdict.csv row 311232; POS gloss 2	shen sheng de	Rime ICE GPL-3.0	0	exact ECDICT POS-marked gloss; independently sourced pinyin key	Exact POS-marked ECDICT short gloss; pinyin: Rime ICE GPL-3.0
prohibitive	禁止的	adj.	toefl,ielts	ECDICT MIT	ecdict.csv row 557894; POS gloss 1	jin zhi de	Rime ICE GPL-3.0	0	exact ECDICT POS-marked gloss; independently sourced pinyin key	Exact POS-marked ECDICT short gloss; pinyin: Rime ICE GPL-3.0
racist	种族主义者	n.	tem4,tem8	ECDICT MIT	ecdict.csv row 573353; POS gloss 1	zhong zu zhu yi zhe	CC-CEDICT CC BY-SA 4.0 + Rime ICE GPL-3.0	0	exact ECDICT POS-marked gloss; independently sourced pinyin key	Exact POS-marked ECDICT short gloss; pinyin: CC-CEDICT CC BY-SA 4.0 + Rime ICE GPL-3.0
peruvian	秘鲁人	n.	toefl	ECDICT MIT	ecdict.csv row 523000; POS gloss 4	bi lu ren	Rime ICE GPL-3.0	0	exact ECDICT POS-marked gloss; independently sourced pinyin key	Exact POS-marked ECDICT short gloss; pinyin: Rime ICE GPL-3.0
actively	积极地	adv.	toefl	ECDICT MIT	ecdict.csv row 11038; POS gloss 2	ji ji de	Rime ICE GPL-3.0	0	exact ECDICT POS-marked gloss; independently sourced pinyin key	Exact POS-marked ECDICT short gloss; pinyin: Rime ICE GPL-3.0
sane	稳健的	adj.	tem4,tem8,toefl	ECDICT MIT	ecdict.csv row 611024; POS gloss 2	wen jian de	Rime ICE GPL-3.0	0	exact ECDICT POS-marked gloss; independently sourced pinyin key	Exact POS-marked ECDICT short gloss; pinyin: Rime ICE GPL-3.0
flypast	空中分列	n.	tem4,tem8	ECDICT MIT	ecdict.csv row 268299; POS gloss 1	kong zhong fen lie	CC-CEDICT CC BY-SA 4.0	0	exact ECDICT POS-marked gloss; independently sourced pinyin key	Exact POS-marked ECDICT short gloss; pinyin: CC-CEDICT CC BY-SA 4.0
airbase	空军基地	n.	tem4,tem8	ECDICT MIT	ecdict.csv row 20227; POS gloss 1	kong jun ji di	CC-CEDICT CC BY-SA 4.0 + Rime ICE GPL-3.0	0	exact ECDICT POS-marked gloss; independently sourced pinyin key	Exact POS-marked ECDICT short gloss; pinyin: CC-CEDICT CC BY-SA 4.0 + Rime ICE GPL-3.0
spatial	空间的	adj.	cet6,tem8,toefl,ielts	ECDICT MIT	ecdict.csv row 650207; POS gloss 1	kong jian de	Rime ICE GPL-3.0	0	exact ECDICT POS-marked gloss; independently sourced pinyin key	Exact POS-marked ECDICT short gloss; pinyin: Rime ICE GPL-3.0
projecting	突出的	adj.	cet6,toefl	ECDICT MIT	ecdict.csv row 558001; POS gloss 1	tu chu de	Rime ICE GPL-3.0	0	exact ECDICT POS-marked gloss; independently sourced pinyin key	Exact POS-marked ECDICT short gloss; pinyin: Rime ICE GPL-3.0
spasmodic	突发性的	adj.	tem8,ielts	ECDICT MIT	ecdict.csv row 650070; POS gloss 6	tu fa xing de	Rime ICE GPL-3.0	0	exact ECDICT POS-marked gloss; independently sourced pinyin key	Exact POS-marked ECDICT short gloss; pinyin: Rime ICE GPL-3.0
dramatically	突然地	adv.	cet4,cet6,toefl	ECDICT MIT	ecdict.csv row 213638; POS gloss 3	tu ran de	Rime ICE GPL-3.0	0	exact ECDICT POS-marked gloss; independently sourced pinyin key	Exact POS-marked ECDICT short gloss; pinyin: Rime ICE GPL-3.0
legislative	立法机构	n.	tem8,toefl,ielts	ECDICT MIT	ecdict.csv row 393738; POS gloss 1	li fa ji gou	Rime ICE GPL-3.0	0	exact ECDICT POS-marked gloss; independently sourced pinyin key	Exact POS-marked ECDICT short gloss; pinyin: Rime ICE GPL-3.0
symbology	符号学	n.	toefl	ECDICT MIT	ecdict.csv row 681216; POS gloss 1	fu hao xue	CC-CEDICT CC BY-SA 4.0	0	exact ECDICT POS-marked gloss; verified batch 11 pinyin key	Exact POS-marked ECDICT short gloss; pinyin: CC-CEDICT CC BY-SA 4.0
isotherm	等温线	n.	tem8	ECDICT MIT	ecdict.csv row 367200; POS gloss 1	deng wen xian	Rime ICE GPL-3.0	0	exact ECDICT POS-marked gloss; independently sourced pinyin key	Exact POS-marked ECDICT short gloss; pinyin: Rime ICE GPL-3.0
equilateral	等边的	adj.	tem8,toefl	ECDICT MIT	ecdict.csv row 236464; POS gloss 2	deng bian de	Rime ICE GPL-3.0	0	exact ECDICT POS-marked gloss; independently sourced pinyin key	Exact POS-marked ECDICT short gloss; pinyin: Rime ICE GPL-3.0
silo	筒仓	n.	tem8	ECDICT MIT	ecdict.csv row 636045; POS gloss 1	tong cang	Rime ICE GPL-3.0	0	exact ECDICT POS-marked gloss; independently sourced pinyin key	Exact POS-marked ECDICT short gloss; pinyin: Rime ICE GPL-3.0
signer	签名者	n.	toefl	ECDICT MIT	ecdict.csv row 635352; POS gloss 1	qian ming zhe	Rime ICE GPL-3.0	0	exact ECDICT POS-marked gloss; independently sourced pinyin key	Exact POS-marked ECDICT short gloss; pinyin: Rime ICE GPL-3.0
managerial	管理的	adj.	cet6,tem8,ielts	ECDICT MIT	ecdict.csv row 420225; POS gloss 1	guan li de	Rime ICE GPL-3.0	0	exact ECDICT POS-marked gloss; independently sourced pinyin key	Exact POS-marked ECDICT short gloss; pinyin: Rime ICE GPL-3.0
ribald	粗俗的	adj.	tem8	ECDICT MIT	ecdict.csv row 597012; POS gloss 3	cu su de	Rime ICE GPL-3.0	0	exact ECDICT POS-marked gloss; independently sourced pinyin key	Exact POS-marked ECDICT short gloss; pinyin: Rime ICE GPL-3.0
calloused	粗糙的	adj.	tem8	ECDICT MIT	ecdict.csv row 109927; POS gloss 1	cu cao de	Rime ICE GPL-3.0	0	exact ECDICT POS-marked gloss; independently sourced pinyin key	Exact POS-marked ECDICT short gloss; pinyin: Rime ICE GPL-3.0
gnarled	粗糙的	adj.	tem8	ECDICT MIT	ecdict.csv row 297794; POS gloss 4	cu cao de	Rime ICE GPL-3.0	0	exact ECDICT POS-marked gloss; independently sourced pinyin key	Exact POS-marked ECDICT short gloss; pinyin: Rime ICE GPL-3.0
mathematical	精确的	adj.	cet4,cet6,tem4,tem8	ECDICT MIT	ecdict.csv row 425946; POS gloss 2	jing que de	Rime ICE GPL-3.0	0	exact ECDICT POS-marked gloss; independently sourced pinyin key	Exact POS-marked ECDICT short gloss; pinyin: Rime ICE GPL-3.0
snugly	紧密地	adv.	toefl	ECDICT MIT	ecdict.csv row 644209; POS gloss 3	jin mi de	Rime ICE GPL-3.0	0	exact ECDICT POS-marked gloss; independently sourced pinyin key	Exact POS-marked ECDICT short gloss; pinyin: Rime ICE GPL-3.0
emergent	紧急的	adj.	tem8,toefl	ECDICT MIT	ecdict.csv row 228947; POS gloss 1	jin ji de	Rime ICE GPL-3.0	0	exact ECDICT POS-marked gloss; independently sourced pinyin key	Exact POS-marked ECDICT short gloss; pinyin: Rime ICE GPL-3.0
emergencies	紧急需要	n.	ielts	ECDICT MIT	ecdict.csv row 228835; POS gloss 1	jin ji xu yao	Rime ICE GPL-3.0	0	exact ECDICT POS-marked gloss; independently sourced pinyin key	Exact POS-marked ECDICT short gloss; pinyin: Rime ICE GPL-3.0
sequoia	红杉	n.	toefl	ECDICT MIT	ecdict.csv row 626327; POS gloss 1	hong shan	Rime ICE GPL-3.0	0	exact ECDICT POS-marked gloss; independently sourced pinyin key	Exact POS-marked ECDICT short gloss; pinyin: Rime ICE GPL-3.0
redwood	红树	n.	toefl	ECDICT MIT	ecdict.csv row 584201; POS gloss 1	hong shu	CC-CEDICT CC BY-SA 4.0 + Rime ICE GPL-3.0	0	exact ECDICT POS-marked gloss; independently sourced pinyin key	Exact POS-marked ECDICT short gloss; pinyin: CC-CEDICT CC BY-SA 4.0 + Rime ICE GPL-3.0
chilli	红辣椒	n.	tem4,tem8,toefl	ECDICT MIT	ecdict.csv row 130704; POS gloss 1	hong la jiao	CC-CEDICT CC BY-SA 4.0 + Rime ICE GPL-3.0	0	exact ECDICT POS-marked gloss; independently sourced pinyin key	Exact POS-marked ECDICT short gloss; pinyin: CC-CEDICT CC BY-SA 4.0 + Rime ICE GPL-3.0
cards	纸牌游戏	n.	ielts	ECDICT MIT	ecdict.csv row 115569; POS gloss 2	zhi pai you xi	Rime ICE GPL-3.0	0	exact ECDICT POS-marked gloss; independently sourced pinyin key	Exact POS-marked ECDICT short gloss; pinyin: Rime ICE GPL-3.0
spinner	纺纱机	n.	tem8	ECDICT MIT	ecdict.csv row 653176; POS gloss 3	fang sha ji	Rime ICE GPL-3.0	0	exact ECDICT POS-marked gloss; independently sourced pinyin key	Exact POS-marked ECDICT short gloss; pinyin: Rime ICE GPL-3.0
organizational	组织的	adj.	toefl	ECDICT MIT	ecdict.csv row 495547; POS gloss 1	zu zhi de	Rime ICE GPL-3.0	0	exact ECDICT POS-marked gloss; independently sourced pinyin key	Exact POS-marked ECDICT short gloss; pinyin: Rime ICE GPL-3.0
gentlemanly	绅士的	adj.	toefl	ECDICT MIT	ecdict.csv row 287388; POS gloss 1	shen shi de	Rime ICE GPL-3.0	0	exact ECDICT POS-marked gloss; independently sourced pinyin key	Exact POS-marked ECDICT short gloss; pinyin: Rime ICE GPL-3.0
chary	细心的	adj.	toefl	ECDICT MIT	ecdict.csv row 127849; POS gloss 1	xi xin de	Rime ICE GPL-3.0	0	exact ECDICT POS-marked gloss; independently sourced pinyin key	Exact POS-marked ECDICT short gloss; pinyin: Rime ICE GPL-3.0
associative	结合的	adj.	toefl	ECDICT MIT	ecdict.csv row 52186; POS gloss 2	jie he de	Rime ICE GPL-3.0	0	exact ECDICT POS-marked gloss; independently sourced pinyin key	Exact POS-marked ECDICT short gloss; pinyin: Rime ICE GPL-3.0
encrust	结壳	v.	toefl	ECDICT MIT	ecdict.csv row 230594; POS gloss 3	jie ke	CC-CEDICT CC BY-SA 4.0	0	exact ECDICT POS-marked gloss; independently sourced pinyin key	Exact POS-marked ECDICT short gloss; pinyin: CC-CEDICT CC BY-SA 4.0
categorical	绝对的	adj.	tem8,toefl	ECDICT MIT	ecdict.csv row 119743; POS gloss 2	jue dui de	Rime ICE GPL-3.0	0	exact ECDICT POS-marked gloss; independently sourced pinyin key	Exact POS-marked ECDICT short gloss; pinyin: Rime ICE GPL-3.0
sequential	继续的	adj.	toefl	ECDICT MIT	ecdict.csv row 626212; POS gloss 1	ji xu de	Rime ICE GPL-3.0	0	exact ECDICT POS-marked gloss; independently sourced pinyin key	Exact POS-marked ECDICT short gloss; pinyin: Rime ICE GPL-3.0
bereft	缺少的	adj.	tem8	ECDICT MIT	ecdict.csv row 78480; POS gloss 1	que shao de	Rime ICE GPL-3.0	0	exact ECDICT POS-marked gloss; independently sourced pinyin key	Exact POS-marked ECDICT short gloss; pinyin: Rime ICE GPL-3.0
cannery	罐头厂	n.	tem4,tem8	ECDICT MIT	ecdict.csv row 111818; POS gloss 1	guan tou chang	Rime ICE GPL-3.0	0	exact ECDICT POS-marked gloss; independently sourced pinyin key	Exact POS-marked ECDICT short gloss; pinyin: Rime ICE GPL-3.0
babylonian	罪恶的	adj.	toefl	ECDICT MIT	ecdict.csv row 61542; POS gloss 2	zui e de	Rime ICE GPL-3.0	0	exact ECDICT POS-marked gloss; independently sourced pinyin key	Exact POS-marked ECDICT short gloss; pinyin: Rime ICE GPL-3.0
villainous	罪恶的	adj.	tem8	ECDICT MIT	ecdict.csv row 745085; POS gloss 3	zui e de	Rime ICE GPL-3.0	0	exact ECDICT POS-marked gloss; independently sourced pinyin key	Exact POS-marked ECDICT short gloss; pinyin: Rime ICE GPL-3.0
columbian	美国的	adj.	toefl	ECDICT MIT	ecdict.csv row 148191; POS gloss 3	mei guo de	Rime ICE GPL-3.0	0	exact ECDICT POS-marked gloss; independently sourced pinyin key	Exact POS-marked ECDICT short gloss; pinyin: Rime ICE GPL-3.0
occupational	职业的	adj.	tem8,toefl,ielts	ECDICT MIT	ecdict.csv row 484416; POS gloss 1	zhi ye de	Rime ICE GPL-3.0	0	exact ECDICT POS-marked gloss; independently sourced pinyin key	Exact POS-marked ECDICT short gloss; pinyin: Rime ICE GPL-3.0
vocational	职业的	adj.	cet6,toefl,ielts	ECDICT MIT	ecdict.csv row 747372; POS gloss 1	zhi ye de	Rime ICE GPL-3.0	0	exact ECDICT POS-marked gloss; independently sourced pinyin key	Exact POS-marked ECDICT short gloss; pinyin: Rime ICE GPL-3.0
federalism	联邦制	n.	tem8	ECDICT MIT	ecdict.csv row 255467; POS gloss 1	lian bang zhi	CC-CEDICT CC BY-SA 4.0 + Rime ICE GPL-3.0	0	exact ECDICT POS-marked gloss; independently sourced pinyin key	Exact POS-marked ECDICT short gloss; pinyin: CC-CEDICT CC BY-SA 4.0 + Rime ICE GPL-3.0
intelligently	聪明地	adv.	toefl	ECDICT MIT	ecdict.csv row 356981; POS gloss 1	cong ming de	Rime ICE GPL-3.0	0	exact ECDICT POS-marked gloss; independently sourced pinyin key	Exact POS-marked ECDICT short gloss; pinyin: Rime ICE GPL-3.0
portraitist	肖像画家	n.	toefl	ECDICT MIT	ecdict.csv row 544485; POS gloss 1	xiao xiang hua jia	Rime ICE GPL-3.0	0	exact ECDICT POS-marked gloss; independently sourced pinyin key	Exact POS-marked ECDICT short gloss; pinyin: Rime ICE GPL-3.0
gastric	胃的	adj.	tem8	ECDICT MIT	ecdict.csv row 284311; POS gloss 1	wei de	Rime ICE GPL-3.0	0	exact ECDICT POS-marked gloss; independently sourced pinyin key	Exact POS-marked ECDICT short gloss; pinyin: Rime ICE GPL-3.0
unabashed	脸皮厚的	adj.	tem8	ECDICT MIT	ecdict.csv row 725819; POS gloss 3	lian pi hou de	Rime ICE GPL-3.0	0	exact ECDICT POS-marked gloss; independently sourced pinyin key	Exact POS-marked ECDICT short gloss; pinyin: Rime ICE GPL-3.0
humus	腐殖质	n.	tem8	ECDICT MIT	ecdict.csv row 334197; POS gloss 1	fu zhi zhi	Rime ICE GPL-3.0	0	exact ECDICT POS-marked gloss; independently sourced pinyin key	Exact POS-marked ECDICT short gloss; pinyin: Rime ICE GPL-3.0
carrion	腐肉	n.	toefl	ECDICT MIT	ecdict.csv row 116858; POS gloss 2	fu rou	CC-CEDICT CC BY-SA 4.0 + Rime ICE GPL-3.0	0	exact ECDICT POS-marked gloss; independently sourced pinyin key	Exact POS-marked ECDICT short gloss; pinyin: CC-CEDICT CC BY-SA 4.0 + Rime ICE GPL-3.0
ventral	腹部的	adj.	tem8	ECDICT MIT	ecdict.csv row 741944; POS gloss 2	fu bu de	Rime ICE GPL-3.0	0	exact ECDICT POS-marked gloss; independently sourced pinyin key	Exact POS-marked ECDICT short gloss; pinyin: Rime ICE GPL-3.0
ventricular	膨胀的	adj.	tem8	ECDICT MIT	ecdict.csv row 741991; POS gloss 2	peng zhang de	Rime ICE GPL-3.0	0	exact ECDICT POS-marked gloss; independently sourced pinyin key	Exact POS-marked ECDICT short gloss; pinyin: Rime ICE GPL-3.0
naturalism	自然主义	n.	toefl	ECDICT MIT	ecdict.csv row 464814; POS gloss 1	zi ran zhu yi	CC-CEDICT CC BY-SA 4.0 + Rime ICE GPL-3.0	0	exact ECDICT POS-marked gloss; independently sourced pinyin key	Exact POS-marked ECDICT short gloss; pinyin: CC-CEDICT CC BY-SA 4.0 + Rime ICE GPL-3.0
naturalistic	自然的	adj.	toefl	ECDICT MIT	ecdict.csv row 464816; POS gloss 1	zi ran de	Rime ICE GPL-3.0	0	exact ECDICT POS-marked gloss; independently sourced pinyin key	Exact POS-marked ECDICT short gloss; pinyin: Rime ICE GPL-3.0
consciously	自觉地	adv.	toefl	ECDICT MIT	ecdict.csv row 157246; POS gloss 1	zi jue de	Rime ICE GPL-3.0	0	exact ECDICT POS-marked gloss; independently sourced pinyin key	Exact POS-marked ECDICT short gloss; pinyin: Rime ICE GPL-3.0
purposefully	自觉地	adv.	toefl	ECDICT MIT	ecdict.csv row 566876; POS gloss 1	zi jue de	Rime ICE GPL-3.0	0	exact ECDICT POS-marked gloss; independently sourced pinyin key	Exact POS-marked ECDICT short gloss; pinyin: Rime ICE GPL-3.0
virulent	致命的	adj.	tem8	ECDICT MIT	ecdict.csv row 746058; POS gloss 2	zhi ming de	Rime ICE GPL-3.0	0	exact ECDICT POS-marked gloss; independently sourced pinyin key	Exact POS-marked ECDICT short gloss; pinyin: Rime ICE GPL-3.0
homey	舒适的	adj.	tem8	ECDICT MIT	ecdict.csv row 329438; POS gloss 3	shu shi de	Rime ICE GPL-3.0	0	exact ECDICT POS-marked gloss; independently sourced pinyin key	Exact POS-marked ECDICT short gloss; pinyin: Rime ICE GPL-3.0
voyager	航行者	n.	toefl	ECDICT MIT	ecdict.csv row 748733; POS gloss 1	hang xing zhe	Rime ICE GPL-3.0	0	exact ECDICT POS-marked gloss; independently sourced pinyin key	Exact POS-marked ECDICT short gloss; pinyin: Rime ICE GPL-3.0
shipboard	舷侧	n.	tem8	ECDICT MIT	ecdict.csv row 631515; POS gloss 1	xian ce	Rime ICE GPL-3.0	0	exact ECDICT POS-marked gloss; independently sourced pinyin key	Exact POS-marked ECDICT short gloss; pinyin: Rime ICE GPL-3.0
provident	节俭的	adj.	tem8,toefl	ECDICT MIT	ecdict.csv row 561327; POS gloss 3	jie jian de	Rime ICE GPL-3.0	0	exact ECDICT POS-marked gloss; independently sourced pinyin key	Exact POS-marked ECDICT short gloss; pinyin: Rime ICE GPL-3.0
dieter	节食者	n.	toefl	ECDICT MIT	ecdict.csv row 198972; POS gloss 1	jie shi zhe	Rime ICE GPL-3.0	0	exact ECDICT POS-marked gloss; independently sourced pinyin key	Exact POS-marked ECDICT short gloss; pinyin: Rime ICE GPL-3.0
floral	花似的	adj.	tem8,toefl,ielts	ECDICT MIT	ecdict.csv row 266480; POS gloss 1	hua shi de	Rime ICE GPL-3.0	0	exact ECDICT POS-marked gloss; independently sourced pinyin key	Exact POS-marked ECDICT short gloss; pinyin: Rime ICE GPL-3.0
caledonian	苏格兰人	n.	toefl	ECDICT MIT	ecdict.csv row 109136; POS gloss 4	su ge lan ren	Rime ICE GPL-3.0	0	exact ECDICT POS-marked gloss; independently sourced pinyin key	Exact POS-marked ECDICT short gloss; pinyin: Rime ICE GPL-3.0
scotsman	苏格兰人	n.	tem4,tem8,ielts	ECDICT MIT	ecdict.csv row 617266; POS gloss 1	su ge lan ren	Rime ICE GPL-3.0	0	exact ECDICT POS-marked gloss; independently sourced pinyin key	Exact POS-marked ECDICT short gloss; pinyin: Rime ICE GPL-3.0
briton	英国人	n.	tem8	ECDICT MIT	ecdict.csv row 99080; POS gloss 2	ying guo ren	CC-CEDICT CC BY-SA 4.0 + Rime ICE GPL-3.0	0	exact ECDICT POS-marked gloss; independently sourced pinyin key	Exact POS-marked ECDICT short gloss; pinyin: CC-CEDICT CC BY-SA 4.0 + Rime ICE GPL-3.0
englishman	英国人	n.	cet4,tem8	ECDICT MIT	ecdict.csv row 232468; POS gloss 1	ying guo ren	CC-CEDICT CC BY-SA 4.0 + Rime ICE GPL-3.0	0	exact ECDICT POS-marked gloss; independently sourced pinyin key	Exact POS-marked ECDICT short gloss; pinyin: CC-CEDICT CC BY-SA 4.0 + Rime ICE GPL-3.0
englishwoman	英国女人	n.	tem8	ECDICT MIT	ecdict.csv row 232474; POS gloss 1	ying guo nv ren	Rime ICE GPL-3.0	0	exact ECDICT POS-marked gloss; independently sourced pinyin key	Exact POS-marked ECDICT short gloss; pinyin: Rime ICE GPL-3.0
dutchman	荷兰人	n.	toefl	ECDICT MIT	ecdict.csv row 218284; POS gloss 1	he lan ren	Rime ICE GPL-3.0	0	exact ECDICT POS-marked gloss; independently sourced pinyin key	Exact POS-marked ECDICT short gloss; pinyin: Rime ICE GPL-3.0
chlorosis	萎黄病	n.	toefl	ECDICT MIT	ecdict.csv row 132611; POS gloss 1	wei huang bing	Rime ICE GPL-3.0	0	exact ECDICT POS-marked gloss; independently sourced pinyin key	Exact POS-marked ECDICT short gloss; pinyin: Rime ICE GPL-3.0
dietician	营养学家	n.	tem8	ECDICT MIT	ecdict.csv row 199101; POS gloss 2	ying yang xue jia	Rime ICE GPL-3.0	0	exact ECDICT POS-marked gloss; independently sourced pinyin key	Exact POS-marked ECDICT short gloss; pinyin: Rime ICE GPL-3.0
filmy	薄的	adj.	toefl	ECDICT MIT	ecdict.csv row 260365; POS gloss 2	bao de	Rime ICE GPL-3.0	0	exact ECDICT POS-marked gloss; independently sourced pinyin key	Exact POS-marked ECDICT short gloss; pinyin: Rime ICE GPL-3.0
falsely	虚伪地	adv.	toefl	ECDICT MIT	ecdict.csv row 251423; POS gloss 1	xu wei de	Rime ICE GPL-3.0	0	exact ECDICT POS-marked gloss; independently sourced pinyin key	Exact POS-marked ECDICT short gloss; pinyin: Rime ICE GPL-3.0
tempera	蛋彩画	n.	toefl	ECDICT MIT	ecdict.csv row 691434; POS gloss 1	dan cai hua	Rime ICE GPL-3.0	0	exact ECDICT POS-marked gloss; independently sourced pinyin key	Exact POS-marked ECDICT short gloss; pinyin: Rime ICE GPL-3.0
misbehaviour	行为不端	n.	tem8	ECDICT MIT	ecdict.csv row 444689; POS gloss 2	xing wei bu duan	Rime ICE GPL-3.0	0	exact ECDICT POS-marked gloss; independently sourced pinyin key	Exact POS-marked ECDICT short gloss; pinyin: Rime ICE GPL-3.0
behavioral	行为的	adj.	toefl	ECDICT MIT	ecdict.csv row 75793; POS gloss 1	xing wei de	Rime ICE GPL-3.0	0	exact ECDICT POS-marked gloss; independently sourced pinyin key	Exact POS-marked ECDICT short gloss; pinyin: Rime ICE GPL-3.0
ostensible	表面的	adj.	tem8,ielts	ECDICT MIT	ecdict.csv row 497897; POS gloss 1	biao mian de	Rime ICE GPL-3.0	0	exact ECDICT POS-marked gloss; independently sourced pinyin key	Exact POS-marked ECDICT short gloss; pinyin: Rime ICE GPL-3.0
enervate	衰弱的	adj.	toefl	ECDICT MIT	ecdict.csv row 232026; POS gloss 2	shuai ruo de	Rime ICE GPL-3.0	0	exact ECDICT POS-marked gloss; independently sourced pinyin key	Exact POS-marked ECDICT short gloss; pinyin: Rime ICE GPL-3.0
trainload	装载量	n.	toefl	ECDICT MIT	ecdict.csv row 711165; POS gloss 1	zhuang zai liang	Rime ICE GPL-3.0	0	exact ECDICT POS-marked gloss; independently sourced pinyin key	Exact POS-marked ECDICT short gloss; pinyin: Rime ICE GPL-3.0
vignette	装饰图案	n.	tem8	ECDICT MIT	ecdict.csv row 744974; POS gloss 1	zhuang shi tu an	Rime ICE GPL-3.0	0	exact ECDICT POS-marked gloss; independently sourced pinyin key	Exact POS-marked ECDICT short gloss; pinyin: Rime ICE GPL-3.0
stained	褪色的	adj.	toefl	ECDICT MIT	ecdict.csv row 657881; POS gloss 2	tui se de	Rime ICE GPL-3.0	0	exact ECDICT POS-marked gloss; independently sourced pinyin key	Exact POS-marked ECDICT short gloss; pinyin: Rime ICE GPL-3.0
southwestern	西南的	adj.	toefl	ECDICT MIT	ecdict.csv row 649026; POS gloss 1	xi nan de	Rime ICE GPL-3.0	0	exact ECDICT POS-marked gloss; independently sourced pinyin key	Exact POS-marked ECDICT short gloss; pinyin: Rime ICE GPL-3.0
planners	规划者	n.	ielts	ECDICT MIT	ecdict.csv row 534761; POS gloss 1	gui hua zhe	Rime ICE GPL-3.0	0	exact ECDICT POS-marked gloss; independently sourced pinyin key	Exact POS-marked ECDICT short gloss; pinyin: Rime ICE GPL-3.0
prescribed	规定的	adj.	toefl	ECDICT MIT	ecdict.csv row 551318; POS gloss 1	gui ding de	Rime ICE GPL-3.0	0	exact ECDICT POS-marked gloss; independently sourced pinyin key	Exact POS-marked ECDICT short gloss; pinyin: Rime ICE GPL-3.0
specified	规定的	adj.	toefl	ECDICT MIT	ecdict.csv row 651087; POS gloss 1	gui ding de	Rime ICE GPL-3.0	0	exact ECDICT POS-marked gloss; independently sourced pinyin key	Exact POS-marked ECDICT short gloss; pinyin: Rime ICE GPL-3.0
fees	规费	n.	ielts	ECDICT MIT	ecdict.csv row 255939; POS gloss 1	gui fei	Rime ICE GPL-3.0	0	exact ECDICT POS-marked gloss; independently sourced pinyin key	Exact POS-marked ECDICT short gloss; pinyin: Rime ICE GPL-3.0
optical	视觉的	adj.	cet4,cet6,tem8,toefl,ielts	ECDICT MIT	ecdict.csv row 493370; POS gloss 2	shi jue de	Rime ICE GPL-3.0	0	exact ECDICT POS-marked gloss; independently sourced pinyin key	Exact POS-marked ECDICT short gloss; pinyin: Rime ICE GPL-3.0
videos	视频文件	n.	ielts	ECDICT MIT	ecdict.csv row 744731; POS gloss 1	shi pin wen jian	Rime ICE GPL-3.0	0	exact ECDICT POS-marked gloss; independently sourced pinyin key	Exact POS-marked ECDICT short gloss; pinyin: Rime ICE GPL-3.0
disciplinary	训练的	adj.	tem8	ECDICT MIT	ecdict.csv row 204150; POS gloss 1	xun lian de	Rime ICE GPL-3.0	0	exact ECDICT POS-marked gloss; independently sourced pinyin key	Exact POS-marked ECDICT short gloss; pinyin: Rime ICE GPL-3.0
lyrically	诗意地	adv.	toefl	ECDICT MIT	ecdict.csv row 412995; POS gloss 2	shi yi di	Rime ICE GPL-3.0	0	exact ECDICT POS-marked gloss; independently sourced pinyin key	Exact POS-marked ECDICT short gloss; pinyin: Rime ICE GPL-3.0
faithfully	诚心诚意地	adv.	tem8	ECDICT MIT	ecdict.csv row 250739; POS gloss 2	cheng xin cheng yi de	Rime ICE GPL-3.0	0	exact ECDICT POS-marked gloss; independently sourced pinyin key	Exact POS-marked ECDICT short gloss; pinyin: Rime ICE GPL-3.0
minutely	详细地	adv.	toefl	ECDICT MIT	ecdict.csv row 444259; POS gloss 1	xiang xi de	Rime ICE GPL-3.0	0	exact ECDICT POS-marked gloss; independently sourced pinyin key	Exact POS-marked ECDICT short gloss; pinyin: Rime ICE GPL-3.0
linguistic	语言的	adj.	cet6,tem8,toefl,ielts	ECDICT MIT	ecdict.csv row 401261; POS gloss 1	yu yan de	Rime ICE GPL-3.0	0	exact ECDICT POS-marked gloss; independently sourced pinyin key	Exact POS-marked ECDICT short gloss; pinyin: Rime ICE GPL-3.0
illustrator	说明者	n.	tem8,toefl	ECDICT MIT	ecdict.csv row 343208; POS gloss 3	shuo ming zhe	Rime ICE GPL-3.0	0	exact ECDICT POS-marked gloss; independently sourced pinyin key	Exact POS-marked ECDICT short gloss; pinyin: Rime ICE GPL-3.0
investigators	调查者	n.	ielts	ECDICT MIT	ecdict.csv row 362672; POS gloss 1	diao cha zhe	CC-CEDICT CC BY-SA 4.0 + Rime ICE GPL-3.0	0	exact ECDICT POS-marked gloss; independently sourced pinyin key	Exact POS-marked ECDICT short gloss; pinyin: CC-CEDICT CC BY-SA 4.0 + Rime ICE GPL-3.0
shamefaced	谦逊的	adj.	tem8	ECDICT MIT	ecdict.csv row 629527; POS gloss 2	qian xun de	Rime ICE GPL-3.0	0	exact ECDICT POS-marked gloss; independently sourced pinyin key	Exact POS-marked ECDICT short gloss; pinyin: Rime ICE GPL-3.0
nicely	谨慎地	adv.	tem8	ECDICT MIT	ecdict.csv row 471436; POS gloss 2	jin shen de	Rime ICE GPL-3.0	0	exact ECDICT POS-marked gloss; independently sourced pinyin key	Exact POS-marked ECDICT short gloss; pinyin: Rime ICE GPL-3.0
warily	谨慎地	adv.	toefl	ECDICT MIT	ecdict.csv row 750917; POS gloss 1	jin shen de	Rime ICE GPL-3.0	0	exact ECDICT POS-marked gloss; independently sourced pinyin key	Exact POS-marked ECDICT short gloss; pinyin: Rime ICE GPL-3.0
symbolically	象征性地	adv.	toefl	ECDICT MIT	ecdict.csv row 681191; POS gloss 1	xiang zheng xing de	Rime ICE GPL-3.0	0	exact ECDICT POS-marked gloss; independently sourced pinyin key	Exact POS-marked ECDICT short gloss; pinyin: Rime ICE GPL-3.0
quadrant	象限	n.	tem8	ECDICT MIT	ecdict.csv row 569748; POS gloss 2	xiang xian	CC-CEDICT CC BY-SA 4.0 + Rime ICE GPL-3.0	0	exact ECDICT POS-marked gloss; independently sourced pinyin key	Exact POS-marked ECDICT short gloss; pinyin: CC-CEDICT CC BY-SA 4.0 + Rime ICE GPL-3.0
contributory	贡献者	n.	toefl	ECDICT MIT	ecdict.csv row 160325; POS gloss 1	gong xian zhe	CC-CEDICT CC BY-SA 4.0 + Rime ICE GPL-3.0	0	exact ECDICT POS-marked gloss; independently sourced pinyin key	Exact POS-marked ECDICT short gloss; pinyin: CC-CEDICT CC BY-SA 4.0 + Rime ICE GPL-3.0
financially	财政上	adv.	toefl	ECDICT MIT	ecdict.csv row 260971; POS gloss 2	cai zheng shang	Rime ICE GPL-3.0	0	exact ECDICT POS-marked gloss; independently sourced pinyin key	Exact POS-marked ECDICT short gloss; pinyin: Rime ICE GPL-3.0
qualitatively	质量上	adv.	toefl	ECDICT MIT	ecdict.csv row 570242; POS gloss 1	zhi liang shang	Rime ICE GPL-3.0	0	exact ECDICT POS-marked gloss; independently sourced pinyin key	Exact POS-marked ECDICT short gloss; pinyin: Rime ICE GPL-3.0
footballer	足球选手	n.	tem8	ECDICT MIT	ecdict.csv row 269697; POS gloss 2	zu qiu xuan shou	Rime ICE GPL-3.0	0	exact ECDICT POS-marked gloss; independently sourced pinyin key	Exact POS-marked ECDICT short gloss; pinyin: Rime ICE GPL-3.0
harebrained	轻率的	adj.	tem8	ECDICT MIT	ecdict.csv row 313873; POS gloss 1	qing shuai de	Rime ICE GPL-3.0	0	exact ECDICT POS-marked gloss; independently sourced pinyin key	Exact POS-marked ECDICT short gloss; pinyin: Rime ICE GPL-3.0
sources	输入源	n.	ielts	ECDICT MIT	ecdict.csv row 648763; POS gloss 1	shu ru yuan	Rime ICE GPL-3.0	0	exact ECDICT POS-marked gloss; independently sourced pinyin key	Exact POS-marked ECDICT short gloss; pinyin: Rime ICE GPL-3.0
laboriously	辛苦地	adv.	toefl	ECDICT MIT	ecdict.csv row 384348; POS gloss 1	xin ku de	Rime ICE GPL-3.0	0	exact ECDICT POS-marked gloss; independently sourced pinyin key	Exact POS-marked ECDICT short gloss; pinyin: Rime ICE GPL-3.0
lexicographer	辞典编纂者	n.	ielts	ECDICT MIT	ecdict.csv row 396848; POS gloss 1	ci dian bian zuan zhe	Rime ICE GPL-3.0	0	exact ECDICT POS-marked gloss; independently sourced pinyin key	Exact POS-marked ECDICT short gloss; pinyin: Rime ICE GPL-3.0
expeditious	迅速的	adj.	toefl	ECDICT MIT	ecdict.csv row 246040; POS gloss 1	xun su de	Rime ICE GPL-3.0	0	exact ECDICT POS-marked gloss; independently sourced pinyin key	Exact POS-marked ECDICT short gloss; pinyin: Rime ICE GPL-3.0
overgraze	过度放牧	v.	toefl,ielts	ECDICT MIT	ecdict.csv row 501763; POS gloss 1	guo du fang mu	Rime ICE GPL-3.0	0	exact ECDICT POS-marked gloss; independently sourced pinyin key	Exact POS-marked ECDICT short gloss; pinyin: Rime ICE GPL-3.0
extortionate	过度的	adj.	tem8	ECDICT MIT	ecdict.csv row 247912; POS gloss 3	guo du de	Rime ICE GPL-3.0	0	exact ECDICT POS-marked gloss; independently sourced pinyin key	Exact POS-marked ECDICT short gloss; pinyin: Rime ICE GPL-3.0
fulsome	过度的	adj.	toefl	ECDICT MIT	ecdict.csv row 278904; POS gloss 1	guo du de	Rime ICE GPL-3.0	0	exact ECDICT POS-marked gloss; independently sourced pinyin key	Exact POS-marked ECDICT short gloss; pinyin: Rime ICE GPL-3.0
antiquated	过时的	adj.	toefl,ielts	ECDICT MIT	ecdict.csv row 39765; POS gloss 2	guo shi de	Rime ICE GPL-3.0	0	exact ECDICT POS-marked gloss; independently sourced pinyin key	Exact POS-marked ECDICT short gloss; pinyin: Rime ICE GPL-3.0
kinetic	运动的	adj.	cet6,toefl	ECDICT MIT	ecdict.csv row 379479; POS gloss 1	yun dong de	Rime ICE GPL-3.0	0	exact ECDICT POS-marked gloss; independently sourced pinyin key	Exact POS-marked ECDICT short gloss; pinyin: Rime ICE GPL-3.0
locomotor	运动的	adj.	toefl	ECDICT MIT	ecdict.csv row 406056; POS gloss 1	yun dong de	Rime ICE GPL-3.0	0	exact ECDICT POS-marked gloss; independently sourced pinyin key	Exact POS-marked ECDICT short gloss; pinyin: Rime ICE GPL-3.0
imports	进口商品	n.	ielts	ECDICT MIT	ecdict.csv row 345331; POS gloss 1	jin kou shang pin	Rime ICE GPL-3.0	0	exact ECDICT POS-marked gloss; independently sourced pinyin key	Exact POS-marked ECDICT short gloss; pinyin: Rime ICE GPL-3.0
torpid	迟缓的	adj.	toefl	ECDICT MIT	ecdict.csv row 708180; POS gloss 2	chi huan de	Rime ICE GPL-3.0	0	exact ECDICT POS-marked gloss; independently sourced pinyin key	Exact POS-marked ECDICT short gloss; pinyin: Rime ICE GPL-3.0
inert	迟钝的	adj.	tem4,tem8,toefl,ielts	ECDICT MIT	ecdict.csv row 351853; POS gloss 2	chi dun de	Rime ICE GPL-3.0	0	exact ECDICT POS-marked gloss; independently sourced pinyin key	Exact POS-marked ECDICT short gloss; pinyin: Rime ICE GPL-3.0
glamourous	迷人的	adj.	tem8	ECDICT MIT	ecdict.csv row 295245; POS gloss 1	mi ren de	Rime ICE GPL-3.0	0	exact ECDICT POS-marked gloss; independently sourced pinyin key	Exact POS-marked ECDICT short gloss; pinyin: Rime ICE GPL-3.0
superstitious	迷信的	adj.	tem8,toefl,ielts	ECDICT MIT	ecdict.csv row 676905; POS gloss 1	mi xin de	Rime ICE GPL-3.0	0	exact ECDICT POS-marked gloss; independently sourced pinyin key	Exact POS-marked ECDICT short gloss; pinyin: Rime ICE GPL-3.0
regressive	退化的	adj.	tem8	ECDICT MIT	ecdict.csv row 586160; POS gloss 2	tui hua de	Rime ICE GPL-3.0	0	exact ECDICT POS-marked gloss; independently sourced pinyin key	Exact POS-marked ECDICT short gloss; pinyin: Rime ICE GPL-3.0
vestigial	退化的	adj.	toefl	ECDICT MIT	ecdict.csv row 743676; POS gloss 3	tui hua de	Rime ICE GPL-3.0	0	exact ECDICT POS-marked gloss; independently sourced pinyin key	Exact POS-marked ECDICT short gloss; pinyin: Rime ICE GPL-3.0
adapted	适合的	adj.	tem4	ECDICT MIT	ecdict.csv row 12026; POS gloss 1	shi he de	Rime ICE GPL-3.0	0	exact ECDICT POS-marked gloss; independently sourced pinyin key	Exact POS-marked ECDICT short gloss; pinyin: Rime ICE GPL-3.0
congruent	适合的	adj.	tem4,tem8,ielts	ECDICT MIT	ecdict.csv row 156472; POS gloss 1	shi he de	Rime ICE GPL-3.0	0	exact ECDICT POS-marked gloss; independently sourced pinyin key	Exact POS-marked ECDICT short gloss; pinyin: Rime ICE GPL-3.0
mildly	适度地	adv.	toefl	ECDICT MIT	ecdict.csv row 441870; POS gloss 3	shi du de	Rime ICE GPL-3.0	0	exact ECDICT POS-marked gloss; independently sourced pinyin key	Exact POS-marked ECDICT short gloss; pinyin: Rime ICE GPL-3.0
reasonably	适度地	adv.	toefl	ECDICT MIT	ecdict.csv row 580606; POS gloss 1	shi du de	Rime ICE GPL-3.0	0	exact ECDICT POS-marked gloss; independently sourced pinyin key	Exact POS-marked ECDICT short gloss; pinyin: Rime ICE GPL-3.0
adequately	适当地	adv.	toefl	ECDICT MIT	ecdict.csv row 13090; POS gloss 2	shi dang de	Rime ICE GPL-3.0	0	exact ECDICT POS-marked gloss; independently sourced pinyin key	Exact POS-marked ECDICT short gloss; pinyin: Rime ICE GPL-3.0
aptly	适当地	adv.	cet6,toefl	ECDICT MIT	ecdict.csv row 43386; POS gloss 1	shi dang de	Rime ICE GPL-3.0	0	exact ECDICT POS-marked gloss; independently sourced pinyin key	Exact POS-marked ECDICT short gloss; pinyin: Rime ICE GPL-3.0
modestly	适当地	adv.	toefl	ECDICT MIT	ecdict.csv row 447416; POS gloss 1	shi dang de	Rime ICE GPL-3.0	0	exact ECDICT POS-marked gloss; independently sourced pinyin key	Exact POS-marked ECDICT short gloss; pinyin: Rime ICE GPL-3.0
suitably	适当地	adv.	toefl	ECDICT MIT	ecdict.csv row 673868; POS gloss 2	shi dang de	Rime ICE GPL-3.0	0	exact ECDICT POS-marked gloss; independently sourced pinyin key	Exact POS-marked ECDICT short gloss; pinyin: Rime ICE GPL-3.0
escapee	逃亡者	n.	tem4,tem8	ECDICT MIT	ecdict.csv row 238637; POS gloss 1	tao wang zhe	CC-CEDICT CC BY-SA 4.0 + Rime ICE GPL-3.0	0	exact ECDICT POS-marked gloss; independently sourced pinyin key	Exact POS-marked ECDICT short gloss; pinyin: CC-CEDICT CC BY-SA 4.0 + Rime ICE GPL-3.0
draughty	通风的	adj.	tem8	ECDICT MIT	ecdict.csv row 213738; POS gloss 1	tong feng de	Rime ICE GPL-3.0	0	exact ECDICT POS-marked gloss; independently sourced pinyin key	Exact POS-marked ECDICT short gloss; pinyin: Rime ICE GPL-3.0
morally	道德上	adv.	toefl	ECDICT MIT	ecdict.csv row 451763; POS gloss 1	dao de shang	Rime ICE GPL-3.0	0	exact ECDICT POS-marked gloss; independently sourced pinyin key	Exact POS-marked ECDICT short gloss; pinyin: Rime ICE GPL-3.0
derelict	遗弃物	n.	tem4,tem8,ielts	ECDICT MIT	ecdict.csv row 192652; POS gloss 4	yi qi wu	Rime ICE GPL-3.0	0	exact ECDICT POS-marked gloss; independently sourced pinyin key	Exact POS-marked ECDICT short gloss; pinyin: Rime ICE GPL-3.0
satanic	邪恶的	adj.	tem8	ECDICT MIT	ecdict.csv row 612347; POS gloss 3	xie e de	Rime ICE GPL-3.0	0	exact ECDICT POS-marked gloss; independently sourced pinyin key	Exact POS-marked ECDICT short gloss; pinyin: Rime ICE GPL-3.0
ungodly	邪恶的	adj.	tem8	ECDICT MIT	ecdict.csv row 729603; POS gloss 3	xie e de	Rime ICE GPL-3.0	0	exact ECDICT POS-marked gloss; independently sourced pinyin key	Exact POS-marked ECDICT short gloss; pinyin: Rime ICE GPL-3.0
postmaster	邮政局长	n.	toefl	ECDICT MIT	ecdict.csv row 545884; POS gloss 1	you zheng ju zhang	Rime ICE GPL-3.0	0	exact ECDICT POS-marked gloss; independently sourced pinyin key	Exact POS-marked ECDICT short gloss; pinyin: Rime ICE GPL-3.0
adjoining	邻接的	adj.	toefl	ECDICT MIT	ecdict.csv row 13590; POS gloss 1	lin jie de	Rime ICE GPL-3.0	0	exact ECDICT POS-marked gloss; independently sourced pinyin key	Exact POS-marked ECDICT short gloss; pinyin: Rime ICE GPL-3.0
suburbanite	郊区居民	n.	tem8,toefl	ECDICT MIT	ecdict.csv row 672825; POS gloss 1	jiao qu ju min	Rime ICE GPL-3.0	0	exact ECDICT POS-marked gloss; independently sourced pinyin key	Exact POS-marked ECDICT short gloss; pinyin: Rime ICE GPL-3.0
suburban	郊外的	adj.	cet6,tem8,toefl	ECDICT MIT	ecdict.csv row 672820; POS gloss 1	jiao wai de	Rime ICE GPL-3.0	0	exact ECDICT POS-marked gloss; independently sourced pinyin key	Exact POS-marked ECDICT short gloss; pinyin: Rime ICE GPL-3.0
part-time	部分时间	adv.	toefl,ielts	ECDICT MIT	ecdict.csv row 512268; POS gloss 4	bu fen shi jian	Rime ICE GPL-3.0	0	exact ECDICT POS-marked gloss; independently sourced pinyin key	Exact POS-marked ECDICT short gloss; pinyin: Rime ICE GPL-3.0
fractional	部分的	adj.	tem8	ECDICT MIT	ecdict.csv row 273691; POS gloss 1	bu fen de	Rime ICE GPL-3.0	0	exact ECDICT POS-marked gloss; independently sourced pinyin key	Exact POS-marked ECDICT short gloss; pinyin: Rime ICE GPL-3.0
sectional	部分的	adj.	toefl,ielts	ECDICT MIT	ecdict.csv row 620538; POS gloss 1	bu fen de	Rime ICE GPL-3.0	0	exact ECDICT POS-marked gloss; independently sourced pinyin key	Exact POS-marked ECDICT short gloss; pinyin: Rime ICE GPL-3.0
departmental	部门的	adj.	ielts	ECDICT MIT	ecdict.csv row 191722; POS gloss 1	bu men de	Rime ICE GPL-3.0	0	exact ECDICT POS-marked gloss; independently sourced pinyin key	Exact POS-marked ECDICT short gloss; pinyin: Rime ICE GPL-3.0
divisional	部门的	adj.	ielts	ECDICT MIT	ecdict.csv row 208355; POS gloss 1	bu men de	Rime ICE GPL-3.0	0	exact ECDICT POS-marked gloss; independently sourced pinyin key	Exact POS-marked ECDICT short gloss; pinyin: Rime ICE GPL-3.0
gatherer	采集者	n.	toefl	ECDICT MIT	ecdict.csv row 284895; POS gloss 1	cai ji zhe	Rime ICE GPL-3.0	0	exact ECDICT POS-marked gloss; independently sourced pinyin key	Exact POS-marked ECDICT short gloss; pinyin: Rime ICE GPL-3.0
reassemble	重新召集	v.	tem8	ECDICT MIT	ecdict.csv row 580624; POS gloss 1	chong xin zhao ji	Rime ICE GPL-3.0	0	exact ECDICT POS-marked gloss; independently sourced pinyin key	Exact POS-marked ECDICT short gloss; pinyin: Rime ICE GPL-3.0
readjust	重新调整	v.	cet6,toefl	ECDICT MIT	ecdict.csv row 579956; POS gloss 1	chong xin tiao zheng	Rime ICE GPL-3.0	0	exact ECDICT POS-marked gloss; independently sourced pinyin key	Exact POS-marked ECDICT short gloss; pinyin: Rime ICE GPL-3.0
restatement	重述	n.	toefl	ECDICT MIT	ecdict.csv row 592655; POS gloss 2	chong shu	CC-CEDICT CC BY-SA 4.0 + Rime ICE GPL-3.0	0	exact ECDICT POS-marked gloss; independently sourced pinyin key	Exact POS-marked ECDICT short gloss; pinyin: CC-CEDICT CC BY-SA 4.0 + Rime ICE GPL-3.0
graduates	量筒	n.	ielts	ECDICT MIT	ecdict.csv row 301638; POS gloss 1	liang tong	CC-CEDICT CC BY-SA 4.0 + Rime ICE GPL-3.0	0	exact ECDICT POS-marked gloss; independently sourced pinyin key	Exact POS-marked ECDICT short gloss; pinyin: CC-CEDICT CC BY-SA 4.0 + Rime ICE GPL-3.0
steely	钢的	adj.	tem8	ECDICT MIT	ecdict.csv row 661722; POS gloss 1	gang de	Rime ICE GPL-3.0	0	exact ECDICT POS-marked gloss; independently sourced pinyin key	Exact POS-marked ECDICT short gloss; pinyin: Rime ICE GPL-3.0
ferromagnetic	铁磁体	adj.	toefl	ECDICT MIT	ecdict.csv row 257407; POS gloss 1	tie ci ti	Rime ICE GPL-3.0	0	exact ECDICT POS-marked gloss; independently sourced pinyin key	Exact POS-marked ECDICT short gloss; pinyin: Rime ICE GPL-3.0
aluminium	铝的	adj.	cet4,cet6,tem4,tem8,toefl,ielts	ECDICT MIT	ecdict.csv row 27033; POS gloss 1	lv de	Rime ICE GPL-3.0	0	exact ECDICT POS-marked gloss; independently sourced pinyin key	Exact POS-marked ECDICT short gloss; pinyin: Rime ICE GPL-3.0
chrome	铬合金	n.	tem8	ECDICT MIT	ecdict.csv row 134549; POS gloss 1	ge he jin	Rime ICE GPL-3.0	0	exact ECDICT POS-marked gloss; independently sourced pinyin key	Exact POS-marked ECDICT short gloss; pinyin: Rime ICE GPL-3.0
embalm	铭记于心	v.	toefl	ECDICT MIT	ecdict.csv row 228309; POS gloss 2	ming ji yu xin	Rime ICE GPL-3.0	0	exact ECDICT POS-marked gloss; independently sourced pinyin key	Exact POS-marked ECDICT short gloss; pinyin: Rime ICE GPL-3.0
mismatch	错配	n.	toefl	ECDICT MIT	ecdict.csv row 445192; POS gloss 1	cuo pei	CC-CEDICT CC BY-SA 4.0 + Rime ICE GPL-3.0	0	exact ECDICT POS-marked gloss; independently sourced pinyin key	Exact POS-marked ECDICT short gloss; pinyin: CC-CEDICT CC BY-SA 4.0 + Rime ICE GPL-3.0
tinny	锡的	adj.	tem8	ECDICT MIT	ecdict.csv row 704168; POS gloss 1	xi de	Rime ICE GPL-3.0	0	exact ECDICT POS-marked gloss; independently sourced pinyin key	Exact POS-marked ECDICT short gloss; pinyin: Rime ICE GPL-3.0
sawyer	锯工	n.	toefl	ECDICT MIT	ecdict.csv row 613266; POS gloss 1	ju gong	CC-CEDICT CC BY-SA 4.0 + Rime ICE GPL-3.0	0	exact ECDICT POS-marked gloss; independently sourced pinyin key	Exact POS-marked ECDICT short gloss; pinyin: CC-CEDICT CC BY-SA 4.0 + Rime ICE GPL-3.0
overgrow	长满	v.	toefl	ECDICT MIT	ecdict.csv row 501776; POS gloss 1	zhang man	CC-CEDICT CC BY-SA 4.0 + Rime ICE GPL-3.0	0	exact ECDICT POS-marked gloss; independently sourced pinyin key	Exact POS-marked ECDICT short gloss; pinyin: CC-CEDICT CC BY-SA 4.0 + Rime ICE GPL-3.0
interloper	闯入者	n.	tem8	ECDICT MIT	ecdict.csv row 358632; POS gloss 1	chuang ru zhe	Rime ICE GPL-3.0	0	exact ECDICT POS-marked gloss; independently sourced pinyin key	Exact POS-marked ECDICT short gloss; pinyin: Rime ICE GPL-3.0
consequential	间接的	adj.	ielts	ECDICT MIT	ecdict.csv row 157366; POS gloss 4	jian jie de	Rime ICE GPL-3.0	0	exact ECDICT POS-marked gloss; independently sourced pinyin key	Exact POS-marked ECDICT short gloss; pinyin: Rime ICE GPL-3.0
muggy	闷热的	adj.	toefl	ECDICT MIT	ecdict.csv row 455482; POS gloss 1	men re de	Rime ICE GPL-3.0	0	exact ECDICT POS-marked gloss; independently sourced pinyin key	Exact POS-marked ECDICT short gloss; pinyin: Rime ICE GPL-3.0
arabia	阿拉伯半岛	n.	tem8	ECDICT MIT	ecdict.csv row 43808; POS gloss 1	a la bo ban dao	CC-CEDICT CC BY-SA 4.0 + Rime ICE GPL-3.0	0	exact ECDICT POS-marked gloss; independently sourced pinyin key	Exact POS-marked ECDICT short gloss; pinyin: CC-CEDICT CC BY-SA 4.0 + Rime ICE GPL-3.0
confining	限制的	adj.	toefl	ECDICT MIT	ecdict.csv row 155899; POS gloss 2	xian zhi de	Rime ICE GPL-3.0	0	exact ECDICT POS-marked gloss; independently sourced pinyin key	Exact POS-marked ECDICT short gloss; pinyin: Rime ICE GPL-3.0
restrictive	限制的	adj.	tem4,tem8,toefl	ECDICT MIT	ecdict.csv row 592897; POS gloss 1	xian zhi de	Rime ICE GPL-3.0	0	exact ECDICT POS-marked gloss; independently sourced pinyin key	Exact POS-marked ECDICT short gloss; pinyin: Rime ICE GPL-3.0
hart	雄鹿	n.	toefl	ECDICT MIT	ecdict.csv row 314371; POS gloss 2	xiong lu	CC-CEDICT CC BY-SA 4.0 + Rime ICE GPL-3.0	0	exact ECDICT POS-marked gloss; independently sourced pinyin key	Exact POS-marked ECDICT short gloss; pinyin: CC-CEDICT CC BY-SA 4.0 + Rime ICE GPL-3.0
athenian	雅典人	n.	toefl	ECDICT MIT	ecdict.csv row 53984; POS gloss 1	ya dian ren	Rime ICE GPL-3.0	0	exact ECDICT POS-marked gloss; independently sourced pinyin key	Exact POS-marked ECDICT short gloss; pinyin: Rime ICE GPL-3.0
carver	雕刻匠	n.	toefl	ECDICT MIT	ecdict.csv row 117425; POS gloss 1	diao ke jiang	Rime ICE GPL-3.0	0	exact ECDICT POS-marked gloss; independently sourced pinyin key	Exact POS-marked ECDICT short gloss; pinyin: Rime ICE GPL-3.0
retailing	零售业	n.	ielts	ECDICT MIT	ecdict.csv row 593186; POS gloss 1	ling shou ye	Rime ICE GPL-3.0	0	exact ECDICT POS-marked gloss; independently sourced pinyin key	Exact POS-marked ECDICT short gloss; pinyin: Rime ICE GPL-3.0
ptarmigan	雷鸟	n.	toefl	ECDICT MIT	ecdict.csv row 563750; POS gloss 1	lei niao	CC-CEDICT CC BY-SA 4.0 + Rime ICE GPL-3.0	0	exact ECDICT POS-marked gloss; independently sourced pinyin key	Exact POS-marked ECDICT short gloss; pinyin: CC-CEDICT CC BY-SA 4.0 + Rime ICE GPL-3.0
camper	露营者	n.	ielts	ECDICT MIT	ecdict.csv row 110747; POS gloss 1	lu ying zhe	Rime ICE GPL-3.0	0	exact ECDICT POS-marked gloss; independently sourced pinyin key	Exact POS-marked ECDICT short gloss; pinyin: Rime ICE GPL-3.0
lazuli	青金石	n.	toefl	ECDICT MIT	ecdict.csv row 391131; POS gloss 1	qing jin shi	CC-CEDICT CC BY-SA 4.0 + Rime ICE GPL-3.0	0	exact ECDICT POS-marked gloss; independently sourced pinyin key	Exact POS-marked ECDICT short gloss; pinyin: CC-CEDICT CC BY-SA 4.0 + Rime ICE GPL-3.0
quiescent	静止的	adj.	toefl	ECDICT MIT	ecdict.csv row 571987; POS gloss 1	jing zhi de	Rime ICE GPL-3.0	0	exact ECDICT POS-marked gloss; independently sourced pinyin key	Exact POS-marked ECDICT short gloss; pinyin: Rime ICE GPL-3.0
hugely	非常地	adv.	toefl	ECDICT MIT	ecdict.csv row 333591; POS gloss 2	fei chang de	Rime ICE GPL-3.0	0	exact ECDICT POS-marked gloss; independently sourced pinyin key	Exact POS-marked ECDICT short gloss; pinyin: Rime ICE GPL-3.0
nonviolence	非暴力	n.	toefl	ECDICT MIT	ecdict.csv row 478030; POS gloss 1	fei bao li	CC-CEDICT CC BY-SA 4.0 + Rime ICE GPL-3.0	0	exact ECDICT POS-marked gloss; independently sourced pinyin key	Exact POS-marked ECDICT short gloss; pinyin: CC-CEDICT CC BY-SA 4.0 + Rime ICE GPL-3.0
nonnative	非本地人	n.	toefl	ECDICT MIT	ecdict.csv row 477373; POS gloss 2	fei ben di ren	Rime ICE GPL-3.0	0	exact ECDICT POS-marked gloss; independently sourced pinyin key	Exact POS-marked ECDICT short gloss; pinyin: Rime ICE GPL-3.0
untrustworthy	靠不住的	adj.	cet6,ielts	ECDICT MIT	ecdict.csv row 733680; POS gloss 2	kao bu zhu de	Rime ICE GPL-3.0	0	exact ECDICT POS-marked gloss; independently sourced pinyin key	Exact POS-marked ECDICT short gloss; pinyin: Rime ICE GPL-3.0
beats	音乐节拍	n.	ielts	ECDICT MIT	ecdict.csv row 74398; POS gloss 1	yin yue jie pai	Rime ICE GPL-3.0	0	exact ECDICT POS-marked gloss; independently sourced pinyin key	Exact POS-marked ECDICT short gloss; pinyin: Rime ICE GPL-3.0
pages	页数	n.	ielts	ECDICT MIT	ecdict.csv row 505710; POS gloss 1	ye shu	Rime ICE GPL-3.0	0	exact ECDICT POS-marked gloss; independently sourced pinyin key	Exact POS-marked ECDICT short gloss; pinyin: Rime ICE GPL-3.0
favorably	顺利地	adv.	toefl	ECDICT MIT	ecdict.csv row 254794; POS gloss 1	shun li de	Rime ICE GPL-3.0	0	exact ECDICT POS-marked gloss; independently sourced pinyin key	Exact POS-marked ECDICT short gloss; pinyin: Rime ICE GPL-3.0
diehard	顽固分子	n.	tem8	ECDICT MIT	ecdict.csv row 198751; POS gloss 1	wan gu fen zi	Rime ICE GPL-3.0	0	exact ECDICT POS-marked gloss; independently sourced pinyin key	Exact POS-marked ECDICT short gloss; pinyin: Rime ICE GPL-3.0
bigoted	顽固的	adj.	toefl	ECDICT MIT	ecdict.csv row 81757; POS gloss 4	wan gu de	Rime ICE GPL-3.0	0	exact ECDICT POS-marked gloss; independently sourced pinyin key	Exact POS-marked ECDICT short gloss; pinyin: Rime ICE GPL-3.0
heady	顽固的	adj.	tem8	ECDICT MIT	ecdict.csv row 316847; POS gloss 1	wan gu de	Rime ICE GPL-3.0	0	exact ECDICT POS-marked gloss; independently sourced pinyin key	Exact POS-marked ECDICT short gloss; pinyin: Rime ICE GPL-3.0
doggedly	顽强地	adv.	toefl	ECDICT MIT	ecdict.csv row 209796; POS gloss 1	wan qiang de	Rime ICE GPL-3.0	0	exact ECDICT POS-marked gloss; independently sourced pinyin key	Exact POS-marked ECDICT short gloss; pinyin: Rime ICE GPL-3.0
forewarn	预先警告	v.	tem8	ECDICT MIT	ecdict.csv row 271230; POS gloss 1	yu xian jing gao	Rime ICE GPL-3.0	0	exact ECDICT POS-marked gloss; independently sourced pinyin key	Exact POS-marked ECDICT short gloss; pinyin: Rime ICE GPL-3.0
forecaster	预报员	n.	toefl	ECDICT MIT	ecdict.csv row 270580; POS gloss 1	yu bao yuan	Rime ICE GPL-3.0	0	exact ECDICT POS-marked gloss; independently sourced pinyin key	Exact POS-marked ECDICT short gloss; pinyin: Rime ICE GPL-3.0
stickpin	领带夹	n.	toefl	ECDICT MIT	ecdict.csv row 663583; POS gloss 1	ling dai jia	Rime ICE GPL-3.0	0	exact ECDICT POS-marked gloss; independently sourced pinyin key	Exact POS-marked ECDICT short gloss; pinyin: Rime ICE GPL-3.0
upside-down	颠倒的	adj.	cet4,cet6,toefl	ECDICT MIT	ecdict.csv row 734671; POS gloss 1	dian dao de	Rime ICE GPL-3.0	0	exact ECDICT POS-marked gloss; independently sourced pinyin key	Exact POS-marked ECDICT short gloss; pinyin: Rime ICE GPL-3.0
windswept	风刮的	adj.	toefl	ECDICT MIT	ecdict.csv row 759425; POS gloss 1	feng gua de	Rime ICE GPL-3.0	0	exact ECDICT POS-marked gloss; independently sourced pinyin key	Exact POS-marked ECDICT short gloss; pinyin: Rime ICE GPL-3.0
landscapist	风景画家	n.	toefl	ECDICT MIT	ecdict.csv row 387097; POS gloss 1	feng jing hua jia	Rime ICE GPL-3.0	0	exact ECDICT POS-marked gloss; independently sourced pinyin key	Exact POS-marked ECDICT short gloss; pinyin: Rime ICE GPL-3.0
aero	飞机的	adj.	toefl	ECDICT MIT	ecdict.csv row 15819; POS gloss 1	fei ji de	Rime ICE GPL-3.0	0	exact ECDICT POS-marked gloss; independently sourced pinyin key	Exact POS-marked ECDICT short gloss; pinyin: Rime ICE GPL-3.0
marxist	马克思主义者	n.	cet4,cet6,tem8	ECDICT MIT	ecdict.csv row 424425; POS gloss 2	ma ke si zhu yi zhe	Rime ICE GPL-3.0	0	exact ECDICT POS-marked gloss; independently sourced pinyin key	Exact POS-marked ECDICT short gloss; pinyin: Rime ICE GPL-3.0
milkweed	马利筋	n.	toefl	ECDICT MIT	ecdict.csv row 442328; POS gloss 1	ma li jin	CC-CEDICT CC BY-SA 4.0 + Rime ICE GPL-3.0	0	exact ECDICT POS-marked gloss; independently sourced pinyin key	Exact POS-marked ECDICT short gloss; pinyin: CC-CEDICT CC BY-SA 4.0 + Rime ICE GPL-3.0
horsehair	马毛	n.	tem8	ECDICT MIT	ecdict.csv row 331550; POS gloss 1	ma mao	Rime ICE GPL-3.0	0	exact ECDICT POS-marked gloss; independently sourced pinyin key	Exact POS-marked ECDICT short gloss; pinyin: Rime ICE GPL-3.0
horsey	马的	adj.	tem8	ECDICT MIT	ecdict.csv row 331623; POS gloss 1	ma de	Rime ICE GPL-3.0	0	exact ECDICT POS-marked gloss; independently sourced pinyin key	Exact POS-marked ECDICT short gloss; pinyin: Rime ICE GPL-3.0
honourable	高贵的	adj.	cet4,cet6,tem8	ECDICT MIT	ecdict.csv row 330432; POS gloss 3	gao gui de	Rime ICE GPL-3.0	0	exact ECDICT POS-marked gloss; independently sourced pinyin key	Exact POS-marked ECDICT short gloss; pinyin: Rime ICE GPL-3.0
harridan	鬼婆	n.	ielts	ECDICT MIT	ecdict.csv row 314255; POS gloss 3	gui po	CC-CEDICT CC BY-SA 4.0	0	exact ECDICT POS-marked gloss; independently sourced pinyin key	Exact POS-marked ECDICT short gloss; pinyin: CC-CEDICT CC BY-SA 4.0
cementation	黏结	n.	toefl	ECDICT MIT	ecdict.csv row 122470; POS gloss 2	nian jie	CC-CEDICT CC BY-SA 4.0 + Rime ICE GPL-3.0	0	exact ECDICT POS-marked gloss; independently sourced pinyin key	Exact POS-marked ECDICT short gloss; pinyin: CC-CEDICT CC BY-SA 4.0 + Rime ICE GPL-3.0
brant	黑雁	n.	toefl	ECDICT MIT	ecdict.csv row 96466; POS gloss 1	hei yan	CC-CEDICT CC BY-SA 4.0	0	exact ECDICT POS-marked gloss; independently sourced pinyin key	Exact POS-marked ECDICT short gloss; pinyin: CC-CEDICT CC BY-SA 4.0
blackbird	黑鸟	n.	toefl	ECDICT MIT	ecdict.csv row 86291; POS gloss 1	hei niao	Rime ICE GPL-3.0	0	exact ECDICT POS-marked gloss; independently sourced pinyin key	Exact POS-marked ECDICT short gloss; pinyin: Rime ICE GPL-3.0
