chinese	english	pos	source_line	source_row	pinyin	pinyin_frequency	has_uk_ipa	has_us_ipa	already_mapped	already_headword	existing_extra_count	ecdict_rows	decision	review_note
潜逃	abscond	v.	28	Abscond 潜逃	qian tao	377	true	true	true	true	0	4179	reject	This exact Chinese-English pair already exists in the compiled vocabulary; do not add a duplicate or alter its order.
节制	abstinence	n.	45,66	Abstinence 节欲，节制	jie zhi	1015	true	true	true	true	3	4819	reject	This exact Chinese-English pair already exists in the compiled vocabulary; do not add a duplicate or alter its order.
会计师	accountant	n.	130	Accountant 会计师	kuai ji shi	554	true	true	true	true	0	6468	reject	This exact Chinese-English pair already exists in the compiled vocabulary; do not add a duplicate or alter its order.
累积	accumulation	n.	313	Accumulation 累积，累计	lei ji	2349	true	true	false	true	0	6891	accept	The source pairs accumulation with 累积; ECDICT confirms the exact noun gloss. Retained as a financial/accounting accumulation term.
法案	act	n.	342	Act 法案	fa an	6245	true	true	false	true	0	10113	defer	Candidate passed exact ECDICT/POS, local pinyin, and IPA checks, but the upstream list has no earlier data provenance and this pair was not selected for the reviewed finance tranche. Keep it out of runtime data.
诉讼	action	n.	344	Action 起诉，诉讼	su song	2720	true	true	false	true	1	10562	defer	Candidate passed exact ECDICT/POS, local pinyin, and IPA checks, but the upstream list has no earlier data provenance and this pair was not selected for the reviewed finance tranche. Keep it out of runtime data.
调整	adjustment	n.	417	adjustment 调整	tiao zheng	13872	true	true	true	true	6	13841	reject	This exact Chinese-English pair already exists in the compiled vocabulary; do not add a duplicate or alter its order.
寿命	age	n.	488	age 寿命，帐龄，资产使用年限	shou ming	1911	true	true	false	true	1	17694	defer	Candidate passed exact ECDICT/POS, local pinyin, and IPA checks, but the upstream list has no earlier data provenance and this pair was not selected for the reviewed finance tranche. Keep it out of runtime data.
代理商	agent	n.	500	agent 代理人，代理商	dai li shang	315	true	true	true	true	0	17863	reject	This exact Chinese-English pair already exists in the compiled vocabulary; do not add a duplicate or alter its order.
协议	agreement	n.	521	agreement 协定，协议	xie yi	8898	true	true	true	true	0	18575	reject	This exact Chinese-English pair already exists in the compiled vocabulary; do not add a duplicate or alter its order.
分配	allocation	n.	538	allocation 分摊，分配	fen pei	6297	true	true	false	true	8	24783	reject	The Chinese key has reached the reviewed expansion limit.
津贴	allowance	n.	551	allowance 备抵，折让，减免，津贴	jin tie	1800	true	true	true	true	1	25207	reject	This exact Chinese-English pair already exists in the compiled vocabulary; do not add a duplicate or alter its order.
合并	amalgamation	n.	573	amalgamation 合并	he bing	16459	true	true	true	true	6	27729	reject	This exact Chinese-English pair already exists in the compiled vocabulary; do not add a duplicate or alter its order.
修订	amendment	n.	575	amendment 修正，修订，修订条款	xiu ding	3944	true	true	false	true	0	28497	defer	Candidate passed exact ECDICT/POS, local pinyin, and IPA checks, but the upstream list has no earlier data provenance and this pair was not selected for the reviewed finance tranche. Keep it out of runtime data.
分析	analysis	n.	598	analysis 分析	fen xi	11738	true	true	true	true	2	32132	reject	This exact Chinese-English pair already exists in the compiled vocabulary; do not add a duplicate or alter its order.
年金	annuity	n.	638	annuity 年金，退休金	nian jin	464	true	true	true	true	1	35881	reject	This exact Chinese-English pair already exists in the compiled vocabulary; do not add a duplicate or alter its order.
经历	antecedents	n.	654	antecedents 经历	jing li	21587	true	true	false	false	0	36893	defer	Candidate passed exact ECDICT/POS, local pinyin, and IPA checks, but the upstream list has no earlier data provenance and this pair was not selected for the reviewed finance tranche. Keep it out of runtime data.
申请	application	n.	676	application 申请，申请书	shen qing	13301	true	true	false	true	0	42553	defer	Candidate passed exact ECDICT/POS, local pinyin, and IPA checks, but the upstream list has no earlier data provenance and this pair was not selected for the reviewed finance tranche. Keep it out of runtime data.
分摊	apportionment	n.	687	apportionment 分配、分摊、拨款	fen tan	180	true	true	false	true	0	42857	accept	The source pairs apportionment with 分摊; ECDICT confirms the exact noun gloss. This is a cost and allocation term.
分配	apportionment	n.	687	apportionment 分配、分摊、拨款	fen pei	6297	true	true	true	true	8	42857	reject	This exact Chinese-English pair already exists in the compiled vocabulary; do not add a duplicate or alter its order.
估价	appraisal	n.	689	appraisal 估价，估价报告	gu jia	124	true	true	false	true	1	42886	accept	The source pairs appraisal with 估价; ECDICT confirms the exact noun gloss. Asset and property appraisal is relevant to finance.
拨款	appropriation	n.	701	appropriation 拨款，收益分配	bo kuan	1517	true	true	true	true	1	43063	reject	This exact Chinese-English pair already exists in the compiled vocabulary; do not add a duplicate or alter its order.
套汇	arbitrage	n.	714	arbitrage 套汇，套利	tao hui	1	true	true	true	true	0	44171	reject	This exact Chinese-English pair already exists in the compiled vocabulary; do not add a duplicate or alter its order.
仲裁	arbitration	n.	719	arbitration 仲裁	zhong cai	624	true	true	true	true	2	44250	reject	This exact Chinese-English pair already exists in the compiled vocabulary; do not add a duplicate or alter its order.
资产	asset	n.	766	asset 资产	zi chan	3955	true	true	true	true	1	51764	reject	This exact Chinese-English pair already exists in the compiled vocabulary; do not add a duplicate or alter its order.
转让	assignment	n.	797	assignment 转让，过户，转让契约	zhuan rang	1126	true	true	true	true	5	51893	reject	This exact Chinese-English pair already exists in the compiled vocabulary; do not add a duplicate or alter its order.
吸收	assimilation	n.	805	assimilation 吸收，消化	xi shou	4300	true	true	false	true	2	51962	defer	Candidate passed exact ECDICT/POS, local pinyin, and IPA checks, but the upstream list has no earlier data provenance and this pair was not selected for the reviewed finance tranche. Keep it out of runtime data.
协会	association	n.	817	association 协会	xie hui	22441	true	true	true	true	1	52135	reject	This exact Chinese-English pair already exists in the compiled vocabulary; do not add a duplicate or alter its order.
假定	assumption	n.	827	assumption 承担，假定，假设	jia ding	500	true	true	false	true	1	52328	defer	Candidate passed exact ECDICT/POS, local pinyin, and IPA checks, but the upstream list has no earlier data provenance and this pair was not selected for the reviewed finance tranche. Keep it out of runtime data.
保证	assurance	n.	828	assurance 保险，保证，信息安全保证	bao zheng	8287	true	true	false	true	5	52344	defer	Candidate passed exact ECDICT/POS, local pinyin, and IPA checks, but the upstream list has no earlier data provenance and this pair was not selected for the reviewed finance tranche. Keep it out of runtime data.
保险	assurance	n.	828	assurance 保险，保证，信息安全保证	bao xian	5329	true	true	false	true	0	52344	defer	Candidate passed exact ECDICT/POS, local pinyin, and IPA checks, but the upstream list has no earlier data provenance and this pair was not selected for the reviewed finance tranche. Keep it out of runtime data.
代理人	attorney	n.	850	attorney 被委托人，代理人，律师	dai li ren	656	true	true	false	true	2	55423	defer	Candidate passed exact ECDICT/POS, local pinyin, and IPA checks, but the upstream list has no earlier data provenance and this pair was not selected for the reviewed finance tranche. Keep it out of runtime data.
律师	attorney	n.	850,851	attorney 被委托人，代理人，律师	lv shi	9139	true	true	true	true	2	55423	reject	This exact Chinese-English pair already exists in the compiled vocabulary; do not add a duplicate or alter its order.
属性	attribute	n.	856	attribute 属性	shu xing	3363	false	true	true	true	0	55485	reject	This exact Chinese-English pair already exists in the compiled vocabulary; do not add a duplicate or alter its order.
拍卖	auction	n.	858	auction 拍卖	pai mai	1225	true	true	true	true	1	55692	reject	This exact Chinese-English pair already exists in the compiled vocabulary; do not add a duplicate or alter its order.
拍卖	auction	v.	858	auction 拍卖	pai mai	1225	true	true	true	true	1	55692	reject	This exact Chinese-English pair already exists in the compiled vocabulary; do not add a duplicate or alter its order.
审计	audit	n.	863	audit 审核，审计	shen ji	1008	true	true	true	true	0	55909	reject	This exact Chinese-English pair already exists in the compiled vocabulary; do not add a duplicate or alter its order.
授权	authorization	n.	944	authorization 授权，委托，核定，批准	shou quan	4467	false	true	true	true	2	57023	reject	This exact Chinese-English pair already exists in the compiled vocabulary; do not add a duplicate or alter its order.
平均数	average	n.	982	average 平均数，海损	ping jun shu	81	true	true	true	true	1	59379	reject	This exact Chinese-English pair already exists in the compiled vocabulary; do not add a duplicate or alter its order.
海损	average	n.	982	average 平均数，海损	hai sun	4	true	true	true	true	0	59379	reject	This exact Chinese-English pair already exists in the compiled vocabulary; do not add a duplicate or alter its order.
平衡	balance	n.	1057,1104	balance 余额，平衡，结平	ping heng	6136	true	true	true	true	3	64521	reject	This exact Chinese-English pair already exists in the compiled vocabulary; do not add a duplicate or alter its order.
平衡	balance	v.	1057,1104	balance 余额，平衡，结平	ping heng	6136	true	true	true	true	3	64521	reject	This exact Chinese-English pair already exists in the compiled vocabulary; do not add a duplicate or alter its order.
银行	bank	n.	1136	bank 银行	yin hang	15880	true	true	true	true	0	66277	reject	This exact Chinese-English pair already exists in the compiled vocabulary; do not add a duplicate or alter its order.
银行家	banker	n.	1157	banker 银行家，银行业者,银行	yin hang jia	401	true	true	true	true	0	66474	reject	This exact Chinese-English pair already exists in the compiled vocabulary; do not add a duplicate or alter its order.
钞票	banknote	n.	1182	banknote 银行券，钞票	chao piao	872	true	true	true	true	0	66545	reject	This exact Chinese-English pair already exists in the compiled vocabulary; do not add a duplicate or alter its order.
交易	bargain	n.	1205	bargain 交易，签订合同	jiao yi	6759	true	true	false	true	2	67396	defer	Candidate passed exact ECDICT/POS, local pinyin, and IPA checks, but the upstream list has no earlier data provenance and this pair was not selected for the reviewed finance tranche. Keep it out of runtime data.
交易	bargain	v.	1205	bargain 交易，签订合同	jiao yi	6759	true	true	false	true	2	67396	defer	Candidate passed exact ECDICT/POS, local pinyin, and IPA checks, but the upstream list has no earlier data provenance and this pair was not selected for the reviewed finance tranche. Keep it out of runtime data.
受益人	beneficiary	n.	1299	beneficiary 受益人，受款人，受赔人	shou yi ren	160	true	true	true	true	0	77252	reject	This exact Chinese-English pair already exists in the compiled vocabulary; do not add a duplicate or alter its order.
遗产	bequest	n.	1311	bequest 遗产，遗赠	yi chan	3709	true	true	true	true	2	78399	reject	This exact Chinese-English pair already exists in the compiled vocabulary; do not add a duplicate or alter its order.
遗赠	bequest	n.	1311	bequest 遗产，遗赠	yi zeng	71	true	true	false	true	0	78399	accept	The source pairs bequest with 遗赠; ECDICT confirms the exact noun gloss. This is an estate and property-transfer term.
出价	bid	n.	1324	bid 出价，买价，投标	chu jia	219	true	true	true	true	1	81019	reject	This exact Chinese-English pair already exists in the compiled vocabulary; do not add a duplicate or alter its order.
投标	bid	v.	1324	bid 出价，买价，投标	tou biao	303	true	true	true	true	1	81019	reject	This exact Chinese-English pair already exists in the compiled vocabulary; do not add a duplicate or alter its order.
票据	bill	n.	1344	bill 票据，汇票，国库券，提货单，领料单，帐单	piao ju	144	true	true	true	true	0	82168	reject	This exact Chinese-English pair already exists in the compiled vocabulary; do not add a duplicate or alter its order.
债券	bond	n.	1438	bond 债券，保证书，保证金，保税，忠诚保证	zhai quan	529	true	true	true	true	0	91612	reject	This exact Chinese-English pair already exists in the compiled vocabulary; do not add a duplicate or alter its order.
奖金	bonus	n.	1481	bonus 奖金，红利	jiang jin	4195	true	true	true	true	0	92085	reject	This exact Chinese-English pair already exists in the compiled vocabulary; do not add a duplicate or alter its order.
红利	bonus	n.	1481	bonus 奖金，红利	hong li	67	true	true	true	true	0	92085	reject	This exact Chinese-English pair already exists in the compiled vocabulary; do not add a duplicate or alter its order.
繁荣	boom	n.	1522	boom 繁荣，景气	fan rong	1206	true	true	false	true	0	92561	defer	Candidate passed exact ECDICT/POS, local pinyin, and IPA checks, but the upstream list has no earlier data provenance and this pair was not selected for the reviewed finance tranche. Keep it out of runtime data.
受贿	bribery	n.	1571	bribery 行贿，受贿	shou hui	1051	true	true	false	true	0	98014	defer	Candidate passed exact ECDICT/POS, local pinyin, and IPA checks, but the upstream list has no earlier data provenance and this pair was not selected for the reviewed finance tranche. Keep it out of runtime data.
行贿	bribery	n.	1571	bribery 行贿，受贿	xing hui	233	true	true	false	true	0	98014	defer	Candidate passed exact ECDICT/POS, local pinyin, and IPA checks, but the upstream list has no earlier data provenance and this pair was not selected for the reviewed finance tranche. Keep it out of runtime data.
经纪人	broker	n.	1583	Broker 经纪人	jing ji ren	2134	true	true	true	true	1	99563	reject	This exact Chinese-English pair already exists in the compiled vocabulary; do not add a duplicate or alter its order.
预算	budget	n.	1596	Budget 预算	yu suan	3536	true	true	true	true	0	101913	reject	This exact Chinese-English pair already exists in the compiled vocabulary; do not add a duplicate or alter its order.
负担	burden	n.	1667	Burden 间接费用,负担，负担责任	fu dan	2955	true	true	true	true	0	103804	reject	This exact Chinese-English pair already exists in the compiled vocabulary; do not add a duplicate or alter its order.
商业	business	n.	1675	Business 商业，工商业,企业，经营，营业	shang ye	12330	true	true	false	true	1	104955	defer	Candidate passed exact ECDICT/POS, local pinyin, and IPA checks, but the upstream list has no earlier data provenance and this pair was not selected for the reviewed finance tranche. Keep it out of runtime data.
买主	buyer	n.	1710	Buyer 买主，进货员，采购主任	mai zhu	66	true	true	true	true	0	106120	reject	This exact Chinese-English pair already exists in the compiled vocabulary; do not add a duplicate or alter its order.
计算	calculation	n.	1730	calculation 计算	ji suan	7944	true	true	false	true	5	109023	defer	Candidate passed exact ECDICT/POS, local pinyin, and IPA checks, but the upstream list has no earlier data provenance and this pair was not selected for the reviewed finance tranche. Keep it out of runtime data.
计算器	calculator	n.	1731	calculator计算器	ji suan qi	126	true	true	true	true	0	109040	reject	This exact Chinese-English pair already exists in the compiled vocabulary; do not add a duplicate or alter its order.
资本	capital	n.	1763	capital 资本，资本性资产	zi ben	2188	true	true	true	true	0	112770	reject	This exact Chinese-English pair already exists in the compiled vocabulary; do not add a duplicate or alter its order.
运输	carriage	n.	1874	carriage 运输，运费	yun shu	11167	true	true	false	true	1	116685	defer	Candidate passed exact ECDICT/POS, local pinyin, and IPA checks, but the upstream list has no earlier data provenance and this pair was not selected for the reviewed finance tranche. Keep it out of runtime data.
卡特尔	cartel	n.	1888	cartel 卡特尔	ka te er	95	true	true	true	true	0	117127	reject	This exact Chinese-English pair already exists in the compiled vocabulary; do not add a duplicate or alter its order.
兑现	cash	v.	1891	cash 现金，兑现	dui xian	647	true	true	true	true	0	117904	reject	This exact Chinese-English pair already exists in the compiled vocabulary; do not add a duplicate or alter its order.
现金	cash	n.	1891	cash 现金，兑现	xian jin	2700	true	true	true	true	1	117904	reject	This exact Chinese-English pair already exists in the compiled vocabulary; do not add a duplicate or alter its order.
证书	certificate	n.	2025	certificate 执照，证书	zheng shu	2671	false	true	true	true	0	124531	reject	This exact Chinese-English pair already exists in the compiled vocabulary; do not add a duplicate or alter its order.
字符	character	n.	2087	character字符，特性，性质	zi fu	1289	true	true	true	true	0	126877	reject	This exact Chinese-English pair already exists in the compiled vocabulary; do not add a duplicate or alter its order.
性质	character	n.	2087	character字符，特性，性质	xing zhi	5218	true	true	false	true	0	126877	defer	Candidate passed exact ECDICT/POS, local pinyin, and IPA checks, but the upstream list has no earlier data provenance and this pair was not selected for the reviewed finance tranche. Keep it out of runtime data.
费用	charge	n.	2090	charge费用，借记，赊账，置留权	fei yong	5670	false	true	true	true	5	127179	reject	This exact Chinese-English pair already exists in the compiled vocabulary; do not add a duplicate or alter its order.
图表	chart	n.	2109	chart图，图表	tu biao	329	true	true	true	true	0	127720	reject	This exact Chinese-English pair already exists in the compiled vocabulary; do not add a duplicate or alter its order.
执照	charter	n.	2110	charter 许可证，执照	zhi zhao	1043	true	true	false	true	2	127764	defer	Candidate passed exact ECDICT/POS, local pinyin, and IPA checks, but the upstream list has no earlier data provenance and this pair was not selected for the reviewed finance tranche. Keep it out of runtime data.
动产	chattel	n.	2120	chattel动产	dong chan	38	true	true	true	true	2	127990	reject	This exact Chinese-English pair already exists in the compiled vocabulary; do not add a duplicate or alter its order.
支票	check	n.	2124	check支票，检查，核对	zhi piao	161	true	true	true	true	2	128260	reject	This exact Chinese-English pair already exists in the compiled vocabulary; do not add a duplicate or alter its order.
核对	check	v.	2124	check支票，检查，核对	he dui	191	true	true	true	true	0	128260	reject	This exact Chinese-English pair already exists in the compiled vocabulary; do not add a duplicate or alter its order.
检查	check	n.	2124	check支票，检查，核对	jian cha	10063	true	true	true	true	3	128260	reject	This exact Chinese-English pair already exists in the compiled vocabulary; do not add a duplicate or alter its order.
检查	check	v.	2124	check支票，检查，核对	jian cha	10063	true	true	true	true	3	128260	reject	This exact Chinese-English pair already exists in the compiled vocabulary; do not add a duplicate or alter its order.
支票	cheque	n.	2144	cheque支票	zhi piao	161	true	true	true	true	2	129616	reject	This exact Chinese-English pair already exists in the compiled vocabulary; do not add a duplicate or alter its order.
条款	clause	n.	2187	clause条款	tiao kuan	2327	true	true	true	true	2	139210	reject	This exact Chinese-English pair already exists in the compiled vocabulary; do not add a duplicate or alter its order.
办事员	clerk	n.	2224	clerk 办事员，职员	ban shi yuan	97	true	true	true	true	0	140160	reject	This exact Chinese-English pair already exists in the compiled vocabulary; do not add a duplicate or alter its order.
职员	clerk	n.	2224	clerk 办事员，职员	zhi yuan	4197	true	true	false	true	0	140160	defer	Candidate passed exact ECDICT/POS, local pinyin, and IPA checks, but the upstream list has no earlier data provenance and this pair was not selected for the reviewed finance tranche. Keep it out of runtime data.
委托人	client	n.	2225	client客户，委托人	wei tuo ren	177	true	true	true	true	0	140312	reject	This exact Chinese-English pair already exists in the compiled vocabulary; do not add a duplicate or alter its order.
客户	client	n.	2225	client客户，委托人	ke hu	5549	true	true	true	true	2	140312	reject	This exact Chinese-English pair already exists in the compiled vocabulary; do not add a duplicate or alter its order.
代码	code	n.	2247	code 代码，代号；法规，守则；	dai ma	11318	true	true	true	true	0	144252	reject	This exact Chinese-English pair already exists in the compiled vocabulary; do not add a duplicate or alter its order.
法规	code	n.	2247	code 代码，代号；法规，守则；	fa gui	2124	true	true	false	true	2	144252	defer	Candidate passed exact ECDICT/POS, local pinyin, and IPA checks, but the upstream list has no earlier data provenance and this pair was not selected for the reviewed finance tranche. Keep it out of runtime data.
系数	coefficient	n.	2251	coefficient系数	xi shu	1367	true	true	true	true	0	144607	reject	This exact Chinese-English pair already exists in the compiled vocabulary; do not add a duplicate or alter its order.
硬币	coin	n.	2256	coin 硬币	ying bi	2075	true	true	true	true	0	145504	reject	This exact Chinese-English pair already exists in the compiled vocabulary; do not add a duplicate or alter its order.
合并	combination	n.	2294	combination 联合，合并	he bing	16459	true	true	false	true	6	148558	defer	Candidate passed exact ECDICT/POS, local pinyin, and IPA checks, but the upstream list has no earlier data provenance and this pair was not selected for the reviewed finance tranche. Keep it out of runtime data.
联合	combination	n.	2294	combination 联合，合并	lian he	27897	true	true	false	true	4	148558	defer	Candidate passed exact ECDICT/POS, local pinyin, and IPA checks, but the upstream list has no earlier data provenance and this pair was not selected for the reviewed finance tranche. Keep it out of runtime data.
佣金	commission	n.	2318	commission佣金，手续费	yong jin	113	true	true	true	true	0	149980	reject	This exact Chinese-English pair already exists in the compiled vocabulary; do not add a duplicate or alter its order.
委员会	committee	n.	2325	committee委员会	wei yuan hui	64476	false	true	true	true	0	150176	reject	This exact Chinese-English pair already exists in the compiled vocabulary; do not add a duplicate or alter its order.
商品	commodity	n.	2328	commodity商品，货物	shang pin	3352	true	true	true	true	4	150235	reject	This exact Chinese-English pair already exists in the compiled vocabulary; do not add a duplicate or alter its order.
共有	community	n.	2355	community社区，共有，共享	gong you	29927	true	true	false	true	0	151008	defer	Candidate passed exact ECDICT/POS, local pinyin, and IPA checks, but the upstream list has no earlier data provenance and this pair was not selected for the reviewed finance tranche. Keep it out of runtime data.
社区	community	n.	2355	community社区，共有，共享	she qu	15000	true	true	true	true	0	151008	reject	This exact Chinese-English pair already exists in the compiled vocabulary; do not add a duplicate or alter its order.
公司	company	n.	2362	company公司	gong si	96719	true	true	true	true	3	151245	reject	This exact Chinese-English pair already exists in the compiled vocabulary; do not add a duplicate or alter its order.
补偿	compensation	n.	2393	compensation 报酬，酬金；补偿，赔偿	bu chang	2785	true	true	true	true	4	151642	reject	This exact Chinese-English pair already exists in the compiled vocabulary; do not add a duplicate or alter its order.
竞争	competition	n.	2403	competition竞争	jing zheng	6249	true	true	false	true	2	151768	defer	Candidate passed exact ECDICT/POS, local pinyin, and IPA checks, but the upstream list has no earlier data provenance and this pair was not selected for the reviewed finance tranche. Keep it out of runtime data.
和解	compromise	n.	2451	compromise和解，妥协	he jie	1513	true	true	false	true	1	153365	defer	Candidate passed exact ECDICT/POS, local pinyin, and IPA checks, but the upstream list has no earlier data provenance and this pair was not selected for the reviewed finance tranche. Keep it out of runtime data.
妥协	compromise	n.	2451	compromise和解，妥协	tuo xie	1700	true	true	true	true	1	153365	reject	This exact Chinese-English pair already exists in the compiled vocabulary; do not add a duplicate or alter its order.
电子计算机	computer	n.	2463	computer电脑，电子计算机	dian zi ji suan ji	103	true	true	true	true	0	153562	reject	This exact Chinese-English pair already exists in the compiled vocabulary; do not add a duplicate or alter its order.
电脑	computer	n.	2463	computer电脑，电子计算机	dian nao	24617	true	true	true	true	0	153562	reject	This exact Chinese-English pair already exists in the compiled vocabulary; do not add a duplicate or alter its order.
概念	concept	n.	2490	concept概念	gai nian	10821	true	true	true	true	2	154251	reject	This exact Chinese-English pair already exists in the compiled vocabulary; do not add a duplicate or alter its order.
特许	concession	n.	2500	concession特许，特许权;折让，优惠	te xu	878	true	true	false	true	2	154387	accept	The source pairs concession with 特许; ECDICT confirms the exact noun gloss used for commercial concessions.
条件	condition	n.	2510	condition条件，状况	tiao jian	14637	true	true	true	true	2	155040	reject	This exact Chinese-English pair already exists in the compiled vocabulary; do not add a duplicate or alter its order.
确认	confirmation	n.	2528	confirmation确认，询证	que ren	10646	true	true	true	true	5	155912	reject	This exact Chinese-English pair already exists in the compiled vocabulary; do not add a duplicate or alter its order.
充公	confiscation	n.	2534	confiscation 没收，充公	chong gong	176	true	true	false	false	0	155960	defer	Candidate passed exact ECDICT/POS, local pinyin, and IPA checks, but the upstream list has no earlier data provenance and this pair was not selected for the reviewed finance tranche. Keep it out of runtime data.
没收	confiscation	n.	2534	confiscation 没收，充公	mo shou	2303	true	true	false	false	4	155960	accept	The source pairs confiscation with 没收; ECDICT confirms the exact noun gloss in a legal/financial enforcement sense.
一致性	consistency	n.	2560	consistency一致性	yi zhi xing	274	true	true	true	true	0	157544	reject	This exact Chinese-English pair already exists in the compiled vocabulary; do not add a duplicate or alter its order.
顾问	consultant	n.	2603	consultant顾问，咨询师	gu wen	7776	true	true	true	true	2	158443	reject	This exact Chinese-English pair already exists in the compiled vocabulary; do not add a duplicate or alter its order.
消费	consumption	n.	2617	consumption耗用，消费	xiao fei	7121	true	true	false	true	0	158578	defer	Candidate passed exact ECDICT/POS, local pinyin, and IPA checks, but the upstream list has no earlier data provenance and this pair was not selected for the reviewed finance tranche. Keep it out of runtime data.
承包商	contractor	n.	2682	contractor订约人，承包商	cheng bao shang	456	true	true	true	true	0	160020	reject	This exact Chinese-English pair already exists in the compiled vocabulary; do not add a duplicate or alter its order.
控制	control	n.	2709	control控制，管制	kong zhi	30760	true	true	true	true	4	160349	reject	This exact Chinese-English pair already exists in the compiled vocabulary; do not add a duplicate or alter its order.
控制	control	v.	2709	control控制，管制	kong zhi	30760	true	true	true	true	4	160349	reject	This exact Chinese-English pair already exists in the compiled vocabulary; do not add a duplicate or alter its order.
副本	copy	n.	2765	copy副本，副联	fu ben	826	true	true	true	true	0	162701	reject	This exact Chinese-English pair already exists in the compiled vocabulary; do not add a duplicate or alter its order.
版权	copyright	n.	2766	copyright版权	ban quan	3404	true	true	true	true	0	162816	reject	This exact Chinese-English pair already exists in the compiled vocabulary; do not add a duplicate or alter its order.
信用	credit	n.	2866	credit贷方，贷记，信用，信贷；减免，抵免	xin yong	845	true	true	true	true	0	170017	reject	This exact Chinese-English pair already exists in the compiled vocabulary; do not add a duplicate or alter its order.
债权人	creditor	n.	2896	creditor债权人	zhai quan ren	159	true	true	true	true	0	170183	reject	This exact Chinese-English pair already exists in the compiled vocabulary; do not add a duplicate or alter its order.
标准	criterion	n.	2929	criterion标准	biao zhun	22590	true	true	true	true	3	171410	reject	This exact Chinese-English pair already exists in the compiled vocabulary; do not add a duplicate or alter its order.
货币	currency	n.	2952	currency通货，货币	huo bi	2599	true	true	true	true	1	176302	reject	This exact Chinese-English pair already exists in the compiled vocabulary; do not add a duplicate or alter its order.
通货	currency	n.	2952	currency通货，货币	tong huo	56	true	true	true	true	0	176302	reject	This exact Chinese-English pair already exists in the compiled vocabulary; do not add a duplicate or alter its order.
关税	customs	n.	3034	customs海关，关税，惯例，贸易惯例	guan shui	1076	true	true	false	true	0	177235	accept	The source pairs customs with 关税; ECDICT confirms the exact noun gloss in a trade/tax context.
海关	customs	n.	3034	customs海关，关税，惯例，贸易惯例	hai guan	2786	true	true	true	true	1	177235	reject	This exact Chinese-English pair already exists in the compiled vocabulary; do not add a duplicate or alter its order.
买卖	deal	n.	3138,3371	deal交易，买卖	mai mai	1545	true	true	false	true	0	184404	accept	The source pairs deal with 买卖; ECDICT confirms the exact noun gloss. This is a commercial transaction sense.
交易	deal	n.	3138,3371	deal交易，买卖	jiao yi	6759	true	true	true	true	2	184404	reject	This exact Chinese-English pair already exists in the compiled vocabulary; do not add a duplicate or alter its order.
经销商	dealer	n.	3139,3372	dealer经销商	jing xiao shang	333	true	true	true	true	0	184432	reject	This exact Chinese-English pair already exists in the compiled vocabulary; do not add a duplicate or alter its order.
借方	debit	n.	3151,3384	debit借方，借记	jie fang	4	true	true	true	true	0	184830	reject	This exact Chinese-English pair already exists in the compiled vocabulary; do not add a duplicate or alter its order.
债务	debt	n.	3161,3394	debt债务	zhai wu	2012	true	true	true	true	1	184949	reject	This exact Chinese-English pair already exists in the compiled vocabulary; do not add a duplicate or alter its order.
债务人	debtor	n.	3184,3417	debtor债务人	zhai wu ren	100	true	true	true	true	0	185013	reject	This exact Chinese-English pair already exists in the compiled vocabulary; do not add a duplicate or alter its order.
宣告	declaration	n.	3233,3466	declaration 宣告，公告；申报	xuan gao	2212	true	true	false	true	0	186024	defer	Candidate passed exact ECDICT/POS, local pinyin, and IPA checks, but the upstream list has no earlier data provenance and this pair was not selected for the reviewed finance tranche. Keep it out of runtime data.
契约	deed	n.	3263,3496	deed契约，契据	qi yue	1522	true	true	true	true	3	186885	reject	This exact Chinese-English pair already exists in the compiled vocabulary; do not add a duplicate or alter its order.
拖欠	default	v.	3280,3513	default违约，拖欠	tuo qian	245	true	true	false	true	0	187256	defer	Candidate passed exact ECDICT/POS, local pinyin, and IPA checks, but the upstream list has no earlier data provenance and this pair was not selected for the reviewed finance tranche. Keep it out of runtime data.
违约	default	n.	3280,3513	default违约，拖欠	wei yue	190	true	true	true	true	1	187256	reject	This exact Chinese-English pair already exists in the compiled vocabulary; do not add a duplicate or alter its order.
废止	defeasance	n.	3284,3517	defeasance废止，废除	fei zhi	2557	false	true	false	false	1	187341	accept	The source pairs defeasance with 废止; ECDICT confirms the exact noun gloss. Retained as a specialized contract/legal term.
延期	deferral	n.	3299,3532	deferral延期，递延	yan qi	1959	true	true	true	true	2	187607	reject	This exact Chinese-English pair already exists in the compiled vocabulary; do not add a duplicate or alter its order.
赤字	deficit	n.	3555	deficit亏损，亏绌，赤字	chi zi	287	true	true	true	true	0	187760	reject	This exact Chinese-English pair already exists in the compiled vocabulary; do not add a duplicate or alter its order.
通货紧缩	deflation	n.	3567	deflation通货紧缩	tong huo jin suo	24	true	true	true	true	0	187921	reject	This exact Chinese-English pair already exists in the compiled vocabulary; do not add a duplicate or alter its order.
交货	delivery	n.	3592	delivery交货，交割	jiao huo	231	true	true	false	true	0	189399	defer	Candidate passed exact ECDICT/POS, local pinyin, and IPA checks, but the upstream list has no earlier data provenance and this pair was not selected for the reviewed finance tranche. Keep it out of runtime data.
需求	demand	n.	3602	demand 需求，请求兑现，即期	xu qiu	6619	true	true	true	true	1	189807	reject	This exact Chinese-English pair already exists in the compiled vocabulary; do not add a duplicate or alter its order.
部门	department	n.	3621	department部门，分部	bu men	15144	true	true	true	true	0	191663	reject	This exact Chinese-English pair already exists in the compiled vocabulary; do not add a duplicate or alter its order.
存款	deposit	n.	3646	deposit存款，定金，保证金	cun kuan	489	true	true	true	true	0	192093	reject	This exact Chinese-English pair already exists in the compiled vocabulary; do not add a duplicate or alter its order.
定金	deposit	n.	3646	deposit存款，定金，保证金	ding jin	26	true	true	true	true	0	192093	reject	This exact Chinese-English pair already exists in the compiled vocabulary; do not add a duplicate or alter its order.
折旧	depreciation	n.	3665	depreciation折旧，贬值	zhe jiu	27	true	true	true	true	0	192242	reject	This exact Chinese-English pair already exists in the compiled vocabulary; do not add a duplicate or alter its order.
贬值	devaluation	n.	3720	devaluation贬值	bian zhi	201	true	true	false	false	0	195370	accept	The source pairs devaluation with 贬值; ECDICT confirms the exact noun gloss used in currency and asset valuation.
发展	development	n.	3723	development发展，开发	fa zhan	42902	true	true	true	true	2	195467	reject	This exact Chinese-English pair already exists in the compiled vocabulary; do not add a duplicate or alter its order.
差异	difference	n.	3732	difference差额，差异	cha yi	5042	true	true	true	true	0	199162	reject	This exact Chinese-English pair already exists in the compiled vocabulary; do not add a duplicate or alter its order.
董事	director	n.	3797	director董事；主任	dong shi	3101	true	true	true	true	0	203332	reject	This exact Chinese-English pair already exists in the compiled vocabulary; do not add a duplicate or alter its order.
支付	disbursement	n.	3819	disbursement支付	zhi fu	4428	true	true	false	false	0	203878	accept	The source pairs disbursement with 支付; ECDICT confirms the exact noun gloss. This is a finance and accounting payment term.
解雇	discharge	v.	3822	discharge清偿，解除债务；解雇	jie gu	1127	false	true	true	true	3	203994	reject	This exact Chinese-English pair already exists in the compiled vocabulary; do not add a duplicate or alter its order.
折扣	discount	n.	3835	discount贴现，贴现息；折扣，折价；折现	zhe kou	445	false	true	true	true	0	204472	reject	This exact Chinese-English pair already exists in the compiled vocabulary; do not add a duplicate or alter its order.
贴现	discount	v.	3835	discount贴现，贴现息；折扣，折价；折现	tie xian	34	false	true	true	true	0	204472	reject	This exact Chinese-English pair already exists in the compiled vocabulary; do not add a duplicate or alter its order.
磁盘	disk	n.	3880	disk磁盘	ci pan	249	true	true	true	true	1	205424	reject	This exact Chinese-English pair already exists in the compiled vocabulary; do not add a duplicate or alter its order.
解散	dissolution	n.	3899	dissolution解散；解除	jie san	6345	true	true	false	true	1	206751	defer	Candidate passed exact ECDICT/POS, local pinyin, and IPA checks, but the upstream list has no earlier data provenance and this pair was not selected for the reviewed finance tranche. Keep it out of runtime data.
歪曲	distort	v.	3902	distort歪曲，失实	wai qu	380	true	true	true	true	4	207165	reject	This exact Chinese-English pair already exists in the compiled vocabulary; do not add a duplicate or alter its order.
分配	distribution	n.	3914	distribution分配；销售	fen pei	6297	true	true	false	true	8	207411	reject	The Chinese key has reached the reviewed expansion limit.
股利	dividend	n.	3936	dividend股息，股利	gu li	31	true	true	true	true	0	208152	reject	This exact Chinese-English pair already exists in the compiled vocabulary; do not add a duplicate or alter its order.
文件	document	n.	3970	document单据，凭证；文件	wen jian	7387	false	true	false	true	0	209321	defer	Candidate passed exact ECDICT/POS, local pinyin, and IPA checks, but the upstream list has no earlier data provenance and this pair was not selected for the reviewed finance tranche. Keep it out of runtime data.
汇票	draft	n.	4041	draft银行汇票；汇票；草案	hui piao	30	true	true	true	true	1	213307	reject	This exact Chinese-English pair already exists in the compiled vocabulary; do not add a duplicate or alter its order.
草案	draft	n.	4041	draft银行汇票；汇票；草案	cao an	3278	true	true	true	true	0	213307	reject	This exact Chinese-English pair already exists in the compiled vocabulary; do not add a duplicate or alter its order.
倾销	dumping	n.	4075	dumping倾销	qing xiao	30	true	true	false	false	0	217228	accept	The source pairs dumping with 倾销; ECDICT confirms the exact noun gloss in international trade.
副本	duplicate	n.	4077	duplicate副本，抄件	fu ben	826	false	true	false	true	0	217679	defer	Candidate passed exact ECDICT/POS, local pinyin, and IPA checks, but the upstream list has no earlier data provenance and this pair was not selected for the reviewed finance tranche. Keep it out of runtime data.
关税	duty	n.	4085	duty关税；税收	guan shui	1076	true	true	true	true	0	218329	reject	This exact Chinese-English pair already exists in the compiled vocabulary; do not add a duplicate or alter its order.
经济学	economics	n.	4176	economics经济学	jing ji xue	5132	true	true	true	true	0	221719	reject	This exact Chinese-English pair already exists in the compiled vocabulary; do not add a duplicate or alter its order.
节约	economize	v.	4180	economize节俭，节约	jie yue	1513	false	true	true	true	3	221736	reject	This exact Chinese-English pair already exists in the compiled vocabulary; do not add a duplicate or alter its order.
经济	economy	n.	4181	economy经济	jing ji	29957	true	true	true	true	1	221745	reject	This exact Chinese-English pair already exists in the compiled vocabulary; do not add a duplicate or alter its order.
效率	efficiency	n.	4203	efficiency效率	xiao lv	3811	true	true	true	true	0	223409	reject	This exact Chinese-English pair already exists in the compiled vocabulary; do not add a duplicate or alter its order.
弹性	elasticity	n.	4218	elasticity弹性	tan xing	879	true	true	true	true	1	224752	reject	This exact Chinese-English pair already exists in the compiled vocabulary; do not add a duplicate or alter its order.
盗用	embezzlement	n.	4261	embezzlement侵吞，盗用	dao yong	151	true	true	false	true	1	228433	accept	The source pairs embezzlement with 盗用; ECDICT confirms the exact noun gloss for financial misconduct.
背书	endorsement	n.	4296	endorsement背书	bei shu	1327	true	true	true	true	1	231571	reject	This exact Chinese-English pair already exists in the compiled vocabulary; do not add a duplicate or alter its order.
企业	enterprise	n.	4317	enterprise企业	qi ye	16323	true	true	true	true	0	233492	reject	This exact Chinese-English pair already exists in the compiled vocabulary; do not add a duplicate or alter its order.
企业家	entrepreneur	n.	4333	entrepreneur企业家	qi ye jia	2555	true	true	true	true	1	233956	reject	This exact Chinese-English pair already exists in the compiled vocabulary; do not add a duplicate or alter its order.
委托	entrust	v.	4335	entrust委托，信任	wei tuo	4259	true	true	true	true	2	234001	reject	This exact Chinese-English pair already exists in the compiled vocabulary; do not add a duplicate or alter its order.
均衡	equilibrium	n.	4351	equilibrium平衡，均衡	jun heng	415	true	true	false	true	0	236486	defer	Candidate passed exact ECDICT/POS, local pinyin, and IPA checks, but the upstream list has no earlier data provenance and this pair was not selected for the reviewed finance tranche. Keep it out of runtime data.
平衡	equilibrium	n.	4351	equilibrium平衡，均衡	ping heng	6136	true	true	true	true	3	236486	reject	This exact Chinese-English pair already exists in the compiled vocabulary; do not add a duplicate or alter its order.
设备	equipment	n.	4354	equipment设备	she bei	12592	true	true	true	true	2	236615	reject	This exact Chinese-English pair already exists in the compiled vocabulary; do not add a duplicate or alter its order.
误差	error	n.	4393	error误差，差错	wu cha	982	true	true	true	true	0	237872	reject	This exact Chinese-English pair already exists in the compiled vocabulary; do not add a duplicate or alter its order.
财产	estate	n.	4409	estate财产，房地产；遗产	cai chan	3174	true	true	false	true	2	239388	defer	Candidate passed exact ECDICT/POS, local pinyin, and IPA checks, but the upstream list has no earlier data provenance and this pair was not selected for the reviewed finance tranche. Keep it out of runtime data.
证据	evidence	n.	4455	evidence证据	zheng ju	8111	true	true	true	true	0	243087	reject	This exact Chinese-English pair already exists in the compiled vocabulary; do not add a duplicate or alter its order.
审查	examination	n.	4460	examination审查，检查；职称考试	shen cha	5063	true	true	false	true	1	243623	defer	Candidate passed exact ECDICT/POS, local pinyin, and IPA checks, but the upstream list has no earlier data provenance and this pair was not selected for the reviewed finance tranche. Keep it out of runtime data.
超额	excess	n.	4469	excess超额，超出额	chao e	234	false	true	true	true	0	243917	reject	This exact Chinese-English pair already exists in the compiled vocabulary; do not add a duplicate or alter its order.
交易	exchange	v.	4484	exchange交易，兑换，汇兑，交易所	jiao yi	6759	true	true	false	true	2	244026	defer	Candidate passed exact ECDICT/POS, local pinyin, and IPA checks, but the upstream list has no earlier data provenance and this pair was not selected for the reviewed finance tranche. Keep it out of runtime data.
交易所	exchange	n.	4484	exchange交易，兑换，汇兑，交易所	jiao yi suo	920	true	true	true	true	0	244026	reject	This exact Chinese-English pair already exists in the compiled vocabulary; do not add a duplicate or alter its order.
兑换	exchange	v.	4484	exchange交易，兑换，汇兑，交易所	dui huan	1250	true	true	true	true	2	244026	reject	This exact Chinese-English pair already exists in the compiled vocabulary; do not add a duplicate or alter its order.
汇兑	exchange	n.	4484	exchange交易，兑换，汇兑，交易所	hui dui	44	true	true	false	true	0	244026	defer	Candidate passed exact ECDICT/POS, local pinyin, and IPA checks, but the upstream list has no earlier data provenance and this pair was not selected for the reviewed finance tranche. Keep it out of runtime data.
国库	exchequer	n.	4504	exchequer国库，财政部	guo ku	407	true	true	false	false	0	244186	accept	The source pairs exchequer with 国库; ECDICT confirms the exact noun gloss. Marked as a government-finance term.
执行	execution	n.	4519	execution执行，强制执行	zhi xing	16946	true	true	true	true	3	244701	reject	This exact Chinese-English pair already exists in the compiled vocabulary; do not add a duplicate or alter its order.
免税	exemption	n.	4532	exemption免税，免税额，免除债务	mian shui	262	true	true	false	true	0	244932	accept	The source pairs exemption with 免税; ECDICT confirms the exact noun gloss in a tax context.
费用	expense	n.	4575	expense费用	fei yong	5670	true	true	true	true	5	246092	reject	This exact Chinese-English pair already exists in the compiled vocabulary; do not add a duplicate or alter its order.
征用	expropriation	n.	4623	expropriation征用	zheng yong	556	true	true	false	false	0	247008	accept	The source pairs expropriation with 征用; ECDICT confirms the exact noun gloss for a property/legal context.
设备	facility	n.	4662	facility设备，设施；资金融通	she bei	12592	true	true	false	true	2	249786	defer	Candidate passed exact ECDICT/POS, local pinyin, and IPA checks, but the upstream list has no earlier data provenance and this pair was not selected for the reviewed finance tranche. Keep it out of runtime data.
传真	facsimile	n.	4664	facsimile 传真	chuan zhen	235	true	true	true	true	1	249837	reject	This exact Chinese-English pair already exists in the compiled vocabulary; do not add a duplicate or alter its order.
传真	facsimile	v.	4664	facsimile 传真	chuan zhen	235	true	true	true	true	1	249837	reject	This exact Chinese-English pair already exists in the compiled vocabulary; do not add a duplicate or alter its order.
因素	factor	n.	4666	factor销售代理商，应收帐款代理商,因素，要素	yin su	6277	true	true	true	true	1	249925	reject	This exact Chinese-English pair already exists in the compiled vocabulary; do not add a duplicate or alter its order.
工厂	factory	n.	4676	factory工厂，制造厂；制造	gong chang	7772	true	true	true	true	1	250016	reject	This exact Chinese-English pair already exists in the compiled vocabulary; do not add a duplicate or alter its order.
反馈	feedback	n.	4744	feedback 反馈	fan kui	2507	true	true	true	true	0	255685	reject	This exact Chinese-English pair already exists in the compiled vocabulary; do not add a duplicate or alter its order.
文件	file	n.	4773	file文件，文档	wen jian	7387	false	true	true	true	0	259752	reject	This exact Chinese-English pair already exists in the compiled vocabulary; do not add a duplicate or alter its order.
财务	finance	n.	4792	finance筹措资金，融通资金；财政，财务；金融	cai wu	2288	true	true	true	true	0	260780	reject	This exact Chinese-English pair already exists in the compiled vocabulary; do not add a duplicate or alter its order.
财政	finance	n.	4792	finance筹措资金，融通资金；财政，财务；金融	cai zheng	6928	true	true	true	true	1	260780	reject	This exact Chinese-English pair already exists in the compiled vocabulary; do not add a duplicate or alter its order.
罚款	fine	n.	4905	fine罚金，罚款	fa kuan	2185	false	true	true	true	0	261126	reject	This exact Chinese-English pair already exists in the compiled vocabulary; do not add a duplicate or alter its order.
罚款	fine	v.	4905	fine罚金，罚款	fa kuan	2185	false	true	true	true	0	261126	reject	This exact Chinese-English pair already exists in the compiled vocabulary; do not add a duplicate or alter its order.
罚金	fine	n.	4905	fine罚金，罚款	fa jin	401	false	true	true	true	0	261126	reject	This exact Chinese-English pair already exists in the compiled vocabulary; do not add a duplicate or alter its order.
商号	firm	n.	4911	firm商号，事务所;约定的，确定的	shang hao	199	true	true	false	true	0	262173	defer	Candidate passed exact ECDICT/POS, local pinyin, and IPA checks, but the upstream list has no earlier data provenance and this pair was not selected for the reviewed finance tranche. Keep it out of runtime data.
发行	float	v.	4998	float浮存；浮动；发行	fa xing	36199	true	true	false	true	2	265886	accept	The source pairs float with 发行; ECDICT confirms the exact verb gloss. Retained for issuing securities or shares.
浮动	float	v.	4998	float浮存；浮动；发行	fu dong	307	true	true	true	true	0	265886	reject	This exact Chinese-English pair already exists in the compiled vocabulary; do not add a duplicate or alter its order.
底价	floor	n.	5013	floor股票交易所交易厅；底价	di jia	55	true	true	false	true	0	266351	accept	The source pairs floor with 底价; ECDICT confirms the exact noun gloss used for a minimum price/price floor.
预测	forecast	n.	5042	forecast预测	yu ce	4126	true	true	true	true	1	270567	reject	This exact Chinese-English pair already exists in the compiled vocabulary; do not add a duplicate or alter its order.
预测	forecast	v.	5042	forecast预测	yu ce	4126	true	true	true	true	1	270567	reject	This exact Chinese-English pair already exists in the compiled vocabulary; do not add a duplicate or alter its order.
获利	gain	v.	5105	gain获利，收益	huo li	488	true	true	true	true	1	281250	reject	This exact Chinese-English pair already exists in the compiled vocabulary; do not add a duplicate or alter its order.
供过于求	glut	n.	5220	glut产品充斥，供过于求	gong guo yu qiu	12	true	true	false	true	0	297099	accept	The source pairs glut with 供过于求; ECDICT confirms the exact noun gloss. This is a market-supply term.
货物	goods	n.	5253	goods商品，货物	huo wu	5476	true	true	true	true	1	300311	reject	This exact Chinese-English pair already exists in the compiled vocabulary; do not add a duplicate or alter its order.
图表	graph	n.	5296	graph图表	tu biao	329	true	true	true	true	0	302641	reject	This exact Chinese-English pair already exists in the compiled vocabulary; do not add a duplicate or alter its order.
担保	guaranty	v.	5355	guaranty担保，保证书	dan bao	455	true	true	false	false	4	306912	defer	Candidate passed exact ECDICT/POS, local pinyin, and IPA checks, but the upstream list has no earlier data provenance and this pair was not selected for the reviewed finance tranche. Keep it out of runtime data.
进口	import	n.	5407	import进口	jin kou	3329	false	true	true	true	1	345209	reject	This exact Chinese-English pair already exists in the compiled vocabulary; do not add a duplicate or alter its order.
进口	import	v.	5407	import进口	jin kou	3329	false	true	true	true	1	345209	reject	This exact Chinese-English pair already exists in the compiled vocabulary; do not add a duplicate or alter its order.
赔偿	indemnity	n.	5517	indemnity赔偿，赔偿金；担保	pei chang	2705	true	true	false	true	2	349803	accept	The source pairs indemnity with 赔偿; ECDICT confirms the exact noun gloss used in insurance and contracts.
契约	indenture	n.	5518	indenture契约	qi yue	1522	true	true	false	true	3	349860	accept	The source pairs indenture with 契约; ECDICT confirms the exact noun gloss. This is a contract/securities term.
指数	index	n.	5529	index指数，索引	zhi shu	2988	true	true	true	true	2	350029	reject	This exact Chinese-English pair already exists in the compiled vocabulary; do not add a duplicate or alter its order.
索引	index	n.	5529	index指数，索引	suo yin	551	true	true	true	true	0	350029	reject	This exact Chinese-English pair already exists in the compiled vocabulary; do not add a duplicate or alter its order.
工业化	industrialization	n.	5584	industrialization工业化	gong ye hua	516	false	true	true	true	1	351672	reject	This exact Chinese-English pair already exists in the compiled vocabulary; do not add a duplicate or alter its order.
通货膨胀	inflation	n.	5599	inflation通货膨胀	tong huo peng zhang	375	true	true	true	true	0	352620	reject	This exact Chinese-English pair already exists in the compiled vocabulary; do not add a duplicate or alter its order.
信息	information	n.	5609	information信息，情报	xin xi	18110	true	true	true	true	0	352809	reject	This exact Chinese-English pair already exists in the compiled vocabulary; do not add a duplicate or alter its order.
情报	information	n.	5609	information信息，情报	qing bao	7037	true	true	true	true	1	352809	reject	This exact Chinese-English pair already exists in the compiled vocabulary; do not add a duplicate or alter its order.
基础设施	infrastructure	n.	5638	infrastructure基础设施	ji chu she shi	1488	true	true	true	true	0	353126	reject	This exact Chinese-English pair already exists in the compiled vocabulary; do not add a duplicate or alter its order.
输入	input	n.	5656	input输入，投入	shu ru	10549	true	true	true	true	1	354773	reject	This exact Chinese-English pair already exists in the compiled vocabulary; do not add a duplicate or alter its order.
输入	input	v.	5656	input输入，投入	shu ru	10549	true	true	true	true	1	354773	reject	This exact Chinese-English pair already exists in the compiled vocabulary; do not add a duplicate or alter its order.
检查	inspection	n.	5680	inspection稽核，检查	jian cha	10063	true	true	false	true	3	355499	defer	Candidate passed exact ECDICT/POS, local pinyin, and IPA checks, but the upstream list has no earlier data provenance and this pair was not selected for the reviewed finance tranche. Keep it out of runtime data.
指令	instruction	n.	5703	instruction指令	zhi ling	2638	true	true	true	true	1	355972	reject	This exact Chinese-English pair already exists in the compiled vocabulary; do not add a duplicate or alter its order.
保险	insurance	n.	5708	insurance 保险	bao xian	5329	true	true	true	true	0	356417	reject	This exact Chinese-English pair already exists in the compiled vocabulary; do not add a duplicate or alter its order.
利息	interest	n.	5758	interest利息，权益，股权	li xi	338	true	true	true	true	0	357942	reject	This exact Chinese-English pair already exists in the compiled vocabulary; do not add a duplicate or alter its order.
国际化	internationalization	n.	5871	internationalization国际化	guo ji hua	325	false	true	true	true	0	359830	reject	This exact Chinese-English pair already exists in the compiled vocabulary; do not add a duplicate or alter its order.
无效	invalidity	n.	5930	invalidity无效，失效	wu xiao	3507	true	false	false	false	1	362209	defer	Candidate passed exact ECDICT/POS, local pinyin, and IPA checks, but the upstream list has no earlier data provenance and this pair was not selected for the reviewed finance tranche. Keep it out of runtime data.
投资	investment	n.	5962	investment投资	tou zi	11112	true	true	false	true	0	362682	accept	The source pairs investment with 投资; ECDICT confirms the exact noun gloss.
发行	issue	n.	6033	issue发行，发料	fa xing	36199	true	true	true	true	2	367516	reject	This exact Chinese-English pair already exists in the compiled vocabulary; do not add a duplicate or alter its order.
发行	issue	v.	6033	issue发行，发料	fa xing	36199	true	true	true	true	2	367516	reject	This exact Chinese-English pair already exists in the compiled vocabulary; do not add a duplicate or alter its order.
工作	job	n.	6052	job工作，作业	gong zuo	141368	false	true	true	true	3	371271	reject	This exact Chinese-English pair already exists in the compiled vocabulary; do not add a duplicate or alter its order.
知识	knowledge	n.	6128	knowledge知识，学识	zhi shi	9111	true	true	true	true	1	381404	reject	This exact Chinese-English pair already exists in the compiled vocabulary; do not add a duplicate or alter its order.
滞后	lag	v.	6155	lag滞后，时差	zhi hou	253	true	true	false	true	0	385529	defer	Candidate passed exact ECDICT/POS, local pinyin, and IPA checks, but the upstream list has no earlier data provenance and this pair was not selected for the reviewed finance tranche. Keep it out of runtime data.
土地	land	n.	6160	land土地，地产	tu di	12625	true	true	true	true	1	386711	reject	This exact Chinese-English pair already exists in the compiled vocabulary; do not add a duplicate or alter its order.
地产	land	n.	6160	land土地，地产	di chan	1467	true	true	false	true	0	386711	accept	The source pairs land with 地产; ECDICT confirms the exact noun gloss in a property context.
失效	lapse	n.	6175	lapse失效	shi xiao	1287	true	true	false	true	0	387927	defer	Candidate passed exact ECDICT/POS, local pinyin, and IPA checks, but the upstream list has no earlier data provenance and this pair was not selected for the reviewed finance tranche. Keep it out of runtime data.
法则	law	n.	6190	law法律，法规；法则，规律	fa ze	1163	true	true	true	true	0	390230	reject	This exact Chinese-English pair already exists in the compiled vocabulary; do not add a duplicate or alter its order.
法律	law	n.	6190	law法律，法规；法则，规律	fa lv	16049	true	true	true	true	0	390230	reject	This exact Chinese-English pair already exists in the compiled vocabulary; do not add a duplicate or alter its order.
诉讼	lawsuit	n.	6198	lawsuit诉讼	su song	2720	true	true	true	true	1	390737	reject	This exact Chinese-English pair already exists in the compiled vocabulary; do not add a duplicate or alter its order.
立法	legislation	n.	6270	legislation立法，法规	li fa	17023	true	true	true	true	1	393735	reject	This exact Chinese-English pair already exists in the compiled vocabulary; do not add a duplicate or alter its order.
故障	malfunction	n.	6358	malfunction故障	gu zhang	2545	true	true	false	true	2	419060	defer	Candidate passed exact ECDICT/POS, local pinyin, and IPA checks, but the upstream list has no earlier data provenance and this pair was not selected for the reviewed finance tranche. Keep it out of runtime data.
管理	management	n.	6370	management管理，企业管理;管理人员，企业管理人员	guan li	39832	true	true	false	true	3	420098	defer	Candidate passed exact ECDICT/POS, local pinyin, and IPA checks, but the upstream list has no earlier data provenance and this pair was not selected for the reviewed finance tranche. Keep it out of runtime data.
经理	manager	n.	6400	manager经理	jing li	4234	true	true	true	true	0	420218	reject	This exact Chinese-English pair already exists in the compiled vocabulary; do not add a duplicate or alter its order.
工厂	manufactory	n.	6420	manufactory制造厂，工厂	gong chang	7772	true	false	false	false	1	421693	defer	Candidate passed exact ECDICT/POS, local pinyin, and IPA checks, but the upstream list has no earlier data provenance and this pair was not selected for the reviewed finance tranche. Keep it out of runtime data.
厂商	manufacturer	n.	6421	manufacturer厂商，制造商	chang shang	1773	true	true	true	true	0	421719	reject	This exact Chinese-English pair already exists in the compiled vocabulary; do not add a duplicate or alter its order.
保证金	margin	n.	6431	margin毛利，毛利率；保证金	bao zheng jin	173	true	true	true	true	0	422602	reject	This exact Chinese-English pair already exists in the compiled vocabulary; do not add a duplicate or alter its order.
市场	market	n.	6461	market市场，证券交易所，商品交易所，行情	shi chang	15273	true	true	true	true	2	423362	reject	This exact Chinese-English pair already exists in the compiled vocabulary; do not add a duplicate or alter its order.
行情	market	n.	6461	market市场，证券交易所，商品交易所，行情	hang qing	85	true	true	false	true	0	423362	accept	The source pairs market with 行情; ECDICT confirms the exact noun gloss used for market conditions/quotes.
材料	material	n.	6522	material材料，原材料；重要的	cai liao	10678	true	true	true	true	1	425679	reject	This exact Chinese-English pair already exists in the compiled vocabulary; do not add a duplicate or alter its order.
重要的	material	adj.	6522	material材料，原材料；重要的	zhong yao de	18271	true	true	false	true	8	425679	reject	The Chinese key has reached the reviewed expansion limit.
矩阵	matrix	n.	6541	matrix矩阵	ju zhen	1530	true	true	true	true	0	426230	reject	This exact Chinese-English pair already exists in the compiled vocabulary; do not add a duplicate or alter its order.
工具	means	n.	6563	means收入，财产；工具，手段	gong ju	7223	true	true	false	true	3	428754	defer	Candidate passed exact ECDICT/POS, local pinyin, and IPA checks, but the upstream list has no earlier data provenance and this pair was not selected for the reviewed finance tranche. Keep it out of runtime data.
手段	means	n.	6563	means收入，财产；工具，手段	shou duan	4013	true	true	true	true	1	428754	reject	This exact Chinese-English pair already exists in the compiled vocabulary; do not add a duplicate or alter its order.
收入	means	n.	6563	means收入，财产；工具，手段	shou ru	9301	true	true	false	true	4	428754	defer	Candidate passed exact ECDICT/POS, local pinyin, and IPA checks, but the upstream list has no earlier data provenance and this pair was not selected for the reviewed finance tranche. Keep it out of runtime data.
财产	means	n.	6563	means收入，财产；工具，手段	cai chan	3174	true	true	false	true	2	428754	defer	Candidate passed exact ECDICT/POS, local pinyin, and IPA checks, but the upstream list has no earlier data provenance and this pair was not selected for the reviewed finance tranche. Keep it out of runtime data.
媒体	media	n.	6573	media媒介，媒体	mei ti	20058	true	true	true	true	0	429607	reject	This exact Chinese-English pair already exists in the compiled vocabulary; do not add a duplicate or alter its order.
调解	mediation	n.	6574	mediation调解	tiao jie	748	true	true	false	false	1	429792	defer	Candidate passed exact ECDICT/POS, local pinyin, and IPA checks, but the upstream list has no earlier data provenance and this pair was not selected for the reviewed finance tranche. Keep it out of runtime data.
会员	member	n.	6584	member会员,股东	hui yuan	16629	true	true	true	true	0	432026	reject	This exact Chinese-English pair already exists in the compiled vocabulary; do not add a duplicate or alter its order.
商品	merchandise	n.	6601	merchandise商品	shang pin	3352	true	true	true	true	4	433569	reject	This exact Chinese-English pair already exists in the compiled vocabulary; do not add a duplicate or alter its order.
商人	merchandiser	n.	6606	merchandiser 商人，商号	shang ren	3999	true	true	false	false	2	433611	defer	Candidate passed exact ECDICT/POS, local pinyin, and IPA checks, but the upstream list has no earlier data provenance and this pair was not selected for the reviewed finance tranche. Keep it out of runtime data.
里程碑	milestone	n.	6640	milestone重大事件，里程碑	li cheng bei	515	true	true	true	true	0	441912	reject	This exact Chinese-English pair already exists in the compiled vocabulary; do not add a duplicate or alter its order.
流动性	mobility	n.	6701	mobility流动性	liu dong xing	226	true	true	false	true	1	446953	defer	Candidate passed exact ECDICT/POS, local pinyin, and IPA checks, but the upstream list has no earlier data provenance and this pair was not selected for the reviewed finance tranche. Keep it out of runtime data.
模型	model	n.	6702	model模型，模式	mo xing	7142	true	true	true	true	0	447197	reject	This exact Chinese-English pair already exists in the compiled vocabulary; do not add a duplicate or alter its order.
货币	money	n.	6733	money货币，现金	huo bi	2599	true	true	true	true	1	449218	reject	This exact Chinese-English pair already exists in the compiled vocabulary; do not add a duplicate or alter its order.
垄断	monopoly	n.	6755	monopoly垄断	long duan	963	true	true	true	true	3	450588	reject	This exact Chinese-English pair already exists in the compiled vocabulary; do not add a duplicate or alter its order.
抵押	mortgage	n.	6764	mortgage抵押，抵押权	di ya	337	true	true	true	true	0	452634	reject	This exact Chinese-English pair already exists in the compiled vocabulary; do not add a duplicate or alter its order.
抵押	mortgage	v.	6764	mortgage抵押，抵押权	di ya	337	true	true	true	true	0	452634	reject	This exact Chinese-English pair already exists in the compiled vocabulary; do not add a duplicate or alter its order.
鼠标	mouse	n.	6777	mouse鼠标器，鼠标	shu biao	1461	false	true	true	true	0	454099	reject	This exact Chinese-English pair already exists in the compiled vocabulary; do not add a duplicate or alter its order.
多媒体	multimedia	n.	6790	multimedia多媒体	duo mei ti	1411	true	true	true	true	0	456608	reject	This exact Chinese-English pair already exists in the compiled vocabulary; do not add a duplicate or alter its order.
疏忽	negligence	n.	6908	negligence疏忽，过失	shu hu	462	true	true	true	true	1	466470	reject	This exact Chinese-English pair already exists in the compiled vocabulary; do not add a duplicate or alter its order.
网络	network	n.	6970	network网络	wang luo	18682	true	true	true	true	0	469107	reject	This exact Chinese-English pair already exists in the compiled vocabulary; do not add a duplicate or alter its order.
票据	note	n.	7130	note票据，期票，中期债券	piao ju	144	true	true	true	true	0	479881	reject	This exact Chinese-English pair already exists in the compiled vocabulary; do not add a duplicate or alter its order.
目标	objective	n.	7163,7345	objective目标，客观	mu biao	20772	true	true	true	true	6	483487	reject	This exact Chinese-English pair already exists in the compiled vocabulary; do not add a duplicate or alter its order.
债务	obligation	n.	7175,7357	obligation债务，偿债义务	zhai wu	2012	true	true	false	true	1	483607	accept	The source pairs obligation with 债务; ECDICT confirms the exact noun gloss in a debt/contract context.
观察	observation	n.	7180,7362	observation观察，观测	guan cha	10258	true	true	false	true	0	483865	defer	Candidate passed exact ECDICT/POS, local pinyin, and IPA checks, but the upstream list has no earlier data provenance and this pair was not selected for the reviewed finance tranche. Keep it out of runtime data.
观测	observation	n.	7180,7362	observation观察，观测	guan ce	4976	true	true	false	true	0	483865	defer	Candidate passed exact ECDICT/POS, local pinyin, and IPA checks, but the upstream list has no earlier data provenance and this pair was not selected for the reviewed finance tranche. Keep it out of runtime data.
报价	offer	n.	7197,7379	offer报价，卖价	bao jia	308	true	true	false	true	1	486399	accept	The source pairs offer with 报价; ECDICT confirms the exact noun gloss used in an offer/pricing context.
抵消	offset	n.	7218,7400	offset抵消，冲销	di xiao	309	true	true	true	true	0	486758	reject	This exact Chinese-English pair already exists in the compiled vocabulary; do not add a duplicate or alter its order.
抵消	offset	v.	7218,7400	offset抵消，冲销	di xiao	309	true	true	true	true	0	486758	reject	This exact Chinese-English pair already exists in the compiled vocabulary; do not add a duplicate or alter its order.
评价	opinion	n.	7339,7521	opinion评价，建议；意见书	ping jia	11809	true	true	false	true	2	492968	defer	Candidate passed exact ECDICT/POS, local pinyin, and IPA checks, but the upstream list has no earlier data provenance and this pair was not selected for the reviewed finance tranche. Keep it out of runtime data.
选择权	option	n.	7537	option选择权，购股权,期权	xuan ze quan	202	true	true	true	true	1	493810	reject	This exact Chinese-English pair already exists in the compiled vocabulary; do not add a duplicate or alter its order.
支出	outgo	n.	7590	outgo支出	zhi chu	1975	false	true	false	false	2	499668	defer	Candidate passed exact ECDICT/POS, local pinyin, and IPA checks, but the upstream list has no earlier data provenance and this pair was not selected for the reviewed finance tranche. Keep it out of runtime data.
支出	outlay	n.	7591	outlay支出	zhi chu	1975	true	true	true	true	2	499760	reject	This exact Chinese-English pair already exists in the compiled vocabulary; do not add a duplicate or alter its order.
产量	output	n.	7595	output产出，产量;输出	chan liang	1455	true	true	true	true	0	499909	reject	This exact Chinese-English pair already exists in the compiled vocabulary; do not add a duplicate or alter its order.
输出	output	n.	7595	output产出，产量;输出	shu chu	3735	true	true	true	true	0	499909	reject	This exact Chinese-English pair already exists in the compiled vocabulary; do not add a duplicate or alter its order.
透支	overdraft	n.	7621	overdraft透支	tou zhi	51	true	true	true	true	1	501467	reject	This exact Chinese-English pair already exists in the compiled vocabulary; do not add a duplicate or alter its order.
所有权	ownership	n.	7655	ownership所有权	suo you quan	830	true	true	true	true	1	503210	reject	This exact Chinese-English pair already exists in the compiled vocabulary; do not add a duplicate or alter its order.
参数	parameter	n.	7692	parameter参数	can shu	2691	true	true	true	true	0	510076	reject	This exact Chinese-English pair already exists in the compiled vocabulary; do not add a duplicate or alter its order.
同等	parity	n.	7700	parity平价，对等，同等	tong deng	974	true	true	false	true	2	511533	defer	Candidate passed exact ECDICT/POS, local pinyin, and IPA checks, but the upstream list has no earlier data provenance and this pair was not selected for the reviewed finance tranche. Keep it out of runtime data.
平价	parity	n.	7700	parity平价，对等，同等	ping jia	268	true	true	false	true	0	511533	accept	The source pairs parity with 平价; ECDICT confirms the exact noun gloss used in exchange-rate and price parity.
当事人	party	n.	7733	party当事人	dang shi ren	2744	true	true	true	true	0	513114	reject	This exact Chinese-English pair already exists in the compiled vocabulary; do not add a duplicate or alter its order.
密码	password	n.	7745	password密码	mi ma	4713	true	true	true	true	1	513770	reject	This exact Chinese-English pair already exists in the compiled vocabulary; do not add a duplicate or alter its order.
专利权	patent	n.	7749	patent专利，专利权	zhuan li quan	89	false	true	false	true	0	514200	defer	Candidate passed exact ECDICT/POS, local pinyin, and IPA checks, but the upstream list has no earlier data provenance and this pair was not selected for the reviewed finance tranche. Keep it out of runtime data.
付款	pay	n.	7757	pay支付，付款；工资，薪金	fu kuan	2214	true	true	true	true	1	515238	reject	This exact Chinese-English pair already exists in the compiled vocabulary; do not add a duplicate or alter its order.
付款	pay	v.	7757	pay支付，付款；工资，薪金	fu kuan	2214	true	true	true	true	1	515238	reject	This exact Chinese-English pair already exists in the compiled vocabulary; do not add a duplicate or alter its order.
支付	pay	v.	7757	pay支付，付款；工资，薪金	zhi fu	4428	true	true	true	true	0	515238	reject	This exact Chinese-English pair already exists in the compiled vocabulary; do not add a duplicate or alter its order.
付款	payment	n.	7769	payment支付，付款	fu kuan	2214	true	true	true	true	1	515520	reject	This exact Chinese-English pair already exists in the compiled vocabulary; do not add a duplicate or alter its order.
支出	payout	n.	7783	payout支出，支付	zhi chu	1975	true	true	true	true	2	515628	reject	This exact Chinese-English pair already exists in the compiled vocabulary; do not add a duplicate or alter its order.
罚款	penalty	n.	7812	penalty罚金，罚款	fa kuan	2185	true	true	true	true	0	517832	reject	This exact Chinese-English pair already exists in the compiled vocabulary; do not add a duplicate or alter its order.
养老金	pension	n.	7820	pension养老金，退休金	yang lao jin	296	false	true	true	true	0	518396	reject	This exact Chinese-English pair already exists in the compiled vocabulary; do not add a duplicate or alter its order.
退休金	pension	n.	7820	pension养老金，退休金	tui xiu jin	267	false	true	true	true	0	518396	reject	This exact Chinese-English pair already exists in the compiled vocabulary; do not add a duplicate or alter its order.
成绩	performance	n.	7851	performance成绩，业绩；履行，履约	cheng ji	19966	true	true	false	true	0	520024	defer	Candidate passed exact ECDICT/POS, local pinyin, and IPA checks, but the upstream list has no earlier data provenance and this pair was not selected for the reviewed finance tranche. Keep it out of runtime data.
危险	peril	n.	7861	peril危险，险情	wei xian	10896	true	true	false	true	0	520596	defer	Candidate passed exact ECDICT/POS, local pinyin, and IPA checks, but the upstream list has no earlier data provenance and this pair was not selected for the reviewed finance tranche. Keep it out of runtime data.
执照	permit	n.	7891	permit执照，许可证	zhi zhao	1043	false	true	true	true	2	522012	reject	This exact Chinese-English pair already exists in the compiled vocabulary; do not add a duplicate or alter its order.
许可证	permit	n.	7891	permit执照，许可证	xu ke zheng	1156	false	true	true	true	2	522012	reject	This exact Chinese-English pair already exists in the compiled vocabulary; do not add a duplicate or alter its order.
动产	personalty	n.	7918	personalty 动产	dong chan	38	true	false	false	false	2	522775	accept	The source pairs personalty with 动产; ECDICT confirms the exact noun gloss. Retained as a specialized property-law term.
偷窃	pilferage	n.	7945	pilferage偷窃	tou qie	334	false	true	false	true	0	531367	defer	Candidate passed exact ECDICT/POS, local pinyin, and IPA checks, but the upstream list has no earlier data provenance and this pair was not selected for the reviewed finance tranche. Keep it out of runtime data.
地点	place	n.	7950	place出售证票，发行证券；地点；	di dian	9652	true	true	true	true	2	533986	reject	This exact Chinese-English pair already exists in the compiled vocabulary; do not add a duplicate or alter its order.
原告	plaintiff	n.	7953	plaintiff原告	yuan gao	463	true	true	true	true	1	534431	reject	This exact Chinese-English pair already exists in the compiled vocabulary; do not add a duplicate or alter its order.
工厂	plant	n.	7965	plant工厂，厂房	gong chang	7772	true	true	false	true	1	534842	defer	Candidate passed exact ECDICT/POS, local pinyin, and IPA checks, but the upstream list has no earlier data provenance and this pair was not selected for the reviewed finance tranche. Keep it out of runtime data.
抵押	pledge	n.	7976	pledge质押，抵押，抵押品	di ya	337	true	true	false	true	0	536654	accept	The source pairs pledge with 抵押; ECDICT confirms the exact noun gloss in collateral/secured finance.
抵押	pledge	v.	7976	pledge质押，抵押，抵押品	di ya	337	true	true	false	true	0	536654	defer	Candidate passed exact ECDICT/POS, local pinyin, and IPA checks, but the upstream list has no earlier data provenance and this pair was not selected for the reviewed finance tranche. Keep it out of runtime data.
保险单	policy	n.	7992	policy政策，方针；保险单，保单	bao xian dan	12	true	true	true	true	1	540289	reject	This exact Chinese-English pair already exists in the compiled vocabulary; do not add a duplicate or alter its order.
政策	policy	n.	7992	policy政策，方针；保险单，保单	zheng ce	14896	true	true	true	true	0	540289	reject	This exact Chinese-English pair already exists in the compiled vocabulary; do not add a duplicate or alter its order.
方针	policy	n.	7992	policy政策，方针；保险单，保单	fang zhen	1375	true	true	true	true	0	540289	reject	This exact Chinese-English pair already exists in the compiled vocabulary; do not add a duplicate or alter its order.
联营	pool	n.	8007	pool联营	lian ying	352	true	true	false	true	0	543262	accept	The source pairs pool with 联营; ECDICT confirms the exact noun gloss in a business/investment grouping sense.
联营	pool	v.	8007	pool联营	lian ying	352	true	true	false	true	0	543262	defer	Candidate passed exact ECDICT/POS, local pinyin, and IPA checks, but the upstream list has no earlier data provenance and this pair was not selected for the reviewed finance tranche. Keep it out of runtime data.
人口	population	n.	8010	population总体，人口	ren kou	239396	true	true	true	true	0	543636	reject	This exact Chinese-English pair already exists in the compiled vocabulary; do not add a duplicate or alter its order.
占有	possession	n.	8038	possession占有，持有	zhan you	1484	true	true	true	true	2	544955	reject	This exact Chinese-English pair already exists in the compiled vocabulary; do not add a duplicate or alter its order.
邮资	postage	n.	8041	postage邮资，邮费	you zi	59	true	true	true	true	0	545321	reject	This exact Chinese-English pair already exists in the compiled vocabulary; do not add a duplicate or alter its order.
延期	postponement	n.	8059	postponement延期，延迟日期	yan qi	1959	true	true	false	false	2	546079	defer	Candidate passed exact ECDICT/POS, local pinyin, and IPA checks, but the upstream list has no earlier data provenance and this pair was not selected for the reviewed finance tranche. Keep it out of runtime data.
精确度	precision	n.	8083	precision精确度	jing que du	162	true	true	false	true	0	549201	defer	Candidate passed exact ECDICT/POS, local pinyin, and IPA checks, but the upstream list has no earlier data provenance and this pair was not selected for the reviewed finance tranche. Keep it out of runtime data.
奖金	premium	n.	8109	premium升水，溢价；奖金，津贴；保险费；期权定金	jiang jin	4195	true	true	false	true	0	550657	defer	Candidate passed exact ECDICT/POS, local pinyin, and IPA checks, but the upstream list has no earlier data provenance and this pair was not selected for the reviewed finance tranche. Keep it out of runtime data.
价格	price	n.	8142	price价格	jia ge	14098	true	true	true	true	1	552705	reject	This exact Chinese-English pair already exists in the compiled vocabulary; do not add a duplicate or alter its order.
委托人	principal	n.	8189	principal本金，本人，委托人，主要的	wei tuo ren	177	true	true	true	true	0	553848	reject	This exact Chinese-English pair already exists in the compiled vocabulary; do not add a duplicate or alter its order.
本金	principal	n.	8189	principal本金，本人，委托人，主要的	ben jin	78	true	true	true	true	0	553848	reject	This exact Chinese-English pair already exists in the compiled vocabulary; do not add a duplicate or alter its order.
原则	principle	n.	8195	principle 原则，原理	yuan ze	5893	true	true	true	true	0	553976	reject	This exact Chinese-English pair already exists in the compiled vocabulary; do not add a duplicate or alter its order.
原理	principle	n.	8195	principle 原则，原理	yuan li	2220	true	true	true	true	0	553976	reject	This exact Chinese-English pair already exists in the compiled vocabulary; do not add a duplicate or alter its order.
打印机	printer	n.	8199	printer打印机	da yin ji	518	true	true	true	true	0	554256	reject	This exact Chinese-English pair already exists in the compiled vocabulary; do not add a duplicate or alter its order.
隐私	privacy	n.	8205	privacy保密，隐私	yin si	1734	true	true	true	true	1	554671	reject	This exact Chinese-English pair already exists in the compiled vocabulary; do not add a duplicate or alter its order.
概率	probability	n.	8225	probability机率，概率	gai lv	2513	true	true	true	true	0	555145	reject	This exact Chinese-English pair already exists in the compiled vocabulary; do not add a duplicate or alter its order.
程序	procedure	n.	8233	procedure程序，业务程序	cheng xu	8044	true	true	true	true	2	555510	reject	This exact Chinese-English pair already exists in the compiled vocabulary; do not add a duplicate or alter its order.
过程	process	n.	8237	process过程，步骤	guo cheng	22061	false	true	true	true	1	555662	reject	This exact Chinese-English pair already exists in the compiled vocabulary; do not add a duplicate or alter its order.
产品	product	n.	8247	product产品	chan pin	14664	true	true	true	true	0	556530	reject	This exact Chinese-English pair already exists in the compiled vocabulary; do not add a duplicate or alter its order.
生产	production	n.	8253	production生产，产量	sheng chan	21992	true	true	true	true	1	556642	reject	This exact Chinese-English pair already exists in the compiled vocabulary; do not add a duplicate or alter its order.
利润	profit	n.	8283	profit利润	li run	798	true	true	true	true	1	557065	reject	This exact Chinese-English pair already exists in the compiled vocabulary; do not add a duplicate or alter its order.
奸商	profiteer	n.	8294	profiteer投机商，奸商	jian shang	35	true	true	true	true	0	557182	reject	This exact Chinese-English pair already exists in the compiled vocabulary; do not add a duplicate or alter its order.
程序	program	n.	8312	program计划，方案，程序	cheng xu	8044	true	true	true	true	2	557347	reject	This exact Chinese-English pair already exists in the compiled vocabulary; do not add a duplicate or alter its order.
计划	program	n.	8312	program计划，方案，程序	ji hua	58929	true	true	true	true	2	557347	reject	This exact Chinese-English pair already exists in the compiled vocabulary; do not add a duplicate or alter its order.
财产	property	n.	8356	property 财产	cai chan	3174	true	true	true	true	2	559000	reject	This exact Chinese-English pair already exists in the compiled vocabulary; do not add a duplicate or alter its order.
繁荣	prosperity	n.	8381	prosperity繁荣	fan rong	1206	true	true	false	true	0	559859	defer	Candidate passed exact ECDICT/POS, local pinyin, and IPA checks, but the upstream list has no earlier data provenance and this pair was not selected for the reviewed finance tranche. Keep it out of runtime data.
协议	protocol	n.	8389	protocol协议，草约;通信协议	xie yi	8898	true	true	true	true	0	560697	reject	This exact Chinese-English pair already exists in the compiled vocabulary; do not add a duplicate or alter its order.
条款	provision	n.	8390	provision备付，备抵；条款	tiao kuan	2327	true	true	false	true	2	561374	defer	Candidate passed exact ECDICT/POS, local pinyin, and IPA checks, but the upstream list has no earlier data provenance and this pair was not selected for the reviewed finance tranche. Keep it out of runtime data.
配额	quota	n.	8527	quota配额，限额	pei e	292	true	true	true	true	0	572710	reject	This exact Chinese-English pair already exists in the compiled vocabulary; do not add a duplicate or alter its order.
限额	quota	n.	8527	quota配额，限额	xian e	213	true	true	true	true	1	572710	reject	This exact Chinese-English pair already exists in the compiled vocabulary; do not add a duplicate or alter its order.
报价	quotation	n.	8529	quotation报价，报价单，行情表	bao jia	308	true	true	true	true	1	572723	reject	This exact Chinese-English pair already exists in the compiled vocabulary; do not add a duplicate or alter its order.
诈骗	racketeering	n.	8541	racketeering敲诈，诈骗	zha pian	1279	true	true	false	false	1	573400	defer	Candidate passed exact ECDICT/POS, local pinyin, and IPA checks, but the upstream list has no earlier data provenance and this pair was not selected for the reviewed finance tranche. Keep it out of runtime data.
随机	random	n.	8551	random随机	sui ji	3876	true	true	true	true	0	576500	reject	This exact Chinese-English pair already exists in the compiled vocabulary; do not add a duplicate or alter its order.
比率	rate	n.	8562	rate比率	bi lv	2222	true	true	false	true	1	577478	defer	Candidate passed exact ECDICT/POS, local pinyin, and IPA checks, but the upstream list has no earlier data provenance and this pair was not selected for the reviewed finance tranche. Keep it out of runtime data.
批准	ratification	n.	8581	ratification认可，批准	pi zhun	8679	true	true	false	false	2	577732	defer	Candidate passed exact ECDICT/POS, local pinyin, and IPA checks, but the upstream list has no earlier data provenance and this pair was not selected for the reviewed finance tranche. Keep it out of runtime data.
认可	ratification	n.	8581	ratification认可，批准	ren ke	4654	true	true	false	false	4	577732	defer	Candidate passed exact ECDICT/POS, local pinyin, and IPA checks, but the upstream list has no earlier data provenance and this pair was not selected for the reviewed finance tranche. Keep it out of runtime data.
比率	ratio	n.	8584	ratio比率	bi lv	2222	true	true	true	true	1	577760	reject	This exact Chinese-English pair already exists in the compiled vocabulary; do not add a duplicate or alter its order.
阅读	read	n.	8609	read阅读	yue du	6427	false	true	true	true	0	579743	reject	This exact Chinese-English pair already exists in the compiled vocabulary; do not add a duplicate or alter its order.
阅读	read	v.	8609	read阅读	yue du	6427	false	true	true	true	0	579743	reject	This exact Chinese-English pair already exists in the compiled vocabulary; do not add a duplicate or alter its order.
实现	realization	n.	8640	realization实现，变现	shi xian	17168	false	true	false	true	3	580305	defer	Candidate passed exact ECDICT/POS, local pinyin, and IPA checks, but the upstream list has no earlier data provenance and this pair was not selected for the reviewed finance tranche. Keep it out of runtime data.
不动产	realty	n.	8653	realty不动产	bu dong chan	449	true	true	false	false	0	580378	accept	The source pairs realty with 不动产; ECDICT confirms the exact noun gloss in property terminology.
收入	receipt	n.	8666	receipt收入，现金收入；收据	shou ru	9301	true	true	false	true	4	581046	defer	Candidate passed exact ECDICT/POS, local pinyin, and IPA checks, but the upstream list has no earlier data provenance and this pair was not selected for the reviewed finance tranche. Keep it out of runtime data.
收据	receipt	n.	8666	receipt收入，现金收入；收据	shou ju	158	true	true	true	true	0	581046	reject	This exact Chinese-English pair already exists in the compiled vocabulary; do not add a duplicate or alter its order.
衰退	recession	n.	8674	recession衰退	shuai tui	869	true	true	true	true	2	581337	reject	This exact Chinese-English pair already exists in the compiled vocabulary; do not add a duplicate or alter its order.
记录	record	n.	8691	record记录	ji lu	16459	false	true	true	true	0	582160	reject	This exact Chinese-English pair already exists in the compiled vocabulary; do not add a duplicate or alter its order.
记录	record	v.	8691	record记录	ji lu	16459	false	true	true	true	0	582160	reject	This exact Chinese-English pair already exists in the compiled vocabulary; do not add a duplicate or alter its order.
补偿	recoup	v.	8696	recoup补偿	bu chang	2785	true	true	false	true	4	582392	defer	Candidate passed exact ECDICT/POS, local pinyin, and IPA checks, but the upstream list has no earlier data provenance and this pair was not selected for the reviewed finance tranche. Keep it out of runtime data.
偿还	redemption	n.	8708	redemption赎回，偿还	chang huan	502	true	true	false	true	2	583556	defer	Candidate passed exact ECDICT/POS, local pinyin, and IPA checks, but the upstream list has no earlier data provenance and this pair was not selected for the reviewed finance tranche. Keep it out of runtime data.
赎回	redemption	n.	8708	redemption赎回，偿还	shu hui	190	true	true	false	true	0	583556	accept	The source pairs redemption with 赎回; ECDICT confirms the exact noun gloss for securities and financial instruments.
索引	reference	n.	8729	reference资信证明信，资信证明材料；索引，查帐索引	suo yin	551	true	true	false	true	0	584543	defer	Candidate passed exact ECDICT/POS, local pinyin, and IPA checks, but the upstream list has no earlier data provenance and this pair was not selected for the reviewed finance tranche. Keep it out of runtime data.
改革	reform	n.	8733	reform改革	gai ge	9170	false	true	true	true	0	585065	reject	This exact Chinese-English pair already exists in the compiled vocabulary; do not add a duplicate or alter its order.
改革	reform	v.	8733	reform改革	gai ge	9170	false	true	true	true	0	585065	reject	This exact Chinese-English pair already exists in the compiled vocabulary; do not add a duplicate or alter its order.
寄存器	register	n.	8743	register登记薄，寄存器	ji cun qi	571	true	true	true	true	0	585875	reject	This exact Chinese-English pair already exists in the compiled vocabulary; do not add a duplicate or alter its order.
注册	registration	n.	8757	registration登记，注册	zhu ce	5268	true	true	true	true	2	586025	reject	This exact Chinese-English pair already exists in the compiled vocabulary; do not add a duplicate or alter its order.
登记	registration	n.	8757	registration登记，注册	deng ji	4029	true	true	true	true	3	586025	reject	This exact Chinese-English pair already exists in the compiled vocabulary; do not add a duplicate or alter its order.
救济	relief	n.	8800	relief救济，剔除，减免	jiu ji	1051	true	true	false	true	0	587847	accept	The source pairs relief with 救济; ECDICT confirms the exact noun gloss used in legal/financial remedy contexts.
汇款	remittance	n.	8801	remittance汇付，汇款	hui kuan	152	true	true	true	true	1	588417	reject	This exact Chinese-English pair already exists in the compiled vocabulary; do not add a duplicate or alter its order.
报酬	remuneration	n.	8808	remuneration报酬	bao chou	541	true	true	false	true	1	588763	accept	The source pairs remuneration with 报酬; ECDICT confirms the exact noun gloss used in compensation and employment finance.
更新	renewal	n.	8810	renewal更新，展期	geng xin	20976	true	true	true	true	1	589025	reject	This exact Chinese-English pair already exists in the compiled vocabulary; do not add a duplicate or alter its order.
租用	rent	v.	8811	rent租用，租金	zu yong	616	true	true	true	true	0	589196	reject	This exact Chinese-English pair already exists in the compiled vocabulary; do not add a duplicate or alter its order.
租金	rent	n.	8811	rent租用，租金	zu jin	596	true	true	true	true	1	589196	reject	This exact Chinese-English pair already exists in the compiled vocabulary; do not add a duplicate or alter its order.
偿还	repayment	n.	8823	repayment偿还，偿付	chang huan	502	true	true	true	true	2	589546	reject	This exact Chinese-English pair already exists in the compiled vocabulary; do not add a duplicate or alter its order.
转售	resale	n.	8856	resale转售	zhuan shou	222	true	true	true	true	1	590892	reject	This exact Chinese-English pair already exists in the compiled vocabulary; do not add a duplicate or alter its order.
决议	resolution	n.	8880	resolution决议	jue yi	3378	true	true	true	true	0	592004	reject	This exact Chinese-English pair already exists in the compiled vocabulary; do not add a duplicate or alter its order.
资源	resource	n.	8881	resource资源，资财	zi yuan	16202	true	true	true	true	0	592213	reject	This exact Chinese-English pair already exists in the compiled vocabulary; do not add a duplicate or alter its order.
偿还	restitution	n.	8893	restitution赔偿，偿还	chang huan	502	true	true	false	true	2	592732	accept	The source pairs restitution with 偿还; ECDICT confirms the exact noun gloss in repayment/legal contexts.
赔偿	restitution	n.	8893	restitution赔偿，偿还	pei chang	2705	true	true	true	true	2	592732	reject	This exact Chinese-English pair already exists in the compiled vocabulary; do not add a duplicate or alter its order.
退休	retirement	n.	8918	retirement退役，报废；退股，还本；退休	tui xiu	8128	true	true	true	true	1	593703	reject	This exact Chinese-English pair already exists in the compiled vocabulary; do not add a duplicate or alter its order.
检索	retrieval	n.	8926	retrieval检索	jian suo	330	true	true	false	true	0	593919	defer	Candidate passed exact ECDICT/POS, local pinyin, and IPA checks, but the upstream list has no earlier data provenance and this pair was not selected for the reviewed finance tranche. Keep it out of runtime data.
收入	revenue	n.	8946	revenue收入，营业收入；岁入，税收	shou ru	9301	true	true	false	true	4	594701	defer	Candidate passed exact ECDICT/POS, local pinyin, and IPA checks, but the upstream list has no earlier data provenance and this pair was not selected for the reviewed finance tranche. Keep it out of runtime data.
税收	revenue	n.	8946	revenue收入，营业收入；岁入，税收	shui shou	1072	true	true	true	true	1	594701	reject	This exact Chinese-English pair already exists in the compiled vocabulary; do not add a duplicate or alter its order.
报酬	reward	n.	8974	reward奖金，报酬	bao chou	541	true	true	true	true	1	595410	reject	This exact Chinese-English pair already exists in the compiled vocabulary; do not add a duplicate or alter its order.
权利	right	n.	8975	right权利，认股权，购股权	quan li	7658	true	true	true	true	2	597929	reject	This exact Chinese-English pair already exists in the compiled vocabulary; do not add a duplicate or alter its order.
规则	rule	n.	9027	rule 规则，实施细则，运算法则	gui ze	7752	true	true	true	true	1	605245	reject	This exact Chinese-English pair already exists in the compiled vocabulary; do not add a duplicate or alter its order.
样本	sample	n.	9101	sample样本	yang ben	2050	true	true	true	true	0	610281	reject	This exact Chinese-English pair already exists in the compiled vocabulary; do not add a duplicate or alter its order.
制裁	sanction	n.	9110	sanction制裁	zhi cai	2223	true	true	true	true	0	610584	reject	This exact Chinese-English pair already exists in the compiled vocabulary; do not add a duplicate or alter its order.
储蓄	savings	n.	9121	savings储蓄	chu xu	485	true	true	true	true	0	613074	reject	This exact Chinese-English pair already exists in the compiled vocabulary; do not add a duplicate or alter its order.
扫描	scan	n.	9132	scan审阅，查阅;扫描	sao miao	1265	true	true	true	true	0	613870	reject	This exact Chinese-English pair already exists in the compiled vocabulary; do not add a duplicate or alter its order.
扫描	scan	v.	9132	scan审阅，查阅;扫描	sao miao	1265	true	true	true	true	0	613870	reject	This exact Chinese-English pair already exists in the compiled vocabulary; do not add a duplicate or alter its order.
印章	seal	n.	9157	seal印章	yin zhang	546	true	true	true	true	0	618983	reject	This exact Chinese-English pair already exists in the compiled vocabulary; do not add a duplicate or alter its order.
充公	seizure	n.	9230	seizure充公，没收	chong gong	176	true	true	false	true	0	621769	defer	Candidate passed exact ECDICT/POS, local pinyin, and IPA checks, but the upstream list has no earlier data provenance and this pair was not selected for the reviewed finance tranche. Keep it out of runtime data.
没收	seizure	n.	9230	seizure充公，没收	mo shou	2303	true	true	true	true	4	621769	reject	This exact Chinese-English pair already exists in the compiled vocabulary; do not add a duplicate or alter its order.
服务	service	n.	9289	service劳务，服务；清偿债务；局，署	fu wu	35585	true	true	false	true	0	627317	defer	Candidate passed exact ECDICT/POS, local pinyin, and IPA checks, but the upstream list has no earlier data provenance and this pair was not selected for the reviewed finance tranche. Keep it out of runtime data.
结算	settlement	n.	9302	settlement结算，清算	jie suan	358	true	true	true	true	1	628313	reject	This exact Chinese-English pair already exists in the compiled vocabulary; do not add a duplicate or alter its order.
股东	shareholder	n.	9329	shareholder股东	gu dong	1979	true	true	true	true	1	629919	reject	This exact Chinese-English pair already exists in the compiled vocabulary; do not add a duplicate or alter its order.
签字	signature	n.	9391	signature签字，署名	qian zi	454	true	true	false	true	0	635310	defer	Candidate passed exact ECDICT/POS, local pinyin, and IPA checks, but the upstream list has no earlier data provenance and this pair was not selected for the reviewed finance tranche. Keep it out of runtime data.
模拟	simulation	n.	9413	simulation模拟	mo ni	4521	true	true	true	true	2	637072	reject	This exact Chinese-English pair already exists in the compiled vocabulary; do not add a duplicate or alter its order.
破产	smash	n.	9468	smash 破产	po chan	2537	true	true	true	true	3	642565	reject	This exact Chinese-English pair already exists in the compiled vocabulary; do not add a duplicate or alter its order.
破产	smash	v.	9468	smash 破产	po chan	2537	true	true	true	true	3	642565	reject	This exact Chinese-English pair already exists in the compiled vocabulary; do not add a duplicate or alter its order.
走私	smuggling	n.	9470	smuggling走私	zou si	736	true	true	false	false	0	643227	accept	The source pairs smuggling with 走私; ECDICT confirms the exact noun gloss in customs/trade compliance.
软件	software	n.	9509	software软件	ruan jian	12787	true	true	true	true	0	645925	reject	This exact Chinese-English pair already exists in the compiled vocabulary; do not add a duplicate or alter its order.
硬币	specie	n.	9565	specie 硬币，铸币	ying bi	2075	true	false	false	false	0	650860	accept	The source pairs specie with 硬币; ECDICT confirms the exact noun gloss for coin money.
投机	speculation	n.	9577	speculation投机，投机活动	tou ji	177	true	true	false	true	0	651384	accept	The source pairs speculation with 投机; ECDICT confirms the exact noun gloss used in financial markets.
稳定	stabilization	n.	9610	stabilization稳定	wen ding	10220	false	true	false	true	1	657254	defer	Candidate passed exact ECDICT/POS, local pinyin, and IPA checks, but the upstream list has no earlier data provenance and this pair was not selected for the reviewed finance tranche. Keep it out of runtime data.
停滞	stagnation	n.	9623	stagnation停滞	ting zhi	464	true	true	true	true	1	657832	reject	This exact Chinese-English pair already exists in the compiled vocabulary; do not add a duplicate or alter its order.
标准	standard	n.	9629	standard标准，准则	biao zhun	22590	true	true	true	true	3	658451	reject	This exact Chinese-English pair already exists in the compiled vocabulary; do not add a duplicate or alter its order.
薪金	stipend	n.	9725	stipend薪金，固定津贴	xin jin	159	true	true	false	true	0	664067	defer	Candidate passed exact ECDICT/POS, local pinyin, and IPA checks, but the upstream list has no earlier data provenance and this pair was not selected for the reviewed finance tranche. Keep it out of runtime data.
股份	stock	n.	9728	stock股份，股票；政府证券；存货，存量	gu fen	2916	true	true	true	true	0	664312	reject	This exact Chinese-English pair already exists in the compiled vocabulary; do not add a duplicate or alter its order.
股票	stock	n.	9728	stock股份，股票；政府证券；存货，存量	gu piao	1382	true	true	true	true	0	664312	reject	This exact Chinese-English pair already exists in the compiled vocabulary; do not add a duplicate or alter its order.
股东	stockholder	n.	9748	stockholder股票持有人，股东	gu dong	1979	true	true	true	true	1	664535	reject	This exact Chinese-English pair already exists in the compiled vocabulary; do not add a duplicate or alter its order.
存储器	storage	n.	9784	storage存储，存储器	cun chu qi	151	true	true	true	true	1	665355	reject	This exact Chinese-English pair already exists in the compiled vocabulary; do not add a duplicate or alter its order.
仓库	storehouse	n.	9788	storehouse仓库	cang ku	1728	true	true	true	true	4	665570	reject	This exact Chinese-English pair already exists in the compiled vocabulary; do not add a duplicate or alter its order.
存根	stub	n.	9825	stub票根，存根	cun gen	32	true	true	true	true	0	668945	reject	This exact Chinese-English pair already exists in the compiled vocabulary; do not add a duplicate or alter its order.
转租	sublease	n.	9838	sublease分租，转租	zhuan zu	166	true	true	true	true	1	671056	reject	This exact Chinese-English pair already exists in the compiled vocabulary; do not add a duplicate or alter its order.
转租	sublease	v.	9838	sublease分租，转租	zhuan zu	166	true	true	true	true	1	671056	reject	This exact Chinese-English pair already exists in the compiled vocabulary; do not add a duplicate or alter its order.
提交	submission	n.	9840	submission提交，报送	ti jiao	3530	true	true	false	true	1	671336	defer	Candidate passed exact ECDICT/POS, local pinyin, and IPA checks, but the upstream list has no earlier data provenance and this pair was not selected for the reviewed finance tranche. Keep it out of runtime data.
签署	subscribe	v.	9847	subscribe签署，认购	qian shu	5659	true	true	true	true	1	671926	reject	This exact Chinese-English pair already exists in the compiled vocabulary; do not add a duplicate or alter its order.
认购	subscribe	v.	9847	subscribe签署，认购	ren gou	202	true	true	true	true	0	671926	reject	This exact Chinese-English pair already exists in the compiled vocabulary; do not add a duplicate or alter its order.
补助金	subsidy	n.	9864	subsidy补助金，补贴	bu zhu jin	255	true	true	true	true	0	672183	reject	This exact Chinese-English pair already exists in the compiled vocabulary; do not add a duplicate or alter its order.
子系统	subsystem	n.	9868	subsystem子系统	zi xi tong	206	false	true	true	true	0	672562	reject	This exact Chinese-English pair already exists in the compiled vocabulary; do not add a duplicate or alter its order.
诉讼	suit	n.	9877	suit诉讼	su song	2720	true	true	true	true	1	673839	reject	This exact Chinese-English pair already exists in the compiled vocabulary; do not add a duplicate or alter its order.
合计	sum	v.	9878	sum合计，总计	he ji	1484	true	true	true	true	1	674909	reject	This exact Chinese-English pair already exists in the compiled vocabulary; do not add a duplicate or alter its order.
总计	sum	v.	9878	sum合计，总计	zong ji	2045	true	true	false	true	1	674909	defer	Candidate passed exact ECDICT/POS, local pinyin, and IPA checks, but the upstream list has no earlier data provenance and this pair was not selected for the reviewed finance tranche. Keep it out of runtime data.
监督	supervision	n.	9899	supervision监督	jian du	11021	true	true	false	true	2	677015	defer	Candidate passed exact ECDICT/POS, local pinyin, and IPA checks, but the upstream list has no earlier data provenance and this pair was not selected for the reviewed finance tranche. Keep it out of runtime data.
附加税	surcharge	n.	9918	surcharge附加费，附加税	fu jia shui	32	true	true	false	true	0	677920	accept	The source pairs surcharge with 附加税; ECDICT confirms the exact noun gloss in taxation.
保证	surety	n.	9919	surety保证，担保；保证人；	bao zheng	8287	true	true	false	true	5	677960	defer	Candidate passed exact ECDICT/POS, local pinyin, and IPA checks, but the upstream list has no earlier data provenance and this pair was not selected for the reviewed finance tranche. Keep it out of runtime data.
保证人	surety	n.	9919	surety保证，担保；保证人；	bao zheng ren	57	true	true	false	true	0	677960	defer	Candidate passed exact ECDICT/POS, local pinyin, and IPA checks, but the upstream list has no earlier data provenance and this pair was not selected for the reviewed finance tranche. Keep it out of runtime data.
担保	surety	n.	9919	surety保证，担保；保证人；	dan bao	455	true	true	false	true	4	677960	accept	The source pairs surety with 担保; ECDICT confirms the exact noun gloss in credit and contract contexts.
盈余	surplus	n.	9922	surplus盈余	ying yu	162	true	true	true	true	0	678423	reject	This exact Chinese-English pair already exists in the compiled vocabulary; do not add a duplicate or alter its order.
附加税	surtax	n.	9928	surtax附加税	fu jia shui	32	false	true	true	true	0	678583	reject	This exact Chinese-English pair already exists in the compiled vocabulary; do not add a duplicate or alter its order.
符号	symbol	n.	9945	symbol符号	fu hao	4029	true	true	true	true	1	681071	reject	This exact Chinese-English pair already exists in the compiled vocabulary; do not add a duplicate or alter its order.
制度	system	n.	9950	system系统，制度	zhi du	9770	true	true	true	true	1	683118	reject	This exact Chinese-English pair already exists in the compiled vocabulary; do not add a duplicate or alter its order.
系统	system	n.	9950	system系统，制度	xi tong	60006	true	true	true	true	1	683118	reject	This exact Chinese-English pair already exists in the compiled vocabulary; do not add a duplicate or alter its order.
表格	table	n.	9963	table表格	biao ge	1027	true	true	true	true	0	683788	reject	This exact Chinese-English pair already exists in the compiled vocabulary; do not add a duplicate or alter its order.
标签	tag	n.	9968	tag标签，标识符	biao qian	1282	true	true	true	true	1	684570	reject	This exact Chinese-English pair already exists in the compiled vocabulary; do not add a duplicate or alter its order.
进款	takings	n.	9981	takings现金收入，进款	jin kuan	29	true	true	false	true	0	685895	accept	The source pairs takings with 进款; ECDICT confirms the exact noun gloss for money received/revenue.
指标	target	n.	9992	target目标，指标	zhi biao	1636	true	true	true	true	1	687688	reject	This exact Chinese-English pair already exists in the compiled vocabulary; do not add a duplicate or alter its order.
目标	target	n.	9992	target目标，指标	mu biao	20772	true	true	true	true	6	687688	reject	This exact Chinese-English pair already exists in the compiled vocabulary; do not add a duplicate or alter its order.
出纳员	teller	n.	10148	teller出纳员	chu na yuan	12	true	true	true	true	1	691180	reject	This exact Chinese-English pair already exists in the compiled vocabulary; do not add a duplicate or alter its order.
租赁	tenancy	n.	10160	tenancy租赁	zu lin	1094	true	true	true	true	2	691963	reject	This exact Chinese-English pair already exists in the compiled vocabulary; do not add a duplicate or alter its order.
偿还	tender	v.	10163	tender投标，偿还，清偿，钱币	chang huan	502	true	true	false	true	2	692046	defer	Candidate passed exact ECDICT/POS, local pinyin, and IPA checks, but the upstream list has no earlier data provenance and this pair was not selected for the reviewed finance tranche. Keep it out of runtime data.
投标	tender	n.	10163	tender投标，偿还，清偿，钱币	tou biao	303	true	true	true	true	1	692046	reject	This exact Chinese-English pair already exists in the compiled vocabulary; do not add a duplicate or alter its order.
投标	tender	v.	10163	tender投标，偿还，清偿，钱币	tou biao	303	true	true	true	true	1	692046	reject	This exact Chinese-English pair already exists in the compiled vocabulary; do not add a duplicate or alter its order.
条件	term	n.	10176	term定期期限,条件	tiao jian	14637	true	true	true	true	2	692975	reject	This exact Chinese-English pair already exists in the compiled vocabulary; do not add a duplicate or alter its order.
节约	thrift	n.	10244	thrift节约，节俭	jie yue	1513	true	true	true	true	3	701048	reject	This exact Chinese-English pair already exists in the compiled vocabulary; do not add a duplicate or alter its order.
小费	tip	n.	10285	tip小费	xiao fei	422	true	true	true	true	1	704263	reject	This exact Chinese-English pair already exists in the compiled vocabulary; do not add a duplicate or alter its order.
公差	tolerance	n.	10300	tolerance宽容度，公差	gong chai	177	true	true	true	true	0	706320	reject	This exact Chinese-English pair already exists in the compiled vocabulary; do not add a duplicate or alter its order.
贸易	trade	n.	10336	trade贸易，行业，产业	mao yi	7907	true	true	true	true	0	710500	reject	This exact Chinese-English pair already exists in the compiled vocabulary; do not add a duplicate or alter its order.
商标	trademark	n.	10357	trademark商标	shang biao	1590	true	true	true	true	1	710692	reject	This exact Chinese-English pair already exists in the compiled vocabulary; do not add a duplicate or alter its order.
转让	transfer	n.	10403	transfer转让，过户；转帐	zhuan rang	1126	false	true	true	true	5	711707	reject	This exact Chinese-English pair already exists in the compiled vocabulary; do not add a duplicate or alter its order.
转让	transfer	v.	10403	transfer转让，过户；转帐	zhuan rang	1126	false	true	true	true	5	711707	reject	This exact Chinese-English pair already exists in the compiled vocabulary; do not add a duplicate or alter its order.
过户	transfer	n.	10403	transfer转让，过户；转帐	guo hu	156	false	true	false	true	0	711707	accept	The source pairs transfer with 过户; ECDICT confirms the exact noun gloss used for property/title transfer.
传输	transmission	n.	10434	transmission传输	chuan shu	1633	true	true	false	true	0	712599	defer	Candidate passed exact ECDICT/POS, local pinyin, and IPA checks, but the upstream list has no earlier data provenance and this pair was not selected for the reviewed finance tranche. Keep it out of runtime data.
国库	treasury	n.	10450	treasury金库，国库	guo ku	407	true	true	true	true	0	714013	reject	This exact Chinese-English pair already exists in the compiled vocabulary; do not add a duplicate or alter its order.
托拉斯	trust	n.	10479	trust信托，托拉斯	tuo la si	59	true	true	true	true	0	719423	reject	This exact Chinese-English pair already exists in the compiled vocabulary; do not add a duplicate or alter its order.
受托人	trustee	n.	10488	trustee受托人	shou tuo ren	113	true	true	true	true	1	719490	reject	This exact Chinese-English pair already exists in the compiled vocabulary; do not add a duplicate or alter its order.
企业	undertaking	n.	10602	undertaking承办，经营；企业，公用事业企业	qi ye	16323	false	true	false	true	0	728551	defer	Candidate passed exact ECDICT/POS, local pinyin, and IPA checks, but the upstream list has no earlier data provenance and this pair was not selected for the reviewed finance tranche. Keep it out of runtime data.
失业	unemployment	n.	10622	unemployment失业	shi ye	2323	true	true	true	true	1	729046	reject	This exact Chinese-English pair already exists in the compiled vocabulary; do not add a duplicate or alter its order.
高利贷	usury	n.	10746	usury高利贷	gao li dai	88	true	true	true	true	0	736640	reject	This exact Chinese-English pair already exists in the compiled vocabulary; do not add a duplicate or alter its order.
公用事业	utility	n.	10748	utility效用，公用事业，实用程序，例行程序	gong yong shi ye	126	true	true	false	true	1	736867	accept	The source pairs utility with 公用事业; ECDICT confirms the exact noun gloss used as a business/sector term.
实用程序	utility	n.	10748	utility效用，公用事业，实用程序，例行程序	shi yong cheng xu	83	true	true	true	true	0	736867	reject	This exact Chinese-English pair already exists in the compiled vocabulary; do not add a duplicate or alter its order.
估价	valuation	n.	10759	valuation估价，计价	gu jia	124	true	true	true	true	1	738476	reject	This exact Chinese-English pair already exists in the compiled vocabulary; do not add a duplicate or alter its order.
价值	value	n.	10766	value价值，数值	jia zhi	8392	true	true	true	true	1	738507	reject	This exact Chinese-English pair already exists in the compiled vocabulary; do not add a duplicate or alter its order.
变量	variables	n.	10798	variables数量，变量	bian liang	1170	true	true	false	false	0	739528	defer	Candidate passed exact ECDICT/POS, local pinyin, and IPA checks, but the upstream list has no earlier data provenance and this pair was not selected for the reviewed finance tranche. Keep it out of runtime data.
买主	vendee	n.	10804	vendee买主	mai zhu	66	true	true	false	false	0	741579	accept	The source pairs vendee with 买主; ECDICT confirms the exact noun gloss in sale/contract terminology.
卖主	vendor	n.	10805	vendor卖主	mai zhu	6	true	true	false	true	0	741596	accept	The source pairs vendor with 卖主; ECDICT confirms the exact noun gloss in commercial transactions.
病毒	virus	n.	10838	virus病毒	bing du	7094	true	true	true	true	0	746067	reject	This exact Chinese-English pair already exists in the compiled vocabulary; do not add a duplicate or alter its order.
签证	visa	n.	10839	visa签证	qian zheng	4988	true	true	true	true	0	746114	reject	This exact Chinese-English pair already exists in the compiled vocabulary; do not add a duplicate or alter its order.
工资	wage	n.	10876	wage工资	gong zi	13120	true	true	true	true	2	749307	reject	This exact Chinese-English pair already exists in the compiled vocabulary; do not add a duplicate or alter its order.
仓库	warehouse	n.	10897	warehouse仓库，货栈	cang ku	1728	true	true	true	true	4	750843	reject	This exact Chinese-English pair already exists in the compiled vocabulary; do not add a duplicate or alter its order.
货栈	warehouse	n.	10897	warehouse仓库，货栈	huo zhan	14	true	true	true	true	1	750843	reject	This exact Chinese-English pair already exists in the compiled vocabulary; do not add a duplicate or alter its order.
损耗	waste	n.	10913	waste损耗，废料	sun hao	251	true	true	false	true	2	751519	defer	Candidate passed exact ECDICT/POS, local pinyin, and IPA checks, but the upstream list has no earlier data provenance and this pair was not selected for the reviewed finance tranche. Keep it out of runtime data.
财富	wealth	n.	10923	wealth财富	cai fu	1428	true	true	true	true	1	753267	reject	This exact Chinese-English pair already exists in the compiled vocabulary; do not add a duplicate or alter its order.
批发	wholesale	n.	10958	wholesale批发	pi fa	1141	true	true	true	true	0	757598	reject	This exact Chinese-English pair already exists in the compiled vocabulary; do not add a duplicate or alter its order.
批发	wholesale	v.	10958	wholesale批发	pi fa	1141	true	true	true	true	0	757598	reject	This exact Chinese-English pair already exists in the compiled vocabulary; do not add a duplicate or alter its order.
批发商	wholesaler	n.	10963	wholesaler批发商	pi fa shang	77	true	true	true	true	2	757616	reject	This exact Chinese-English pair already exists in the compiled vocabulary; do not add a duplicate or alter its order.
提款	withdrawal	n.	10978	withdrawal提款，退股	ti kuan	162	true	true	false	true	0	760785	accept	The source pairs withdrawal with 提款; ECDICT confirms the exact noun gloss in banking.
价值	worth	n.	11034	worth价值，净值	jia zhi	8392	true	true	false	true	1	763378	accept	The source pairs worth with 价值; ECDICT confirms the exact noun gloss used in valuation.
