序號,英文名稱,中文名稱,來源網站
1,AAA，American Accounting Association,美國會計學會,https://terms.naer.edu.tw/
2,abandoned property,廢棄財產,https://terms.naer.edu.tw/
3,abandonment charges，abandonment expenses,廢棄費用,https://terms.naer.edu.tw/
4,abnormal cost,非常成本,https://terms.naer.edu.tw/
5,abnormal depreciation,非常折舊,https://terms.naer.edu.tw/
6,abnormal loss,非常損失,https://terms.naer.edu.tw/
7,aboriginal cost，original cost,原始成本,https://terms.naer.edu.tw/
8,above par,高於面值,https://terms.naer.edu.tw/
9,above the line,經常項目，在界線上,https://terms.naer.edu.tw/
10,absolute title,確定產權,https://terms.naer.edu.tw/
11,absorbed burden，applied expenses,已吸收負荷，已分配費用,https://terms.naer.edu.tw/
12,absorbed cost,已吸收成本,https://terms.naer.edu.tw/
13,absorption account,相輔帳戶，抵銷或附加帳戶,https://terms.naer.edu.tw/
14,absorption costing,吸收成本法，歸納成本法,https://terms.naer.edu.tw/
15,abstract book,收支摘要簿,https://terms.naer.edu.tw/
16,accelerated depreciation,加速折舊,https://terms.naer.edu.tw/
17,acceptable quality level,可接受的品質水準,https://terms.naer.edu.tw/
18,acceptance,承兌，承兌匯票,https://terms.naer.edu.tw/
19,acceptance payable,應付承兌匯票,https://terms.naer.edu.tw/
20,acceptance receivable,應收承兌匯票,https://terms.naer.edu.tw/
21,acceptance register,承兌匯票登記簿,https://terms.naer.edu.tw/
22,acceptance sampling,認可選樣,https://terms.naer.edu.tw/
23,accepted draft，accepted bills,已承兌匯票,https://terms.naer.edu.tw/
24,accepter，acceptor,匯票承兌人,https://terms.naer.edu.tw/
25,accident & death benefits insurance,傷亡保險,https://terms.naer.edu.tw/
26,accidental losses,意外損失,https://terms.naer.edu.tw/
27,accommodation endorsement,融通背書,https://terms.naer.edu.tw/
28,accommodation note，accommodation paper,融通票據,https://terms.naer.edu.tw/
29,account,帳，帳戶，帳目,https://terms.naer.edu.tw/
30,account balance,帳戶餘額,https://terms.naer.edu.tw/
31,account balanced,結平的帳戶,https://terms.naer.edu.tw/
32,account book,帳簿,https://terms.naer.edu.tw/
33,account classification,帳目分類，會計科目分類,https://terms.naer.edu.tw/
34,account code，account number,帳目編號，會計科目編號,https://terms.naer.edu.tw/
35,account current,往來帳,https://terms.naer.edu.tw/
36,account form,帳戶式,https://terms.naer.edu.tw/
37,account form of balance sheet,帳戶式資產負債表，帳戶式平衡表,https://terms.naer.edu.tw/
38,account form of income statement,帳戶式損益表,https://terms.naer.edu.tw/
39,account of bankruptcy,破產帳,https://terms.naer.edu.tw/
40,account of executors,遺產清冊,https://terms.naer.edu.tw/
41,account of payments,支付表,https://terms.naer.edu.tw/
42,account of proceedings,遺產會計報告,https://terms.naer.edu.tw/
43,account of receipts,收入表,https://terms.naer.edu.tw/
44,account of the exchequer,國庫帳,https://terms.naer.edu.tw/
45,account of treasury,公庫帳,https://terms.naer.edu.tw/
46,account sales,承銷清單，賒銷,https://terms.naer.edu.tw/
47,account stated,認定帳款，債權人認可的帳款,https://terms.naer.edu.tw/
48,account title,帳目名稱，會計科目,https://terms.naer.edu.tw/
49,account transfer memo,轉帳通知單,https://terms.naer.edu.tw/
50,accountability,財務責任，會計責任,https://terms.naer.edu.tw/
51,accountability unit,責任單位,https://terms.naer.edu.tw/
52,accountable,應負財務責任的，應計列的,https://terms.naer.edu.tw/
53,accountable condition，accountable event,應負責事實，應負責事件,https://terms.naer.edu.tw/
54,accountable person,應負財務責任人員,https://terms.naer.edu.tw/
55,accountable warrant,責任支出的支付書,https://terms.naer.edu.tw/
56,accountancy,會計職務，會計學術,https://terms.naer.edu.tw/
57,accountant,會計員，會計師,https://terms.naer.edu.tw/
58,accountant in bankruptcy,破產管理人,https://terms.naer.edu.tw/
59,accountant in charge,主辦會計員，主辦會計師,https://terms.naer.edu.tw/
60,accountant's handbook,會計大全，會計人員手冊,https://terms.naer.edu.tw/
61,accounting,會計，會計學,https://terms.naer.edu.tw/
62,accounting basis,會計基礎,https://terms.naer.edu.tw/
63,accounting book,會計簿籍,https://terms.naer.edu.tw/
64,accounting control,會計控制,https://terms.naer.edu.tw/
65,accounting convention,會計慣例,https://terms.naer.edu.tw/
66,accounting document,會計憑證，會計文書,https://terms.naer.edu.tw/
67,accounting entity,會計個體,https://terms.naer.edu.tw/
68,accounting equation，accounting identity,會計方程式,https://terms.naer.edu.tw/
69,accounting ethics,會計道德,https://terms.naer.edu.tw/
70,accounting evidence,會計憑證,https://terms.naer.edu.tw/
71,accounting information,會計情報，會計資料,https://terms.naer.edu.tw/
72,accounting information system,會計情報制度，會計資料系統,https://terms.naer.edu.tw/
73,accounting law,會計法,https://terms.naer.edu.tw/
74,accounting machine,會計機器,https://terms.naer.edu.tw/
75,accounting manual,會計手冊，會計規程,https://terms.naer.edu.tw/
76,accounting period,會計期間，會計年度,https://terms.naer.edu.tw/
77,accounting personnel,會認人員,https://terms.naer.edu.tw/
78,accounting policy,會計政策,https://terms.naer.edu.tw/
79,accounting practice,會計實務,https://terms.naer.edu.tw/
80,accounting principles,會計原則,https://terms.naer.edu.tw/
81,accounting procedure,會計程式,https://terms.naer.edu.tw/
82,accounting record,會計記錄,https://terms.naer.edu.tw/
83,accounting report,會計報告,https://terms.naer.edu.tw/
84,accounting standard,會計標準,https://terms.naer.edu.tw/
85,accounting statement,會計報表,https://terms.naer.edu.tw/
86,accounting system,會計制度,https://terms.naer.edu.tw/
87,accounting terminology,會計名詞,https://terms.naer.edu.tw/
88,accounting theory,會計理論,https://terms.naer.edu.tw/
89,accounting transaction,會計事項,https://terms.naer.edu.tw/
90,accounting unit,會計單位,https://terms.naer.edu.tw/
91,accounting valuation,會計評價，會計計價,https://terms.naer.edu.tw/
92,accounts payable,應付帳款,https://terms.naer.edu.tw/
93,accounts payable ledger,應付帳款分類帳,https://terms.naer.edu.tw/
94,accounts payable register,應付帳款登記簿,https://terms.naer.edu.tw/
95,accounts receivable,應收帳款,https://terms.naer.edu.tw/
96,accounts receivable aging schedule,應收帳款期間分析表,https://terms.naer.edu.tw/
97,accounts receivable assigned,應收帳款轉讓，轉讓應收帳款,https://terms.naer.edu.tw/
98,accounts receivable discounted,應收帳款貼現,https://terms.naer.edu.tw/
99,accounts receivable ledger,應收帳款分類帳,https://terms.naer.edu.tw/
100,accounts receivable register,應收帳款登記簿,https://terms.naer.edu.tw/
101,accretion,孳長,https://terms.naer.edu.tw/
102,accrual,應計數,https://terms.naer.edu.tw/
103,accrual accounting,應計制會計,https://terms.naer.edu.tw/
104,accrual basis,應計制，權責發生制，應計基礎,https://terms.naer.edu.tw/
105,accrual basis accounting,應計制會計，權責發生制會計，應計基礎會計,https://terms.naer.edu.tw/
106,accrued asset,應計資產,https://terms.naer.edu.tw/
107,accrued depreciation,應計折舊,https://terms.naer.edu.tw/
108,accrued expense,應計費用,https://terms.naer.edu.tw/
109,accrued income，accrued revenue,應計收益，應計所入,https://terms.naer.edu.tw/
110,accrued interest on bond sold,應計售出債券利息,https://terms.naer.edu.tw/
111,accrued interest on investment,應計投資利息,https://terms.naer.edu.tw/
112,accrued interest payable,應付利息，應付應計利息,https://terms.naer.edu.tw/
113,accrued interest receivable,應收利息，應收應計利息,https://terms.naer.edu.tw/
114,accrued liability,應計負債,https://terms.naer.edu.tw/
115,accrued payables,應付專案，應付應計專案,https://terms.naer.edu.tw/
116,accrued payroll,應計薪資,https://terms.naer.edu.tw/
117,accrued receivables,應收項目，應收應計項目,https://terms.naer.edu.tw/
118,accrued rent payable,應付租金,https://terms.naer.edu.tw/
119,accrued rent receivable,應收租金,https://terms.naer.edu.tw/
120,accrued revenue,應計收入，應計所入,https://terms.naer.edu.tw/
121,accrued revenues and expenditures basis,應計所入與支出制,https://terms.naer.edu.tw/
122,accrued revenues and expenses basis,應計所入與費用制,https://terms.naer.edu.tw/
123,accrued taxes,應計稅捐,https://terms.naer.edu.tw/
124,accrued taxes payable,應付稅捐，應付應計稅捐,https://terms.naer.edu.tw/
125,accrued wages,應計工資,https://terms.naer.edu.tw/
126,accrued wages payable,應付工資，應付應計工資,https://terms.naer.edu.tw/
127,accrued-expenditure basis,應計支出制,https://terms.naer.edu.tw/
128,accumulated amount of 1，compound amount of 1,一元複利終值,https://terms.naer.edu.tw/
129,accumulated deficit,累計虧絀，累積虧絀,https://terms.naer.edu.tw/
130,accumulated depreciation,累計折舊，累積折舊,https://terms.naer.edu.tw/
131,accumulated income，accumulated earnings，accumulated profit,累積收益，累積利益,https://terms.naer.edu.tw/
132,accumulated surplus,累積盈餘,https://terms.naer.edu.tw/
133,accumulation of discount,折價的累積,https://terms.naer.edu.tw/
134,accumulative sinking fund,累積償債基金,https://terms.naer.edu.tw/
135,acid test,酸性測驗,https://terms.naer.edu.tw/
136,acquired surplus,取得公積，受盤公積,https://terms.naer.edu.tw/
137,acquisition adjustment,取得額調整數,https://terms.naer.edu.tw/
138,acquisition cost,取得成本,https://terms.naer.edu.tw/
139,act of bankruptcy,破產法,https://terms.naer.edu.tw/
140,activity account,作業帳戶，業務帳戶,https://terms.naer.edu.tw/
141,activity accounting,作業會計，業務會計,https://terms.naer.edu.tw/
142,activity classification,作業分類，業務分類,https://terms.naer.edu.tw/
143,actual cost,實際成本,https://terms.naer.edu.tw/
144,actual depreciation,實際折舊,https://terms.naer.edu.tw/
145,actual liability,實際負債,https://terms.naer.edu.tw/
146,actual value,實際價值,https://terms.naer.edu.tw/
147,actuarial basis,精演算法，保險統計數學法,https://terms.naer.edu.tw/
148,actuary,保險精算員,https://terms.naer.edu.tw/
149,ad valorem,從價,https://terms.naer.edu.tw/
150,addition,增添(指固定資產),https://terms.naer.edu.tw/
151,addition and betterment,增添與改良,https://terms.naer.edu.tw/
152,additional mark on,再加價,https://terms.naer.edu.tw/
153,adjunct account,附加帳戶,https://terms.naer.edu.tw/
154,adjusted basis,調整法(美所得稅)，調整基礎,https://terms.naer.edu.tw/
155,adjusted gross income,調整後總[毛]所得(美所得稅),https://terms.naer.edu.tw/
156,adjusted historical cost,高速後歷史成本,https://terms.naer.edu.tw/
157,adjusted income statement,調整後損益表,https://terms.naer.edu.tw/
158,adjusting entry，AJE，adjusting journal entry,調整分錄,https://terms.naer.edu.tw/
159,adjustment,調整,https://terms.naer.edu.tw/
160,adjustment account,調整帳戶,https://terms.naer.edu.tw/
161,adjustment memo,調整單,https://terms.naer.edu.tw/
162,adjustment period,調整期間,https://terms.naer.edu.tw/
163,administration budget,行政預算,https://terms.naer.edu.tw/
164,administration expense，administrative expense,管理費用,https://terms.naer.edu.tw/
165,administrative accounting,管理會計,https://terms.naer.edu.tw/
166,administrative audit,行政審計,https://terms.naer.edu.tw/
167,administrative cost,管理成本,https://terms.naer.edu.tw/
168,administrator,管理人，遺產管理人,https://terms.naer.edu.tw/
169,admissible asset,認可資產,https://terms.naer.edu.tw/
170,admitted asset,認可資產(保險會計),https://terms.naer.edu.tw/
171,ADR，asset depreciation range,資產折舊限距,https://terms.naer.edu.tw/
172,advance,預付，墊款，預收,https://terms.naer.edu.tw/
173,advance to officers and employees,職工借支,https://terms.naer.edu.tw/
174,adventure account,投機買賣帳,https://terms.naer.edu.tw/
175,advertising expense,廣告費,https://terms.naer.edu.tw/
176,advice of audit,審核通知,https://terms.naer.edu.tw/
177,affiliated company，affiliated corporation,聯絡公司,https://terms.naer.edu.tw/
178,affiliated interest,聯絡股權,https://terms.naer.edu.tw/
179,affreightment,海運契約,https://terms.naer.edu.tw/
180,after date,發票後,https://terms.naer.edu.tw/
181,after sight,見票後,https://terms.naer.edu.tw/
182,after-acquired property clause,包括後產,https://terms.naer.edu.tw/
183,after-cost,事後成本,https://terms.naer.edu.tw/
184,age,壽年，年限,https://terms.naer.edu.tw/
185,agency,代理，機關,https://terms.naer.edu.tw/
186,agency account,代理帳目,https://terms.naer.edu.tw/
187,agency accounting,代理會計，單位元會計,https://terms.naer.edu.tw/
188,agency accounting entity,機關會計個體,https://terms.naer.edu.tw/
189,agency fund,代理基金,https://terms.naer.edu.tw/
190,agency liability,代理債務,https://terms.naer.edu.tw/
191,agent,代理人,https://terms.naer.edu.tw/
192,aggregate balance sheet，amalgamated balance sheet,合併平衡表,https://terms.naer.edu.tw/
193,aging,按期分類,https://terms.naer.edu.tw/
194,AICPA，American Institute of Certified Public Accountants,美國會計師協會,https://terms.naer.edu.tw/
195,all funds-combined balance sheet,全部基金綜合平衡表,https://terms.naer.edu.tw/
196,all-inclusive income statement,總括式損益表,https://terms.naer.edu.tw/
197,all-purpose financial statement,通用財務報告,https://terms.naer.edu.tw/
198,allied company,聯絡公司,https://terms.naer.edu.tw/
199,allocation,分攤，分派，整數經費分派,https://terms.naer.edu.tw/
200,allot,分配,https://terms.naer.edu.tw/
201,allotment,分配，經費分配,https://terms.naer.edu.tw/
202,allotment ledger,經費分配分類帳,https://terms.naer.edu.tw/
203,allotment period,分配期間,https://terms.naer.edu.tw/
204,allowance,津貼，折讓，借抵,https://terms.naer.edu.tw/
205,allowance for amortization,借抵攤銷,https://terms.naer.edu.tw/
206,allowance for bad debts,借抵壞帳,https://terms.naer.edu.tw/
207,allowance for depreciation,借抵折舊,https://terms.naer.edu.tw/
208,allowance for uncollectible taxes,借抵壞稅,https://terms.naer.edu.tw/
209,allowance on sales，sales allowance,銷售折讓,https://terms.naer.edu.tw/
210,allowances and rebates,折讓與回扣,https://terms.naer.edu.tw/
211,alteration,修改,https://terms.naer.edu.tw/
212,alternative cost,交替成本,https://terms.naer.edu.tw/
213,alternative tax computation,交替賦稅計算,https://terms.naer.edu.tw/
214,alternatives,交替，抉擇,https://terms.naer.edu.tw/
215,amalgamated balance sheet，consolidated balance sheet,合併資產負債表，合併平衡表,https://terms.naer.edu.tw/
216,amalgamation,創立合併,https://terms.naer.edu.tw/
217,amortization,攤銷，攤還,https://terms.naer.edu.tw/
218,amortization of premium,溢價攤銷,https://terms.naer.edu.tw/
219,amortization schedule,攤算表,https://terms.naer.edu.tw/
220,amortize,攤銷，攤還,https://terms.naer.edu.tw/
221,amortized cost,攤余成本,https://terms.naer.edu.tw/
222,amount of 1，compound amount of 1,一元本利和，一元複利,https://terms.naer.edu.tw/
223,amount of an annuity,年金金額,https://terms.naer.edu.tw/
224,analysis of asset changes,資產變動分析表,https://terms.naer.edu.tw/
225,analysis of capital changes,資本變動分析表,https://terms.naer.edu.tw/
226,analysis of changes in unappropriated surplus,未支配剩餘變動分析表,https://terms.naer.edu.tw/
227,analysis of cost variance,成本差異分析,https://terms.naer.edu.tw/
228,analysis of financial statement,財務報表分析,https://terms.naer.edu.tw/
229,analysis of funds flow,資金流程分析,https://terms.naer.edu.tw/
230,analysis sheet，analytical statement,分析表,https://terms.naer.edu.tw/
231,analytic product,分成的產品,https://terms.naer.edu.tw/
232,analytic schedule,火險風險表,https://terms.naer.edu.tw/
233,analytical accounting,分析會計,https://terms.naer.edu.tw/
234,analytical column,分析欄,https://terms.naer.edu.tw/
235,analytical journal，columnar journal,多欄日記帳,https://terms.naer.edu.tw/
236,analytical record,分析記錄,https://terms.naer.edu.tw/
237,ancillary revenue,副業收入，副業所入,https://terms.naer.edu.tw/
238,annexed budget,附屬預算,https://terms.naer.edu.tw/
239,annual audit,年度查帳，年度審計,https://terms.naer.edu.tw/
240,annual financial statement,年度財務報表,https://terms.naer.edu.tw/
241,annual report,年度報告,https://terms.naer.edu.tw/
242,annualize,化年計算,https://terms.naer.edu.tw/
243,annuitant,年金受領人,https://terms.naer.edu.tw/
244,annuities payable,應付年金,https://terms.naer.edu.tw/
245,annuity,年金,https://terms.naer.edu.tw/
246,annuity agreement,年金契約,https://terms.naer.edu.tw/
247,annuity certain,確定年金,https://terms.naer.edu.tw/
248,annuity cost,年金成本,https://terms.naer.edu.tw/
249,annuity due,期初年金,https://terms.naer.edu.tw/
250,annuity fund,年金基金,https://terms.naer.edu.tw/
251,annuity method (of depreciation),年金法(折舊),https://terms.naer.edu.tw/
252,annuity period,年金期間,https://terms.naer.edu.tw/
253,annuity trust account,年金信託帳,https://terms.naer.edu.tw/
254,antedate,提前日期,https://terms.naer.edu.tw/
255,anticipated cost,預期成本,https://terms.naer.edu.tw/
256,anticipated profit,預期利益,https://terms.naer.edu.tw/
257,anticipated revenue,預期收入，預期所入,https://terms.naer.edu.tw/
258,anticipation warrants payable,預期應付支付書,https://terms.naer.edu.tw/
259,antilogarithm,真數,https://terms.naer.edu.tw/
260,application and allotment book,股份認購及分配簿,https://terms.naer.edu.tw/
261,application for share,認股書,https://terms.naer.edu.tw/
262,application of fund statement，statement of application of funds,資金運用表,https://terms.naer.edu.tw/
263,application of funds,資金運用,https://terms.naer.edu.tw/
264,applied cost,已分配成本,https://terms.naer.edu.tw/
265,applied expense,已分配費用,https://terms.naer.edu.tw/
266,applied manufacturing expense,已分配製造費用,https://terms.naer.edu.tw/
267,applied material handling expense,已分配材料管理費用,https://terms.naer.edu.tw/
268,applied selling and administrative expense,已分配推銷與管理費用,https://terms.naer.edu.tw/
269,apportioned charge,分攤費用,https://terms.naer.edu.tw/
270,apportionment，allotment,分攤，分配,https://terms.naer.edu.tw/
271,appraisal company,估價公司,https://terms.naer.edu.tw/
272,appraisal method (of depreciation),估價法(折舊),https://terms.naer.edu.tw/
273,appraisal of plant,產業估價，廠房估價,https://terms.naer.edu.tw/
274,appraisal report,估價報告,https://terms.naer.edu.tw/
275,appraisal surplus,估價公積，估價盈餘,https://terms.naer.edu.tw/
276,appraisal，appraisement,估價,https://terms.naer.edu.tw/
277,appraised value,估定價值,https://terms.naer.edu.tw/
278,appraiser,估價人，評價人,https://terms.naer.edu.tw/
279,appreciated value,增漲價值，增值,https://terms.naer.edu.tw/
280,appreciation,漲價，增值,https://terms.naer.edu.tw/
281,appreciation surplus，appraisal surplus,漲價公積，增值公積,https://terms.naer.edu.tw/
282,appropriated material,指撥材料,https://terms.naer.edu.tw/
283,appropriated profit,指撥利益,https://terms.naer.edu.tw/
284,appropriated surplus,指撥公積,https://terms.naer.edu.tw/
285,appropriation,指撥，經費，核定經費,https://terms.naer.edu.tw/
286,appropriation account,經費帳，盈餘分配帳(英),https://terms.naer.edu.tw/
287,appropriation act，bill，ordinance，resolution，or order,經費法案,https://terms.naer.edu.tw/
288,appropriation allotment,經費分配,https://terms.naer.edu.tw/
289,appropriation balance,經費餘額,https://terms.naer.edu.tw/
290,appropriation budget,經費預算,https://terms.naer.edu.tw/
291,appropriation expenditure,經費支出,https://terms.naer.edu.tw/
292,appropriation expenditure ledger,經費支出分類帳,https://terms.naer.edu.tw/
293,appropriation ledger,經費分類帳,https://terms.naer.edu.tw/
294,appropriation of net income,盈餘分配，淨益分配,https://terms.naer.edu.tw/
295,appropriation period,經費期間,https://terms.naer.edu.tw/
296,appropriation receipt,經費收入,https://terms.naer.edu.tw/
297,appropriation refund,經費收回,https://terms.naer.edu.tw/
298,appropriation reimbursement,經費補償,https://terms.naer.edu.tw/
299,appropriation request,經費申請書,https://terms.naer.edu.tw/
300,appropriation section,盈餘分配之部,https://terms.naer.edu.tw/
301,approval sales,試銷,https://terms.naer.edu.tw/
302,approved budget,核定預算,https://terms.naer.edu.tw/
303,arbitrage,套利,https://terms.naer.edu.tw/
304,arbitrage account,國外套彙帳,https://terms.naer.edu.tw/
305,arithmetic chart,算術圖表,https://terms.naer.edu.tw/
306,arithmetic mean,算術平均數,https://terms.naer.edu.tw/
307,arithmetic progression,算術級數,https://terms.naer.edu.tw/
308,arm's-length,正常的,https://terms.naer.edu.tw/
309,arm's-length transaction,正常交易,https://terms.naer.edu.tw/
310,arrival draft,貨到憑付匯票,https://terms.naer.edu.tw/
311,articles of association，articles of incorporation,公司章程,https://terms.naer.edu.tw/
312,articles of co-partnership,合夥契約,https://terms.naer.edu.tw/
313,artificial person,法人,https://terms.naer.edu.tw/
314,as at,截止日,https://terms.naer.edu.tw/
315,as is,現況,https://terms.naer.edu.tw/
316,ask price,討價,https://terms.naer.edu.tw/
317,assemble sequence,裝配順序,https://terms.naer.edu.tw/
318,assembly,裝配，配件,https://terms.naer.edu.tw/
319,assembly cost system,裝配成本制度,https://terms.naer.edu.tw/
320,assembly type of industry,裝配式工業,https://terms.naer.edu.tw/
321,assess,評估,https://terms.naer.edu.tw/
322,assessable capital stock,可催繳股本,https://terms.naer.edu.tw/
323,assessed valuation，assessed value,政府評定價值,https://terms.naer.edu.tw/
324,assessment,攤派股款，評價，特捐,https://terms.naer.edu.tw/
325,assessment roll,政府評價清冊,https://terms.naer.edu.tw/
326,assessor,評估人,https://terms.naer.edu.tw/
327,asset,資產,https://terms.naer.edu.tw/
328,asset depreciation range，ADR,資產折舊限距,https://terms.naer.edu.tw/
329,asset ratio,資產比率,https://terms.naer.edu.tw/
330,asset-income ratio,資產收益比率,https://terms.naer.edu.tw/
331,assets and liabilities accounts,資產負債帳目，資產負債帳戶,https://terms.naer.edu.tw/
332,assignable indirect charge,可分配間接開支,https://terms.naer.edu.tw/
333,assignment,轉讓,https://terms.naer.edu.tw/
334,assistant accountant,助理會計,https://terms.naer.edu.tw/
335,associated company,聯絡公司,https://terms.naer.edu.tw/
336,association,公益社團，相聯,https://terms.naer.edu.tw/
337,assumed cost，interest，etc,假定成本，利息等,https://terms.naer.edu.tw/
338,assumed liability,承擔負債,https://terms.naer.edu.tw/
339,at par,照面價,https://terms.naer.edu.tw/
340,audit,查帳，審計,https://terms.naer.edu.tw/
341,audit adjustment,查帳調整,https://terms.naer.edu.tw/
342,audit certificate,查帳證明書,https://terms.naer.edu.tw/
343,audit clerk,查帳佐理員,https://terms.naer.edu.tw/
344,audit diary,查帳日記,https://terms.naer.edu.tw/
345,audit expense,查帳費用,https://terms.naer.edu.tw/
346,audit fee,查帳公費,https://terms.naer.edu.tw/
347,audit law,審計法,https://terms.naer.edu.tw/
348,audit period,查帳期間,https://terms.naer.edu.tw/
349,audit program,查帳計畫,https://terms.naer.edu.tw/
350,audit report,查帳報告，審核報告,https://terms.naer.edu.tw/
351,audit standards,查帳標準,https://terms.naer.edu.tw/
352,audit working papers，audit working sheet,查帳工作底稿,https://terms.naer.edu.tw/
353,audit year,查帳年度,https://terms.naer.edu.tw/
354,audited claims payable,應付核定債務,https://terms.naer.edu.tw/
355,audited voucher,核訖憑單,https://terms.naer.edu.tw/
356,auditing,審計，審計學,https://terms.naer.edu.tw/
357,auditing by tests and scrutiny,抽查,https://terms.naer.edu.tw/
358,auditing officers,審計人員,https://terms.naer.edu.tw/
359,auditing offices,審計機關,https://terms.naer.edu.tw/
360,auditing standard,審計準則,https://terms.naer.edu.tw/
361,auditor,查帳員,https://terms.naer.edu.tw/
362,auditor's certificate,查帳證明書,https://terms.naer.edu.tw/
363,auditor's comments,查帳評論,https://terms.naer.edu.tw/
364,auditor's liability,查帳員責任,https://terms.naer.edu.tw/
365,auditor's opinion,查帳意見,https://terms.naer.edu.tw/
366,auditor's report,查帳報告,https://terms.naer.edu.tw/
367,auditor's responsibility,查帳責任,https://terms.naer.edu.tw/
368,authority,公益機關,https://terms.naer.edu.tw/
369,authority bonds,公益機關債券,https://terms.naer.edu.tw/
370,authority for expenditure，AFE,支出核准書,https://terms.naer.edu.tw/
371,authority to purchase,委託購買證,https://terms.naer.edu.tw/
372,authorization of resources,資源的核定,https://terms.naer.edu.tw/
373,authorized capital,額定資本,https://terms.naer.edu.tw/
374,authorized capital stock,額定股本,https://terms.naer.edu.tw/
375,authorized mortgage bonds,額定抵押債券,https://terms.naer.edu.tw/
376,authorized value,額定價值,https://terms.naer.edu.tw/
377,automatic data processing，ADP，electronic data processing，EDP,自動化資料處理，電子化資料處理,https://terms.naer.edu.tw/
378,automatic reinstatement,自動續保,https://terms.naer.edu.tw/
379,auxiliary activities,附屬業務,https://terms.naer.edu.tw/
380,auxiliary book,補助帳簿,https://terms.naer.edu.tw/
381,auxiliary equipment,附屬設備,https://terms.naer.edu.tw/
382,auxiliary material,輔助材料,https://terms.naer.edu.tw/
383,auxiliary record,補助記錄,https://terms.naer.edu.tw/
384,available (earned) surplus,可用(營業)盈餘,https://terms.naer.edu.tw/
385,available assets,可用資產,https://terms.naer.edu.tw/
386,available balance,可用餘額,https://terms.naer.edu.tw/
387,available cash,可用現金,https://terms.naer.edu.tw/
388,available income,可用收益,https://terms.naer.edu.tw/
389,average balance,平均餘額,https://terms.naer.edu.tw/
390,average capital,平均資本,https://terms.naer.edu.tw/
391,average capital ratio method,平均資本比率法,https://terms.naer.edu.tw/
392,average collection period,平均收帳期,https://terms.naer.edu.tw/
393,average cost,平均成本,https://terms.naer.edu.tw/
394,average cost method,平均成本法,https://terms.naer.edu.tw/
395,average deviation,平均差,https://terms.naer.edu.tw/
396,average due date,平均到期日,https://terms.naer.edu.tw/
397,average earnings,平均營業收益,https://terms.naer.edu.tw/
398,average inventory,平均存貨,https://terms.naer.edu.tw/
399,average investment,平均投資,https://terms.naer.edu.tw/
400,average life,平均壽年,https://terms.naer.edu.tw/
401,average outgoing quality limit,平均通過品質限度,https://terms.naer.edu.tw/
402,average outgoing quality，AOQ,平均通過品質,https://terms.naer.edu.tw/
403,average price method,平均價格法,https://terms.naer.edu.tw/
404,average sample number,平均選樣數量,https://terms.naer.edu.tw/
405,average stock,平均存貨,https://terms.naer.edu.tw/
406,average unit cost,平均單位成本,https://terms.naer.edu.tw/
407,average unit price,平均單價,https://terms.naer.edu.tw/
408,averaging maturity,平均到期日,https://terms.naer.edu.tw/
409,avoidable cost,可免成本,https://terms.naer.edu.tw/
410,award of bid,決標,https://terms.naer.edu.tw/
411,axiom,公理,https://terms.naer.edu.tw/
412,back freight,退貨運費,https://terms.naer.edu.tw/
413,back order,延期交貨,https://terms.naer.edu.tw/
414,back order memo,延期交貨通知,https://terms.naer.edu.tw/
415,back spread,無差價利益(倫敦證券交易所),https://terms.naer.edu.tw/
416,backwardation,延期交割費(英),https://terms.naer.edu.tw/
417,bad assets,壞資產,https://terms.naer.edu.tw/
418,bad check,空頭支票,https://terms.naer.edu.tw/
419,bad debt,壞帳，呆帳,https://terms.naer.edu.tw/
420,bailee,受寄託人,https://terms.naer.edu.tw/
421,bailment,寄託,https://terms.naer.edu.tw/
422,bailor,寄託人,https://terms.naer.edu.tw/
423,balance,餘額，差額，平衡,https://terms.naer.edu.tw/
424,balance account,結算帳戶,https://terms.naer.edu.tw/
425,balance brought forward,餘額承前,https://terms.naer.edu.tw/
426,balance brought forward from last year,上年結轉餘額,https://terms.naer.edu.tw/
427,balance carried down,餘額移後,https://terms.naer.edu.tw/
428,balance form of profit and loss statement，account form of profit and loss statement,帳戶式損益表,https://terms.naer.edu.tw/
429,balance formward,餘額移後,https://terms.naer.edu.tw/
430,balance of stock system，balance of stores system,永續盤存制,https://terms.naer.edu.tw/
431,balance of stores record,存料餘額記錄,https://terms.naer.edu.tw/
432,balance of trade [or payment],國際貿易[收支]差額,https://terms.naer.edu.tw/
433,balance sheet,資產負債表，平衡表,https://terms.naer.edu.tw/
434,balance sheet accounts,資產負債表帳戶，平衡表帳目,https://terms.naer.edu.tw/
435,balance sheet analysis,平衡表分析,https://terms.naer.edu.tw/
436,balance sheet approach,平衡表研究法,https://terms.naer.edu.tw/
437,balance sheet audit,資產負債表審計，平衡表審計,https://terms.naer.edu.tw/
438,balance sheet date,平衡表日期，結帳日,https://terms.naer.edu.tw/
439,balance sheet for all purpose，all purpose balance sheet,通用平衡表,https://terms.naer.edu.tw/
440,balance sheet ratio,資產負債比率,https://terms.naer.edu.tw/
441,balance sheet-income statement ratios,資產負債與損益比率,https://terms.naer.edu.tw/
442,balanced addition,已抵除之增加額(國民會計),https://terms.naer.edu.tw/
443,balanced budget,平衡預算,https://terms.naer.edu.tw/
444,balancing ledger,平衡帳戶,https://terms.naer.edu.tw/
445,bank acceptance，banker's acceptance,餘額式分類帳,https://terms.naer.edu.tw/
446,bank account,銀行承兌匯票,https://terms.naer.edu.tw/
447,bank balance,銀行往來帳,https://terms.naer.edu.tw/
448,bank charge,銀行往來餘額,https://terms.naer.edu.tw/
449,bank deposits,銀行手續費,https://terms.naer.edu.tw/
450,bank discount,銀行存款,https://terms.naer.edu.tw/
451,bank draft,銀行貼現息,https://terms.naer.edu.tw/
452,bank loans,銀行匯票,https://terms.naer.edu.tw/
453,bank notes,銀行借款，銀行放款,https://terms.naer.edu.tw/
454,bank overdraft,銀行鈔票，鈔票,https://terms.naer.edu.tw/
455,bank reconciliation,銀行透支,https://terms.naer.edu.tw/
456,bank register,銀行往來調節表,https://terms.naer.edu.tw/
457,bank statement,破產,https://terms.naer.edu.tw/
458,bankruptcy,銀行往來登記簿,https://terms.naer.edu.tw/
459,bareboat charter,銀行結單,https://terms.naer.edu.tw/
460,base period,全權租船契約，空船租賃,https://terms.naer.edu.tw/
461,base-stock method,基期,https://terms.naer.edu.tw/
462,basic cost,基本存量法,https://terms.naer.edu.tw/
463,basic dimension,基額成本,https://terms.naer.edu.tw/
464,basic standard cost,基準尺度,https://terms.naer.edu.tw/
465,basic variance,基本差異,https://terms.naer.edu.tw/
466,basing point,基點,https://terms.naer.edu.tw/
467,basing-point system,基點制，產地加計運費法,https://terms.naer.edu.tw/
468,basis,基礎，基價,https://terms.naer.edu.tw/
469,basis of accounting,會計基礎,https://terms.naer.edu.tw/
470,basis of distribution,分配基礎,https://terms.naer.edu.tw/
471,basket purchase,整購,https://terms.naer.edu.tw/
472,batch costing,整批成本計演算法,https://terms.naer.edu.tw/
473,bear,賣空，空頭,https://terms.naer.edu.tw/
474,bearer bond,無記名債券,https://terms.naer.edu.tw/
475,bearer check,執票人支票，來人支票,https://terms.naer.edu.tw/
476,bearer stock,無記名股份,https://terms.naer.edu.tw/
477,bearer stock certificate,無記名股票,https://terms.naer.edu.tw/
478,beating the gun,先期交易(證券),https://terms.naer.edu.tw/
479,beginning inventory,期初存貨,https://terms.naer.edu.tw/
480,below par,低於面值,https://terms.naer.edu.tw/
481,below the line,非經常專案，在界線下,https://terms.naer.edu.tw/
482,beneficial interest,受益權,https://terms.naer.edu.tw/
483,beneficiary,受益人,https://terms.naer.edu.tw/
484,benefit,效益,https://terms.naer.edu.tw/
485,benefit fund reserve,福利基金準備,https://terms.naer.edu.tw/
486,bequest,遺贈,https://terms.naer.edu.tw/
487,betterment,改良,https://terms.naer.edu.tw/
488,bi-statement ratios,兩表比率,https://terms.naer.edu.tw/
489,bias,偏性,https://terms.naer.edu.tw/
490,bid price,標價,https://terms.naer.edu.tw/
491,bid sheet,投標人名單,https://terms.naer.edu.tw/
492,bill,帳單，票據,https://terms.naer.edu.tw/
493,bill discounted,票據貼現，貼現票據,https://terms.naer.edu.tw/
494,bill discounted with collateral securities,附擔保票據貼現，附擔保貼現票據,https://terms.naer.edu.tw/
495,bill of exchange,匯票,https://terms.naer.edu.tw/
496,bill of lading，B/L,提單,https://terms.naer.edu.tw/
497,bill of material,規定用料單,https://terms.naer.edu.tw/
498,bill of sale,買賣契約,https://terms.naer.edu.tw/
499,bill payable,應付票據,https://terms.naer.edu.tw/
500,bill receivable,應收票據,https://terms.naer.edu.tw/
501,bill rediscounted,票據再貼現，再貼現票據,https://terms.naer.edu.tw/
502,billing,開單，開發票,https://terms.naer.edu.tw/
503,billing machine,開發票機,https://terms.naer.edu.tw/
504,bin tag,櫥櫃分格標籤，櫥櫃標籤,https://terms.naer.edu.tw/
505,binding ledger,訂本式分類帳,https://terms.naer.edu.tw/
506,black market price,黑市價格,https://terms.naer.edu.tw/
507,blank endorsement,空白背書,https://terms.naer.edu.tw/
508,blanket insurance,統保,https://terms.naer.edu.tw/
509,blind entry,無說明的分錄,https://terms.naer.edu.tw/
510,block method (for controlling accounts),分段統制帳法,https://terms.naer.edu.tw/
511,blocked currency,管制通貨,https://terms.naer.edu.tw/
512,blotter,草帳,https://terms.naer.edu.tw/
513,blue-sky law,青天法(美各州證券發行法之通稱),https://terms.naer.edu.tw/
514,board of directors,董事會,https://terms.naer.edu.tw/
515,BOM，beginning of month,月初,https://terms.naer.edu.tw/
516,bond,債券，保結,https://terms.naer.edu.tw/
517,bond anticipation notes,債券抵償庫券,https://terms.naer.edu.tw/
518,bond coupon,債券息票,https://terms.naer.edu.tw/
519,bond discount [and expense],債券折價[與費用],https://terms.naer.edu.tw/
520,bond discount unamortized,未攤銷債券折價,https://terms.naer.edu.tw/
521,bond dividend,債券股利(以債券支付的股利),https://terms.naer.edu.tw/
522,bond fund,債券基金，公債基金,https://terms.naer.edu.tw/
523,bond indentures,債券信託契約,https://terms.naer.edu.tw/
524,bond interest,債券利息,https://terms.naer.edu.tw/
525,bond investment,債券投資,https://terms.naer.edu.tw/
526,bond notes,債券式票據,https://terms.naer.edu.tw/
527,bond ordinance or resolution,債券法案,https://terms.naer.edu.tw/
528,bond premium,債券溢價,https://terms.naer.edu.tw/
529,bond register,債券登記簿,https://terms.naer.edu.tw/
530,bond subscription,債券認購書,https://terms.naer.edu.tw/
531,bond valuation,債券評價，債券計價,https://terms.naer.edu.tw/
532,bonded debt，bonded indebtedness,債券債務,https://terms.naer.edu.tw/
533,bonds authorized and unissued,未發額定債券,https://terms.naer.edu.tw/
534,bonds-outstanding method (of amortizing bond discount),現負債額法(攤銷債券折價),https://terms.naer.edu.tw/
535,bonus,獎金，紅利，加給,https://terms.naer.edu.tw/
536,bonus bond,紅利債券(用以給付紅利之債券),https://terms.naer.edu.tw/
537,bonus stock,紅股,https://terms.naer.edu.tw/
538,book cost,帳面成本,https://terms.naer.edu.tw/
539,book debt,帳面債務,https://terms.naer.edu.tw/
540,book entry,帳面記錄,https://terms.naer.edu.tw/
541,book inventory,帳面盤存，帳面存貨,https://terms.naer.edu.tw/
542,book loss,帳面損失,https://terms.naer.edu.tw/
543,book of final entry,終結帳簿，分類帳,https://terms.naer.edu.tw/
544,book of first record,原始帳簿,https://terms.naer.edu.tw/
545,book of original documents for payments,支付憑證簿,https://terms.naer.edu.tw/
546,book of original documents for payments for receipts,收入憑證簿,https://terms.naer.edu.tw/
547,book of original entry,原始帳簿,https://terms.naer.edu.tw/
548,book of secondary entry,轉記帳簿,https://terms.naer.edu.tw/
549,book profit,帳面利益,https://terms.naer.edu.tw/
550,book surplus,帳面盈餘,https://terms.naer.edu.tw/
551,book value,帳面價值,https://terms.naer.edu.tw/
552,book，book of account,帳簿,https://terms.naer.edu.tw/
553,bookings,未交定貨,https://terms.naer.edu.tw/
554,bookkeeper,簿記員,https://terms.naer.edu.tw/
555,bookkeeping,簿記，簿記學,https://terms.naer.edu.tw/
556,bookkeeping by card system,卡片式簿記制,https://terms.naer.edu.tw/
557,bookkeeping system,簿記制度,https://terms.naer.edu.tw/
558,bookkeeping transaction,簿記事項,https://terms.naer.edu.tw/
559,boot,附加財產，補償財產,https://terms.naer.edu.tw/
560,bordereau,摘錄簿,https://terms.naer.edu.tw/
561,Boston ledger,波士頓式分類帳,https://terms.naer.edu.tw/
562,BOY，beginning of year,年初,https://terms.naer.edu.tw/
563,boycott,抵制,https://terms.naer.edu.tw/
564,branch accounting,分支店會計,https://terms.naer.edu.tw/
565,branch accounts,分支店帳目,https://terms.naer.edu.tw/
566,branch cash account,分支店現金帳戶,https://terms.naer.edu.tw/
567,branch consignments，branch shipments,寄交分支店貨物,https://terms.naer.edu.tw/
568,branch control account,分支店統制帳戶,https://terms.naer.edu.tw/
569,branch ledger,分支店分類帳,https://terms.naer.edu.tw/
570,branch office general account,分支店往來帳,https://terms.naer.edu.tw/
571,branch office report,分支店報告,https://terms.naer.edu.tw/
572,break-up value,折卸價值,https://terms.naer.edu.tw/
573,breakdown,細數，次序，損壞，分裂,https://terms.naer.edu.tw/
574,breakeven analysis,兩平分析,https://terms.naer.edu.tw/
575,breakeven chart,損益兩平圖,https://terms.naer.edu.tw/
576,broker,經紀人(證券商),https://terms.naer.edu.tw/
577,broker's loan,經紀人貸款,https://terms.naer.edu.tw/
578,brokerage commission,經紀人傭金,https://terms.naer.edu.tw/
579,brought forward,承前,https://terms.naer.edu.tw/
580,budget,預算,https://terms.naer.edu.tw/
581,budget document,預算書，預算檔,https://terms.naer.edu.tw/
582,budget law,預演算法,https://terms.naer.edu.tw/
583,budget manual,預算手冊,https://terms.naer.edu.tw/
584,budget message,預算諮文,https://terms.naer.edu.tw/
585,budget period,預算期間,https://terms.naer.edu.tw/
586,budget procedure,預算程式,https://terms.naer.edu.tw/
587,budget statement,預算表,https://terms.naer.edu.tw/
588,budget system,預算制度,https://terms.naer.edu.tw/
589,budget variance,預算差異(標準成本制),https://terms.naer.edu.tw/
590,budgetary accounts,預算帳目，預算帳戶,https://terms.naer.edu.tw/
591,budgetary control,預算控制,https://terms.naer.edu.tw/
592,budgeted financial statement,預計財務報表,https://terms.naer.edu.tw/
593,building expense,房屋費用,https://terms.naer.edu.tw/
594,building-and-loan association,建築信用合作社,https://terms.naer.edu.tw/
595,bulk cargo,散裝貨物,https://terms.naer.edu.tw/
596,bull,買空，多頭,https://terms.naer.edu.tw/
597,bullion value,金銀價值,https://terms.naer.edu.tw/
598,bunched cost,整批成本,https://terms.naer.edu.tw/
599,bunched income,整批收益(美所得稅),https://terms.naer.edu.tw/
600,burden,負荷，製造費用,https://terms.naer.edu.tw/
601,burden apportionment，burden distribution,製造費用分配,https://terms.naer.edu.tw/
602,burden center,製造費用中心,https://terms.naer.edu.tw/
603,burden cost,製造費用成本,https://terms.naer.edu.tw/
604,burden rate,製造費用率,https://terms.naer.edu.tw/
605,burden-credit account,已分配製造費用帳戶,https://terms.naer.edu.tw/
606,burden-in-process,在制製造費用,https://terms.naer.edu.tw/
607,burning ratio,火險損失比率,https://terms.naer.edu.tw/
608,business,商業，營業,https://terms.naer.edu.tw/
609,business combination,營業合併，營業結合,https://terms.naer.edu.tw/
610,business corporation,企業公司,https://terms.naer.edu.tw/
611,business cycle,商業迴圈,https://terms.naer.edu.tw/
612,business enterprise [or entity or unit],企業機構[箇體或單位],https://terms.naer.edu.tw/
613,business income,營業收益,https://terms.naer.edu.tw/
614,business paper,商業票據，商用單據,https://terms.naer.edu.tw/
615,business report,營業報告,https://terms.naer.edu.tw/
616,business trust,商業信託,https://terms.naer.edu.tw/
617,business-interruption insurance,停業保險,https://terms.naer.edu.tw/
618,businessman's investment,商業投資,https://terms.naer.edu.tw/
619,but-for income,特殊原由的收益,https://terms.naer.edu.tw/
620,buyer's market,購買者市場，供過於求,https://terms.naer.edu.tw/
621,buying expense,購買費用,https://terms.naer.edu.tw/
622,buying quota,購買估單,https://terms.naer.edu.tw/
623,buying requisition,請購單,https://terms.naer.edu.tw/
624,by product recovery,副產品抵償數,https://terms.naer.edu.tw/
625,bylaws,公司章程[細則],https://terms.naer.edu.tw/
626,byproduct,副產品,https://terms.naer.edu.tw/
627,C & F，cost and freight，C & F price,包括運費價格,https://terms.naer.edu.tw/
628,CA，chartered accountant,會計師,https://terms.naer.edu.tw/
629,call,催繳股款,https://terms.naer.edu.tw/
630,call loan,通知放款,https://terms.naer.edu.tw/
631,call premium,先期償還債券溢價,https://terms.naer.edu.tw/
632,call price,通知償還價格,https://terms.naer.edu.tw/
633,call-up capital,已催繳股本,https://terms.naer.edu.tw/
634,callable bond,通知償還債券,https://terms.naer.edu.tw/
635,calls in arrears,催繳逾期股款,https://terms.naer.edu.tw/
636,cancellation,註銷,https://terms.naer.edu.tw/
637,cancelled check,付訖支票,https://terms.naer.edu.tw/
638,capacity,能量，產能,https://terms.naer.edu.tw/
639,capacity consideration,產能考慮,https://terms.naer.edu.tw/
640,capacity cost,產能成本,https://terms.naer.edu.tw/
641,capacity ratio,產能比率，能率,https://terms.naer.edu.tw/
642,capital,資本,https://terms.naer.edu.tw/
643,capital account,資本帳戶,https://terms.naer.edu.tw/
644,capital adjustment account,資本調整帳戶,https://terms.naer.edu.tw/
645,capital asset account,資本資產帳戶，固定資產帳戶,https://terms.naer.edu.tw/
646,capital asset，fixed asset,資本資產，固定資產,https://terms.naer.edu.tw/
647,capital bonus,股利(英),https://terms.naer.edu.tw/
648,capital budget,資本預算,https://terms.naer.edu.tw/
649,capital coefficient,資本係數(國民會計),https://terms.naer.edu.tw/
650,capital deficit，capital deficiency,資本虧絀,https://terms.naer.edu.tw/
651,capital dividend,資本股利,https://terms.naer.edu.tw/
652,capital expenditure budget,資本支出預算,https://terms.naer.edu.tw/
653,capital expenditure，capital outlay,資本支出,https://terms.naer.edu.tw/
654,capital fund,資本基金,https://terms.naer.edu.tw/
655,capital gain,資本利得,https://terms.naer.edu.tw/
656,capital gain option,資本利得選擇,https://terms.naer.edu.tw/
657,capital goods，fixed assets,資本財，固定資產,https://terms.naer.edu.tw/
658,capital improvement program，capital program,資本性改良工程計畫，資本計畫,https://terms.naer.edu.tw/
659,capital income,資本收益,https://terms.naer.edu.tw/
660,capital investment,資本性投資,https://terms.naer.edu.tw/
661,capital leverage,資本變度，資本槓桿作用,https://terms.naer.edu.tw/
662,capital liability,資本負債，長期負債,https://terms.naer.edu.tw/
663,capital loss,資本損失,https://terms.naer.edu.tw/
664,capital market,資本市場,https://terms.naer.edu.tw/
665,capital profit,資本利益,https://terms.naer.edu.tw/
666,capital projects fund，bond fund,資本計畫基金，債券基金,https://terms.naer.edu.tw/
667,capital receipt,資本收入,https://terms.naer.edu.tw/
668,capital reserve,資本準備,https://terms.naer.edu.tw/
669,capital resources,資本資源,https://terms.naer.edu.tw/
670,capital returned to stock holders in dividends,攤還股本,https://terms.naer.edu.tw/
671,capital revenue，capital income,資本所入，資本收入,https://terms.naer.edu.tw/
672,capital stock,股本,https://terms.naer.edu.tw/
673,capital stock authorized,額定股本,https://terms.naer.edu.tw/
674,capital stock outstanding,發行在外股本,https://terms.naer.edu.tw/
675,capital stock subscribed,已認股本,https://terms.naer.edu.tw/
676,capital stock subscription,認股書,https://terms.naer.edu.tw/
677,capital stock-common,普通股本,https://terms.naer.edu.tw/
678,capital stock-preferred,優先股本,https://terms.naer.edu.tw/
679,capital structure,資本結構,https://terms.naer.edu.tw/
680,capital sum,本金總額,https://terms.naer.edu.tw/
681,capital surplus,資本公積,https://terms.naer.edu.tw/
682,capital turnover,資本週轉率,https://terms.naer.edu.tw/
683,capitalization,資本化，資本結構,https://terms.naer.edu.tw/
684,capitalization ratio,資本結構比率,https://terms.naer.edu.tw/
685,capitalization unit,資本化單位,https://terms.naer.edu.tw/
686,capitalize,資本化，化本,https://terms.naer.edu.tw/
687,capitalized expense,資本化的費用,https://terms.naer.edu.tw/
688,capitalized profit,資本化利益,https://terms.naer.edu.tw/
689,capitalized surplus,資本化公積,https://terms.naer.edu.tw/
690,capitalized value,資本化價值,https://terms.naer.edu.tw/
691,card ledger,卡片式分類帳,https://terms.naer.edu.tw/
692,card of accounts，chart of accounts,帳目表，會計科目表,https://terms.naer.edu.tw/
693,carried interest,附帶權益,https://terms.naer.edu.tw/
694,carry [to],入[帳]，過[帳],https://terms.naer.edu.tw/
695,carry back,抵回，抵前(美所得稅),https://terms.naer.edu.tw/
696,carry down,結帳，轉下,https://terms.naer.edu.tw/
697,carry forward,轉後(美所得稅),https://terms.naer.edu.tw/
698,carrying charge,存置資產費用,https://terms.naer.edu.tw/
699,carrying value,帳面價值，押品作價,https://terms.naer.edu.tw/
700,carryover,結轉後期(美所得稅),https://terms.naer.edu.tw/
701,cartage-in,購貨車力,https://terms.naer.edu.tw/
702,cartage-out,銷貨車力,https://terms.naer.edu.tw/
703,cash,現金,https://terms.naer.edu.tw/
704,cash account method (of cash budget),現金法(現金預算),https://terms.naer.edu.tw/
705,cash asset,現金資產,https://terms.naer.edu.tw/
706,cash audit,現金審核,https://terms.naer.edu.tw/
707,cash balance,現金餘額,https://terms.naer.edu.tw/
708,cash basis,現金制，現金基礎，收付實現制,https://terms.naer.edu.tw/
709,cash basis of accounting,現金制會計，現金基礎會計，收付實現制會計,https://terms.naer.edu.tw/
710,cash bonus,現金紅利,https://terms.naer.edu.tw/
711,cash book,現金簿,https://terms.naer.edu.tw/
712,cash budget,現金預算,https://terms.naer.edu.tw/
713,cash disbursements,現金付出，現金支出,https://terms.naer.edu.tw/
714,cash disbursements journal,現金付出日記簿，現金支出日記簿,https://terms.naer.edu.tw/
715,cash discount,現金折扣,https://terms.naer.edu.tw/
716,cash dividend,現金股利,https://terms.naer.edu.tw/
717,cash flow,現金流程,https://terms.naer.edu.tw/
718,cash flow-statement,現金來源去向表，現金流程表,https://terms.naer.edu.tw/
719,cash fund,現金資金,https://terms.naer.edu.tw/
720,cash in bank，cash in deposit,銀行存款,https://terms.naer.edu.tw/
721,cash in closed bank,倒閉銀行存款,https://terms.naer.edu.tw/
722,cash in transit,在運現金，運送中現金,https://terms.naer.edu.tw/
723,cash in treasury,庫存現金,https://terms.naer.edu.tw/
724,cash items,現金項目,https://terms.naer.edu.tw/
725,cash journal,現金日記簿,https://terms.naer.edu.tw/
726,cash on hand,庫存現金,https://terms.naer.edu.tw/
727,cash paid book,現金付出簿,https://terms.naer.edu.tw/
728,cash payback method (of capital budgeting),現金收回法(資本預算),https://terms.naer.edu.tw/
729,cash payment book,現金付出簿，現金支付簿,https://terms.naer.edu.tw/
730,cash payment journal,現金付出日記簿,https://terms.naer.edu.tw/
731,cash payments,現金支出,https://terms.naer.edu.tw/
732,cash price,現金價格,https://terms.naer.edu.tw/
733,cash purchase,現購,https://terms.naer.edu.tw/
734,cash receipts,現金收入,https://terms.naer.edu.tw/
735,cash receipts book,現金收入薄,https://terms.naer.edu.tw/
736,cash receipts journal,現金收入日記簿,https://terms.naer.edu.tw/
737,cash records,現金記錄,https://terms.naer.edu.tw/
738,cash register,收銀機，現金登記機,https://terms.naer.edu.tw/
739,cash remittance note,解款單,https://terms.naer.edu.tw/
740,cash sale,現銷,https://terms.naer.edu.tw/
741,cash sale book,現銷簿,https://terms.naer.edu.tw/
742,cash sale invoice,現銷發票,https://terms.naer.edu.tw/
743,cash short and over,現金缺溢,https://terms.naer.edu.tw/
744,cash statement,現金表，庫存表,https://terms.naer.edu.tw/
745,cash surrender value,退還金(退保或終止其他契約),https://terms.naer.edu.tw/
746,cash tickets,現銷票,https://terms.naer.edu.tw/
747,cashier,出納員,https://terms.naer.edu.tw/
748,cashier check,銀行本票,https://terms.naer.edu.tw/
749,casual audit,臨時審計,https://terms.naer.edu.tw/
750,casual profit,偶然利益,https://terms.naer.edu.tw/
751,ceiling,限額，上限,https://terms.naer.edu.tw/
752,ceiling price,限價,https://terms.naer.edu.tw/
753,center-ruled ledger,中欄分類帳,https://terms.naer.edu.tw/
754,cents percent,每百元若干分(保險費率),https://terms.naer.edu.tw/
755,certain annuity，annuity certain,確定年金,https://terms.naer.edu.tw/
756,certificate book,股票簿,https://terms.naer.edu.tw/
757,certificate of auditor,查帳證明書,https://terms.naer.edu.tw/
758,certificate of balance sheet,資產負債表審核證明書，平衡表審核證明書,https://terms.naer.edu.tw/
759,certificate of completion of handling over charge,交代清結證明書,https://terms.naer.edu.tw/
760,certificate of deposit,存款證，存款單摺,https://terms.naer.edu.tw/
761,certificate of incorporation,公司登記執照,https://terms.naer.edu.tw/
762,certificate of indebtedness,借據,https://terms.naer.edu.tw/
763,certificate of stock,股票,https://terms.naer.edu.tw/
764,certified check,保付支票,https://terms.naer.edu.tw/
765,certified financial statement,審定財務報表,https://terms.naer.edu.tw/
766,certified public accountant，CPA,註冊合格會計師，會計師,https://terms.naer.edu.tw/
767,certifying officer,付款簽證員,https://terms.naer.edu.tw/
768,cestui que trust,信託受益人,https://terms.naer.edu.tw/
769,cestuis que trustent,信託受益人(複數),https://terms.naer.edu.tw/
770,chain discount,連鎖折扣,https://terms.naer.edu.tw/
771,change fund,找換金,https://terms.naer.edu.tw/
772,channel discount,特殊折扣,https://terms.naer.edu.tw/
773,character classification,性質別分類(帳目),https://terms.naer.edu.tw/
774,charge,開支，借項,https://terms.naer.edu.tw/
775,charge off,出帳，沖銷,https://terms.naer.edu.tw/
776,charge sales,賒銷,https://terms.naer.edu.tw/
777,charge tickets,賒銷發票,https://terms.naer.edu.tw/
778,charge to capital，capital expenditure,資本支出,https://terms.naer.edu.tw/
779,charge-and-discharge statement,經管財產收支表,https://terms.naer.edu.tw/
780,charges against revenue，revenue expenditure,收益支出，所入支出,https://terms.naer.edu.tw/
781,charm price,廉價價格,https://terms.naer.edu.tw/
782,chart,圖表,https://terms.naer.edu.tw/
783,chart of accounts,帳目表，會計科目表，帳目組織系統圖,https://terms.naer.edu.tw/
784,chart of attributes,品質圖,https://terms.naer.edu.tw/
785,charter,執照，包船[車，機]契約，章程,https://terms.naer.edu.tw/
786,charter party,租船契約,https://terms.naer.edu.tw/
787,chartered accountant,註冊合格會計師(英)，會計師(英),https://terms.naer.edu.tw/
788,chartered hire,計時船租費,https://terms.naer.edu.tw/
789,chattel,動產,https://terms.naer.edu.tw/
790,chattel mortgage,動產抵押,https://terms.naer.edu.tw/
791,check,支票，核對,https://terms.naer.edu.tw/
792,check book,支票簿,https://terms.naer.edu.tw/
793,check book stubs,支票存根,https://terms.naer.edu.tw/
794,check figure,核對數,https://terms.naer.edu.tw/
795,check mark,對號，核對符號,https://terms.naer.edu.tw/
796,check register,支票登記簿,https://terms.naer.edu.tw/
797,checking accounts,核對帳目,https://terms.naer.edu.tw/
798,chief accountant,會計主任,https://terms.naer.edu.tw/
799,chronological book,序時帳簿,https://terms.naer.edu.tw/
800,chronological record,序時記錄,https://terms.naer.edu.tw/
801,chunk,定樣,https://terms.naer.edu.tw/
802,CIF price,包括保險與運費的價格,https://terms.naer.edu.tw/
803,CIF，cost，insurance，and freight,貨價包括保險與運費,https://terms.naer.edu.tw/
804,circularization,通函詢證,https://terms.naer.edu.tw/
805,circulating asset，current asset,流動資產,https://terms.naer.edu.tw/
806,circulating capital,流動資金，流動資本,https://terms.naer.edu.tw/
807,circulating liability，current liability,流動負債,https://terms.naer.edu.tw/
808,claim,債權，求償，索賠,https://terms.naer.edu.tw/
809,claimants ledger,債權人分戶帳,https://terms.naer.edu.tw/
810,class cost system,分類成本制,https://terms.naer.edu.tw/
811,class interval,組距,https://terms.naer.edu.tw/
812,class rate,分類費率,https://terms.naer.edu.tw/
813,classification manual,帳目分類手冊,https://terms.naer.edu.tw/
814,classification of accounts,帳目分類，會計科目表,https://terms.naer.edu.tw/
815,classification of costs,成本分類,https://terms.naer.edu.tw/
816,classification of funds,基金分類,https://terms.naer.edu.tw/
817,classified trial balance,分類試算表,https://terms.naer.edu.tw/
818,clear surplus concept,淨盈餘學說,https://terms.naer.edu.tw/
819,clearing account，suspense account,暫記帳，過渡帳戶,https://terms.naer.edu.tw/
820,clearing house,票據交換所,https://terms.naer.edu.tw/
821,clearing house statement,票據交換所報表,https://terms.naer.edu.tw/
822,clerical error,筆誤,https://terms.naer.edu.tw/
823,client,委託人，當事人,https://terms.naer.edu.tw/
824,client ledger,委託人分戶帳,https://terms.naer.edu.tw/
825,clock card,上下工記時卡,https://terms.naer.edu.tw/
826,close corporation,股份不公開公司,https://terms.naer.edu.tw/
827,closed account,已結帳戶,https://terms.naer.edu.tw/
828,closed mortgage [or bonds],限額抵押[或債券]，滿額抵押[或債券],https://terms.naer.edu.tw/
829,closed-end investment company,閉口投資公司,https://terms.naer.edu.tw/
830,closing,結算，結帳,https://terms.naer.edu.tw/
831,closing accounts，closing the books,結帳,https://terms.naer.edu.tw/
832,closing balance,期終餘額,https://terms.naer.edu.tw/
833,closing date,結算日期,https://terms.naer.edu.tw/
834,closing entry,結帳記錄，結帳分錄,https://terms.naer.edu.tw/
835,closing trial balance，postclosing trial balance,結帳試算表，結帳後試算表,https://terms.naer.edu.tw/
836,co-partner，partner,合夥人,https://terms.naer.edu.tw/
837,COD，cash on delivery，collect on delivery,貨到付款,https://terms.naer.edu.tw/
838,code number,編號號數,https://terms.naer.edu.tw/
839,code of professional ethics,會計師職業道德規範,https://terms.naer.edu.tw/
840,coding，codification,編號,https://terms.naer.edu.tw/
841,coefficient,係數,https://terms.naer.edu.tw/
842,coinsurance clause,共同保險條款,https://terms.naer.edu.tw/
843,collateral,抵押品,https://terms.naer.edu.tw/
844,collateral-trust bonds,抵押信託債券,https://terms.naer.edu.tw/
845,collateralize,抵押借款,https://terms.naer.edu.tw/
846,collection,徵收，收帳,https://terms.naer.edu.tw/
847,collection charge，collection fee,代收票據費,https://terms.naer.edu.tw/
848,collection expense,收帳費用,https://terms.naer.edu.tw/
849,collection period,收帳期間,https://terms.naer.edu.tw/
850,collective account，controlling account,統制帳戶,https://terms.naer.edu.tw/
851,collector's roll，tax roll,賦稅徵收清冊,https://terms.naer.edu.tw/
852,columnar analysis，columnar sheet,多欄式分析表,https://terms.naer.edu.tw/
853,columnar book,多欄式帳簿,https://terms.naer.edu.tw/
854,columnar journal,多欄日記簿,https://terms.naer.edu.tw/
855,columnar record,多欄記錄,https://terms.naer.edu.tw/
856,columnar system,多欄式,https://terms.naer.edu.tw/
857,columnar work sheet,多欄式計算表,https://terms.naer.edu.tw/
858,combination,聯合，聯營，合併,https://terms.naer.edu.tw/
859,combination bond,聯合債券,https://terms.naer.edu.tw/
860,combination numbering and lettering method,文字數位元混合編號法,https://terms.naer.edu.tw/
861,combination type of industry,聯合式製造業,https://terms.naer.edu.tw/
862,combined balance sheet,合併資產負債表，聯合平衡表,https://terms.naer.edu.tw/
863,combined cost and general ledger,成本與普通聯合分類帳,https://terms.naer.edu.tw/
864,combined depreciation and upkeep method,折舊及保養合併計演算法,https://terms.naer.edu.tw/
865,combined financial statement,聯合財務報表，合併財務報表,https://terms.naer.edu.tw/
866,combined journal and ledger,聯合日記分類帳,https://terms.naer.edu.tw/
867,commercial cost,商業成本，業務費用,https://terms.naer.edu.tw/
868,commercial discount,商業折扣，商業貼現,https://terms.naer.edu.tw/
869,commercial letters of credit,商業信用狀,https://terms.naer.edu.tw/
870,commercial paper,商業票據,https://terms.naer.edu.tw/
871,commission,傭金，手續費,https://terms.naer.edu.tw/
872,commission for collection,收帳傭金,https://terms.naer.edu.tw/
873,commitment，encumbrance,約定付款，承諾，約束，保留數,https://terms.naer.edu.tw/
874,common average,簡單平均，普通海損,https://terms.naer.edu.tw/
875,common carrier,運輸業，承運商,https://terms.naer.edu.tw/
876,common cost,共同成本,https://terms.naer.edu.tw/
877,common dollar accounting,固定幣值會計,https://terms.naer.edu.tw/
878,common logarithm,常用對數,https://terms.naer.edu.tw/
879,common stock,普通股,https://terms.naer.edu.tw/
880,common-law corporation,股份公司,https://terms.naer.edu.tw/
881,common-law trust,商業信託,https://terms.naer.edu.tw/
882,common-size statement,共同比報表,https://terms.naer.edu.tw/
883,community income,共同收益,https://terms.naer.edu.tw/
884,community of interest,共同利益,https://terms.naer.edu.tw/
885,community property,共同財產,https://terms.naer.edu.tw/
886,company law,公司法,https://terms.naer.edu.tw/
887,company limited by guarantee,保證有限公司(英),https://terms.naer.edu.tw/
888,company limited by shares,股份有限公司(英),https://terms.naer.edu.tw/
889,comparative balance sheet,比較資產負債表，比較平衡表,https://terms.naer.edu.tw/
890,comparative cost,比較成本,https://terms.naer.edu.tw/
891,comparative income statement,比較損益表,https://terms.naer.edu.tw/
892,comparative statement,比較表,https://terms.naer.edu.tw/
893,compare,相比(審計),https://terms.naer.edu.tw/
894,compensation insurance,職工賠償保險,https://terms.naer.edu.tw/
895,compensatory balance,最低存額,https://terms.naer.edu.tw/
896,compensatory error，offseting error,抵銷錯誤,https://terms.naer.edu.tw/
897,compiling costs,蒐集成本資料,https://terms.naer.edu.tw/
898,complete [detailed] audit,全部[詳細]審計,https://terms.naer.edu.tw/
899,complete transaction,完整會計事項,https://terms.naer.edu.tw/
900,completion report,完工報告,https://terms.naer.edu.tw/
901,complex number,複素數,https://terms.naer.edu.tw/
902,complex trust,複合信託,https://terms.naer.edu.tw/
903,composite balance sheet,綜合資產負債表，綜合平衡表,https://terms.naer.edu.tw/
904,composite income sheet,綜合損益表,https://terms.naer.edu.tw/
905,composite life,綜合平均壽年,https://terms.naer.edu.tw/
906,composite rate,綜合率,https://terms.naer.edu.tw/
907,composite turnover,綜合週轉數,https://terms.naer.edu.tw/
908,composite-lift method (of depreciation),綜合壽年折舊法,https://terms.naer.edu.tw/
909,composition,債務和解,https://terms.naer.edu.tw/
910,composition depreciation,綜合折舊,https://terms.naer.edu.tw/
911,compound amount of 1,一元本利和,https://terms.naer.edu.tw/
912,compound amount of 1 per period,每期一元本利和,https://terms.naer.edu.tw/
913,compound discount,複利折現,https://terms.naer.edu.tw/
914,compound interest,複利,https://terms.naer.edu.tw/
915,compound journal entry,多項分錄,https://terms.naer.edu.tw/
916,compound-interest method (of depreciation),複利折舊法,https://terms.naer.edu.tw/
917,comprehensive audit,綜合審計,https://terms.naer.edu.tw/
918,comprehensive budgeting,綜合預算,https://terms.naer.edu.tw/
919,comptroller,會計長,https://terms.naer.edu.tw/
920,comptroller general of the United States,美國聯邦政府審計長,https://terms.naer.edu.tw/
921,compulsory fund,強迫基金,https://terms.naer.edu.tw/
922,compulsory reserve,強制準備,https://terms.naer.edu.tw/
923,computed price,推計價格,https://terms.naer.edu.tw/
924,concept,概念,https://terms.naer.edu.tw/
925,concession,讓與,https://terms.naer.edu.tw/
926,condensed balance sheet,簡明資產負債表，簡明平衡表,https://terms.naer.edu.tw/
927,condensed income statement,簡明損益表,https://terms.naer.edu.tw/
928,conditional endorsement,條件背書,https://terms.naer.edu.tw/
929,conditional sale,附條件銷售,https://terms.naer.edu.tw/
930,confirmation,詢證,https://terms.naer.edu.tw/
931,confirmation request,請證,https://terms.naer.edu.tw/
932,conglomerate company,多角經營公司,https://terms.naer.edu.tw/
933,consequential loss,間接損失(保險業),https://terms.naer.edu.tw/
934,consideration,訂約要因，補償,https://terms.naer.edu.tw/
935,consignee,承銷人,https://terms.naer.edu.tw/
936,consignment,寄銷,https://terms.naer.edu.tw/
937,consignment expense,寄銷費用,https://terms.naer.edu.tw/
938,consignment profit and loss,寄銷損益,https://terms.naer.edu.tw/
939,consignment record,寄銷記錄，承銷記錄,https://terms.naer.edu.tw/
940,consignment sales,寄銷品銷售，承銷品銷售,https://terms.naer.edu.tw/
941,consignment-in (inward),承銷品，承銷,https://terms.naer.edu.tw/
942,consignment-out (outward),寄銷品，寄銷,https://terms.naer.edu.tw/
943,consignor,寄銷人,https://terms.naer.edu.tw/
944,consignor's note,寄銷通知,https://terms.naer.edu.tw/
945,consistency,一致，一貫,https://terms.naer.edu.tw/
946,consolidated balance sheet,合併資產負債表，合併平衡表,https://terms.naer.edu.tw/
947,consolidated financial statement,合併財務報表,https://terms.naer.edu.tw/
948,consolidated goodwill,合併商譽,https://terms.naer.edu.tw/
949,consolidated group,合併集團,https://terms.naer.edu.tw/
950,consolidated income statement,合併損益表,https://terms.naer.edu.tw/
951,consolidated return,合併收益,https://terms.naer.edu.tw/
952,consolidated surplus,合併公積，合併盈餘,https://terms.naer.edu.tw/
953,consolidated working fund,合併周轉基金,https://terms.naer.edu.tw/
954,consolidation,合併,https://terms.naer.edu.tw/
955,consolidation by lease,租賃合併,https://terms.naer.edu.tw/
956,consolidation by merger,吸收合併,https://terms.naer.edu.tw/
957,consolidation by purchase,購買合併,https://terms.naer.edu.tw/
958,consolidation excess,合併溢額,https://terms.naer.edu.tw/
959,consolidation policy,合併政策,https://terms.naer.edu.tw/
960,constant,常數,https://terms.naer.edu.tw/
961,constant benefit,固定效益,https://terms.naer.edu.tw/
962,constant cost，fixed cost,固定成本,https://terms.naer.edu.tw/
963,constant expense,固定費用,https://terms.naer.edu.tw/
964,constituent company,子公司,https://terms.naer.edu.tw/
965,construction account,建築帳,https://terms.naer.edu.tw/
966,construction work-in-process,在建工程,https://terms.naer.edu.tw/
967,constructive accounting,會計制度設計,https://terms.naer.edu.tw/
968,constructive receipt (of income),肯定收入,https://terms.naer.edu.tw/
969,consumer price index,消費者物價指數,https://terms.naer.edu.tw/
970,consumption basis,耗用基礎,https://terms.naer.edu.tw/
971,containers,容器，貨櫃,https://terms.naer.edu.tw/
972,contango,延期交割費,https://terms.naer.edu.tw/
973,context,關聯事由,https://terms.naer.edu.tw/
974,continental system,大陸制(簿記制度),https://terms.naer.edu.tw/
975,contingency analysis,意外事故分析,https://terms.naer.edu.tw/
976,contingency reserve,意外事故準備,https://terms.naer.edu.tw/
977,contingency table,列聯表,https://terms.naer.edu.tw/
978,contingent annuity,或有年金,https://terms.naer.edu.tw/
979,contingent asset,或有資產,https://terms.naer.edu.tw/
980,contingent charge，contingent cost,或有開支，或有成本,https://terms.naer.edu.tw/
981,contingent depreciation,或有折舊,https://terms.naer.edu.tw/
982,contingent fund,意外事故基金,https://terms.naer.edu.tw/
983,contingent liability,或有負債,https://terms.naer.edu.tw/
984,contingent liability of direct obligation,直接性或有負債,https://terms.naer.edu.tw/
985,contingent liability of secondary obligation,間接性或有負債,https://terms.naer.edu.tw/
986,contingent profit,或有利益,https://terms.naer.edu.tw/
987,contingent reserve，contingency reserve,意外事故準備,https://terms.naer.edu.tw/
988,continuing appropriation,繼續經費,https://terms.naer.edu.tw/
989,continuing cost,繼續成本,https://terms.naer.edu.tw/
990,continuous annuity,繼續年金,https://terms.naer.edu.tw/
991,continuous audit,繼續審計，經常審計,https://terms.naer.edu.tw/
992,continuous process method,連續分步法(生產),https://terms.naer.edu.tw/
993,continuous system of physical inventory,連續實地盤存制,https://terms.naer.edu.tw/
994,continuous-process type of industry,連續式產業,https://terms.naer.edu.tw/
995,contra account,封銷帳戶，相對帳戶,https://terms.naer.edu.tw/
996,contra entry,封銷記錄,https://terms.naer.edu.tw/
997,contra valuation account,封銷計價帳戶,https://terms.naer.edu.tw/
998,contract authorization,訂約授權,https://terms.naer.edu.tw/
999,contract price,約定價格,https://terms.naer.edu.tw/
1000,contract register,契約登記簿,https://terms.naer.edu.tw/
1001,contract reserve,約定準備,https://terms.naer.edu.tw/
1002,contract sales,約定銷售,https://terms.naer.edu.tw/
1003,contract service,約定勞務,https://terms.naer.edu.tw/
1004,contracts payable,約定應付款,https://terms.naer.edu.tw/
1005,contractual dividend,約定股利,https://terms.naer.edu.tw/
1006,contractual obligation,契約責任,https://terms.naer.edu.tw/
1007,contractual reserve,約定準備,https://terms.naer.edu.tw/
1008,contributed capital,繳入資本,https://terms.naer.edu.tw/
1009,contributed surplus,繳入公積,https://terms.naer.edu.tw/
1010,contribution margin，marginal balance,邊際利益，邊際餘額,https://terms.naer.edu.tw/
1011,contribution theory,貢獻說,https://terms.naer.edu.tw/
1012,control account，controlling account,統制帳戶,https://terms.naer.edu.tw/
1013,control chart,控制圖,https://terms.naer.edu.tw/
1014,controllable cost,可控制成本,https://terms.naer.edu.tw/
1015,controlled accounts,隸屬帳目,https://terms.naer.edu.tw/
1016,controlled company,隸屬公司,https://terms.naer.edu.tw/
1017,controller,會計長，主計長,https://terms.naer.edu.tw/
1018,controlling company,統制公司,https://terms.naer.edu.tw/
1019,controlling ledger,統制分類帳,https://terms.naer.edu.tw/
1020,controlling record,統制記錄,https://terms.naer.edu.tw/
1021,controlling-company accounting,統制公司會計,https://terms.naer.edu.tw/
1022,convention,慣例,https://terms.naer.edu.tw/
1023,conventional accounting,傳統會計,https://terms.naer.edu.tw/
1024,conventional depreciation,通常折舊,https://terms.naer.edu.tw/
1025,conversion cost,加工成本,https://terms.naer.edu.tw/
1026,conversion interval,複利期間,https://terms.naer.edu.tw/
1027,converted balance sheet,轉換後資產負債表，轉換後平衡表,https://terms.naer.edu.tw/
1028,convertible bond,可換債券,https://terms.naer.edu.tw/
1029,convertible stock,可換股份,https://terms.naer.edu.tw/
1030,cooling period，waiting period,等待期間,https://terms.naer.edu.tw/
1031,cooperative accounting,合作社會計,https://terms.naer.edu.tw/
1032,coordinate system,座標制度,https://terms.naer.edu.tw/
1033,copyright,著作權，版權,https://terms.naer.edu.tw/
1034,corporate accounting,公司會計,https://terms.naer.edu.tw/
1035,corporate bond,公司債,https://terms.naer.edu.tw/
1036,corporation by-laws,公司章程,https://terms.naer.edu.tw/
1037,corpus,本金,https://terms.naer.edu.tw/
1038,correcting entry，correction entry,改正分錄,https://terms.naer.edu.tw/
1039,correlation table,相關表,https://terms.naer.edu.tw/
1040,cosigned goods，consignment goods,寄銷品,https://terms.naer.edu.tw/
1041,cost,成本,https://terms.naer.edu.tw/
1042,cost absorption,成本吸收，成本歸納,https://terms.naer.edu.tw/
1043,cost accountant,成本會計員,https://terms.naer.edu.tw/
1044,cost accounting,成本會計,https://terms.naer.edu.tw/
1045,cost accounts,成本帳目，成本帳戶,https://terms.naer.edu.tw/
1046,cost adjustment,成本調整,https://terms.naer.edu.tw/
1047,cost allocation,成本分配,https://terms.naer.edu.tw/
1048,cost analysis,成本分析,https://terms.naer.edu.tw/
1049,cost audit,成本審核,https://terms.naer.edu.tw/
1050,cost basis (of accounting),成本基礎,https://terms.naer.edu.tw/
1051,cost behaviour,成本習性,https://terms.naer.edu.tw/
1052,cost center,成本中心,https://terms.naer.edu.tw/
1053,cost conscious,成本意識,https://terms.naer.edu.tw/
1054,cost control,成本控制,https://terms.naer.edu.tw/
1055,cost data,成本資料,https://terms.naer.edu.tw/
1056,cost differentials,成本差異,https://terms.naer.edu.tw/
1057,cost distribution，cost allocation,成本分配,https://terms.naer.edu.tw/
1058,cost favour & exceptions,成本優惠及例外,https://terms.naer.edu.tw/
1059,cost finding,成本計算,https://terms.naer.edu.tw/
1060,cost finding techniques,成本計算術,https://terms.naer.edu.tw/
1061,cost fluctuation,成本變動,https://terms.naer.edu.tw/
1062,cost for decision-making,決策用成本,https://terms.naer.edu.tw/
1063,cost formula,成本公式,https://terms.naer.edu.tw/
1064,cost fraction,成本分數,https://terms.naer.edu.tw/
1065,cost journal,成本日記帳,https://terms.naer.edu.tw/
1066,cost ledger,成本分類帳,https://terms.naer.edu.tw/
1067,cost less depreciation,成本減折舊,https://terms.naer.edu.tw/
1068,cost manual,成本會計手冊,https://terms.naer.edu.tw/
1069,cost memo,成本通知單,https://terms.naer.edu.tw/
1070,cost of capital,資金成本,https://terms.naer.edu.tw/
1071,cost of floor space,地坪成本,https://terms.naer.edu.tw/
1072,cost of goods manufactured,製成品成本,https://terms.naer.edu.tw/
1073,cost of goods purchased,進貨成本,https://terms.naer.edu.tw/
1074,cost of labor，labor cost,人工成本,https://terms.naer.edu.tw/
1075,cost of manufacture，manufacturing cost,製造成本,https://terms.naer.edu.tw/
1076,cost of material,材料成本,https://terms.naer.edu.tw/
1077,cost of operation,作業成本,https://terms.naer.edu.tw/
1078,cost of production,生產成本,https://terms.naer.edu.tw/
1079,cost of reproduction,再生產成本,https://terms.naer.edu.tw/
1080,cost of sales,銷售成本，銷貨成本,https://terms.naer.edu.tw/
1081,cost or market，whichever is lower,成本與市價孰低,https://terms.naer.edu.tw/
1082,cost price,成本價格,https://terms.naer.edu.tw/
1083,cost rate,成本率,https://terms.naer.edu.tw/
1084,cost recording system,成本記錄制度,https://terms.naer.edu.tw/
1085,cost records,成本記錄,https://terms.naer.edu.tw/
1086,cost recovery,成本收回,https://terms.naer.edu.tw/
1087,cost reduction,成本抑減,https://terms.naer.edu.tw/
1088,cost report,成本報告,https://terms.naer.edu.tw/
1089,cost review,成本檢核,https://terms.naer.edu.tw/
1090,cost saving,成本撙節,https://terms.naer.edu.tw/
1091,cost sheet,成本單,https://terms.naer.edu.tw/
1092,cost standard,成本標準,https://terms.naer.edu.tw/
1093,cost statement,成本表,https://terms.naer.edu.tw/
1094,cost summarizing records,成本彙總記錄,https://terms.naer.edu.tw/
1095,cost system,成本制度,https://terms.naer.edu.tw/
1096,cost tag,成本標籤,https://terms.naer.edu.tw/
1097,cost theory of value,價值的成本說,https://terms.naer.edu.tw/
1098,cost to make and sell,制銷成本,https://terms.naer.edu.tw/
1099,cost value,成本價值,https://terms.naer.edu.tw/
1100,cost variance，cost variation,成本差異,https://terms.naer.edu.tw/
1101,cost-benefit analysis,成本效益分析,https://terms.naer.edu.tw/
1102,cost-effectiveness analysis，cost-benefit analysis,成本效果分析，成本效益分析,https://terms.naer.edu.tw/
1103,cost-or-less principle,成本或較低原則,https://terms.naer.edu.tw/
1104,cost-plus,成本加利潤,https://terms.naer.edu.tw/
1105,cost-plus pricing,成本加利潤定價,https://terms.naer.edu.tw/
1106,cost-recovery basis,成本收回制,https://terms.naer.edu.tw/
1107,cost-recovery method,成本收回法,https://terms.naer.edu.tw/
1108,cost-utility analysis,成本效用分析,https://terms.naer.edu.tw/
1109,cost-volume-profit analysis,成本產銷利潤分析,https://terms.naer.edu.tw/
1110,cost-volume-profit relationship,成本產銷利潤關係,https://terms.naer.edu.tw/
1111,costing,成本計算,https://terms.naer.edu.tw/
1112,costing unit，cost unit,成本計算單位，成本單位,https://terms.naer.edu.tw/
1113,counter-sign,副署，會簽,https://terms.naer.edu.tw/
1114,coupon bond,附息票債券,https://terms.naer.edu.tw/
1115,coupon payable,應付債券息票,https://terms.naer.edu.tw/
1116,coupon rate,息票利率,https://terms.naer.edu.tw/
1117,coupon register,息票登記簿,https://terms.naer.edu.tw/
1118,cover into,轉入,https://terms.naer.edu.tw/
1119,coverage,保額，範圍,https://terms.naer.edu.tw/
1120,covered reserve,提存基金準備,https://terms.naer.edu.tw/
1121,covering entry,詳盡分錄，掩飾分錄,https://terms.naer.edu.tw/
1122,covering warrant,繳款書,https://terms.naer.edu.tw/
1123,credit,貸方，貸項，貸記，信用,https://terms.naer.edu.tw/
1124,credit analysis,信用分析,https://terms.naer.edu.tw/
1125,credit balance,貸方餘額，貸餘,https://terms.naer.edu.tw/
1126,credit for returned goods,退貨減帳,https://terms.naer.edu.tw/
1127,credit items,貸項,https://terms.naer.edu.tw/
1128,credit memo,貸項通知單，貸項憑單,https://terms.naer.edu.tw/
1129,credit rating agencies,徵信機關,https://terms.naer.edu.tw/
1130,credit report,徵信報告,https://terms.naer.edu.tw/
1131,credit sale,賒銷,https://terms.naer.edu.tw/
1132,credit side,貸方,https://terms.naer.edu.tw/
1133,credit standing,信用程度,https://terms.naer.edu.tw/
1134,credit terms,信用條件,https://terms.naer.edu.tw/
1135,creditor,債權人,https://terms.naer.edu.tw/
1136,creditors equity,債主權益,https://terms.naer.edu.tw/
1137,creditors ledger,債權人分戶帳,https://terms.naer.edu.tw/
1138,cremation certificate,銷燬證明書,https://terms.naer.edu.tw/
1139,critical path method，CPM,要經法,https://terms.naer.edu.tw/
1140,cross adding,交叉加算,https://terms.naer.edu.tw/
1141,cross entry,對銷分錄,https://terms.naer.edu.tw/
1142,cross reference,對照,https://terms.naer.edu.tw/
1143,cross-cheque,橫線支票,https://terms.naer.edu.tw/
1144,cross-footing,交叉結總,https://terms.naer.edu.tw/
1145,cross-indexing,對照索引,https://terms.naer.edu.tw/
1146,cross-section study,橫斷面研究,https://terms.naer.edu.tw/
1147,crosscheck,互校,https://terms.naer.edu.tw/
1148,cum dividend,帶息股價,https://terms.naer.edu.tw/
1149,cumulative dividend,累積股利,https://terms.naer.edu.tw/
1150,cumulative preferred capital stock,累積優先股,https://terms.naer.edu.tw/
1151,cumulative sinking fund,累積償債基金,https://terms.naer.edu.tw/
1152,cumulative voting,累積投票法,https://terms.naer.edu.tw/
1153,current account,往來帳戶，經常帳戶,https://terms.naer.edu.tw/
1154,current account balance sheet,流動帳目平衡表,https://terms.naer.edu.tw/
1155,current assets,流動資產,https://terms.naer.edu.tw/
1156,current audit,繼續審計,https://terms.naer.edu.tw/
1157,current budget,經常預算，本期預算,https://terms.naer.edu.tw/
1158,current cost,經常成本，現時成本,https://terms.naer.edu.tw/
1159,current expenditure,經常支出，本期支出,https://terms.naer.edu.tw/
1160,current expense,經常費,https://terms.naer.edu.tw/
1161,current fund,流動基金,https://terms.naer.edu.tw/
1162,current income,經常收益，本期收益,https://terms.naer.edu.tw/
1163,current investment,短期投資,https://terms.naer.edu.tw/
1164,current liabilities,流動負債,https://terms.naer.edu.tw/
1165,current maturity,本年到期之長期債務,https://terms.naer.edu.tw/
1166,current operating income statement,當期營業損益表,https://terms.naer.edu.tw/
1167,current position,流動財務狀況,https://terms.naer.edu.tw/
1168,current price,時價,https://terms.naer.edu.tw/
1169,current profit and loss,本期損益,https://terms.naer.edu.tw/
1170,current ratio,流動比率,https://terms.naer.edu.tw/
1171,current resources,流動資源,https://terms.naer.edu.tw/
1172,current return,當年報酬率,https://terms.naer.edu.tw/
1173,current revenue,經常所入,https://terms.naer.edu.tw/
1174,current special assessments,當期特賦,https://terms.naer.edu.tw/
1175,current standard cost,經常標準成本,https://terms.naer.edu.tw/
1176,current surplus,本期盈餘,https://terms.naer.edu.tw/
1177,current taxes,當期賦稅,https://terms.naer.edu.tw/
1178,current year's tax levy,當年稅課,https://terms.naer.edu.tw/
1179,current-outlay cost,現付成本,https://terms.naer.edu.tw/
1180,curve chart,朵線圖,https://terms.naer.edu.tw/
1181,curve fitting,曲線配合,https://terms.naer.edu.tw/
1182,customers account,客戶帳,https://terms.naer.edu.tw/
1183,customers account discounted,客帳貼現，貼現客帳,https://terms.naer.edu.tw/
1184,customers credit balance,客帳貸餘,https://terms.naer.edu.tw/
1185,customers deposit,客戶定金(保證金),https://terms.naer.edu.tw/
1186,customers ledger,客戶分類帳,https://terms.naer.edu.tw/
1187,customers statement,客戶結單,https://terms.naer.edu.tw/
1188,cutoff,截結,https://terms.naer.edu.tw/
1189,cutoff date,截結日期,https://terms.naer.edu.tw/
1190,cutoff statement,截結報單,https://terms.naer.edu.tw/
1191,cycle,循環,https://terms.naer.edu.tw/
1192,cycle count,循環盤點,https://terms.naer.edu.tw/
1193,cyclical movement,循環變動,https://terms.naer.edu.tw/
1194,daily balance,日計表,https://terms.naer.edu.tw/
1195,daily labor report,人工日報單,https://terms.naer.edu.tw/
1196,daily material and spoilage report,材料與壞料日報單,https://terms.naer.edu.tw/
1197,daily reports,日報,https://terms.naer.edu.tw/
1198,daily time report,工作時間日報單,https://terms.naer.edu.tw/
1199,daily work report,工作日報單,https://terms.naer.edu.tw/
1200,damage goods,損壞貨物,https://terms.naer.edu.tw/
1201,damage suit,損害賠償訴訟,https://terms.naer.edu.tw/
1202,data processing,資料處理,https://terms.naer.edu.tw/
1203,date draft,定期匯票,https://terms.naer.edu.tw/
1204,date due，due date,到期日,https://terms.naer.edu.tw/
1205,date of acquisition,取得日期,https://terms.naer.edu.tw/
1206,date of balance sheet,資產負債表日期，平衡表日期,https://terms.naer.edu.tw/
1207,date of certification,證明日期,https://terms.naer.edu.tw/
1208,date of value,起算利息日期,https://terms.naer.edu.tw/
1209,dated earned surplus,注期公積,https://terms.naer.edu.tw/
1210,day book,日記帳,https://terms.naer.edu.tw/
1211,day of grace,寬限日,https://terms.naer.edu.tw/
1212,days' sales on the book，average collection period,平均收帳期,https://terms.naer.edu.tw/
1213,de facto corporation，corporation de facto,未立案公司,https://terms.naer.edu.tw/
1214,de jure corporation,立案公司,https://terms.naer.edu.tw/
1215,dead assets,無用資產,https://terms.naer.edu.tw/
1216,dead stock，obsolete stock,陳廢存貨,https://terms.naer.edu.tw/
1217,deal,買賣合約,https://terms.naer.edu.tw/
1218,dealer (in securities),證券商,https://terms.naer.edu.tw/
1219,Dean schedule (insurance)，analytic schedule,狄恩表(保險)，火險風險表,https://terms.naer.edu.tw/
1220,death benefit,死亡卹金,https://terms.naer.edu.tw/
1221,debenture (bond),信用債券,https://terms.naer.edu.tw/
1222,debenture capital,債券資本,https://terms.naer.edu.tw/
1223,debenture stock,債券(英),https://terms.naer.edu.tw/
1224,debit,借方，借項，借記,https://terms.naer.edu.tw/
1225,debit balance,借方餘額，借餘,https://terms.naer.edu.tw/
1226,debit items,借項,https://terms.naer.edu.tw/
1227,debit memo,借項通知單，借項憑單,https://terms.naer.edu.tw/
1228,debit side,借方,https://terms.naer.edu.tw/
1229,debt,債務,https://terms.naer.edu.tw/
1230,debt discount,債務折扣,https://terms.naer.edu.tw/
1231,debt limit,債務限額,https://terms.naer.edu.tw/
1232,debt margin,債務邊際,https://terms.naer.edu.tw/
1233,debt service,債務費,https://terms.naer.edu.tw/
1234,debt service fund,債務基金,https://terms.naer.edu.tw/
1235,debt service fund requirments,債務基金應提數,https://terms.naer.edu.tw/
1236,debt service requirment,債務應付數,https://terms.naer.edu.tw/
1237,debt-paying ability,償債能力,https://terms.naer.edu.tw/
1238,debtor,債務人,https://terms.naer.edu.tw/
1239,debtors ledger,債務人分戶帳,https://terms.naer.edu.tw/
1240,decimal system,十進數字法,https://terms.naer.edu.tw/
1241,decimal time-reporting method,十進計時法,https://terms.naer.edu.tw/
1242,decisionmaking accounting,決策會計,https://terms.naer.edu.tw/
1243,declared capital，stated capital,設定資本,https://terms.naer.edu.tw/
1244,declared dividend,已公靠股利,https://terms.naer.edu.tw/
1245,declared value,設定價值,https://terms.naer.edu.tw/
1246,decline in economic usefulness,經濟效用減低,https://terms.naer.edu.tw/
1247,decreasing cost,遞減成本,https://terms.naer.edu.tw/
1248,decrement,貶值,https://terms.naer.edu.tw/
1249,deductible loss,可減損失,https://terms.naer.edu.tw/
1250,deduction,演繹，減項,https://terms.naer.edu.tw/
1251,deduction from gross income,總收益的減項,https://terms.naer.edu.tw/
1252,deduction from income,收益的減項,https://terms.naer.edu.tw/
1253,deduction from net income,淨收益的減項,https://terms.naer.edu.tw/
1254,deed of trust,信託契樣,https://terms.naer.edu.tw/
1255,defalcation,侵佔，挪用,https://terms.naer.edu.tw/
1256,default,違約,https://terms.naer.edu.tw/
1257,defaulted bonds,違約債券,https://terms.naer.edu.tw/
1258,defective works,瑕疵工作,https://terms.naer.edu.tw/
1259,deferral，deferment,遞延項目,https://terms.naer.edu.tw/
1260,deferred assets,遞延資產,https://terms.naer.edu.tw/
1261,deferred charges [debits],[遞延借項],https://terms.naer.edu.tw/
1262,deferred credits,遞延貸項,https://terms.naer.edu.tw/
1263,deferred dividend,遞延股利,https://terms.naer.edu.tw/
1264,deferred expense,遞延費用,https://terms.naer.edu.tw/
1265,deferred income,遞延收益,https://terms.naer.edu.tw/
1266,deferred liability,遞延負債,https://terms.naer.edu.tw/
1267,deferred life annuity,遞延生命年金,https://terms.naer.edu.tw/
1268,deferred maintenance,遞延維持費,https://terms.naer.edu.tw/
1269,deferred overhead charges,遞延間接費,https://terms.naer.edu.tw/
1270,deferred repairs,遞延修理費,https://terms.naer.edu.tw/
1271,deferred revenue,遞延收入,https://terms.naer.edu.tw/
1272,deferred serial bond,遞延分期償付債券,https://terms.naer.edu.tw/
1273,deferred shares，deferred stock,遞延股份,https://terms.naer.edu.tw/
1274,deferred special assessments,遞延特賦,https://terms.naer.edu.tw/
1275,deferred unapplied expense,遞延未分配費用,https://terms.naer.edu.tw/
1276,deferred-payment sale,遞延付款銷售，遞延付款銷貨,https://terms.naer.edu.tw/
1277,deficiency,虧絀，短欠,https://terms.naer.edu.tw/
1278,deficiency account，deficiency statement,虧絀帳，虧絀表,https://terms.naer.edu.tw/
1279,deficit,虧絀,https://terms.naer.edu.tw/
1280,deficit account,虧絀帳戶,https://terms.naer.edu.tw/
1281,del credere,擔保還款,https://terms.naer.edu.tw/
1282,del credere agent,保付貨價代理人,https://terms.naer.edu.tw/
1283,delegation of authority,授權,https://terms.naer.edu.tw/
1284,delinquent acounts,過期客帳,https://terms.naer.edu.tw/
1285,delinquent instalment,拖欠分期款項,https://terms.naer.edu.tw/
1286,delinquent special assessment,過期特賦,https://terms.naer.edu.tw/
1287,delinquent taxes,過期賦稅,https://terms.naer.edu.tw/
1288,delivered price,交貨價格,https://terms.naer.edu.tw/
1289,delivery,交貨，交割,https://terms.naer.edu.tw/
1290,delivery equipment,運送設備,https://terms.naer.edu.tw/
1291,delivery expense,運送費用,https://terms.naer.edu.tw/
1292,demand,需求，即期,https://terms.naer.edu.tw/
1293,demand deposit,活期存款,https://terms.naer.edu.tw/
1294,demand draft，demand bil,即期匯票，票匯,https://terms.naer.edu.tw/
1295,demand notes,即期票據,https://terms.naer.edu.tw/
1296,demurrage,裝卸延誤費,https://terms.naer.edu.tw/
1297,department hour method,分部時間法,https://terms.naer.edu.tw/
1298,departmental account,分部帳戶,https://terms.naer.edu.tw/
1299,departmental accounting,分部會計,https://terms.naer.edu.tw/
1300,departmental burden，departmental overhead,分部間接費，分部製造費用,https://terms.naer.edu.tw/
1301,departmental capital,分部資本,https://terms.naer.edu.tw/
1302,departmental charge,分部開支,https://terms.naer.edu.tw/
1303,departmental cost,分部成本,https://terms.naer.edu.tw/
1304,departmental expense,分部費用,https://terms.naer.edu.tw/
1305,departmental overhead rate,分部費用分攤率,https://terms.naer.edu.tw/
1306,departmental profit,分部利益,https://terms.naer.edu.tw/
1307,departmental standard,分部標準,https://terms.naer.edu.tw/
1308,departmentalization,分部組織,https://terms.naer.edu.tw/
1309,dependent,受扶養眷屬,https://terms.naer.edu.tw/
1310,dependent variable,因變數,https://terms.naer.edu.tw/
1311,depleted cost,耗余成本,https://terms.naer.edu.tw/
1312,depletion,耗竭,https://terms.naer.edu.tw/
1313,depletion allowance,備抵耗竭,https://terms.naer.edu.tw/
1314,depletion expense,耗竭費用,https://terms.naer.edu.tw/
1315,depletion reserve,耗竭準備,https://terms.naer.edu.tw/
1316,deposit,存款，保證金,https://terms.naer.edu.tw/
1317,deposit at call,通知存款,https://terms.naer.edu.tw/
1318,deposit book,存款簿,https://terms.naer.edu.tw/
1319,deposit fund,保證金基金,https://terms.naer.edu.tw/
1320,deposit fund balance,保證金基金餘額,https://terms.naer.edu.tw/
1321,deposit slip,存款單,https://terms.naer.edu.tw/
1322,deposit warrant,繳款書,https://terms.naer.edu.tw/
1323,depositary，depository,保管人,https://terms.naer.edu.tw/
1324,depreciable assets,應折舊資產,https://terms.naer.edu.tw/
1325,depreciable cost,應折舊成本,https://terms.naer.edu.tw/
1326,depreciate,折舊，貶值,https://terms.naer.edu.tw/
1327,depreciated cost,折余成本,https://terms.naer.edu.tw/
1328,depreciated original cost,折余原始成本,https://terms.naer.edu.tw/
1329,depreciated value,折餘價值,https://terms.naer.edu.tw/
1330,depreciation,折舊，貶值,https://terms.naer.edu.tw/
1331,depreciation accounting,折舊會計,https://terms.naer.edu.tw/
1332,depreciation base,折舊基價,https://terms.naer.edu.tw/
1333,depreciation during construction,建設期間折舊,https://terms.naer.edu.tw/
1334,depreciation expense,折舊費用,https://terms.naer.edu.tw/
1335,depreciation fund,折舊基金,https://terms.naer.edu.tw/
1336,depreciation method,折舊法,https://terms.naer.edu.tw/
1337,depreciation rate,折舊率,https://terms.naer.edu.tw/
1338,depreciation reserve,折舊準備,https://terms.naer.edu.tw/
1339,depreciation unit,折舊單位,https://terms.naer.edu.tw/
1340,depreciation-age-life method,壽年折舊法,https://terms.naer.edu.tw/
1341,depreciation-annuity method,年金折舊法,https://terms.naer.edu.tw/
1342,depreciation-appraisal method,估價折舊法,https://terms.naer.edu.tw/
1343,depreciation-appropriation method,盈餘分派折舊法,https://terms.naer.edu.tw/
1344,depreciation-arbitrary method,任意折舊法,https://terms.naer.edu.tw/
1345,depreciation-changing percentage of cost less scrap method,變率折舊法,https://terms.naer.edu.tw/
1346,depreciation-combined-depreciation-and-upkeep method,折舊與保養合併法,https://terms.naer.edu.tw/
1347,depreciation-composite life method,平均壽年折舊法,https://terms.naer.edu.tw/
1348,depreciation-compound interest method,複利折舊法,https://terms.naer.edu.tw/
1349,depreciation-declining-balance [diminishing-provision] method,餘額遞減折舊法,https://terms.naer.edu.tw/
1350,depreciation-equal-annual payment method,年金折舊法,https://terms.naer.edu.tw/
1351,depreciation-fifty-percent method,五成折舊法,https://terms.naer.edu.tw/
1352,depreciation-fixed instalment method,分期定額折舊法,https://terms.naer.edu.tw/
1353,depreciation-fixed percentage of diminishing value method,定率遞減折舊法,https://terms.naer.edu.tw/
1354,depreciation-gross earning method,總收益提成折舊法,https://terms.naer.edu.tw/
1355,depreciation-insurance method,保險折舊法,https://terms.naer.edu.tw/
1356,depreciation-inventory method,盤存摺舊法,https://terms.naer.edu.tw/
1357,depreciation-job method,分批折舊法,https://terms.naer.edu.tw/
1358,depreciation-maintenance method,維持折舊法,https://terms.naer.edu.tw/
1359,depreciation-output method,產量折舊法,https://terms.naer.edu.tw/
1360,depreciation-percentage of original cost method,原始成本定率折舊法,https://terms.naer.edu.tw/
1361,depreciation-production basis method,產量折舊法,https://terms.naer.edu.tw/
1362,depreciation-proportional method on fixed base,定額比例折舊法,https://terms.naer.edu.tw/
1363,depreciation-reducing balance method,餘額遞減折舊法,https://terms.naer.edu.tw/
1364,depreciation-reducing instalment method,分期遞減折舊法,https://terms.naer.edu.tw/
1365,depreciation-replacement method,重置折舊法,https://terms.naer.edu.tw/
1366,depreciation-retirement method,報廢折舊法,https://terms.naer.edu.tw/
1367,depreciation-revenue method,營業收入折舊法,https://terms.naer.edu.tw/
1368,depreciation-service output method,服務產出折舊法,https://terms.naer.edu.tw/
1369,depreciation-service-capacity method,服務能量折舊法,https://terms.naer.edu.tw/
1370,depreciation-sinking fund method,償債基金折舊法,https://terms.naer.edu.tw/
1371,depreciation-straight line method,直線折舊法,https://terms.naer.edu.tw/
1372,depreciation-sum of expected life method,預計年限總數折舊法,https://terms.naer.edu.tw/
1373,depreciation-sum of the year digit method,年數加總折舊法,https://terms.naer.edu.tw/
1374,depreciation-uniformity varying amounts method,規則變動折舊法,https://terms.naer.edu.tw/
1375,depreciation-unit cost method,單位成本折舊法,https://terms.naer.edu.tw/
1376,depreciation-unit method,個別折舊法,https://terms.naer.edu.tw/
1377,depreciation-working hour method,工作時數折舊法,https://terms.naer.edu.tw/
1378,descent,無遺囑處分,https://terms.naer.edu.tw/
1379,descriptive financial statement,附說明財務報表,https://terms.naer.edu.tw/
1380,desired-profit point,預計利益點,https://terms.naer.edu.tw/
1381,detail account,明細帳目,https://terms.naer.edu.tw/
1382,detailed audit,詳細審計,https://terms.naer.edu.tw/
1383,detailed ledger,明細分類帳,https://terms.naer.edu.tw/
1384,detailed supporting statement,明細附表,https://terms.naer.edu.tw/
1385,detection of errors,錯誤的偵察,https://terms.naer.edu.tw/
1386,detection of fraud,無弊的偵察,https://terms.naer.edu.tw/
1387,deterioration,損耗,https://terms.naer.edu.tw/
1388,development cost,開發成本,https://terms.naer.edu.tw/
1389,development expense,發展費用,https://terms.naer.edu.tw/
1390,deviation,偏差,https://terms.naer.edu.tw/
1391,devise,不動產遺贈,https://terms.naer.edu.tw/
1392,dies,鑄模,https://terms.naer.edu.tw/
1393,differential cost,差異成本，差量成本,https://terms.naer.edu.tw/
1394,differential earning,差別利益,https://terms.naer.edu.tw/
1395,differential income,差別收益,https://terms.naer.edu.tw/
1396,differential profit ratio,差別利潤率,https://terms.naer.edu.tw/
1397,dilution,產權減損,https://terms.naer.edu.tw/
1398,diminishing assets,遞耗資產,https://terms.naer.edu.tw/
1399,direct charges，direct expenses,直接費用,https://terms.naer.edu.tw/
1400,direct closing method,直接結演算法,https://terms.naer.edu.tw/
1401,direct cost,直接成本,https://terms.naer.edu.tw/
1402,direct costing,直接成本法,https://terms.naer.edu.tw/
1403,direct debt,直接債務,https://terms.naer.edu.tw/
1404,direct department,直接部門,https://terms.naer.edu.tw/
1405,direct departmental expenses,直接部門費用,https://terms.naer.edu.tw/
1406,direct distribution,直接分配,https://terms.naer.edu.tw/
1407,direct labor,直接人工,https://terms.naer.edu.tw/
1408,direct labor budget,直接人工預算,https://terms.naer.edu.tw/
1409,direct labor cost,直接人工成本,https://terms.naer.edu.tw/
1410,direct labor cost method,直接人工成本法(指間接費分配),https://terms.naer.edu.tw/
1411,direct labor hour method,直接人工時法(指間接費分配),https://terms.naer.edu.tw/
1412,direct liability,直接負債,https://terms.naer.edu.tw/
1413,direct material,直接材料,https://terms.naer.edu.tw/
1414,direct material budget,直接材料預算,https://terms.naer.edu.tw/
1415,direct material consumed,直接材料耗用,https://terms.naer.edu.tw/
1416,direct material cost,直接材料成本,https://terms.naer.edu.tw/
1417,direct shipment,直接裝運,https://terms.naer.edu.tw/
1418,disallowance,剔除,https://terms.naer.edu.tw/
1419,disbursement,付出，支付,https://terms.naer.edu.tw/
1420,disbursing officer,支付官,https://terms.naer.edu.tw/
1421,disclosure,表達,https://terms.naer.edu.tw/
1422,discount,折扣，折價，貼現，貼現息,https://terms.naer.edu.tw/
1423,discount earned,折扣收入,https://terms.naer.edu.tw/
1424,discount lost,折扣喪失,https://terms.naer.edu.tw/
1425,discount on bond purchased,購入債券折價,https://terms.naer.edu.tw/
1426,discount on bond，bond discount,債券折價,https://terms.naer.edu.tw/
1427,discount on capital stock,股本折價,https://terms.naer.edu.tw/
1428,discount on purchases,購買折扣,https://terms.naer.edu.tw/
1429,discount on sales,銷售折扣,https://terms.naer.edu.tw/
1430,discount on stock，discount on capital stock,股本折價,https://terms.naer.edu.tw/
1431,discount taken,獲得折扣,https://terms.naer.edu.tw/
1432,discounted accounts receivable,貼現應收帳款,https://terms.naer.edu.tw/
1433,discounted notes,票據貼現，貼現票據,https://terms.naer.edu.tw/
1434,discovery period,發現期限,https://terms.naer.edu.tw/
1435,discretionary cost,任意成本,https://terms.naer.edu.tw/
1436,dishonor,拒付，拒絕承兌,https://terms.naer.edu.tw/
1437,dishonored notes,拒付票據,https://terms.naer.edu.tw/
1438,dispatch earning,快卸獲益,https://terms.naer.edu.tw/
1439,dispersion,離勢,https://terms.naer.edu.tw/
1440,disposable income (national accounts),可處分所得(國民會計),https://terms.naer.edu.tw/
1441,disposition of net income，disposition of net profit，disposition of net earnings,盈餘分配表,https://terms.naer.edu.tw/
1442,disposition of resources,資源處分,https://terms.naer.edu.tw/
1443,dissolution,解散,https://terms.naer.edu.tw/
1444,distort,歪曲,https://terms.naer.edu.tw/
1445,distraint,財產扣押,https://terms.naer.edu.tw/
1446,distress merchandise,廉售品,https://terms.naer.edu.tw/
1447,distributed profit,已分配利益,https://terms.naer.edu.tw/
1448,distribution,分配，發行,https://terms.naer.edu.tw/
1449,distribution cost,發行成本,https://terms.naer.edu.tw/
1450,distribution entry,分配分錄,https://terms.naer.edu.tw/
1451,distribution expense,發行費用,https://terms.naer.edu.tw/
1452,distribution on gross profit,依毛利分配,https://terms.naer.edu.tw/
1453,distribution on manufacturing cost,依製造成本分配,https://terms.naer.edu.tw/
1454,distribution on number or quantity,依數量分配,https://terms.naer.edu.tw/
1455,distribution on selling price,依售價分配,https://terms.naer.edu.tw/
1456,distribution rate,分配率,https://terms.naer.edu.tw/
1457,distribution sheet of stores,材料分配單,https://terms.naer.edu.tw/
1458,distribution statement of service cost,服務成本分配表,https://terms.naer.edu.tw/
1459,distribution time sheet,工作時間分配表,https://terms.naer.edu.tw/
1460,distributive profit,可分配利益,https://terms.naer.edu.tw/
1461,distributor discount,批發折扣,https://terms.naer.edu.tw/
1462,district treasury,縣庫,https://terms.naer.edu.tw/
1463,divided column journal，columnar journal,多欄日記帳,https://terms.naer.edu.tw/
1464,dividend,股利,https://terms.naer.edu.tw/
1465,dividend book,股利簿,https://terms.naer.edu.tw/
1466,dividend equalization fund,股利平衡基金,https://terms.naer.edu.tw/
1467,dividend equalization reserve,股利平衡準備,https://terms.naer.edu.tw/
1468,dividend in kind，property dividend,實物股利,https://terms.naer.edu.tw/
1469,dividend payment book,股利支付簿,https://terms.naer.edu.tw/
1470,dividend payment sheet,股利支付表,https://terms.naer.edu.tw/
1471,dividend policy,股利政策,https://terms.naer.edu.tw/
1472,dividend reserve,股利準備,https://terms.naer.edu.tw/
1473,dividend stock,股利股票,https://terms.naer.edu.tw/
1474,dividends earned,股利收益,https://terms.naer.edu.tw/
1475,dividends in arrears,累積未發股利,https://terms.naer.edu.tw/
1476,dividends on preferred stock,優先股利,https://terms.naer.edu.tw/
1477,dividends payable,應付股利,https://terms.naer.edu.tw/
1478,dividends receivable,應收股利,https://terms.naer.edu.tw/
1479,divisional cost,分部成本,https://terms.naer.edu.tw/
1480,divisive reorganization,分裂改組,https://terms.naer.edu.tw/
1481,doctrine of conservation,穩健主義,https://terms.naer.edu.tw/
1482,doctrine of consistency,一貫主義,https://terms.naer.edu.tw/
1483,doctrine of disclosure,公開主義,https://terms.naer.edu.tw/
1484,doctrine of materiality,重點主義,https://terms.naer.edu.tw/
1485,documentary bill，documentary draft,跟單匯票,https://terms.naer.edu.tw/
1486,dollar accountability,貨幣責任,https://terms.naer.edu.tw/
1487,dollar assets,貨幣資產,https://terms.naer.edu.tw/
1488,domestic draft,國內匯票,https://terms.naer.edu.tw/
1489,domestic exchange,國內匯兌,https://terms.naer.edu.tw/
1490,dominant company,主要公司,https://terms.naer.edu.tw/
1491,donated land,捐贈土地,https://terms.naer.edu.tw/
1492,donated land reserve,捐贈土地準備,https://terms.naer.edu.tw/
1493,donated stock,捐贈股份,https://terms.naer.edu.tw/
1494,donated surplus,捐贈公積,https://terms.naer.edu.tw/
1495,donated working capital,捐贈運用資本,https://terms.naer.edu.tw/
1496,donations and contributions,捐獻,https://terms.naer.edu.tw/
1497,dormant partner,隱名合夥人,https://terms.naer.edu.tw/
1498,double budget，multiple budget,複式預算,https://terms.naer.edu.tw/
1499,double column ledger account,雙欄帳戶,https://terms.naer.edu.tw/
1500,double declining-balance method of accelerated depreciation,餘額倍減加速折舊法,https://terms.naer.edu.tw/
1501,double liability,雙重責任,https://terms.naer.edu.tw/
1502,double sampling,雙重選樣,https://terms.naer.edu.tw/
1503,double sequence,雙重順序,https://terms.naer.edu.tw/
1504,double-account system,雙帳制,https://terms.naer.edu.tw/
1505,double-account-form balance sheet,雙帳式平衡表,https://terms.naer.edu.tw/
1506,double-entry bookkeeping,複式簿記,https://terms.naer.edu.tw/
1507,doubling-up method,疊式工作法,https://terms.naer.edu.tw/
1508,doubtful accounts,呆帳,https://terms.naer.edu.tw/
1509,doubtful assets,可疑資產,https://terms.naer.edu.tw/
1510,doubtful debts,可疑債務,https://terms.naer.edu.tw/
1511,down payment,定金,https://terms.naer.edu.tw/
1512,downstairs merger,向下合併,https://terms.naer.edu.tw/
1513,draft,匯票,https://terms.naer.edu.tw/
1514,drafted budget,預算草案,https://terms.naer.edu.tw/
1515,drafted general budget,總預算草案,https://terms.naer.edu.tw/
1516,drawee,付款人,https://terms.naer.edu.tw/
1517,drawer,發票人,https://terms.naer.edu.tw/
1518,drawings,提取,https://terms.naer.edu.tw/
1519,drop shipment,直接裝運,https://terms.naer.edu.tw/
1520,dual presentation,雙列表達法,https://terms.naer.edu.tw/
1521,dual system,二重制(政府會計),https://terms.naer.edu.tw/
1522,due,到期,https://terms.naer.edu.tw/
1523,due date,到期日,https://terms.naer.edu.tw/
1524,due from other funds,其他基金欠付,https://terms.naer.edu.tw/
1525,due to consignor,應付寄銷帳款,https://terms.naer.edu.tw/
1526,due to fiscal agent,欠付財務代理人,https://terms.naer.edu.tw/
1527,due to other funds,欠付其他基金,https://terms.naer.edu.tw/
1528,dunnage & fittings,墊艙隔艙費,https://terms.naer.edu.tw/
1529,duty drawback,退稅,https://terms.naer.edu.tw/
1530,dynamic ratio,動態比率,https://terms.naer.edu.tw/
1531,dynamic statement,動態報表,https://terms.naer.edu.tw/
1532,E & OE，errors & omissions excepted,發現錯漏如數改正,https://terms.naer.edu.tw/
1533,earmark,指定用途,https://terms.naer.edu.tw/
1534,earmark surplus,指定用途公積,https://terms.naer.edu.tw/
1535,earned income,已獲收益，勤務所得,https://terms.naer.edu.tw/
1536,earned surplus,營業公積,https://terms.naer.edu.tw/
1537,earning power,獲得能力,https://terms.naer.edu.tw/
1538,earning rate,收益率,https://terms.naer.edu.tw/
1539,earning-capacity value,收益能力價值,https://terms.naer.edu.tw/
1540,earnings,收益,https://terms.naer.edu.tw/
1541,earnings capitalized value,收益化本價值,https://terms.naer.edu.tw/
1542,earnings per share,每股收益,https://terms.naer.edu.tw/
1543,earnings statement，income statement,損益表,https://terms.naer.edu.tw/
1544,easement,地役權,https://terms.naer.edu.tw/
1545,economic activity,經濟活動,https://terms.naer.edu.tw/
1546,economic cost，current cost,經濟成本，經常成本,https://terms.naer.edu.tw/
1547,economic goods,經濟財,https://terms.naer.edu.tw/
1548,economic interest,經濟權益,https://terms.naer.edu.tw/
1549,economic life,經濟壽年,https://terms.naer.edu.tw/
1550,economic lot size,經濟批購量,https://terms.naer.edu.tw/
1551,economic unit,經濟單位,https://terms.naer.edu.tw/
1552,effective interest rate,實際利率,https://terms.naer.edu.tw/
1553,effective rate,實際比率,https://terms.naer.edu.tw/
1554,efficiency variance,效率差異,https://terms.naer.edu.tw/
1555,elaborative sequence,分解順序,https://terms.naer.edu.tw/
1556,elastic low-par stock,彈性低面值股份,https://terms.naer.edu.tw/
1557,electric power cost,電力成本,https://terms.naer.edu.tw/
1558,electronic data processing，EDP,電子資料處理,https://terms.naer.edu.tw/
1559,elimination,銷除,https://terms.naer.edu.tw/
1560,eliminations ledger,銷除分類帳,https://terms.naer.edu.tw/
1561,embezzlement,侵佔,https://terms.naer.edu.tw/
1562,emblements,作物權益,https://terms.naer.edu.tw/
1563,emergency amortization，accelerated depreciation,緊急攤銷，加速折舊,https://terms.naer.edu.tw/
1564,emergency facilities,緊急設備,https://terms.naer.edu.tw/
1565,empirical,經驗的,https://terms.naer.edu.tw/
1566,employees' insurance fund,職工保險基金,https://terms.naer.edu.tw/
1567,employees' pension fund,職工卹養基金,https://terms.naer.edu.tw/
1568,employees' savings fund,職工儲金,https://terms.naer.edu.tw/
1569,employers' liability insurance,雇主責任保險,https://terms.naer.edu.tw/
1570,employment department,人事部,https://terms.naer.edu.tw/
1571,EMV，expected monetary value,預期幣值,https://terms.naer.edu.tw/
1572,encumbrance,保留數，不動產的負擔,https://terms.naer.edu.tw/
1573,end product,成果,https://terms.naer.edu.tw/
1574,ending inventory,期末存貨,https://terms.naer.edu.tw/
1575,endorsement without recourse,免除保付的背書，無追索權背書,https://terms.naer.edu.tw/
1576,endorsement，indorsement,背書,https://terms.naer.edu.tw/
1577,endorser,背書人,https://terms.naer.edu.tw/
1578,endowment earnings fund balance,留本收益基金餘額,https://terms.naer.edu.tw/
1579,endowment fund,留本基金,https://terms.naer.edu.tw/
1580,endowment principal fund balance,留本本金基金餘額,https://terms.naer.edu.tw/
1581,enter,登帳，過帳,https://terms.naer.edu.tw/
1582,enterprise accounting,企業會計,https://terms.naer.edu.tw/
1583,enterprise cost,企業成本,https://terms.naer.edu.tw/
1584,enterprise debt,企業債務,https://terms.naer.edu.tw/
1585,enterprise fund,企業基金(政府會計),https://terms.naer.edu.tw/
1586,enterprise value，going-concern value,企業價值，繼續經營價值,https://terms.naer.edu.tw/
1587,entertainment,交際費,https://terms.naer.edu.tw/
1588,entity,個體,https://terms.naer.edu.tw/
1589,entity accounting,個體會計,https://terms.naer.edu.tw/
1590,entity theory,個體說,https://terms.naer.edu.tw/
1591,entrepreneur,企業家,https://terms.naer.edu.tw/
1592,entry,記錄，分錄,https://terms.naer.edu.tw/
1593,EOM，end of month,月終,https://terms.naer.edu.tw/
1594,EOY，end of year,年終,https://terms.naer.edu.tw/
1595,equal instalment system,等額分期付[收]款制,https://terms.naer.edu.tw/
1596,equalization point，basing point,平衡點，基點,https://terms.naer.edu.tw/
1597,equalization reserve,平衡準備,https://terms.naer.edu.tw/
1598,equalizing dividend,勻期股利,https://terms.naer.edu.tw/
1599,equated maturity,平均期日,https://terms.naer.edu.tw/
1600,equipment,設備，動產設備,https://terms.naer.edu.tw/
1601,equipment trust bond,設備信託債券,https://terms.naer.edu.tw/
1602,equipment trust certificate,設備信託證,https://terms.naer.edu.tw/
1603,equitable rate basis,公平費率基礎(公用事業),https://terms.naer.edu.tw/
1604,equity,權益,https://terms.naer.edu.tw/
1605,equity financing,集資,https://terms.naer.edu.tw/
1606,equity in leased property,租賃財產權益,https://terms.naer.edu.tw/
1607,equity method,權益法,https://terms.naer.edu.tw/
1608,equity ownership,業主權益,https://terms.naer.edu.tw/
1609,equity ratio,權益比率,https://terms.naer.edu.tw/
1610,equity receiver,清算人,https://terms.naer.edu.tw/
1611,equity security,主權憑證,https://terms.naer.edu.tw/
1612,error,錯誤，誤差,https://terms.naer.edu.tw/
1613,errors in posting,過帳錯誤,https://terms.naer.edu.tw/
1614,errors of commission,記帳錯誤,https://terms.naer.edu.tw/
1615,errors of compensation,相抵錯誤,https://terms.naer.edu.tw/
1616,errors of omission,遺漏錯誤,https://terms.naer.edu.tw/
1617,errors of principles,原理錯誤,https://terms.naer.edu.tw/
1618,escalation price,自動加價契約價格,https://terms.naer.edu.tw/
1619,escalator clause,伸價條款,https://terms.naer.edu.tw/
1620,escapable cost,可免成本,https://terms.naer.edu.tw/
1621,escape clause,免除條款,https://terms.naer.edu.tw/
1622,establishment,產業單位,https://terms.naer.edu.tw/
1623,estate,財產，遺產,https://terms.naer.edu.tw/
1624,estate accounting,遺產會計,https://terms.naer.edu.tw/
1625,estate corpus,遺產本值,https://terms.naer.edu.tw/
1626,estate income,遺產收益,https://terms.naer.edu.tw/
1627,estate tax,遺產稅,https://terms.naer.edu.tw/
1628,estimated balance sheet,預計資產負債表，預計平衡表,https://terms.naer.edu.tw/
1629,estimated cost,估計成本,https://terms.naer.edu.tw/
1630,estimated cost system,估計成本制,https://terms.naer.edu.tw/
1631,estimated cost value,估計成本價值,https://terms.naer.edu.tw/
1632,estimated liability,估計負債,https://terms.naer.edu.tw/
1633,estimated life,估計壽年,https://terms.naer.edu.tw/
1634,estimated loss from sales,預計銷售損失,https://terms.naer.edu.tw/
1635,estimated loss from sales valuation of merchandise inventory,按售價估計存貨損失,https://terms.naer.edu.tw/
1636,estimated market value,估計市價,https://terms.naer.edu.tw/
1637,estimated physical life,估計實際壽年,https://terms.naer.edu.tw/
1638,estimated profit and loss statement,預計損益表,https://terms.naer.edu.tw/
1639,estimated profit from sales,預計銷售利益,https://terms.naer.edu.tw/
1640,estimated revenue,預計收入，預計所入,https://terms.naer.edu.tw/
1641,estimated revenue receipts,預計所入收入,https://terms.naer.edu.tw/
1642,estimated service life,估計使用壽年,https://terms.naer.edu.tw/
1643,estimated statement,估計表,https://terms.naer.edu.tw/
1644,estimated uncollectible accounts recievable,預計壞帳,https://terms.naer.edu.tw/
1645,estimated uncollectible current taxes,預計當期壞稅,https://terms.naer.edu.tw/
1646,estimated uncollectible delinquent taxes,預計過期壞稅,https://terms.naer.edu.tw/
1647,estimated uncollectible interest and penalties on taxes,預計欠稅利息與罰款損失,https://terms.naer.edu.tw/
1648,estimated uncollectible tax liens,預計欠稅留置權損失,https://terms.naer.edu.tw/
1649,estimates of expenditures,歲出概算,https://terms.naer.edu.tw/
1650,estimates of revenue,歲入概算,https://terms.naer.edu.tw/
1651,estimating cost system，estimated cost system,估計成本制,https://terms.naer.edu.tw/
1652,even lot，round lot,整批,https://terms.naer.edu.tw/
1653,events and condition,事件與情況,https://terms.naer.edu.tw/
1654,evidence,憑證,https://terms.naer.edu.tw/
1655,evidence record,憑證記錄,https://terms.naer.edu.tw/
1656,ex-dividend,除息,https://terms.naer.edu.tw/
1657,ex-right,除權,https://terms.naer.edu.tw/
1658,Ex.,除外,https://terms.naer.edu.tw/
1659,exact interest,實計利息,https://terms.naer.edu.tw/
1660,examine,檢查,https://terms.naer.edu.tw/
1661,examiner,檢查員,https://terms.naer.edu.tw/
1662,exception,查帳附注，查詢事項,https://terms.naer.edu.tw/
1663,excess capacity,超過能量,https://terms.naer.edu.tw/
1664,excess earnings,超額盈餘,https://terms.naer.edu.tw/
1665,excess profit credit,過分利得點,https://terms.naer.edu.tw/
1666,excess profit tax,過分利得稅,https://terms.naer.edu.tw/
1667,exchange,交換，匯兌，交易所,https://terms.naer.edu.tw/
1668,exchange check,交換支票,https://terms.naer.edu.tw/
1669,excise tax,營業稅,https://terms.naer.edu.tw/
1670,exclusion,限定範圍條款(保險契約),https://terms.naer.edu.tw/
1671,exclusion from taxable income,免計所得,https://terms.naer.edu.tw/
1672,executor,遺囑執行人,https://terms.naer.edu.tw/
1673,exemption,免稅額，豁免,https://terms.naer.edu.tw/
1674,exhaustion,耗竭,https://terms.naer.edu.tw/
1675,exhibit,主要表，正表,https://terms.naer.edu.tw/
1676,expansion,擴充,https://terms.naer.edu.tw/
1677,expected monetary value，EMV,預期幣值,https://terms.naer.edu.tw/
1678,expected value,預期值(統計),https://terms.naer.edu.tw/
1679,expendable fund,備用基金,https://terms.naer.edu.tw/
1680,expended appropriation,已用經費,https://terms.naer.edu.tw/
1681,expenditure,支出,https://terms.naer.edu.tw/
1682,expenditure control,支出控制,https://terms.naer.edu.tw/
1683,expenditure disbursement,支出付出,https://terms.naer.edu.tw/
1684,expenditure rate,支出限度,https://terms.naer.edu.tw/
1685,expense,費用,https://terms.naer.edu.tw/
1686,expense account,費用帳戶，費用帳目,https://terms.naer.edu.tw/
1687,expense assets,費用資產(指用品等),https://terms.naer.edu.tw/
1688,expense budget,費用預算,https://terms.naer.edu.tw/
1689,expense center,費用中心,https://terms.naer.edu.tw/
1690,expense control,費用控制,https://terms.naer.edu.tw/
1691,expense cost,費用成本,https://terms.naer.edu.tw/
1692,expense distribution,費用分配,https://terms.naer.edu.tw/
1693,expense invoice,費用清單,https://terms.naer.edu.tw/
1694,expense ledger,費用分類帳,https://terms.naer.edu.tw/
1695,expense standard,費用標準,https://terms.naer.edu.tw/
1696,expenses payable,應付費用,https://terms.naer.edu.tw/
1697,expenses statement,費用表,https://terms.naer.edu.tw/
1698,experience rating,經驗費率,https://terms.naer.edu.tw/
1699,experimental expense,試驗費用,https://terms.naer.edu.tw/
1700,experimental labor,試驗人工,https://terms.naer.edu.tw/
1701,experimentation cost,試驗成本,https://terms.naer.edu.tw/
1702,expired cost,已耗成本,https://terms.naer.edu.tw/
1703,expired expense,已耗費用,https://terms.naer.edu.tw/
1704,expired patent value,已耗專利權價值,https://terms.naer.edu.tw/
1705,expired utility,已耗效用,https://terms.naer.edu.tw/
1706,explanatory statement,敘述式報表,https://terms.naer.edu.tw/
1707,explicit interest,外現利息,https://terms.naer.edu.tw/
1708,express trust,書面信託,https://terms.naer.edu.tw/
1709,extended coverage,增加保險範圍,https://terms.naer.edu.tw/
1710,extension,擴充，展期，數量乘單價,https://terms.naer.edu.tw/
1711,exterior liability,對外負債,https://terms.naer.edu.tw/
1712,external analysis,外界分析,https://terms.naer.edu.tw/
1713,external audit,外界審計,https://terms.naer.edu.tw/
1714,external auditor,外界審計員,https://terms.naer.edu.tw/
1715,external depreciation,外在折舊,https://terms.naer.edu.tw/
1716,external transaction,對外事項，對外交易,https://terms.naer.edu.tw/
1717,extinguishment reserve,銷除債務準備,https://terms.naer.edu.tw/
1718,extra dividend,額外股利,https://terms.naer.edu.tw/
1719,extraneous earnings,額外盈餘,https://terms.naer.edu.tw/
1720,extraneous expenses,額外費用,https://terms.naer.edu.tw/
1721,extraneous income,額外收益,https://terms.naer.edu.tw/
1722,extraneous loss,額外損失,https://terms.naer.edu.tw/
1723,extraordinary budget,非常預處,https://terms.naer.edu.tw/
1724,extraordinary depreciation,非常折舊,https://terms.naer.edu.tw/
1725,extraordinary expenditure,特殊支出,https://terms.naer.edu.tw/
1726,extraordinary loss,非常損失,https://terms.naer.edu.tw/
1727,extraordinary profit,非常利益,https://terms.naer.edu.tw/
1728,extraordinary receipts,特殊收入,https://terms.naer.edu.tw/
1729,extraordinary revenue,特殊收入，特殊所入,https://terms.naer.edu.tw/
1730,extrapolation,外推法,https://terms.naer.edu.tw/
1731,face amount，face value,面值,https://terms.naer.edu.tw/
1732,face-amount certificate,面值證書,https://terms.naer.edu.tw/
1733,factor,包收商，融資商,https://terms.naer.edu.tw/
1734,factor of production,生產要素,https://terms.naer.edu.tw/
1735,factor rate,製造費用分配率,https://terms.naer.edu.tw/
1736,factor's holdback,承受客帳保留額,https://terms.naer.edu.tw/
1737,factorail,階乘積,https://terms.naer.edu.tw/
1738,factoring,承收應收帳款,https://terms.naer.edu.tw/
1739,factoring commission,承收客帳手續費,https://terms.naer.edu.tw/
1740,factory books,工廠帳簿,https://terms.naer.edu.tw/
1741,factory burden,工廠間接費,https://terms.naer.edu.tw/
1742,factory burden cost,工廠間接費成本,https://terms.naer.edu.tw/
1743,factory cost,製造成本,https://terms.naer.edu.tw/
1744,factory cost sheet,製造成本單,https://terms.naer.edu.tw/
1745,factory expense analysis,製造費用分析,https://terms.naer.edu.tw/
1746,factory expense，manufacturing expense，factory overhead,製造費用,https://terms.naer.edu.tw/
1747,factory hour,工廠時間,https://terms.naer.edu.tw/
1748,factory journal,工廠日記帳,https://terms.naer.edu.tw/
1749,factory ledger,工廠分類帳,https://terms.naer.edu.tw/
1750,factory ledger controlling account,工廠分類帳統制帳戶,https://terms.naer.edu.tw/
1751,factory order，production order,生產通知單，在製品成本單,https://terms.naer.edu.tw/
1752,factory service cost,工廠服務成本,https://terms.naer.edu.tw/
1753,factory superintendent,臨工，廠長,https://terms.naer.edu.tw/
1754,factory supplies,工廠用品,https://terms.naer.edu.tw/
1755,fair maket value,公平市價,https://terms.naer.edu.tw/
1756,fair presentation,公允表達,https://terms.naer.edu.tw/
1757,fair return,合理報酬,https://terms.naer.edu.tw/
1758,fair value,公平價值,https://terms.naer.edu.tw/
1759,fair-trade price,公平交易價格,https://terms.naer.edu.tw/
1760,fairness,適當(財務報告),https://terms.naer.edu.tw/
1761,fallacious deferred charge,虛偽遞延借項,https://terms.naer.edu.tw/
1762,false entry,假記錄,https://terms.naer.edu.tw/
1763,false profit,虛盈實虧,https://terms.naer.edu.tw/
1764,family partnership,家庭合夥,https://terms.naer.edu.tw/
1765,fan out,分列,https://terms.naer.edu.tw/
1766,farm-price method,產地作價法,https://terms.naer.edu.tw/
1767,FAS price,船邊交貨價格,https://terms.naer.edu.tw/
1768,FAS，free alongside ship,船邊交貨,https://terms.naer.edu.tw/
1769,favorable variance,有利差異,https://terms.naer.edu.tw/
1770,feedback,回饋,https://terms.naer.edu.tw/
1771,fees,規費，公費，費,https://terms.naer.edu.tw/
1772,fictitious accounts receivable,虛構應收帳款,https://terms.naer.edu.tw/
1773,fictitious assets,虛構資產,https://terms.naer.edu.tw/
1774,fictitious capital,虛構資本,https://terms.naer.edu.tw/
1775,fiduciary,財產受託人,https://terms.naer.edu.tw/
1776,fiduciary accounting,信託會計,https://terms.naer.edu.tw/
1777,fiduciary relationship,信託關係,https://terms.naer.edu.tw/
1778,field auditor,駐外查帳員,https://terms.naer.edu.tw/
1779,filing,歸檔,https://terms.naer.edu.tw/
1780,final account,決算帳目,https://terms.naer.edu.tw/
1781,final budget,核定預算,https://terms.naer.edu.tw/
1782,final cost,最後成本,https://terms.naer.edu.tw/
1783,final dividend,終結股利,https://terms.naer.edu.tw/
1784,final inventory,期末存貨,https://terms.naer.edu.tw/
1785,final report,決算報告,https://terms.naer.edu.tw/
1786,final statement,決算表,https://terms.naer.edu.tw/
1787,final value,終價,https://terms.naer.edu.tw/
1788,financial accounting,財務會計,https://terms.naer.edu.tw/
1789,financial accounts,財務帳目,https://terms.naer.edu.tw/
1790,financial budget,財務預算,https://terms.naer.edu.tw/
1791,financial condition,財務狀況,https://terms.naer.edu.tw/
1792,financial control,財務控制,https://terms.naer.edu.tw/
1793,financial executive,財務主管,https://terms.naer.edu.tw/
1794,financial expense,財務費用,https://terms.naer.edu.tw/
1795,financial income,財務收益,https://terms.naer.edu.tw/
1796,financial information system,財務情報制度，財務資料系統,https://terms.naer.edu.tw/
1797,financial investigation,財務調查,https://terms.naer.edu.tw/
1798,financial investment,財務投資,https://terms.naer.edu.tw/
1799,financial management expense,財務管理費用,https://terms.naer.edu.tw/
1800,financial operation,財務經營,https://terms.naer.edu.tw/
1801,financial policy,財務政策,https://terms.naer.edu.tw/
1802,financial position statement，balance sheet,財務狀況表，平衡表,https://terms.naer.edu.tw/
1803,financial position，financial condition,財務地位，財務狀況,https://terms.naer.edu.tw/
1804,financial ratio,財務比率,https://terms.naer.edu.tw/
1805,financial report,財務報告,https://terms.naer.edu.tw/
1806,financial standard,財務標準,https://terms.naer.edu.tw/
1807,financial statement,財務報表,https://terms.naer.edu.tw/
1808,financial structure,財務結構,https://terms.naer.edu.tw/
1809,financial transaction,財務事項，財務交易,https://terms.naer.edu.tw/
1810,financing cost,資金成本,https://terms.naer.edu.tw/
1811,finder,中人,https://terms.naer.edu.tw/
1812,finished cost,完工成本,https://terms.naer.edu.tw/
1813,finished goods，finished stock,製成品，產成品,https://terms.naer.edu.tw/
1814,finished job,已完工作,https://terms.naer.edu.tw/
1815,finished parts,製成零件,https://terms.naer.edu.tw/
1816,fire loss adjustment,火災損失調整,https://terms.naer.edu.tw/
1817,firm,商號，經營個體,https://terms.naer.edu.tw/
1818,firm contract,束縛性契約,https://terms.naer.edu.tw/
1819,firm policy,確定的政策,https://terms.naer.edu.tw/
1820,firm price,約定價格,https://terms.naer.edu.tw/
1821,firm sale contract,確定銷售契約,https://terms.naer.edu.tw/
1822,first agent,財務代理人,https://terms.naer.edu.tw/
1823,first cost，original cost,原始成本,https://terms.naer.edu.tw/
1824,first mortgage,第一抵押權,https://terms.naer.edu.tw/
1825,first mortgage bond,第一抵押權債券,https://terms.naer.edu.tw/
1826,first-in-first-out,先進先出法,https://terms.naer.edu.tw/
1827,fiscal closing date,會計期終結帳日，年度結帳日,https://terms.naer.edu.tw/
1828,fiscal period,會計期間,https://terms.naer.edu.tw/
1829,fiscal period appropriation,歲定經費,https://terms.naer.edu.tw/
1830,fiscal year,會計年度,https://terms.naer.edu.tw/
1831,fit (a curve),配合(曲線),https://terms.naer.edu.tw/
1832,fixed assets,固定資產,https://terms.naer.edu.tw/
1833,fixed budget,固定預算,https://terms.naer.edu.tw/
1834,fixed capital,固定資本,https://terms.naer.edu.tw/
1835,fixed charge,固定開支,https://terms.naer.edu.tw/
1836,fixed cost，fixed expense,固定成本，固定費用,https://terms.naer.edu.tw/
1837,fixed debt,固定債務,https://terms.naer.edu.tw/
1838,fixed deposit,定期存款,https://terms.naer.edu.tw/
1839,fixed instalment method,分期定額法,https://terms.naer.edu.tw/
1840,fixed intangible assets,固定無形資產,https://terms.naer.edu.tw/
1841,fixed liability,固定負債,https://terms.naer.edu.tw/
1842,fixed loan secured,定期擔保放款,https://terms.naer.edu.tw/
1843,fixed loan unsecured,定期信用放款,https://terms.naer.edu.tw/
1844,fixed overhead rate,固定間接費率,https://terms.naer.edu.tw/
1845,fixed overhead variance,固定間接費差異,https://terms.naer.edu.tw/
1846,fixed percentage basis,固定百分率法,https://terms.naer.edu.tw/
1847,fixed plant，plant,廠房設備,https://terms.naer.edu.tw/
1848,fixed regular working capital,固定正常運用資本,https://terms.naer.edu.tw/
1849,fixed resale price,約定轉售價格,https://terms.naer.edu.tw/
1850,fixed tangible assets,固定有形資產,https://terms.naer.edu.tw/
1851,fixed trust,固定信託組織,https://terms.naer.edu.tw/
1852,fixed-asset unit,固定資產單位,https://terms.naer.edu.tw/
1853,fixture,裝置,https://terms.naer.edu.tw/
1854,flash report,快報,https://terms.naer.edu.tw/
1855,flat,無息,https://terms.naer.edu.tw/
1856,flat cost,淨成本,https://terms.naer.edu.tw/
1857,flexible budget,彈性預算,https://terms.naer.edu.tw/
1858,flexible standard budget,彈性標準預算,https://terms.naer.edu.tw/
1859,float,託收中存款,https://terms.naer.edu.tw/
1860,floating assets，current assets,浮動資產，流動資產,https://terms.naer.edu.tw/
1861,floating debenture,短期信用債券,https://terms.naer.edu.tw/
1862,floating debt,浮動債務，流動債務,https://terms.naer.edu.tw/
1863,floating liability,浮動負債，流動負債,https://terms.naer.edu.tw/
1864,flow chart,流程圖,https://terms.naer.edu.tw/
1865,flow line,流程線,https://terms.naer.edu.tw/
1866,flow of costs,成本流程,https://terms.naer.edu.tw/
1867,flow of resources,資源流程,https://terms.naer.edu.tw/
1868,fluctuation in exchange,匯率變動,https://terms.naer.edu.tw/
1869,FOB destination,目的地交貨,https://terms.naer.edu.tw/
1870,FOB plant，FOB factory,工廠交貨,https://terms.naer.edu.tw/
1871,FOB price,某地船上交貨價格,https://terms.naer.edu.tw/
1872,FOB pricing,某地船上交貨定價,https://terms.naer.edu.tw/
1873,FOB，free on board,某地船上交貨(置於地名之前),https://terms.naer.edu.tw/
1874,focal date,假定起息日,https://terms.naer.edu.tw/
1875,folio column,頁數欄,https://terms.naer.edu.tw/
1876,folio reference,參見帳頁,https://terms.naer.edu.tw/
1877,foot-note,注腳，附注,https://terms.naer.edu.tw/
1878,footing,結總,https://terms.naer.edu.tw/
1879,force account method,自辦工程法,https://terms.naer.edu.tw/
1880,forced sale value,清算價值,https://terms.naer.edu.tw/
1881,forecasted statement,預測表,https://terms.naer.edu.tw/
1882,foreclosure value,沒收擔保品價值,https://terms.naer.edu.tw/
1883,foreign exchange,國外匯兌，外匯,https://terms.naer.edu.tw/
1884,foreign-trade financing,國際貿易財務調度,https://terms.naer.edu.tw/
1885,forfeited stock,沒收股份,https://terms.naer.edu.tw/
1886,forfeiture,沒收,https://terms.naer.edu.tw/
1887,form,格式,https://terms.naer.edu.tw/
1888,formal,正式的,https://terms.naer.edu.tw/
1889,formula control,公式控制,https://terms.naer.edu.tw/
1890,formula cost system,公式成本制,https://terms.naer.edu.tw/
1891,forward sale,銷貨合同,https://terms.naer.edu.tw/
1892,founders' shares，founders' stock,發起人股份,https://terms.naer.edu.tw/
1893,fractional stock warrant,零股認股證,https://terms.naer.edu.tw/
1894,frame,體系(統計),https://terms.naer.edu.tw/
1895,franchise,專營權，特許權,https://terms.naer.edu.tw/
1896,free asset,自由資產,https://terms.naer.edu.tw/
1897,free currency,自由通貨,https://terms.naer.edu.tw/
1898,free market value,自由匯率,https://terms.naer.edu.tw/
1899,free price,自由價格,https://terms.naer.edu.tw/
1900,free surplus,任意公積,https://terms.naer.edu.tw/
1901,freehold,不動產所有權,https://terms.naer.edu.tw/
1902,freight absorption,運費免收,https://terms.naer.edu.tw/
1903,freight bill,運費單,https://terms.naer.edu.tw/
1904,freight not allocated,未分配運費,https://terms.naer.edu.tw/
1905,freight notice,運費通知單,https://terms.naer.edu.tw/
1906,freight paid at destination,目的地付運費,https://terms.naer.edu.tw/
1907,freight paid in advance,預付運費,https://terms.naer.edu.tw/
1908,freight to be deducted,應扣代付運費,https://terms.naer.edu.tw/
1909,freight-in，freight inward,進貨運費,https://terms.naer.edu.tw/
1910,freight-out，freight outward,銷貨運費,https://terms.naer.edu.tw/
1911,freight，freight charge,運費,https://terms.naer.edu.tw/
1912,frequency chart,次數圖,https://terms.naer.edu.tw/
1913,frequency curve,次數曲線,https://terms.naer.edu.tw/
1914,frequency distribution,次數分配,https://terms.naer.edu.tw/
1915,frequency polygon,次數多邊形,https://terms.naer.edu.tw/
1916,fringe benefit,福利,https://terms.naer.edu.tw/
1917,frozen asset,凍結資產,https://terms.naer.edu.tw/
1918,frozen credit,呆欠,https://terms.naer.edu.tw/
1919,fuel,燃料,https://terms.naer.edu.tw/
1920,full cost,完全成本,https://terms.naer.edu.tw/
1921,full costing,完全成本法,https://terms.naer.edu.tw/
1922,full disclosure,充分表達,https://terms.naer.edu.tw/
1923,full endosement,記名背書,https://terms.naer.edu.tw/
1924,full faith and credit,十足信用,https://terms.naer.edu.tw/
1925,full faith and credit bond，general obligation bond,十足信用債券，普通負擔債券,https://terms.naer.edu.tw/
1926,full liability,完全責任,https://terms.naer.edu.tw/
1927,full standard burden,全標準間接費,https://terms.naer.edu.tw/
1928,full-paid capital stock,全部繳清的股本,https://terms.naer.edu.tw/
1929,fully secured creditor,擔保充分的債權人,https://terms.naer.edu.tw/
1930,fully secured liability,擔保充分的負債,https://terms.naer.edu.tw/
1931,function-type organization,分職式組織,https://terms.naer.edu.tw/
1932,functional accounting，activity accounting,職能會計，業務會計,https://terms.naer.edu.tw/
1933,functional classification,職能分類，政事別,https://terms.naer.edu.tw/
1934,functional depreciation,功能折舊,https://terms.naer.edu.tw/
1935,functional expense,職能別費用,https://terms.naer.edu.tw/
1936,fund,基金，資金,https://terms.naer.edu.tw/
1937,fund accounting structure,基金會計結構,https://terms.naer.edu.tw/
1938,fund accounts,基金帳目,https://terms.naer.edu.tw/
1939,fund asset,基金資產,https://terms.naer.edu.tw/
1940,fund balance,基金餘額,https://terms.naer.edu.tw/
1941,fund balance receipts,基金餘額收入,https://terms.naer.edu.tw/
1942,fund balance sheet,基金平衡表,https://terms.naer.edu.tw/
1943,fund group,基金組合,https://terms.naer.edu.tw/
1944,fund liability,基金負債,https://terms.naer.edu.tw/
1945,fund obligation,基金負擔,https://terms.naer.edu.tw/
1946,fund pool,基金聯營投資,https://terms.naer.edu.tw/
1947,fund procedure,基金程式,https://terms.naer.edu.tw/
1948,fund surplus，fund balance,基金剩餘，基金餘額,https://terms.naer.edu.tw/
1949,funded debt,長期債務,https://terms.naer.edu.tw/
1950,funded deficit,長期虧絀,https://terms.naer.edu.tw/
1951,funded reserve,基金準備,https://terms.naer.edu.tw/
1952,funding,債務長期化,https://terms.naer.edu.tw/
1953,funding bond,債務長期化債券，償債債券,https://terms.naer.edu.tw/
1954,funding depreciation,折舊專款,https://terms.naer.edu.tw/
1955,funds flow statement,資金流程表,https://terms.naer.edu.tw/
1956,funds held in custody,保管款,https://terms.naer.edu.tw/
1957,funds statement，statement of application of funds,資金表，資金運用表,https://terms.naer.edu.tw/
1958,furniture and fixtures,器具裝置,https://terms.naer.edu.tw/
1959,future delivery,期貨,https://terms.naer.edu.tw/
1960,futures,遠期交易,https://terms.naer.edu.tw/
1961,futures price,期貨價格,https://terms.naer.edu.tw/
1962,gain,利益,https://terms.naer.edu.tw/
1963,gain on realization of assets,變產利益,https://terms.naer.edu.tw/
1964,gain or loss,損益,https://terms.naer.edu.tw/
1965,garnished wages,扣發工資,https://terms.naer.edu.tw/
1966,general accountant,普通會計人員,https://terms.naer.edu.tw/
1967,general accounting,普通會計,https://terms.naer.edu.tw/
1968,general accounting department,普通會計部,https://terms.naer.edu.tw/
1969,general accounting report,普通會計報告,https://terms.naer.edu.tw/
1970,general accounting system,普通會計制度,https://terms.naer.edu.tw/
1971,general administrative expense,普通管理費用,https://terms.naer.edu.tw/
1972,general and administrative expenses,總務及管理費用,https://terms.naer.edu.tw/
1973,general annual report,年度總報告,https://terms.naer.edu.tw/
1974,general audit,普通審計,https://terms.naer.edu.tw/
1975,general average,共同海損,https://terms.naer.edu.tw/
1976,general balance sheet,普通平衡表,https://terms.naer.edu.tw/
1977,general bonded-debt and interest group of accounts,普通債券本息帳類,https://terms.naer.edu.tw/
1978,general bonded-debt fund,普通債券債務基金,https://terms.naer.edu.tw/
1979,general budget,普通預算，總預算,https://terms.naer.edu.tw/
1980,general cash,普通現金,https://terms.naer.edu.tw/
1981,general contingency reserve,一般意外準備,https://terms.naer.edu.tw/
1982,general cost-benefit models,一般成本效益模式,https://terms.naer.edu.tw/
1983,general estimates,普通概算，總概算,https://terms.naer.edu.tw/
1984,general expense，administrative expense,總務費用，管理費用,https://terms.naer.edu.tw/
1985,general final accounts,普通決算，總決算,https://terms.naer.edu.tw/
1986,general fixed assets,普通固定資產,https://terms.naer.edu.tw/
1987,general fixed assets fund,普通固定資產基金,https://terms.naer.edu.tw/
1988,general fixed assets group of accounts,普通固定資產帳類,https://terms.naer.edu.tw/
1989,general fund,普通基金,https://terms.naer.edu.tw/
1990,general government property,公務財物,https://terms.naer.edu.tw/
1991,general indirect labor,普通間接人工,https://terms.naer.edu.tw/
1992,general inventory,財產目錄,https://terms.naer.edu.tw/
1993,general journal,普通日記帳,https://terms.naer.edu.tw/
1994,general ledger,總分類帳,https://terms.naer.edu.tw/
1995,general ledger accounts,總分類帳目，總分類帳戶,https://terms.naer.edu.tw/
1996,general ledger for properties and commodities,財產統制帳,https://terms.naer.edu.tw/
1997,general legacy,普通遺贈,https://terms.naer.edu.tw/
1998,general long-term debt,普通長期債務,https://terms.naer.edu.tw/
1999,general long-term debt and interest group of accounts,普通長期債務本息帳類,https://terms.naer.edu.tw/
2000,general long-term debt group of accounts,普通長期債務帳類,https://terms.naer.edu.tw/
2001,general obligation bonds,普通負擔債券,https://terms.naer.edu.tw/
2002,general obligation special assessment bonds,普通負擔特賦債券,https://terms.naer.edu.tw/
2003,general operating expense,一般營業費用,https://terms.naer.edu.tw/
2004,general overhead,一般間接費,https://terms.naer.edu.tw/
2005,general partner,普通合夥人,https://terms.naer.edu.tw/
2006,general partnership,普通合夥,https://terms.naer.edu.tw/
2007,general purpose statement,普通決算表,https://terms.naer.edu.tw/
2008,general records,普通記錄,https://terms.naer.edu.tw/
2009,general reserve,普通準備,https://terms.naer.edu.tw/
2010,general revenue,普通所入,https://terms.naer.edu.tw/
2011,generally accepted,一般公認,https://terms.naer.edu.tw/
2012,generally accepted accounting principle,一般公認會計原則,https://terms.naer.edu.tw/
2013,geometric mean,幾何平均數,https://terms.naer.edu.tw/
2014,geometric progression,幾何級數,https://terms.naer.edu.tw/
2015,gift tax,贈與稅,https://terms.naer.edu.tw/
2016,giving-effect statement,預期報表,https://terms.naer.edu.tw/
2017,GNP，gross national product,國民生產毛額(社會會計),https://terms.naer.edu.tw/
2018,go-and-not-go gage,容許度檢驗器（統計品質控制）,https://terms.naer.edu.tw/
2019,going concern,繼續經營,https://terms.naer.edu.tw/
2020,going concern value,繼續經營價值,https://terms.naer.edu.tw/
2021,goods,貨物,https://terms.naer.edu.tw/
2022,goods and services,貨物及勞務,https://terms.naer.edu.tw/
2023,goods in process，work in process,在產品，在製品,https://terms.naer.edu.tw/
2024,goods in transit,在運品,https://terms.naer.edu.tw/
2025,goods on hand，inventory,存貨,https://terms.naer.edu.tw/
2026,goods on order,定貨,https://terms.naer.edu.tw/
2027,goods-in on consignment，consignment-in,承銷，承銷品,https://terms.naer.edu.tw/
2028,goods-out on consignment，consignment-out,寄銷，寄銷品,https://terms.naer.edu.tw/
2029,goodwill,商譽,https://terms.naer.edu.tw/
2030,goodwill partner,商譽合夥人,https://terms.naer.edu.tw/
2031,government administration expense,政事費用,https://terms.naer.edu.tw/
2032,government bond,公債,https://terms.naer.edu.tw/
2033,government property,公有財物,https://terms.naer.edu.tw/
2034,government revenue collecting offices,徵收機關,https://terms.naer.edu.tw/
2035,government-operated enterprise,公營事業,https://terms.naer.edu.tw/
2036,government-owned enterprise,公有營業,https://terms.naer.edu.tw/
2037,governmental accounting,政府會計,https://terms.naer.edu.tw/
2038,governmental unit's share of assessment improvement costs,政府分擔特賦改良物成本,https://terms.naer.edu.tw/
2039,grace period,寬限期,https://terms.naer.edu.tw/
2040,grant，grants-in-aid,補助金,https://terms.naer.edu.tw/
2041,graphic solution,圖解,https://terms.naer.edu.tw/
2042,graphic statement,圖形表,https://terms.naer.edu.tw/
2043,gray market,操縱市場，黑市,https://terms.naer.edu.tw/
2044,gross,總額，毛額,https://terms.naer.edu.tw/
2045,gross appreciation,漲價毛額,https://terms.naer.edu.tw/
2046,gross bonded debt,債券債務總額,https://terms.naer.edu.tw/
2047,gross book value,資產帳面毛額,https://terms.naer.edu.tw/
2048,gross cost of merchandise sold,銷貨總成本,https://terms.naer.edu.tw/
2049,gross declination,跌價毛額,https://terms.naer.edu.tw/
2050,gross earnings，gross income,毛利，總收益,https://terms.naer.edu.tw/
2051,gross liability,總負債,https://terms.naer.edu.tw/
2052,gross loss,毛損,https://terms.naer.edu.tw/
2053,gross margin，gross profit,毛利,https://terms.naer.edu.tw/
2054,gross price,毛價，總價,https://terms.naer.edu.tw/
2055,gross profit analysis,毛利分析,https://terms.naer.edu.tw/
2056,gross profit method of inventory,毛利估計盤存法,https://terms.naer.edu.tw/
2057,gross profit on sales，gross trading profit,銷售毛利,https://terms.naer.edu.tw/
2058,gross profit ratio,毛利率,https://terms.naer.edu.tw/
2059,gross profit test,毛利測驗法,https://terms.naer.edu.tw/
2060,gross revenue,總所入,https://terms.naer.edu.tw/
2061,gross sales,銷售總額,https://terms.naer.edu.tw/
2062,group depreciation,分組折舊,https://terms.naer.edu.tw/
2063,group financial statement,分組合併報表,https://terms.naer.edu.tw/
2064,group of accounts,帳類,https://terms.naer.edu.tw/
2065,group procedure,集體(折舊)法,https://terms.naer.edu.tw/
2066,group product,集體產品,https://terms.naer.edu.tw/
2067,grouping financial statement,報表之分組合併,https://terms.naer.edu.tw/
2068,growth curve,成長曲線,https://terms.naer.edu.tw/
2069,guarantee,被保證人，保證,https://terms.naer.edu.tw/
2070,guarantee deposit,押金,https://terms.naer.edu.tw/
2071,guaranteed bond,保證債券,https://terms.naer.edu.tw/
2072,guaranteed dividend,保證股利,https://terms.naer.edu.tw/
2073,guaranteed stock,保證股，保息股,https://terms.naer.edu.tw/
2074,guarantor,保證人,https://terms.naer.edu.tw/
2075,guaranty fund,保證金,https://terms.naer.edu.tw/
2076,guideline life,標準壽年,https://terms.naer.edu.tw/
2077,half finished good,半製品,https://terms.naer.edu.tw/
2078,hand over,交代,https://terms.naer.edu.tw/
2079,hand tool,手工具,https://terms.naer.edu.tw/
2080,harmonic mean,調和平均數,https://terms.naer.edu.tw/
2081,harmonic progression,調和級數,https://terms.naer.edu.tw/
2082,head office control account,總店統制帳戶,https://terms.naer.edu.tw/
2083,head office current,總店往來,https://terms.naer.edu.tw/
2084,head-end business,車後運輸,https://terms.naer.edu.tw/
2085,heat，light and power,熱光與動力費,https://terms.naer.edu.tw/
2086,hedge,套利,https://terms.naer.edu.tw/
2087,hedge clause,卸責條款,https://terms.naer.edu.tw/
2088,hidden reserve，secret reserve,秘密準備,https://terms.naer.edu.tw/
2089,high & low points method,高低點法,https://terms.naer.edu.tw/
2090,hire purchase,租購,https://terms.naer.edu.tw/
2091,historical cost,過去成本,https://terms.naer.edu.tw/
2092,historical dollar accounting,原始幣值會計,https://terms.naer.edu.tw/
2093,historical method,實際數量分配法,https://terms.naer.edu.tw/
2094,hold-harmless agreement,轉移責任契約,https://terms.naer.edu.tw/
2095,holder in due course,善意執票人,https://terms.naer.edu.tw/
2096,holding company,股權公司,https://terms.naer.edu.tw/
2097,holding period,持有期間,https://terms.naer.edu.tw/
2098,holding-operating company,營業股權公司,https://terms.naer.edu.tw/
2099,home office,總店，本店,https://terms.naer.edu.tw/
2100,home office current,總店往來,https://terms.naer.edu.tw/
2101,homogeneity,均質,https://terms.naer.edu.tw/
2102,homogeneity of cost,成本補償均等原則,https://terms.naer.edu.tw/
2103,horizontal analysis,橫的分析,https://terms.naer.edu.tw/
2104,horizontal combination,橫式綜合,https://terms.naer.edu.tw/
2105,hour cost,時成本,https://terms.naer.edu.tw/
2106,hypothecated asset，pledged asset,質押資產,https://terms.naer.edu.tw/
2107,hypothecation,質押,https://terms.naer.edu.tw/
2108,hypothetical cost,假定成本,https://terms.naer.edu.tw/
2109,hypothetical interest,假定利息,https://terms.naer.edu.tw/
2110,iceberg principle,冰山原理,https://terms.naer.edu.tw/
2111,ideal standard cost,理想標準成本,https://terms.naer.edu.tw/
2112,identification method,辦認法,https://terms.naer.edu.tw/
2113,identity,恒等式，本體,https://terms.naer.edu.tw/
2114,identity of organizational，budgetary and accounting unit,組織預算會計三位一體,https://terms.naer.edu.tw/
2115,idle capacity,空閒能量,https://terms.naer.edu.tw/
2116,idle capacity cost,空閒能量成本,https://terms.naer.edu.tw/
2117,idle capacity variance,空閒能量差異,https://terms.naer.edu.tw/
2118,idle equipment,閒置設備,https://terms.naer.edu.tw/
2119,idle fund,閒置資金,https://terms.naer.edu.tw/
2120,idle plant,閒置廠場設備,https://terms.naer.edu.tw/
2121,idle time,空閒時間,https://terms.naer.edu.tw/
2122,idle time supplementary rate,停工時間補充分配率,https://terms.naer.edu.tw/
2123,imaginary fund,假想基金,https://terms.naer.edu.tw/
2124,immaterial annuity,尋常年金,https://terms.naer.edu.tw/
2125,immaterial asset，intangible asset,無形資產,https://terms.naer.edu.tw/
2126,immediate asset，current asset,流動資產,https://terms.naer.edu.tw/
2127,immediate liability，current liability,流動負債,https://terms.naer.edu.tw/
2128,immovable property，real property,不動產,https://terms.naer.edu.tw/
2129,impairment (of capital),虧絀,https://terms.naer.edu.tw/
2130,impairment of capital account,專絀帳戶,https://terms.naer.edu.tw/
2131,impersonal account,非人名帳戶,https://terms.naer.edu.tw/
2132,impersonal asset,非對人資人，債權外資產,https://terms.naer.edu.tw/
2133,impersonal entity,非人個體,https://terms.naer.edu.tw/
2134,implements,用具,https://terms.naer.edu.tw/
2135,implication,關聯　,https://terms.naer.edu.tw/
2136,implicit interest,內含利息,https://terms.naer.edu.tw/
2137,implicit interest charge,內含利息開支,https://terms.naer.edu.tw/
2138,implicit interest revenue,內含利息所入,https://terms.naer.edu.tw/
2139,implied cash cost,內在付現成本,https://terms.naer.edu.tw/
2140,implied contract,默認契約,https://terms.naer.edu.tw/
2141,implied trust,默認信託,https://terms.naer.edu.tw/
2142,impound,扣押,https://terms.naer.edu.tw/
2143,imprest cash，imprest fund,定額零用金,https://terms.naer.edu.tw/
2144,imprest system,定額預付制,https://terms.naer.edu.tw/
2145,improvement,改良，改良物,https://terms.naer.edu.tw/
2146,improvement authorized,核准改良,https://terms.naer.edu.tw/
2147,improvement expense,改良費用,https://terms.naer.edu.tw/
2148,improvements and extensions,改良與擴充,https://terms.naer.edu.tw/
2149,improvements in progress，improvements in process,在程改良工程,https://terms.naer.edu.tw/
2150,improvements on leased property,租賃財產改良,https://terms.naer.edu.tw/
2151,improvements other than buildings,建築物外其他改良物,https://terms.naer.edu.tw/
2152,impute,設算，推算,https://terms.naer.edu.tw/
2153,imputed cost,設算成本，推算成本,https://terms.naer.edu.tw/
2154,imputed interest,設算利息，推算利息,https://terms.naer.edu.tw/
2155,imputed rent,設算租金,https://terms.naer.edu.tw/
2156,in-charge accountant，accountant in charge,主辦會計員，主辦會計師,https://terms.naer.edu.tw/
2157,in-cycle work,機器運轉時工作,https://terms.naer.edu.tw/
2158,inactive stock report,呆存材料報告單,https://terms.naer.edu.tw/
2159,inadequacy,不適用,https://terms.naer.edu.tw/
2160,inadequate capacity,不敷能量,https://terms.naer.edu.tw/
2161,inadmissible asset,免稅資產,https://terms.naer.edu.tw/
2162,inadmitted asset,免計資產(保險會計),https://terms.naer.edu.tw/
2163,incidental revenue,雜項收入，雜項所入,https://terms.naer.edu.tw/
2164,income,收益，所得,https://terms.naer.edu.tw/
2165,income account,收益帳戶，收益帳目,https://terms.naer.edu.tw/
2166,income and expense,收益與費用,https://terms.naer.edu.tw/
2167,income beneficiary,收益享受人，遺益享受人,https://terms.naer.edu.tw/
2168,income bond,收益債券,https://terms.naer.edu.tw/
2169,income charge,收益開支,https://terms.naer.edu.tw/
2170,income deduction,收益減項,https://terms.naer.edu.tw/
2171,income from investment,投資收益,https://terms.naer.edu.tw/
2172,income from royalties,版稅收益,https://terms.naer.edu.tw/
2173,income realization,收益實現,https://terms.naer.edu.tw/
2174,income sheet ratio,損益比率,https://terms.naer.edu.tw/
2175,income sheet，income statement,損益表,https://terms.naer.edu.tw/
2176,income statement adjustment,損益表調整,https://terms.naer.edu.tw/
2177,income tax,所得稅,https://terms.naer.edu.tw/
2178,income tax reserve,所得稅準備,https://terms.naer.edu.tw/
2179,incorporation,設立登記，註冊,https://terms.naer.edu.tw/
2180,increment,增值,https://terms.naer.edu.tw/
2181,incremental cost,增量成本，增支成本,https://terms.naer.edu.tw/
2182,indebtedness,債務,https://terms.naer.edu.tw/
2183,indenture,契約,https://terms.naer.edu.tw/
2184,independence,獨立，超然,https://terms.naer.edu.tw/
2185,independent accountant,獨立會計師,https://terms.naer.edu.tw/
2186,independent audit,獨立審計,https://terms.naer.edu.tw/
2187,independent variable,自變數,https://terms.naer.edu.tw/
2188,indeterminate appropriation,無限經費,https://terms.naer.edu.tw/
2189,index number,指數,https://terms.naer.edu.tw/
2190,index of correlation,相關指數,https://terms.naer.edu.tw/
2191,index of creditors,債權人指數,https://terms.naer.edu.tw/
2192,indirect charge，overhead,間接費,https://terms.naer.edu.tw/
2193,indirect cost,間接成本,https://terms.naer.edu.tw/
2194,indirect department,間接部門,https://terms.naer.edu.tw/
2195,indirect expense,間接費用,https://terms.naer.edu.tw/
2196,indirect labor,間接人工,https://terms.naer.edu.tw/
2197,indirect liability,間接負債,https://terms.naer.edu.tw/
2198,indirect manufacturing cost,間接製造成本,https://terms.naer.edu.tw/
2199,indirect material,間接材料,https://terms.naer.edu.tw/
2200,individual proprietorship,獨資,https://terms.naer.edu.tw/
2201,industrial accident fund,工人傷害撫養基金,https://terms.naer.edu.tw/
2202,industrial accident fund reserve,工人餘額撫養基金準備,https://terms.naer.edu.tw/
2203,industrial aid bond,實業債券,https://terms.naer.edu.tw/
2204,industrial cost system,工業成本制度,https://terms.naer.edu.tw/
2205,inequality,不等式,https://terms.naer.edu.tw/
2206,inequation,不等方程式,https://terms.naer.edu.tw/
2207,inflated profit,虛抬利益,https://terms.naer.edu.tw/
2208,inflation,通貨膨脹,https://terms.naer.edu.tw/
2209,inflexible burden,固定間接費,https://terms.naer.edu.tw/
2210,informal record,非正式記錄,https://terms.naer.edu.tw/
2211,information,情報，資料,https://terms.naer.edu.tw/
2212,information at source,所得來源資料,https://terms.naer.edu.tw/
2213,inheritance tax,遺產稅,https://terms.naer.edu.tw/
2214,initial inventory,期初存貨,https://terms.naer.edu.tw/
2215,initial mark up,原始加價,https://terms.naer.edu.tw/
2216,initial surplus,期初盈餘，原始盈餘,https://terms.naer.edu.tw/
2217,input,投入,https://terms.naer.edu.tw/
2218,input-output,投入產出,https://terms.naer.edu.tw/
2219,insolvency，insolvent,無償債能力,https://terms.naer.edu.tw/
2220,installation cost,裝置成本,https://terms.naer.edu.tw/
2221,installment,分期付款，分期收款,https://terms.naer.edu.tw/
2222,installment accounts receivable,應收分期帳款,https://terms.naer.edu.tw/
2223,installment bond,分期償還債券,https://terms.naer.edu.tw/
2224,installment method of accounting,分期付款會計,https://terms.naer.edu.tw/
2225,installment sale,分期付款銷貨,https://terms.naer.edu.tw/
2226,installment scrip book,分期付款收據簿,https://terms.naer.edu.tw/
2227,institutional accounting,公益事業會計,https://terms.naer.edu.tw/
2228,insurable interest,可保權益,https://terms.naer.edu.tw/
2229,insurable value,可何價值,https://terms.naer.edu.tw/
2230,insurance expense,保險費,https://terms.naer.edu.tw/
2231,insurance fund,保險基金,https://terms.naer.edu.tw/
2232,insurance fund reserve,保險基金準備,https://terms.naer.edu.tw/
2233,insurance policy,保險單,https://terms.naer.edu.tw/
2234,insurance premium unexpired,未耗保險費,https://terms.naer.edu.tw/
2235,insurance register,保險登記簿,https://terms.naer.edu.tw/
2236,insurance reserve,保險準備,https://terms.naer.edu.tw/
2237,insure,投保,https://terms.naer.edu.tw/
2238,intangible asset,無形資產,https://terms.naer.edu.tw/
2239,intangible value,無形價值,https://terms.naer.edu.tw/
2240,integer,整數,https://terms.naer.edu.tw/
2241,inter-vivos trust,生存信託,https://terms.naer.edu.tw/
2242,interchangeable parts,可替換零件,https://terms.naer.edu.tw/
2243,intercompany account,公司間往來,https://terms.naer.edu.tw/
2244,intercompany elimination,公司間銷除,https://terms.naer.edu.tw/
2245,intercompany expense,公司間費用,https://terms.naer.edu.tw/
2246,intercompany profit,公司間利益,https://terms.naer.edu.tw/
2247,interdepartmental income,部門間收益,https://terms.naer.edu.tw/
2248,interdepartmental profit,部門間利益,https://terms.naer.edu.tw/
2249,interest,利息,https://terms.naer.edu.tw/
2250,interest and penalties receivable on taxes,應收欠稅利息與罰款,https://terms.naer.edu.tw/
2251,interest charged to cost,計入成本利息,https://terms.naer.edu.tw/
2252,interest cost,利息成本,https://terms.naer.edu.tw/
2253,interest due,到期利息,https://terms.naer.edu.tw/
2254,interest during construction,建築期間利息,https://terms.naer.edu.tw/
2255,interest earned，interest received,利息收入,https://terms.naer.edu.tw/
2256,interest expense，interest charge，interest paid,利息費用,https://terms.naer.edu.tw/
2257,interest fund,利息基金,https://terms.naer.edu.tw/
2258,interest income tax,利息所得稅,https://terms.naer.edu.tw/
2259,interest income，interest revenue,利息收益，利息收入,https://terms.naer.edu.tw/
2260,interest on capital,資本利息,https://terms.naer.edu.tw/
2261,interest on investment,投資利息,https://terms.naer.edu.tw/
2262,interest payable,應付利息,https://terms.naer.edu.tw/
2263,interest payable reserve,應付利息準備,https://terms.naer.edu.tw/
2264,interest rate,利率,https://terms.naer.edu.tw/
2265,interest receivable,應收利息,https://terms.naer.edu.tw/
2266,interest receivable on investments,應收投資利息,https://terms.naer.edu.tw/
2267,interest receivable-special assessments,應收特賦利息,https://terms.naer.edu.tw/
2268,interest reserve,利息準備,https://terms.naer.edu.tw/
2269,interest suspense,利息暫記,https://terms.naer.edu.tw/
2270,interest-bearing note,附息票據,https://terms.naer.edu.tw/
2271,interest-conversion period,轉換利息日期,https://terms.naer.edu.tw/
2272,interference,干擾(統計品質控制),https://terms.naer.edu.tw/
2273,interfund accounts,基金間帳目,https://terms.naer.edu.tw/
2274,interfund loan,基金間貸款,https://terms.naer.edu.tw/
2275,interfund receivables and payables,基金間應收應付項目,https://terms.naer.edu.tw/
2276,interfund settlement,基金間清帳,https://terms.naer.edu.tw/
2277,interfund transfer,基金間移轉,https://terms.naer.edu.tw/
2278,intergovernmental revenue,政府間所入,https://terms.naer.edu.tw/
2279,interim,期中,https://terms.naer.edu.tw/
2280,interim audit,期中審核,https://terms.naer.edu.tw/
2281,interim balance,期中餘額,https://terms.naer.edu.tw/
2282,interim balance sheet,期中平衡表,https://terms.naer.edu.tw/
2283,interim borrowing,期中借賒,https://terms.naer.edu.tw/
2284,interim closing,期中結算,https://terms.naer.edu.tw/
2285,interim date,中間日,https://terms.naer.edu.tw/
2286,interim dividend,期中股利,https://terms.naer.edu.tw/
2287,interim report,期中報告,https://terms.naer.edu.tw/
2288,interim statement,期中報表,https://terms.naer.edu.tw/
2289,interior liability,對內負債,https://terms.naer.edu.tw/
2290,interlock account,聯繫帳戶,https://terms.naer.edu.tw/
2291,interlocking directorate,連鎖董事,https://terms.naer.edu.tw/
2292,intermediate account,中間帳戶,https://terms.naer.edu.tw/
2293,intermediate ledger,中級分類帳,https://terms.naer.edu.tw/
2294,internal analysis,內部分析,https://terms.naer.edu.tw/
2295,internal auditing,內部審核,https://terms.naer.edu.tw/
2296,internal auditor,內部審核員,https://terms.naer.edu.tw/
2297,internal check,內部牽制,https://terms.naer.edu.tw/
2298,internal check system,內部牽制制度,https://terms.naer.edu.tw/
2299,internal control,內部控制,https://terms.naer.edu.tw/
2300,internal control system,內部控制制度,https://terms.naer.edu.tw/
2301,internal ratio,內部比率,https://terms.naer.edu.tw/
2302,internal reporting,內部報告,https://terms.naer.edu.tw/
2303,internal transaction,內部會計事項,https://terms.naer.edu.tw/
2304,interpolation,插補法,https://terms.naer.edu.tw/
2305,intestate,無遺囑死者,https://terms.naer.edu.tw/
2306,intragovernmental service fund，working capital fund,政府內部服務基金，運用資金基金,https://terms.naer.edu.tw/
2307,inventory,存貨，盤存，財產目錄,https://terms.naer.edu.tw/
2308,inventory adjustment,存貨調整,https://terms.naer.edu.tw/
2309,inventory control,存貨控制,https://terms.naer.edu.tw/
2310,inventory of supply,用品盤存,https://terms.naer.edu.tw/
2311,inventory pricing,存貨計價,https://terms.naer.edu.tw/
2312,inventory profit,盤存盈餘,https://terms.naer.edu.tw/
2313,inventory record,存貨記錄,https://terms.naer.edu.tw/
2314,inventory report,存貨報告,https://terms.naer.edu.tw/
2315,inventory reserve,存貨準備,https://terms.naer.edu.tw/
2316,inventory short and over,存貨缺溢,https://terms.naer.edu.tw/
2317,inventory suspense account,存貨暫記帳戶,https://terms.naer.edu.tw/
2318,inventory turnover,存貨週轉率,https://terms.naer.edu.tw/
2319,inventory valuation,存貨評價,https://terms.naer.edu.tw/
2320,inventory value,存貨價值,https://terms.naer.edu.tw/
2321,invested capital,投入資本,https://terms.naer.edu.tw/
2322,investigation,檢查,https://terms.naer.edu.tw/
2323,investigation certificate,稽察證,https://terms.naer.edu.tw/
2324,investment,投資,https://terms.naer.edu.tw/
2325,investment adviser，investment counsel,投資顧問,https://terms.naer.edu.tw/
2326,investment asset,資金資產,https://terms.naer.edu.tw/
2327,investment banker,投資銀行業,https://terms.naer.edu.tw/
2328,investment company,投資公司,https://terms.naer.edu.tw/
2329,investment in default,拖欠的投資,https://terms.naer.edu.tw/
2330,investment in general fixed assets,普通固定資產投資,https://terms.naer.edu.tw/
2331,investment ledger,投資分類帳,https://terms.naer.edu.tw/
2332,investment of reserve,準備金投資,https://terms.naer.edu.tw/
2333,investment of sinking fund,償債基金投資,https://terms.naer.edu.tw/
2334,investment trust,投資信託,https://terms.naer.edu.tw/
2335,investment trust company,投資信託公司,https://terms.naer.edu.tw/
2336,investment turnover,投資周轉數[率],https://terms.naer.edu.tw/
2337,investment value,投資價值,https://terms.naer.edu.tw/
2338,invisible gain,無形利益,https://terms.naer.edu.tw/
2339,invisible loss,無形損失,https://terms.naer.edu.tw/
2340,invoice,發票,https://terms.naer.edu.tw/
2341,invoice adjustment,發票調整,https://terms.naer.edu.tw/
2342,invoice book,發票薄,https://terms.naer.edu.tw/
2343,invoice cost,發票成本,https://terms.naer.edu.tw/
2344,invoice inward book,購貨發票簿,https://terms.naer.edu.tw/
2345,invoice outward book,銷貨發票簿,https://terms.naer.edu.tw/
2346,invoice register,發票登記簿,https://terms.naer.edu.tw/
2347,involuntary conversion,強迫變換,https://terms.naer.edu.tw/
2348,inward freight and cartage,運入運費,https://terms.naer.edu.tw/
2349,IOU，I owe you,借據,https://terms.naer.edu.tw/
2350,irregularity,不合常規,https://terms.naer.edu.tw/
2351,irrelevant cost,無關成本,https://terms.naer.edu.tw/
2352,irrevocable trust,不可撤銷的信託,https://terms.naer.edu.tw/
2353,issue costs (on bonds or stock),發行成本(公司債或股票),https://terms.naer.edu.tw/
2354,issued capital,已發股本,https://terms.naer.edu.tw/
2355,item,項，項目,https://terms.naer.edu.tw/
2356,items received in advance,預收項目,https://terms.naer.edu.tw/
2357,job,批，工作,https://terms.naer.edu.tw/
2358,job account,工作帳戶,https://terms.naer.edu.tw/
2359,job card，work ticket,工作卡,https://terms.naer.edu.tw/
2360,job cost system,分批成本制,https://terms.naer.edu.tw/
2361,job costing，job-order costing,分批成本計算,https://terms.naer.edu.tw/
2362,job lot,分批，批量,https://terms.naer.edu.tw/
2363,job lot method，job method,分批法,https://terms.naer.edu.tw/
2364,job office,工務處,https://terms.naer.edu.tw/
2365,job order,分批工作通知單,https://terms.naer.edu.tw/
2366,job order cost sheet,分批成本單,https://terms.naer.edu.tw/
2367,job order cost system,分批成本制,https://terms.naer.edu.tw/
2368,job production,分批生產,https://terms.naer.edu.tw/
2369,job system,分批制,https://terms.naer.edu.tw/
2370,job time report,工作時間報告,https://terms.naer.edu.tw/
2371,jobs in operation,進行中工作,https://terms.naer.edu.tw/
2372,jobs in process,在程工作,https://terms.naer.edu.tw/
2373,joint account,聯立帳戶,https://terms.naer.edu.tw/
2374,joint adventure，joint venture,短期合營,https://terms.naer.edu.tw/
2375,joint and several liability,個別連帶責任,https://terms.naer.edu.tw/
2376,joint bonds,合發債券,https://terms.naer.edu.tw/
2377,joint consignment,合夥寄銷,https://terms.naer.edu.tw/
2378,joint cost，joint expense,聯合成本，聯合費用,https://terms.naer.edu.tw/
2379,joint facilities income,共同設備收益,https://terms.naer.edu.tw/
2380,joint liability,連帶責任,https://terms.naer.edu.tw/
2381,joint life annuity,共同生命年金,https://terms.naer.edu.tw/
2382,joint ownership,共同所有權,https://terms.naer.edu.tw/
2383,joint product,聯產品,https://terms.naer.edu.tw/
2384,joint product method,聯產品法,https://terms.naer.edu.tw/
2385,joint services,共同勞務,https://terms.naer.edu.tw/
2386,joint stock association，joint stock company,股份組合，股份公司,https://terms.naer.edu.tw/
2387,joint tenant,共同財產所有者,https://terms.naer.edu.tw/
2388,joint venture investment,短期合營投資,https://terms.naer.edu.tw/
2389,journal,日記帳，分錄簿,https://terms.naer.edu.tw/
2390,journal day book,分錄日記簿,https://terms.naer.edu.tw/
2391,journal entry,分錄，分錄記錄,https://terms.naer.edu.tw/
2392,journal voucher,分錄憑單，分錄傳票,https://terms.naer.edu.tw/
2393,journalize,分錄,https://terms.naer.edu.tw/
2394,judgement bond,判決債券,https://terms.naer.edu.tw/
2395,judgement sample,判定選樣,https://terms.naer.edu.tw/
2396,judgements payable,判決應付款,https://terms.naer.edu.tw/
2397,junior accountant,初級會計員,https://terms.naer.edu.tw/
2398,junior security,次級證券,https://terms.naer.edu.tw/
2399,junk,廢料,https://terms.naer.edu.tw/
2400,junk value,廢料價值,https://terms.naer.edu.tw/
2401,justification,請款說明,https://terms.naer.edu.tw/
2402,kind,實物,https://terms.naer.edu.tw/
2403,kiting,冒空，移挪補空,https://terms.naer.edu.tw/
2404,kiting cheque,空頭支票,https://terms.naer.edu.tw/
2405,knocked down，KD,機器拆散裝運,https://terms.naer.edu.tw/
2406,known liability,已知負債,https://terms.naer.edu.tw/
2407,known loss,已知損失,https://terms.naer.edu.tw/
2408,label,標誌，標籤,https://terms.naer.edu.tw/
2409,labor,人工,https://terms.naer.edu.tw/
2410,labor budget,人工預算,https://terms.naer.edu.tw/
2411,labor control,人工控制,https://terms.naer.edu.tw/
2412,labor cost,人工成本,https://terms.naer.edu.tw/
2413,labor cost sheet,人工成本單,https://terms.naer.edu.tw/
2414,labor hour method,人工時法,https://terms.naer.edu.tw/
2415,labor hour rate,人工時率,https://terms.naer.edu.tw/
2416,labor in process,在制人工,https://terms.naer.edu.tw/
2417,labor standard,人工標準,https://terms.naer.edu.tw/
2418,labor statement,人工表,https://terms.naer.edu.tw/
2419,labor turnover,人工周轉率,https://terms.naer.edu.tw/
2420,labor variance,人工差異,https://terms.naer.edu.tw/
2421,labor-saving device,省工法,https://terms.naer.edu.tw/
2422,lag,落後,https://terms.naer.edu.tw/
2423,land contract,土地契約,https://terms.naer.edu.tw/
2424,land improvements,土地改良，土地改良物,https://terms.naer.edu.tw/
2425,landed price,抵岸價格,https://terms.naer.edu.tw/
2426,language sheet,預算說明書,https://terms.naer.edu.tw/
2427,lapping,截留挪用,https://terms.naer.edu.tw/
2428,lapse,失效，停止支用,https://terms.naer.edu.tw/
2429,lapsing schedule,逐期折舊明細表,https://terms.naer.edu.tw/
2430,last-in first-out method，LIFO,後進先出法,https://terms.naer.edu.tw/
2431,lay days,靠岸日數,https://terms.naer.edu.tw/
2432,lead time,準備期間,https://terms.naer.edu.tw/
2433,lease,租賃,https://terms.naer.edu.tw/
2434,lease-squares method,“最小二乘方”法，最小平方法,https://terms.naer.edu.tw/
2435,leased property,租賃財產,https://terms.naer.edu.tw/
2436,leasehold,租賃權益,https://terms.naer.edu.tw/
2437,ledger,分類帳,https://terms.naer.edu.tw/
2438,ledger accounts,分類帳目，分類帳戶,https://terms.naer.edu.tw/
2439,ledger asset,帳面資產,https://terms.naer.edu.tw/
2440,ledger clerk,帳務員,https://terms.naer.edu.tw/
2441,ledger control,分類帳統制,https://terms.naer.edu.tw/
2442,ledger journal,分類日記帳,https://terms.naer.edu.tw/
2443,ledger sheet,分類帳頁,https://terms.naer.edu.tw/
2444,ledger transfer,分類帳結轉法,https://terms.naer.edu.tw/
2445,legacy,遺贈,https://terms.naer.edu.tw/
2446,legal budget,法定預算,https://terms.naer.edu.tw/
2447,legal capital,法定股本,https://terms.naer.edu.tw/
2448,legal debt limit,法定債務限額,https://terms.naer.edu.tw/
2449,legal debt margin,合法債務邊際,https://terms.naer.edu.tw/
2450,legal entity,合法個體,https://terms.naer.edu.tw/
2451,legal investment,合法投資,https://terms.naer.edu.tw/
2452,legal liability,法律責任,https://terms.naer.edu.tw/
2453,legal opinion,合法認定,https://terms.naer.edu.tw/
2454,legal reserve,法定公積，法定準備,https://terms.naer.edu.tw/
2455,legal surplus,法定盈餘,https://terms.naer.edu.tw/
2456,legal value,法定價值,https://terms.naer.edu.tw/
2457,legatee,遺產受贈人,https://terms.naer.edu.tw/
2458,less-than-carload lot,零擔貨運,https://terms.naer.edu.tw/
2459,lessee,承租人,https://terms.naer.edu.tw/
2460,lessor,出租人,https://terms.naer.edu.tw/
2461,letter of credit，L/C,信用狀,https://terms.naer.edu.tw/
2462,letters of administration,選定遺產管理人命令,https://terms.naer.edu.tw/
2463,leverage,挺率，財務槓桿作用,https://terms.naer.edu.tw/
2464,levy,征課,https://terms.naer.edu.tw/
2465,liability,負債,https://terms.naer.edu.tw/
2466,liability account,負債帳戶,https://terms.naer.edu.tw/
2467,liability between partners,合夥人間的責任,https://terms.naer.edu.tw/
2468,liability certificate,負債證明書,https://terms.naer.edu.tw/
2469,liability dividend,負債股利,https://terms.naer.edu.tw/
2470,liability for acceptance,承兌責任,https://terms.naer.edu.tw/
2471,liability for endorsement,背書責任,https://terms.naer.edu.tw/
2472,liability insurance,責任保險,https://terms.naer.edu.tw/
2473,liability reserve,負債準備,https://terms.naer.edu.tw/
2474,liability to an outsider,對外負債,https://terms.naer.edu.tw/
2475,liability under pending lawsuits,未了訴訟責任,https://terms.naer.edu.tw/
2476,liaison organization,聯綜組織,https://terms.naer.edu.tw/
2477,licensed public accountant,註冊會計師,https://terms.naer.edu.tw/
2478,lien,留置權,https://terms.naer.edu.tw/
2479,life annuity,終身年金,https://terms.naer.edu.tw/
2480,life insurance premiums,人壽保險費,https://terms.naer.edu.tw/
2481,life table,耐用年限表,https://terms.naer.edu.tw/
2482,life tenant,終身受益人,https://terms.naer.edu.tw/
2483,limited annuity,定期年金,https://terms.naer.edu.tw/
2484,limited audit,有限審核,https://terms.naer.edu.tw/
2485,limited company，limited liability company,有限公司,https://terms.naer.edu.tw/
2486,limited liability,有限責任,https://terms.naer.edu.tw/
2487,limited partnership,有限合夥,https://terms.naer.edu.tw/
2488,limited-life asset,有限壽年資產,https://terms.naer.edu.tw/
2489,line of credit，credit line,信用限額,https://terms.naer.edu.tw/
2490,line-item appropriation,分項經費,https://terms.naer.edu.tw/
2491,line-production method,線路生產法,https://terms.naer.edu.tw/
2492,linear programming,線型計劃,https://terms.naer.edu.tw/
2493,linear responsibility chart，LRC,線型責任圖,https://terms.naer.edu.tw/
2494,linear trend,直線趨勢,https://terms.naer.edu.tw/
2495,liquid asset,流動資產,https://terms.naer.edu.tw/
2496,liquid capital,流動資本,https://terms.naer.edu.tw/
2497,liquid investment，temporary investment,暫時投資,https://terms.naer.edu.tw/
2498,liquidating dividend,清算攤還股利,https://terms.naer.edu.tw/
2499,liquidation,清算,https://terms.naer.edu.tw/
2500,liquidation account,清算變產帳目,https://terms.naer.edu.tw/
2501,liquidation profit and loss,清算損益,https://terms.naer.edu.tw/
2502,liquidation value,清算價值,https://terms.naer.edu.tw/
2503,liquidator,清算人,https://terms.naer.edu.tw/
2504,liquidity,清償力,https://terms.naer.edu.tw/
2505,list of balance,餘額表,https://terms.naer.edu.tw/
2506,list price,定價,https://terms.naer.edu.tw/
2507,listed,上市,https://terms.naer.edu.tw/
2508,listed securities,上市證券,https://terms.naer.edu.tw/
2509,literal symbol,文字標號,https://terms.naer.edu.tw/
2510,load factor,負荷因素,https://terms.naer.edu.tw/
2511,load factor pricing,負荷因素定價,https://terms.naer.edu.tw/
2512,load factor ratio,負荷因素比率,https://terms.naer.edu.tw/
2513,loading,附加，間接費用,https://terms.naer.edu.tw/
2514,loan fund,貸款基金,https://terms.naer.edu.tw/
2515,loaned labor,借用人工,https://terms.naer.edu.tw/
2516,loans on collateral,證券擔保債款,https://terms.naer.edu.tw/
2517,loans payable,應付借款,https://terms.naer.edu.tw/
2518,loans receivable,應收貸款,https://terms.naer.edu.tw/
2519,loans to subsidiaries,附屬機關放款,https://terms.naer.edu.tw/
2520,local improvement fund，special assessment fund,地方改良基金，特賦基金,https://terms.naer.edu.tw/
2521,local improvement tax，special assessment,地方改良賦稅，特賦,https://terms.naer.edu.tw/
2522,long,多頭,https://terms.naer.edu.tw/
2523,long account,多頭帳戶,https://terms.naer.edu.tw/
2524,long-end interest,遞減付息,https://terms.naer.edu.tw/
2525,long-form report,詳細查帳報告,https://terms.naer.edu.tw/
2526,long-term bond,長期債券,https://terms.naer.edu.tw/
2527,long-term budget,長期預算,https://terms.naer.edu.tw/
2528,long-term compensation,長期報酬,https://terms.naer.edu.tw/
2529,long-term contract,長期合約,https://terms.naer.edu.tw/
2530,long-term creditor,長期債權人,https://terms.naer.edu.tw/
2531,long-term debt,長期債務,https://terms.naer.edu.tw/
2532,long-term lease,長期租賃,https://terms.naer.edu.tw/
2533,long-term liability,長期負債,https://terms.naer.edu.tw/
2534,long-term notes payable,應付長期飄揚,https://terms.naer.edu.tw/
2535,loose-leaf ledger,活頁分類帳,https://terms.naer.edu.tw/
2536,loro accounts,來帳(國際匯兌),https://terms.naer.edu.tw/
2537,loss,損失,https://terms.naer.edu.tw/
2538,loss and gain，profit and loss,損益,https://terms.naer.edu.tw/
2539,loss on bad debts,壞帳損失,https://terms.naer.edu.tw/
2540,loss on property retired,資產報廢損失,https://terms.naer.edu.tw/
2541,loss ratio,損失比率(保險),https://terms.naer.edu.tw/
2542,lost discount，discount lost,折扣喪失,https://terms.naer.edu.tw/
2543,lost labor,虛耗人工,https://terms.naer.edu.tw/
2544,lost time,虛耗時間,https://terms.naer.edu.tw/
2545,lost usefulness,效用消失,https://terms.naer.edu.tw/
2546,lot,批,https://terms.naer.edu.tw/
2547,lot method,分批法(生產),https://terms.naer.edu.tw/
2548,lot number,批數,https://terms.naer.edu.tw/
2549,lot-acceptance sampling，acceptance sampling,認可選樣,https://terms.naer.edu.tw/
2550,lot-tolerance percent defective,缺點空話率,https://terms.naer.edu.tw/
2551,LRC，linear responsibility chart,線型責任圖,https://terms.naer.edu.tw/
2552,lum-sum purchase,整批購買,https://terms.naer.edu.tw/
2553,lump-sum allotment,整數經費分配,https://terms.naer.edu.tw/
2554,lump-sum appropriation,整數經費,https://terms.naer.edu.tw/
2555,machine cost,機器成本,https://terms.naer.edu.tw/
2556,machine hour method,機器時法,https://terms.naer.edu.tw/
2557,machine hour rate,機器時率,https://terms.naer.edu.tw/
2558,machine tool,機作工具,https://terms.naer.edu.tw/
2559,machine work report,機器工作報告,https://terms.naer.edu.tw/
2560,machinery and equipment,機器與設備,https://terms.naer.edu.tw/
2561,machinery and tools,機器與工具,https://terms.naer.edu.tw/
2562,machinery equipment,機器設備,https://terms.naer.edu.tw/
2563,main book,主要帳簿,https://terms.naer.edu.tw/
2564,maintenance,維持，維持費,https://terms.naer.edu.tw/
2565,maintenance and repairs,維持與修理,https://terms.naer.edu.tw/
2566,maintenance department expense,維護部費用,https://terms.naer.edu.tw/
2567,maintenance reserve,維持準備,https://terms.naer.edu.tw/
2568,majority interest,多數股權,https://terms.naer.edu.tw/
2569,majority-owned subsidiary,握有多數股權之附屬機構,https://terms.naer.edu.tw/
2570,make-ready time,生產準備時間,https://terms.naer.edu.tw/
2571,malfeasance,不法行為,https://terms.naer.edu.tw/
2572,management action reporting system，MARS,管理行動報告制,https://terms.naer.edu.tw/
2573,management by exception,例外管理,https://terms.naer.edu.tw/
2574,management information system，MIS,管理情報制度，管理資料系統,https://terms.naer.edu.tw/
2575,management issue,管理股份,https://terms.naer.edu.tw/
2576,management science,管理科學,https://terms.naer.edu.tw/
2577,management-investment company,管理投資公司,https://terms.naer.edu.tw/
2578,manipulation,操縱,https://terms.naer.edu.tw/
2579,manipulation of accounts,帳目竄改,https://terms.naer.edu.tw/
2580,manual,手冊,https://terms.naer.edu.tw/
2581,manual of accounting，manual of accounts,會計手冊,https://terms.naer.edu.tw/
2582,manual rate,標準保險費率,https://terms.naer.edu.tw/
2583,manufacturing account,製造帳戶,https://terms.naer.edu.tw/
2584,manufacturing and factory equipment,製造與工廠設備,https://terms.naer.edu.tw/
2585,manufacturing cost,製造成本,https://terms.naer.edu.tw/
2586,manufacturing department,製造部,https://terms.naer.edu.tw/
2587,manufacturing division,製造部門,https://terms.naer.edu.tw/
2588,manufacturing expense,製造費用,https://terms.naer.edu.tw/
2589,manufacturing expense distribution,製造費用分配,https://terms.naer.edu.tw/
2590,manufacturing expense in-process,在制製造費用,https://terms.naer.edu.tw/
2591,manufacturing expense ledger,製造費用分類帳,https://terms.naer.edu.tw/
2592,manufacturing expense standing order,製造費用經常單,https://terms.naer.edu.tw/
2593,manufacturing overhead,製造間接費,https://terms.naer.edu.tw/
2594,manufacturing overhead applied account,已分配製造間接費帳戶,https://terms.naer.edu.tw/
2595,manufacturing statement,製造成本表,https://terms.naer.edu.tw/
2596,manufacturing statistics,製造統計,https://terms.naer.edu.tw/
2597,manufacturing supplies,製造用品，物料,https://terms.naer.edu.tw/
2598,map of machine location,機器位置圖,https://terms.naer.edu.tw/
2599,maratoriam,停止支付,https://terms.naer.edu.tw/
2600,margin,保證金，差額,https://terms.naer.edu.tw/
2601,margin of safety,安全邊際,https://terms.naer.edu.tw/
2602,marginal analysis,邊際分析,https://terms.naer.edu.tw/
2603,marginal balance,邊際餘額,https://terms.naer.edu.tw/
2604,marginal cost,邊際成本,https://terms.naer.edu.tw/
2605,marginal costing,邊際成本法,https://terms.naer.edu.tw/
2606,marginal income ratio,邊際收益比率,https://terms.naer.edu.tw/
2607,marginal productivity,邊際生產力,https://terms.naer.edu.tw/
2608,marginal unit cost,邊際單位成本,https://terms.naer.edu.tw/
2609,marginal utility analysis,邊際產用分析,https://terms.naer.edu.tw/
2610,mark down,減低標價，減價,https://terms.naer.edu.tw/
2611,mark down cancellation,減價取消,https://terms.naer.edu.tw/
2612,market,高層，推銷，市價,https://terms.naer.edu.tw/
2613,market objectives,市場目標,https://terms.naer.edu.tw/
2614,market price，market value,市價,https://terms.naer.edu.tw/
2615,market ratio,市價比率(每股市價與每股上期盈利之比),https://terms.naer.edu.tw/
2616,marketable securities,有價證券,https://terms.naer.edu.tw/
2617,marketing cost,行銷成本,https://terms.naer.edu.tw/
2618,markon,加價,https://terms.naer.edu.tw/
2619,markup,增高標價，加價,https://terms.naer.edu.tw/
2620,markup cancellation,加價取消,https://terms.naer.edu.tw/
2621,MARS，management action reporting system,管理行動報告制,https://terms.naer.edu.tw/
2622,marshal,序列,https://terms.naer.edu.tw/
2623,master budget,主要預算,https://terms.naer.edu.tw/
2624,master control account,主要統制帳戶,https://terms.naer.edu.tw/
2625,matching,配合,https://terms.naer.edu.tw/
2626,matching cost with revenue,成本與所入配合,https://terms.naer.edu.tw/
2627,material,材料,https://terms.naer.edu.tw/
2628,material budget,材料預算,https://terms.naer.edu.tw/
2629,material consumption,材料耗用,https://terms.naer.edu.tw/
2630,material control,材料控制,https://terms.naer.edu.tw/
2631,material cost,材料成本,https://terms.naer.edu.tw/
2632,material cost method,原料成本法,https://terms.naer.edu.tw/
2633,material credit slip,退料單,https://terms.naer.edu.tw/
2634,material handling expense,材料管理費用,https://terms.naer.edu.tw/
2635,material in process,在制原料,https://terms.naer.edu.tw/
2636,material inventory,材料盤存,https://terms.naer.edu.tw/
2637,material rate,原料率,https://terms.naer.edu.tw/
2638,material requisition,領料單,https://terms.naer.edu.tw/
2639,material standard,材料標準,https://terms.naer.edu.tw/
2640,material variance,材料差異,https://terms.naer.edu.tw/
2641,material-at-site,工作地點存料,https://terms.naer.edu.tw/
2642,materiality,重點,https://terms.naer.edu.tw/
2643,materials and services,材料與勞務,https://terms.naer.edu.tw/
2644,materials and supplies,材料與物料，材料與用品,https://terms.naer.edu.tw/
2645,materials statement,材料表,https://terms.naer.edu.tw/
2646,mathematical programming，linear programming,數式計劃，線型計劃,https://terms.naer.edu.tw/
2647,matured bonds payable,應付到期債券,https://terms.naer.edu.tw/
2648,matured interest payable,應付到期利息,https://terms.naer.edu.tw/
2649,matured liability,到期負債,https://terms.naer.edu.tw/
2650,matured liability unpaid,未付到期負債,https://terms.naer.edu.tw/
2651,maturing liability,將到期負債,https://terms.naer.edu.tw/
2652,maturity,到期，到期日,https://terms.naer.edu.tw/
2653,maturity basis,到期基礎,https://terms.naer.edu.tw/
2654,maturity date,到期日,https://terms.naer.edu.tw/
2655,maximize profit,最高利潤,https://terms.naer.edu.tw/
2656,maximum capacity,最高能量,https://terms.naer.edu.tw/
2657,maximum quantity of stores,最高存料量,https://terms.naer.edu.tw/
2658,Md，median,中位數,https://terms.naer.edu.tw/
2659,measurement,衡量,https://terms.naer.edu.tw/
2660,memo，memorandum,備忘錄,https://terms.naer.edu.tw/
2661,memorandum account,備忘帳戶,https://terms.naer.edu.tw/
2662,memorandum book,備查簿,https://terms.naer.edu.tw/
2663,memorandum entry,備忘記錄,https://terms.naer.edu.tw/
2664,memorandum ledger,備查分類帳,https://terms.naer.edu.tw/
2665,memorandum of association,公司設立章程(英),https://terms.naer.edu.tw/
2666,memorandum sale,試銷,https://terms.naer.edu.tw/
2667,mercantile credit,商業信用,https://terms.naer.edu.tw/
2668,merchandise,商品,https://terms.naer.edu.tw/
2669,merchandise account,商品帳戶,https://terms.naer.edu.tw/
2670,merchandise cost,商品成本,https://terms.naer.edu.tw/
2671,merchandise credit slip,退貨憑單,https://terms.naer.edu.tw/
2672,merchandise inventory,商品盤存,https://terms.naer.edu.tw/
2673,merchandise inventory-final,期末商品盤存,https://terms.naer.edu.tw/
2674,merchandise inventory-initial,期初商品盤存,https://terms.naer.edu.tw/
2675,merchandise procurement cost,商品取得成本,https://terms.naer.edu.tw/
2676,merchandise purchases,購貨,https://terms.naer.edu.tw/
2677,merchandise sales,銷貨,https://terms.naer.edu.tw/
2678,merchandise trading account,購銷帳戶,https://terms.naer.edu.tw/
2679,merchandise turnover,商品周轉率,https://terms.naer.edu.tw/
2680,merchandise valuation,商品評價,https://terms.naer.edu.tw/
2681,merchant's rule，United States rule,商人還款辦法,https://terms.naer.edu.tw/
2682,merged company,合夥公司,https://terms.naer.edu.tw/
2683,merger,吸收合併,https://terms.naer.edu.tw/
2684,method of check-off,註銷法,https://terms.naer.edu.tw/
2685,method of testing,抽查法,https://terms.naer.edu.tw/
2686,mill net price,廠盤淨價,https://terms.naer.edu.tw/
2687,min-max system,最低與最高存量法,https://terms.naer.edu.tw/
2688,minimum quantity of stores,最低存料量,https://terms.naer.edu.tw/
2689,minimum reserve,最低準備,https://terms.naer.edu.tw/
2690,minimum stock method,最低存量法,https://terms.naer.edu.tw/
2691,minority interest,少數股權,https://terms.naer.edu.tw/
2692,minute book,議事錄,https://terms.naer.edu.tw/
2693,misappropriation,濫用,https://terms.naer.edu.tw/
2694,miscellaneous asset,雜項資產,https://terms.naer.edu.tw/
2695,miscellaneous expense,雜項費用,https://terms.naer.edu.tw/
2696,miscellaneous payments,雜項支付,https://terms.naer.edu.tw/
2697,miscellaneous revenue,雜項收入,https://terms.naer.edu.tw/
2698,misrepresentation,錯誤表示,https://terms.naer.edu.tw/
2699,missed discount,漏失折扣,https://terms.naer.edu.tw/
2700,mix variance,混合差異,https://terms.naer.edu.tw/
2701,mixed account,混合帳戶,https://terms.naer.edu.tw/
2702,mixed department,混合部,https://terms.naer.edu.tw/
2703,mixed inventory,混合存貨,https://terms.naer.edu.tw/
2704,mixed ratios，duplicate ratios,混合性比率，雙重性比率,https://terms.naer.edu.tw/
2705,mixed reserve,混合準備,https://terms.naer.edu.tw/
2706,mixed surplus,混合公積,https://terms.naer.edu.tw/
2707,mnemonic symbols,助憶記號,https://terms.naer.edu.tw/
2708,mnemonic system,助憶編號法,https://terms.naer.edu.tw/
2709,mode,眾數,https://terms.naer.edu.tw/
2710,model,模式,https://terms.naer.edu.tw/
2711,modified accrual basis，modified cash basis,修正應計制，修正現金制,https://terms.naer.edu.tw/
2712,monetary asset,貨幣資產,https://terms.naer.edu.tw/
2713,monetary-value-items,幣值項目，固定幣值項目,https://terms.naer.edu.tw/
2714,money,貨幣,https://terms.naer.edu.tw/
2715,money equivalent,等值貨幣,https://terms.naer.edu.tw/
2716,money in transit，cash in transit,在途現金，運送中現金,https://terms.naer.edu.tw/
2717,money market,短期資金市場,https://terms.naer.edu.tw/
2718,money's worth，money wages,貨幣價值，貨幣工資,https://terms.naer.edu.tw/
2719,monthly allotment,月份經費分配,https://terms.naer.edu.tw/
2720,monthly closing entry,月終結帳分錄,https://terms.naer.edu.tw/
2721,monthly financial statements,月份財務報表,https://terms.naer.edu.tw/
2722,monthly report,月報,https://terms.naer.edu.tw/
2723,monthly settlement report,月份結算報告,https://terms.naer.edu.tw/
2724,monthly statement,月結單,https://terms.naer.edu.tw/
2725,monthly summary,月份彙總表,https://terms.naer.edu.tw/
2726,mortality,資產消逝,https://terms.naer.edu.tw/
2727,mortality curve,壽年曲線,https://terms.naer.edu.tw/
2728,mortality table,死亡率表(人壽保險),https://terms.naer.edu.tw/
2729,mortgage,抵押,https://terms.naer.edu.tw/
2730,mortgage bond,抵押債券,https://terms.naer.edu.tw/
2731,mortgage bonds payable,應付抵押債券,https://terms.naer.edu.tw/
2732,mortgage debentures,抵押債券,https://terms.naer.edu.tw/
2733,mortgage liability,抵押負債,https://terms.naer.edu.tw/
2734,mortgage payable,應付押款,https://terms.naer.edu.tw/
2735,mortgage receivable,應收押款,https://terms.naer.edu.tw/
2736,mortgaged asset,抵押資產,https://terms.naer.edu.tw/
2737,mortgagee,受抵押人,https://terms.naer.edu.tw/
2738,mortgagor,抵押人,https://terms.naer.edu.tw/
2739,movable property,動產,https://terms.naer.edu.tw/
2740,moving average,移動平均數,https://terms.naer.edu.tw/
2741,multi-year program,多年計劃,https://terms.naer.edu.tw/
2742,multiphase sampling,多面選樣法,https://terms.naer.edu.tw/
2743,multiple budget,複式預算,https://terms.naer.edu.tw/
2744,multiple cost system,複式成本制,https://terms.naer.edu.tw/
2745,multiple sampling,多次選樣法,https://terms.naer.edu.tw/
2746,multiple-level operation,多層營業,https://terms.naer.edu.tw/
2747,multiple-product pricing,多種產品定價法,https://terms.naer.edu.tw/
2748,multiple-step income statement,多站式損益表,https://terms.naer.edu.tw/
2749,multistage sampling,多層選樣法，多段選樣法,https://terms.naer.edu.tw/
2750,municipal bond,地方債券,https://terms.naer.edu.tw/
2751,municipal budget,地方預算,https://terms.naer.edu.tw/
2752,municipal corporation,地方公營公司,https://terms.naer.edu.tw/
2753,municipal improvement certificate,地方改良信用證,https://terms.naer.edu.tw/
2754,municipal treasury,地方公庫,https://terms.naer.edu.tw/
2755,mutual corporation,互助公司,https://terms.naer.edu.tw/
2756,mutual holding，mutual stock holding,相互控股,https://terms.naer.edu.tw/
2757,mutually exclusive investments,互斥投資,https://terms.naer.edu.tw/
2758,narrative form,敘述式,https://terms.naer.edu.tw/
2759,national accounting,國民會計,https://terms.naer.edu.tw/
2760,national budgeting,國民預算,https://terms.naer.edu.tw/
2761,national income,國民所得,https://terms.naer.edu.tw/
2762,national treasury,國庫,https://terms.naer.edu.tw/
2763,natural business year,自然營業年度,https://terms.naer.edu.tw/
2764,natural classification of cost,性質別成本,https://terms.naer.edu.tw/
2765,natural expense account,性質別費用帳戶,https://terms.naer.edu.tw/
2766,natural grouping，object classification,用途分類,https://terms.naer.edu.tw/
2767,natural person,自然人,https://terms.naer.edu.tw/
2768,negative capital,負資本,https://terms.naer.edu.tw/
2769,negative confirmation,反面證實,https://terms.naer.edu.tw/
2770,negative goodwill,負商譽,https://terms.naer.edu.tw/
2771,neglected discount,放棄折扣,https://terms.naer.edu.tw/
2772,negotiability,可轉讓性,https://terms.naer.edu.tw/
2773,negotiable instruments,流通票據，流通證券,https://terms.naer.edu.tw/
2774,net accounts receivable,應收帳款淨額,https://terms.naer.edu.tw/
2775,net asset,資產淨額，淨資產,https://terms.naer.edu.tw/
2776,net avails,貼現淨得,https://terms.naer.edu.tw/
2777,net back price,淨價,https://terms.naer.edu.tw/
2778,net bonded debt,債券債務淨額,https://terms.naer.edu.tw/
2779,net book value,帳面淨值,https://terms.naer.edu.tw/
2780,net capital,資本淨額,https://terms.naer.edu.tw/
2781,net current assets，working capital,流動資產淨額，運用資本,https://terms.naer.edu.tw/
2782,net deficiency,淨虧絀,https://terms.naer.edu.tw/
2783,net earnings,淨盈餘,https://terms.naer.edu.tw/
2784,net income,淨收益,https://terms.naer.edu.tw/
2785,net income after depreciation,折舊後淨益,https://terms.naer.edu.tw/
2786,net income after interest charge,計息後淨益,https://terms.naer.edu.tw/
2787,net income after tax，NIAT,稅後淨益,https://terms.naer.edu.tw/
2788,net income before depreciation,折舊前淨益,https://terms.naer.edu.tw/
2789,net income before interest charge,計息前淨益,https://terms.naer.edu.tw/
2790,net income before tax，NIBT,稅前淨益,https://terms.naer.edu.tw/
2791,net indebtedness,負債淨額，淨負債,https://terms.naer.edu.tw/
2792,net investment,投資淨額，淨投資,https://terms.naer.edu.tw/
2793,net loss,淨損,https://terms.naer.edu.tw/
2794,net national product,國民生產淨額,https://terms.naer.edu.tw/
2795,net operating profit,營業淨利,https://terms.naer.edu.tw/
2796,net proceeds,淨收入,https://terms.naer.edu.tw/
2797,net profit,淨利，純益,https://terms.naer.edu.tw/
2798,net profit on sales，net trading profit,銷售淨利,https://terms.naer.edu.tw/
2799,net profit undivided，undivided profit,未分配淨利,https://terms.naer.edu.tw/
2800,net purchases,購買淨額,https://terms.naer.edu.tw/
2801,net revenue,淨收入，淨所入,https://terms.naer.edu.tw/
2802,net revenue available for debt service,可舉債淨收入，可舉債淨所入,https://terms.naer.edu.tw/
2803,net sales,銷貨淨額,https://terms.naer.edu.tw/
2804,net salvage,淨殘值,https://terms.naer.edu.tw/
2805,net tangible asset,有形資產淨額,https://terms.naer.edu.tw/
2806,net trading profit,銷貨淨利,https://terms.naer.edu.tw/
2807,net value,淨值,https://terms.naer.edu.tw/
2808,net working asset,運用資產淨額,https://terms.naer.edu.tw/
2809,net worth,資本淨值,https://terms.naer.edu.tw/
2810,net，net amount,淨額,https://terms.naer.edu.tw/
2811,neutral budget,中性預算,https://terms.naer.edu.tw/
2812,new surplus,新盈餘,https://terms.naer.edu.tw/
2813,nominal account,虛帳戶,https://terms.naer.edu.tw/
2814,nominal allowed price,名義作價,https://terms.naer.edu.tw/
2815,nominal amount,面額,https://terms.naer.edu.tw/
2816,nominal capital,名義資本，額定資本,https://terms.naer.edu.tw/
2817,nominal contract price,名義約定價格,https://terms.naer.edu.tw/
2818,nominal cost,名義成本,https://terms.naer.edu.tw/
2819,nominal element,名義要素,https://terms.naer.edu.tw/
2820,nominal expenditure，revenue expenditure,名義支出，所入支出,https://terms.naer.edu.tw/
2821,nominal interest rate,名義利率,https://terms.naer.edu.tw/
2822,nominal liability,名義負債，假定負債,https://terms.naer.edu.tw/
2823,nominal rate,名義率,https://terms.naer.edu.tw/
2824,nominal value,名義價值,https://terms.naer.edu.tw/
2825,nominal wage,名義工資,https://terms.naer.edu.tw/
2826,nomograph,圖算，簡算表,https://terms.naer.edu.tw/
2827,non monetary assets,非貨幣資產,https://terms.naer.edu.tw/
2828,non-accumulative sinking fund,非累積償債基金,https://terms.naer.edu.tw/
2829,nonadmitted asset，inadmitted asset,免計資產(保險會計),https://terms.naer.edu.tw/
2830,noncash account method (of cash budget),非現金帳目法(現金預算),https://terms.naer.edu.tw/
2831,noncash charge,非現金開支,https://terms.naer.edu.tw/
2832,noncash item,非現金項目,https://terms.naer.edu.tw/
2833,noncontrollable cost,不可控制的成本，難馭成本,https://terms.naer.edu.tw/
2834,noncumulative dividend,非累積股利,https://terms.naer.edu.tw/
2835,noncumulative preferred stock,非累積優先股,https://terms.naer.edu.tw/
2836,noncumulative sinking fund，non-accumulative sinking fund,非累積償債基金,https://terms.naer.edu.tw/
2837,noncurrent asset,非流動資產,https://terms.naer.edu.tw/
2838,noncurrent liability,非流動負債,https://terms.naer.edu.tw/
2839,nonexpendable fund,存儲基金,https://terms.naer.edu.tw/
2840,nonexpenditure disbursement,非支出付出,https://terms.naer.edu.tw/
2841,nonfeasance,失職,https://terms.naer.edu.tw/
2842,nonforfeiture value,不喪失價值,https://terms.naer.edu.tw/
2843,noninterest bearing note,無秘票據,https://terms.naer.edu.tw/
2844,nonledger assets,帳外資產,https://terms.naer.edu.tw/
2845,nonoperating,營業外，非營業,https://terms.naer.edu.tw/
2846,nonoperating company,非營業公司,https://terms.naer.edu.tw/
2847,nonoperating cost,非營業成本，營業外成本,https://terms.naer.edu.tw/
2848,nonoperating earnings,營業外收益,https://terms.naer.edu.tw/
2849,nonoperating expense,營業外費用,https://terms.naer.edu.tw/
2850,nonoperating income,營業外收益,https://terms.naer.edu.tw/
2851,nonoperating item,非營業項目，營業外項目,https://terms.naer.edu.tw/
2852,nonoperating property,非營業財產,https://terms.naer.edu.tw/
2853,nonoperating revenue,非營業收入，非營業所入，營業外收入,https://terms.naer.edu.tw/
2854,nonpar stock，no-par value stock,無面值股份,https://terms.naer.edu.tw/
2855,nonparticipating preferred stock,非參加優先股,https://terms.naer.edu.tw/
2856,nonperiodical report,不定期報告,https://terms.naer.edu.tw/
2857,nonphysical asset,非實物資產,https://terms.naer.edu.tw/
2858,nonprice competition,非價格競爭,https://terms.naer.edu.tw/
2859,nonproductive asset,非生產資產,https://terms.naer.edu.tw/
2860,nonproductive labor,非生產人工,https://terms.naer.edu.tw/
2861,nonprofit accounting equation,非營利會計方程式,https://terms.naer.edu.tw/
2862,nonprofit corporation,非營利公司,https://terms.naer.edu.tw/
2863,nonprofit organization,非營利組織,https://terms.naer.edu.tw/
2864,nonrecurrent expenditure,臨時支出,https://terms.naer.edu.tw/
2865,nonrecurrent revenue,臨時收入，臨時所入,https://terms.naer.edu.tw/
2866,nonrecurring charge,臨時費用，偶生開支,https://terms.naer.edu.tw/
2867,nonrecurring cost,偶生成本,https://terms.naer.edu.tw/
2868,nonrecurring gain,偶生利益,https://terms.naer.edu.tw/
2869,nonrecurring income,偶生收益,https://terms.naer.edu.tw/
2870,nonrecurring profit and loss,偶生損益,https://terms.naer.edu.tw/
2871,nonrevenue receipts,非收入收款，非所入收入,https://terms.naer.edu.tw/
2872,nonstandard material,不夠標準之材料,https://terms.naer.edu.tw/
2873,nonstandard method,不夠標準之方法,https://terms.naer.edu.tw/
2874,nonstock corporation,非股份公司,https://terms.naer.edu.tw/
2875,norm,規範，標準,https://terms.naer.edu.tw/
2876,normal capacity,正常能量,https://terms.naer.edu.tw/
2877,normal cost,正常成本,https://terms.naer.edu.tw/
2878,normal curve，normal distribution,常態曲線，常態分配(統計),https://terms.naer.edu.tw/
2879,normal depreciation,正常折舊,https://terms.naer.edu.tw/
2880,normal distribution rate,正常分配率,https://terms.naer.edu.tw/
2881,normal hour,正常工時,https://terms.naer.edu.tw/
2882,normal income rate,正常收益率,https://terms.naer.edu.tw/
2883,normal price,正常價格,https://terms.naer.edu.tw/
2884,normal return,正常報酬,https://terms.naer.edu.tw/
2885,normal standard cost,正常標準成本,https://terms.naer.edu.tw/
2886,normal stock method,正常存量法,https://terms.naer.edu.tw/
2887,normal table,常態表(統計),https://terms.naer.edu.tw/
2888,normal tax,正常稅,https://terms.naer.edu.tw/
2889,normal value,正常價值,https://terms.naer.edu.tw/
2890,nostro account,往帳(國際匯兌),https://terms.naer.edu.tw/
2891,notation,注,https://terms.naer.edu.tw/
2892,note,票據，附注,https://terms.naer.edu.tw/
2893,note discount,票據貼現,https://terms.naer.edu.tw/
2894,note journal,票據日記帳,https://terms.naer.edu.tw/
2895,note on discount,貼現票據,https://terms.naer.edu.tw/
2896,note payable,應付票據,https://terms.naer.edu.tw/
2897,note receivable,應收票據,https://terms.naer.edu.tw/
2898,note receivable as collateral,以應收票據擔保,https://terms.naer.edu.tw/
2899,note receivable discounted,應收票據貼現，貼現應收票據,https://terms.naer.edu.tw/
2900,note receivable dishonoured,拒付應收票據,https://terms.naer.edu.tw/
2901,note receivable from officers，stockholders and employees,應收東夥票據,https://terms.naer.edu.tw/
2902,note receivable past due,過期應收票據,https://terms.naer.edu.tw/
2903,note receivable protested,已作拒付證書的應收票據,https://terms.naer.edu.tw/
2904,note register,票據登記簿,https://terms.naer.edu.tw/
2905,note renewals,轉期票據,https://terms.naer.edu.tw/
2906,notice of call,催繳股款通知書,https://terms.naer.edu.tw/
2907,nuisance value,超付價值,https://terms.naer.edu.tw/
2908,numerical sysmbols,數字編號,https://terms.naer.edu.tw/
2909,object,用途,https://terms.naer.edu.tw/
2910,object classification,用途分類,https://terms.naer.edu.tw/
2911,objective,用途別，客觀，目標,https://terms.naer.edu.tw/
2912,objective statement,用途別報表,https://terms.naer.edu.tw/
2913,objective value,客觀價值,https://terms.naer.edu.tw/
2914,objects of expenditure,支出用途,https://terms.naer.edu.tw/
2915,objects of expenditure budgeting,支出用途別預算,https://terms.naer.edu.tw/
2916,obligated balance,契約責任餘額,https://terms.naer.edu.tw/
2917,obligation,負擔，責任,https://terms.naer.edu.tw/
2918,obligation incurred,已發生負擔,https://terms.naer.edu.tw/
2919,obligations outstanding,未清結契約責任,https://terms.naer.edu.tw/
2920,observed depreciation,勘定折舊,https://terms.naer.edu.tw/
2921,observed life table,勘定耐用年限表,https://terms.naer.edu.tw/
2922,obsolescence,陳廢,https://terms.naer.edu.tw/
2923,obsolete stock,陳廢存貨,https://terms.naer.edu.tw/
2924,occupancy expense,居住費用,https://terms.naer.edu.tw/
2925,odd lot,零星交易,https://terms.naer.edu.tw/
2926,office equipment,辦公設備,https://terms.naer.edu.tw/
2927,office expense,事務費用,https://terms.naer.edu.tw/
2928,office salary,事務員薪金,https://terms.naer.edu.tw/
2929,office supply,事務用品,https://terms.naer.edu.tw/
2930,officers' salary,職員薪金,https://terms.naer.edu.tw/
2931,offset,抵銷，沖銷,https://terms.naer.edu.tw/
2932,offset account,抵銷帳戶,https://terms.naer.edu.tw/
2933,offsets against accounts,帳款抵銷,https://terms.naer.edu.tw/
2934,offsetting assets and liability,資負對沖,https://terms.naer.edu.tw/
2935,offsetting deduction,相抵減項,https://terms.naer.edu.tw/
2936,offsetting error,相抵錯誤,https://terms.naer.edu.tw/
2937,oil and gas payment,油氣權益支付(石油業),https://terms.naer.edu.tw/
2938,old account,老帳,https://terms.naer.edu.tw/
2939,old balance,上期餘額,https://terms.naer.edu.tw/
2940,old surplus,舊盈餘,https://terms.naer.edu.tw/
2941,oligopoly and oligopsony price,寡佔供應與寡佔購買價格,https://terms.naer.edu.tw/
2942,on account,賒帳,https://terms.naer.edu.tw/
2943,on consignment,寄銷,https://terms.naer.edu.tw/
2944,on hand,手存，庫存,https://terms.naer.edu.tw/
2945,oncost，indirect cost,外加成本(英)，間接成本，,https://terms.naer.edu.tw/
2946,open [-end] bond,開口抵押債券,https://terms.naer.edu.tw/
2947,open [-end] mortgage,未定限額之抵押,https://terms.naer.edu.tw/
2948,open account,未結帳款,https://terms.naer.edu.tw/
2949,open check,普通支票,https://terms.naer.edu.tw/
2950,open corporation,股份公開公司,https://terms.naer.edu.tw/
2951,open credit,普通賒欠，普通往來,https://terms.naer.edu.tw/
2952,open market,公開市場,https://terms.naer.edu.tw/
2953,open reserve,公開準備,https://terms.naer.edu.tw/
2954,open the books,開立新帳,https://terms.naer.edu.tw/
2955,open to buy,許囥w額,https://terms.naer.edu.tw/
2956,open to buy estimate,許囥w額概算,https://terms.naer.edu.tw/
2957,open to buy report,許囥w額報告,https://terms.naer.edu.tw/
2958,open-end investment company,開口投資公司，開放型投資公司,https://terms.naer.edu.tw/
2959,opening balance,期初餘額,https://terms.naer.edu.tw/
2960,opening entry,開帳分錄，開業分錄,https://terms.naer.edu.tw/
2961,opening inventory，initial inventory,期初存貨,https://terms.naer.edu.tw/
2962,operating account,營業收支帳目，經常帳目,https://terms.naer.edu.tw/
2963,operating and maintenance supplies,營繕用品,https://terms.naer.edu.tw/
2964,operating asset,營業資產,https://terms.naer.edu.tw/
2965,operating budget,營業收支預算，經常預算,https://terms.naer.edu.tw/
2966,operating capacity,營運能量,https://terms.naer.edu.tw/
2967,operating cost,營業成本,https://terms.naer.edu.tw/
2968,operating cycle,營業週期,https://terms.naer.edu.tw/
2969,operating deficit,營業虧絀,https://terms.naer.edu.tw/
2970,operating earning,營業收益,https://terms.naer.edu.tw/
2971,operating effectiveness,經營效能,https://terms.naer.edu.tw/
2972,operating expense,營業費用,https://terms.naer.edu.tw/
2973,operating income,營業收益,https://terms.naer.edu.tw/
2974,operating ledger,營業收支分類帳,https://terms.naer.edu.tw/
2975,operating leverage,營業挺率，營業槓桿作用,https://terms.naer.edu.tw/
2976,operating profit,營業利益,https://terms.naer.edu.tw/
2977,operating ratio,營業比率,https://terms.naer.edu.tw/
2978,operating report,營運報告,https://terms.naer.edu.tw/
2979,operating reserve,營業準備,https://terms.naer.edu.tw/
2980,operating results,營業成績,https://terms.naer.edu.tw/
2981,operating revenue,營業收入，營業所入,https://terms.naer.edu.tw/
2982,operating statement，operation statement,損益表，經常收支表,https://terms.naer.edu.tw/
2983,operating supply,營業用品,https://terms.naer.edu.tw/
2984,operating-characteristic curve,營運特性曲線(統計品質控制),https://terms.naer.edu.tw/
2985,operating-performance income statement,營業績效損益表,https://terms.naer.edu.tw/
2986,operation,作業，動作,https://terms.naer.edu.tw/
2987,operation capacity,工作能量，經營能力,https://terms.naer.edu.tw/
2988,operation cost system,作業成本制,https://terms.naer.edu.tw/
2989,operational accounting and analysis system，OAAS,作業會計分析制,https://terms.naer.edu.tw/
2990,operations analysis，operation research,作業分析，作業研究,https://terms.naer.edu.tw/
2991,opportunity cost,機會成本,https://terms.naer.edu.tw/
2992,opposing value,相銷價值,https://terms.naer.edu.tw/
2993,optimum output,最佳生產量,https://terms.naer.edu.tw/
2994,option,預約，買賣權，取捨權,https://terms.naer.edu.tw/
2995,optional dividend,任選股利,https://terms.naer.edu.tw/
2996,order,定單，單，地方規章,https://terms.naer.edu.tw/
2997,order and receiving register,定貨與收貨登記簿,https://terms.naer.edu.tw/
2998,order bill of lading,指定人提單,https://terms.naer.edu.tw/
2999,order check,指定人支票，抬頭支票,https://terms.naer.edu.tw/
3000,order cost,分批成本,https://terms.naer.edu.tw/
3001,order for futures delivery,期交定貨,https://terms.naer.edu.tw/
3002,order point,定購點,https://terms.naer.edu.tw/
3003,orders received book,定單簿,https://terms.naer.edu.tw/
3004,ordinance,市規章，法令,https://terms.naer.edu.tw/
3005,ordinary annuity，annuity,通常年金，年金,https://terms.naer.edu.tw/
3006,ordinary depreciation,通常折舊,https://terms.naer.edu.tw/
3007,ordinary interest,通常利息,https://terms.naer.edu.tw/
3008,ordinate,縱座標,https://terms.naer.edu.tw/
3009,organic act,組織法案,https://terms.naer.edu.tw/
3010,organization cost，organization expense,開辦費，籌備費,https://terms.naer.edu.tw/
3011,origin period,基期,https://terms.naer.edu.tw/
3012,original capital,原投資本,https://terms.naer.edu.tw/
3013,original cost,原始成本,https://terms.naer.edu.tw/
3014,original cost value,原始成本價值,https://terms.naer.edu.tw/
3015,original document,原始單據,https://terms.naer.edu.tw/
3016,original entry,原始分錄,https://terms.naer.edu.tw/
3017,original evidence,原始憑證,https://terms.naer.edu.tw/
3018,original value,原始價值,https://terms.naer.edu.tw/
3019,original voucher,原始憑單,https://terms.naer.edu.tw/
3020,ostensible partner,表面合夥人，掛名合夥人,https://terms.naer.edu.tw/
3021,other assets,其他資產,https://terms.naer.edu.tw/
3022,other deduction,其他減項,https://terms.naer.edu.tw/
3023,other income，other revenue,其他收益，其他所入,https://terms.naer.edu.tw/
3024,other liabilities,其他負債,https://terms.naer.edu.tw/
3025,out-cycle work,機器停轉時工作,https://terms.naer.edu.tw/
3026,out-of-pocket cost,付現成本,https://terms.naer.edu.tw/
3027,out-of-pocket expense,付現費用,https://terms.naer.edu.tw/
3028,outgo,支出，開支,https://terms.naer.edu.tw/
3029,outlay cost,實支成本,https://terms.naer.edu.tw/
3030,outlay expiration,支出消逝,https://terms.naer.edu.tw/
3031,outlay，expenditure,支出,https://terms.naer.edu.tw/
3032,output,產出,https://terms.naer.edu.tw/
3033,output cost，cost of production,生產成本,https://terms.naer.edu.tw/
3034,output method,產量法(折舊),https://terms.naer.edu.tw/
3035,outside ventures,業外營業,https://terms.naer.edu.tw/
3036,outstanding,未清，發行在外,https://terms.naer.edu.tw/
3037,outstanding account,未清帳款,https://terms.naer.edu.tw/
3038,outstanding capital stock,發行在外股本,https://terms.naer.edu.tw/
3039,outstanding check,未兌現支票,https://terms.naer.edu.tw/
3040,outstanding expense,未付費用,https://terms.naer.edu.tw/
3041,outward freight，freight outward,運出運費,https://terms.naer.edu.tw/
3042,over due account,過期帳款,https://terms.naer.edu.tw/
3043,over stock,存貨過多,https://terms.naer.edu.tw/
3044,over time,加工時間，加班,https://terms.naer.edu.tw/
3045,over valuation,計價過高,https://terms.naer.edu.tw/
3046,over-and-short,溢缺,https://terms.naer.edu.tw/
3047,over-capitalization,資本過多,https://terms.naer.edu.tw/
3048,over-the-counter,場外,https://terms.naer.edu.tw/
3049,over-the-counter sale,場外交易,https://terms.naer.edu.tw/
3050,overabsorbed cost,多分配成本,https://terms.naer.edu.tw/
3051,overabsorption,多分配,https://terms.naer.edu.tw/
3052,overage,溢額,https://terms.naer.edu.tw/
3053,overapplied expense,多分配費用,https://terms.naer.edu.tw/
3054,overdraft,透支,https://terms.naer.edu.tw/
3055,overdraft account，overdrawn account,透支帳戶,https://terms.naer.edu.tw/
3056,overexpansion,過度擴充,https://terms.naer.edu.tw/
3057,overfoot,多計總額,https://terms.naer.edu.tw/
3058,overhead,間接費，製造費用,https://terms.naer.edu.tw/
3059,overhead budget,間接費預算,https://terms.naer.edu.tw/
3060,overhead cost,間接費成本,https://terms.naer.edu.tw/
3061,overhead rate,間接費分配率,https://terms.naer.edu.tw/
3062,overhead variance,間接費差異,https://terms.naer.edu.tw/
3063,overinvestment,過度投資,https://terms.naer.edu.tw/
3064,overlapping debt,疊區債務,https://terms.naer.edu.tw/
3065,overriding royalty interest,開採權益,https://terms.naer.edu.tw/
3066,overstatement,虛張,https://terms.naer.edu.tw/
3067,ownership,所有權,https://terms.naer.edu.tw/
3068,packing cost,包裝成本,https://terms.naer.edu.tw/
3069,packing credit,打包放款,https://terms.naer.edu.tw/
3070,packing expense,包裝費用,https://terms.naer.edu.tw/
3071,packing supply,包裝用品,https://terms.naer.edu.tw/
3072,padding,墊充，虛報,https://terms.naer.edu.tw/
3073,paid in capital,繳入資本,https://terms.naer.edu.tw/
3074,paid in surplus,繳入公積,https://terms.naer.edu.tw/
3075,paid up capital,已繳資本,https://terms.naer.edu.tw/
3076,paper profit,帳面利益,https://terms.naer.edu.tw/
3077,par,票面額,https://terms.naer.edu.tw/
3078,par of exchange,匯兌平價,https://terms.naer.edu.tw/
3079,par value,面值,https://terms.naer.edu.tw/
3080,par value capital stock,面值股份,https://terms.naer.edu.tw/
3081,parameter,參數,https://terms.naer.edu.tw/
3082,parent company,母公司,https://terms.naer.edu.tw/
3083,parity check,相符核對,https://terms.naer.edu.tw/
3084,parity price,平價,https://terms.naer.edu.tw/
3085,partial audit,部分審計,https://terms.naer.edu.tw/
3086,partial payment,部分支付,https://terms.naer.edu.tw/
3087,partially secured creditor,部分擔保債權人,https://terms.naer.edu.tw/
3088,partially secured liability,部分擔保負債,https://terms.naer.edu.tw/
3089,participating bond,參加債券,https://terms.naer.edu.tw/
3090,participating dividend,參加分配股利,https://terms.naer.edu.tw/
3091,participating preferred capital stock,參加優先股,https://terms.naer.edu.tw/
3092,particular average,特別海損(海上保險),https://terms.naer.edu.tw/
3093,partly variable cost,部分變動成本,https://terms.naer.edu.tw/
3094,partly-finished goods,半成品,https://terms.naer.edu.tw/
3095,partner's drawing (account),合夥人提款,https://terms.naer.edu.tw/
3096,partner's loan,合夥人借款,https://terms.naer.edu.tw/
3097,partner's notes payable,應對合夥人票據,https://terms.naer.edu.tw/
3098,partner's salaries,合夥人薪金,https://terms.naer.edu.tw/
3099,partners,合夥人,https://terms.naer.edu.tw/
3100,partnership,合夥,https://terms.naer.edu.tw/
3101,partnership agreement,合夥契約,https://terms.naer.edu.tw/
3102,partnership dissolution,合夥解散,https://terms.naer.edu.tw/
3103,parts,配件，零件,https://terms.naer.edu.tw/
3104,pass book,活期存摺,https://terms.naer.edu.tw/
3105,passed dividend,逾期未宣告股利,https://terms.naer.edu.tw/
3106,passive debt,無息債務,https://terms.naer.edu.tw/
3107,past due,過期,https://terms.naer.edu.tw/
3108,past due account,過期帳款,https://terms.naer.edu.tw/
3109,past due notes,過期票據,https://terms.naer.edu.tw/
3110,patent,專利權,https://terms.naer.edu.tw/
3111,patronage dividend,合作社股利,https://terms.naer.edu.tw/
3112,pattern and drawing,模型與圖樣,https://terms.naer.edu.tw/
3113,pay order,支付憑證,https://terms.naer.edu.tw/
3114,pay records,薪資記錄,https://terms.naer.edu.tw/
3115,pay requisition,請發薪資單,https://terms.naer.edu.tw/
3116,pay sheet,薪資單,https://terms.naer.edu.tw/
3117,pay summary,薪資彙總表,https://terms.naer.edu.tw/
3118,pay warrant,支付書,https://terms.naer.edu.tw/
3119,pay-as-you-go basis,量入為出法,https://terms.naer.edu.tw/
3120,pay-in warrant，deposit warrant,繳款書,https://terms.naer.edu.tw/
3121,payables,應付專案,https://terms.naer.edu.tw/
3122,payback period,收回期間,https://terms.naer.edu.tw/
3123,payee,受款人,https://terms.naer.edu.tw/
3124,payer,付款人,https://terms.naer.edu.tw/
3125,payment,支付,https://terms.naer.edu.tw/
3126,payment of debt,償付債務,https://terms.naer.edu.tw/
3127,payment voucher,支付恁單，支付傳票,https://terms.naer.edu.tw/
3128,payroll,薪資單,https://terms.naer.edu.tw/
3129,payroll analysis,薪資分析表,https://terms.naer.edu.tw/
3130,payroll audit,薪資審核,https://terms.naer.edu.tw/
3131,payroll distribution,薪資分配表,https://terms.naer.edu.tw/
3132,payroll fund,薪資週轉金,https://terms.naer.edu.tw/
3133,payroll recapitulation，payroll summary,薪資彙總表,https://terms.naer.edu.tw/
3134,pecuniary benefit,金錢利益,https://terms.naer.edu.tw/
3135,pegging,訂定價格,https://terms.naer.edu.tw/
3136,pension fund deduction,卹養基金減項,https://terms.naer.edu.tw/
3137,pension fund reserve,卹養基金準備,https://terms.naer.edu.tw/
3138,pension fund，retirement fund,卹養基金，退休基金,https://terms.naer.edu.tw/
3139,pension plan,卹養金方案,https://terms.naer.edu.tw/
3140,pension reserve,卹養金準備,https://terms.naer.edu.tw/
3141,per annum,每年,https://terms.naer.edu.tw/
3142,per capita,每人，每,https://terms.naer.edu.tw/
3143,per diem,日支費,https://terms.naer.edu.tw/
3144,percentage analysis,百分率分析,https://terms.naer.edu.tw/
3145,percentage comparisons,百分率比較,https://terms.naer.edu.tw/
3146,percentage depletion,百分率耗竭法,https://terms.naer.edu.tw/
3147,percentage of completion,完工程度,https://terms.naer.edu.tw/
3148,percentage of completion basis,完成百分率基礎,https://terms.naer.edu.tw/
3149,percentage statement,百分率表,https://terms.naer.edu.tw/
3150,percentile,百分位數,https://terms.naer.edu.tw/
3151,perfection standard cost,完善標準成本,https://terms.naer.edu.tw/
3152,performance accounting,績效會計,https://terms.naer.edu.tw/
3153,performance budget,績效預算,https://terms.naer.edu.tw/
3154,performance classification,績效分類,https://terms.naer.edu.tw/
3155,performance graphic report,績效圖解報告,https://terms.naer.edu.tw/
3156,performance measurement,績效衡量,https://terms.naer.edu.tw/
3157,performance reporting,績效報告,https://terms.naer.edu.tw/
3158,perils of the seas,海險,https://terms.naer.edu.tw/
3159,period charge,期間開支,https://terms.naer.edu.tw/
3160,period cost,期間成本,https://terms.naer.edu.tw/
3161,period expense,期間費用,https://terms.naer.edu.tw/
3162,periodic audit,定期查帳,https://terms.naer.edu.tw/
3163,periodic income,期間收益,https://terms.naer.edu.tw/
3164,periodic payment accumulating to 1,累積一元每期付款,https://terms.naer.edu.tw/
3165,periodic payment with present value of 1,一元現值每期付款,https://terms.naer.edu.tw/
3166,periodic plan,期間計劃,https://terms.naer.edu.tw/
3167,permanent asset,永久資產,https://terms.naer.edu.tw/
3168,permanent capital,永久資本,https://terms.naer.edu.tw/
3169,permanent file,永久檔案,https://terms.naer.edu.tw/
3170,permanent investment,長期投資,https://terms.naer.edu.tw/
3171,permanent property,永久性財產,https://terms.naer.edu.tw/
3172,permutation,排列,https://terms.naer.edu.tw/
3173,perpetual inventory,永續盤存,https://terms.naer.edu.tw/
3174,perpetual inventory system,永續盤存制,https://terms.naer.edu.tw/
3175,perpetuity,永續年金,https://terms.naer.edu.tw/
3176,personal account,人名帳戶,https://terms.naer.edu.tw/
3177,personal holding company,私人控股公司,https://terms.naer.edu.tw/
3178,personal income,個人所得,https://terms.naer.edu.tw/
3179,personal liability,私人負債,https://terms.naer.edu.tw/
3180,personal property,動產,https://terms.naer.edu.tw/
3181,personification theory,擬人說,https://terms.naer.edu.tw/
3182,PERT，program evaluation and review technique,計劃評核術,https://terms.naer.edu.tw/
3183,petty cash (fund),零用金,https://terms.naer.edu.tw/
3184,petty cash book,零用現金簿,https://terms.naer.edu.tw/
3185,petty cash voucher,零用金憑單,https://terms.naer.edu.tw/
3186,physical asset，tangible asset,實物資產，有形資產,https://terms.naer.edu.tw/
3187,physical budget,實物預算,https://terms.naer.edu.tw/
3188,physical depreciation,實質折舊,https://terms.naer.edu.tw/
3189,physical inventory,實地盤存,https://terms.naer.edu.tw/
3190,physical inventory book,實地盤存簿,https://terms.naer.edu.tw/
3191,physical life,實質壽年,https://terms.naer.edu.tw/
3192,physical variance，efficiency variance,實績差異，效率差異,https://terms.naer.edu.tw/
3193,pictorial statement,圖形表,https://terms.naer.edu.tw/
3194,piece rate,計件工資率,https://terms.naer.edu.tw/
3195,piece work wage,計件工資,https://terms.naer.edu.tw/
3196,plan of accounts,高帳程式圖,https://terms.naer.edu.tw/
3197,planning-programing-budgeting system，PPBS,設計計劃預算制度,https://terms.naer.edu.tw/
3198,plant,廠房，設備,https://terms.naer.edu.tw/
3199,plant and equipment,廠房及設備,https://terms.naer.edu.tw/
3200,plant appraisal,產業估價,https://terms.naer.edu.tw/
3201,plant appreciation,產業漲價,https://terms.naer.edu.tw/
3202,plant fund,產業基金,https://terms.naer.edu.tw/
3203,plant ledger,產業分類帳,https://terms.naer.edu.tw/
3204,plant maintenance,廠房維持費,https://terms.naer.edu.tw/
3205,plant turnover,設備周轉率,https://terms.naer.edu.tw/
3206,pledge,質押,https://terms.naer.edu.tw/
3207,pledged asset,質押資產,https://terms.naer.edu.tw/
3208,point of sale,銷貨點,https://terms.naer.edu.tw/
3209,point of split off,分離點,https://terms.naer.edu.tw/
3210,poll tax,人口稅,https://terms.naer.edu.tw/
3211,pooling of capital,合資,https://terms.naer.edu.tw/
3212,pooling of interest,合資，合營,https://terms.naer.edu.tw/
3213,popular reporting,通俗報告,https://terms.naer.edu.tw/
3214,population,全體，母體,https://terms.naer.edu.tw/
3215,port charges,港埠費用,https://terms.naer.edu.tw/
3216,position bookkeeping,場帳，外幣匯兌或期貨買賣帳,https://terms.naer.edu.tw/
3217,position sheet,期貨買賣單，頭寸單,https://terms.naer.edu.tw/
3218,position statement,財務地位表，財務狀況表,https://terms.naer.edu.tw/
3219,position，financial condition,財務地位，財務狀況,https://terms.naer.edu.tw/
3220,positive capital,正資本,https://terms.naer.edu.tw/
3221,positive confirmation,肯定詢證,https://terms.naer.edu.tw/
3222,positive goodwill,正商譽,https://terms.naer.edu.tw/
3223,possible debt,可能債務,https://terms.naer.edu.tw/
3224,post reference,過帳日頁,https://terms.naer.edu.tw/
3225,post，posting,過帳,https://terms.naer.edu.tw/
3226,postal money order,郵政匯票,https://terms.naer.edu.tw/
3227,postaudit,事後審計,https://terms.naer.edu.tw/
3228,postclosing balance sheet,結帳後資產負債表，結帳後平衡表,https://terms.naer.edu.tw/
3229,postclosing trial balance,結帳後試算表,https://terms.naer.edu.tw/
3230,postdate,遠期，注遲日期,https://terms.naer.edu.tw/
3231,postdated check,遠期支票,https://terms.naer.edu.tw/
3232,posting medium,過帳根據,https://terms.naer.edu.tw/
3233,postulate,基本假定,https://terms.naer.edu.tw/
3234,postwar reserve,戰後準備,https://terms.naer.edu.tw/
3235,potential asset,潛在資產,https://terms.naer.edu.tw/
3236,potential discount,允給折扣,https://terms.naer.edu.tw/
3237,power expense,動力費用，發電廠費用,https://terms.naer.edu.tw/
3238,power of attorney,代理證書,https://terms.naer.edu.tw/
3239,power plant,動力間，發電廠,https://terms.naer.edu.tw/
3240,power plant cost,動力間成本，發電廠成本,https://terms.naer.edu.tw/
3241,PPBS，planning-programing-budgeting system,設計計劃預算制度,https://terms.naer.edu.tw/
3242,practical capacity,實際能量,https://terms.naer.edu.tw/
3243,practice set,整套習題,https://terms.naer.edu.tw/
3244,pre tax accounting income,稅前帳面純益,https://terms.naer.edu.tw/
3245,pre-preparation,籌劃(預算),https://terms.naer.edu.tw/
3246,preaudit,事前審計,https://terms.naer.edu.tw/
3247,precision,精密度,https://terms.naer.edu.tw/
3248,predate，antedate,提前日期,https://terms.naer.edu.tw/
3249,predecessor company,被接管公司,https://terms.naer.edu.tw/
3250,predetermined cost,預定成本,https://terms.naer.edu.tw/
3251,predetermined cost system,預定成本制,https://terms.naer.edu.tw/
3252,predetermined job cost system,預定分批成本制,https://terms.naer.edu.tw/
3253,predicted cost，standard cost,預示成本，標準成本,https://terms.naer.edu.tw/
3254,preemptive right,優先購買權,https://terms.naer.edu.tw/
3255,preference share，preferred capital stock,優先股,https://terms.naer.edu.tw/
3256,preferential creditor,優先債權人,https://terms.naer.edu.tw/
3257,preferred [-stock] dividend,優先股利,https://terms.naer.edu.tw/
3258,preferred creditor,優先債權人,https://terms.naer.edu.tw/
3259,preferred debt,優先債務,https://terms.naer.edu.tw/
3260,preferred liability,優先負債,https://terms.naer.edu.tw/
3261,preferred stock sinking fund,優先股收回基金,https://terms.naer.edu.tw/
3262,preferred value,基準價值,https://terms.naer.edu.tw/
3263,preliminary audit,初步審核,https://terms.naer.edu.tw/
3264,preliminary balance sheet，tentative balance sheet,初編資產負債表，初編平衡表，試編平衡表,https://terms.naer.edu.tw/
3265,preliminary budget,初步預算,https://terms.naer.edu.tw/
3266,preliminary expenditure,籌箅支出,https://terms.naer.edu.tw/
3267,preliminary expense,開辦費，籌備費,https://terms.naer.edu.tw/
3268,premium,溢價，保險費，加給,https://terms.naer.edu.tw/
3269,premium on bonds,債券溢價,https://terms.naer.edu.tw/
3270,premium on capital stock,股本溢價,https://terms.naer.edu.tw/
3271,prepaid asset,預付資產,https://terms.naer.edu.tw/
3272,prepaid expense,預付費用,https://terms.naer.edu.tw/
3273,prepaid income，deferred revenue,預收收益，遞延收入,https://terms.naer.edu.tw/
3274,prepaid insurance,預付保險費,https://terms.naer.edu.tw/
3275,prepaid tax,預付稅捐,https://terms.naer.edu.tw/
3276,preparatory cost,準備成本,https://terms.naer.edu.tw/
3277,prepay,預付,https://terms.naer.edu.tw/
3278,prepayment of taxes,預收[付]賦稅,https://terms.naer.edu.tw/
3279,prepayments,預付項目,https://terms.naer.edu.tw/
3280,preproduction cost,產前成本,https://terms.naer.edu.tw/
3281,present value [or worth],現值,https://terms.naer.edu.tw/
3282,present value method (of capital budgeting),現值法(資本預算),https://terms.naer.edu.tw/
3283,present value of 1,一元現值,https://terms.naer.edu.tw/
3284,present value of 1 per period,每期一元現值,https://terms.naer.edu.tw/
3285,present worth of annuity,年金現值,https://terms.naer.edu.tw/
3286,prevention of error,防止錯誤,https://terms.naer.edu.tw/
3287,prevention of expenditures for illegal purposes,防止不法支出,https://terms.naer.edu.tw/
3288,prevention of fraud,防止舞弊,https://terms.naer.edu.tw/
3289,prevention of misappropriation of funds,防止基金濫用,https://terms.naer.edu.tw/
3290,prevention of overspending of appropriations,防止經費超支,https://terms.naer.edu.tw/
3291,prevention of unwise or inappropriate expenditure,防止不當支出,https://terms.naer.edu.tw/
3292,price contract,價格合約,https://terms.naer.edu.tw/
3293,price discrimination,價格歧異,https://terms.naer.edu.tw/
3294,price index,物價指數,https://terms.naer.edu.tw/
3295,price leader,吸引價格,https://terms.naer.edu.tw/
3296,price leadership,領導價格,https://terms.naer.edu.tw/
3297,price level,物價水準,https://terms.naer.edu.tw/
3298,price level changes,物價水準變動,https://terms.naer.edu.tw/
3299,price list,價目單,https://terms.naer.edu.tw/
3300,price maintenance,價格維持,https://terms.naer.edu.tw/
3301,price profit,物價利益,https://terms.naer.edu.tw/
3302,price system,價格制度,https://terms.naer.edu.tw/
3303,price variance,價格差異,https://terms.naer.edu.tw/
3304,price-aggregate,價格積數,https://terms.naer.edu.tw/
3305,price-earning ratio,價格與獲利比,https://terms.naer.edu.tw/
3306,price-level financial statements,物價水準變動財務報表,https://terms.naer.edu.tw/
3307,price-level gains and losses,物價水準變動損益,https://terms.naer.edu.tw/
3308,pricing,定價,https://terms.naer.edu.tw/
3309,pricing policy,定價政策,https://terms.naer.edu.tw/
3310,primary income,主要收益,https://terms.naer.edu.tw/
3311,primary liability,主要債務,https://terms.naer.edu.tw/
3312,prime cost,主要成本,https://terms.naer.edu.tw/
3313,prime cost method,主要成本法(間接費分配),https://terms.naer.edu.tw/
3314,prime cost of sale,銷售主要成本,https://terms.naer.edu.tw/
3315,primitive,原詞，主詞,https://terms.naer.edu.tw/
3316,principal,本金，本人,https://terms.naer.edu.tw/
3317,principal book,主要帳簿,https://terms.naer.edu.tw/
3318,principle,原則，原理,https://terms.naer.edu.tw/
3319,prior period,前期,https://terms.naer.edu.tw/
3320,prior period adjustment,前期損益調整,https://terms.naer.edu.tw/
3321,prior years' tax levies,以前年度稅課,https://terms.naer.edu.tw/
3322,priority,優先,https://terms.naer.edu.tw/
3323,private accountant,專任會計人員,https://terms.naer.edu.tw/
3324,private audit,不公開審計(英),https://terms.naer.edu.tw/
3325,private corporation,私有公司,https://terms.naer.edu.tw/
3326,private enterprise,私有企業,https://terms.naer.edu.tw/
3327,private ledger,機密分類帳,https://terms.naer.edu.tw/
3328,private offering,自售證券,https://terms.naer.edu.tw/
3329,private trust fund,私有信託基金,https://terms.naer.edu.tw/
3330,probability,機率,https://terms.naer.edu.tw/
3331,probability sample,機率選樣,https://terms.naer.edu.tw/
3332,probable life,可用年限,https://terms.naer.edu.tw/
3333,probable life curve,可用年限曲線,https://terms.naer.edu.tw/
3334,procedural review,程式研究(審計),https://terms.naer.edu.tw/
3335,procedure of verification,檢證程式,https://terms.naer.edu.tw/
3336,proceeds,收入款,https://terms.naer.edu.tw/
3337,process control,程式控制(統計品質控制),https://terms.naer.edu.tw/
3338,process cost sheet,分步成本單,https://terms.naer.edu.tw/
3339,process cost system,分步成本制,https://terms.naer.edu.tw/
3340,process costing,分步成本法,https://terms.naer.edu.tw/
3341,process method of cost-finding,分步成本計演算法,https://terms.naer.edu.tw/
3342,process period,工作步序期間,https://terms.naer.edu.tw/
3343,process production,分步生產,https://terms.naer.edu.tw/
3344,processed material,已加工原料,https://terms.naer.edu.tw/
3345,producer's risk,生產者風險(統計品質控制),https://terms.naer.edu.tw/
3346,producer(s') capital,生產資本,https://terms.naer.edu.tw/
3347,producer(s') goods,生產資財,https://terms.naer.edu.tw/
3348,producing department cost,生產部成本,https://terms.naer.edu.tw/
3349,product,產品,https://terms.naer.edu.tw/
3350,product break-even chart,產品損益兩平圖,https://terms.naer.edu.tw/
3351,product cost,產品成本,https://terms.naer.edu.tw/
3352,production,生產，產出,https://terms.naer.edu.tw/
3353,production basis (of revenue realization),生產基礎(指收入實現),https://terms.naer.edu.tw/
3354,production capacity,生產能量,https://terms.naer.edu.tw/
3355,production center,生產中心,https://terms.naer.edu.tw/
3356,production control,生產控制,https://terms.naer.edu.tw/
3357,production cost,生產成本,https://terms.naer.edu.tw/
3358,production department,生產部,https://terms.naer.edu.tw/
3359,production department expense,生產部費用,https://terms.naer.edu.tw/
3360,production function,生產函數,https://terms.naer.edu.tw/
3361,production method (of depreciation),產量折舊法,https://terms.naer.edu.tw/
3362,production order,生產通知單,https://terms.naer.edu.tw/
3363,production order cost sheet,生產通知成本單,https://terms.naer.edu.tw/
3364,production quota,生產預計額,https://terms.naer.edu.tw/
3365,production record,生產記錄,https://terms.naer.edu.tw/
3366,production statement,生產數量與成本表,https://terms.naer.edu.tw/
3367,productive capacity cost,生產能量成本,https://terms.naer.edu.tw/
3368,productive labor cost method,生產人工成本法(間接費分配),https://terms.naer.edu.tw/
3369,productive labor hours method,生產人工時法(間接費分配),https://terms.naer.edu.tw/
3370,productive labor，productive wages,生產人工，生產工資,https://terms.naer.edu.tw/
3371,productivity,生產力,https://terms.naer.edu.tw/
3372,productivity measurement,生產力衡量,https://terms.naer.edu.tw/
3373,productivity ratio,生產力比率,https://terms.naer.edu.tw/
3374,professional accountant,會計師,https://terms.naer.edu.tw/
3375,professional auditor,職業查帳員,https://terms.naer.edu.tw/
3376,professional charge,公費,https://terms.naer.edu.tw/
3377,professional duty,職業責任,https://terms.naer.edu.tw/
3378,professional ethics,職業道德,https://terms.naer.edu.tw/
3379,professional ethics code,職業道德規範,https://terms.naer.edu.tw/
3380,professional firm,自由職業事務所,https://terms.naer.edu.tw/
3381,profit,利益，利潤,https://terms.naer.edu.tw/
3382,profit and loss,損益,https://terms.naer.edu.tw/
3383,profit and loss account,損益帳戶,https://terms.naer.edu.tw/
3384,profit and loss adjustment account,損益調整帳戶,https://terms.naer.edu.tw/
3385,profit and loss appropriation account,損益分配帳戶,https://terms.naer.edu.tw/
3386,profit and loss method,損益法,https://terms.naer.edu.tw/
3387,profit and loss on realization account,變產損益帳戶,https://terms.naer.edu.tw/
3388,profit and loss ratio,損益比率,https://terms.naer.edu.tw/
3389,profit and loss section,損益之部,https://terms.naer.edu.tw/
3390,profit and loss statement,損益表,https://terms.naer.edu.tw/
3391,profit and loss summary [account],損益彙總表[帳戶],https://terms.naer.edu.tw/
3392,profit earned,已獲利益,https://terms.naer.edu.tw/
3393,profit of the period,本期利益,https://terms.naer.edu.tw/
3394,profit on exchange,匯兌利益，兌換利益,https://terms.naer.edu.tw/
3395,profit on operation，operation profit,營業利益,https://terms.naer.edu.tw/
3396,profit on sales of assets,售產利益,https://terms.naer.edu.tw/
3397,profit participating preferred stock,參加優先股,https://terms.naer.edu.tw/
3398,profit planning,利潤計劃,https://terms.naer.edu.tw/
3399,profit prior to consolidation,合併前利益,https://terms.naer.edu.tw/
3400,profit prior to incorporation,註冊前利益,https://terms.naer.edu.tw/
3401,profit ratio,利潤比率,https://terms.naer.edu.tw/
3402,profit realized,實現利益,https://terms.naer.edu.tw/
3403,profit sharing,利益分配,https://terms.naer.edu.tw/
3404,profit sharing method,利益分配法,https://terms.naer.edu.tw/
3405,profit sharing plan,員工分紅方案,https://terms.naer.edu.tw/
3406,profit sharing reserve,利益分配準備,https://terms.naer.edu.tw/
3407,profit structure,利潤結構,https://terms.naer.edu.tw/
3408,profit-making organizations,營利組織,https://terms.naer.edu.tw/
3409,profit-oriented business entity,營利事業,https://terms.naer.edu.tw/
3410,profit-seeking enterprise,營利事業,https://terms.naer.edu.tw/
3411,profit-volume analysis,利量分析,https://terms.naer.edu.tw/
3412,profitability,獲利力,https://terms.naer.edu.tw/
3413,profitgraph，breakeven chart,利潤圖，損益兩平圖,https://terms.naer.edu.tw/
3414,proforma,預編,https://terms.naer.edu.tw/
3415,proforma balance sheet,預編平衡表,https://terms.naer.edu.tw/
3416,proforma statement,預編報表,https://terms.naer.edu.tw/
3417,program,計畫，旋政計畫,https://terms.naer.edu.tw/
3418,program alternatives,計畫抉擇,https://terms.naer.edu.tw/
3419,program budget,計畫預算,https://terms.naer.edu.tw/
3420,program evaluation and review technique，PERT,計畫評核術,https://terms.naer.edu.tw/
3421,program uncertainty,計畫不定性,https://terms.naer.edu.tw/
3422,programming,程式設計，計畫擬編,https://terms.naer.edu.tw/
3423,progress,進度,https://terms.naer.edu.tw/
3424,progress measurement,進度衡量,https://terms.naer.edu.tw/
3425,progress sheet,進度表,https://terms.naer.edu.tw/
3426,progression,級數,https://terms.naer.edu.tw/
3427,progressive average,累進平均數,https://terms.naer.edu.tw/
3428,progressive ledger，Boston ledger,多欄累計分類帳，波士頓式分類帳,https://terms.naer.edu.tw/
3429,progressive schedule,累計表,https://terms.naer.edu.tw/
3430,progressive tax,累進稅,https://terms.naer.edu.tw/
3431,project,計畫，工作計畫,https://terms.naer.edu.tw/
3432,project control,計畫控制,https://terms.naer.edu.tw/
3433,project management,計畫管理,https://terms.naer.edu.tw/
3434,project manager,計畫管理人,https://terms.naer.edu.tw/
3435,project plan,專案計畫,https://terms.naer.edu.tw/
3436,project planning chart,計畫設計圖,https://terms.naer.edu.tw/
3437,projected financial statement,預計財務報表,https://terms.naer.edu.tw/
3438,promise to pay,付款承諾,https://terms.naer.edu.tw/
3439,promissory note,本票，期票,https://terms.naer.edu.tw/
3440,promotion expense,創業費用，推廣費用,https://terms.naer.edu.tw/
3441,promotor,發起人,https://terms.naer.edu.tw/
3442,promotors' stock，founders' stock,發起人股份,https://terms.naer.edu.tw/
3443,proof,對證,https://terms.naer.edu.tw/
3444,proof of cost,成本對證,https://terms.naer.edu.tw/
3445,proof of loss,損失證(保險業),https://terms.naer.edu.tw/
3446,proof of posting,過帳檢查,https://terms.naer.edu.tw/
3447,property,財產,https://terms.naer.edu.tw/
3448,property account,財產帳戶,https://terms.naer.edu.tw/
3449,property accountability,財產責任,https://terms.naer.edu.tw/
3450,property asset,不動產,https://terms.naer.edu.tw/
3451,property balance sheet,財產平衡表,https://terms.naer.edu.tw/
3452,property dividend,財產股利,https://terms.naer.edu.tw/
3453,property ledger，plant ledger,財產分類帳，產業分類帳,https://terms.naer.edu.tw/
3454,property reserved，reserve for depreciation,財產準備，(英)折舊準備,https://terms.naer.edu.tw/
3455,proprietary accounts,財務帳目,https://terms.naer.edu.tw/
3456,proprietary capital,業主資本,https://terms.naer.edu.tw/
3457,proprietary company,不自營母公司,https://terms.naer.edu.tw/
3458,proprietary equity，proprietary interest,業主權益,https://terms.naer.edu.tw/
3459,proprietor,業主,https://terms.naer.edu.tw/
3460,proprietorship,業主權益,https://terms.naer.edu.tw/
3461,proprietorship account,業主帳戶,https://terms.naer.edu.tw/
3462,prorata,比例分配,https://terms.naer.edu.tw/
3463,prorate,分配,https://terms.naer.edu.tw/
3464,prospectus,募股書,https://terms.naer.edu.tw/
3465,protest,拒付，拒絕證書,https://terms.naer.edu.tw/
3466,provincial treasury,省庫,https://terms.naer.edu.tw/
3467,provision,備付，準備,https://terms.naer.edu.tw/
3468,provision for income tax,備付所得稅,https://terms.naer.edu.tw/
3469,proxy,代理，委託,https://terms.naer.edu.tw/
3470,proxy statement,委託代理書,https://terms.naer.edu.tw/
3471,prudent investment,審慎投資,https://terms.naer.edu.tw/
3472,psychological impact of cost control,成本控制的心理影響,https://terms.naer.edu.tw/
3473,public accountant,會計師,https://terms.naer.edu.tw/
3474,public accounting,會計師職業,https://terms.naer.edu.tw/
3475,public audit,公開審計,https://terms.naer.edu.tw/
3476,public authority,公益機關,https://terms.naer.edu.tw/
3477,public corporation,公營公司，股份公開公司,https://terms.naer.edu.tw/
3478,public enterprise,公營企業,https://terms.naer.edu.tw/
3479,public fund,公共基金,https://terms.naer.edu.tw/
3480,public improvement fund，special assessment fund,公共改良基金，特賦基金,https://terms.naer.edu.tw/
3481,public institution,公有事業,https://terms.naer.edu.tw/
3482,public offering,公售證券,https://terms.naer.edu.tw/
3483,public partner,出名合夥人,https://terms.naer.edu.tw/
3484,public service company，public utility company,公用事業公司,https://terms.naer.edu.tw/
3485,public treasury,公庫,https://terms.naer.edu.tw/
3486,public treasury law,公庫法,https://terms.naer.edu.tw/
3487,public trust fund,公共信託基金,https://terms.naer.edu.tw/
3488,publicity expense,宣傳費,https://terms.naer.edu.tw/
3489,purchase,採購，購貨，進貨,https://terms.naer.edu.tw/
3490,purchase basis,採購基礎(指支出入帳),https://terms.naer.edu.tw/
3491,purchase book,購買簿，購貨簿，進貨簿,https://terms.naer.edu.tw/
3492,purchase commitment,採購承諾,https://terms.naer.edu.tw/
3493,purchase contract,採購契約,https://terms.naer.edu.tw/
3494,purchase cost,購買成本,https://terms.naer.edu.tw/
3495,purchase discount,購貨折扣，進貨折扣,https://terms.naer.edu.tw/
3496,purchase expense,採購費用,https://terms.naer.edu.tw/
3497,purchase group，purchase syndicate，underwriting syndicate,購買集團，證券包銷集團,https://terms.naer.edu.tw/
3498,purchase invoice,購貨發票，進貨發票,https://terms.naer.edu.tw/
3499,purchase journal,購貨簿，進貨簿,https://terms.naer.edu.tw/
3500,purchase order,採購定單，定購單,https://terms.naer.edu.tw/
3501,purchase price adjustment (account),買價調整(帳戶),https://terms.naer.edu.tw/
3502,purchase rebates and allowances,購貨回扣與讓價,https://terms.naer.edu.tw/
3503,purchase record,採購記錄,https://terms.naer.edu.tw/
3504,purchase requisition,請購單,https://terms.naer.edu.tw/
3505,purchase return book,購貨退出簿，進貨退出簿,https://terms.naer.edu.tw/
3506,purchase returns,購貨退出，進貨退出,https://terms.naer.edu.tw/
3507,purchase returns and allowances,購貨退出與讓價，進貨退出與讓價,https://terms.naer.edu.tw/
3508,purchase returns and allowances journal,購貨退出與讓價日記帳,https://terms.naer.edu.tw/
3509,purchase-method,購入法,https://terms.naer.edu.tw/
3510,purchase-money obligation,置產債務,https://terms.naer.edu.tw/
3511,purchasing agent,採購代理人，採購員,https://terms.naer.edu.tw/
3512,purchasing method,採購方法,https://terms.naer.edu.tw/
3513,purchasing power,購買力,https://terms.naer.edu.tw/
3514,pure holding company,純股權公司,https://terms.naer.edu.tw/
3515,pure profit,純利,https://terms.naer.edu.tw/
3516,pure-interest rate,純利率,https://terms.naer.edu.tw/
3517,put,期貨買賣,https://terms.naer.edu.tw/
3518,qualification,附帶申明，保留意見,https://terms.naer.edu.tw/
3519,qualification of the auditor,查帳員資格,https://terms.naer.edu.tw/
3520,qualified acceptance,附條件承兌,https://terms.naer.edu.tw/
3521,qualified certificate,附條件證明書，保留意見查帳證明書,https://terms.naer.edu.tw/
3522,qualified endorsement,附條件背書,https://terms.naer.edu.tw/
3523,qualifying reserve，valuation account,計價帳戶,https://terms.naer.edu.tw/
3524,qualitative analysis,品質分析,https://terms.naer.edu.tw/
3525,quality control,品質控制，品質管制,https://terms.naer.edu.tw/
3526,quantitative analysis,數量分析,https://terms.naer.edu.tw/
3527,quantity discount,購量折扣,https://terms.naer.edu.tw/
3528,quantity method,數量方法,https://terms.naer.edu.tw/
3529,quantity variance,數量差異,https://terms.naer.edu.tw/
3530,quarterly report,季報,https://terms.naer.edu.tw/
3531,quasi contract,准契約,https://terms.naer.edu.tw/
3532,quasi public company,准公營公司,https://terms.naer.edu.tw/
3533,quasi rent,准租金,https://terms.naer.edu.tw/
3534,quasi reorganization,准改組，假改組,https://terms.naer.edu.tw/
3535,quick asset,速動資產,https://terms.naer.edu.tw/
3536,quick liability,速動負債,https://terms.naer.edu.tw/
3537,quick ratio,速動比率,https://terms.naer.edu.tw/
3538,quotations,價目，行市,https://terms.naer.edu.tw/
3539,quotations table,價目表,https://terms.naer.edu.tw/
3540,R & D，research & development,研究發展,https://terms.naer.edu.tw/
3541,random,隨機，任意,https://terms.naer.edu.tw/
3542,random number,亂數,https://terms.naer.edu.tw/
3543,random sample,隨機選樣,https://terms.naer.edu.tw/
3544,random sampling,隨機選樣法,https://terms.naer.edu.tw/
3545,random variation,隨機離勢,https://terms.naer.edu.tw/
3546,range,全距,https://terms.naer.edu.tw/
3547,ranking,分級,https://terms.naer.edu.tw/
3548,rapid amortization，accelerated depreciation,快速攤銷，加速折舊,https://terms.naer.edu.tw/
3549,rate base,費率基礎,https://terms.naer.edu.tw/
3550,rate of discount,貼現率,https://terms.naer.edu.tw/
3551,rate of dividend,股利率,https://terms.naer.edu.tw/
3552,rate of exchange,匯兌率，兌換率,https://terms.naer.edu.tw/
3553,rate of margin，rate of gross profit,邊際率，毛利率,https://terms.naer.edu.tw/
3554,rate of return method (of capital budgeting),報酬率法(資本預算),https://terms.naer.edu.tw/
3555,rate of turnover,周轉率,https://terms.naer.edu.tw/
3556,rate-of-return pricing,報酬率定價法,https://terms.naer.edu.tw/
3557,rating,分等,https://terms.naer.edu.tw/
3558,ratio,比率,https://terms.naer.edu.tw/
3559,ratio analysis,比率分析,https://terms.naer.edu.tw/
3560,ratio analysis cost of sale and operating expense to net sale,銷貨成本與營業費用對銷貨淨額比率,https://terms.naer.edu.tw/
3561,ratio of capital to current liability,資本對流動負債比率,https://terms.naer.edu.tw/
3562,ratio of cash to current liability,現金對流動負債比率,https://terms.naer.edu.tw/
3563,ratio of current asset to total asset,流動資產對資產總額比率,https://terms.naer.edu.tw/
3564,ratio of current liability to total liability,流動負債對負債總額比率,https://terms.naer.edu.tw/
3565,ratio of fixed asset to capital,固定資產對資本比率,https://terms.naer.edu.tw/
3566,ratio of fixed asset to total asset,固定資產對資產總額比率,https://terms.naer.edu.tw/
3567,ratio of fixed liability to asset held for security,固定負債對擔保資產比率,https://terms.naer.edu.tw/
3568,ratio of inside to outside equities,資本對負債比率,https://terms.naer.edu.tw/
3569,ratio of inventory to receivable,存貨對應收款項比率,https://terms.naer.edu.tw/
3570,ratio of net income to net sale,淨益對銷貨淨額比率,https://terms.naer.edu.tw/
3571,ratio of net income to outstanding stock,淨益對淨發股本比率,https://terms.naer.edu.tw/
3572,ratio of net income to proprietorship,淨益對業主權益比率,https://terms.naer.edu.tw/
3573,ratio of net income to total asset,淨益對資產總額比率,https://terms.naer.edu.tw/
3574,ratio of net operating profit to net sale,營業利益對銷貨淨額比率,https://terms.naer.edu.tw/
3575,ratio of net sale to proprietorship,銷貨淨額對業主權益比率,https://terms.naer.edu.tw/
3576,ratio of net sale to receivable,銷貨淨額對應收款項比率,https://terms.naer.edu.tw/
3577,ratio of quick asset to current liability,速動資產對流動負債比率,https://terms.naer.edu.tw/
3578,ratio of surplus to net worth,盈餘對資本淨值比率,https://terms.naer.edu.tw/
3579,ratio of trade account payable to purchase,應付款項對購貨比率,https://terms.naer.edu.tw/
3580,raw material,原料,https://terms.naer.edu.tw/
3581,raw material ledger,原料分類帳,https://terms.naer.edu.tw/
3582,re-group,重歸類,https://terms.naer.edu.tw/
3583,reabsorbed cost,再吸收成本，再分配成本,https://terms.naer.edu.tw/
3584,reabsorption,再吸收，再分配,https://terms.naer.edu.tw/
3585,reacquired bond,重取得債券,https://terms.naer.edu.tw/
3586,reacquired stock,重取得股份,https://terms.naer.edu.tw/
3587,readjusting entry,重調整分錄,https://terms.naer.edu.tw/
3588,real account,實質帳戶，實帳戶,https://terms.naer.edu.tw/
3589,real asset,實質資產,https://terms.naer.edu.tw/
3590,real cost,實質成本,https://terms.naer.edu.tw/
3591,real estate,不動產，房地產,https://terms.naer.edu.tw/
3592,real estate mortgage,不動產抵押,https://terms.naer.edu.tw/
3593,real liability,實質負債,https://terms.naer.edu.tw/
3594,real price，real value,實質價格，實質價值,https://terms.naer.edu.tw/
3595,real property,不動產,https://terms.naer.edu.tw/
3596,real wages,實質工資,https://terms.naer.edu.tw/
3597,real-value item,實值項目,https://terms.naer.edu.tw/
3598,realizable value,可變現價值,https://terms.naer.edu.tw/
3599,realization,實現，變現,https://terms.naer.edu.tw/
3600,realization account,變現帳戶,https://terms.naer.edu.tw/
3601,realization and liquidation,變現與清算,https://terms.naer.edu.tw/
3602,realization and liquidation account,變現清算表,https://terms.naer.edu.tw/
3603,realization and liquidation profit and loss account,變現清算損益帳戶,https://terms.naer.edu.tw/
3604,realization and liquidation statement,變現清算表,https://terms.naer.edu.tw/
3605,realization of profit,利益實現,https://terms.naer.edu.tw/
3606,realized appreciation,已實現漲價,https://terms.naer.edu.tw/
3607,realized profit,已實現利益,https://terms.naer.edu.tw/
3608,realized revenue,已實現收，已實現所入,https://terms.naer.edu.tw/
3609,realized surplus,已實現盈餘,https://terms.naer.edu.tw/
3610,reappraisal surplus,重估價公積,https://terms.naer.edu.tw/
3611,rebate,折扣，退回,https://terms.naer.edu.tw/
3612,recap，recapitulation,摘總,https://terms.naer.edu.tw/
3613,recapitalization,資本重整,https://terms.naer.edu.tw/
3614,recapitulation sheet，recapitulation statement,摘要表,https://terms.naer.edu.tw/
3615,receipt,收入，收據,https://terms.naer.edu.tw/
3616,receipt and disbursement statement，receipt and payment account,現金收付表,https://terms.naer.edu.tw/
3617,receipt and payment documents,收付憑證,https://terms.naer.edu.tw/
3618,receipt ledger,收入分類帳,https://terms.naer.edu.tw/
3619,receipt voucher,收入憑單，收入傳票,https://terms.naer.edu.tw/
3620,receivable,應收款項，應收,https://terms.naer.edu.tw/
3621,received report，receiving report,收貨報單,https://terms.naer.edu.tw/
3622,receiver,清算人，收受人,https://terms.naer.edu.tw/
3623,receiver's cash account,清算人現金帳,https://terms.naer.edu.tw/
3624,receiver's certificate,清算人借款證,https://terms.naer.edu.tw/
3625,receiving department,收貨部,https://terms.naer.edu.tw/
3626,receiving department expense,收貨部費用,https://terms.naer.edu.tw/
3627,receiving expense,收貨費用,https://terms.naer.edu.tw/
3628,receiving slip,收入傳票,https://terms.naer.edu.tw/
3629,receiving voucher,收入憑單，收入傳票,https://terms.naer.edu.tw/
3630,reciprocal account,相對帳戶,https://terms.naer.edu.tw/
3631,recognize,認定,https://terms.naer.edu.tw/
3632,reconciliation [statement],調節，調節表,https://terms.naer.edu.tw/
3633,reconciliation of surplus,公積調節表,https://terms.naer.edu.tw/
3634,reconciling bank account,調節銀行存款帳戶,https://terms.naer.edu.tw/
3635,reconciling inventory,調節存貨,https://terms.naer.edu.tw/
3636,reconstruction,重建,https://terms.naer.edu.tw/
3637,record date,列冊日期,https://terms.naer.edu.tw/
3638,record of cash disbursement,現金付出記錄,https://terms.naer.edu.tw/
3639,record of cash receipt,現金收入記錄,https://terms.naer.edu.tw/
3640,record of goods sold,銷貨記錄,https://terms.naer.edu.tw/
3641,recorded cost,已記錄成本,https://terms.naer.edu.tw/
3642,recorded value,記錄價值,https://terms.naer.edu.tw/
3643,recording medium,記錄依據，記帳原始依據,https://terms.naer.edu.tw/
3644,recoup,補償,https://terms.naer.edu.tw/
3645,recover,收回，補償,https://terms.naer.edu.tw/
3646,recoverable cost,可收回成本,https://terms.naer.edu.tw/
3647,recoverable expenditure,可收回支出,https://terms.naer.edu.tw/
3648,recoverable loss,可補償損失,https://terms.naer.edu.tw/
3649,recoverable value,可收回價值,https://terms.naer.edu.tw/
3650,recovery,收回，回收,https://terms.naer.edu.tw/
3651,recovery value,收回價值,https://terms.naer.edu.tw/
3652,recurrent income,續生收益,https://terms.naer.edu.tw/
3653,recurrent profit and loss,續生損益,https://terms.naer.edu.tw/
3654,recurring cost,續生成本,https://terms.naer.edu.tw/
3655,red-herring prospectus,非正式募股書，紅魚募股書,https://terms.naer.edu.tw/
3656,red-ink entry,赤字記錄,https://terms.naer.edu.tw/
3657,redemption,贖回,https://terms.naer.edu.tw/
3658,redemption fund，sinking fund,贖債基金，償債基金,https://terms.naer.edu.tw/
3659,rediscount,重貼現,https://terms.naer.edu.tw/
3660,redistributed cost,再分配成本,https://terms.naer.edu.tw/
3661,reducing instalment method (of depreciation),分期遞減折舊法,https://terms.naer.edu.tw/
3662,reducing-balance form，report form,餘額式，報告式,https://terms.naer.edu.tw/
3663,reducing-balance method (of depreciation),餘額遞減折舊法,https://terms.naer.edu.tw/
3664,refinancing expense,債務掉期費用,https://terms.naer.edu.tw/
3665,refund,退款,https://terms.naer.edu.tw/
3666,refunding bond,掉換債券,https://terms.naer.edu.tw/
3667,register,登記簿,https://terms.naer.edu.tw/
3668,registered bond,記名債券,https://terms.naer.edu.tw/
3669,registered capital,登記資本額,https://terms.naer.edu.tw/
3670,registered warrant,已登記支付書,https://terms.naer.edu.tw/
3671,registrar,服務登記人,https://terms.naer.edu.tw/
3672,registration (of securities),登記(證券),https://terms.naer.edu.tw/
3673,registration statement,證券上市公司報表,https://terms.naer.edu.tw/
3674,regression equation,迴歸方程式,https://terms.naer.edu.tw/
3675,regressive tax,累退稅,https://terms.naer.edu.tw/
3676,regular client,常年委託人,https://terms.naer.edu.tw/
3677,regular price,正常價格,https://terms.naer.edu.tw/
3678,rehabilitation,修復,https://terms.naer.edu.tw/
3679,reimbursable expenditure,可收回支出，墊付款,https://terms.naer.edu.tw/
3680,reimbursement,補償，歸墊,https://terms.naer.edu.tw/
3681,reinsurance,再保險,https://terms.naer.edu.tw/
3682,reinvestment,重投資,https://terms.naer.edu.tw/
3683,rejectable quality level，RQL,不合格的品質水準(統計品質控制),https://terms.naer.edu.tw/
3684,related company，affiliated company,聯絡公司,https://terms.naer.edu.tw/
3685,related cost,有關成本,https://terms.naer.edu.tw/
3686,related fund,關聯基金,https://terms.naer.edu.tw/
3687,relative efficiency,相對效能,https://terms.naer.edu.tw/
3688,relative value,相對價值,https://terms.naer.edu.tw/
3689,released (of mortgage),解除(抵押),https://terms.naer.edu.tw/
3690,relevance,攸關,https://terms.naer.edu.tw/
3691,relevant cost,攸關成本,https://terms.naer.edu.tw/
3692,relevant costing,攸關成本法,https://terms.naer.edu.tw/
3693,relief,解除責任,https://terms.naer.edu.tw/
3694,relief fund reserve,救助基金準備,https://terms.naer.edu.tw/
3695,relief method,替換法,https://terms.naer.edu.tw/
3696,remainderman,剩餘遺產承受人,https://terms.naer.edu.tw/
3697,remittance,匯款,https://terms.naer.edu.tw/
3698,remittance slip,匯款通知單,https://terms.naer.edu.tw/
3699,removal cost,拆遷成本,https://terms.naer.edu.tw/
3700,renegotiation reserve,重議價準備,https://terms.naer.edu.tw/
3701,renewal,換新,https://terms.naer.edu.tw/
3702,renewal cost,換新成本,https://terms.naer.edu.tw/
3703,renewal fund,換新基金,https://terms.naer.edu.tw/
3704,renewal or replacement fund,換新或重置基金,https://terms.naer.edu.tw/
3705,rent,租金,https://terms.naer.edu.tw/
3706,rent roll,租摺,https://terms.naer.edu.tw/
3707,rental expense,租金費用,https://terms.naer.edu.tw/
3708,rental income,租金收益,https://terms.naer.edu.tw/
3709,rental receipt,租金收入,https://terms.naer.edu.tw/
3710,reorganization,改組,https://terms.naer.edu.tw/
3711,repair,修理,https://terms.naer.edu.tw/
3712,repair order,修理通知單,https://terms.naer.edu.tw/
3713,repair production order,修理工作通知單,https://terms.naer.edu.tw/
3714,repairs equalization reserve,修理費平衡準備,https://terms.naer.edu.tw/
3715,repeating audit，periodic audit,常期查帳，定期查帳,https://terms.naer.edu.tw/
3716,repetend,循環小數,https://terms.naer.edu.tw/
3717,replacement,重置,https://terms.naer.edu.tw/
3718,replacement cost,重置成本,https://terms.naer.edu.tw/
3719,replacement fund,重置基金,https://terms.naer.edu.tw/
3720,replacement method (of depreciation),重置成本折舊法,https://terms.naer.edu.tw/
3721,replacement price method,重置價格法(領料計價),https://terms.naer.edu.tw/
3722,replacement unit,重置單位,https://terms.naer.edu.tw/
3723,replacement value,重置價值,https://terms.naer.edu.tw/
3724,report,報告,https://terms.naer.edu.tw/
3725,report form,報告式,https://terms.naer.edu.tw/
3726,report form balance sheet,報告式平衡表,https://terms.naer.edu.tw/
3727,report form profit and loss statement,報告式損益表,https://terms.naer.edu.tw/
3728,report of scrap material,廢料報單,https://terms.naer.edu.tw/
3729,repossessed goods,收回貨品,https://terms.naer.edu.tw/
3730,repossession,收回,https://terms.naer.edu.tw/
3731,representation,陳述,https://terms.naer.edu.tw/
3732,representative sample,代表樣品,https://terms.naer.edu.tw/
3733,reproduction cost,再生產成本,https://terms.naer.edu.tw/
3734,reproduction value,再生產價值,https://terms.naer.edu.tw/
3735,repurchased stock,重購入股份,https://terms.naer.edu.tw/
3736,required earnings,應提收益,https://terms.naer.edu.tw/
3737,required installment contribution,應提分期收取分擔額,https://terms.naer.edu.tw/
3738,requisition,請求單，請購單，領料單,https://terms.naer.edu.tw/
3739,requisition for payment,付款請求單,https://terms.naer.edu.tw/
3740,requisition journal,領料簿,https://terms.naer.edu.tw/
3741,rescission of dividend,取消股利,https://terms.naer.edu.tw/
3742,research budget,研究預算,https://terms.naer.edu.tw/
3743,reserve,準備，保留,https://terms.naer.edu.tw/
3744,reserve adequacy,準備恰當，準備足夠,https://terms.naer.edu.tw/
3745,reserve for abatement of taxes,減稅準備,https://terms.naer.edu.tw/
3746,reserve for accidents,意外準備,https://terms.naer.edu.tw/
3747,reserve for allowance,折讓準備,https://terms.naer.edu.tw/
3748,reserve for amortization,攤銷準備,https://terms.naer.edu.tw/
3749,reserve for appreciation,漲價準備,https://terms.naer.edu.tw/
3750,reserve for bad debts,壞帳準備,https://terms.naer.edu.tw/
3751,reserve for bond redemption,償債準備,https://terms.naer.edu.tw/
3752,reserve for bonded debts,債券債務準備,https://terms.naer.edu.tw/
3753,reserve for contingencies,或有準備,https://terms.naer.edu.tw/
3754,reserve for dead loan,壞帳準備,https://terms.naer.edu.tw/
3755,reserve for depletion,備抵耗竭,https://terms.naer.edu.tw/
3756,reserve for depreciation,備抵折舊,https://terms.naer.edu.tw/
3757,reserve for discount,折扣準備,https://terms.naer.edu.tw/
3758,reserve for dividend,股利準備,https://terms.naer.edu.tw/
3759,reserve for doubtful account,備抵壞帳,https://terms.naer.edu.tw/
3760,reserve for employee's contributions,職工分擔額準備,https://terms.naer.edu.tw/
3761,reserve for employer contributions,雇主分擔額準備,https://terms.naer.edu.tw/
3762,reserve for employer contributions-actuarial deficiency,雇主分擔額準備-精算虧絀,https://terms.naer.edu.tw/
3763,reserve for encumbrances,保留數準備,https://terms.naer.edu.tw/
3764,reserve for equalization of dividends,平衡股利準備,https://terms.naer.edu.tw/
3765,reserve for expansion，reserve for extension,擴充準備,https://terms.naer.edu.tw/
3766,reserve for expiration of patents,專利權消逝準備,https://terms.naer.edu.tw/
3767,reserve for extraordinary casualty,意外事故準備,https://terms.naer.edu.tw/
3768,reserve for inadequacy,不敷用準備,https://terms.naer.edu.tw/
3769,reserve for insurance,保險準備,https://terms.naer.edu.tw/
3770,reserve for inventory,存貨準備,https://terms.naer.edu.tw/
3771,reserve for inventory of supplies,用品存貨準備,https://terms.naer.edu.tw/
3772,reserve for loss on doubtful accounts,壞帳損失準備,https://terms.naer.edu.tw/
3773,reserve for market fluctuation,市價變動準備,https://terms.naer.edu.tw/
3774,reserve for membership annuities,退休人員年金準備,https://terms.naer.edu.tw/
3775,reserve for obsolescence,陳廢準備,https://terms.naer.edu.tw/
3776,reserve for overhead,間接費準備,https://terms.naer.edu.tw/
3777,reserve for pensions,卹養準備,https://terms.naer.edu.tw/
3778,reserve for petty cash fund,零用金準備,https://terms.naer.edu.tw/
3779,reserve for plant extension,廠房擴充準備,https://terms.naer.edu.tw/
3780,reserve for redemption of preferred stock,收回優先股準備,https://terms.naer.edu.tw/
3781,reserve for renewals and replacements,換新與重置準備,https://terms.naer.edu.tw/
3782,reserve for repairs,修理準備,https://terms.naer.edu.tw/
3783,reserve for retirement of preferred stock,收回優先股準備,https://terms.naer.edu.tw/
3784,reserve for retirement of sinking fund bonds,償債基金債券償還準備,https://terms.naer.edu.tw/
3785,reserve for revenue bond contingency,所入債券意外準備,https://terms.naer.edu.tw/
3786,reserve for revenue bond debt service,所入債券債務準備,https://terms.naer.edu.tw/
3787,reserve for revenue bond retirement,所入債券償還準備,https://terms.naer.edu.tw/
3788,reserve for sales discounts,銷貨折扣準備,https://terms.naer.edu.tw/
3789,reserve for sinking fund,償債基金準備,https://terms.naer.edu.tw/
3790,reserve for taxes,稅捐準備,https://terms.naer.edu.tw/
3791,reserve for temporary loans,暫借款準備,https://terms.naer.edu.tw/
3792,reserve for uncollected taxes,壞稅準備,https://terms.naer.edu.tw/
3793,reserve for uncollectible accounts,壞帳準備,https://terms.naer.edu.tw/
3794,reserve for undistributed interest earnings,未分配利息收益準備,https://terms.naer.edu.tw/
3795,reserve for unrealized increment in assets value,未實現資產增價準備,https://terms.naer.edu.tw/
3796,reserve for variations in actuarial assumption,精算臆測差異準備,https://terms.naer.edu.tw/
3797,reserve for wear and tear,耗損準備,https://terms.naer.edu.tw/
3798,reserve fund,準備金,https://terms.naer.edu.tw/
3799,reserve liability,負債準備,https://terms.naer.edu.tw/
3800,reserved surplus,留存公積,https://terms.naer.edu.tw/
3801,residual asset,剩餘資產,https://terms.naer.edu.tw/
3802,residual cost，residual value,殘餘成本，殘值,https://terms.naer.edu.tw/
3803,residual equity,殘餘業主權益,https://terms.naer.edu.tw/
3804,residual net income，residual net profit,剩餘淨益，剩餘淨利,https://terms.naer.edu.tw/
3805,residual property,剩餘財產,https://terms.naer.edu.tw/
3806,residuary legacy,分餘遺產,https://terms.naer.edu.tw/
3807,residuary legatee,剩餘遺產繼承人,https://terms.naer.edu.tw/
3808,residuary outlay,剩餘支出,https://terms.naer.edu.tw/
3809,resource,資源，資力,https://terms.naer.edu.tw/
3810,responsibility,責任,https://terms.naer.edu.tw/
3811,responsibility accounting,責任會計,https://terms.naer.edu.tw/
3812,responsibility budget,責任預算,https://terms.naer.edu.tw/
3813,responsibility center,責任中心,https://terms.naer.edu.tw/
3814,responsibility costing,責任成本法,https://terms.naer.edu.tw/
3815,responsibility profit,責任利潤,https://terms.naer.edu.tw/
3816,responsibility reporting,責任報告,https://terms.naer.edu.tw/
3817,rest，surplus,盈餘(英)，剩餘,https://terms.naer.edu.tw/
3818,restatement,重編報表,https://terms.naer.edu.tw/
3819,restricted cash,限定用途現金,https://terms.naer.edu.tw/
3820,restricted fund,限定用途基金,https://terms.naer.edu.tw/
3821,restricted random sampling,限定隨機選機法,https://terms.naer.edu.tw/
3822,restricted receipt,限定用途收入,https://terms.naer.edu.tw/
3823,restricted stock option,限制股票承購權,https://terms.naer.edu.tw/
3824,restrictive endorsement,限制背書,https://terms.naer.edu.tw/
3825,retail accounting,零售會計,https://terms.naer.edu.tw/
3826,retail cost,零售成本,https://terms.naer.edu.tw/
3827,retail inventory,零售存貨,https://terms.naer.edu.tw/
3828,retail method of inventory,零售價盤存法,https://terms.naer.edu.tw/
3829,retained earnings，surplus，retained income,保留盈餘,https://terms.naer.edu.tw/
3830,retired bond,已收回債券,https://terms.naer.edu.tw/
3831,retired stock,已收回股份,https://terms.naer.edu.tw/
3832,retirement,退休，報廢，退股,https://terms.naer.edu.tw/
3833,retirement allowance,退休金,https://terms.naer.edu.tw/
3834,retirement curve，mortality curve,報廢曲線，壽年曲線,https://terms.naer.edu.tw/
3835,retirement expense,報廢費用,https://terms.naer.edu.tw/
3836,retirement method (of depreciation),報廢折舊法,https://terms.naer.edu.tw/
3837,retirement plan,退休計劃，報廢辦法,https://terms.naer.edu.tw/
3838,retirement policy,報廢政策,https://terms.naer.edu.tw/
3839,retirement table，mortality table,報廢表，壽年表,https://terms.naer.edu.tw/
3840,retirement unit,報廢單位,https://terms.naer.edu.tw/
3841,retrospective rating,追溯費率(保險業),https://terms.naer.edu.tw/
3842,return,稅單，報酬，退貨,https://terms.naer.edu.tw/
3843,return on investment,投資報酬,https://terms.naer.edu.tw/
3844,return purchase，purchase return,購貨退出,https://terms.naer.edu.tw/
3845,return sales memo,銷貨退回通知單,https://terms.naer.edu.tw/
3846,return sales，sales return,銷貨退回,https://terms.naer.edu.tw/
3847,return shipping order,退貨交運單,https://terms.naer.edu.tw/
3848,returned material,退回材料,https://terms.naer.edu.tw/
3849,returned material report,退料單,https://terms.naer.edu.tw/
3850,returned purchase invoice,退回發票,https://terms.naer.edu.tw/
3851,returned sales report,退貨單,https://terms.naer.edu.tw/
3852,revaluation process,重評價程式,https://terms.naer.edu.tw/
3853,revaluation reserve,重評價準備,https://terms.naer.edu.tw/
3854,revaluation surplus,重計價公積,https://terms.naer.edu.tw/
3855,revenue,收入，所入,https://terms.naer.edu.tw/
3856,revenue bond,所入債券,https://terms.naer.edu.tw/
3857,revenue control,所入控制,https://terms.naer.edu.tw/
3858,revenue deduction,所入減項,https://terms.naer.edu.tw/
3859,revenue expenditure,收入支出，所入支出,https://terms.naer.edu.tw/
3860,revenue fund,所入基金,https://terms.naer.edu.tw/
3861,revenue ledger,所入分類帳,https://terms.naer.edu.tw/
3862,revenue of a fund,基金所入,https://terms.naer.edu.tw/
3863,revenue of a governmental unit,政府所入,https://terms.naer.edu.tw/
3864,revenue realization,收入實現，所入實現,https://terms.naer.edu.tw/
3865,revenue receipts,所入收入,https://terms.naer.edu.tw/
3866,revenue reserve,保留收益(英),https://terms.naer.edu.tw/
3867,revenues collected in advance,預收收入,https://terms.naer.edu.tw/
3868,reverse splitup,並股,https://terms.naer.edu.tw/
3869,reversing entry,轉回分錄,https://terms.naer.edu.tw/
3870,revocable trust,可取消信託,https://terms.naer.edu.tw/
3871,revolving capital,循環資本,https://terms.naer.edu.tw/
3872,revolving fund,循環基金，週轉金,https://terms.naer.edu.tw/
3873,right-of-way,地役權,https://terms.naer.edu.tw/
3874,rights of beneficiaries,受益人權利,https://terms.naer.edu.tw/
3875,risk assets,風險資產,https://terms.naer.edu.tw/
3876,rolling budget,流滾預算,https://terms.naer.edu.tw/
3877,round lot,整批,https://terms.naer.edu.tw/
3878,round off,零數進整，四捨五入,https://terms.naer.edu.tw/
3879,round sum,整數,https://terms.naer.edu.tw/
3880,routinize,例行化,https://terms.naer.edu.tw/
3881,royalty,使用費，版稅，權利金,https://terms.naer.edu.tw/
3882,royalty interest,礦區權益(石油業),https://terms.naer.edu.tw/
3883,rule off,劃結,https://terms.naer.edu.tw/
3884,ruling,劃線，裁定，解釋令,https://terms.naer.edu.tw/
3885,running cost，continuing cost,繼續成本,https://terms.naer.edu.tw/
3886,running expense,日常費用,https://terms.naer.edu.tw/
3887,running form，report form,報告式,https://terms.naer.edu.tw/
3888,running inventory，perpetual inventory,永續盤存,https://terms.naer.edu.tw/
3889,salary,薪金,https://terms.naer.edu.tw/
3890,salary roll,薪俸冊,https://terms.naer.edu.tw/
3891,sale,銷售,https://terms.naer.edu.tw/
3892,sale on approval，approval sale,試銷,https://terms.naer.edu.tw/
3893,sales allowance,銷貨讓價,https://terms.naer.edu.tw/
3894,sales basis (of revenue realization),銷貨基礎,https://terms.naer.edu.tw/
3895,sales book,銷貨簿,https://terms.naer.edu.tw/
3896,sales budget,銷貨預算,https://terms.naer.edu.tw/
3897,sales department,銷貨部,https://terms.naer.edu.tw/
3898,sales discount,銷貨折扣,https://terms.naer.edu.tw/
3899,sales income,銷貨收益,https://terms.naer.edu.tw/
3900,sales invoice,銷貨發票,https://terms.naer.edu.tw/
3901,sales journal,銷貨日記帳,https://terms.naer.edu.tw/
3902,sales ledger,銷貨分類帳,https://terms.naer.edu.tw/
3903,sales management salaries and expenses,銷貨管理部薪金與費用,https://terms.naer.edu.tw/
3904,sales on account,賒銷,https://terms.naer.edu.tw/
3905,sales order,銷貨定單,https://terms.naer.edu.tw/
3906,sales policy,銷貨政策,https://terms.naer.edu.tw/
3907,sales price,售價,https://terms.naer.edu.tw/
3908,sales profit and loss,銷貨損益,https://terms.naer.edu.tw/
3909,sales quotas,銷貨派額,https://terms.naer.edu.tw/
3910,sales rebates and allowances,銷貨回扣與讓價,https://terms.naer.edu.tw/
3911,sales records,銷貨記錄,https://terms.naer.edu.tw/
3912,sales register,銷貨登記簿,https://terms.naer.edu.tw/
3913,sales return,銷貨退回,https://terms.naer.edu.tw/
3914,sales return and allowance journal,銷貨退回與讓價日記帳,https://terms.naer.edu.tw/
3915,sales return book,銷貨退回簿,https://terms.naer.edu.tw/
3916,sales revenue,銷貨收入,https://terms.naer.edu.tw/
3917,sales salary,銷貨薪金,https://terms.naer.edu.tw/
3918,sales ticket,銷貨發票,https://terms.naer.edu.tw/
3919,sales value,銷貨價值,https://terms.naer.edu.tw/
3920,salesmen's salaries and commission,推銷員薪金與傭金,https://terms.naer.edu.tw/
3921,salesmen's traveling and entertainment expense,推銷員旅費與交際費,https://terms.naer.edu.tw/
3922,salient ratio,主要比率,https://terms.naer.edu.tw/
3923,salvage,殘值，殘料，救險報酬(海上保險),https://terms.naer.edu.tw/
3924,salvage value,殘餘價值,https://terms.naer.edu.tw/
3925,sample,樣本，樣品,https://terms.naer.edu.tw/
3926,sample size,樣品數量,https://terms.naer.edu.tw/
3927,sampling distribution,選樣分配,https://terms.naer.edu.tw/
3928,sampling error,選樣誤差,https://terms.naer.edu.tw/
3929,sampling inspection,選樣檢驗(統計品質控制),https://terms.naer.edu.tw/
3930,satisfactory control,滿意的控制,https://terms.naer.edu.tw/
3931,savings deposit,儲蓄存款,https://terms.naer.edu.tw/
3932,savings-and-loan association,信用合作社,https://terms.naer.edu.tw/
3933,scale of relative values,相對價值比例表,https://terms.naer.edu.tw/
3934,scan,檢視(審計),https://terms.naer.edu.tw/
3935,scatter diagram,散佈圖,https://terms.naer.edu.tw/
3936,schedule,附表，清單，工作底表,https://terms.naer.edu.tw/
3937,schedule of creditors' balances in purchase ledger,購貨客戶餘額表,https://terms.naer.edu.tw/
3938,schedule of customers' balances in sales ledger,銷貨客戶餘額表,https://terms.naer.edu.tw/
3939,schedule of fixed charge,固定開支明細表,https://terms.naer.edu.tw/
3940,scheduled cost，standard cost,訂定成本，標準成本,https://terms.naer.edu.tw/
3941,scientific method of amortization,科學攤銷法,https://terms.naer.edu.tw/
3942,scrap material,廢料,https://terms.naer.edu.tw/
3943,scrap report,廢料報單,https://terms.naer.edu.tw/
3944,scrap value，salvage value,廢料價值，殘料價值,https://terms.naer.edu.tw/
3945,screening,全檢，審查,https://terms.naer.edu.tw/
3946,scrip,臨時收據,https://terms.naer.edu.tw/
3947,scrip dividend,票據股利,https://terms.naer.edu.tw/
3948,scrutiny,詳核,https://terms.naer.edu.tw/
3949,seasonal variation,季節變動,https://terms.naer.edu.tw/
3950,seasoning,證券價格穩定所需時間,https://terms.naer.edu.tw/
3951,second mortgage,第二抵押,https://terms.naer.edu.tw/
3952,second mortgage bond,第二抵押債券,https://terms.naer.edu.tw/
3953,secondary account,次級帳戶,https://terms.naer.edu.tw/
3954,secondary distribution,轉手交易,https://terms.naer.edu.tw/
3955,secondary liability,從債務,https://terms.naer.edu.tw/
3956,secret partner,隱名合夥人,https://terms.naer.edu.tw/
3957,secret reserve,秘密準備,https://terms.naer.edu.tw/
3958,sectional balance sheet,分段式平衡表,https://terms.naer.edu.tw/
3959,sectional form,分段式,https://terms.naer.edu.tw/
3960,sectional ledger,分組分類帳,https://terms.naer.edu.tw/
3961,secular price,長期價格,https://terms.naer.edu.tw/
3962,secular trend,長期趨勢,https://terms.naer.edu.tw/
3963,secured account,擔保帳款,https://terms.naer.edu.tw/
3964,secured creditor,擔保債權人,https://terms.naer.edu.tw/
3965,secured liability,擔保負債,https://terms.naer.edu.tw/
3966,securities and exchange commission,證券交易委員會,https://terms.naer.edu.tw/
3967,security,證券，擔保品,https://terms.naer.edu.tw/
3968,security income and expense,證券收益與費用,https://terms.naer.edu.tw/
3969,security owned,持有證券,https://terms.naer.edu.tw/
3970,segregation of fixed items principle,固定專案分開原則,https://terms.naer.edu.tw/
3971,segregation of items,項目歸類,https://terms.naer.edu.tw/
3972,self-and-lease agreement,售出租回合約,https://terms.naer.edu.tw/
3973,self-balancing,自平,https://terms.naer.edu.tw/
3974,self-employment income,自傭所得,https://terms.naer.edu.tw/
3975,self-insurance,自辦保險,https://terms.naer.edu.tw/
3976,self-supporting debt，self-liquidating debt,自償債務,https://terms.naer.edu.tw/
3977,self-sustaining fund,自給自足基金,https://terms.naer.edu.tw/
3978,seller's market,銷售者市場，求過於供,https://terms.naer.edu.tw/
3979,selling and administrative cost,推銷與管理成本,https://terms.naer.edu.tw/
3980,selling and administrative expense,推銷與管理費用,https://terms.naer.edu.tw/
3981,selling and administrative expense analysis sheet,推銷與管理費用分析表,https://terms.naer.edu.tw/
3982,selling and administrative expense charged to cost,計入成本的推銷與管理費用,https://terms.naer.edu.tw/
3983,selling commission,推銷傭金,https://terms.naer.edu.tw/
3984,selling cost,推銷成本,https://terms.naer.edu.tw/
3985,selling cost budget,推銷成本預算,https://terms.naer.edu.tw/
3986,selling expense,推銷費用,https://terms.naer.edu.tw/
3987,selling group，selling syndicate,推銷組合，推銷集團,https://terms.naer.edu.tw/
3988,selling price,售價,https://terms.naer.edu.tw/
3989,selling profit,銷售利益,https://terms.naer.edu.tw/
3990,semiannual report,半年報,https://terms.naer.edu.tw/
3991,semirevenue,准收入，准所入,https://terms.naer.edu.tw/
3992,semisenior accountant,中級會計員,https://terms.naer.edu.tw/
3993,semivariable cost,半變動成本,https://terms.naer.edu.tw/
3994,semivariable expense,半變動費用,https://terms.naer.edu.tw/
3995,senior accountant,高級會計員,https://terms.naer.edu.tw/
3996,senior capital,優先資本,https://terms.naer.edu.tw/
3997,senior securities,優先證券,https://terms.naer.edu.tw/
3998,separable cost,可分成本,https://terms.naer.edu.tw/
3999,sequential analysis or sampling,連續分析或選樣(統計品質控制),https://terms.naer.edu.tw/
4000,serial annuity bond,分期償還年金債券,https://terms.naer.edu.tw/
4001,serial bond,分期償還債券,https://terms.naer.edu.tw/
4002,serial maturities,分期到期,https://terms.naer.edu.tw/
4003,service capacity,服務能量,https://terms.naer.edu.tw/
4004,service cost,服務成本,https://terms.naer.edu.tw/
4005,service department,服務部,https://terms.naer.edu.tw/
4006,service department cost,服務部成本,https://terms.naer.edu.tw/
4007,service life,使用壽年,https://terms.naer.edu.tw/
4008,service potentialities,服務潛力,https://terms.naer.edu.tw/
4009,service unit,服務單位,https://terms.naer.edu.tw/
4010,service-yield basis (of depreciation),服務產出折舊法,https://terms.naer.edu.tw/
4011,set of accounts,整套帳目,https://terms.naer.edu.tw/
4012,setting up cost，preparatory cost,準備成本,https://terms.naer.edu.tw/
4013,setup time,準備時間,https://terms.naer.edu.tw/
4014,several liability,個別責任,https://terms.naer.edu.tw/
4015,share,股份,https://terms.naer.edu.tw/
4016,share bonus,股票紅利,https://terms.naer.edu.tw/
4017,share capital,股本,https://terms.naer.edu.tw/
4018,share of stock,股份,https://terms.naer.edu.tw/
4019,shared revenue,共分收入，共分所入,https://terms.naer.edu.tw/
4020,shared tax,共分稅,https://terms.naer.edu.tw/
4021,shareholder，stockholder,股東,https://terms.naer.edu.tw/
4022,shipment,運送,https://terms.naer.edu.tw/
4023,shipment and delivery cost,運送成本,https://terms.naer.edu.tw/
4024,shipment inward，consignment inward,承銷，承銷品,https://terms.naer.edu.tw/
4025,shipment outward，consignment outward,寄銷，寄銷品,https://terms.naer.edu.tw/
4026,shipment to branch office,發交分支店貨品,https://terms.naer.edu.tw/
4027,shipping and delivery cost,運送成本,https://terms.naer.edu.tw/
4028,shipping and traffic,水陸運輸，水陸運費,https://terms.naer.edu.tw/
4029,shipping order,交運單,https://terms.naer.edu.tw/
4030,shipping supply,運輸用品,https://terms.naer.edu.tw/
4031,shop burdern，facotry burden,工廠間接費,https://terms.naer.edu.tw/
4032,shop office expense,工廠事務費,https://terms.naer.edu.tw/
4033,shop order,工作單，工廠通知單,https://terms.naer.edu.tw/
4034,shop supply,工廠用品,https://terms.naer.edu.tw/
4035,short,短少，空頭(經紀商會計),https://terms.naer.edu.tw/
4036,short account,空頭帳戶(經紀商會計),https://terms.naer.edu.tw/
4037,short covering,補進,https://terms.naer.edu.tw/
4038,short rate,短期費率(保險業),https://terms.naer.edu.tw/
4039,short sale,賣空,https://terms.naer.edu.tw/
4040,short-extended,列入細數,https://terms.naer.edu.tw/
4041,short-form report,簡式查帳報告,https://terms.naer.edu.tw/
4042,short-lived asset,短期資產,https://terms.naer.edu.tw/
4043,short-term bond,短期債券,https://terms.naer.edu.tw/
4044,short-term debt,短期債務,https://terms.naer.edu.tw/
4045,short-term liability,短期負債,https://terms.naer.edu.tw/
4046,short-term note,短期票據,https://terms.naer.edu.tw/
4047,shortage,短少,https://terms.naer.edu.tw/
4048,shut-down expense,停廠費用,https://terms.naer.edu.tw/
4049,sidehead,橫目,https://terms.naer.edu.tw/
4050,sight draft,即期票據,https://terms.naer.edu.tw/
4051,significant amount,大數,https://terms.naer.edu.tw/
4052,silent partner,隱名合夥人,https://terms.naer.edu.tw/
4053,simple average,簡單平均數,https://terms.naer.edu.tw/
4054,simple interest,單利,https://terms.naer.edu.tw/
4055,simple journal,簡易分錄簿,https://terms.naer.edu.tw/
4056,simple numerical system,簡單數字法(指編號),https://terms.naer.edu.tw/
4057,simple sequence,單純順序,https://terms.naer.edu.tw/
4058,simple trust,單純信託,https://terms.naer.edu.tw/
4059,simultaneous verification,同時檢證,https://terms.naer.edu.tw/
4060,single budget,單一預算,https://terms.naer.edu.tw/
4061,single cost system,單一成本制,https://terms.naer.edu.tw/
4062,single entry bookkeeping,單式簿記,https://terms.naer.edu.tw/
4063,single proprietorship，sole proprietorship,獨資,https://terms.naer.edu.tw/
4064,single purpose statement,專用報表,https://terms.naer.edu.tw/
4065,single-account system,單帳戶制(指在製品帳),https://terms.naer.edu.tw/
4066,single-name paper,單名票據,https://terms.naer.edu.tw/
4067,single-step income statement,單站式損益表,https://terms.naer.edu.tw/
4068,sinking fund,償債基金,https://terms.naer.edu.tw/
4069,sinking fund asset,償債基金資產,https://terms.naer.edu.tw/
4070,sinking fund bond,償債基金債券,https://terms.naer.edu.tw/
4071,sinking fund expense,償債基金費用,https://terms.naer.edu.tw/
4072,sinking fund income,償債基金收益,https://terms.naer.edu.tw/
4073,sinking fund investment,償債基金投資,https://terms.naer.edu.tw/
4074,sinking fund requirements,償債基金需要,https://terms.naer.edu.tw/
4075,sinking fund reserve,償債基金準備,https://terms.naer.edu.tw/
4076,sinking fund trustee,償債基金受託人,https://terms.naer.edu.tw/
4077,sinking-fund method (of depreciation),償債基金折舊法,https://terms.naer.edu.tw/
4078,site audit,就地審計,https://terms.naer.edu.tw/
4079,skeleton account,骨幹式帳戶，丁帳戶,https://terms.naer.edu.tw/
4080,skewness,偏斜度,https://terms.naer.edu.tw/
4081,slide,位數移動,https://terms.naer.edu.tw/
4082,slip system,傳票制度,https://terms.naer.edu.tw/
4083,slow asset,呆滯資產,https://terms.naer.edu.tw/
4084,smoothing,修勻,https://terms.naer.edu.tw/
4085,social accounting,社會會計，國民會計,https://terms.naer.edu.tw/
4086,solvent，solvency,有償債能力,https://terms.naer.edu.tw/
4087,sound value,穩妥價值,https://terms.naer.edu.tw/
4088,source-and-disposition statement，source-and-uses statement，statement of application of funds,資金來源去路表，資金運用表,https://terms.naer.edu.tw/
4089,space expense,地位費用,https://terms.naer.edu.tw/
4090,special assessment,特賦,https://terms.naer.edu.tw/
4091,special assessment bond,特賦債券,https://terms.naer.edu.tw/
4092,special assessment fund,特賦基金,https://terms.naer.edu.tw/
4093,special assessment liens,特賦留置權,https://terms.naer.edu.tw/
4094,special assessment liens receivable,應收特賦留置權,https://terms.naer.edu.tw/
4095,special assessment receivable,應收特賦,https://terms.naer.edu.tw/
4096,special assessment roll,特賦清冊,https://terms.naer.edu.tw/
4097,special audit,特種審計，特別查帳,https://terms.naer.edu.tw/
4098,special column,專欄,https://terms.naer.edu.tw/
4099,special columnar journal,多欄式特種日記帳,https://terms.naer.edu.tw/
4100,special contingency reserve,特別意外準備,https://terms.naer.edu.tw/
4101,special fund,特種基金，專款,https://terms.naer.edu.tw/
4102,special fund deposit,特種基金存款,https://terms.naer.edu.tw/
4103,special investigation,特別調查,https://terms.naer.edu.tw/
4104,special journal,特種日記帳,https://terms.naer.edu.tw/
4105,special ledger，subsidiary ledger,特種分類帳，明細分類帳,https://terms.naer.edu.tw/
4106,special order，job order,分批工作通知單,https://terms.naer.edu.tw/
4107,special partners,特別合夥人,https://terms.naer.edu.tw/
4108,special revenue fund,特別所入基金,https://terms.naer.edu.tw/
4109,special-purpose financial statement,專用財務報表,https://terms.naer.edu.tw/
4110,special-special assessment bond,特定特賦債券,https://terms.naer.edu.tw/
4111,specie,硬幣,https://terms.naer.edu.tw/
4112,specific cost,特定成本,https://terms.naer.edu.tw/
4113,specific legacy,指定遺贈,https://terms.naer.edu.tw/
4114,specific order cost system，job order cost system,分批成本制,https://terms.naer.edu.tw/
4115,specification,規範，規格,https://terms.naer.edu.tw/
4116,specification cost，standard cost,規定成本，標準成本,https://terms.naer.edu.tw/
4117,speculator,投機者,https://terms.naer.edu.tw/
4118,spin off,析產分立(指公司),https://terms.naer.edu.tw/
4119,split column journal，analytical journal,多欄日記帳,https://terms.naer.edu.tw/
4120,split off,分割,https://terms.naer.edu.tw/
4121,split off point,分離點,https://terms.naer.edu.tw/
4122,spoilage,損壞,https://terms.naer.edu.tw/
4123,spoiled material,損壞材料,https://terms.naer.edu.tw/
4124,spoiled material report,壞料報單,https://terms.naer.edu.tw/
4125,spoiled work,損壞工作,https://terms.naer.edu.tw/
4126,spoiled work report,損壞工作報單,https://terms.naer.edu.tw/
4127,spoiled work-in-process,損壞在製品,https://terms.naer.edu.tw/
4128,spot cash,手存現金,https://terms.naer.edu.tw/
4129,spot price,現貨價格,https://terms.naer.edu.tw/
4130,spot sale,現貨銷售,https://terms.naer.edu.tw/
4131,spread,攤記，毛利，傭金，進出價差，期貨買賣,https://terms.naer.edu.tw/
4132,spread sheet,分錄彙總分析表,https://terms.naer.edu.tw/
4133,stability，stabilization,穩定,https://terms.naer.edu.tw/
4134,stabilized accounting,穩定幣值會計,https://terms.naer.edu.tw/
4135,stable measuring unit,穩定衡量單位,https://terms.naer.edu.tw/
4136,stable unit,幣值穩定單位,https://terms.naer.edu.tw/
4137,staff auditor，internal auditor,內部查帳員，內部審核員,https://terms.naer.edu.tw/
4138,stamp tax,印花稅,https://terms.naer.edu.tw/
4139,standard,標準,https://terms.naer.edu.tw/
4140,standard cost,標準成本,https://terms.naer.edu.tw/
4141,standard cost sheet,標準成本單,https://terms.naer.edu.tw/
4142,standard cost system,標準成本制,https://terms.naer.edu.tw/
4143,standard deduction,標準減項,https://terms.naer.edu.tw/
4144,standard deviation,標準差,https://terms.naer.edu.tw/
4145,standard error,標準誤,https://terms.naer.edu.tw/
4146,standard error of estimate,估計標準誤,https://terms.naer.edu.tw/
4147,standard hours worked,標準工作時數,https://terms.naer.edu.tw/
4148,standard job cost sheet,標準分批成本單,https://terms.naer.edu.tw/
4149,standard labor,標準人工,https://terms.naer.edu.tw/
4150,standard labor rate,標準工資率,https://terms.naer.edu.tw/
4151,standard labor time,標準人工時間,https://terms.naer.edu.tw/
4152,standard machine time,標準機器時間,https://terms.naer.edu.tw/
4153,standard material,標準材料,https://terms.naer.edu.tw/
4154,standard method,標準方法,https://terms.naer.edu.tw/
4155,standard operation,標準操作,https://terms.naer.edu.tw/
4156,standard preparation hours,標準準備時數,https://terms.naer.edu.tw/
4157,standard price,標準價格,https://terms.naer.edu.tw/
4158,standard price method,標準價格法(指領料計價),https://terms.naer.edu.tw/
4159,standard process cost sheet,標準分步成本單,https://terms.naer.edu.tw/
4160,standard profit,標準利益,https://terms.naer.edu.tw/
4161,standard purchase price,標準購價,https://terms.naer.edu.tw/
4162,standard ratios,標準比率,https://terms.naer.edu.tw/
4163,standard run quantity，economic lot size,標準批量，經濟批量,https://terms.naer.edu.tw/
4164,standard unit rate,標準單位率,https://terms.naer.edu.tw/
4165,standard value,標準值(統計品質控制),https://terms.naer.edu.tw/
4166,standard wage rate,標準工資率,https://terms.naer.edu.tw/
4167,standardized accounting,標準化會計,https://terms.naer.edu.tw/
4168,standardized burden rate,標準化間接費率,https://terms.naer.edu.tw/
4169,standby cost，fixed cost,固定成本,https://terms.naer.edu.tw/
4170,standby equipment,應急設備,https://terms.naer.edu.tw/
4171,standby underwriting,余股包購,https://terms.naer.edu.tw/
4172,standing cost，fixed cost,經常成本，固定成本,https://terms.naer.edu.tw/
4173,standing expense order,經常費用單,https://terms.naer.edu.tw/
4174,staple,主要貨品，存料，纖維,https://terms.naer.edu.tw/
4175,starting-load cost,籌備成本，開辦費,https://terms.naer.edu.tw/
4176,stated capital,設定資本，法定資本,https://terms.naer.edu.tw/
4177,stated liabilities,帳面負債,https://terms.naer.edu.tw/
4178,stated value,設定股值,https://terms.naer.edu.tw/
4179,statement,報表，結單,https://terms.naer.edu.tw/
4180,statement analysis,報表分析,https://terms.naer.edu.tw/
4181,statement form，report form,報告式,https://terms.naer.edu.tw/
4182,statement from creditors,應付帳款清單,https://terms.naer.edu.tw/
4183,statement heading,表頭,https://terms.naer.edu.tw/
4184,statement of account,客帳結單,https://terms.naer.edu.tw/
4185,statement of affairs,財產狀況表，清算平衡表,https://terms.naer.edu.tw/
4186,statement of application of funds,資金運用表,https://terms.naer.edu.tw/
4187,statement of assets and liabilities，balance sheet,資產負債表，平衡表,https://terms.naer.edu.tw/
4188,statement of business operation,損益表,https://terms.naer.edu.tw/
4189,statement of cash receipts and disbursements,現金收付表,https://terms.naer.edu.tw/
4190,statement of changes in financial position,財務狀況變動表,https://terms.naer.edu.tw/
4191,statement of changes in surplus,盈餘變動表,https://terms.naer.edu.tw/
4192,statement of condition，statement of financial condition,財務狀況表,https://terms.naer.edu.tw/
4193,statement of cost and production,成本與產量表,https://terms.naer.edu.tw/
4194,statement of cost of production,生產成本表,https://terms.naer.edu.tw/
4195,statement of cost to manufacture and cost of goods sold,製造與銷貨成本表,https://terms.naer.edu.tw/
4196,statement of current position,流動地位表,https://terms.naer.edu.tw/
4197,statement of daily cash,現金日計表,https://terms.naer.edu.tw/
4198,statement of expenditures and encumbrance compared with appropriations,支出與保留數對核定經費比較表,https://terms.naer.edu.tw/
4199,statement of financial income and expenses,財務收益與費用表,https://terms.naer.edu.tw/
4200,statement of financial operations,財務情況表,https://terms.naer.edu.tw/
4201,statement of financial position，balance sheet,財務地位表，平衡表,https://terms.naer.edu.tw/
4202,statement of funds and its application，statement of application of funds,資金運用表,https://terms.naer.edu.tw/
4203,statement of loss and gain，statement of profit and loss,損益表,https://terms.naer.edu.tw/
4204,statement of operating expenses,營業費用表,https://terms.naer.edu.tw/
4205,statement of operating revenue,營業收入表，營業所入表,https://terms.naer.edu.tw/
4206,statement of realization and liquidation,變現清算表,https://terms.naer.edu.tw/
4207,statement of receipts and disbursements,現金收付表,https://terms.naer.edu.tw/
4208,statement of receipts and disbursements and cash balance,現金收付結存表,https://terms.naer.edu.tw/
4209,statement of resources and liabilities,資產負債表,https://terms.naer.edu.tw/
4210,statement of resources and obligations,資力負擔表,https://terms.naer.edu.tw/
4211,statement of resources and their application，statement of application of funds,資金來源運用表，資金運用表,https://terms.naer.edu.tw/
4212,statement of revenue estimated and actual,預計所入與實際所入比較表,https://terms.naer.edu.tw/
4213,statement of revenues and expenditures,收入與支出表，所入與支出表,https://terms.naer.edu.tw/
4214,statement of selling and administrative expenses,推銷與管理費用表,https://terms.naer.edu.tw/
4215,statement of sources and application of funds，statement of sources and disposition of funds,資金來源運用表,https://terms.naer.edu.tw/
4216,statement of stockholders' equity，statement of stockholders' investment，statement of stockholders' net worth,股東權益表,https://terms.naer.edu.tw/
4217,statement of surplus,盈餘表,https://terms.naer.edu.tw/
4218,statement of working capital,運用資本表，營運資金表,https://terms.naer.edu.tw/
4219,statement of working capital changes,運用資本變動表,https://terms.naer.edu.tw/
4220,statement to customers,購貨客戶結單,https://terms.naer.edu.tw/
4221,static analysis,靜態分析,https://terms.naer.edu.tw/
4222,static ratio,靜態比率,https://terms.naer.edu.tw/
4223,static statement,靜態報表,https://terms.naer.edu.tw/
4224,stationery and printing,文具印刷,https://terms.naer.edu.tw/
4225,statistical accounts,統計帳戶,https://terms.naer.edu.tw/
4226,statistical chart,統計圖表,https://terms.naer.edu.tw/
4227,statistical control,統計控制,https://terms.naer.edu.tw/
4228,statistical decision-making theory,統計決策論,https://terms.naer.edu.tw/
4229,statistical distribution,統計分配,https://terms.naer.edu.tw/
4230,statistical inference,統計推論,https://terms.naer.edu.tw/
4231,statistical quality control,統計品質控制,https://terms.naer.edu.tw/
4232,statistical series,統計數列,https://terms.naer.edu.tw/
4233,statistical tables,統計表,https://terms.naer.edu.tw/
4234,statistics law,統計法,https://terms.naer.edu.tw/
4235,statute of limitation,法令限制,https://terms.naer.edu.tw/
4236,steam cost,蒸汽成本,https://terms.naer.edu.tw/
4237,stevedorage & cargo charges,裝卸費,https://terms.naer.edu.tw/
4238,stock,股份，股票，存貨,https://terms.naer.edu.tw/
4239,stock bonus,股份紅利,https://terms.naer.edu.tw/
4240,stock book,存貨簿,https://terms.naer.edu.tw/
4241,stock card,存貨卡,https://terms.naer.edu.tw/
4242,stock certificate book,股票簿,https://terms.naer.edu.tw/
4243,stock certificate，certificate of stock,股票,https://terms.naer.edu.tw/
4244,stock company,股份公司,https://terms.naer.edu.tw/
4245,stock control card,存貨控制卡,https://terms.naer.edu.tw/
4246,stock debit note,貨品收入憑單,https://terms.naer.edu.tw/
4247,stock discount,股本折價,https://terms.naer.edu.tw/
4248,stock dividend,股票股利,https://terms.naer.edu.tw/
4249,stock in trade,商品,https://terms.naer.edu.tw/
4250,stock inventory,存貨,https://terms.naer.edu.tw/
4251,stock ledger,股東分戶帳，存貨分類帳,https://terms.naer.edu.tw/
4252,stock on hand，inventory,存貨,https://terms.naer.edu.tw/
4253,stock option,認股權,https://terms.naer.edu.tw/
4254,stock option plan,認股書,https://terms.naer.edu.tw/
4255,stock purchase plan,員工購股辦法,https://terms.naer.edu.tw/
4256,stock register,股票登記簿,https://terms.naer.edu.tw/
4257,stock requisition,領料單，領貨單,https://terms.naer.edu.tw/
4258,stock right,認股權,https://terms.naer.edu.tw/
4259,stock sheet,存貨表,https://terms.naer.edu.tw/
4260,stock split up,股份分割,https://terms.naer.edu.tw/
4261,stock subscriptions,認股,https://terms.naer.edu.tw/
4262,stock turnover,商品週轉率,https://terms.naer.edu.tw/
4263,stock warrant,認股證,https://terms.naer.edu.tw/
4264,stock-purchase warrant,購股權利證書,https://terms.naer.edu.tw/
4265,stock-transfer book,股份轉讓簿,https://terms.naer.edu.tw/
4266,stockholder,股東,https://terms.naer.edu.tw/
4267,stockholder of record,記名股東,https://terms.naer.edu.tw/
4268,stockholder-in-process,在程股東,https://terms.naer.edu.tw/
4269,stockholders' equity，net worth,股東權益，淨值,https://terms.naer.edu.tw/
4270,stockholders' ledger,股東分戶帳,https://terms.naer.edu.tw/
4271,stocks owned,持有股票,https://terms.naer.edu.tw/
4272,stocktaking,盤點存貨,https://terms.naer.edu.tw/
4273,stop order,證券停止交易通知單,https://terms.naer.edu.tw/
4274,stop payment,止付,https://terms.naer.edu.tw/
4275,storage,棧租,https://terms.naer.edu.tw/
4276,store adjustment,材料調整,https://terms.naer.edu.tw/
4277,store card,存料卡,https://terms.naer.edu.tw/
4278,store imprest account,備用材料帳,https://terms.naer.edu.tw/
4279,store ledger clerk,材料簿記員,https://terms.naer.edu.tw/
4280,storekeeper,材料管理員,https://terms.naer.edu.tw/
4281,storeroom,貨棧,https://terms.naer.edu.tw/
4282,storeroom expense,貨棧費用,https://terms.naer.edu.tw/
4283,stores,材料,https://terms.naer.edu.tw/
4284,stores fund,材料基金,https://terms.naer.edu.tw/
4285,stores inventory report,材料盤存報單,https://terms.naer.edu.tw/
4286,stores issued book,發料簿,https://terms.naer.edu.tw/
4287,stores ledger,材料分類帳,https://terms.naer.edu.tw/
4288,stores ordered ledger,定購材料分類帳,https://terms.naer.edu.tw/
4289,stores received and issued book,材料收發簿,https://terms.naer.edu.tw/
4290,stores received book,收料簿,https://terms.naer.edu.tw/
4291,stores rejected book,拒收材料簿,https://terms.naer.edu.tw/
4292,stores requisition,領料單,https://terms.naer.edu.tw/
4293,stores reserve,材料準備,https://terms.naer.edu.tw/
4294,stores returned,退料,https://terms.naer.edu.tw/
4295,straight bill of lading,不轉讓提單,https://terms.naer.edu.tw/
4296,straight serial bond,平均分期償付債券,https://terms.naer.edu.tw/
4297,straight-line depreciation,直線折舊法,https://terms.naer.edu.tw/
4298,straight-line method,直線法(指折舊或攤銷),https://terms.naer.edu.tw/
4299,stratified sampling,分層選樣法,https://terms.naer.edu.tw/
4300,structual ratios,財務結構比率,https://terms.naer.edu.tw/
4301,stub,存根，橫標目,https://terms.naer.edu.tw/
4302,stub-survivor curve,殘段生存曲線(統計),https://terms.naer.edu.tw/
4303,stumpage,林班立木，伐木開支，原材成本,https://terms.naer.edu.tw/
4304,subactivity,次級業務,https://terms.naer.edu.tw/
4305,subassembly,配件,https://terms.naer.edu.tw/
4306,subcompany，subsidiary company,附屬公司,https://terms.naer.edu.tw/
4307,subfunction,次級職能,https://terms.naer.edu.tw/
4308,subjective value,主觀價值,https://terms.naer.edu.tw/
4309,subnormal depreciation,低度折舊,https://terms.naer.edu.tw/
4310,subordinated debentures,次級公司債,https://terms.naer.edu.tw/
4311,subordinated debt,次要債務,https://terms.naer.edu.tw/
4312,subpartner,附股合夥人,https://terms.naer.edu.tw/
4313,subproduction order,局部生產通知單,https://terms.naer.edu.tw/
4314,subrogation,債權移轉,https://terms.naer.edu.tw/
4315,subscribed capital stock,已認股本,https://terms.naer.edu.tw/
4316,subscriber,認股人，認購債券人,https://terms.naer.edu.tw/
4317,subscription,認購證券單；認捐；訂閱單,https://terms.naer.edu.tw/
4318,subscription book,認股簿，認購債券簿,https://terms.naer.edu.tw/
4319,subscription installment book,分期認繳股款[債款]簿,https://terms.naer.edu.tw/
4320,subscription ledger,認股[認購債券]分戶帳,https://terms.naer.edu.tw/
4321,subscription register,認股[認購債券]登記簿,https://terms.naer.edu.tw/
4322,subscription right，subscription warrant,認股權證,https://terms.naer.edu.tw/
4323,subscription to capital stock,認繳股款,https://terms.naer.edu.tw/
4324,subsidiary,附屬事業,https://terms.naer.edu.tw/
4325,subsidiary accounts,隸屬帳目，明細帳戶,https://terms.naer.edu.tw/
4326,subsidiary appropriation ledger,經費明細分類帳,https://terms.naer.edu.tw/
4327,subsidiary book,明細帳簿，補助帳簿,https://terms.naer.edu.tw/
4328,subsidiary company,附屬公司,https://terms.naer.edu.tw/
4329,subsidiary company accounting,附屬公司會計,https://terms.naer.edu.tw/
4330,subsidiary corporation,附屬公司,https://terms.naer.edu.tw/
4331,subsidiary ledger,明細分類帳,https://terms.naer.edu.tw/
4332,subsidiary ledger accounts,明細分類帳目,https://terms.naer.edu.tw/
4333,subsidiary ledger for properties,財產明細分類帳,https://terms.naer.edu.tw/
4334,subsidiary record,明細記錄，補助記錄,https://terms.naer.edu.tw/
4335,subsidiary revenue ledger,收入明細分類帳，所入明細分類帳,https://terms.naer.edu.tw/
4336,subsidy,補貼,https://terms.naer.edu.tw/
4337,substantiate,確證,https://terms.naer.edu.tw/
4338,subvention,補助，補貼,https://terms.naer.edu.tw/
4339,sufficient condition,充分條件,https://terms.naer.edu.tw/
4340,sum-of-the-year digit method (of depreciation),年數加總折舊法,https://terms.naer.edu.tw/
4341,summary account,彙總帳戶,https://terms.naer.edu.tw/
4342,summary of applied selling and administrative expense,已分配推銷與管理費用彙總表,https://terms.naer.edu.tw/
4343,summary of balance sheet changes,平衡表變動彙總表,https://terms.naer.edu.tw/
4344,summary of cost of finished parts used,耗用零件成本彙總表,https://terms.naer.edu.tw/
4345,summary of cost of finished products,製成品成本彙總表,https://terms.naer.edu.tw/
4346,summary of cost of goods sold,銷貨成本彙總表,https://terms.naer.edu.tw/
4347,summary of cost of manufacturing expenses applied,已分配製造費用彙總表,https://terms.naer.edu.tw/
4348,summary of materials consumed,用料彙總表,https://terms.naer.edu.tw/
4349,summary of materials received,收料彙總表,https://terms.naer.edu.tw/
4350,summary of materials returned,退料彙總表,https://terms.naer.edu.tw/
4351,summary of scrap and spoiled materials,廢料壞料彙總表,https://terms.naer.edu.tw/
4352,summary of spoiled work,損壞工作彙總表,https://terms.naer.edu.tw/
4353,summary of standing order and applied manufacturing expense,實際與已分配製造費用彙總表,https://terms.naer.edu.tw/
4354,summary sheet,彙總單,https://terms.naer.edu.tw/
4355,summary statement,彙總表，總表,https://terms.naer.edu.tw/
4356,summary statement of cash receipts and disbursements,現金收付彙總表,https://terms.naer.edu.tw/
4357,summary statement of receipts and expenditures,收入與支出彙總表,https://terms.naer.edu.tw/
4358,summary statement of resources and obligations,資力負擔彙總表,https://terms.naer.edu.tw/
4359,sundry,雜項,https://terms.naer.edu.tw/
4360,sundry accounts,雜項帳戶,https://terms.naer.edu.tw/
4361,sundry asset,雜項資產,https://terms.naer.edu.tw/
4362,sundry creditor,雜項債權人,https://terms.naer.edu.tw/
4363,sundry customer，sundry debtor,雜項債務人,https://terms.naer.edu.tw/
4364,sunk cost,沈入成本,https://terms.naer.edu.tw/
4365,superannuation fund,養老基金,https://terms.naer.edu.tw/
4366,superintendents' office expense,臨工部費用,https://terms.naer.edu.tw/
4367,supplemental appropriation,追加經費,https://terms.naer.edu.tw/
4368,supplementary account,補助帳戶,https://terms.naer.edu.tw/
4369,supplementary budget,追加預算,https://terms.naer.edu.tw/
4370,supplementary cost,補充成本,https://terms.naer.edu.tw/
4371,supplementary rate,增補(分配)率,https://terms.naer.edu.tw/
4372,supplementary ratio,補充比率,https://terms.naer.edu.tw/
4373,supplies,用品,https://terms.naer.edu.tw/
4374,supplies inventory,用品盤存,https://terms.naer.edu.tw/
4375,supply price,供應價格,https://terms.naer.edu.tw/
4376,support price,保障價格,https://terms.naer.edu.tw/
4377,supporting document,證件,https://terms.naer.edu.tw/
4378,supporting record,附屬記錄,https://terms.naer.edu.tw/
4379,supporting schedules，supporting statements,附表,https://terms.naer.edu.tw/
4380,surety,擔保人,https://terms.naer.edu.tw/
4381,surety bond,擔保債券,https://terms.naer.edu.tw/
4382,surplus,盈餘，剩餘，公積,https://terms.naer.edu.tw/
4383,surplus adjustment account,盈餘調整帳,https://terms.naer.edu.tw/
4384,surplus analysis,盈餘分析表,https://terms.naer.edu.tw/
4385,surplus appropriation account,盈餘分配帳,https://terms.naer.edu.tw/
4386,surplus asset,剩餘資產,https://terms.naer.edu.tw/
4387,surplus at date of acquisition，acquired surplus,取得日公積，取得公積,https://terms.naer.edu.tw/
4388,surplus charge,沖轉公積,https://terms.naer.edu.tw/
4389,surplus charge property reappraisal,財產重估價盈餘,https://terms.naer.edu.tw/
4390,surplus for the year,本年盈餘,https://terms.naer.edu.tw/
4391,surplus from cancellation of stock,減股盈餘,https://terms.naer.edu.tw/
4392,surplus from consolidation,合併盈餘,https://terms.naer.edu.tw/
4393,surplus from donated land,贈地盈餘,https://terms.naer.edu.tw/
4394,surplus from donated stock,贈股盈餘,https://terms.naer.edu.tw/
4395,surplus from donation,捐贈盈餘,https://terms.naer.edu.tw/
4396,surplus from forfeited stock,沒收股本盈餘,https://terms.naer.edu.tw/
4397,surplus from profit，earned surplus,營業盈餘,https://terms.naer.edu.tw/
4398,surplus fund,盈餘資金,https://terms.naer.edu.tw/
4399,surplus not for dividend purpose,非派股利之盈餘,https://terms.naer.edu.tw/
4400,surplus on appreciation of capital assets,固定資產漲價盈餘,https://terms.naer.edu.tw/
4401,surplus or deficit of appropriation,經費餘絀,https://terms.naer.edu.tw/
4402,surplus or deficit of budget,歲計餘絀,https://terms.naer.edu.tw/
4403,surplus receipts,剩餘收入，額外收入,https://terms.naer.edu.tw/
4404,surplus reconciliation statement,盈餘調節表,https://terms.naer.edu.tw/
4405,surplus reserve,盈餘準備，剩餘準備,https://terms.naer.edu.tw/
4406,surplus statement,盈餘表,https://terms.naer.edu.tw/
4407,surplus-fund warrant,餘款停止支用通知,https://terms.naer.edu.tw/
4408,surrender value，cash surrender value,退保金，退保現值,https://terms.naer.edu.tw/
4409,surtax,附加稅,https://terms.naer.edu.tw/
4410,survey fee,公證費，檢驗費,https://terms.naer.edu.tw/
4411,surviving company,承替公司,https://terms.naer.edu.tw/
4412,survivor-life curve，mortality curve,壽年曲線,https://terms.naer.edu.tw/
4413,suspense account,暫記帳,https://terms.naer.edu.tw/
4414,suspense credits,暫記貸項，暫收款,https://terms.naer.edu.tw/
4415,suspense debits,暫記借項，暫付款,https://terms.naer.edu.tw/
4416,suspense fund,暫記基金,https://terms.naer.edu.tw/
4417,suspension (of the sale of securities),停止出售證券,https://terms.naer.edu.tw/
4418,sustain，incur,發生,https://terms.naer.edu.tw/
4419,symbolization,標號,https://terms.naer.edu.tw/
4420,symbolization of accounts,帳目標號,https://terms.naer.edu.tw/
4421,symbolizing system,標號制度,https://terms.naer.edu.tw/
4422,symbols,標記,https://terms.naer.edu.tw/
4423,syndicate,銀團,https://terms.naer.edu.tw/
4424,synoptic,日記分類帳,https://terms.naer.edu.tw/
4425,synthetic product,合成產品,https://terms.naer.edu.tw/
4426,system,制度，系統,https://terms.naer.edu.tw/
4427,system analysis,制度分析，系統分析,https://terms.naer.edu.tw/
4428,system building，system installation,制度設置,https://terms.naer.edu.tw/
4429,system designing，system planning,制度設計,https://terms.naer.edu.tw/
4430,system of accounts,會計制度,https://terms.naer.edu.tw/
4431,system of automatic internal audit,內部自動審核制度,https://terms.naer.edu.tw/
4432,system of cost accumulation,成本積聚制度,https://terms.naer.edu.tw/
4433,systematic sampling,系統選樣法,https://terms.naer.edu.tw/
4434,systematizor,制度設計人,https://terms.naer.edu.tw/
4435,T-account,丁字帳,https://terms.naer.edu.tw/
4436,tabular book,表式簿,https://terms.naer.edu.tw/
4437,tabular ledger，tabulated ledger，Boston ledger,表式分類帳，波士頓分類帳,https://terms.naer.edu.tw/
4438,tabulating machine,列表機,https://terms.naer.edu.tw/
4439,tag,標纖,https://terms.naer.edu.tw/
4440,taking inventory,盤存,https://terms.naer.edu.tw/
4441,tally card,材料計數卡（盤點存貨用）,https://terms.naer.edu.tw/
4442,tangible asset,有形資產,https://terms.naer.edu.tw/
4443,tangible personal property,動產,https://terms.naer.edu.tw/
4444,tangible value,有形資產價值,https://terms.naer.edu.tw/
4445,tare,皮重，包裝重量,https://terms.naer.edu.tw/
4446,target cost，standard cost,標準成本,https://terms.naer.edu.tw/
4447,target price,基本價格,https://terms.naer.edu.tw/
4448,tariff,稅則,https://terms.naer.edu.tw/
4449,tax,賦稅,https://terms.naer.edu.tw/
4450,tax accounting,稅務會計,https://terms.naer.edu.tw/
4451,tax agency fund,賦稅代理基金,https://terms.naer.edu.tw/
4452,tax allocation,所得稅期間歸屬,https://terms.naer.edu.tw/
4453,tax allocation within a period,所得稅當期歸屬,https://terms.naer.edu.tw/
4454,tax certificate,欠稅財產承受證,https://terms.naer.edu.tw/
4455,tax credit,抵減稅額,https://terms.naer.edu.tw/
4456,tax deed,欠稅財產契據交付證,https://terms.naer.edu.tw/
4457,tax lien certificate，tax certificate,賦稅留置權狀，欠稅財產承受證,https://terms.naer.edu.tw/
4458,tax liens,賦稅留置權,https://terms.naer.edu.tw/
4459,tax liens receivable,應收賦稅留置權,https://terms.naer.edu.tw/
4460,tax notes，tax anticipation notes,賦稅庫券，賦稅抵償庫券,https://terms.naer.edu.tw/
4461,tax on undistributed profit,未分配盈餘稅,https://terms.naer.edu.tw/
4462,tax rate,稅率,https://terms.naer.edu.tw/
4463,tax rate limit,稅率限度,https://terms.naer.edu.tw/
4464,tax roll,賦稅清冊,https://terms.naer.edu.tw/
4465,tax sale certificate，tax certificate,欠稅財產拍賣證，欠稅財產承受證,https://terms.naer.edu.tw/
4466,tax supplement,地方附加稅,https://terms.naer.edu.tw/
4467,tax-anticipation note，tax-anticipation warrant,賦稅抵償庫券,https://terms.naer.edu.tw/
4468,tax-free profit,免稅利益,https://terms.naer.edu.tw/
4469,taxable income,課稅所得,https://terms.naer.edu.tw/
4470,taxable profit,應稅利潤,https://terms.naer.edu.tw/
4471,taxable year,課稅年度,https://terms.naer.edu.tw/
4472,taxes accrued,應計稅捐,https://terms.naer.edu.tw/
4473,taxes collected in advance,預收賦稅,https://terms.naer.edu.tw/
4474,taxes levied for other governmental unit,代征他級政府賦稅,https://terms.naer.edu.tw/
4475,taxes paid in advance,預付賦稅,https://terms.naer.edu.tw/
4476,taxes receivable-current,應收當期賦稅,https://terms.naer.edu.tw/
4477,taxes receivable-delinquent,應收過期賦稅,https://terms.naer.edu.tw/
4478,technical allowance or assistance,技術援助,https://terms.naer.edu.tw/
4479,technical contract,技術合約,https://terms.naer.edu.tw/
4480,technical form of profit and loss statement,技術式損益表，帳戶式損益表,https://terms.naer.edu.tw/
4481,technological life,技術壽命,https://terms.naer.edu.tw/
4482,telegraphic transfer，TT,電匯,https://terms.naer.edu.tw/
4483,telephone and telegraph,電話電報,https://terms.naer.edu.tw/
4484,teller,出納,https://terms.naer.edu.tw/
4485,temporary advances,暫記預支,https://terms.naer.edu.tw/
4486,temporary budget,假預算,https://terms.naer.edu.tw/
4487,temporary credit,暫收款項,https://terms.naer.edu.tw/
4488,temporary debit,暫付款項,https://terms.naer.edu.tw/
4489,temporary fund,臨時基金,https://terms.naer.edu.tw/
4490,temporary investment,短期投資,https://terms.naer.edu.tw/
4491,temporary loans,暫時借款,https://terms.naer.edu.tw/
4492,temporary payments,暫付款,https://terms.naer.edu.tw/
4493,temporary proprietorship accounts,暫記業主權益帳戶,https://terms.naer.edu.tw/
4494,temporary receipts,暫收款,https://terms.naer.edu.tw/
4495,ten-day report,旬報,https://terms.naer.edu.tw/
4496,tenant in common,共同財產所有者,https://terms.naer.edu.tw/
4497,tenor,付款期限,https://terms.naer.edu.tw/
4498,tentative balance sheet,暫編平衡表,https://terms.naer.edu.tw/
4499,tentative budget,試編預算，概算,https://terms.naer.edu.tw/
4500,tenure of use,使用年限,https://terms.naer.edu.tw/
4501,term bonds,一次到期債券,https://terms.naer.edu.tw/
4502,term bonds payable,應付一次到期債券,https://terms.naer.edu.tw/
4503,term loan,定期放款,https://terms.naer.edu.tw/
4504,terms,條件,https://terms.naer.edu.tw/
4505,test,測驗，抽查,https://terms.naer.edu.tw/
4506,test check,抽查,https://terms.naer.edu.tw/
4507,testamentary trust,遺囑信託,https://terms.naer.edu.tw/
4508,testator,遺囑人,https://terms.naer.edu.tw/
4509,theoretical depreciation,理論折舊,https://terms.naer.edu.tw/
4510,three account system,三帳戶制(指在製品帳戶),https://terms.naer.edu.tw/
4511,three party draft,三名匯票,https://terms.naer.edu.tw/
4512,tickler,備忘記錄,https://terms.naer.edu.tw/
4513,tickler file method,按期排列法,https://terms.naer.edu.tw/
4514,time book,計時簿,https://terms.naer.edu.tw/
4515,time card,計時卡,https://terms.naer.edu.tw/
4516,time charter,論時租賃,https://terms.naer.edu.tw/
4517,time checker,核時員,https://terms.naer.edu.tw/
4518,time cost，period cost,時間成本，期間成本,https://terms.naer.edu.tw/
4519,time deposit,定期存款,https://terms.naer.edu.tw/
4520,time draft,定期匯票,https://terms.naer.edu.tw/
4521,time pattern of cash flows,現金流程時間模型,https://terms.naer.edu.tw/
4522,time report,時間報告單,https://terms.naer.edu.tw/
4523,time series,時間數列,https://terms.naer.edu.tw/
4524,time series analysis,時間數列分析,https://terms.naer.edu.tw/
4525,time study,工作時間研究,https://terms.naer.edu.tw/
4526,time warrant,定期庫券,https://terms.naer.edu.tw/
4527,time warrant payable,應付定期庫券,https://terms.naer.edu.tw/
4528,timekeeper,計時員,https://terms.naer.edu.tw/
4529,times-interest earned,盈利含固定利息的倍數,https://terms.naer.edu.tw/
4530,times-interest ratio,淨利對利息之倍數,https://terms.naer.edu.tw/
4531,timing,時期歸屬,https://terms.naer.edu.tw/
4532,title,產權，契據，標題,https://terms.naer.edu.tw/
4533,title insurance,產權保證,https://terms.naer.edu.tw/
4534,title of account,帳戶名稱，會計科目,https://terms.naer.edu.tw/
4535,title to property,財產所有權,https://terms.naer.edu.tw/
4536,tolerance,允差；容許度（統計品質控制）,https://terms.naer.edu.tw/
4537,toll,通行費，通過稅,https://terms.naer.edu.tw/
4538,tool,工具,https://terms.naer.edu.tw/
4539,total,合計,https://terms.naer.edu.tw/
4540,total cost,總成本,https://terms.naer.edu.tw/
4541,total depreciation,折舊總額,https://terms.naer.edu.tw/
4542,total equity,主權總額，產權所有權(英),https://terms.naer.edu.tw/
4543,total tolerance,允差總額；總容許度（統計品質控制）,https://terms.naer.edu.tw/
4544,trace,溯查,https://terms.naer.edu.tw/
4545,traceable cost，direct cost,可追溯成本，直接成本,https://terms.naer.edu.tw/
4546,trade acceptance,商業承兌票據,https://terms.naer.edu.tw/
4547,trade acceptance receivable,應收商業承兌票據,https://terms.naer.edu.tw/
4548,trade accounts payable,應付客帳,https://terms.naer.edu.tw/
4549,trade accounts receivable,應收客帳,https://terms.naer.edu.tw/
4550,trade asset，trading asset，inventory,營業資產，存貨,https://terms.naer.edu.tw/
4551,trade association trading association,同業公會,https://terms.naer.edu.tw/
4552,trade cost system,同業成本制度,https://terms.naer.edu.tw/
4553,trade creditor,購貨客戶,https://terms.naer.edu.tw/
4554,trade debtor,銷貨客戶,https://terms.naer.edu.tw/
4555,trade discount,商業折扣,https://terms.naer.edu.tw/
4556,trade liability,購貨負債,https://terms.naer.edu.tw/
4557,trade mark,商標,https://terms.naer.edu.tw/
4558,trade name,商號,https://terms.naer.edu.tw/
4559,trade note receivable,應收商業票據,https://terms.naer.edu.tw/
4560,trade price,批發價格,https://terms.naer.edu.tw/
4561,trade-in value,易新價值(以舊易新),https://terms.naer.edu.tw/
4562,trading account,購銷表,https://terms.naer.edu.tw/
4563,trading and profit and loss statement，profit and loss statement,損益表,https://terms.naer.edu.tw/
4564,trading cycle,營業迴圈,https://terms.naer.edu.tw/
4565,trading on equity,舉債營業，主權股運用,https://terms.naer.edu.tw/
4566,trading profit,營業利益，毛利,https://terms.naer.edu.tw/
4567,trading statement,購銷表，銷售表,https://terms.naer.edu.tw/
4568,traditional budget,傳統預算，支出用途別預算,https://terms.naer.edu.tw/
4569,transaction,事項，交易,https://terms.naer.edu.tw/
4570,transfer,轉帳，移轉，轉讓,https://terms.naer.edu.tw/
4571,transfer agent,轉讓登記代理人,https://terms.naer.edu.tw/
4572,transfer charge,轉讓手續費,https://terms.naer.edu.tw/
4573,transfer cost,轉移成本,https://terms.naer.edu.tw/
4574,transfer tax (on stock),證券交易稅,https://terms.naer.edu.tw/
4575,transfer voucher,轉帳恁單，轉帳傳票,https://terms.naer.edu.tw/
4576,translate,外幣折算,https://terms.naer.edu.tw/
4577,transplacement,位數移調,https://terms.naer.edu.tw/
4578,transportation,運輸，運輸費,https://terms.naer.edu.tw/
4579,transportation charge,運輸費用,https://terms.naer.edu.tw/
4580,transportation cost,運輸成本,https://terms.naer.edu.tw/
4581,transposition,數字倒置,https://terms.naer.edu.tw/
4582,traveling auditor,巡迴審核員,https://terms.naer.edu.tw/
4583,traveling expense,旅費,https://terms.naer.edu.tw/
4584,treasurer,財務主任，出納員,https://terms.naer.edu.tw/
4585,treasury bonds,庫存債券,https://terms.naer.edu.tw/
4586,treasury check,公庫支票,https://terms.naer.edu.tw/
4587,treasury stock,庫藏股份,https://terms.naer.edu.tw/
4588,treasury stock surplus,庫藏股份盈餘,https://terms.naer.edu.tw/
4589,trend analysis,趨勢分析,https://terms.naer.edu.tw/
4590,trial balance,試算表,https://terms.naer.edu.tw/
4591,trial balance of balances,餘額試算表,https://terms.naer.edu.tw/
4592,trial balance of totals,總額試算表,https://terms.naer.edu.tw/
4593,trucking expense,車運費,https://terms.naer.edu.tw/
4594,true discount,實在貼現,https://terms.naer.edu.tw/
4595,true rate of interest，effective rate of interest,實際利率,https://terms.naer.edu.tw/
4596,true reserve,實在準備,https://terms.naer.edu.tw/
4597,trust,信託,https://terms.naer.edu.tw/
4598,trust and agency fund,信託與代理基金,https://terms.naer.edu.tw/
4599,trust certificate,信託證書,https://terms.naer.edu.tw/
4600,trust deed,信託契據,https://terms.naer.edu.tw/
4601,trust fund,信託基金,https://terms.naer.edu.tw/
4602,trust indenture,償債信託契約,https://terms.naer.edu.tw/
4603,trust receipts,信託收據,https://terms.naer.edu.tw/
4604,trustee,受託人,https://terms.naer.edu.tw/
4605,trustee in bankruptcy,破產管理人,https://terms.naer.edu.tw/
4606,trustee's cash account,管理人現金帳,https://terms.naer.edu.tw/
4607,turnover,週轉，週轉數[率]，銷貨,https://terms.naer.edu.tw/
4608,turnover of accounts receivable,應收帳款週轉數[率],https://terms.naer.edu.tw/
4609,turnover of fixed assets,固定資產週轉數[率],https://terms.naer.edu.tw/
4610,turnover of inventories，turnover of stock,存貨週轉數[率],https://terms.naer.edu.tw/
4611,turnover of receivable,應收款項週轉數[率],https://terms.naer.edu.tw/
4612,turnover of working capital,運用資本週轉數[率],https://terms.naer.edu.tw/
4613,turnover rate,週轉率,https://terms.naer.edu.tw/
4614,two party draft,雙名匯票,https://terms.naer.edu.tw/
4615,two-bin system,分倉存量法,https://terms.naer.edu.tw/
4616,two-section income statement,兩部式損益表,https://terms.naer.edu.tw/
4617,two-to-one ratio,二對一比率(指流動比率),https://terms.naer.edu.tw/
4618,Ultra vires,越權,https://terms.naer.edu.tw/
4619,unabsorbed burden,未吸收間接費，未分配間接費,https://terms.naer.edu.tw/
4620,unabsorbed cost,未吸收成本，本分配成本,https://terms.naer.edu.tw/
4621,unabsorbed expense,未吸收費用，未分配費用,https://terms.naer.edu.tw/
4622,unadjusted credits,未調整貸項,https://terms.naer.edu.tw/
4623,unadjusted debits,未調整借項,https://terms.naer.edu.tw/
4624,unadmitted asset，inadmitted asset,免計資產(保險業),https://terms.naer.edu.tw/
4625,unallotted appropriation,未分配經費,https://terms.naer.edu.tw/
4626,unallotted balance of appropriation,未分配經費餘額,https://terms.naer.edu.tw/
4627,unamortized bond discount,未攤銷債券折價,https://terms.naer.edu.tw/
4628,unamortized debt discount,未攤銷債務折價,https://terms.naer.edu.tw/
4629,unamortized discount on bonds sold,未攤銷出售債券折價,https://terms.naer.edu.tw/
4630,unamortized discounts on investment,未攤銷投資折價,https://terms.naer.edu.tw/
4631,unamortized expense,未攤銷費用,https://terms.naer.edu.tw/
4632,unamortized premiums on bonds sold,未攤銷出售債券溢價,https://terms.naer.edu.tw/
4633,unamortized premiums on investments,未攤銷投資溢價,https://terms.naer.edu.tw/
4634,unaplied [manufacturing] expense,未分配[製造]費用,https://terms.naer.edu.tw/
4635,unapplied cash,未支配現金,https://terms.naer.edu.tw/
4636,unapplied surplus,未定用途盈餘，未定用途盈餘,https://terms.naer.edu.tw/
4637,unappropriated balance,未支配餘額,https://terms.naer.edu.tw/
4638,unappropriated budget surplus,未支配預算剩餘，歲計剩餘,https://terms.naer.edu.tw/
4639,unappropriated earned surplus，retained income,未支配營業盈餘，保留盈餘,https://terms.naer.edu.tw/
4640,unappropriated surplus,未支配剩餘,https://terms.naer.edu.tw/
4641,unaudited voucher,未核定憑單,https://terms.naer.edu.tw/
4642,unavoidable cost,不可免成本,https://terms.naer.edu.tw/
4643,unbalanced addition,不均衡增加(國民所得會計),https://terms.naer.edu.tw/
4644,unbilled accounts receivable,未發單應收帳款,https://terms.naer.edu.tw/
4645,uncalled capital,未催繳股本,https://terms.naer.edu.tw/
4646,uncalled subscriptions,未催繳股款,https://terms.naer.edu.tw/
4647,uncertainty,不定性,https://terms.naer.edu.tw/
4648,uncertified balance sheet,未證明平衡表,https://terms.naer.edu.tw/
4649,unclaimed dividend,未領股利,https://terms.naer.edu.tw/
4650,unclaimed wages,未領工資,https://terms.naer.edu.tw/
4651,uncollectible account，bed debts,壞帳,https://terms.naer.edu.tw/
4652,uncollectible notes,壞票,https://terms.naer.edu.tw/
4653,uncollectible taxes,壞稅,https://terms.naer.edu.tw/
4654,uncommitted surplus,未支配盈餘,https://terms.naer.edu.tw/
4655,uncompleted construction,未完成建築,https://terms.naer.edu.tw/
4656,uncompleted contract,未完成契約,https://terms.naer.edu.tw/
4657,uncompleted transaction,未完成事項,https://terms.naer.edu.tw/
4658,uncontrollable cost,不可控成本,https://terms.naer.edu.tw/
4659,uncontrollable expense,不可控費用,https://terms.naer.edu.tw/
4660,uncontrollable value,未折舊價值,https://terms.naer.edu.tw/
4661,under-absorbed burden,少吸收間接費，少分配間接費,https://terms.naer.edu.tw/
4662,under-applied [manufacturing] expense,少分配[製造]費用,https://terms.naer.edu.tw/
4663,under-capitalization,資本過少,https://terms.naer.edu.tw/
4664,underfoot,少計總額,https://terms.naer.edu.tw/
4665,underlying company，subsidiary company,附屬公司,https://terms.naer.edu.tw/
4666,underlying security,附屬公司證券,https://terms.naer.edu.tw/
4667,understatement,虛抑,https://terms.naer.edu.tw/
4668,understock,存貨過少,https://terms.naer.edu.tw/
4669,undervaluation,計價過低,https://terms.naer.edu.tw/
4670,underwrite,包銷證券，承攬保險,https://terms.naer.edu.tw/
4671,underwriter,證券包銷人，保障商，保證人,https://terms.naer.edu.tw/
4672,underwriting contract,證券包銷契約,https://terms.naer.edu.tw/
4673,underwriting syndicate,證券包銷銀團,https://terms.naer.edu.tw/
4674,undeveloped property,未開發財產,https://terms.naer.edu.tw/
4675,undistributed profit，undivided profit,未分派利益,https://terms.naer.edu.tw/
4676,undrawn profit,未提取利益,https://terms.naer.edu.tw/
4677,unearned income，deferred credits,未獲收益，遞延貸項,https://terms.naer.edu.tw/
4678,unearned increment,非經營增值,https://terms.naer.edu.tw/
4679,unearned profit,未獲利益,https://terms.naer.edu.tw/
4680,unearned revenue,未獲收入,https://terms.naer.edu.tw/
4681,unearned surplus,非營業盈餘,https://terms.naer.edu.tw/
4682,unencumbered allotment,未保留分配經費,https://terms.naer.edu.tw/
4683,unencumbered appropriation,未保留經費,https://terms.naer.edu.tw/
4684,unencumbered balance,未保留餘額,https://terms.naer.edu.tw/
4685,unexpended allotment,未支用分配經費,https://terms.naer.edu.tw/
4686,unexpended appropriation,未支用經費,https://terms.naer.edu.tw/
4687,unexpended balance,未支用餘額,https://terms.naer.edu.tw/
4688,unexpired cost,未耗成本,https://terms.naer.edu.tw/
4689,unexpired expense,未耗費用,https://terms.naer.edu.tw/
4690,unexpired insurance,未耗保險費,https://terms.naer.edu.tw/
4691,unextinguished discount on funded debt,未消減債款折扣,https://terms.naer.edu.tw/
4692,unfair competition,不正當競爭,https://terms.naer.edu.tw/
4693,unfavorable variance,不利差異,https://terms.naer.edu.tw/
4694,unfilled order,未發貨定單,https://terms.naer.edu.tw/
4695,unfinished work,未完工作,https://terms.naer.edu.tw/
4696,unfunded debts,非長期債務,https://terms.naer.edu.tw/
4697,unfunded pension plan,不提基金之退休辦法,https://terms.naer.edu.tw/
4698,unified system,單一制(指財務與預算帳目合一帳類),https://terms.naer.edu.tw/
4699,uniform accounting system,統一會計制度,https://terms.naer.edu.tw/
4700,uniform cost system,統一成本制度,https://terms.naer.edu.tw/
4701,uniform price method,統一價格法(指領料計價),https://terms.naer.edu.tw/
4702,unimproved real estate,未改良不動產,https://terms.naer.edu.tw/
4703,unissued bonds,未發債券,https://terms.naer.edu.tw/
4704,unissued capital stock,未發股本,https://terms.naer.edu.tw/
4705,unissued mortgage bonds,未發抵押債券,https://terms.naer.edu.tw/
4706,unissued stock，unissued capital stock,未發股本,https://terms.naer.edu.tw/
4707,unit cost,單位成本,https://terms.naer.edu.tw/
4708,unit of fixed assets，fixed-asset unit,固定資產單位,https://terms.naer.edu.tw/
4709,unit of sampling,選樣單位,https://terms.naer.edu.tw/
4710,unit procedure,單位法(折舊),https://terms.naer.edu.tw/
4711,unit profit,單位利益,https://terms.naer.edu.tw/
4712,unit tax ledger,可稅財產分類帳,https://terms.naer.edu.tw/
4713,unit-livestock-price method,牲畜計價法,https://terms.naer.edu.tw/
4714,unitary budget，single budget,單一預算,https://terms.naer.edu.tw/
4715,universe,全域,https://terms.naer.edu.tw/
4716,unlimited company,無限公司,https://terms.naer.edu.tw/
4717,unlimited liability,無限責任,https://terms.naer.edu.tw/
4718,unliquidated claims,未償債權,https://terms.naer.edu.tw/
4719,unliquidated encumbrance,未清結保留數,https://terms.naer.edu.tw/
4720,unmatured debts,未到期債務,https://terms.naer.edu.tw/
4721,unmortgaged assets,未抵押資產,https://terms.naer.edu.tw/
4722,unpaid dividend,未付股利,https://terms.naer.edu.tw/
4723,unpaid expense,未付費用,https://terms.naer.edu.tw/
4724,unpaid up capital,未繳股本,https://terms.naer.edu.tw/
4725,unpledged assets,未質押資產,https://terms.naer.edu.tw/
4726,unproductive capital,不生產資本,https://terms.naer.edu.tw/
4727,unproductive labor,不生產人工,https://terms.naer.edu.tw/
4728,unproductive wages,不生產工資,https://terms.naer.edu.tw/
4729,unqualified certificate,無條件證明書,https://terms.naer.edu.tw/
4730,unrealized appreciation,未實現增值,https://terms.naer.edu.tw/
4731,unrealized profit,未實現利益,https://terms.naer.edu.tw/
4732,unrealized revenue，accrued revenue,未實現收入，應計所入,https://terms.naer.edu.tw/
4733,unrecovered cost,未收回成本,https://terms.naer.edu.tw/
4734,unreserved surplus,未保留盈餘,https://terms.naer.edu.tw/
4735,unrestricted random sampling,未限定隨機選樣法,https://terms.naer.edu.tw/
4736,unsecured account,無擔保帳項,https://terms.naer.edu.tw/
4737,unsecured creditor,無擔保債權人,https://terms.naer.edu.tw/
4738,unsecured liability,無擔保負債,https://terms.naer.edu.tw/
4739,unsubscribed capital stock,未認股本,https://terms.naer.edu.tw/
4740,upkeep，maintenance,維持,https://terms.naer.edu.tw/
4741,upset price,拍賣底價,https://terms.naer.edu.tw/
4742,use-and-occupancy insurance，business-interruption insurance,使用與佔有保險，營業停頓保險,https://terms.naer.edu.tw/
4743,useful life,可用年限,https://terms.naer.edu.tw/
4744,user cost,使用者成本,https://terms.naer.edu.tw/
4745,utility,效用，公用事業,https://terms.naer.edu.tw/
4746,utility fund,公用事業基金,https://terms.naer.edu.tw/
4747,utility or other enterprise fund,公用事業或其他企業基金,https://terms.naer.edu.tw/
4748,utility sinking fund,公用事業償債基金,https://terms.naer.edu.tw/
4749,validation,效驗,https://terms.naer.edu.tw/
4750,validity,有效,https://terms.naer.edu.tw/
4751,valorize,限價,https://terms.naer.edu.tw/
4752,valuation,評價，計價,https://terms.naer.edu.tw/
4753,valuation account,評價帳戶，計價帳戶,https://terms.naer.edu.tw/
4754,valuation reserve,評價準備,https://terms.naer.edu.tw/
4755,value,價值,https://terms.naer.edu.tw/
4756,value added,價值增加,https://terms.naer.edu.tw/
4757,value judgement,價值判斷,https://terms.naer.edu.tw/
4758,value variance，price variance,價值差異，價格差異,https://terms.naer.edu.tw/
4759,valued policy,定值保險單,https://terms.naer.edu.tw/
4760,variable,變數,https://terms.naer.edu.tw/
4761,variable annuity,變動年金,https://terms.naer.edu.tw/
4762,variable budget，flexible budget,變動預算，彈性預算,https://terms.naer.edu.tw/
4763,variable cost,變動成本,https://terms.naer.edu.tw/
4764,variable costing，direct costing,變動成本法，直接成本法,https://terms.naer.edu.tw/
4765,variable expense,變動費用,https://terms.naer.edu.tw/
4766,variable gage；go-and-not-go gage,容許度檢驗器（統計品質控制）,https://terms.naer.edu.tw/
4767,variable overhead rate,變動間接費率,https://terms.naer.edu.tw/
4768,variable overhead variance,變動間接費差異,https://terms.naer.edu.tw/
4769,variable standard,可變動標準,https://terms.naer.edu.tw/
4770,variable-cost ratio,變動成本比率,https://terms.naer.edu.tw/
4771,variance,差異,https://terms.naer.edu.tw/
4772,variate,變數,https://terms.naer.edu.tw/
4773,variation,差異，離勢(統計),https://terms.naer.edu.tw/
4774,variation from standard cost,標準成本差異,https://terms.naer.edu.tw/
4775,velocity test,速率測驗,https://terms.naer.edu.tw/
4776,vendee,買主,https://terms.naer.edu.tw/
4777,vendor,賣主,https://terms.naer.edu.tw/
4778,vendors' account,賣主帳,https://terms.naer.edu.tw/
4779,venture account，adventure account,投機買賣帳,https://terms.naer.edu.tw/
4780,verification by tests and scrutiny,抽查驗證,https://terms.naer.edu.tw/
4781,verification of footings and postings,結總與過帳驗證,https://terms.naer.edu.tw/
4782,verification of outstanding by correspondence,欠款通函詢證,https://terms.naer.edu.tw/
4783,verification，verify,驗證,https://terms.naer.edu.tw/
4784,vertical analysis,縱的分析,https://terms.naer.edu.tw/
4785,vertical combination,縱式聯合,https://terms.naer.edu.tw/
4786,vested proprietorship，vested capital,投入資本,https://terms.naer.edu.tw/
4787,viability,生存力,https://terms.naer.edu.tw/
4788,virement system，transfer system,經費流用,https://terms.naer.edu.tw/
4789,vis-a-vis,相對，面對面,https://terms.naer.edu.tw/
4790,volume discount,總額折扣,https://terms.naer.edu.tw/
4791,volume of production,生產量,https://terms.naer.edu.tw/
4792,volume-profit analysis,利量分析,https://terms.naer.edu.tw/
4793,voluntary reserve,任意準備,https://terms.naer.edu.tw/
4794,vostro account，loro account,來帳(國際匯兌),https://terms.naer.edu.tw/
4795,voting trust,股權信託,https://terms.naer.edu.tw/
4796,voting trust certificate,股權委託書,https://terms.naer.edu.tw/
4797,vouch,審核，查定,https://terms.naer.edu.tw/
4798,voucher,憑單，傳票,https://terms.naer.edu.tw/
4799,voucher audit,憑單審核,https://terms.naer.edu.tw/
4800,voucher check,憑單支票,https://terms.naer.edu.tw/
4801,voucher index,憑單索引,https://terms.naer.edu.tw/
4802,voucher jacket,憑單封套,https://terms.naer.edu.tw/
4803,voucher register,憑單登記簿,https://terms.naer.edu.tw/
4804,voucher system,憑單制度,https://terms.naer.edu.tw/
4805,vouchers payable,應付憑單,https://terms.naer.edu.tw/
4806,vouchers payable register,應付憑單登記簿,https://terms.naer.edu.tw/
4807,vouching,制單，復核,https://terms.naer.edu.tw/
4808,voyage charter,輪次租賃,https://terms.naer.edu.tw/
4809,wage rate,工資率,https://terms.naer.edu.tw/
4810,wage rate variance,工資率差異,https://terms.naer.edu.tw/
4811,wages,工資,https://terms.naer.edu.tw/
4812,wages allocation sheet,工資分配表,https://terms.naer.edu.tw/
4813,wages book,工資簿,https://terms.naer.edu.tw/
4814,wages sheet,工資表,https://terms.naer.edu.tw/
4815,wages summary,工資匯總表,https://terms.naer.edu.tw/
4816,waiting period,等待期間,https://terms.naer.edu.tw/
4817,want slip,缺貨單,https://terms.naer.edu.tw/
4818,warehouse receipt,棧單,https://terms.naer.edu.tw/
4819,warrant,支付書，繳款書，認股權證，庫券,https://terms.naer.edu.tw/
4820,warrant payable,應付支付書,https://terms.naer.edu.tw/
4821,warranty,保證,https://terms.naer.edu.tw/
4822,wash transaction,沖銷事項，偽造,https://terms.naer.edu.tw/
4823,waste,耗費，廢料,https://terms.naer.edu.tw/
4824,waste book,草簿,https://terms.naer.edu.tw/
4825,waste material,廢料,https://terms.naer.edu.tw/
4826,wasting asset,遞耗資產,https://terms.naer.edu.tw/
4827,watered capital,摻水股本，虛股,https://terms.naer.edu.tw/
4828,watered stock,摻水股份，虛股,https://terms.naer.edu.tw/
4829,wear and tear,耗損,https://terms.naer.edu.tw/
4830,weekly report,週報,https://terms.naer.edu.tw/
4831,weighted average,加權平均數,https://terms.naer.edu.tw/
4832,weighted average method,加權平均法(指存貨計價),https://terms.naer.edu.tw/
4833,where-got where-gone statement，statement of source and application of funds,資金來源運用表,https://terms.naer.edu.tw/
4834,whole dollar accounting,整元會計,https://terms.naer.edu.tw/
4835,whole sale cost,躉售成本,https://terms.naer.edu.tw/
4836,wholesale price index,躉售物價指數,https://terms.naer.edu.tw/
4837,will,遺囑,https://terms.naer.edu.tw/
4838,windfall profit,意外利益,https://terms.naer.edu.tw/
4839,winding-up,清理,https://terms.naer.edu.tw/
4840,window dressing,虛飾,https://terms.naer.edu.tw/
4841,withdrawal,提款，退股,https://terms.naer.edu.tw/
4842,withholding,扣繳,https://terms.naer.edu.tw/
4843,work center,工作中心,https://terms.naer.edu.tw/
4844,work in process,在製品，在產品,https://terms.naer.edu.tw/
4845,work in process inventory,在制[產]品盤存,https://terms.naer.edu.tw/
4846,work in progress，construction work in progress,未完工程，未完建築工程,https://terms.naer.edu.tw/
4847,work order,工作通知單,https://terms.naer.edu.tw/
4848,work order ledger,工作通知單分類帳,https://terms.naer.edu.tw/
4849,work program,工作計畫,https://terms.naer.edu.tw/
4850,work sheet of distribution,分配計算表,https://terms.naer.edu.tw/
4851,work ticket,工作單,https://terms.naer.edu.tw/
4852,work unit,工作單位,https://terms.naer.edu.tw/
4853,working asset,營運資產,https://terms.naer.edu.tw/
4854,working capital,營運資金，運用資本,https://terms.naer.edu.tw/
4855,working capital deficit,營運資金虧絀,https://terms.naer.edu.tw/
4856,working capital fund，intragovernment service fund,運用資本基金，政府內部服務基金,https://terms.naer.edu.tw/
4857,working capital ratio,運用資本比率,https://terms.naer.edu.tw/
4858,working capital reserve,運用資本準備,https://terms.naer.edu.tw/
4859,working expense,營業費用,https://terms.naer.edu.tw/
4860,working fund,週轉金,https://terms.naer.edu.tw/
4861,working interest,開採利益(石油業),https://terms.naer.edu.tw/
4862,working liability,營運負債,https://terms.naer.edu.tw/
4863,working paper,工作底稿,https://terms.naer.edu.tw/
4864,working sheet，work sheet,計算表,https://terms.naer.edu.tw/
4865,working-hour method (of depreciation),工作時間折舊法,https://terms.naer.edu.tw/
4866,workmen's compensation,工人卹養金,https://terms.naer.edu.tw/
4867,write down,劃減，降值,https://terms.naer.edu.tw/
4868,write off,劃銷,https://terms.naer.edu.tw/
4869,write up,升值,https://terms.naer.edu.tw/
4870,writing-off process,銷除法,https://terms.naer.edu.tw/
4871,year-end adjustment,年終調整,https://terms.naer.edu.tw/
4872,year-end balance sheet,年終平衡表,https://terms.naer.edu.tw/
4873,year-end bonus,年終資金,https://terms.naer.edu.tw/
4874,year-end dividend,年終股利,https://terms.naer.edu.tw/
4875,yield,實際獲益，投資報酬，收益,https://terms.naer.edu.tw/
4876,yield rate,實際獲益率,https://terms.naer.edu.tw/
4877,yield variance,生產差異,https://terms.naer.edu.tw/
4878,zone system (of pricing),分區定價制度,https://terms.naer.edu.tw/
