序號,英文名稱,中文名稱,來源網站
1,a fortiori analysis,權衡分析,https://terms.naer.edu.tw/
2,a piece rate system,論件計酬制,https://terms.naer.edu.tw/
3,Aberbach， Joel D.,亞伯赫,https://terms.naer.edu.tw/
4,absence without permission,擅離職守,https://terms.naer.edu.tw/
5,absence without Reasons,曠職,https://terms.naer.edu.tw/
6,absentee voting,不在席投票,https://terms.naer.edu.tw/
7,absolute advantage,絕對優勢,https://terms.naer.edu.tw/
8,absolutism,絕對主義,https://terms.naer.edu.tw/
9,abuse of authority,濫權,https://terms.naer.edu.tw/
10,accelerated depreciation,加速折舊,https://terms.naer.edu.tw/
11,acceptance theory of authority,權威接受論,https://terms.naer.edu.tw/
12,accidental sampling,偶遇抽樣法,https://terms.naer.edu.tw/
13,accountability,課責,https://terms.naer.edu.tw/
14,accountable management,課責管理,https://terms.naer.edu.tw/
15,accreditation,認證,https://terms.naer.edu.tw/
16,acculturation learning,濡化學習,https://terms.naer.edu.tw/
17,achievement-oriented behavior,成就導向行為,https://terms.naer.edu.tw/
18,acquired need theory,習得需求理論,https://terms.naer.edu.tw/
19,acquired skill,習得技能,https://terms.naer.edu.tw/
20,across boundary governance,跨域治理,https://terms.naer.edu.tw/
21,act-deontology theory,行動義務論,https://terms.naer.edu.tw/
22,act-utilitarianism theory,行動功利主義論,https://terms.naer.edu.tw/
23,action learning,行動學習,https://terms.naer.edu.tw/
24,action plan,行動計畫,https://terms.naer.edu.tw/
25,action research,行動研究,https://terms.naer.edu.tw/
26,action science,行動科學,https://terms.naer.edu.tw/
27,action theory,行動理論,https://terms.naer.edu.tw/
28,action theory approach,行動理論途徑,https://terms.naer.edu.tw/
29,ad hoc group,臨時編組,https://terms.naer.edu.tw/
30,ad hoc organization,臨時組織,https://terms.naer.edu.tw/
31,Adams， J. Stacy,亞當斯,https://terms.naer.edu.tw/
32,adaptive and maintenance mechanism,適應與維持機制,https://terms.naer.edu.tw/
33,adaptive learning,適應學習,https://terms.naer.edu.tw/
34,additional budget,追加預算,https://terms.naer.edu.tw/
35,additional pay,加給,https://terms.naer.edu.tw/
36,additive social welfare function,加總性社會福利函數,https://terms.naer.edu.tw/
37,adequacy,充分性,https://terms.naer.edu.tw/
38,adequacy criterion,充分性標準,https://terms.naer.edu.tw/
39,adequacy criterion,充分性標準,https://terms.naer.edu.tw/
40,adhocracy,臨時任務編組,https://terms.naer.edu.tw/
41,administocracy,行政官僚制；行政統治,https://terms.naer.edu.tw/
42,administration state,行政國,https://terms.naer.edu.tw/
43,administrative adjudication,行政裁定,https://terms.naer.edu.tw/
44,administrative agency,行政機關(官署),https://terms.naer.edu.tw/
45,administrative arrogance,行政傲慢,https://terms.naer.edu.tw/
46,administrative behavior,行政行為,https://terms.naer.edu.tw/
47,administrative class,行政級(英國),https://terms.naer.edu.tw/
48,administrative culture,行政文化,https://terms.naer.edu.tw/
49,administrative decision-making theory,行政決策理論,https://terms.naer.edu.tw/
50,administrative development,行政發展,https://terms.naer.edu.tw/
51,administrative discretion,行政裁量,https://terms.naer.edu.tw/
52,administrative distance,行政距離,https://terms.naer.edu.tw/
53,administrative effectiveness,行政效能,https://terms.naer.edu.tw/
54,administrative efficiency,行政效率,https://terms.naer.edu.tw/
55,administrative ethics,行政倫理,https://terms.naer.edu.tw/
56,administrative failure,行政失靈,https://terms.naer.edu.tw/
57,administrative feasibility,行政可行性,https://terms.naer.edu.tw/
58,administrative idealist,行政理想論者,https://terms.naer.edu.tw/
59,administrative imperialism,行政王國主義,https://terms.naer.edu.tw/
60,administrative inertia,行政惰性,https://terms.naer.edu.tw/
61,administrative innovation,行政創新,https://terms.naer.edu.tw/
62,administrative journal,行政日誌,https://terms.naer.edu.tw/
63,administrative justice,行政正義,https://terms.naer.edu.tw/
64,administrative law,行政法,https://terms.naer.edu.tw/
65,administrative law judge,行政法官,https://terms.naer.edu.tw/
66,administrative logic,行政邏輯,https://terms.naer.edu.tw/
67,administrative machine,行政機器,https://terms.naer.edu.tw/
68,administrative man,行政人,https://terms.naer.edu.tw/
69,administrative management school,行政管理學派,https://terms.naer.edu.tw/
70,administrative mechanism,行政機制,https://terms.naer.edu.tw/
71,administrative myth,行政迷思；行政神話,https://terms.naer.edu.tw/
72,administrative neutrality,行政中立,https://terms.naer.edu.tw/
73,administrative operability,行政運作力,https://terms.naer.edu.tw/
74,administrative performance,行政績效,https://terms.naer.edu.tw/
75,administrative power,行政權力,https://terms.naer.edu.tw/
76,administrative principle,行政原則,https://terms.naer.edu.tw/
77,Administrative Procedure Act of 1946,美國1946年行政程序法,https://terms.naer.edu.tw/
78,administrative productivity,行政生產力,https://terms.naer.edu.tw/
79,administrative rationalist,行政理性論者,https://terms.naer.edu.tw/
80,administrative realist,行政實務論者,https://terms.naer.edu.tw/
81,administrative reform,行政改革,https://terms.naer.edu.tw/
82,administrative remedy,行政救濟,https://terms.naer.edu.tw/
83,administrative renovation,行政革新,https://terms.naer.edu.tw/
84,administrative reorganization,行政重組,https://terms.naer.edu.tw/
85,administrative reporting relationship,行政陳報關係,https://terms.naer.edu.tw/
86,administrative responsibility,行政責任,https://terms.naer.edu.tw/
87,administrative rulemarking,行政法規制訂,https://terms.naer.edu.tw/
88,administrative rules,行政規章,https://terms.naer.edu.tw/
89,administrative science,行政科學,https://terms.naer.edu.tw/
90,Administrative Science Quarterly (ASQ),行政科學季刊,https://terms.naer.edu.tw/
91,administrative self-regulation,行政自我管制,https://terms.naer.edu.tw/
92,administrative state,行政國,https://terms.naer.edu.tw/
93,administrative support,行政支援,https://terms.naer.edu.tw/
94,administrative tribunal,行政法庭,https://terms.naer.edu.tw/
95,administrator impact assessment,高階官員影響評估,https://terms.naer.edu.tw/
96,advalorem duty,從價稅,https://terms.naer.edu.tw/
97,advanced liberalism,進階的自由主義,https://terms.naer.edu.tw/
98,adversarial model,對立模式,https://terms.naer.edu.tw/
99,adversary politics,敵對政治,https://terms.naer.edu.tw/
100,adversary procedure,對立操作程序,https://terms.naer.edu.tw/
101,adverse selection,逆選擇,https://terms.naer.edu.tw/
102,advertised staffing,廣告求才,https://terms.naer.edu.tw/
103,Advisory Commission on Intergovernmental Relation (ACIR),府際關係顧問委員會,https://terms.naer.edu.tw/
104,advisory council,顧問會議,https://terms.naer.edu.tw/
105,advocacy administration,倡導型行政,https://terms.naer.edu.tw/
106,advocacy coalition,倡導聯盟；倡議聯盟,https://terms.naer.edu.tw/
107,advocacy policy,倡導型政策；倡議型政策,https://terms.naer.edu.tw/
108,advocative claim,倡導式主張,https://terms.naer.edu.tw/
109,affiliated unit of budget,附屬單位預算,https://terms.naer.edu.tw/
110,affirmative action policy,弱勢族群優惠政策,https://terms.naer.edu.tw/
111,after service,售後服務,https://terms.naer.edu.tw/
112,age discrimination,年齡歧視,https://terms.naer.edu.tw/
113,Age Discrimination in Employment Act (ADEA),美國就業年齡歧視法,https://terms.naer.edu.tw/
114,Ageda 21,21世紀議程,https://terms.naer.edu.tw/
115,agency,機關；政署；署,https://terms.naer.edu.tw/
116,agency funds,機構基金,https://terms.naer.edu.tw/
117,agenda manipulation,議程操縱,https://terms.naer.edu.tw/
118,agenda setting,議程設定,https://terms.naer.edu.tw/
119,aggregation of interests,利益匯聚,https://terms.naer.edu.tw/
120,aggressive enforcement,強制執行,https://terms.naer.edu.tw/
121,aging society,老人社會；高齡化社會,https://terms.naer.edu.tw/
122,Aid to Families With Dependent Children (AFDC),對單親家庭補助,https://terms.naer.edu.tw/
123,Alderfer， Clayton P.,阿特福,https://terms.naer.edu.tw/
124,alienation,疏離,https://terms.naer.edu.tw/
125,alliance,同盟；聯盟,https://terms.naer.edu.tw/
126,Allison， Graham T.， 1940~,艾里森,https://terms.naer.edu.tw/
127,allocation of duties,職責配置,https://terms.naer.edu.tw/
128,allocative action,分配性行動,https://terms.naer.edu.tw/
129,allocative efficiency,配置效率,https://terms.naer.edu.tw/
130,Almond， Gabriel A.， 1911~2002,阿蒙,https://terms.naer.edu.tw/
131,alternate position,候補職位,https://terms.naer.edu.tw/
132,alternate work location,替代工作地點,https://terms.naer.edu.tw/
133,alternate work schedule,替代工作時程,https://terms.naer.edu.tw/
134,alternative dispute resolution (ADR),替選性爭議解決方法,https://terms.naer.edu.tw/
135,alternative service delivery,備選服務輸送,https://terms.naer.edu.tw/
136,alternative strategy,備選策略,https://terms.naer.edu.tw/
137,alternatives,替選方案,https://terms.naer.edu.tw/
138,altruism,利他主義,https://terms.naer.edu.tw/
139,amateur generalist,業餘通才,https://terms.naer.edu.tw/
140,ambiguity of boundary,界限模糊,https://terms.naer.edu.tw/
141,American Enterprise Institute (AEI),美國企業研究所,https://terms.naer.edu.tw/
142,American Federation of Government Employees (AFGE),美國政府公務員聯盟,https://terms.naer.edu.tw/
143,American Management Association (AMA),美國管理學會,https://terms.naer.edu.tw/
144,American Society for Public Administration (ASPA),美國公共行政學會,https://terms.naer.edu.tw/
145,Americans with Disabilities Act (ADA),美國身心障礙法,https://terms.naer.edu.tw/
146,analogous formulation,類比規劃,https://terms.naer.edu.tw/
147,analycentric argument,以分析為中心的論證,https://terms.naer.edu.tw/
148,analycentric perspective,以分析為中心的觀點,https://terms.naer.edu.tw/
149,analytic approach,分析途徑,https://terms.naer.edu.tw/
150,Analytical Hierarchy Process (AHP),分析層級程序法,https://terms.naer.edu.tw/
151,anarchism,無政府主義,https://terms.naer.edu.tw/
152,Anderson， James E.,安德森,https://terms.naer.edu.tw/
153,annual leave,年休,https://terms.naer.edu.tw/
154,annuity,年金,https://terms.naer.edu.tw/
155,anomie,失序,https://terms.naer.edu.tw/
156,anti-bureaucratic attitude,反官僚態度,https://terms.naer.edu.tw/
157,anti-foundationalism,反基本教義論,https://terms.naer.edu.tw/
158,anti-governmentalism,反政府主義,https://terms.naer.edu.tw/
159,anti-intellectualism,反智主義,https://terms.naer.edu.tw/
160,anticipatory government,前瞻型政府,https://terms.naer.edu.tw/
161,anticipatory staffing,前瞻性用人,https://terms.naer.edu.tw/
162,antiparty parties,反政黨情緒的政黨,https://terms.naer.edu.tw/
163,antitrust policy,反拖拉斯政策；反獨占政策,https://terms.naer.edu.tw/
164,Appleby， Paul H.， 1891~1963,艾波比,https://terms.naer.edu.tw/
165,apportionment,選區劃分,https://terms.naer.edu.tw/
166,appraisal,評鑑,https://terms.naer.edu.tw/
167,apprenticeship training,學徒制訓練,https://terms.naer.edu.tw/
168,approach-approach conflict,雙趨衝突,https://terms.naer.edu.tw/
169,approach-avoidance conflict,趨避衝突,https://terms.naer.edu.tw/
170,appropriateness criterion,適當性標準,https://terms.naer.edu.tw/
171,appropriation,歲出,https://terms.naer.edu.tw/
172,approximation,概算,https://terms.naer.edu.tw/
173,arbitration,仲裁,https://terms.naer.edu.tw/
174,arbitration,仲裁,https://terms.naer.edu.tw/
175,archives management,檔案管理,https://terms.naer.edu.tw/
176,area study,區域研究,https://terms.naer.edu.tw/
177,Arendt， Hannah， 1906~1975,漢娜．鄂蘭,https://terms.naer.edu.tw/
178,argumentation from analogy,類比性論證,https://terms.naer.edu.tw/
179,argumentation mapping,論證圖像,https://terms.naer.edu.tw/
180,Argyris， Chris， 1923~,阿吉瑞斯,https://terms.naer.edu.tw/
181,Aristotle,亞里斯多德,https://terms.naer.edu.tw/
182,Arrow paradox,亞羅困境,https://terms.naer.edu.tw/
183,Arrow， Kenneth J.， 1921~,亞羅,https://terms.naer.edu.tw/
184,Arrow's general possibility theorem,亞羅的一般可能定理,https://terms.naer.edu.tw/
185,Arrow's impossibility axiom,亞羅不可能定理,https://terms.naer.edu.tw/
186,artificial intelligence (AI),人工智慧,https://terms.naer.edu.tw/
187,Asia-Pacific Economic Cooperation (APEC ),亞太經濟合作會議,https://terms.naer.edu.tw/
188,assessed value,估定價值,https://terms.naer.edu.tw/
189,assessment center method,評鑑中心法,https://terms.naer.edu.tw/
190,asset risk classification,資產風險分類,https://terms.naer.edu.tw/
191,assignment of responsibility,責任指派,https://terms.naer.edu.tw/
192,associated population,關聯性人口,https://terms.naer.edu.tw/
193,association,社團,https://terms.naer.edu.tw/
194,Association for Policy Analysis and Management,政策分析暨管理學會,https://terms.naer.edu.tw/
195,Association of Southeast Asian Nations (ASEAN ),東南亞國協,https://terms.naer.edu.tw/
196,assumption,假定,https://terms.naer.edu.tw/
197,assumption alanalysis,假定分析法,https://terms.naer.edu.tw/
198,asymmetric information,資訊不對稱,https://terms.naer.edu.tw/
199,at-risk pay,危險津貼,https://terms.naer.edu.tw/
200,attentive public,注意的大眾,https://terms.naer.edu.tw/
201,attrition,人力耗損；裁員；遇缺不補,https://terms.naer.edu.tw/
202,auctioned monopoly,獨占權拍賣,https://terms.naer.edu.tw/
203,audit system,審計制度,https://terms.naer.edu.tw/
204,auditing,審計,https://terms.naer.edu.tw/
205,auditor,審計官,https://terms.naer.edu.tw/
206,auditor general,審計長,https://terms.naer.edu.tw/
207,authoritarian personality,威權性格,https://terms.naer.edu.tw/
208,authoritarianism,威權主義,https://terms.naer.edu.tw/
209,authoritative argument,權威式論證,https://terms.naer.edu.tw/
210,authority,權威；權威當局,https://terms.naer.edu.tw/
211,authority fragmentation,權責分散化,https://terms.naer.edu.tw/
212,authority of confidence,信任的權威,https://terms.naer.edu.tw/
213,authority of identification,認同的權威,https://terms.naer.edu.tw/
214,authority of legitimacy,正當性的權威,https://terms.naer.edu.tw/
215,authority of sanction,制裁的權威,https://terms.naer.edu.tw/
216,authorization,核准,https://terms.naer.edu.tw/
217,automatic retirement,自動退休,https://terms.naer.edu.tw/
218,autonomy,自主性,https://terms.naer.edu.tw/
219,autopoesis,自我創生,https://terms.naer.edu.tw/
220,availability variables,可得的變項,https://terms.naer.edu.tw/
221,average tax rate,平均稅率,https://terms.naer.edu.tw/
222,avoidance-avoidance conflict,雙避衝突,https://terms.naer.edu.tw/
223,back office,後台,https://terms.naer.edu.tw/
224,backdoor Financing,後門財務支援,https://terms.naer.edu.tw/
225,background investigation,身家調查,https://terms.naer.edu.tw/
226,backward mapping,由後推進的策略,https://terms.naer.edu.tw/
227,balance of power,權力平衡,https://terms.naer.edu.tw/
228,balance sheet,損益平衡表,https://terms.naer.edu.tw/
229,balanced budget amendment,平衡預算修正案(美國）,https://terms.naer.edu.tw/
230,Balanced Budget and Emergency Deficit Control Act,美國平衡預算與緊急赤字控制法,https://terms.naer.edu.tw/
231,balanced score card (BSC),平衡計分卡,https://terms.naer.edu.tw/
232,band-wagon effect,贊助效果,https://terms.naer.edu.tw/
233,banishing bureaucracy,斥責官僚,https://terms.naer.edu.tw/
234,bankruptcy of bureaucracy,官僚體系破產,https://terms.naer.edu.tw/
235,bar charts,條型圖,https://terms.naer.edu.tw/
236,bargaining theory,議價理論,https://terms.naer.edu.tw/
237,Barnard， Chester I.， 1886~1961,巴納德,https://terms.naer.edu.tw/
238,base pay,基本薪,https://terms.naer.edu.tw/
239,Basis for Computing Retirement Payment,退休金基數,https://terms.naer.edu.tw/
240,Bass， Bernard M.， 1925~,貝斯,https://terms.naer.edu.tw/
241,Baumol， William J.， 1922~,包默,https://terms.naer.edu.tw/
242,Baumol's disease,包默病症,https://terms.naer.edu.tw/
243,before service,售前服務,https://terms.naer.edu.tw/
244,before-and-after design,前測後測設計,https://terms.naer.edu.tw/
245,behavioral approach,行為途徑,https://terms.naer.edu.tw/
246,behavioral intention,行為意圖,https://terms.naer.edu.tw/
247,behavioral method,行為研究法,https://terms.naer.edu.tw/
248,behavioral school,行為學派,https://terms.naer.edu.tw/
249,behavioral science,行為科學,https://terms.naer.edu.tw/
250,behavioral study approach,行為研究途徑,https://terms.naer.edu.tw/
251,behavioral-institutional juxtaposition,行為-制度並行,https://terms.naer.edu.tw/
252,behavioralism,行為主義,https://terms.naer.edu.tw/
253,behaviorally anchored rating scales (BARS),行為定錨評等量表法,https://terms.naer.edu.tw/
254,behaviorally observation scale (BOS),行為觀察量表法,https://terms.naer.edu.tw/
255,belief system,信念系統,https://terms.naer.edu.tw/
256,belongingness; sense of belonging,歸屬感,https://terms.naer.edu.tw/
257,benchmark position,標竿職位,https://terms.naer.edu.tw/
258,benchmarking,標竿學習,https://terms.naer.edu.tw/
259,benchmarking management,標竿管理,https://terms.naer.edu.tw/
260,bend over here it comes again (BOHICA),不稀罕效應,https://terms.naer.edu.tw/
261,benefit incidence,受益負擔,https://terms.naer.edu.tw/
262,benefit principle of taxation,稅收的利益原則,https://terms.naer.edu.tw/
263,benefit-cost ratio,益本比,https://terms.naer.edu.tw/
264,benevolent autocracy,仁慈的專制,https://terms.naer.edu.tw/
265,Bennis， Warren G.， 1925~,邊尼斯,https://terms.naer.edu.tw/
266,"Bentham, Jeremy, 1748-1832",邊沁,https://terms.naer.edu.tw/
267,bequest effect,遺產效果,https://terms.naer.edu.tw/
268,besonderes Gewaltverhältnis,特別權力關係,https://terms.naer.edu.tw/
269,best practices,最佳實務,https://terms.naer.edu.tw/
270,best value,最佳價值,https://terms.naer.edu.tw/
271,better beginnings project,較佳開始專案,https://terms.naer.edu.tw/
272,beyond self-interest,超越自利,https://terms.naer.edu.tw/
273,beyond syndication,超越派閥黨團,https://terms.naer.edu.tw/
274,biasing,成見,https://terms.naer.edu.tw/
275,bicameralism,兩院制,https://terms.naer.edu.tw/
276,big government,大政府,https://terms.naer.edu.tw/
277,big government,大政府,https://terms.naer.edu.tw/
278,bill,法案,https://terms.naer.edu.tw/
279,binary logic,二元邏輯,https://terms.naer.edu.tw/
280,biometric identity,生物身分,https://terms.naer.edu.tw/
281,biometric passport,生物護照,https://terms.naer.edu.tw/
282,biometric security,生物安全性,https://terms.naer.edu.tw/
283,bioterrorism,生化恐怖主義,https://terms.naer.edu.tw/
284,black box,黑箱,https://terms.naer.edu.tw/
285,black box technique,黑箱技術,https://terms.naer.edu.tw/
286,black list,黑名單,https://terms.naer.edu.tw/
287,Blacksburg Manifesto,黑堡宣言,https://terms.naer.edu.tw/
288,Blacksburg perspective,黑堡觀點,https://terms.naer.edu.tw/
289,Blake， Robert R.， 1918~2004,布雷克,https://terms.naer.edu.tw/
290,blame shifting,卸責,https://terms.naer.edu.tw/
291,Blanchard， Kenneth H.,布蘭查,https://terms.naer.edu.tw/
292,blindness error,盲點錯誤,https://terms.naer.edu.tw/
293,block grants,綜合補助款,https://terms.naer.edu.tw/
294,blue-collar worker,藍領工人,https://terms.naer.edu.tw/
295,body language,肢體語言,https://terms.naer.edu.tw/
296,bonus,獎金；紅利,https://terms.naer.edu.tw/
297,borrowing power,借貸權；借款能力,https://terms.naer.edu.tw/
298,boss-centered leadership,以上司為中心的領導,https://terms.naer.edu.tw/
299,bossism,山頭主義,https://terms.naer.edu.tw/
300,bottom-up model,由下而上模式,https://terms.naer.edu.tw/
301,boundary,界限,https://terms.naer.edu.tw/
302,boundary analysis,界限分析,https://terms.naer.edu.tw/
303,boundary-spanning management,跨界管理；跨域管理,https://terms.naer.edu.tw/
304,boundaryless organization,無疆界組織,https://terms.naer.edu.tw/
305,bounded rationality,有限理性,https://terms.naer.edu.tw/
306,bourgeois ideology,資產階級意識型態,https://terms.naer.edu.tw/
307,Bozeman， Barry,薄子曼,https://terms.naer.edu.tw/
308,brainstorming,腦力激盪法,https://terms.naer.edu.tw/
309,break-even point,損益平衡點,https://terms.naer.edu.tw/
310,Bribe Payer Index(BPI),行賄指數,https://terms.naer.edu.tw/
311,BRIC (Brazil， Russia， India， China),金磚四國,https://terms.naer.edu.tw/
312,broad banding,薪資寬帶；寬俸,https://terms.naer.edu.tw/
313,broken window doctrine,破窗理論,https://terms.naer.edu.tw/
314,Brookings Institute,布魯金斯研究所,https://terms.naer.edu.tw/
315,Brownlow Commission,布朗婁委員會,https://terms.naer.edu.tw/
316,Brownlow Committee,布朗婁委員會(美國),https://terms.naer.edu.tw/
317,Buchanan， James M.， 1919~,布坎南,https://terms.naer.edu.tw/
318,budget approval,預算核准,https://terms.naer.edu.tw/
319,budget baseline,預算底線,https://terms.naer.edu.tw/
320,budget constraint,預算限制,https://terms.naer.edu.tw/
321,budget cycle,預算週期,https://terms.naer.edu.tw/
322,budget deferral,預算滯延,https://terms.naer.edu.tw/
323,Budget Enforcement Act,美國預算強制法,https://terms.naer.edu.tw/
324,budget implementation,預算執行,https://terms.naer.edu.tw/
325,budget maximizing,預算極大化,https://terms.naer.edu.tw/
326,budget preparation,預算籌編,https://terms.naer.edu.tw/
327,budget reform,預算改革,https://terms.naer.edu.tw/
328,budgetary policy,預算政策,https://terms.naer.edu.tw/
329,build-operate-transfer (BOT),興建-營運-移轉,https://terms.naer.edu.tw/
330,build-own-operate (BOO),興建-擁有-營運,https://terms.naer.edu.tw/
331,build-transfer-operate (BTO),興建-移轉-營運,https://terms.naer.edu.tw/
332,bulk budgeting,寬額預算,https://terms.naer.edu.tw/
333,bureau budget,機關預算,https://terms.naer.edu.tw/
334,Bureau of Labor Statistics,美國勞動統計局,https://terms.naer.edu.tw/
335,Bureau of Personnel Administration,人事行政局,https://terms.naer.edu.tw/
336,bureau-shaping,機關型塑,https://terms.naer.edu.tw/
337,bureaucracy,官僚體系；科層制,https://terms.naer.edu.tw/
338,bureaucratic culture,官僚文化,https://terms.naer.edu.tw/
339,bureaucratic entrepreneur,官僚企業家,https://terms.naer.edu.tw/
340,bureaucratic failure,官僚失靈,https://terms.naer.edu.tw/
341,bureaucratic imperialism,官僚帝國主義,https://terms.naer.edu.tw/
342,bureaucratic incapacity,官僚無能,https://terms.naer.edu.tw/
343,bureaucratic inertia,官僚慣性,https://terms.naer.edu.tw/
344,bureaucratic model,官僚模式,https://terms.naer.edu.tw/
345,bureaucratic organization,官僚式組織；科層式組織,https://terms.naer.edu.tw/
346,bureaucratic politician,官僚政客,https://terms.naer.edu.tw/
347,bureaucratic politics,官僚政治,https://terms.naer.edu.tw/
348,bureaucratic process model,官僚過程模式,https://terms.naer.edu.tw/
349,bureaucratic sabotage,官僚破壞；官僚怠工,https://terms.naer.edu.tw/
350,bureaucratic structure,官僚結構,https://terms.naer.edu.tw/
351,bureaucratic value,官僚價值,https://terms.naer.edu.tw/
352,bureaucratization,官僚化,https://terms.naer.edu.tw/
353,bureaupathology,官僚病理學,https://terms.naer.edu.tw/
354,Burns， Tom， 1913~2001,柏恩斯,https://terms.naer.edu.tw/
355,Bush， George W.， 1946~,布希,https://terms.naer.edu.tw/
356,business administration,企業管理,https://terms.naer.edu.tw/
357,business partner,企業夥伴,https://terms.naer.edu.tw/
358,Business Process Reengineering(BPR),企業過程再造,https://terms.naer.edu.tw/
359,business to business (B2B),企業對企業,https://terms.naer.edu.tw/
360,business to customer (B2C),企業對顧客,https://terms.naer.edu.tw/
361,butterfly effect,蝴蝶效應,https://terms.naer.edu.tw/
362,buttom-up policy implementation,由下而上的政策執行,https://terms.naer.edu.tw/
363,buyer-driven e-marketplace,買方主導的電子市集,https://terms.naer.edu.tw/
364,bypass strategy,繞道策略,https://terms.naer.edu.tw/
365,cabinet,內閣,https://terms.naer.edu.tw/
366,cafeteria benefit plan,福利自選計畫,https://terms.naer.edu.tw/
367,Caiden， Gerald E.,凱登,https://terms.naer.edu.tw/
368,calculated risk,可計算性風險,https://terms.naer.edu.tw/
369,calculative federalism,精算式聯邦主義,https://terms.naer.edu.tw/
370,call center,客服中心,https://terms.naer.edu.tw/
371,campus recruitment,校園甄補,https://terms.naer.edu.tw/
372,candidate pool,候選人才庫,https://terms.naer.edu.tw/
373,capability analysis,能力分析,https://terms.naer.edu.tw/
374,capital budgeting,資本門預算編製,https://terms.naer.edu.tw/
375,capital expenditure & current expenditure,資本門支出與經常門支出,https://terms.naer.edu.tw/
376,capital gains,資本利得,https://terms.naer.edu.tw/
377,capital gains tax,資本利得稅,https://terms.naer.edu.tw/
378,capital intensive,資本密集,https://terms.naer.edu.tw/
379,capital intensive,資本密集,https://terms.naer.edu.tw/
380,capital loss,資本損失,https://terms.naer.edu.tw/
381,capital management,資本管理,https://terms.naer.edu.tw/
382,capital market,資本市場,https://terms.naer.edu.tw/
383,capital revenues & current revenues,資本門收入與經常門收入,https://terms.naer.edu.tw/
384,capitalist market system,資本主義市場制度,https://terms.naer.edu.tw/
385,capitation fee,按人頭計算費用,https://terms.naer.edu.tw/
386,captive agency,被擄獲的機關,https://terms.naer.edu.tw/
387,capture theory,擄獲理論,https://terms.naer.edu.tw/
388,career anchor,生涯定向,https://terms.naer.edu.tw/
389,career aspiration,生涯期望,https://terms.naer.edu.tw/
390,career civil servant,永業文官,https://terms.naer.edu.tw/
391,career civil service,永業文官制,https://terms.naer.edu.tw/
392,career development theory,生涯發展理論,https://terms.naer.edu.tw/
393,career management,生涯管理,https://terms.naer.edu.tw/
394,career mobility,生涯流動,https://terms.naer.edu.tw/
395,career plateau,生涯高原期,https://terms.naer.edu.tw/
396,career value,生涯價值,https://terms.naer.edu.tw/
397,careerism,永業主義,https://terms.naer.edu.tw/
398,Carnegie Foundation,卡內基基金會,https://terms.naer.edu.tw/
399,Carnegie-descision making model,卡內基決策模式,https://terms.naer.edu.tw/
400,cartel,卡特爾,https://terms.naer.edu.tw/
401,Carter， Jimmy E.， 1924~,卡特,https://terms.naer.edu.tw/
402,case study,個案研究法,https://terms.naer.edu.tw/
403,case survey method,個案調查法,https://terms.naer.edu.tw/
404,cash flow,現金流量,https://terms.naer.edu.tw/
405,cash flow tax,現金週轉稅,https://terms.naer.edu.tw/
406,cash gratuity,現金報酬,https://terms.naer.edu.tw/
407,caste system,世襲階級制,https://terms.naer.edu.tw/
408,casual employment,臨時雇用,https://terms.naer.edu.tw/
409,catalytic leadership,觸媒式領導,https://terms.naer.edu.tw/
410,catastrophe methodology,巨變方法論,https://terms.naer.edu.tw/
411,catch-22 situation,雙環困境,https://terms.naer.edu.tw/
412,categorical forecasting,分類預測法,https://terms.naer.edu.tw/
413,categorical grants,類別補助款,https://terms.naer.edu.tw/
414,categorical labels,類別標籤,https://terms.naer.edu.tw/
415,causal map,因果圖,https://terms.naer.edu.tw/
416,causal modeling,因果關係模式法,https://terms.naer.edu.tw/
417,causality,因果律,https://terms.naer.edu.tw/
418,censorship,新聞審查制,https://terms.naer.edu.tw/
419,centerless society,無中心社會,https://terms.naer.edu.tw/
420,central purchasing,集中採購,https://terms.naer.edu.tw/
421,central tendency,趨中傾向,https://terms.naer.edu.tw/
422,centralism,集權主義,https://terms.naer.edu.tw/
423,centralization,集權,https://terms.naer.edu.tw/
424,centralized recruitment,集中甄補,https://terms.naer.edu.tw/
425,centralized selection,集中遴選,https://terms.naer.edu.tw/
426,Centre for Policy Research Studies (CPRS，UK),政策研究中心,https://terms.naer.edu.tw/
427,centrelink,聯合服務網絡,https://terms.naer.edu.tw/
428,certifaction,認證,https://terms.naer.edu.tw/
429,chain of command,指揮鏈,https://terms.naer.edu.tw/
430,change agent,變革推動者,https://terms.naer.edu.tw/
431,change management,變革管理,https://terms.naer.edu.tw/
432,channel planning management,通路規劃管理,https://terms.naer.edu.tw/
433,chaos theory,渾沌理論,https://terms.naer.edu.tw/
434,charisma,領袖魅力；個人魅力,https://terms.naer.edu.tw/
435,charismatic authority,魅力型權威,https://terms.naer.edu.tw/
436,charismatic domination,魅力型主導,https://terms.naer.edu.tw/
437,charismatic leadership,魅力型領導,https://terms.naer.edu.tw/
438,charitable sector,慈善部門,https://terms.naer.edu.tw/
439,check and balance,制衡,https://terms.naer.edu.tw/
440,check list,核對清單,https://terms.naer.edu.tw/
441,checklist appraisal,檢核表評鑑,https://terms.naer.edu.tw/
442,Chi-square test,卡方驗定,https://terms.naer.edu.tw/
443,chief administrative officer (CAO),行政長,https://terms.naer.edu.tw/
444,chief executive officer (CEO),執行長,https://terms.naer.edu.tw/
445,chief information officer (CIO),資訊長,https://terms.naer.edu.tw/
446,chief knowledge officer (CKO),知識長,https://terms.naer.edu.tw/
447,Chief Relationship Officer（CRO）,關係長,https://terms.naer.edu.tw/
448,China Lake Demonstration Project,中國湖示範專案,https://terms.naer.edu.tw/
449,Chirac， Jacques， 1932~,席哈克,https://terms.naer.edu.tw/
450,Citizen Advisory Committee,公民顧問委員會,https://terms.naer.edu.tw/
451,citizen conscience; citizenry,公民意識,https://terms.naer.edu.tw/
452,citizen governance,公民治理,https://terms.naer.edu.tw/
453,citizen jury,公民陪審團,https://terms.naer.edu.tw/
454,citizen participation,公民參與,https://terms.naer.edu.tw/
455,citizen trust,公民信任,https://terms.naer.edu.tw/
456,citizen-focused approach,公民為主的途徑,https://terms.naer.edu.tw/
457,citizen's board,公民委員會,https://terms.naer.edu.tw/
458,Citizen's Charter,公民憲章,https://terms.naer.edu.tw/
459,citizenship,公民資格；公民意識,https://terms.naer.edu.tw/
460,city manager,市經理,https://terms.naer.edu.tw/
461,civic culture,公民文化,https://terms.naer.edu.tw/
462,civic engagement,公民投入,https://terms.naer.edu.tw/
463,civic liberty,公民自由,https://terms.naer.edu.tw/
464,civic responsibility,公民責任,https://terms.naer.edu.tw/
465,Civicl Service Reform Act (CSRA),美國文官改革法,https://terms.naer.edu.tw/
466,civil disobedience,公民不服從,https://terms.naer.edu.tw/
467,Civil Rights Act,美國民權法,https://terms.naer.edu.tw/
468,civil rights movement,民權運動,https://terms.naer.edu.tw/
469,civil servant,文官；公務員,https://terms.naer.edu.tw/
470,Civil Servant Association Act,公務人員協會法,https://terms.naer.edu.tw/
471,Civil Servant Leave Regulations,公務人員請假規則,https://terms.naer.edu.tw/
472,Civil Servant Responsibility Entrustment Act,公務人員交代條例,https://terms.naer.edu.tw/
473,Civil Servant Work Act,公務員服務法,https://terms.naer.edu.tw/
474,civil service,文官制,https://terms.naer.edu.tw/
475,Civil Service Act,文官法,https://terms.naer.edu.tw/
476,Civil Service Commission,文官委員會,https://terms.naer.edu.tw/
477,Civil Service Discipline Act,公務員懲戒法,https://terms.naer.edu.tw/
478,Civil Service Employment Act,公務人員任用法,https://terms.naer.edu.tw/
479,Civil Service Performance Rating Act,公務人員考績法,https://terms.naer.edu.tw/
480,Civil Service Promotion Act,公務人員陞遷法,https://terms.naer.edu.tw/
481,Civil Service Protection and Training Commission,公務人員保障暨培訓委員會,https://terms.naer.edu.tw/
482,civil service system,文官制度,https://terms.naer.edu.tw/
483,civil society,公民社會,https://terms.naer.edu.tw/
484,Civil war,內戰,https://terms.naer.edu.tw/
485,clan culture,派閥文化,https://terms.naer.edu.tw/
486,class,階級；職級,https://terms.naer.edu.tw/
487,class consciousness,階級意識,https://terms.naer.edu.tw/
488,class dealignment,階級解體,https://terms.naer.edu.tw/
489,class struggle,階級鬥爭,https://terms.naer.edu.tw/
490,classical decision-making model,古典決策模式,https://terms.naer.edu.tw/
491,classical time-series analysis,古典時間數列分析法,https://terms.naer.edu.tw/
492,Classification Act,職位分類法,https://terms.naer.edu.tw/
493,classificational analysis,類別分析法,https://terms.naer.edu.tw/
494,classificational argument,類別式論證,https://terms.naer.edu.tw/
495,clerical class,書記級(英國),https://terms.naer.edu.tw/
496,client relations,客戶關係,https://terms.naer.edu.tw/
497,client-centered bureaucracy,客戶中心官僚體,https://terms.naer.edu.tw/
498,clientele,服務對象；顧客,https://terms.naer.edu.tw/
499,clientele effect,顧客效果,https://terms.naer.edu.tw/
500,clientelism,侍從主義,https://terms.naer.edu.tw/
501,Clinton， Bill， 1946~,柯林頓,https://terms.naer.edu.tw/
502,closed loop system,封閉迴路系統,https://terms.naer.edu.tw/
503,closed system,封閉系統,https://terms.naer.edu.tw/
504,cluster forecasting,群聚預測,https://terms.naer.edu.tw/
505,cluster sampling,群聚抽樣法,https://terms.naer.edu.tw/
506,co-governance,共同治理,https://terms.naer.edu.tw/
507,coaching,教導法,https://terms.naer.edu.tw/
508,coalition,聯盟,https://terms.naer.edu.tw/
509,coalition strategy,聯盟策略,https://terms.naer.edu.tw/
510,Coase theorem,寇斯定理,https://terms.naer.edu.tw/
511,Coasian market solution,寇斯市場方案,https://terms.naer.edu.tw/
512,code of behavior,行為守則,https://terms.naer.edu.tw/
513,code of ethics,倫理守則,https://terms.naer.edu.tw/
514,codetermination,共同決定,https://terms.naer.edu.tw/
515,coerced consumers,受迫顧客,https://terms.naer.edu.tw/
516,coercive isomorphism,強制同形論,https://terms.naer.edu.tw/
517,coercive organization,強制型組織,https://terms.naer.edu.tw/
518,coercive power,強制權力,https://terms.naer.edu.tw/
519,cognitive approach,認知途徑,https://terms.naer.edu.tw/
520,cognitive development,認知發展,https://terms.naer.edu.tw/
521,cognitive dissonance,認知失調,https://terms.naer.edu.tw/
522,cognitive interest,認知旨趣,https://terms.naer.edu.tw/
523,cognitive map,認知圖,https://terms.naer.edu.tw/
524,cognitive style diversity,認知型態多樣性,https://terms.naer.edu.tw/
525,cognitive theory,認知理論,https://terms.naer.edu.tw/
526,cohabitation,左右共治（法國）,https://terms.naer.edu.tw/
527,Cold War,冷戰,https://terms.naer.edu.tw/
528,Coleman Report,柯門報告,https://terms.naer.edu.tw/
529,collaborative commerce,協同商務,https://terms.naer.edu.tw/
530,collaborative management,同心協力管理,https://terms.naer.edu.tw/
531,collaborative network,協力網絡,https://terms.naer.edu.tw/
532,collaborative partnership,協力夥伴關係,https://terms.naer.edu.tw/
533,collective bargaining,集體協商,https://terms.naer.edu.tw/
534,collective goods,集體財,https://terms.naer.edu.tw/
535,collective rationality,集體理性,https://terms.naer.edu.tw/
536,collectivization,集體化,https://terms.naer.edu.tw/
537,colonialism,殖民主義,https://terms.naer.edu.tw/
538,command-and -control style,指揮控制型態,https://terms.naer.edu.tw/
539,commercial contracting relationships,商務契約關係,https://terms.naer.edu.tw/
540,commission,委員會,https://terms.naer.edu.tw/
541,commission plan,佣金計畫,https://terms.naer.edu.tw/
542,committee,委員會,https://terms.naer.edu.tw/
543,commodity egalitarianism,商品平等主義,https://terms.naer.edu.tw/
544,Common Cause,公益促進會,https://terms.naer.edu.tw/
545,common law,普通法；習慣法,https://terms.naer.edu.tw/
546,common sense government,常識型政府,https://terms.naer.edu.tw/
547,common-weal organization,公益組織,https://terms.naer.edu.tw/
548,communication channel,溝通管道,https://terms.naer.edu.tw/
549,communication distortion,溝通扭曲,https://terms.naer.edu.tw/
550,communication process,溝通過程,https://terms.naer.edu.tw/
551,communication protocol,通訊協定,https://terms.naer.edu.tw/
552,communication system,溝通系統,https://terms.naer.edu.tw/
553,communicative governance,溝通式治理,https://terms.naer.edu.tw/
554,communism,共產主義,https://terms.naer.edu.tw/
555,communist totalitarian regime,共產黨極權體制,https://terms.naer.edu.tw/
556,communitarian governance,社群治理,https://terms.naer.edu.tw/
557,communitarianism,社群主義,https://terms.naer.edu.tw/
558,community citizen,社區公民,https://terms.naer.edu.tw/
559,community citizen governance model,社區公民治理模式,https://terms.naer.edu.tw/
560,community development,社區發展,https://terms.naer.edu.tw/
561,Community Development Block Grant (CDBG),社區發展綜合補助款,https://terms.naer.edu.tw/
562,community empowerment,社區授權賦能,https://terms.naer.edu.tw/
563,community forum,社區論壇,https://terms.naer.edu.tw/
564,community governance,社區治理,https://terms.naer.edu.tw/
565,community identity,社區認同,https://terms.naer.edu.tw/
566,community network,社區網絡,https://terms.naer.edu.tw/
567,community organization,社區組織,https://terms.naer.edu.tw/
568,community pratitioner,社區實務工作者,https://terms.naer.edu.tw/
569,community responsibility,社區責任,https://terms.naer.edu.tw/
570,community-owned government,社區型政府,https://terms.naer.edu.tw/
571,Comparability Act,美國等薪法,https://terms.naer.edu.tw/
572,comparable worth,同值；等值,https://terms.naer.edu.tw/
573,comparative advantages,比較優勢,https://terms.naer.edu.tw/
574,comparative approach,比較途徑,https://terms.naer.edu.tw/
575,comparative case study,比較個案研究法,https://terms.naer.edu.tw/
576,comparative method,比較研究法,https://terms.naer.edu.tw/
577,comparative need,比較性需要,https://terms.naer.edu.tw/
578,comparative public administration,比較公共行政,https://terms.naer.edu.tw/
579,comparative public policy,比較公共政策,https://terms.naer.edu.tw/
580,comparative research,比較研究,https://terms.naer.edu.tw/
581,comparative risk assessment,比較風險評量,https://terms.naer.edu.tw/
582,comparative statistic initiative,比較統計方案,https://terms.naer.edu.tw/
583,comparative study approach,比較研究途徑,https://terms.naer.edu.tw/
584,compensable factor,可計酬因素,https://terms.naer.edu.tw/
585,compensation,待遇；補償,https://terms.naer.edu.tw/
586,compensation package,待遇套裝,https://terms.naer.edu.tw/
587,competence,能力；職能,https://terms.naer.edu.tw/
588,competency gap,職能落差,https://terms.naer.edu.tw/
589,competency trap,能力陷阱,https://terms.naer.edu.tw/
590,competitive advantage,競爭優勢,https://terms.naer.edu.tw/
591,competitive federalism,競爭式聯邦主義,https://terms.naer.edu.tw/
592,competitive government,競爭型政府,https://terms.naer.edu.tw/
593,competitive Interdependence,競爭性互賴,https://terms.naer.edu.tw/
594,competitive tendering,競標,https://terms.naer.edu.tw/
595,complaint procedure,申訴程序,https://terms.naer.edu.tw/
596,complex model of choice,選擇的複雜模式,https://terms.naer.edu.tw/
597,compliance,順服,https://terms.naer.edu.tw/
598,compliance audit,順服審計,https://terms.naer.edu.tw/
599,composite strategy,綜合策略,https://terms.naer.edu.tw/
600,comprehensive audit,整體審計,https://terms.naer.edu.tw/
601,Comprehensive economic rationality,廣博經濟理性,https://terms.naer.edu.tw/
602,comprehensive evaluation,廣博評估,https://terms.naer.edu.tw/
603,comprehensive planning,廣博規劃,https://terms.naer.edu.tw/
604,comprehensive rationality,廣博理性,https://terms.naer.edu.tw/
605,comprehensive rationality model,廣博理性模式,https://terms.naer.edu.tw/
606,comprehensive typology,廣博類型,https://terms.naer.edu.tw/
607,compressed workweek,壓縮工作天,https://terms.naer.edu.tw/
608,compromise strategy,妥協策略,https://terms.naer.edu.tw/
609,Comptroller General,審計總長,https://terms.naer.edu.tw/
610,compulsory arbitration,强迫仲裁,https://terms.naer.edu.tw/
611,compulsory competitive tendering,強制競標,https://terms.naer.edu.tw/
612,compulsory retirement,強制退休,https://terms.naer.edu.tw/
613,computer-aided design,電腦輔助設計,https://terms.naer.edu.tw/
614,computerization,電腦化,https://terms.naer.edu.tw/
615,concentrate payment,集中支付,https://terms.naer.edu.tw/
616,concentrated federalism,集權式聯邦主義,https://terms.naer.edu.tw/
617,concentric organization chart,聚合型組織圖,https://terms.naer.edu.tw/
618,conceptual discrimination,概念畸視,https://terms.naer.edu.tw/
619,conceptual framework,概念架構,https://terms.naer.edu.tw/
620,conceptual knowledge,概念性知識,https://terms.naer.edu.tw/
621,conceptual skill,概念性技能,https://terms.naer.edu.tw/
622,conciliation agreement,斡旋協議,https://terms.naer.edu.tw/
623,concurrent validity,同時效度,https://terms.naer.edu.tw/
624,confederation,邦聯制,https://terms.naer.edu.tw/
625,confidence interval,信賴區間,https://terms.naer.edu.tw/
626,confidence level,信賴水準,https://terms.naer.edu.tw/
627,conflict and bargaining model,衝突與協商模式,https://terms.naer.edu.tw/
628,conflict federalism,衝突式聯邦主義,https://terms.naer.edu.tw/
629,conflict management,衝突管理,https://terms.naer.edu.tw/
630,conflict of interest,利益衝突,https://terms.naer.edu.tw/
631,conflict resolution,衝突解決,https://terms.naer.edu.tw/
632,confounding factor,擾亂因素,https://terms.naer.edu.tw/
633,congestibility,擁擠性,https://terms.naer.edu.tw/
634,Congressional Budget and Impoundment Control Act,美國國會預算暨截留控制法,https://terms.naer.edu.tw/
635,Congressional Budget Office,美國國會預算局,https://terms.naer.edu.tw/
636,congressional committees,國會委員會,https://terms.naer.edu.tw/
637,congressional oversight,國會監督,https://terms.naer.edu.tw/
638,Congressional Research Service,美國國會研究處,https://terms.naer.edu.tw/
639,congressional veto,國會否決權,https://terms.naer.edu.tw/
640,connection power,關聯權力,https://terms.naer.edu.tw/
641,connoisseur impact assessment,行家影響評估,https://terms.naer.edu.tw/
642,connoisseurship evaluation,行家評估,https://terms.naer.edu.tw/
643,consensus and coalition building,共識與聯盟建立,https://terms.naer.edu.tw/
644,consensus politics,共識型政治,https://terms.naer.edu.tw/
645,consent decree,協議裁決,https://terms.naer.edu.tw/
646,conservatism,保守主義,https://terms.naer.edu.tw/
647,conservative government,保守政府,https://terms.naer.edu.tw/
648,conservative party,保守黨,https://terms.naer.edu.tw/
649,conservative policy,保守派政策,https://terms.naer.edu.tw/
650,consociated organizational model,協合組織模式,https://terms.naer.edu.tw/
651,consociational democracy,協和式民主,https://terms.naer.edu.tw/
652,constituency relationship,選區關係,https://terms.naer.edu.tw/
653,constitution,憲法,https://terms.naer.edu.tw/
654,constitutional government,憲政政府,https://terms.naer.edu.tw/
655,constitutionalism,憲政主義,https://terms.naer.edu.tw/
656,constraints mapping,限制圖像,https://terms.naer.edu.tw/
657,constraints tree,限制樹,https://terms.naer.edu.tw/
658,construct validation,建構效度,https://terms.naer.edu.tw/
659,constructed control,建構的控制組,https://terms.naer.edu.tw/
660,constructionism,建構主義,https://terms.naer.edu.tw/
661,consultation strategy,諮商策略,https://terms.naer.edu.tw/
662,consumer surplus,消費者剩餘,https://terms.naer.edu.tw/
663,consumerism,消費者主義,https://terms.naer.edu.tw/
664,containment policy,圍堵政策,https://terms.naer.edu.tw/
665,content analysis,內容分析法,https://terms.naer.edu.tw/
666,content validity,內容效度,https://terms.naer.edu.tw/
667,context,系絡,https://terms.naer.edu.tw/
668,context sensitivity,系絡敏感性,https://terms.naer.edu.tw/
669,contextual factor,系絡因素,https://terms.naer.edu.tw/
670,contingency approach,權變途徑,https://terms.naer.edu.tw/
671,contingency leadership theory,權變領導理論,https://terms.naer.edu.tw/
672,contingency management,權變管理,https://terms.naer.edu.tw/
673,contingency theory,權變理論,https://terms.naer.edu.tw/
674,contingent communication,權變溝通,https://terms.naer.edu.tw/
675,contingent worker,臨時員工,https://terms.naer.edu.tw/
676,contingent workforce,臨時人力,https://terms.naer.edu.tw/
677,continuing education,推廣教育,https://terms.naer.edu.tw/
678,continuous reinforcement,連續性增強,https://terms.naer.edu.tw/
679,contract in,委內,https://terms.naer.edu.tw/
680,contract management,契約管理,https://terms.naer.edu.tw/
681,contract negotiation,契約談判,https://terms.naer.edu.tw/
682,contract out,簽約外包；委外,https://terms.naer.edu.tw/
683,contract specialist,契約專家,https://terms.naer.edu.tw/
684,contractor-client relationships,契約主客關係,https://terms.naer.edu.tw/
685,contrapreneurship,反創新情結,https://terms.naer.edu.tw/
686,contrast error,對照偏失,https://terms.naer.edu.tw/
687,control group,控制組,https://terms.naer.edu.tw/
688,control strategy,控制策略,https://terms.naer.edu.tw/
689,control-series analysis,控制序列分析,https://terms.naer.edu.tw/
690,controlled experimentation,控制式實驗,https://terms.naer.edu.tw/
691,controlled feedback,控制式回饋,https://terms.naer.edu.tw/
692,convention,慣例；公約；習慣；傳統；大會,https://terms.naer.edu.tw/
693,conventional Delphi,傳統德菲法,https://terms.naer.edu.tw/
694,conventional market,傳統市場,https://terms.naer.edu.tw/
695,convergence thesis,聚合論,https://terms.naer.edu.tw/
696,conversion process,轉換過程,https://terms.naer.edu.tw/
697,convertible bonds,可轉換公司債,https://terms.naer.edu.tw/
698,Cooper， Terry L.， 1938~,庫伯,https://terms.naer.edu.tw/
699,cooperative federalism,合作式聯邦主義,https://terms.naer.edu.tw/
700,cooperatives,合作體,https://terms.naer.edu.tw/
701,cooptation,吸納,https://terms.naer.edu.tw/
702,coproduction,合產,https://terms.naer.edu.tw/
703,coproduction of service,共同服務,https://terms.naer.edu.tw/
704,core budget,核心預算,https://terms.naer.edu.tw/
705,core competence,核心職能,https://terms.naer.edu.tw/
706,core employee,核心員工,https://terms.naer.edu.tw/
707,core evaluation,核心評估,https://terms.naer.edu.tw/
708,core need,核心需要,https://terms.naer.edu.tw/
709,core strategy,核心策略,https://terms.naer.edu.tw/
710,core technology,核心技術,https://terms.naer.edu.tw/
711,core time,核心時間,https://terms.naer.edu.tw/
712,corner cutting,走捷徑,https://terms.naer.edu.tw/
713,corporate governance,公司治理,https://terms.naer.edu.tw/
714,corporate pluralism,統合多元主義,https://terms.naer.edu.tw/
715,corporate university,企業大學,https://terms.naer.edu.tw/
716,corporatism,統合主義,https://terms.naer.edu.tw/
717,correlation coefficient,相關係數,https://terms.naer.edu.tw/
718,correlational analysis,相關分析法,https://terms.naer.edu.tw/
719,corruption,貪腐,https://terms.naer.edu.tw/
720,Corruption Perception Index（CPI）,貪腐印象指數,https://terms.naer.edu.tw/
721,cosmopolitanism,世界主義,https://terms.naer.edu.tw/
722,cost estimation,成本估計,https://terms.naer.edu.tw/
723,cost internalization,成本內部化,https://terms.naer.edu.tw/
724,cost-benefit analysis,成本利益分析法,https://terms.naer.edu.tw/
725,cost-benefit ratio,本益比,https://terms.naer.edu.tw/
726,cost-effectiveness analysis,成本效能分析法,https://terms.naer.edu.tw/
727,cost-element structuring,成本要素建構,https://terms.naer.edu.tw/
728,cost-of-living allowance,生活費用津貼,https://terms.naer.edu.tw/
729,Council of Economic Advisers,美國經濟顧問委員會,https://terms.naer.edu.tw/
730,Council on Foreign Relations,美國外交關係協會,https://terms.naer.edu.tw/
731,council-manager system,議會經理人制,https://terms.naer.edu.tw/
732,counter-advocacy,反倡議,https://terms.naer.edu.tw/
733,counterfactual benchmark,負面標竿,https://terms.naer.edu.tw/
734,countervailing theory of pressure politics,壓力政治對消論,https://terms.naer.edu.tw/
735,countintuitive,反直覺性,https://terms.naer.edu.tw/
736,country club management,鄉村俱樂部式管理,https://terms.naer.edu.tw/
737,cow sociology,母牛社會學,https://terms.naer.edu.tw/
738,creative chaos,創造性渾沌,https://terms.naer.edu.tw/
739,creative destruction,創造性的破壞,https://terms.naer.edu.tw/
740,creative federalism,創造式聯邦主義,https://terms.naer.edu.tw/
741,creative formulation,創新規劃,https://terms.naer.edu.tw/
742,creative interpretation,創造性詮釋,https://terms.naer.edu.tw/
743,creative synthesis,創意性綜合,https://terms.naer.edu.tw/
744,creative transformation,創造性轉化,https://terms.naer.edu.tw/
745,credentialism,文憑主義,https://terms.naer.edu.tw/
746,credibility gap,信用落差,https://terms.naer.edu.tw/
747,credit budget,信貸預算,https://terms.naer.edu.tw/
748,crisis management,危機管理,https://terms.naer.edu.tw/
749,crisis of confidence,信任危機,https://terms.naer.edu.tw/
750,crisis of legitimacy,正當性危機；合法性危機,https://terms.naer.edu.tw/
751,crisis planning system,危機規劃系統,https://terms.naer.edu.tw/
752,crisis sensing system,危機感應系統,https://terms.naer.edu.tw/
753,crisis training system,危機訓練系統,https://terms.naer.edu.tw/
754,criterion,標準,https://terms.naer.edu.tw/
755,criterion overspecification,標準過細,https://terms.naer.edu.tw/
756,criterion validity,效標效度,https://terms.naer.edu.tw/
757,critical convergence,關鍵聚合,https://terms.naer.edu.tw/
758,critical evaluation,批判評估,https://terms.naer.edu.tw/
759,critical incident,關鍵事件,https://terms.naer.edu.tw/
760,critical multiplism,批判多元論,https://terms.naer.edu.tw/
761,critical path method (CPM),要徑法,https://terms.naer.edu.tw/
762,critical perspective,批判觀點,https://terms.naer.edu.tw/
763,critical rationalism,批評的理性主義,https://terms.naer.edu.tw/
764,critical realism,批判的現實主義,https://terms.naer.edu.tw/
765,critical success factors,關鍵成功因素,https://terms.naer.edu.tw/
766,critical theory,批判理論,https://terms.naer.edu.tw/
767,critical thinking,批判思考,https://terms.naer.edu.tw/
768,cross boundary management,跨域管理,https://terms.naer.edu.tw/
769,cross training,交叉訓練,https://terms.naer.edu.tw/
770,cross-functional team (CFT),跨功能團隊,https://terms.naer.edu.tw/
771,cross-impact analysis,交叉影響分析法,https://terms.naer.edu.tw/
772,cross-impact linkages,交叉影響聯結,https://terms.naer.edu.tw/
773,cross-impact matrix,交叉影響矩陣,https://terms.naer.edu.tw/
774,cross-sectional analysis,橫斷面分析,https://terms.naer.edu.tw/
775,cross-sectional study approach,橫斷面研究途徑,https://terms.naer.edu.tw/
776,cross-sectional survey,橫斷面調查法,https://terms.naer.edu.tw/
777,crowding out,排擠作用,https://terms.naer.edu.tw/
778,crowding-out effect,排擠效果,https://terms.naer.edu.tw/
779,Crozier， Michel J.， 1922~,柯洛齊亞,https://terms.naer.edu.tw/
780,cultural audit,文化盤點,https://terms.naer.edu.tw/
781,cultural diversity,文化多元性,https://terms.naer.edu.tw/
782,cultural exchange,文化交流,https://terms.naer.edu.tw/
783,culture transition management,文化轉型管理,https://terms.naer.edu.tw/
784,customer acquisition,顧客獲取,https://terms.naer.edu.tw/
785,customer relationship management (CRM),顧客關係管理,https://terms.naer.edu.tw/
786,customer retention,顧客留住；顧客維繫,https://terms.naer.edu.tw/
787,customer satisfaction,顧客滿意,https://terms.naer.edu.tw/
788,Customer Satisfaction Index (CSI),顧客滿意指標,https://terms.naer.edu.tw/
789,customer service,顧客服務,https://terms.naer.edu.tw/
790,customer strategy,顧客策略,https://terms.naer.edu.tw/
791,customer to business (C2B),顧客對企業,https://terms.naer.edu.tw/
792,customer to customer (C2C),顧客對顧客,https://terms.naer.edu.tw/
793,customer-driven government,顧客導向政府,https://terms.naer.edu.tw/
794,customer-driven organization,顧客導向組織,https://terms.naer.edu.tw/
795,customization,客製化,https://terms.naer.edu.tw/
796,customs bureau,海關,https://terms.naer.edu.tw/
797,cutback management,裁縮管理,https://terms.naer.edu.tw/
798,cyber democracy; digital democracy,數位民主,https://terms.naer.edu.tw/
799,cybernetics,操控學,https://terms.naer.edu.tw/
800,cyberspace,虛擬空間,https://terms.naer.edu.tw/
801,cynicism,犬儒主義,https://terms.naer.edu.tw/
802,Dahl， Robert A.， 1915~,達爾,https://terms.naer.edu.tw/
803,dangerous fallacy,危險謬誤,https://terms.naer.edu.tw/
804,data analysis,資料分析,https://terms.naer.edu.tw/
805,data base,資料庫,https://terms.naer.edu.tw/
806,data collection,資料蒐集,https://terms.naer.edu.tw/
807,data exchange gateway,資料轉換閘門,https://terms.naer.edu.tw/
808,data mart,資料超市,https://terms.naer.edu.tw/
809,data mining,資料探勘,https://terms.naer.edu.tw/
810,data processing center,資料處理中心,https://terms.naer.edu.tw/
811,data sources,資料來源,https://terms.naer.edu.tw/
812,data transformation,資料轉換法,https://terms.naer.edu.tw/
813,data warehouse,資料倉儲,https://terms.naer.edu.tw/
814,database management system,資料庫管理系統,https://terms.naer.edu.tw/
815,deadweight loss,失重損失,https://terms.naer.edu.tw/
816,debt management,債務管理,https://terms.naer.edu.tw/
817,debureaucratization,去官僚化,https://terms.naer.edu.tw/
818,decentralization,分權,https://terms.naer.edu.tw/
819,decentralized recruitment,分權甄補,https://terms.naer.edu.tw/
820,decentralized selection,分權遴選,https://terms.naer.edu.tw/
821,deception strategy,欺騙策略,https://terms.naer.edu.tw/
822,decision agenda,決策議程,https://terms.naer.edu.tw/
823,decision analysis,決策分析,https://terms.naer.edu.tw/
824,decision criterion,決策標準,https://terms.naer.edu.tw/
825,decision making,決策,https://terms.naer.edu.tw/
826,decision making theory,決策理論,https://terms.naer.edu.tw/
827,decision package,決策套裝,https://terms.naer.edu.tw/
828,decision path,決策路徑,https://terms.naer.edu.tw/
829,decision point,決策點,https://terms.naer.edu.tw/
830,decision rule,决策規則,https://terms.naer.edu.tw/
831,decision situation,決策情境,https://terms.naer.edu.tw/
832,decision support system (DSS),決策支援系統,https://terms.naer.edu.tw/
833,decision theory,决策理論,https://terms.naer.edu.tw/
834,decision tree,決策樹,https://terms.naer.edu.tw/
835,decision unit,決策單位,https://terms.naer.edu.tw/
836,decision-making interface,決策界面,https://terms.naer.edu.tw/
837,decision-making process,決策過程,https://terms.naer.edu.tw/
838,decision-theoretic evaluation,決策理論評估,https://terms.naer.edu.tw/
839,declarative knowledge,陳述性知識,https://terms.naer.edu.tw/
840,decline curve,衰退曲線,https://terms.naer.edu.tw/
841,declining marginal utility,邊際效用遞減,https://terms.naer.edu.tw/
842,deconcentration,去集權化,https://terms.naer.edu.tw/
843,decremental planning,漸退式計劃,https://terms.naer.edu.tw/
844,decrementalism,遞減主義,https://terms.naer.edu.tw/
845,deductible,扣除費用,https://terms.naer.edu.tw/
846,deduction,扣除額,https://terms.naer.edu.tw/
847,deductive approach,演繹途徑,https://terms.naer.edu.tw/
848,deductive causal analysis,演繹因果分析法,https://terms.naer.edu.tw/
849,deductive logic,演繹邏輯,https://terms.naer.edu.tw/
850,deductive-nomological explanation,演繹律則解釋,https://terms.naer.edu.tw/
851,default risk,違約風險,https://terms.naer.edu.tw/
852,defense mechanism,防衛機制,https://terms.naer.edu.tw/
853,deferred cash,展期現金；遞延現金,https://terms.naer.edu.tw/
854,deficiency need,匱乏性需要,https://terms.naer.edu.tw/
855,deficit,赤字,https://terms.naer.edu.tw/
856,defined benefit system,確定給付制,https://terms.naer.edu.tw/
857,defined contribution system,確定提撥制,https://terms.naer.edu.tw/
858,degree of autonomy,自主程度,https://terms.naer.edu.tw/
859,degree of competition,競爭程度,https://terms.naer.edu.tw/
860,degree of complexity,複雜程度,https://terms.naer.edu.tw/
861,degree of heterogeneity,異質程度,https://terms.naer.edu.tw/
862,degree of uncertainty,不確定程度,https://terms.naer.edu.tw/
863,dehumanization,去人性化,https://terms.naer.edu.tw/
864,deindustrialization,去工業化,https://terms.naer.edu.tw/
865,deinstitutionalization,去制度化,https://terms.naer.edu.tw/
866,delayer,減層,https://terms.naer.edu.tw/
867,delegation,授權,https://terms.naer.edu.tw/
868,delegation legislation,委任立法,https://terms.naer.edu.tw/
869,delegation of authority,授權,https://terms.naer.edu.tw/
870,deLeon， Peter,迪里昂,https://terms.naer.edu.tw/
871,deliberate behavior,商議行為,https://terms.naer.edu.tw/
872,deliberative democracy,商議式民主；審議式民主,https://terms.naer.edu.tw/
873,deliberative polling,商議式民調,https://terms.naer.edu.tw/
874,deliberative process,商議過程,https://terms.naer.edu.tw/
875,delivery system,傳輸系統,https://terms.naer.edu.tw/
876,Delphi method,德菲法,https://terms.naer.edu.tw/
877,Delphi technique,德菲技術,https://terms.naer.edu.tw/
878,demagogue,群眾煽動家,https://terms.naer.edu.tw/
879,demand curve,需求曲線,https://terms.naer.edu.tw/
880,demand management,需求管理,https://terms.naer.edu.tw/
881,demand-side policy,需求面政策,https://terms.naer.edu.tw/
882,demerit,記過,https://terms.naer.edu.tw/
883,Deming， W. Edwards， 1900~1993,戴明,https://terms.naer.edu.tw/
884,democratic accountability,民主課責,https://terms.naer.edu.tw/
885,democratic administration,民主行政,https://terms.naer.edu.tw/
886,democratic centralism,民主集中制,https://terms.naer.edu.tw/
887,democratic citizenship,民主公民資格(精神),https://terms.naer.edu.tw/
888,democratic discourse,民主對談,https://terms.naer.edu.tw/
889,democratic ethos,民主風格(風潮),https://terms.naer.edu.tw/
890,democratic governance,民主治理,https://terms.naer.edu.tw/
891,democratic morality,民主道德,https://terms.naer.edu.tw/
892,democratic Organization,民主式組織,https://terms.naer.edu.tw/
893,democratic paradox,民主困境,https://terms.naer.edu.tw/
894,democratic spirit,民主精神,https://terms.naer.edu.tw/
895,democratization,民主化,https://terms.naer.edu.tw/
896,demonstration project,示範專案,https://terms.naer.edu.tw/
897,demonstrative democracy,示威民主,https://terms.naer.edu.tw/
898,demotion,降級,https://terms.naer.edu.tw/
899,denationalization,去國有化,https://terms.naer.edu.tw/
900,Denhardt， Robert B.,丹哈特,https://terms.naer.edu.tw/
901,deonotology,義務論,https://terms.naer.edu.tw/
902,Department of Health and Human Services,美國衛生與人群服務部,https://terms.naer.edu.tw/
903,Department of Housing and Urban Development,美國住宅與都市發展部,https://terms.naer.edu.tw/
904,departmentalism,部門主義,https://terms.naer.edu.tw/
905,departmentalization,分部化；部門化,https://terms.naer.edu.tw/
906,dependency theory,依賴理論,https://terms.naer.edu.tw/
907,dependent variable,依變項,https://terms.naer.edu.tw/
908,depersonalize,去除人情,https://terms.naer.edu.tw/
909,depoliticization,去政治化,https://terms.naer.edu.tw/
910,depth interview,深度訪談,https://terms.naer.edu.tw/
911,deregulating government,解制型政府,https://terms.naer.edu.tw/
912,deregulation,解制；鬆綁,https://terms.naer.edu.tw/
913,deregulation initiative,解制措施,https://terms.naer.edu.tw/
914,descriptive decision theory,描述性決策理論,https://terms.naer.edu.tw/
915,descriptive model,描述式模式,https://terms.naer.edu.tw/
916,descriptive policy analysis,描述性政策分析,https://terms.naer.edu.tw/
917,descriptive statistics,敘述統計,https://terms.naer.edu.tw/
918,determinism,決定論,https://terms.naer.edu.tw/
919,deterministic forecasting,決定性預測,https://terms.naer.edu.tw/
920,developed country,已開發國家,https://terms.naer.edu.tw/
921,developing country,開發中國家,https://terms.naer.edu.tw/
922,development administration,發展行政,https://terms.naer.edu.tw/
923,development management,發展管理,https://terms.naer.edu.tw/
924,deviancy,偏差,https://terms.naer.edu.tw/
925,devolution,權力移轉,https://terms.naer.edu.tw/
926,diagonal communication,斜行溝通,https://terms.naer.edu.tw/
927,dialectic method,辯證法,https://terms.naer.edu.tw/
928,dialectic thinking,辯證性思考,https://terms.naer.edu.tw/
929,dialectical dialogue,辯證性對話,https://terms.naer.edu.tw/
930,dialogical democracy,對話式民主,https://terms.naer.edu.tw/
931,dichotomy of politics and administration,政治行政二分論,https://terms.naer.edu.tw/
932,dictatorship,獨裁,https://terms.naer.edu.tw/
933,differential commodity tax,差別貨物稅,https://terms.naer.edu.tw/
934,differential pay system,差別薪給制,https://terms.naer.edu.tw/
935,differential piece rate system,差別計件工資制,https://terms.naer.edu.tw/
936,differentiation,分化,https://terms.naer.edu.tw/
937,differentiation and intergration,分化與整合,https://terms.naer.edu.tw/
938,differentiation of functions,職能分化,https://terms.naer.edu.tw/
939,diffracted model,繞射模式,https://terms.naer.edu.tw/
940,diffuse support,普遍支持,https://terms.naer.edu.tw/
941,digital contents industry,數位內容產業,https://terms.naer.edu.tw/
942,digital control,數位控制,https://terms.naer.edu.tw/
943,digital democracy,數位民主,https://terms.naer.edu.tw/
944,digital government,數位政府,https://terms.naer.edu.tw/
945,digital identity,數位身分,https://terms.naer.edu.tw/
946,digital industry convergence,數位產業合流,https://terms.naer.edu.tw/
947,digital preservation,數位保存,https://terms.naer.edu.tw/
948,digital signature (DS),數位簽章,https://terms.naer.edu.tw/
949,Dillon's rule,迪隆法則,https://terms.naer.edu.tw/
950,Dimock， Marshall E.， 1903~1991,狄馬克,https://terms.naer.edu.tw/
951,diplomatic recognition,外交承認,https://terms.naer.edu.tw/
952,direct analogy,直接類比,https://terms.naer.edu.tw/
953,direct cost,直接成本,https://terms.naer.edu.tw/
954,direct democracy,直接民主,https://terms.naer.edu.tw/
955,direct impact,直接影響,https://terms.naer.edu.tw/
956,direct labor organizations (DLOS),直接勞工組織,https://terms.naer.edu.tw/
957,direct loans,直接貸款,https://terms.naer.edu.tw/
958,direct lobbying,直接遊說,https://terms.naer.edu.tw/
959,direct service organizations (DSOS),直接服務組織,https://terms.naer.edu.tw/
960,direct taxes,直接稅,https://terms.naer.edu.tw/
961,dirty hands,髒手,https://terms.naer.edu.tw/
962,disabilities discrimination,殘障歧視,https://terms.naer.edu.tw/
963,disability retirement,殘障退休,https://terms.naer.edu.tw/
964,disabled workers,身心障礙員工,https://terms.naer.edu.tw/
965,disadvantaged group,弱勢團體,https://terms.naer.edu.tw/
966,disaggregation,隔離；分離,https://terms.naer.edu.tw/
967,disciplinary infraction,違規；犯規,https://terms.naer.edu.tw/
968,discipline of the market,市場紀律,https://terms.naer.edu.tw/
969,discount factor,折現因素,https://terms.naer.edu.tw/
970,discount rate,折現率；貼現率,https://terms.naer.edu.tw/
971,discounting,折現,https://terms.naer.edu.tw/
972,discourse ethics,對談倫理,https://terms.naer.edu.tw/
973,discourse theory,對談理論,https://terms.naer.edu.tw/
974,discoursive communication,對談性溝通,https://terms.naer.edu.tw/
975,discretion,裁量權,https://terms.naer.edu.tw/
976,discretionary benefits,裁量性利益,https://terms.naer.edu.tw/
977,discrimination lawsuit,歧視訴訟案,https://terms.naer.edu.tw/
978,discriminatory harassment,歧視性騷擾,https://terms.naer.edu.tw/
979,discursive democracy,談論式民主,https://terms.naer.edu.tw/
980,disinvestment,撤資,https://terms.naer.edu.tw/
981,disjointed-incremental theory,斷續漸進理論,https://terms.naer.edu.tw/
982,dismissal,解職,https://terms.naer.edu.tw/
983,disorganized governance,失序治理,https://terms.naer.edu.tw/
984,displacement effect,替代效果；移位效果,https://terms.naer.edu.tw/
985,disposable income,可支用所得,https://terms.naer.edu.tw/
986,disproportionate sampling,不按比例抽樣法,https://terms.naer.edu.tw/
987,dissipative structure,耗散結構,https://terms.naer.edu.tw/
988,distance instruction,遠距(隔空)教學,https://terms.naer.edu.tw/
989,distance learning,遠距學習,https://terms.naer.edu.tw/
990,distributive policy,分配政策,https://terms.naer.edu.tw/
991,diversification,多樣化；多角化,https://terms.naer.edu.tw/
992,diversity audits,多元稽核,https://terms.naer.edu.tw/
993,diversity management,多元管理,https://terms.naer.edu.tw/
994,diversity statements,多元陳述,https://terms.naer.edu.tw/
995,diversity task force,多元工作小組,https://terms.naer.edu.tw/
996,diversity training,多元訓練,https://terms.naer.edu.tw/
997,divestment,減資,https://terms.naer.edu.tw/
998,divided government,分立政府,https://terms.naer.edu.tw/
999,dividend,股利,https://terms.naer.edu.tw/
1000,divine right,君權神授,https://terms.naer.edu.tw/
1001,division of labor,分工,https://terms.naer.edu.tw/
1002,divisional structure,事業部門結構,https://terms.naer.edu.tw/
1003,divisionalized form,專業部門制,https://terms.naer.edu.tw/
1004,domestic violence,家庭暴力,https://terms.naer.edu.tw/
1005,dominant coalition,優勢聯盟,https://terms.naer.edu.tw/
1006,double imbalance,雙重失衡,https://terms.naer.edu.tw/
1007,double taxation,重複課稅,https://terms.naer.edu.tw/
1008,double-loop learning,雙圈學習,https://terms.naer.edu.tw/
1009,Downs， Anthony， 1930~,唐斯,https://terms.naer.edu.tw/
1010,downsizing,精簡；裁員,https://terms.naer.edu.tw/
1011,downward accountability,向下課責,https://terms.naer.edu.tw/
1012,downward communication,下行溝通,https://terms.naer.edu.tw/
1013,Dror， Yehezkel， 1928~,卓爾,https://terms.naer.edu.tw/
1014,Drucker， Peter F.， 1909~2005,杜拉克,https://terms.naer.edu.tw/
1015,drug testing,藥檢,https://terms.naer.edu.tw/
1016,dual allegiance,雙重忠貞,https://terms.naer.edu.tw/
1017,dual career path,雙重生涯途徑,https://terms.naer.edu.tw/
1018,dual citizenship,雙重公民身分；雙重國籍,https://terms.naer.edu.tw/
1019,dual federalism,雙軌式聯邦主義,https://terms.naer.edu.tw/
1020,duality of publicness,雙重公共性,https://terms.naer.edu.tw/
1021,due process,正當程序,https://terms.naer.edu.tw/
1022,due process of law,正當法律程序,https://terms.naer.edu.tw/
1023,Dunn， William N.,唐恩,https://terms.naer.edu.tw/
1024,Dye， Thomas R.， 1935~2004,戴伊,https://terms.naer.edu.tw/
1025,dynamic administration,動態行政,https://terms.naer.edu.tw/
1026,dynamic approach,動態途徑,https://terms.naer.edu.tw/
1027,dynamic equilibrium,動態均衡,https://terms.naer.edu.tw/
1028,dynamic system,動態系統,https://terms.naer.edu.tw/
1029,dysfunction,反功能,https://terms.naer.edu.tw/
1030,e-business,電子化企業,https://terms.naer.edu.tw/
1031,e-community,電子化社區,https://terms.naer.edu.tw/
1032,e-democracy,電子民主,https://terms.naer.edu.tw/
1033,e-government,e化政府,https://terms.naer.edu.tw/
1034,e-innovation,電子化創新,https://terms.naer.edu.tw/
1035,e-learning,數位學習,https://terms.naer.edu.tw/
1036,e-logistic,電子化後勤管理,https://terms.naer.edu.tw/
1037,e-mail server,電子郵件伺服器,https://terms.naer.edu.tw/
1038,e-marketplace,電子市集,https://terms.naer.edu.tw/
1039,e-procurement,電子採購,https://terms.naer.edu.tw/
1040,e-screening,電子篩選,https://terms.naer.edu.tw/
1041,e-service,電子化服務,https://terms.naer.edu.tw/
1042,early retirement,提早退休,https://terms.naer.edu.tw/
1043,earmarked revenues,指定用途收入；圈定收入,https://terms.naer.edu.tw/
1044,Easton， David ，1917~,伊斯頓,https://terms.naer.edu.tw/
1045,Ecole National d'Administration (ENA),法國國家行政學院,https://terms.naer.edu.tw/
1046,ecological approach,生態途徑,https://terms.naer.edu.tw/
1047,ecological theory,生態理論,https://terms.naer.edu.tw/
1048,ecologism,生態主義,https://terms.naer.edu.tw/
1049,economic efficiency,經濟效率,https://terms.naer.edu.tw/
1050,economic feasibility,經濟可行性,https://terms.naer.edu.tw/
1051,economic indicator,經濟指標,https://terms.naer.edu.tw/
1052,economic man,經濟人,https://terms.naer.edu.tw/
1053,economic profit,經濟利潤,https://terms.naer.edu.tw/
1054,economic rationalism,經濟理性主義,https://terms.naer.edu.tw/
1055,economic rationality,經濟理性,https://terms.naer.edu.tw/
1056,economic reductionism,經濟化約論,https://terms.naer.edu.tw/
1057,economy of scale,規模經濟,https://terms.naer.edu.tw/
1058,Edwards， George C.,愛德華,https://terms.naer.edu.tw/
1059,effectiveness,效能,https://terms.naer.edu.tw/
1060,efficiency,效率,https://terms.naer.edu.tw/
1061,efficiency evaluation,效率評估,https://terms.naer.edu.tw/
1062,efficiency rating,效率評等,https://terms.naer.edu.tw/
1063,efficiency scrutiny,效率稽查,https://terms.naer.edu.tw/
1064,efficiency test,效率檢視,https://terms.naer.edu.tw/
1065,Efficiency Unit,英國效率小組Secret:,https://terms.naer.edu.tw/
1066,effluent fee,污染費,https://terms.naer.edu.tw/
1067,egalitarianism,平等主義,https://terms.naer.edu.tw/
1068,elasticity of substitution,替代彈性,https://terms.naer.edu.tw/
1069,elder care,老年照顧,https://terms.naer.edu.tw/
1070,elected officials,民選官員,https://terms.naer.edu.tw/
1071,electoral college,選舉人團,https://terms.naer.edu.tw/
1072,electric certificate,電子憑證,https://terms.naer.edu.tw/
1073,electronic administration (e-administration),電子行政,https://terms.naer.edu.tw/
1074,electronic budgeting (e-budgeting),電子預算,https://terms.naer.edu.tw/
1075,electronic certificates authority,電子認證中心,https://terms.naer.edu.tw/
1076,electronic commerce (EC),電子商務,https://terms.naer.edu.tw/
1077,electronic consultation (e-consultation),電子諮詢,https://terms.naer.edu.tw/
1078,electronic decision-making (e decision-making),電子決策,https://terms.naer.edu.tw/
1079,electronic governance,電子治理,https://terms.naer.edu.tw/
1080,electronic government,電子化政府,https://terms.naer.edu.tw/
1081,electronic hub,電子樞紐,https://terms.naer.edu.tw/
1082,electronic infrastructure (e-infrastructure),電子基礎建設,https://terms.naer.edu.tw/
1083,electronic mail; e-maill,電子郵件,https://terms.naer.edu.tw/
1084,electronic market,電子市場,https://terms.naer.edu.tw/
1085,electronic participation (e-participation),電子參與,https://terms.naer.edu.tw/
1086,electronic payment (e-payment),電子支付,https://terms.naer.edu.tw/
1087,electronic privacy (e-privacy),電子隱私,https://terms.naer.edu.tw/
1088,electronic security,電子安全,https://terms.naer.edu.tw/
1089,electronic service,電子服務,https://terms.naer.edu.tw/
1090,electronic service quality,電子服務品質,https://terms.naer.edu.tw/
1091,electronic society,電子社會,https://terms.naer.edu.tw/
1092,electronic tendering system,電子競標系統,https://terms.naer.edu.tw/
1093,elite,菁英,https://terms.naer.edu.tw/
1094,elite theory,菁英理論,https://terms.naer.edu.tw/
1095,elitism,菁英主義,https://terms.naer.edu.tw/
1096,Elmore， Richard,艾爾莫,https://terms.naer.edu.tw/
1097,embarrassment strategy,困窘策略,https://terms.naer.edu.tw/
1098,emergency management,緊急管理,https://terms.naer.edu.tw/
1099,emergency power,緊急處分權,https://terms.naer.edu.tw/
1100,Emmert， Mark A.,艾默特,https://terms.naer.edu.tw/
1101,empathy,設身處地；同理心,https://terms.naer.edu.tw/
1102,empire-building,建立王國；建立山頭,https://terms.naer.edu.tw/
1103,empirical conservatism,經驗保守主義,https://terms.naer.edu.tw/
1104,empirical policy research,經驗性政策研究,https://terms.naer.edu.tw/
1105,empirical research,經驗研究,https://terms.naer.edu.tw/
1106,empiricism,經驗論；經驗主義,https://terms.naer.edu.tw/
1107,employee anxiety,員工焦慮,https://terms.naer.edu.tw/
1108,"employee Assistance Program, EAP",員工協助方案,https://terms.naer.edu.tw/
1109,employee benefit,員工福利,https://terms.naer.edu.tw/
1110,employee leasing,員工派遣,https://terms.naer.edu.tw/
1111,employee recording,員工紀錄,https://terms.naer.edu.tw/
1112,Employment Act of 1946,美國1946年就業法,https://terms.naer.edu.tw/
1113,employment management,雇用管理,https://terms.naer.edu.tw/
1114,employment preference,就業偏好,https://terms.naer.edu.tw/
1115,empowerment,授權賦能,https://terms.naer.edu.tw/
1116,enacted environment,制約環境,https://terms.naer.edu.tw/
1117,encumbrance basis,預算保留基礎,https://terms.naer.edu.tw/
1118,Engel's law,恩格爾法則,https://terms.naer.edu.tw/
1119,enlightenment,啟蒙,https://terms.naer.edu.tw/
1120,enterprise information portal (EIP),企業入口網站,https://terms.naer.edu.tw/
1121,enterprise resource planning (ERP),企業資源規劃,https://terms.naer.edu.tw/
1122,entitlement,享權資格,https://terms.naer.edu.tw/
1123,entitlement benefits,法定利益,https://terms.naer.edu.tw/
1124,entitlement budget,權利預算,https://terms.naer.edu.tw/
1125,entrepreneurial budgeting,企業型預算,https://terms.naer.edu.tw/
1126,entrepreneurial bureaucrat,企業型官僚,https://terms.naer.edu.tw/
1127,entrepreneurial government,企業型政府,https://terms.naer.edu.tw/
1128,entrepreneurial leadership,企業型領導,https://terms.naer.edu.tw/
1129,entrepreneurial Politics,企業家政治,https://terms.naer.edu.tw/
1130,entrepreneurship,創業家精神；企業精神,https://terms.naer.edu.tw/
1131,entrepreurialism,企業創新主義,https://terms.naer.edu.tw/
1132,entropy,熵,https://terms.naer.edu.tw/
1133,envelope budgeting,包裹預算,https://terms.naer.edu.tw/
1134,environmental feasibility,環境可行性,https://terms.naer.edu.tw/
1135,environmental governance,環境治理,https://terms.naer.edu.tw/
1136,environmental impact assessment,環境影響評估,https://terms.naer.edu.tw/
1137,environmental impact statement,環境影響說明書,https://terms.naer.edu.tw/
1138,environmental justice,環境正義,https://terms.naer.edu.tw/
1139,environmental movement,環境運動,https://terms.naer.edu.tw/
1140,Environmental Protection Agency (EPA),環保署,https://terms.naer.edu.tw/
1141,environmental scanning,環境掃描,https://terms.naer.edu.tw/
1142,environmentalism,環境主義,https://terms.naer.edu.tw/
1143,epistemic community,知識社群,https://terms.naer.edu.tw/
1144,epistemology,認識論,https://terms.naer.edu.tw/
1145,Equal Employment Opportunities Commission （EEOC）,平等就業機會委員會,https://terms.naer.edu.tw/
1146,Equal Employment Opportunity Act,美國平等就業機會法,https://terms.naer.edu.tw/
1147,Equal Employment Opportunity Commission (EEOC),美國平等就業機會委員會,https://terms.naer.edu.tw/
1148,Equal Pay Act,美國平等薪資法,https://terms.naer.edu.tw/
1149,equal pay for equal work,同工同酬,https://terms.naer.edu.tw/
1150,Equal Protection Clause,平等保護條款,https://terms.naer.edu.tw/
1151,equality,平等,https://terms.naer.edu.tw/
1152,equalization,均等化,https://terms.naer.edu.tw/
1153,equifinality,殊途同歸性,https://terms.naer.edu.tw/
1154,equity,公正；衡平,https://terms.naer.edu.tw/
1155,equity criterion,衡平標準,https://terms.naer.edu.tw/
1156,equity theory,衡平理論；公平理論,https://terms.naer.edu.tw/
1157,equivalent variation,等值變量,https://terms.naer.edu.tw/
1158,ERG theory,生存關係成長理論；伊爾基理論,https://terms.naer.edu.tw/
1159,erosion of tax base,稅基侵蝕,https://terms.naer.edu.tw/
1160,error detection,錯誤偵測,https://terms.naer.edu.tw/
1161,error of the first type,第一類型錯誤,https://terms.naer.edu.tw/
1162,error of the fourth type,第四類型錯誤,https://terms.naer.edu.tw/
1163,error of the second type,第二類型錯誤,https://terms.naer.edu.tw/
1164,error of the third type,第三類型錯誤,https://terms.naer.edu.tw/
1165,escalate commitment,升高承諾,https://terms.naer.edu.tw/
1166,esprit de corps,團隊精神,https://terms.naer.edu.tw/
1167,essay appraisal,短文評鑑,https://terms.naer.edu.tw/
1168,essentialism,本質主義,https://terms.naer.edu.tw/
1169,esteem need,尊榮感需要,https://terms.naer.edu.tw/
1170,ethical codes,倫理守則；倫理法典,https://terms.naer.edu.tw/
1171,ethical community,倫理社群,https://terms.naer.edu.tw/
1172,ethical entrepreneurship,倫理企業精神,https://terms.naer.edu.tw/
1173,ethical integrity,倫理廉正,https://terms.naer.edu.tw/
1174,ethical organization,倫理組織,https://terms.naer.edu.tw/
1175,ethical risk taking,倫理風險承受,https://terms.naer.edu.tw/
1176,ethics,倫理學,https://terms.naer.edu.tw/
1177,ethics climate survey,倫理氣候調查,https://terms.naer.edu.tw/
1178,ethics dilemma,倫理困境,https://terms.naer.edu.tw/
1179,ethics hotline,倫理熱線,https://terms.naer.edu.tw/
1180,ethics of neutrality,中立倫理,https://terms.naer.edu.tw/
1181,ethnic group,族群團體,https://terms.naer.edu.tw/
1182,ethnicity,族群屬性,https://terms.naer.edu.tw/
1183,ethnocentralism,我族中心論,https://terms.naer.edu.tw/
1184,ethnocentrism,族群中心主義,https://terms.naer.edu.tw/
1185,ethnomethodology,俗民方法學,https://terms.naer.edu.tw/
1186,ethos,風氣；風潮,https://terms.naer.edu.tw/
1187,Etzioni， Amitai W.， 1929~,艾賽尼,https://terms.naer.edu.tw/
1188,European Community (EC),歐洲共同體,https://terms.naer.edu.tw/
1189,European Union (EU),歐盟；歐洲聯盟,https://terms.naer.edu.tw/
1190,evaluability assessment,可評估性評量,https://terms.naer.edu.tw/
1191,evaluation research,評估研究,https://terms.naer.edu.tw/
1192,evaluative policy analysis,評估性政策分析,https://terms.naer.edu.tw/
1193,event outcome forecast,事件結果預測,https://terms.naer.edu.tw/
1194,event timing forecast,事件時機預測,https://terms.naer.edu.tw/
1195,evidence-based decision-making,依證決策,https://terms.naer.edu.tw/
1196,evidence-based policy analysis,依證政策分析,https://terms.naer.edu.tw/
1197,evidence-based policy making,依證政策制定,https://terms.naer.edu.tw/
1198,ex-ante control,事前控制,https://terms.naer.edu.tw/
1199,ex-ante efficiency analysis,事前效率分析,https://terms.naer.edu.tw/
1200,ex-ante policy analysis,事前政策分析,https://terms.naer.edu.tw/
1201,ex-post analysis,事後分析,https://terms.naer.edu.tw/
1202,ex-post efficiency analysis,事後效率分析,https://terms.naer.edu.tw/
1203,ex-post policy evaluation,事後政策評估,https://terms.naer.edu.tw/
1204,excess burden,超額負擔,https://terms.naer.edu.tw/
1205,excise tax,特別税,https://terms.naer.edu.tw/
1206,executive agency,執行機關；執行性政署,https://terms.naer.edu.tw/
1207,executive branch,行政部門,https://terms.naer.edu.tw/
1208,executive branch,行政部門,https://terms.naer.edu.tw/
1209,executive class,執行級(英國),https://terms.naer.edu.tw/
1210,executive information system (EIS),主管資訊系統,https://terms.naer.edu.tw/
1211,executive order,行政命令,https://terms.naer.edu.tw/
1212,executive power,行政權,https://terms.naer.edu.tw/
1213,executive summary,執行摘要,https://terms.naer.edu.tw/
1214,exempt position,除外職位(非競爭性職位),https://terms.naer.edu.tw/
1215,exemption,免稅額,https://terms.naer.edu.tw/
1216,exit,退場；出口,https://terms.naer.edu.tw/
1217,expectancy theory,預期理論；期望理論,https://terms.naer.edu.tw/
1218,expected utility,預期效用,https://terms.naer.edu.tw/
1219,expected utility theory,預期效用理論,https://terms.naer.edu.tw/
1220,expected-value decision rule,期望值決策原則,https://terms.naer.edu.tw/
1221,expenditure by priority,優先支出,https://terms.naer.edu.tw/
1222,expenditure by rule,法定支出,https://terms.naer.edu.tw/
1223,expenditure monitoring,經費監測,https://terms.naer.edu.tw/
1224,expenditure-control budgeting,支出控制預算,https://terms.naer.edu.tw/
1225,experimental design,實驗設計,https://terms.naer.edu.tw/
1226,experimental group,實驗組,https://terms.naer.edu.tw/
1227,expert community,專家社群,https://terms.naer.edu.tw/
1228,expert panel,專家討論會,https://terms.naer.edu.tw/
1229,expert power,專家權力,https://terms.naer.edu.tw/
1230,expert system,專家系統,https://terms.naer.edu.tw/
1231,expert yellow page,專家黃頁；專家名冊,https://terms.naer.edu.tw/
1232,explanatory argument,解釋式論證,https://terms.naer.edu.tw/
1233,explicit knowledge,外顯知識,https://terms.naer.edu.tw/
1234,exponential weighting,指數加權法,https://terms.naer.edu.tw/
1235,extended Service,延長服務,https://terms.naer.edu.tw/
1236,extended Sick Leave,續病假,https://terms.naer.edu.tw/
1237,external audit,外部審計,https://terms.naer.edu.tw/
1238,external benefit,外部利益,https://terms.naer.edu.tw/
1239,external control,外部控制,https://terms.naer.edu.tw/
1240,external cost,外部成本,https://terms.naer.edu.tw/
1241,external customer,外部顧客,https://terms.naer.edu.tw/
1242,external debt,外債,https://terms.naer.edu.tw/
1243,external evaluation,外部評估,https://terms.naer.edu.tw/
1244,external relations,對外關係,https://terms.naer.edu.tw/
1245,external service chain,外部服務鏈,https://terms.naer.edu.tw/
1246,external setting,外部環境,https://terms.naer.edu.tw/
1247,external validity,外部效度,https://terms.naer.edu.tw/
1248,externality,外部性,https://terms.naer.edu.tw/
1249,externality,外部性,https://terms.naer.edu.tw/
1250,externalization,外顯化,https://terms.naer.edu.tw/
1251,extra-budgetary expenditure,預算外支出,https://terms.naer.edu.tw/
1252,extranet,私網,https://terms.naer.edu.tw/
1253,extrapolation,外推法,https://terms.naer.edu.tw/
1254,extrapolative forecasting,外推預測法,https://terms.naer.edu.tw/
1255,extrinsic incentive,外在誘因,https://terms.naer.edu.tw/
1256,extrinsic motivation,外在激勵,https://terms.naer.edu.tw/
1257,extrinsic reward,外在報酬,https://terms.naer.edu.tw/
1258,extrinsic value,外在價值,https://terms.naer.edu.tw/
1259,face validity,表面效度,https://terms.naer.edu.tw/
1260,fact finding,事實發現,https://terms.naer.edu.tw/
1261,fact-finding,事實調查,https://terms.naer.edu.tw/
1262,factor comparison method,因素比較法,https://terms.naer.edu.tw/
1263,factual premise,事實前提,https://terms.naer.edu.tw/
1264,Fair Labor Standards Act (FLSA),美國公平勞工標準法,https://terms.naer.edu.tw/
1265,fair trade law,公平交易法,https://terms.naer.edu.tw/
1266,false attribution,錯誤歸因,https://terms.naer.edu.tw/
1267,false consciousness,虛假意識,https://terms.naer.edu.tw/
1268,family laboratory,家庭實驗法,https://terms.naer.edu.tw/
1269,family leave,家事假,https://terms.naer.edu.tw/
1270,favoritism,恩惠主義(贍徇),https://terms.naer.edu.tw/
1271,Fayol， Henri， 1841~1925,費堯,https://terms.naer.edu.tw/
1272,feasibility,可行性,https://terms.naer.edu.tw/
1273,feasibility assessment techniques,可行性評量術,https://terms.naer.edu.tw/
1274,feasibility study,可行性研究,https://terms.naer.edu.tw/
1275,Federal Aviation Administration (FAA),美國聯邦民航局,https://terms.naer.edu.tw/
1276,Federal Bureau of Investigation (FBI),美國聯邦調查局,https://terms.naer.edu.tw/
1277,Federal Emergency Management Agency (FEMA),美國緊急災難管理署,https://terms.naer.edu.tw/
1278,Federal Employees Pay Comparability Act (FEPCA),美國聯邦公務員等薪法,https://terms.naer.edu.tw/
1279,Federal Executive Institute,美國聯邦高級主管研究院,https://terms.naer.edu.tw/
1280,Federal Labor Relations Authority (FLRA),美國聯邦勞動關係署,https://terms.naer.edu.tw/
1281,Federal Mediation and Conciliation Service (FMCS),美國聯邦調解斡旋署,https://terms.naer.edu.tw/
1282,Federal Personnel Manual (FPM),美國聯邦人事管理手冊,https://terms.naer.edu.tw/
1283,Federal Register,美國聯邦政府公報,https://terms.naer.edu.tw/
1284,Federal Reserve System(FRS),聯邦準備制度,https://terms.naer.edu.tw/
1285,federal system,聯邦制,https://terms.naer.edu.tw/
1286,Federal Trade Commission (FTC),美國聯邦貿易委員會,https://terms.naer.edu.tw/
1287,Federal Wage Reform Act,美國聯邦工資改革法,https://terms.naer.edu.tw/
1288,Federal Wage System (FWS),美國聯邦工資制,https://terms.naer.edu.tw/
1289,federalism,聯邦主義,https://terms.naer.edu.tw/
1290,feedback,回饋,https://terms.naer.edu.tw/
1291,feedback control model,回饋控制模式,https://terms.naer.edu.tw/
1292,feedback fund,回饋金,https://terms.naer.edu.tw/
1293,feedback system,回饋系統,https://terms.naer.edu.tw/
1294,fees,規費,https://terms.naer.edu.tw/
1295,feminism,女性主義,https://terms.naer.edu.tw/
1296,Fiedler， Fred E.， 1922~,費德勒,https://terms.naer.edu.tw/
1297,field experiment,田野實驗法,https://terms.naer.edu.tw/
1298,field research,實地研究；田野研究,https://terms.naer.edu.tw/
1299,field study,實地研究,https://terms.naer.edu.tw/
1300,field theory,場域理論,https://terms.naer.edu.tw/
1301,file server,檔案伺服器,https://terms.naer.edu.tw/
1302,final report,決算,https://terms.naer.edu.tw/
1303,financial administration,財務行政,https://terms.naer.edu.tw/
1304,financial disclosure,財務揭露,https://terms.naer.edu.tw/
1305,financial management,財務管理,https://terms.naer.edu.tw/
1306,Financial Management Initiative (FMI),英國財務管理計畫,https://terms.naer.edu.tw/
1307,Finer， Herman， 1898~1969,范納,https://terms.naer.edu.tw/
1308,firewall,防火牆,https://terms.naer.edu.tw/
1309,first generation evaluation,第一代評估,https://terms.naer.edu.tw/
1310,first generation implementation study,第一代執行研究,https://terms.naer.edu.tw/
1311,first-impression error,第一印象錯誤,https://terms.naer.edu.tw/
1312,fiscal federalism,財政聯邦主義,https://terms.naer.edu.tw/
1313,fiscal illusion,財政幻覺,https://terms.naer.edu.tw/
1314,fiscal incidence,財政負擔,https://terms.naer.edu.tw/
1315,fiscal policy,財政政策,https://terms.naer.edu.tw/
1316,fiscal privilege,財政特權,https://terms.naer.edu.tw/
1317,fiscal year,會計年度,https://terms.naer.edu.tw/
1318,fixed allowances,固定津貼,https://terms.naer.edu.tw/
1319,fixed price contract,固定價格契約,https://terms.naer.edu.tw/
1320,flat income tax,均一所得稅,https://terms.naer.edu.tw/
1321,flat organization,扁平式組織,https://terms.naer.edu.tw/
1322,flat-rate system,均一稅制,https://terms.naer.edu.tw/
1323,flexible government,彈性政府,https://terms.naer.edu.tw/
1324,flexible management,彈性管理,https://terms.naer.edu.tw/
1325,flexible place,彈性工場,https://terms.naer.edu.tw/
1326,flexible time,彈性工時,https://terms.naer.edu.tw/
1327,flexible working hours system,彈性工作時間制,https://terms.naer.edu.tw/
1328,flexible-benefit plan,彈性福利計畫,https://terms.naer.edu.tw/
1329,floor constraint,最低限制,https://terms.naer.edu.tw/
1330,flow chart,流程圖,https://terms.naer.edu.tw/
1331,flypaper effect,捕蠅紙效果,https://terms.naer.edu.tw/
1332,focus group,焦點團體,https://terms.naer.edu.tw/
1333,focus strategy,聚焦策略,https://terms.naer.edu.tw/
1334,folio,對開本,https://terms.naer.edu.tw/
1335,Follett， Mary Parker， 1968~1933,傅麗德,https://terms.naer.edu.tw/
1336,Food and Drug Administration (FDA),美國食品藥物管理局,https://terms.naer.edu.tw/
1337,force field analysis,力場分析,https://terms.naer.edu.tw/
1338,forced distribution,強迫分配,https://terms.naer.edu.tw/
1339,forced-choice technique,選擇題技術；強迫選擇技術,https://terms.naer.edu.tw/
1340,Ford Fundation,福特基金會,https://terms.naer.edu.tw/
1341,Ford， Gerald R.， 1913~2006,福特,https://terms.naer.edu.tw/
1342,forecasting,預測,https://terms.naer.edu.tw/
1343,forecasting analysis,預測分析,https://terms.naer.edu.tw/
1344,formal communication,正式溝通,https://terms.naer.edu.tw/
1345,formal evaluation,正式評估,https://terms.naer.edu.tw/
1346,formal fallacy,形式謬誤,https://terms.naer.edu.tw/
1347,formal organization,正式組織,https://terms.naer.edu.tw/
1348,formal structure,正式結構,https://terms.naer.edu.tw/
1349,formalism,形式主義,https://terms.naer.edu.tw/
1350,formalization,形式化,https://terms.naer.edu.tw/
1351,formative evaluation,形成性評估,https://terms.naer.edu.tw/
1352,formative measurement,組成指標；形成性衡量,https://terms.naer.edu.tw/
1353,formative research,形成性研究,https://terms.naer.edu.tw/
1354,forms of rationality,理性形式,https://terms.naer.edu.tw/
1355,formula grants,公式補助款,https://terms.naer.edu.tw/
1356,formulation,規劃,https://terms.naer.edu.tw/
1357,forward mapping,向前推進的策略,https://terms.naer.edu.tw/
1358,fourth generation evaluation,第四代評估,https://terms.naer.edu.tw/
1359,frame of reference,參考架構,https://terms.naer.edu.tw/
1360,franchise,特許權,https://terms.naer.edu.tw/
1361,fraudulent practice,造假行為,https://terms.naer.edu.tw/
1362,Frederickson， H. George， 1934~,傅德瑞克森,https://terms.naer.edu.tw/
1363,free goods,自由財,https://terms.naer.edu.tw/
1364,free market,自由市場,https://terms.naer.edu.tw/
1365,free riding,搭便車,https://terms.naer.edu.tw/
1366,free trade,自由貿易,https://terms.naer.edu.tw/
1367,Free Trade Agreement(FTA),自由貿易協定,https://terms.naer.edu.tw/
1368,free-flowing conversation,自由交談,https://terms.naer.edu.tw/
1369,free-form organization,自由型組織,https://terms.naer.edu.tw/
1370,Freedom of Information Act,美國資訊自由法,https://terms.naer.edu.tw/
1371,Freeman， Howard E.， 1929-1992,傅瑞曼,https://terms.naer.edu.tw/
1372,French， John R. P.， 1913~1995,胡蘭其,https://terms.naer.edu.tw/
1373,Friedman， Milton， 1912~2006,傅利曼,https://terms.naer.edu.tw/
1374,Friedrich， Carl J.， 1901~1984,佛萊瑞基,https://terms.naer.edu.tw/
1375,fringe benefit,福利,https://terms.naer.edu.tw/
1376,front office,前台,https://terms.naer.edu.tw/
1377,frustration-regression,挫折退縮,https://terms.naer.edu.tw/
1378,full funding,資金到位,https://terms.naer.edu.tw/
1379,full loss offset,全額損失抵減,https://terms.naer.edu.tw/
1380,full-text search,全文檢索,https://terms.naer.edu.tw/
1381,functional authority,功能性權威,https://terms.naer.edu.tw/
1382,functional budgeting system,功能預算制,https://terms.naer.edu.tw/
1383,functional conflict,功能衝突,https://terms.naer.edu.tw/
1384,functional management,功能管理,https://terms.naer.edu.tw/
1385,functional matrix,功能式矩陣,https://terms.naer.edu.tw/
1386,functional process theory,功能過程理論,https://terms.naer.edu.tw/
1387,functional specialization,功能專化,https://terms.naer.edu.tw/
1388,functional structure,功能性結構,https://terms.naer.edu.tw/
1389,functional study approach,功能研究途徑,https://terms.naer.edu.tw/
1390,functionalism,功能論,https://terms.naer.edu.tw/
1391,fundamentalism,基本教義派,https://terms.naer.edu.tw/
1392,funeral leave,喪假,https://terms.naer.edu.tw/
1393,funnel of causality,漏斗型因果關係,https://terms.naer.edu.tw/
1394,fused model,鎔合模式,https://terms.naer.edu.tw/
1395,fusion process,融合過程,https://terms.naer.edu.tw/
1396,future research,未來研究,https://terms.naer.edu.tw/
1397,futures,期貨,https://terms.naer.edu.tw/
1398,futures market,期貨市場,https://terms.naer.edu.tw/
1399,Gaebler， Ted,蓋伯樂,https://terms.naer.edu.tw/
1400,gain sharing,盈餘分享；節流共享,https://terms.naer.edu.tw/
1401,Galbraith， John Kenneth， 1908~2006,高博士,https://terms.naer.edu.tw/
1402,Gallup poll,蓋洛普民意調查,https://terms.naer.edu.tw/
1403,game theory,博奕理論；賽局理論,https://terms.naer.edu.tw/
1404,gaming theory,遊戲理論,https://terms.naer.edu.tw/
1405,Gandhi， Mohandas K.， 1869~1948,甘地,https://terms.naer.edu.tw/
1406,Gantt chart,甘特圖,https://terms.naer.edu.tw/
1407,garbage can model of decision making,垃圾桶決策模式,https://terms.naer.edu.tw/
1408,Gates， Bill H.， 1955~,比爾蓋茲,https://terms.naer.edu.tw/
1409,gender balance,性別平衡,https://terms.naer.edu.tw/
1410,gender equity,性別衡平,https://terms.naer.edu.tw/
1411,General Accounting Office (GAO),美國國會會計總署,https://terms.naer.edu.tw/
1412,General Agreement on Tariffs and Trade (GATT),關貿總協；關稅暨貿易總協定,https://terms.naer.edu.tw/
1413,general budget,總預算,https://terms.naer.edu.tw/
1414,general final report,總決算,https://terms.naer.edu.tw/
1415,general management,一般管理,https://terms.naer.edu.tw/
1416,general principles of ethical conduct,倫理行為通則,https://terms.naer.edu.tw/
1417,general revenue sharing system,歲入分享制,https://terms.naer.edu.tw/
1418,general sales tax,一般銷售税,https://terms.naer.edu.tw/
1419,general schedule,美國一般俸表,https://terms.naer.edu.tw/
1420,general service,總務管理,https://terms.naer.edu.tw/
1421,General Service Administration (GSA),美國總務署,https://terms.naer.edu.tw/
1422,general systems theory,一般系統理論,https://terms.naer.edu.tw/
1423,general will,全意志,https://terms.naer.edu.tw/
1424,generalist,行政通才；通才,https://terms.naer.edu.tw/
1425,generalizability,類推性；通則性,https://terms.naer.edu.tw/
1426,generalization,通則化；類化,https://terms.naer.edu.tw/
1427,geograpgic information system (GIS),地理資訊系統,https://terms.naer.edu.tw/
1428,gestalt psychology,完形心理學,https://terms.naer.edu.tw/
1429,gestalt theory,完形理論,https://terms.naer.edu.tw/
1430,Giddens， Anthony， 1938~,紀登斯,https://terms.naer.edu.tw/
1431,Gilbert， Charles E.， 1927~,吉伯特,https://terms.naer.edu.tw/
1432,Gini coefficient,吉尼係數,https://terms.naer.edu.tw/
1433,Gini index,基尼係數,https://terms.naer.edu.tw/
1434,glass ceiling,玻璃天花板；無形障礙,https://terms.naer.edu.tw/
1435,Glassco Commission（Canada）,加拿大葛拉斯可委員會,https://terms.naer.edu.tw/
1436,global capitalism,全球資本主義,https://terms.naer.edu.tw/
1437,global community,全球社區,https://terms.naer.edu.tw/
1438,global corruption barometer,全球貪腐趨勢指數,https://terms.naer.edu.tw/
1439,global governance,全球治理,https://terms.naer.edu.tw/
1440,global position system (GPS),全球衛星定位系統,https://terms.naer.edu.tw/
1441,global village,地球村,https://terms.naer.edu.tw/
1442,global warming,全球暖化,https://terms.naer.edu.tw/
1443,global warming,全球暖化,https://terms.naer.edu.tw/
1444,globalism,全球主義,https://terms.naer.edu.tw/
1445,globalization,全球化,https://terms.naer.edu.tw/
1446,globalization strategy,全球化策略,https://terms.naer.edu.tw/
1447,glocalization,全球在地化,https://terms.naer.edu.tw/
1448,goal,目標,https://terms.naer.edu.tw/
1449,goal attainment,目標達成,https://terms.naer.edu.tw/
1450,goal conflict,目標衝突,https://terms.naer.edu.tw/
1451,goal consensus,目標共識,https://terms.naer.edu.tw/
1452,goal convergence,目標聚合,https://terms.naer.edu.tw/
1453,goal displacement,目標錯置,https://terms.naer.edu.tw/
1454,goal oriented,目標取向,https://terms.naer.edu.tw/
1455,goal setting theory,目標設定理論,https://terms.naer.edu.tw/
1456,goal-directed behavior,目標導向行為,https://terms.naer.edu.tw/
1457,goal-free evaluation,目標中立式評估,https://terms.naer.edu.tw/
1458,goals-achievement matrix,目標達成矩陣法,https://terms.naer.edu.tw/
1459,Goggin， Malcolm L.， 1938~,郭謹,https://terms.naer.edu.tw/
1460,Golembiewski， Robert T.， 1932~,葛蘭畢耶斯基,https://terms.naer.edu.tw/
1461,good governance,善治,https://terms.naer.edu.tw/
1462,Goodnow， Frank J.， 1859~1939,古德諾,https://terms.naer.edu.tw/
1463,Goodsell， Charles T.,顧賽爾,https://terms.naer.edu.tw/
1464,Gorbachev， Mikhail， 1931~2022,戈巴契夫,https://terms.naer.edu.tw/
1465,Gore Commission,美國高爾委員會,https://terms.naer.edu.tw/
1466,governability,治理能力,https://terms.naer.edu.tw/
1467,governance,治理,https://terms.naer.edu.tw/
1468,governance theory,治理理論,https://terms.naer.edu.tw/
1469,governing class,統治階級,https://terms.naer.edu.tw/
1470,government bonds,政府公債,https://terms.naer.edu.tw/
1471,government by proxy,代理人政府,https://terms.naer.edu.tw/
1472,government corporation,公營事業,https://terms.naer.edu.tw/
1473,government corruption,政府腐化,https://terms.naer.edu.tw/
1474,government failure,政府失靈,https://terms.naer.edu.tw/
1475,government gridlock,政府僵局,https://terms.naer.edu.tw/
1476,government intervention,政府介入；政府干預,https://terms.naer.edu.tw/
1477,Government Performance and Results Act (GPRA),美國政府績效與成果法,https://terms.naer.edu.tw/
1478,government reengineering,政府流程再造,https://terms.naer.edu.tw/
1479,government reinvention,政府再造,https://terms.naer.edu.tw/
1480,government size,政府規模,https://terms.naer.edu.tw/
1481,government to business (G2B),政府對企業,https://terms.naer.edu.tw/
1482,government to citizen (G2C),政府對人民,https://terms.naer.edu.tw/
1483,government to employee (G2E),政府對員工,https://terms.naer.edu.tw/
1484,government to government (G2G),政府對政府,https://terms.naer.edu.tw/
1485,government transformation,政府轉型,https://terms.naer.edu.tw/
1486,government vending,政府販售,https://terms.naer.edu.tw/
1487,Governmental Accountability Office(GAO),美國國會政府課責總署,https://terms.naer.edu.tw/
1488,governmentality,統治心態,https://terms.naer.edu.tw/
1489,Grace Commission,美國葛雷斯委員會,https://terms.naer.edu.tw/
1490,grade banding,職等帶,https://terms.naer.edu.tw/
1491,grade creep,職等爬升,https://terms.naer.edu.tw/
1492,grade level,職等,https://terms.naer.edu.tw/
1493,Graham， Cole B.,葛拉漢,https://terms.naer.edu.tw/
1494,Gramm-Rudman-Hollings Act,葛萊姆法(總額預算支出限制法)；葛萊姆-魯德曼-賀林斯法,https://terms.naer.edu.tw/
1495,grant-related expenditure,與補助有關的支出,https://terms.naer.edu.tw/
1496,grant-related poundage,與補助有關的稅金,https://terms.naer.edu.tw/
1497,grants-in-aid,補助款,https://terms.naer.edu.tw/
1498,graphic displays,展示圖,https://terms.naer.edu.tw/
1499,graphic rating scale,圖形評等量尺,https://terms.naer.edu.tw/
1500,Grasham's law,葛拉漢定律(劣幣驅逐良幣),https://terms.naer.edu.tw/
1501,grass root campaign,草根運動,https://terms.naer.edu.tw/
1502,grass root lobbying,草根遊說,https://terms.naer.edu.tw/
1503,Great Depression,經濟大蕭條,https://terms.naer.edu.tw/
1504,great power,強權,https://terms.naer.edu.tw/
1505,Great Society,大社會計畫,https://terms.naer.edu.tw/
1506,green gross national product (green GNP),綠色國民生產毛額,https://terms.naer.edu.tw/
1507,greenhouse effect,溫室效應,https://terms.naer.edu.tw/
1508,grievance arbitration,申訴仲裁,https://terms.naer.edu.tw/
1509,grievance procedure,申訴程序,https://terms.naer.edu.tw/
1510,Griggs v. Duke Power Company,美國格力格控告杜克電力公司案,https://terms.naer.edu.tw/
1511,gross domestic product (GDP),國內生產毛額,https://terms.naer.edu.tw/
1512,gross national product (GNP),國民生產毛額,https://terms.naer.edu.tw/
1513,grounded theory,紮根理論,https://terms.naer.edu.tw/
1514,group behavior,團體行為,https://terms.naer.edu.tw/
1515,group cohesiveness,團體凝聚力,https://terms.naer.edu.tw/
1516,group decision support system,團體決策支援系統,https://terms.naer.edu.tw/
1517,group decision-making,團體決策,https://terms.naer.edu.tw/
1518,group dynamics,團體動態,https://terms.naer.edu.tw/
1519,group grid theory,團體格狀(道)理論,https://terms.naer.edu.tw/
1520,group personality,團體性格,https://terms.naer.edu.tw/
1521,group pressure,團體壓力,https://terms.naer.edu.tw/
1522,group pricing,團體定價法,https://terms.naer.edu.tw/
1523,group process,團體過程,https://terms.naer.edu.tw/
1524,group simulation,團體模擬,https://terms.naer.edu.tw/
1525,group situation,團體情境,https://terms.naer.edu.tw/
1526,group theory,團體理論,https://terms.naer.edu.tw/
1527,group think,集思廣益,https://terms.naer.edu.tw/
1528,group-based performance reward,團體績效報酬,https://terms.naer.edu.tw/
1529,groupthink,團體盲思,https://terms.naer.edu.tw/
1530,growth curve,成長曲線,https://terms.naer.edu.tw/
1531,growth recession,成長遲緩,https://terms.naer.edu.tw/
1532,guaranteed piecework plan,保障計件計畫,https://terms.naer.edu.tw/
1533,Guba， Egon G.,古巴,https://terms.naer.edu.tw/
1534,Gulick， Luther H.， 1892~1990,古立克,https://terms.naer.edu.tw/
1535,Habermas， Jurgen， 1929~,哈伯瑪斯,https://terms.naer.edu.tw/
1536,halo effect,月暈效應,https://terms.naer.edu.tw/
1537,Hamilton， Alexander， 1755~1804,漢摩頓,https://terms.naer.edu.tw/
1538,Hammurabian Code,漢摩拉比法典,https://terms.naer.edu.tw/
1539,Harmon， Michael M.， 1941~,哈蒙,https://terms.naer.edu.tw/
1540,Harvard Business Review (HBR),哈佛商業評論,https://terms.naer.edu.tw/
1541,Hatch Act,赫奇法,https://terms.naer.edu.tw/
1542,Hawthorne effect,霍桑效應,https://terms.naer.edu.tw/
1543,Hawthorne Experiments,霍桑實驗,https://terms.naer.edu.tw/
1544,Hawthorne Studies,霍桑研究,https://terms.naer.edu.tw/
1545,hazard pay,危險加給,https://terms.naer.edu.tw/
1546,head hunting,獵人頭,https://terms.naer.edu.tw/
1547,Head Start Program,啟智方案,https://terms.naer.edu.tw/
1548,Heady， Ferrel， 1916~2006,黑第,https://terms.naer.edu.tw/
1549,health alerts,健康警訊,https://terms.naer.edu.tw/
1550,health and rehabilitation,健康與復健,https://terms.naer.edu.tw/
1551,hearing examiner,聽證檢察官,https://terms.naer.edu.tw/
1552,Henry， Nicholas L.,享利,https://terms.naer.edu.tw/
1553,Heritage Foundation,傳統基金會,https://terms.naer.edu.tw/
1554,hermeneutic theory,詮釋理論,https://terms.naer.edu.tw/
1555,Hersey， Paul,赫賽,https://terms.naer.edu.tw/
1556,Herzberg， Frederick， 1923~2000,何茲柏格,https://terms.naer.edu.tw/
1557,heterogeneity,異質性,https://terms.naer.edu.tw/
1558,heuristic approach,啟發性途徑,https://terms.naer.edu.tw/
1559,hierarchical accountability,層級課責,https://terms.naer.edu.tw/
1560,hierarchical conflict,層級衝突,https://terms.naer.edu.tw/
1561,hierarchical coordination,層級協調,https://terms.naer.edu.tw/
1562,hierarchical culture,層級文化,https://terms.naer.edu.tw/
1563,hierarchical structure,層級結構,https://terms.naer.edu.tw/
1564,hierarchy,層級體系,https://terms.naer.edu.tw/
1565,hierarchy analysis,層級分析法,https://terms.naer.edu.tw/
1566,hierarchy of needs,需要層級論,https://terms.naer.edu.tw/
1567,high- performance organization,高績效組織,https://terms.naer.edu.tw/
1568,historical institutionalism,歷史制度論,https://terms.naer.edu.tw/
1569,Hobbes， Thomas， 1588~1679,霍布斯,https://terms.naer.edu.tw/
1570,holiday pay,假日薪,https://terms.naer.edu.tw/
1571,holism,整體論；全觀論,https://terms.naer.edu.tw/
1572,holistic approach,全觀途徑,https://terms.naer.edu.tw/
1573,holistic governance,全觀治理,https://terms.naer.edu.tw/
1574,holistic perspective,全觀性觀點,https://terms.naer.edu.tw/
1575,holistic thinking,全觀思考,https://terms.naer.edu.tw/
1576,hollow out,空洞化,https://terms.naer.edu.tw/
1577,hollow state,空洞化國家,https://terms.naer.edu.tw/
1578,holographic organization,全像圖組織,https://terms.naer.edu.tw/
1579,holographic structure,全像圖結構,https://terms.naer.edu.tw/
1580,home department,本部,https://terms.naer.edu.tw/
1581,Home Office,英國內政部,https://terms.naer.edu.tw/
1582,home rule,自治規則,https://terms.naer.edu.tw/
1583,homeostasis,動態均衡,https://terms.naer.edu.tw/
1584,homogeneity,同質性,https://terms.naer.edu.tw/
1585,homogenous group,同質團體,https://terms.naer.edu.tw/
1586,Hoover Commission,美國胡佛委員會,https://terms.naer.edu.tw/
1587,horizontal accountability,水平課責,https://terms.naer.edu.tw/
1588,horizontal aggressive clique,水平攻擊集團,https://terms.naer.edu.tw/
1589,horizontal communication,水平溝通,https://terms.naer.edu.tw/
1590,horizontal decentralization,水平分權,https://terms.naer.edu.tw/
1591,horizontal defensive clique,水平防衛集團,https://terms.naer.edu.tw/
1592,horizontal differentiation,水平分化,https://terms.naer.edu.tw/
1593,horizontal equity,水平衡平,https://terms.naer.edu.tw/
1594,horizontal federalism,水平聯邦制,https://terms.naer.edu.tw/
1595,horizontal inter-unit group,水平內部團體,https://terms.naer.edu.tw/
1596,horizontal linkage,水平式連結,https://terms.naer.edu.tw/
1597,horizontal portal,水平入口網站,https://terms.naer.edu.tw/
1598,horizontal structure,水平式結構,https://terms.naer.edu.tw/
1599,host department,主管部,https://terms.naer.edu.tw/
1600,House， Robert J.,豪斯,https://terms.naer.edu.tw/
1601,hpyertext organization,超連結組織,https://terms.naer.edu.tw/
1602,human capital,人力資本,https://terms.naer.edu.tw/
1603,human capital management (HCM),人力資本管理,https://terms.naer.edu.tw/
1604,human capital theory,人力資本理論,https://terms.naer.edu.tw/
1605,human relations school,人群關係學派,https://terms.naer.edu.tw/
1606,human resource alignment,人力資源重整,https://terms.naer.edu.tw/
1607,human resource allocation,人力資源配置,https://terms.naer.edu.tw/
1608,human resource development (HRD),人力資源發展,https://terms.naer.edu.tw/
1609,human resource forecasting,人力資源預測,https://terms.naer.edu.tw/
1610,human resource generalist,人力資源通才,https://terms.naer.edu.tw/
1611,human resource management (HRM),人力資源管理,https://terms.naer.edu.tw/
1612,human resource management information system (HRMIS),人力資源管理資訊系統,https://terms.naer.edu.tw/
1613,human resource planning,人力資源規劃,https://terms.naer.edu.tw/
1614,human resource; manpower resource,人力資源,https://terms.naer.edu.tw/
1615,human rights,人權,https://terms.naer.edu.tw/
1616,humanistic administration,人本行政,https://terms.naer.edu.tw/
1617,humanistic orientation,人本主義取向,https://terms.naer.edu.tw/
1618,humanistic psychology,人本心理學,https://terms.naer.edu.tw/
1619,Huntington， Samuel P. 1927~,杭廷頓,https://terms.naer.edu.tw/
1620,hybrid structure,混合式結構,https://terms.naer.edu.tw/
1621,hygiene factor,保健因素,https://terms.naer.edu.tw/
1622,hypertext organization,超連結組織,https://terms.naer.edu.tw/
1623,hypothesis,假設,https://terms.naer.edu.tw/
1624,hypothetic-deductive methodology,假設-演繹方法論,https://terms.naer.edu.tw/
1625,Ibbs Report,英國伊布斯報告書,https://terms.naer.edu.tw/
1626,idea champions,點子大師,https://terms.naer.edu.tw/
1627,ideal type,理想型,https://terms.naer.edu.tw/
1628,identity crisis,認同危機,https://terms.naer.edu.tw/
1629,ideology,意識型態,https://terms.naer.edu.tw/
1630,ill-structured problem,不良結構問題,https://terms.naer.edu.tw/
1631,illiquidity risk,流動不良風險,https://terms.naer.edu.tw/
1632,immobilism,停滯,https://terms.naer.edu.tw/
1633,impact assessment,影響評量(估),https://terms.naer.edu.tw/
1634,impeachment,彈劾,https://terms.naer.edu.tw/
1635,impersonality,對事不對人,https://terms.naer.edu.tw/
1636,implementability study,執行力研究,https://terms.naer.edu.tw/
1637,implementation assessment,執行評量(估),https://terms.naer.edu.tw/
1638,implicit contract,隱含性契約,https://terms.naer.edu.tw/
1639,implicit knowledge,內隱知識,https://terms.naer.edu.tw/
1640,impoundment,預算截留,https://terms.naer.edu.tw/
1641,impoverished management,不作為管理,https://terms.naer.edu.tw/
1642,impression management,印象管理,https://terms.naer.edu.tw/
1643,in-basket test,籃中測驗,https://terms.naer.edu.tw/
1644,in-kind contribution,實物捐獻,https://terms.naer.edu.tw/
1645,in-kind subsidy,實物補助,https://terms.naer.edu.tw/
1646,in-kind transfer,實物移轉,https://terms.naer.edu.tw/
1647,inaction,不作為,https://terms.naer.edu.tw/
1648,incentive,誘因,https://terms.naer.edu.tw/
1649,incentive contract,誘因契約,https://terms.naer.edu.tw/
1650,incentive mechanism,誘因機制,https://terms.naer.edu.tw/
1651,incentive regulation,誘因管制,https://terms.naer.edu.tw/
1652,incentive-based structure,誘因基礎結構,https://terms.naer.edu.tw/
1653,incentive-based system,誘因制度,https://terms.naer.edu.tw/
1654,income dependency,所得依賴,https://terms.naer.edu.tw/
1655,income effect,所得效果,https://terms.naer.edu.tw/
1656,income splitting,所得分割,https://terms.naer.edu.tw/
1657,income tax,所得稅,https://terms.naer.edu.tw/
1658,incomplete contract,不完全契約,https://terms.naer.edu.tw/
1659,incremental analysis,漸進分析,https://terms.naer.edu.tw/
1660,incremental budgeting,漸進預算,https://terms.naer.edu.tw/
1661,incremental decision-making approach,漸進決策途徑,https://terms.naer.edu.tw/
1662,incremental forecast method,漸進預測法,https://terms.naer.edu.tw/
1663,incremental planning,漸進式計劃,https://terms.naer.edu.tw/
1664,incrementalism,漸進主義,https://terms.naer.edu.tw/
1665,incrementalism,漸進主義,https://terms.naer.edu.tw/
1666,incumbent,現任者；在位者,https://terms.naer.edu.tw/
1667,independent agency,獨立機關,https://terms.naer.edu.tw/
1668,independent personnel system,獨立人事制度,https://terms.naer.edu.tw/
1669,independent public oversight agency,獨立公共監督機構,https://terms.naer.edu.tw/
1670,Independent Regulatory Commission,獨立管制委員會,https://terms.naer.edu.tw/
1671,independent sector,獨立部門,https://terms.naer.edu.tw/
1672,independent variable,自變項,https://terms.naer.edu.tw/
1673,indifference curve,無異曲線,https://terms.naer.edu.tw/
1674,indifference map,無異曲線圖,https://terms.naer.edu.tw/
1675,indirect assessment,間接評量(估),https://terms.naer.edu.tw/
1676,indirect cost,間接成本,https://terms.naer.edu.tw/
1677,indirect democracy,間接民主,https://terms.naer.edu.tw/
1678,indirect impact,間接影響,https://terms.naer.edu.tw/
1679,indirect lobbying,間接遊說,https://terms.naer.edu.tw/
1680,indirect subsidy,間接補貼,https://terms.naer.edu.tw/
1681,indirect taxes,間接稅,https://terms.naer.edu.tw/
1682,individual accountability,個人課責,https://terms.naer.edu.tw/
1683,individual difference,個別差異,https://terms.naer.edu.tw/
1684,individual retirement account (IRA),個人退休帳戶,https://terms.naer.edu.tw/
1685,individualism,個人主義,https://terms.naer.edu.tw/
1686,inducement,誘因體,https://terms.naer.edu.tw/
1687,inductive analysis,歸納分析,https://terms.naer.edu.tw/
1688,inductive approach,歸納途徑,https://terms.naer.edu.tw/
1689,inductive logic,歸納邏輯,https://terms.naer.edu.tw/
1690,industrial revolution,工業革命,https://terms.naer.edu.tw/
1691,industrialism,工業主義,https://terms.naer.edu.tw/
1692,inferential statistics,推論統計,https://terms.naer.edu.tw/
1693,inferior goods,劣等財,https://terms.naer.edu.tw/
1694,inflation,通貨膨脹,https://terms.naer.edu.tw/
1695,influence diagram,影響圖,https://terms.naer.edu.tw/
1696,informal communication,非正式溝通,https://terms.naer.edu.tw/
1697,informal fallacy,非正式謬誤,https://terms.naer.edu.tw/
1698,informal organization,非正式組織,https://terms.naer.edu.tw/
1699,informal structure,非正式結構,https://terms.naer.edu.tw/
1700,information asymmetry,資訊不對稱,https://terms.naer.edu.tw/
1701,information explosion,資訊爆炸,https://terms.naer.edu.tw/
1702,information flow,資訊流,https://terms.naer.edu.tw/
1703,information kiosk,資訊站,https://terms.naer.edu.tw/
1704,information literacy,資訊素養,https://terms.naer.edu.tw/
1705,information load,資訊負載,https://terms.naer.edu.tw/
1706,information management,資訊管理,https://terms.naer.edu.tw/
1707,information overload,資訊超載,https://terms.naer.edu.tw/
1708,information power,資訊權力,https://terms.naer.edu.tw/
1709,information reporting system,資訊回報系統,https://terms.naer.edu.tw/
1710,information resource management (IRM),資訊資源管理,https://terms.naer.edu.tw/
1711,information retrieval,資訊檢索,https://terms.naer.edu.tw/
1712,information security,資訊安全,https://terms.naer.edu.tw/
1713,information security management system (ISMS),資訊安全管理系統,https://terms.naer.edu.tw/
1714,information society,資訊社會,https://terms.naer.edu.tw/
1715,information technology,資訊科技,https://terms.naer.edu.tw/
1716,informational polity,資訊政體,https://terms.naer.edu.tw/
1717,infrastructure,基礎建設,https://terms.naer.edu.tw/
1718,infrastructure assets,基礎設施資產,https://terms.naer.edu.tw/
1719,inheritance tax,遺產稅,https://terms.naer.edu.tw/
1720,initiative,創制；措施,https://terms.naer.edu.tw/
1721,inner experience,內在體驗,https://terms.naer.edu.tw/
1722,innovation diffusion theory,創新擴散理論,https://terms.naer.edu.tw/
1723,input,投入,https://terms.naer.edu.tw/
1724,input evaluation,投入評估,https://terms.naer.edu.tw/
1725,input tax,推定稅；估算稅,https://terms.naer.edu.tw/
1726,inside-outside evaluation,內外評估,https://terms.naer.edu.tw/
1727,inspector general,檢查總長,https://terms.naer.edu.tw/
1728,institutional agenda,制度議程,https://terms.naer.edu.tw/
1729,institutional environment,制度環境,https://terms.naer.edu.tw/
1730,institutional isomorphism,制度同形主義,https://terms.naer.edu.tw/
1731,institutional learning,制度學習,https://terms.naer.edu.tw/
1732,institutional negotiation,制度化協商,https://terms.naer.edu.tw/
1733,institutional perspective,制度觀點,https://terms.naer.edu.tw/
1734,institutional study approach,制度研究途徑,https://terms.naer.edu.tw/
1735,institutional theory,制度理論,https://terms.naer.edu.tw/
1736,institutional transfer,制度移轉,https://terms.naer.edu.tw/
1737,institutional transplantation,制度移植,https://terms.naer.edu.tw/
1738,institutionalism,制度論,https://terms.naer.edu.tw/
1739,institutionalization,制度化,https://terms.naer.edu.tw/
1740,instrumental leadership,工具型領導,https://terms.naer.edu.tw/
1741,instrumental rationality,工具理性,https://terms.naer.edu.tw/
1742,instrumental value,工具價值,https://terms.naer.edu.tw/
1743,insurance trust,保險信託,https://terms.naer.edu.tw/
1744,intangible benefit,無形利益,https://terms.naer.edu.tw/
1745,intangible cost,無形成本,https://terms.naer.edu.tw/
1746,intangibles,無形物,https://terms.naer.edu.tw/
1747,integrated policy analysis,整合式政策分析,https://terms.naer.edu.tw/
1748,integrative implementation model,整合執行模式,https://terms.naer.edu.tw/
1749,intellectual capital,智慧資本,https://terms.naer.edu.tw/
1750,intensive technologies,密集技術,https://terms.naer.edu.tw/
1751,interactive interface,互動式介面,https://terms.naer.edu.tw/
1752,interdisciplinary analysis,科際分析法,https://terms.naer.edu.tw/
1753,interdisciplinary team assessment,科際團隊評量,https://terms.naer.edu.tw/
1754,interest arbitration,利益仲裁,https://terms.naer.edu.tw/
1755,interest group,利益團體,https://terms.naer.edu.tw/
1756,interest group liberalism,利益團體自由主義,https://terms.naer.edu.tw/
1757,interest group politics,利益團體政治,https://terms.naer.edu.tw/
1758,intergenerational equality,世代間平等,https://terms.naer.edu.tw/
1759,intergovernmental governance,府際治理,https://terms.naer.edu.tw/
1760,intergovernmental management,府際管理,https://terms.naer.edu.tw/
1761,intergovernmental network,府際網絡,https://terms.naer.edu.tw/
1762,intergovernmental partnership,府際夥伴關係,https://terms.naer.edu.tw/
1763,intergovernmental relations,府際關係,https://terms.naer.edu.tw/
1764,intergovernmental service contract,府際服務契約,https://terms.naer.edu.tw/
1765,intergovernmental service transfer,府際服務移轉,https://terms.naer.edu.tw/
1766,intergovernmentalism,府際主義,https://terms.naer.edu.tw/
1767,interjurisdictional management,管轄權間管理,https://terms.naer.edu.tw/
1768,interlocal service agreement,地方間服務協定,https://terms.naer.edu.tw/
1769,Intermal Revenue Service (IRS),美國國稅局,https://terms.naer.edu.tw/
1770,internal audit,內部審計,https://terms.naer.edu.tw/
1771,internal benchmarking,內部標竿,https://terms.naer.edu.tw/
1772,internal control,內部控制,https://terms.naer.edu.tw/
1773,internal customer,內部顧客,https://terms.naer.edu.tw/
1774,internal customer satisfaction,內部顧客滿意度,https://terms.naer.edu.tw/
1775,internal debt,內債,https://terms.naer.edu.tw/
1776,internal evaluation,內部評估,https://terms.naer.edu.tw/
1777,internal logic,內部邏輯,https://terms.naer.edu.tw/
1778,internal management,內部管理,https://terms.naer.edu.tw/
1779,internal market,內部市場,https://terms.naer.edu.tw/
1780,internal marketing,內部行銷,https://terms.naer.edu.tw/
1781,internal organization,內部組織,https://terms.naer.edu.tw/
1782,internal process model,內部過程模式,https://terms.naer.edu.tw/
1783,internal rate of return,內部報酬率,https://terms.naer.edu.tw/
1784,internal service chain,內部服務鏈,https://terms.naer.edu.tw/
1785,internal service quality,內部服務品質(指標),https://terms.naer.edu.tw/
1786,internal setting,內部環境,https://terms.naer.edu.tw/
1787,internal validity,內部效度,https://terms.naer.edu.tw/
1788,internality,內部性,https://terms.naer.edu.tw/
1789,internalization,內在化,https://terms.naer.edu.tw/
1790,international development,國際發展,https://terms.naer.edu.tw/
1791,international law,國際法,https://terms.naer.edu.tw/
1792,international management,國際管理,https://terms.naer.edu.tw/
1793,International Monetary Fund (IMF),國際貨幣基金會,https://terms.naer.edu.tw/
1794,international organization,國際組織,https://terms.naer.edu.tw/
1795,International Transparency Organization,國際透明組織,https://terms.naer.edu.tw/
1796,internet,網際網路；互聯網,https://terms.naer.edu.tw/
1797,internet marketing,網路行銷,https://terms.naer.edu.tw/
1798,internship,實習,https://terms.naer.edu.tw/
1799,interoperability,交互作用,https://terms.naer.edu.tw/
1800,interorganizational dependence,組織間依賴,https://terms.naer.edu.tw/
1801,interorganizational politics,組織間政治,https://terms.naer.edu.tw/
1802,interpersonal relation,人際關係,https://terms.naer.edu.tw/
1803,interpretive theory,詮釋理論,https://terms.naer.edu.tw/
1804,interpretivism,詮釋論,https://terms.naer.edu.tw/
1805,interrole conflict,角色間衝突,https://terms.naer.edu.tw/
1806,interrupted time-series analysis,間斷時間序列分析,https://terms.naer.edu.tw/
1807,intersender conflict,傳送者間衝突,https://terms.naer.edu.tw/
1808,Interstate Commerce Commission (ICC),美國州際商務委員會,https://terms.naer.edu.tw/
1809,intersubjectivity,交互主觀性,https://terms.naer.edu.tw/
1810,interval estimation,區間估計,https://terms.naer.edu.tw/
1811,intervening variable,中介變項,https://terms.naer.edu.tw/
1812,intervention theory,干預理論,https://terms.naer.edu.tw/
1813,interventionalism,干預主義,https://terms.naer.edu.tw/
1814,interview,訪談法,https://terms.naer.edu.tw/
1815,interviewing method,訪問法,https://terms.naer.edu.tw/
1816,intranet,內部網路,https://terms.naer.edu.tw/
1817,intrarole conflect,角色內衝突,https://terms.naer.edu.tw/
1818,intrinsic motivation,內在動機,https://terms.naer.edu.tw/
1819,intrinsic purpose,內在目的,https://terms.naer.edu.tw/
1820,intrinsic reward,內在報酬,https://terms.naer.edu.tw/
1821,intrinsic value,內在價值,https://terms.naer.edu.tw/
1822,intuition,直覺,https://terms.naer.edu.tw/
1823,intuitive argument,直覺式論證,https://terms.naer.edu.tw/
1824,intuitive forecasting,直覺預測法,https://terms.naer.edu.tw/
1825,invisible government,隱性政府；無形的政府,https://terms.naer.edu.tw/
1826,iron law of oligarchy,寡頭鐵律,https://terms.naer.edu.tw/
1827,iron triangle,鐵三角,https://terms.naer.edu.tw/
1828,isolationism,孤立主義,https://terms.naer.edu.tw/
1829,isomorphism,同形主義,https://terms.naer.edu.tw/
1830,issue advocates,議題倡導者,https://terms.naer.edu.tw/
1831,issue management,議題管理,https://terms.naer.edu.tw/
1832,issue network,議題網絡,https://terms.naer.edu.tw/
1833,itemized deduction,列舉扣除額,https://terms.naer.edu.tw/
1834,Janis， Irving L.， 1918~1990,詹尼士,https://terms.naer.edu.tw/
1835,job analysis,工作分析,https://terms.naer.edu.tw/
1836,job bidding,職缺競爭,https://terms.naer.edu.tw/
1837,job classification,工作分類,https://terms.naer.edu.tw/
1838,job classification method,工作分類法,https://terms.naer.edu.tw/
1839,job competency profile,職能說明書,https://terms.naer.edu.tw/
1840,job description,工作說明書,https://terms.naer.edu.tw/
1841,job design,工作設計,https://terms.naer.edu.tw/
1842,job enlargement,工作擴大化,https://terms.naer.edu.tw/
1843,job enrichment,工作豐富化,https://terms.naer.edu.tw/
1844,job evaluation,工作評價,https://terms.naer.edu.tw/
1845,job management,工作管理,https://terms.naer.edu.tw/
1846,job posting,職缺公告,https://terms.naer.edu.tw/
1847,job ranking method,工作評等法,https://terms.naer.edu.tw/
1848,job redesign,工作重設計,https://terms.naer.edu.tw/
1849,job rotation,工作輪調,https://terms.naer.edu.tw/
1850,job satisfaction,工作滿足,https://terms.naer.edu.tw/
1851,job sharing,工作分擔,https://terms.naer.edu.tw/
1852,job simplification,工作簡化,https://terms.naer.edu.tw/
1853,job specialization,工作專業化；工作規範,https://terms.naer.edu.tw/
1854,job standardization,工作標準化,https://terms.naer.edu.tw/
1855,job worth factor,工作價值因素,https://terms.naer.edu.tw/
1856,Johnson， Lyndon B.， 1908~1973,詹森,https://terms.naer.edu.tw/
1857,joined-up government,整合型政府,https://terms.naer.edu.tw/
1858,joint venture,合資經營；聯合開發,https://terms.naer.edu.tw/
1859,jointed government,整合式政府,https://terms.naer.edu.tw/
1860,Jones， Charles O.,鍾斯,https://terms.naer.edu.tw/
1861,Journal of Policy Analysis,政策分析學報,https://terms.naer.edu.tw/
1862,judgement evaluation,判斷式評估,https://terms.naer.edu.tw/
1863,judgement ranking,判斷考績法,https://terms.naer.edu.tw/
1864,judgmental forecasting,判斷式預測,https://terms.naer.edu.tw/
1865,judicial activism,司法積極論,https://terms.naer.edu.tw/
1866,judicial branch,司法部門,https://terms.naer.edu.tw/
1867,judicial independence,司法獨立,https://terms.naer.edu.tw/
1868,judicial legislation,司法性立法,https://terms.naer.edu.tw/
1869,judicial review,司法審核制,https://terms.naer.edu.tw/
1870,Jun， Jong S.,全鍾燮,https://terms.naer.edu.tw/
1871,jurisdiction,管轄權,https://terms.naer.edu.tw/
1872,Kahn， Robert L.， 1918~,卡恩,https://terms.naer.edu.tw/
1873,Kant， Immanuel， 1724~1804,康德,https://terms.naer.edu.tw/
1874,Kaufman， Herbert， 1922~,考福曼,https://terms.naer.edu.tw/
1875,Kennedy， John F.， 1917~1963,甘迺迪,https://terms.naer.edu.tw/
1876,Kenneth Arrow's impossibility theorem,亞羅不可能定理,https://terms.naer.edu.tw/
1877,key informant approach,專家估計法,https://terms.naer.edu.tw/
1878,key performance index (KPI),關鍵績效指標,https://terms.naer.edu.tw/
1879,key process area (KPA),關鍵程序領域,https://terms.naer.edu.tw/
1880,Keynesianism,凱因斯主義,https://terms.naer.edu.tw/
1881,King， Martin Luther， 1929~1968,金恩,https://terms.naer.edu.tw/
1882,Kingdon， John W.,金敦,https://terms.naer.edu.tw/
1883,knowledge,知識,https://terms.naer.edu.tw/
1884,knowledge acquisition,知識取得,https://terms.naer.edu.tw/
1885,knowledge assets,知識財產,https://terms.naer.edu.tw/
1886,knowledge audit,知識盤點,https://terms.naer.edu.tw/
1887,knowledge base,知識庫,https://terms.naer.edu.tw/
1888,knowledge claims,知識主張,https://terms.naer.edu.tw/
1889,knowledge conversion,知識轉換,https://terms.naer.edu.tw/
1890,knowledge creation,知識創造,https://terms.naer.edu.tw/
1891,knowledge discovery in databases (KDD),資料庫的知識搜尋,https://terms.naer.edu.tw/
1892,knowledge dissemination,知識擴散,https://terms.naer.edu.tw/
1893,knowledge distribution,知識分配,https://terms.naer.edu.tw/
1894,knowledge economy,知識經濟,https://terms.naer.edu.tw/
1895,knowledge engineer,知識工程師,https://terms.naer.edu.tw/
1896,knowledge harvesting,知識彙整,https://terms.naer.edu.tw/
1897,knowledge hierarchy,知識層級,https://terms.naer.edu.tw/
1898,knowledge management (KM),知識管理,https://terms.naer.edu.tw/
1899,knowledge map,知識圖,https://terms.naer.edu.tw/
1900,knowledge mapping,知識製圖,https://terms.naer.edu.tw/
1901,knowledge organization,知識組織,https://terms.naer.edu.tw/
1902,knowledge power,知識權力,https://terms.naer.edu.tw/
1903,knowledge practitioner,知識實務者,https://terms.naer.edu.tw/
1904,knowledge production,知識生產,https://terms.naer.edu.tw/
1905,knowledge specialist,知識專家,https://terms.naer.edu.tw/
1906,knowledge storage,知識蓄積；知識儲存,https://terms.naer.edu.tw/
1907,knowledge use,知識應用,https://terms.naer.edu.tw/
1908,knowledge worker,知識工作者,https://terms.naer.edu.tw/
1909,knowledge-based workforce,知基勞力,https://terms.naer.edu.tw/
1910,knowledge-basis layer,知基層級,https://terms.naer.edu.tw/
1911,knowledge-creating crew,知識創造團隊,https://terms.naer.edu.tw/
1912,knowledge， skills and abilities (KSA),知識、技能與能力,https://terms.naer.edu.tw/
1913,Kyoto Protocol,京都議定書,https://terms.naer.edu.tw/
1914,labeling,貼標籤,https://terms.naer.edu.tw/
1915,labor intensive,勞力密集,https://terms.naer.edu.tw/
1916,labor management,勞工管理,https://terms.naer.edu.tw/
1917,labor movement,勞工運動,https://terms.naer.edu.tw/
1918,labor union,工會,https://terms.naer.edu.tw/
1919,labor-management partnership,勞資夥伴關係,https://terms.naer.edu.tw/
1920,labor-management regime,勞資制度,https://terms.naer.edu.tw/
1921,laboratory of democracy,民主實驗室,https://terms.naer.edu.tw/
1922,laboratory training (T-group),實驗室訓練法 (T團體),https://terms.naer.edu.tw/
1923,ladder of citizen participation,公民參與階梯,https://terms.naer.edu.tw/
1924,Laffer curve,拉弗爾曲線,https://terms.naer.edu.tw/
1925,laissez faire,自由放任,https://terms.naer.edu.tw/
1926,Laplace principle,拉普列斯原則,https://terms.naer.edu.tw/
1927,Lasswell， Harold D.， 1902~1978,拉斯威爾,https://terms.naer.edu.tw/
1928,law of large numbers,大數法則,https://terms.naer.edu.tw/
1929,Lawrence， Paul R.,勞倫斯,https://terms.naer.edu.tw/
1930,layer-cake federalism,千層糕式聯邦主義,https://terms.naer.edu.tw/
1931,layman management,外行人管理,https://terms.naer.edu.tw/
1932,layoff,解雇,https://terms.naer.edu.tw/
1933,leader trait,領袖特質,https://terms.naer.edu.tw/
1934,leader-member exchange theory,領導者-成員交換理論,https://terms.naer.edu.tw/
1935,leadership,領導,https://terms.naer.edu.tw/
1936,leadership style,領導型態,https://terms.naer.edu.tw/
1937,leadership training,領導訓練,https://terms.naer.edu.tw/
1938,leading indicator,領先指標,https://terms.naer.edu.tw/
1939,leakage of authority,權威漏洞,https://terms.naer.edu.tw/
1940,learning curve,學習曲線,https://terms.naer.edu.tw/
1941,learning effect curve,學習效應曲線,https://terms.naer.edu.tw/
1942,learning organization,學習型組織,https://terms.naer.edu.tw/
1943,learning paradigm,學習典範,https://terms.naer.edu.tw/
1944,learning-by-doing,做中學,https://terms.naer.edu.tw/
1945,least preferred coworker scale (LPC),最不受歡迎工作夥伴量表,https://terms.naer.edu.tw/
1946,least-cost criterion,最少成本標準,https://terms.naer.edu.tw/
1947,leave for statutory reasons,公假,https://terms.naer.edu.tw/
1948,legal accountability,法律課責,https://terms.naer.edu.tw/
1949,legal feasibility,法律可行性,https://terms.naer.edu.tw/
1950,legal imperative,法定要件,https://terms.naer.edu.tw/
1951,legal monopoly,合法獨占,https://terms.naer.edu.tw/
1952,legal rationality,法律理性,https://terms.naer.edu.tw/
1953,legislative branch,立法部門,https://terms.naer.edu.tw/
1954,legislative intent,立法意圖,https://terms.naer.edu.tw/
1955,legislative liaison,議會聯絡人(員),https://terms.naer.edu.tw/
1956,legislative oversight,立法監督,https://terms.naer.edu.tw/
1957,legislative veto,立法否決,https://terms.naer.edu.tw/
1958,legitimacy,合法性；正當性,https://terms.naer.edu.tw/
1959,legitimacy claim,正當性主張；合法性主張,https://terms.naer.edu.tw/
1960,legitimation,合法化,https://terms.naer.edu.tw/
1961,lengthy report,冗長報告,https://terms.naer.edu.tw/
1962,Lerner， Daniel， 1917~1980,賴納,https://terms.naer.edu.tw/
1963,letter of transmittal,轉送函,https://terms.naer.edu.tw/
1964,level of responsibility,責任層次,https://terms.naer.edu.tw/
1965,leverage,槓桿作用,https://terms.naer.edu.tw/
1966,Lewin， Kurt， 1890~1947,盧溫,https://terms.naer.edu.tw/
1967,liaison role,聯絡角色,https://terms.naer.edu.tw/
1968,liberal democracy,自由式民主,https://terms.naer.edu.tw/
1969,liberal policy,自由派政策,https://terms.naer.edu.tw/
1970,liberalization,自由化,https://terms.naer.edu.tw/
1971,liberation management,解放管理,https://terms.naer.edu.tw/
1972,libertarianism,自由主義,https://terms.naer.edu.tw/
1973,life and career planning intervention,生活與職涯規劃干預法,https://terms.naer.edu.tw/
1974,life cycle,生命週期,https://terms.naer.edu.tw/
1975,life cycle costing,生命週期成本法,https://terms.naer.edu.tw/
1976,lifelong learning,終身學習,https://terms.naer.edu.tw/
1977,Likert， Rensis， 1903~1981,李克特,https://terms.naer.edu.tw/
1978,limited government,有限政府,https://terms.naer.edu.tw/
1979,Lincoln， Abraham， 1809~1865,林肯,https://terms.naer.edu.tw/
1980,Lindblom， Charles E.， 1917~,林布隆,https://terms.naer.edu.tw/
1981,line manager,業務主管,https://terms.naer.edu.tw/
1982,line unit,業務單位,https://terms.naer.edu.tw/
1983,line-item budget,項目預算,https://terms.naer.edu.tw/
1984,line-item veto,條項否決,https://terms.naer.edu.tw/
1985,linear programming,線性規劃[法],https://terms.naer.edu.tw/
1986,linear trend estimation,線性趨勢估計,https://terms.naer.edu.tw/
1987,linking pin,連針人；連結者,https://terms.naer.edu.tw/
1988,Lipsky， Michael,李普斯基,https://terms.naer.edu.tw/
1989,literature review,文獻回顧,https://terms.naer.edu.tw/
1990,lobby alliance,遊說聯盟,https://terms.naer.edu.tw/
1991,lobbying,遊說,https://terms.naer.edu.tw/
1992,Lobbying Act of 1946,1946年遊說法(美國),https://terms.naer.edu.tw/
1993,lobbyist,遊說者,https://terms.naer.edu.tw/
1994,local audit organization,地方審計機關,https://terms.naer.edu.tw/
1995,local autonomy democracy,地方自主民主,https://terms.naer.edu.tw/
1996,local governance,地方治理,https://terms.naer.edu.tw/
1997,local government,地方政府,https://terms.naer.edu.tw/
1998,local income tax,地方所得稅,https://terms.naer.edu.tw/
1999,local public finance,地方財政,https://terms.naer.edu.tw/
2000,locality pay,地域薪,https://terms.naer.edu.tw/
2001,lock-in effect,閉鎖效果,https://terms.naer.edu.tw/
2002,Locke， John， 1632~1704,洛克,https://terms.naer.edu.tw/
2003,logic-in-use,應用邏輯,https://terms.naer.edu.tw/
2004,logical positivism,邏輯實證論,https://terms.naer.edu.tw/
2005,logrolling legislation,滾木立法,https://terms.naer.edu.tw/
2006,long run plan,長程計畫,https://terms.naer.edu.tw/
2007,long-linked technology,長鏈結技術,https://terms.naer.edu.tw/
2008,long-term planning,長程規劃,https://terms.naer.edu.tw/
2009,longitudinal data collection,縱貫資料蒐集法,https://terms.naer.edu.tw/
2010,longitudinal study approach,縱貫研究途徑,https://terms.naer.edu.tw/
2011,loose Coupling,鬆散連結,https://terms.naer.edu.tw/
2012,Lorenz curve,勞倫茲曲線,https://terms.naer.edu.tw/
2013,Lorsch， Jay W.,洛西,https://terms.naer.edu.tw/
2014,loss control,損失控管,https://terms.naer.edu.tw/
2015,Lowi， Theodore J.， 1931~ 　　　 　,羅威,https://terms.naer.edu.tw/
2016,lump-sum relief payment,一次撫卹金,https://terms.naer.edu.tw/
2017,lump-sum retirement payment,一次退休金,https://terms.naer.edu.tw/
2018,lump-sum tax,定額稅,https://terms.naer.edu.tw/
2019,M-shape society,M型社會,https://terms.naer.edu.tw/
2020,MacRae， Duncan， 1921~,馬克瑞,https://terms.naer.edu.tw/
2021,macro efficiency,總體效率,https://terms.naer.edu.tw/
2022,macro-level analysis,宏觀層次分析,https://terms.naer.edu.tw/
2023,macroeconomics,總體經濟學,https://terms.naer.edu.tw/
2024,Major， John， 1943~,梅傑,https://terms.naer.edu.tw/
2025,majoritarian politics,多數決政治,https://terms.naer.edu.tw/
2026,majority building strategy,建立多數決策略,https://terms.naer.edu.tw/
2027,majority coalition,多數聯盟,https://terms.naer.edu.tw/
2028,majority rule,多數決原則,https://terms.naer.edu.tw/
2029,maladministration,管理不善,https://terms.naer.edu.tw/
2030,man-to-man comparison scale,人與人比較量尺,https://terms.naer.edu.tw/
2031,managed competition,管理型競爭,https://terms.naer.edu.tw/
2032,management by exception,例外管理,https://terms.naer.edu.tw/
2033,management by objective (MBO),目標管理,https://terms.naer.edu.tw/
2034,management by participation,參與管理,https://terms.naer.edu.tw/
2035,management by regulation,管制管理,https://terms.naer.edu.tw/
2036,management by wandering around (MBWA),走動式管理,https://terms.naer.edu.tw/
2037,management information system (MIS),管理資訊系統,https://terms.naer.edu.tw/
2038,management intelligence,管理智慧,https://terms.naer.edu.tw/
2039,management inventory,管理人才庫,https://terms.naer.edu.tw/
2040,management science,管理科學,https://terms.naer.edu.tw/
2041,management style,管理型態；管理風格,https://terms.naer.edu.tw/
2042,management succession plan,管理人才接續計畫,https://terms.naer.edu.tw/
2043,managerial elite,管理菁英,https://terms.naer.edu.tw/
2044,managerial flexibility,管理彈性,https://terms.naer.edu.tw/
2045,managerial grid,管理格道；管理格狀,https://terms.naer.edu.tw/
2046,managerial level,管理階層,https://terms.naer.edu.tw/
2047,managerial revolution,管理革命,https://terms.naer.edu.tw/
2048,managerial state,管理主義國家,https://terms.naer.edu.tw/
2049,managerialism,管理主義,https://terms.naer.edu.tw/
2050,managerialism,管理主義,https://terms.naer.edu.tw/
2051,managing anxiety,管理焦慮,https://terms.naer.edu.tw/
2052,managing for results,成果管理,https://terms.naer.edu.tw/
2053,mandates,委任,https://terms.naer.edu.tw/
2054,mandatory retirement,強制退休,https://terms.naer.edu.tw/
2055,manifesto,宣言,https://terms.naer.edu.tw/
2056,manpower,人力,https://terms.naer.edu.tw/
2057,manpower acquisition,徵才,https://terms.naer.edu.tw/
2058,manpower forcasting,人力預測,https://terms.naer.edu.tw/
2059,marble-cake federalism,大理石蛋糕式聯邦主義,https://terms.naer.edu.tw/
2060,March， James G.， 1928~,馬區,https://terms.naer.edu.tw/
2061,marginal analysis,邊際分析,https://terms.naer.edu.tw/
2062,marginal cost,邊際成本,https://terms.naer.edu.tw/
2063,marginal rate of substitution,邊際替代率,https://terms.naer.edu.tw/
2064,marginal return,邊際報酬,https://terms.naer.edu.tw/
2065,marginal tax rate,邊際稅率,https://terms.naer.edu.tw/
2066,marginal utility theory,邊際效用理論,https://terms.naer.edu.tw/
2067,market assets,市場資產,https://terms.naer.edu.tw/
2068,market economy,市場經濟,https://terms.naer.edu.tw/
2069,market failure,市場失靈,https://terms.naer.edu.tw/
2070,market fundamentalism,市場基本主義,https://terms.naer.edu.tw/
2071,market imperfection,市場不完美性；市場缺陷,https://terms.naer.edu.tw/
2072,market mechanism,市場機制,https://terms.naer.edu.tw/
2073,market model,市場模式,https://terms.naer.edu.tw/
2074,market segmentation,市場區隔,https://terms.naer.edu.tw/
2075,market share,市場佔有率,https://terms.naer.edu.tw/
2076,market testing,市場測試,https://terms.naer.edu.tw/
2077,market-driven management,市場導向管理,https://terms.naer.edu.tw/
2078,market-oriented public administration,市場取向的公共行政,https://terms.naer.edu.tw/
2079,Marxism,馬克斯主義,https://terms.naer.edu.tw/
2080,Maslow， Abraham H.， 1908~1970,馬斯婁,https://terms.naer.edu.tw/
2081,mass production,大量生產,https://terms.naer.edu.tw/
2082,mass society,群眾社會,https://terms.naer.edu.tw/
2083,matching grants,配合款,https://terms.naer.edu.tw/
2084,material policy,物質性政策,https://terms.naer.edu.tw/
2085,maternity leave,產假,https://terms.naer.edu.tw/
2086,matrix structure,矩陣結構,https://terms.naer.edu.tw/
2087,maximax decision rule,大中取大原則,https://terms.naer.edu.tw/
2088,maximin decision rule,小中取大原則,https://terms.naer.edu.tw/
2089,maximin principle,劣勢者利益最大化原則,https://terms.naer.edu.tw/
2090,maximum feasible participation,最大可行的參與,https://terms.naer.edu.tw/
2091,maximum-effectiveness,極大效能,https://terms.naer.edu.tw/
2092,maximun likelihood decision rule,最可能發生情況決策法,https://terms.naer.edu.tw/
2093,Mayo， Elton， 1880~1949,梅堯,https://terms.naer.edu.tw/
2094,mayor-council system,市長議會制,https://terms.naer.edu.tw/
2095,McCarthyism,麥卡錫主義,https://terms.naer.edu.tw/
2096,McGregor， Douglas M.， 1906~1964,麥克葛瑞格,https://terms.naer.edu.tw/
2097,means-end framework,手段目的架構,https://terms.naer.edu.tw/
2098,means-ends chain,手段目的鍊,https://terms.naer.edu.tw/
2099,mechanistic model,機械式模式,https://terms.naer.edu.tw/
2100,median voter theorem,中間選民定理,https://terms.naer.edu.tw/
2101,mediated co-ordination,仲裁性調解,https://terms.naer.edu.tw/
2102,mediating technology,中介技術,https://terms.naer.edu.tw/
2103,mediation,調解,https://terms.naer.edu.tw/
2104,Medicaid,美國醫療補助措施,https://terms.naer.edu.tw/
2105,Medicare,美國醫療照護措施,https://terms.naer.edu.tw/
2106,medium-term plan budgeting system,中程計畫預算制度,https://terms.naer.edu.tw/
2107,mental model,心智模式,https://terms.naer.edu.tw/
2108,mental revolution,心智革命,https://terms.naer.edu.tw/
2109,mentoring system,師徒制,https://terms.naer.edu.tw/
2110,mentorship,師徒關係,https://terms.naer.edu.tw/
2111,mercantilism,重商主義,https://terms.naer.edu.tw/
2112,merger and acquisition (M&A),併購,https://terms.naer.edu.tw/
2113,merit goods,殊價財,https://terms.naer.edu.tw/
2114,merit pay,功績薪；功績俸,https://terms.naer.edu.tw/
2115,merit pay increase,功績加薪,https://terms.naer.edu.tw/
2116,Merit Pay System (MPS),功績薪制,https://terms.naer.edu.tw/
2117,merit system,功績制,https://terms.naer.edu.tw/
2118,Merit System Protection Board (MSPB),美國功績制保護委員會,https://terms.naer.edu.tw/
2119,merit-based public service,功績制公職,https://terms.naer.edu.tw/
2120,meritocracy,功績體制,https://terms.naer.edu.tw/
2121,Merton， Robert K.， 1910~2003,莫頓,https://terms.naer.edu.tw/
2122,meso theory,中層理論,https://terms.naer.edu.tw/
2123,meso-level analysis,中觀層次分析,https://terms.naer.edu.tw/
2124,meta analysis,後設分析；統合分析,https://terms.naer.edu.tw/
2125,meta-cognition,後設認知,https://terms.naer.edu.tw/
2126,meta-competence,後設能力,https://terms.naer.edu.tw/
2127,meta-governance,後設治理,https://terms.naer.edu.tw/
2128,meta-ideology,後設意識型態,https://terms.naer.edu.tw/
2129,meta-management,後設管理,https://terms.naer.edu.tw/
2130,meta-policymaking,後設決策,https://terms.naer.edu.tw/
2131,metaethics,後設倫理學,https://terms.naer.edu.tw/
2132,metaphor,隱喻,https://terms.naer.edu.tw/
2133,metapolicy,後設政策,https://terms.naer.edu.tw/
2134,metaproblem,後設問題,https://terms.naer.edu.tw/
2135,method argument,方法論證,https://terms.naer.edu.tw/
2136,methodological individualism,方法論個人主義,https://terms.naer.edu.tw/
2137,methodological opportunity costs,方法論的機會成本,https://terms.naer.edu.tw/
2138,methodology,方法論,https://terms.naer.edu.tw/
2139,metropolitan government,都會型政府,https://terms.naer.edu.tw/
2140,micro-level analysis,微觀層次分析,https://terms.naer.edu.tw/
2141,micro-management; micromanagement,微觀管理,https://terms.naer.edu.tw/
2142,micro-politics,個體政治學,https://terms.naer.edu.tw/
2143,microeconomics,個體經濟學,https://terms.naer.edu.tw/
2144,micropositive information,微觀資訊,https://terms.naer.edu.tw/
2145,middle run plan,中程計畫,https://terms.naer.edu.tw/
2146,Mile's law,邁爾斯定律,https://terms.naer.edu.tw/
2147,military industrial complex,軍事工業複合體；軍工複合體,https://terms.naer.edu.tw/
2148,mimetic forces,模仿力,https://terms.naer.edu.tw/
2149,mimetic isomorphism,模仿同形主義,https://terms.naer.edu.tw/
2150,minigovernment,迷你政府,https://terms.naer.edu.tw/
2151,minimal state,最小規模國家,https://terms.naer.edu.tw/
2152,minimax decision rule,大中取小決策原則,https://terms.naer.edu.tw/
2153,minimax regret decision rule,遺憾最少決策原則,https://terms.naer.edu.tw/
2154,minimin decision rule,小中取小決策原則,https://terms.naer.edu.tw/
2155,minimum wage law,最低工資法,https://terms.naer.edu.tw/
2156,ministerial accountability,部長課責,https://terms.naer.edu.tw/
2157,ministerial responsibility,部長責任,https://terms.naer.edu.tw/
2158,Minnowbrook Conference,明諾布魯克會議,https://terms.naer.edu.tw/
2159,minority group,少數團體,https://terms.naer.edu.tw/
2160,Mintzberg， Henry， 1939~,敏滋伯格,https://terms.naer.edu.tw/
2161,misconduct,不良行為,https://terms.naer.edu.tw/
2162,misery index,痛苦指數,https://terms.naer.edu.tw/
2163,mission statement,使命陳述；任務陳述,https://terms.naer.edu.tw/
2164,Mitterrand， Francois， 1916~1996,密特朗,https://terms.naer.edu.tw/
2165,mixed economy,混合經濟,https://terms.naer.edu.tw/
2166,mixed-economy welfare-state,混合經濟福利國家,https://terms.naer.edu.tw/
2167,mixed-scanning decision-making approach,混合掃描決策途徑,https://terms.naer.edu.tw/
2168,mobile government,行動政府,https://terms.naer.edu.tw/
2169,mobilization of bias,偏見動員,https://terms.naer.edu.tw/
2170,mode of argument,論證方式,https://terms.naer.edu.tw/
2171,model,模式,https://terms.naer.edu.tw/
2172,model city program,模範市方案,https://terms.naer.edu.tw/
2173,model study approach,模式研究途徑,https://terms.naer.edu.tw/
2174,moderately structured problem,中度結構問題,https://terms.naer.edu.tw/
2175,modular structure,模組式結構,https://terms.naer.edu.tw/
2176,monetarism,貨幣主義,https://terms.naer.edu.tw/
2177,monetary policy,貨幣政策,https://terms.naer.edu.tw/
2178,monetary valuation,貨幣估價,https://terms.naer.edu.tw/
2179,money market,貨幣市場,https://terms.naer.edu.tw/
2180,monism,一元論,https://terms.naer.edu.tw/
2181,monitoring,監測,https://terms.naer.edu.tw/
2182,monitoring techniques,監測技術,https://terms.naer.edu.tw/
2183,monocultural organization,單元文化組織,https://terms.naer.edu.tw/
2184,monoculturalism,單元文化主義,https://terms.naer.edu.tw/
2185,monopoly pricing,獨占定價,https://terms.naer.edu.tw/
2186,monopoly rent,獨占租,https://terms.naer.edu.tw/
2187,monopoly revenue,專賣收入,https://terms.naer.edu.tw/
2188,monthly retirement payment,月退休金,https://terms.naer.edu.tw/
2189,moral commitment,道德承諾,https://terms.naer.edu.tw/
2190,moral hazard,道德危機,https://terms.naer.edu.tw/
2191,moral leadership,道德領導,https://terms.naer.edu.tw/
2192,moral relativism,道德相對主義,https://terms.naer.edu.tw/
2193,moral sanction,道德懲罰,https://terms.naer.edu.tw/
2194,moralistic perspective,道德主義觀點,https://terms.naer.edu.tw/
2195,morphological analysis,形態學的分析,https://terms.naer.edu.tw/
2196,morphostasis,動態平衡,https://terms.naer.edu.tw/
2197,mosaic network,拼圖網絡,https://terms.naer.edu.tw/
2198,Mosher， Frederick C.， 1913~1990,莫雪,https://terms.naer.edu.tw/
2199,most-favored nation,最惠國,https://terms.naer.edu.tw/
2200,motivation,激勵；動機,https://terms.naer.edu.tw/
2201,motivation-hygiene theory,激勵保健理論,https://terms.naer.edu.tw/
2202,motivator,激勵因素,https://terms.naer.edu.tw/
2203,muddling through,漸進調適,https://terms.naer.edu.tw/
2204,multi-centrism,多元中心主義,https://terms.naer.edu.tw/
2205,multi-governments public affairs,多邊政府公共事務,https://terms.naer.edu.tw/
2206,multi-level governance,多層次治理,https://terms.naer.edu.tw/
2207,multi-level governance,多層次治理,https://terms.naer.edu.tw/
2208,multi-source assessment model (MSA),多源評量模式,https://terms.naer.edu.tw/
2209,multiattribute utility analysis,多屬性效用分析,https://terms.naer.edu.tw/
2210,multilateral bargaining,多邊協商,https://terms.naer.edu.tw/
2211,multimethod forecasting,多元預測方法,https://terms.naer.edu.tw/
2212,multiple goals,多元目標,https://terms.naer.edu.tw/
2213,multiple perspective analysis,多元觀點分析法,https://terms.naer.edu.tw/
2214,multiple triangulation,多元三角定位法,https://terms.naer.edu.tw/
2215,multiyear budgeting,多年度預算,https://terms.naer.edu.tw/
2216,multiyear planning,多年度規劃,https://terms.naer.edu.tw/
2217,Murphy's law,墨菲定律,https://terms.naer.edu.tw/
2218,mutual adjustment,相互調適,https://terms.naer.edu.tw/
2219,mutual fund,共同基金,https://terms.naer.edu.tw/
2220,mutual trust,互信,https://terms.naer.edu.tw/
2221,Nagel， Stuart S.， 1934-2001,那格爾,https://terms.naer.edu.tw/
2222,Naisbitt， John， 1929~,奈思比,https://terms.naer.edu.tw/
2223,nanny state,褓母國家,https://terms.naer.edu.tw/
2224,narrative analysis,敘事分析,https://terms.naer.edu.tw/
2225,Nash equilibrium,納許均衡,https://terms.naer.edu.tw/
2226,National Academy of Public Administration,美國國家公共行政學院,https://terms.naer.edu.tw/
2227,National Federation of Federal Employees (NFFE),美國聯邦公務員聯盟,https://terms.naer.edu.tw/
2228,National Health Service (NHS),英國國家健保局,https://terms.naer.edu.tw/
2229,national income(NI),國民所得,https://terms.naer.edu.tw/
2230,National Information Infrastructure (NII),國家資訊基礎建設,https://terms.naer.edu.tw/
2231,national insurance,國民保險,https://terms.naer.edu.tw/
2232,National Labor Relations Board,美國國家勞動關係委員會,https://terms.naer.edu.tw/
2233,National Performance Review (NPR),美國全國績效評估,https://terms.naer.edu.tw/
2234,National Personnel Association,美國人事協會,https://terms.naer.edu.tw/
2235,national remedy,國家賠償,https://terms.naer.edu.tw/
2236,National Security Council,國家安全委員會；國家安全會議,https://terms.naer.edu.tw/
2237,national socialism,國家社會主義,https://terms.naer.edu.tw/
2238,national tax,國稅,https://terms.naer.edu.tw/
2239,nationalization,國有化,https://terms.naer.edu.tw/
2240,natural aristocracy,天生貴族,https://terms.naer.edu.tw/
2241,natural law,自然法,https://terms.naer.edu.tw/
2242,natural monopoly,自然獨占,https://terms.naer.edu.tw/
2243,natural rights,自然權利,https://terms.naer.edu.tw/
2244,naturalistic perspective,自然主義觀點,https://terms.naer.edu.tw/
2245,need for achievement,成就需要,https://terms.naer.edu.tw/
2246,need for affiliation,親和需要,https://terms.naer.edu.tw/
2247,need for fulfillment,需要實現,https://terms.naer.edu.tw/
2248,need for power,權力需要,https://terms.naer.edu.tw/
2249,need of existence,生存需要,https://terms.naer.edu.tw/
2250,need of growth,成長需要,https://terms.naer.edu.tw/
2251,need of relatedness,關係需要,https://terms.naer.edu.tw/
2252,need theory,需要理論,https://terms.naer.edu.tw/
2253,needs assessment,需要評量,https://terms.naer.edu.tw/
2254,negative entropy,反熵作用,https://terms.naer.edu.tw/
2255,negative feedback loop,負向迴路,https://terms.naer.edu.tw/
2256,negative income tax,負所得稅,https://terms.naer.edu.tw/
2257,negative reinforcement,負增強,https://terms.naer.edu.tw/
2258,negative rights,消極權利,https://terms.naer.edu.tw/
2259,negligent hiring,過失性雇用,https://terms.naer.edu.tw/
2260,negligent referral,過失性推薦,https://terms.naer.edu.tw/
2261,negligent retention,過失性留用,https://terms.naer.edu.tw/
2262,negotiated rulemaking,協商式規則制定,https://terms.naer.edu.tw/
2263,negotiating state,協商式國家,https://terms.naer.edu.tw/
2264,neo-idealism,新理想主義,https://terms.naer.edu.tw/
2265,neo-liberals,新自由派,https://terms.naer.edu.tw/
2266,neo-marxist,新馬克斯主義學派,https://terms.naer.edu.tw/
2267,neo-realism,新現實主義,https://terms.naer.edu.tw/
2268,neo-Taylorism,新泰勒主義,https://terms.naer.edu.tw/
2269,neoclassical economics,新古典經濟學,https://terms.naer.edu.tw/
2270,neocorporatism,新統合主義,https://terms.naer.edu.tw/
2271,neopluralism,新多元主義,https://terms.naer.edu.tw/
2272,neopopulism; new populism,新民粹主義,https://terms.naer.edu.tw/
2273,nepotism,裙帶關係,https://terms.naer.edu.tw/
2274,net benefit,淨利益,https://terms.naer.edu.tw/
2275,net economic benefit,純經濟利益,https://terms.naer.edu.tw/
2276,net effect,淨影響,https://terms.naer.edu.tw/
2277,net present value,淨現値,https://terms.naer.edu.tw/
2278,net result,淨效果,https://terms.naer.edu.tw/
2279,netizens,網路公民,https://terms.naer.edu.tw/
2280,network,網絡；網路,https://terms.naer.edu.tw/
2281,network governance,網絡治理,https://terms.naer.edu.tw/
2282,network intelligence,網路智慧,https://terms.naer.edu.tw/
2283,network management,網絡管理,https://terms.naer.edu.tw/
2284,network organization,網絡型組織,https://terms.naer.edu.tw/
2285,network security,網路安全,https://terms.naer.edu.tw/
2286,network society,網絡社會,https://terms.naer.edu.tw/
2287,network theory,網絡理論,https://terms.naer.edu.tw/
2288,networked government,網絡政府,https://terms.naer.edu.tw/
2289,neues steuerungs model (NSM),新領航行政模式,https://terms.naer.edu.tw/
2290,neutralism,中立主義,https://terms.naer.edu.tw/
2291,new class of technocrats,技術官僚新階級,https://terms.naer.edu.tw/
2292,New Deal,新政,https://terms.naer.edu.tw/
2293,new federalism,新聯邦主義,https://terms.naer.edu.tw/
2294,new institutional economics,新制度經濟學,https://terms.naer.edu.tw/
2295,new institutionalism,新制度主義,https://terms.naer.edu.tw/
2296,new left,新左派,https://terms.naer.edu.tw/
2297,new managerialism,新管理主義,https://terms.naer.edu.tw/
2298,new multilateralism,新多邊主義,https://terms.naer.edu.tw/
2299,new new federalism,新新聯邦主義,https://terms.naer.edu.tw/
2300,New Public Administration (NPA),新公共行政,https://terms.naer.edu.tw/
2301,new public management (NPM),新公共管理,https://terms.naer.edu.tw/
2302,new public service,新公共服務,https://terms.naer.edu.tw/
2303,new right,新右派　,https://terms.naer.edu.tw/
2304,newly industrializing countries (NICs),新興工業化國家,https://terms.naer.edu.tw/
2305,Next Steps,續階計畫,https://terms.naer.edu.tw/
2306,niche,利基,https://terms.naer.edu.tw/
2307,Nigro， Lloyd G.,奈格羅,https://terms.naer.edu.tw/
2308,NIMBY(not in my back yard),鄰避情結；鄰避效應,https://terms.naer.edu.tw/
2309,Nixon， Richard M.， 1913~1994,尼克森,https://terms.naer.edu.tw/
2310,noblesse oblige,權貴風範,https://terms.naer.edu.tw/
2311,nominal group technique (NGT),名目團體法,https://terms.naer.edu.tw/
2312,nominal income,名目所得,https://terms.naer.edu.tw/
2313,non-governmental organization (NGO),非政府組織,https://terms.naer.edu.tw/
2314,non-interventionism,不干涉主義,https://terms.naer.edu.tw/
2315,non-linear thinking,非線性思考,https://terms.naer.edu.tw/
2316,non-profit organization (NPO),非營利組織,https://terms.naer.edu.tw/
2317,non-transfer expenditure,非移轉性支出,https://terms.naer.edu.tw/
2318,non-zero-sum game policy,非零和賽局型政策,https://terms.naer.edu.tw/
2319,nondecision,扼阻性決定,https://terms.naer.edu.tw/
2320,nondepartmental body,非部門的機制,https://terms.naer.edu.tw/
2321,nonexcludability,非排他性,https://terms.naer.edu.tw/
2322,nonlinear system,非線性系統,https://terms.naer.edu.tw/
2323,nonlinear time-series,非線性時間序列,https://terms.naer.edu.tw/
2324,nonprogrammed decisions,非程式化決策,https://terms.naer.edu.tw/
2325,nonreal expenditure,非實質支出,https://terms.naer.edu.tw/
2326,nonreal revenue,非實質收入,https://terms.naer.edu.tw/
2327,nonrivalry in consumption,消費的非敵對性,https://terms.naer.edu.tw/
2328,nonroutine technology,非例行性技術,https://terms.naer.edu.tw/
2329,nonteleological criteria,非目的性標準,https://terms.naer.edu.tw/
2330,normal good,正常財,https://terms.naer.edu.tw/
2331,normative decision theory,規範性決策理論,https://terms.naer.edu.tw/
2332,normative economics,規範經濟學,https://terms.naer.edu.tw/
2333,normative ethics,規範倫理,https://terms.naer.edu.tw/
2334,normative force,規範力,https://terms.naer.edu.tw/
2335,normative futures,規範性未來,https://terms.naer.edu.tw/
2336,normative Isomorphism,規範同形主義,https://terms.naer.edu.tw/
2337,normative model,規範的模式,https://terms.naer.edu.tw/
2338,normative need,規範性需要,https://terms.naer.edu.tw/
2339,normative optimal model,規範的最適模式,https://terms.naer.edu.tw/
2340,normative organization,規範性組織,https://terms.naer.edu.tw/
2341,normative policy analysis,規範性政策分析,https://terms.naer.edu.tw/
2342,norms of reciprocity,互惠法則,https://terms.naer.edu.tw/
2343,North American Free Trade Association (NAFTA),北美自由貿易協定,https://terms.naer.edu.tw/
2344,O’Toole， Barry J.， 1959~,奧圖,https://terms.naer.edu.tw/
2345,Oakland Project,奧克蘭專案,https://terms.naer.edu.tw/
2346,objective,目的,https://terms.naer.edu.tw/
2347,objective tree,目的樹,https://terms.naer.edu.tw/
2348,objectives mapping,目的製圖,https://terms.naer.edu.tw/
2349,objectivism,客觀主義,https://terms.naer.edu.tw/
2350,observation method,觀察法,https://terms.naer.edu.tw/
2351,occupational psychosis,職業病態,https://terms.naer.edu.tw/
2352,Occupational Safety and Health Administration (OSHA),美國職業安全與健康局,https://terms.naer.edu.tw/
2353,off-budget deficit,預算外赤字,https://terms.naer.edu.tw/
2354,off-duty hour,下班時間,https://terms.naer.edu.tw/
2355,off-the-job training,職外訓練,https://terms.naer.edu.tw/
2356,office automation (OA),辦公室自動化,https://terms.naer.edu.tw/
2357,Office of Government Ethics (OGE),美國政府倫理局,https://terms.naer.edu.tw/
2358,Office of Management and Budget (OMB),美國管理預算局,https://terms.naer.edu.tw/
2359,Office of Personnel Management (OPM),美國人事管理局,https://terms.naer.edu.tw/
2360,Office of Prime Minister and Cabinet,英國首相內閣辦公室,https://terms.naer.edu.tw/
2361,Office of Public Service and Science,英國公共服務及科學局,https://terms.naer.edu.tw/
2362,officer,官員,https://terms.naer.edu.tw/
2363,official business leave,公假,https://terms.naer.edu.tw/
2364,oligarchy,寡頭政治,https://terms.naer.edu.tw/
2365,Olsen， Johan P.， 1939~,歐森,https://terms.naer.edu.tw/
2366,ombudsman,行政監察官,https://terms.naer.edu.tw/
2367,on-budget deficit,預算內赤字,https://terms.naer.edu.tw/
2368,on-line analysis processing (OLAP),線上分析處理,https://terms.naer.edu.tw/
2369,on-line transaction processing (OLTP),線上交易處理,https://terms.naer.edu.tw/
2370,on-the-job leisure,怠工,https://terms.naer.edu.tw/
2371,on-the-job training (OJT),在職訓練,https://terms.naer.edu.tw/
2372,one-stop service,單一窗口服務,https://terms.naer.edu.tw/
2373,online portals,入口網站,https://terms.naer.edu.tw/
2374,online retailer,線上零售商,https://terms.naer.edu.tw/
2375,open dialogue,開放式對話,https://terms.naer.edu.tw/
2376,open government,公開性政府,https://terms.naer.edu.tw/
2377,open system,開放系統,https://terms.naer.edu.tw/
2378,operant conditioning,操作制約,https://terms.naer.edu.tw/
2379,operational definition,操作性定義,https://terms.naer.edu.tw/
2380,operations research (OR),作業研究,https://terms.naer.edu.tw/
2381,operative goal,營運目標,https://terms.naer.edu.tw/
2382,opinion leader,意見領袖,https://terms.naer.edu.tw/
2383,opinion survey,民意調查,https://terms.naer.edu.tw/
2384,opportunism,機會主義,https://terms.naer.edu.tw/
2385,opportunity cost,機會成本,https://terms.naer.edu.tw/
2386,optimum,最適化,https://terms.naer.edu.tw/
2387,optimum policy approach,最適政策途徑,https://terms.naer.edu.tw/
2388,oral briefing,口頭簡報,https://terms.naer.edu.tw/
2389,Oregon benchmark,奧立岡標竿,https://terms.naer.edu.tw/
2390,organic model,有機式模式,https://terms.naer.edu.tw/
2391,organization control,組織控制,https://terms.naer.edu.tw/
2392,organization development (OD),組織發展,https://terms.naer.edu.tw/
2393,organization domain,組織領域,https://terms.naer.edu.tw/
2394,Organization for Economic Cooperation and Development (OECD),經濟合作暨發展組織；經合組織,https://terms.naer.edu.tw/
2395,organization position chart,組織職位圖,https://terms.naer.edu.tw/
2396,organization replacement chart,組織替換圖,https://terms.naer.edu.tw/
2397,organization theory,組織理論,https://terms.naer.edu.tw/
2398,organizational behavior(OB),組織行為,https://terms.naer.edu.tw/
2399,organizational change,組織變革,https://terms.naer.edu.tw/
2400,organizational chart,組織圖,https://terms.naer.edu.tw/
2401,organizational citizenship,組織公民性,https://terms.naer.edu.tw/
2402,organizational citizenship behavior,組織公民行為,https://terms.naer.edu.tw/
2403,organizational climate,組織氣候；組織氛圍,https://terms.naer.edu.tw/
2404,organizational commitment,組織承諾,https://terms.naer.edu.tw/
2405,organizational communication,組織溝通,https://terms.naer.edu.tw/
2406,organizational configuration,組織形構,https://terms.naer.edu.tw/
2407,organizational conflict,組織衝突,https://terms.naer.edu.tw/
2408,organizational culture,組織文化,https://terms.naer.edu.tw/
2409,organizational decline,組織衰退,https://terms.naer.edu.tw/
2410,organizational defense mechanism,組織防衛機制,https://terms.naer.edu.tw/
2411,organizational design,組織設計,https://terms.naer.edu.tw/
2412,organizational differentiation,組織分化,https://terms.naer.edu.tw/
2413,organizational dynamics,組織動態,https://terms.naer.edu.tw/
2414,organizational ecology,組織生態學,https://terms.naer.edu.tw/
2415,organizational ecosystem,組織生態系統,https://terms.naer.edu.tw/
2416,organizational empowerment,組織授權賦能,https://terms.naer.edu.tw/
2417,organizational environment,組織環境,https://terms.naer.edu.tw/
2418,organizational failure,組織失靈,https://terms.naer.edu.tw/
2419,organizational goal,組織目標,https://terms.naer.edu.tw/
2420,organizational humanism,組織人本主義,https://terms.naer.edu.tw/
2421,organizational identity,組織認同,https://terms.naer.edu.tw/
2422,organizational inertia,組織惰性；組織慣性,https://terms.naer.edu.tw/
2423,organizational information,組織資訊,https://terms.naer.edu.tw/
2424,organizational integration,組織整合,https://terms.naer.edu.tw/
2425,organizational learning,組織學習,https://terms.naer.edu.tw/
2426,organizational learning officer,组織學習長,https://terms.naer.edu.tw/
2427,organizational life cycle,組織生命週期,https://terms.naer.edu.tw/
2428,organizational man,組織人,https://terms.naer.edu.tw/
2429,organizational memory,組織記憶,https://terms.naer.edu.tw/
2430,organizational politics,組織政治,https://terms.naer.edu.tw/
2431,organizational psychology,組織心理學,https://terms.naer.edu.tw/
2432,organizational sclerosis,組織硬化症,https://terms.naer.edu.tw/
2433,organizational socialization,組織社會化,https://terms.naer.edu.tw/
2434,organizational stress,組織壓力,https://terms.naer.edu.tw/
2435,organizational structure,組織結構,https://terms.naer.edu.tw/
2436,organized anarchy,組織化混亂,https://terms.naer.edu.tw/
2437,organized anarchy,組織化混亂,https://terms.naer.edu.tw/
2438,Osborne， David,奧斯本,https://terms.naer.edu.tw/
2439,Ostrom， Vincent， 1919~,歐斯洞,https://terms.naer.edu.tw/
2440,outcomes evaluation,結果評估,https://terms.naer.edu.tw/
2441,outer experience,外在經驗,https://terms.naer.edu.tw/
2442,output,產出,https://terms.naer.edu.tw/
2443,output control,產出控制,https://terms.naer.edu.tw/
2444,output evaluation,產出評估,https://terms.naer.edu.tw/
2445,output linkage,產出連結,https://terms.naer.edu.tw/
2446,output measure,產出衡量,https://terms.naer.edu.tw/
2447,outsourcing,外包,https://terms.naer.edu.tw/
2448,over-advocacy trap,過度倡導陷阱,https://terms.naer.edu.tw/
2449,overlapping generations model,代際負擔模式,https://terms.naer.edu.tw/
2450,overload,超載,https://terms.naer.edu.tw/
2451,paid holiday,有給假,https://terms.naer.edu.tw/
2452,paid leave for accompanying maternity,陪產假,https://terms.naer.edu.tw/
2453,paid leave for miscarriage,流產假,https://terms.naer.edu.tw/
2454,paid leave for personal affair,事假,https://terms.naer.edu.tw/
2455,paid vacation,有給假期,https://terms.naer.edu.tw/
2456,paired comparison,配對比較法,https://terms.naer.edu.tw/
2457,panel discussion method,分組討論法,https://terms.naer.edu.tw/
2458,panel interview,小組面談,https://terms.naer.edu.tw/
2459,panel study,小組研究,https://terms.naer.edu.tw/
2460,paradigm,典範,https://terms.naer.edu.tw/
2461,paradigm shift,典範移轉,https://terms.naer.edu.tw/
2462,paradox of voting,投票困境,https://terms.naer.edu.tw/
2463,parallel case,平行案例,https://terms.naer.edu.tw/
2464,parallel learning structure,平行學習結構,https://terms.naer.edu.tw/
2465,Pareto criterion,巴瑞圖判準,https://terms.naer.edu.tw/
2466,Pareto efficiency,巴瑞圖效率,https://terms.naer.edu.tw/
2467,Pareto optimality,巴瑞圖最適性,https://terms.naer.edu.tw/
2468,pareto optimum,巴瑞圖最適,https://terms.naer.edu.tw/
2469,Pareto， Vilfredo， 1848~1923,巴瑞圖,https://terms.naer.edu.tw/
2470,Parkinson， C. Northcote， 1909~1990,白京生,https://terms.naer.edu.tw/
2471,Parkinson's law,白京生定律,https://terms.naer.edu.tw/
2472,parliamentary democracy,議會制民主,https://terms.naer.edu.tw/
2473,parliamentary government,議會制政府,https://terms.naer.edu.tw/
2474,parliamentary oversight,國會監督,https://terms.naer.edu.tw/
2475,parliamentary sovereignty,議會主權,https://terms.naer.edu.tw/
2476,parochialism,本位主義,https://terms.naer.edu.tw/
2477,part-time employment,部分時間任用制,https://terms.naer.edu.tw/
2478,participant observation,參與式觀察法,https://terms.naer.edu.tw/
2479,participants impact judgment,參與者影響判斷,https://terms.naer.edu.tw/
2480,participative government,參與式政府,https://terms.naer.edu.tw/
2481,participative management,參與管理,https://terms.naer.edu.tw/
2482,participatory action research,參與行動研究,https://terms.naer.edu.tw/
2483,participatory budgeting system,參與式預算制,https://terms.naer.edu.tw/
2484,participatory democracy,参與式民主,https://terms.naer.edu.tw/
2485,participatory reform,參與式改革,https://terms.naer.edu.tw/
2486,participatory research,參與研究,https://terms.naer.edu.tw/
2487,partner life cycle management,夥伴生命週期管理,https://terms.naer.edu.tw/
2488,partner relationship management (PRM),夥伴關係管理,https://terms.naer.edu.tw/
2489,partnership,夥伴關係,https://terms.naer.edu.tw/
2490,partnership assessment tool,夥伴關係評量工具,https://terms.naer.edu.tw/
2491,paternalism,家長式主義,https://terms.naer.edu.tw/
2492,path analysis,路徑分析法,https://terms.naer.edu.tw/
2493,path dependency,路徑依賴,https://terms.naer.edu.tw/
2494,path-goal theory,途徑目標理論,https://terms.naer.edu.tw/
2495,patriarchy,族長制；父權制,https://terms.naer.edu.tw/
2496,patronage system,恩寵制；贍徇制,https://terms.naer.edu.tw/
2497,pattern maintenance,樣式維持,https://terms.naer.edu.tw/
2498,pay comparability,薪資相比性,https://terms.naer.edu.tw/
2499,pay equity,薪資衡平,https://terms.naer.edu.tw/
2500,pay for time not worked,未工作時間的支薪,https://terms.naer.edu.tw/
2501,pay grade,薪等,https://terms.naer.edu.tw/
2502,pay range,薪幅,https://terms.naer.edu.tw/
2503,pay setting,訂薪,https://terms.naer.edu.tw/
2504,pay-as-you-go,隨收隨付制,https://terms.naer.edu.tw/
2505,pay-off matrix,償付矩陣法,https://terms.naer.edu.tw/
2506,payroll tax,薪資稅,https://terms.naer.edu.tw/
2507,peak association,尖峰組合,https://terms.naer.edu.tw/
2508,peer appraisal,同儕評鑑,https://terms.naer.edu.tw/
2509,peer review,同儕審查,https://terms.naer.edu.tw/
2510,Pendleton Act,美國潘得頓法(文官法),https://terms.naer.edu.tw/
2511,pendulum theory,鐘擺理論,https://terms.naer.edu.tw/
2512,pension,退休金,https://terms.naer.edu.tw/
2513,pension funds,退休撫卹基金,https://terms.naer.edu.tw/
2514,pension management,年金管理,https://terms.naer.edu.tw/
2515,pensions crisis,年金危機,https://terms.naer.edu.tw/
2516,performance,績效,https://terms.naer.edu.tw/
2517,performance appraisal,績效評鑑,https://terms.naer.edu.tw/
2518,performance audit,績效審計,https://terms.naer.edu.tw/
2519,performance budgeting system (PBS),績效預算制度,https://terms.naer.edu.tw/
2520,performance contract,績效契約,https://terms.naer.edu.tw/
2521,performance deficit,績效赤字,https://terms.naer.edu.tw/
2522,performance evaluation,績效評估,https://terms.naer.edu.tw/
2523,performance indicator,績效指標,https://terms.naer.edu.tw/
2524,performance management,績效管理,https://terms.naer.edu.tw/
2525,performance management recognition system,績效管理獎勵制度,https://terms.naer.edu.tw/
2526,performance measure,績效衡量,https://terms.naer.edu.tw/
2527,performance monitoring,績效監測,https://terms.naer.edu.tw/
2528,performance-based accountability,依績效課責,https://terms.naer.edu.tw/
2529,performance-based compensation system,績效待遇制,https://terms.naer.edu.tw/
2530,performance-based mechanism,績效導向機制,https://terms.naer.edu.tw/
2531,performance-based organization,績效導向組織,https://terms.naer.edu.tw/
2532,performance-based organization (PBO),績效組織,https://terms.naer.edu.tw/
2533,performance-based rating system,績效評等制,https://terms.naer.edu.tw/
2534,performance-pay,績效薪,https://terms.naer.edu.tw/
2535,permanent civil servant,常任文官,https://terms.naer.edu.tw/
2536,personal identity,個人身分,https://terms.naer.edu.tw/
2537,personal income tax,個人所得税,https://terms.naer.edu.tw/
2538,personal ratio,人員比例,https://terms.naer.edu.tw/
2539,personal responsibility,個人責任,https://terms.naer.edu.tw/
2540,personality-trait study approach,人格特質研究法,https://terms.naer.edu.tw/
2541,personnel administration,人事行政,https://terms.naer.edu.tw/
2542,personnel agency,人事機構,https://terms.naer.edu.tw/
2543,personnel classification system,人事分類制度,https://terms.naer.edu.tw/
2544,personnel management,人事管理,https://terms.naer.edu.tw/
2545,personnel manager,人事主管,https://terms.naer.edu.tw/
2546,personnel policy,人事政策,https://terms.naer.edu.tw/
2547,personnel selection,人事考選,https://terms.naer.edu.tw/
2548,personnel system,人事制度,https://terms.naer.edu.tw/
2549,perspective model,前瞻模式,https://terms.naer.edu.tw/
2550,Peter's principle,彼得定律,https://terms.naer.edu.tw/
2551,Peters， B. Guy,彼得斯,https://terms.naer.edu.tw/
2552,physiological need,生理需要,https://terms.naer.edu.tw/
2553,picket fence federalism,柵欄式聯邦主義,https://terms.naer.edu.tw/
2554,picket line,抗議隊伍,https://terms.naer.edu.tw/
2555,piece rate system,按件計酬制,https://terms.naer.edu.tw/
2556,pigouvian tax,庇古稅,https://terms.naer.edu.tw/
2557,placement test,任用測驗,https://terms.naer.edu.tw/
2558,plan,計畫,https://terms.naer.edu.tw/
2559,plan-do-check-act (PDCA),計劃-實施-查核-行動(計畫管理循環程序),https://terms.naer.edu.tw/
2560,planning,規劃；計劃,https://terms.naer.edu.tw/
2561,planning programming budgeting system (PPBS),設計計畫預算制度,https://terms.naer.edu.tw/
2562,plausibility analysis,似真性分析,https://terms.naer.edu.tw/
2563,plausibility assessment,似真性評量,https://terms.naer.edu.tw/
2564,plausible futures,似真性未來,https://terms.naer.edu.tw/
2565,plebiscitary democracy,公投民主,https://terms.naer.edu.tw/
2566,plebiscite,公民投票,https://terms.naer.edu.tw/
2567,pluralism,多元論；多元主義,https://terms.naer.edu.tw/
2568,pluralist democracy,多元主義民主,https://terms.naer.edu.tw/
2569,plutocracy,財閥政治,https://terms.naer.edu.tw/
2570,pocket veto,袋中否决,https://terms.naer.edu.tw/
2571,point estimation,點估計,https://terms.naer.edu.tw/
2572,point-factor job evaluation,因素計點工作評估法,https://terms.naer.edu.tw/
2573,Poister， Theodore H.,波伊斯特,https://terms.naer.edu.tw/
2574,polarization,兩極化,https://terms.naer.edu.tw/
2575,policy action,政策行動,https://terms.naer.edu.tw/
2576,policy adjustment,政策調整,https://terms.naer.edu.tw/
2577,policy adoption,政策採納,https://terms.naer.edu.tw/
2578,policy adviser,政策顧問,https://terms.naer.edu.tw/
2579,policy advocacy,政策倡導,https://terms.naer.edu.tw/
2580,policy advocacy coalition,政策倡導聯盟,https://terms.naer.edu.tw/
2581,policy advocate,政策倡導者,https://terms.naer.edu.tw/
2582,policy agenda,政策議程,https://terms.naer.edu.tw/
2583,policy alternatives,政策替選方案,https://terms.naer.edu.tw/
2584,policy analysis,政策分析,https://terms.naer.edu.tw/
2585,policy analyst,政策分析人員,https://terms.naer.edu.tw/
2586,policy and expenditure management system,政策與支出管理系統,https://terms.naer.edu.tw/
2587,policy approach,政策途徑,https://terms.naer.edu.tw/
2588,policy arena,政策場域,https://terms.naer.edu.tw/
2589,policy argument,政策論證,https://terms.naer.edu.tw/
2590,policy assessment,政策評量,https://terms.naer.edu.tw/
2591,policy beneficiaries,政策受益者,https://terms.naer.edu.tw/
2592,policy broker,政策掮客,https://terms.naer.edu.tw/
2593,policy change,政策變遷,https://terms.naer.edu.tw/
2594,policy claim,政策主張,https://terms.naer.edu.tw/
2595,policy coalescence,政策合併,https://terms.naer.edu.tw/
2596,policy communication,政策溝通,https://terms.naer.edu.tw/
2597,policy community,政策社群,https://terms.naer.edu.tw/
2598,policy compliance,政策順服,https://terms.naer.edu.tw/
2599,policy continuation,政策持續,https://terms.naer.edu.tw/
2600,policy contradiction,政策牴觸,https://terms.naer.edu.tw/
2601,policy credibility,政策信賴度,https://terms.naer.edu.tw/
2602,policy culture,政策文化,https://terms.naer.edu.tw/
2603,policy cycle,政策循環,https://terms.naer.edu.tw/
2604,policy deliberation,政策商議,https://terms.naer.edu.tw/
2605,policy Delphi,政策德菲法,https://terms.naer.edu.tw/
2606,policy derailment,政策脫軌,https://terms.naer.edu.tw/
2607,policy design,政策設計,https://terms.naer.edu.tw/
2608,policy diffusion,政策擴散,https://terms.naer.edu.tw/
2609,policy dilemma,政策困境,https://terms.naer.edu.tw/
2610,policy discourse,政策對談；政策匯談,https://terms.naer.edu.tw/
2611,policy entrepreneur,政策企業家,https://terms.naer.edu.tw/
2612,policy environment,政策環境,https://terms.naer.edu.tw/
2613,policy evaluation,政策評估,https://terms.naer.edu.tw/
2614,policy evolution,政策演化,https://terms.naer.edu.tw/
2615,policy expert,政策專家,https://terms.naer.edu.tw/
2616,policy failure,政策失靈,https://terms.naer.edu.tw/
2617,policy fashion,政策風尚,https://terms.naer.edu.tw/
2618,policy formation,政策形成,https://terms.naer.edu.tw/
2619,policy formulation,政策規劃,https://terms.naer.edu.tw/
2620,policy gambling,政策博奕,https://terms.naer.edu.tw/
2621,policy gap,政策間隙,https://terms.naer.edu.tw/
2622,policy goal,政策目標,https://terms.naer.edu.tw/
2623,policy impact,政策影響,https://terms.naer.edu.tw/
2624,policy implementation,政策執行,https://terms.naer.edu.tw/
2625,policy implementer,政策執行者,https://terms.naer.edu.tw/
2626,policy implication paper,政策意涵報告,https://terms.naer.edu.tw/
2627,policy indicator,政策指標,https://terms.naer.edu.tw/
2628,policy information,政策資訊,https://terms.naer.edu.tw/
2629,policy innovation,政策創新,https://terms.naer.edu.tw/
2630,policy input,政策投入,https://terms.naer.edu.tw/
2631,policy inquiry,政策探究,https://terms.naer.edu.tw/
2632,policy instrument,政策工具,https://terms.naer.edu.tw/
2633,policy intervention,政策干預,https://terms.naer.edu.tw/
2634,policy issue,政策議題,https://terms.naer.edu.tw/
2635,policy issue paper,政策議題報告書,https://terms.naer.edu.tw/
2636,policy knowledge utilization,政策知識應用,https://terms.naer.edu.tw/
2637,policy learning,政策學習,https://terms.naer.edu.tw/
2638,policy legitimation,政策合法化,https://terms.naer.edu.tw/
2639,policy linkage,政策連結,https://terms.naer.edu.tw/
2640,policy maintenance,政策維持,https://terms.naer.edu.tw/
2641,policy maker,政策制定者,https://terms.naer.edu.tw/
2642,policy management,政策管理,https://terms.naer.edu.tw/
2643,policy marketing,政策行銷,https://terms.naer.edu.tw/
2644,policy marketplace,政策市場,https://terms.naer.edu.tw/
2645,policy memorandum,政策備忘錄,https://terms.naer.edu.tw/
2646,policy model,政策模式,https://terms.naer.edu.tw/
2647,policy monitoring,政策監測,https://terms.naer.edu.tw/
2648,policy network,政策網絡,https://terms.naer.edu.tw/
2649,policy objective,政策目的,https://terms.naer.edu.tw/
2650,policy outcome,政策結果,https://terms.naer.edu.tw/
2651,policy output,政策產出,https://terms.naer.edu.tw/
2652,policy panacea,政策靈藥,https://terms.naer.edu.tw/
2653,policy performance evaluation,政策績效評估,https://terms.naer.edu.tw/
2654,policy perversity,政策僵化,https://terms.naer.edu.tw/
2655,policy planning,政策計劃,https://terms.naer.edu.tw/
2656,policy practitioner,政策實務人員,https://terms.naer.edu.tw/
2657,policy predicament,政策困窘,https://terms.naer.edu.tw/
2658,policy preemption,政策僭越,https://terms.naer.edu.tw/
2659,policy primeval soup,政策原湯,https://terms.naer.edu.tw/
2660,policy problem,政策問題,https://terms.naer.edu.tw/
2661,policy process,政策過程,https://terms.naer.edu.tw/
2662,policy proposal,政策提案,https://terms.naer.edu.tw/
2663,policy punctuation,政策斷續,https://terms.naer.edu.tw/
2664,policy recommender,政策推薦者,https://terms.naer.edu.tw/
2665,policy research,政策研究,https://terms.naer.edu.tw/
2666,policy sciences,政策科學,https://terms.naer.edu.tw/
2667,policy sector,政策部門,https://terms.naer.edu.tw/
2668,policy space,政策空間,https://terms.naer.edu.tw/
2669,policy stakeholder,政策利害關係者,https://terms.naer.edu.tw/
2670,policy statement,政策聲明,https://terms.naer.edu.tw/
2671,policy strategy,政策策略,https://terms.naer.edu.tw/
2672,policy stream,政策流,https://terms.naer.edu.tw/
2673,Policy Studies Journal,政策研究學報,https://terms.naer.edu.tw/
2674,Policy Studies Review,政策研究評論,https://terms.naer.edu.tw/
2675,policy style,政策類型,https://terms.naer.edu.tw/
2676,policy subsystem,政策次級系統,https://terms.naer.edu.tw/
2677,policy succession,政策賡續,https://terms.naer.edu.tw/
2678,policy support system,政策支援系統,https://terms.naer.edu.tw/
2679,policy system,政策系統,https://terms.naer.edu.tw/
2680,policy termination,政策終結,https://terms.naer.edu.tw/
2681,policy type,政策風格,https://terms.naer.edu.tw/
2682,policy venue,政策現場,https://terms.naer.edu.tw/
2683,policy victim,政策犧牲者,https://terms.naer.edu.tw/
2684,policy window,政策窗,https://terms.naer.edu.tw/
2685,policy-making process,政策制定過程,https://terms.naer.edu.tw/
2686,polis,城邦；政體,https://terms.naer.edu.tw/
2687,political activist,政治活躍份子,https://terms.naer.edu.tw/
2688,political actor,政治行為者,https://terms.naer.edu.tw/
2689,political analysis,政治分析,https://terms.naer.edu.tw/
2690,political appointee; political official,政務人員,https://terms.naer.edu.tw/
2691,political arena,政治場域,https://terms.naer.edu.tw/
2692,political attitude,政治態度,https://terms.naer.edu.tw/
2693,political community,政治社群,https://terms.naer.edu.tw/
2694,political competence,政治能力,https://terms.naer.edu.tw/
2695,political corruption,政治腐化,https://terms.naer.edu.tw/
2696,political credibility,政治可信度,https://terms.naer.edu.tw/
2697,political culture,政治文化,https://terms.naer.edu.tw/
2698,political ecology,政治生態學,https://terms.naer.edu.tw/
2699,political economy,政治經濟,https://terms.naer.edu.tw/
2700,political efficacy,政治效能,https://terms.naer.edu.tw/
2701,political elite,政治菁英,https://terms.naer.edu.tw/
2702,political equality,政治平等,https://terms.naer.edu.tw/
2703,political executive,政務首長,https://terms.naer.edu.tw/
2704,political favoritism,政治循私主義,https://terms.naer.edu.tw/
2705,political feasibility,政治可行性,https://terms.naer.edu.tw/
2706,political forum,政治論壇,https://terms.naer.edu.tw/
2707,political impartiality,政治公正性,https://terms.naer.edu.tw/
2708,political left,政治左派,https://terms.naer.edu.tw/
2709,political logic,政治邏輯,https://terms.naer.edu.tw/
2710,political management,政治管理,https://terms.naer.edu.tw/
2711,political neutrality,政治中立,https://terms.naer.edu.tw/
2712,political neutralization,政治中立化,https://terms.naer.edu.tw/
2713,political obligation,政治義務,https://terms.naer.edu.tw/
2714,political participation,政治參與,https://terms.naer.edu.tw/
2715,political party,政黨,https://terms.naer.edu.tw/
2716,political patronage,政治恩惠；政治贍徇,https://terms.naer.edu.tw/
2717,political personnel system,政治性人事制度,https://terms.naer.edu.tw/
2718,political pluralism,政治多元主義,https://terms.naer.edu.tw/
2719,political representativeness,政治代表性,https://terms.naer.edu.tw/
2720,political responsiveness,政治回應性,https://terms.naer.edu.tw/
2721,political right,政治權利,https://terms.naer.edu.tw/
2722,political sensitivity,政治敏感度,https://terms.naer.edu.tw/
2723,political socialization,政治社會化,https://terms.naer.edu.tw/
2724,political sophistication,政治嫻熟度,https://terms.naer.edu.tw/
2725,political support,政治支持,https://terms.naer.edu.tw/
2726,political system theory,政治系統理論,https://terms.naer.edu.tw/
2727,political viability,政治活力,https://terms.naer.edu.tw/
2728,political vice minister,政務次長,https://terms.naer.edu.tw/
2729,political-business cycle,政商循環,https://terms.naer.edu.tw/
2730,politician,政治人物；政客,https://terms.naer.edu.tw/
2731,politicization,政治化,https://terms.naer.edu.tw/
2732,politics-administration dichotomy,政治行政二分法,https://terms.naer.edu.tw/
2733,polity,政體,https://terms.naer.edu.tw/
2734,poll,民意測驗,https://terms.naer.edu.tw/
2735,poll tax,人頭稅,https://terms.naer.edu.tw/
2736,polluters pay principle,污染者付費原則,https://terms.naer.edu.tw/
2737,pollution rights,污染權,https://terms.naer.edu.tw/
2738,poltical reform,政治革新,https://terms.naer.edu.tw/
2739,polyarchy,多元政體,https://terms.naer.edu.tw/
2740,polycentric approach,多元中心途徑,https://terms.naer.edu.tw/
2741,polycentric structure of governance,多核心的治理結構,https://terms.naer.edu.tw/
2742,pooled interdependence,匯聚式互賴,https://terms.naer.edu.tw/
2743,popular capitalism,大眾化資本主義,https://terms.naer.edu.tw/
2744,popular sovereignty,人民主權,https://terms.naer.edu.tw/
2745,population at demand,需求人口,https://terms.naer.edu.tw/
2746,population at need,需要人口,https://terms.naer.edu.tw/
2747,population at risk,風險人口,https://terms.naer.edu.tw/
2748,population ecology,人口生態學,https://terms.naer.edu.tw/
2749,populism,民粹主義,https://terms.naer.edu.tw/
2750,pork barrel legislation,肉桶立法,https://terms.naer.edu.tw/
2751,Porter， Michael E， 1947~,波特,https://terms.naer.edu.tw/
2752,portfolio,投資組合,https://terms.naer.edu.tw/
2753,POSDCORB,行政七項功能,https://terms.naer.edu.tw/
2754,position classification,職位分類,https://terms.naer.edu.tw/
2755,position data,職位數據,https://terms.naer.edu.tw/
2756,position management,職位管理,https://terms.naer.edu.tw/
2757,position power,職位權力,https://terms.naer.edu.tw/
2758,position-orientation,職位取向,https://terms.naer.edu.tw/
2759,positive feedback loop,正向迴路,https://terms.naer.edu.tw/
2760,positive freedom,積極自由,https://terms.naer.edu.tw/
2761,positive reinforcement,正增強,https://terms.naer.edu.tw/
2762,positivism,實證主義,https://terms.naer.edu.tw/
2763,post behavioralism,後行為主義,https://terms.naer.edu.tw/
2764,post industrial society,後工業社會,https://terms.naer.edu.tw/
2765,post-bureaucratic paradigm,後官僚典範,https://terms.naer.edu.tw/
2766,post-capitalism society,後資本主義社會,https://terms.naer.edu.tw/
2767,post-Fordistism,後福特主義,https://terms.naer.edu.tw/
2768,post-materialism,後物質主義,https://terms.naer.edu.tw/
2769,postbureaucratic organization,後官僚組織,https://terms.naer.edu.tw/
2770,postmodern public administration,後現代公共行政,https://terms.naer.edu.tw/
2771,postmodern symbolic politics,後現代符號政治,https://terms.naer.edu.tw/
2772,postmodernism,後現代主義,https://terms.naer.edu.tw/
2773,postpositivism,後實證論,https://terms.naer.edu.tw/
2774,potential future,潛在未來,https://terms.naer.edu.tw/
2775,poverty line,貧窮線,https://terms.naer.edu.tw/
2776,power distance,權力距離,https://terms.naer.edu.tw/
2777,power politics,權力政治,https://terms.naer.edu.tw/
2778,power source,權力來源,https://terms.naer.edu.tw/
2779,practical argument,實用論證,https://terms.naer.edu.tw/
2780,practice community,實務社群,https://terms.naer.edu.tw/
2781,pragmatic argument,實用式論證,https://terms.naer.edu.tw/
2782,pragmatism,實用主義；務實主義,https://terms.naer.edu.tw/
2783,pre-commitment,預承諾,https://terms.naer.edu.tw/
2784,pre-evaluation,預評估,https://terms.naer.edu.tw/
2785,pre-experimental design,前實驗設計,https://terms.naer.edu.tw/
2786,pre-partnership collaboration,預夥伴協力關係,https://terms.naer.edu.tw/
2787,predictive policy analysis,預計性政策分析,https://terms.naer.edu.tw/
2788,preemployment screening,職前篩檢,https://terms.naer.edu.tw/
2789,preferential contracting,偏好性訂約,https://terms.naer.edu.tw/
2790,preferred policy,受偏好政策,https://terms.naer.edu.tw/
2791,Pregnancy Discrimination Act,美國懷孕歧視法,https://terms.naer.edu.tw/
2792,prescriptive policy analysis,診治性政策分析,https://terms.naer.edu.tw/
2793,present value,現值,https://terms.naer.edu.tw/
2794,Pressman， Jeffrey L.， 1943~1977,普里斯曼,https://terms.naer.edu.tw/
2795,pressure group,壓力團體,https://terms.naer.edu.tw/
2796,price discrimination,差別定價,https://terms.naer.edu.tw/
2797,price elasticity of demand,需求的價格彈性,https://terms.naer.edu.tw/
2798,price elasticity of supply,供給的價格彈性,https://terms.naer.edu.tw/
2799,Price， Donald. K.， 1910~1995,蒲萊斯,https://terms.naer.edu.tw/
2800,primary cost,主要成本,https://terms.naer.edu.tw/
2801,prime minister,總理；首相,https://terms.naer.edu.tw/
2802,principal-agent theory,委託-代理人理論,https://terms.naer.edu.tw/
2803,prismatic administration,稜柱型行政,https://terms.naer.edu.tw/
2804,prismatic society,稜柱型社會,https://terms.naer.edu.tw/
2805,prisoner's dilemma,囚犯困境,https://terms.naer.edu.tw/
2806,privacy risk,隱私風險,https://terms.naer.edu.tw/
2807,private e-marketplace,私有電子市集,https://terms.naer.edu.tw/
2808,private goods,私有財,https://terms.naer.edu.tw/
2809,private interest group,私益團體,https://terms.naer.edu.tw/
2810,private sector,私部門　　,https://terms.naer.edu.tw/
2811,privatization,民營化　　,https://terms.naer.edu.tw/
2812,privileged group,優勢團體,https://terms.naer.edu.tw/
2813,proactive administration,主動性行政,https://terms.naer.edu.tw/
2814,proactive management,主動性管理,https://terms.naer.edu.tw/
2815,proactive mindset,主動性思惟,https://terms.naer.edu.tw/
2816,proactive regulation,前瞻性管制,https://terms.naer.edu.tw/
2817,proactive security response,預應式安全回應,https://terms.naer.edu.tw/
2818,proactive style,主動性風格,https://terms.naer.edu.tw/
2819,probation,試用,https://terms.naer.edu.tw/
2820,problem definition,問題界定,https://terms.naer.edu.tw/
2821,problem dissolving,問題分解,https://terms.naer.edu.tw/
2822,problem finding,問題找尋,https://terms.naer.edu.tw/
2823,problem identification,問題認定,https://terms.naer.edu.tw/
2824,problem resolving,問題解決,https://terms.naer.edu.tw/
2825,problem search,問題搜尋,https://terms.naer.edu.tw/
2826,problem sensing,問題感知,https://terms.naer.edu.tw/
2827,problem situation,問題情境,https://terms.naer.edu.tw/
2828,problem specification,問題詳述,https://terms.naer.edu.tw/
2829,problem structuring,問題建構,https://terms.naer.edu.tw/
2830,problem structuring methods,問題建構方法,https://terms.naer.edu.tw/
2831,problem unsolving,未決問題,https://terms.naer.edu.tw/
2832,problem-solving approach,問題解決途徑,https://terms.naer.edu.tw/
2833,procedural model,程序性模式,https://terms.naer.edu.tw/
2834,process evaluation,過程評估,https://terms.naer.edu.tw/
2835,process integration B2B,企業間流程整合,https://terms.naer.edu.tw/
2836,process management,流程管理,https://terms.naer.edu.tw/
2837,process reengineering,流程再造,https://terms.naer.edu.tw/
2838,process-based evaluation,過程導向評估,https://terms.naer.edu.tw/
2839,procrastination strategy,遲滯策略,https://terms.naer.edu.tw/
2840,producer network,生產者網絡,https://terms.naer.edu.tw/
2841,product data management (PDM),產品資料管理,https://terms.naer.edu.tw/
2842,product lifecycle management (PLM),產品生命週期管理,https://terms.naer.edu.tw/
2843,productive efficiency,生產效率,https://terms.naer.edu.tw/
2844,productivity,生產力,https://terms.naer.edu.tw/
2845,productivity management,生產力管理,https://terms.naer.edu.tw/
2846,professional association,專業協會,https://terms.naer.edu.tw/
2847,professional authority,專業權威,https://terms.naer.edu.tw/
2848,professional autonomy,專業自主性,https://terms.naer.edu.tw/
2849,professional bureaucracy,專業官僚制,https://terms.naer.edu.tw/
2850,professional detachment,專業超然性,https://terms.naer.edu.tw/
2851,professional neutrality,專業中立,https://terms.naer.edu.tw/
2852,professionalism,專業主義,https://terms.naer.edu.tw/
2853,professionalized network,專業者網絡,https://terms.naer.edu.tw/
2854,proficiency scale,熟度量尺,https://terms.naer.edu.tw/
2855,program,方案,https://terms.naer.edu.tw/
2856,program budgeting system,計畫預算制度,https://terms.naer.edu.tw/
2857,program evaluation,方案評估,https://terms.naer.edu.tw/
2858,program evaluation and review technique (PERT),計畫評核術,https://terms.naer.edu.tw/
2859,program monitoring,方案監測,https://terms.naer.edu.tw/
2860,program planning,方案規劃,https://terms.naer.edu.tw/
2861,Program Planning and Budgeting System (PPBS),方案規劃預算制度；設計計畫預算制度,https://terms.naer.edu.tw/
2862,program review,方案評核,https://terms.naer.edu.tw/
2863,program utility assessment,方案效用評量,https://terms.naer.edu.tw/
2864,programmed decision,程式化決策,https://terms.naer.edu.tw/
2865,progress tracking system,進度追蹤系統,https://terms.naer.edu.tw/
2866,progressive Era,進步時期,https://terms.naer.edu.tw/
2867,progressive system,累進制,https://terms.naer.edu.tw/
2868,progressive tax,累進稅,https://terms.naer.edu.tw/
2869,project grants,專案補助款,https://terms.naer.edu.tw/
2870,project management,專案管理,https://terms.naer.edu.tw/
2871,project management body of knowledge (PMBOK),專案管理知識體系,https://terms.naer.edu.tw/
2872,project organization,專案組織,https://terms.naer.edu.tw/
2873,project team,專案團隊,https://terms.naer.edu.tw/
2874,projection,預估；投射,https://terms.naer.edu.tw/
2875,promotion,升遷,https://terms.naer.edu.tw/
2876,Proportional Representation(PR),比例代表制,https://terms.naer.edu.tw/
2877,proportional system,比例制,https://terms.naer.edu.tw/
2878,Propositions 13 (California),加州第十三號公投案,https://terms.naer.edu.tw/
2879,proscriptive performance indicator,警示績效指標,https://terms.naer.edu.tw/
2880,prospective policy analysis,前瞻政策分析,https://terms.naer.edu.tw/
2881,protection form reprisal,免受報復之保護,https://terms.naer.edu.tw/
2882,protectionism,保護主義,https://terms.naer.edu.tw/
2883,protest strategy,抗議策略,https://terms.naer.edu.tw/
2884,proverbs of administration,行政諺語,https://terms.naer.edu.tw/
2885,proverbs of reform,革新諺語,https://terms.naer.edu.tw/
2886,proxy indicator,替代指標,https://terms.naer.edu.tw/
2887,pseudo-decentralization,假性分權,https://terms.naer.edu.tw/
2888,pseudo-evaluation,假評估,https://terms.naer.edu.tw/
2889,pseudo-problem,假問題,https://terms.naer.edu.tw/
2890,psychological anchor point,心理定錨點,https://terms.naer.edu.tw/
2891,psychological approach,心理途徑,https://terms.naer.edu.tw/
2892,psychological contract,心理契約,https://terms.naer.edu.tw/
2893,psychological need,心理需要,https://terms.naer.edu.tw/
2894,psychological safety,心理安全感,https://terms.naer.edu.tw/
2895,psychosocial system,心理社會系統,https://terms.naer.edu.tw/
2896,public accountability,公共課責,https://terms.naer.edu.tw/
2897,public administration,公共行政,https://terms.naer.edu.tw/
2898,Public Administration Review (PAR),公共行政評論,https://terms.naer.edu.tw/
2899,public affairs,公共事務,https://terms.naer.edu.tw/
2900,public agenda,公共議程,https://terms.naer.edu.tw/
2901,public apathy,大眾冷漠,https://terms.naer.edu.tw/
2902,public bidding,公開招標,https://terms.naer.edu.tw/
2903,public choice economics,公共選擇經濟學,https://terms.naer.edu.tw/
2904,public choice theory,公共選擇理論,https://terms.naer.edu.tw/
2905,public conference,公民會議,https://terms.naer.edu.tw/
2906,public context,公共系絡,https://terms.naer.edu.tw/
2907,public debt,公債,https://terms.naer.edu.tw/
2908,public dialogue,公共對話,https://terms.naer.edu.tw/
2909,public e-marketplace,公開電子市集,https://terms.naer.edu.tw/
2910,public economics,公共經濟學,https://terms.naer.edu.tw/
2911,public employee,公職人員,https://terms.naer.edu.tw/
2912,public employment,公共雇用,https://terms.naer.edu.tw/
2913,public entrepreneur,公共企業家,https://terms.naer.edu.tw/
2914,public entrepreneurship,公共企業精神,https://terms.naer.edu.tw/
2915,public expenditure,公共支出,https://terms.naer.edu.tw/
2916,public finance,公共財政學,https://terms.naer.edu.tw/
2917,public financial management,公共財務管理,https://terms.naer.edu.tw/
2918,public good,公益,https://terms.naer.edu.tw/
2919,public goods,公共財,https://terms.naer.edu.tw/
2920,public hearing,公聽會,https://terms.naer.edu.tw/
2921,public interest,公共利益,https://terms.naer.edu.tw/
2922,public interest group,公益團體,https://terms.naer.edu.tw/
2923,public key cryptography,公鑰密碼學,https://terms.naer.edu.tw/
2924,public key infrastructure (PKI),公鑰基礎建設,https://terms.naer.edu.tw/
2925,public management,公共管理,https://terms.naer.edu.tw/
2926,public manager,公經理人,https://terms.naer.edu.tw/
2927,public manpower,公務人力,https://terms.naer.edu.tw/
2928,Public Officer Conflict of Interest Avoidance Act,公職人員利益衝突迴避法,https://terms.naer.edu.tw/
2929,Public Officer Property Reporting Act,公職人員財產申報法,https://terms.naer.edu.tw/
2930,public officials,公務員,https://terms.naer.edu.tw/
2931,public opinion,民意,https://terms.naer.edu.tw/
2932,public personnel administration,公共人事行政,https://terms.naer.edu.tw/
2933,public personnel management,公共人事管理,https://terms.naer.edu.tw/
2934,public personnel manager,公部門人事主管,https://terms.naer.edu.tw/
2935,public personnel specialist,公共人事專家,https://terms.naer.edu.tw/
2936,public personnel system,公共人事制度,https://terms.naer.edu.tw/
2937,public policy,公共政策,https://terms.naer.edu.tw/
2938,public problem,公共問題,https://terms.naer.edu.tw/
2939,public prosecutors,公訴人,https://terms.naer.edu.tw/
2940,public scrutiny,公共監督,https://terms.naer.edu.tw/
2941,public sector,公部門,https://terms.naer.edu.tw/
2942,public sector pay,公部門薪俸,https://terms.naer.edu.tw/
2943,public servant,公僕；公職人員,https://terms.naer.edu.tw/
2944,public service,公共服務；公職人員,https://terms.naer.edu.tw/
2945,public service ethics,公務倫理,https://terms.naer.edu.tw/
2946,public service privatization,公共服務民營化,https://terms.naer.edu.tw/
2947,public services,公共服務,https://terms.naer.edu.tw/
2948,public utilities,公用事業,https://terms.naer.edu.tw/
2949,public will,公共意志,https://terms.naer.edu.tw/
2950,public works,公共工程,https://terms.naer.edu.tw/
2951,public zoning hearing,公共區劃公聽會,https://terms.naer.edu.tw/
2952,public-private coproduction,公私合產,https://terms.naer.edu.tw/
2953,public-private partnership,公私夥伴關係,https://terms.naer.edu.tw/
2954,punctuated equilibrium model,斷續均衡模式,https://terms.naer.edu.tw/
2955,purchase planning,採購規劃,https://terms.naer.edu.tw/
2956,purchase-of-service agreement,服務購買協定,https://terms.naer.edu.tw/
2957,purchasing life cycle,採購生命週期,https://terms.naer.edu.tw/
2958,purchasing power index,購買力指數,https://terms.naer.edu.tw/
2959,pure public goods,純公共財,https://terms.naer.edu.tw/
2960,purposive sampling,立意抽樣法,https://terms.naer.edu.tw/
2961,push-button democracy,按鍵式民主,https://terms.naer.edu.tw/
2962,Pye， Lucian W.， 1921~,白魯恂,https://terms.naer.edu.tw/
2963,qualification review,資格審查,https://terms.naer.edu.tw/
2964,qualification screening,銓敘,https://terms.naer.edu.tw/
2965,qualification standard,資格標準,https://terms.naer.edu.tw/
2966,qualified immunity,合格豁免,https://terms.naer.edu.tw/
2967,qualifying period,試用期,https://terms.naer.edu.tw/
2968,qualitative approach,定性研究途徑；質化研究途徑,https://terms.naer.edu.tw/
2969,qualitative method,質化方法,https://terms.naer.edu.tw/
2970,quality assurance,品質保證,https://terms.naer.edu.tw/
2971,quality control circle (QCC),品管圈,https://terms.naer.edu.tw/
2972,quality improvement team (QIT),品質改進團隊,https://terms.naer.edu.tw/
2973,quality management,品質管理,https://terms.naer.edu.tw/
2974,quality movement,品質運動,https://terms.naer.edu.tw/
2975,quality of work life (QWL),工作生活品質,https://terms.naer.edu.tw/
2976,Quango (quasi autonomous national governmental organization),準自主性官方組織,https://terms.naer.edu.tw/
2977,Quango (quasi autonomous non-governmental organization),準自主性非政府組織,https://terms.naer.edu.tw/
2978,quantitative approach,定量研究途徑；量化研究途徑,https://terms.naer.edu.tw/
2979,quasi input,準投入,https://terms.naer.edu.tw/
2980,quasi-collective goods,準集體財,https://terms.naer.edu.tw/
2981,quasi-experiment,準實驗,https://terms.naer.edu.tw/
2982,quasi-experimental design,準實驗設計,https://terms.naer.edu.tw/
2983,quasi-market,準市場,https://terms.naer.edu.tw/
2984,quasi-public goods,準公共財,https://terms.naer.edu.tw/
2985,questionnaires method,問卷法,https://terms.naer.edu.tw/
2986,quick decision analysis,快捷決策分析法,https://terms.naer.edu.tw/
2987,quid pro quo harassment,對價性騷擾,https://terms.naer.edu.tw/
2988,quota sampling,定額抽樣法,https://terms.naer.edu.tw/
2989,racial diversity,種族多樣性,https://terms.naer.edu.tw/
2990,racial minorities,少數民族,https://terms.naer.edu.tw/
2991,racialism,種族主義,https://terms.naer.edu.tw/
2992,radical democracy,激進民主,https://terms.naer.edu.tw/
2993,radical elite theory,激進菁英理論,https://terms.naer.edu.tw/
2994,radical feminism,激進女性主義,https://terms.naer.edu.tw/
2995,Rand Corporation,蘭德公司,https://terms.naer.edu.tw/
2996,random innovation,隨機創新,https://terms.naer.edu.tw/
2997,random sampling,隨機抽樣法,https://terms.naer.edu.tw/
2998,rank and file,低階人員,https://terms.naer.edu.tw/
2999,rank classification,品位分類,https://terms.naer.edu.tw/
3000,rank-and-file position,基層員工職位,https://terms.naer.edu.tw/
3001,rank-in-job system,職位制,https://terms.naer.edu.tw/
3002,rank-in-person system,品位制,https://terms.naer.edu.tw/
3003,ranking appraisal,排等評鑑,https://terms.naer.edu.tw/
3004,ranking technique,評等技術,https://terms.naer.edu.tw/
3005,ranks,官等,https://terms.naer.edu.tw/
3006,Ranney， Austin， 1920~2006,蘭尼,https://terms.naer.edu.tw/
3007,rate schedule,稅率表,https://terms.naer.edu.tw/
3008,rates,稅率,https://terms.naer.edu.tw/
3009,rating scale,評等量尺,https://terms.naer.edu.tw/
3010,rational approach formulation,理性途徑規劃,https://terms.naer.edu.tw/
3011,rational choice,理性選擇,https://terms.naer.edu.tw/
3012,rational choice institutionalism,理性選擇制度論,https://terms.naer.edu.tw/
3013,rational choice theory,理性選擇理論,https://terms.naer.edu.tw/
3014,rational model,理性模式,https://terms.naer.edu.tw/
3015,rational paradox,理性的弔詭,https://terms.naer.edu.tw/
3016,rational-comprehensive decision-making approach,理性廣博決策途徑,https://terms.naer.edu.tw/
3017,rational-legal authority,理性合法權威,https://terms.naer.edu.tw/
3018,rationalism,理性主義,https://terms.naer.edu.tw/
3019,Raven， Bertram H.,雷芬,https://terms.naer.edu.tw/
3020,Rawls criterion,羅斯標準,https://terms.naer.edu.tw/
3021,Rawls， John， 1921~2002,羅爾斯,https://terms.naer.edu.tw/
3022,Reagan， Ronald， 1911~2004,雷根,https://terms.naer.edu.tw/
3023,real expenditure,實質支出,https://terms.naer.edu.tw/
3024,real income,實質所得,https://terms.naer.edu.tw/
3025,real interest rate,實質利率,https://terms.naer.edu.tw/
3026,real revenues,實質收入,https://terms.naer.edu.tw/
3027,real-time management,即時管理,https://terms.naer.edu.tw/
3028,rebuttal reason,駁斥理由,https://terms.naer.edu.tw/
3029,recall,罷免,https://terms.naer.edu.tw/
3030,recency error,近期謬誤,https://terms.naer.edu.tw/
3031,reciprocal interdependence,互惠式互賴,https://terms.naer.edu.tw/
3032,reconciliation,調解,https://terms.naer.edu.tw/
3033,reconstructed logic,重構邏輯,https://terms.naer.edu.tw/
3034,recourse mechanism,申訴機制,https://terms.naer.edu.tw/
3035,recruitment,招募；甄補,https://terms.naer.edu.tw/
3036,recruitment from inside the service,內升制,https://terms.naer.edu.tw/
3037,recruitment from outside the service,外補制,https://terms.naer.edu.tw/
3038,red tape,官樣文章；繁文褥節,https://terms.naer.edu.tw/
3039,redistribution,重分配,https://terms.naer.edu.tw/
3040,redistributional benefi,重分配利益,https://terms.naer.edu.tw/
3041,redistributive policy,重分配政策,https://terms.naer.edu.tw/
3042,reduction in force (RIF),人力縮減；裁員,https://terms.naer.edu.tw/
3043,reduction in pay,減俸,https://terms.naer.edu.tw/
3044,reductionist theory,化約理論,https://terms.naer.edu.tw/
3045,redundancy of organization,組織累贅,https://terms.naer.edu.tw/
3046,reengineering,再造工程,https://terms.naer.edu.tw/
3047,reference group,參照團體,https://terms.naer.edu.tw/
3048,reference service center,參考服務中心,https://terms.naer.edu.tw/
3049,referendum,複決,https://terms.naer.edu.tw/
3050,referent,參照者,https://terms.naer.edu.tw/
3051,referent power,參照權力,https://terms.naer.edu.tw/
3052,reflection-in-action,行動中反思,https://terms.naer.edu.tw/
3053,reflective interpretation,反思性詮釋,https://terms.naer.edu.tw/
3054,reflective measurement,反映式衡量,https://terms.naer.edu.tw/
3055,reflective-critical reason,反思批判理性,https://terms.naer.edu.tw/
3056,reform,改革,https://terms.naer.edu.tw/
3057,regime values,政權價值；典則價值,https://terms.naer.edu.tw/
3058,regional governance,區域治理,https://terms.naer.edu.tw/
3059,regional study,地區研究,https://terms.naer.edu.tw/
3060,regression analysis,迴歸分析,https://terms.naer.edu.tw/
3061,regression-discontinuity analysis,迴歸-不連續分析,https://terms.naer.edu.tw/
3062,regressive system,累退制,https://terms.naer.edu.tw/
3063,regressive tax,累退税,https://terms.naer.edu.tw/
3064,regulation dilemma,管制困境,https://terms.naer.edu.tw/
3065,regulative action,管制性行動,https://terms.naer.edu.tw/
3066,regulative policy,管制政策,https://terms.naer.edu.tw/
3067,regulatory commission,管制委員會,https://terms.naer.edu.tw/
3068,regulatory contracting out,管制式委外,https://terms.naer.edu.tw/
3069,regulatory incentive,管制性誘因,https://terms.naer.edu.tw/
3070,regulatory review,管制評鑑,https://terms.naer.edu.tw/
3071,regulatory tax,管制稅,https://terms.naer.edu.tw/
3072,rehabilitate-operate-transfer (ROT),租賃-營運-移轉；重建-營運-移轉,https://terms.naer.edu.tw/
3073,reification,物化,https://terms.naer.edu.tw/
3074,reinforcement theory,增強理論,https://terms.naer.edu.tw/
3075,reinforcer,增強物,https://terms.naer.edu.tw/
3076,reinventing government,再造政府,https://terms.naer.edu.tw/
3077,reinvention laboratory,再造實驗室,https://terms.naer.edu.tw/
3078,relational contract,關係契約,https://terms.naer.edu.tw/
3079,relationship marketing,關係行銷,https://terms.naer.edu.tw/
3080,relative deprivation,相對剝奪感,https://terms.naer.edu.tw/
3081,relevance tree,相關樹,https://terms.naer.edu.tw/
3082,reliability,信度,https://terms.naer.edu.tw/
3083,remunerative power,獎賞權力,https://terms.naer.edu.tw/
3084,rent-seeking,競租,https://terms.naer.edu.tw/
3085,reorganization,重組,https://terms.naer.edu.tw/
3086,replacement chart,遷調圖,https://terms.naer.edu.tw/
3087,representative bureaucracy,代表性官僚體,https://terms.naer.edu.tw/
3088,representative democracy,代議民主,https://terms.naer.edu.tw/
3089,representative government,代議政府,https://terms.naer.edu.tw/
3090,representativeness,代表性,https://terms.naer.edu.tw/
3091,reproducibility,複製性,https://terms.naer.edu.tw/
3092,republicanism,共和主義,https://terms.naer.edu.tw/
3093,reputability assessment,聲譽評量,https://terms.naer.edu.tw/
3094,requests for proposals (RFPs),企畫邀約書,https://terms.naer.edu.tw/
3095,reregulation,再管制,https://terms.naer.edu.tw/
3096,research and practice synthesis,研究與實務綜合法,https://terms.naer.edu.tw/
3097,research approach,研究途徑,https://terms.naer.edu.tw/
3098,research design,研究設計,https://terms.naer.edu.tw/
3099,research method,研究方法,https://terms.naer.edu.tw/
3100,resource allocation,資源配置,https://terms.naer.edu.tw/
3101,resource dependence theory (RDT),資源依賴理論,https://terms.naer.edu.tw/
3102,resource management,資源管理,https://terms.naer.edu.tw/
3103,resource-based theory (RBT),資源基礎理論,https://terms.naer.edu.tw/
3104,resources accounting,資源會計,https://terms.naer.edu.tw/
3105,responsible government,責任政府,https://terms.naer.edu.tw/
3106,responsiveness,回應性,https://terms.naer.edu.tw/
3107,result-oriented description,結果導向工作描述,https://terms.naer.edu.tw/
3108,retirement differential payment,退休補償金,https://terms.naer.edu.tw/
3109,retirement effect,退休效果,https://terms.naer.edu.tw/
3110,retroductive logic,回溯邏輯,https://terms.naer.edu.tw/
3111,retrospective policy analysis,回溯性政策分析,https://terms.naer.edu.tw/
3112,revenue,歲入,https://terms.naer.edu.tw/
3113,revenue service office,稅捐稽徵處,https://terms.naer.edu.tw/
3114,revenue sharing,稅收分享;歲入分享,https://terms.naer.edu.tw/
3115,revenues from aid & assistance,補助及協助收入,https://terms.naer.edu.tw/
3116,revenues from donations & contributions,捐獻及贈與收入,https://terms.naer.edu.tw/
3117,revenues from fines & indemnities,罰款及賠償收入,https://terms.naer.edu.tw/
3118,revenues from loans & public debt,公債及賒借收入,https://terms.naer.edu.tw/
3119,revenues from monopoly,專賣收入,https://terms.naer.edu.tw/
3120,revenues from properties,財產收入,https://terms.naer.edu.tw/
3121,revenues from self-governing,自治稅捐收入,https://terms.naer.edu.tw/
3122,revenues from special assessment,工程受益費收入,https://terms.naer.edu.tw/
3123,revenues from taxes,稅課收入,https://terms.naer.edu.tw/
3124,revenues from trust account,信託管理收入,https://terms.naer.edu.tw/
3125,reverse auction,反向拍賣,https://terms.naer.edu.tw/
3126,reverse discrimination,反向歧視,https://terms.naer.edu.tw/
3127,revisionism,修正主義,https://terms.naer.edu.tw/
3128,revolving door,旋轉門,https://terms.naer.edu.tw/
3129,reward system,報酬制度,https://terms.naer.edu.tw/
3130,rhetoric strategy,雄辯策略,https://terms.naer.edu.tw/
3131,rhetorical leadership,雄辯式領導,https://terms.naer.edu.tw/
3132,Rhodes， R. A. W.,羅德斯,https://terms.naer.edu.tw/
3133,Riggs， Fred W.， 1917~,雷格斯,https://terms.naer.edu.tw/
3134,right person in the right place,適才適所,https://terms.naer.edu.tw/
3135,right to access personal information,個人資訊取得權,https://terms.naer.edu.tw/
3136,rights of citizens,公民權,https://terms.naer.edu.tw/
3137,rightsizing,精簡,https://terms.naer.edu.tw/
3138,Rio Summit,里約高峰會,https://terms.naer.edu.tw/
3139,Ripley， Randall,芮普利,https://terms.naer.edu.tw/
3140,risk analysis,風險分析,https://terms.naer.edu.tw/
3141,risk averse,風險趨避,https://terms.naer.edu.tw/
3142,risk communication,風險溝通,https://terms.naer.edu.tw/
3143,risk management,風險管理,https://terms.naer.edu.tw/
3144,rites and ceremonies,儀式和典禮,https://terms.naer.edu.tw/
3145,role ambiguity,角色模糊,https://terms.naer.edu.tw/
3146,role overload,角色超載,https://terms.naer.edu.tw/
3147,role playing,角色扮演,https://terms.naer.edu.tw/
3148,roll-call analysis,點名分析法,https://terms.naer.edu.tw/
3149,Roosevelt， Franklin D.， 1882~1945,羅斯福,https://terms.naer.edu.tw/
3150,root cause analysis,根本原因分析,https://terms.naer.edu.tw/
3151,Rosenbloom， David H.， 1943~,羅聖朋,https://terms.naer.edu.tw/
3152,Rossi， Peter H.， 1921~2006,羅西,https://terms.naer.edu.tw/
3153,Rousseau， Jean-Jacques， 1712~1778,盧梭,https://terms.naer.edu.tw/
3154,routine formulation,例行規劃,https://terms.naer.edu.tw/
3155,routine technology,例行性技術,https://terms.naer.edu.tw/
3156,rule by law,依法而治,https://terms.naer.edu.tw/
3157,rule of law,法治,https://terms.naer.edu.tw/
3158,rule of thumb,摸索法；經驗法則,https://terms.naer.edu.tw/
3159,rule-based accountability,依法課責,https://terms.naer.edu.tw/
3160,sabbatical Leave,留職留薪休假,https://terms.naer.edu.tw/
3161,safe community,安全社區,https://terms.naer.edu.tw/
3162,safe risk,安全風險,https://terms.naer.edu.tw/
3163,salary survey,薪資調查,https://terms.naer.edu.tw/
3164,sales incentive plan,業績誘因計畫,https://terms.naer.edu.tw/
3165,Salisbury， Robert,沙力斯伯瑞,https://terms.naer.edu.tw/
3166,sample survey,樣本調查法,https://terms.naer.edu.tw/
3167,sanction function,制裁功能,https://terms.naer.edu.tw/
3168,satisfaction aggregation model,滿意累進模式,https://terms.naer.edu.tw/
3169,satisfication-progression approach,滿足─前進途徑,https://terms.naer.edu.tw/
3170,satisficing decision-making approach,滿意決策途徑,https://terms.naer.edu.tw/
3171,satisfiers,滿意因素,https://terms.naer.edu.tw/
3172,saturation sampling,地毯式抽樣法；澈底抽樣法,https://terms.naer.edu.tw/
3173,Savas， Emanuel S.,薩瓦斯,https://terms.naer.edu.tw/
3174,scatter diagram,分佈圖,https://terms.naer.edu.tw/
3175,scenario planning,情境計劃法,https://terms.naer.edu.tw/
3176,scenario workshop,劇本工作坊,https://terms.naer.edu.tw/
3177,scenario writing,劇本撰寫法,https://terms.naer.edu.tw/
3178,Schein， Edgar H.， 1928~,雪恩,https://terms.naer.edu.tw/
3179,school district,學區,https://terms.naer.edu.tw/
3180,school of modern organization theory,現代組織理論學派,https://terms.naer.edu.tw/
3181,school of scientific management,科學管理學派,https://terms.naer.edu.tw/
3182,Schumpeter， Joseph A.， 1883~1950,熊彼得,https://terms.naer.edu.tw/
3183,science in policy analysis,政策分析科學,https://terms.naer.edu.tw/
3184,scientific management,科學管理,https://terms.naer.edu.tw/
3185,scientism,科學主義,https://terms.naer.edu.tw/
3186,scope of bargaining,協商範圍,https://terms.naer.edu.tw/
3187,Scott， W. Richard,史考特,https://terms.naer.edu.tw/
3188,seamless government,無間隙政府,https://terms.naer.edu.tw/
3189,seasonal employee,季節性勞工,https://terms.naer.edu.tw/
3190,second face of power,權力第二個面貌,https://terms.naer.edu.tw/
3191,second generation evaluation,第二代評估,https://terms.naer.edu.tw/
3192,second generation implementation study,第二代執行研究,https://terms.naer.edu.tw/
3193,second-best rationality,次佳理性,https://terms.naer.edu.tw/
3194,secondary group,次級團體,https://terms.naer.edu.tw/
3195,secondment,借調,https://terms.naer.edu.tw/
3196,secrecy strategy,祕密策略,https://terms.naer.edu.tw/
3197,secret key,秘密金鑰,https://terms.naer.edu.tw/
3198,secretary general,秘書長,https://terms.naer.edu.tw/
3199,sectionalism,派系主義,https://terms.naer.edu.tw/
3200,secure electronic transaction protocol (SETP),安全電子交易協定,https://terms.naer.edu.tw/
3201,security governance,安全治理,https://terms.naer.edu.tw/
3202,segmentation of policy,政策區隔,https://terms.naer.edu.tw/
3203,segmented equality,區隔的平等,https://terms.naer.edu.tw/
3204,segmented policy analysis,分散式政策分析,https://terms.naer.edu.tw/
3205,select out,淘汰,https://terms.naer.edu.tw/
3206,selection,遴選,https://terms.naer.edu.tw/
3207,self- control,自我控制,https://terms.naer.edu.tw/
3208,self-actualization,自我實現,https://terms.naer.edu.tw/
3209,self-assurance,自我肯定,https://terms.naer.edu.tw/
3210,self-awareness,自覺,https://terms.naer.edu.tw/
3211,self-confidence,自信,https://terms.naer.edu.tw/
3212,self-correcting,自我修正,https://terms.naer.edu.tw/
3213,self-defeating prophecy,自我毀滅預言,https://terms.naer.edu.tw/
3214,self-development,自我發展,https://terms.naer.edu.tw/
3215,self-directed work team,自我指導(導向)的工作團隊,https://terms.naer.edu.tw/
3216,self-esteem,自尊,https://terms.naer.edu.tw/
3217,self-evaluating organization,自我評估組織,https://terms.naer.edu.tw/
3218,self-expression,自我表現,https://terms.naer.edu.tw/
3219,self-fulfilling prophecy,自我實現預言,https://terms.naer.edu.tw/
3220,self-fulfillment need,自我實現需要,https://terms.naer.edu.tw/
3221,self-generating,自創,https://terms.naer.edu.tw/
3222,self-governance,自治,https://terms.naer.edu.tw/
3223,self-identification,自我認同,https://terms.naer.edu.tw/
3224,self-managing team,自我管理團隊,https://terms.naer.edu.tw/
3225,self-organization team,自我組織團隊,https://terms.naer.edu.tw/
3226,self-organizing,自我組織,https://terms.naer.edu.tw/
3227,self-regulative policy,自我管制政策,https://terms.naer.edu.tw/
3228,self-reinforcing,自我增強,https://terms.naer.edu.tw/
3229,self-service,自助服務,https://terms.naer.edu.tw/
3230,selflessness,無我性；無私,https://terms.naer.edu.tw/
3231,Selznick， Philip， 1919~,賽茲尼克,https://terms.naer.edu.tw/
3232,semantic web,語意網,https://terms.naer.edu.tw/
3233,semi-direct lobbying,半直接遊說,https://terms.naer.edu.tw/
3234,semi-sovereign,半主權,https://terms.naer.edu.tw/
3235,Senge， Peter M.， 1947~,聖吉,https://terms.naer.edu.tw/
3236,senior civil service,高級文官團；高級文官,https://terms.naer.edu.tw/
3237,senior executive service (SES),高級主管制,https://terms.naer.edu.tw/
3238,seniority pay,年資薪,https://terms.naer.edu.tw/
3239,sense of citizen duty,公民責任感,https://terms.naer.edu.tw/
3240,sensitivity analysis,敏感性分析,https://terms.naer.edu.tw/
3241,sensitivity training (ST),敏感性訓練法,https://terms.naer.edu.tw/
3242,separation of power,權力分立,https://terms.naer.edu.tw/
3243,separation of tax sources,稅源分割,https://terms.naer.edu.tw/
3244,sequential interdependence,序列性互賴,https://terms.naer.edu.tw/
3245,series,職系,https://terms.naer.edu.tw/
3246,servant leadership,服務型領導,https://terms.naer.edu.tw/
3247,service profit chain,服務利潤鏈,https://terms.naer.edu.tw/
3248,service quality,服務品質,https://terms.naer.edu.tw/
3249,service quality competition,服務品質競賽,https://terms.naer.edu.tw/
3250,service rating,服務評價,https://terms.naer.edu.tw/
3251,service technology,服務技術,https://terms.naer.edu.tw/
3252,set thinking,集合思考,https://terms.naer.edu.tw/
3253,severance pay,離職金,https://terms.naer.edu.tw/
3254,sex discrimination,性別歧視,https://terms.naer.edu.tw/
3255,sexual harassment,性騷擾,https://terms.naer.edu.tw/
3256,shadow organization,影子組織,https://terms.naer.edu.tw/
3257,shadow price,影子價格,https://terms.naer.edu.tw/
3258,shadow state,影子國家,https://terms.naer.edu.tw/
3259,shadowing,見習,https://terms.naer.edu.tw/
3260,Shafritz， Jay M.,夏福立,https://terms.naer.edu.tw/
3261,shamrock organization,酢漿草組織,https://terms.naer.edu.tw/
3262,share of tax bases,稅基共用,https://terms.naer.edu.tw/
3263,shared risk,共承風險,https://terms.naer.edu.tw/
3264,shared values,共同價值觀,https://terms.naer.edu.tw/
3265,Sharkansky， Ira， 1938~,夏坎斯基,https://terms.naer.edu.tw/
3266,short run plan,短程計畫,https://terms.naer.edu.tw/
3267,sick leave,病假,https://terms.naer.edu.tw/
3268,side-payment,特別費,https://terms.naer.edu.tw/
3269,similar-to-me effect,類我效果,https://terms.naer.edu.tw/
3270,Simon， Herbert A.， 1916~2001,賽蒙,https://terms.naer.edu.tw/
3271,simple model of choice,簡易選擇模式,https://terms.naer.edu.tw/
3272,single head organization,首長制,https://terms.naer.edu.tw/
3273,single-loop learning,單圈學習,https://terms.naer.edu.tw/
3274,sit-in movement,靜坐運動,https://terms.naer.edu.tw/
3275,situational exercise,情境演練,https://terms.naer.edu.tw/
3276,situational interview,情境式面談,https://terms.naer.edu.tw/
3277,situational leadership theory,情境領導理論,https://terms.naer.edu.tw/
3278,situational theory,情境理論,https://terms.naer.edu.tw/
3279,skilled incompetence,專精的無能,https://terms.naer.edu.tw/
3280,Skinner， Burrhus F.， 1904~1990,史金納,https://terms.naer.edu.tw/
3281,smart card,智慧卡,https://terms.naer.edu.tw/
3282,smile curve,微笑曲線,https://terms.naer.edu.tw/
3283,Smith， Adam， 1723~1790,亞當．史密斯,https://terms.naer.edu.tw/
3284,social accountability,社會課責,https://terms.naer.edu.tw/
3285,social auditing,社會審計,https://terms.naer.edu.tw/
3286,social auditing approach,社會審計途徑,https://terms.naer.edu.tw/
3287,social capital,社會資本,https://terms.naer.edu.tw/
3288,social care,社會照護,https://terms.naer.edu.tw/
3289,social choice,社會選擇,https://terms.naer.edu.tw/
3290,social class,社會階級,https://terms.naer.edu.tw/
3291,social contract,社會契約,https://terms.naer.edu.tw/
3292,social costs,社會成本,https://terms.naer.edu.tw/
3293,social democratic government,社會民主政府,https://terms.naer.edu.tw/
3294,social dilemmas,社會困境,https://terms.naer.edu.tw/
3295,social enterprise,社會型企業,https://terms.naer.edu.tw/
3296,social equity,社會衡平；社會公正,https://terms.naer.edu.tw/
3297,social exchange theory,社會交換,https://terms.naer.edu.tw/
3298,social experiment method,社會實驗法,https://terms.naer.edu.tw/
3299,social experimentation approach,社會實驗途徑,https://terms.naer.edu.tw/
3300,social function,社會功能,https://terms.naer.edu.tw/
3301,social impact assessment (SIA),社會影響評估,https://terms.naer.edu.tw/
3302,social indicator,社會指標,https://terms.naer.edu.tw/
3303,social insurance,社會保險,https://terms.naer.edu.tw/
3304,social justice,社會正義,https://terms.naer.edu.tw/
3305,social market economy,社會市場經濟,https://terms.naer.edu.tw/
3306,social marketing,社會行銷,https://terms.naer.edu.tw/
3307,social movement,社會運動,https://terms.naer.edu.tw/
3308,social network,社會網絡,https://terms.naer.edu.tw/
3309,social network analysis,社會網絡分析,https://terms.naer.edu.tw/
3310,social norm,社會規範,https://terms.naer.edu.tw/
3311,social pluralism,社會多元主義,https://terms.naer.edu.tw/
3312,social rate of discount,社會折現率,https://terms.naer.edu.tw/
3313,social rationality,社會理性,https://terms.naer.edu.tw/
3314,social responsibility,社會責任,https://terms.naer.edu.tw/
3315,social sciences,社會科學,https://terms.naer.edu.tw/
3316,social security,社會安全,https://terms.naer.edu.tw/
3317,social surplus,社會剩餘,https://terms.naer.edu.tw/
3318,social systems accounting approach,社會系統會計途徑,https://terms.naer.edu.tw/
3319,socialization,社會化,https://terms.naer.edu.tw/
3320,societal corporatism,社會統合主義,https://terms.naer.edu.tw/
3321,societal infrastructure,社會基礎建設,https://terms.naer.edu.tw/
3322,socio-cybernetic system,社會操控系統,https://terms.naer.edu.tw/
3323,sociological institutionalism,社會學制度論,https://terms.naer.edu.tw/
3324,sociopolitical paradigm,社會政治典範,https://terms.naer.edu.tw/
3325,sociotechnical systems approach,社會技術系統,https://terms.naer.edu.tw/
3326,software reengineering,軟體再造工程,https://terms.naer.edu.tw/
3327,Solomon four-group design,所羅門四組實驗設計,https://terms.naer.edu.tw/
3328,span of control,控制幅度,https://terms.naer.edu.tw/
3329,span of management,管理幅度,https://terms.naer.edu.tw/
3330,spatial theory,空間理論,https://terms.naer.edu.tw/
3331,special budget,特別預算,https://terms.naer.edu.tw/
3332,special operating agency,特別執行機構,https://terms.naer.edu.tw/
3333,specialized staff,專業幕僚,https://terms.naer.edu.tw/
3334,specific duty,從量税,https://terms.naer.edu.tw/
3335,specific goods,特殊性財貨,https://terms.naer.edu.tw/
3336,specific support,特定支持,https://terms.naer.edu.tw/
3337,spider chart,蛛網圖,https://terms.naer.edu.tw/
3338,spillovers,連帶影響；外溢效果,https://terms.naer.edu.tw/
3339,spoils system,分贓制,https://terms.naer.edu.tw/
3340,spurious interpretation,虛偽詮釋,https://terms.naer.edu.tw/
3341,staff development,員工發展,https://terms.naer.edu.tw/
3342,staff function,人事功能,https://terms.naer.edu.tw/
3343,staff organization,幕僚機關；輔助機關,https://terms.naer.edu.tw/
3344,staff unit,輔助單位；幕僚單位,https://terms.naer.edu.tw/
3345,staffing regime,用人制,https://terms.naer.edu.tw/
3346,staffing specialist,人事專家,https://terms.naer.edu.tw/
3347,staffing table,職位編制表,https://terms.naer.edu.tw/
3348,stagflation,停滯膨脹,https://terms.naer.edu.tw/
3349,stakeholder,利害關係人,https://terms.naer.edu.tw/
3350,stakeholder analysis,利害關係人分析,https://terms.naer.edu.tw/
3351,standard deduction,標準扣除額,https://terms.naer.edu.tw/
3352,standard error,標準差,https://terms.naer.edu.tw/
3353,standard error of estimate,標準誤,https://terms.naer.edu.tw/
3354,standard hour plan,標準工時制,https://terms.naer.edu.tw/
3355,standard operating procedures (SOPs),標準作業程序,https://terms.naer.edu.tw/
3356,standardized test,標準化測驗,https://terms.naer.edu.tw/
3357,standards of disclosure,揭露標準,https://terms.naer.edu.tw/
3358,standing committee,常設委員會,https://terms.naer.edu.tw/
3359,stare decisis,援例辦理,https://terms.naer.edu.tw/
3360,Starling， Grover,史塔寧,https://terms.naer.edu.tw/
3361,state capitalism,國家資本主義,https://terms.naer.edu.tw/
3362,state corporatism,國家統合主義,https://terms.naer.edu.tw/
3363,state of nature,自然狀態,https://terms.naer.edu.tw/
3364,state of the union message,美國國情咨文,https://terms.naer.edu.tw/
3365,state socialism,國家社會主義,https://terms.naer.edu.tw/
3366,state-centric approach,國家中心途徑,https://terms.naer.edu.tw/
3367,state-centrism,國家中心主義,https://terms.naer.edu.tw/
3368,state-society synergy,國家－社會綜效,https://terms.naer.edu.tw/
3369,stateless corporations,無祖國公司,https://terms.naer.edu.tw/
3370,stateless society,無國家的社會,https://terms.naer.edu.tw/
3371,statism,國家主義,https://terms.naer.edu.tw/
3372,statistical analysis method,統計分析法,https://terms.naer.edu.tw/
3373,statistical argument,統計式論證,https://terms.naer.edu.tw/
3374,statistical causal analysis,統計因果分析,https://terms.naer.edu.tw/
3375,statistical control,統計控制,https://terms.naer.edu.tw/
3376,statistical process control (SPC),統計過程控制,https://terms.naer.edu.tw/
3377,status quo,現狀,https://terms.naer.edu.tw/
3378,statutory budget,法定預算,https://terms.naer.edu.tw/
3379,steering government,導航政府,https://terms.naer.edu.tw/
3380,step increase,晉級 (薪),https://terms.naer.edu.tw/
3381,stereotype,刻板印象,https://terms.naer.edu.tw/
3382,strategic alliance,策略聯盟,https://terms.naer.edu.tw/
3383,strategic human resource management,策略性人力資源管理,https://terms.naer.edu.tw/
3384,strategic information system (SIS),策略資訊系統,https://terms.naer.edu.tw/
3385,strategic issue,策略議題,https://terms.naer.edu.tw/
3386,strategic leadership,策略領導,https://terms.naer.edu.tw/
3387,strategic management,策略管理,https://terms.naer.edu.tw/
3388,strategic partner,策略夥伴,https://terms.naer.edu.tw/
3389,strategic planning,策略規劃,https://terms.naer.edu.tw/
3390,strategic thinking,策略思考,https://terms.naer.edu.tw/
3391,stratified sampling,分層抽樣法,https://terms.naer.edu.tw/
3392,streamline government,流線型政府,https://terms.naer.edu.tw/
3393,street-level bureaucrat,基層行政人員；第一線行政人員,https://terms.naer.edu.tw/
3394,strict scrutiny standard,嚴格稽查標準,https://terms.naer.edu.tw/
3395,strong democracy,強勢民主,https://terms.naer.edu.tw/
3396,strong mayor government,強市長制政府,https://terms.naer.edu.tw/
3397,structural inertia,結構惰性,https://terms.naer.edu.tw/
3398,structural-functional approach,結構功能途徑,https://terms.naer.edu.tw/
3399,structuralist ontology,結構主義本體論,https://terms.naer.edu.tw/
3400,structuration synthesis,結構合成論,https://terms.naer.edu.tw/
3401,structuration theory,結構化理論,https://terms.naer.edu.tw/
3402,subcommunity,次級社群；次級社區,https://terms.naer.edu.tw/
3403,subjective approach formulation,主觀途徑規劃,https://terms.naer.edu.tw/
3404,subjective error,主觀偏失,https://terms.naer.edu.tw/
3405,subjective well-being,主觀福祉,https://terms.naer.edu.tw/
3406,subnational autonomy,次國家自主性,https://terms.naer.edu.tw/
3407,subnational government,次國家政府,https://terms.naer.edu.tw/
3408,suboptimization,次最適化,https://terms.naer.edu.tw/
3409,subordinate-centered leadership,以部屬為中心的領導,https://terms.naer.edu.tw/
3410,subsidy arrangement,補貼措施,https://terms.naer.edu.tw/
3411,substance abuse testing,毒品濫用檢測,https://terms.naer.edu.tw/
3412,substantive rationality,實質理性,https://terms.naer.edu.tw/
3413,substitution effect,替代效果,https://terms.naer.edu.tw/
3414,subsystems theory,次級系統理論,https://terms.naer.edu.tw/
3415,summative evaluation,總結評估,https://terms.naer.edu.tw/
3416,sun rising legislation,日出立法,https://terms.naer.edu.tw/
3417,sunk cost,沈澱成本；沉沒成本,https://terms.naer.edu.tw/
3418,sunset legislation,日落立法,https://terms.naer.edu.tw/
3419,sunset provision,日落條款,https://terms.naer.edu.tw/
3420,sunshine law,陽光法律,https://terms.naer.edu.tw/
3421,supplement pay benefit,補充性薪資福利,https://terms.naer.edu.tw/
3422,supplement unemployment benefit,補充性失業福利,https://terms.naer.edu.tw/
3423,supplier relationship management (SRM),供應商關係管理,https://terms.naer.edu.tw/
3424,supplier-driven e-marketplace,供應商主導電子市集,https://terms.naer.edu.tw/
3425,supply chain management (SCM),供應鏈管理,https://terms.naer.edu.tw/
3426,supply-side policy,供給面政策,https://terms.naer.edu.tw/
3427,supranational structure,超國家結構,https://terms.naer.edu.tw/
3428,supranationalism,超國家主義,https://terms.naer.edu.tw/
3429,survey research,調查研究,https://terms.naer.edu.tw/
3430,survivor annuity,撫慰金,https://terms.naer.edu.tw/
3431,suspension of duty,停職,https://terms.naer.edu.tw/
3432,sustainable development,永續發展,https://terms.naer.edu.tw/
3433,sustainable mitigation scenarios,永續減災劇本,https://terms.naer.edu.tw/
3434,SWOT analysis,優弱機威分析；優勢、弱勢、機會、威脅分析,https://terms.naer.edu.tw/
3435,symbiotic interdependence,共生性互賴,https://terms.naer.edu.tw/
3436,symbol specialist,符號專家,https://terms.naer.edu.tw/
3437,symbolic model,象徵的模式,https://terms.naer.edu.tw/
3438,symbolic policy,象徵性政策,https://terms.naer.edu.tw/
3439,symbolic policy,象徵性政策,https://terms.naer.edu.tw/
3440,symptoms of structural deficiency,結構缺失徵後群,https://terms.naer.edu.tw/
3441,synectics,類比法,https://terms.naer.edu.tw/
3442,synergy,綜效,https://terms.naer.edu.tw/
3443,system,系統,https://terms.naer.edu.tw/
3444,system development life cycle (SDLC),系統發展生命週期,https://terms.naer.edu.tw/
3445,system management model,系統管理模式,https://terms.naer.edu.tw/
3446,systematic experimentation,系統性實驗,https://terms.naer.edu.tw/
3447,systematic sampling,系統抽樣法,https://terms.naer.edu.tw/
3448,systemic agenda,系統議程,https://terms.naer.edu.tw/
3449,systemic knowledge,系統知識,https://terms.naer.edu.tw/
3450,systems analysis,系統分析,https://terms.naer.edu.tw/
3451,systems theory,系統理論,https://terms.naer.edu.tw/
3452,tabular displays,表列法,https://terms.naer.edu.tw/
3453,tacit knowledge,默會知識 ；內隱知識,https://terms.naer.edu.tw/
3454,tacit social contract,默會社會契約 ； 內隱社會契約,https://terms.naer.edu.tw/
3455,talent list reservation,人才儲備單,https://terms.naer.edu.tw/
3456,tall organization,高架式組織,https://terms.naer.edu.tw/
3457,tangible benefit,有形利益,https://terms.naer.edu.tw/
3458,tangible cost,有形成本,https://terms.naer.edu.tw/
3459,target group,標的團體,https://terms.naer.edu.tw/
3460,target marketing,標的行銷,https://terms.naer.edu.tw/
3461,target population,標的人口,https://terms.naer.edu.tw/
3462,target problem,標的問題,https://terms.naer.edu.tw/
3463,task environment,任務環境,https://terms.naer.edu.tw/
3464,task force,任務編組,https://terms.naer.edu.tw/
3465,tax assignment,稅收劃分,https://terms.naer.edu.tw/
3466,tax avoidance,避稅,https://terms.naer.edu.tw/
3467,tax credit,免稅額,https://terms.naer.edu.tw/
3468,tax evasion,逃稅,https://terms.naer.edu.tw/
3469,tax exemption,免稅,https://terms.naer.edu.tw/
3470,tax expenditure,稅式支出,https://terms.naer.edu.tw/
3471,tax policy,賦稅政策,https://terms.naer.edu.tw/
3472,tax rate,税率,https://terms.naer.edu.tw/
3473,tax reform,賦税改革,https://terms.naer.edu.tw/
3474,taxable income,應稅所得,https://terms.naer.edu.tw/
3475,Taylor， Frederick W.， 1856~1915,泰勒,https://terms.naer.edu.tw/
3476,team building,團隊建立,https://terms.naer.edu.tw/
3477,team learning,團隊學習,https://terms.naer.edu.tw/
3478,team management,團隊管理,https://terms.naer.edu.tw/
3479,team-based incentive system,團隊誘因制度,https://terms.naer.edu.tw/
3480,team-based management,以團隊為基礎的管理,https://terms.naer.edu.tw/
3481,teamwork,團隊合作,https://terms.naer.edu.tw/
3482,technical complexity,技術複雜度,https://terms.naer.edu.tw/
3483,technical feasibility,技術可行性,https://terms.naer.edu.tw/
3484,technical knowledge,技術知識,https://terms.naer.edu.tw/
3485,technical rationality,技術理性,https://terms.naer.edu.tw/
3486,technical support,技術支援,https://terms.naer.edu.tw/
3487,technocracy,技術官僚制,https://terms.naer.edu.tw/
3488,technocrat,技術官僚,https://terms.naer.edu.tw/
3489,technocratic counsel,技術官僚諮商,https://terms.naer.edu.tw/
3490,technocratic guidance,技術官僚指導,https://terms.naer.edu.tw/
3491,technocratic mentality,技術官僚心態,https://terms.naer.edu.tw/
3492,technology assessment,科技評量,https://terms.naer.edu.tw/
3493,technology transfer,技術移轉,https://terms.naer.edu.tw/
3494,teledemocracy,電子民主,https://terms.naer.edu.tw/
3495,teleological criteria,目的性標準,https://terms.naer.edu.tw/
3496,teleological system,目的論體系,https://terms.naer.edu.tw/
3497,teleological theory,目的性理論,https://terms.naer.edu.tw/
3498,teleology,目的論,https://terms.naer.edu.tw/
3499,temporary employment,暫時雇用,https://terms.naer.edu.tw/
3500,temporary organizatin,暫時性組織,https://terms.naer.edu.tw/
3501,terminal value,終極價值,https://terms.naer.edu.tw/
3502,territorial community,地域社群,https://terms.naer.edu.tw/
3503,test validation,測驗效度,https://terms.naer.edu.tw/
3504,testing specialist,測驗專家,https://terms.naer.edu.tw/
3505,text mining,文件探勘；文本探勘,https://terms.naer.edu.tw/
3506,Thatcher,佘契爾,https://terms.naer.edu.tw/
3507,Thatcherism,柴契爾主義,https://terms.naer.edu.tw/
3508,The Balanced Budget Reaffirmation Act,美國平衡預算再加強法,https://terms.naer.edu.tw/
3509,the carrot and stick theory,威脅利誘論,https://terms.naer.edu.tw/
3510,the Equal Pay Act,平等薪資法(美國),https://terms.naer.edu.tw/
3511,The Great Society,大社會計畫,https://terms.naer.edu.tw/
3512,the learning collaboration,學習型同心協力,https://terms.naer.edu.tw/
3513,The Office of Technology Assessment,美國技術評量局,https://terms.naer.edu.tw/
3514,the third sector,第三部門,https://terms.naer.edu.tw/
3515,the third wave,第三波,https://terms.naer.edu.tw/
3516,the third wave civilization,第三波文明,https://terms.naer.edu.tw/
3517,the third way,第三條路,https://terms.naer.edu.tw/
3518,the third world,第三世界,https://terms.naer.edu.tw/
3519,theocracy,神權政體,https://terms.naer.edu.tw/
3520,theological explanation,目的論解釋法,https://terms.naer.edu.tw/
3521,theoretical forecasting,理論預測法,https://terms.naer.edu.tw/
3522,theoretical modeling,理論模式建構法,https://terms.naer.edu.tw/
3523,theory mapping,理論圖法,https://terms.naer.edu.tw/
3524,theory of innovation diffusion (TID),創新擴散理論,https://terms.naer.edu.tw/
3525,theory of justice,正義論,https://terms.naer.edu.tw/
3526,theory of motivation,激勵理論,https://terms.naer.edu.tw/
3527,theory of power dependency,權力依賴理論,https://terms.naer.edu.tw/
3528,theory of prismatic society,稜柱社會理論,https://terms.naer.edu.tw/
3529,theory Z,Z理論,https://terms.naer.edu.tw/
3530,think tank,智庫,https://terms.naer.edu.tw/
3531,third generation evaluation,第三代評估,https://terms.naer.edu.tw/
3532,third generation implementation study,第三代執行研究,https://terms.naer.edu.tw/
3533,third-party enforcement,第三者執行,https://terms.naer.edu.tw/
3534,third-party interventions,第三者干預法,https://terms.naer.edu.tw/
3535,third-party-driven e-marketplace,第三方主導的電子市集,https://terms.naer.edu.tw/
3536,third-sector organization,第三部門組織,https://terms.naer.edu.tw/
3537,Thompson， Fred,湯普森,https://terms.naer.edu.tw/
3538,threshold analysis,門檻分析,https://terms.naer.edu.tw/
3539,time and motion studies,動時研究；時間與動作研究,https://terms.naer.edu.tw/
3540,time feasibility,時間可行性,https://terms.naer.edu.tw/
3541,time monitoring,時間監測,https://terms.naer.edu.tw/
3542,time-series analysis,時間序列分析,https://terms.naer.edu.tw/
3543,Toffler， Alvin， 1928~,托福勒,https://terms.naer.edu.tw/
3544,top management,高階管理,https://terms.naer.edu.tw/
3545,top management position,高階管理職位,https://terms.naer.edu.tw/
3546,top-down policy implementation,由上而下的政策執行,https://terms.naer.edu.tw/
3547,top-management team,高階管理團隊,https://terms.naer.edu.tw/
3548,total compensation package,整體待遇方案,https://terms.naer.edu.tw/
3549,total quality management (TQM),全面品質管理,https://terms.naer.edu.tw/
3550,totalitarianism,極權主義,https://terms.naer.edu.tw/
3551,trade-off,抵換；交換取捨,https://terms.naer.edu.tw/
3552,tragedy of the commons,公有地悲劇；大眾悲劇,https://terms.naer.edu.tw/
3553,trained incapacity,訓練有素的無能,https://terms.naer.edu.tw/
3554,training and development (T&D),訓練與發展,https://terms.naer.edu.tw/
3555,training design,訓練設計,https://terms.naer.edu.tw/
3556,training need,訓練需求,https://terms.naer.edu.tw/
3557,training strategy model,訓練策略模式,https://terms.naer.edu.tw/
3558,trait approach,特質途徑,https://terms.naer.edu.tw/
3559,transaction cost,交易成本,https://terms.naer.edu.tw/
3560,transaction cost economics,交易成本經濟學,https://terms.naer.edu.tw/
3561,transaction cost theory (TCT),交易成本理論,https://terms.naer.edu.tw/
3562,transaction processing system (TPS),交易處理系統,https://terms.naer.edu.tw/
3563,transaction-cost analysis,交易成本分析,https://terms.naer.edu.tw/
3564,transactional leadership,交易型領導,https://terms.naer.edu.tw/
3565,transfer payment,移轉性支出,https://terms.naer.edu.tw/
3566,transfer price,移轉價格,https://terms.naer.edu.tw/
3567,transformational leadership,轉換型領導,https://terms.naer.edu.tw/
3568,transgovernmental network,跨政府網絡,https://terms.naer.edu.tw/
3569,transitional equity,轉型正義,https://terms.naer.edu.tw/
3570,transitional regime,過渡政權,https://terms.naer.edu.tw/
3571,transitive choice,遞移選擇,https://terms.naer.edu.tw/
3572,Transparency International (TI),國際透明組織,https://terms.naer.edu.tw/
3573,treasury notes,國庫券,https://terms.naer.edu.tw/
3574,trend extrapolation,趨勢外推法,https://terms.naer.edu.tw/
3575,trial-and-error,試誤法,https://terms.naer.edu.tw/
3576,tribalism,部落主義,https://terms.naer.edu.tw/
3577,tripartitism,三邊協商,https://terms.naer.edu.tw/
3578,triple-loop learning,三圈學習,https://terms.naer.edu.tw/
3579,true experimental design,真實驗設計,https://terms.naer.edu.tw/
3580,Truman， David B.， 1913~2003,楚門,https://terms.naer.edu.tw/
3581,trust fund,信託基金,https://terms.naer.edu.tw/
3582,trustees of sovereignty,主權的信託者,https://terms.naer.edu.tw/
3583,Tullock， Gordon， 1922~,杜洛克,https://terms.naer.edu.tw/
3584,two communities theory,雙社群理論,https://terms.naer.edu.tw/
3585,two-factor theory,兩因理論,https://terms.naer.edu.tw/
3586,two-headed executive system,雙重行政首長制,https://terms.naer.edu.tw/
3587,type I problem,第一類型問題,https://terms.naer.edu.tw/
3588,type II problem,第二類型問題,https://terms.naer.edu.tw/
3589,type III problem,第三類型問題,https://terms.naer.edu.tw/
3590,type IV problem,第四類型問題,https://terms.naer.edu.tw/
3591,tyranny of the majority,多數暴力,https://terms.naer.edu.tw/
3592,U-form organization,U型組織,https://terms.naer.edu.tw/
3593,U. S. Department of Homeland Security,美國國土安全部,https://terms.naer.edu.tw/
3594,ubiquitous government,無所不在的政府,https://terms.naer.edu.tw/
3595,ultimatum,最後通牒,https://terms.naer.edu.tw/
3596,unanticipated consequences,未預期之後果,https://terms.naer.edu.tw/
3597,uncertainty avoidance,不確定性避免,https://terms.naer.edu.tw/
3598,underground economy,地下經濟,https://terms.naer.edu.tw/
3599,undivided benefit,不可分的利益,https://terms.naer.edu.tw/
3600,unemployment compensation,失業救濟金,https://terms.naer.edu.tw/
3601,unemployment insurance,失業保險,https://terms.naer.edu.tw/
3602,unfair labor practice,不公平勞動措施,https://terms.naer.edu.tw/
3603,unfreeze the culture,解凍文化,https://terms.naer.edu.tw/
3604,Unfunded Mandates Reform Act,美國未予經費補助強制改革法,https://terms.naer.edu.tw/
3605,ungovernability,不可治理性,https://terms.naer.edu.tw/
3606,union certification,工會認證,https://terms.naer.edu.tw/
3607,unit of budget,單位預算,https://terms.naer.edu.tw/
3608,unit of final report,單位決算,https://terms.naer.edu.tw/
3609,unit tax,從量稅,https://terms.naer.edu.tw/
3610,unitary government,單一制政府,https://terms.naer.edu.tw/
3611,unitary organization,單一制組織,https://terms.naer.edu.tw/
3612,United Nations (UN),聯合國,https://terms.naer.edu.tw/
3613,unity of command,命令統一,https://terms.naer.edu.tw/
3614,unity of direction,指揮統一,https://terms.naer.edu.tw/
3615,universal law,普遍法則,https://terms.naer.edu.tw/
3616,unrealized capital gain,未實現資本利得,https://terms.naer.edu.tw/
3617,urban renewal,都市更新,https://terms.naer.edu.tw/
3618,urban study,都市研究,https://terms.naer.edu.tw/
3619,Urwick， Lyndall F.， 1891~1983,尤偉克,https://terms.naer.edu.tw/
3620,user charge,使用者付費,https://terms.naer.edu.tw/
3621,user-survey analysis,使用者調查分析,https://terms.naer.edu.tw/
3622,utilitarian-instrumentalism,功利的工具主義,https://terms.naer.edu.tw/
3623,utilitarianism,功利主義,https://terms.naer.edu.tw/
3624,utilization of policy research and analysis,政策研究與分析利用,https://terms.naer.edu.tw/
3625,valence,期望值,https://terms.naer.edu.tw/
3626,validity,效度,https://terms.naer.edu.tw/
3627,value,價值觀；價值,https://terms.naer.edu.tw/
3628,value analysis,價值分析,https://terms.naer.edu.tw/
3629,value chain,價值鏈,https://terms.naer.edu.tw/
3630,value clarification,價值澄清,https://terms.naer.edu.tw/
3631,value conflict,價值衝突,https://terms.naer.edu.tw/
3632,value critique,價值批判,https://terms.naer.edu.tw/
3633,value duality,價值二元性,https://terms.naer.edu.tw/
3634,value factor,價值因素,https://terms.naer.edu.tw/
3635,value guardian,價值守護者,https://terms.naer.edu.tw/
3636,value judgement,價值判斷,https://terms.naer.edu.tw/
3637,value premise,價值前提,https://terms.naer.edu.tw/
3638,value premise,價值前提,https://terms.naer.edu.tw/
3639,value-added tax (VAT),加值稅；增值稅,https://terms.naer.edu.tw/
3640,value-critical argument,價值批判式論證,https://terms.naer.edu.tw/
3641,value-critical policy analysis,價值批判的政策分析,https://terms.naer.edu.tw/
3642,value-neutrality,價值中立,https://terms.naer.edu.tw/
3643,Van Horn， Carl E.,范洪,https://terms.naer.edu.tw/
3644,Van Meter， Donald S.,范米特,https://terms.naer.edu.tw/
3645,variable,變項；變數,https://terms.naer.edu.tw/
3646,variable pay,變動薪,https://terms.naer.edu.tw/
3647,veil of ignorance,無知之幕,https://terms.naer.edu.tw/
3648,verbal model,口語式模式,https://terms.naer.edu.tw/
3649,verification,驗證；印證,https://terms.naer.edu.tw/
3650,vertical accountability,垂直課責,https://terms.naer.edu.tw/
3651,vertical e-marketplace,垂直電子市集,https://terms.naer.edu.tw/
3652,vertical equity,垂直衡平,https://terms.naer.edu.tw/
3653,vertical federalism,垂直聯邦制,https://terms.naer.edu.tw/
3654,vertical linkage,垂直連結,https://terms.naer.edu.tw/
3655,vertical portal/vortal,垂直式入口網站,https://terms.naer.edu.tw/
3656,veto,否決,https://terms.naer.edu.tw/
3657,Vining， Aidan R.,文寧,https://terms.naer.edu.tw/
3658,virtual consumers,虛擬顧客,https://terms.naer.edu.tw/
3659,virtual enterprise,虛擬企業,https://terms.naer.edu.tw/
3660,virtual network organization,虛擬網絡組織,https://terms.naer.edu.tw/
3661,virtual organization,虛擬組織,https://terms.naer.edu.tw/
3662,virtual state,虛擬國家,https://terms.naer.edu.tw/
3663,virtual team organization,虛擬團隊組織,https://terms.naer.edu.tw/
3664,virtue theory,德性論,https://terms.naer.edu.tw/
3665,virtuous administrator,良官,https://terms.naer.edu.tw/
3666,virtuous citizen,良民,https://terms.naer.edu.tw/
3667,vision,願景,https://terms.naer.edu.tw/
3668,vocational education,職業教育,https://terms.naer.edu.tw/
3669,Vocational Rehabilitation Act,美國職業復置法,https://terms.naer.edu.tw/
3670,voluntarism,志願主義,https://terms.naer.edu.tw/
3671,voluntary competitive tendering (VCT),志願競爭投標,https://terms.naer.edu.tw/
3672,voluntary cooperation,志願合作,https://terms.naer.edu.tw/
3673,voluntary exchange,志願交換,https://terms.naer.edu.tw/
3674,voluntary failure,志願失靈,https://terms.naer.edu.tw/
3675,voluntary organization,志工組織,https://terms.naer.edu.tw/
3676,voluntary retirement,自願退休,https://terms.naer.edu.tw/
3677,voluntary sector,志願部門,https://terms.naer.edu.tw/
3678,voluntary service,志願服務,https://terms.naer.edu.tw/
3679,volunteerism,志工主義,https://terms.naer.edu.tw/
3680,voters' paradox,投票者弔詭,https://terms.naer.edu.tw/
3681,voting paradox,投票困境,https://terms.naer.edu.tw/
3682,voting with foot,以腳投票,https://terms.naer.edu.tw/
3683,voucher system,抵用券制度,https://terms.naer.edu.tw/
3684,Vroom， Victor H.， 1932~,佛洛姆,https://terms.naer.edu.tw/
3685,vulnerability management,弱點管理,https://terms.naer.edu.tw/
3686,wage subsidy,工資補助,https://terms.naer.edu.tw/
3687,Wagner's law,華格納法則,https://terms.naer.edu.tw/
3688,"Waldo, Dwight , 1913-2000",瓦爾多,https://terms.naer.edu.tw/
3689,Wamsley， Gary L.,萬斯來,https://terms.naer.edu.tw/
3690,War on Poverty,抗貧計畫,https://terms.naer.edu.tw/
3691,weak mayor government,弱市長制政府,https://terms.naer.edu.tw/
3692,wealth tax,財富稅,https://terms.naer.edu.tw/
3693,web organization,網狀組織,https://terms.naer.edu.tw/
3694,web quality index (WQI),網站品質指標,https://terms.naer.edu.tw/
3695,web service definition language (WSDL),網路服務定義語言,https://terms.naer.edu.tw/
3696,Weber， Max， 1864~1920,韋伯,https://terms.naer.edu.tw/
3697,weighted graphic rating scale,加權圖形評等量尺,https://terms.naer.edu.tw/
3698,Weimer， David L.,魏瑪,https://terms.naer.edu.tw/
3699,welfare economics,福利經濟學,https://terms.naer.edu.tw/
3700,welfare state,福利國家,https://terms.naer.edu.tw/
3701,well-structured problem,良好結構問題,https://terms.naer.edu.tw/
3702,Westminister-style reform model,西敏式改革模式,https://terms.naer.edu.tw/
3703,Westminster political system,西敏式政治制度,https://terms.naer.edu.tw/
3704,whistle blower,揭弊者,https://terms.naer.edu.tw/
3705,whistle blowing,揭弊,https://terms.naer.edu.tw/
3706,whistle-blowing complaint,揭弊抱怨,https://terms.naer.edu.tw/
3707,Whistleblower Protection Act,美國揭弊者保護法,https://terms.naer.edu.tw/
3708,white-collar worker,白領工作者,https://terms.naer.edu.tw/
3709,whole-of-government approach,政府一體途徑,https://terms.naer.edu.tw/
3710,Wildavsky， Aaron， 1930~1993,衛達夫斯基,https://terms.naer.edu.tw/
3711,Wilson， Woodrow， 1856~1924,威爾遜,https://terms.naer.edu.tw/
3712,Woodward， Joan， 1916~1971,瓊．伍華德,https://terms.naer.edu.tw/
3713,work sabotage,怠工,https://terms.naer.edu.tw/
3714,work simplification,工作簡化,https://terms.naer.edu.tw/
3715,work simplification,工作簡化,https://terms.naer.edu.tw/
3716,work team,工作團隊,https://terms.naer.edu.tw/
3717,workflow management system,工作流程管理系統,https://terms.naer.edu.tw/
3718,workforce diversification program,工作人力多樣化方案,https://terms.naer.edu.tw/
3719,workforce review & evaluation,工作人力檢核評估,https://terms.naer.edu.tw/
3720,workplace democracy,工作場所民主,https://terms.naer.edu.tw/
3721,workplace grievance,工作場所冤屈,https://terms.naer.edu.tw/
3722,workplace violence,工作場所暴力,https://terms.naer.edu.tw/
3723,World Bank,世界銀行,https://terms.naer.edu.tw/
3724,World Economic Forum (WEF),世界經濟論壇,https://terms.naer.edu.tw/
3725,World Trade Organization (WTO),世界貿易組織,https://terms.naer.edu.tw/
3726,World Wide Web (WWW),全球資訊網,https://terms.naer.edu.tw/
3727,worldwide governance indicators,全球治理指標,https://terms.naer.edu.tw/
3728,xenophobia,仇外情節,https://terms.naer.edu.tw/
3729,Yates， Douglas， 1944~,葉慈,https://terms.naer.edu.tw/
3730,Yeltsin Effect,葉爾欽效應,https://terms.naer.edu.tw/
3731,Yeltsin， Boris， 1931~,葉爾欽,https://terms.naer.edu.tw/
3732,zero-based budgeting system (ZBBS),零基預算制度,https://terms.naer.edu.tw/
3733,zero-sum game policy,零和賽局型政策,https://terms.naer.edu.tw/
3734,zero-tolerance policy,零容忍政策,https://terms.naer.edu.tw/
3735,zone expropriation,區段徵收,https://terms.naer.edu.tw/
3736,zone of acceptance,接受區,https://terms.naer.edu.tw/
3737,zone of indifference,無異議區,https://terms.naer.edu.tw/
