序號,英文名稱,中文名稱,來源網站
1,abbey school,大修道院學校,https://terms.naer.edu.tw/
2,ability,能力,https://terms.naer.edu.tw/
3,ability grouping; grouping by ability; segregation by ability,能力分組,https://terms.naer.edu.tw/
4,ability test,能力測驗,https://terms.naer.edu.tw/
5,Abnormal psychology,變態心理學,https://terms.naer.edu.tw/
6,aboriginal education,原住民民族教育,https://terms.naer.edu.tw/
7,aboriginal education class,原住民教育班,https://terms.naer.edu.tw/
8,Aboriginal Education Law,原住民教育法,https://terms.naer.edu.tw/
9,aboriginal inhabited area ,原住民聚居地區,https://terms.naer.edu.tw/
10,abstract intelligence,抽象智力,https://terms.naer.edu.tw/
11,academic attainment indicators,學力指標{教育行政機關或學術機構針對學生實際學習成就評量而得之常模性指標},https://terms.naer.edu.tw/
12,academic attainment testing,學力測驗,https://terms.naer.edu.tw/
13,academic award,學術獎,https://terms.naer.edu.tw/
14,Academic award of Ministry of Education,教育部學術獎,https://terms.naer.edu.tw/
15,academic competence contest,學業能力競賽,https://terms.naer.edu.tw/
16,academic costume,學位服,https://terms.naer.edu.tw/
17,academic council,學術委員會,https://terms.naer.edu.tw/
18,academic degree,學位 ,https://terms.naer.edu.tw/
19,academic dissertation; dissertation,學位論文,https://terms.naer.edu.tw/
20,academic education,學術教育,https://terms.naer.edu.tw/
21,academic examination,學業考試,https://terms.naer.edu.tw/
22,academic freedom,學術自由,https://terms.naer.edu.tw/
23,academic gown,學院袍,https://terms.naer.edu.tw/
24,academic hood,學位巾,https://terms.naer.edu.tw/
25,academic work,專門著作,https://terms.naer.edu.tw/
26,academic year; school year,學年,https://terms.naer.edu.tw/
27,academy,學府{古希臘}；大學區{法}；中學{英、美舊制}；學術性質之會社；軍事院校,https://terms.naer.edu.tw/
28,academy inspector,大學區視學員{法},https://terms.naer.edu.tw/
29,accelerated child,加速學習的兒童,https://terms.naer.edu.tw/
30,acceleration-student,加速學習的學生,https://terms.naer.edu.tw/
31,accident injury prevention system,事故傷害防制,https://terms.naer.edu.tw/
32,accidental teaching method; incidental teaching method,隨機教學法,https://terms.naer.edu.tw/
33,accomplishment quotient {= A.Q.},學業成績商數,https://terms.naer.edu.tw/
34,accomplishment ratio,學業成績比率,https://terms.naer.edu.tw/
35,accomplishment test,學業成績測驗,https://terms.naer.edu.tw/
36,accreditation,審定,https://terms.naer.edu.tw/
37,accredited college,經認可之學院,https://terms.naer.edu.tw/
38,accredited school,經認可之學校,https://terms.naer.edu.tw/
39,accredited teacher,經認可之教員,https://terms.naer.edu.tw/
40,accredited university,經認可之大學,https://terms.naer.edu.tw/
41,accretion learning; concomitant learning,附學習,https://terms.naer.edu.tw/
42,achievement quotient,成就商數,https://terms.naer.edu.tw/
43,acquired character; acquired characteristic,習得的特性,https://terms.naer.edu.tw/
44,acquired tendency,習得的傾向,https://terms.naer.edu.tw/
45,acquisition instinct,習得本能,https://terms.naer.edu.tw/
46,act; action,動作,https://terms.naer.edu.tw/
47,action research,行動研究,https://terms.naer.edu.tw/
48,action system,動作系統,https://terms.naer.edu.tw/
49,active attention,主動注意,https://terms.naer.edu.tw/
50,active experience,活動經驗,https://terms.naer.edu.tw/
51,active forgetting,自動遺忘,https://terms.naer.edu.tw/
52,active principle,主動原則,https://terms.naer.edu.tw/
53,active recall; active recollection,主動回憶,https://terms.naer.edu.tw/
54,activity,活動；作業,https://terms.naer.edu.tw/
55,activity analysis,活動分析,https://terms.naer.edu.tw/
56,activity curriculum,活動課程,https://terms.naer.edu.tw/
57,activity school,活動學校,https://terms.naer.edu.tw/
58,adaptation,適應,https://terms.naer.edu.tw/
59,adaptive physical education,適性教育,https://terms.naer.edu.tw/
60,adjustable desk,可調式課桌,https://terms.naer.edu.tw/
61,adjustable seat,可調式座椅,https://terms.naer.edu.tw/
62,adjustment,順應；調整,https://terms.naer.edu.tw/
63,administration of students' enrollment status,學籍管理,https://terms.naer.edu.tw/
64,admission age; entrance age,入學年齡,https://terms.naer.edu.tw/
65,admission by application,申請入學,https://terms.naer.edu.tw/
66,admission by placement,分發,https://terms.naer.edu.tw/
67,admission by recommendation and screening,甄選入學,https://terms.naer.edu.tw/
68,admission by registration and placement,登記分發入學,https://terms.naer.edu.tw/
69,admission qualification,入學資格,https://terms.naer.edu.tw/
70,admission requirement,入學資格,https://terms.naer.edu.tw/
71,admission requirements; entrance requirements,入學標準；入學條件,https://terms.naer.edu.tw/
72,admission via examination and placement,考試分發入學,https://terms.naer.edu.tw/
73,adult education,成人教育,https://terms.naer.edu.tw/
74,adult school,成人學校,https://terms.naer.edu.tw/
75,advancement; promotion,升級,https://terms.naer.edu.tw/
76,advisory committee,指導委員會；諮詢委員會；審議委員會,https://terms.naer.edu.tw/
77,aerial navigation school; aviation academy,航空學校,https://terms.naer.edu.tw/
78,aesthetic appreciation,審美,https://terms.naer.edu.tw/
79,aesthetic education,美育,https://terms.naer.edu.tw/
80,aesthetic feeling,美感,https://terms.naer.edu.tw/
81,aesthetics; esthetics,美學,https://terms.naer.edu.tw/
82,affection,情感[作用]；感情,https://terms.naer.edu.tw/
83,after image,後象,https://terms.naer.edu.tw/
84,age distribution,年齡分配,https://terms.naer.edu.tw/
85,age norm,年齡常模,https://terms.naer.edu.tw/
86,age scale,年齡量表,https://terms.naer.edu.tw/
87,age-grade table,年齡學級表,https://terms.naer.edu.tw/
88,age-grade-progress,年齡-年級-進度,https://terms.naer.edu.tw/
89,agricultural education,農業教育,https://terms.naer.edu.tw/
90,aided school,受公款補助學校{英},https://terms.naer.edu.tw/
91,alma mater,母校,https://terms.naer.edu.tw/
92,almonry school,施濟學校{英國中世紀時期修道院的慈善學校},https://terms.naer.edu.tw/
93,alternating plan; alternating system,建教制度{就學與工作時間可輪替之制度},https://terms.naer.edu.tw/
94,alternation of studies,學科輪替制,https://terms.naer.edu.tw/
95,alternative learning sections,彈性學習節數,https://terms.naer.edu.tw/
96,altruistic instinct,利他本能,https://terms.naer.edu.tw/
97,alumna,女校友,https://terms.naer.edu.tw/
98,alumni association,校友會,https://terms.naer.edu.tw/
99,alumnus; alumni {pl.},校友,https://terms.naer.edu.tw/
100,amnesia,健忘；遺忘,https://terms.naer.edu.tw/
101,an equivalent education level,同等學力,https://terms.naer.edu.tw/
102,analytic instruction,分析教學,https://terms.naer.edu.tw/
103,analytic method,分析法,https://terms.naer.edu.tw/
104,Analytic psychology,分析心理學,https://terms.naer.edu.tw/
105,Animal psychology,動物心理學,https://terms.naer.edu.tw/
106,antenatal training,胎教,https://terms.naer.edu.tw/
107,anthropometric test,人體測驗,https://terms.naer.edu.tw/
108,apperception,統覺,https://terms.naer.edu.tw/
109,Applied psychology,應用心理學,https://terms.naer.edu.tw/
110,applied science,應用科學,https://terms.naer.edu.tw/
111,appointment by selection,遴聘,https://terms.naer.edu.tw/
112,appraisal of academic achievement ,學力鑑定,https://terms.naer.edu.tw/
113,apprentice,學徒；藝徒,https://terms.naer.edu.tw/
114,apprentice school,學徒學校,https://terms.naer.edu.tw/
115,apprentice ship education,學徒教育,https://terms.naer.edu.tw/
116,apprentice ship system; apprentice system,學徒制,https://terms.naer.edu.tw/
117,approval list,認可名冊,https://terms.naer.edu.tw/
118,aptitude,性向,https://terms.naer.edu.tw/
119,arithmetic mean,算術平均數,https://terms.naer.edu.tw/
120,army school,陸軍學校,https://terms.naer.edu.tw/
121,art education,藝術教育,https://terms.naer.edu.tw/
122,art education for general public,社會藝術教育,https://terms.naer.edu.tw/
123,art education; artistic education,藝術教育,https://terms.naer.edu.tw/
124,artificial environment,人為環境,https://terms.naer.edu.tw/
125,artistic ability,藝術能力,https://terms.naer.edu.tw/
126,artistic talent,藝術才能,https://terms.naer.edu.tw/
127,arts and crafts education; industrial arts education,工藝教育,https://terms.naer.edu.tw/
128,arts and crafts school,工藝學校,https://terms.naer.edu.tw/
129,Arts and Humanities,藝術與人文,https://terms.naer.edu.tw/
130,Asceticism,禁慾主義,https://terms.naer.edu.tw/
131,assigned-subject  test,指定科目考試,https://terms.naer.edu.tw/
132,assignment sheet,作業單,https://terms.naer.edu.tw/
133,assignment; lesson assignment,作業指定,https://terms.naer.edu.tw/
134,assimilation,同化,https://terms.naer.edu.tw/
135,assimilative learning,同化學習,https://terms.naer.edu.tw/
136,assistances in transitions,轉銜服務,https://terms.naer.edu.tw/
137,assistant principal,副校長,https://terms.naer.edu.tw/
138,assistant professor,助理教授,https://terms.naer.edu.tw/
139,assistant researcher,助理研究員,https://terms.naer.edu.tw/
140,assistant teacher,助理教師,https://terms.naer.edu.tw/
141,associate bachelor,副學士,https://terms.naer.edu.tw/
142,associate learning,副學習,https://terms.naer.edu.tw/
143,associate professor,副教授,https://terms.naer.edu.tw/
144,associate researcher,副研究員,https://terms.naer.edu.tw/
145,association law [= law of association],聯結律,https://terms.naer.edu.tw/
146,association of ideas,觀念聯合；聯想,https://terms.naer.edu.tw/
147,association psychology,聯結心理學,https://terms.naer.edu.tw/
148,association word,聯想字,https://terms.naer.edu.tw/
149,associative learning,聯想學習,https://terms.naer.edu.tw/
150,associative reaction,聯結反應,https://terms.naer.edu.tw/
151,assumed average; assumed mean,假定平均數,https://terms.naer.edu.tw/
152,assumed median,假定中位數,https://terms.naer.edu.tw/
153,asymmetrical distribution,不對稱分配,https://terms.naer.edu.tw/
154,atavism,間代遺傳,https://terms.naer.edu.tw/
155,athletic director,體育指導員,https://terms.naer.edu.tw/
156,athletic field,體育場；運動場,https://terms.naer.edu.tw/
157,athletic meeting,運動會,https://terms.naer.edu.tw/
158,at-risk student group,高危險群學生,https://terms.naer.edu.tw/
159,attainment test,成就測驗,https://terms.naer.edu.tw/
160,attendance,出席,https://terms.naer.edu.tw/
161,attendance book,出席簿,https://terms.naer.edu.tw/
162,attendance bureau; bureau of attendance,強迫入學局,https://terms.naer.edu.tw/
163,attendance officer,就學督促員,https://terms.naer.edu.tw/
164,attention,注意,https://terms.naer.edu.tw/
165,attitude,態度,https://terms.naer.edu.tw/
166,attractive education,誘導教育,https://terms.naer.edu.tw/
167,atypical child,非典型兒童,https://terms.naer.edu.tw/
168,audit,隨班附讀,https://terms.naer.edu.tw/
169,auditor; guest-pupil,旁聽生,https://terms.naer.edu.tw/
170,auditorium,大禮堂,https://terms.naer.edu.tw/
171,auditory sensation,聽覺,https://terms.naer.edu.tw/
172,autism,自閉症,https://terms.naer.edu.tw/
173,auto diagnosis,自我診斷,https://terms.naer.edu.tw/
174,auto-education; Self-education,自我教育,https://terms.naer.edu.tw/
175,automatic reaction,自動反應,https://terms.naer.edu.tw/
176,autonomy of teaching profession,教師專業自主權,https://terms.naer.edu.tw/
177,autosuggestion,自我暗示,https://terms.naer.edu.tw/
178,auxiliary class,輔助班級,https://terms.naer.edu.tw/
179,auxiliary school,輔助學校,https://terms.naer.edu.tw/
180,average deviation {= A.D.}; mean deviation {= MN.D.},平均差,https://terms.naer.edu.tw/
181,average; mean,平均數,https://terms.naer.edu.tw/
182,baby class,嬰兒班,https://terms.naer.edu.tw/
183,Baby-hood,幼孩期,https://terms.naer.edu.tw/
184,Bachelor,學士,https://terms.naer.edu.tw/
185,Bachelors' degree,學士學位,https://terms.naer.edu.tw/
186,back-to-the-school movement,續學運動,https://terms.naer.edu.tw/
187,backward student; laggard student,遲鈍學生,https://terms.naer.edu.tw/
188,basal course,基礎課程{英語反覆練習},https://terms.naer.edu.tw/
189,basic competence,基本能力,https://terms.naer.edu.tw/
190,basic English,基本英語,https://terms.naer.edu.tw/
191,basic needs for educational expenditure,教育經費基本需求,https://terms.naer.edu.tw/
192,basic standards of school  facilities,學校設備基準,https://terms.naer.edu.tw/
193,basic studies,基本學習,https://terms.naer.edu.tw/
194,Batavia plan,巴達維亞制,https://terms.naer.edu.tw/
195,beginning seniority date,年資起計,https://terms.naer.edu.tw/
196,behavior reaction,行為反應,https://terms.naer.edu.tw/
197,Behaviorism,行為主義,https://terms.naer.edu.tw/
198,Behavioristic psychology,行為主義心理學,https://terms.naer.edu.tw/
199,Bible class,查經班,https://terms.naer.edu.tw/
200,Bible school,聖經學校,https://terms.naer.edu.tw/
201,bildung,陶治；教育{德},https://terms.naer.edu.tw/
202,Binet-Simon test,比奈西蒙測驗{比西測驗},https://terms.naer.edu.tw/
203,biographical method,傳記法,https://terms.naer.edu.tw/
204,Bishop's school,主教學校,https://terms.naer.edu.tw/
205,board and lodging expenses,膳宿費,https://terms.naer.edu.tw/
206,board of education,教育委員會{英}；教育委員會{美},https://terms.naer.edu.tw/
207,board of regents,大學董事會{英},https://terms.naer.edu.tw/
208,board of trustees,大學董事會{美},https://terms.naer.edu.tw/
209,board school; boarding school,寄宿學校,https://terms.naer.edu.tw/
210,boarder,住宿生,https://terms.naer.edu.tw/
211,boy scout,童子軍,https://terms.naer.edu.tw/
212,boyhood,少年期,https://terms.naer.edu.tw/
213,boy's day school,男生通勤學校{英，相對於寄宿學校},https://terms.naer.edu.tw/
214,Braille method,點字法,https://terms.naer.edu.tw/
215,branch campus,大學分部,https://terms.naer.edu.tw/
216,branch school,分校,https://terms.naer.edu.tw/
217,brief textbook,簡明教科書,https://terms.naer.edu.tw/
218,brigade-laboratory method,分組實驗法,https://terms.naer.edu.tw/
219,B-score,B分數,https://terms.naer.edu.tw/
220,budget allocation,經費分配,https://terms.naer.edu.tw/
221,budget rewards,經費獎助,https://terms.naer.edu.tw/
222,budget subsidy,經費補助,https://terms.naer.edu.tw/
223,building superintendent,校舍管理主任,https://terms.naer.edu.tw/
224,building survey,校舍調查,https://terms.naer.edu.tw/
225,bureau of educational research,教育研究局,https://terms.naer.edu.tw/
226,bursary,學費資助,https://terms.naer.edu.tw/
227,business education; commercial education,商業教育,https://terms.naer.edu.tw/
228,busy work,課間自習,https://terms.naer.edu.tw/
229,Cambridge plan,劍橋制{1839年美國麻州劍橋地區允許資賦優異小學生修讀兩年即可跳級畢業的措施},https://terms.naer.edu.tw/
230,cancellation test,刪塗測驗,https://terms.naer.edu.tw/
231,capacity,容量,https://terms.naer.edu.tw/
232,Career Development Education,生涯發展教育,https://terms.naer.edu.tw/
233,case history method; case method; case study method,案例法,https://terms.naer.edu.tw/
234,case method of instruction,案例教學法,https://terms.naer.edu.tw/
235,case study method,個案研究[法],https://terms.naer.edu.tw/
236,case-group method,案例分組法,https://terms.naer.edu.tw/
237,catechetic; catechism; catechetic method,教義問答教學法{要理問答教學法},https://terms.naer.edu.tw/
238,Catechetical school,高級教義問答學校；天主教進階要理班,https://terms.naer.edu.tw/
239,Catechumenal school,初級教義問答學校；天主教望教友要理班,https://terms.naer.edu.tw/
240,catering inspector,餐飲督導人員,https://terms.naer.edu.tw/
241,Cathedral school; Episcopal school,主教座堂學校；聖公會學校,https://terms.naer.edu.tw/
242,catholic pedagogy,天主教教學法,https://terms.naer.edu.tw/
243,causal investigation,溯因考察,https://terms.naer.edu.tw/
244,center of interest,興趣中心,https://terms.naer.edu.tw/
245,central school,中央學校{十九世紀初期英國國教派創設的基礎學校},https://terms.naer.edu.tw/
246,central tendency,集中趨勢,https://terms.naer.edu.tw/
247,centralized system,集權制,https://terms.naer.edu.tw/
248,certificate,證書,https://terms.naer.edu.tw/
249,certificate; graduation certificate,證明書,https://terms.naer.edu.tw/
250,certificated teacher,合格證照教師,https://terms.naer.edu.tw/
251,certification,檢定 ,https://terms.naer.edu.tw/
252,certification,資格檢定,https://terms.naer.edu.tw/
253,certification,檢定,https://terms.naer.edu.tw/
254,certification of teachers,教員檢定,https://terms.naer.edu.tw/
255,certify teacher,合格師資,https://terms.naer.edu.tw/
256,chair professor,講座,https://terms.naer.edu.tw/
257,chance error; probable error,機誤,https://terms.naer.edu.tw/
258,chancellor; president,校長{大學},https://terms.naer.edu.tw/
259,character,性格；品格,https://terms.naer.edu.tw/
260,character building; formation of character,品格培養,https://terms.naer.edu.tw/
261,character diagnosis,品格診斷；品性診斷,https://terms.naer.edu.tw/
262,character education,品格教育,https://terms.naer.edu.tw/
263,character rating,品格評比,https://terms.naer.edu.tw/
264,character test,品格測驗,https://terms.naer.edu.tw/
265,charity school,慈善學校,https://terms.naer.edu.tw/
266,child guidance,兒童指導,https://terms.naer.edu.tw/
267,child hygiene,兒童衛生,https://terms.naer.edu.tw/
268,Child psychology,兒童心理學,https://terms.naer.edu.tw/
269,child study,兒童研究,https://terms.naer.edu.tw/
270,child welfare,兒童福利,https://terms.naer.edu.tw/
271,child-centered education,兒童中心教育,https://terms.naer.edu.tw/
272,Child-guidance clinic,兒童指導所,https://terms.naer.edu.tw/
273,child-hood,兒童期,https://terms.naer.edu.tw/
274,children's court,兒童法庭,https://terms.naer.edu.tw/
275,children's drawing,兒童畫,https://terms.naer.edu.tw/
276,children's home,兒童之家,https://terms.naer.edu.tw/
277,children's language,童語,https://terms.naer.edu.tw/
278,children's library,兒童圖書館,https://terms.naer.edu.tw/
279,children's literature,兒童文學,https://terms.naer.edu.tw/
280,children's museum,兒童博物院,https://terms.naer.edu.tw/
281,children's play,兒童遊戲；兒童戲劇,https://terms.naer.edu.tw/
282,children's story,兒童故事,https://terms.naer.edu.tw/
283,children's theater,兒童劇場,https://terms.naer.edu.tw/
284,children's vocabulary,兒童字彙,https://terms.naer.edu.tw/
285,Chinese Braille method,中文點字法,https://terms.naer.edu.tw/
286,Chinese Culture Scholarship,中華文化獎學金,https://terms.naer.edu.tw/
287,Chinese language study,國語文研習,https://terms.naer.edu.tw/
288,Chinese Proficiency Test,華語文測驗,https://terms.naer.edu.tw/
289,chirology; dactylogy,手語術,https://terms.naer.edu.tw/
290,chivalric education,騎士教育,https://terms.naer.edu.tw/
291,Choir school,唱詩學校,https://terms.naer.edu.tw/
292,choleric temperament,膽汁質,https://terms.naer.edu.tw/
293,Christian education,基督宗教教育,https://terms.naer.edu.tw/
294,chronicle of school,學校誌,https://terms.naer.edu.tw/
295,chronological age {= C.A.},實足年齡；實齡,https://terms.naer.edu.tw/
296,chronological table,年齡表,https://terms.naer.edu.tw/
297,Church education; Missionary education,教會教育,https://terms.naer.edu.tw/
298,Citizenship education; Education for citizenship,公民教育,https://terms.naer.edu.tw/
299,civic virtue,公民德行,https://terms.naer.edu.tw/
300,civil service examination,公務人員考試,https://terms.naer.edu.tw/
301,class,學級；班,https://terms.naer.edu.tw/
302,class discussion,教室討論,https://terms.naer.edu.tw/
303,class grouping,分級；分班,https://terms.naer.edu.tw/
304,class interval,組距,https://terms.naer.edu.tw/
305,class limit,組限,https://terms.naer.edu.tw/
306,class management; classroom management,班級經營,https://terms.naer.edu.tw/
307,class meeting,班會,https://terms.naer.edu.tw/
308,class organization,班級組織,https://terms.naer.edu.tw/
309,class period; session,上課時間,https://terms.naer.edu.tw/
310,class reduction,減班,https://terms.naer.edu.tw/
311,class teacher,[班]導師,https://terms.naer.edu.tw/
312,class teacher system,[班]導師制,https://terms.naer.edu.tw/
313,class teaching,班級教學,https://terms.naer.edu.tw/
314,class visitation,教室參觀,https://terms.naer.edu.tw/
315,classical course,古典學科,https://terms.naer.edu.tw/
316,classical language,古典語文｛古希臘文、拉丁文｝,https://terms.naer.edu.tw/
317,classical school,古典學校；古典學派,https://terms.naer.edu.tw/
318,Classicism,古典主義,https://terms.naer.edu.tw/
319,classification,分級；分班；分類,https://terms.naer.edu.tw/
320,classified school,分級學校{義},https://terms.naer.edu.tw/
321,classmate,級友；同班同學,https://terms.naer.edu.tw/
322,classroom library,班級圖書區,https://terms.naer.edu.tw/
323,classroom; lecture room; recitation room; teaching room,教室,https://terms.naer.edu.tw/
324,clerical test,文書工作測驗,https://terms.naer.edu.tw/
325,cloister,修道院,https://terms.naer.edu.tw/
326,coach,運動教練,https://terms.naer.edu.tw/
327,coaching,指導練習,https://terms.naer.edu.tw/
328,co-education,男女混合教育,https://terms.naer.edu.tw/
329,coefficient of correlation; correlation coefficient,相關係數,https://terms.naer.edu.tw/
330,coefficient of variation,變異係數,https://terms.naer.edu.tw/
331,collaboration between industry and school,產學合作,https://terms.naer.edu.tw/
332,Collaboration Plan,攜手計畫,https://terms.naer.edu.tw/
333,collaboration transition class; collaboration transition school,合作式中途班{中介安置教育處所},https://terms.naer.edu.tw/
334,collateral reading,補充閱讀,https://terms.naer.edu.tw/
335,collecting instinct,搜集本能,https://terms.naer.edu.tw/
336,collective education,集體教育,https://terms.naer.edu.tw/
337,college ,學院,https://terms.naer.edu.tw/
338,college of business administration,工商管理學院,https://terms.naer.edu.tw/
339,college of commerce,商學院,https://terms.naer.edu.tw/
340,college of education; school of education,教育學院,https://terms.naer.edu.tw/
341,college of law; law college; law school,法學院,https://terms.naer.edu.tw/
342,college of letters and science,文理學院,https://terms.naer.edu.tw/
343,college of liberal arts; faculty of arts,文學院,https://terms.naer.edu.tw/
344,college of medicine; medical college; school of medicine,醫學院,https://terms.naer.edu.tw/
345,college of preceptors,師範學院,https://terms.naer.edu.tw/
346,college of science; science school,理學院,https://terms.naer.edu.tw/
347,college preparatory department,大學預科,https://terms.naer.edu.tw/
348,colonial education,殖民地教育,https://terms.naer.edu.tw/
349,color discrimination test,辨色測驗,https://terms.naer.edu.tw/
350,color-blindness,色盲,https://terms.naer.edu.tw/
351,color-contrast,色彩對比,https://terms.naer.edu.tw/
352,colored school,黑人學校{美},https://terms.naer.edu.tw/
353,color-mixture,色彩混合,https://terms.naer.edu.tw/
354,color-sensation,色覺,https://terms.naer.edu.tw/
355,combative instinct; Fighting instinct,爭鬥本能,https://terms.naer.edu.tw/
356,Commencement,畢業典禮；開始,https://terms.naer.edu.tw/
357,commencement,畢業式,https://terms.naer.edu.tw/
358,commissioner of education,州教育廳長{美},https://terms.naer.edu.tw/
359,commissioner on education,教育委員{十九世紀英國中央層級的教育委員，負責對各級教育的視導},https://terms.naer.edu.tw/
360,committee for aboriginal education,原住民民族教育審議委員會,https://terms.naer.edu.tw/
361,Committee of School Curriculum Development,學校課程發展委員會,https://terms.naer.edu.tw/
362,committee of teacher grievances,教師申訴評議委員會,https://terms.naer.edu.tw/
363,Committee Responsible for Identification and Placement of Gifted and Disabled Students,特殊教育學生鑑定及就學輔導委員會,https://terms.naer.edu.tw/
364,common core curriculum,共同核心課程,https://terms.naer.edu.tw/
365,common education; general education,普通教育,https://terms.naer.edu.tw/
366,common entrance examination,共通入學考試；統一入學考試,https://terms.naer.edu.tw/
367,common school,平民學校,https://terms.naer.edu.tw/
368,community college,社區大學；社區學院,https://terms.naer.edu.tw/
369,communization; integrating with local community,社區化,https://terms.naer.edu.tw/
370,comparative education,比較教育,https://terms.naer.edu.tw/
371,comparative method; method of comparison,比較法,https://terms.naer.edu.tw/
372,Comparative psychology,比較心理學,https://terms.naer.edu.tw/
373,compensation,補償,https://terms.naer.edu.tw/
374,Competence Indicators of Grade 1-9 curriculum,能力指標{九年一貫各學習領域課程綱要的分段能力指標},https://terms.naer.edu.tw/
375,competence-based class grouping; streaming {英} ,能力分班,https://terms.naer.edu.tw/
376,competitive examination,競爭考試,https://terms.naer.edu.tw/
377,competitive scholarship examination; scholarship contest,獎學金競試,https://terms.naer.edu.tw/
378,completion method,填充法,https://terms.naer.edu.tw/
379,completion of  schooling,結業,https://terms.naer.edu.tw/
380,completion study period,修業期滿,https://terms.naer.edu.tw/
381,complex,情結；複結,https://terms.naer.edu.tw/
382,complex of inferiority; inferiority complex,自卑情結,https://terms.naer.edu.tw/
383,complex reaction; complex response,複合反應,https://terms.naer.edu.tw/
384,composite high school; comprehensive high school; cosmopolitan high school,綜合中學{美},https://terms.naer.edu.tw/
385,comprehensive examination,綜合試驗；綜合測驗,https://terms.naer.edu.tw/
386,comprehensive high school,綜合高中,https://terms.naer.edu.tw/
387,compulsory attendance; forced attendance at school,強迫就學,https://terms.naer.edu.tw/
388,compulsory education,義務教育,https://terms.naer.edu.tw/
389,Compulsory Education Law,國民教育法,https://terms.naer.edu.tw/
390,compulsory school age,義教年齡,https://terms.naer.edu.tw/
391,computer-based educational administration,教育行政ｅ化,https://terms.naer.edu.tw/
392,computerization of administration ,行政業務電腦化,https://terms.naer.edu.tw/
393,concentric circle method,同心圓方法,https://terms.naer.edu.tw/
394,conditional promotion; ,條件式升級,https://terms.naer.edu.tw/
395,conditioned reflex,制約反射,https://terms.naer.edu.tw/
396,conditioned response,制約反應,https://terms.naer.edu.tw/
397,conditioned stimulus,制約刺激,https://terms.naer.edu.tw/
398,conduct,行為；操行,https://terms.naer.edu.tw/
399,conference,研討會{大型},https://terms.naer.edu.tw/
400,confinement punishment,禁閉,https://terms.naer.edu.tw/
401,conscience,良心,https://terms.naer.edu.tw/
402,consciousness,意識,https://terms.naer.edu.tw/
403,conservatory; music school,音樂學校,https://terms.naer.edu.tw/
404,constant error,常誤,https://terms.naer.edu.tw/
405,constant in curricula; curricula-constant,持續的課程,https://terms.naer.edu.tw/
406,construction of curriculum,課程建構,https://terms.naer.edu.tw/
407,construction of test,測驗編製,https://terms.naer.edu.tw/
408,consultative committee,諮詢委員會；諮議委員會,https://terms.naer.edu.tw/
409,continuation school,繼續學校；進修學校,https://terms.naer.edu.tw/
410,continuing contract,續聘,https://terms.naer.edu.tw/
411,continuing education,繼續教育,https://terms.naer.edu.tw/
412,contract,聘約,https://terms.naer.edu.tw/
413,contract termination,解聘,https://terms.naer.edu.tw/
414,control and evaluation,管制考核,https://terms.naer.edu.tw/
415,control group,控制組,https://terms.naer.edu.tw/
416,convent,女修道院,https://terms.naer.edu.tw/
417,convention of school principals,校長聯席會議,https://terms.naer.edu.tw/
418,conversational method,會話法,https://terms.naer.edu.tw/
419,convocation of graduates,畢業生集會,https://terms.naer.edu.tw/
420,cooking school,烹調學校；烹飪學校,https://terms.naer.edu.tw/
421,cooperation and exchange programs between schools,校際合作交流,https://terms.naer.edu.tw/
422,cooperative education,合作教育,https://terms.naer.edu.tw/
423,cooperative school,合作學校{美},https://terms.naer.edu.tw/
424,corporal punishment,體罰,https://terms.naer.edu.tw/
425,corporation school,社團學校{美},https://terms.naer.edu.tw/
426,Correctional education; Corrective education,矯正教育{智能障礙教育}　,https://terms.naer.edu.tw/
427,correlation table,相關表,https://terms.naer.edu.tw/
428,correspondence course ,函授課程,https://terms.naer.edu.tw/
429,correspondence school,函授學校,https://terms.naer.edu.tw/
430,council school {country school},地方公立學校{英},https://terms.naer.edu.tw/
431,council secondary school {country secondary school},地方公立中等學校{英},https://terms.naer.edu.tw/
432,counseling and guidance center for overseas Chinese and foreign students,僑生及外籍生輔導室,https://terms.naer.edu.tw/
433,Counseling and guidance group,諮詢輔導團,https://terms.naer.edu.tw/
434,course,科目,https://terms.naer.edu.tw/
435,course of instruction,教學科目,https://terms.naer.edu.tw/
436,court of university,大學管理部門,https://terms.naer.edu.tw/
437,Court school; Palace school,宮廷學校,https://terms.naer.edu.tw/
438,cramming,填鴨式教育；死記硬背,https://terms.naer.edu.tw/
439,cramming school,補習班,https://terms.naer.edu.tw/
440,creative activity,有創造力的活動,https://terms.naer.edu.tw/
441,creative education,有創造力的教育,https://terms.naer.edu.tw/
442,creativity,創造能力,https://terms.naer.edu.tw/
443,cr?che,托兒所；育嬰所,https://terms.naer.edu.tw/
444,credit,學分,https://terms.naer.edu.tw/
445,credit-based system,學年學分制,https://terms.naer.edu.tw/
446,credits requirement for graduation,畢業應修學分數,https://terms.naer.edu.tw/
447,credits waiver and transference,學分抵免,https://terms.naer.edu.tw/
448,cripple education,殘障教育,https://terms.naer.edu.tw/
449,cripple school; school for defective; school for the physically disabled,殘障學校,https://terms.naer.edu.tw/
450,Critical pedagogy,批判教育學,https://terms.naer.edu.tw/
451,critical score,批判分數,https://terms.naer.edu.tw/
452,criticism lesson,批評課,https://terms.naer.edu.tw/
453,cross-examination,詰問考試,https://terms.naer.edu.tw/
454,Crowd psychology; Psychology of crowd,群眾心理學,https://terms.naer.edu.tw/
455,crude mode,概約眾數,https://terms.naer.edu.tw/
456,C-score,C分數,https://terms.naer.edu.tw/
457,cultivation,陶冶；教化,https://terms.naer.edu.tw/
458,cultural education,文化教育,https://terms.naer.edu.tw/
459,culture,文化；修養,https://terms.naer.edu.tw/
460,culture and education exchange,文教交流,https://terms.naer.edu.tw/
461,Culture pedagogy,文化教育學,https://terms.naer.edu.tw/
462,culture subject,文化學科,https://terms.naer.edu.tw/
463,cumulative error,累積誤差,https://terms.naer.edu.tw/
464,current events instruction,時事教學,https://terms.naer.edu.tw/
465,curricula-differentiation; differentiated curriculum,課程分化,https://terms.naer.edu.tw/
466,curriculum,課程 ,https://terms.naer.edu.tw/
467,curriculum evaluation,課程評鑑,https://terms.naer.edu.tw/
468,curriculum goals,課程目標{九年一貫各學習領域課程綱要所揭示者},https://terms.naer.edu.tw/
469,curriculum guidelines,課程綱要,https://terms.naer.edu.tw/
470,curriculum integration,課程統整,https://terms.naer.edu.tw/
471,curriculum rationale,課程理念,https://terms.naer.edu.tw/
472,curriculum reform,課程改革,https://terms.naer.edu.tw/
473,curve,曲線,https://terms.naer.edu.tw/
474,curve diagram,曲線圖,https://terms.naer.edu.tw/
475,curve of error; error curve,錯誤曲線,https://terms.naer.edu.tw/
476,curve of forgetting; forgetting curve,遺忘曲線,https://terms.naer.edu.tw/
477,curve of improvement; improvement curve,進步曲線,https://terms.naer.edu.tw/
478,curve of learning; learning curve,學習曲線,https://terms.naer.edu.tw/
479,curve of memory; memory curve,記憶曲線,https://terms.naer.edu.tw/
480,curve of normal distribution,常態分配曲線,https://terms.naer.edu.tw/
481,curve of practice; practice curve,練習曲線,https://terms.naer.edu.tw/
482,curve of work; work curve,工作曲線,https://terms.naer.edu.tw/
483,cutaneous sensation; skin sensation,膚覺,https://terms.naer.edu.tw/
484,daily program; daily schedule; programme; time schedule,日課表,https://terms.naer.edu.tw/
485,daily-life guidance,生活輔導,https://terms.naer.edu.tw/
486,Dalton plan,道爾頓計畫{個別化自我學習},https://terms.naer.edu.tw/
487,day care center,托兒中心；托兒所,https://terms.naer.edu.tw/
488,day dream,白日夢,https://terms.naer.edu.tw/
489,dean,學院院長,https://terms.naer.edu.tw/
490,dean,院長,https://terms.naer.edu.tw/
491,Dean of men,男生訓導{史},https://terms.naer.edu.tw/
492,Dean of women,女生訓導{史},https://terms.naer.edu.tw/
493,decision-making support system for education,教育決策支援系統,https://terms.naer.edu.tw/
494,decreasing of class size,降低國民中小學班級學生人數,https://terms.naer.edu.tw/
495,deductive method,演繹法,https://terms.naer.edu.tw/
496,degrade,降級；降等,https://terms.naer.edu.tw/
497,degree certificate; diploma,學位證書,https://terms.naer.edu.tw/
498,degree review,學位審查,https://terms.naer.edu.tw/
499,delayed reaction,延宕反應,https://terms.naer.edu.tw/
500,democratic education,民本教育,https://terms.naer.edu.tw/
501,demographic database,人口基本資料庫,https://terms.naer.edu.tw/
502,demonstration,示範,https://terms.naer.edu.tw/
503,demonstration lesson,演示課,https://terms.naer.edu.tw/
504,demonstration method; method of demonstration,示範法,https://terms.naer.edu.tw/
505,demonstration school,示範學校,https://terms.naer.edu.tw/
506,demonstration teaching,示範教學,https://terms.naer.edu.tw/
507,denominational school; sectarian school,教派學校{基督宗教},https://terms.naer.edu.tw/
508,department,區；科；部；系,https://terms.naer.edu.tw/
509,department of dentistry,牙醫學系,https://terms.naer.edu.tw/
510,department of education; educational department,教育學系,https://terms.naer.edu.tw/
511,department of medicine,醫學系,https://terms.naer.edu.tw/
512,departmental teaching,分科教學,https://terms.naer.edu.tw/
513,detailed reading,精讀,https://terms.naer.edu.tw/
514,detention,扣留；拘禁；處罰學生放學後留校,https://terms.naer.edu.tw/
515,detention punishment,留置懲罰,https://terms.naer.edu.tw/
516,development indicators,發展指標,https://terms.naer.edu.tw/
517,developmental mode of teaching; heuristic mode of teaching,啟發式教學,https://terms.naer.edu.tw/
518,developmental retardation,發展遲緩,https://terms.naer.edu.tw/
519,diagnosis,診斷,https://terms.naer.edu.tw/
520,diagnosis test,診斷測驗,https://terms.naer.edu.tw/
521,diagnostic method; method of diagnosis,診斷法,https://terms.naer.edu.tw/
522,dialectic; dialectics,辯證法,https://terms.naer.edu.tw/
523,dialects ,鄉土語言,https://terms.naer.edu.tw/
524,dialogistical method,對話法,https://terms.naer.edu.tw/
525,diary for instruction,教學日誌,https://terms.naer.edu.tw/
526,diary method,日誌法,https://terms.naer.edu.tw/
527,dictation,默寫,https://terms.naer.edu.tw/
528,didactics,訓育學,https://terms.naer.edu.tw/
529,dietetics,營養學,https://terms.naer.edu.tw/
530,Differential psychology; Variational psychology,差異心理學,https://terms.naer.edu.tw/
531,diploma,文憑；畢業證書,https://terms.naer.edu.tw/
532,diploma of graduation,畢業證書,https://terms.naer.edu.tw/
533,direct discipline,直接訓練,https://terms.naer.edu.tw/
534,direct interest,直接興趣,https://terms.naer.edu.tw/
535,direct learning,直接學習,https://terms.naer.edu.tw/
536,direct method of teaching,直接教學法,https://terms.naer.edu.tw/
537,directed learning; directed study,指導的學習,https://terms.naer.edu.tw/
538,directed play,指導的遊戲,https://terms.naer.edu.tw/
539,direction of learning,學習指導,https://terms.naer.edu.tw/
540,directly to advanced study,逕行修讀,https://terms.naer.edu.tw/
541,disciplinary class,懲戒班,https://terms.naer.edu.tw/
542,discipline evaluation,學門評鑑,https://terms.naer.edu.tw/
543,discipline; training,訓練,https://terms.naer.edu.tw/
544,discrimination treatment,差別待遇,https://terms.naer.edu.tw/
545,dismissal,免職,https://terms.naer.edu.tw/
546,dismissal; exclusion from school; expulsion,解散；退學；驅除,https://terms.naer.edu.tw/
547,disposition,傾向,https://terms.naer.edu.tw/
548,distance learning,遠距教學,https://terms.naer.edu.tw/
549,distribution,分配,https://terms.naer.edu.tw/
550,divinity school; theological college; theological seminary,神學院,https://terms.naer.edu.tw/
551,Doctor ,博士,https://terms.naer.edu.tw/
552,Doctor degree,博士學位,https://terms.naer.edu.tw/
553,Doctoral candidate,博士[學位]候選人,https://terms.naer.edu.tw/
554,Doctoral dissertation; Doctorate dissertation,博士論文,https://terms.naer.edu.tw/
555,Doctorate; Doctor's degree; Doctoral degree,博士學位,https://terms.naer.edu.tw/
556,domestic hygiene,家庭衛生,https://terms.naer.edu.tw/
557,dormitory,學校宿舍,https://terms.naer.edu.tw/
558,double degree,雙學位,https://terms.naer.edu.tw/
559,double major,雙主修,https://terms.naer.edu.tw/
560,double registration,雙重學籍,https://terms.naer.edu.tw/
561,double-track system,雙重軌制,https://terms.naer.edu.tw/
562,drill method; practice method,練習法,https://terms.naer.edu.tw/
563,drive,軀力,https://terms.naer.edu.tw/
564,dropout,中輟{中途輟學},https://terms.naer.edu.tw/
565,dropout analysis,輟學原因分析,https://terms.naer.edu.tw/
566,dropout rate,輟學率,https://terms.naer.edu.tw/
567,dropouts,中輟生,https://terms.naer.edu.tw/
568,dual degrees system,雙聯學制,https://terms.naer.edu.tw/
569,dual personality,雙重人格,https://terms.naer.edu.tw/
570,early childhood education ,幼兒教育,https://terms.naer.edu.tw/
571,early graduation base on academic excellence,成績優異提前畢業,https://terms.naer.edu.tw/
572,early intervention,早期療育,https://terms.naer.edu.tw/
573,educability,可教性,https://terms.naer.edu.tw/
574,educated young soldier,知識青年士兵,https://terms.naer.edu.tw/
575,education,教育 ,https://terms.naer.edu.tw/
576,education administration authority,主管教育行政機關,https://terms.naer.edu.tw/
577,Education Basic Law,教育基本法,https://terms.naer.edu.tw/
578,education budget,教育經費,https://terms.naer.edu.tw/
579,education for mental retardation,智能障礙教育,https://terms.naer.edu.tw/
580,education for national defense,國防教育,https://terms.naer.edu.tw/
581,education for the elderly,老人教育,https://terms.naer.edu.tw/
582,education of blind and deaf-mute,盲聾啞教育,https://terms.naer.edu.tw/
583,education of deaf and dumb,聾啞教育,https://terms.naer.edu.tw/
584,education of leisure,休閒教育,https://terms.naer.edu.tw/
585,education of orphan,孤兒教育,https://terms.naer.edu.tw/
586,education of prisoner,受刑人教育,https://terms.naer.edu.tw/
587,education of will,意志教育,https://terms.naer.edu.tw/
588,education promoting program,教育促進方案,https://terms.naer.edu.tw/
589,Education Reform Council,教育改革推動委員會,https://terms.naer.edu.tw/
590,educational administration,教育行政,https://terms.naer.edu.tw/
591,educational administration portal site,教育行政入口網,https://terms.naer.edu.tw/
592,educational administrator,教育行政人員,https://terms.naer.edu.tw/
593,educational affairs,教育事務,https://terms.naer.edu.tw/
594,educational age {= E.A.},教育年齡,https://terms.naer.edu.tw/
595,educational bill,教育法案；教育草案,https://terms.naer.edu.tw/
596,educational cinema,教育電影,https://terms.naer.edu.tw/
597,educational conference,教育會議,https://terms.naer.edu.tw/
598,educational criticism,教育評論,https://terms.naer.edu.tw/
599,educational data,教育資料,https://terms.naer.edu.tw/
600,educational decree,教育法令,https://terms.naer.edu.tw/
601,educational determinism,教育決定論,https://terms.naer.edu.tw/
602,educational diagnosis; pedagogical diagnosis,教育診斷,https://terms.naer.edu.tw/
603,educational dictionary,教育辭典,https://terms.naer.edu.tw/
604,educational efficiency,教育效率,https://terms.naer.edu.tw/
605,educational endowment,教育捐款；教育基金,https://terms.naer.edu.tw/
606,educational excursion,參觀教學,https://terms.naer.edu.tw/
607,educational expenditure,教育經費支出；教育開支,https://terms.naer.edu.tw/
608,educational experimentation,教育實驗,https://terms.naer.edu.tw/
609,educational expert,教育專家,https://terms.naer.edu.tw/
610,educational finance,教育財政,https://terms.naer.edu.tw/
611,"Educational Funding Committee, Executive Yuan",行政院教育經費基準委員會,https://terms.naer.edu.tw/
612,educational funding formula,教育經費計算基準,https://terms.naer.edu.tw/
613,"Educational Grants Committee, Ministry of Education",教育經費分配審議委員會,https://terms.naer.edu.tw/
614,educational guide,教育指導；教育指南,https://terms.naer.edu.tw/
615,educational journal; educational periodical,教育期刊,https://terms.naer.edu.tw/
616,educational ladder,教育階梯,https://terms.naer.edu.tw/
617,educational library; pedagogical library,教育圖書館,https://terms.naer.edu.tw/
618,educational literature,教育文獻,https://terms.naer.edu.tw/
619,educational magazine,教育雜誌,https://terms.naer.edu.tw/
620,educational management information system,教育管理資訊系統,https://terms.naer.edu.tw/
621,educational measurement,教育測量,https://terms.naer.edu.tw/
622,educational museum,教育博物館,https://terms.naer.edu.tw/
623,educational neutralism,教育中立原則,https://terms.naer.edu.tw/
624,educational opportunity,教育機會,https://terms.naer.edu.tw/
625,Educational pathology; Pedagogical pathology,教育病理學,https://terms.naer.edu.tw/
626,educational penalty; educational punishment,教育的懲罰,https://terms.naer.edu.tw/
627,educational period,教育時期,https://terms.naer.edu.tw/
628,Educational philosophy; Philosophy of education,教育哲學,https://terms.naer.edu.tw/
629,educational plant,教育設備；教育設施,https://terms.naer.edu.tw/
630,educational policy,教育政策,https://terms.naer.edu.tw/
631,educational priority areas project,教育優先區計畫,https://terms.naer.edu.tw/
632,educational process,教育歷程,https://terms.naer.edu.tw/
633,educational propaganda,教育宣導,https://terms.naer.edu.tw/
634,Educational psychology,教育心理學,https://terms.naer.edu.tw/
635,educational quotient {= E.Q.},教育商數,https://terms.naer.edu.tw/
636,educational reform,教育改革,https://terms.naer.edu.tw/
637,educational research,教育研究,https://terms.naer.edu.tw/
638,educational right,教育權[利],https://terms.naer.edu.tw/
639,Educational sociology,教育社會學,https://terms.naer.edu.tw/
640,Educational statistics,教育統計學,https://terms.naer.edu.tw/
641,educational suggestion,教育建議,https://terms.naer.edu.tw/
642,educational system; system of education,教育制度,https://terms.naer.edu.tw/
643,educational test,教育測驗,https://terms.naer.edu.tw/
644,educational value,教育價值,https://terms.naer.edu.tw/
645,educational yearbook,教育年鑑；教育年刊,https://terms.naer.edu.tw/
646,educationalist; educationist,教育學家；教育學者,https://terms.naer.edu.tw/
647,educator,教育工作者,https://terms.naer.edu.tw/
648,egocentric,自我中心,https://terms.naer.edu.tw/
649,elective subject; optional subject,選習科,https://terms.naer.edu.tw/
650,elective system,選修制,https://terms.naer.edu.tw/
651,electronic-based school administration,校務行政ｅ化,https://terms.naer.edu.tw/
652,elementary and junior high school,國民中小學,https://terms.naer.edu.tw/
653,elementary and secondary school,中小學,https://terms.naer.edu.tw/
654,elementary and secondary school of aboriginal,原住民中小學,https://terms.naer.edu.tw/
655,elementary education,初等教育,https://terms.naer.edu.tw/
656,elementary school,小學；基礎學校{英},https://terms.naer.edu.tw/
657,elementary school English teaching,國小英語教學,https://terms.naer.edu.tw/
658,elocution [= oration],演講；辯論術,https://terms.naer.edu.tw/
659,emergency assistance for overseas Chinese students,僑生急難救助,https://terms.naer.edu.tw/
660,emotion,情緒,https://terms.naer.edu.tw/
661,empirical method,經驗法；實徵,https://terms.naer.edu.tw/
662,Empirical pedagogy,經驗教育學,https://terms.naer.edu.tw/
663,Empirical psychology,實證心理學,https://terms.naer.edu.tw/
664,Empiricism,經驗論；經驗主義,https://terms.naer.edu.tw/
665,encyclopedia of education,教育百科全書,https://terms.naer.edu.tw/
666,endowed school,捐資學校,https://terms.naer.edu.tw/
667,endurance test,持久測驗；耐力測驗,https://terms.naer.edu.tw/
668,engineering college,工學院,https://terms.naer.edu.tw/
669,engineering education,工程教育,https://terms.naer.edu.tw/
670,English,英語,https://terms.naer.edu.tw/
671,Enlightenment; The enlightenment,啟蒙運動,https://terms.naer.edu.tw/
672,enrollment promoting association,招生策進總會,https://terms.naer.edu.tw/
673,enrollment; registration,登記；入學；註冊,https://terms.naer.edu.tw/
674,entrance examination,入學考試,https://terms.naer.edu.tw/
675,Environmental Education,環境教育,https://terms.naer.edu.tw/
676,epitome method,摘要法,https://terms.naer.edu.tw/
677,equal opportunity for education,接受教育機會平等,https://terms.naer.edu.tw/
678,equivalent-group method,等組法,https://terms.naer.edu.tw/
679,Esperanto ,世界語,https://terms.naer.edu.tw/
680,esprit de corps ed.,精神教育　,https://terms.naer.edu.tw/
681,essay-type examination,論文式考試；申論方式測驗,https://terms.naer.edu.tw/
682,establishment of private schools,私立學校興學,https://terms.naer.edu.tw/
683,esthetic judgment,美感判斷,https://terms.naer.edu.tw/
684,esthetic pedagogy,美育[教]學,https://terms.naer.edu.tw/
685,ethical education,倫理教育,https://terms.naer.edu.tw/
686,Ethics,倫理學,https://terms.naer.edu.tw/
687,Eugenics,優生學,https://terms.naer.edu.tw/
688,European art diploma,歐洲藝術文憑,https://terms.naer.edu.tw/
689,evaluation bulletin,評鑑公告,https://terms.naer.edu.tw/
690,evaluation of teaching profession,教師專業評鑑,https://terms.naer.edu.tw/
691,evaluation outcome,評鑑成果,https://terms.naer.edu.tw/
692,evaluation standard criteria,評鑑標準,https://terms.naer.edu.tw/
693,evening school; Night school,夜校,https://terms.naer.edu.tw/
694,Evolutionistic pedagogy,進化論派教育學,https://terms.naer.edu.tw/
695,examination,考試；檢查,https://terms.naer.edu.tw/
696,examination and recognition,檢覈通過,https://terms.naer.edu.tw/
697,examination and recognition,檢覈,https://terms.naer.edu.tw/
698,examination system,考試制度,https://terms.naer.edu.tw/
699,examining committee ,考試委員會,https://terms.naer.edu.tw/
700,excellent performance,績優{學生社團評鑑暨觀摩活動）,https://terms.naer.edu.tw/
701,exchange of students,學生交換,https://terms.naer.edu.tw/
702,exchange professors,交換教授,https://terms.naer.edu.tw/
703,executing group,工作執行小組,https://terms.naer.edu.tw/
704,exemplification,例證；範例；楷模,https://terms.naer.edu.tw/
705,exemption,免除；豁免,https://terms.naer.edu.tw/
706,expectant attention,預期注意,https://terms.naer.edu.tw/
707,expense of instruction,教學費用,https://terms.naer.edu.tw/
708,experimental didactics,實驗教學法,https://terms.naer.edu.tw/
709,experimental education,實驗教育,https://terms.naer.edu.tw/
710,experimental group,實驗組,https://terms.naer.edu.tw/
711,experimental high school,實驗高級中學,https://terms.naer.edu.tw/
712,experimental method; laboratory method,實驗法,https://terms.naer.edu.tw/
713,Experimental pedagogy,實驗教育學；實驗教學論,https://terms.naer.edu.tw/
714,experimental program of education,實驗教育,https://terms.naer.edu.tw/
715,Experimental psychology,實驗心理學,https://terms.naer.edu.tw/
716,experimental school; laboratory school,實驗學校,https://terms.naer.edu.tw/
717,exploration course [= exploratory course],試探科目,https://terms.naer.edu.tw/
718,express class,速成班,https://terms.naer.edu.tw/
719,expressive subject,發表學科,https://terms.naer.edu.tw/
720,expulsion,勒令退學,https://terms.naer.edu.tw/
721,extension class,推廣班,https://terms.naer.edu.tw/
722,extension course,推廣科目,https://terms.naer.edu.tw/
723,extensive method,博覽法,https://terms.naer.edu.tw/
724,extern; non-resident student,走讀生；通學生,https://terms.naer.edu.tw/
725,external degree,外部學位{英},https://terms.naer.edu.tw/
726,external evaluation,外部評鑑,https://terms.naer.edu.tw/
727,external examination,外部考試{英},https://terms.naer.edu.tw/
728,external graduate,外部畢業生{英},https://terms.naer.edu.tw/
729,extra assignment,額外指定作業,https://terms.naer.edu.tw/
730,extra-class activity; extra-curriculum activity,課外活動,https://terms.naer.edu.tw/
731,extracurriculum activity,課外活動,https://terms.naer.edu.tw/
732,extra-school activity,校外活動,https://terms.naer.edu.tw/
733,extroversion,外向,https://terms.naer.edu.tw/
734,extrovert,外向者,https://terms.naer.edu.tw/
735,factory apprentice school,工廠藝徒學校,https://terms.naer.edu.tw/
736,factory school; works school,工場學校,https://terms.naer.edu.tw/
737,faculty,教授、教員；系、科、學院 ,https://terms.naer.edu.tw/
738,Faculty psychology,官能心理學,https://terms.naer.edu.tw/
739,family education; home education,家庭教育,https://terms.naer.edu.tw/
740,family-related factor,家庭因素,https://terms.naer.edu.tw/
741,fancy; fantasy; phantasy; reverie,幻想,https://terms.naer.edu.tw/
742,farm school,農場學校,https://terms.naer.edu.tw/
743,feeble  children,低能兒童,https://terms.naer.edu.tw/
744,feeble mindedness,低能{美},https://terms.naer.edu.tw/
745,feeling,感情；感受；情感,https://terms.naer.edu.tw/
746,fellowship,獎學金；研究基金,https://terms.naer.edu.tw/
747,field lesson,實地學習課,https://terms.naer.edu.tw/
748,field practice,野外實習,https://terms.naer.edu.tw/
749,field work,實地工作,https://terms.naer.edu.tw/
750,figurability,可陶冶性；可塑性,https://terms.naer.edu.tw/
751,final examination,期末考試,https://terms.naer.edu.tw/
752,final oral examination graduate degree; viva {英},研究生學位考試,https://terms.naer.edu.tw/
753,fine arts school; school of fine arts,美術學校,https://terms.naer.edu.tw/
754,Finger alphabet,指語字母,https://terms.naer.edu.tw/
755,Finger manipulation,指算,https://terms.naer.edu.tw/
756,Finger reading,指讀法,https://terms.naer.edu.tw/
757,Finger speech; Finger language,指語,https://terms.naer.edu.tw/
758,first certificate examination,中學第一試{英},https://terms.naer.edu.tw/
759,first review,初審,https://terms.naer.edu.tw/
760,first stage certification,初檢,https://terms.naer.edu.tw/
761,fisheries education,水產教育,https://terms.naer.edu.tw/
762,five formal lesson-steps; five formal steps,五段教學法,https://terms.naer.edu.tw/
763,flexible promotion,彈性升級,https://terms.naer.edu.tw/
764,flexible shifting group plan,彈性分組制,https://terms.naer.edu.tw/
765,folk high school; people's high school,民間中學；人民高中；民眾高等學校{丹麥},https://terms.naer.edu.tw/
766,Folk psychology,民族心理學,https://terms.naer.edu.tw/
767,follow-up evaluation,追蹤評鑑,https://terms.naer.edu.tw/
768,follow-up inspection ,追蹤訪視,https://terms.naer.edu.tw/
769,foreign English teacher,外籍英語教師,https://terms.naer.edu.tw/
770,foreign student,外國學生；外籍學生,https://terms.naer.edu.tw/
771,foreign student study in Taiwan,來台留學,https://terms.naer.edu.tw/
772,forest school; school in woods; woods school,林間學校,https://terms.naer.edu.tw/
773,forestry education,林業教育,https://terms.naer.edu.tw/
774,form,年級{英}；年級{美},https://terms.naer.edu.tw/
775,form master,年級主任；班主任；年級教師{男，英},https://terms.naer.edu.tw/
776,form mistress,年級主任；班主任；年級教師{女，英},https://terms.naer.edu.tw/
777,form system,年級制{英},https://terms.naer.edu.tw/
778,formal culture [= formal discipline],形式陶冶；形式訓練,https://terms.naer.edu.tw/
779,formal education,正規教育,https://terms.naer.edu.tw/
780,formal subject,正式學科,https://terms.naer.edu.tw/
781,foundation reader ,基礎讀物,https://terms.naer.edu.tw/
782,foundation school,基礎學校{德},https://terms.naer.edu.tw/
783,fraternity,兄弟會{美國大學男生社團},https://terms.naer.edu.tw/
784,free association; Uncontrolled association,自由聯想,https://terms.naer.edu.tw/
785,free education,免費教育；義務教育,https://terms.naer.edu.tw/
786,free place; special place,免費學額{免學費入學員額，英},https://terms.naer.edu.tw/
787,free play,自由遊戲,https://terms.naer.edu.tw/
788,free school,免費學校；窮人學校{美},https://terms.naer.edu.tw/
789,free will,自由意志,https://terms.naer.edu.tw/
790,frequency,次數,https://terms.naer.edu.tw/
791,frequency distribution,次數分配,https://terms.naer.edu.tw/
792,frequency polygon,次數多邊形,https://terms.naer.edu.tw/
793,frequency surface,次數面,https://terms.naer.edu.tw/
794,frequency table,次數表,https://terms.naer.edu.tw/
795,fresh-air class,露天教學班,https://terms.naer.edu.tw/
796,fresh-air school; open-air school,露天學校,https://terms.naer.edu.tw/
797,freshman [= novice],新生；一年級學生；新手,https://terms.naer.edu.tw/
798,freshman class,新生班,https://terms.naer.edu.tw/
799,freshman week,新生週,https://terms.naer.edu.tw/
800,frontier education,邊疆教育,https://terms.naer.edu.tw/
801,f-score,F分數,https://terms.naer.edu.tw/
802,full-time student,全職生,https://terms.naer.edu.tw/
803,full-time teacher,專任教師,https://terms.naer.edu.tw/
804,Functional psychology,機能心理學,https://terms.naer.edu.tw/
805,fundamental subject,基本科目；基本學科,https://terms.naer.edu.tw/
806,further education,進修教育,https://terms.naer.edu.tw/
807,gardening school,園藝學校,https://terms.naer.edu.tw/
808,gender discrimination,性別歧視,https://terms.naer.edu.tw/
809,gender education,兩性教育,https://terms.naer.edu.tw/
810,gender equity,性別平等,https://terms.naer.edu.tw/
811,gender equity education,性別平等教育,https://terms.naer.edu.tw/
812,gender stereotype ,性別刻板印象,https://terms.naer.edu.tw/
813,gender tendency,性別傾向,https://terms.naer.edu.tw/
814,gender traits,性別特質,https://terms.naer.edu.tw/
815,general ability,一般能力,https://terms.naer.edu.tw/
816,general and vocational high school,高中職,https://terms.naer.edu.tw/
817,general culture,一般陶冶,https://terms.naer.edu.tw/
818,General didactics,普通教授學,https://terms.naer.edu.tw/
819,general educational subsidy,一般教育補助,https://terms.naer.edu.tw/
820,General English Proficiency Test,全民英語能力分級檢定測驗,https://terms.naer.edu.tw/
821,general intelligence,一般智能,https://terms.naer.edu.tw/
822,general method of teaching,普通教學法,https://terms.naer.edu.tw/
823,general project,一般型計畫,https://terms.naer.edu.tw/
824,General science,自然科學通論,https://terms.naer.edu.tw/
825,generalization,類化,https://terms.naer.edu.tw/
826,genetic method,發生法,https://terms.naer.edu.tw/
827,Genetic psychology,發生心理學,https://terms.naer.edu.tw/
828,genius; prodigy,天才,https://terms.naer.edu.tw/
829,Gestalt psychology,格式塔心理學；完形心理學,https://terms.naer.edu.tw/
830,gesture language,肢體語言,https://terms.naer.edu.tw/
831,Gift,恩物,https://terms.naer.edu.tw/
832,gifted child [= infant prodigy],天才兒童；優異兒童,https://terms.naer.edu.tw/
833,gild school; guild school,行會學校,https://terms.naer.edu.tw/
834,girl scout,女童子軍,https://terms.naer.edu.tw/
835,girlhood,少女期,https://terms.naer.edu.tw/
836,girls' high school,女子中學,https://terms.naer.edu.tw/
837,glee club,歌詠團,https://terms.naer.edu.tw/
838,government sponsorship ,公費待遇,https://terms.naer.edu.tw/
839,government sponsorship scholarship,公費獎學金,https://terms.naer.edu.tw/
840,gradation method,等第法,https://terms.naer.edu.tw/
841,grade,等第；年級；分數,https://terms.naer.edu.tw/
842,Grade 1-9 Curriculum,九年一貫課程,https://terms.naer.edu.tw/
843,Grade 1-9 Curriculum Guidelines,國民中小學九年一貫課程綱要,https://terms.naer.edu.tw/
844,grade distribution,等級分配；年級分配,https://terms.naer.edu.tw/
845,grade forum,學年會議,https://terms.naer.edu.tw/
846,grade group plan,年級分組制,https://terms.naer.edu.tw/
847,grade norm,年級常模,https://terms.naer.edu.tw/
848,grade scale,年級量表,https://terms.naer.edu.tw/
849,grade school,學級學校,https://terms.naer.edu.tw/
850,graded system,多級制,https://terms.naer.edu.tw/
851,grade-progress table,成績進步表,https://terms.naer.edu.tw/
852,graduate,畢業生,https://terms.naer.edu.tw/
853,graduate of the current year,應屆畢業,https://terms.naer.edu.tw/
854,graduate school; post-graduate school,研究所,https://terms.naer.edu.tw/
855,graduate student; post-graduate student; research student,研究生,https://terms.naer.edu.tw/
856,graduation,畢業 ,https://terms.naer.edu.tw/
857,graduation requirement,畢業條件,https://terms.naer.edu.tw/
858,graduation requirements,畢業要求標準；畢業要件,https://terms.naer.edu.tw/
859,grammar course,文法課程；文法班,https://terms.naer.edu.tw/
860,grammar school,文法學校{英中學；美舊式中學及小學},https://terms.naer.edu.tw/
861,grandparenting,隔代教養,https://terms.naer.edu.tw/
862,grant,助學金,https://terms.naer.edu.tw/
863,grants,補助費；補助金,https://terms.naer.edu.tw/
864,graphical representation,圖示,https://terms.naer.edu.tw/
865,gregarious instinct,群聚本能,https://terms.naer.edu.tw/
866,grievance,申訴,https://terms.naer.edu.tw/
867,group instruction,分組教學,https://terms.naer.edu.tw/
868,group supervision,團體視導；團體督導,https://terms.naer.edu.tw/
869,group system,分組制,https://terms.naer.edu.tw/
870,G-score,G分數,https://terms.naer.edu.tw/
871,guidance department,輔導處,https://terms.naer.edu.tw/
872,guidance group,輔導團{輔導計畫},https://terms.naer.edu.tw/
873,gustatory sensation; taste sensation,味覺,https://terms.naer.edu.tw/
874,gymnasium,體育館；文科中學{德},https://terms.naer.edu.tw/
875,gymnastic exercise; gymnastics,體操,https://terms.naer.edu.tw/
876,half-day school,半日制學校,https://terms.naer.edu.tw/
877,half-time system,二部制,https://terms.naer.edu.tw/
878,hallucination,幻覺,https://terms.naer.edu.tw/
879,handicraft school,手工藝學校,https://terms.naer.edu.tw/
880,hazing,被欺侮；受辱{美},https://terms.naer.edu.tw/
881,headmaster; principal,校長{中小學，美},https://terms.naer.edu.tw/
882,headteacher,小學校長{英},https://terms.naer.edu.tw/
883,Health and Physical Education,健康與體育,https://terms.naer.edu.tw/
884,health education,健康教育,https://terms.naer.edu.tw/
885,health impairments,身體病弱,https://terms.naer.edu.tw/
886,hearing impairments,聽覺障礙,https://terms.naer.edu.tw/
887,height-weight table,身高體重表,https://terms.naer.edu.tw/
888,heredity; inheritance,遺傳,https://terms.naer.edu.tw/
889,heuristic method,捷思法,https://terms.naer.edu.tw/
890,high school,中學{美},https://terms.naer.edu.tw/
891,high school district,中學區,https://terms.naer.edu.tw/
892,high school integrating with local community ,高中職社區化,https://terms.naer.edu.tw/
893,higher education,高等教育,https://terms.naer.edu.tw/
894,higher normal school,高等師範學校{法},https://terms.naer.edu.tw/
895,high-school extension,中學推廣教育,https://terms.naer.edu.tw/
896,histogram,直方圖,https://terms.naer.edu.tw/
897,History of education,教育史,https://terms.naer.edu.tw/
898,holiday,假日,https://terms.naer.edu.tw/
899,holiday course,假日班；假日課程,https://terms.naer.edu.tw/
900,home and school club,家庭與學校聯誼社,https://terms.naer.edu.tw/
901,home card,家庭聯絡卡,https://terms.naer.edu.tw/
902,Home Economics Education,家政教育,https://terms.naer.edu.tw/
903,home economics education; household education,家政教育；家事教育,https://terms.naer.edu.tw/
904,home lesson,家庭課業,https://terms.naer.edu.tw/
905,home room,主班；自己的教室{美},https://terms.naer.edu.tw/
906,home visiting,家庭訪問,https://terms.naer.edu.tw/
907,home work,家庭作業,https://terms.naer.edu.tw/
908,home-economics school,家政學校,https://terms.naer.edu.tw/
909,home-room teacher,班導師,https://terms.naer.edu.tw/
910,honor course,大學優異級課程{英},https://terms.naer.edu.tw/
911,honor credit,大學優異級學分{英},https://terms.naer.edu.tw/
912,honor roll,榮譽榜,https://terms.naer.edu.tw/
913,honor system,榮譽制,https://terms.naer.edu.tw/
914,honorary degree,榮譽學位,https://terms.naer.edu.tw/
915,honorary doctorate ,名譽博士；榮譽博士,https://terms.naer.edu.tw/
916,honorary professor,名譽教授,https://terms.naer.edu.tw/
917,honors degree,高等學士學位{英},https://terms.naer.edu.tw/
918,honors student,優等生,https://terms.naer.edu.tw/
919,hostel,招待所；小旅館；大學生宿舍,https://terms.naer.edu.tw/
920,hourly pay,鐘點費,https://terms.naer.edu.tw/
921,house master ,男舍監,https://terms.naer.edu.tw/
922,House of correction,矯正院；感化院,https://terms.naer.edu.tw/
923,house system,齋舍制{英國公學制度},https://terms.naer.edu.tw/
924,human capital,人力資本,https://terms.naer.edu.tw/
925,human resource development,人才培育,https://terms.naer.edu.tw/
926,Human Rights Education,人權教育,https://terms.naer.edu.tw/
927,humanism,人本主義；人文主義,https://terms.naer.edu.tw/
928,humanistic education,人本教育；人文教育,https://terms.naer.edu.tw/
929,hygiene education,衛生教育；保健教育,https://terms.naer.edu.tw/
930,hypermnesia,強記,https://terms.naer.edu.tw/
931,idea,觀念,https://terms.naer.edu.tw/
932,ideal,理想,https://terms.naer.edu.tw/
933,idealism,觀念論{知識論}；唯心論{形上學}；理想主義{倫理學},https://terms.naer.edu.tw/
934,idiocy,下愚,https://terms.naer.edu.tw/
935,idiot,下愚者,https://terms.naer.edu.tw/
936,illiterate,文盲,https://terms.naer.edu.tw/
937,illusion,錯覺,https://terms.naer.edu.tw/
938,illustration meeting,說明會,https://terms.naer.edu.tw/
939,image,意像；像,https://terms.naer.edu.tw/
940,imageless thought,無意像之思想,https://terms.naer.edu.tw/
941,imbecile,中愚者,https://terms.naer.edu.tw/
942,imbecility,中愚 ,https://terms.naer.edu.tw/
943,imitation,模仿,https://terms.naer.edu.tw/
944,imitativeness,模仿性,https://terms.naer.edu.tw/
945,immediate experience,立即經驗,https://terms.naer.edu.tw/
946,immigrant education,移民教育,https://terms.naer.edu.tw/
947,impulse,衝動,https://terms.naer.edu.tw/
948,impulsiveness,衝動性,https://terms.naer.edu.tw/
949,incidental education,隨機教育,https://terms.naer.edu.tw/
950,incidental learning,隨機學習,https://terms.naer.edu.tw/
951,incompetent teacher,不適任教師,https://terms.naer.edu.tw/
952,incorporation teaching method,融入式教學,https://terms.naer.edu.tw/
953,indefinite tenure,無限任期,https://terms.naer.edu.tw/
954,independent reading,獨立閱讀,https://terms.naer.edu.tw/
955,indicator of educational quality,教育品質指標,https://terms.naer.edu.tw/
956,indigenous educational right,民族教育權,https://terms.naer.edu.tw/
957,indirect discipline,間接訓練,https://terms.naer.edu.tw/
958,indirect interest,間接興趣,https://terms.naer.edu.tw/
959,indirect learning,間接學習,https://terms.naer.edu.tw/
960,indirect method of teaching,間接教學法,https://terms.naer.edu.tw/
961,individual application,個人申請,https://terms.naer.edu.tw/
962,individual difference,個別差異,https://terms.naer.edu.tw/
963,individual education,個別教育,https://terms.naer.edu.tw/
964,individual initiative; personal initiative,個人創動,https://terms.naer.edu.tw/
965,individual instruction; individual teaching,個別教學,https://terms.naer.edu.tw/
966,individual intelligence test,個別智力測驗,https://terms.naer.edu.tw/
967,Individual psychology,個性心理學,https://terms.naer.edu.tw/
968,individual reading,個別閱讀,https://terms.naer.edu.tw/
969,individualism,個人主義,https://terms.naer.edu.tw/
970,Individualized Education Program {= IEP},個別化教育計畫,https://terms.naer.edu.tw/
971,Individualized Transition Plan {= ITP},個別化轉銜計畫,https://terms.naer.edu.tw/
972,indoor play,室內活動,https://terms.naer.edu.tw/
973,inductive method,歸納法,https://terms.naer.edu.tw/
974,industrial arts,工藝,https://terms.naer.edu.tw/
975,industrial education [= technical education],工業教育；實業教育,https://terms.naer.edu.tw/
976,Industrial psychology,工業心理學,https://terms.naer.edu.tw/
977,industrial school [= technical school],工業學校；實業學校,https://terms.naer.edu.tw/
978,infancy; infantia,嬰孩期,https://terms.naer.edu.tw/
979,infant education,幼兒教育,https://terms.naer.edu.tw/
980,infant school,幼兒學校{英},https://terms.naer.edu.tw/
981,infant-asylum,育幼院,https://terms.naer.edu.tw/
982,inference [= reasoning],推論；推理,https://terms.naer.edu.tw/
983,informal education,非正式教育,https://terms.naer.edu.tw/
984,informal education,非正規教育,https://terms.naer.edu.tw/
985,information [=knowledge],資訊；知識,https://terms.naer.edu.tw/
986,information subject,知識科目；資訊學科,https://terms.naer.edu.tw/
987,information technology education,資訊教育,https://terms.naer.edu.tw/
988,initial contract,初聘,https://terms.naer.edu.tw/
989,innate idea,先天觀念,https://terms.naer.edu.tw/
990,in-service education program,在職專班,https://terms.naer.edu.tw/
991,in-service training,在職進修,https://terms.naer.edu.tw/
992,insight,頓悟；洞悟；洞見；洞察,https://terms.naer.edu.tw/
993,insight learning,頓悟學習；洞悟學習,https://terms.naer.edu.tw/
994,insignia,徽章,https://terms.naer.edu.tw/
995,inspection,視察,https://terms.naer.edu.tw/
996,inspector,督學,https://terms.naer.edu.tw/
997,inspector-general,主任督學,https://terms.naer.edu.tw/
998,instinct,本能,https://terms.naer.edu.tw/
999,instinct of construction,建造本能,https://terms.naer.edu.tw/
1000,instinct of curiosity,好奇本能,https://terms.naer.edu.tw/
1001,institute,所；會；社；館；學院；研究所,https://terms.naer.edu.tw/
1002,institute for promoting aboriginal education,原住民推廣教育機構,https://terms.naer.edu.tw/
1003,institutes of higher education,大專校院,https://terms.naer.edu.tw/
1004,institution status change,[學校]改制,https://terms.naer.edu.tw/
1005,institutions for academic research,學術研究機構,https://terms.naer.edu.tw/
1006,instruction,講授；教導；教學,https://terms.naer.edu.tw/
1007,instruction by academic competence-based grouping ,學科能力分組教學,https://terms.naer.edu.tw/
1008,instruction equipment budget; the budget for instruction equipment,教學設備經費,https://terms.naer.edu.tw/
1009,instructional assessment,教學評量,https://terms.naer.edu.tw/
1010,instructor,講師；教師,https://terms.naer.edu.tw/
1011,instructor; lecturer,講師,https://terms.naer.edu.tw/
1012,integral experimental project,整合實驗方案,https://terms.naer.edu.tw/
1013,integrated curriculum,統整課程,https://terms.naer.edu.tw/
1014,integrated instruction,統整教學；整合教學,https://terms.naer.edu.tw/
1015,integrated project ,整合型計畫,https://terms.naer.edu.tw/
1016,integrating kindergartens and nursery schools,幼托整合,https://terms.naer.edu.tw/
1017,Integrative Activities; Comprehensive Activities,綜合活動,https://terms.naer.edu.tw/
1018,intellect,智性,https://terms.naer.edu.tw/
1019,intellectual education,智育,https://terms.naer.edu.tw/
1020,Intellectualism,主智論；主知論,https://terms.naer.edu.tw/
1021,Intellectualistic education,主智教育；主知教育,https://terms.naer.edu.tw/
1022,intelligence,智力,https://terms.naer.edu.tw/
1023,intelligence measurement; intelligence test,智力測驗,https://terms.naer.edu.tw/
1024,intelligence quotient {= I.Q.},智力商數；智商,https://terms.naer.edu.tw/
1025,intention,意向,https://terms.naer.edu.tw/
1026,inter-collegiate athletics; interscholastic athletics,校際體育競賽,https://terms.naer.edu.tw/
1027,inter-collegiate course taking,校際選課,https://terms.naer.edu.tw/
1028,intermediate education,中間教育{英},https://terms.naer.edu.tw/
1029,intermediate examination,中間教育考試{英},https://terms.naer.edu.tw/
1030,intermediate school,中間學校{英},https://terms.naer.edu.tw/
1031,intermural athletics; intramural athletics,院際體育競賽{校內}；院內體育競賽{校內},https://terms.naer.edu.tw/
1032,intern,實習教師,https://terms.naer.edu.tw/
1033,internal evaluation,內部評鑑,https://terms.naer.edu.tw/
1034,internal student,校內生,https://terms.naer.edu.tw/
1035,international academic cooperation ,國際學術合作,https://terms.naer.edu.tw/
1036,international competitiveness,國際競爭力,https://terms.naer.edu.tw/
1037,international cooperation,國際合作,https://terms.naer.edu.tw/
1038,international education,國際教育,https://terms.naer.edu.tw/
1039,internet environment equipment readiness,網路環境整備,https://terms.naer.edu.tw/
1040,introspection,內省,https://terms.naer.edu.tw/
1041,introspection method,內省法,https://terms.naer.edu.tw/
1042,introversion,內向,https://terms.naer.edu.tw/
1043,introvert,內向者,https://terms.naer.edu.tw/
1044,intuition,直覺,https://terms.naer.edu.tw/
1045,intuitional instruction,直觀教學,https://terms.naer.edu.tw/
1046,intuitive method,直觀法,https://terms.naer.edu.tw/
1047,invalid children,病弱兒童,https://terms.naer.edu.tw/
1048,investigation of individuality,個性調查,https://terms.naer.edu.tw/
1049,irritability,可激性,https://terms.naer.edu.tw/
1050,item bank,測驗題庫,https://terms.naer.edu.tw/
1051,joint overseas recruitment,海外聯合招生,https://terms.naer.edu.tw/
1052,joint-entrance examination center,統一入學測驗中心,https://terms.naer.edu.tw/
1053,Journalistic education,新聞學教育,https://terms.naer.edu.tw/
1054,judgment,判斷,https://terms.naer.edu.tw/
1055,junior,三年級生{美},https://terms.naer.edu.tw/
1056,junior class,三年級{美},https://terms.naer.edu.tw/
1057,junior college,專科學校{台灣}；初級學院{美},https://terms.naer.edu.tw/
1058,junior college,專科學校,https://terms.naer.edu.tw/
1059,Junior College Law,專科學校法,https://terms.naer.edu.tw/
1060,junior high school,初級中學{美}；國民中學{國中},https://terms.naer.edu.tw/
1061,junior technical school,初級技藝學校{英},https://terms.naer.edu.tw/
1062,juvenile court,少年法庭,https://terms.naer.edu.tw/
1063,juvenile delinquency,少年犯罪,https://terms.naer.edu.tw/
1064,juvenile literature,少年文學,https://terms.naer.edu.tw/
1065,juvenile prison,少年監獄,https://terms.naer.edu.tw/
1066,kindergarten,幼稚園,https://terms.naer.edu.tw/
1067,kindergarten education,幼稚園教育,https://terms.naer.edu.tw/
1068,kindergarten training school,幼兒師資培育學校,https://terms.naer.edu.tw/
1069,kindergartner,幼稚園教員,https://terms.naer.edu.tw/
1070,kinematography,活動電影,https://terms.naer.edu.tw/
1071,kinesthetic sensation,動覺,https://terms.naer.edu.tw/
1072,labor college,勞動學院,https://terms.naer.edu.tw/
1073,laboratory,實驗室,https://terms.naer.edu.tw/
1074,laboratory manual,實驗手冊,https://terms.naer.edu.tw/
1075,language,語言,https://terms.naer.edu.tw/
1076,language ability certificate,語言能力證明,https://terms.naer.edu.tw/
1077,Language Arts,語文,https://terms.naer.edu.tw/
1078,language disorders,語言障礙,https://terms.naer.edu.tw/
1079,lantern slide,幻燈片,https://terms.naer.edu.tw/
1080,Latin grammar school,拉丁文法學校{英、美},https://terms.naer.edu.tw/
1081,law education; legal education,法律教育,https://terms.naer.edu.tw/
1082,law of contiguity,接近律,https://terms.naer.edu.tw/
1083,law of contrast,對比律,https://terms.naer.edu.tw/
1084,law of disuse,不用律,https://terms.naer.edu.tw/
1085,law of effect,效果律,https://terms.naer.edu.tw/
1086,law of error,誤差律,https://terms.naer.edu.tw/
1087,law of exercise,練習律,https://terms.naer.edu.tw/
1088,law of frequency,頻因律,https://terms.naer.edu.tw/
1089,law of intensity,強因律,https://terms.naer.edu.tw/
1090,law of learning,學習律,https://terms.naer.edu.tw/
1091,law of primacy,首因律,https://terms.naer.edu.tw/
1092,law of readiness,準備律,https://terms.naer.edu.tw/
1093,law of recency,近因律,https://terms.naer.edu.tw/
1094,law of resemblance; law of similarity,類似律,https://terms.naer.edu.tw/
1095,law of tension,緊張律,https://terms.naer.edu.tw/
1096,law of use ,使用律,https://terms.naer.edu.tw/
1097,lay off,資遣,https://terms.naer.edu.tw/
1098,leadership,領導能力,https://terms.naer.edu.tw/
1099,learning activities in schools,學校教學活動,https://terms.naer.edu.tw/
1100,learning areas,學習領域,https://terms.naer.edu.tw/
1101,learning by chance,機機學習,https://terms.naer.edu.tw/
1102,learning by doing,做中學,https://terms.naer.edu.tw/
1103,learning by experience,從經驗中學習,https://terms.naer.edu.tw/
1104,learning by imitation,模仿學習,https://terms.naer.edu.tw/
1105,learning disabilities,學習障礙,https://terms.naer.edu.tw/
1106,learning efficiency,學習效率,https://terms.naer.edu.tw/
1107,learning stages,學習階段,https://terms.naer.edu.tw/
1108,learning through living,從生活中學習,https://terms.naer.edu.tw/
1109,leave of absence,請假,https://terms.naer.edu.tw/
1110,leaving age,離校年齡,https://terms.naer.edu.tw/
1111,leaving certificate,離校證明,https://terms.naer.edu.tw/
1112,lecture,講演,https://terms.naer.edu.tw/
1113,lecture method; method of lecture,講演法,https://terms.naer.edu.tw/
1114,lecture-demonstration method,講演示範法,https://terms.naer.edu.tw/
1115,lecturer,講師；講演員,https://terms.naer.edu.tw/
1116,lesson,課,https://terms.naer.edu.tw/
1117,lesson plan,教案,https://terms.naer.edu.tw/
1118,liberal arts,通藝學科；博藝學科,https://terms.naer.edu.tw/
1119,liberal education,博雅教育,https://terms.naer.edu.tw/
1120,library,圖書館,https://terms.naer.edu.tw/
1121,library education,圖書館教育,https://terms.naer.edu.tw/
1122,life certificate; permanent certificate,終身證書,https://terms.naer.edu.tw/
1123,Life Curriculum,生活課程,https://terms.naer.edu.tw/
1124,life instinct,求生本能,https://terms.naer.edu.tw/
1125,life tenure,終身任期,https://terms.naer.edu.tw/
1126,lifelong education,終身教育,https://terms.naer.edu.tw/
1127,Life-reconstruction Plan,生活重建計畫,https://terms.naer.edu.tw/
1128,linguistic education; speech education,語言教育,https://terms.naer.edu.tw/
1129,lip reading,讀唇識意,https://terms.naer.edu.tw/
1130,literary contest,文藝競賽,https://terms.naer.edu.tw/
1131,literary course,文學科目,https://terms.naer.edu.tw/
1132,loan for student,學生貸款,https://terms.naer.edu.tw/
1133,local committee for teachers certification,縣市教師複檢委員會,https://terms.naer.edu.tw/
1134,Local Education Committee,地方教育審議委員會{直轄市及縣市},https://terms.naer.edu.tw/
1135,local teachers' association,地方教師會,https://terms.naer.edu.tw/
1136,Logic,論理學；邏輯；理哲學,https://terms.naer.edu.tw/
1137,logical order,論理次序；邏輯次序,https://terms.naer.edu.tw/
1138,loud reading,朗讀,https://terms.naer.edu.tw/
1139,lyceum,公立高級中學{法},https://terms.naer.edu.tw/
1140,major subject,主科,https://terms.naer.edu.tw/
1141,maladjustment,不良適應,https://terms.naer.edu.tw/
1142,malnutrition,營養不良,https://terms.naer.edu.tw/
1143,Mandarin,國語,https://terms.naer.edu.tw/
1144,manipulation,操作,https://terms.naer.edu.tw/
1145,manual training,手工訓練,https://terms.naer.edu.tw/
1146,manual-training room,手工教室,https://terms.naer.edu.tw/
1147,many-sided interest,多方興趣,https://terms.naer.edu.tw/
1148,marking,記分,https://terms.naer.edu.tw/
1149,marking system,記分制,https://terms.naer.edu.tw/
1150,mass education [= people's education],大眾教育；平民教育,https://terms.naer.edu.tw/
1151,mass; mode,眾數,https://terms.naer.edu.tw/
1152,massed learning,集中學習,https://terms.naer.edu.tw/
1153,Master,碩士,https://terms.naer.edu.tw/
1154,Master degree,碩士學位,https://terms.naer.edu.tw/
1155,Master student,碩士班研究生,https://terms.naer.edu.tw/
1156,Master's degree,碩士學位,https://terms.naer.edu.tw/
1157,matching test,配對測驗,https://terms.naer.edu.tw/
1158,material culture,實質陶冶,https://terms.naer.edu.tw/
1159,material discipline,實質訓練,https://terms.naer.edu.tw/
1160,material object,實物,https://terms.naer.edu.tw/
1161,material of instruction; matter for teaching; subject matter; subject-matter,教材,https://terms.naer.edu.tw/
1162,materialism,唯物論,https://terms.naer.edu.tw/
1163,maternal course,育兒課程,https://terms.naer.edu.tw/
1164,maternity,母性,https://terms.naer.edu.tw/
1165,Mathematics,數學,https://terms.naer.edu.tw/
1166,mathematics and sciences,數理學科,https://terms.naer.edu.tw/
1167,matriculation,大學入學考試{英},https://terms.naer.edu.tw/
1168,matriculation certificate,大學入學許可證明,https://terms.naer.edu.tw/
1169,maturity examination,成熟考試,https://terms.naer.edu.tw/
1170,maxim,格言；行為準則,https://terms.naer.edu.tw/
1171,maze,迷津,https://terms.naer.edu.tw/
1172,mean square,均方,https://terms.naer.edu.tw/
1173,measurement,測量,https://terms.naer.edu.tw/
1174,measurement of visual area,視閾測量,https://terms.naer.edu.tw/
1175,measuring scale,量尺,https://terms.naer.edu.tw/
1176,mechanism,機制論；機械論,https://terms.naer.edu.tw/
1177,mechanism of risk management and guidance,危機管理輔導機制,https://terms.naer.edu.tw/
1178,media literacy education,媒體素養教育,https://terms.naer.edu.tw/
1179,median,中位數,https://terms.naer.edu.tw/
1180,mediate experience,間接經驗,https://terms.naer.edu.tw/
1181,medical education,醫學教育,https://terms.naer.edu.tw/
1182,medical examination,健康檢查,https://terms.naer.edu.tw/
1183,medical gymnastics,治療體操,https://terms.naer.edu.tw/
1184,medieval education,中古教育；中世紀教育,https://terms.naer.edu.tw/
1185,melancholic temperament; Nervous temperament,憂鬱質,https://terms.naer.edu.tw/
1186,memorial day,紀念日,https://terms.naer.edu.tw/
1187,memorization,記誦,https://terms.naer.edu.tw/
1188,memory drawing,記憶畫,https://terms.naer.edu.tw/
1189,memory system; mnemonic system; mnemonics,記憶術,https://terms.naer.edu.tw/
1190,memory training,記憶訓練,https://terms.naer.edu.tw/
1191,memory work,記憶工作,https://terms.naer.edu.tw/
1192,mental ability,心智能力,https://terms.naer.edu.tw/
1193,mental adaptation,心理適應,https://terms.naer.edu.tw/
1194,mental age {= M.A.} [= psychological age],心理年齡；心齡,https://terms.naer.edu.tw/
1195,mental arithmetic,心算,https://terms.naer.edu.tw/
1196,mental capacity,心智容量,https://terms.naer.edu.tw/
1197,mental defect; mental defective,心智缺陷者,https://terms.naer.edu.tw/
1198,mental deficiency,心智缺陷,https://terms.naer.edu.tw/
1199,mental depression,心理抑鬱,https://terms.naer.edu.tw/
1200,mental development,心智發展,https://terms.naer.edu.tw/
1201,mental discipline; mental training; mind training,心智訓練,https://terms.naer.edu.tw/
1202,mental disturbance,精神擾亂,https://terms.naer.edu.tw/
1203,mental examination,心理檢查,https://terms.naer.edu.tw/
1204,mental growth,心智成長,https://terms.naer.edu.tw/
1205,mental hygiene,心理衛生,https://terms.naer.edu.tw/
1206,mental measurement,心理測量,https://terms.naer.edu.tw/
1207,mental process,心理歷程,https://terms.naer.edu.tw/
1208,Mental Rehabilitation Plan ,心理復健計畫,https://terms.naer.edu.tw/
1209,mental retardation,智能障礙,https://terms.naer.edu.tw/
1210,mental scale,心理量表,https://terms.naer.edu.tw/
1211,mental set,心向；心理定向,https://terms.naer.edu.tw/
1212,mental test,心理測驗,https://terms.naer.edu.tw/
1213,mentor teacher,教學輔導教師,https://terms.naer.edu.tw/
1214,mercantile marine school,商船學校,https://terms.naer.edu.tw/
1215,merit system,功績制,https://terms.naer.edu.tw/
1216,metal hygiene clinics,心理衛生中心,https://terms.naer.edu.tw/
1217,method of discussion,討論法,https://terms.naer.edu.tw/
1218,method of dramatic expression,戲劇表演法,https://terms.naer.edu.tw/
1219,method of instruction; method of teaching; teaching method,教學法,https://terms.naer.edu.tw/
1220,method of positive and negative cases,正反例證法,https://terms.naer.edu.tw/
1221,method of recitation,背誦法,https://terms.naer.edu.tw/
1222,method of rediscovery,再發現法,https://terms.naer.edu.tw/
1223,method of right and wrong cases,正誤例證法,https://terms.naer.edu.tw/
1224,method of self-activity,自行活動教學法,https://terms.naer.edu.tw/
1225,method of telling,講述法,https://terms.naer.edu.tw/
1226,method of trial and error; trial and error method,嘗試錯誤法,https://terms.naer.edu.tw/
1227,method of verification,證明法,https://terms.naer.edu.tw/
1228,methodology,方法論,https://terms.naer.edu.tw/
1229,method-whole of teaching; teaching unit,教學單元,https://terms.naer.edu.tw/
1230,middle and long range school development plan ,中長程校務發展計畫,https://terms.naer.edu.tw/
1231,middle school,中間學校{英}；中學{美},https://terms.naer.edu.tw/
1232,middle way class ,資源式中途班{中介安置教育處所},https://terms.naer.edu.tw/
1233,middle way educational placement,中介安置教育措施,https://terms.naer.edu.tw/
1234,mid-point,中點,https://terms.naer.edu.tw/
1235,militarism,軍國主義；黷武思想；軍國民主義,https://terms.naer.edu.tw/
1236,military academy,軍事學院,https://terms.naer.edu.tw/
1237,military education,軍事教育,https://terms.naer.edu.tw/
1238,military school,軍事學校,https://terms.naer.edu.tw/
1239,military training,軍事訓練,https://terms.naer.edu.tw/
1240,military training camp,軍事訓練營,https://terms.naer.edu.tw/
1241,mind,心；心理；精神,https://terms.naer.edu.tw/
1242,mining education,礦業教育,https://terms.naer.edu.tw/
1243,minister of education; minister of public instruction,教育部長,https://terms.naer.edu.tw/
1244,ministry of education,教育部,https://terms.naer.edu.tw/
1245,minor,輔系,https://terms.naer.edu.tw/
1246,mirror drawing,鏡描,https://terms.naer.edu.tw/
1247,Mission school,教會學校,https://terms.naer.edu.tw/
1248,mobilization of esprit de corps,精神動員,https://terms.naer.edu.tw/
1249,model lesson,模範課,https://terms.naer.edu.tw/
1250,model of teaching,教學模式,https://terms.naer.edu.tw/
1251,model school,模範學校,https://terms.naer.edu.tw/
1252,modern languages,現代語文；現代外語{相對於古典語文},https://terms.naer.edu.tw/
1253,Mohammedan education [= Islamic education],回教教育；伊斯蘭教育,https://terms.naer.edu.tw/
1254,monastery school; monastic school; cloister school,修道院學校,https://terms.naer.edu.tw/
1255,monastic education,修道院教育,https://terms.naer.edu.tw/
1256,monitor,導生{英},https://terms.naer.edu.tw/
1257,monitor school,導生學校,https://terms.naer.edu.tw/
1258,monitorial system,導生制{史},https://terms.naer.edu.tw/
1259,monitorial-group plan,導生分組制,https://terms.naer.edu.tw/
1260,month of filial piety education,教孝月,https://terms.naer.edu.tw/
1261,moonlight school,夜校{英},https://terms.naer.edu.tw/
1262,moral education,道德教育,https://terms.naer.edu.tw/
1263,moral instruction,道德教學,https://terms.naer.edu.tw/
1264,morale,士氣,https://terms.naer.edu.tw/
1265,morality,道德,https://terms.naer.edu.tw/
1266,morning exercise,朝會,https://terms.naer.edu.tw/
1267,moron,上愚,https://terms.naer.edu.tw/
1268,mortar-board,學位帽,https://terms.naer.edu.tw/
1269,mother language; mother tongue,母語,https://terms.naer.edu.tw/
1270,mothercraft,母道；母儀,https://terms.naer.edu.tw/
1271,mothers' meeting,母姊會,https://terms.naer.edu.tw/
1272,motivation,動機,https://terms.naer.edu.tw/
1273,motivism,動機說,https://terms.naer.edu.tw/
1274,motor reaction,動作反應,https://terms.naer.edu.tw/
1275,motor sense,運動感覺,https://terms.naer.edu.tw/
1276,moving school,移動學校{美國初期為解決郊區學子就學問題所提供教師至該區巡迴教育的措施},https://terms.naer.edu.tw/
1277,multiculture,多元文化,https://terms.naer.edu.tw/
1278,multiple entrance program,多元入學方案,https://terms.naer.edu.tw/
1279,multiple impairments,多重障礙,https://terms.naer.edu.tw/
1280,multiple personality,多重人格,https://terms.naer.edu.tw/
1281,multiple response type,複選式,https://terms.naer.edu.tw/
1282,multiple-choice test,選擇題,https://terms.naer.edu.tw/
1283,multiplication table ,乘法表,https://terms.naer.edu.tw/
1284,muscular sensation,肌肉感覺,https://terms.naer.edu.tw/
1285,music conservatory,音樂學校；音樂廳,https://terms.naer.edu.tw/
1286,music education,音樂教育,https://terms.naer.edu.tw/
1287,mutual system,相互教學制,https://terms.naer.edu.tw/
1288,nascent period,發育期,https://terms.naer.edu.tw/
1289,national chair professorship; national chair professors,國家講座,https://terms.naer.edu.tw/
1290,National College for School Leadership{英},校長學院,https://terms.naer.edu.tw/
1291,national education,國家教育；民族教育,https://terms.naer.edu.tw/
1292,national scholarship,國家獎學金,https://terms.naer.edu.tw/
1293,national teachers' association ,全國教師會,https://terms.naer.edu.tw/
1294,national textbook,國定教科書,https://terms.naer.edu.tw/
1295,nationalism,民族主義,https://terms.naer.edu.tw/
1296,nationalistic education,民族主義教育,https://terms.naer.edu.tw/
1297,native characteristic,天賦特徵,https://terms.naer.edu.tw/
1298,native knowledge,本土知識,https://terms.naer.edu.tw/
1299,nativism,先天說,https://terms.naer.edu.tw/
1300,natural punishment,自然懲罰,https://terms.naer.edu.tw/
1301,natural tendency,自然趨勢,https://terms.naer.edu.tw/
1302,naturalism,自然主義,https://terms.naer.edu.tw/
1303,naturalistic education,自然主義教育,https://terms.naer.edu.tw/
1304,nautical education,航海教育；海事教育,https://terms.naer.edu.tw/
1305,naval education,海軍教育,https://terms.naer.edu.tw/
1306,negative adaptation,消極適應,https://terms.naer.edu.tw/
1307,negative discipline,消極訓練,https://terms.naer.edu.tw/
1308,negative education,消極教育,https://terms.naer.edu.tw/
1309,neohumanism,新人本主義；新人文主義,https://terms.naer.edu.tw/
1310,nervous system,神經系統,https://terms.naer.edu.tw/
1311,nervousness,神經質,https://terms.naer.edu.tw/
1312,neurology,神經學,https://terms.naer.edu.tw/
1313,neuron,神經原,https://terms.naer.edu.tw/
1314,neuropathology,神經病理學,https://terms.naer.edu.tw/
1315,New education,新教育,https://terms.naer.edu.tw/
1316,night school for adult,成人夜校,https://terms.naer.edu.tw/
1317,non-classified school,不分級學校{義},https://terms.naer.edu.tw/
1318,non-governmental organization{NGO},民間團體,https://terms.naer.edu.tw/
1319,non-language test; non-verbal test,非語文測驗,https://terms.naer.edu.tw/
1320,nonprofit of organization of culture and education,民間非營利文教團體,https://terms.naer.edu.tw/
1321,non-provided school,私立學校{日},https://terms.naer.edu.tw/
1322,non-school days,非正規學制時間,https://terms.naer.edu.tw/
1323,nonsense syllables,無意義音節,https://terms.naer.edu.tw/
1324,non-voluntary attention,非有意的注意,https://terms.naer.edu.tw/
1325,norm,常模,https://terms.naer.edu.tw/
1326,normal child,常態兒童,https://terms.naer.edu.tw/
1327,normal class grouping,常態編班,https://terms.naer.edu.tw/
1328,normal curve,常態曲線,https://terms.naer.edu.tw/
1329,normal distribution,常態分配,https://terms.naer.edu.tw/
1330,normal education,師範教育,https://terms.naer.edu.tw/
1331,normal school,師範學校,https://terms.naer.edu.tw/
1332,normal surface of distribution,常態面積分配,https://terms.naer.edu.tw/
1333,normal training; teacher training; training of teacher,師資培育,https://terms.naer.edu.tw/
1334,normative science,規範科學{相對於實證科學},https://terms.naer.edu.tw/
1335,North Denver Plan,北達文制,https://terms.naer.edu.tw/
1336,notebook method,劄記法,https://terms.naer.edu.tw/
1337,nunnery school,修女學校,https://terms.naer.edu.tw/
1338,nursery,育嬰院；育兒室；托兒所,https://terms.naer.edu.tw/
1339,nursery school,保育學校{英},https://terms.naer.edu.tw/
1340,nursery tale,童話,https://terms.naer.edu.tw/
1341,nursing high schools,護校,https://terms.naer.edu.tw/
1342,nursing teacher,護理教師,https://terms.naer.edu.tw/
1343,nurture,養育{後天教養，與nature相對},https://terms.naer.edu.tw/
1344,nutrition,營養；營養學,https://terms.naer.edu.tw/
1345,nutrition class,營養班,https://terms.naer.edu.tw/
1346,nutrition education,營養教育,https://terms.naer.edu.tw/
1347,object lesson; object teaching,實物教學,https://terms.naer.edu.tw/
1348,objective examination,客觀測驗,https://terms.naer.edu.tw/
1349,observation and learning activities,觀摩活動,https://terms.naer.edu.tw/
1350,observation method,觀察法,https://terms.naer.edu.tw/
1351,occupation,職業；佔有,https://terms.naer.edu.tw/
1352,occupational test; vocational test,職業測驗,https://terms.naer.edu.tw/
1353,occupational training,職業訓練,https://terms.naer.edu.tw/
1354,off-campus internship,校外實習,https://terms.naer.edu.tw/
1355,off-campus learning achievements,校外學習成就,https://terms.naer.edu.tw/
1356,office of education,教育局{美},https://terms.naer.edu.tw/
1357,official textbooks,部編本教科書,https://terms.naer.edu.tw/
1358,olfactory sensation,嗅覺,https://terms.naer.edu.tw/
1359,Olympian ; Olympic ; Olympic games,奧林匹克運動會{奧運},https://terms.naer.edu.tw/
1360,one class school; one room school; one teacher school; single room school,單班學校,https://terms.naer.edu.tw/
1361,one-group method,單組法,https://terms.naer.edu.tw/
1362,opposite test,對比測驗,https://terms.naer.edu.tw/
1363,oral arithmetic,口算,https://terms.naer.edu.tw/
1364,oral composition,口述作文,https://terms.naer.edu.tw/
1365,oral expression,口語表達,https://terms.naer.edu.tw/
1366,oral instruction; oral teaching; verbal instruction,口授,https://terms.naer.edu.tw/
1367,oral reading,朗誦,https://terms.naer.edu.tw/
1368,oral report method,口頭報告法,https://terms.naer.edu.tw/
1369,oratorial contest,演說競賽,https://terms.naer.edu.tw/
1370,organic sensation,機體覺,https://terms.naer.edu.tw/
1371,organization chart,組織架構；組織圖表,https://terms.naer.edu.tw/
1372,organization of overseas Chinese education,僑教團體,https://terms.naer.edu.tw/
1373,organization restructuring,組織再造,https://terms.naer.edu.tw/
1374,organized play,團體遊戲,https://terms.naer.edu.tw/
1375,orientation course,新生訓練,https://terms.naer.edu.tw/
1376,original nature,本性,https://terms.naer.edu.tw/
1377,originality,原創性,https://terms.naer.edu.tw/
1378,orphan asylum; orphan school,孤兒院,https://terms.naer.edu.tw/
1379,other significant handicaps,其他顯著障礙,https://terms.naer.edu.tw/
1380,other special talents,其他特殊才能,https://terms.naer.edu.tw/
1381,out-door sport,戶外運動,https://terms.naer.edu.tw/
1382,out-door study; out-door work,戶外作業,https://terms.naer.edu.tw/
1383,over learning,過度學習,https://terms.naer.edu.tw/
1384,over-age child,逾齡兒童,https://terms.naer.edu.tw/
1385,overgrown child,過度生長兒童,https://terms.naer.edu.tw/
1386,overseas Chinese education,僑民教育,https://terms.naer.edu.tw/
1387,overseas Chinese students,僑生,https://terms.naer.edu.tw/
1388,overseas Chinese students,華裔學生,https://terms.naer.edu.tw/
1389,overseas education,海外教育,https://terms.naer.edu.tw/
1390,overseas education service,海外教育服務,https://terms.naer.edu.tw/
1391,overseas study,海外留學,https://terms.naer.edu.tw/
1392,overseas study and study tour service,留遊學服務業,https://terms.naer.edu.tw/
1393,overseas study group,遊學團,https://terms.naer.edu.tw/
1394,overseas study tour,海外遊學,https://terms.naer.edu.tw/
1395,overseas Taipei school,海外台北學校,https://terms.naer.edu.tw/
1396,overseas training,海外研修,https://terms.naer.edu.tw/
1397,overseas university,國外大學,https://terms.naer.edu.tw/
1398,overtime pay,超支鐘點費,https://terms.naer.edu.tw/
1399,Paideutics; Pedagogics; Pedagogy,教育學,https://terms.naer.edu.tw/
1400,Paidology; Paedology,兒童學,https://terms.naer.edu.tw/
1401,pain sensation,痛覺,https://terms.naer.edu.tw/
1402,parental education,親職教育,https://terms.naer.edu.tw/
1403,parental right for school involvement ,家長參與教育事務,https://terms.naer.edu.tw/
1404,parent-teacher association,親師會,https://terms.naer.edu.tw/
1405,parish school; parochial school,教區學校,https://terms.naer.edu.tw/
1406,part learning method; part method,部分學習法,https://terms.naer.edu.tw/
1407,part time job for study,工讀,https://terms.naer.edu.tw/
1408,partial correlation,偏相關；淨相關,https://terms.naer.edu.tw/
1409,part-time education,部分時制教育,https://terms.naer.edu.tw/
1410,part-time job,兼職,https://terms.naer.edu.tw/
1411,part-time position,兼任,https://terms.naer.edu.tw/
1412,part-time student,部分時制學生,https://terms.naer.edu.tw/
1413,part-time teacher,兼任教師,https://terms.naer.edu.tw/
1414,part-time teaching,兼課,https://terms.naer.edu.tw/
1415,passive attention,被動注意,https://terms.naer.edu.tw/
1416,patriotism,愛國主義；愛國情操,https://terms.naer.edu.tw/
1417,pauper school; poverty school; ragged school,貧民學校,https://terms.naer.edu.tw/
1418,pay for part-time teaching,兼課鐘點費,https://terms.naer.edu.tw/
1419,payment of academic research,學術研究費,https://terms.naer.edu.tw/
1420,peasant school,農民學校,https://terms.naer.edu.tw/
1421,pedagogical academy,教育學院{德},https://terms.naer.edu.tw/
1422,pedagogical institute,教育研究所{德},https://terms.naer.edu.tw/
1423,pedagogue,教僕{古希臘}；教育學者,https://terms.naer.edu.tw/
1424,pedagogy seminary,教育研討室,https://terms.naer.edu.tw/
1425,peer-coaching,同儕教練,https://terms.naer.edu.tw/
1426,penalty schedule,罰則,https://terms.naer.edu.tw/
1427,penalty; punishment,懲罰,https://terms.naer.edu.tw/
1428,pension,養老金；退休金,https://terms.naer.edu.tw/
1429,pentathlon,五項運動{奧運比賽項目},https://terms.naer.edu.tw/
1430,people's college,人民學院,https://terms.naer.edu.tw/
1431,percentile ,百分位數,https://terms.naer.edu.tw/
1432,percentile scale,百分量表,https://terms.naer.edu.tw/
1433,perception,知覺,https://terms.naer.edu.tw/
1434,performance evaluation,成績考查；成績考核,https://terms.naer.edu.tw/
1435,period of puberty; pubescence,青春期,https://terms.naer.edu.tw/
1436,per-pupil cost,學生單位成本,https://terms.naer.edu.tw/
1437,personal and social education,生活倫理道德教育,https://terms.naer.edu.tw/
1438,Personal pedagogy,人格教育學,https://terms.naer.edu.tw/
1439,Personalism,人格主義,https://terms.naer.edu.tw/
1440,personality,人格,https://terms.naer.edu.tw/
1441,personality test,人格測驗,https://terms.naer.edu.tw/
1442,personal-related factor,個人因素,https://terms.naer.edu.tw/
1443,pharmaceutical education,藥學教育；藥物教育,https://terms.naer.edu.tw/
1444,philanthropic education,泛愛主義教育,https://terms.naer.edu.tw/
1445,philanthropic school,泛愛學校,https://terms.naer.edu.tw/
1446,philanthropism,泛愛主義 ,https://terms.naer.edu.tw/
1447,philosophical pedagogy,哲學的教育學,https://terms.naer.edu.tw/
1448,phlegmatic temperament,黏液質,https://terms.naer.edu.tw/
1449,phonetic method,自然發音法,https://terms.naer.edu.tw/
1450,physical age,身體年齡,https://terms.naer.edu.tw/
1451,physical culture; physical education,體育,https://terms.naer.edu.tw/
1452,physical education school,體育學校,https://terms.naer.edu.tw/
1453,physical examination,身體檢查；體格檢查,https://terms.naer.edu.tw/
1454,physical exercise,運動,https://terms.naer.edu.tw/
1455,physical handicaps,肢體障礙,https://terms.naer.edu.tw/
1456,physical test,體能測驗,https://terms.naer.edu.tw/
1457,physical training,體格訓練；體能訓練,https://terms.naer.edu.tw/
1458,physiological age,生理年齡,https://terms.naer.edu.tw/
1459,physiological limit,生理極限,https://terms.naer.edu.tw/
1460,Physiological psychology,生理心理學,https://terms.naer.edu.tw/
1461,pictorial method; picture method,圖示教學法,https://terms.naer.edu.tw/
1462,picture completion test,圖畫完成測驗,https://terms.naer.edu.tw/
1463,picture gallery,照片廊；圖像畫廊,https://terms.naer.edu.tw/
1464,pietism,虔敬主義,https://terms.naer.edu.tw/
1465,placement,安置{輔導},https://terms.naer.edu.tw/
1466,placement examination,就業考試,https://terms.naer.edu.tw/
1467,planning committee,規劃委員會,https://terms.naer.edu.tw/
1468,plasticity,可塑性,https://terms.naer.edu.tw/
1469,plateau of learning,學習高原,https://terms.naer.edu.tw/
1470,play centre; play garden,學校遊戲場,https://terms.naer.edu.tw/
1471,play method,遊戲法,https://terms.naer.edu.tw/
1472,playground,遊戲場,https://terms.naer.edu.tw/
1473,playroom,遊戲室,https://terms.naer.edu.tw/
1474,play-theory,遊戲理論,https://terms.naer.edu.tw/
1475,plaything; toy,玩具,https://terms.naer.edu.tw/
1476,point,學分；分數；績點,https://terms.naer.edu.tw/
1477,point scale,等級尺度；績點量表,https://terms.naer.edu.tw/
1478,point system,績點制,https://terms.naer.edu.tw/
1479,police education,警察教育,https://terms.naer.edu.tw/
1480,policy of overseas Chinese education,僑教政策,https://terms.naer.edu.tw/
1481,political education,政治教育,https://terms.naer.edu.tw/
1482,polytechnic school,多元技術學校,https://terms.naer.edu.tw/
1483,popular education,大眾教育,https://terms.naer.edu.tw/
1484,popular lecture,通俗講演,https://terms.naer.edu.tw/
1485,Portland Plan,波特蘭制{科學重點學校；美},https://terms.naer.edu.tw/
1486,positions in educational administration,教育行政職務,https://terms.naer.edu.tw/
1487,positive education,積極教育,https://terms.naer.edu.tw/
1488,possibility of education,教育可能性,https://terms.naer.edu.tw/
1489,postgraduate teacher education program,學士後教育學分班,https://terms.naer.edu.tw/
1490,potentiality,潛能,https://terms.naer.edu.tw/
1491,practice,實習；練習,https://terms.naer.edu.tw/
1492,practice lesson,實習課；練習課,https://terms.naer.edu.tw/
1493,practice limit,練習極限,https://terms.naer.edu.tw/
1494,practice teacher,實習教師,https://terms.naer.edu.tw/
1495,practice teaching,教學實習,https://terms.naer.edu.tw/
1496,practice test,實作測驗,https://terms.naer.edu.tw/
1497,pragmatism,實用主義,https://terms.naer.edu.tw/
1498,precept,教規；訓誡,https://terms.naer.edu.tw/
1499,preceptor system; tutor system,導師制,https://terms.naer.edu.tw/
1500,preceptor; tutor,指導教師,https://terms.naer.edu.tw/
1501,precocious child; premature child,早熟兒童,https://terms.naer.edu.tw/
1502,precocity; prematurity,早熟,https://terms.naer.edu.tw/
1503,prefect,班長；監督生；長官,https://terms.naer.edu.tw/
1504,preliminary education,預備教育,https://terms.naer.edu.tw/
1505,preliminary examination,預試,https://terms.naer.edu.tw/
1506,preliminary review ,預審,https://terms.naer.edu.tw/
1507,preparation theory,預備說,https://terms.naer.edu.tw/
1508,preparatory department,預科,https://terms.naer.edu.tw/
1509,preparatory school,預備學校,https://terms.naer.edu.tw/
1510,preprofessional education,專業預備教育,https://terms.naer.edu.tw/
1511,prepubescence,前青春期,https://terms.naer.edu.tw/
1512,preschool child,學前兒童,https://terms.naer.edu.tw/
1513,preschool education,學前教育,https://terms.naer.edu.tw/
1514,preschool special education facilities,學前特殊教育設施,https://terms.naer.edu.tw/
1515,prescribed course,指定科目,https://terms.naer.edu.tw/
1516,presentative instruction,發表教學,https://terms.naer.edu.tw/
1517,preservice teacher education,職前教育,https://terms.naer.edu.tw/
1518,President Educational Award,總統教育獎,https://terms.naer.edu.tw/
1519,prevention guideline or preventional guideline,防治準則,https://terms.naer.edu.tw/
1520,primary education,小學教育；初等教育,https://terms.naer.edu.tw/
1521,primary learning,主學習,https://terms.naer.edu.tw/
1522,primary school,小學 ,https://terms.naer.edu.tw/
1523,primary subject,小學學科,https://terms.naer.edu.tw/
1524,primer,初級讀本,https://terms.naer.edu.tw/
1525,primitive education,初民教育,https://terms.naer.edu.tw/
1526,principal; president,校長,https://terms.naer.edu.tw/
1527,principle,原理；原則,https://terms.naer.edu.tw/
1528,Principle of belonging,相屬原則,https://terms.naer.edu.tw/
1529,prison school,監獄學校,https://terms.naer.edu.tw/
1530,private instructor; private teacher,家庭教師,https://terms.naer.edu.tw/
1531,private school,私立學校,https://terms.naer.edu.tw/
1532,probation,試用,https://terms.naer.edu.tw/
1533,probationary certificate,試用證明,https://terms.naer.edu.tw/
1534,Probationary teacher,試用教師,https://terms.naer.edu.tw/
1535,probationary year,試用年,https://terms.naer.edu.tw/
1536,probationer,實習生；實習牧師,https://terms.naer.edu.tw/
1537,problem box,難題箱,https://terms.naer.edu.tw/
1538,problem child,問題兒童,https://terms.naer.edu.tw/
1539,problem method,問題法,https://terms.naer.edu.tw/
1540,proctor,學監,https://terms.naer.edu.tw/
1541,product moment correlation,積差相關,https://terms.naer.edu.tw/
1542,productive education,生產教育,https://terms.naer.edu.tw/
1543,profession of teaching,教學專業,https://terms.naer.edu.tw/
1544,professional academic association,學術專業團體,https://terms.naer.edu.tw/
1545,professional autonomy,專業自主權,https://terms.naer.edu.tw/
1546,professional curriculum,專業課程,https://terms.naer.edu.tw/
1547,professional education,專業教育,https://terms.naer.edu.tw/
1548,professional ethics,專業道德；專業倫理[學],https://terms.naer.edu.tw/
1549,professional examination,專業考試,https://terms.naer.edu.tw/
1550,professional interpreter,翻譯專業人才,https://terms.naer.edu.tw/
1551,professional school,專業學校,https://terms.naer.edu.tw/
1552,professional training,專業訓練,https://terms.naer.edu.tw/
1553,professionals of social education institutes,社會教育機構專業人員,https://terms.naer.edu.tw/
1554,professor,教授,https://terms.naer.edu.tw/
1555,professorial chair,講座教授,https://terms.naer.edu.tw/
1556,program for children with foreign parent,外籍配偶子女教育,https://terms.naer.edu.tw/
1557,"Program of Integrative System for Instruction, Discipline and Guidance",教訓輔三合一方案{教學、訓導、輔導三合一整合實驗方案},https://terms.naer.edu.tw/
1558,program of international graduate student,國際研究生學程,https://terms.naer.edu.tw/
1559,program of studies; table of curriculum,課程表,https://terms.naer.edu.tw/
1560,progress test,進步測驗,https://terms.naer.edu.tw/
1561,progressive education,進步主義教育,https://terms.naer.edu.tw/
1562,project,計畫專案,https://terms.naer.edu.tw/
1563,project curriculum,方案課程,https://terms.naer.edu.tw/
1564,project method of teaching; project teaching method,設計教學法,https://terms.naer.edu.tw/
1565,project problem method,設計問題法,https://terms.naer.edu.tw/
1566,project supervision group,專案督導小組,https://terms.naer.edu.tw/
1567,promotion,升等,https://terms.naer.edu.tw/
1568,promotion examination,升等考試,https://terms.naer.edu.tw/
1569,Protestant school,新教學校,https://terms.naer.edu.tw/
1570,provided school,公立小學{英，校舍屬地方政府所有者},https://terms.naer.edu.tw/
1571,provincial university,地方大學{英},https://terms.naer.edu.tw/
1572,provost,教務長{美大學}；院長{英大學},https://terms.naer.edu.tw/
1573,Psychiatry,精神病學,https://terms.naer.edu.tw/
1574,psycho diagnosis,心理診斷,https://terms.naer.edu.tw/
1575,psychoanalysis,精神分析,https://terms.naer.edu.tw/
1576,psychodiaguastics,心理診斷術,https://terms.naer.edu.tw/
1577,psychological order,心理次序,https://terms.naer.edu.tw/
1578,Psychology,心理學,https://terms.naer.edu.tw/
1579,Psychology of adolescence; Psychology of youth,青年心理學,https://terms.naer.edu.tw/
1580,Psychology of learning,學習心理學,https://terms.naer.edu.tw/
1581,Psychology of school subjects,學科心理學,https://terms.naer.edu.tw/
1582,psychoneurosis,精神官能症,https://terms.naer.edu.tw/
1583,Psychopathology,精神病理學,https://terms.naer.edu.tw/
1584,psychotherapy,精神治療,https://terms.naer.edu.tw/
1585,public library,公共圖書館,https://terms.naer.edu.tw/
1586,public playground,公共遊樂(戲)場,https://terms.naer.edu.tw/
1587,public school,公學{英},https://terms.naer.edu.tw/
1588,public security education,保防教育,https://terms.naer.edu.tw/
1589,public-service education,公益服務教育,https://terms.naer.edu.tw/
1590,pupil self-government,學生自治,https://terms.naer.edu.tw/
1591,pupil teacher,小學實習教師,https://terms.naer.edu.tw/
1592,pupil; student,學生,https://terms.naer.edu.tw/
1593,pupil-teacher system,導生制{小老師},https://terms.naer.edu.tw/
1594,pure science,純粹科學,https://terms.naer.edu.tw/
1595,Purposive psychology,目的心理學,https://terms.naer.edu.tw/
1596,puzzle,謎,https://terms.naer.edu.tw/
1597,puzzle box,迷箱,https://terms.naer.edu.tw/
1598,quadrivium,四目{音樂、算數、幾何、天文},https://terms.naer.edu.tw/
1599,qualification of teacher,教師資格,https://terms.naer.edu.tw/
1600,quality test,品質測驗,https://terms.naer.edu.tw/
1601,quarter,學季,https://terms.naer.edu.tw/
1602,quarter system,學季制,https://terms.naer.edu.tw/
1603,quartile deviation,四分位差,https://terms.naer.edu.tw/
1604,question and answer method,問答法,https://terms.naer.edu.tw/
1605,questionnaire,問卷；問題徵答,https://terms.naer.edu.tw/
1606,questionnaire method,問卷法,https://terms.naer.edu.tw/
1607,quit of schooling,失學離校,https://terms.naer.edu.tw/
1608,quiz,測驗；隨堂小考,https://terms.naer.edu.tw/
1609,race difference,種族差異,https://terms.naer.edu.tw/
1610,raised type for the blind,盲人用凸體文字,https://terms.naer.edu.tw/
1611,random group ,隨機組,https://terms.naer.edu.tw/
1612,random movement,隨機運動,https://terms.naer.edu.tw/
1613,random sampling,隨機取樣,https://terms.naer.edu.tw/
1614,range,全距,https://terms.naer.edu.tw/
1615,rank correlation,等級相關,https://terms.naer.edu.tw/
1616,rating,評定等第,https://terms.naer.edu.tw/
1617,rating method,分等法,https://terms.naer.edu.tw/
1618,rating scale,分等量表,https://terms.naer.edu.tw/
1619,rational education,理性教育,https://terms.naer.edu.tw/
1620,rationalism,理性論；理性主義,https://terms.naer.edu.tw/
1621,rationalization,合理化[作用],https://terms.naer.edu.tw/
1622,reaction [= response],反應,https://terms.naer.edu.tw/
1623,reaction hypothesis,反應假說,https://terms.naer.edu.tw/
1624,reaction method,反應法,https://terms.naer.edu.tw/
1625,reaction time ,反應時間,https://terms.naer.edu.tw/
1626,reading circle,讀書會,https://terms.naer.edu.tw/
1627,reading list,閱讀書單,https://terms.naer.edu.tw/
1628,reading method,閱讀法,https://terms.naer.edu.tw/
1629,reading room,閱覽室,https://terms.naer.edu.tw/
1630,reading school,誦讀學校；閱讀學校{中世紀以來的基礎識字教育},https://terms.naer.edu.tw/
1631,real school,實科學校{德},https://terms.naer.edu.tw/
1632,realism,唯實論；實在論,https://terms.naer.edu.tw/
1633,realistic education,唯實主義教育,https://terms.naer.edu.tw/
1634,reason,理性；理由,https://terms.naer.edu.tw/
1635,recall method,回憶法,https://terms.naer.edu.tw/
1636,recall type examination,回憶式考試,https://terms.naer.edu.tw/
1637,recall; recollection,回憶,https://terms.naer.edu.tw/
1638,recapitulation,重述要旨；簡述大意,https://terms.naer.edu.tw/
1639,recess,休會；休息,https://terms.naer.edu.tw/
1640,recital ,背誦；獨奏,https://terms.naer.edu.tw/
1641,recitation,背誦；復述,https://terms.naer.edu.tw/
1642,recognition,採認,https://terms.naer.edu.tw/
1643,recognition test,再認測驗,https://terms.naer.edu.tw/
1644,recreation period,娛樂時間,https://terms.naer.edu.tw/
1645,recreation reading,消遣閱讀,https://terms.naer.edu.tw/
1646,recruitment,聘任,https://terms.naer.edu.tw/
1647,rector,校長；院長,https://terms.naer.edu.tw/
1648,rector of academy,大學區總長{法},https://terms.naer.edu.tw/
1649,re-dropout rate,再輟率,https://terms.naer.edu.tw/
1650,re-education,再教育,https://terms.naer.edu.tw/
1651,reentry,復學,https://terms.naer.edu.tw/
1652,reentry rate,復學率,https://terms.naer.edu.tw/
1653,re-evaluation,複評,https://terms.naer.edu.tw/
1654,reference book,參考書,https://terms.naer.edu.tw/
1655,reference list,參考名冊,https://terms.naer.edu.tw/
1656,reference point,參照點,https://terms.naer.edu.tw/
1657,reference writings,參考著作,https://terms.naer.edu.tw/
1658,reflection,反省；反思,https://terms.naer.edu.tw/
1659,reflective behavior,反省[後]行為,https://terms.naer.edu.tw/
1660,reflective thought,反省思考,https://terms.naer.edu.tw/
1661,reflex,反射,https://terms.naer.edu.tw/
1662,reflex action,反射動作,https://terms.naer.edu.tw/
1663,reflex arc,反射弧,https://terms.naer.edu.tw/
1664,reform education; reformatory education,感化教育,https://terms.naer.edu.tw/
1665,reform school,感化學校,https://terms.naer.edu.tw/
1666,reformatory,感化院,https://terms.naer.edu.tw/
1667,regional education development found,地方教育發展基金,https://terms.naer.edu.tw/
1668,register,註冊簿；登錄；註冊,https://terms.naer.edu.tw/
1669,registrar,註冊員,https://terms.naer.edu.tw/
1670,reliability,信度,https://terms.naer.edu.tw/
1671,religious education,宗教教育,https://terms.naer.edu.tw/
1672,remedial arithmetic,輔導算術,https://terms.naer.edu.tw/
1673,remote or special needs area,偏遠或特殊地區,https://terms.naer.edu.tw/
1674,report,通報,https://terms.naer.edu.tw/
1675,report card,成績報告卡{美},https://terms.naer.edu.tw/
1676,representative writings,代表著作,https://terms.naer.edu.tw/
1677,Republic of Creativity {= ROC},創造力國度,https://terms.naer.edu.tw/
1678,required reading,指定讀物,https://terms.naer.edu.tw/
1679,required subject,必修學科,https://terms.naer.edu.tw/
1680,research assistant,研究助理,https://terms.naer.edu.tw/
1681,research institution,研究機構,https://terms.naer.edu.tw/
1682,research scholar,研究學者,https://terms.naer.edu.tw/
1683,research work,研究工作,https://terms.naer.edu.tw/
1684,researcher,研究人員,https://terms.naer.edu.tw/
1685,resident student ,住校生,https://terms.naer.edu.tw/
1686,resource center ,資源中心,https://terms.naer.edu.tw/
1687,resource class,資源班,https://terms.naer.edu.tw/
1688,resource classroom,資源教室,https://terms.naer.edu.tw/
1689,resources classroom for aboriginal education,原住民民族教育資源教室,https://terms.naer.edu.tw/
1690,retainment of student status ,保留入學資格,https://terms.naer.edu.tw/
1691,retardation,遲緩,https://terms.naer.edu.tw/
1692,retarded child; slow child,遲緩兒童,https://terms.naer.edu.tw/
1693,retirement system,退休制度,https://terms.naer.edu.tw/
1694,review list,審查意見表,https://terms.naer.edu.tw/
1695,review of academic work,著作審查,https://terms.naer.edu.tw/
1696,rhetorical school,修辭學校,https://terms.naer.edu.tw/
1697,right for parents' involvement in schools,家長參與學校事務權利,https://terms.naer.edu.tw/
1698,right to education,受教權,https://terms.naer.edu.tw/
1699,right-wrong method; true-false method; yes-no method,是非法,https://terms.naer.edu.tw/
1700,roll call,點名,https://terms.naer.edu.tw/
1701,room schedule,教室課表,https://terms.naer.edu.tw/
1702,rote learning,機械學習,https://terms.naer.edu.tw/
1703,rote memory,機械記憶,https://terms.naer.edu.tw/
1704,rote teaching,機械教學,https://terms.naer.edu.tw/
1705,rough reading; skimming reading,略讀,https://terms.naer.edu.tw/
1706,rule of direct action,直接動作律,https://terms.naer.edu.tw/
1707,rule of distribution of practice,練習分配律,https://terms.naer.edu.tw/
1708,rule of repetition,反覆律,https://terms.naer.edu.tw/
1709,rural education,農村教育,https://terms.naer.edu.tw/
1710,rural school,農村學校；鄉村學校,https://terms.naer.edu.tw/
1711,sabbatical leave,教授休假,https://terms.naer.edu.tw/
1712,sabbatical leave,休假研究,https://terms.naer.edu.tw/
1713,safety education,安全教育,https://terms.naer.edu.tw/
1714,safety rules,安全守則,https://terms.naer.edu.tw/
1715,salary schedule; salary scale,工資制；薪級表,https://terms.naer.edu.tw/
1716,sample method; sampling method,取樣法,https://terms.naer.edu.tw/
1717,sanatorium school,療養學校,https://terms.naer.edu.tw/
1718,sandwich course,三明治課程,https://terms.naer.edu.tw/
1719,sanguine temperament,多血質,https://terms.naer.edu.tw/
1720,Santa Barbara Plan,聖巴巴拉制,https://terms.naer.edu.tw/
1721,scale book,量表簿,https://terms.naer.edu.tw/
1722,scale of positions,職務等級表,https://terms.naer.edu.tw/
1723,scale score,量尺分數,https://terms.naer.edu.tw/
1724,scholar,學者；學生{英},https://terms.naer.edu.tw/
1725,scholarship,獎學金,https://terms.naer.edu.tw/
1726,scholarship and grants,獎助學金,https://terms.naer.edu.tw/
1727,Scholastic,經院學者；士林哲學家,https://terms.naer.edu.tw/
1728,scholastic aptitude,學術性向,https://terms.naer.edu.tw/
1729,scholastic honor,學術榮譽,https://terms.naer.edu.tw/
1730,Scholasticism,經院主義；士林哲學,https://terms.naer.edu.tw/
1731,school,學校；學派,https://terms.naer.edu.tw/
1732,school administration,學校行政,https://terms.naer.edu.tw/
1733,school administrator,學校行政人員,https://terms.naer.edu.tw/
1734,school age,學齡,https://terms.naer.edu.tw/
1735,school attendance,就學,https://terms.naer.edu.tw/
1736,school attendance committee,督促就學委員會,https://terms.naer.edu.tw/
1737,school attendance officer,督促就學員,https://terms.naer.edu.tw/
1738,school board,學校董事會,https://terms.naer.edu.tw/
1739,school bond,學校公債,https://terms.naer.edu.tw/
1740,school book; text-book; textbook,教科書,https://terms.naer.edu.tw/
1741,school budget,學校預算,https://terms.naer.edu.tw/
1742,school building; school plant,學校建築,https://terms.naer.edu.tw/
1743,school bulletin,學校公告欄,https://terms.naer.edu.tw/
1744,school calendar,校曆,https://terms.naer.edu.tw/
1745,school census,學校普查,https://terms.naer.edu.tw/
1746,school ceremony,學校儀式；學校典禮,https://terms.naer.edu.tw/
1747,school certificate,學校證書；學校證照,https://terms.naer.edu.tw/
1748,school chart,學校圖表,https://terms.naer.edu.tw/
1749,school clinics,學校診療所；學校門診部,https://terms.naer.edu.tw/
1750,school community,學校社區,https://terms.naer.edu.tw/
1751,school constitution,學則,https://terms.naer.edu.tw/
1752,school control; school government; school management,學校管理,https://terms.naer.edu.tw/
1753,school court,學校法庭,https://terms.naer.edu.tw/
1754,school development fund,校務發展基金,https://terms.naer.edu.tw/
1755,school discipline,學校紀律,https://terms.naer.edu.tw/
1756,school discipline,訓導[工作],https://terms.naer.edu.tw/
1757,school discipline and guidance,訓輔工作,https://terms.naer.edu.tw/
1758,school education,學校教育,https://terms.naer.edu.tw/
1759,school equipment,學校設備,https://terms.naer.edu.tw/
1760,school equipment,校園設備；學校設備,https://terms.naer.edu.tw/
1761,school establishment,學校設施,https://terms.naer.edu.tw/
1762,school ethos,校風,https://terms.naer.edu.tw/
1763,school evaluation,校務評鑑,https://terms.naer.edu.tw/
1764,school examination,學校考試,https://terms.naer.edu.tw/
1765,school exhibition,學校展覽會,https://terms.naer.edu.tw/
1766,school expenditure,學校經費,https://terms.naer.edu.tw/
1767,school extension,學校推廣教育,https://terms.naer.edu.tw/
1768,school facility remodel; school facility refurbishment {英},校園設施整建,https://terms.naer.edu.tw/
1769,school fair,學校園遊會；學校博覽會,https://terms.naer.edu.tw/
1770,school fee; tuition; tuition fee,學費,https://terms.naer.edu.tw/
1771,school feeding; school lunch; school meal,學校供膳；學校午餐,https://terms.naer.edu.tw/
1772,school festival,學校節慶,https://terms.naer.edu.tw/
1773,school finance,學校財政,https://terms.naer.edu.tw/
1774,school fund,學校基金,https://terms.naer.edu.tw/
1775,school furniture,學校用具,https://terms.naer.edu.tw/
1776,school garden,學校花園；學校園圃,https://terms.naer.edu.tw/
1777,school ground [= school land; school sites],校地；校址,https://terms.naer.edu.tw/
1778,school guidance work,學校輔導工作,https://terms.naer.edu.tw/
1779,school house,校舍,https://terms.naer.edu.tw/
1780,school hygiene; school sanitation,學校衛生,https://terms.naer.edu.tw/
1781,school inspection,學校視察,https://terms.naer.edu.tw/
1782,school law,學校法,https://terms.naer.edu.tw/
1783,school library,學校圖書館,https://terms.naer.edu.tw/
1784,school lunch,學校午餐,https://terms.naer.edu.tw/
1785,school manager,學校管理者,https://terms.naer.edu.tw/
1786,school manual ,學校手冊,https://terms.naer.edu.tw/
1787,school museum,學校博物館,https://terms.naer.edu.tw/
1788,school net,學校網,https://terms.naer.edu.tw/
1789,school noncompletion,肄業,https://terms.naer.edu.tw/
1790,school nurses,校護,https://terms.naer.edu.tw/
1791,school of life and health sciences ,生命科學院,https://terms.naer.edu.tw/
1792,school of overseas Chinese,華僑學校,https://terms.naer.edu.tw/
1793,school of practical arts,應用藝術學校,https://terms.naer.edu.tw/
1794,school organization,學校組織,https://terms.naer.edu.tw/
1795,school population,學校人口,https://terms.naer.edu.tw/
1796,school recommendation,學校推薦,https://terms.naer.edu.tw/
1797,school regulation,學則,https://terms.naer.edu.tw/
1798,school report,學務報告,https://terms.naer.edu.tw/
1799,school rule,校規,https://terms.naer.edu.tw/
1800,school society,學校教職員組織,https://terms.naer.edu.tw/
1801,school space,校地,https://terms.naer.edu.tw/
1802,school spirit,校風；學校精神,https://terms.naer.edu.tw/
1803,school staff,教職員,https://terms.naer.edu.tw/
1804,school statistics,學校統計,https://terms.naer.edu.tw/
1805,school subject,學校科目,https://terms.naer.edu.tw/
1806,school supplies,學校用品,https://terms.naer.edu.tw/
1807,school survey,學校調查,https://terms.naer.edu.tw/
1808,school synod,校務會議,https://terms.naer.edu.tw/
1809,school system,學制,https://terms.naer.edu.tw/
1810,school system of different countries,各國學制,https://terms.naer.edu.tw/
1811,school tax,教育稅,https://terms.naer.edu.tw/
1812,school term; term,學期,https://terms.naer.edu.tw/
1813,school work guidance; basic school work guidance,基本課業輔導 ,https://terms.naer.edu.tw/
1814,school-based curriculum development,學校本位課程發展,https://terms.naer.edu.tw/
1815,school-environmental facilities,校園環境設施,https://terms.naer.edu.tw/
1816,schoolmate,學友；同學,https://terms.naer.edu.tw/
1817,school-related factor,學校因素,https://terms.naer.edu.tw/
1818,schools of aboriginal areas,原住民地區學校,https://terms.naer.edu.tw/
1819,Science and Technology,自然與生活科技,https://terms.naer.edu.tw/
1820,science education,科學教育,https://terms.naer.edu.tw/
1821,science of education,教育科學,https://terms.naer.edu.tw/
1822,scientific education,科學教育,https://terms.naer.edu.tw/
1823,scientific institute,科學研究所,https://terms.naer.edu.tw/
1824,score card,記分卡片,https://terms.naer.edu.tw/
1825,score scale,記分量表,https://terms.naer.edu.tw/
1826,scout education,童軍教育,https://terms.naer.edu.tw/
1827,screening and review,甄審,https://terms.naer.edu.tw/
1828,screening and selection,甄選,https://terms.naer.edu.tw/
1829,screening test,甄試,https://terms.naer.edu.tw/
1830,second certificate examination,中學第二試{英},https://terms.naer.edu.tw/
1831,second foreign language,第二外語,https://terms.naer.edu.tw/
1832,second review,複審,https://terms.naer.edu.tw/
1833,second stage certification,複檢,https://terms.naer.edu.tw/
1834,secondary education,中等教育,https://terms.naer.edu.tw/
1835,secondary school,中等學校,https://terms.naer.edu.tw/
1836,secretarial education,秘書教育,https://terms.naer.edu.tw/
1837,secretary of education,教育部長{美},https://terms.naer.edu.tw/
1838,secular education,非宗教教育,https://terms.naer.edu.tw/
1839,secure campus space,安全校園空間,https://terms.naer.edu.tw/
1840,segregation,隔離,https://terms.naer.edu.tw/
1841,Segregation by ability,能力分組,https://terms.naer.edu.tw/
1842,selected group,選擇組,https://terms.naer.edu.tw/
1843,selection,遴選,https://terms.naer.edu.tw/
1844,selection of subject matter,教材選擇,https://terms.naer.edu.tw/
1845,self study,自學進修,https://terms.naer.edu.tw/
1846,self-culture,自修,https://terms.naer.edu.tw/
1847,self-direction,自我向導,https://terms.naer.edu.tw/
1848,self-discipline,自律,https://terms.naer.edu.tw/
1849,self-evaluation ,自我評鑑,https://terms.naer.edu.tw/
1850,self-expression,自我表現,https://terms.naer.edu.tw/
1851,self-government,自治,https://terms.naer.edu.tw/
1852,self-help fundraising ,自籌經費,https://terms.naer.edu.tw/
1853,self-rating,自我評定,https://terms.naer.edu.tw/
1854,self-realization,自我實現,https://terms.naer.edu.tw/
1855,self-study,自習,https://terms.naer.edu.tw/
1856,semester,學期,https://terms.naer.edu.tw/
1857,semester plan,學期制,https://terms.naer.edu.tw/
1858,seminar,研究班；專題討論會,https://terms.naer.edu.tw/
1859,seminar,研討會{小型},https://terms.naer.edu.tw/
1860,seminar course,研究學程；研究科目；專題研究科目,https://terms.naer.edu.tw/
1861,senate; university council,評議會{大學},https://terms.naer.edu.tw/
1862,senior,四年級生{美},https://terms.naer.edu.tw/
1863,senior class,四年級 ,https://terms.naer.edu.tw/
1864,senior college,高級學院{美},https://terms.naer.edu.tw/
1865,senior high school； high school,高級中學{高中},https://terms.naer.edu.tw/
1866,sensation,感覺,https://terms.naer.edu.tw/
1867,Sensationalism; Sensualism,感覺論,https://terms.naer.edu.tw/
1868,sense culture,感官陶冶,https://terms.naer.edu.tw/
1869,sense education,感官教育,https://terms.naer.edu.tw/
1870,sense realism,感官唯實論,https://terms.naer.edu.tw/
1871,sense training,感官訓練,https://terms.naer.edu.tw/
1872,sentence method,整句教學法,https://terms.naer.edu.tw/
1873,sentiment,情操,https://terms.naer.edu.tw/
1874,session credit,學年學分,https://terms.naer.edu.tw/
1875,Seven liberal arts,七藝{文法、邏輯、修辭、音樂、算數、幾何、天文},https://terms.naer.edu.tw/
1876,severe emotional disturbance,嚴重情緒障礙,https://terms.naer.edu.tw/
1877,sex education,性教育,https://terms.naer.edu.tw/
1878,sex instinct; sexual instinct,性本能,https://terms.naer.edu.tw/
1879,sexual abuse,性侵害,https://terms.naer.edu.tw/
1880,sexual difference,性別差異,https://terms.naer.edu.tw/
1881,sexual harassment,性騷擾,https://terms.naer.edu.tw/
1882,sexual offenders,性侵犯,https://terms.naer.edu.tw/
1883,sexual violence,性暴力,https://terms.naer.edu.tw/
1884,share of educational expenditure among governments,各級政府教育經費應分擔數額,https://terms.naer.edu.tw/
1885,short course; short term course,短期課程,https://terms.naer.edu.tw/
1886,sign language,手語法,https://terms.naer.edu.tw/
1887,silent reading,默讀,https://terms.naer.edu.tw/
1888,simplified spelling,簡字,https://terms.naer.edu.tw/
1889,simultaneous learning,同時學習,https://terms.naer.edu.tw/
1890,simultaneous method,同時教學法,https://terms.naer.edu.tw/
1891,single school system; single track system; unitary school system,單軌制,https://terms.naer.edu.tw/
1892,sister school,姐妹校,https://terms.naer.edu.tw/
1893,six-three-three plan,六三三制{美},https://terms.naer.edu.tw/
1894,six-year high school,完全中學,https://terms.naer.edu.tw/
1895,skewness,偏態,https://terms.naer.edu.tw/
1896,skipping reading,跳讀,https://terms.naer.edu.tw/
1897,social adjustment,社會適應,https://terms.naer.edu.tw/
1898,social education,社會教育,https://terms.naer.edu.tw/
1899,social guidance,社會導引,https://terms.naer.edu.tw/
1900,social heredity,社會遺傳,https://terms.naer.edu.tw/
1901,social instinct,社交本能,https://terms.naer.edu.tw/
1902,Social pedagogy,社會教育學,https://terms.naer.edu.tw/
1903,Social psychology,社會心理學,https://terms.naer.edu.tw/
1904,social science,社會科學,https://terms.naer.edu.tw/
1905,social service training,社會服務訓練,https://terms.naer.edu.tw/
1906,Social Studies,社會領域,https://terms.naer.edu.tw/
1907,Socialism,社會主義,https://terms.naer.edu.tw/
1908,socialistic education,社會主義教育,https://terms.naer.edu.tw/
1909,socialization,社會化,https://terms.naer.edu.tw/
1910,Socialized teaching,社會化教學,https://terms.naer.edu.tw/
1911,society-related factor,社會因素,https://terms.naer.edu.tw/
1912,Sociology,社會學 ,https://terms.naer.edu.tw/
1913,soft education,柔性教育,https://terms.naer.edu.tw/
1914,sophomore,二年級生{美},https://terms.naer.edu.tw/
1915,sophomore class,二年級 ,https://terms.naer.edu.tw/
1916,sorority,姊妹會{美國大學女生社團},https://terms.naer.edu.tw/
1917,speaking-instruction,說話教學,https://terms.naer.edu.tw/
1918,special ability,特殊能力,https://terms.naer.edu.tw/
1919,special classroom,特殊教室,https://terms.naer.edu.tw/
1920,special didactics,特殊教學法,https://terms.naer.edu.tw/
1921,special education,特殊教育,https://terms.naer.edu.tw/
1922,Special Education Consultative Committee,特殊教育諮詢委員會,https://terms.naer.edu.tw/
1923,special education kindergarten,特殊幼稚園,https://terms.naer.edu.tw/
1924,special education resource center,特殊教育資源中心,https://terms.naer.edu.tw/
1925,special school,特殊學校,https://terms.naer.edu.tw/
1926,special student,特殊學生,https://terms.naer.edu.tw/
1927,special talent,特殊才能,https://terms.naer.edu.tw/
1928,specific educational subsidy,特定教育補助,https://terms.naer.edu.tw/
1929,specifications of desks and chairs,課桌椅規格,https://terms.naer.edu.tw/
1930,speech-correction class,語言矯正班,https://terms.naer.edu.tw/
1931,speed test,速度測驗,https://terms.naer.edu.tw/
1932,spiral method,螺旋法,https://terms.naer.edu.tw/
1933,spontaneous attention ,自發注意,https://terms.naer.edu.tw/
1934,sportsmanship,運動員風度；運動家精神,https://terms.naer.edu.tw/
1935,staff,職員,https://terms.naer.edu.tw/
1936,staff number,員額,https://terms.naer.edu.tw/
1937,standard deviation,標準差,https://terms.naer.edu.tw/
1938,standard error,標準誤,https://terms.naer.edu.tw/
1939,standardized test,標準化測驗,https://terms.naer.edu.tw/
1940,state board of education,州教育委員會{美},https://terms.naer.edu.tw/
1941,state department of education,州教育廳{美},https://terms.naer.edu.tw/
1942,state examination system,州考試制度,https://terms.naer.edu.tw/
1943,state financed student,教育部公費生,https://terms.naer.edu.tw/
1944,statistical method,統計法,https://terms.naer.edu.tw/
1945,Statistics,統計學,https://terms.naer.edu.tw/
1946,stimulus,刺激,https://terms.naer.edu.tw/
1947,stimulus-response formula,刺激反應公式,https://terms.naer.edu.tw/
1948,streams of consciousness,意識流,https://terms.naer.edu.tw/
1949,Structural psychology,結構心理學,https://terms.naer.edu.tw/
1950,student affairs,學務工作,https://terms.naer.edu.tw/
1951,student aid,助學金；學生補助,https://terms.naer.edu.tw/
1952,student council,學生會；學生聯會,https://terms.naer.edu.tw/
1953,student government,學生自治會,https://terms.naer.edu.tw/
1954,student grievances,學生申訴,https://terms.naer.edu.tw/
1955,student guidance work,學生輔導工作,https://terms.naer.edu.tw/
1956,student handbook,學生手冊,https://terms.naer.edu.tw/
1957,student loan,就學貸款,https://terms.naer.edu.tw/
1958,student loan fund,學生貸款基金,https://terms.naer.edu.tw/
1959,student recruitment committee,招生委員會,https://terms.naer.edu.tw/
1960,student self-government group,學生自治團體,https://terms.naer.edu.tw/
1961,student's card,學生紀錄卡,https://terms.naer.edu.tw/
1962,students' organization,學生社團,https://terms.naer.edu.tw/
1963,students' right of education,學生受教權,https://terms.naer.edu.tw/
1964,students' right of learning ,學生學習權,https://terms.naer.edu.tw/
1965,students under poverty line,清寒學生,https://terms.naer.edu.tw/
1966,student-teacher; trainee teacher,教生{英國17世紀中葉用法}；實習教師{英國現行用法},https://terms.naer.edu.tw/
1967,study,修業,https://terms.naer.edu.tw/
1968,study period,修業期限,https://terms.naer.edu.tw/
1969,subconsciousness,下意識,https://terms.naer.edu.tw/
1970,subject,科目；學科,https://terms.naer.edu.tw/
1971,subject competence test,學科能力測驗,https://terms.naer.edu.tw/
1972,subject supervision,分科視導,https://terms.naer.edu.tw/
1973,subject test,學科測驗,https://terms.naer.edu.tw/
1974,subsidy deduction,扣減獎補助款,https://terms.naer.edu.tw/
1975,subsidy for festival,慶典補助,https://terms.naer.edu.tw/
1976,subsidy for school rehabilitation due to natural disaster,校園因天然災害受損復建補助事項,https://terms.naer.edu.tw/
1977,substitute teacher,代課教師,https://terms.naer.edu.tw/
1978,suggestibility,暗示感受性,https://terms.naer.edu.tw/
1979,suggestion,暗示 ,https://terms.naer.edu.tw/
1980,suggestive questioning,暗示詰問,https://terms.naer.edu.tw/
1981,summer camp,夏令營,https://terms.naer.edu.tw/
1982,summer school,暑期學校,https://terms.naer.edu.tw/
1983,summer vacation,暑假,https://terms.naer.edu.tw/
1984,Sunday school,星期學校,https://terms.naer.edu.tw/
1985,superintendent,教育局長{美},https://terms.naer.edu.tw/
1986,supervised study,輔導學習法,https://terms.naer.edu.tw/
1987,supervising principal,有輔導職責之校長{美},https://terms.naer.edu.tw/
1988,supervision,視導,https://terms.naer.edu.tw/
1989,supervision and assessment,督導考核,https://terms.naer.edu.tw/
1990,supervisor,督導員,https://terms.naer.edu.tw/
1991,supplementary book; supplementary reading,補充讀物,https://terms.naer.edu.tw/
1992,supplementary course,補習課程；輔助課程,https://terms.naer.edu.tw/
1993,supplementary education,補習教育,https://terms.naer.edu.tw/
1994,survey method,調查法,https://terms.naer.edu.tw/
1995,suspension,停學,https://terms.naer.edu.tw/
1996,suspension of schooling ,休學,https://terms.naer.edu.tw/
1997,symbolism,象徵主義,https://terms.naer.edu.tw/
1998,sympathy,同情,https://terms.naer.edu.tw/
1999,synapse,神經鍵,https://terms.naer.edu.tw/
2000,synthetic instruction,綜合教學,https://terms.naer.edu.tw/
2001,Systematic pedagogy,系統教育學,https://terms.naer.edu.tw/
2002,taking courses,修讀,https://terms.naer.edu.tw/
2003,taking summer courses,暑期修課,https://terms.naer.edu.tw/
2004,task-force,工作小組,https://terms.naer.edu.tw/
2005,teacher,教師,https://terms.naer.edu.tw/
2006,teacher certificate,教師證書,https://terms.naer.edu.tw/
2007,teacher education,師資培育,https://terms.naer.edu.tw/
2008,Teacher Education Law,師資培育法,https://terms.naer.edu.tw/
2009,teacher education program,教育學程,https://terms.naer.edu.tw/
2010,teacher evaluation committee,教師評審委員會,https://terms.naer.edu.tw/
2011,teacher grievances,教師申訴,https://terms.naer.edu.tw/
2012,teacher qualification resume,教師資格審查履歷表,https://terms.naer.edu.tw/
2013,teacher rating scale,教師評等制,https://terms.naer.edu.tw/
2014,teacher tenure,教師任期,https://terms.naer.edu.tw/
2015,teacher transfer among schools,介聘,https://terms.naer.edu.tw/
2016,teacher's agreement,教員聘約,https://terms.naer.edu.tw/
2017,teachers association,教師會,https://terms.naer.edu.tw/
2018,teacher's certificate; teacher's license,教師證照,https://terms.naer.edu.tw/
2019,teachers college,師範學院{美},https://terms.naer.edu.tw/
2020,teacher's contract,教師聘約,https://terms.naer.edu.tw/
2021,teachers' examination,教師考試,https://terms.naer.edu.tw/
2022,teachers' guild,教師公會,https://terms.naer.edu.tw/
2023,teachers' institute,教師研習所{美},https://terms.naer.edu.tw/
2024,teacher's load,教員工作負擔,https://terms.naer.edu.tw/
2025,teacher's manual,教師手冊,https://terms.naer.edu.tw/
2026,teachers organization ,教師組織,https://terms.naer.edu.tw/
2027,teachers union,教師工會,https://terms.naer.edu.tw/
2028,teaching assistant,助教,https://terms.naer.edu.tw/
2029,teaching continuity document,任教未中斷證明,https://terms.naer.edu.tw/
2030,teaching efficiency,教學效能,https://terms.naer.edu.tw/
2031,teaching hours,授課時數,https://terms.naer.edu.tw/
2032,Team of Professionals Specializing in Education for the Disabled,身心障礙教育專業團隊,https://terms.naer.edu.tw/
2033,team teaching,協同教學,https://terms.naer.edu.tw/
2034,technical and vocational education,技職教育,https://terms.naer.edu.tw/
2035,technical and vocational education system,技職體系,https://terms.naer.edu.tw/
2036,technical college,科技學院；技術學院,https://terms.naer.edu.tw/
2037,technical report,技術報告,https://terms.naer.edu.tw/
2038,technician as assistant professor,助理教授級專業技術人員,https://terms.naer.edu.tw/
2039,technology research and development {= R&D},技術研發,https://terms.naer.edu.tw/
2040,teenager's guidance program,青少年輔導計畫 ,https://terms.naer.edu.tw/
2041,teleology,目的論,https://terms.naer.edu.tw/
2042,temperament,氣質,https://terms.naer.edu.tw/
2043,temporary leave without salary,留職停薪,https://terms.naer.edu.tw/
2044,temporary termination of contract,停聘,https://terms.naer.edu.tw/
2045,term employment period,聘期,https://terms.naer.edu.tw/
2046,term paper,學期論文,https://terms.naer.edu.tw/
2047,test,測驗,https://terms.naer.edu.tw/
2048,test of educational diploma ,學歷甄試,https://terms.naer.edu.tw/
2049,test of Mongolian and Tibetan language,蒙藏語甄試,https://terms.naer.edu.tw/
2050,test score,測驗分數,https://terms.naer.edu.tw/
2051,The Advisory Committee of Teacher Education,師資培育審議委員會,https://terms.naer.edu.tw/
2052,the affirmative action of entrance examination,升學考試優待,https://terms.naer.edu.tw/
2053,the bachelor program of extension education,進修學士班,https://terms.naer.edu.tw/
2054,The Basic Academic Competence Test,基本學力測驗,https://terms.naer.edu.tw/
2055,the disabled,身心障礙,https://terms.naer.edu.tw/
2056,the examination of government sponsorship for overseas study,公費留學考試{公費留考},https://terms.naer.edu.tw/
2057,the gifted,資賦優異,https://terms.naer.edu.tw/
2058,the internet teaching materials for lifelong learning,終身學習網路教材,https://terms.naer.edu.tw/
2059,the scholarship of government sponsorship for overseas study,公費留學獎學金,https://terms.naer.edu.tw/
2060,the separation of examination and enrollment system,考招分離,https://terms.naer.edu.tw/
2061,the standard of school equipment,設備標準,https://terms.naer.edu.tw/
2062,the teachers' association at the school level,學校教師會,https://terms.naer.edu.tw/
2063,the time of formal school system,正規學制時間,https://terms.naer.edu.tw/
2064,the work permit of overseas Chinese students,僑生校外工作證,https://terms.naer.edu.tw/
2065,theological education,神學教育,https://terms.naer.edu.tw/
2066,Theological seminary,神學校,https://terms.naer.edu.tw/
2067,theoretical pedagogy,理論教育學,https://terms.naer.edu.tw/
2068,thinking,思考,https://terms.naer.edu.tw/
2069,three formal lesson-steps; three formal steps,三段教學法,https://terms.naer.edu.tw/
2070,three R's,讀寫算,https://terms.naer.edu.tw/
2071,threshold of consciousness,意識閾限,https://terms.naer.edu.tw/
2072,thrift education,儉約教育,https://terms.naer.edu.tw/
2073,total ability,總能力,https://terms.naer.edu.tw/
2074,total amount control,總量管制,https://terms.naer.edu.tw/
2075,total amount of departments and graduate schools,系所總量,https://terms.naer.edu.tw/
2076,total floor area,樓地板面積,https://terms.naer.edu.tw/
2077,tour and part-time work program,渡假打工計劃,https://terms.naer.edu.tw/
2078,track and field athletics,田徑比賽,https://terms.naer.edu.tw/
2079,trade education,貿易教育,https://terms.naer.edu.tw/
2080,trade school,貿易學校,https://terms.naer.edu.tw/
2081,training college,訓練學院,https://terms.naer.edu.tw/
2082,training for citizenship,公民訓練,https://terms.naer.edu.tw/
2083,transcript,成績單,https://terms.naer.edu.tw/
2084,transfer ,轉學,https://terms.naer.edu.tw/
2085,transfer of learning,學習遷移,https://terms.naer.edu.tw/
2086,transfer of training,訓練遷移,https://terms.naer.edu.tw/
2087,transfer; transfer program,轉系,https://terms.naer.edu.tw/
2088,transition school; middle way school,中途學校{中介安置教育處所},https://terms.naer.edu.tw/
2089,travel for study,修學旅行,https://terms.naer.edu.tw/
2090,travel school,旅行學校,https://terms.naer.edu.tw/
2091,traveling educational exhibition,巡迴教育展覽會,https://terms.naer.edu.tw/
2092,traveling library,巡迴圖書館,https://terms.naer.edu.tw/
2093,traveling museum,巡迴博物館,https://terms.naer.edu.tw/
2094,traveling teacher,巡迴教師,https://terms.naer.edu.tw/
2095,tribal college,民族學院,https://terms.naer.edu.tw/
2096,tripos,畢業榮譽試{英},https://terms.naer.edu.tw/
2097,trivium,三科{文法、邏輯、修辭},https://terms.naer.edu.tw/
2098,truancy,逃學,https://terms.naer.edu.tw/
2099,truancy officer,勸學官員,https://terms.naer.edu.tw/
2100,truant school,中輟生學校,https://terms.naer.edu.tw/
2101,T-scale,T量表,https://terms.naer.edu.tw/
2102,T-score,T分數,https://terms.naer.edu.tw/
2103,tuition and fees,學雜費,https://terms.naer.edu.tw/
2104,twelve-year compulsory education,十二年國民義務教育,https://terms.naer.edu.tw/
2105,Tzi-Huei class; Tzi-Huei school,慈輝班{中介安置教育處所},https://terms.naer.edu.tw/
2106,uncertificated teacher,未檢定教師,https://terms.naer.edu.tw/
2107,unconsciousness,無意識；潛意識,https://terms.naer.edu.tw/
2108,undenominational school,非教派學校,https://terms.naer.edu.tw/
2109,underage child,低齡兒童,https://terms.naer.edu.tw/
2110,undergraduate,大學生,https://terms.naer.edu.tw/
2111,undergraduate college,頒發學士學位的學院,https://terms.naer.edu.tw/
2112,ungraded room,不分級教室,https://terms.naer.edu.tw/
2113,ungraded school,不分級學校,https://terms.naer.edu.tw/
2114,uniform,制服,https://terms.naer.edu.tw/
2115,unit of work; work unit,工作單元,https://terms.naer.edu.tw/
2116,university,大學,https://terms.naer.edu.tw/
2117,university assembly,校務會議,https://terms.naer.edu.tw/
2118,university autonomy,大學自治,https://terms.naer.edu.tw/
2119,university city,大學城,https://terms.naer.edu.tw/
2120,university college,大學學院{英},https://terms.naer.edu.tw/
2121,university degree,大學學位,https://terms.naer.edu.tw/
2122,university education,大學教育,https://terms.naer.edu.tw/
2123,university elementary school,大學附設小學,https://terms.naer.edu.tw/
2124,university evaluation ,大學評鑑,https://terms.naer.edu.tw/
2125,university extension,大學推廣教育,https://terms.naer.edu.tw/
2126,university extension course,大學推廣課程,https://terms.naer.edu.tw/
2127,university graduate,大學畢業生,https://terms.naer.edu.tw/
2128,university high school,大學附設中學,https://terms.naer.edu.tw/
2129,University Law,大學法,https://terms.naer.edu.tw/
2130,university of technology,技職校院；科技大學,https://terms.naer.edu.tw/
2131,university press,大學出版社,https://terms.naer.edu.tw/
2132,university summer school,大學暑期學校,https://terms.naer.edu.tw/
2133,university training department,大學訓練部門{英},https://terms.naer.edu.tw/
2134,unmarried pregnancy,未婚懷孕,https://terms.naer.edu.tw/
2135,upper secondary education,後期中等教育,https://terms.naer.edu.tw/
2136,vacation,假期,https://terms.naer.edu.tw/
2137,vacation school,假期學校,https://terms.naer.edu.tw/
2138,validity,效度,https://terms.naer.edu.tw/
2139,variability scale,變異量表,https://terms.naer.edu.tw/
2140,variation,離勢 ,https://terms.naer.edu.tw/
2141,verbalism,文字主義；字句主義,https://terms.naer.edu.tw/
2142,verification procedure,查證程序,https://terms.naer.edu.tw/
2143,verifying procedure,驗證程序,https://terms.naer.edu.tw/
2144,veterinary college,獸醫學院,https://terms.naer.edu.tw/
2145,vice chancellor,副校長{大學，英、美},https://terms.naer.edu.tw/
2146,vice president,副校長{大學},https://terms.naer.edu.tw/
2147,visiting,訪視,https://terms.naer.edu.tw/
2148,visiting scholar exchange program,訪問學者交換計劃,https://terms.naer.edu.tw/
2149,visiting teacher,訪問教師,https://terms.naer.edu.tw/
2150,visual impairment,視覺障礙,https://terms.naer.edu.tw/
2151,visual sensation,視覺,https://terms.naer.edu.tw/
2152,vocational and technological college and university,技專校院,https://terms.naer.edu.tw/
2153,vocational certificate,職業證照,https://terms.naer.edu.tw/
2154,vocational choice,職業選擇,https://terms.naer.edu.tw/
2155,vocational counselor,職業輔導員,https://terms.naer.edu.tw/
2156,vocational course,職業科,https://terms.naer.edu.tw/
2157,vocational culture,職業陶冶,https://terms.naer.edu.tw/
2158,vocational curriculum,職業課程,https://terms.naer.edu.tw/
2159,vocational education,職業教育,https://terms.naer.edu.tw/
2160,vocational guidance,職業指導 ,https://terms.naer.edu.tw/
2161,vocational high school,高級職業學校{高職},https://terms.naer.edu.tw/
2162,vocational license,職業證照,https://terms.naer.edu.tw/
2163,vocational school,職業學校,https://terms.naer.edu.tw/
2164,vocational subject,職業科目,https://terms.naer.edu.tw/
2165,Voluntarism,[唯]意志論,https://terms.naer.edu.tw/
2166,voluntaristic education,主意教育,https://terms.naer.edu.tw/
2167,voluntary attention,有意注意,https://terms.naer.edu.tw/
2168,voluntary guidance program; adoption-guidance program,認輔制度 ,https://terms.naer.edu.tw/
2169,voluntary withdrawal from school,自願性退學,https://terms.naer.edu.tw/
2170,war education,戰事教育,https://terms.naer.edu.tw/
2171,wartime education,戰時教育,https://terms.naer.edu.tw/
2172,web-based learning,網路學習,https://terms.naer.edu.tw/
2173,weight test,舉重測驗,https://terms.naer.edu.tw/
2174,White Paper,白皮書,https://terms.naer.edu.tw/
2175,White Paper of Creative Education,創造力教育白皮書,https://terms.naer.edu.tw/
2176,white paper on educational disaster prevention of education,防災教育白皮書,https://terms.naer.edu.tw/
2177,white paper on educational policy,教育政策白皮書,https://terms.naer.edu.tw/
2178,whole learning method,整體學習法,https://terms.naer.edu.tw/
2179,will,意志,https://terms.naer.edu.tw/
2180,Winnetka Plan; Winnetka system,文納特卡制{進步主義學校},https://terms.naer.edu.tw/
2181,winter school,冬季學校,https://terms.naer.edu.tw/
2182,winter vacation,寒假,https://terms.naer.edu.tw/
2183,withdrawal from school,退學,https://terms.naer.edu.tw/
2184,women education,婦女教育,https://terms.naer.edu.tw/
2185,women's college,女子學院,https://terms.naer.edu.tw/
2186,women's school,婦女學校,https://terms.naer.edu.tw/
2187,work certificate,就業證照,https://terms.naer.edu.tw/
2188,work effectiveness,執行成效,https://terms.naer.edu.tw/
2189,work efficiency,工作效率,https://terms.naer.edu.tw/
2190,work limit,工作限制,https://terms.naer.edu.tw/
2191,Work pedagogics,工作教育學,https://terms.naer.edu.tw/
2192,workers' education,工人教育,https://terms.naer.edu.tw/
2193,workers' university,勞工大學,https://terms.naer.edu.tw/
2194,workroom,工作室,https://terms.naer.edu.tw/
2195,workshop,工作坊；研習會,https://terms.naer.edu.tw/
2196,workstation of social education,社教工作站,https://terms.naer.edu.tw/
2197,writing school,寫作學校,https://terms.naer.edu.tw/
2198,youth movement,青年運動,https://terms.naer.edu.tw/
