序號,英文名稱,中文名稱,來源網站
1,Abbey School,大修道院學校,https://terms.naer.edu.tw/
2,ability,能力,https://terms.naer.edu.tw/
3,ability grouping,能力分班；能力分組,https://terms.naer.edu.tw/
4,ability test,能力測驗,https://terms.naer.edu.tw/
5,abnormal psychology,變態心理學,https://terms.naer.edu.tw/
6,aboriginal education,原住民民族教育,https://terms.naer.edu.tw/
7,aboriginal education class,原住民教育班,https://terms.naer.edu.tw/
8,Aboriginal Education Law,原住民教育法,https://terms.naer.edu.tw/
9,aboriginal inhabited area,原住民聚居地區,https://terms.naer.edu.tw/
10,abstract intelligence,抽象智力,https://terms.naer.edu.tw/
11,academic attainment indicators,學力指標,https://terms.naer.edu.tw/
12,academic attainment testing,學力測驗,https://terms.naer.edu.tw/
13,academic award,學術獎,https://terms.naer.edu.tw/
14,Academic Award of Ministry of Education,教育部學術獎,https://terms.naer.edu.tw/
15,Academic Competence Contest,學業能力競賽,https://terms.naer.edu.tw/
16,academic costume,學位服,https://terms.naer.edu.tw/
17,Academic Council,學術委員會,https://terms.naer.edu.tw/
18,academic degree,學位,https://terms.naer.edu.tw/
19,academic dissertation,學位論文,https://terms.naer.edu.tw/
20,academic education,學術教育,https://terms.naer.edu.tw/
21,academic examination,學業考試,https://terms.naer.edu.tw/
22,academic freedom,學術自由,https://terms.naer.edu.tw/
23,academic gown,學位袍,https://terms.naer.edu.tw/
24,academic hood,學位巾,https://terms.naer.edu.tw/
25,academic work,專門著作,https://terms.naer.edu.tw/
26,academic year,學年,https://terms.naer.edu.tw/
27,academy,學府 {古希臘}；大學區 {法}；中學{英、美舊制}；學術性質之會社；軍事院校,https://terms.naer.edu.tw/
28,academy inspector,大學區視導員 {法}；大學區督學,https://terms.naer.edu.tw/
29,accelerated child,加速學習的兒童,https://terms.naer.edu.tw/
30,acceleration-student,加速學習的學生,https://terms.naer.edu.tw/
31,accident injury prevention system,事故傷害防制,https://terms.naer.edu.tw/
32,accidental teaching method,隨機教學法,https://terms.naer.edu.tw/
33,accomplishment quotient {= A.Q.},學業成績商數,https://terms.naer.edu.tw/
34,accomplishment ratio,學業成績比率,https://terms.naer.edu.tw/
35,accomplishment test,學業成績測驗,https://terms.naer.edu.tw/
36,accreditation,審定；認可,https://terms.naer.edu.tw/
37,accredited college,經認可之學院,https://terms.naer.edu.tw/
38,accredited school,經認可之學校,https://terms.naer.edu.tw/
39,accredited teacher,經認可之教師,https://terms.naer.edu.tw/
40,accredited university,經認可之大學,https://terms.naer.edu.tw/
41,accretion learning,附學習,https://terms.naer.edu.tw/
42,achievement quotient,成就商數,https://terms.naer.edu.tw/
43,acquired character,習得的特性,https://terms.naer.edu.tw/
44,acquired characteristic,習得的特性,https://terms.naer.edu.tw/
45,acquired tendency,習得的傾向,https://terms.naer.edu.tw/
46,acquisition instinct,習得本能,https://terms.naer.edu.tw/
47,act,動作；法案,https://terms.naer.edu.tw/
48,action,動作,https://terms.naer.edu.tw/
49,action forum,執行委員會 {英},https://terms.naer.edu.tw/
50,action research,行動研究,https://terms.naer.edu.tw/
51,action system,動作系統,https://terms.naer.edu.tw/
52,active attention,主動注意,https://terms.naer.edu.tw/
53,active experience,活動經驗,https://terms.naer.edu.tw/
54,active forgetting,自動遺忘,https://terms.naer.edu.tw/
55,active principle,主動原則,https://terms.naer.edu.tw/
56,active recall,主動回憶,https://terms.naer.edu.tw/
57,active recollection,主動回憶,https://terms.naer.edu.tw/
58,activity,活動；作業,https://terms.naer.edu.tw/
59,activity analysis,活動分析,https://terms.naer.edu.tw/
60,activity curriculum,活動課程,https://terms.naer.edu.tw/
61,activity school,活動學校,https://terms.naer.edu.tw/
62,adaptation,適應,https://terms.naer.edu.tw/
63,adjustable desk,可調式課桌,https://terms.naer.edu.tw/
64,adjustable seat,可調式座椅,https://terms.naer.edu.tw/
65,adjustment,順應；調整,https://terms.naer.edu.tw/
66,administration of students' enrollment status,學籍管理,https://terms.naer.edu.tw/
67,admission age,入學年齡,https://terms.naer.edu.tw/
68,admission by application,申請入學,https://terms.naer.edu.tw/
69,admission by placement,分發入學,https://terms.naer.edu.tw/
70,admission by recommendation and screening,甄選入學,https://terms.naer.edu.tw/
71,admission by registration and placement,登記分發入學,https://terms.naer.edu.tw/
72,admission qualification,入學資格,https://terms.naer.edu.tw/
73,admission requirement,入學資格；入學條件,https://terms.naer.edu.tw/
74,admission via examination and placement,考試分發入學,https://terms.naer.edu.tw/
75,adoption-guidance program,認輔制度,https://terms.naer.edu.tw/
76,adult education,成人教育,https://terms.naer.edu.tw/
77,adult school,成人學校,https://terms.naer.edu.tw/
78,advanced skills teacher {=AST},優異級教師 {英},https://terms.naer.edu.tw/
79,advancement,升級,https://terms.naer.edu.tw/
80,adviser,顧問；指導教授；指導人員,https://terms.naer.edu.tw/
81,advisory committee,指導委員會；諮詢委員會；審議委員會,https://terms.naer.edu.tw/
82,Advisory Committee of Teacher Education,師資培育審議委員會,https://terms.naer.edu.tw/
83,advisory teacher,諮詢老師 {英},https://terms.naer.edu.tw/
84,aerial navigation school,航空學校,https://terms.naer.edu.tw/
85,aesthetic appreciation,審美,https://terms.naer.edu.tw/
86,aesthetic education,美育,https://terms.naer.edu.tw/
87,aesthetic feeling,美感,https://terms.naer.edu.tw/
88,aesthetics,美學,https://terms.naer.edu.tw/
89,affection,情感 [作用]；感情,https://terms.naer.edu.tw/
90,affirmative action of entrance examination,升學考試優待,https://terms.naer.edu.tw/
91,after image,後象,https://terms.naer.edu.tw/
92,after-school club,安親班,https://terms.naer.edu.tw/
93,age distribution,年齡分配,https://terms.naer.edu.tw/
94,age norm,年齡常模,https://terms.naer.edu.tw/
95,age scale,年齡量表,https://terms.naer.edu.tw/
96,age-grade table,年齡學級表,https://terms.naer.edu.tw/
97,age-grade-progress,年齡-年級-進度,https://terms.naer.edu.tw/
98,agricultural education,農業教育,https://terms.naer.edu.tw/
99,aided school,受政府補助之學校 {英},https://terms.naer.edu.tw/
100,allowance,教師職務加給,https://terms.naer.edu.tw/
101,alma mater,母校,https://terms.naer.edu.tw/
102,almonry school,施濟學校 {英},https://terms.naer.edu.tw/
103,alternating plan,建教計畫；建教方案,https://terms.naer.edu.tw/
104,alternating system,建教制度,https://terms.naer.edu.tw/
105,alternation of studies,學科輪替制,https://terms.naer.edu.tw/
106,alternative learning sections,彈性學習節數,https://terms.naer.edu.tw/
107,altruistic instinct,利他本能,https://terms.naer.edu.tw/
108,alumna,女校友,https://terms.naer.edu.tw/
109,alumni {pl.},校友,https://terms.naer.edu.tw/
110,alumni association,校友會,https://terms.naer.edu.tw/
111,alumnus,校友,https://terms.naer.edu.tw/
112,amnesia,健忘；遺忘,https://terms.naer.edu.tw/
113,analytic instruction,分析教學,https://terms.naer.edu.tw/
114,analytic method,分析法,https://terms.naer.edu.tw/
115,analytic psychology,分析心理學,https://terms.naer.edu.tw/
116,ancillary staff,佐理職員 {英},https://terms.naer.edu.tw/
117,animal psychology,動物心理學,https://terms.naer.edu.tw/
118,antenatal training,胎教,https://terms.naer.edu.tw/
119,anthropometric test,人體測驗,https://terms.naer.edu.tw/
120,anti-education,反教育,https://terms.naer.edu.tw/
121,apperception,統覺,https://terms.naer.edu.tw/
122,applied psychology,應用心理學,https://terms.naer.edu.tw/
123,applied science,應用科學,https://terms.naer.edu.tw/
124,appointment by selection,遴聘,https://terms.naer.edu.tw/
125,appraisal of academic achievement,學力鑑定,https://terms.naer.edu.tw/
126,apprentice,學徒；藝徒,https://terms.naer.edu.tw/
127,apprentice school,學徒學校,https://terms.naer.edu.tw/
128,apprentice ship education,學徒教育,https://terms.naer.edu.tw/
129,apprentice ship system,學徒制,https://terms.naer.edu.tw/
130,apprentice system,學徒制,https://terms.naer.edu.tw/
131,approval list,認可名冊,https://terms.naer.edu.tw/
132,aptitude,性向,https://terms.naer.edu.tw/
133,Arbitration and Conciliation Service {=ACAS},仲裁暨調解委員會{英},https://terms.naer.edu.tw/
134,arithmetic mean,算術平均數,https://terms.naer.edu.tw/
135,army school,陸軍學校,https://terms.naer.edu.tw/
136,art education,藝術教育,https://terms.naer.edu.tw/
137,art education for general public,社會藝術教育,https://terms.naer.edu.tw/
138,artificial environment,人為環境,https://terms.naer.edu.tw/
139,artistic ability,藝術能力,https://terms.naer.edu.tw/
140,artistic education,藝術教育,https://terms.naer.edu.tw/
141,artistic talent,藝術才能,https://terms.naer.edu.tw/
142,arts and crafts education,工藝教育,https://terms.naer.edu.tw/
143,arts and crafts school,工藝學校,https://terms.naer.edu.tw/
144,arts and humanities,藝術與人文,https://terms.naer.edu.tw/
145,asceticism,禁慾主義,https://terms.naer.edu.tw/
146,assigned-subject test,指定科目考試,https://terms.naer.edu.tw/
147,assignment,作業指定,https://terms.naer.edu.tw/
148,assignment sheet,作業單,https://terms.naer.edu.tw/
149,assimilation,同化,https://terms.naer.edu.tw/
150,assimilative learning,同化學習,https://terms.naer.edu.tw/
151,assistances in transitions,轉銜服務,https://terms.naer.edu.tw/
152,assistant education officer,中級教育官員 {英},https://terms.naer.edu.tw/
153,assistant principal,副校長,https://terms.naer.edu.tw/
154,assistant professor,助理教授,https://terms.naer.edu.tw/
155,assistant researcher,助理研究員,https://terms.naer.edu.tw/
156,assistant teacher,助理教師,https://terms.naer.edu.tw/
157,associate bachelor,副學士,https://terms.naer.edu.tw/
158,associate learning,副學習,https://terms.naer.edu.tw/
159,associate professor,副教授,https://terms.naer.edu.tw/
160,associate researcher,副研究員,https://terms.naer.edu.tw/
161,Association for Science Education,科學教育協會 {英},https://terms.naer.edu.tw/
162,association law,聯結律,https://terms.naer.edu.tw/
163,Association of Colleges {=AOC},學院聯合協會 {英},https://terms.naer.edu.tw/
164,association of ideas,觀念聯合；聯想,https://terms.naer.edu.tw/
165,Association of Teachers & Lecturers,教師暨講師協會 {英},https://terms.naer.edu.tw/
166,Association of University Teachers,大學教師協會 {英},https://terms.naer.edu.tw/
167,association psychology,聯結心理學,https://terms.naer.edu.tw/
168,association word,聯想字,https://terms.naer.edu.tw/
169,associative learning,聯想學習,https://terms.naer.edu.tw/
170,associative reaction,聯結反應,https://terms.naer.edu.tw/
171,assumed average,假定平均數,https://terms.naer.edu.tw/
172,assumed mean,假定平均數,https://terms.naer.edu.tw/
173,assumed median,假定中位數,https://terms.naer.edu.tw/
174,asymmetrical distribution,不對稱分配,https://terms.naer.edu.tw/
175,at-risk student group,高危險群學生,https://terms.naer.edu.tw/
176,atavism,間代遺傳,https://terms.naer.edu.tw/
177,athletic director,體育指導員,https://terms.naer.edu.tw/
178,athletic field,體育場；運動場,https://terms.naer.edu.tw/
179,athletic meeting,運動會,https://terms.naer.edu.tw/
180,attainment target,成就目標 {英},https://terms.naer.edu.tw/
181,attainment test,成就測驗,https://terms.naer.edu.tw/
182,attendance,出席,https://terms.naer.edu.tw/
183,attendance book,出席簿,https://terms.naer.edu.tw/
184,attendance bureau,強迫入學局,https://terms.naer.edu.tw/
185,attendance officer,就學督促員,https://terms.naer.edu.tw/
186,attention,注意,https://terms.naer.edu.tw/
187,attitude,態度,https://terms.naer.edu.tw/
188,attractive education,誘導教育,https://terms.naer.edu.tw/
189,atypical child,非典型兒童,https://terms.naer.edu.tw/
190,audio- visual technician,視聽技術員 {英},https://terms.naer.edu.tw/
191,audit,隨班附讀,https://terms.naer.edu.tw/
192,Audit Commission,審計委員會 {英},https://terms.naer.edu.tw/
193,auditor,旁聽生,https://terms.naer.edu.tw/
194,auditorium,大禮堂,https://terms.naer.edu.tw/
195,auditory sensation,聽覺,https://terms.naer.edu.tw/
196,autism,自閉症,https://terms.naer.edu.tw/
197,auto diagnosis,自我診斷,https://terms.naer.edu.tw/
198,auto-education,自我教育,https://terms.naer.edu.tw/
199,automatic reaction,自動反應,https://terms.naer.edu.tw/
200,autonomy of teaching profession,教師專業自主權,https://terms.naer.edu.tw/
201,autosuggestion,自我暗示,https://terms.naer.edu.tw/
202,auxiliary class,輔助班級,https://terms.naer.edu.tw/
203,auxiliary school,輔助學校,https://terms.naer.edu.tw/
204,average,平均數,https://terms.naer.edu.tw/
205,average deviation {= A.D.},平均差,https://terms.naer.edu.tw/
206,aviation academy,航空學校,https://terms.naer.edu.tw/
207,B-score,B分數,https://terms.naer.edu.tw/
208,baby class,嬰兒班,https://terms.naer.edu.tw/
209,baby-hood,幼孩期,https://terms.naer.edu.tw/
210,bachelor,學士,https://terms.naer.edu.tw/
211,bachelor of education,教育學士學位,https://terms.naer.edu.tw/
212,bachelor program of extension education,進修學士班,https://terms.naer.edu.tw/
213,bachelors' degree,學士學位,https://terms.naer.edu.tw/
214,back-to-basics,回歸基礎學科,https://terms.naer.edu.tw/
215,back-to-the-school movement,續學運動,https://terms.naer.edu.tw/
216,backward student,遲鈍學生,https://terms.naer.edu.tw/
217,banding,能力分段 {英},https://terms.naer.edu.tw/
218,basal course,基礎課程,https://terms.naer.edu.tw/
219,Basic Academic Competence Test,基本學力測驗,https://terms.naer.edu.tw/
220,basic competence,基本能力,https://terms.naer.edu.tw/
221,basic craft,基本技藝級 {英},https://terms.naer.edu.tw/
222,basic English,基本英語,https://terms.naer.edu.tw/
223,basic needs for educational expenditure,教育經費基本需求,https://terms.naer.edu.tw/
224,basic school work guidance,基本課業輔導,https://terms.naer.edu.tw/
225,basic skills,基本能力；基本技能,https://terms.naer.edu.tw/
226,basic standards of school facilities,學校設備基準,https://terms.naer.edu.tw/
227,basic studies,基本學習,https://terms.naer.edu.tw/
228,Batavia plan,巴達維亞制,https://terms.naer.edu.tw/
229,beginning seniority date,年資起計,https://terms.naer.edu.tw/
230,behavior reaction,行為反應,https://terms.naer.edu.tw/
231,behaviorism,行為主義,https://terms.naer.edu.tw/
232,behavioristic psychology,行為主義心理學,https://terms.naer.edu.tw/
233,Bible class,查經班,https://terms.naer.edu.tw/
234,Bible school,聖經學校,https://terms.naer.edu.tw/
235,bildung,陶治；教育 {德},https://terms.naer.edu.tw/
236,Binet-Simon test,比奈西蒙測驗 {比西測驗},https://terms.naer.edu.tw/
237,biographical method,傳記法,https://terms.naer.edu.tw/
238,Bishop's school,主教學校,https://terms.naer.edu.tw/
239,block grants,整筆補助款,https://terms.naer.edu.tw/
240,board and lodging expenses,膳宿費,https://terms.naer.edu.tw/
241,board of education,教育委員會；教育董事會,https://terms.naer.edu.tw/
242,board of regents,大學董事會 {英},https://terms.naer.edu.tw/
243,board of trustees,大學董事會 {美},https://terms.naer.edu.tw/
244,board school,寄宿學校,https://terms.naer.edu.tw/
245,boarder,住宿生,https://terms.naer.edu.tw/
246,boarding school,寄宿學校 {英},https://terms.naer.edu.tw/
247,boy scout,童子軍,https://terms.naer.edu.tw/
248,boy's day school,男生通勤學校 {英},https://terms.naer.edu.tw/
249,boyhood,少年期,https://terms.naer.edu.tw/
250,Braille method,點字法,https://terms.naer.edu.tw/
251,branch campus,大學分部,https://terms.naer.edu.tw/
252,branch school,分校,https://terms.naer.edu.tw/
253,brief textbook,簡明教科書,https://terms.naer.edu.tw/
254,brigade-laboratory method,分組實驗法,https://terms.naer.edu.tw/
255,British Broadcast Company {=BBC},英國國家廣播公司,https://terms.naer.edu.tw/
256,British Council,英國文化協會,https://terms.naer.edu.tw/
257,British Education Research Association {=BERA},英國教育研究學會,https://terms.naer.edu.tw/
258,British Educational Training and Technology {=BETT},英國教育訓練科技展覽,https://terms.naer.edu.tw/
259,British Library,大英圖書館；英國圖書館,https://terms.naer.edu.tw/
260,British Museum,大英博物館,https://terms.naer.edu.tw/
261,budget allocation,經費分配,https://terms.naer.edu.tw/
262,budget for instruction equipment,教學設備經費,https://terms.naer.edu.tw/
263,budget reward,經費獎助,https://terms.naer.edu.tw/
264,budget subsidy,經費補助,https://terms.naer.edu.tw/
265,building superintendent,校舍管理主任,https://terms.naer.edu.tw/
266,building survey,校舍調查,https://terms.naer.edu.tw/
267,bullies,校園霸凌事件,https://terms.naer.edu.tw/
268,bureau of attendance,強迫入學局,https://terms.naer.edu.tw/
269,bureau of educational research,教育研究局,https://terms.naer.edu.tw/
270,bursary,學費資助,https://terms.naer.edu.tw/
271,Business & Technology Education Council {=BTEC},商業與技術教育協會 {英},https://terms.naer.edu.tw/
272,business education,商業教育,https://terms.naer.edu.tw/
273,busy work,課間自習,https://terms.naer.edu.tw/
274,C-score,C分數,https://terms.naer.edu.tw/
275,Cambridge plan,劍橋制,https://terms.naer.edu.tw/
276,Campaign for the Advancement of State Education,公立教育推廣運動 {英},https://terms.naer.edu.tw/
277,cancellation test,刪塗測驗,https://terms.naer.edu.tw/
278,capacity,容量；能力,https://terms.naer.edu.tw/
279,career development education,生涯發展教育,https://terms.naer.edu.tw/
280,careers officers,生涯規劃輔導員 {英},https://terms.naer.edu.tw/
281,case history method,個案歷史研究法；案例歷史研究法,https://terms.naer.edu.tw/
282,case method,案例法,https://terms.naer.edu.tw/
283,case method of instruction,案例教學法,https://terms.naer.edu.tw/
284,case study method,案例法；個案研究；個案研究法,https://terms.naer.edu.tw/
285,case-group method,案例分組法,https://terms.naer.edu.tw/
286,catchment area,學區 {英},https://terms.naer.edu.tw/
287,catechetic,教義問答教學法 {要理問答教學法},https://terms.naer.edu.tw/
288,catechetic method,教義問答教學法 {要理問答教學法},https://terms.naer.edu.tw/
289,catechetical school,高級教義問答學校；天主教進階要理班,https://terms.naer.edu.tw/
290,catechism,教義問答教學法 {要理問答教學法},https://terms.naer.edu.tw/
291,catechumenal school,初級教義問答學校；天主教望教友要理班,https://terms.naer.edu.tw/
292,catering inspector,餐飲督導人員,https://terms.naer.edu.tw/
293,cathedral school,主教座堂學校；聖公會學校,https://terms.naer.edu.tw/
294,catholic pedagogy,天主教教學法,https://terms.naer.edu.tw/
295,causal investigation,溯因考察,https://terms.naer.edu.tw/
296,center of interest,興趣中心,https://terms.naer.edu.tw/
297,central school,中央學校 {英},https://terms.naer.edu.tw/
298,central tendency,集中趨勢,https://terms.naer.edu.tw/
299,centralized system,集權制,https://terms.naer.edu.tw/
300,certificate,證書；證明書,https://terms.naer.edu.tw/
301,Certificate of Secondary Education {=CSE},中等教育證書 {英},https://terms.naer.edu.tw/
302,certificated teacher,合格證照教師,https://terms.naer.edu.tw/
303,certification,檢定；資格檢定,https://terms.naer.edu.tw/
304,certification of teachers,教員檢定,https://terms.naer.edu.tw/
305,certify teacher,合格師資,https://terms.naer.edu.tw/
306,chair professor,講座,https://terms.naer.edu.tw/
307,chance error,機誤,https://terms.naer.edu.tw/
308,chancellor,大學名譽校長；大學校長{英},https://terms.naer.edu.tw/
309,character,性格；品格,https://terms.naer.edu.tw/
310,character building,品格培養,https://terms.naer.edu.tw/
311,character diagnosis,品格診斷；品性診斷,https://terms.naer.edu.tw/
312,character education,品格教育,https://terms.naer.edu.tw/
313,character rating,品格評比,https://terms.naer.edu.tw/
314,character test,品格測驗,https://terms.naer.edu.tw/
315,charity school,慈善學校,https://terms.naer.edu.tw/
316,chartered teacher,認證級教師 {英},https://terms.naer.edu.tw/
317,chief education officer {=CEO},地方教育局長 {英},https://terms.naer.edu.tw/
318,child guidance,兒童指導,https://terms.naer.edu.tw/
319,child hygiene,兒童衛生,https://terms.naer.edu.tw/
320,child psychology,兒童心理學,https://terms.naer.edu.tw/
321,child study,兒童研究,https://terms.naer.edu.tw/
322,child welfare,兒童福利,https://terms.naer.edu.tw/
323,child-centered education,兒童中心教育,https://terms.naer.edu.tw/
324,child-guidance clinic,兒童指導所,https://terms.naer.edu.tw/
325,child-hood,兒童期,https://terms.naer.edu.tw/
326,childcare club,安親班,https://terms.naer.edu.tw/
327,children's court,兒童法庭,https://terms.naer.edu.tw/
328,children's drawing,兒童畫,https://terms.naer.edu.tw/
329,children's home,兒童之家,https://terms.naer.edu.tw/
330,children's language,童語,https://terms.naer.edu.tw/
331,children's library,兒童圖書館,https://terms.naer.edu.tw/
332,children's literature,兒童文學,https://terms.naer.edu.tw/
333,children's museum,兒童博物院,https://terms.naer.edu.tw/
334,children's play,兒童遊戲；兒童戲劇,https://terms.naer.edu.tw/
335,children's story,兒童故事,https://terms.naer.edu.tw/
336,children's theater,兒童劇場,https://terms.naer.edu.tw/
337,children's vocabulary,兒童字彙,https://terms.naer.edu.tw/
338,Chinese Braille method,中文點字法,https://terms.naer.edu.tw/
339,Chinese Culture Scholarship,中華文化獎學金,https://terms.naer.edu.tw/
340,Chinese language study,華語文研習,https://terms.naer.edu.tw/
341,Chinese Proficiency Test,華語文測驗,https://terms.naer.edu.tw/
342,chirology,手語術,https://terms.naer.edu.tw/
343,chivalric education,騎士教育,https://terms.naer.edu.tw/
344,choir school,唱詩學校,https://terms.naer.edu.tw/
345,choleric temperament,膽汁質,https://terms.naer.edu.tw/
346,Christian education,基督宗教教育,https://terms.naer.edu.tw/
347,chronicle of school,學校誌,https://terms.naer.edu.tw/
348,chronological age {= C.A.},實足年齡；實齡,https://terms.naer.edu.tw/
349,chronological table,年齡表,https://terms.naer.edu.tw/
350,church education,教會教育 {英},https://terms.naer.edu.tw/
351,citizenship,公民課；公民,https://terms.naer.edu.tw/
352,citizenship education,公民教育,https://terms.naer.edu.tw/
353,City Technology College {=CTC},城市科技高中 {英},https://terms.naer.edu.tw/
354,civic virtue,公民德行,https://terms.naer.edu.tw/
355,civil service examination,公務人員考試,https://terms.naer.edu.tw/
356,class,學級；班,https://terms.naer.edu.tw/
357,class discussion,教室討論,https://terms.naer.edu.tw/
358,class grouping,分級；分班,https://terms.naer.edu.tw/
359,class interval,組距,https://terms.naer.edu.tw/
360,class limit,組限,https://terms.naer.edu.tw/
361,class management,班級經營,https://terms.naer.edu.tw/
362,class meeting,班會,https://terms.naer.edu.tw/
363,class organization,班級組織,https://terms.naer.edu.tw/
364,class period,上課時間,https://terms.naer.edu.tw/
365,class reduction,減班,https://terms.naer.edu.tw/
366,class teacher,[班級]導師,https://terms.naer.edu.tw/
367,class teacher system,[班]導師制,https://terms.naer.edu.tw/
368,class teaching,班級教學,https://terms.naer.edu.tw/
369,class visitation,教室參觀,https://terms.naer.edu.tw/
370,classical course,古典學科,https://terms.naer.edu.tw/
371,classical language,古典語文,https://terms.naer.edu.tw/
372,classical school,古典學校；古典學派,https://terms.naer.edu.tw/
373,classicism,古典主義,https://terms.naer.edu.tw/
374,classification,分級；分班；分類,https://terms.naer.edu.tw/
375,classified school,分級學校 {義},https://terms.naer.edu.tw/
376,classmate,級友；同班同學,https://terms.naer.edu.tw/
377,classroom,教室,https://terms.naer.edu.tw/
378,classroom assistant,教室助理 {英},https://terms.naer.edu.tw/
379,classroom library,班級圖書區,https://terms.naer.edu.tw/
380,classroom management,班級經營,https://terms.naer.edu.tw/
381,clearing house,大學入學申請委員會聯合服務處 {英},https://terms.naer.edu.tw/
382,clearing system,大學入學補登記制 {英},https://terms.naer.edu.tw/
383,clerical test,文書工作測驗,https://terms.naer.edu.tw/
384,cloister,修道院,https://terms.naer.edu.tw/
385,cloister school,修道院學校,https://terms.naer.edu.tw/
386,co-education,男女混合教育,https://terms.naer.edu.tw/
387,coach,運動教練,https://terms.naer.edu.tw/
388,coaching,指導練習,https://terms.naer.edu.tw/
389,Coalition of Modern Universities {=CMU},現代大學聯盟 {英},https://terms.naer.edu.tw/
390,coefficient of correlation,相關係數,https://terms.naer.edu.tw/
391,coefficient of variation,變異係數,https://terms.naer.edu.tw/
392,collaboration between industry and school,產學合作,https://terms.naer.edu.tw/
393,Collaboration Plan,攜手計畫,https://terms.naer.edu.tw/
394,collaboration transition class,合作式中途班,https://terms.naer.edu.tw/
395,collaboration transition school,合作式中途學校,https://terms.naer.edu.tw/
396,collateral reading,補充閱讀,https://terms.naer.edu.tw/
397,collecting instinct,搜集本能,https://terms.naer.edu.tw/
398,collective education,集體教育,https://terms.naer.edu.tw/
399,college,學院,https://terms.naer.edu.tw/
400,College of Advanced Technology {=CAT},高級技術學院 {英}；進階技術學院 {英},https://terms.naer.edu.tw/
401,college of business administration,工商管理學院,https://terms.naer.edu.tw/
402,college of commerce,商學院,https://terms.naer.edu.tw/
403,college of education,教育學院,https://terms.naer.edu.tw/
404,College of Further Education {=College of FE},擴充教育學院 {英},https://terms.naer.edu.tw/
405,college of law,法學院,https://terms.naer.edu.tw/
406,college of letters and science,文理學院,https://terms.naer.edu.tw/
407,college of liberal arts,文學院,https://terms.naer.edu.tw/
408,college of medicine,醫學院,https://terms.naer.edu.tw/
409,college of preceptors,師範學院,https://terms.naer.edu.tw/
410,college of science,理學院,https://terms.naer.edu.tw/
411,college preparatory department,大學預科,https://terms.naer.edu.tw/
412,colonial education,殖民地教育,https://terms.naer.edu.tw/
413,color discrimination test,辨色測驗,https://terms.naer.edu.tw/
414,color-blindness,色盲,https://terms.naer.edu.tw/
415,color-contrast,色彩對比,https://terms.naer.edu.tw/
416,color-mixture,色彩混合,https://terms.naer.edu.tw/
417,color-sensation,色覺,https://terms.naer.edu.tw/
418,colored school,黑人學校 {美},https://terms.naer.edu.tw/
419,combative instinct,爭鬥本能,https://terms.naer.edu.tw/
420,commencement,畢業典禮；畢業式；開始,https://terms.naer.edu.tw/
421,commercial education,商業教育,https://terms.naer.edu.tw/
422,commissioner of education,州教育廳長 {美},https://terms.naer.edu.tw/
423,commissioner on education,教育委員 {英},https://terms.naer.edu.tw/
424,committee for aboriginal education,原住民民族教育審議委員會,https://terms.naer.edu.tw/
425,Committee of School Curriculum Development,學校課程發展委員會,https://terms.naer.edu.tw/
426,Committee of Teacher Grievances,教師申訴評議委員會,https://terms.naer.edu.tw/
427,Committee of Vice-Chancellors and Principals {=CVCP},大學校長委員會 {英},https://terms.naer.edu.tw/
428,Committee Responsible for Identification and Placement of Gifted and Disabled Students,特殊教育學生鑑定及就學輔導委員會,https://terms.naer.edu.tw/
429,common core curriculum,共同核心課程,https://terms.naer.edu.tw/
430,common education,普通教育,https://terms.naer.edu.tw/
431,common entrance examination,共通入學考試；統一入學考試,https://terms.naer.edu.tw/
432,common school,平民學校,https://terms.naer.edu.tw/
433,Commons Education Select Committee,下議院教育委員會 {英},https://terms.naer.edu.tw/
434,communicative approach,溝通式語言教學法 {英},https://terms.naer.edu.tw/
435,community college,社區大學；社區學院,https://terms.naer.edu.tw/
436,community link course,社區結合課程 {英},https://terms.naer.edu.tw/
437,community school,社區學校,https://terms.naer.edu.tw/
438,communization,社區化,https://terms.naer.edu.tw/
439,comparative education,比較教育,https://terms.naer.edu.tw/
440,comparative method,比較法,https://terms.naer.edu.tw/
441,comparative psychology,比較心理學,https://terms.naer.edu.tw/
442,compensation,補償,https://terms.naer.edu.tw/
443,Competence Indicators of Grade 1-9 curriculum,能力指標,https://terms.naer.edu.tw/
444,competence-based class grouping,能力分班,https://terms.naer.edu.tw/
445,competitive examination,競爭考試,https://terms.naer.edu.tw/
446,competitive scholarship examination,獎學金競試,https://terms.naer.edu.tw/
447,completion method,填充法,https://terms.naer.edu.tw/
448,completion of schooling,結業,https://terms.naer.edu.tw/
449,completion study period,修業期滿,https://terms.naer.edu.tw/
450,complex,情結；複結,https://terms.naer.edu.tw/
451,complex of inferiority,自卑情結,https://terms.naer.edu.tw/
452,complex reaction,複合反應,https://terms.naer.edu.tw/
453,complex response,複合反應,https://terms.naer.edu.tw/
454,composite high school,綜合中學{美},https://terms.naer.edu.tw/
455,comprehensive activity,綜合活動,https://terms.naer.edu.tw/
456,comprehensive examination,綜合試驗；綜合測驗,https://terms.naer.edu.tw/
457,comprehensive high school,綜合中學 {美},https://terms.naer.edu.tw/
458,comprehensive school,綜合中學 {英},https://terms.naer.edu.tw/
459,compulsory attendance,強迫就學,https://terms.naer.edu.tw/
460,compulsory education,義務教育,https://terms.naer.edu.tw/
461,Compulsory Education Law,國民教育法；義務教育法,https://terms.naer.edu.tw/
462,compulsory school age,義教年齡,https://terms.naer.edu.tw/
463,computer-based educational administration,教育行政ｅ化,https://terms.naer.edu.tw/
464,computerization of administration,行政業務電腦化,https://terms.naer.edu.tw/
465,concentric circle method,同心圓方法,https://terms.naer.edu.tw/
466,concomitant learning,附學習,https://terms.naer.edu.tw/
467,conditional promotion,條件式升級,https://terms.naer.edu.tw/
468,conditioned reflex,制約反射,https://terms.naer.edu.tw/
469,conditioned response,制約反應,https://terms.naer.edu.tw/
470,conditioned stimulus,制約刺激,https://terms.naer.edu.tw/
471,conduct,行為；操行,https://terms.naer.edu.tw/
472,conference,研討會,https://terms.naer.edu.tw/
473,confinement punishment,禁閉,https://terms.naer.edu.tw/
474,conscience,良心,https://terms.naer.edu.tw/
475,consciousness,意識,https://terms.naer.edu.tw/
476,conservatory,音樂學校,https://terms.naer.edu.tw/
477,constant error,常誤,https://terms.naer.edu.tw/
478,constant in curricula,持續的課程,https://terms.naer.edu.tw/
479,construction of curriculum,課程建構,https://terms.naer.edu.tw/
480,construction of test,測驗編製,https://terms.naer.edu.tw/
481,consultative committee,諮詢委員會；諮議委員會,https://terms.naer.edu.tw/
482,continuation school,繼續學校；進修學校,https://terms.naer.edu.tw/
483,continuing contract,續聘,https://terms.naer.edu.tw/
484,continuing education,繼續教育,https://terms.naer.edu.tw/
485,contract,聘約,https://terms.naer.edu.tw/
486,contract termination,解聘,https://terms.naer.edu.tw/
487,control and evaluation,管制考核,https://terms.naer.edu.tw/
488,control group,控制組,https://terms.naer.edu.tw/
489,controlled school,掌控型學校 {英}；監管型學校 {英},https://terms.naer.edu.tw/
490,convent,女修道院,https://terms.naer.edu.tw/
491,convention of school principals,校長聯席會議,https://terms.naer.edu.tw/
492,conversational method,會話法,https://terms.naer.edu.tw/
493,convocation of graduates,畢業生集會,https://terms.naer.edu.tw/
494,cooking school,烹調學校；烹飪學校,https://terms.naer.edu.tw/
495,cooperation and exchange programs between schools,校際合作交流,https://terms.naer.edu.tw/
496,cooperative education,合作教育,https://terms.naer.edu.tw/
497,cooperative school,合作學校 {美},https://terms.naer.edu.tw/
498,core Subjects,核心科目,https://terms.naer.edu.tw/
499,corporal punishment,體罰,https://terms.naer.edu.tw/
500,corporation school,社團學校 {美},https://terms.naer.edu.tw/
501,correctional education,矯正教育,https://terms.naer.edu.tw/
502,corrective education,矯正教育,https://terms.naer.edu.tw/
503,correlation coefficient,相關係數,https://terms.naer.edu.tw/
504,correlation table,相關表,https://terms.naer.edu.tw/
505,correspondence course,函授課程,https://terms.naer.edu.tw/
506,correspondence school,函授學校,https://terms.naer.edu.tw/
507,cosmopolitan high school,綜合中學 {美},https://terms.naer.edu.tw/
508,council school,地方公立學校 {英},https://terms.naer.edu.tw/
509,council secondary school,地方公立中等學校 {英},https://terms.naer.edu.tw/
510,Counseling and Guidance Center for Overseas Chinese and Foreign Students,僑生及外籍生輔導室,https://terms.naer.edu.tw/
511,counseling and guidance group,諮詢輔導團,https://terms.naer.edu.tw/
512,country secondary school,地方公立中等學校 {英},https://terms.naer.edu.tw/
513,county schools,郡立學校 {英},https://terms.naer.edu.tw/
514,course,科目,https://terms.naer.edu.tw/
515,course of instruction,教學科目,https://terms.naer.edu.tw/
516,court of university,大學管理部門,https://terms.naer.edu.tw/
517,court school,宮廷學校,https://terms.naer.edu.tw/
518,crammer,補習學校 {英}；補習班 {英},https://terms.naer.edu.tw/
519,cramming,填鴨式教育；死記硬背,https://terms.naer.edu.tw/
520,cramming school,補習班,https://terms.naer.edu.tw/
521,creative activity,有創造力的活動,https://terms.naer.edu.tw/
522,creative education,有創造力的教育,https://terms.naer.edu.tw/
523,creativity,創造能力,https://terms.naer.edu.tw/
524,crèche,托兒所；育嬰所 {法},https://terms.naer.edu.tw/
525,credit,學分,https://terms.naer.edu.tw/
526,credit-based system,學年學分制,https://terms.naer.edu.tw/
527,credits requirement for graduation,畢業應修學分數,https://terms.naer.edu.tw/
528,credits waiver and transference,學分抵免,https://terms.naer.edu.tw/
529,cripple education,殘障教育,https://terms.naer.edu.tw/
530,cripple school,殘障學校,https://terms.naer.edu.tw/
531,critical pedagogy,批判教育學,https://terms.naer.edu.tw/
532,critical score,批判分數,https://terms.naer.edu.tw/
533,criticism lesson,批評課,https://terms.naer.edu.tw/
534,cross-examination,詰問考試；答辯考試,https://terms.naer.edu.tw/
535,crowd psychology,群眾心理學,https://terms.naer.edu.tw/
536,crude mode,概約眾數,https://terms.naer.edu.tw/
537,crusade for higher standards,追求卓越的聖戰 {英},https://terms.naer.edu.tw/
538,cultivation,陶冶；教化,https://terms.naer.edu.tw/
539,cultural education,文化教育,https://terms.naer.edu.tw/
540,culture,文化；修養,https://terms.naer.edu.tw/
541,culture and education exchange,文教交流,https://terms.naer.edu.tw/
542,culture pedagogy,文化教育學,https://terms.naer.edu.tw/
543,culture subject,文化學科,https://terms.naer.edu.tw/
544,"Culture, Media and Sport [Select] Committee",下議院文化、媒體和運動委員會 {英},https://terms.naer.edu.tw/
545,cumulative error,累積誤差,https://terms.naer.edu.tw/
546,current events instruction,時事教學,https://terms.naer.edu.tw/
547,curricula-constant,持續的課程,https://terms.naer.edu.tw/
548,curricula-differentiation,課程分化,https://terms.naer.edu.tw/
549,curriculum,課程,https://terms.naer.edu.tw/
550,Curriculum Council for Wales {=CCW},威爾斯課程委員會 {英},https://terms.naer.edu.tw/
551,curriculum evaluation,課程評鑑,https://terms.naer.edu.tw/
552,curriculum goals,課程目標,https://terms.naer.edu.tw/
553,curriculum guidelines,課程綱要,https://terms.naer.edu.tw/
554,curriculum integration,課程統整,https://terms.naer.edu.tw/
555,curriculum rationale,課程理念,https://terms.naer.edu.tw/
556,curriculum reform,課程改革,https://terms.naer.edu.tw/
557,curve,曲線,https://terms.naer.edu.tw/
558,curve diagram,曲線圖,https://terms.naer.edu.tw/
559,curve of error,錯誤曲線,https://terms.naer.edu.tw/
560,curve of forgetting,遺忘曲線,https://terms.naer.edu.tw/
561,curve of improvement,進步曲線,https://terms.naer.edu.tw/
562,curve of learning,學習曲線,https://terms.naer.edu.tw/
563,curve of memory,記憶曲線,https://terms.naer.edu.tw/
564,curve of normal distribution,常態分配曲線,https://terms.naer.edu.tw/
565,curve of practice,練習曲線,https://terms.naer.edu.tw/
566,curve of work,工作曲線,https://terms.naer.edu.tw/
567,cutaneous sensation,膚覺,https://terms.naer.edu.tw/
568,dactylogy,手語術,https://terms.naer.edu.tw/
569,daily program,日課表,https://terms.naer.edu.tw/
570,daily schedule,日課表,https://terms.naer.edu.tw/
571,daily-life guidance,生活輔導,https://terms.naer.edu.tw/
572,Dalton Plan,道爾頓計畫,https://terms.naer.edu.tw/
573,day care center,日托中心；托兒所,https://terms.naer.edu.tw/
574,day dream,白日夢,https://terms.naer.edu.tw/
575,day nursery,日間托兒所,https://terms.naer.edu.tw/
576,dean,院長；學院院長,https://terms.naer.edu.tw/
577,dean of men,男姓訓導主管,https://terms.naer.edu.tw/
578,dean of women,女姓訓導主管,https://terms.naer.edu.tw/
579,Dearing's Report,狄林報告書 {英},https://terms.naer.edu.tw/
580,decision-making support system for education,教育決策支援系統,https://terms.naer.edu.tw/
581,decreasing of class size,降低國民中小學班級學生人數,https://terms.naer.edu.tw/
582,deductive method,演繹法,https://terms.naer.edu.tw/
583,degrade,降級；降等,https://terms.naer.edu.tw/
584,degree certificate,學位證書,https://terms.naer.edu.tw/
585,degree review,學位審查,https://terms.naer.edu.tw/
586,delayed reaction,延宕反應,https://terms.naer.edu.tw/
587,democratic education,民本教育；民主教育,https://terms.naer.edu.tw/
588,demographic database,人口基本資料庫,https://terms.naer.edu.tw/
589,demonstration,示範,https://terms.naer.edu.tw/
590,demonstration lesson,演示課,https://terms.naer.edu.tw/
591,demonstration method,示範法,https://terms.naer.edu.tw/
592,demonstration school,示範學校,https://terms.naer.edu.tw/
593,demonstration teaching,示範教學,https://terms.naer.edu.tw/
594,denominational school,教派學校,https://terms.naer.edu.tw/
595,department,區；科；部；系,https://terms.naer.edu.tw/
596,Department for Education,教育部 {英},https://terms.naer.edu.tw/
597,Department for Education and Employment {=DfEE},教育與就業部 {英},https://terms.naer.edu.tw/
598,Department for Education and Skills {=DfES},教育與技能部 {英},https://terms.naer.edu.tw/
599,department of dentistry,牙醫學系,https://terms.naer.edu.tw/
600,department of education,教育學系,https://terms.naer.edu.tw/
601,Department of Education and Science,教育與科學部 {英},https://terms.naer.edu.tw/
602,Department of Education Northern Ireland {=DENI},北愛爾蘭教育部,https://terms.naer.edu.tw/
603,department of medicine,醫學系,https://terms.naer.edu.tw/
604,departmental teaching,分科教學,https://terms.naer.edu.tw/
605,deputy chief education officer,教育局副局長,https://terms.naer.edu.tw/
606,deputy head,副校長,https://terms.naer.edu.tw/
607,Design Council,設計委員會 {英},https://terms.naer.edu.tw/
608,detailed reading,精讀,https://terms.naer.edu.tw/
609,detention,扣留；拘禁；處罰學生放學後留校,https://terms.naer.edu.tw/
610,detention punishment,留置懲罰,https://terms.naer.edu.tw/
611,development indicators,發展指標,https://terms.naer.edu.tw/
612,developmental mode of teaching,啟發式教學,https://terms.naer.edu.tw/
613,developmental retardation,發展遲緩,https://terms.naer.edu.tw/
614,diagnosis,診斷,https://terms.naer.edu.tw/
615,diagnosis test,診斷測驗,https://terms.naer.edu.tw/
616,diagnostic method,診斷法,https://terms.naer.edu.tw/
617,dialectic[s],辯證法,https://terms.naer.edu.tw/
618,dialects,鄉土語言,https://terms.naer.edu.tw/
619,dialogistical method,對話法,https://terms.naer.edu.tw/
620,diary for instruction,教學日誌,https://terms.naer.edu.tw/
621,diary method,日誌法,https://terms.naer.edu.tw/
622,dictation,默寫,https://terms.naer.edu.tw/
623,didactics,訓育學,https://terms.naer.edu.tw/
624,dietetics,營養學,https://terms.naer.edu.tw/
625,differential psychology,差異心理學,https://terms.naer.edu.tw/
626,differentiated curriculum,課程分化,https://terms.naer.edu.tw/
627,digital subscriber line {=DSL},數位式訂戶線,https://terms.naer.edu.tw/
628,diploma,學位證書；文憑；畢業證書,https://terms.naer.edu.tw/
629,diploma of graduation,畢業證書,https://terms.naer.edu.tw/
630,direct discipline,直接訓練,https://terms.naer.edu.tw/
631,direct interest,直接興趣,https://terms.naer.edu.tw/
632,direct learning,直接學習,https://terms.naer.edu.tw/
633,direct method of teaching,直接教學法,https://terms.naer.edu.tw/
634,directed learning,指導的學習,https://terms.naer.edu.tw/
635,directed play,指導的遊戲,https://terms.naer.edu.tw/
636,directed study,指導的學習,https://terms.naer.edu.tw/
637,direction of learning,學習指導,https://terms.naer.edu.tw/
638,directly to advanced study,逕行修讀,https://terms.naer.edu.tw/
639,disciplinary class,懲戒班,https://terms.naer.edu.tw/
640,discipline,訓練；學門,https://terms.naer.edu.tw/
641,discipline evaluation,學門評鑑,https://terms.naer.edu.tw/
642,discrimination treatment,差別待遇,https://terms.naer.edu.tw/
643,dismissal,免職；解散；退學；驅除,https://terms.naer.edu.tw/
644,disposition,傾向,https://terms.naer.edu.tw/
645,dissertation,學位論文,https://terms.naer.edu.tw/
646,distance learning,遠距教學,https://terms.naer.edu.tw/
647,distribution,分配,https://terms.naer.edu.tw/
648,divinity school,神學院,https://terms.naer.edu.tw/
649,doctor,博士,https://terms.naer.edu.tw/
650,doctor degree,博士學位,https://terms.naer.edu.tw/
651,doctoral candidate,博士[學位]候選人,https://terms.naer.edu.tw/
652,doctoral degree,博士學位,https://terms.naer.edu.tw/
653,doctoral dissertation,博士論文,https://terms.naer.edu.tw/
654,doctorate,博士學位,https://terms.naer.edu.tw/
655,doctorate dissertation,博士論文,https://terms.naer.edu.tw/
656,domestic hygiene,家庭衛生,https://terms.naer.edu.tw/
657,dormitory,學校宿舍,https://terms.naer.edu.tw/
658,double degree,雙學位,https://terms.naer.edu.tw/
659,double major,雙主修,https://terms.naer.edu.tw/
660,double registration,雙重學籍,https://terms.naer.edu.tw/
661,double-track system,雙重軌制,https://terms.naer.edu.tw/
662,drill method,練習法,https://terms.naer.edu.tw/
663,drive,軀力,https://terms.naer.edu.tw/
664,drop-in centre,協談中心 {英},https://terms.naer.edu.tw/
665,dropout,中輟；中途輟學,https://terms.naer.edu.tw/
666,dropout analysis,輟學原因分析,https://terms.naer.edu.tw/
667,dropout rate,輟學率,https://terms.naer.edu.tw/
668,dropouts,中輟生,https://terms.naer.edu.tw/
669,dual degrees system,雙聯學制,https://terms.naer.edu.tw/
670,dual personality,雙重人格,https://terms.naer.edu.tw/
671,Duke of Edinburgh Award,愛丁堡公爵獎助計畫 {英},https://terms.naer.edu.tw/
672,early childhood education,幼兒教育,https://terms.naer.edu.tw/
673,early graduation base on academic excellence,成績優異提前畢業,https://terms.naer.edu.tw/
674,early intervention,早期療育,https://terms.naer.edu.tw/
675,Economic and Social Research Council,經濟與社會研究委員會 {英},https://terms.naer.edu.tw/
676,educability,可教性,https://terms.naer.edu.tw/
677,educated young soldier,知識青年士兵,https://terms.naer.edu.tw/
678,education,教育,https://terms.naer.edu.tw/
679,Education Act,教育法案 {英},https://terms.naer.edu.tw/
680,Education Action Zone,教育行動區 {英},https://terms.naer.edu.tw/
681,education administration authority,主管教育行政機關,https://terms.naer.edu.tw/
682,"Education and Library Boards, Northern Ireland",教育暨圖書署 {英},https://terms.naer.edu.tw/
683,Education Basic Law,教育基本法,https://terms.naer.edu.tw/
684,education budget,教育經費；教育預算,https://terms.naer.edu.tw/
685,Education Data Services,教育資料服務處,https://terms.naer.edu.tw/
686,education for citizenship,公民教育,https://terms.naer.edu.tw/
687,education for mental retardation,智能障礙教育,https://terms.naer.edu.tw/
688,education for national defense,國防教育,https://terms.naer.edu.tw/
689,education for the elderly,老人教育,https://terms.naer.edu.tw/
690,education home visitor,家庭教育訪視員,https://terms.naer.edu.tw/
691,education of blind and deaf-mute,盲聾啞教育,https://terms.naer.edu.tw/
692,education of deaf and dumb,聾啞教育,https://terms.naer.edu.tw/
693,education of leisure,休閒教育,https://terms.naer.edu.tw/
694,education of orphan,孤兒教育,https://terms.naer.edu.tw/
695,education of prisoner,受刑人教育,https://terms.naer.edu.tw/
696,education of will,意志教育,https://terms.naer.edu.tw/
697,education promoting program,教育促進方案,https://terms.naer.edu.tw/
698,Education Reform Act,教育改革法[案] {英},https://terms.naer.edu.tw/
699,Education Reform Council,教育改革推動委員會,https://terms.naer.edu.tw/
700,education social worker,教育社工員,https://terms.naer.edu.tw/
701,education welfare officer {=EWO},教育福利員,https://terms.naer.edu.tw/
702,educational administration,教育行政,https://terms.naer.edu.tw/
703,educational administration portal site,教育行政入口網,https://terms.naer.edu.tw/
704,educational administrator,教育行政人員,https://terms.naer.edu.tw/
705,educational affairs,教育事務,https://terms.naer.edu.tw/
706,educational age {= E.A.},教育年齡,https://terms.naer.edu.tw/
707,educational apartheid,教育上的隔離狀態,https://terms.naer.edu.tw/
708,educational bill,教育法草案,https://terms.naer.edu.tw/
709,educational cinema,教育電影,https://terms.naer.edu.tw/
710,educational conference,教育會議,https://terms.naer.edu.tw/
711,educational criticism,教育評論,https://terms.naer.edu.tw/
712,educational data,教育資料,https://terms.naer.edu.tw/
713,educational decree,教育法令,https://terms.naer.edu.tw/
714,educational department,教育學系,https://terms.naer.edu.tw/
715,educational determinism,教育決定論,https://terms.naer.edu.tw/
716,educational diagnosis,教育診斷,https://terms.naer.edu.tw/
717,educational dictionary,教育辭典,https://terms.naer.edu.tw/
718,educational efficiency,教育效率,https://terms.naer.edu.tw/
719,educational egalitarianism,教育上的平等主義,https://terms.naer.edu.tw/
720,educational elitism,教育精英主義,https://terms.naer.edu.tw/
721,educational endowment,教育捐款；教育基金,https://terms.naer.edu.tw/
722,educational excursion,參觀教學,https://terms.naer.edu.tw/
723,educational expenditure,教育經費支出；教育開支,https://terms.naer.edu.tw/
724,educational experimentation,教育實驗,https://terms.naer.edu.tw/
725,educational expert,教育專家,https://terms.naer.edu.tw/
726,educational finance,教育財政,https://terms.naer.edu.tw/
727,"Educational Funding Committee, Executive Yuan",行政院教育經費基準委員會,https://terms.naer.edu.tw/
728,educational funding formula,教育經費計算基準,https://terms.naer.edu.tw/
729,"Educational Grants Committee, Ministry of Education",教育部教育經費分配審議委員會,https://terms.naer.edu.tw/
730,educational guide,教育指導；教育指南,https://terms.naer.edu.tw/
731,Educational Institute of Scotland {=EIS},蘇格蘭教師聯合會 {英},https://terms.naer.edu.tw/
732,educational journal,教育期刊,https://terms.naer.edu.tw/
733,educational ladder,教育階梯,https://terms.naer.edu.tw/
734,educational library,教育圖書館,https://terms.naer.edu.tw/
735,educational literature,教育文獻,https://terms.naer.edu.tw/
736,educational magazine,教育雜誌,https://terms.naer.edu.tw/
737,educational management information system,教育管理資訊系統,https://terms.naer.edu.tw/
738,educational measurement,教育測量,https://terms.naer.edu.tw/
739,educational museum,教育博物館,https://terms.naer.edu.tw/
740,educational neutralism,教育中立原則,https://terms.naer.edu.tw/
741,educational opportunity,教育機會,https://terms.naer.edu.tw/
742,educational pathology,教育病理學,https://terms.naer.edu.tw/
743,educational penalty,教育的懲罰,https://terms.naer.edu.tw/
744,educational period,教育時期,https://terms.naer.edu.tw/
745,educational periodical,教育期刊,https://terms.naer.edu.tw/
746,educational philosophy,教育哲學,https://terms.naer.edu.tw/
747,educational plant,教育設備；教育設施,https://terms.naer.edu.tw/
748,educational policy,教育政策,https://terms.naer.edu.tw/
749,educational priority areas project,教育優先區計畫,https://terms.naer.edu.tw/
750,educational process,教育歷程,https://terms.naer.edu.tw/
751,educational propaganda,教育宣導,https://terms.naer.edu.tw/
752,educational psychologist,教育心理師,https://terms.naer.edu.tw/
753,educational psychology,教育心理學,https://terms.naer.edu.tw/
754,educational punishment,教育的懲罰,https://terms.naer.edu.tw/
755,educational quotient {= E.Q.},教育商數,https://terms.naer.edu.tw/
756,educational reform,教育改革,https://terms.naer.edu.tw/
757,educational research,教育研究,https://terms.naer.edu.tw/
758,educational right,教育權[利],https://terms.naer.edu.tw/
759,educational sociology,教育社會學,https://terms.naer.edu.tw/
760,educational statistics,教育統計[學],https://terms.naer.edu.tw/
761,educational suggestion,教育建議,https://terms.naer.edu.tw/
762,educational system,教育制度,https://terms.naer.edu.tw/
763,educational test,教育測驗,https://terms.naer.edu.tw/
764,educational value,教育價值,https://terms.naer.edu.tw/
765,educational yearbook,教育年鑑；教育年刊,https://terms.naer.edu.tw/
766,educationalist,教育學家；教育學者,https://terms.naer.edu.tw/
767,educationist,教育學家；教育學者,https://terms.naer.edu.tw/
768,educator,教育工作者,https://terms.naer.edu.tw/
769,Effective Learning Project,有效學習方案 {英},https://terms.naer.edu.tw/
770,efficiency gains,效益指標,https://terms.naer.edu.tw/
771,egocentric,自我中心,https://terms.naer.edu.tw/
772,elective subject,選習科,https://terms.naer.edu.tw/
773,elective system,選修制,https://terms.naer.edu.tw/
774,electronic-based school administration,校務行政ｅ化,https://terms.naer.edu.tw/
775,elementary and junior high school,國民中小學,https://terms.naer.edu.tw/
776,elementary and secondary school,中小學,https://terms.naer.edu.tw/
777,elementary and secondary school of aboriginal,原住民中小學,https://terms.naer.edu.tw/
778,elementary education,初等教育,https://terms.naer.edu.tw/
779,elementary school,小學；基礎學校,https://terms.naer.edu.tw/
780,elementary school English teaching,國小英語教學,https://terms.naer.edu.tw/
781,elocution,演講；辯論術,https://terms.naer.edu.tw/
782,emergency assistance for overseas Chinese students,僑生急難救助,https://terms.naer.edu.tw/
783,emotion,情緒,https://terms.naer.edu.tw/
784,empirical method,經驗法；實徵,https://terms.naer.edu.tw/
785,empirical pedagogy,經驗教育學,https://terms.naer.edu.tw/
786,empirical psychology,實徵心理學,https://terms.naer.edu.tw/
787,empiricism,經驗論；經驗主義,https://terms.naer.edu.tw/
788,encyclopedia of education,教育百科全書,https://terms.naer.edu.tw/
789,endowed school,捐資學校,https://terms.naer.edu.tw/
790,endurance test,持久測驗；耐力測驗,https://terms.naer.edu.tw/
791,engineering college,工學院,https://terms.naer.edu.tw/
792,engineering education,工程教育,https://terms.naer.edu.tw/
793,English,英語,https://terms.naer.edu.tw/
794,Enlightenment,啟蒙運動,https://terms.naer.edu.tw/
795,enrollment,登記；入學；註冊,https://terms.naer.edu.tw/
796,enrollment promoting association,招生策進總會,https://terms.naer.edu.tw/
797,entrance age,入學年齡,https://terms.naer.edu.tw/
798,entrance examination,入學考試,https://terms.naer.edu.tw/
799,entrance requirement,入學標準；入學條件,https://terms.naer.edu.tw/
800,environmental education,環境教育,https://terms.naer.edu.tw/
801,Episcopal school,主教座堂學校；聖公會學校,https://terms.naer.edu.tw/
802,epitome method,摘要法,https://terms.naer.edu.tw/
803,equal opportunity for education,教育機會平等,https://terms.naer.edu.tw/
804,equivalent education level,同等學力,https://terms.naer.edu.tw/
805,equivalent-group method,等組法,https://terms.naer.edu.tw/
806,error curve,錯誤曲線,https://terms.naer.edu.tw/
807,Esperanto,世界語,https://terms.naer.edu.tw/
808,esprit de corps ed.,精神教育　,https://terms.naer.edu.tw/
809,essay-type examination,論文式考試；申論方式測驗,https://terms.naer.edu.tw/
810,esthetic judgment,美感判斷,https://terms.naer.edu.tw/
811,esthetic pedagogy,美育[教]學,https://terms.naer.edu.tw/
812,esthetics,美學,https://terms.naer.edu.tw/
813,ethical education,倫理教育,https://terms.naer.edu.tw/
814,Ethics,倫理學,https://terms.naer.edu.tw/
815,Eugenics,優生學,https://terms.naer.edu.tw/
816,European art diploma,歐洲藝術文憑,https://terms.naer.edu.tw/
817,European Community's Telematics Programme,歐盟社區電腦化教學專案,https://terms.naer.edu.tw/
818,European Union,歐洲聯盟；歐盟,https://terms.naer.edu.tw/
819,evaluation bulletin,評鑑公告；評鑑刊物,https://terms.naer.edu.tw/
820,evaluation of teaching profession,教師專業評鑑,https://terms.naer.edu.tw/
821,evaluation outcome,評鑑成果,https://terms.naer.edu.tw/
822,evaluation standard criteria,評鑑標準,https://terms.naer.edu.tw/
823,evening school,夜校,https://terms.naer.edu.tw/
824,evolutionistic pedagogy,進化論派教育學,https://terms.naer.edu.tw/
825,examination,考試；檢查,https://terms.naer.edu.tw/
826,examination and recognition,考試與檢覈,https://terms.naer.edu.tw/
827,examination of government sponsorship for overseas study,公費留學考試；公費留考,https://terms.naer.edu.tw/
828,examination system,考試制度,https://terms.naer.edu.tw/
829,examining committee,考試委員會,https://terms.naer.edu.tw/
830,excellence for all,追求全體的卓越,https://terms.naer.edu.tw/
831,excellence in schools,追求學校卓越,https://terms.naer.edu.tw/
832,excellent performance,績優,https://terms.naer.edu.tw/
833,exchange of students,學生交換,https://terms.naer.edu.tw/
834,exchange professors,交換教授,https://terms.naer.edu.tw/
835,exclusion from school,解散；退學；驅除,https://terms.naer.edu.tw/
836,executing group,工作執行小組,https://terms.naer.edu.tw/
837,exemplification,例證；範例；楷模,https://terms.naer.edu.tw/
838,exemption,免除；豁免,https://terms.naer.edu.tw/
839,expectant attention,預期注意,https://terms.naer.edu.tw/
840,expense of instruction,教學費用,https://terms.naer.edu.tw/
841,experimental didactics,實驗教學法,https://terms.naer.edu.tw/
842,experimental education,實驗教育,https://terms.naer.edu.tw/
843,experimental group,實驗組,https://terms.naer.edu.tw/
844,experimental high school,實驗高級中學,https://terms.naer.edu.tw/
845,experimental method,實驗法,https://terms.naer.edu.tw/
846,experimental pedagogy,實驗教育學；實驗教學論,https://terms.naer.edu.tw/
847,experimental program of education,實驗教育,https://terms.naer.edu.tw/
848,experimental psychology,實驗心理學,https://terms.naer.edu.tw/
849,experimental school,實驗學校,https://terms.naer.edu.tw/
850,exploration course,試探科目,https://terms.naer.edu.tw/
851,exploratory course,試探科目,https://terms.naer.edu.tw/
852,express class,速成班,https://terms.naer.edu.tw/
853,expressive subject,發表學科,https://terms.naer.edu.tw/
854,expulsion,解散；退學；驅除；勒令退學,https://terms.naer.edu.tw/
855,extension class,推廣班,https://terms.naer.edu.tw/
856,extension course,推廣科目,https://terms.naer.edu.tw/
857,extensive method,博覽法,https://terms.naer.edu.tw/
858,extern,走讀生；通學生,https://terms.naer.edu.tw/
859,external complaints adjudicator,局外申訴仲裁員 {英},https://terms.naer.edu.tw/
860,external degree,外部學位,https://terms.naer.edu.tw/
861,external evaluation,外部評鑑,https://terms.naer.edu.tw/
862,external examination,外部考試,https://terms.naer.edu.tw/
863,external graduate,外部畢業生,https://terms.naer.edu.tw/
864,extra assignment,額外指定作業,https://terms.naer.edu.tw/
865,extra-class activity,課外活動,https://terms.naer.edu.tw/
866,extra-curriculum activity,課外活動,https://terms.naer.edu.tw/
867,extra-school activity,校外活動,https://terms.naer.edu.tw/
868,extroversion,外向,https://terms.naer.edu.tw/
869,extrovert,外向者,https://terms.naer.edu.tw/
870,F-score,F分數,https://terms.naer.edu.tw/
871,factory apprentice school,工廠藝徒學校,https://terms.naer.edu.tw/
872,factory school,工場學校,https://terms.naer.edu.tw/
873,faculty,教師；科系；所,https://terms.naer.edu.tw/
874,faculty of arts,文學院,https://terms.naer.edu.tw/
875,faculty psychology,官能心理學,https://terms.naer.edu.tw/
876,failing school,劣等學校；不合格之學校,https://terms.naer.edu.tw/
877,family education,家庭教育,https://terms.naer.edu.tw/
878,family-related factor,家庭因素,https://terms.naer.edu.tw/
879,fancy,幻想,https://terms.naer.edu.tw/
880,fantasy,幻想,https://terms.naer.edu.tw/
881,farm school,農場學校,https://terms.naer.edu.tw/
882,feeble children,低能兒童,https://terms.naer.edu.tw/
883,feeble mindedness,低能,https://terms.naer.edu.tw/
884,feeling,感情；感受；情感,https://terms.naer.edu.tw/
885,fellowship,獎學金；研究基金,https://terms.naer.edu.tw/
886,field lesson,實地學習課,https://terms.naer.edu.tw/
887,field practice,野外實習；實地實習,https://terms.naer.edu.tw/
888,field work,實地工作,https://terms.naer.edu.tw/
889,fighting instinct,爭鬥本能,https://terms.naer.edu.tw/
890,figurability,可陶冶性；可塑性,https://terms.naer.edu.tw/
891,final examination,期末考試,https://terms.naer.edu.tw/
892,final oral examination graduate degree,研究生學位考試,https://terms.naer.edu.tw/
893,fine arts school,美術學校,https://terms.naer.edu.tw/
894,finger alphabet,指語字母,https://terms.naer.edu.tw/
895,finger language,指語,https://terms.naer.edu.tw/
896,finger manipulation,指算,https://terms.naer.edu.tw/
897,finger reading,指讀法,https://terms.naer.edu.tw/
898,finger speech,指語,https://terms.naer.edu.tw/
899,first certificate examination,中學第一試 {英},https://terms.naer.edu.tw/
900,first review,初審,https://terms.naer.edu.tw/
901,first stage certification,初檢,https://terms.naer.edu.tw/
902,fisheries education,水產教育,https://terms.naer.edu.tw/
903,five formal lesson-steps,五段教學法,https://terms.naer.edu.tw/
904,flexible promotion,彈性升級,https://terms.naer.edu.tw/
905,flexible shifting group plan,彈性分組制,https://terms.naer.edu.tw/
906,folk high school,民間中學；人民高中；民眾高等學校{丹麥},https://terms.naer.edu.tw/
907,folk psychology,民族心理學,https://terms.naer.edu.tw/
908,follow-up evaluation,追蹤評鑑,https://terms.naer.edu.tw/
909,follow-up inspection,追蹤訪視；追蹤視導,https://terms.naer.edu.tw/
910,forced attendance at school,強迫就學,https://terms.naer.edu.tw/
911,foreign English teacher,外籍英語教師,https://terms.naer.edu.tw/
912,foreign student,外國學生；外籍學生,https://terms.naer.edu.tw/
913,foreign student study in Taiwan,來臺外籍生,https://terms.naer.edu.tw/
914,forest school,林間學校,https://terms.naer.edu.tw/
915,forestry education,林業教育,https://terms.naer.edu.tw/
916,forgetting curve,遺忘曲線,https://terms.naer.edu.tw/
917,form,年級,https://terms.naer.edu.tw/
918,form master,年級主任；班主任；年級教師 {男},https://terms.naer.edu.tw/
919,form mistress,年級主任；班主任；年級教師 {女},https://terms.naer.edu.tw/
920,form system,年級制 {英},https://terms.naer.edu.tw/
921,formal culture,形式陶冶；形式訓練；正式文化,https://terms.naer.edu.tw/
922,formal discipline,形式陶冶；形式訓練；正式訓練,https://terms.naer.edu.tw/
923,formal education,正規教育,https://terms.naer.edu.tw/
924,formal subject,正式學科,https://terms.naer.edu.tw/
925,formation of character,品格培養,https://terms.naer.edu.tw/
926,foundation reader,基礎讀本,https://terms.naer.edu.tw/
927,foundation school,基礎學校,https://terms.naer.edu.tw/
928,Foundation Subjects,基礎科目,https://terms.naer.edu.tw/
929,fraternity,兄弟會,https://terms.naer.edu.tw/
930,free association,自由聯想,https://terms.naer.edu.tw/
931,free education,免費教育,https://terms.naer.edu.tw/
932,free place,免費入學員額,https://terms.naer.edu.tw/
933,free play,自由遊戲,https://terms.naer.edu.tw/
934,free school,免費學校,https://terms.naer.edu.tw/
935,free will,自由意志,https://terms.naer.edu.tw/
936,frequency,次數,https://terms.naer.edu.tw/
937,frequency distribution,次數分配,https://terms.naer.edu.tw/
938,frequency polygon,次數多邊形,https://terms.naer.edu.tw/
939,frequency surface,次數面,https://terms.naer.edu.tw/
940,frequency table,次數表,https://terms.naer.edu.tw/
941,Fresh Start Scheme,重新出發計畫 {英},https://terms.naer.edu.tw/
942,fresh-air class,露天教學班,https://terms.naer.edu.tw/
943,fresh-air school,露天學校,https://terms.naer.edu.tw/
944,freshman,新生；一年級學生；新手,https://terms.naer.edu.tw/
945,freshman class,新生班,https://terms.naer.edu.tw/
946,freshman week,新生週,https://terms.naer.edu.tw/
947,frontier education,邊疆教育,https://terms.naer.edu.tw/
948,full-time student,全職生；全時生,https://terms.naer.edu.tw/
949,full-time teacher,專任教師,https://terms.naer.edu.tw/
950,functional psychology,機能心理學,https://terms.naer.edu.tw/
951,fundamental subject,基本科目；基本學科,https://terms.naer.edu.tw/
952,Funding Agency for Schools {=FAS},學校經費局 {英},https://terms.naer.edu.tw/
953,Further and Higher Education Act,擴充與高等教育法案 {英},https://terms.naer.edu.tw/
954,further education {=FE},進修教育；擴充教育 {英},https://terms.naer.edu.tw/
955,Further Education College {=FE College},擴充教育學院 {英},https://terms.naer.edu.tw/
956,Further Education Funding Council {=FEFC},擴充教育撥款委員會 {英},https://terms.naer.edu.tw/
957,Further Education Funding Council for England {=FEFCE},英格蘭擴充教育撥款委員會 {英},https://terms.naer.edu.tw/
958,Further Education Funding Council for Wales {=FEFCI},威爾斯擴充教育撥款委員會 {英},https://terms.naer.edu.tw/
959,Further Education Headmaster League {=FEHL},擴充教育學院校長聯盟 {英},https://terms.naer.edu.tw/
960,Future Learning Centre,未來學習中心{英},https://terms.naer.edu.tw/
961,G-score,G分數,https://terms.naer.edu.tw/
962,gardening school,園藝學校,https://terms.naer.edu.tw/
963,gender discrimination,性別歧視,https://terms.naer.edu.tw/
964,gender education,兩性教育,https://terms.naer.edu.tw/
965,gender equity,性別平等,https://terms.naer.edu.tw/
966,gender equity education,性別平等教育,https://terms.naer.edu.tw/
967,gender stereotype,性別刻板印象,https://terms.naer.edu.tw/
968,gender tendency,性別傾向,https://terms.naer.edu.tw/
969,gender traits,性別特質,https://terms.naer.edu.tw/
970,general ability,一般能力,https://terms.naer.edu.tw/
971,general and vocational high school,高中職,https://terms.naer.edu.tw/
972,General Certificate of Education Advanced level {=GCE A level},普通教育證書進階級會考 {英},https://terms.naer.edu.tw/
973,General Certificate of Education Advanced Supplementary level {=GCE AS level},普通教育證書進階輔助級會考 {英},https://terms.naer.edu.tw/
974,General Certificate of Education Ordinary Level {=GCE O level},普通教育證書尋常級會考 {英},https://terms.naer.edu.tw/
975,General Certificate of Secondary Education {=GCSE},中等教育普通證書{英},https://terms.naer.edu.tw/
976,general culture,一般陶冶,https://terms.naer.edu.tw/
977,general didactics,普通教授學,https://terms.naer.edu.tw/
978,general education,普通教育,https://terms.naer.edu.tw/
979,general educational subsidy,一般教育補助,https://terms.naer.edu.tw/
980,General English Proficiency Test,全民英語能力分級檢定測驗,https://terms.naer.edu.tw/
981,general intelligence,一般智能,https://terms.naer.edu.tw/
982,general method of teaching,普通教學法,https://terms.naer.edu.tw/
983,General National Vocational Qualifications {=GNVQ},國家普通職業資格證書 {英},https://terms.naer.edu.tw/
984,General National Vocational Qualifications Advance Level {=GNVQ Advance Level },國家普通職業資格證書-進階級 {英},https://terms.naer.edu.tw/
985,General National Vocational Qualifications Foundation Level {= GNVQ Foundation Level},國家普通職業資格證書-基礎級 {英},https://terms.naer.edu.tw/
986,General National Vocational Qualifications Intermediate Level {= GNVQ Intermediate Level},國家普通職業資格證書-中間級 {英},https://terms.naer.edu.tw/
987,general project,一般型計畫,https://terms.naer.edu.tw/
988,general science,自然科學通論,https://terms.naer.edu.tw/
989,General Teaching Council,教學總會 {英},https://terms.naer.edu.tw/
990,generalization,類化,https://terms.naer.edu.tw/
991,genetic method,發生法,https://terms.naer.edu.tw/
992,genetic psychology,發生心理學,https://terms.naer.edu.tw/
993,genius,天才,https://terms.naer.edu.tw/
994,gestalt psychology,格式塔心理學；完形心理學,https://terms.naer.edu.tw/
995,gesture language,肢體語言,https://terms.naer.edu.tw/
996,gift,恩物,https://terms.naer.edu.tw/
997,gifted child,天才兒童；優異兒童,https://terms.naer.edu.tw/
998,gild school,行會學校,https://terms.naer.edu.tw/
999,girl scout,女童子軍,https://terms.naer.edu.tw/
1000,girlhood,少女期,https://terms.naer.edu.tw/
1001,girls' high school,女子中學,https://terms.naer.edu.tw/
1002,glee club,歌詠團,https://terms.naer.edu.tw/
1003,government scholarship,公費獎學金,https://terms.naer.edu.tw/
1004,government sponsorship,公費待遇,https://terms.naer.edu.tw/
1005,gradation method,等第法,https://terms.naer.edu.tw/
1006,grade,等第；年級；分數,https://terms.naer.edu.tw/
1007,Grade 1-9 Curriculum,九年一貫課程；一至九年級課程,https://terms.naer.edu.tw/
1008,Grade 1-9 Curriculum Guidelines,九年一貫課程綱要；一至九年級課程綱要,https://terms.naer.edu.tw/
1009,grade distribution,等級分配；年級分配,https://terms.naer.edu.tw/
1010,grade forum,學年會議,https://terms.naer.edu.tw/
1011,grade group plan,年級分組制,https://terms.naer.edu.tw/
1012,grade norm,年級常模,https://terms.naer.edu.tw/
1013,grade scale,年級量表,https://terms.naer.edu.tw/
1014,grade school,學級學校,https://terms.naer.edu.tw/
1015,grade-progress table,成績進步表,https://terms.naer.edu.tw/
1016,graded system,多級制,https://terms.naer.edu.tw/
1017,graduate,畢業生,https://terms.naer.edu.tw/
1018,graduate of the current year,應屆畢業,https://terms.naer.edu.tw/
1019,graduate school,研究所,https://terms.naer.edu.tw/
1020,graduate student,研究生,https://terms.naer.edu.tw/
1021,graduation,畢業,https://terms.naer.edu.tw/
1022,graduation certificate,證明書,https://terms.naer.edu.tw/
1023,graduation requirement,畢業條件；畢業要求標準,https://terms.naer.edu.tw/
1024,grammar course,文法課程,https://terms.naer.edu.tw/
1025,grammar school,文法學校 {美}；文法中學 {英},https://terms.naer.edu.tw/
1026,grandparenting,隔代教養,https://terms.naer.edu.tw/
1027,grant-maintained school {=GMS/GM schools},直接受[中央政府]補助學校{英},https://terms.naer.edu.tw/
1028,grant-maintained special school {=GMSS},直接受[中央政府]補助之特殊學校 {英},https://terms.naer.edu.tw/
1029,grants,補助費；補助金；獎助學金,https://terms.naer.edu.tw/
1030,graphical representation,圖示,https://terms.naer.edu.tw/
1031,gregarious instinct,群聚本能,https://terms.naer.edu.tw/
1032,grievance,申訴,https://terms.naer.edu.tw/
1033,group instruction,分組教學,https://terms.naer.edu.tw/
1034,group supervision,團體視導；團體督導,https://terms.naer.edu.tw/
1035,group system,分組制,https://terms.naer.edu.tw/
1036,grouping by ability,能力分組,https://terms.naer.edu.tw/
1037,guest-pupil,旁聽生,https://terms.naer.edu.tw/
1038,guidance department,輔導處,https://terms.naer.edu.tw/
1039,guidance group,輔導團,https://terms.naer.edu.tw/
1040,guild school,行會學校,https://terms.naer.edu.tw/
1041,gustatory sensation,味覺,https://terms.naer.edu.tw/
1042,gymnasium,體育館；文科中學 {德},https://terms.naer.edu.tw/
1043,gymnastics,體操,https://terms.naer.edu.tw/
1044,half-day school,半日制學校,https://terms.naer.edu.tw/
1045,half-time system,二部制,https://terms.naer.edu.tw/
1046,hallucination,幻覺,https://terms.naer.edu.tw/
1047,handicraft school,手工藝學校,https://terms.naer.edu.tw/
1048,hazing,被欺侮；受辱,https://terms.naer.edu.tw/
1049,headmaster,中小學男校長,https://terms.naer.edu.tw/
1050,headmistress,中小學女校長,https://terms.naer.edu.tw/
1051,heads of department {=HOD},系主任 {大學}；學科主任 {中小學},https://terms.naer.edu.tw/
1052,headteacher,中小學校長；小學校長 {英},https://terms.naer.edu.tw/
1053,health and physical education,健康與體育,https://terms.naer.edu.tw/
1054,health education,健康教育,https://terms.naer.edu.tw/
1055,health impairments,身體病弱,https://terms.naer.edu.tw/
1056,hearing impairments,聽覺障礙,https://terms.naer.edu.tw/
1057,height-weight table,身高體重表,https://terms.naer.edu.tw/
1058,Her Majesty's Chief Inspector of Schools,皇家總督學 {英},https://terms.naer.edu.tw/
1059,Her Majesty's Inspectorate,皇家督學處 {英},https://terms.naer.edu.tw/
1060,Her Majesty's Inspectors of Schools,皇家督學 {英},https://terms.naer.edu.tw/
1061,heredity,遺傳,https://terms.naer.edu.tw/
1062,heuristic method,捷思法,https://terms.naer.edu.tw/
1063,heuristic mode of teaching,啟發式教學,https://terms.naer.edu.tw/
1064,high school,中學,https://terms.naer.edu.tw/
1065,high school district,中學區,https://terms.naer.edu.tw/
1066,high school integrating with local community,高中職社區化,https://terms.naer.edu.tw/
1067,high-school extension,中學推廣教育,https://terms.naer.edu.tw/
1068,higher education,高等教育,https://terms.naer.edu.tw/
1069,Higher Education Funding Council {=HEFC},高等教育撥款委員會 {英},https://terms.naer.edu.tw/
1070,Higher Education Funding Council for England {=HEFCE},英格蘭高等教育撥款委員會 {英},https://terms.naer.edu.tw/
1071,Higher Education Funding Council for Wales {=HEFCW},威爾斯高等教育撥款委員會 {英},https://terms.naer.edu.tw/
1072,Higher National Certificate {=HNC},高等國家證書{英},https://terms.naer.edu.tw/
1073,higher normal school,高等師範學校 {法},https://terms.naer.edu.tw/
1074,Higher Still,高續證書{蘇格蘭},https://terms.naer.edu.tw/
1075,Higher Still Development Unit,高續證書發展小組 {蘇格蘭},https://terms.naer.edu.tw/
1076,histogram,直方圖,https://terms.naer.edu.tw/
1077,history of education,教育史,https://terms.naer.edu.tw/
1078,holiday,假日,https://terms.naer.edu.tw/
1079,holiday course,假日班；假日課程,https://terms.naer.edu.tw/
1080,home and school club,家庭與學校聯誼社,https://terms.naer.edu.tw/
1081,home card,家庭聯絡卡,https://terms.naer.edu.tw/
1082,home economics education,家政教育；家事教育,https://terms.naer.edu.tw/
1083,home education,家庭教育；在家教育,https://terms.naer.edu.tw/
1084,home lesson,家庭課業,https://terms.naer.edu.tw/
1085,home liaison teacher,家庭聯絡教師 {英},https://terms.naer.edu.tw/
1086,home room,主班；自己的教室 {美},https://terms.naer.edu.tw/
1087,home tutor,家庭教師 {英},https://terms.naer.edu.tw/
1088,home visiting,家庭訪問,https://terms.naer.edu.tw/
1089,home work,家庭作業,https://terms.naer.edu.tw/
1090,home-economics school,家政學校,https://terms.naer.edu.tw/
1091,home-room teacher,班導師,https://terms.naer.edu.tw/
1092,Home-School Councils,家庭學校委員會 {英},https://terms.naer.edu.tw/
1093,homework clubs,安親班；課業輔導班 {英},https://terms.naer.edu.tw/
1094,honor course,大學優異級課程 {英},https://terms.naer.edu.tw/
1095,honor credit,大學優異級學分 {英},https://terms.naer.edu.tw/
1096,honor roll,榮譽榜,https://terms.naer.edu.tw/
1097,honor system,榮譽制,https://terms.naer.edu.tw/
1098,honorary degree,榮譽學位,https://terms.naer.edu.tw/
1099,honorary doctorate,名譽博士；榮譽博士,https://terms.naer.edu.tw/
1100,honorary professor,名譽教授,https://terms.naer.edu.tw/
1101,honors degree,高等學士學位 {英},https://terms.naer.edu.tw/
1102,honors student,優等生,https://terms.naer.edu.tw/
1103,hostel,招待所；小旅館；大學生宿舍,https://terms.naer.edu.tw/
1104,hourly pay,鐘點費,https://terms.naer.edu.tw/
1105,house master,男舍監,https://terms.naer.edu.tw/
1106,house of correction,矯正院；感化院,https://terms.naer.edu.tw/
1107,house system,齋舍制 {英},https://terms.naer.edu.tw/
1108,household education,家政教育；家事教育,https://terms.naer.edu.tw/
1109,human capital,人力資本,https://terms.naer.edu.tw/
1110,human resource development,人力資源發展；人才培育,https://terms.naer.edu.tw/
1111,human rights education,人權教育,https://terms.naer.edu.tw/
1112,humanism,人本主義；人文主義,https://terms.naer.edu.tw/
1113,humanistic education,人本教育；人文教育,https://terms.naer.edu.tw/
1114,hygiene education,衛生教育；保健教育,https://terms.naer.edu.tw/
1115,hypermnesia,強記,https://terms.naer.edu.tw/
1116,idea,觀念,https://terms.naer.edu.tw/
1117,ideal,理想,https://terms.naer.edu.tw/
1118,idealism,理想主義；唯心論；觀念論,https://terms.naer.edu.tw/
1119,idiocy,下愚,https://terms.naer.edu.tw/
1120,idiot,下愚者,https://terms.naer.edu.tw/
1121,illiterate,文盲,https://terms.naer.edu.tw/
1122,illusion,錯覺,https://terms.naer.edu.tw/
1123,illustration meeting,說明會,https://terms.naer.edu.tw/
1124,image,意像；像,https://terms.naer.edu.tw/
1125,imageless thought,無意像之思想,https://terms.naer.edu.tw/
1126,imbecile,中愚者,https://terms.naer.edu.tw/
1127,imbecility,中愚,https://terms.naer.edu.tw/
1128,imitation,模仿,https://terms.naer.edu.tw/
1129,imitativeness,模仿性,https://terms.naer.edu.tw/
1130,immediate experience,立即經驗,https://terms.naer.edu.tw/
1131,immigrant education,移民教育,https://terms.naer.edu.tw/
1132,improvement curve,進步曲線,https://terms.naer.edu.tw/
1133,impulse,衝動,https://terms.naer.edu.tw/
1134,impulsiveness,衝動性,https://terms.naer.edu.tw/
1135,in-service education of teachers {=INSET},教師在職教育,https://terms.naer.edu.tw/
1136,in-service education program,在職專班,https://terms.naer.edu.tw/
1137,in-service training,在職進修,https://terms.naer.edu.tw/
1138,incidental education,隨機教育,https://terms.naer.edu.tw/
1139,incidental learning,隨機學習,https://terms.naer.edu.tw/
1140,incidental teaching method,隨機教學法,https://terms.naer.edu.tw/
1141,incompetent teacher,不適任教師,https://terms.naer.edu.tw/
1142,Incorporated Association of Preparatory Schools {=IAPS},預備學校法人協會 {英},https://terms.naer.edu.tw/
1143,incorporation teaching method,融入式教學,https://terms.naer.edu.tw/
1144,indefinite tenure,無限任期,https://terms.naer.edu.tw/
1145,independent further education college,獨立的擴充教育學院 {英}；私立的擴充教育學院 {英},https://terms.naer.edu.tw/
1146,independent inspector,獨立督學 {英},https://terms.naer.edu.tw/
1147,independent reading,獨立閱讀,https://terms.naer.edu.tw/
1148,independent school,獨立學校 {英}；私立學校 {英},https://terms.naer.edu.tw/
1149,Independent Schools Information Service {=ISIS},獨立學校資訊服務處 {英}；私立學校資訊服務處 {英},https://terms.naer.edu.tw/
1150,indicator of educational quality,教育品質指標,https://terms.naer.edu.tw/
1151,indigenous educational right,民族教育權；原住民教育權,https://terms.naer.edu.tw/
1152,indirect discipline,間接訓練,https://terms.naer.edu.tw/
1153,indirect interest,間接興趣,https://terms.naer.edu.tw/
1154,indirect learning,間接學習,https://terms.naer.edu.tw/
1155,indirect method of teaching,間接教學法,https://terms.naer.edu.tw/
1156,individual application,個人申請,https://terms.naer.edu.tw/
1157,individual difference,個別差異,https://terms.naer.edu.tw/
1158,individual education,個別教育,https://terms.naer.edu.tw/
1159,individual initiative,個人創動,https://terms.naer.edu.tw/
1160,individual instruction,個別教學,https://terms.naer.edu.tw/
1161,individual intelligence test,個別智力測驗,https://terms.naer.edu.tw/
1162,Individual psychology,個人心理學,https://terms.naer.edu.tw/
1163,individual reading,個別閱讀,https://terms.naer.edu.tw/
1164,individual teaching,個別教學,https://terms.naer.edu.tw/
1165,individualism,個人主義,https://terms.naer.edu.tw/
1166,Individualized Education Program {= IEP},個別化教育計畫,https://terms.naer.edu.tw/
1167,Individualized Transition Plan {= ITP},個別化轉銜計畫,https://terms.naer.edu.tw/
1168,indoor play,室內活動,https://terms.naer.edu.tw/
1169,inductive method,歸納法,https://terms.naer.edu.tw/
1170,industrial arts,工藝,https://terms.naer.edu.tw/
1171,industrial arts education,工藝教育,https://terms.naer.edu.tw/
1172,industrial education,工業教育；實業教育,https://terms.naer.edu.tw/
1173,industrial psychology,工業心理學,https://terms.naer.edu.tw/
1174,industrial school,工業學校；實業學校,https://terms.naer.edu.tw/
1175,infancy,嬰孩期,https://terms.naer.edu.tw/
1176,infant education,幼兒教育,https://terms.naer.edu.tw/
1177,infant prodigy,天才兒童；優異兒童,https://terms.naer.edu.tw/
1178,infant school,幼兒學校 {英},https://terms.naer.edu.tw/
1179,infant-asylum,育幼院,https://terms.naer.edu.tw/
1180,infantia,嬰孩期,https://terms.naer.edu.tw/
1181,inference,推論；推理,https://terms.naer.edu.tw/
1182,inferiority complex,自卑情結,https://terms.naer.edu.tw/
1183,informal education,非正規教育；非正式教育,https://terms.naer.edu.tw/
1184,information,資訊；知識,https://terms.naer.edu.tw/
1185,information and communication technology {=ICT},資訊與通訊科技 {英},https://terms.naer.edu.tw/
1186,information subject,知識科目；資訊學科,https://terms.naer.edu.tw/
1187,information technology education,資訊教育,https://terms.naer.edu.tw/
1188,inheritance,遺傳,https://terms.naer.edu.tw/
1189,initial contract,初聘,https://terms.naer.edu.tw/
1190,initial teacher training {=ITT},教師職前培訓；初任教師培訓,https://terms.naer.edu.tw/
1191,innate idea,先天觀念,https://terms.naer.edu.tw/
1192,Innovations Centre,創意中心,https://terms.naer.edu.tw/
1193,insight,頓悟；洞悟；洞見；洞察,https://terms.naer.edu.tw/
1194,insight learning,頓悟學習；洞悟學習,https://terms.naer.edu.tw/
1195,insignia,徽章,https://terms.naer.edu.tw/
1196,inspection,視察,https://terms.naer.edu.tw/
1197,inspector,督學,https://terms.naer.edu.tw/
1198,inspector-general,主任督學,https://terms.naer.edu.tw/
1199,instinct,本能,https://terms.naer.edu.tw/
1200,instinct of construction,建造本能,https://terms.naer.edu.tw/
1201,instinct of curiosity,好奇本能,https://terms.naer.edu.tw/
1202,institute,所；會；社；館；學院；研究所,https://terms.naer.edu.tw/
1203,institute for promoting aboriginal education,原住民推廣教育機構,https://terms.naer.edu.tw/
1204,"Institute of Education, University of London",倫敦大學教育學院,https://terms.naer.edu.tw/
1205,institution status change,[學校]改制,https://terms.naer.edu.tw/
1206,institutions for academic research,學術研究機構,https://terms.naer.edu.tw/
1207,institutions of higher education {=HEIs},大專校院,https://terms.naer.edu.tw/
1208,instruction,講授；教導；教學,https://terms.naer.edu.tw/
1209,instruction by academic competence-based grouping,學科能力分組教學,https://terms.naer.edu.tw/
1210,instruction equipment budget,教學設備經費,https://terms.naer.edu.tw/
1211,instructional assessment,教學評量,https://terms.naer.edu.tw/
1212,instructor,講師；教師,https://terms.naer.edu.tw/
1213,integral experimental project,整合實驗方案,https://terms.naer.edu.tw/
1214,integrated curriculum,統整課程,https://terms.naer.edu.tw/
1215,integrated instruction,統整教學；整合教學,https://terms.naer.edu.tw/
1216,integrated project,整合型計畫,https://terms.naer.edu.tw/
1217,integrated services digital network {=ISDN},整合型服務數位網路,https://terms.naer.edu.tw/
1218,integrating kindergartens and nursery schools,幼托整合,https://terms.naer.edu.tw/
1219,integrating with local community,社區化,https://terms.naer.edu.tw/
1220,integrative activities,綜合活動,https://terms.naer.edu.tw/
1221,intellect,智性,https://terms.naer.edu.tw/
1222,intellectual education,智育,https://terms.naer.edu.tw/
1223,Intellectualism,主智論；主知論,https://terms.naer.edu.tw/
1224,Intellectualistic education,主智教育；主知教育,https://terms.naer.edu.tw/
1225,intelligence,智力,https://terms.naer.edu.tw/
1226,intelligence measurement,智力測驗,https://terms.naer.edu.tw/
1227,intelligence quotient {= I.Q.},智力商數；智商,https://terms.naer.edu.tw/
1228,intelligence test,智力測驗,https://terms.naer.edu.tw/
1229,intention,意向,https://terms.naer.edu.tw/
1230,inter-collegiate athletics,校際體育競賽,https://terms.naer.edu.tw/
1231,inter-collegiate course taking,校際選課,https://terms.naer.edu.tw/
1232,interactive presentation,互動式展示,https://terms.naer.edu.tw/
1233,intermediate education,中間教育 {英},https://terms.naer.edu.tw/
1234,intermediate examination,中間教育考試 {英},https://terms.naer.edu.tw/
1235,intermediate school,中間學校,https://terms.naer.edu.tw/
1236,intermural athletics,院際體育競賽,https://terms.naer.edu.tw/
1237,intern,實習教師,https://terms.naer.edu.tw/
1238,internal evaluation,內部評鑑,https://terms.naer.edu.tw/
1239,internal network within schools and colleges,校園內部資訊互聯網,https://terms.naer.edu.tw/
1240,internal student,校內生,https://terms.naer.edu.tw/
1241,international academic cooperation,國際學術合作,https://terms.naer.edu.tw/
1242,International Association for the Evaluation of Educational Achievement,國際教育成就評鑑學會 {英},https://terms.naer.edu.tw/
1243,international competitiveness,國際競爭力,https://terms.naer.edu.tw/
1244,international cooperation,國際合作,https://terms.naer.edu.tw/
1245,international education,國際教育,https://terms.naer.edu.tw/
1246,internet environment equipment readiness,網路環境整備,https://terms.naer.edu.tw/
1247,internet teaching materials for lifelong learning,終身學習網路教材,https://terms.naer.edu.tw/
1248,interscholastic athletics,校際體育競賽,https://terms.naer.edu.tw/
1249,intramural athletics,校內體育競賽,https://terms.naer.edu.tw/
1250,introspection,內省,https://terms.naer.edu.tw/
1251,introspection method,內省法,https://terms.naer.edu.tw/
1252,introversion,內向,https://terms.naer.edu.tw/
1253,introvert,內向者,https://terms.naer.edu.tw/
1254,intuition,直覺,https://terms.naer.edu.tw/
1255,intuitional instruction,直觀教學,https://terms.naer.edu.tw/
1256,intuitive method,直觀法,https://terms.naer.edu.tw/
1257,invalid children,病弱兒童,https://terms.naer.edu.tw/
1258,investigation of individuality,個性調查,https://terms.naer.edu.tw/
1259,irritability,可激性,https://terms.naer.edu.tw/
1260,Islamic education,回教教育；伊斯蘭教育,https://terms.naer.edu.tw/
1261,item bank,測驗題庫,https://terms.naer.edu.tw/
1262,joint overseas recruitment,海外聯合招生,https://terms.naer.edu.tw/
1263,Joint-entrance Examination Center,聯合入學測驗中心；聯合入學考試中心,https://terms.naer.edu.tw/
1264,journalistic education,新聞學教育,https://terms.naer.edu.tw/
1265,judgment,判斷,https://terms.naer.edu.tw/
1266,junior,三年級生 {美},https://terms.naer.edu.tw/
1267,junior class,三年級 {美},https://terms.naer.edu.tw/
1268,junior college,專科學校 {台灣}；初級學院 {美},https://terms.naer.edu.tw/
1269,Junior College Law,專科學校法,https://terms.naer.edu.tw/
1270,junior high school,初級中學；國民中學,https://terms.naer.edu.tw/
1271,junior school,初級小學 {英},https://terms.naer.edu.tw/
1272,junior technical school,初級技藝學校 {英},https://terms.naer.edu.tw/
1273,juvenile court,少年法庭,https://terms.naer.edu.tw/
1274,juvenile delinquency,少年犯罪,https://terms.naer.edu.tw/
1275,juvenile literature,少年文學,https://terms.naer.edu.tw/
1276,juvenile prison,少年監獄,https://terms.naer.edu.tw/
1277,Key Stages,關鍵階段 {英},https://terms.naer.edu.tw/
1278,Kids' Clubs Network,安親班聯合會 {英},https://terms.naer.edu.tw/
1279,kindergarten,幼兒園；幼稚園,https://terms.naer.edu.tw/
1280,kindergarten education,幼兒園教育；幼稚園教育,https://terms.naer.edu.tw/
1281,kindergartner,幼兒園教師；幼稚園教師,https://terms.naer.edu.tw/
1282,kinematography,活動電影,https://terms.naer.edu.tw/
1283,kinesthetic sensation,動覺,https://terms.naer.edu.tw/
1284,knowledge,資訊；知識,https://terms.naer.edu.tw/
1285,labor college,勞動學院,https://terms.naer.edu.tw/
1286,laboratory,實驗室,https://terms.naer.edu.tw/
1287,laboratory assistant,實驗室助理,https://terms.naer.edu.tw/
1288,laboratory manual,實驗手冊,https://terms.naer.edu.tw/
1289,laboratory method,實驗法,https://terms.naer.edu.tw/
1290,laboratory school,實驗學校,https://terms.naer.edu.tw/
1291,laboratory technician,實驗室技師,https://terms.naer.edu.tw/
1292,laggard student,遲鈍學生,https://terms.naer.edu.tw/
1293,language,語言,https://terms.naer.edu.tw/
1294,language ability certificate,語言能力證明,https://terms.naer.edu.tw/
1295,language arts,語文,https://terms.naer.edu.tw/
1296,language disorders,語言障礙,https://terms.naer.edu.tw/
1297,lantern slide,幻燈片,https://terms.naer.edu.tw/
1298,Latin grammar school,拉丁文法學校,https://terms.naer.edu.tw/
1299,law college,法學院,https://terms.naer.edu.tw/
1300,law education,法律教育；法學教育,https://terms.naer.edu.tw/
1301,law of association,聯結律,https://terms.naer.edu.tw/
1302,law of contiguity,接近律,https://terms.naer.edu.tw/
1303,law of contrast,對比律,https://terms.naer.edu.tw/
1304,law of disuse,不用律,https://terms.naer.edu.tw/
1305,law of effect,效果律,https://terms.naer.edu.tw/
1306,law of error,誤差律,https://terms.naer.edu.tw/
1307,law of exercise,練習律,https://terms.naer.edu.tw/
1308,law of frequency,頻因律,https://terms.naer.edu.tw/
1309,law of intensity,強因律,https://terms.naer.edu.tw/
1310,law of learning,學習律,https://terms.naer.edu.tw/
1311,law of primacy,首因律,https://terms.naer.edu.tw/
1312,law of readiness,準備律,https://terms.naer.edu.tw/
1313,law of recency,近因律,https://terms.naer.edu.tw/
1314,law of resemblance,類似律,https://terms.naer.edu.tw/
1315,law of similarity,類似律,https://terms.naer.edu.tw/
1316,law of tension,緊張律,https://terms.naer.edu.tw/
1317,law of use,使用律,https://terms.naer.edu.tw/
1318,law school,法學院,https://terms.naer.edu.tw/
1319,lay inspector,業餘督學 {英},https://terms.naer.edu.tw/
1320,lay off,資遣,https://terms.naer.edu.tw/
1321,leadership,領導[能力],https://terms.naer.edu.tw/
1322,learning activities in schools,學校學習活動,https://terms.naer.edu.tw/
1323,learning areas,學習領域,https://terms.naer.edu.tw/
1324,learning by chance,機遇學習,https://terms.naer.edu.tw/
1325,learning by doing,做中學,https://terms.naer.edu.tw/
1326,learning by experience,從經驗中學習,https://terms.naer.edu.tw/
1327,learning by imitation,模仿學習,https://terms.naer.edu.tw/
1328,learning curve,學習曲線,https://terms.naer.edu.tw/
1329,learning disabilities,學習障礙,https://terms.naer.edu.tw/
1330,learning efficiency,學習效率,https://terms.naer.edu.tw/
1331,learning stages,學習階段,https://terms.naer.edu.tw/
1332,learning through living,從生活中學習,https://terms.naer.edu.tw/
1333,leave of absence,請假,https://terms.naer.edu.tw/
1334,leaving certificate,離校證明,https://terms.naer.edu.tw/
1335,lecture,講演,https://terms.naer.edu.tw/
1336,lecture method,講演法,https://terms.naer.edu.tw/
1337,lecture room,教室,https://terms.naer.edu.tw/
1338,lecture-demonstration method,講演示範法,https://terms.naer.edu.tw/
1339,lecturer,講師；講演者,https://terms.naer.edu.tw/
1340,legal education,法律教育,https://terms.naer.edu.tw/
1341,lesson,課,https://terms.naer.edu.tw/
1342,lesson assignment,作業指定,https://terms.naer.edu.tw/
1343,lesson plan,教案,https://terms.naer.edu.tw/
1344,liberal arts,通藝學科；博藝學科,https://terms.naer.edu.tw/
1345,liberal education,博雅教育,https://terms.naer.edu.tw/
1346,library,圖書館,https://terms.naer.edu.tw/
1347,library education,圖書館教育,https://terms.naer.edu.tw/
1348,life certificate,終身證書,https://terms.naer.edu.tw/
1349,life curriculum,生活課程,https://terms.naer.edu.tw/
1350,life instinct,求生本能,https://terms.naer.edu.tw/
1351,life tenure,終身任期,https://terms.naer.edu.tw/
1352,Life-reconstruction Plan,生活重建計畫,https://terms.naer.edu.tw/
1353,lifelong education,終身教育,https://terms.naer.edu.tw/
1354,lifelong learning,終身學習,https://terms.naer.edu.tw/
1355,Lifelong Learning White Paper,終身學習白皮書 {英},https://terms.naer.edu.tw/
1356,linguistic education,語言教育,https://terms.naer.edu.tw/
1357,lip reading,讀唇識意,https://terms.naer.edu.tw/
1358,literacy and numeracy,讀寫算能力,https://terms.naer.edu.tw/
1359,literary contest,文藝競賽,https://terms.naer.edu.tw/
1360,literary course,文藝課程；文學科目,https://terms.naer.edu.tw/
1361,loan for student,助學貸款；學生貸款,https://terms.naer.edu.tw/
1362,local committee for teachers certification,縣市教師複檢委員會；地方教師資格檢核委員會,https://terms.naer.edu.tw/
1363,Local Education Authority {=LEA},地方教育局 {英},https://terms.naer.edu.tw/
1364,Local Education Committee,地方教育審議委員會；地方教育委員會,https://terms.naer.edu.tw/
1365,Local Government Association,地方政府協會,https://terms.naer.edu.tw/
1366,Local Management of Schools {=LMS},地方學校管理委員會 {英},https://terms.naer.edu.tw/
1367,local teachers' association,地方教師會,https://terms.naer.edu.tw/
1368,logic,論理學；邏輯；理則學,https://terms.naer.edu.tw/
1369,logical order,論理次序；邏輯次序,https://terms.naer.edu.tw/
1370,London Business School {=LBS},倫敦大學商學院 {英},https://terms.naer.edu.tw/
1371,London School of Economics and Political Science {=LSE},倫敦大學政經學院 {英},https://terms.naer.edu.tw/
1372,loud reading,朗讀,https://terms.naer.edu.tw/
1373,low-achieving schools,表現欠佳學校 {英},https://terms.naer.edu.tw/
1374,lyceum,公立高級中學 {法},https://terms.naer.edu.tw/
1375,maintained school,政府資助學校 {英},https://terms.naer.edu.tw/
1376,major subject,主科,https://terms.naer.edu.tw/
1377,maladjustment,不良適應,https://terms.naer.edu.tw/
1378,malnutrition,營養不良,https://terms.naer.edu.tw/
1379,Mandarin,華語,https://terms.naer.edu.tw/
1380,manipulation,操作,https://terms.naer.edu.tw/
1381,manual training,手工訓練,https://terms.naer.edu.tw/
1382,manual-training room,手工教室,https://terms.naer.edu.tw/
1383,many-sided interest,多方興趣,https://terms.naer.edu.tw/
1384,marking,記分,https://terms.naer.edu.tw/
1385,marking system,記分制,https://terms.naer.edu.tw/
1386,mass,眾數,https://terms.naer.edu.tw/
1387,mass education,大眾教育；平民教育,https://terms.naer.edu.tw/
1388,massed learning,集中學習,https://terms.naer.edu.tw/
1389,Master,碩士,https://terms.naer.edu.tw/
1390,Master student,碩士班研究生,https://terms.naer.edu.tw/
1391,Master's degree,碩士學位,https://terms.naer.edu.tw/
1392,matching test,配對測驗,https://terms.naer.edu.tw/
1393,material culture,實質陶冶,https://terms.naer.edu.tw/
1394,material discipline,實質訓練,https://terms.naer.edu.tw/
1395,material object,實物,https://terms.naer.edu.tw/
1396,material of instruction,教材,https://terms.naer.edu.tw/
1397,materialism,唯物論,https://terms.naer.edu.tw/
1398,maternal course,育兒課程,https://terms.naer.edu.tw/
1399,maternity,母性,https://terms.naer.edu.tw/
1400,mathematics,數學,https://terms.naer.edu.tw/
1401,mathematics and sciences,數理學科,https://terms.naer.edu.tw/
1402,matriculation,大學入學考試,https://terms.naer.edu.tw/
1403,matriculation certificate,大學入學許可證明,https://terms.naer.edu.tw/
1404,maturity examination,成熟考試 {德},https://terms.naer.edu.tw/
1405,maxim,格言；行為準則,https://terms.naer.edu.tw/
1406,maze,迷津,https://terms.naer.edu.tw/
1407,mean,平均數,https://terms.naer.edu.tw/
1408,mean deviation {= MN.D.},平均差,https://terms.naer.edu.tw/
1409,mean square,均方,https://terms.naer.edu.tw/
1410,means-tested,資產調查,https://terms.naer.edu.tw/
1411,measurement,測量,https://terms.naer.edu.tw/
1412,measurement of visual area,視閾測量,https://terms.naer.edu.tw/
1413,measuring scale,量尺,https://terms.naer.edu.tw/
1414,mechanism,機制論；機械論,https://terms.naer.edu.tw/
1415,mechanism of risk management and guidance,危機管理輔導機制,https://terms.naer.edu.tw/
1416,media literacy education,媒體素養教育,https://terms.naer.edu.tw/
1417,media resources officer,媒體資源主管,https://terms.naer.edu.tw/
1418,median,中位數,https://terms.naer.edu.tw/
1419,mediate experience,間接經驗,https://terms.naer.edu.tw/
1420,medical college,醫學院,https://terms.naer.edu.tw/
1421,medical education,醫學教育,https://terms.naer.edu.tw/
1422,medical examination,健康檢查,https://terms.naer.edu.tw/
1423,medical gymnastics,治療體操,https://terms.naer.edu.tw/
1424,medieval education,中古教育；中世紀教育,https://terms.naer.edu.tw/
1425,melancholic temperament,憂鬱質,https://terms.naer.edu.tw/
1426,memorial day,紀念日,https://terms.naer.edu.tw/
1427,memorization,記誦,https://terms.naer.edu.tw/
1428,memory curve,記憶曲線,https://terms.naer.edu.tw/
1429,memory drawing,記憶畫,https://terms.naer.edu.tw/
1430,memory system,記憶術,https://terms.naer.edu.tw/
1431,memory training,記憶訓練,https://terms.naer.edu.tw/
1432,memory work,記憶工作,https://terms.naer.edu.tw/
1433,mental ability,心智能力,https://terms.naer.edu.tw/
1434,mental adaptation,心理適應,https://terms.naer.edu.tw/
1435,mental age {= M.A.},心理年齡；心齡,https://terms.naer.edu.tw/
1436,mental arithmetic,心算,https://terms.naer.edu.tw/
1437,mental capacity,心智容量,https://terms.naer.edu.tw/
1438,mental defect,心智缺陷者,https://terms.naer.edu.tw/
1439,mental defective,心智缺陷者,https://terms.naer.edu.tw/
1440,mental deficiency,心智缺陷,https://terms.naer.edu.tw/
1441,mental depression,心理抑鬱,https://terms.naer.edu.tw/
1442,mental development,心智發展,https://terms.naer.edu.tw/
1443,mental discipline,心智訓練,https://terms.naer.edu.tw/
1444,mental disturbance,精神擾亂,https://terms.naer.edu.tw/
1445,mental examination,心理檢查,https://terms.naer.edu.tw/
1446,mental growth,心智成長,https://terms.naer.edu.tw/
1447,mental hygiene,心理衛生,https://terms.naer.edu.tw/
1448,mental measurement,心理測量,https://terms.naer.edu.tw/
1449,mental process,心理歷程,https://terms.naer.edu.tw/
1450,mental rehabilitation plan,心理復健計畫,https://terms.naer.edu.tw/
1451,mental retardation,智能障礙,https://terms.naer.edu.tw/
1452,mental scale,心理量表,https://terms.naer.edu.tw/
1453,mental set,心向；心理定向,https://terms.naer.edu.tw/
1454,mental test,心理測驗,https://terms.naer.edu.tw/
1455,mental training,心智訓練,https://terms.naer.edu.tw/
1456,mentor teacher,教學輔導教師,https://terms.naer.edu.tw/
1457,mercantile marine school,商船學校,https://terms.naer.edu.tw/
1458,merit system,功績制,https://terms.naer.edu.tw/
1459,metal hygiene clinics,心理衛生中心,https://terms.naer.edu.tw/
1460,method of comparison,比較法,https://terms.naer.edu.tw/
1461,method of demonstration,示範法,https://terms.naer.edu.tw/
1462,method of diagnosis,診斷法,https://terms.naer.edu.tw/
1463,method of discussion,討論法,https://terms.naer.edu.tw/
1464,method of dramatic expression,戲劇表演法,https://terms.naer.edu.tw/
1465,method of instruction,教學法,https://terms.naer.edu.tw/
1466,method of lecture,講演法,https://terms.naer.edu.tw/
1467,method of positive and negative cases,正反例證法,https://terms.naer.edu.tw/
1468,method of recitation,背誦法,https://terms.naer.edu.tw/
1469,method of rediscovery,再發現法,https://terms.naer.edu.tw/
1470,method of right and wrong cases,正誤例證法,https://terms.naer.edu.tw/
1471,method of self-activity,自行活動教學法,https://terms.naer.edu.tw/
1472,method of teaching,教學法,https://terms.naer.edu.tw/
1473,method of telling,講述法,https://terms.naer.edu.tw/
1474,method of trial and error,嘗試錯誤法,https://terms.naer.edu.tw/
1475,method of verification,證明法,https://terms.naer.edu.tw/
1476,method-whole of teaching,教學單元,https://terms.naer.edu.tw/
1477,methodology,方法論,https://terms.naer.edu.tw/
1478,mid-point,中點,https://terms.naer.edu.tw/
1479,middle and long range school development plan,中長程校務發展計畫,https://terms.naer.edu.tw/
1480,middle school,中間學校；中學,https://terms.naer.edu.tw/
1481,middle way class,資源式中途班,https://terms.naer.edu.tw/
1482,middle way educational placement,中介安置教育措施,https://terms.naer.edu.tw/
1483,middle way school,中途學校,https://terms.naer.edu.tw/
1484,militarism,軍國主義；黷武思想；軍國民主義,https://terms.naer.edu.tw/
1485,military academy,軍事學院,https://terms.naer.edu.tw/
1486,military education,軍事教育,https://terms.naer.edu.tw/
1487,military school,軍事學校,https://terms.naer.edu.tw/
1488,military training,軍事訓練,https://terms.naer.edu.tw/
1489,military training camp,軍事訓練營,https://terms.naer.edu.tw/
1490,Millennium Learning Foundation,千禧年學習基金會 {英},https://terms.naer.edu.tw/
1491,mind,心；心理；精神,https://terms.naer.edu.tw/
1492,mind training,心智訓練,https://terms.naer.edu.tw/
1493,mining education,礦業教育,https://terms.naer.edu.tw/
1494,Minister for School Standards,學校成就標準司司長 {英},https://terms.naer.edu.tw/
1495,minister of education,教育部長,https://terms.naer.edu.tw/
1496,ministry of education,教育部,https://terms.naer.edu.tw/
1497,minor,輔系；輔修,https://terms.naer.edu.tw/
1498,mirror drawing,鏡描,https://terms.naer.edu.tw/
1499,Mission school,教會學校,https://terms.naer.edu.tw/
1500,Missionary education,教會教育,https://terms.naer.edu.tw/
1501,mixed-ability grouping,常態編班；混合能力編班,https://terms.naer.edu.tw/
1502,mnemonic system,記憶術,https://terms.naer.edu.tw/
1503,mnemonics,記憶術,https://terms.naer.edu.tw/
1504,mobilization of esprit de corps,精神動員,https://terms.naer.edu.tw/
1505,Mock examination,模擬考試,https://terms.naer.edu.tw/
1506,mode,眾數,https://terms.naer.edu.tw/
1507,model lesson,模範課,https://terms.naer.edu.tw/
1508,model of teaching,教學模式,https://terms.naer.edu.tw/
1509,model school,模範學校,https://terms.naer.edu.tw/
1510,modern languages,現代語文；現代外語,https://terms.naer.edu.tw/
1511,Modern School,現代中學 {英},https://terms.naer.edu.tw/
1512,Mohammedan education,回教教育；伊斯蘭教育,https://terms.naer.edu.tw/
1513,monastery school,修道院學校,https://terms.naer.edu.tw/
1514,monastic education,修道院教育,https://terms.naer.edu.tw/
1515,monastic school,修道院學校,https://terms.naer.edu.tw/
1516,monitor,導生 {英},https://terms.naer.edu.tw/
1517,monitor school,導生學校,https://terms.naer.edu.tw/
1518,monitorial system,導生制 {史},https://terms.naer.edu.tw/
1519,monitorial-group plan,導生分組制,https://terms.naer.edu.tw/
1520,month of filial piety education,教孝月,https://terms.naer.edu.tw/
1521,moonlight school,夜校 {英},https://terms.naer.edu.tw/
1522,moral education,道德教育,https://terms.naer.edu.tw/
1523,moral instruction,道德教學,https://terms.naer.edu.tw/
1524,morale,士氣,https://terms.naer.edu.tw/
1525,morality,道德,https://terms.naer.edu.tw/
1526,morning exercise,朝會,https://terms.naer.edu.tw/
1527,moron,上愚,https://terms.naer.edu.tw/
1528,mortar-board,學位帽,https://terms.naer.edu.tw/
1529,mother language,母語,https://terms.naer.edu.tw/
1530,mother tongue,母語,https://terms.naer.edu.tw/
1531,mothercraft,母道；母儀,https://terms.naer.edu.tw/
1532,mothers' meeting,母姊會,https://terms.naer.edu.tw/
1533,motivation,動機,https://terms.naer.edu.tw/
1534,motivism,動機說,https://terms.naer.edu.tw/
1535,motor reaction,動作反應,https://terms.naer.edu.tw/
1536,motor sense,運動感覺,https://terms.naer.edu.tw/
1537,moving school,移動學校 {美},https://terms.naer.edu.tw/
1538,multicultural education,多元文化教育,https://terms.naer.edu.tw/
1539,multiculture,多元文化,https://terms.naer.edu.tw/
1540,multiple entrance program,多元入學方案,https://terms.naer.edu.tw/
1541,multiple impairments,多重障礙,https://terms.naer.edu.tw/
1542,multiple personality,多重人格,https://terms.naer.edu.tw/
1543,multiple response type,複選式,https://terms.naer.edu.tw/
1544,multiple-choice test,選擇題,https://terms.naer.edu.tw/
1545,multiplication table,乘法表,https://terms.naer.edu.tw/
1546,muscular sensation,肌肉感覺,https://terms.naer.edu.tw/
1547,music conservatory,音樂學校；音樂廳,https://terms.naer.edu.tw/
1548,music education,音樂教育,https://terms.naer.edu.tw/
1549,music school,音樂學校,https://terms.naer.edu.tw/
1550,mutual system,相互教學制,https://terms.naer.edu.tw/
1551,naming and shaming,指名羞辱 {英},https://terms.naer.edu.tw/
1552,nascent period,發育期,https://terms.naer.edu.tw/
1553,National Association of Advisors for Computers in Education {=NAACE},國家電腦資訊教育輔導委員會 {英},https://terms.naer.edu.tw/
1554,National Association of Head Teachers {=NAHT},全國[中小學]校長協會 {英},https://terms.naer.edu.tw/
1555,National Association of Schoolmasters Union of Women Teachers {=NASUWT},全國校長協會/女性教師工會聯盟 {英},https://terms.naer.edu.tw/
1556,National Audit Office {=NAO},國家審計局 {英},https://terms.naer.edu.tw/
1557,National Certificate,國家證書 {英},https://terms.naer.edu.tw/
1558,national chair professors,國家講座,https://terms.naer.edu.tw/
1559,national chair professorship,國家講座,https://terms.naer.edu.tw/
1560,National College for School Leadership,校長學院 {英},https://terms.naer.edu.tw/
1561,National Confederation of Parent Teacher Associations {=NCPTA},全國親師協會聯盟 {英},https://terms.naer.edu.tw/
1562,National Council for Educational Technology {=NCET},國家教育科技委員會 {英},https://terms.naer.edu.tw/
1563,National Council for One Parent Families,全國單親家庭協會 {英},https://terms.naer.edu.tw/
1564,National Council for Vocational Qualifications {=NCVQ},全國技職證照委員會{英},https://terms.naer.edu.tw/
1565,National Curriculum,國定課程 {英},https://terms.naer.edu.tw/
1566,National Curriculum Council {=NCC},國定課程委員會 {英},https://terms.naer.edu.tw/
1567,National Curriculum Test,國定課程學力測驗 {英},https://terms.naer.edu.tw/
1568,National Curriculum Test - Key Stage 1,國定課程學力測驗-第一關鍵階段考試{英},https://terms.naer.edu.tw/
1569,National Curriculum test - Key Stage 2,國定課程學力測驗-第二關鍵階段考試{英},https://terms.naer.edu.tw/
1570,National Curriculum test - Key Stage 3,國定課程學力測驗-第三關鍵階段考試{英},https://terms.naer.edu.tw/
1571,national education,國家教育；民族教育,https://terms.naer.edu.tw/
1572,National Education Multimedia Awards {=NEMA},全國教育多媒體競賽獎 {英},https://terms.naer.edu.tw/
1573,National Employers' Organisation for School Teachers,全國教師聘雇組織 {英},https://terms.naer.edu.tw/
1574,National Governors' Council,全國校管會委員聯合會 {英},https://terms.naer.edu.tw/
1575,National Grid for Learning,全國學習高速網 {英},https://terms.naer.edu.tw/
1576,National Institute of Adult Continuing Education,國家成人繼續教育學院 {英},https://terms.naer.edu.tw/
1577,national literacy strategy,全國識字策略 {英},https://terms.naer.edu.tw/
1578,National Parents' Council,全國家長委員會 {英},https://terms.naer.edu.tw/
1579,National Professional Qualification for Headship {=NPQH},校長專業資格國家證書 {英},https://terms.naer.edu.tw/
1580,national scholarship,國家獎學金,https://terms.naer.edu.tw/
1581,national teachers' association,全國教師會,https://terms.naer.edu.tw/
1582,national textbook,國定教科書,https://terms.naer.edu.tw/
1583,National Union of Students {=NUS},全國學生會 {英},https://terms.naer.edu.tw/
1584,National Union of Teachers {=NUT},全國教師會 {英},https://terms.naer.edu.tw/
1585,National Vocational Qualifications {=NVQ},國家技職證照 {英},https://terms.naer.edu.tw/
1586,National Year of Reading,全國讀書年 {英},https://terms.naer.edu.tw/
1587,nationalism,民族主義,https://terms.naer.edu.tw/
1588,nationalistic education,民族主義教育,https://terms.naer.edu.tw/
1589,native characteristic,天賦特徵,https://terms.naer.edu.tw/
1590,native knowledge,本土知識,https://terms.naer.edu.tw/
1591,nativism,先天說,https://terms.naer.edu.tw/
1592,natural punishment,自然懲罰,https://terms.naer.edu.tw/
1593,natural tendency,自然趨勢,https://terms.naer.edu.tw/
1594,naturalism,自然主義,https://terms.naer.edu.tw/
1595,naturalistic education,自然主義教育,https://terms.naer.edu.tw/
1596,nautical education,航海教育；海事教育,https://terms.naer.edu.tw/
1597,naval education,海軍教育,https://terms.naer.edu.tw/
1598,negative adaptation,消極適應,https://terms.naer.edu.tw/
1599,negative discipline,消極訓練,https://terms.naer.edu.tw/
1600,negative education,消極教育,https://terms.naer.edu.tw/
1601,neohumanism,新人本主義；新人文主義,https://terms.naer.edu.tw/
1602,nervous system,神經系統,https://terms.naer.edu.tw/
1603,nervous temperament,憂鬱質,https://terms.naer.edu.tw/
1604,nervousness,神經質,https://terms.naer.edu.tw/
1605,Net Days,網路日 {英},https://terms.naer.edu.tw/
1606,neurology,神經學,https://terms.naer.edu.tw/
1607,neuron,神經原,https://terms.naer.edu.tw/
1608,neuropathology,神經病理學,https://terms.naer.edu.tw/
1609,New Deal,新政策；新措施 {英},https://terms.naer.edu.tw/
1610,New education,新教育,https://terms.naer.edu.tw/
1611,newer civic university,新公民大學,https://terms.naer.edu.tw/
1612,night school,夜校,https://terms.naer.edu.tw/
1613,night school for adult,成人夜校,https://terms.naer.edu.tw/
1614,non-classified school,不分級學校 {義},https://terms.naer.edu.tw/
1615,non-governmental organization {=NGO},民間團體,https://terms.naer.edu.tw/
1616,non-language test,非語文測驗,https://terms.naer.edu.tw/
1617,non-maintained school,非政府資助學校 {英},https://terms.naer.edu.tw/
1618,non-maintained special school {=NMSS},非政府資助特教學校 {英},https://terms.naer.edu.tw/
1619,non-provided school,私立學校 {日},https://terms.naer.edu.tw/
1620,non-resident student,走讀生；通學生,https://terms.naer.edu.tw/
1621,non-school days,非正規學制時間,https://terms.naer.edu.tw/
1622,non-selective school,入學不篩選的學校 {英},https://terms.naer.edu.tw/
1623,non-verbal test,非語文測驗,https://terms.naer.edu.tw/
1624,non-voluntary attention,非有意的注意,https://terms.naer.edu.tw/
1625,nonprofit of organization of culture and education,民間非營利文教團體,https://terms.naer.edu.tw/
1626,nonsense syllables,無意義音節,https://terms.naer.edu.tw/
1627,norm,常模,https://terms.naer.edu.tw/
1628,normal child,常態兒童,https://terms.naer.edu.tw/
1629,normal class grouping,常態編班,https://terms.naer.edu.tw/
1630,normal curve,常態曲線,https://terms.naer.edu.tw/
1631,normal distribution,常態分配,https://terms.naer.edu.tw/
1632,normal education,師範教育,https://terms.naer.edu.tw/
1633,normal school,師範學校,https://terms.naer.edu.tw/
1634,normal surface of distribution,常態面積分配,https://terms.naer.edu.tw/
1635,normative science,規範科學,https://terms.naer.edu.tw/
1636,North Denver Plan,北達文制,https://terms.naer.edu.tw/
1637,Northern Examinations and Assessment Board {=NEAB},北英格蘭考試評量局 {英},https://terms.naer.edu.tw/
1638,Northern Ireland Higher Education Funding Council {=NIHEFC},北愛爾蘭高等教育撥款委員會 {英},https://terms.naer.edu.tw/
1639,notebook method,劄記法,https://terms.naer.edu.tw/
1640,novice,新生；一年級學生；新手,https://terms.naer.edu.tw/
1641,nunnery school,修女學校,https://terms.naer.edu.tw/
1642,nursery,育嬰院；育兒室；托兒所,https://terms.naer.edu.tw/
1643,nursery class,小學幼兒班 {英},https://terms.naer.edu.tw/
1644,nursery school,幼兒園；保育學校{英},https://terms.naer.edu.tw/
1645,nursery tale,童話,https://terms.naer.edu.tw/
1646,nursing high schools,護校,https://terms.naer.edu.tw/
1647,nursing teacher,護理教師,https://terms.naer.edu.tw/
1648,nurture,養育,https://terms.naer.edu.tw/
1649,nutrition,營養；營養學,https://terms.naer.edu.tw/
1650,nutrition class,營養班,https://terms.naer.edu.tw/
1651,nutrition education,營養教育,https://terms.naer.edu.tw/
1652,object lesson,實物教學,https://terms.naer.edu.tw/
1653,object teaching,實物教學,https://terms.naer.edu.tw/
1654,objective examination,客觀測驗,https://terms.naer.edu.tw/
1655,observation and learning activities,觀摩活動,https://terms.naer.edu.tw/
1656,observation method,觀察法,https://terms.naer.edu.tw/
1657,occupation,職業,https://terms.naer.edu.tw/
1658,occupational test,職業測驗,https://terms.naer.edu.tw/
1659,occupational training,職業訓練,https://terms.naer.edu.tw/
1660,off-campus internship,校外實習,https://terms.naer.edu.tw/
1661,off-campus learning achievements,校外學習成就,https://terms.naer.edu.tw/
1662,Office for Standards in Education {=OFSTED},教育標準局 {英},https://terms.naer.edu.tw/
1663,office of education,教育局 {美},https://terms.naer.edu.tw/
1664,Office of Her Majesty's Chief Inspector of Schools in Wales,威爾斯皇家督學處 {英},https://terms.naer.edu.tw/
1665,Office of Science and Technology,科學與技術處 {英},https://terms.naer.edu.tw/
1666,official textbooks,部編本教科書,https://terms.naer.edu.tw/
1667,Older Civic University,舊公民大學 {英},https://terms.naer.edu.tw/
1668,olfactory sensation,嗅覺,https://terms.naer.edu.tw/
1669,Olympian,奧林匹克運動會；奧運,https://terms.naer.edu.tw/
1670,Olympic,奧林匹克運動會；奧運,https://terms.naer.edu.tw/
1671,Olympic games,奧林匹克運動會；奧運,https://terms.naer.edu.tw/
1672,one class school,單班學校,https://terms.naer.edu.tw/
1673,one room school,單班學校,https://terms.naer.edu.tw/
1674,one teacher school,單班學校,https://terms.naer.edu.tw/
1675,one-group method,單組法,https://terms.naer.edu.tw/
1676,Open University {=OU},開放大學；空中大學 {英},https://terms.naer.edu.tw/
1677,open-air school,露天學校,https://terms.naer.edu.tw/
1678,open-all-hours schools,全日制學校 {英},https://terms.naer.edu.tw/
1679,open-ended learning,開放式學習 {英},https://terms.naer.edu.tw/
1680,opposite test,對比測驗,https://terms.naer.edu.tw/
1681,optional subject,選習科,https://terms.naer.edu.tw/
1682,oral arithmetic,口算,https://terms.naer.edu.tw/
1683,oral composition,口述作文,https://terms.naer.edu.tw/
1684,oral expression,口語表達,https://terms.naer.edu.tw/
1685,oral instruction,口授,https://terms.naer.edu.tw/
1686,oral reading,朗誦,https://terms.naer.edu.tw/
1687,oral report method,口頭報告法,https://terms.naer.edu.tw/
1688,oral teaching,口授,https://terms.naer.edu.tw/
1689,oration,演講；辯論術,https://terms.naer.edu.tw/
1690,oratorial contest,演說競賽,https://terms.naer.edu.tw/
1691,organic sensation,機體覺,https://terms.naer.edu.tw/
1692,organization chart,組織架構；組織圖表,https://terms.naer.edu.tw/
1693,Organization for Economic Cooperation and Development {=OECD},經濟合作暨開發組織,https://terms.naer.edu.tw/
1694,organization of overseas Chinese education,華僑教育團體,https://terms.naer.edu.tw/
1695,organization restructuring,組織再造,https://terms.naer.edu.tw/
1696,organized play,團體遊戲,https://terms.naer.edu.tw/
1697,orientation course,新生訓練；導入課程,https://terms.naer.edu.tw/
1698,original nature,本性,https://terms.naer.edu.tw/
1699,originality,原創性,https://terms.naer.edu.tw/
1700,orphan asylum,孤兒院,https://terms.naer.edu.tw/
1701,orphan school,孤兒院,https://terms.naer.edu.tw/
1702,other significant handicaps,其他顯著障礙,https://terms.naer.edu.tw/
1703,other special talents,其他特殊才能,https://terms.naer.edu.tw/
1704,out-door sport,戶外運動,https://terms.naer.edu.tw/
1705,out-door study,戶外作業,https://terms.naer.edu.tw/
1706,out-door work,戶外作業,https://terms.naer.edu.tw/
1707,over learning,過度學習,https://terms.naer.edu.tw/
1708,over-age child,逾齡兒童,https://terms.naer.edu.tw/
1709,overgrown child,過度生長兒童,https://terms.naer.edu.tw/
1710,overseas Chinese education,華僑教育,https://terms.naer.edu.tw/
1711,overseas Chinese students,華裔學生；僑生,https://terms.naer.edu.tw/
1712,overseas education,海外教育,https://terms.naer.edu.tw/
1713,overseas education service,海外教育服務,https://terms.naer.edu.tw/
1714,overseas study,海外留學,https://terms.naer.edu.tw/
1715,overseas study and study tour service,留遊學服務業,https://terms.naer.edu.tw/
1716,overseas study group,遊學團,https://terms.naer.edu.tw/
1717,overseas study tour,海外遊學,https://terms.naer.edu.tw/
1718,overseas Taipei school,海外台北學校,https://terms.naer.edu.tw/
1719,overseas training,海外研修,https://terms.naer.edu.tw/
1720,overseas university,國外大學,https://terms.naer.edu.tw/
1721,overtime pay,超支鐘點費,https://terms.naer.edu.tw/
1722,paedology,兒童學,https://terms.naer.edu.tw/
1723,paideutics,教育學,https://terms.naer.edu.tw/
1724,paidology,兒童學,https://terms.naer.edu.tw/
1725,pain sensation,痛覺,https://terms.naer.edu.tw/
1726,Palace school,宮廷學校,https://terms.naer.edu.tw/
1727,parent-teacher association,親師會,https://terms.naer.edu.tw/
1728,parental education,親職教育,https://terms.naer.edu.tw/
1729,parental right for school involvement,家長參與教育事務,https://terms.naer.edu.tw/
1730,parish school,教區學校,https://terms.naer.edu.tw/
1731,Parliamentary Undersecretary,次長 {英},https://terms.naer.edu.tw/
1732,parochial school,教區學校,https://terms.naer.edu.tw/
1733,part learning method,部分學習法,https://terms.naer.edu.tw/
1734,part method,部分學習法,https://terms.naer.edu.tw/
1735,part time job for study,工讀,https://terms.naer.edu.tw/
1736,part-time education,部分時制教育,https://terms.naer.edu.tw/
1737,part-time job,兼職,https://terms.naer.edu.tw/
1738,part-time position,兼任,https://terms.naer.edu.tw/
1739,part-time student,部分時制[學]生 {英},https://terms.naer.edu.tw/
1740,part-time teacher,兼任教師,https://terms.naer.edu.tw/
1741,part-time teaching,兼課,https://terms.naer.edu.tw/
1742,partial correlation,偏相關；淨相關,https://terms.naer.edu.tw/
1743,passive attention,被動注意,https://terms.naer.edu.tw/
1744,patriotism,愛國主義；愛國情操,https://terms.naer.edu.tw/
1745,pauper school,貧民學校,https://terms.naer.edu.tw/
1746,pay for part-time teaching,兼課鐘點費,https://terms.naer.edu.tw/
1747,payment of academic research,學術研究費,https://terms.naer.edu.tw/
1748,peasant school,農民學校,https://terms.naer.edu.tw/
1749,pedagogical academy,教育學院 {德},https://terms.naer.edu.tw/
1750,pedagogical diagnosis,教育診斷,https://terms.naer.edu.tw/
1751,pedagogical institute,教育研究所 {德},https://terms.naer.edu.tw/
1752,pedagogical library,教育圖書館,https://terms.naer.edu.tw/
1753,pedagogical pathology,教育病理學,https://terms.naer.edu.tw/
1754,pedagogics,教育學,https://terms.naer.edu.tw/
1755,pedagogue,教僕 {古希臘}；教育學者,https://terms.naer.edu.tw/
1756,pedagogy,教育學,https://terms.naer.edu.tw/
1757,pedagogy seminary,教育研討室,https://terms.naer.edu.tw/
1758,Peer Project,同儕方案 {英},https://terms.naer.edu.tw/
1759,peer tutor,同儕指導員,https://terms.naer.edu.tw/
1760,peer-coaching,同儕教練,https://terms.naer.edu.tw/
1761,penalty,懲罰,https://terms.naer.edu.tw/
1762,penalty schedule,罰則,https://terms.naer.edu.tw/
1763,pension,養老金；退休金,https://terms.naer.edu.tw/
1764,pentathlon,五項運動 {奧運比賽項目},https://terms.naer.edu.tw/
1765,people's college,人民學院,https://terms.naer.edu.tw/
1766,people's education,大眾教育；平民教育,https://terms.naer.edu.tw/
1767,people's high school,民間中學；人民高中；民眾高等學校{丹麥},https://terms.naer.edu.tw/
1768,per-pupil cost,每生單位成本,https://terms.naer.edu.tw/
1769,percentile,百分位數,https://terms.naer.edu.tw/
1770,percentile scale,百分量表,https://terms.naer.edu.tw/
1771,perception,知覺,https://terms.naer.edu.tw/
1772,performance evaluation,成績考查；成績考核,https://terms.naer.edu.tw/
1773,period of puberty,青春期,https://terms.naer.edu.tw/
1774,peripatetic teacher,巡迴教師 {英},https://terms.naer.edu.tw/
1775,permanent certificate,終身證書,https://terms.naer.edu.tw/
1776,personal and social education,生活倫理道德教育,https://terms.naer.edu.tw/
1777,personal initiative,個人創動,https://terms.naer.edu.tw/
1778,personal pedagogy,人格教育學,https://terms.naer.edu.tw/
1779,personal-related factor,個人因素,https://terms.naer.edu.tw/
1780,personalism,人格主義,https://terms.naer.edu.tw/
1781,personality,人格,https://terms.naer.edu.tw/
1782,personality test,人格測驗,https://terms.naer.edu.tw/
1783,phantasy,幻想,https://terms.naer.edu.tw/
1784,pharmaceutical education,藥學教育；藥物教育,https://terms.naer.edu.tw/
1785,philanthropic education,泛愛主義教育,https://terms.naer.edu.tw/
1786,philanthropic school,泛愛學校,https://terms.naer.edu.tw/
1787,philanthropism,泛愛主義,https://terms.naer.edu.tw/
1788,philosophical pedagogy,哲學的教育學,https://terms.naer.edu.tw/
1789,philosophy of education,教育哲學,https://terms.naer.edu.tw/
1790,phlegmatic temperament,黏液質,https://terms.naer.edu.tw/
1791,phonetic method,自然發音法,https://terms.naer.edu.tw/
1792,physical age,身體年齡,https://terms.naer.edu.tw/
1793,physical culture,體育,https://terms.naer.edu.tw/
1794,physical education,體育,https://terms.naer.edu.tw/
1795,physical education school,體育學校,https://terms.naer.edu.tw/
1796,physical examination,身體檢查；體格檢查,https://terms.naer.edu.tw/
1797,physical exercise,運動,https://terms.naer.edu.tw/
1798,physical handicaps,肢體障礙,https://terms.naer.edu.tw/
1799,physical test,體能測驗,https://terms.naer.edu.tw/
1800,physical training,體格訓練；體能訓練,https://terms.naer.edu.tw/
1801,physiological age,生理年齡,https://terms.naer.edu.tw/
1802,physiological limit,生理極限,https://terms.naer.edu.tw/
1803,physiological psychology,生理心理學,https://terms.naer.edu.tw/
1804,pictorial method,圖示教學法,https://terms.naer.edu.tw/
1805,picture completion test,圖畫完成測驗,https://terms.naer.edu.tw/
1806,picture gallery,照片廊；圖像畫廊,https://terms.naer.edu.tw/
1807,picture method,圖示教學法,https://terms.naer.edu.tw/
1808,pietism,虔敬主義,https://terms.naer.edu.tw/
1809,placement,安置 {輔導},https://terms.naer.edu.tw/
1810,placement examination,就業考試；安置考試,https://terms.naer.edu.tw/
1811,planning committee,規劃委員會,https://terms.naer.edu.tw/
1812,plasticity,可塑性,https://terms.naer.edu.tw/
1813,plateau of learningning,學習高原,https://terms.naer.edu.tw/
1814,play centre,學校遊戲中心,https://terms.naer.edu.tw/
1815,play garden,學校遊戲場,https://terms.naer.edu.tw/
1816,play method,遊戲法,https://terms.naer.edu.tw/
1817,play-theory,遊戲理論,https://terms.naer.edu.tw/
1818,playground,遊戲場,https://terms.naer.edu.tw/
1819,playroom,遊戲室,https://terms.naer.edu.tw/
1820,plaything,玩具,https://terms.naer.edu.tw/
1821,point,學分；分數；績點,https://terms.naer.edu.tw/
1822,point scale,等級尺度；績點量表,https://terms.naer.edu.tw/
1823,point system,績點制,https://terms.naer.edu.tw/
1824,police education,警察教育,https://terms.naer.edu.tw/
1825,policy of overseas Chinese education,僑教政策,https://terms.naer.edu.tw/
1826,political education,政治教育,https://terms.naer.edu.tw/
1827,Polytechnic College,多元技術學院 {英},https://terms.naer.edu.tw/
1828,polytechnic school,多元技術學校,https://terms.naer.edu.tw/
1829,Polytechnics and Colleges Funding Council {=PCFC},多元技術學院與一般學院撥款委員會 {英},https://terms.naer.edu.tw/
1830,popular education,大眾教育,https://terms.naer.edu.tw/
1831,popular lecture,通俗講演,https://terms.naer.edu.tw/
1832,Portland Plan,波特蘭制 {美},https://terms.naer.edu.tw/
1833,positions in educational administration,教育行政職務,https://terms.naer.edu.tw/
1834,positive education,積極教育,https://terms.naer.edu.tw/
1835,possibility of education,教育可能性,https://terms.naer.edu.tw/
1836,post-graduate school,研究所,https://terms.naer.edu.tw/
1837,post-graduate student,研究生,https://terms.naer.edu.tw/
1838,Postgraduate Certificate of Education (PGCE),學士後教育文憑 {英},https://terms.naer.edu.tw/
1839,Postgraduate Certificate of Education Conversion {=PGCE Conversion},學士後教育文憑第二專長課程 {英},https://terms.naer.edu.tw/
1840,postgraduate teacher education program,學士後教育學分班,https://terms.naer.edu.tw/
1841,poverty school,貧民學校,https://terms.naer.edu.tw/
1842,practice,實習；練習,https://terms.naer.edu.tw/
1843,practice curve,練習曲線,https://terms.naer.edu.tw/
1844,practice lesson,實習課；練習課,https://terms.naer.edu.tw/
1845,practice limit,練習極限,https://terms.naer.edu.tw/
1846,practice method,練習法,https://terms.naer.edu.tw/
1847,practice teacher,實習教師,https://terms.naer.edu.tw/
1848,practice teaching,教學實習,https://terms.naer.edu.tw/
1849,practice test,實作測驗,https://terms.naer.edu.tw/
1850,pragmatism,實用主義,https://terms.naer.edu.tw/
1851,precept,教規；訓誡,https://terms.naer.edu.tw/
1852,preceptor,指導教師,https://terms.naer.edu.tw/
1853,preceptor system,導師制,https://terms.naer.edu.tw/
1854,precocious child,早熟兒童,https://terms.naer.edu.tw/
1855,precocity,早熟,https://terms.naer.edu.tw/
1856,prefect,班長；監督生；長官,https://terms.naer.edu.tw/
1857,preliminary education,預備教育,https://terms.naer.edu.tw/
1858,preliminary examination,預試,https://terms.naer.edu.tw/
1859,preliminary review,預審,https://terms.naer.edu.tw/
1860,premature child,早熟兒童,https://terms.naer.edu.tw/
1861,prematurity,早熟,https://terms.naer.edu.tw/
1862,preparation theory,預備說,https://terms.naer.edu.tw/
1863,preparatory department,預科,https://terms.naer.edu.tw/
1864,preparatory school,預備學校 {英},https://terms.naer.edu.tw/
1865,preprofessional education,專業預備教育,https://terms.naer.edu.tw/
1866,prepubescence,前青春期,https://terms.naer.edu.tw/
1867,preschool child,學前兒童,https://terms.naer.edu.tw/
1868,preschool education,學前教育,https://terms.naer.edu.tw/
1869,preschool special education facilities,學前特殊教育設施,https://terms.naer.edu.tw/
1870,prescribed course,指定科目,https://terms.naer.edu.tw/
1871,presentative instruction,發表教學,https://terms.naer.edu.tw/
1872,preservice teacher education,職前教育,https://terms.naer.edu.tw/
1873,president,大學校長,https://terms.naer.edu.tw/
1874,President Educational Award,總統教育獎,https://terms.naer.edu.tw/
1875,prevention guideline or preventional guideline,防治準則,https://terms.naer.edu.tw/
1876,primary education,小學教育；初等教育,https://terms.naer.edu.tw/
1877,primary learning,主學習,https://terms.naer.edu.tw/
1878,primary school,小學,https://terms.naer.edu.tw/
1879,Primary School Performance Table,小學績效排行榜 {英},https://terms.naer.edu.tw/
1880,primary subject,小學學科,https://terms.naer.edu.tw/
1881,primer,初級讀本,https://terms.naer.edu.tw/
1882,primitive education,初民教育,https://terms.naer.edu.tw/
1883,principal,中小學校長,https://terms.naer.edu.tw/
1884,principle,原理；原則,https://terms.naer.edu.tw/
1885,principle of belonging,相屬原則,https://terms.naer.edu.tw/
1886,prison school,監獄學校,https://terms.naer.edu.tw/
1887,private instructor,家庭教師,https://terms.naer.edu.tw/
1888,private school,私立學校；私校,https://terms.naer.edu.tw/
1889,private teacher,家庭教師,https://terms.naer.edu.tw/
1890,pro-vice chancellor,副校長 {英},https://terms.naer.edu.tw/
1891,probable error,機誤,https://terms.naer.edu.tw/
1892,probation,試用,https://terms.naer.edu.tw/
1893,probationary certificate,試用證明,https://terms.naer.edu.tw/
1894,probationary teacher,試用教師,https://terms.naer.edu.tw/
1895,probationary year,試用年,https://terms.naer.edu.tw/
1896,probationer,實習生；實習牧師,https://terms.naer.edu.tw/
1897,problem box,難題箱,https://terms.naer.edu.tw/
1898,problem child,問題兒童,https://terms.naer.edu.tw/
1899,problem method,問題法,https://terms.naer.edu.tw/
1900,proctor,學監,https://terms.naer.edu.tw/
1901,prodigy,天才,https://terms.naer.edu.tw/
1902,product moment correlation,積差相關,https://terms.naer.edu.tw/
1903,productive education,生產教育,https://terms.naer.edu.tw/
1904,profession of teaching,教學專業,https://terms.naer.edu.tw/
1905,Professional / Middle management,專業級 / 中等管理級 {英},https://terms.naer.edu.tw/
1906,professional academic association,學術專業團體,https://terms.naer.edu.tw/
1907,professional assistant,專業助理 {英},https://terms.naer.edu.tw/
1908,professional autonomy,專業自主權,https://terms.naer.edu.tw/
1909,Professional Certificate of Education {=PGCE},學士後教育文憑 {英},https://terms.naer.edu.tw/
1910,professional curriculum,專業課程,https://terms.naer.edu.tw/
1911,Professional Development Award {=PDA},專業發展資格頒授 {英},https://terms.naer.edu.tw/
1912,professional education,專業教育,https://terms.naer.edu.tw/
1913,professional ethics,專業道德；專業倫理[學],https://terms.naer.edu.tw/
1914,professional examination,專業考試,https://terms.naer.edu.tw/
1915,professional interpreter,翻譯專業人才,https://terms.naer.edu.tw/
1916,professional school,專業學校,https://terms.naer.edu.tw/
1917,professional training,專業訓練,https://terms.naer.edu.tw/
1918,professionals of social education institutes,社會教育機構專業人員,https://terms.naer.edu.tw/
1919,professor,教授,https://terms.naer.edu.tw/
1920,professorial chair,講座教授,https://terms.naer.edu.tw/
1921,Profiles of Higher Education Institutions,高等教育機構簡 {英},https://terms.naer.edu.tw/
1922,program for children with foreign parent,外籍配偶子女教育,https://terms.naer.edu.tw/
1923,"Program of Integrative System for Instruction, Discipline and Guidance",教訓輔三合一方案,https://terms.naer.edu.tw/
1924,program of international graduate student,國際研究生學程,https://terms.naer.edu.tw/
1925,program of studies,課程表,https://terms.naer.edu.tw/
1926,programme,日課表,https://terms.naer.edu.tw/
1927,progress test,進步測驗,https://terms.naer.edu.tw/
1928,progressive education,進步主義教育,https://terms.naer.edu.tw/
1929,project,計畫專案,https://terms.naer.edu.tw/
1930,project curriculum,方案課程,https://terms.naer.edu.tw/
1931,project method of teaching,設計教學法,https://terms.naer.edu.tw/
1932,project problem method,設計問題法,https://terms.naer.edu.tw/
1933,project supervision group,專案督導小組,https://terms.naer.edu.tw/
1934,project teaching method,設計教學法,https://terms.naer.edu.tw/
1935,promotion,升級；升等,https://terms.naer.edu.tw/
1936,promotion examination,升等考試,https://terms.naer.edu.tw/
1937,prospectus,學校指南 {英},https://terms.naer.edu.tw/
1938,Protestant school,新教學校,https://terms.naer.edu.tw/
1939,provided school,公立小學{英},https://terms.naer.edu.tw/
1940,provincial university,地方大學 {英},https://terms.naer.edu.tw/
1941,provost,教務長 {美}；院長 {英},https://terms.naer.edu.tw/
1942,psychiatry,精神病學,https://terms.naer.edu.tw/
1943,psycho diagnosis,心理診斷,https://terms.naer.edu.tw/
1944,psychoanalysis,精神分析,https://terms.naer.edu.tw/
1945,psychodiaguastics,心理診斷術,https://terms.naer.edu.tw/
1946,psychological age,心理年齡；心齡,https://terms.naer.edu.tw/
1947,psychological order,心理次序,https://terms.naer.edu.tw/
1948,psychology,心理學,https://terms.naer.edu.tw/
1949,psychology of adolescence,青年心理學,https://terms.naer.edu.tw/
1950,psychology of crowd,群眾心理學,https://terms.naer.edu.tw/
1951,psychology of learning,學習心理學,https://terms.naer.edu.tw/
1952,psychology of school subjects,學科心理學,https://terms.naer.edu.tw/
1953,psychology of youth,青年心理學,https://terms.naer.edu.tw/
1954,psychoneurosis,精神官能症,https://terms.naer.edu.tw/
1955,psychopathology,精神病理學,https://terms.naer.edu.tw/
1956,psychotherapy,精神治療,https://terms.naer.edu.tw/
1957,pubescence,青春期,https://terms.naer.edu.tw/
1958,public examination,公開考試 {英},https://terms.naer.edu.tw/
1959,public library,公共圖書館,https://terms.naer.edu.tw/
1960,public playground,公共遊樂場；公共遊戲場,https://terms.naer.edu.tw/
1961,public school,公學 {英},https://terms.naer.edu.tw/
1962,public security education,保防教育,https://terms.naer.edu.tw/
1963,public-service education,公益服務教育,https://terms.naer.edu.tw/
1964,punishment,懲罰,https://terms.naer.edu.tw/
1965,pupil,學生,https://terms.naer.edu.tw/
1966,pupil self-government,學生自治,https://terms.naer.edu.tw/
1967,pupil teacher,小學實習教師,https://terms.naer.edu.tw/
1968,pupil-teacher system,導生制 {小老師},https://terms.naer.edu.tw/
1969,pure science,純粹科學,https://terms.naer.edu.tw/
1970,purposive psychology,目的心理學,https://terms.naer.edu.tw/
1971,puzzle,謎,https://terms.naer.edu.tw/
1972,puzzle box,迷箱,https://terms.naer.edu.tw/
1973,quadrivium,四藝；音樂、算術、幾何、天文,https://terms.naer.edu.tw/
1974,Qualification and Curriculum Authority {=QCA},資格課程局 {英},https://terms.naer.edu.tw/
1975,qualification of teacher,教師資格,https://terms.naer.edu.tw/
1976,Qualified Teacher Status {=QTS},合格教師培訓課程 {英},https://terms.naer.edu.tw/
1977,Quality Assurance Agency {=QAA},高等教育品質保證局 {英},https://terms.naer.edu.tw/
1978,quality test,品質測驗,https://terms.naer.edu.tw/
1979,quarter,學季,https://terms.naer.edu.tw/
1980,quarter system,學季制,https://terms.naer.edu.tw/
1981,quartile deviation,四分位差,https://terms.naer.edu.tw/
1982,Quasi Autonomous Non-governmental Organizations {=Quangos},為準官方法人性質教育機構 {英},https://terms.naer.edu.tw/
1983,question and answer method,問答法,https://terms.naer.edu.tw/
1984,questionnaire,問卷；問題徵答,https://terms.naer.edu.tw/
1985,questionnaire method,問卷法,https://terms.naer.edu.tw/
1986,quit of schooling,失學離校,https://terms.naer.edu.tw/
1987,quiz,測驗；隨堂小考,https://terms.naer.edu.tw/
1988,race difference,種族差異,https://terms.naer.edu.tw/
1989,ragged school,貧民學校,https://terms.naer.edu.tw/
1990,raised type for the blind,盲人用凸體文字,https://terms.naer.edu.tw/
1991,random group,隨機組,https://terms.naer.edu.tw/
1992,random movement,隨機運動,https://terms.naer.edu.tw/
1993,random sampling,隨機取樣,https://terms.naer.edu.tw/
1994,range,全距,https://terms.naer.edu.tw/
1995,rank correlation,等級相關,https://terms.naer.edu.tw/
1996,rating,評定等第,https://terms.naer.edu.tw/
1997,rating method,分等法,https://terms.naer.edu.tw/
1998,rating scale,分等量表,https://terms.naer.edu.tw/
1999,rational education,理性教育,https://terms.naer.edu.tw/
2000,rationalism,理性論；理性主義,https://terms.naer.edu.tw/
2001,rationalization,合理化,https://terms.naer.edu.tw/
2002,re-dropout rate,再輟率,https://terms.naer.edu.tw/
2003,re-education,再教育,https://terms.naer.edu.tw/
2004,re-evaluation,複評,https://terms.naer.edu.tw/
2005,reaction,反應,https://terms.naer.edu.tw/
2006,reaction hypothesis,反應假說,https://terms.naer.edu.tw/
2007,reaction method,反應法,https://terms.naer.edu.tw/
2008,reaction time,反應時間,https://terms.naer.edu.tw/
2009,Reader Admission Office,讀者服務處 {英},https://terms.naer.edu.tw/
2010,reading circle,讀書會,https://terms.naer.edu.tw/
2011,reading list,閱讀書單,https://terms.naer.edu.tw/
2012,reading method,閱讀法,https://terms.naer.edu.tw/
2013,reading room,閱覽室,https://terms.naer.edu.tw/
2014,reading school,誦讀學校；閱讀學校,https://terms.naer.edu.tw/
2015,real school,實科學校 ；實科中學{德},https://terms.naer.edu.tw/
2016,realism,唯實論；實在論,https://terms.naer.edu.tw/
2017,realistic education,唯實主義教育,https://terms.naer.edu.tw/
2018,reason,理性；理由,https://terms.naer.edu.tw/
2019,reasoning,推論；推理,https://terms.naer.edu.tw/
2020,recall,回憶,https://terms.naer.edu.tw/
2021,recall method,回憶法,https://terms.naer.edu.tw/
2022,recall type examination,回憶式考試,https://terms.naer.edu.tw/
2023,recapitulation,重述要旨；簡述大意,https://terms.naer.edu.tw/
2024,reception class,預備班 {英},https://terms.naer.edu.tw/
2025,recess,休會；休息,https://terms.naer.edu.tw/
2026,recital,背誦；獨奏,https://terms.naer.edu.tw/
2027,recitation,背誦；復述,https://terms.naer.edu.tw/
2028,recitation room,教室,https://terms.naer.edu.tw/
2029,recognition,採認,https://terms.naer.edu.tw/
2030,recognition test,再認測驗,https://terms.naer.edu.tw/
2031,recollection,回憶,https://terms.naer.edu.tw/
2032,recreation period,娛樂時間,https://terms.naer.edu.tw/
2033,recreation reading,消遣閱讀,https://terms.naer.edu.tw/
2034,recruitment,聘任,https://terms.naer.edu.tw/
2035,rector,校長；院長,https://terms.naer.edu.tw/
2036,rector of academy,大學區總長 {法},https://terms.naer.edu.tw/
2037,Red Brick University,紅磚大學,https://terms.naer.edu.tw/
2038,reentry,復學,https://terms.naer.edu.tw/
2039,reentry rate,復學率,https://terms.naer.edu.tw/
2040,reference book,參考書,https://terms.naer.edu.tw/
2041,reference list,參考名冊,https://terms.naer.edu.tw/
2042,reference point,參照點,https://terms.naer.edu.tw/
2043,reference writings,參考著作,https://terms.naer.edu.tw/
2044,reflection,反省；反思,https://terms.naer.edu.tw/
2045,reflective behavior,反省性行為,https://terms.naer.edu.tw/
2046,reflective thought,反省思考,https://terms.naer.edu.tw/
2047,reflex,反射,https://terms.naer.edu.tw/
2048,reflex action,反射動作,https://terms.naer.edu.tw/
2049,reflex arc,反射弧,https://terms.naer.edu.tw/
2050,reform education,感化教育,https://terms.naer.edu.tw/
2051,reform school,感化學校,https://terms.naer.edu.tw/
2052,reformatory,感化院,https://terms.naer.edu.tw/
2053,reformatory education,感化教育,https://terms.naer.edu.tw/
2054,regional education development found,地方教育發展基金,https://terms.naer.edu.tw/
2055,register,註冊簿；登錄；註冊,https://terms.naer.edu.tw/
2056,registered independent school {=IND},登記有案之獨立學校 {英},https://terms.naer.edu.tw/
2057,registered inspector,有照督學 {英},https://terms.naer.edu.tw/
2058,registrar,註冊員,https://terms.naer.edu.tw/
2059,registration,登記；入學；註冊,https://terms.naer.edu.tw/
2060,relational bullying,關係性霸凌,https://terms.naer.edu.tw/
2061,reliability,信度,https://terms.naer.edu.tw/
2062,religious education,宗教教育,https://terms.naer.edu.tw/
2063,remedial arithmetic,輔導算術,https://terms.naer.edu.tw/
2064,remedial education,補救教學,https://terms.naer.edu.tw/
2065,remote or special needs area,偏遠或特殊地區,https://terms.naer.edu.tw/
2066,report,通報,https://terms.naer.edu.tw/
2067,report card,成績報告卡 {美},https://terms.naer.edu.tw/
2068,representative writings,代表著作,https://terms.naer.edu.tw/
2069,Republic of Creativity {= ROC},創造力國度,https://terms.naer.edu.tw/
2070,required reading,指定讀物,https://terms.naer.edu.tw/
2071,required subject,必修學科,https://terms.naer.edu.tw/
2072,research and fieldwork,研究與田野調查,https://terms.naer.edu.tw/
2073,Research Assessment Exercises {=RAE},大學研究評鑑作業 {英},https://terms.naer.edu.tw/
2074,research assistant,研究助理,https://terms.naer.edu.tw/
2075,Research Councils,研究委員會 {英},https://terms.naer.edu.tw/
2076,research institution,研究機構,https://terms.naer.edu.tw/
2077,research scholar,研究學者,https://terms.naer.edu.tw/
2078,research student,研究生,https://terms.naer.edu.tw/
2079,research work,研究工作,https://terms.naer.edu.tw/
2080,researcher,研究人員,https://terms.naer.edu.tw/
2081,resident student,住校生,https://terms.naer.edu.tw/
2082,resource center,資源中心,https://terms.naer.edu.tw/
2083,resource class,資源班,https://terms.naer.edu.tw/
2084,resource classroom,資源教室,https://terms.naer.edu.tw/
2085,resources classroom for aboriginal education,原住民民族教育資源教室,https://terms.naer.edu.tw/
2086,response,反應,https://terms.naer.edu.tw/
2087,retainment of student status,保留入學資格,https://terms.naer.edu.tw/
2088,retardation,遲緩,https://terms.naer.edu.tw/
2089,retarded child,遲緩兒童,https://terms.naer.edu.tw/
2090,retirement system,退休制度,https://terms.naer.edu.tw/
2091,reverie,幻想,https://terms.naer.edu.tw/
2092,review list,審查意見表,https://terms.naer.edu.tw/
2093,review of academic work,著作審查,https://terms.naer.edu.tw/
2094,rhetorical school,修辭學校,https://terms.naer.edu.tw/
2095,right for parents' involvement in schools,家長參與學校事務權利,https://terms.naer.edu.tw/
2096,right to education,受教權,https://terms.naer.edu.tw/
2097,right-wrong method,是非法,https://terms.naer.edu.tw/
2098,roll call,點名,https://terms.naer.edu.tw/
2099,room schedule,教室課表,https://terms.naer.edu.tw/
2100,rote learning,機械學習,https://terms.naer.edu.tw/
2101,rote memory,機械記憶,https://terms.naer.edu.tw/
2102,rote teaching,機械教學,https://terms.naer.edu.tw/
2103,rough reading,略讀,https://terms.naer.edu.tw/
2104,Royal Charters,皇家辦學特許狀 {英},https://terms.naer.edu.tw/
2105,Royal Society,皇家學會 {英},https://terms.naer.edu.tw/
2106,rule of direct action,直接動作律,https://terms.naer.edu.tw/
2107,rule of distribution of practice,練習分配律,https://terms.naer.edu.tw/
2108,rule of repetition,反覆律,https://terms.naer.edu.tw/
2109,rural education,農村教育,https://terms.naer.edu.tw/
2110,rural school,農村學校；鄉村學校,https://terms.naer.edu.tw/
2111,sabbatical leave,休假研究；教授休假,https://terms.naer.edu.tw/
2112,safety education,安全教育,https://terms.naer.edu.tw/
2113,safety rules,安全守則,https://terms.naer.edu.tw/
2114,salary scale,工資制；薪級表,https://terms.naer.edu.tw/
2115,salary schedule,工資制；薪級表,https://terms.naer.edu.tw/
2116,sample method,取樣法,https://terms.naer.edu.tw/
2117,sampling method,取樣法,https://terms.naer.edu.tw/
2118,sanatorium school,療養學校,https://terms.naer.edu.tw/
2119,sandwich course,三明治課程,https://terms.naer.edu.tw/
2120,sanguine temperament,多血質,https://terms.naer.edu.tw/
2121,Santa Barbara Plan,聖巴巴拉制,https://terms.naer.edu.tw/
2122,scale book,量表簿,https://terms.naer.edu.tw/
2123,scale of positions,職務等級表,https://terms.naer.edu.tw/
2124,scale score,量尺分數,https://terms.naer.edu.tw/
2125,scholar,學者；學生 {英},https://terms.naer.edu.tw/
2126,scholarship,獎學金,https://terms.naer.edu.tw/
2127,scholarship and grants,獎助學金,https://terms.naer.edu.tw/
2128,scholarship contest,獎學金競試,https://terms.naer.edu.tw/
2129,scholarship of government sponsorship for overseas study,公費留學獎學金,https://terms.naer.edu.tw/
2130,Scholastic,經院學者；士林哲學家,https://terms.naer.edu.tw/
2131,scholastic aptitude,學術性向,https://terms.naer.edu.tw/
2132,scholastic honor,學術榮譽,https://terms.naer.edu.tw/
2133,scholasticism,經院主義；士林哲學,https://terms.naer.edu.tw/
2134,school,學校；學派,https://terms.naer.edu.tw/
2135,school administration,學校行政,https://terms.naer.edu.tw/
2136,school administrator,學校行政人員,https://terms.naer.edu.tw/
2137,school age,學齡,https://terms.naer.edu.tw/
2138,school attendance,就學,https://terms.naer.edu.tw/
2139,school attendance committee,督促就學委員會,https://terms.naer.edu.tw/
2140,school attendance officer,督促就學員,https://terms.naer.edu.tw/
2141,school board,學校董事會,https://terms.naer.edu.tw/
2142,school bond,學校公債,https://terms.naer.edu.tw/
2143,school book,教科書,https://terms.naer.edu.tw/
2144,school budget,學校預算,https://terms.naer.edu.tw/
2145,school building,學校建築,https://terms.naer.edu.tw/
2146,school bulletin,學校公告欄,https://terms.naer.edu.tw/
2147,school calendar,校曆,https://terms.naer.edu.tw/
2148,school census,學校普查,https://terms.naer.edu.tw/
2149,school ceremony,學校儀式；學校典禮,https://terms.naer.edu.tw/
2150,school certificate,學校證書；學校證照,https://terms.naer.edu.tw/
2151,school chart,學校圖表,https://terms.naer.edu.tw/
2152,school clinics,學校診療所；學校門診部,https://terms.naer.edu.tw/
2153,school community,學校社區,https://terms.naer.edu.tw/
2154,school constitution,學則,https://terms.naer.edu.tw/
2155,school control,學校管理,https://terms.naer.edu.tw/
2156,school court,學校法庭,https://terms.naer.edu.tw/
2157,School Curriculum and Assessment Authority {=SCAA},學校課程暨評量局 {英},https://terms.naer.edu.tw/
2158,school development fund,校務發展基金,https://terms.naer.edu.tw/
2159,school discipline,訓導；學校紀律,https://terms.naer.edu.tw/
2160,school discipline and guidance,訓輔工作,https://terms.naer.edu.tw/
2161,school education,學校教育,https://terms.naer.edu.tw/
2162,school equipment,校園設備；學校設備,https://terms.naer.edu.tw/
2163,school establishment,學校設施,https://terms.naer.edu.tw/
2164,school ethos,校風,https://terms.naer.edu.tw/
2165,school evaluation,校務評鑑,https://terms.naer.edu.tw/
2166,school examination,學校考試,https://terms.naer.edu.tw/
2167,School Examinations and Assessment Council {=SEAC},學校測驗評量委員會 {英},https://terms.naer.edu.tw/
2168,school exhibition,學校展覽會,https://terms.naer.edu.tw/
2169,school expenditure,學校經費,https://terms.naer.edu.tw/
2170,school extension,學校推廣教育,https://terms.naer.edu.tw/
2171,school facility refurbishment,校園設施整建 {英},https://terms.naer.edu.tw/
2172,school facility remodel,校園設施整建,https://terms.naer.edu.tw/
2173,school fair,學校園遊會；學校博覽會,https://terms.naer.edu.tw/
2174,school fee,學費,https://terms.naer.edu.tw/
2175,school feeding,學校供膳；學校午餐,https://terms.naer.edu.tw/
2176,school festival,學校節慶,https://terms.naer.edu.tw/
2177,school finance,學校財政,https://terms.naer.edu.tw/
2178,school for defective,殘障學校,https://terms.naer.edu.tw/
2179,school for the physically disabled,殘障學校,https://terms.naer.edu.tw/
2180,school fund,學校基金,https://terms.naer.edu.tw/
2181,school furniture,學校用具,https://terms.naer.edu.tw/
2182,school garden,學校花園；學校園圃,https://terms.naer.edu.tw/
2183,school governing body,學校管理委員會；校管會 {英},https://terms.naer.edu.tw/
2184,school government,學校管理,https://terms.naer.edu.tw/
2185,school governors,學校管理委員會委員；校管會委員 {英},https://terms.naer.edu.tw/
2186,school ground,校地；校址,https://terms.naer.edu.tw/
2187,school guidance work,學校輔導工作,https://terms.naer.edu.tw/
2188,school house,校舍,https://terms.naer.edu.tw/
2189,school hygiene,學校衛生,https://terms.naer.edu.tw/
2190,school in woods,林間學校,https://terms.naer.edu.tw/
2191,school inspection,學校視察；學校視導,https://terms.naer.edu.tw/
2192,school land,校地；校址,https://terms.naer.edu.tw/
2193,school law,學校法,https://terms.naer.edu.tw/
2194,school leaving age,離校年齡,https://terms.naer.edu.tw/
2195,school library,學校圖書館,https://terms.naer.edu.tw/
2196,school lunch,學校供膳；學校午餐,https://terms.naer.edu.tw/
2197,school management,學校管理,https://terms.naer.edu.tw/
2198,school manager,學校管理者,https://terms.naer.edu.tw/
2199,school manual,學校手冊,https://terms.naer.edu.tw/
2200,school meal,學校供膳；學校午餐,https://terms.naer.edu.tw/
2201,school museum,學校博物館,https://terms.naer.edu.tw/
2202,school net,學校網,https://terms.naer.edu.tw/
2203,school noncompletion,肄業,https://terms.naer.edu.tw/
2204,school nurses,校護,https://terms.naer.edu.tw/
2205,school of education,教育學院；教育學系,https://terms.naer.edu.tw/
2206,school of fine arts,美術學校；美術學院,https://terms.naer.edu.tw/
2207,school of life and health sciences,生命科學院,https://terms.naer.edu.tw/
2208,school of medicine,醫學院,https://terms.naer.edu.tw/
2209,school of overseas Chinese,華僑學校,https://terms.naer.edu.tw/
2210,school of practical arts,應用藝術學校,https://terms.naer.edu.tw/
2211,School of the Future,未來的學校 {英},https://terms.naer.edu.tw/
2212,school organization,學校組織,https://terms.naer.edu.tw/
2213,school plant,學校建築,https://terms.naer.edu.tw/
2214,school population,學校人口,https://terms.naer.edu.tw/
2215,school recommendation,學校推薦,https://terms.naer.edu.tw/
2216,school regulation,學則,https://terms.naer.edu.tw/
2217,school report,校務報告,https://terms.naer.edu.tw/
2218,school rule,校規,https://terms.naer.edu.tw/
2219,school sanitation,學校衛生,https://terms.naer.edu.tw/
2220,school sites,校地；校址,https://terms.naer.edu.tw/
2221,school society,學校教職員組織,https://terms.naer.edu.tw/
2222,school space,校地,https://terms.naer.edu.tw/
2223,school spirit,校風；學校精神,https://terms.naer.edu.tw/
2224,school staff,教職員,https://terms.naer.edu.tw/
2225,School Standards and Framework Act,學校標準與體制法 {英},https://terms.naer.edu.tw/
2226,school statistics,學校統計,https://terms.naer.edu.tw/
2227,school subject,學校科目,https://terms.naer.edu.tw/
2228,school supplies,學校用品,https://terms.naer.edu.tw/
2229,school survey,學校調查,https://terms.naer.edu.tw/
2230,school synod,校務會議,https://terms.naer.edu.tw/
2231,school system,學制,https://terms.naer.edu.tw/
2232,school system of different countries,各國學制,https://terms.naer.edu.tw/
2233,school tax,教育稅,https://terms.naer.edu.tw/
2234,School Teachers Review Body,學校教師評審局 {英},https://terms.naer.edu.tw/
2235,School Teachers’ Pay and Conditions Act,教師薪資與工作條件法 {英},https://terms.naer.edu.tw/
2236,school term,學期,https://terms.naer.edu.tw/
2237,school work guidance,基本課業輔導,https://terms.naer.edu.tw/
2238,school year,學年,https://terms.naer.edu.tw/
2239,School- Centred Initial Teacher Training {=SCITT},以學校為中心的職前教師培訓 {英},https://terms.naer.edu.tw/
2240,school-based curriculum development,學校本位課程發展,https://terms.naer.edu.tw/
2241,school-environmental facilities,校園環境設施,https://terms.naer.edu.tw/
2242,school-related factor,學校因素,https://terms.naer.edu.tw/
2243,schoolmate,學友；同學,https://terms.naer.edu.tw/
2244,Schools & Colleges Performance Tables,中小學績效排行榜 {英},https://terms.naer.edu.tw/
2245,schools of aboriginal areas,原住民地區學校,https://terms.naer.edu.tw/
2246,schools-industry liaison officer,產學合作事務員,https://terms.naer.edu.tw/
2247,science and technology,自然與生活科技,https://terms.naer.edu.tw/
2248,science education,科學教育,https://terms.naer.edu.tw/
2249,science of education,教育科學,https://terms.naer.edu.tw/
2250,science school,理學院,https://terms.naer.edu.tw/
2251,scientific education,科學教育,https://terms.naer.edu.tw/
2252,scientific institute,科學研究所,https://terms.naer.edu.tw/
2253,score card,記分卡片,https://terms.naer.edu.tw/
2254,score scale,記分量表,https://terms.naer.edu.tw/
2255,Scottish Further Education Funding Council {=SFEFC},蘇格蘭擴充教育撥款委員會,https://terms.naer.edu.tw/
2256,Scottish Higher Education Funding Council {=SHEFC},蘇格蘭高等教育撥款委員會,https://terms.naer.edu.tw/
2257,Scottish Office Education Department {=SOED},蘇格蘭教育廳,https://terms.naer.edu.tw/
2258,Scottish Qualifications Authority {=SQA},蘇格蘭資格認證局,https://terms.naer.edu.tw/
2259,scout education,童軍教育,https://terms.naer.edu.tw/
2260,screening and review,甄審,https://terms.naer.edu.tw/
2261,screening and selection,甄選,https://terms.naer.edu.tw/
2262,screening test,甄試,https://terms.naer.edu.tw/
2263,second certificate examination,中學第二試 {英},https://terms.naer.edu.tw/
2264,second foreign language,第二外語,https://terms.naer.edu.tw/
2265,second review,複審,https://terms.naer.edu.tw/
2266,second stage certification,複檢,https://terms.naer.edu.tw/
2267,secondary education,中等教育,https://terms.naer.edu.tw/
2268,Secondary Heads Associations,中學校長協會 {英},https://terms.naer.edu.tw/
2269,secondary modern school,現代中學 {英},https://terms.naer.edu.tw/
2270,secondary school,中等學校,https://terms.naer.edu.tw/
2271,secretarial education,秘書教育,https://terms.naer.edu.tw/
2272,secretary of education,教育部長 {美},https://terms.naer.edu.tw/
2273,Secretary of State for Education,教育大臣 {英},https://terms.naer.edu.tw/
2274,sectarian school,教派學校,https://terms.naer.edu.tw/
2275,secular education,非宗教教育,https://terms.naer.edu.tw/
2276,secure campus space,安全校園空間,https://terms.naer.edu.tw/
2277,segregation,隔離,https://terms.naer.edu.tw/
2278,segregation by ability,能力分組,https://terms.naer.edu.tw/
2279,selected group,選擇組,https://terms.naer.edu.tw/
2280,selection,遴選,https://terms.naer.edu.tw/
2281,selection of subject matter,教材選擇,https://terms.naer.edu.tw/
2282,selection policy,篩選政策 {英},https://terms.naer.edu.tw/
2283,self study,自學進修,https://terms.naer.edu.tw/
2284,self-culture,自修,https://terms.naer.edu.tw/
2285,self-direction,自我向導,https://terms.naer.edu.tw/
2286,self-discipline,自律,https://terms.naer.edu.tw/
2287,Self-education,自我教育,https://terms.naer.edu.tw/
2288,self-evaluation,自我評鑑,https://terms.naer.edu.tw/
2289,self-expression,自我表現,https://terms.naer.edu.tw/
2290,self-government,自治,https://terms.naer.edu.tw/
2291,self-help fundraising,自籌經費,https://terms.naer.edu.tw/
2292,self-rating,自我評定,https://terms.naer.edu.tw/
2293,self-realization,自我實現,https://terms.naer.edu.tw/
2294,self-study,自習,https://terms.naer.edu.tw/
2295,semester,學期,https://terms.naer.edu.tw/
2296,semester plan,學期制,https://terms.naer.edu.tw/
2297,seminar,研討會；研究班；專題討論會,https://terms.naer.edu.tw/
2298,seminar course,研究學程；研究科目；專題研究科目,https://terms.naer.edu.tw/
2299,senate,大學評議會,https://terms.naer.edu.tw/
2300,senior,四年級生 {美},https://terms.naer.edu.tw/
2301,senior class,四年級,https://terms.naer.edu.tw/
2302,senior college,高級學院 {美},https://terms.naer.edu.tw/
2303,senior high school,高級中學；高中,https://terms.naer.edu.tw/
2304,senior lecturer,高級講師 {英},https://terms.naer.edu.tw/
2305,sensation,感覺,https://terms.naer.edu.tw/
2306,sensationalism,感覺論,https://terms.naer.edu.tw/
2307,sense culture,感官陶冶,https://terms.naer.edu.tw/
2308,sense education,感官教育,https://terms.naer.edu.tw/
2309,sense realism,感官唯實論,https://terms.naer.edu.tw/
2310,sense training,感官訓練,https://terms.naer.edu.tw/
2311,sensualism,感覺論,https://terms.naer.edu.tw/
2312,sentence method,整句教學法,https://terms.naer.edu.tw/
2313,sentiment,情操,https://terms.naer.edu.tw/
2314,separation of examination and enrollment system,考招分離,https://terms.naer.edu.tw/
2315,session,上課時間,https://terms.naer.edu.tw/
2316,session credit,學年學分,https://terms.naer.edu.tw/
2317,setting,能力分組,https://terms.naer.edu.tw/
2318,seven liberal arts,七藝；文法、邏輯、修辭、音樂、算數、幾何、天文,https://terms.naer.edu.tw/
2319,severe emotional disturbance,嚴重情緒障礙,https://terms.naer.edu.tw/
2320,sex education,性教育,https://terms.naer.edu.tw/
2321,sex instinct,性本能,https://terms.naer.edu.tw/
2322,sexual abuse,性侵害,https://terms.naer.edu.tw/
2323,sexual difference,性別差異,https://terms.naer.edu.tw/
2324,sexual harassment,性騷擾,https://terms.naer.edu.tw/
2325,sexual instinct,性本能,https://terms.naer.edu.tw/
2326,sexual offenders,性侵犯,https://terms.naer.edu.tw/
2327,sexual violence,性暴力,https://terms.naer.edu.tw/
2328,share of educational expenditure among governments,各級政府教育經費應分擔數額,https://terms.naer.edu.tw/
2329,short course,短期課程,https://terms.naer.edu.tw/
2330,short term course,短期課程,https://terms.naer.edu.tw/
2331,sign language,手語法,https://terms.naer.edu.tw/
2332,silent reading,默讀,https://terms.naer.edu.tw/
2333,simplified spelling,簡字,https://terms.naer.edu.tw/
2334,simultaneous learning,同時學習,https://terms.naer.edu.tw/
2335,simultaneous method,同時教學法,https://terms.naer.edu.tw/
2336,single room school,單班學校,https://terms.naer.edu.tw/
2337,single school system,單軌制,https://terms.naer.edu.tw/
2338,single track system,單軌制,https://terms.naer.edu.tw/
2339,sister school,姐妹校,https://terms.naer.edu.tw/
2340,six-three-three plan,六三三制 {美},https://terms.naer.edu.tw/
2341,six-year high school,完全中學；六年制中學,https://terms.naer.edu.tw/
2342,Sixth-form College,中六學院{英}；第六級學院 {英},https://terms.naer.edu.tw/
2343,sixth-formers,中六學生 {英},https://terms.naer.edu.tw/
2344,skewness,偏態,https://terms.naer.edu.tw/
2345,skimming reading,略讀,https://terms.naer.edu.tw/
2346,skin sensation,膚覺,https://terms.naer.edu.tw/
2347,skipping reading,跳讀,https://terms.naer.edu.tw/
2348,slow child,遲緩兒童,https://terms.naer.edu.tw/
2349,social adjustment,社會適應,https://terms.naer.edu.tw/
2350,social education,社會教育,https://terms.naer.edu.tw/
2351,Social Exclusion Unit,受社會排斥學生輔導小組 {英},https://terms.naer.edu.tw/
2352,social guidance,社會導引,https://terms.naer.edu.tw/
2353,social heredity,社會遺傳,https://terms.naer.edu.tw/
2354,social instinct,社交本能,https://terms.naer.edu.tw/
2355,social pedagogy,社會教育學,https://terms.naer.edu.tw/
2356,social psychology,社會心理學,https://terms.naer.edu.tw/
2357,social science,社會科學,https://terms.naer.edu.tw/
2358,social service training,社會服務訓練,https://terms.naer.edu.tw/
2359,social studies,社會領域,https://terms.naer.edu.tw/
2360,socialism,社會主義,https://terms.naer.edu.tw/
2361,socialistic education,社會主義教育,https://terms.naer.edu.tw/
2362,socialization,社會化,https://terms.naer.edu.tw/
2363,socialized teaching,社會化教學,https://terms.naer.edu.tw/
2364,Society of Education Officers,教育主管協會 {英},https://terms.naer.edu.tw/
2365,society-related factor,社會因素,https://terms.naer.edu.tw/
2366,sociology,社會學,https://terms.naer.edu.tw/
2367,soft education,柔性教育,https://terms.naer.edu.tw/
2368,sophomore,二年級生 {美},https://terms.naer.edu.tw/
2369,sophomore class,二年級,https://terms.naer.edu.tw/
2370,sorority,姊妹會,https://terms.naer.edu.tw/
2371,speaking-instruction,說話教學,https://terms.naer.edu.tw/
2372,special ability,特殊能力,https://terms.naer.edu.tw/
2373,special agreement school {=SAS},特別協定學校 {英},https://terms.naer.edu.tw/
2374,special classroom,特殊教室,https://terms.naer.edu.tw/
2375,special didactics,特殊教學法,https://terms.naer.edu.tw/
2376,special education,特殊教育,https://terms.naer.edu.tw/
2377,Special Education Consultative Committee,特殊教育諮詢委員會,https://terms.naer.edu.tw/
2378,special education kindergarten,特殊幼稚園,https://terms.naer.edu.tw/
2379,special education resource center,特殊教育資源中心,https://terms.naer.edu.tw/
2380,special measurement,特別列管措施 {英},https://terms.naer.edu.tw/
2381,special place,免費學額 {英},https://terms.naer.edu.tw/
2382,special school,特殊學校 {英},https://terms.naer.edu.tw/
2383,special school maintained by LEA,由地方教育局資助之特殊學校 {英},https://terms.naer.edu.tw/
2384,special student,特殊學生,https://terms.naer.edu.tw/
2385,special talent,特殊才能,https://terms.naer.edu.tw/
2386,specialist advisor,專業顧問 {英},https://terms.naer.edu.tw/
2387,specialist advisor for IT,資訊科技專業顧問 {英},https://terms.naer.edu.tw/
2388,specialist schools,重點學科中學 {英},https://terms.naer.edu.tw/
2389,specific educational subsidy,特定教育補助,https://terms.naer.edu.tw/
2390,specifications of desks and chairs,課桌椅規格,https://terms.naer.edu.tw/
2391,speech education,語言教育,https://terms.naer.edu.tw/
2392,speech-correction class,語言矯正班,https://terms.naer.edu.tw/
2393,speed test,速度測驗,https://terms.naer.edu.tw/
2394,spiral method,螺旋法,https://terms.naer.edu.tw/
2395,spontaneous attention,自發注意,https://terms.naer.edu.tw/
2396,sportsmanship,運動員風度；運動家精神,https://terms.naer.edu.tw/
2397,staff,職員,https://terms.naer.edu.tw/
2398,staff number,員額,https://terms.naer.edu.tw/
2399,standard deviation,標準差,https://terms.naer.edu.tw/
2400,standard error,標準誤,https://terms.naer.edu.tw/
2401,standard of school equipment,設備標準,https://terms.naer.edu.tw/
2402,standardized test,標準化測驗,https://terms.naer.edu.tw/
2403,Standards and Effectiveness Unit,標準與效能小組 {英},https://terms.naer.edu.tw/
2404,Standards Funds,教育成就標準基金 {英},https://terms.naer.edu.tw/
2405,state board of education,州教育委員會 {美},https://terms.naer.edu.tw/
2406,state department of education,州教育廳 {美},https://terms.naer.edu.tw/
2407,state examination system,州考試制度,https://terms.naer.edu.tw/
2408,state financed student,教育部公費生,https://terms.naer.edu.tw/
2409,state school,公立學校 {英},https://terms.naer.edu.tw/
2410,statistical method,統計法,https://terms.naer.edu.tw/
2411,statistics,統計學,https://terms.naer.edu.tw/
2412,stimulus,刺激,https://terms.naer.edu.tw/
2413,stimulus-response formula,刺激反應公式,https://terms.naer.edu.tw/
2414,strategy for numeracy,算術能力提昇策略 {英},https://terms.naer.edu.tw/
2415,streaming,能力分班；能力分組,https://terms.naer.edu.tw/
2416,streams of consciousness,意識流,https://terms.naer.edu.tw/
2417,structural psychology,結構心理學,https://terms.naer.edu.tw/
2418,student,學生,https://terms.naer.edu.tw/
2419,student affairs,學務工作,https://terms.naer.edu.tw/
2420,student aid,助學金；學生補助,https://terms.naer.edu.tw/
2421,student council,學生會；學生聯會,https://terms.naer.edu.tw/
2422,student government,學生自治會,https://terms.naer.edu.tw/
2423,student grievances,學生申訴,https://terms.naer.edu.tw/
2424,student guidance work,學生輔導工作,https://terms.naer.edu.tw/
2425,student handbook,學生手冊,https://terms.naer.edu.tw/
2426,student loan,就學貸款,https://terms.naer.edu.tw/
2427,student loan fund,學生貸款基金,https://terms.naer.edu.tw/
2428,student recruitment committee,招生委員會,https://terms.naer.edu.tw/
2429,student self-government group,學生自治團體,https://terms.naer.edu.tw/
2430,student-teacher,實習教師 {英},https://terms.naer.edu.tw/
2431,student's card,學生紀錄卡,https://terms.naer.edu.tw/
2432,Students Across Europe Language Network,歐洲學生語言學習網路 {英},https://terms.naer.edu.tw/
2433,students from disadvantaged backgrounds,家庭背景不利的學生,https://terms.naer.edu.tw/
2434,students under poverty line,清寒學生,https://terms.naer.edu.tw/
2435,students' organization,學生社團,https://terms.naer.edu.tw/
2436,students' right of education,學生受教權,https://terms.naer.edu.tw/
2437,students' right of learning,學生學習權,https://terms.naer.edu.tw/
2438,study,修業,https://terms.naer.edu.tw/
2439,study period,修業期限,https://terms.naer.edu.tw/
2440,sub-degree,副學士學位 {英},https://terms.naer.edu.tw/
2441,subconsciousness,下意識,https://terms.naer.edu.tw/
2442,subject,科目；學科,https://terms.naer.edu.tw/
2443,subject competence test,學科能力測驗,https://terms.naer.edu.tw/
2444,subject matter,教材,https://terms.naer.edu.tw/
2445,subject supervision,分科視導,https://terms.naer.edu.tw/
2446,subject test,學科測驗,https://terms.naer.edu.tw/
2447,subject-matter,教材,https://terms.naer.edu.tw/
2448,subsidy deduction,扣減獎補助款,https://terms.naer.edu.tw/
2449,subsidy for festival,慶典補助,https://terms.naer.edu.tw/
2450,subsidy for school rehabilitation due to natural disaster,校園天然災害受損復建補助,https://terms.naer.edu.tw/
2451,substitute teacher,代課教師,https://terms.naer.edu.tw/
2452,suggestibility,暗示感受性,https://terms.naer.edu.tw/
2453,suggestion,暗示,https://terms.naer.edu.tw/
2454,suggestive questioning,暗示詰問,https://terms.naer.edu.tw/
2455,summer camp,夏令營,https://terms.naer.edu.tw/
2456,summer literacy schools,暑期語文班 {英},https://terms.naer.edu.tw/
2457,summer school,暑期學校,https://terms.naer.edu.tw/
2458,summer vacation,暑假,https://terms.naer.edu.tw/
2459,Summerhill School,夏山學校 {英},https://terms.naer.edu.tw/
2460,Sunday School,週日學校,https://terms.naer.edu.tw/
2461,Sunday Times,週日泰晤士報 {英},https://terms.naer.edu.tw/
2462,super teachers,優異級教師 {英},https://terms.naer.edu.tw/
2463,superintendent,教育局長 {美},https://terms.naer.edu.tw/
2464,supervised study,輔導學習法,https://terms.naer.edu.tw/
2465,supervising principal,有輔導職責之校長 {美},https://terms.naer.edu.tw/
2466,supervision,視導,https://terms.naer.edu.tw/
2467,supervision and assessment,督導考核,https://terms.naer.edu.tw/
2468,supervisor,督導員；督學；指導教授 {英},https://terms.naer.edu.tw/
2469,supplementary book,補充讀物,https://terms.naer.edu.tw/
2470,supplementary course,補習課程；輔助課程,https://terms.naer.edu.tw/
2471,supplementary education,補習教育,https://terms.naer.edu.tw/
2472,supplementary reading,補充讀物,https://terms.naer.edu.tw/
2473,supply teacher,代課教師 {英},https://terms.naer.edu.tw/
2474,surveillant,督導員 {英},https://terms.naer.edu.tw/
2475,survey method,調查法,https://terms.naer.edu.tw/
2476,suspension,停學,https://terms.naer.edu.tw/
2477,suspension of schooling,休學,https://terms.naer.edu.tw/
2478,symbolism,象徵主義,https://terms.naer.edu.tw/
2479,sympathy,同情,https://terms.naer.edu.tw/
2480,synapse,神經鍵,https://terms.naer.edu.tw/
2481,synthetic instruction,綜合教學,https://terms.naer.edu.tw/
2482,system of education,教育制度,https://terms.naer.edu.tw/
2483,systematic pedagogy,系統教育學,https://terms.naer.edu.tw/
2484,T-scale,T量表,https://terms.naer.edu.tw/
2485,T-score,T分數,https://terms.naer.edu.tw/
2486,table of curriculum,課程表,https://terms.naer.edu.tw/
2487,taking courses,修讀,https://terms.naer.edu.tw/
2488,taking summer courses,暑期修課,https://terms.naer.edu.tw/
2489,task-force,工作小組；任務編組,https://terms.naer.edu.tw/
2490,taste sensation,味覺,https://terms.naer.edu.tw/
2491,teacher,教師,https://terms.naer.edu.tw/
2492,teacher assessment,教師評量,https://terms.naer.edu.tw/
2493,teacher certificate,教師證書,https://terms.naer.edu.tw/
2494,teacher education,師資培育,https://terms.naer.edu.tw/
2495,Teacher Education Law,師資培育法,https://terms.naer.edu.tw/
2496,teacher education program,教育學程,https://terms.naer.edu.tw/
2497,teacher evaluation committee,教師評審委員會,https://terms.naer.edu.tw/
2498,teacher grievances,教師申訴,https://terms.naer.edu.tw/
2499,teacher qualification resume,教師資格審查履歷表,https://terms.naer.edu.tw/
2500,teacher rating scale,教師評等制,https://terms.naer.edu.tw/
2501,teacher tenure,教師常聘制,https://terms.naer.edu.tw/
2502,teacher training,師資培育,https://terms.naer.edu.tw/
2503,Teacher Training Agency {=TTA},師資培訓局 {英},https://terms.naer.edu.tw/
2504,teacher transfer among schools,教師介聘,https://terms.naer.edu.tw/
2505,teacher's agreement,教師聘約,https://terms.naer.edu.tw/
2506,teacher's aide,教師助理 {英},https://terms.naer.edu.tw/
2507,teacher's certificate,教師證照,https://terms.naer.edu.tw/
2508,teacher's contract,教師聘約,https://terms.naer.edu.tw/
2509,teacher's license,教師證照,https://terms.naer.edu.tw/
2510,teacher's load,教員工作負擔,https://terms.naer.edu.tw/
2511,teacher's manual,教師手冊,https://terms.naer.edu.tw/
2512,teachers association,教師會,https://terms.naer.edu.tw/
2513,teachers college,師範學院 {美},https://terms.naer.edu.tw/
2514,teachers organization,教師組織,https://terms.naer.edu.tw/
2515,Teachers Pay and Conditions Act,教師薪資與工作條件法 {英},https://terms.naer.edu.tw/
2516,teachers union,教師工會,https://terms.naer.edu.tw/
2517,teachers' association at the school level,學校教師會,https://terms.naer.edu.tw/
2518,teachers' examination,教師考試,https://terms.naer.edu.tw/
2519,teachers' guild,教師公會,https://terms.naer.edu.tw/
2520,teachers' institute,教師研習所 {美},https://terms.naer.edu.tw/
2521,Teaching and Higher Education Act,教學與高等教育法 {英},https://terms.naer.edu.tw/
2522,teaching assistant,助教；教學助理 {英},https://terms.naer.edu.tw/
2523,teaching continuity document,任教未中斷證明,https://terms.naer.edu.tw/
2524,teaching efficiency,教學效能,https://terms.naer.edu.tw/
2525,teaching hours,授課時數,https://terms.naer.edu.tw/
2526,teaching method,教學法,https://terms.naer.edu.tw/
2527,teaching room,教室,https://terms.naer.edu.tw/
2528,teaching unit,教學單元,https://terms.naer.edu.tw/
2529,Team of Professionals Specializing in Education for the Disabled,身心障礙教育專業團隊,https://terms.naer.edu.tw/
2530,team teaching,協同教學,https://terms.naer.edu.tw/
2531,technical and vocational education,技職教育,https://terms.naer.edu.tw/
2532,technical and vocational education system,技職體系,https://terms.naer.edu.tw/
2533,technical college,科技學院；技術學院,https://terms.naer.edu.tw/
2534,technical education,工業教育；實業教育,https://terms.naer.edu.tw/
2535,technical report,技術報告,https://terms.naer.edu.tw/
2536,technical school,工業學校；實業學校；技術中學 {英},https://terms.naer.edu.tw/
2537,technician as assistant professor,助理教授級專業技術人員,https://terms.naer.edu.tw/
2538,Technology Colleges Trust,技藝高中基金會 {英},https://terms.naer.edu.tw/
2539,technology research and development {= R&D},技術研發,https://terms.naer.edu.tw/
2540,teenager's guidance program,青少年輔導計畫,https://terms.naer.edu.tw/
2541,teleology,目的論,https://terms.naer.edu.tw/
2542,temperament,氣質,https://terms.naer.edu.tw/
2543,temporary leave without salary,留職停薪,https://terms.naer.edu.tw/
2544,temporary termination of contract,停聘,https://terms.naer.edu.tw/
2545,term,學期；學季 {英},https://terms.naer.edu.tw/
2546,term employment period,聘期,https://terms.naer.edu.tw/
2547,term paper,學期論文,https://terms.naer.edu.tw/
2548,test,測驗,https://terms.naer.edu.tw/
2549,test of educational diploma,學歷甄試,https://terms.naer.edu.tw/
2550,test of Mongolian and Tibetan language,蒙藏語甄試,https://terms.naer.edu.tw/
2551,test score,測驗分數,https://terms.naer.edu.tw/
2552,textbook,教科書,https://terms.naer.edu.tw/
2553,the disabled,身心障礙,https://terms.naer.edu.tw/
2554,the gifted,資賦優異,https://terms.naer.edu.tw/
2555,theological college,神學院,https://terms.naer.edu.tw/
2556,theological education,神學教育,https://terms.naer.edu.tw/
2557,theological seminary,神學院；神學校,https://terms.naer.edu.tw/
2558,theoretical pedagogy,理論教育學,https://terms.naer.edu.tw/
2559,thinking,思考,https://terms.naer.edu.tw/
2560,three formal lesson-steps,三段教學法,https://terms.naer.edu.tw/
2561,three formal steps,三段教學法,https://terms.naer.edu.tw/
2562,three R's,讀寫算,https://terms.naer.edu.tw/
2563,threshold of consciousness,意識閾限,https://terms.naer.edu.tw/
2564,thrift education,儉約教育,https://terms.naer.edu.tw/
2565,time of formal school system,正規學制時間,https://terms.naer.edu.tw/
2566,time schedule,日課表,https://terms.naer.edu.tw/
2567,Times Educational Supplement {=TES},泰晤士教育週報；泰晤士教育增刊 {英},https://terms.naer.edu.tw/
2568,Times Higher Education Supplement {=THES},泰晤士高教週報 {英},https://terms.naer.edu.tw/
2569,titular professor,名譽教授 {英},https://terms.naer.edu.tw/
2570,total ability,總能力,https://terms.naer.edu.tw/
2571,total amount control,總量管制,https://terms.naer.edu.tw/
2572,total amount of departments and graduate schools,系所總量,https://terms.naer.edu.tw/
2573,total floor area,樓地板面積,https://terms.naer.edu.tw/
2574,tour and part-time work program,渡假打工計劃,https://terms.naer.edu.tw/
2575,toy,玩具,https://terms.naer.edu.tw/
2576,track and field athletics,田徑比賽,https://terms.naer.edu.tw/
2577,trade education,貿易教育,https://terms.naer.edu.tw/
2578,trade school,貿易學校,https://terms.naer.edu.tw/
2579,trainee teacher,實習教師 {英},https://terms.naer.edu.tw/
2580,training,訓練,https://terms.naer.edu.tw/
2581,training college,訓練學院,https://terms.naer.edu.tw/
2582,training for citizenship,公民訓練,https://terms.naer.edu.tw/
2583,training of teacher,師資培育,https://terms.naer.edu.tw/
2584,transcript,成績單,https://terms.naer.edu.tw/
2585,transfer,轉學；轉系,https://terms.naer.edu.tw/
2586,transfer of learning,學習遷移,https://terms.naer.edu.tw/
2587,transfer of training,訓練遷移,https://terms.naer.edu.tw/
2588,transfer program,轉系,https://terms.naer.edu.tw/
2589,transition school,中途學校,https://terms.naer.edu.tw/
2590,travel for study,修學旅行,https://terms.naer.edu.tw/
2591,travel school,旅行學校,https://terms.naer.edu.tw/
2592,traveling educational exhibition,巡迴教育展覽會,https://terms.naer.edu.tw/
2593,traveling library,巡迴圖書館,https://terms.naer.edu.tw/
2594,traveling museum,巡迴博物館,https://terms.naer.edu.tw/
2595,traveling teacher,巡迴教師,https://terms.naer.edu.tw/
2596,trial and error method,嘗試錯誤法,https://terms.naer.edu.tw/
2597,tribal college,民族學院,https://terms.naer.edu.tw/
2598,tripos,畢業榮譽試 {英},https://terms.naer.edu.tw/
2599,trivium,三科；文法、邏輯、修辭,https://terms.naer.edu.tw/
2600,troubled inner-city schools,都會中心區問題學校 {英},https://terms.naer.edu.tw/
2601,truancy,逃學,https://terms.naer.edu.tw/
2602,truancy officer,勸學官員,https://terms.naer.edu.tw/
2603,truant school,中輟生學校,https://terms.naer.edu.tw/
2604,true-false method,是非法,https://terms.naer.edu.tw/
2605,tuck shops,福利社 {英},https://terms.naer.edu.tw/
2606,tuition,學費,https://terms.naer.edu.tw/
2607,tuition and fees,學雜費,https://terms.naer.edu.tw/
2608,tuition fee,學費,https://terms.naer.edu.tw/
2609,tutor,指導教師,https://terms.naer.edu.tw/
2610,tutor system,導師制,https://terms.naer.edu.tw/
2611,tutorial college,課輔學院,https://terms.naer.edu.tw/
2612,tutorial system,導師制,https://terms.naer.edu.tw/
2613,twelve-year compulsory education,十二年國民義務教育,https://terms.naer.edu.tw/
2614,Tzi-Huei class,慈輝班,https://terms.naer.edu.tw/
2615,Tzi-Huei school,慈輝學校,https://terms.naer.edu.tw/
2616,UK Net Year,大英網路年 {英},https://terms.naer.edu.tw/
2617,uncertificated teacher,未檢定教師,https://terms.naer.edu.tw/
2618,unconsciousness,潛意識；無意識,https://terms.naer.edu.tw/
2619,uncontrolled association,自由聯想,https://terms.naer.edu.tw/
2620,undenominational school,非教派學校,https://terms.naer.edu.tw/
2621,underage child,低齡兒童,https://terms.naer.edu.tw/
2622,undergraduate,大學生,https://terms.naer.edu.tw/
2623,undergraduate college,頒發學士學位的學院,https://terms.naer.edu.tw/
2624,ungraded room,不分級教室,https://terms.naer.edu.tw/
2625,ungraded school,不分級學校,https://terms.naer.edu.tw/
2626,uniform,制服,https://terms.naer.edu.tw/
2627,unit of work,工作單元,https://terms.naer.edu.tw/
2628,unitary school system,單軌制,https://terms.naer.edu.tw/
2629,"United Nations Educational, Scientific and Cultural Organisation {=UNESCO}",聯合國教科文組織,https://terms.naer.edu.tw/
2630,Universities and Colleges Admissions Service {=UCAS},大學院校入學申請委員會 {英},https://terms.naer.edu.tw/
2631,Universities Funding Council {=UFC},大學撥款委員會(英),https://terms.naer.edu.tw/
2632,university,大學,https://terms.naer.edu.tw/
2633,university assembly,校務會議,https://terms.naer.edu.tw/
2634,university autonomy,大學自治,https://terms.naer.edu.tw/
2635,university city,大學城,https://terms.naer.edu.tw/
2636,university college,大學學院 {英},https://terms.naer.edu.tw/
2637,university council,大學評議會,https://terms.naer.edu.tw/
2638,University Council for the Education of Teachers,師資培育大學委員會 {英},https://terms.naer.edu.tw/
2639,university degree,大學學位,https://terms.naer.edu.tw/
2640,university education,大學教育,https://terms.naer.edu.tw/
2641,university elementary school,大學附設小學,https://terms.naer.edu.tw/
2642,university evaluation,大學評鑑,https://terms.naer.edu.tw/
2643,university extension,大學推廣教育,https://terms.naer.edu.tw/
2644,university extension course,大學推廣課程,https://terms.naer.edu.tw/
2645,University for Industry,大學產學合作班 {英},https://terms.naer.edu.tw/
2646,university graduate,大學畢業生,https://terms.naer.edu.tw/
2647,University Grants Committee {=UGC},大學經費補助委員會 {英},https://terms.naer.edu.tw/
2648,university high school,大學附設中學,https://terms.naer.edu.tw/
2649,University Law,大學法,https://terms.naer.edu.tw/
2650,university of technology,技職校院；科技大學,https://terms.naer.edu.tw/
2651,university press,大學出版社,https://terms.naer.edu.tw/
2652,university prospectus,大學指南 {英},https://terms.naer.edu.tw/
2653,university summer school,大學暑期學校,https://terms.naer.edu.tw/
2654,university training department,大學訓練部門 {英},https://terms.naer.edu.tw/
2655,unmarried pregnancy,未婚懷孕,https://terms.naer.edu.tw/
2656,upper secondary education,後期中等教育,https://terms.naer.edu.tw/
2657,vacation,假期,https://terms.naer.edu.tw/
2658,vacation school,假期學校,https://terms.naer.edu.tw/
2659,validity,效度,https://terms.naer.edu.tw/
2660,variability scale,變異量表,https://terms.naer.edu.tw/
2661,variation,離勢,https://terms.naer.edu.tw/
2662,variational psychology,差異心理學,https://terms.naer.edu.tw/
2663,verbal instruction,口授,https://terms.naer.edu.tw/
2664,verbalism,文字主義；字句主義,https://terms.naer.edu.tw/
2665,verification procedure,查證程序,https://terms.naer.edu.tw/
2666,verifying procedure,驗證程序,https://terms.naer.edu.tw/
2667,veterinary college,獸醫學院,https://terms.naer.edu.tw/
2668,vice chancellor,大學副校長,https://terms.naer.edu.tw/
2669,vice president,大學副校長,https://terms.naer.edu.tw/
2670,video-conferencing,網路視訊會議,https://terms.naer.edu.tw/
2671,virtual Education Action Zone,虛擬教育行動區 {英},https://terms.naer.edu.tw/
2672,virtual teachers' centre,虛擬教師中心 {英},https://terms.naer.edu.tw/
2673,visiting,訪視,https://terms.naer.edu.tw/
2674,visiting scholar exchange program,訪問學者交換計劃,https://terms.naer.edu.tw/
2675,visiting teacher,訪問教師,https://terms.naer.edu.tw/
2676,visual impairment,視覺障礙,https://terms.naer.edu.tw/
2677,visual sensation,視覺,https://terms.naer.edu.tw/
2678,viva,研究生學位考試 {英},https://terms.naer.edu.tw/
2679,vocational and technological college and university,技專校院,https://terms.naer.edu.tw/
2680,vocational certificate,職業證照,https://terms.naer.edu.tw/
2681,vocational choice,職業選擇,https://terms.naer.edu.tw/
2682,vocational counselor,職業輔導員,https://terms.naer.edu.tw/
2683,vocational course,職業科,https://terms.naer.edu.tw/
2684,vocational culture,職業陶冶,https://terms.naer.edu.tw/
2685,vocational curriculum,職業課程,https://terms.naer.edu.tw/
2686,vocational education,職業教育,https://terms.naer.edu.tw/
2687,vocational guidance,職業指導,https://terms.naer.edu.tw/
2688,vocational high school,高級職業學校；高職,https://terms.naer.edu.tw/
2689,vocational license,職業證照,https://terms.naer.edu.tw/
2690,vocational school,職業學校,https://terms.naer.edu.tw/
2691,vocational subject,職業科目,https://terms.naer.edu.tw/
2692,vocational test,職業測驗,https://terms.naer.edu.tw/
2693,voluntarism,[唯]意志論,https://terms.naer.edu.tw/
2694,voluntaristic education,主意教育,https://terms.naer.edu.tw/
2695,voluntary aided school {=VA},自願受補助學校 {英},https://terms.naer.edu.tw/
2696,voluntary attention,有意注意,https://terms.naer.edu.tw/
2697,voluntary controlled school {=VC},自願受控管學校 {英},https://terms.naer.edu.tw/
2698,voluntary guidance program,認輔制度,https://terms.naer.edu.tw/
2699,voluntary school,自願學校 {英},https://terms.naer.edu.tw/
2700,voluntary withdrawal from school,自願性退學,https://terms.naer.edu.tw/
2701,war education,戰事教育,https://terms.naer.edu.tw/
2702,wartime education,戰時教育,https://terms.naer.edu.tw/
2703,web-based learning,網路學習,https://terms.naer.edu.tw/
2704,weight test,舉重測驗,https://terms.naer.edu.tw/
2705,welfare assistant,福利助理,https://terms.naer.edu.tw/
2706,welfare-to-work program,以工代賑計畫 {英},https://terms.naer.edu.tw/
2707,White Paper,白皮書,https://terms.naer.edu.tw/
2708,White Paper of Creative Education,創造力教育白皮書,https://terms.naer.edu.tw/
2709,White Paper on Educational Disaster Prevention of Education,防災教育白皮書,https://terms.naer.edu.tw/
2710,White Paper on Educational Policy,教育政策白皮書,https://terms.naer.edu.tw/
2711,whole learning method,整體學習法,https://terms.naer.edu.tw/
2712,will,意志,https://terms.naer.edu.tw/
2713,Winnetka Plan,文納特卡計畫,https://terms.naer.edu.tw/
2714,Winnetka system,文納特卡制,https://terms.naer.edu.tw/
2715,winter school,冬季學校,https://terms.naer.edu.tw/
2716,winter vacation,寒假,https://terms.naer.edu.tw/
2717,withdrawal from school,退學,https://terms.naer.edu.tw/
2718,women education,婦女教育,https://terms.naer.edu.tw/
2719,women's college,女子學院,https://terms.naer.edu.tw/
2720,women's school,婦女學校,https://terms.naer.edu.tw/
2721,woods school,林間學校,https://terms.naer.edu.tw/
2722,work certificate,就業證照,https://terms.naer.edu.tw/
2723,work curve,工作曲線,https://terms.naer.edu.tw/
2724,work effectiveness,執行成效,https://terms.naer.edu.tw/
2725,work efficiency,工作效率,https://terms.naer.edu.tw/
2726,work limit,工作限制,https://terms.naer.edu.tw/
2727,work pedagogics,工作教育學,https://terms.naer.edu.tw/
2728,work permit of overseas Chinese students,僑生校外工作證,https://terms.naer.edu.tw/
2729,work unit,工作單元,https://terms.naer.edu.tw/
2730,workers' education,工人教育,https://terms.naer.edu.tw/
2731,workers' university,勞工大學,https://terms.naer.edu.tw/
2732,workroom,工作室,https://terms.naer.edu.tw/
2733,works school,工場學校,https://terms.naer.edu.tw/
2734,workshop,工作坊；研習會,https://terms.naer.edu.tw/
2735,workstation of social education,社教工作站,https://terms.naer.edu.tw/
2736,writing school,寫作學校,https://terms.naer.edu.tw/
2737,yes-no method,是非法,https://terms.naer.edu.tw/
2738,youth movement,青年運動,https://terms.naer.edu.tw/
2739,Youth Net,青春網 {英},https://terms.naer.edu.tw/
2740,Youth Training Scheme {=YTS},青年培訓方案 {英},https://terms.naer.edu.tw/
