序號,英文名稱,中文名稱,中國大陸譯名,來源網站
1,¯x control chart,平均數管制圖,均值控制图,https://terms.naer.edu.tw/
2,[IMF] first credit tranche,[國際貨幣基金會]第一檔信用貸款,[国际货币基金组织]第一档信用贷款,https://terms.naer.edu.tw/
3,16 Personality Factor Questionnaire,十六種人格因素測驗,16PF个性因素问卷,https://terms.naer.edu.tw/
4,360 degree feedback system,360度回饋系統；360度回饋制度；360度回饋系統,360度反馈系统,https://terms.naer.edu.tw/
5,360-degree appraisal,360度評估,,https://terms.naer.edu.tw/
6,360-degree performance appraisal,360度績效評估,360度绩效评价,https://terms.naer.edu.tw/
7,5'S {housekeeping},5'S 活動,,https://terms.naer.edu.tw/
8,80/20 rule,80/20法則,80/20法則,https://terms.naer.edu.tw/
9,A-type organization {American organization},A型組織,,https://terms.naer.edu.tw/
10,A-U Model,A-U模式,技术创新的动态模型；A-U模型,https://terms.naer.edu.tw/
11,A/B Testing,A/B測試,,https://terms.naer.edu.tw/
12,abandon option,放棄選擇權,放弃期权,https://terms.naer.edu.tw/
13,abandonee,受委付人,受委付人,https://terms.naer.edu.tw/
14,abandoner,委付人,委付人,https://terms.naer.edu.tw/
15,abandonment clause,委付條款,委付条款,https://terms.naer.edu.tw/
16,abandonment rate,放棄率,,https://terms.naer.edu.tw/
17,ABC analysis,ABC分析,,https://terms.naer.edu.tw/
18,ABC inventory classification,ABC存貨分類,,https://terms.naer.edu.tw/
19,ABC inventory classification system,ABC存貨分類系統；存貨重點管理系統,,https://terms.naer.edu.tw/
20,ABC inventory planning,ABC庫存規劃,,https://terms.naer.edu.tw/
21,ABC model,ABC模式；ABC模型,ABC模式；ABC模型,https://terms.naer.edu.tw/
22,ability,能力,能力,https://terms.naer.edu.tw/
23,abnormal return,超額報酬,,https://terms.naer.edu.tw/
24,above-the-line cost,預算內廣告製作成本,,https://terms.naer.edu.tw/
25,ABS,資產擔保證券,资产支持证券,https://terms.naer.edu.tw/
26,absenteeism,缺勤,缺勤,https://terms.naer.edu.tw/
27,absolute acceptance,無條件承兌,单纯承兑；无条件承兑,https://terms.naer.edu.tw/
28,absolute advantage,絕對利益；絕對優勢,,https://terms.naer.edu.tw/
29,absolute cost advantage,絕對成本優勢,,https://terms.naer.edu.tw/
30,absolute endorsement,無條件背書,无条件背书,https://terms.naer.edu.tw/
31,absolute priority rule,絕對優先規則,绝对优先规则,https://terms.naer.edu.tw/
32,absolute quota,絕對配額,绝对配额,https://terms.naer.edu.tw/
33,absorption approach to balance of payments,國際收支平衡的吸納分析法,国际收支的吸收分析法,https://terms.naer.edu.tw/
34,absorptive capacity,吸收能力；吸收能耐,,https://terms.naer.edu.tw/
35,abstract conceptualization (AC),抽象概念化,抽象概念化,https://terms.naer.edu.tw/
36,Abstracted System,抽象系統,抽象系统,https://terms.naer.edu.tw/
37,Abstraction,抽象,抽象,https://terms.naer.edu.tw/
38,academic science,學術科學,学院科学,https://terms.naer.edu.tw/
39,accelerated development stage,加速發展階段,,https://terms.naer.edu.tw/
40,accelerated purchase,提前購買,,https://terms.naer.edu.tw/
41,accelerating growth,加速成長,,https://terms.naer.edu.tw/
42,acceleration principle,加速原理,,https://terms.naer.edu.tw/
43,acceptable price range,可接受價格範圍,,https://terms.naer.edu.tw/
44,acceptable process level,允收製程水準,可接受工序水平,https://terms.naer.edu.tw/
45,acceptable quality level (AQL),允收品質水準,可接受质量水平,https://terms.naer.edu.tw/
46,acceptable sampling inspection,允收抽樣檢驗,验收抽样检验；验收检验,https://terms.naer.edu.tw/
47,acceptance,承兌,承兑,https://terms.naer.edu.tw/
48,acceptance account,承兌帳戶,票据承兑账户,https://terms.naer.edu.tw/
49,acceptance advice,承兌通知,承兑通知,https://terms.naer.edu.tw/
50,acceptance against documents; D/A,承兌交單,承兑交单,https://terms.naer.edu.tw/
51,acceptance bank,承兌銀行,承兑银行,https://terms.naer.edu.tw/
52,acceptance bill,承兌票據,承兑汇票,https://terms.naer.edu.tw/
53,acceptance commission,承兌手續費,承兑手续费；承兑佣金,https://terms.naer.edu.tw/
54,acceptance credit,承兌信貸,承兑信用,https://terms.naer.edu.tw/
55,acceptance draft,承兌匯票,承兑汇票,https://terms.naer.edu.tw/
56,acceptance fee,承兌費用,承兑费,https://terms.naer.edu.tw/
57,acceptance house,承兌銀行,票据承兑行,https://terms.naer.edu.tw/
58,acceptance limit,允收界限,合格判定数,https://terms.naer.edu.tw/
59,acceptance market,承兌市場,承兑市场,https://terms.naer.edu.tw/
60,acceptance payable,應付承兌票據,应付承兑票据,https://terms.naer.edu.tw/
61,acceptance rate,承兌利率,票据承兑率,https://terms.naer.edu.tw/
62,acceptance receivable,應收承兌票據,应收承兑票据,https://terms.naer.edu.tw/
63,acceptance sampling plan,允收抽樣計畫,,https://terms.naer.edu.tw/
64,Acceptance testing,接受度測試,,https://terms.naer.edu.tw/
65,acceptance theory,接受理論,,https://terms.naer.edu.tw/
66,acceptor,承兌人,信用承兑人,https://terms.naer.edu.tw/
67,access barriers,接近障礙,,https://terms.naer.edu.tw/
68,Access control,存取控制,,https://terms.naer.edu.tw/
69,Access point,"存取點,無線基地台",检索点,https://terms.naer.edu.tw/
70,accessibility,可接近性,便利性,https://terms.naer.edu.tw/
71,accessible,可接近性,,https://terms.naer.edu.tw/
72,accessory contract,附約,附加合同,https://terms.naer.edu.tw/
73,accident prevention,事故預防,事故预防,https://terms.naer.edu.tw/
74,accident proneness,事故傾向,事故倾向,https://terms.naer.edu.tw/
75,accommodation bill,融通票據,融通票据,https://terms.naer.edu.tw/
76,accommodator,順應者,,https://terms.naer.edu.tw/
77,account day,結帳日；結算日,结算日,https://terms.naer.edu.tw/
78,account executive {=AE},業務專員,,https://terms.naer.edu.tw/
79,account receivable,應收帳款,,https://terms.naer.edu.tw/
80,accountability,可課責性；負責性；課責；當責,责任性,https://terms.naer.edu.tw/
81,accountable marketing,責任型行銷；當責行銷,责任型营销,https://terms.naer.edu.tw/
82,accounting,會計,,https://terms.naer.edu.tw/
83,accounting beta method,會計貝他法,,https://terms.naer.edu.tw/
84,accounting cycle,會計循環,,https://terms.naer.edu.tw/
85,Accounting information system,會計資訊系統,会计信息系统,https://terms.naer.edu.tw/
86,accounting profit,會計利潤,,https://terms.naer.edu.tw/
87,accounting rate of return method,會計報酬率法,,https://terms.naer.edu.tw/
88,accounts payable,應付帳款,,https://terms.naer.edu.tw/
89,accounts payable,應付帳款,,https://terms.naer.edu.tw/
90,accreditation,認可,认可,https://terms.naer.edu.tw/
91,accredited buyer,受信買方,信用证申请人；受信买方,https://terms.naer.edu.tw/
92,accredited party,受信人,信用证买方,https://terms.naer.edu.tw/
93,accrediting party,授信人,信用证开立方,https://terms.naer.edu.tw/
94,accruals,應計費用,,https://terms.naer.edu.tw/
95,accrued interest,應計利息,,https://terms.naer.edu.tw/
96,acculturation,涵化,,https://terms.naer.edu.tw/
97,Accuracy motivation,準確動機,准确动机,https://terms.naer.edu.tw/
98,Acdemia Sinica,中央研究院,,https://terms.naer.edu.tw/
99,achievement,成就,,https://terms.naer.edu.tw/
100,achievement motivation theory,成就動機理論,阿特金森成就动机理论,https://terms.naer.edu.tw/
101,achievement test,成就測驗,成就测验,https://terms.naer.edu.tw/
102,acid-test ratio,酸性測驗比率,,https://terms.naer.edu.tw/
103,ACM,自動結帳機,,https://terms.naer.edu.tw/
104,acquiree,被併購者,被盘购方；被兼并方,https://terms.naer.edu.tw/
105,acquirer,收購者,盘购方；兼并方,https://terms.naer.edu.tw/
106,acquiring company,主併公司,,https://terms.naer.edu.tw/
107,acquisition,購併；取才,,https://terms.naer.edu.tw/
108,acquisition cost,取得成本；購置成本,购置成本,https://terms.naer.edu.tw/
109,acquisition management,取才管理,取才管理,https://terms.naer.edu.tw/
110,acquisition premium,併購溢價,,https://terms.naer.edu.tw/
111,acquisitions,收購,,https://terms.naer.edu.tw/
112,action learning,行動學習,行动学习,https://terms.naer.edu.tw/
113,action learning,行動學習,,https://terms.naer.edu.tw/
114,action plan,行動計畫,,https://terms.naer.edu.tw/
115,action plan of objectives,目標行動計畫,,https://terms.naer.edu.tw/
116,action research approach,行動研究法,行动研究法,https://terms.naer.edu.tw/
117,actionable,可行動性,,https://terms.naer.edu.tw/
118,activation,資源活化,资源活化,https://terms.naer.edu.tw/
119,activation theory,起動理論,,https://terms.naer.edu.tw/
120,active bond management,積極債券管理,积极债券管理,https://terms.naer.edu.tw/
121,active experience (AE),主動體驗,主动体验,https://terms.naer.edu.tw/
122,active exporting,主動出口,,https://terms.naer.edu.tw/
123,Active information service,主動資訊服務,主动信息服务,https://terms.naer.edu.tw/
124,active listening,主動傾聽,,https://terms.naer.edu.tw/
125,active management,積極管理,积极管理,https://terms.naer.edu.tw/
126,active portfolio,積極投資組合,积极资产组合,https://terms.naer.edu.tw/
127,"activities, interests, and opinions {=AIO)",活動，興趣，意見,,https://terms.naer.edu.tw/
128,activity based costing {=ABC},活動基礎成本法,,https://terms.naer.edu.tw/
129,activity decomposing,作業分解；活動分解,作业分解,https://terms.naer.edu.tw/
130,Activity diagram,活動圖,活动图,https://terms.naer.edu.tw/
131,activity-based cost accounting,活動基礎的成本會計,,https://terms.naer.edu.tw/
132,activity-based-costing (ABC),價值活動成本法,,https://terms.naer.edu.tw/
133,activity-relationship chart,活動相關圖,,https://terms.naer.edu.tw/
134,actor-network theory,行動者網路理論,行动者网络理论,https://terms.naer.edu.tw/
135,Actual behavioral control,實際行為控制,实际行为控制,https://terms.naer.edu.tw/
136,actual capacity,實際產能,,https://terms.naer.edu.tw/
137,actual or realized rate of return,實際或已實現的報酬率,,https://terms.naer.edu.tw/
138,actual product,實質產品,形式产品；有形产品,https://terms.naer.edu.tw/
139,actual self-concept,真實自我概念,,https://terms.naer.edu.tw/
140,actual time,實際時間,实际时间,https://terms.naer.edu.tw/
141,Ad Clicks,廣告點閱次數,,https://terms.naer.edu.tw/
142,Ad Copy,廣告文案,,https://terms.naer.edu.tw/
143,Ad Scheduling,廣告排程,,https://terms.naer.edu.tw/
144,ad valorem duty,從價稅,,https://terms.naer.edu.tw/
145,ad valorem tariff,從價關稅,从价关税,https://terms.naer.edu.tw/
146,ad valorem tax,從價稅,从价税,https://terms.naer.edu.tw/
147,Ad Views [Impressions],廣告瀏覽次數,,https://terms.naer.edu.tw/
148,Adaptability,適應性,适应性,https://terms.naer.edu.tw/
149,adapted global marketing,調適的全球行銷,,https://terms.naer.edu.tw/
150,adapted marketing mix,調適的行銷組合,适应性营销组合,https://terms.naer.edu.tw/
151,adapter,調適者,,https://terms.naer.edu.tw/
152,adaptive change,調適變革,调适变革,https://terms.naer.edu.tw/
153,adaptive control budgeting,調適性的控制預算編列,,https://terms.naer.edu.tw/
154,adaptive criteria,調適性準則,,https://terms.naer.edu.tw/
155,adaptive decision making,適應性決策,适应性决策,https://terms.naer.edu.tw/
156,adaptive experimentation,調適性實驗方法,,https://terms.naer.edu.tw/
157,adaptive performance,適應性績效,适应性绩效,https://terms.naer.edu.tw/
158,adaptive planning,調適性規劃,,https://terms.naer.edu.tw/
159,Adaptive Structuration Theory (AST),調適性結構化理論,调适性结构化理论,https://terms.naer.edu.tw/
160,Adaptive system,自我調整系統,自适应系统,https://terms.naer.edu.tw/
161,additional funds needed {=AFN},額外資金需求,,https://terms.naer.edu.tw/
162,adjourning stage,解散期｛Tuckman團隊發展五階段之一｝,,https://terms.naer.edu.tw/
163,adjustable capacity,可調整產能,可调整产能,https://terms.naer.edu.tw/
164,adjustable pegged rate,可調整的釘住匯率,可调整的钉住汇率,https://terms.naer.edu.tw/
165,adjustable pegging system,可調整的釘住匯率制度,可调整的钉住汇率制度,https://terms.naer.edu.tw/
166,adjustable premium,可調整的保險費,可调整的保险费,https://terms.naer.edu.tw/
167,adjustable rate preferred stock,可調整股利特別股,浮动股利优先股,https://terms.naer.edu.tw/
168,adjustable sampling,調整型抽樣,调整型抽样,https://terms.naer.edu.tw/
169,adjusting factor,調整因子,调整因素,https://terms.naer.edu.tw/
170,adjustment and anchoring,調整與定錨,调整与定锚,https://terms.naer.edu.tw/
171,adjustment mechanism of balance of payments,國際收支調整機制,国际收支调整机制,https://terms.naer.edu.tw/
172,ADL matrix,ADL矩陣,,https://terms.naer.edu.tw/
173,administered distribution system,管理配銷系統；管理配銷制度；管理分配系統；管理分配制度,,https://terms.naer.edu.tw/
174,administered vertical marketing system {=administered VMS},管理式垂直行銷通路系統,管理式垂直营销系统,https://terms.naer.edu.tw/
175,administrative expert,行政專家,行政管理专家,https://terms.naer.edu.tw/
176,administrative innovation,行政創新；管理創新,,https://terms.naer.edu.tw/
177,administrative level,管理層級,,https://terms.naer.edu.tw/
178,administrative management,行政管理,,https://terms.naer.edu.tw/
179,administrative management theory,行政管理理論,行政管理理论,https://terms.naer.edu.tw/
180,adopter categories in Diffusion of Innovations,創新採用者類別,,https://terms.naer.edu.tw/
181,adoption,採用,,https://terms.naer.edu.tw/
182,adoption process of innovations,創新應用過程,创新应用过程,https://terms.naer.edu.tw/
183,adventure learning,探險學習法,探险学习法,https://terms.naer.edu.tw/
184,adverse impact,負面影響,负面影响,https://terms.naer.edu.tw/
185,Adverse Selection,逆選擇,逆选择,https://terms.naer.edu.tw/
186,advertisement,廣告作品,,https://terms.naer.edu.tw/
187,advertiser,廣告主,广告主,https://terms.naer.edu.tw/
188,advertising,廣告,,https://terms.naer.edu.tw/
189,advertising agency,廣告代理商；廣告公司,广告代理,https://terms.naer.edu.tw/
190,advertising allowance,廣告折讓；廣告津貼,,https://terms.naer.edu.tw/
191,advertising appropriation,廣告預算,,https://terms.naer.edu.tw/
192,advertising budget,廣告預算,广告预算,https://terms.naer.edu.tw/
193,advertising campaign,廣告活動,广告运动,https://terms.naer.edu.tw/
194,advertising claim,廣告論點,,https://terms.naer.edu.tw/
195,advertising clutter,廣告干擾,,https://terms.naer.edu.tw/
196,advertising concept,廣告概念,,https://terms.naer.edu.tw/
197,advertising copy,廣告文案,,https://terms.naer.edu.tw/
198,advertising effectiveness,廣告效果,,https://terms.naer.edu.tw/
199,advertising exposure,廣告曝光,,https://terms.naer.edu.tw/
200,advertising goal,廣告目標,,https://terms.naer.edu.tw/
201,advertising idea,廣告構想,,https://terms.naer.edu.tw/
202,advertising jingle,廣告音樂標語,广告音乐,https://terms.naer.edu.tw/
203,advertising media,廣告媒體,广告媒体,https://terms.naer.edu.tw/
204,advertising message,廣告訊息,,https://terms.naer.edu.tw/
205,advertising model,廣告模式,,https://terms.naer.edu.tw/
206,advertising objective,廣告目標,广告目标,https://terms.naer.edu.tw/
207,advertising penetration,廣告滲透,,https://terms.naer.edu.tw/
208,advertising rate,廣告費率,广告费率,https://terms.naer.edu.tw/
209,advertising space,廣告版面,广告版面,https://terms.naer.edu.tw/
210,advertising strategy,廣告策略,广告策略,https://terms.naer.edu.tw/
211,advertising theme,廣告主題,,https://terms.naer.edu.tw/
212,advertising wearout,廣告疲乏,,https://terms.naer.edu.tw/
213,advertorial,編輯式廣告,,https://terms.naer.edu.tw/
214,advising bank,通知銀行,,https://terms.naer.edu.tw/
215,advocacy advertising,宣導式廣告,,https://terms.naer.edu.tw/
216,advocate channel,宣導者通路；宣導者管道,,https://terms.naer.edu.tw/
217,aesthetics,美感,美学性,https://terms.naer.edu.tw/
218,affection power,感情權,,https://terms.naer.edu.tw/
219,affective commitment,情感承諾,情感承诺,https://terms.naer.edu.tw/
220,affective component,情感要素,情感要素,https://terms.naer.edu.tw/
221,affective events theory,情感事件理論,情感事件理论,https://terms.naer.edu.tw/
222,affective reactions,情感反應,情感反应,https://terms.naer.edu.tw/
223,affective response,情感反應；感情反應,,https://terms.naer.edu.tw/
224,affiliate marketing,連結行銷；聯盟行銷,,https://terms.naer.edu.tw/
225,affiliate program,引薦方案,,https://terms.naer.edu.tw/
226,affiliation,隸屬,,https://terms.naer.edu.tw/
227,affinities,群聚傾向,,https://terms.naer.edu.tw/
228,affinity diagram,親和圖,亲和图；KJ法{KJ method},https://terms.naer.edu.tw/
229,affirmative action,平權行動,,https://terms.naer.edu.tw/
230,affordable method,量入為出法,量力而行法,https://terms.naer.edu.tw/
231,African Development Bank,非洲開發銀行,非洲开发银行,https://terms.naer.edu.tw/
232,Afro-Asian Organization for Economic Cooperation,亞非經濟合作組織,亚非经济合作组织,https://terms.naer.edu.tw/
233,after sales support,售後支援,,https://terms.naer.edu.tw/
234,after-market,後續市場,,https://terms.naer.edu.tw/
235,after-tax cost of debt,稅後負債成本,,https://terms.naer.edu.tw/
236,afterthought approach,事後取向,事后取向,https://terms.naer.edu.tw/
237,Agency,行動力,行动力,https://terms.naer.edu.tw/
238,agency bill,代理行票據,代理期票,https://terms.naer.edu.tw/
239,agency commission,代理佣金,代理手续费；佣金,https://terms.naer.edu.tw/
240,agency cost,代理成本,代理成本,https://terms.naer.edu.tw/
241,Agency cost theory,代理成本理論,,https://terms.naer.edu.tw/
242,agency endorsement,委任背書,代理背书,https://terms.naer.edu.tw/
243,agency problem,代理問題,,https://terms.naer.edu.tw/
244,agency problems,代理問題,,https://terms.naer.edu.tw/
245,agency relationship,代理關係,,https://terms.naer.edu.tw/
246,agency relationship,代理關係,,https://terms.naer.edu.tw/
247,agency theory,代理理論,,https://terms.naer.edu.tw/
248,agent,代理人；代理商,代理商,https://terms.naer.edu.tw/
249,agent bank,代理銀行,代理银行,https://terms.naer.edu.tw/
250,agent correspondent banking system,代理通匯銀行體系,代理行制度体系,https://terms.naer.edu.tw/
251,agent middlemen,代理中間商,,https://terms.naer.edu.tw/
252,agent theory,代理理論,,https://terms.naer.edu.tw/
253,agent-based computational economics {=ACE},基於主體的計算經濟學,基于主体的计算经济学,https://terms.naer.edu.tw/
254,agent-based computational finance {=ACF},基於主體的計算金融學,基于主体的计算金融学,https://terms.naer.edu.tw/
255,agent-based modeling {=ABM},基於主體建模,基于主体建模,https://terms.naer.edu.tw/
256,aggregate inventory,總存貨,综合库存,https://terms.naer.edu.tw/
257,aggregate lead time,累計前置時間,累计提前期,https://terms.naer.edu.tw/
258,aggregate planning,整體規劃；總體規劃；總合規劃,综合计划,https://terms.naer.edu.tw/
259,Aggregation,聚合,聚合,https://terms.naer.edu.tw/
260,aggressive communication,強勢溝通,攻击性沟通,https://terms.naer.edu.tw/
261,agile manufacturing,敏捷製造,敏捷制造,https://terms.naer.edu.tw/
262,agility,敏捷性,敏捷性,https://terms.naer.edu.tw/
263,aging schedule,帳齡分析表,,https://terms.naer.edu.tw/
264,agio,折扣；貼水,折扣,https://terms.naer.edu.tw/
265,agreeableness,親和性,宜人性,https://terms.naer.edu.tw/
266,Agreement on Exchange Guarantees,外匯保證協定,外汇保值协定,https://terms.naer.edu.tw/
267,AIDA,知曉-興趣-慾望-行動模式,,https://terms.naer.edu.tw/
268,aided recall,輔助回憶,,https://terms.naer.edu.tw/
269,airtruck,空陸聯運,空卡运输,https://terms.naer.edu.tw/
270,Algorithm,演算法,算法,https://terms.naer.edu.tw/
271,all channel network,全面通路網絡,,https://terms.naer.edu.tw/
272,all elements innovation,全要素創新,全要素创新,https://terms.naer.edu.tw/
273,all risks insurance; A/R,全險,全险,https://terms.naer.edu.tw/
274,all risks policy,全險保單,综合险保单,https://terms.naer.edu.tw/
275,all staff quality management,全員品質管理,全员质量管理,https://terms.naer.edu.tw/
276,all time& space innovation,全時空創新,全时空创新,https://terms.naer.edu.tw/
277,all-salaried workforce,領薪勞動力,全薪劳动力,https://terms.naer.edu.tw/
278,all-you-can-afford budgeting,傾囊所有預算法,,https://terms.naer.edu.tw/
279,allais paradox,allais矛盾,阿莱悖论,https://terms.naer.edu.tw/
280,alliance,聯盟,,https://terms.naer.edu.tw/
281,alliance for industry standard,標準聯盟,,https://terms.naer.edu.tw/
282,alliance for research and development,研發聯盟,,https://terms.naer.edu.tw/
283,alliances,聯盟,,https://terms.naer.edu.tw/
284,allocated quota,分配配額,分配配额,https://terms.naer.edu.tw/
285,allocative efficiency,配置效率,,https://terms.naer.edu.tw/
286,Allocative Resources,配置性資源,配置性资源,https://terms.naer.edu.tw/
287,allowance,折讓；津貼；寬放,价格折让,https://terms.naer.edu.tw/
288,alongside B/L,船邊交貨提單,船边交货提单,https://terms.naer.edu.tw/
289,alongside bill of lading {=alongside B/L},船邊交貨提單,船边交货提单,https://terms.naer.edu.tw/
290,alongside delivery,船邊交貨,船边交货,https://terms.naer.edu.tw/
291,alpha error,型一錯誤,,https://terms.naer.edu.tw/
292,Alpha testing,α測試,α测试,https://terms.naer.edu.tw/
293,alteration of destination fee,卸貨港變更費用,卸货港费用变更,https://terms.naer.edu.tw/
294,alternate form reliability,複本信度,复本信度,https://terms.naer.edu.tw/
295,alternation ranking,交替排序法,交替排序法,https://terms.naer.edu.tw/
296,alternative,備選方案；備案,,https://terms.naer.edu.tw/
297,alternative evaluation,可行方案評估,可选择方案评价,https://terms.naer.edu.tw/
298,ambidextrous organization,雙元組織,二元性组织,https://terms.naer.edu.tw/
299,Ambiguity,曖昧不明,暧昧不明,https://terms.naer.edu.tw/
300,ambush marketing,突擊行銷,埋伏营销,https://terms.naer.edu.tw/
301,"American depository receipts, ADRs",美國存託憑證,,https://terms.naer.edu.tw/
302,American option,美式選擇權,美式期权,https://terms.naer.edu.tw/
303,American Standards Code for Information Interchange {=ASCII},美國編碼標準,,https://terms.naer.edu.tw/
304,American Stock Exchange,美國證券交易所,美国股票交易所,https://terms.naer.edu.tw/
305,amortization,攤銷,,https://terms.naer.edu.tw/
306,amortization schedule,攤銷表,,https://terms.naer.edu.tw/
307,amortized loan,攤銷貸款,,https://terms.naer.edu.tw/
308,amortizing,分期付款,分期付款,https://terms.naer.edu.tw/
309,Amsterdam Stock Exchange,阿姆斯特丹股票交易所,阿姆斯特丹股票交易所,https://terms.naer.edu.tw/
310,analog approach,類比法,,https://terms.naer.edu.tw/
311,Analog signal,類比訊號,模拟信号,https://terms.naer.edu.tw/
312,Analysis,分析,分析著录,https://terms.naer.edu.tw/
313,Analytic systems automatic purchasing (ASAP),自動採購系統,,https://terms.naer.edu.tw/
314,analytical hierarchical analysis{=AHP},層級程序分析法,,https://terms.naer.edu.tw/
315,Analytical hierarchy process (AHP),層級分析法,,https://terms.naer.edu.tw/
316,anchoring and adjustment,錨定與調整,,https://terms.naer.edu.tw/
317,anchoring and adjustment heuristic,定錨與調整經驗法則,,https://terms.naer.edu.tw/
318,anchoring bias,錨定偏差,锚定偏差,https://terms.naer.edu.tw/
319,anchoring effect,錨定效應,锚定效应,https://terms.naer.edu.tw/
320,ancillary credit,轉開信用狀；背對背信用狀,从属信用证,https://terms.naer.edu.tw/
321,andon,安燈,安灯,https://terms.naer.edu.tw/
322,angel fund,天使基金,天使基金,https://terms.naer.edu.tw/
323,angel fund,天使基金,,https://terms.naer.edu.tw/
324,angel investor,天使投資人,,https://terms.naer.edu.tw/
325,Annecy Round,安訥西回合,阿讷西回合,https://terms.naer.edu.tw/
326,announcement date,宣告日,股利宣布日,https://terms.naer.edu.tw/
327,"annual percentage rate, APR",年利率,,https://terms.naer.edu.tw/
328,annual report,年度報告,,https://terms.naer.edu.tw/
329,annual salary,年薪制,年薪制,https://terms.naer.edu.tw/
330,annualized contract,年度合約,年度合同,https://terms.naer.edu.tw/
331,annuity,年金,,https://terms.naer.edu.tw/
332,annuity due,期初年金,,https://terms.naer.edu.tw/
333,anomaly,異常,异象,https://terms.naer.edu.tw/
334,Antecedent,前因,前因,https://terms.naer.edu.tw/
335,anti-dumping,反傾銷,反倾销,https://terms.naer.edu.tw/
336,anti-dumping duty,反傾銷稅,反倾销税,https://terms.naer.edu.tw/
337,anti-dumping law,反傾銷法,反倾销法,https://terms.naer.edu.tw/
338,anti-dumping tariff,反傾銷關稅,反倾销关税税则,https://terms.naer.edu.tw/
339,anti-trust,反托拉斯,,https://terms.naer.edu.tw/
340,anticipated income theory,預期收入理論,预期收入理论,https://terms.naer.edu.tw/
341,anticipation inventories,預期存貨,预期库存,https://terms.naer.edu.tw/
342,anticipatory pricing,預應訂價,,https://terms.naer.edu.tw/
343,antidumping duties,反傾銷稅,,https://terms.naer.edu.tw/
344,appeal,訴求,,https://terms.naer.edu.tw/
345,application for export,出口報單；出口申報書,出口申请[书],https://terms.naer.edu.tw/
346,application for import,進口報單；進口申報書,进口申请[书],https://terms.naer.edu.tw/
347,application for insurance,保險要保書,投保申请书,https://terms.naer.edu.tw/
348,application for letter of credit,開發信用證申請書,信用证开证申请书,https://terms.naer.edu.tw/
349,application for negotiation of draft under letter of credit,出口押匯申請書,出口押汇申请书,https://terms.naer.edu.tw/
350,application for transference of L/C,信用狀轉讓申請書,信用证转让申请书,https://terms.naer.edu.tw/
351,Application gateway,應用閘道,,https://terms.naer.edu.tw/
352,Application programmers,應用程式設計師,,https://terms.naer.edu.tw/
353,Application proxy,應用代理者,,https://terms.naer.edu.tw/
354,application research,應用研究,应用研究,https://terms.naer.edu.tw/
355,Application service provider (ASP),應用服務供應商,,https://terms.naer.edu.tw/
356,application software,應用軟體；應用軟件,,https://terms.naer.edu.tw/
357,application system,應用系統；應用制度,,https://terms.naer.edu.tw/
358,applied decision theory,應用決策理論,,https://terms.naer.edu.tw/
359,applied research,應用研究,,https://terms.naer.edu.tw/
360,applied research,應用研究,,https://terms.naer.edu.tw/
361,applied science,應用科學,应用科学,https://terms.naer.edu.tw/
362,apply for collection,託收申請,托收,https://terms.naer.edu.tw/
363,apply for remittance,匯款申請；託匯,托汇,https://terms.naer.edu.tw/
364,apply pressure,加壓,加压,https://terms.naer.edu.tw/
365,apply to the customs,報關,报关,https://terms.naer.edu.tw/
366,appointed foreign exchange bank,外匯指定銀行,指定外汇银行,https://terms.naer.edu.tw/
367,appraisal,評估,,https://terms.naer.edu.tw/
368,appraisal cost,鑑定成本,鉴定成本,https://terms.naer.edu.tw/
369,appraisal ratio,評估比率,评估比率,https://terms.naer.edu.tw/
370,appraisal report,評價報告,审核报告,https://terms.naer.edu.tw/
371,appreciation of currency,貨幣升值,货币升值,https://terms.naer.edu.tw/
372,appreciative inquiry,肯定式探尋,,https://terms.naer.edu.tw/
373,apprentice program,實習計畫；學徒計畫,,https://terms.naer.edu.tw/
374,apprenticeship,學徒制,学徒制,https://terms.naer.edu.tw/
375,appropriability,專占性,,https://terms.naer.edu.tw/
376,Appropriate module size,規模恰當,规模恰当,https://terms.naer.edu.tw/
377,Appropriation,運用,运用,https://terms.naer.edu.tw/
378,approval for issue of securities,證券發行核淮,证券发行核准制,https://terms.naer.edu.tw/
379,aptitude test,性向測驗,职业能力倾向测验,https://terms.naer.edu.tw/
380,aptitude test,性向測驗,,https://terms.naer.edu.tw/
381,arbitrage,套利；套匯,套利,https://terms.naer.edu.tw/
382,arbitrage committee,仲裁委員會,,https://terms.naer.edu.tw/
383,arbitrage pricing theory,套利訂價理論,套利定价理论,https://terms.naer.edu.tw/
384,arbitrage pricing theory {=APT},套利訂價理論,,https://terms.naer.edu.tw/
385,arbitrage transaction,套匯交易；套利交易,套汇交易,https://terms.naer.edu.tw/
386,arbitration,仲裁,,https://terms.naer.edu.tw/
387,arbitrator,仲裁者；仲裁人,,https://terms.naer.edu.tw/
388,architectual innovation,結構式創新；架構式創新,架构创新；架构式创新；结构(性)创新,https://terms.naer.edu.tw/
389,Archival Collection,檔案收集,档案收集,https://terms.naer.edu.tw/
390,Archival Editing and Studying,檔案編研,档案编研,https://terms.naer.edu.tw/
391,Archival Education,檔案教育,档案教育,https://terms.naer.edu.tw/
392,Archival Management Science,檔案管理學,档案管理学,https://terms.naer.edu.tw/
393,Archival Standardization,檔案工作標準化,档案工作标准化,https://terms.naer.edu.tw/
394,Archival Study,檔案學,档案学,https://terms.naer.edu.tw/
395,Archival Value,檔案價值,档案价值,https://terms.naer.edu.tw/
396,Archive,檔案,档案,https://terms.naer.edu.tw/
397,Archives,檔案室,档案室,https://terms.naer.edu.tw/
398,Archives Access,檔案利用,档案利用,https://terms.naer.edu.tw/
399,Archives Appraisal,檔案鑒定,档案鉴定,https://terms.naer.edu.tw/
400,Archives Destroy,檔案銷毀,档案销毁,https://terms.naer.edu.tw/
401,Archives Endeavor,檔案事業,档案事业,https://terms.naer.edu.tw/
402,Archives Keeping,檔案保管,档案保管,https://terms.naer.edu.tw/
403,Archives of Science and technology,科技檔案,科技档案,https://terms.naer.edu.tw/
404,Archives Rectification,檔案整理,档案整理,https://terms.naer.edu.tw/
405,Archives retrieval,檔案檢索,档案检索,https://terms.naer.edu.tw/
406,Archives Works,檔案工作,档案工作,https://terms.naer.edu.tw/
407,area market potential,區域市場潛量,,https://terms.naer.edu.tw/
408,area sampling,地區抽樣,,https://terms.naer.edu.tw/
409,arithmetic,算術單位,,https://terms.naer.edu.tw/
410,arm's-length contracts,單次契約,,https://terms.naer.edu.tw/
411,Arm's-length price,議定價格,,https://terms.naer.edu.tw/
412,arrearage,累積未付額,,https://terms.naer.edu.tw/
413,arrival of the goods (AOG),貨物到達,货物到达,https://terms.naer.edu.tw/
414,arrow diagram,箭圖；箭線圖,箭线图,https://terms.naer.edu.tw/
415,Arrow securities,Arrow證券,阿罗证券,https://terms.naer.edu.tw/
416,artifact,人造物；人工物品,,https://terms.naer.edu.tw/
417,artificial financial market,虛擬金融市場,人工金融市场,https://terms.naer.edu.tw/
418,artificial intelligence {=AI},人工智慧,,https://terms.naer.edu.tw/
419,artificial neural network {=ANN},類神經網路,,https://terms.naer.edu.tw/
420,artificial stock market,虛擬股票市場,人工股票市场,https://terms.naer.edu.tw/
421,artificial trade barrier,人爲的貿易障礙,人为贸易壁垒,https://terms.naer.edu.tw/
422,artistic type,藝術型{Holland六種人格類型之一},艺术型{Holland六种人格类型之一},https://terms.naer.edu.tw/
423,as-you-like-it option,隨心所欲選擇權,,https://terms.naer.edu.tw/
424,Asia-Pacific Economic Cooperation {=APEC},亞太經濟合作組織,,https://terms.naer.edu.tw/
425,Asian Dollar Market,亞洲美元市場,亚洲美元市场,https://terms.naer.edu.tw/
426,Asian option,亞式選擇權,亚式期权,https://terms.naer.edu.tw/
427,ask price,賣出報價,,https://terms.naer.edu.tw/
428,asked price,賣方要價,卖方开价；要价,https://terms.naer.edu.tw/
429,aspirational group,崇拜群體,,https://terms.naer.edu.tw/
430,assemble to order {=ATO},接單裝配,按订单装配,https://terms.naer.edu.tw/
431,assembly,組裝；裝配,装配,https://terms.naer.edu.tw/
432,assembly chart,裝配圖；組裝圖,,https://terms.naer.edu.tw/
433,assembly drawing,裝配圖,装配图,https://terms.naer.edu.tw/
434,Assembly language,組合語言,,https://terms.naer.edu.tw/
435,assembly line,裝配線,装配线,https://terms.naer.edu.tw/
436,assembly line balancing,裝配線平衡化,装配线平衡；工序同期化,https://terms.naer.edu.tw/
437,assembly order,裝配訂單,装配订单,https://terms.naer.edu.tw/
438,assembly process,組裝製程,,https://terms.naer.edu.tw/
439,assessment,評鑑,评价,https://terms.naer.edu.tw/
440,assessment center,評鑑中心；評量中心；評估中心,,https://terms.naer.edu.tw/
441,asset,資產,资产,https://terms.naer.edu.tw/
442,asset,資產,,https://terms.naer.edu.tw/
443,asset allocation,資產配置,资产配置,https://terms.naer.edu.tw/
444,asset business,資產業務,银行资产业务,https://terms.naer.edu.tw/
445,asset divestiture,資產售出,资产剥离,https://terms.naer.edu.tw/
446,asset management ratios,資產管理比率,,https://terms.naer.edu.tw/
447,asset pricing theory,資產定價理論,资产定价理论,https://terms.naer.edu.tw/
448,asset securitization,資產證券化,资产证券化,https://terms.naer.edu.tw/
449,asset specificity,資產專屬性,资产专用性,https://terms.naer.edu.tw/
450,asset substitution,資產替換,,https://terms.naer.edu.tw/
451,asset swap,資產交換,,https://terms.naer.edu.tw/
452,asset turn-over,資產週轉率,,https://terms.naer.edu.tw/
453,asset-liability management,資產負債管理,资产负债管理,https://terms.naer.edu.tw/
454,asset-specific activity,資產專屬活動,,https://terms.naer.edu.tw/
455,assets management theory,資產管理理論,资产管理理论,https://terms.naer.edu.tw/
456,assignable cause,非機遇原因,,https://terms.naer.edu.tw/
457,assignable credit,可轉讓信用狀,可转让信用证,https://terms.naer.edu.tw/
458,assignable variation {special causes},可辨識之變異；可歸屬之變異,,https://terms.naer.edu.tw/
459,assignment problem,指派問題,,https://terms.naer.edu.tw/
460,assimilate capability,類化能力；同化能力,吸收能力,https://terms.naer.edu.tw/
461,assimilation,同化,同化,https://terms.naer.edu.tw/
462,assimilator,同化者,,https://terms.naer.edu.tw/
463,associated person,期貨營業員,,https://terms.naer.edu.tw/
464,association,聯想,联想,https://terms.naer.edu.tw/
465,Association of British Chambers of Commerce,英國商會聯合會,英国商会联合会,https://terms.naer.edu.tw/
466,Association of Southeast Asia Nations {=ASEAN},東南亞國家協會；東協,,https://terms.naer.edu.tw/
467,association test,聯想測試,,https://terms.naer.edu.tw/
468,assortment,分類,,https://terms.naer.edu.tw/
469,Assumption,假設,假设,https://terms.naer.edu.tw/
470,assurance,保證,,https://terms.naer.edu.tw/
471,asymmetric information,不對稱資訊,,https://terms.naer.edu.tw/
472,asymmetric information model,不對稱資訊模型,信息不对称模型,https://terms.naer.edu.tw/
473,Asymmetrical digital subscriber loop (ADSL),非對稱數位用戶迴路,,https://terms.naer.edu.tw/
474,Asynchronous transfer mode (ATM),非同步傳輸模式,,https://terms.naer.edu.tw/
475,at-home shopping channel,居家購物頻道,,https://terms.naer.edu.tw/
476,at-risk pay,風險薪資,风险工资,https://terms.naer.edu.tw/
477,at-the-money,價平,两平状态,https://terms.naer.edu.tw/
478,Atlantic Free Trade Area,大西洋自由貿易區,大西洋自由贸易区,https://terms.naer.edu.tw/
479,Atomicity,原子性,原子性,https://terms.naer.edu.tw/
480,attendance,出勤,考勤,https://terms.naer.edu.tw/
481,attendance incentive plan,獎勵出勤計畫,参与式激励计划,https://terms.naer.edu.tw/
482,attention,注意,,https://terms.naer.edu.tw/
483,attitude,態度,,https://terms.naer.edu.tw/
484,attitude,態度,态度,https://terms.naer.edu.tw/
485,attitudes survey,態度調查,,https://terms.naer.edu.tw/
486,attraction-selection-attrition framework,吸才-選才-流才架構；吸才-選才-汰才架構,,https://terms.naer.edu.tw/
487,attribute,屬性,,https://terms.naer.edu.tw/
488,attribute approach,屬性評量法,特性评价,https://terms.naer.edu.tw/
489,attribute positioning,屬性定位法,,https://terms.naer.edu.tw/
490,attribute value,計數值,计数值,https://terms.naer.edu.tw/
491,attribution,歸因,归因,https://terms.naer.edu.tw/
492,attribution bias,歸因偏差,归因偏差,https://terms.naer.edu.tw/
493,attribution error,歸因誤差,归因误差,https://terms.naer.edu.tw/
494,attribution theory,歸因理論,,https://terms.naer.edu.tw/
495,attribution theory of charismatic leadership,魅力領導的歸因理論,,https://terms.naer.edu.tw/
496,attribution theory of leadership,領導歸因理論,领导归因理论,https://terms.naer.edu.tw/
497,atypical employment,非典型雇用,非典型雇用,https://terms.naer.edu.tw/
498,auction,公開競拍,,https://terms.naer.edu.tw/
499,auction rate preferred stock,競價股利特別股,拍卖利率优先股,https://terms.naer.edu.tw/
500,auction-type pricing,拍賣型訂價,,https://terms.naer.edu.tw/
501,audience,閱聽眾,,https://terms.naer.edu.tw/
502,Audio-Visual Archives,影音檔案,音像档案,https://terms.naer.edu.tw/
503,audio-visual techniques,視聽教學法,视听教学法,https://terms.naer.edu.tw/
504,audiometer,視聽記錄儀,,https://terms.naer.edu.tw/
505,audit,稽核,审核,https://terms.naer.edu.tw/
506,audit client,稽核委託方,审核委托方,https://terms.naer.edu.tw/
507,audit conclusion,稽核結論,审核结论,https://terms.naer.edu.tw/
508,audit criteria,稽核準則,审核准则,https://terms.naer.edu.tw/
509,audit evidence,稽核證據,审核证据,https://terms.naer.edu.tw/
510,audit finding,稽核發現,审核发现,https://terms.naer.edu.tw/
511,audit program,稽核方案,审核方案,https://terms.naer.edu.tw/
512,audit scope,稽核範圍,审核范围,https://terms.naer.edu.tw/
513,audit team,稽核組,审核组,https://terms.naer.edu.tw/
514,auditee,受稽核方,受审核方,https://terms.naer.edu.tw/
515,auditing,審計；稽核,,https://terms.naer.edu.tw/
516,auditing authority accreditation,稽核機構認可,审核机构认可,https://terms.naer.edu.tw/
517,auditor,稽核員,审核员,https://terms.naer.edu.tw/
518,auditor qualification recognition,稽核員資格認可,审核员资格认可,https://terms.naer.edu.tw/
519,augmented product,擴增產品,附加产品,https://terms.naer.edu.tw/
520,authentic leadership,真誠領導；誠正領導,真诚领导,https://terms.naer.edu.tw/
521,Authentication,認證,认证,https://terms.naer.edu.tw/
522,Authentication technology,認證技術,认证技术,https://terms.naer.edu.tw/
523,Authenticity,真實性,真实性,https://terms.naer.edu.tw/
524,authoritarian personality,權威性格,权威性格,https://terms.naer.edu.tw/
525,authoritarianism,獨裁主義；權威主義,,https://terms.naer.edu.tw/
526,Authoritative Resources,權威性資源,权威性资源,https://terms.naer.edu.tw/
527,authority,職權；權威,,https://terms.naer.edu.tw/
528,authority design,職權設計,,https://terms.naer.edu.tw/
529,Authority work,規範工作,规范工作,https://terms.naer.edu.tw/
530,authorized agent,指定代理人,指定代理人,https://terms.naer.edu.tw/
531,authorized bank [for exchange operation],指定[外匯交易]銀行,指定[外汇交易]银行,https://terms.naer.edu.tw/
532,authorized dealer,授權經銷商,特许经销商,https://terms.naer.edu.tw/
533,authorized foreign exchange bank,外匯指定銀行,核准的外汇银行,https://terms.naer.edu.tw/
534,authorized stock,核定股本,授权股份,https://terms.naer.edu.tw/
535,autocratic leadership,專制領導,,https://terms.naer.edu.tw/
536,autocratic- delegation continuum model,「專斷-授權｣連續帶模型,,https://terms.naer.edu.tw/
537,automated material handling systems (AMHS),自動物料搬運系統,,https://terms.naer.edu.tw/
538,automated storage (AS),自動倉儲；自動儲存,自动仓储系统,https://terms.naer.edu.tw/
539,automated storage-retrieval system (AS/RS),自動倉儲存取系統,,https://terms.naer.edu.tw/
540,automatic dividend reinvestment plans,股利自動再投資計畫,红利自动转投计划,https://terms.naer.edu.tw/
541,automatic import quota system {=AIQ},自動進口配額制度,自动进口配额制,https://terms.naer.edu.tw/
542,Automatic negotiation system,自動談判系統,自动谈判系统,https://terms.naer.edu.tw/
543,Automatic order system {=AOS},自動訂貨系統,,https://terms.naer.edu.tw/
544,automatic vending,自動販賣,,https://terms.naer.edu.tw/
545,automation,自動化,,https://terms.naer.edu.tw/
546,automation,自動化,,https://terms.naer.edu.tw/
547,automation with feedback control,具回饋控制的自動化,,https://terms.naer.edu.tw/
548,autonomation,自動停工；自働化,自动停工,https://terms.naer.edu.tw/
549,autonomous work group,自主工作小組,,https://terms.naer.edu.tw/
550,autonomy,自主；自治,,https://terms.naer.edu.tw/
551,autoregressive conditional duration model,自我相關條件存續模型,自回归条件持续期模型,https://terms.naer.edu.tw/
552,autoregressive conditional heteroskedasticity model,自我迴歸條件異質變異模型,自回归条件异方差模型,https://terms.naer.edu.tw/
553,auxiliary process time,輔助加工時間；輔助程序時間,辅助加工时间,https://terms.naer.edu.tw/
554,availability bias,可得性偏差,获得性偏差,https://terms.naer.edu.tw/
555,availability-to-promise (ATP),可允諾量,,https://terms.naer.edu.tw/
556,available capacity,可用產能,可用产能,https://terms.naer.edu.tw/
557,available inventory,可用存貨,可用库存,https://terms.naer.edu.tw/
558,available market,有效市場,,https://terms.naer.edu.tw/
559,"average collection period, ACP",平均收現期間,,https://terms.naer.edu.tw/
560,average cost of recruitment,平均招募成本,平均招募成本,https://terms.naer.edu.tw/
561,average frequency,平均頻率,,https://terms.naer.edu.tw/
562,average inventory,平均存貨,平均库存,https://terms.naer.edu.tw/
563,average outgoing quality (AOQ),平均出廠品質；平均通過品質,平均检出质量,https://terms.naer.edu.tw/
564,average outgoing quality limit (AOQL),平均出廠品質界限,平均检出质量界,https://terms.naer.edu.tw/
565,average run length,平均連串長度,平均链长,https://terms.naer.edu.tw/
566,average sampling number {=ASN},平均抽檢數,平均抽检数,https://terms.naer.edu.tw/
567,average total inspected,平均總檢驗量,平均总检验量,https://terms.naer.edu.tw/
568,average-cost pricing,平均成本訂價法,,https://terms.naer.edu.tw/
569,avoidable delay,可避免延誤{動素種類之一},拖延,https://terms.naer.edu.tw/
570,avoidable separation,可避免的離職,,https://terms.naer.edu.tw/
571,avoiding,退避,,https://terms.naer.edu.tw/
572,awareness-trial-repeat model,知曉-試用-重覆模式,,https://terms.naer.edu.tw/
573,"awareness, interest, desire, action {=AIDA} model",知曉-興趣-慾望-行動模式,认知-兴趣-愿望-行动模型,https://terms.naer.edu.tw/
574,B2B,企業對企業,,https://terms.naer.edu.tw/
575,B2C,企業對消費者,,https://terms.naer.edu.tw/
576,back door listing,借殼上市,借壳上市,https://terms.naer.edu.tw/
577,back flush,倒沖,倒冲,https://terms.naer.edu.tw/
578,back office operation,後場作業；後台作業,,https://terms.naer.edu.tw/
579,back order,積欠待補訂單；欠撥量,,https://terms.naer.edu.tw/
580,back room operation,後場作業；後台作業,,https://terms.naer.edu.tw/
581,back stage operation,後場作業；後台作業,,https://terms.naer.edu.tw/
582,back-to-back [letter of] credit,對開信用狀；背對背信用狀,对开信用证；背对背信用证,https://terms.naer.edu.tw/
583,back-to-back credit export first,輸出爲先的對開信用狀,输出为先的对开信用证,https://terms.naer.edu.tw/
584,back-to-back credit import first,輸入爲先的對開信用狀,输入为先的对开信用证,https://terms.naer.edu.tw/
585,back-to-back loan,背對背貸款,,https://terms.naer.edu.tw/
586,back-to-back loan,背對背貸款,背对背贷款,https://terms.naer.edu.tw/
587,backlog,積壓待撥訂貨；未撥量,,https://terms.naer.edu.tw/
588,backorder,缺貨訂單,缺货订单,https://terms.naer.edu.tw/
589,backorder costs,延遲交貨費用；延遲交貨成本,延迟交货费用,https://terms.naer.edu.tw/
590,backtesting,回溯測試,返回测试,https://terms.naer.edu.tw/
591,Backward chaining,反向鏈結,,https://terms.naer.edu.tw/
592,backward integration,向後整合,,https://terms.naer.edu.tw/
593,backward invention,向後發明,,https://terms.naer.edu.tw/
594,backward scheduling,逆向排程；由後往前排程,逆向排程,https://terms.naer.edu.tw/
595,backward vertical integration,向後垂直整合,,https://terms.naer.edu.tw/
596,backwardation,延期交割費,交割延期费,https://terms.naer.edu.tw/
597,bait advertising,釣餌廣告,,https://terms.naer.edu.tw/
598,balance delay,平衡線遲延,,https://terms.naer.edu.tw/
599,balance of payments,國際收支,[国际]收支差额,https://terms.naer.edu.tw/
600,balance of payments deficit,國際收支逆差,,https://terms.naer.edu.tw/
601,balance of payments surplus,國際收支順差,国际收支盈余,https://terms.naer.edu.tw/
602,balance of trade,貿易帳,贸易差额,https://terms.naer.edu.tw/
603,balance score card{=BSC},平衡計分卡,,https://terms.naer.edu.tw/
604,balance sheet,資產負債表,,https://terms.naer.edu.tw/
605,balance sheet items,資產負債表項目,表内业务,https://terms.naer.edu.tw/
606,balance theory,平衡理論,,https://terms.naer.edu.tw/
607,balanced motion pattern,均衡運動模式,均衡运动模式,https://terms.naer.edu.tw/
608,balanced panel data,平衡縱橫資料,平衡面板数据,https://terms.naer.edu.tw/
609,balanced scorecard {=BSC},平衡計分卡,平衡计分卡,https://terms.naer.edu.tw/
610,balanced scorecard model,平衡計分卡模型,,https://terms.naer.edu.tw/
611,balancing delay,平衡線遲延,平衡延误,https://terms.naer.edu.tw/
612,balancing loss,平衡線損失,,https://terms.naer.edu.tw/
613,ballistic movement,曲線運動,曲线运动,https://terms.naer.edu.tw/
614,balloon option,汽球型選擇權,气球型期权,https://terms.naer.edu.tw/
615,Bandwidth,頻寬,,https://terms.naer.edu.tw/
616,bank,銀行,银行,https://terms.naer.edu.tw/
617,bank acceptance,銀行承兌匯票,银行承兑汇票,https://terms.naer.edu.tw/
618,bank accommodation,銀行資金融通,银行融通,https://terms.naer.edu.tw/
619,Bank Charter Act of 1844,1844年銀行特許條例,1844年银行特许法,https://terms.naer.edu.tw/
620,bank check,銀行支票；銀行本票,银行本票,https://terms.naer.edu.tw/
621,bank cheque,[英]銀行支票；[英]銀行本票,银行支票,https://terms.naer.edu.tw/
622,bank demand [draft],銀行即期匯票,银行即期汇票,https://terms.naer.edu.tw/
623,bank for cooperative,合作銀行,合作银行,https://terms.naer.edu.tw/
624,Bank for International Settlement,國際清算銀行,国际清算银行,https://terms.naer.edu.tw/
625,bank holding company,銀行控股公司,银行控股公司,https://terms.naer.edu.tw/
626,Bank of Canada,加拿大銀行,加拿大银行,https://terms.naer.edu.tw/
627,Bank of England,英格蘭銀行,英格兰银行,https://terms.naer.edu.tw/
628,Bank of France,法蘭西銀行,法兰西银行,https://terms.naer.edu.tw/
629,Bank of Japan,日本銀行,日本银行,https://terms.naer.edu.tw/
630,Bank of Japan,日本銀行,,https://terms.naer.edu.tw/
631,Bank of Tokyo (Ltd.),東京銀行,东京银行,https://terms.naer.edu.tw/
632,bank remittance,銀行匯款,银行汇款,https://terms.naer.edu.tw/
633,bank run,擠兌,银行挤兑,https://terms.naer.edu.tw/
634,"bank runs, a run on a bank",擠兑,挤兑,https://terms.naer.edu.tw/
635,bank telegraphic transfer,銀行電匯,银行电汇,https://terms.naer.edu.tw/
636,banker’s acceptance,銀行承兌票據,银行承兑票据,https://terms.naer.edu.tw/
637,banker’s letter of credit,銀行信用狀,银行信用证,https://terms.naer.edu.tw/
638,banker’s order,銀行本票,银行本票,https://terms.naer.edu.tw/
639,bankers' acceptances,銀行承兌匯票,银行承兑汇票,https://terms.naer.edu.tw/
640,Banking Act of 1933,1933年銀行法案,1933年银行法,https://terms.naer.edu.tw/
641,Banking Act of 1935,1935年銀行法案,1935年银行法,https://terms.naer.edu.tw/
642,bankruptcy,破產,,https://terms.naer.edu.tw/
643,bankruptcy costs,破產成本,破产成本,https://terms.naer.edu.tw/
644,banner ad,橫幅廣告,,https://terms.naer.edu.tw/
645,bar code,條碼,,https://terms.naer.edu.tw/
646,Barberis-Huang-Santos model,BHS(Barberis-Huang-Santos)模型,BHS模型,https://terms.naer.edu.tw/
647,Barberis-Shleffer-Vishny model,BSV(Barberis-Shleffer-Vishny)模型,BSV模型,https://terms.naer.edu.tw/
648,bare contract,無保證合約；無條件契約,无担保合同,https://terms.naer.edu.tw/
649,bargain,特價品,特价品,https://terms.naer.edu.tw/
650,bargain hunter,特價品搜尋者,特价品搜寻者,https://terms.naer.edu.tw/
651,Bargaining Costs,議價成本,议价成本,https://terms.naer.edu.tw/
652,bargaining leverage,談判槓桿,,https://terms.naer.edu.tw/
653,bargaining power,議價力,,https://terms.naer.edu.tw/
654,Baring Crisis,霸菱危機,巴林危机,https://terms.naer.edu.tw/
655,barrier option,界限選擇權,障碍期权,https://terms.naer.edu.tw/
656,barrier to entry,進入障礙,进入壁垒,https://terms.naer.edu.tw/
657,barrier to entry,進入障礙,,https://terms.naer.edu.tw/
658,barrier to trade,貿易障礙；貿易壁壘,贸易壁垒,https://terms.naer.edu.tw/
659,barter,易貨貿易；以物易物,,https://terms.naer.edu.tw/
660,base interest rate,基本利率,基础利率,https://terms.naer.edu.tw/
661,base inventory level,基本存貨量,基本库存量,https://terms.naer.edu.tw/
662,base pay,底薪,底薪,https://terms.naer.edu.tw/
663,base pay policy,基本薪資政策,基本工资政策,https://terms.naer.edu.tw/
664,base period,基期,基期,https://terms.naer.edu.tw/
665,base stock system,基礎庫存系統,基础库存系统,https://terms.naer.edu.tw/
666,based currency,基礎幣別,,https://terms.naer.edu.tw/
667,Basel Agreement,巴塞爾協定,巴塞尔协议,https://terms.naer.edu.tw/
668,Basel Agreement,巴塞爾協定,巴塞尔协议,https://terms.naer.edu.tw/
669,basic corrective action,基本校正行動；基本改正行動,,https://terms.naer.edu.tw/
670,basic motion study (BMS),基本動作研究,基本动作时间研究法,https://terms.naer.edu.tw/
671,basic product,基本產品,,https://terms.naer.edu.tw/
672,basic research,基礎研究,基础研究；理论研究,https://terms.naer.edu.tw/
673,basic research,基礎研究,,https://terms.naer.edu.tw/
674,basic salary,基本薪資,,https://terms.naer.edu.tw/
675,basic science,基礎科學,基础科学,https://terms.naer.edu.tw/
676,basic standard,基礎標準,基础标准,https://terms.naer.edu.tw/
677,basic stock,基本存貨量,基本库存量,https://terms.naer.edu.tw/
678,basic technology,基礎技術,基础技术,https://terms.naer.edu.tw/
679,basic wage,基本工資,基本工资,https://terms.naer.edu.tw/
680,basing-point pricing,基準點訂價法,基点定价,https://terms.naer.edu.tw/
681,basis,基差,基差,https://terms.naer.edu.tw/
682,basis risk,基差風險,基差风险,https://terms.naer.edu.tw/
683,basket option,組合式選擇權,一揽子期权,https://terms.naer.edu.tw/
684,Basle Committee on Banking Supervision,巴塞爾銀行監管委員會,巴塞尔银行监管委员会,https://terms.naer.edu.tw/
685,Bass diffusion model,Bass 擴散模型,Bass模型,https://terms.naer.edu.tw/
686,batch,批次；批量,,https://terms.naer.edu.tw/
687,batch bill of materials,成批物料清單,成批物料清单,https://terms.naer.edu.tw/
688,batch card,批量卡,批量卡,https://terms.naer.edu.tw/
689,batch formula,成批物料清單,成批物料清单,https://terms.naer.edu.tw/
690,batch picking,批量揀貨,批量拣货,https://terms.naer.edu.tw/
691,Batch processing,批次處理,,https://terms.naer.edu.tw/
692,batch production,批量生產,批量生产；成批生产,https://terms.naer.edu.tw/
693,batch production,批量生產,,https://terms.naer.edu.tw/
694,batch unqualified rate,批不合格率,批不合格率,https://terms.naer.edu.tw/
695,batch-processing system,批量生產系統；批量生產制度,,https://terms.naer.edu.tw/
696,bathtub curve,浴缸曲線,,https://terms.naer.edu.tw/
697,Baud rate,傳輸速率,,https://terms.naer.edu.tw/
698,Baumol model,Baumol模型,,https://terms.naer.edu.tw/
699,Bayesian probability,貝式機率,,https://terms.naer.edu.tw/
700,Bayh-Dole Act,《拜杜法案》,《拜杜法案》,https://terms.naer.edu.tw/
701,BCG Growth-Share Matrix,BCG成長-占有率矩陣,,https://terms.naer.edu.tw/
702,BCG matrix,BCG矩陣,波士顿矩阵,https://terms.naer.edu.tw/
703,bear market,空頭市場；熊市,熊市,https://terms.naer.edu.tw/
704,bear spreads,空頭價差策略,,https://terms.naer.edu.tw/
705,bearish vertical spread strategy,空頭垂直價差策略,,https://terms.naer.edu.tw/
706,beginning inventory,期初存貨,初始库存,https://terms.naer.edu.tw/
707,behavior career path,行為職涯路徑,行为职业生涯路径,https://terms.naer.edu.tw/
708,behavior description interview (BDI),行為描述面談法,行为面试,https://terms.naer.edu.tw/
709,behavior encouragement plans,行為獎勵計畫,行为奖励计划,https://terms.naer.edu.tw/
710,behavior event interview,行為事件面談法,行为事件访谈法,https://terms.naer.edu.tw/
711,behavior level,行為層次,,https://terms.naer.edu.tw/
712,Behavior Modeling,行為塑模,行为模仿,https://terms.naer.edu.tw/
713,behavior modification,行為改變；行為矯正,,https://terms.naer.edu.tw/
714,behavior shaping,行為塑造,行为塑造,https://terms.naer.edu.tw/
715,Behavior Theory,行為理論,行为理论,https://terms.naer.edu.tw/
716,behavioral approach,行為評量法,行为评价,https://terms.naer.edu.tw/
717,"behavioral asset pricing model, BAPM",行為資產定價模型,行为资产定价模型,https://terms.naer.edu.tw/
718,Behavioral Belief,行為信念,行为信念,https://terms.naer.edu.tw/
719,behavioral bias,行為偏差,行为偏差,https://terms.naer.edu.tw/
720,behavioral change,行為改變,,https://terms.naer.edu.tw/
721,behavioral component of an attitude,態度的行為要素,,https://terms.naer.edu.tw/
722,behavioral decision science,行為決策學,行为决策,https://terms.naer.edu.tw/
723,behavioral description interview,行為描述面談,行为描述面试,https://terms.naer.edu.tw/
724,behavioral finance,行為財務學,行为金融学,https://terms.naer.edu.tw/
725,Behavioral Intention,行為意向,行为意向,https://terms.naer.edu.tw/
726,behavioral model of leadership,領導行為模式；領導行為模型,领导行为模式；领导行为模型,https://terms.naer.edu.tw/
727,behavioral observation scales (BOS),行為觀察量表,行为观察量表,https://terms.naer.edu.tw/
728,"behavioral portfolio theory, BPT",行為投資組合理論,行为组合理论,https://terms.naer.edu.tw/
729,behavioral rating,行為評量,行为评价法,https://terms.naer.edu.tw/
730,Behavioral Science,行為科學,行为科学,https://terms.naer.edu.tw/
731,behavioral sciences,行為科學,行为科学,https://terms.naer.edu.tw/
732,behavioral segmentation,行為區隔,行为细分,https://terms.naer.edu.tw/
733,behavioral theories of leadership,領導行為理論,领导行为理论,https://terms.naer.edu.tw/
734,behavioral theory of leadership,領導的行為學派理論,,https://terms.naer.edu.tw/
735,behaviorally anchored rating scale,行為錨定評量表,行为锚定法,https://terms.naer.edu.tw/
736,behaviorally observation scale,行為觀察量表,行为观察量表,https://terms.naer.edu.tw/
737,behaviorism,行為主義,行为主义,https://terms.naer.edu.tw/
738,belief,信念,,https://terms.naer.edu.tw/
739,belief,信念,信念,https://terms.naer.edu.tw/
740,belief in external control,外在控制信念,外在控制信念,https://terms.naer.edu.tw/
741,belief in internal control,內在控制信念,内在控制信念,https://terms.naer.edu.tw/
742,Belief Reinforement Model,信念強化模式,信念强化模式,https://terms.naer.edu.tw/
743,belief system,信念體系,信念体系,https://terms.naer.edu.tw/
744,Bell labs,貝爾實驗室,贝尔实验室,https://terms.naer.edu.tw/
745,belongingness need,歸屬需求,归属需要,https://terms.naer.edu.tw/
746,below-the-line cost,廣告製作隱藏成本,,https://terms.naer.edu.tw/
747,benchmark job,標竿工作,基准工作,https://terms.naer.edu.tw/
748,benchmark portfolio,基準投資組合,基准投资组合,https://terms.naer.edu.tw/
749,benchmarking,標竿,,https://terms.naer.edu.tw/
750,Benchmarks,比較基準,,https://terms.naer.edu.tw/
751,beneficiary,信託受益人,信托受益人,https://terms.naer.edu.tw/
752,benefit,福利；利益,福利,https://terms.naer.edu.tw/
753,benefit positioning,利益定位,,https://terms.naer.edu.tw/
754,benefit segmentation,利益區隔,,https://terms.naer.edu.tw/
755,benevolent autocracy,仁慈專制,,https://terms.naer.edu.tw/
756,benevolent-authoritative,仁慈-權威,,https://terms.naer.edu.tw/
757,Bennis group development theory,班尼斯群體發展理論,本尼斯组织发展理论,https://terms.naer.edu.tw/
758,Bermudan option,百慕達選擇權,百慕大期权,https://terms.naer.edu.tw/
759,Berne Union,伯恩聯盟,伯尔尼同盟,https://terms.naer.edu.tw/
760,best efforts,代銷,代销,https://terms.naer.edu.tw/
761,best practice,最佳實務,,https://terms.naer.edu.tw/
762,best practice approach,最佳實務取向,,https://terms.naer.edu.tw/
763,best seller,暢銷品,畅销品,https://terms.naer.edu.tw/
764,best-cost provider strategy,最佳成本提供者策略,最优成本供应商战略,https://terms.naer.edu.tw/
765,beta coefficient,貝他係數,,https://terms.naer.edu.tw/
766,beta error,型二錯誤,,https://terms.naer.edu.tw/
767,between-lot variation,批間變異,批间波动,https://terms.naer.edu.tw/
768,Bibliography database,書目資料庫,书目数据库,https://terms.naer.edu.tw/
769,bid and asked price,買價和賣價,出价和要价,https://terms.naer.edu.tw/
770,bid price,買進報價,,https://terms.naer.edu.tw/
771,"bid-ask spread, quotes spread",買賣價差,买卖价差,https://terms.naer.edu.tw/
772,bidding,投標,,https://terms.naer.edu.tw/
773,bidding pricing,投標定價法,,https://terms.naer.edu.tw/
774,bidding strategy,投標策略,,https://terms.naer.edu.tw/
775,Big data,巨量資料,,https://terms.naer.edu.tw/
776,Big-five model of personality,五大個性模式；五大個性模型；五大性格模式；五大性格模型；大五人格特質；五大人格模式；五大人格模型,大五个性模型,https://terms.naer.edu.tw/
777,bilateral arbitrage,雙邊套利,双边套利,https://terms.naer.edu.tw/
778,bilateral clearing,雙邊清算,双边清算,https://terms.naer.edu.tw/
779,Bilateral Governance,雙邊治理,双边治理,https://terms.naer.edu.tw/
780,bilateral harmonized standard,雙邊調和標準,双边协调标准,https://terms.naer.edu.tw/
781,bilateral import quota,雙邊進口配額,双边进口配额,https://terms.naer.edu.tw/
782,bilateral monopolies,雙邊獨佔,雙邊壟斷,https://terms.naer.edu.tw/
783,bilateral safeguard clause,雙邊防衛條款,双边保护条款,https://terms.naer.edu.tw/
784,bill acceptance market,票據承兌市場,票据承兑市场,https://terms.naer.edu.tw/
785,bill at sight,見票即付匯票,见票即付汇票,https://terms.naer.edu.tw/
786,bill collection,票據託收,票据托收,https://terms.naer.edu.tw/
787,bill discount market,票據貼現市場,票据贴现市场,https://terms.naer.edu.tw/
788,bill for negotiation,可轉讓匯票；押匯匯票,转让汇票,https://terms.naer.edu.tw/
789,bill of capacity,產能清單,产能清单,https://terms.naer.edu.tw/
790,bill of clearance,結關單,结关单,https://terms.naer.edu.tw/
791,bill of entry,報關單,报关单,https://terms.naer.edu.tw/
792,bill of exchange,匯票,汇票,https://terms.naer.edu.tw/
793,bill of exchange,匯票,汇票,https://terms.naer.edu.tw/
794,bill of exchange drawn under a documentary credit,跟單匯票,按跟单信用证所开的汇票,https://terms.naer.edu.tw/
795,bill of labor,人力清單,工时清单,https://terms.naer.edu.tw/
796,bill of lading,提單,提单,https://terms.naer.edu.tw/
797,bill of lading {= B/L},提單,,https://terms.naer.edu.tw/
798,bill of material {=BOM},物料清單,,https://terms.naer.edu.tw/
799,bill of material file,物料清單檔,,https://terms.naer.edu.tw/
800,bill of resource (BOR),資源清單,,https://terms.naer.edu.tw/
801,bill of sufferance,免稅單,免税单,https://terms.naer.edu.tw/
802,bill on demand,即期匯票；見票即付,即期汇票,https://terms.naer.edu.tw/
803,bill payable by stated installment,分期付款匯票,分期付款汇票,https://terms.naer.edu.tw/
804,bimetallic standard,複本位制,金银复本位制,https://terms.naer.edu.tw/
805,binary option,二項式選擇權,两值期权,https://terms.naer.edu.tw/
806,Binet-Simon Scale,比西量表,比奈—西蒙量表,https://terms.naer.edu.tw/
807,binomial model,二項式模型,二项式模型,https://terms.naer.edu.tw/
808,biographical characteristics,人口特徵,人口特征,https://terms.naer.edu.tw/
809,bird-in-the-hand theory,一鳥在手理論,,https://terms.naer.edu.tw/
810,Bit,位元,,https://terms.naer.edu.tw/
811,black belt (BB),黑帶,黑带,https://terms.naer.edu.tw/
812,black box,黑箱,,https://terms.naer.edu.tw/
813,Black box approach,黑箱方法,黑箱方法,https://terms.naer.edu.tw/
814,Black box testing,黑盒測試,黑盒测试,https://terms.naer.edu.tw/
815,black list,黑名單,,https://terms.naer.edu.tw/
816,black market,黑市,,https://terms.naer.edu.tw/
817,black market exchange rate,黑市外匯匯率,黑市外汇汇率,https://terms.naer.edu.tw/
818,Black-Derman-Toy model、 BDT model,BDT模型,BDT模型,https://terms.naer.edu.tw/
819,Black-Scholes pricing formula,Black-Scholes定價公式,布莱克-舒尔斯定价公式,https://terms.naer.edu.tw/
820,Black-Scholes Pricing Model for Option,布萊克－蕭斯選擇權定價模型,布莱克－斯科尔斯期权定价模型,https://terms.naer.edu.tw/
821,blank bill of lading,空白提單,无记名提单,https://terms.naer.edu.tw/
822,blanket contract,概括合約,一揽子合同,https://terms.naer.edu.tw/
823,blanket insurance policy,概括保險單,总括保险单,https://terms.naer.edu.tw/
824,blanket order,概括訂貨單,总括订货单,https://terms.naer.edu.tw/
825,blanket release,開立綜合訂單,一揽子协议发布书,https://terms.naer.edu.tw/
826,bleed advertisement,滿版廣告,,https://terms.naer.edu.tw/
827,blend order,混合訂單,混合订单,https://terms.naer.edu.tw/
828,block control,區段管制,组控制,https://terms.naer.edu.tw/
829,Block diagram,方塊圖,系统结构图,https://terms.naer.edu.tw/
830,block offer,成批報價,成批报价,https://terms.naer.edu.tw/
831,block scheduling,區段排程,时段排程,https://terms.naer.edu.tw/
832,block trades,鉅額交易,大宗交易,https://terms.naer.edu.tw/
833,blocked operation,阻隔作業,阻塞作业,https://terms.naer.edu.tw/
834,blog,部落格,,https://terms.naer.edu.tw/
835,blue chip rate,優惠利率,优惠利率,https://terms.naer.edu.tw/
836,blue ocean strategy,藍海策略,蓝海战略,https://terms.naer.edu.tw/
837,Bluetooth,藍芽,,https://terms.naer.edu.tw/
838,board of directors,董事會,,https://terms.naer.edu.tw/
839,Board of Trade,商品交易所,商品交易所,https://terms.naer.edu.tw/
840,board or panel interviews,小組面試,小组面试,https://terms.naer.edu.tw/
841,body assist,身體輔助動作,身体辅助动作,https://terms.naer.edu.tw/
842,body language,肢體語言,,https://terms.naer.edu.tw/
843,Bohr's quadrant,波爾象限,波尔象限,https://terms.naer.edu.tw/
844,boiled frog phenomenon,煮青蛙現象,,https://terms.naer.edu.tw/
845,bond,債券,债券,https://terms.naer.edu.tw/
846,bond account,債券帳戶,债券账户,https://terms.naer.edu.tw/
847,bond bearer,不記名債券,不记名债券,https://terms.naer.edu.tw/
848,bond broker,債券經紀人,债券经纪人,https://terms.naer.edu.tw/
849,bond buy-back,債券贖回,债券回购,https://terms.naer.edu.tw/
850,bond collateral,擔保債券；有擔保的債券,担保债券,https://terms.naer.edu.tw/
851,bond collateral loan,債券質押借款,债券担保贷款,https://terms.naer.edu.tw/
852,bond equivalent yield,債券等值收益率,债券等值收益率,https://terms.naer.edu.tw/
853,bond fund,公債基金；債券基金,公债基金,https://terms.naer.edu.tw/
854,bond indenture,債券契約,,https://terms.naer.edu.tw/
855,bond indexes,債券指數,债券指数,https://terms.naer.edu.tw/
856,bond inflation index,債券通膨指數,,https://terms.naer.edu.tw/
857,bond issue at discount,折價發行債券,折价发行债券,https://terms.naer.edu.tw/
858,bond issue at premium,溢價發行債券,溢价发行债券,https://terms.naer.edu.tw/
859,bond market,債券市場,债券市场,https://terms.naer.edu.tw/
860,bond of credit,信用擔保債券,信贷担保债券,https://terms.naer.edu.tw/
861,bond option,債券選擇權,债券期权,https://terms.naer.edu.tw/
862,bond rating,債券評等,,https://terms.naer.edu.tw/
863,bond redeemable at par,按面值贖回債券,,https://terms.naer.edu.tw/
864,bonded area,保稅區,保税区,https://terms.naer.edu.tw/
865,bonded cargo,保稅貨物,保税货物,https://terms.naer.edu.tw/
866,bonded factory,保稅工廠,保税工厂,https://terms.naer.edu.tw/
867,bonded goods,保稅貨物,保税货物,https://terms.naer.edu.tw/
868,bonded port,保稅港,保税港,https://terms.naer.edu.tw/
869,bonded processing,保稅加工,保税加工,https://terms.naer.edu.tw/
870,bonded processing trade,保稅加工貿易,保税加工贸易,https://terms.naer.edu.tw/
871,bonded store,保稅商店,保税库,https://terms.naer.edu.tw/
872,bonded system,保稅制度,保税制度,https://terms.naer.edu.tw/
873,bonding expenditure,擔保成本,,https://terms.naer.edu.tw/
874,bonds payable,應付公司債,,https://terms.naer.edu.tw/
875,bonus,紅利；獎金,,https://terms.naer.edu.tw/
876,book inventory,帳面存貨,账面库存,https://terms.naer.edu.tw/
877,bookkeeping,簿記,,https://terms.naer.edu.tw/
878,Boolean search,布林搜尋,布尔逻辑检索,https://terms.naer.edu.tw/
879,bootstrapping,拔靴複製法,,https://terms.naer.edu.tw/
880,border tax,邊境稅,边境税,https://terms.naer.edu.tw/
881,border trade,邊境貿易,边境贸易,https://terms.naer.edu.tw/
882,borderless organization,無國界組織,,https://terms.naer.edu.tw/
883,borrowing portfolio,借入投資組合,,https://terms.naer.edu.tw/
884,Boston consulting group{=BCG},波士頓顧問團,,https://terms.naer.edu.tw/
885,bottleneck,瓶頸,瓶颈,https://terms.naer.edu.tw/
886,bottleneck resource,瓶頸資源,,https://terms.naer.edu.tw/
887,bottom line,底線,,https://terms.naer.edu.tw/
888,bottom straddle,下跨式交易策略,定底式期权,https://terms.naer.edu.tw/
889,Bottom-up approach,由下而上方法,,https://terms.naer.edu.tw/
890,bottom-up planning,由下而上規劃,,https://terms.naer.edu.tw/
891,bought and sold note,買賣清單；股票買賣通知書,买卖清单,https://terms.naer.edu.tw/
892,Boundary,邊界,边界,https://terms.naer.edu.tw/
893,boundary spanner,跨越疆界者,,https://terms.naer.edu.tw/
894,boundary spanning,跨越疆界,,https://terms.naer.edu.tw/
895,boundaryless organization,無疆界組織,无边界组织,https://terms.naer.edu.tw/
896,boundaryless organization,無疆界組織,,https://terms.naer.edu.tw/
897,bounded rationality,受限理性；有限理性,有限理性,https://terms.naer.edu.tw/
898,bounded rationality decision model,有限理性決策模式；有限理性決策模型,,https://terms.naer.edu.tw/
899,box straddle strategy,箱型交易策略,箱式价差期权,https://terms.naer.edu.tw/
900,Bradford law,布萊德福定律,布拉德福定律,https://terms.naer.edu.tw/
901,Brady bond,布雷迪債券,布雷迪债券,https://terms.naer.edu.tw/
902,brain drain,人才外流,,https://terms.naer.edu.tw/
903,brainstorming,腦力激盪；腦力激盪法,,https://terms.naer.edu.tw/
904,branch banking,分支銀行制,,https://terms.naer.edu.tw/
905,branch banking system,分支銀行制度,总分行制度,https://terms.naer.edu.tw/
906,branch organization,分支機構,分支机构,https://terms.naer.edu.tw/
907,brand,品牌,品牌,https://terms.naer.edu.tw/
908,brand,品牌,,https://terms.naer.edu.tw/
909,brand asset,品牌資產,,https://terms.naer.edu.tw/
910,brand association,品牌聯想,,https://terms.naer.edu.tw/
911,brand attribute,品牌屬性,,https://terms.naer.edu.tw/
912,brand audit,品牌稽核,,https://terms.naer.edu.tw/
913,brand awareness,品牌知曉；品牌知名,,https://terms.naer.edu.tw/
914,brand battle,品牌戰爭,,https://terms.naer.edu.tw/
915,brand belief,品牌信念,,https://terms.naer.edu.tw/
916,Brand Development Index {=BDI},品牌發展指數,品牌发展指数,https://terms.naer.edu.tw/
917,brand dilution,品牌稀釋,品牌稀释,https://terms.naer.edu.tw/
918,brand element,品牌要素,,https://terms.naer.edu.tw/
919,brand equity,品牌權益,品牌资产；品牌权益,https://terms.naer.edu.tw/
920,brand equity,品牌權益,,https://terms.naer.edu.tw/
921,brand extension,品牌延伸,品牌延伸,https://terms.naer.edu.tw/
922,brand familiarity,品牌熟悉度,,https://terms.naer.edu.tw/
923,brand identity,品牌辨識；品牌識別；品牌身份,,https://terms.naer.edu.tw/
924,brand image,品牌形象,品牌形象,https://terms.naer.edu.tw/
925,brand inventory,品牌目錄,,https://terms.naer.edu.tw/
926,brand knowledge,品牌知識,品牌知识,https://terms.naer.edu.tw/
927,brand life cycle,品牌生命週期,,https://terms.naer.edu.tw/
928,brand loyalty,品牌忠誠,品牌忠诚,https://terms.naer.edu.tw/
929,brand manager,品牌經理,品牌经理,https://terms.naer.edu.tw/
930,brand manager,品牌經理,,https://terms.naer.edu.tw/
931,brand mark,品標,,https://terms.naer.edu.tw/
932,brand mix,品牌組合,,https://terms.naer.edu.tw/
933,brand name,品牌名稱,,https://terms.naer.edu.tw/
934,brand penetration,品牌滲透,品牌渗透,https://terms.naer.edu.tw/
935,brand personality,品牌個性,品牌个性,https://terms.naer.edu.tw/
936,brand portfolio,品牌組合,品牌组合,https://terms.naer.edu.tw/
937,brand positioning,品牌定位,品牌定位,https://terms.naer.edu.tw/
938,brand proliferation,品牌擴散,,https://terms.naer.edu.tw/
939,brand resonance,品牌共鳴,,https://terms.naer.edu.tw/
940,brand revitalization,品牌再現,,https://terms.naer.edu.tw/
941,brand royalty,商標使用費,商标使用费,https://terms.naer.edu.tw/
942,brand switching,品牌轉換,,https://terms.naer.edu.tw/
943,brand valuation,品牌鑑價,品牌估价,https://terms.naer.edu.tw/
944,branded variants,品牌變體,,https://terms.naer.edu.tw/
945,branding,品牌化,品牌化,https://terms.naer.edu.tw/
946,breach of contract,違約,违反合同,https://terms.naer.edu.tw/
947,Breadth-first search (BFS),廣度優先搜尋,,https://terms.naer.edu.tw/
948,break-even analysis,損益兩平分析；損益平衡分析,,https://terms.naer.edu.tw/
949,break-even point,損益平衡點,,https://terms.naer.edu.tw/
950,break-even point,損益平衡點,,https://terms.naer.edu.tw/
951,break-even pricing,損益平衡訂價法,盈亏平衡定价,https://terms.naer.edu.tw/
952,breakdown maintenance,故障維修,故障修理,https://terms.naer.edu.tw/
953,breakeven chart,損益平衡圖,,https://terms.naer.edu.tw/
954,breaking bulk,分裝,,https://terms.naer.edu.tw/
955,breakpoint,動作分界點,动作分界点,https://terms.naer.edu.tw/
956,Brennan-Schwartz Model,Brennan-Schwartz模型,BS模型,https://terms.naer.edu.tw/
957,Bretton Woods System,布列敦森林制度,布雷顿森林体系,https://terms.naer.edu.tw/
958,brick-and-click company,實體與網路兼營,,https://terms.naer.edu.tw/
959,Bricks and clicks,實虛整合,多渠道商店,https://terms.naer.edu.tw/
960,bricolage,隨創；拼湊型創新,,https://terms.naer.edu.tw/
961,British Council for Promotion of International Trade,英國國際貿易促進委員會,英国国际贸易促进委员会,https://terms.naer.edu.tw/
962,Broadband ISDN (B-ISDN),寬頻整體服務數位網路,,https://terms.naer.edu.tw/
963,broadbanding,扁平寬幅,,https://terms.naer.edu.tw/
964,broadbanding pay structure,扁平寬幅薪資結構,宽带薪资结构,https://terms.naer.edu.tw/
965,broker,仲介商；經紀人；掮客,,https://terms.naer.edu.tw/
966,broker agent,經紀人兼代理人,经纪人兼代理人,https://terms.naer.edu.tw/
967,brokerage commission,經紀人佣金；經紀人委員會,经纪人佣金,https://terms.naer.edu.tw/
968,brokerage fee,經紀費用,经纪人手续费；经纪人佣金,https://terms.naer.edu.tw/
969,brokerage-type industries,仲介型產業,,https://terms.naer.edu.tw/
970,budget,預算,,https://terms.naer.edu.tw/
971,buffer,緩衝,缓冲,https://terms.naer.edu.tw/
972,buffer fund,平準基金,平准基金,https://terms.naer.edu.tw/
973,build to order {=BTO},接單製造,按订单制造,https://terms.naer.edu.tw/
974,"Build, Own and Transfer {=BOT}",建造、擁有及轉讓,建造、拥有及转让,https://terms.naer.edu.tw/
975,building block analysis,積木分析法,积木分析法,https://terms.naer.edu.tw/
976,bulk order,大批量訂單,大批量订单,https://terms.naer.edu.tw/
977,bulk purchase,整批採購,整批采购,https://terms.naer.edu.tw/
978,bulk sale,整批出售；躉售,整批出售,https://terms.naer.edu.tw/
979,bull bear,多頭-空頭,多头-空头,https://terms.naer.edu.tw/
980,bull market,多頭市場,,https://terms.naer.edu.tw/
981,bull spread or bear spread strategy,多頭/空頭價差交易策略,牛市或熊市差价期权,https://terms.naer.edu.tw/
982,bulldog bond,鬥牛犬債券,猛犬债券,https://terms.naer.edu.tw/
983,bullet loan,一次性償還貸款,一次性偿还贷款,https://terms.naer.edu.tw/
984,Bulletin board service (BBS),電子佈告欄,,https://terms.naer.edu.tw/
985,bullish vertical spread strategy,多頭垂直價差策略,,https://terms.naer.edu.tw/
986,Bundesbank,德意志聯邦銀行,德国联邦银行,https://terms.naer.edu.tw/
987,bundle of resources,資源組合,,https://terms.naer.edu.tw/
988,bundle pricing,組合訂價法,,https://terms.naer.edu.tw/
989,bundling,搭售；合購,,https://terms.naer.edu.tw/
990,bureaucracy,科層組織；官僚組織；科層；官僚,,https://terms.naer.edu.tw/
991,bureaucracy structure,科層結構；層級結構,,https://terms.naer.edu.tw/
992,bureaucratic control,科層控制；官僚控制,行政控制；官僚控制,https://terms.naer.edu.tw/
993,bureaucratic control,科層控制；官僚控制,,https://terms.naer.edu.tw/
994,bureaucratic model,科層模式；科層模型；官僚模式；官僚模型,,https://terms.naer.edu.tw/
995,bureaucratic organization,科層式組織；官僚式組織,,https://terms.naer.edu.tw/
996,bureaucratization,科層化；官僚化,,https://terms.naer.edu.tw/
997,burnout,耗竭；倦怠,倦怠,https://terms.naer.edu.tw/
998,Bus network,匯流排網路,,https://terms.naer.edu.tw/
999,business,企業；事業；業務,,https://terms.naer.edu.tw/
1000,business boundary,經營疆域,,https://terms.naer.edu.tw/
1001,business buying process,企業購買程序；企業購買流程,企业购买过程；商业购买过程；工业购买过程,https://terms.naer.edu.tw/
1002,business cycle,景氣循環,,https://terms.naer.edu.tw/
1003,business enterprises investment,企業投資,企业投资,https://terms.naer.edu.tw/
1004,business environment,企業環境,,https://terms.naer.edu.tw/
1005,business ethics,企業倫理,,https://terms.naer.edu.tw/
1006,business function,業務功能；經營功能；企業功能,,https://terms.naer.edu.tw/
1007,business income tax,企業所得稅,商业所得税,https://terms.naer.edu.tw/
1008,business incubator,企業育成中心,孵化器；高新技术创业服务中心,https://terms.naer.edu.tw/
1009,Business information systems,企業資訊系統,,https://terms.naer.edu.tw/
1010,Business intelligence {=BI},商業智慧,商务智能,https://terms.naer.edu.tw/
1011,business level,事業層級,,https://terms.naer.edu.tw/
1012,business loan,企業貸款,商业贷款,https://terms.naer.edu.tw/
1013,business market,企業市場；機構市場,,https://terms.naer.edu.tw/
1014,business marketing,企業行銷,,https://terms.naer.edu.tw/
1015,business mission,經營使命；事業使命；企業使命,,https://terms.naer.edu.tw/
1016,business model,商業模式；經營模式,,https://terms.naer.edu.tw/
1017,business model innovation,商業模式創新,商业模式创新；经营模式创新,https://terms.naer.edu.tw/
1018,business of collection,代收業務,代收业务,https://terms.naer.edu.tw/
1019,business of commission,佣金業務,代客买卖业务,https://terms.naer.edu.tw/
1020,business partner,企業夥伴,,https://terms.naer.edu.tw/
1021,business plan,事業營運計劃,创业计划书；商业计划书,https://terms.naer.edu.tw/
1022,business portfolio,事業組合,业务组合,https://terms.naer.edu.tw/
1023,business process,事業營運流程,业务流程,https://terms.naer.edu.tw/
1024,Business process redesign {=BPR},企業流程再造,,https://terms.naer.edu.tw/
1025,business process reengineering {=BPR},企業再造；企業流程再造；企業再造工程,,https://terms.naer.edu.tw/
1026,business risk,營運風險,经营风险,https://terms.naer.edu.tw/
1027,business road map,商業發展路徑圖,,https://terms.naer.edu.tw/
1028,business strategy,企業策略,经营战略,https://terms.naer.edu.tw/
1029,Business to business (B2B),企業對企業電子商務,企业对企业电子商务,https://terms.naer.edu.tw/
1030,Business to consumer (B2C),企業對消費者電子商務,企业对消费者电子商务,https://terms.naer.edu.tw/
1031,Business to government (B2G),企業對政府電子商務,企业对政府电子商务,https://terms.naer.edu.tw/
1032,business unit,事業單位,业务单元,https://terms.naer.edu.tw/
1033,business-level strategies,事業層級策略,业务层战略；经营单位战略,https://terms.naer.edu.tw/
1034,business-level strategy,事業層級策略,,https://terms.naer.edu.tw/
1035,business-to-business {=B2B}market,企業對企業市場,,https://terms.naer.edu.tw/
1036,business-unit competitive strength,事業單位競爭優勢,,https://terms.naer.edu.tw/
1037,butterfly spread,蝶狀價差交易,蝶形套购,https://terms.naer.edu.tw/
1038,Butterfly Spread strategy,蝶式價差交易策略,碟式差价期权,https://terms.naer.edu.tw/
1039,buy back,回購,回购,https://terms.naer.edu.tw/
1040,buy decision　,外購決策,,https://terms.naer.edu.tw/
1041,buy short,買空,买空,https://terms.naer.edu.tw/
1042,buyer readiness stage,購買者準備階段,,https://terms.naer.edu.tw/
1043,buyer-supplier vertical relationships,垂直供需關係,,https://terms.naer.edu.tw/
1044,buyer's market,買方市場,买方市场,https://terms.naer.edu.tw/
1045,buyer’s usance credit,買方遠期信用狀,买方远期信用证,https://terms.naer.edu.tw/
1046,buyers bargaining power,買方議價力,客户议价能力,https://terms.naer.edu.tw/
1047,buyers intention survey,購買者意願調查,,https://terms.naer.edu.tw/
1048,buying commission,購貨佣金,购货佣金,https://terms.naer.edu.tw/
1049,buying influencers,影響者,,https://terms.naer.edu.tw/
1050,buying offer,購貨報價,购买要约；买方发盘,https://terms.naer.edu.tw/
1051,buying on margin,融資買進,,https://terms.naer.edu.tw/
1052,buying power index {=BPI},購買力指數,,https://terms.naer.edu.tw/
1053,buying rate for sight bill,即期匯票買入價,即期汇票买入价,https://terms.naer.edu.tw/
1054,buying rate for time bill,期票買入價,期票买入价,https://terms.naer.edu.tw/
1055,buying rate for usance bill,遠期匯票買入價,远期汇票买入价,https://terms.naer.edu.tw/
1056,buying roles,購買者角色,,https://terms.naer.edu.tw/
1057,buying stock on margin,融資買股,,https://terms.naer.edu.tw/
1058,buzz marketing,話題行銷,蜂鸣营销,https://terms.naer.edu.tw/
1059,by-product pricing,副產品訂價,副产品定价,https://terms.naer.edu.tw/
1060,bypass attack,迂迴攻擊,,https://terms.naer.edu.tw/
1061,Byte,位元組,,https://terms.naer.edu.tw/
1062,cable credit,電報信用狀,电报信用证,https://terms.naer.edu.tw/
1063,cable rate,電匯匯率,电汇汇率,https://terms.naer.edu.tw/
1064,cable transfer,電匯,电汇,https://terms.naer.edu.tw/
1065,cafeteria benefit plan,自選式員工福利方案；自選式員工福利措施,自选式员工福利方案；自选式员工福利措施,https://terms.naer.edu.tw/
1066,cafeteria plan,自助式福利計畫,,https://terms.naer.edu.tw/
1067,cafeteria plans,自助式福利計畫,自助福利计划,https://terms.naer.edu.tw/
1068,cafeteria-style fringe benefit,自助餐式的福利制度,,https://terms.naer.edu.tw/
1069,calculated risk,計算性風險,,https://terms.naer.edu.tw/
1070,calculated risk taking,風險評估,,https://terms.naer.edu.tw/
1071,calendar efect,日曆效應,日历效应,https://terms.naer.edu.tw/
1072,calendar spread strategy,水平價差交易策略,日历差价期权,https://terms.naer.edu.tw/
1073,calibration,校準,校准,https://terms.naer.edu.tw/
1074,call auction,集合競價,集合竞价,https://terms.naer.edu.tw/
1075,call center,客服中心,,https://terms.naer.edu.tw/
1076,call center,客服中心,,https://terms.naer.edu.tw/
1077,call for bid,招標通知,招标通知,https://terms.naer.edu.tw/
1078,call for tenders,招標,招标,https://terms.naer.edu.tw/
1079,call frequency,拜訪頻率,,https://terms.naer.edu.tw/
1080,call loan,活期貸款；通知貸款,通知放款,https://terms.naer.edu.tw/
1081,call loan rate,活期貸款利率；通知貸款利率,活期贷款利率,https://terms.naer.edu.tw/
1082,call market,拆借市場,拆借市场；短期货款市场,https://terms.naer.edu.tw/
1083,call money market,拆款市場,活期放款市场,https://terms.naer.edu.tw/
1084,call option,買入選擇權,承购权,https://terms.naer.edu.tw/
1085,call premium,贖回溢價,,https://terms.naer.edu.tw/
1086,call provision,贖回條款,,https://terms.naer.edu.tw/
1087,call report,拜訪報告,,https://terms.naer.edu.tw/
1088,call swaption,利率交換買權,,https://terms.naer.edu.tw/
1089,callable bond,可贖回公司債,,https://terms.naer.edu.tw/
1090,callable common stock,可贖回普通股,,https://terms.naer.edu.tw/
1091,camel rating,camel評等,骆驼评级,https://terms.naer.edu.tw/
1092,campus recruiting,校園招募,校园招募,https://terms.naer.edu.tw/
1093,Canberra manual,坎培把手冊,坎培把手册,https://terms.naer.edu.tw/
1094,cancellation charge,取消訂單費用,取消订单费用,https://terms.naer.edu.tw/
1095,cancelled check,註銷支票,注销支票,https://terms.naer.edu.tw/
1096,cancelled cheque,註銷支票,注销支票,https://terms.naer.edu.tw/
1097,cannibalization,撞船現象、競食,,https://terms.naer.edu.tw/
1098,cap and floor,上限契約與下限契約,,https://terms.naer.edu.tw/
1099,capabilities,能力,能力,https://terms.naer.edu.tw/
1100,capability,能力；能耐,,https://terms.naer.edu.tw/
1101,Capability Maturity Model for Software {=CMM},軟體能力成熟度模型,软件能力成熟度模型,https://terms.naer.edu.tw/
1102,capability of process　,製程能力,,https://terms.naer.edu.tw/
1103,capability-based theory,能力基礎理論,,https://terms.naer.edu.tw/
1104,capacity,產能,,https://terms.naer.edu.tw/
1105,capacity management,產能管理,产能管理,https://terms.naer.edu.tw/
1106,capacity requirement planning (CRP),產能需求規劃,能力需求计划,https://terms.naer.edu.tw/
1107,capacity requirements planning {=CRP},能量需求規劃,,https://terms.naer.edu.tw/
1108,capacity-constrained resource,產能受限資源,产能约束资源,https://terms.naer.edu.tw/
1109,capital account,資本帳,资本账户,https://terms.naer.edu.tw/
1110,capital account balance,資本帳餘額,资本项目收支差额,https://terms.naer.edu.tw/
1111,capital adequacy,資本適足率；資本適足性,资本充足率,https://terms.naer.edu.tw/
1112,capital adequacy ratio,資本適足率,资本充足率,https://terms.naer.edu.tw/
1113,capital allocation decision,資本配置決策,资本配置决策,https://terms.naer.edu.tw/
1114,capital and liability ratio,資本負債比率,资本负债比率,https://terms.naer.edu.tw/
1115,capital asset pricing model、 CAPM,資本資產訂價模型,资本资产定价模型,https://terms.naer.edu.tw/
1116,capital asset ratio,資本－資產比率,资本－资产比率,https://terms.naer.edu.tw/
1117,capital at risk,風險資本,在险资本,https://terms.naer.edu.tw/
1118,capital budget,資本預算,,https://terms.naer.edu.tw/
1119,capital budget,資本預算,,https://terms.naer.edu.tw/
1120,capital budgeting,資本預算決策,,https://terms.naer.edu.tw/
1121,capital expenditure,資本支出,,https://terms.naer.edu.tw/
1122,capital export,資本輸出,资本输出,https://terms.naer.edu.tw/
1123,capital financing,資本融通,资本融通,https://terms.naer.edu.tw/
1124,capital flight,資金外逃,资本外逃,https://terms.naer.edu.tw/
1125,capital flow,資本流動,资本流动,https://terms.naer.edu.tw/
1126,capital formation,資本形成,资本形成,https://terms.naer.edu.tw/
1127,capital gain,資本利得,,https://terms.naer.edu.tw/
1128,capital gain and loss,資本損益,资本损益,https://terms.naer.edu.tw/
1129,capital gains yield,資本利得收益率,,https://terms.naer.edu.tw/
1130,capital goods,資本財,,https://terms.naer.edu.tw/
1131,capital import,資本輸入,资本输入,https://terms.naer.edu.tw/
1132,capital income ratio,資本所得比率,资本所得比率,https://terms.naer.edu.tw/
1133,capital inflow,資本流入,资本流入,https://terms.naer.edu.tw/
1134,capital input,資本投入,资本投入,https://terms.naer.edu.tw/
1135,capital intensity ratio,資本密集度,,https://terms.naer.edu.tw/
1136,capital intensive economy,資本密集型經濟,资本密集型经济,https://terms.naer.edu.tw/
1137,capital intensive goods,資本密集型商品,资本密集型商品,https://terms.naer.edu.tw/
1138,capital intensive industry,資本密集產業,资本密集型产业,https://terms.naer.edu.tw/
1139,capital intensive technique,資本密集型技術,资本密集型技术,https://terms.naer.edu.tw/
1140,capital market,資本市場,资本市场,https://terms.naer.edu.tw/
1141,capital market,資本市場,资本市场,https://terms.naer.edu.tw/
1142,capital market instrument,資本市場工具,资本市场工具,https://terms.naer.edu.tw/
1143,capital market line、 CML,資本市場線,资本市场线,https://terms.naer.edu.tw/
1144,capital productivity,資本生產力,,https://terms.naer.edu.tw/
1145,capital rationing,資本限額分配,,https://terms.naer.edu.tw/
1146,capital redemption reserve fund,資本償還準備金,资本偿还准备基金,https://terms.naer.edu.tw/
1147,capital stock premium,股本溢價,股本溢价,https://terms.naer.edu.tw/
1148,capital structure,資本結構,资本结构,https://terms.naer.edu.tw/
1149,capital structure,資本結構,资本结构,https://terms.naer.edu.tw/
1150,capital structure decisions,資本結構決策,资本结构决策,https://terms.naer.edu.tw/
1151,capital structure irrelevance theory,資本結構無關論,,https://terms.naer.edu.tw/
1152,capital structure weight,資本結構權重,资本结构权重,https://terms.naer.edu.tw/
1153,capital turnover,資本週轉；資本週轉率,资本周转,https://terms.naer.edu.tw/
1154,capitalism,資本主義,,https://terms.naer.edu.tw/
1155,capitalize proceeds method,資本化收益法,资本化收益法,https://terms.naer.edu.tw/
1156,capitalizing the lease,租賃資本化,,https://terms.naer.edu.tw/
1157,captive finance company,專屬金融公司,专属金融公司,https://terms.naer.edu.tw/
1158,captive market,專屬市場,垄断市场,https://terms.naer.edu.tw/
1159,captive-product pricing,專屬品訂價,附属产品定价,https://terms.naer.edu.tw/
1160,career,事業生涯；職涯,,https://terms.naer.edu.tw/
1161,career anchor,職涯定錨,职业锚,https://terms.naer.edu.tw/
1162,career choice,職涯選擇,职业生涯选择,https://terms.naer.edu.tw/
1163,career counselling,職涯諮商,职业生涯咨询,https://terms.naer.edu.tw/
1164,career curve,職涯曲線,职业生涯曲线,https://terms.naer.edu.tw/
1165,career cycle,職涯週期,职业生涯周期,https://terms.naer.edu.tw/
1166,career decision,職涯抉擇,职业生涯决策,https://terms.naer.edu.tw/
1167,career development,職涯發展,职业生涯发展,https://terms.naer.edu.tw/
1168,career development,職涯發展,,https://terms.naer.edu.tw/
1169,career development program,職涯發展計畫,职业发展计划,https://terms.naer.edu.tw/
1170,career management,職涯管理,职业生涯管理,https://terms.naer.edu.tw/
1171,career path,職涯路徑,职业生涯路径,https://terms.naer.edu.tw/
1172,career planning,職涯規劃,职业生涯规划,https://terms.naer.edu.tw/
1173,career planning,職涯規劃,,https://terms.naer.edu.tw/
1174,career plateau,職涯高原,职业生涯高原,https://terms.naer.edu.tw/
1175,career self-management,職涯自我管理,生涯自我管理,https://terms.naer.edu.tw/
1176,career support,職涯支援,生涯支持,https://terms.naer.edu.tw/
1177,career training,職涯訓練,职业生涯培训,https://terms.naer.edu.tw/
1178,career-person matching theory,職涯-個人適配理論,职业生涯-人匹配理论,https://terms.naer.edu.tw/
1179,Caribbean Common Market {=CCM},加勒比海共同市場,加勒比共同市场,https://terms.naer.edu.tw/
1180,Caribbean Community and Common Market {=CARICOM},加勒比海共同體和共同市場,加勒比共同体和共同市场,https://terms.naer.edu.tw/
1181,Caribbean Development Bank,加勒比海開發銀行,加勒比开发银行,https://terms.naer.edu.tw/
1182,Caribbean Free Trade Association,加勒比海自由貿易協會,加勒比自由贸易协会,https://terms.naer.edu.tw/
1183,carrying-cost theroy,持有成本理論,,https://terms.naer.edu.tw/
1184,carryover behavior,轉入行為；延伸行為,,https://terms.naer.edu.tw/
1185,carte-blanche preference principle,全權委托偏好原理,,https://terms.naer.edu.tw/
1186,cartel,卡特爾,,https://terms.naer.edu.tw/
1187,cartel,卡特爾,,https://terms.naer.edu.tw/
1188,Case,案例,案例,https://terms.naer.edu.tw/
1189,case analysis,個案分析,案例分析,https://terms.naer.edu.tw/
1190,Case base,案例庫,案例库,https://terms.naer.edu.tw/
1191,Case learning,案例學習,案例学习,https://terms.naer.edu.tw/
1192,case method,個案法；案例法,,https://terms.naer.edu.tw/
1193,Case reasoning,案例推理,案例推理,https://terms.naer.edu.tw/
1194,Case representation,案例表示,案例表示,https://terms.naer.edu.tw/
1195,Case retrieval,案例擷取,案例检索,https://terms.naer.edu.tw/
1196,Case storage,案例儲存,案例存储,https://terms.naer.edu.tw/
1197,case study,個案研究,个案研究法,https://terms.naer.edu.tw/
1198,case study training,個案研究訓練,案例研究培训,https://terms.naer.edu.tw/
1199,Case-based reasoning (CBR),案例推理,基于案例推理,https://terms.naer.edu.tw/
1200,cash advance,預付現金,预付现金,https://terms.naer.edu.tw/
1201,cash against document,交單付現,凭单付现,https://terms.naer.edu.tw/
1202,cash budget,現金預算,,https://terms.naer.edu.tw/
1203,cash budget,現金預算,,https://terms.naer.edu.tw/
1204,"cash conversion cycle, CCC",現金周轉週期,,https://terms.naer.edu.tw/
1205,cash cow,金牛［事業］,,https://terms.naer.edu.tw/
1206,cash cow business,金牛事業,,https://terms.naer.edu.tw/
1207,cash delivery,現金交割,,https://terms.naer.edu.tw/
1208,cash discount,現金折扣,现金折扣,https://terms.naer.edu.tw/
1209,cash discount,現金折扣,,https://terms.naer.edu.tw/
1210,cash dividend,現金股利,现金股利,https://terms.naer.edu.tw/
1211,cash flow,現金流量,,https://terms.naer.edu.tw/
1212,cash flow forecast,現金流量預測,,https://terms.naer.edu.tw/
1213,cash flow matching,現金流量配適,现金流匹配,https://terms.naer.edu.tw/
1214,cash management,現金管理,,https://terms.naer.edu.tw/
1215,cash management service,現金管理服務,现金管理服务,https://terms.naer.edu.tw/
1216,cash on delivery {=COD},貨到付款,货到付款,https://terms.naer.edu.tw/
1217,cash price,付現價格,付现价格,https://terms.naer.edu.tw/
1218,cash rebate,現金回扣,,https://terms.naer.edu.tw/
1219,cash settlement,現金結算,现金结算,https://terms.naer.edu.tw/
1220,cash-and-carry wholesaler,付現取貨批發商,,https://terms.naer.edu.tw/
1221,cash-in-advance economy,現金交易經濟；預付款經濟,预付款经济,https://terms.naer.edu.tw/
1222,catalog,目錄,零售目录,https://terms.naer.edu.tw/
1223,catalog marketing,型錄行銷,目录营销,https://terms.naer.edu.tw/
1224,Cataloging,文獻資訊編目,文献信息编目,https://terms.naer.edu.tw/
1225,Catalogue,目錄,题录,https://terms.naer.edu.tw/
1226,catastrophe insurance company,巨災保險公司,巨灾保险公司,https://terms.naer.edu.tw/
1227,categorical plan,類別法,分类方案,https://terms.naer.edu.tw/
1228,category concept,類別觀念,,https://terms.naer.edu.tw/
1229,Category Development Index {=CDI},品類發展指數,品类发展指数,https://terms.naer.edu.tw/
1230,category extension,類別延伸,,https://terms.naer.edu.tw/
1231,category killer,類別殺手,品类杀手,https://terms.naer.edu.tw/
1232,causal ambiguity,因果模糊性,,https://terms.naer.edu.tw/
1233,causation,因果,,https://terms.naer.edu.tw/
1234,cause marketing,善因行銷,,https://terms.naer.edu.tw/
1235,cause-and-effect diagram　,特性要因圖；因果圖,因果图,https://terms.naer.edu.tw/
1236,cause-related marketing,善因行銷,慈善和公益营销；事业关联营销,https://terms.naer.edu.tw/
1237,Cavendish laboratory,卡文迪許實驗室,卡文迪什实验室,https://terms.naer.edu.tw/
1238,cellular layout,單元佈置,,https://terms.naer.edu.tw/
1239,cellular manufacturing,單元製造,单元制造,https://terms.naer.edu.tw/
1240,center-of-gravity method　,重心法,,https://terms.naer.edu.tw/
1241,center-of-gravity technique,重心法,重心法,https://terms.naer.edu.tw/
1242,center-satillite system,中衛體系,,https://terms.naer.edu.tw/
1243,Central African Customs and Economic Union,中非關稅經濟同盟,中非关税经济同盟,https://terms.naer.edu.tw/
1244,Central American Bank of Economic Integration,中美洲經濟合作銀行,中美洲经济一体化银行,https://terms.naer.edu.tw/
1245,Central American Clearing House,中美洲結算所,中美洲清算所,https://terms.naer.edu.tw/
1246,Central American Common Market,中美洲共同市場,中美洲共同市场,https://terms.naer.edu.tw/
1247,Central American Free Trade Area,中美洲自由貿易區,中美洲自由贸易区,https://terms.naer.edu.tw/
1248,Central American Payment Union,中美洲支付同盟,中美洲支付同盟,https://terms.naer.edu.tw/
1249,central bank,中央銀行,中央银行,https://terms.naer.edu.tw/
1250,central bank discount rate,中央銀行貼現率,中央银行贴现率,https://terms.naer.edu.tw/
1251,central bank lending policy,中央銀行貸款政策,中央银行贷款政策,https://terms.naer.edu.tw/
1252,central line,中心線,中心线,https://terms.naer.edu.tw/
1253,central processing unit {=CPU},中央處理單位；中央處理器,,https://terms.naer.edu.tw/
1254,central rate,中心匯率,中心汇率,https://terms.naer.edu.tw/
1255,central route,中央路徑,,https://terms.naer.edu.tw/
1256,central tendency,趨中傾向,趋中误差,https://terms.naer.edu.tw/
1257,centralization,集權化,,https://terms.naer.edu.tw/
1258,centralized dispatching,集中派工,集中派工,https://terms.naer.edu.tw/
1259,centralized inventory control,集中存貨控制,集中库存控制,https://terms.naer.edu.tw/
1260,centralized R&D organization,集權式研發組織；集中式研發組織,集中型研发组织,https://terms.naer.edu.tw/
1261,certainty equivalent,確定等值法,,https://terms.naer.edu.tw/
1262,Certainty factor,確定因子,,https://terms.naer.edu.tw/
1263,Certificate authority (CA),認證中心,认证中心,https://terms.naer.edu.tw/
1264,certificate authority accreditation,認證機構認可,认证机构认可,https://terms.naer.edu.tw/
1265,certificate for advance settlement of foreign  exchange for export,預繳出口外匯證明書,预交外汇证明书,https://terms.naer.edu.tw/
1266,certificate for advance surrender of export exchange,預繳出口外匯證明書,预交外汇证明书,https://terms.naer.edu.tw/
1267,certificate for export,出口檢驗證書,出口检验证,https://terms.naer.edu.tw/
1268,certificate of compliance,履約證明書,履约证明书,https://terms.naer.edu.tw/
1269,certificate of export duty exemption,出口免稅證書,出口免税证书,https://terms.naer.edu.tw/
1270,certificate of export license,輸出許可證,出口许可证,https://terms.naer.edu.tw/
1271,certificate of export subsidy,出口補助證明,出口补贴证明,https://terms.naer.edu.tw/
1272,certificate of financial standing,財務狀況證明書,[企业]资信证明,https://terms.naer.edu.tw/
1273,certificate of import license,輸入許可證,进口许可证,https://terms.naer.edu.tw/
1274,certificate of inspection,檢驗證明書,商品检验合格证书,https://terms.naer.edu.tw/
1275,certificate of origin,原產地證明書,原产地证书,https://terms.naer.edu.tw/
1276,certification authority,認證機構,认证机构,https://terms.naer.edu.tw/
1277,certification cancellation,認證註銷,认证注销,https://terms.naer.edu.tw/
1278,certification of quality management system,品質管理制度認證,质量管理体系认证,https://terms.naer.edu.tw/
1279,certification of quality system,品質制度認證,质量体系认证,https://terms.naer.edu.tw/
1280,certification revocation,認證撤銷,认证撤销,https://terms.naer.edu.tw/
1281,certification suspension,憑證暫停,证书暂停,https://terms.naer.edu.tw/
1282,certification system,認證制度,认证制度,https://terms.naer.edu.tw/
1283,certified public accountant{=CPA},執行會計師；掛牌會計師,,https://terms.naer.edu.tw/
1284,chain for command,指揮鏈,,https://terms.naer.edu.tw/
1285,chain of command,命令鏈；指揮鏈,命令链；指挥链,https://terms.naer.edu.tw/
1286,chain store,連鎖商店,,https://terms.naer.edu.tw/
1287,chain wholesaler,連鎖批發商,,https://terms.naer.edu.tw/
1288,chain-ratio method,連鎖比例法,,https://terms.naer.edu.tw/
1289,chains banking system,連鎖銀行體系,连锁银行制度,https://terms.naer.edu.tw/
1290,chairman of the board,董事長,,https://terms.naer.edu.tw/
1291,challenge stressors,挑戰型壓力源,挑战性压力,https://terms.naer.edu.tw/
1292,champion,倡導者,倡导者,https://terms.naer.edu.tw/
1293,chance cause,機遇原因,,https://terms.naer.edu.tw/
1294,change,變革,变革,https://terms.naer.edu.tw/
1295,change agent,變革推動者；變革中介者,,https://terms.naer.edu.tw/
1296,change management,變革管理,变革管理,https://terms.naer.edu.tw/
1297,change master,變革大師,,https://terms.naer.edu.tw/
1298,change of destination,變更卸貨港,变更卸货港,https://terms.naer.edu.tw/
1299,change order,變更訂單,变更订单,https://terms.naer.edu.tw/
1300,changeover time,作業轉換時間,作业转换时间,https://terms.naer.edu.tw/
1301,channel,通路；渠道,,https://terms.naer.edu.tw/
1302,channel advantage,通路優勢,,https://terms.naer.edu.tw/
1303,channel captain,通路領袖；渠道領袖,渠道领袖,https://terms.naer.edu.tw/
1304,channel conflict,通路衝突,渠道冲突,https://terms.naer.edu.tw/
1305,channel control,通路控制,,https://terms.naer.edu.tw/
1306,channel cooperation,通路合作,,https://terms.naer.edu.tw/
1307,channel coordination,通路協調,,https://terms.naer.edu.tw/
1308,Channel Disposition Model,通路安排模式,通路安排模式,https://terms.naer.edu.tw/
1309,channel integration,通路整合,,https://terms.naer.edu.tw/
1310,channel length,通路長度,渠道长度,https://terms.naer.edu.tw/
1311,channel level,通路階層,渠道层次,https://terms.naer.edu.tw/
1312,channel management,通路管理,渠道管理,https://terms.naer.edu.tw/
1313,channel of distribution,配銷通路；分配通路,,https://terms.naer.edu.tw/
1314,channel richness,管道豐富性,,https://terms.naer.edu.tw/
1315,channel width,通路寬度,渠道宽度,https://terms.naer.edu.tw/
1316,characteristic,特性,特性,https://terms.naer.edu.tw/
1317,characteristic line,資本市場特性線,,https://terms.naer.edu.tw/
1318,characteristic norm,特性規範,,https://terms.naer.edu.tw/
1319,characteristics of service,服務的特性,,https://terms.naer.edu.tw/
1320,charge ticket,收費單,收费凭单,https://terms.naer.edu.tw/
1321,charisma,魅力,,https://terms.naer.edu.tw/
1322,charismatic authority,魅力型威權；魅力型權威,,https://terms.naer.edu.tw/
1323,charismatic leader,魅力型領導者,魅力型领导者,https://terms.naer.edu.tw/
1324,charismatic leadership,魅力型領導,,https://terms.naer.edu.tw/
1325,charismatic leadership theory,魅力型領導理論,魅力型领导理论,https://terms.naer.edu.tw/
1326,Charter for International Trade Organization,國際貿易組織憲章,国际贸易组织宪章,https://terms.naer.edu.tw/
1327,chartered bank,特許銀行,特许银行,https://terms.naer.edu.tw/
1328,Chase Manhattan Bank,大通銀行,[美]大通曼哈顿银行,https://terms.naer.edu.tw/
1329,"cheapest to delivery, CTD",最便宜的交割債券,,https://terms.naer.edu.tw/
1330,check,支票,支票,https://terms.naer.edu.tw/
1331,check deposit,支票存款,支票存款,https://terms.naer.edu.tw/
1332,check drawee,支票受票人,支票受票人,https://terms.naer.edu.tw/
1333,check drawer,支票出票人,支票出票人,https://terms.naer.edu.tw/
1334,check payable at sight,見票即付支票,见票即付支票,https://terms.naer.edu.tw/
1335,check payable to bearer,不記名支票,无记名支票,https://terms.naer.edu.tw/
1336,check payable to order,記名支票,记名支票,https://terms.naer.edu.tw/
1337,check sheet,檢核表；檢查表,检查表,https://terms.naer.edu.tw/
1338,checker,檢驗者,,https://terms.naer.edu.tw/
1339,checking account,支票存款帳戶,支票账户,https://terms.naer.edu.tw/
1340,checklist,檢核表,,https://terms.naer.edu.tw/
1341,Chicago Board of Options Exchange {=CBOE},芝加哥選擇權交易所,芝加哥期权交易所,https://terms.naer.edu.tw/
1342,Chicago Board of Trade {=CBOT},芝加哥交易所,芝加哥交易所,https://terms.naer.edu.tw/
1343,Chicago Mercantile Exchange,芝加哥商業交易所,芝加哥商业交易所,https://terms.naer.edu.tw/
1344,chief auditor's responsibility system,總稽核負責制,总稽核负责制,https://terms.naer.edu.tw/
1345,chief ethics officer,倫理長,伦理长,https://terms.naer.edu.tw/
1346,chief ethics officer,倫理長,,https://terms.naer.edu.tw/
1347,chief executive officer {=CEO},執行長,,https://terms.naer.edu.tw/
1348,"chief financial officer, CFO",財務長,,https://terms.naer.edu.tw/
1349,chief information officer {=CIO},資訊長；信息長,,https://terms.naer.edu.tw/
1350,chief innovation officer {=CIO},創新長,首席创新官,https://terms.naer.edu.tw/
1351,Chief knowledge officer {=CKO},知識長,首席知识官,https://terms.naer.edu.tw/
1352,chief operating officer {=COO},營運長,,https://terms.naer.edu.tw/
1353,Chief source of information,主要資訊來源,主要信息源,https://terms.naer.edu.tw/
1354,chief technology officer {=CTO},技術長,首席技术官,https://terms.naer.edu.tw/
1355,Chinese academy of sciences,中國科學院,中国科学院,https://terms.naer.edu.tw/
1356,Chinese academy of social sciences,中國社會科學院,中国社会科学院,https://terms.naer.edu.tw/
1357,Chinese national engineering center,國家工程技術研究中心,工程技术研究中心,https://terms.naer.edu.tw/
1358,Chinese Personality Assessment Inventory (CPAI),中國人個性測量表,中国人个性测量表,https://terms.naer.edu.tw/
1359,chooser option,決擇型選擇權,择式期权,https://terms.naer.edu.tw/
1360,circuit breakers,自動暫緩交易機制,熔断机制,https://terms.naer.edu.tw/
1361,circular letter of credit,循環信用狀,循环信用证,https://terms.naer.edu.tw/
1362,circulating capital,流動資金,流动资本,https://terms.naer.edu.tw/
1363,circulating liability,流動債務,流动负债,https://terms.naer.edu.tw/
1364,CIRO training evaluation model,CIRO訓練評估模式；CIRO訓練評估模型,CIRO培训评估方法,https://terms.naer.edu.tw/
1365,Citation,引用,引文,https://terms.naer.edu.tw/
1366,Citation analysis,引用分析,引文分析,https://terms.naer.edu.tw/
1367,Citibank,[美]花旗銀行,[美]花旗银行,https://terms.naer.edu.tw/
1368,Citicorp,[美]花旗集團,[美]花旗公司,https://terms.naer.edu.tw/
1369,Civil Rights Act,公民權利法案,公民权利法案,https://terms.naer.edu.tw/
1370,claim agent,索賠代理人,索赔代理人,https://terms.naer.edu.tw/
1371,claim clause,索賠條款,索赔条款,https://terms.naer.edu.tw/
1372,claim dilution,債權稀釋,,https://terms.naer.edu.tw/
1373,claim for general average,共同海損索賠,共同海损索赔,https://terms.naer.edu.tw/
1374,claims settling agent,理賠代理人,理赔代理人,https://terms.naer.edu.tw/
1375,clan control,派系控制；文化控制,,https://terms.naer.edu.tw/
1376,Class,類別,类,https://terms.naer.edu.tw/
1377,Class diagram,類別圖,类图,https://terms.naer.edu.tw/
1378,classical approach,古典途徑,,https://terms.naer.edu.tw/
1379,classical conditioning,古典制約,经典条件反射,https://terms.naer.edu.tw/
1380,classical conditioning,古典制約,,https://terms.naer.edu.tw/
1381,classical decision-making model,古典決策模式；古典決策模型,,https://terms.naer.edu.tw/
1382,classical measurement model,古典測量模式；古典測量模型,经典测量模型,https://terms.naer.edu.tw/
1383,classification mothed,分類法,分类法,https://terms.naer.edu.tw/
1384,Classification organization method,分類組織法,分类组织法,https://terms.naer.edu.tw/
1385,classified stock,分類股票,,https://terms.naer.edu.tw/
1386,classifier,分類器,分类器,https://terms.naer.edu.tw/
1387,classroom training,課堂訓練,课堂训练,https://terms.naer.edu.tw/
1388,claused bill,附條款票據,附条款票据,https://terms.naer.edu.tw/
1389,claused bill of lading,附條款提單,附条款提货单,https://terms.naer.edu.tw/
1390,claused letter of credit,附條款信用狀,附条款信用证,https://terms.naer.edu.tw/
1391,clean acceptance,單純承兌,不带保留条件的承兑,https://terms.naer.edu.tw/
1392,clean bill,光票,银行光票,https://terms.naer.edu.tw/
1393,clean bill and documentary bill,光票和跟單匯票,光票和跟单汇票,https://terms.naer.edu.tw/
1394,clean bill of exchange,光票；普通匯票,光票,https://terms.naer.edu.tw/
1395,clean bill of lading,無瑕疵提單,清洁提单,https://terms.naer.edu.tw/
1396,clean letter of credit,光票信用狀,光票信用证,https://terms.naer.edu.tw/
1397,clean receipt,無瑕疵收據,清洁收据,https://terms.naer.edu.tw/
1398,cleaner production,潔淨生產,清洁生产,https://terms.naer.edu.tw/
1399,clearance certificate,結關單,结关单,https://terms.naer.edu.tw/
1400,clearance fee,結關手續費,结关手续费,https://terms.naer.edu.tw/
1401,clearing account,結算帳戶,清算账户,https://terms.naer.edu.tw/
1402,clearing agent,報關行,报关结算代理商,https://terms.naer.edu.tw/
1403,clearing agreement,清算協定,清算协定,https://terms.naer.edu.tw/
1404,clearing bank,清算銀行,清算银行,https://terms.naer.edu.tw/
1405,clearing fee,結算費用,,https://terms.naer.edu.tw/
1406,clearing house,結算所,,https://terms.naer.edu.tw/
1407,clearing house in future market,期貨市場結算所,期货市场清算所,https://terms.naer.edu.tw/
1408,clearing price,清算價格,清算价格,https://terms.naer.edu.tw/
1409,clearing system,清算制度,清算制度,https://terms.naer.edu.tw/
1410,click-and-mortar company,實體與網路兼營公司,网络与实体混合公司,https://terms.naer.edu.tw/
1411,click-only company,網路公司,,https://terms.naer.edu.tw/
1412,Clicks-and-mortar,虛實整合,多渠道商店,https://terms.naer.edu.tw/
1413,client,客戶,客户,https://terms.naer.edu.tw/
1414,Client / server architecture,主從架構,,https://terms.naer.edu.tw/
1415,clientele effect,顧客效果,客户追随者效应,https://terms.naer.edu.tw/
1416,clienteles,顧客,,https://terms.naer.edu.tw/
1417,cloner,複製者,,https://terms.naer.edu.tw/
1418,Close systems,封閉式系統,封闭式系统,https://terms.naer.edu.tw/
1419,close-end fund puzzle,封閉型基金之謎,封闭式基金之谜,https://terms.naer.edu.tw/
1420,close-mindedness,封閉心態,,https://terms.naer.edu.tw/
1421,closed indent,限制委託購買,限定订货单,https://terms.naer.edu.tw/
1422,closed investment company,封閉型投資公司,不公开招股投资公司,https://terms.naer.edu.tw/
1423,closed mortgage,限額抵押,封闭式抵押；限额抵押,https://terms.naer.edu.tw/
1424,closed policy,封閉型保險單,闭口保险单,https://terms.naer.edu.tw/
1425,closed position,平倉；結清部位,平仓,https://terms.naer.edu.tw/
1426,closed system,封閉系統；封閉制度,封闭系统；封闭制度,https://terms.naer.edu.tw/
1427,closed-end fund,封閉基金,限额基金,https://terms.naer.edu.tw/
1428,closed-end mutual fund,封閉型共同基金,封闭式共同基金,https://terms.naer.edu.tw/
1429,closed-end question,封閉性問題,,https://terms.naer.edu.tw/
1430,closed-loop MRP system,封閉式物料需求規劃系統,闭环物料需求计划系统,https://terms.naer.edu.tw/
1431,closely held corporation,私人持有公司,,https://terms.naer.edu.tw/
1432,closing out a position,平倉,平仓,https://terms.naer.edu.tw/
1433,closing price,收盤價,收盘价,https://terms.naer.edu.tw/
1434,closing rate,收盤匯率,收盘汇率,https://terms.naer.edu.tw/
1435,cloud computing,雲端運算,,https://terms.naer.edu.tw/
1436,clover organization,三葉草組織,,https://terms.naer.edu.tw/
1437,cluster analysis,集群分析,,https://terms.naer.edu.tw/
1438,cluster chain,聚落鏈,,https://terms.naer.edu.tw/
1439,cluster innovation,群聚創新,集群创新,https://terms.naer.edu.tw/
1440,cluster innovation system,群聚創新系統,集群创新系统,https://terms.naer.edu.tw/
1441,cluster sampling,集群抽樣,,https://terms.naer.edu.tw/
1442,clustered preferences,集群型偏好,,https://terms.naer.edu.tw/
1443,Clustering,叢集,,https://terms.naer.edu.tw/
1444,clutter,干擾,,https://terms.naer.edu.tw/
1445,co-acceptor,共同承兌人,共同承兑人,https://terms.naer.edu.tw/
1446,co-assurer,共同承保人,共同承保人,https://terms.naer.edu.tw/
1447,co-branding,共品牌,联合品牌,https://terms.naer.edu.tw/
1448,co-determination,共同決策制,共同决策制,https://terms.naer.edu.tw/
1449,co-guarantor,共同擔保人,共同担保人,https://terms.naer.edu.tw/
1450,co-insurance,共同保險,共同保险,https://terms.naer.edu.tw/
1451,co-insurer,共同承保商,共同承保商,https://terms.naer.edu.tw/
1452,co-optation,延攬,,https://terms.naer.edu.tw/
1453,co-option,延攬,,https://terms.naer.edu.tw/
1454,coach,教練,教练,https://terms.naer.edu.tw/
1455,coach,教練,,https://terms.naer.edu.tw/
1456,coaching,教導,教练计划,https://terms.naer.edu.tw/
1457,coalition,結盟,结盟,https://terms.naer.edu.tw/
1458,Coase theorem,Coase定理,科斯定理,https://terms.naer.edu.tw/
1459,COD bill,貨到付款帳單,货到付款账单,https://terms.naer.edu.tw/
1460,COD certificate,貨到付款證明,货到付款证,https://terms.naer.edu.tw/
1461,COD commission,貨到付款手續費,货到付款手续费,https://terms.naer.edu.tw/
1462,COD price,貨到付款價格,货到付款价格,https://terms.naer.edu.tw/
1463,COD sale,貨到付款銷售,货到付款销售,https://terms.naer.edu.tw/
1464,Code,代碼,代码,https://terms.naer.edu.tw/
1465,code of conduct,行為準則,,https://terms.naer.edu.tw/
1466,code of ethics,倫理守則；倫理準則,伦理守则,https://terms.naer.edu.tw/
1467,code symbol standard,符號代碼標準,符号代号标准,https://terms.naer.edu.tw/
1468,Codification strategy,編碼策略,编码化策略,https://terms.naer.edu.tw/
1469,coding,編碼,编码,https://terms.naer.edu.tw/
1470,Coding design,代碼設計,代码设计,https://terms.naer.edu.tw/
1471,coefficient of stability,穩定性係數,稳定性系数,https://terms.naer.edu.tw/
1472,coefficient of variation,變異係數,,https://terms.naer.edu.tw/
1473,coercive power,強制力,,https://terms.naer.edu.tw/
1474,cognition,認知,,https://terms.naer.edu.tw/
1475,cognitive ability,認知能力,认知能力,https://terms.naer.edu.tw/
1476,cognitive ability test,認知能力測驗,认知能力测验,https://terms.naer.edu.tw/
1477,cognitive bias,認知偏誤,认知偏差,https://terms.naer.edu.tw/
1478,cognitive component,認知要素；認知成分,认知要素；认知成分,https://terms.naer.edu.tw/
1479,cognitive component of an attitude,態度的認知成分,,https://terms.naer.edu.tw/
1480,cognitive dissonance,認知失調,,https://terms.naer.edu.tw/
1481,cognitive dissonance theory {=CDT},認知失調理論,认知失调理论,https://terms.naer.edu.tw/
1482,cognitive evaluation theory,認知評價理論,认知评价理论,https://terms.naer.edu.tw/
1483,cognitive evaluation theory,認知評價理論,,https://terms.naer.edu.tw/
1484,Cognitive Fit Theory (CFT),認知適配理論,认知适配理论,https://terms.naer.edu.tw/
1485,cognitive learning,認知學習,认知学习,https://terms.naer.edu.tw/
1486,cognitive load,認知負荷,认知负荷,https://terms.naer.edu.tw/
1487,Cognitive process model,認知過程模型,认知过程模型,https://terms.naer.edu.tw/
1488,cognitive processes,認知過程,,https://terms.naer.edu.tw/
1489,cognitive resource theory,認知資源理論,,https://terms.naer.edu.tw/
1490,cognitive shortcut,認知捷徑,认知捷径,https://terms.naer.edu.tw/
1491,cognitive space,認知空間,,https://terms.naer.edu.tw/
1492,cognitive system,認知系統；認知制度,认知系统；认知制度,https://terms.naer.edu.tw/
1493,cognitive test,認知測驗,认知测验,https://terms.naer.edu.tw/
1494,cognitive-affective personality system,認知-情感個性系統；認知-情感性格系統；認知-情感個性制度；認知-情感性格制度,认知-情感个性系统,https://terms.naer.edu.tw/
1495,cohesiveness,凝聚力,凝聚力,https://terms.naer.edu.tw/
1496,cohesiveness,凝聚力,,https://terms.naer.edu.tw/
1497,coinsurance,共同保險,共同保险,https://terms.naer.edu.tw/
1498,collaborating,統合,,https://terms.naer.edu.tw/
1499,collaboration,協同合作,,https://terms.naer.edu.tw/
1500,Collaboration diagram,協作圖,协作图,https://terms.naer.edu.tw/
1501,collaborative arrangements,合作協定,,https://terms.naer.edu.tw/
1502,Collaborative commerce (CC),協同商務,合作商务,https://terms.naer.edu.tw/
1503,Collaborative filtering,協同過濾,,https://terms.naer.edu.tw/
1504,collaborative innovation,協同創新,,https://terms.naer.edu.tw/
1505,"collaborative planning, forecasting, and replenishment (CPFR)",協同規劃、預測和補貨,协作计划、预测和补货方法,https://terms.naer.edu.tw/
1506,Collaborative recommendation,協同推薦,协同推荐,https://terms.naer.edu.tw/
1507,collar option,上下限選擇權,领子期权,https://terms.naer.edu.tw/
1508,collars,利率上下限債券,封顶保底期权,https://terms.naer.edu.tw/
1509,collateral,抵押品,抵押品,https://terms.naer.edu.tw/
1510,collateral agreement,抵押協議,抵押协议,https://terms.naer.edu.tw/
1511,collateralized mortgage obligation,有擔保抵押債權,有担保抵押债务,https://terms.naer.edu.tw/
1512,collateralized security,抵押證券,抵押证券,https://terms.naer.edu.tw/
1513,collection agency,託收代理行,托收代理行,https://terms.naer.edu.tw/
1514,collection bank,託收銀行,托收银行,https://terms.naer.edu.tw/
1515,collection bill,託收票據,托收票据,https://terms.naer.edu.tw/
1516,collection policy,收現政策,,https://terms.naer.edu.tw/
1517,collective bargaining,集體談判,集体谈判,https://terms.naer.edu.tw/
1518,collective bargaining,集體談判,,https://terms.naer.edu.tw/
1519,collective contract,團體協約,集体合同,https://terms.naer.edu.tw/
1520,collective efficacy,集體效能,群体效能感,https://terms.naer.edu.tw/
1521,collective investment scheme、 investment fund,投資基金,投资基金,https://terms.naer.edu.tw/
1522,Collective knowledge,集體知識,群体知识,https://terms.naer.edu.tw/
1523,collective responsibility,集體責任,集体责任,https://terms.naer.edu.tw/
1524,collectivism,集體主義,集体主义,https://terms.naer.edu.tw/
1525,collectivism,集體主義,,https://terms.naer.edu.tw/
1526,collusion,合謀,合谋,https://terms.naer.edu.tw/
1527,combination,合併,合并,https://terms.naer.edu.tw/
1528,combination strategy,組合策略,,https://terms.naer.edu.tw/
1529,combined audit,合併稽核,结合审核,https://terms.naer.edu.tw/
1530,combined balance sheet,合併資產負債表,合并资产负债表,https://terms.naer.edu.tw/
1531,combined certificate of value and origin,貨物價值和原產地綜合證書,货物价值和原产地综合证书,https://terms.naer.edu.tw/
1532,combined motions,合併動作,组合动作,https://terms.naer.edu.tw/
1533,combined work,合併工作,联合工作,https://terms.naer.edu.tw/
1534,comfort,舒適性,舒适性,https://terms.naer.edu.tw/
1535,command,命令；指揮,,https://terms.naer.edu.tw/
1536,command chain,指揮鏈,,https://terms.naer.edu.tw/
1537,command economies,管制經濟,,https://terms.naer.edu.tw/
1538,command group,指揮群體,,https://terms.naer.edu.tw/
1539,Commentary,評論,评论,https://terms.naer.edu.tw/
1540,commercial acceptance bill,商業承兌匯票,商业承兑汇票,https://terms.naer.edu.tw/
1541,commercial arbitration,商務仲裁,商事仲裁,https://terms.naer.edu.tw/
1542,commercial bank,商業銀行,商业银行,https://terms.naer.edu.tw/
1543,commercial banking,商業銀行業務,商业银行业务,https://terms.naer.edu.tw/
1544,commercial bill,商業票據,商业票据,https://terms.naer.edu.tw/
1545,commercial bill of exchange,商業匯票,商业汇票,https://terms.naer.edu.tw/
1546,commercial documentary letter of credit,跟單信用狀,商业跟单信用证,https://terms.naer.edu.tw/
1547,commercial finance company,商業金融公司,,https://terms.naer.edu.tw/
1548,commercial law,商法,商法,https://terms.naer.edu.tw/
1549,commercial letter of credit,商業信用證,商业信用证,https://terms.naer.edu.tw/
1550,commercial loan,商業貸款,商业贷款,https://terms.naer.edu.tw/
1551,"commercial mortgage-backed securities, CMBS",商業不動產擔保證券,商业按揭支持证券,https://terms.naer.edu.tw/
1552,commercial paper,商業本票,商业票据,https://terms.naer.edu.tw/
1553,commercial paper market,商業本票市場,商业票据市场,https://terms.naer.edu.tw/
1554,commercial paper rate,商業本票利率,商业票据利率,https://terms.naer.edu.tw/
1555,Commercial rating website,商業評級網站,商业评级网站,https://terms.naer.edu.tw/
1556,commercialization,商業化；商化,商品化,https://terms.naer.edu.tw/
1557,commission,佣金,销售佣金,https://terms.naer.edu.tw/
1558,Commission on International Commodity Trade,國際商品貿易委員會,国际商品交易委员会,https://terms.naer.edu.tw/
1559,commission plan,傭金計畫；傭金辦法,佣金计划；佣金办法,https://terms.naer.edu.tw/
1560,Commissioned development,委託開發,委托开发,https://terms.naer.edu.tw/
1561,commitment,承諾；認同,,https://terms.naer.edu.tw/
1562,Commitment to the Past,歷史包袱,历史包袱,https://terms.naer.edu.tw/
1563,committee,委員會,,https://terms.naer.edu.tw/
1564,committee buying,委員會購買,,https://terms.naer.edu.tw/
1565,Committee for European Economic Cooperation,歐洲經濟合作委員會,欧洲经济合作委员会,https://terms.naer.edu.tw/
1566,Committee on Reform of the International Monetary System,國際貨幣制度改革委員會,国际货币制度改革委员会,https://terms.naer.edu.tw/
1567,commodity,一般化商品,大宗商品,https://terms.naer.edu.tw/
1568,commodity arbitrage,商品套利,商品套利,https://terms.naer.edu.tw/
1569,commodity classification for foreign trade statistics,國際貿易商品分類統計,进出口商品分类统计表,https://terms.naer.edu.tw/
1570,commodity exchange,商品交易所,商品交易[所],https://terms.naer.edu.tw/
1571,commodity exchange,商品交易所,,https://terms.naer.edu.tw/
1572,Commodity Exchange Act,商品交易法案,,https://terms.naer.edu.tw/
1573,Commodity Exchange of New York,紐約商品交易所,纽约商品交易所,https://terms.naer.edu.tw/
1574,commodity futures,商品期貨,商品期货,https://terms.naer.edu.tw/
1575,commodity futures,商品期貨,商品期货,https://terms.naer.edu.tw/
1576,commodity futures exchange,商品期貨交易所,商品期货交易所,https://terms.naer.edu.tw/
1577,commodity futures market,商品期貨市場,商品期货市场,https://terms.naer.edu.tw/
1578,Commodity Futures Trading Commision,商品期貨交易委員會,,https://terms.naer.edu.tw/
1579,commodity money,商品貨幣,商品货币,https://terms.naer.edu.tw/
1580,commodity option,商品選擇權,,https://terms.naer.edu.tw/
1581,commodity pool operator,期貨基金經理人,,https://terms.naer.edu.tw/
1582,commodity terms of trade,商品貿易條件,商品贸易条件,https://terms.naer.edu.tw/
1583,commodity theory of money,貨幣的商品理論,商品货币理论,https://terms.naer.edu.tw/
1584,commodity trading advisor,期貨投資顧問,,https://terms.naer.edu.tw/
1585,common cause,正常原因,正常原因,https://terms.naer.edu.tw/
1586,common causes of variation {chance causes},機遇性變異,,https://terms.naer.edu.tw/
1587,common customs tariff,共同關稅,共同关税,https://terms.naer.edu.tw/
1588,common equity,普通股權益,,https://terms.naer.edu.tw/
1589,common external tariff,共同關稅,共同对外关税,https://terms.naer.edu.tw/
1590,common life approach,相同年限分析法,,https://terms.naer.edu.tw/
1591,common market,共同市場,共同市场,https://terms.naer.edu.tw/
1592,common market,共同市場,,https://terms.naer.edu.tw/
1593,common method variance,共同方法變異,共同方法变异偏差,https://terms.naer.edu.tw/
1594,common stock,普通股,,https://terms.naer.edu.tw/
1595,common variation,正常變異,正常波动,https://terms.naer.edu.tw/
1596,commonalities,共通性,,https://terms.naer.edu.tw/
1597,communicability of innovation,創新的可溝通性,创新可沟通性,https://terms.naer.edu.tw/
1598,communication,溝通；傳播,,https://terms.naer.edu.tw/
1599,communication apprehension,溝通焦慮,沟通恐惧,https://terms.naer.edu.tw/
1600,communication channel,溝通管道；溝通渠道,,https://terms.naer.edu.tw/
1601,communication effect,溝通效果,,https://terms.naer.edu.tw/
1602,communication network,溝通網絡,,https://terms.naer.edu.tw/
1603,communication process,溝通過程；溝通歷程,沟通过程,https://terms.naer.edu.tw/
1604,Communication protocols,通訊協定,,https://terms.naer.edu.tw/
1605,communication receiver,溝通接受者,,https://terms.naer.edu.tw/
1606,communication source,溝通來源,,https://terms.naer.edu.tw/
1607,Communications networks,通訊網路,,https://terms.naer.edu.tw/
1608,communism,共產主義,,https://terms.naer.edu.tw/
1609,Community of practice (CoP),實踐社群,实践社群,https://terms.naer.edu.tw/
1610,compa-ratio,薪資均衡指標,薪资均衡指标,https://terms.naer.edu.tw/
1611,company environment,企業環境,,https://terms.naer.edu.tw/
1612,company limited by share,股份有限公司,股份有限公司,https://terms.naer.edu.tw/
1613,company-wide quality control (CWQC),全公司品質管制,,https://terms.naer.edu.tw/
1614,comparable standard,可比較標準,可比较标准,https://terms.naer.edu.tw/
1615,comparable worth,可比較價值,,https://terms.naer.edu.tw/
1616,comparative advantage,比較利益,,https://terms.naer.edu.tw/
1617,comparative advantage theory,比較優勢理論；比較利益理論,,https://terms.naer.edu.tw/
1618,comparative advertising,比較性廣告,比较型广告,https://terms.naer.edu.tw/
1619,comparative appraisal method,比較評估法,比较评估法,https://terms.naer.edu.tw/
1620,comparative approach,相對比較法,相对比较法,https://terms.naer.edu.tw/
1621,comparative management,比較管理學；比較管理,,https://terms.naer.edu.tw/
1622,comparative management theory,比較管理理論,,https://terms.naer.edu.tw/
1623,comparison advertising,比較性廣告,,https://terms.naer.edu.tw/
1624,comparison error,比較誤差,对比误差,https://terms.naer.edu.tw/
1625,comparison group,比較組,对比组,https://terms.naer.edu.tw/
1626,Comparison shopping agent,購物代理人,购物代理,https://terms.naer.edu.tw/
1627,compatibility,相容性,,https://terms.naer.edu.tw/
1628,compatibility of innovation,創新相容性,创新兼容性,https://terms.naer.edu.tw/
1629,compensable factors,報酬因素；可酬因素,付酬因素,https://terms.naer.edu.tw/
1630,compensating differentials,差別薪酬,薪资差别,https://terms.naer.edu.tw/
1631,compensation,薪酬,薪酬,https://terms.naer.edu.tw/
1632,compensation,薪酬,,https://terms.naer.edu.tw/
1633,compensation administration,薪酬管理,,https://terms.naer.edu.tw/
1634,compensation balance,補償性餘額,,https://terms.naer.edu.tw/
1635,compensation committee,薪酬委員會,,https://terms.naer.edu.tw/
1636,compensation duty,補償關稅,补偿关税,https://terms.naer.edu.tw/
1637,compensation import,補償性進口,补偿性进口,https://terms.naer.edu.tw/
1638,compensation level,薪酬水準,薪酬水平,https://terms.naer.edu.tw/
1639,compensation management,薪酬管理,薪酬管理,https://terms.naer.edu.tw/
1640,compensatory strategy,補償策略,补偿策略,https://terms.naer.edu.tw/
1641,competence,能力；能耐,,https://terms.naer.edu.tw/
1642,competencies,能耐,,https://terms.naer.edu.tw/
1643,competency,職能,胜任力,https://terms.naer.edu.tw/
1644,competency-based compensation,能力基礎的薪酬制度,,https://terms.naer.edu.tw/
1645,competency-based HRM,能力基礎的人力資源管理,基于能力的人力资源管理,https://terms.naer.edu.tw/
1646,competency-based pay,職能基礎薪資,能力工资,https://terms.naer.edu.tw/
1647,competency-based pay system,職能基礎薪資制度；職能基礎薪資系統,能力工资制度,https://terms.naer.edu.tw/
1648,competency-based training,職能基礎訓練,基于胜任力的训练,https://terms.naer.edu.tw/
1649,competition,競爭,,https://terms.naer.edu.tw/
1650,competition convergence,競爭同質化,,https://terms.naer.edu.tw/
1651,competition-based pricing,競爭基礎訂價,,https://terms.naer.edu.tw/
1652,competitive advantage,競爭優勢,竞争优势,https://terms.naer.edu.tw/
1653,competitive analysis,競爭分析,,https://terms.naer.edu.tw/
1654,competitive bid,競標,公开招标；竞标,https://terms.naer.edu.tw/
1655,competitive bidding underwriting,競價承銷,竞价承销,https://terms.naer.edu.tw/
1656,competitive capabilities,競爭能力,,https://terms.naer.edu.tw/
1657,competitive depreciation,[貨幣的]競爭性貶值,[货币的]竞争性贬值,https://terms.naer.edu.tw/
1658,competitive disadvantage,競爭劣勢,,https://terms.naer.edu.tw/
1659,competitive dynamics,動態競爭,,https://terms.naer.edu.tw/
1660,Competitive environment,競爭環境,竞争环境,https://terms.naer.edu.tw/
1661,competitive intelligence,競爭情報,,https://terms.naer.edu.tw/
1662,Competitive Interdependence,競爭相依,竞争相依,https://terms.naer.edu.tw/
1663,competitive parity,競爭對抗,,https://terms.naer.edu.tw/
1664,competitive parity budgeting,競爭對等預算,,https://terms.naer.edu.tw/
1665,competitive parity method,競爭對等法,竞争对等法,https://terms.naer.edu.tw/
1666,competitive position,競爭定位,,https://terms.naer.edu.tw/
1667,competitive positioning,競爭定位,竞争定位,https://terms.naer.edu.tw/
1668,competitive pressures,競爭壓力,,https://terms.naer.edu.tw/
1669,competitive pricing,競爭性定價,,https://terms.naer.edu.tw/
1670,competitive profile matrix,競爭態勢矩陣,,https://terms.naer.edu.tw/
1671,competitive strategy,競爭策略,,https://terms.naer.edu.tw/
1672,competitive strength,競爭強勢,,https://terms.naer.edu.tw/
1673,competitive superiority,競爭優越性,,https://terms.naer.edu.tw/
1674,competitive tariff,競爭性關稅,竞争性关税,https://terms.naer.edu.tw/
1675,competitive tender,公開投標,公开投标,https://terms.naer.edu.tw/
1676,competitive weakness,競爭弱勢,,https://terms.naer.edu.tw/
1677,competitive weapons,競爭武器,,https://terms.naer.edu.tw/
1678,competitiveness,競爭性；競爭力,,https://terms.naer.edu.tw/
1679,competitor,競爭者,,https://terms.naer.edu.tw/
1680,competitor analysis,競爭者分析,,https://terms.naer.edu.tw/
1681,Compile,編譯,,https://terms.naer.edu.tw/
1682,Compiler,編譯器,,https://terms.naer.edu.tw/
1683,complementary assets,互補性資產,,https://terms.naer.edu.tw/
1684,complementary assets,互補性資產,互补性资产,https://terms.naer.edu.tw/
1685,complementary products,互補產品,,https://terms.naer.edu.tw/
1686,complementary resources and capabilities,互補性資源與能力,,https://terms.naer.edu.tw/
1687,complementary services,輔助性服務,补充服务,https://terms.naer.edu.tw/
1688,complementary strategic alliance,互補性策略聯盟,互补型战略联盟,https://terms.naer.edu.tw/
1689,complementary strategic alliance,互補性策略聯盟,,https://terms.naer.edu.tw/
1690,complementor,互補者,,https://terms.naer.edu.tw/
1691,complementors competence,互補者能耐,,https://terms.naer.edu.tw/
1692,complete contract,完全性契約,完全性契约,https://terms.naer.edu.tw/
1693,complete market,完全市場,,https://terms.naer.edu.tw/
1694,complete portfolio,完全投資組合,完全资产组合,https://terms.naer.edu.tw/
1695,completely diversified portfolio,完全分散風險的投資組合,完全分散化资产组合,https://terms.naer.edu.tw/
1696,completeness fund,完整基金,完整基金,https://terms.naer.edu.tw/
1697,completion inspection,完工檢驗,完工检验,https://terms.naer.edu.tw/
1698,complex adaptive system,複雜調適系統,复杂适应系统,https://terms.naer.edu.tw/
1699,complex buying behavior,複雜型購買決策,复杂型购买行为,https://terms.naer.edu.tw/
1700,complex man hypothesis,複雜人假設,,https://terms.naer.edu.tw/
1701,complex product systems {=CoPS},複雜產品系統,复杂产品系统,https://terms.naer.edu.tw/
1702,complex products,複雜產品,复杂产品,https://terms.naer.edu.tw/
1703,complex products innovation,複雜產品創新,复杂产品创新,https://terms.naer.edu.tw/
1704,Complex system,複雜系統,复杂系统,https://terms.naer.edu.tw/
1705,complex tariff,複合關稅；複式稅則,复合税率,https://terms.naer.edu.tw/
1706,complex technology,複雜技術,复杂技术,https://terms.naer.edu.tw/
1707,compliance-based audit,法令遵循稽核,合规性稽核,https://terms.naer.edu.tw/
1708,compliance-based ethics code,服從基礎倫理信條；服從基礎之倫理準則,,https://terms.naer.edu.tw/
1709,component,元件,元件,https://terms.naer.edu.tw/
1710,Component diagram,組件圖,组件图,https://terms.naer.edu.tw/
1711,composite economic indicator,綜合經濟指標,综合经济指标,https://terms.naer.edu.tw/
1712,Composition,組合,组合,https://terms.naer.edu.tw/
1713,compound arbitrage,多角套利,多角套汇；复合套汇,https://terms.naer.edu.tw/
1714,compound central bank system,複合中央銀行制度,复合中央银行制度,https://terms.naer.edu.tw/
1715,compound discount,複利折現,复利贴现,https://terms.naer.edu.tw/
1716,compound duty,複合關稅,复合关税,https://terms.naer.edu.tw/
1717,compound interest,複利,,https://terms.naer.edu.tw/
1718,compound option,複合選擇權,复合期权,https://terms.naer.edu.tw/
1719,compound option,複合選擇權,复式期权,https://terms.naer.edu.tw/
1720,compound rate,複利率,复利率,https://terms.naer.edu.tw/
1721,compound tariff,複合關稅,复合关税税率,https://terms.naer.edu.tw/
1722,compound yield,複利收益率,复合收益率,https://terms.naer.edu.tw/
1723,compounding,複利計算,,https://terms.naer.edu.tw/
1724,comprehensive most-favoured nation clause,全面最惠國條款,全面最惠国条款,https://terms.naer.edu.tw/
1725,compressed workweek,壓縮工作週,,https://terms.naer.edu.tw/
1726,compulsory certification,強制性認證,强制性认证,https://terms.naer.edu.tw/
1727,compulsory retirement,強迫退休,强迫退休,https://terms.naer.edu.tw/
1728,computational finance,計算金融學,计算金融学,https://terms.naer.edu.tw/
1729,computer aided design {=CAD}　　　,電腦輔助設計,,https://terms.naer.edu.tw/
1730,computer aided engineering (CAE)　,電腦輔助工程,,https://terms.naer.edu.tw/
1731,computer aided manufacturing {=CAM}　,電腦輔助製造,,https://terms.naer.edu.tw/
1732,computer aided process planning {=CAPP}　,電腦輔助製程規劃,,https://terms.naer.edu.tw/
1733,computer assisted interviewing {=CAI},電腦輔助訪問,,https://terms.naer.edu.tw/
1734,computer integrated business (CIB)　,電腦整合企業,,https://terms.naer.edu.tw/
1735,computer integrated enterprise (CIE)　,電腦整合企業,,https://terms.naer.edu.tw/
1736,computer integrated manufacturing (CIM)　,電腦整合製造,计算机集成制造,https://terms.naer.edu.tw/
1737,computer integrated manufacturing system {=CIMS},電腦整合製造系統,计算机集成制造系统,https://terms.naer.edu.tw/
1738,computer numerical control (CNC),電腦數值控制,,https://terms.naer.edu.tw/
1739,Computer Self-Efficacy,電腦自我效能,计算机自我效能,https://terms.naer.edu.tw/
1740,Computer simulation,電腦模擬,计算机仿真,https://terms.naer.edu.tw/
1741,Computer supported cooperative work (CSCW),電腦輔助協力工作,,https://terms.naer.edu.tw/
1742,computer-aided manufacturing{=CAM},電腦輔助製造,,https://terms.naer.edu.tw/
1743,Computer-aided software engineering (CASE),電腦輔助軟體工程,计算机辅助软件工程,https://terms.naer.edu.tw/
1744,computer-aided training,電腦輔助訓練,计算机辅助培训,https://terms.naer.edu.tw/
1745,Computer-assisted instruction (CAI),電腦輔助教學,,https://terms.naer.edu.tw/
1746,Computer-assisted system,電腦輔助軟體工程,计算机輔助設計系統,https://terms.naer.edu.tw/
1747,computer-assisted telephone interview {=CATI},電腦輔助的電話訪問,,https://terms.naer.edu.tw/
1748,Computer-based information systems (CBIS),電腦化資訊系統,,https://terms.naer.edu.tw/
1749,computer-based management information system,電腦基礎的管理資訊系統；電腦基礎的管理信息系統；電腦基礎的管理資訊制度；電腦基礎的信息制度,,https://terms.naer.edu.tw/
1750,computer-based training,電腦輔助訓練,,https://terms.naer.edu.tw/
1751,Computerized cata1oging,電腦編目,计算机编目,https://terms.naer.edu.tw/
1752,Computerized cataloging system,電腦編目系統,计算机编目系统,https://terms.naer.edu.tw/
1753,computerized relative allocation of facilities technique (CRAFT),電腦輔助設施配置技術,计算机辅助设施布置技术,https://terms.naer.edu.tw/
1754,concentrated marketing,集中行銷,集中化营销,https://terms.naer.edu.tw/
1755,concentration,集中,,https://terms.naer.edu.tw/
1756,concentration of beam-mode informal communication,集束式非正式溝通,,https://terms.naer.edu.tw/
1757,Concentrator,集線器,,https://terms.naer.edu.tw/
1758,concentric diversification,集中式多角化,,https://terms.naer.edu.tw/
1759,concentric zone theory,同心圈理論,,https://terms.naer.edu.tw/
1760,concentricity strategy,集中策略,,https://terms.naer.edu.tw/
1761,concept,觀念,,https://terms.naer.edu.tw/
1762,concept design,觀念設計,,https://terms.naer.edu.tw/
1763,Concept maps,概念圖,概念图,https://terms.naer.edu.tw/
1764,concept testing,觀念測試,概念测试,https://terms.naer.edu.tw/
1765,concept testing,觀念測試,,https://terms.naer.edu.tw/
1766,Conceptual data models,概念資料模式,,https://terms.naer.edu.tw/
1767,Conceptual Framework,概念性架構,概念性架构,https://terms.naer.edu.tw/
1768,Conceptual Models,概念模型,概念模型,https://terms.naer.edu.tw/
1769,conceptual skill,觀念性能力,,https://terms.naer.edu.tw/
1770,Conceptual system,概念系統,概念系统,https://terms.naer.edu.tw/
1771,concern for people,關心員工,,https://terms.naer.edu.tw/
1772,concern for production,關心生產,,https://terms.naer.edu.tw/
1773,concession,讓步,让步,https://terms.naer.edu.tw/
1774,concession of tariff,關稅減讓,关税减让,https://terms.naer.edu.tw/
1775,conciliator,斡旋者,斡旋者,https://terms.naer.edu.tw/
1776,concrete experience (CE),具體經驗,具体经验,https://terms.naer.edu.tw/
1777,Concrete System,實體系統,实体系统,https://terms.naer.edu.tw/
1778,concurrent control,同步控制,,https://terms.naer.edu.tw/
1779,concurrent engineering,同步工程,并行工程；同步工程,https://terms.naer.edu.tw/
1780,concurrent product design,同步式產品設計,并行式产品设计方法,https://terms.naer.edu.tw/
1781,concurrent validity,同時效度,同时效度,https://terms.naer.edu.tw/
1782,condition-based maintenance,設備狀態基準維修,基于状态维护,https://terms.naer.edu.tw/
1783,conditional bill of lading,附條件提單,有条件提单,https://terms.naer.edu.tw/
1784,conditional bond,附條件債券,附条件债券,https://terms.naer.edu.tw/
1785,conditional drawing right,附條件提款權,有条件提款权,https://terms.naer.edu.tw/
1786,conditional endorsement,附條件背書,有条件背书,https://terms.naer.edu.tw/
1787,conditional most-favored-nation treatment,附條件最惠國待遇,附条件最惠国待遇,https://terms.naer.edu.tw/
1788,conditional offer,附條件報價,附条件发盘,https://terms.naer.edu.tw/
1789,conditional payoffs,條件報償,,https://terms.naer.edu.tw/
1790,conditional sale,附條件銷售,附条件销售,https://terms.naer.edu.tw/
1791,conditional value-at-risk {=conditional VaR},條件風險值,条件在险价值,https://terms.naer.edu.tw/
1792,confabulatory transmission,閒談傳輸,,https://terms.naer.edu.tw/
1793,conference method,協商法,,https://terms.naer.edu.tw/
1794,configural equivalence,結構等同性；構形等同性,结构等同性,https://terms.naer.edu.tw/
1795,configuration,佈局,,https://terms.naer.edu.tw/
1796,configuration audit,組態稽核,技术状态审核；配置审核,https://terms.naer.edu.tw/
1797,confirmation bias,確認性偏差,确认性偏差,https://terms.naer.edu.tw/
1798,confirmation of order,訂單確認書,订单确认书,https://terms.naer.edu.tw/
1799,confirmatory bank,保兌銀行,,https://terms.naer.edu.tw/
1800,Confirmatory Trap,支持陷阱,支持陷阱,https://terms.naer.edu.tw/
1801,confirmed [negotiation] L/C,保兌[讓購]信用狀,确认议付信用证,https://terms.naer.edu.tw/
1802,confirmed credit,保兌信用狀,保兑信用证,https://terms.naer.edu.tw/
1803,confirmed irrevocable credit,不可撤銷保兌信用狀,不可撤销保兑信用证,https://terms.naer.edu.tw/
1804,confirming bank,保兌銀行,保兑银行,https://terms.naer.edu.tw/
1805,confirming house,保兌銀行,保付商行,https://terms.naer.edu.tw/
1806,confirming order,確認書,保付书,https://terms.naer.edu.tw/
1807,conflict,衝突,冲突,https://terms.naer.edu.tw/
1808,conflict,衝突,,https://terms.naer.edu.tw/
1809,conflict management,衝突管理,冲突管理,https://terms.naer.edu.tw/
1810,conflict management,衝突管理,,https://terms.naer.edu.tw/
1811,conflict management style,衝突管理風格,冲突管理风格,https://terms.naer.edu.tw/
1812,conflict process,衝突過程,冲突过程,https://terms.naer.edu.tw/
1813,Conflicting Demands,需求衝突,需求冲突,https://terms.naer.edu.tw/
1814,conformance,一致性；符合性,符合性,https://terms.naer.edu.tw/
1815,conformance quality,適度品質,一致性质量,https://terms.naer.edu.tw/
1816,conformity,合格,合格,https://terms.naer.edu.tw/
1817,conformity certification,合格認證,合格认证,https://terms.naer.edu.tw/
1818,conformity surveillance,符合性監督,合格监督,https://terms.naer.edu.tw/
1819,congeneric merger,同源式合併,,https://terms.naer.edu.tw/
1820,conglomerate,複合企業,,https://terms.naer.edu.tw/
1821,conglomerate diversification strategy,綜合多角化策略,,https://terms.naer.edu.tw/
1822,conglomerate merger,複合式合併,,https://terms.naer.edu.tw/
1823,conjoint analysis,聯合分析,,https://terms.naer.edu.tw/
1824,connect & develop,連結再開發,联发；联系与开发,https://terms.naer.edu.tw/
1825,conscientiousness,勤勉審慎性；勤勉責任感,责任心,https://terms.naer.edu.tw/
1826,conscientiousness of organization,組織的良心,,https://terms.naer.edu.tw/
1827,consensus building,建立共識,建立共识,https://terms.naer.edu.tw/
1828,Consequent,後果,后果,https://terms.naer.edu.tw/
1829,conservatism bias,保守性偏誤,保守性偏差,https://terms.naer.edu.tw/
1830,consideration,體恤；酬勞,,https://terms.naer.edu.tw/
1831,consigned stock,寄售存貨,寄售库存,https://terms.naer.edu.tw/
1832,consignment,寄售,,https://terms.naer.edu.tw/
1833,consignment business,寄售業務,寄售业,https://terms.naer.edu.tw/
1834,consignment inventory,寄售存貨,寄售库存,https://terms.naer.edu.tw/
1835,consignment invoice,寄售發票,托售发票,https://terms.naer.edu.tw/
1836,consistency,一致性,一致性,https://terms.naer.edu.tw/
1837,consol,永久公債,,https://terms.naer.edu.tw/
1838,consolidated balance sheet,合併資產負債表,合并资产负债表,https://terms.naer.edu.tw/
1839,Consolidated Bond,統一公債,统一公债,https://terms.naer.edu.tw/
1840,Consolidated Stock,統一公債,统一公债,https://terms.naer.edu.tw/
1841,consolidated supervision,合併監管,并表监管,https://terms.naer.edu.tw/
1842,consolidation strategy,整併策略,,https://terms.naer.edu.tw/
1843,consortium bank,銀行團,国际财团银行,https://terms.naer.edu.tw/
1844,conspicuous consumption,炫耀性消費,,https://terms.naer.edu.tw/
1845,constant growth model,固定成長模式,,https://terms.naer.edu.tw/
1846,Constellation schema,星座模型,星座模型,https://terms.naer.edu.tw/
1847,constraint,限制,约束,https://terms.naer.edu.tw/
1848,construct,構念,,https://terms.naer.edu.tw/
1849,construct validity,建構效度；構念效度,构思效度,https://terms.naer.edu.tw/
1850,constructive conflict,建設性衝突,建设性冲突,https://terms.naer.edu.tw/
1851,constructive total loss,推定全損,推定全损,https://terms.naer.edu.tw/
1852,Consult,諮詢,咨询,https://terms.naer.edu.tw/
1853,consultant,諮詢顧問,咨询顾问,https://terms.naer.edu.tw/
1854,consultative management,諮商管理,,https://terms.naer.edu.tw/
1855,consultative selling,顧問式銷售,,https://terms.naer.edu.tw/
1856,consumer credit,消費者貸款,消费信贷,https://terms.naer.edu.tw/
1857,consumer credit control,消費者信用管制,消费者信用控制,https://terms.naer.edu.tw/
1858,consumer goods,消費品,,https://terms.naer.edu.tw/
1859,consumer involvement,消費者涉入,消费者卷入；消费者涉入；消费者参与,https://terms.naer.edu.tw/
1860,consumer loan,消費貸款；消費者貸款,消费贷款,https://terms.naer.edu.tw/
1861,consumer market,消費者市場,,https://terms.naer.edu.tw/
1862,consumer movement,消費者運動,,https://terms.naer.edu.tw/
1863,consumer panel,消費者固定樣本,,https://terms.naer.edu.tw/
1864,consumer price index {=CPI},消費者物價指數,消费价格指数,https://terms.naer.edu.tw/
1865,consumer price index{=CPI},消費者物價指數,,https://terms.naer.edu.tw/
1866,consumer product,消費品,消费品,https://terms.naer.edu.tw/
1867,consumer promotion,消費者推廣,消费者促销,https://terms.naer.edu.tw/
1868,consumer protection,消費者保護,,https://terms.naer.edu.tw/
1869,consumer relation management (CRM),客戶關係管理,,https://terms.naer.edu.tw/
1870,consumer research,消费者研究,消费者研究,https://terms.naer.edu.tw/
1871,consumer sales promotion,消費者促銷活動,,https://terms.naer.edu.tw/
1872,consumer satisfaction,消費者滿意,,https://terms.naer.edu.tw/
1873,consumer surplus,消費者剩餘,消费者剩余,https://terms.naer.edu.tw/
1874,consumer survey,消費者調查,,https://terms.naer.edu.tw/
1875,consumer testing,消費者測試　,,https://terms.naer.edu.tw/
1876,Consumer to business (C2B),顧客對企業,个人对企业,https://terms.naer.edu.tw/
1877,Consumer to consumer (C2C),顧客對顧客電子商務,顾客对顾客电子商务,https://terms.naer.edu.tw/
1878,consumer-adoption process,消費者採用過程,,https://terms.naer.edu.tw/
1879,consumer-to-business {=C2B} online marketing,消費者對企業線上行銷,顾客对企业在线营销,https://terms.naer.edu.tw/
1880,consumer-to-consumer {=C2C} online marketing,消費者對顧客線上行銷,顾客对顾客在线营销,https://terms.naer.edu.tw/
1881,consumer's risk,消費者風險,消费者风险,https://terms.naer.edu.tw/
1882,consumerism,消費者主義,消费者保护主义,https://terms.naer.edu.tw/
1883,consumerism,消費者主義,,https://terms.naer.edu.tw/
1884,consumption system,消費系統,,https://terms.naer.edu.tw/
1885,consumption-based CAPM,消費資本資產定價模型,消费资本资产定价模型,https://terms.naer.edu.tw/
1886,containerization,貨櫃化,,https://terms.naer.edu.tw/
1887,contamination,污染,污染,https://terms.naer.edu.tw/
1888,contango,正向市場,正向市场,https://terms.naer.edu.tw/
1889,contango rate,期貨溢價率,升水率,https://terms.naer.edu.tw/
1890,content aggregator,內容整合者,,https://terms.naer.edu.tw/
1891,content analysis,內容分析,,https://terms.naer.edu.tw/
1892,content analysis,內容分析,内容分析,https://terms.naer.edu.tw/
1893,content model,內容模式,,https://terms.naer.edu.tw/
1894,content of evaluation,評估內容,评价内容,https://terms.naer.edu.tw/
1895,content provider,內容提供者,,https://terms.naer.edu.tw/
1896,content theory,內容理論,内容理论,https://terms.naer.edu.tw/
1897,content theory,內容理論,,https://terms.naer.edu.tw/
1898,content validity,內容效度,内容效度,https://terms.naer.edu.tw/
1899,Content-based retrieval,內容檢索,内容检索,https://terms.naer.edu.tw/
1900,contents of transaction,交易內涵,,https://terms.naer.edu.tw/
1901,context,脈絡、情境,,https://terms.naer.edu.tw/
1902,context dependent effect,情境依賴效應,情境依存效应,https://terms.naer.edu.tw/
1903,context-embedded research,情境嵌入研究,情境嵌入研究,https://terms.naer.edu.tw/
1904,contextual behavior,情境行為；脈絡行為,情境行为,https://terms.naer.edu.tw/
1905,contextual performance,情境績效；脈絡績效,周边绩效,https://terms.naer.edu.tw/
1906,contigent immunization,或有免疫,或有免疫,https://terms.naer.edu.tw/
1907,contigent securities,或有證券,或有证券,https://terms.naer.edu.tw/
1908,continental depositary receipt,歐陸定存單,欧洲大陆收据存单,https://terms.naer.edu.tw/
1909,contingency,情境；權變,,https://terms.naer.edu.tw/
1910,contingency approach,權變取向；權變方法；權變途徑,权变理论,https://terms.naer.edu.tw/
1911,contingency forecasting,情境預測；權變預測,,https://terms.naer.edu.tw/
1912,contingency management,情境管理；權變管理,,https://terms.naer.edu.tw/
1913,contingency model,情境模式；權變模式,,https://terms.naer.edu.tw/
1914,contingency perspective,情境觀點；權變觀點,,https://terms.naer.edu.tw/
1915,contingency plan,應變計畫,应急计划,https://terms.naer.edu.tw/
1916,contingency planning,情境式規劃；權變式規劃,,https://terms.naer.edu.tw/
1917,contingency school,權變學派,权变学派,https://terms.naer.edu.tw/
1918,contingency theory,權變理論,,https://terms.naer.edu.tw/
1919,contingency theory school,權變理論學派,,https://terms.naer.edu.tw/
1920,contingency variables,權變變數,,https://terms.naer.edu.tw/
1921,contingent employment arrangement,臨時僱用安排,临时雇佣安排,https://terms.naer.edu.tw/
1922,contingent option,條件選擇權,或有期权,https://terms.naer.edu.tw/
1923,contingent valuation method,權變評價法,权变估值法,https://terms.naer.edu.tw/
1924,contingent work,臨時性工作,临时性工作,https://terms.naer.edu.tw/
1925,contingent work force,臨時性勞動力,临时用工,https://terms.naer.edu.tw/
1926,contingent worker,臨時工,临时工,https://terms.naer.edu.tw/
1927,contingent worker,臨時工,,https://terms.naer.edu.tw/
1928,contingent workforce,暫時性勞動力,,https://terms.naer.edu.tw/
1929,continual improvement,持續改善,持续改进,https://terms.naer.edu.tw/
1930,continuance commitment,持續性承諾,持续性承诺,https://terms.naer.edu.tw/
1931,continuous compounding,連續複利,连续复利,https://terms.naer.edu.tw/
1932,continuous double auction,連續雙向競價,连续竞价,https://terms.naer.edu.tw/
1933,continuous improvement,持續改善,持续改进,https://terms.naer.edu.tw/
1934,continuous improvement,持續改善,,https://terms.naer.edu.tw/
1935,continuous manufacturing　,連續性製造,,https://terms.naer.edu.tw/
1936,continuous process,連續製程,,https://terms.naer.edu.tw/
1937,continuous production,連續式生產；連續型生產；連續性生產,连续型生产；流程式生产,https://terms.naer.edu.tw/
1938,continuous rate of leakage,連續耗損率,,https://terms.naer.edu.tw/
1939,continuous reinforcement,連續性增強；連續性強化,连续性强化,https://terms.naer.edu.tw/
1940,continuous replenishment,連續補貨,连续补货,https://terms.naer.edu.tw/
1941,Continuous system,連續系統,连续系统,https://terms.naer.edu.tw/
1942,continuous timing,連績測時法,连续测时法,https://terms.naer.edu.tw/
1943,continuous trading,連續性競價交易,,https://terms.naer.edu.tw/
1944,continuous-process production,連續程序生產,,https://terms.naer.edu.tw/
1945,continuous-review system　,永續盤存系統,,https://terms.naer.edu.tw/
1946,contraband goods,違禁品,,https://terms.naer.edu.tw/
1947,contract bond,履約保證金,履约保证金,https://terms.naer.edu.tw/
1948,contract manufacturing,契約製造,,https://terms.naer.edu.tw/
1949,contract pegging,合約跟蹤,,https://terms.naer.edu.tw/
1950,contract size,契約數量,,https://terms.naer.edu.tw/
1951,contract-based alliance,契約式聯盟,,https://terms.naer.edu.tw/
1952,Contracting Costs,簽約成本,签约成本,https://terms.naer.edu.tw/
1953,contraction defense,收縮防禦,,https://terms.naer.edu.tw/
1954,contractual distribution system,契約配銷系統；契約配銷制度,,https://terms.naer.edu.tw/
1955,contractual sales-force,契約式銷售團隊,,https://terms.naer.edu.tw/
1956,contractual savings institution,契約儲蓄機構,合约储蓄机构,https://terms.naer.edu.tw/
1957,contractual vertical marketing system,契約式垂直行銷系統,,https://terms.naer.edu.tw/
1958,contrast effects,對比效果；對比效應,对比效应,https://terms.naer.edu.tw/
1959,contrast error,對比誤差,对比误差,https://terms.naer.edu.tw/
1960,contributory plan,提撥式計畫,供款计划,https://terms.naer.edu.tw/
1961,control,控制,,https://terms.naer.edu.tw/
1962,control chart,管制圖,控制图,https://terms.naer.edu.tw/
1963,control chart by attributes,計數值管制圖,计数值控制图,https://terms.naer.edu.tw/
1964,control chart by variables,計量值管制圖,计量值控制图,https://terms.naer.edu.tw/
1965,control chart factor,管制圖因子；管制圖因素,控制图因子,https://terms.naer.edu.tw/
1966,control criteria,控制性準則,,https://terms.naer.edu.tw/
1967,control group,控制組,控制组,https://terms.naer.edu.tw/
1968,control of export quantum,出口數量管制,出口数量管制,https://terms.naer.edu.tw/
1969,control of foreign exchange,外匯管制,外汇管制,https://terms.naer.edu.tw/
1970,control of strategic premises,策略前提的控制,,https://terms.naer.edu.tw/
1971,control process,控制程序,,https://terms.naer.edu.tw/
1972,control strategy,控制策略,控制战略,https://terms.naer.edu.tw/
1973,control system,控制系統,控制系统,https://terms.naer.edu.tw/
1974,control variate technique,控制變數技術,控制变量技术,https://terms.naer.edu.tw/
1975,Controllable system,可控系統,可控系统,https://terms.naer.edu.tw/
1976,controlled factor,可控因子,可控因素,https://terms.naer.edu.tw/
1977,controller,主計長；財務長,,https://terms.naer.edu.tw/
1978,controlling company,控股公司,控股公司,https://terms.naer.edu.tw/
1979,controversial behavior,爭議行為,,https://terms.naer.edu.tw/
1980,convenience,便利性,,https://terms.naer.edu.tw/
1981,convenience goods,便利品,,https://terms.naer.edu.tw/
1982,convenience goods and services,便利品和服務,,https://terms.naer.edu.tw/
1983,convenience product,便利品,便利品,https://terms.naer.edu.tw/
1984,convenience sampling,便利抽樣,,https://terms.naer.edu.tw/
1985,convenience store,便利商店,便利店,https://terms.naer.edu.tw/
1986,conventional corporation,傳統公司,,https://terms.naer.edu.tw/
1987,conventional distribution channel,傳統式配銷通路,传统分销渠道,https://terms.naer.edu.tw/
1988,conventional duty,協定關稅,协定关税,https://terms.naer.edu.tw/
1989,conventional tariff system,協定稅則制,协定税则制,https://terms.naer.edu.tw/
1990,conventional type,傳統型{Holland六種人格類型之一},传统型{Holland六种人格类型之一},https://terms.naer.edu.tw/
1991,convergent thinking,收斂性思維；收斂性思考,,https://terms.naer.edu.tw/
1992,convergent validity,收斂效度,聚合效度,https://terms.naer.edu.tw/
1993,conversion at parity {=conversion at par},平價兌換,兑换平价,https://terms.naer.edu.tw/
1994,conversion factor,轉換因子,转换因子,https://terms.naer.edu.tw/
1995,conversion premium,轉換溢價,转换溢价,https://terms.naer.edu.tw/
1996,conversion price,轉換價格,转换价格,https://terms.naer.edu.tw/
1997,conversion price,轉換價格,兑换价格,https://terms.naer.edu.tw/
1998,conversion ratio,轉換比率,转换率,https://terms.naer.edu.tw/
1999,conversion value,轉換價值,转换价值,https://terms.naer.edu.tw/
2000,convert,轉換,转换,https://terms.naer.edu.tw/
2001,convertibility theory,可轉換理論,可转换性理论,https://terms.naer.edu.tw/
2002,convertible bond,可轉換債券；可轉換公司債,可转换债券,https://terms.naer.edu.tw/
2003,convertible currency,可兌換貨幣,可自由兑换通货,https://terms.naer.edu.tw/
2004,convertible preferred stock,可轉換特別股,,https://terms.naer.edu.tw/
2005,convertible security,可轉換證券,,https://terms.naer.edu.tw/
2006,convexity,凸性,凸性,https://terms.naer.edu.tw/
2007,cooperation,合作,,https://terms.naer.edu.tw/
2008,cooperative,合作社,,https://terms.naer.edu.tw/
2009,Cooperative cataloguing,合作編目,合作编目,https://terms.naer.edu.tw/
2010,Cooperative development,合作開發,合作开发,https://terms.naer.edu.tw/
2011,cooperative innovation,合作創新,合作创新,https://terms.naer.edu.tw/
2012,"cooperative innovation among industry, colleges and R&D institutes",產學研合作創新,产学研合作创新,https://terms.naer.edu.tw/
2013,Cooperative Library Services,合作式圖書館服務,合作式图书馆服务,https://terms.naer.edu.tw/
2014,cooperative pricing,聯合定價,,https://terms.naer.edu.tw/
2015,cooperative strategy,合作策略,,https://terms.naer.edu.tw/
2016,cooperative system,合作系統；合作制度,,https://terms.naer.edu.tw/
2017,coopetition,競合,,https://terms.naer.edu.tw/
2018,coordinated control,協調性控制,,https://terms.naer.edu.tw/
2019,coordinated effect,協同效應,协同效应,https://terms.naer.edu.tw/
2020,Coordinating Committee for Export Controls {=COCOM},出口管制協調委員會,出口管制统筹委员会,https://terms.naer.edu.tw/
2021,Coordinating Committee for Export Controls {=COCOM},出口管制統籌委員會,出口管制统筹委员会,https://terms.naer.edu.tw/
2022,coordination,協調,,https://terms.naer.edu.tw/
2023,coordination cost,協調成本,,https://terms.naer.edu.tw/
2024,coordination mechanism,協調機制,,https://terms.naer.edu.tw/
2025,coordination process,協調程序,,https://terms.naer.edu.tw/
2026,coordinator,協調者,,https://terms.naer.edu.tw/
2027,coping strategy,因應策略,应对策略,https://terms.naer.edu.tw/
2028,copy strategy,文案策略,,https://terms.naer.edu.tw/
2029,copy testing,文案測試,,https://terms.naer.edu.tw/
2030,Core,核心,核心,https://terms.naer.edu.tw/
2031,core benefit,核心利益,核心产品；核心利益,https://terms.naer.edu.tw/
2032,core business,核心事業,,https://terms.naer.edu.tw/
2033,core competence,核心能力；核心能耐,,https://terms.naer.edu.tw/
2034,core competencies,核心能耐,核心竞争力；核心能力,https://terms.naer.edu.tw/
2035,core competency,核心能力；核心專長,,https://terms.naer.edu.tw/
2036,core dimension,核心維度；核心層面,,https://terms.naer.edu.tw/
2037,core employee,核心員工,核心员工,https://terms.naer.edu.tw/
2038,core employee,核心員工,,https://terms.naer.edu.tw/
2039,core knowledge,核心知識,核心知识,https://terms.naer.edu.tw/
2040,core plus option plans,核心加選項計畫,核心加选择计划,https://terms.naer.edu.tw/
2041,core product,核心產品,,https://terms.naer.edu.tw/
2042,core resource,核心資源,核心资源,https://terms.naer.edu.tw/
2043,core technology,核心技術,核心技术,https://terms.naer.edu.tw/
2044,core time,核心時間,,https://terms.naer.edu.tw/
2045,core time,核心時間,,https://terms.naer.edu.tw/
2046,core value,核心價值,核心价值观,https://terms.naer.edu.tw/
2047,corporate advertising,企業廣告,公司广告,https://terms.naer.edu.tw/
2048,corporate bond,公司債,公司债券,https://terms.naer.edu.tw/
2049,corporate bond,公司債,公司债券,https://terms.naer.edu.tw/
2050,corporate citizen,企業公民,,https://terms.naer.edu.tw/
2051,corporate culture,企業文化,,https://terms.naer.edu.tw/
2052,corporate culture,企業文化,,https://terms.naer.edu.tw/
2053,corporate distribution system,公司配銷系統；公司配銷制度；公司分配系統；公司分配制度,,https://terms.naer.edu.tw/
2054,corporate entrepreneurship,公司創業；公司創業精神,,https://terms.naer.edu.tw/
2055,corporate financing,企業融資,企业融资,https://terms.naer.edu.tw/
2056,corporate governance,公司治理；公司統理,,https://terms.naer.edu.tw/
2057,corporate innovation system,公司創新系統,企业创新体系,https://terms.naer.edu.tw/
2058,corporate philanthropy,公司慈善；企業慈善,,https://terms.naer.edu.tw/
2059,corporate policy,公司政策；企業政策,,https://terms.naer.edu.tw/
2060,corporate raider,企業掠奪者,,https://terms.naer.edu.tw/
2061,corporate raiders,企業掠奪者,,https://terms.naer.edu.tw/
2062,corporate responsibility,企業責任,,https://terms.naer.edu.tw/
2063,corporate retailing,公司型零售,,https://terms.naer.edu.tw/
2064,corporate social responsibility {=CSR},企業社會責任,,https://terms.naer.edu.tw/
2065,corporate strategy,總體策略,公司层战略；总体战略,https://terms.naer.edu.tw/
2066,corporate venture capital,企業創投,公司风险投资,https://terms.naer.edu.tw/
2067,corporate vertical marketing system {=corporate VMS},公司式垂直行銷通路系統,公司式垂直营销系统,https://terms.naer.edu.tw/
2068,corporate-level strategy,總體策略,,https://terms.naer.edu.tw/
2069,corporation,公司,,https://terms.naer.edu.tw/
2070,correct,矯正,纠正,https://terms.naer.edu.tw/
2071,corrective {progressive discipline},矯正,矫正,https://terms.naer.edu.tw/
2072,corrective action,矯正行動,纠正行动,https://terms.naer.edu.tw/
2073,corrective maintenance,修復性維修,修复性维修,https://terms.naer.edu.tw/
2074,correlation,相關性,,https://terms.naer.edu.tw/
2075,correlation coeffeicient,相關係數,,https://terms.naer.edu.tw/
2076,correspondent bank,通匯銀行,代理银行,https://terms.naer.edu.tw/
2077,correspondent bank,通匯銀行,,https://terms.naer.edu.tw/
2078,cost advantage,成本優勢,,https://terms.naer.edu.tw/
2079,cost center,成本中心,,https://terms.naer.edu.tw/
2080,cost drivers,成本驅動因子,,https://terms.naer.edu.tw/
2081,cost function,成本函數,,https://terms.naer.edu.tw/
2082,cost leadership strategy,成本領導策略,,https://terms.naer.edu.tw/
2083,cost of capital,資金成本,,https://terms.naer.edu.tw/
2084,cost of debt,債務成本,债务成本,https://terms.naer.edu.tw/
2085,cost of equity,權益成本,权益成本,https://terms.naer.edu.tw/
2086,cost of new stock,新股成本,,https://terms.naer.edu.tw/
2087,cost of quality,品質成本,质量成本,https://terms.naer.edu.tw/
2088,cost structure,成本結構,,https://terms.naer.edu.tw/
2089,cost-based pricing,成本基礎式訂價,成本导向定价,https://terms.naer.edu.tw/
2090,cost-benefit analysis,成本效益分析,,https://terms.naer.edu.tw/
2091,cost-minimization strategy,成本極小化策略,低成本战略,https://terms.naer.edu.tw/
2092,cost-of-living adjustment,生活費用調整,生活费用调整,https://terms.naer.edu.tw/
2093,cost-per-rating point {=CPR or CPRP},每評點成本,,https://terms.naer.edu.tw/
2094,cost-per-thousand {=CPM},每千人成本,,https://terms.naer.edu.tw/
2095,cost-plus contract,成本加成合約,成本加成合同,https://terms.naer.edu.tw/
2096,cost-plus price,成本附加價格,,https://terms.naer.edu.tw/
2097,cost-plus-fixed-fee contract,成本加固定報酬合約,成本加固定费用合同,https://terms.naer.edu.tw/
2098,cost-plus-incentive-fee contract,成本加獎勵金合約,成本加提成合同,https://terms.naer.edu.tw/
2099,cost-ratio plan,成本比例法,成本率方案,https://terms.naer.edu.tw/
2100,cost-related outcomes,成本相關產出,成本相关产出法,https://terms.naer.edu.tw/
2101,cost-volume-profit analysis　,成本-產量-利潤分析,,https://terms.naer.edu.tw/
2102,"cost, insurance ＆ freight {=C.I.F}",到岸價格,到岸价格,https://terms.naer.edu.tw/
2103,"cost, insurance, freight net",成本、保費加運費淨價,到岸价格净价,https://terms.naer.edu.tw/
2104,costs of accountability,責任成本,,https://terms.naer.edu.tw/
2105,costs of compromise,妥協成本,,https://terms.naer.edu.tw/
2106,Council for Mutual Economic Aid {=CMEA},經濟互助理事會,经济互助委员会,https://terms.naer.edu.tw/
2107,Council for Mutual Economic Aid {=CMEA},經濟互助委員會,经济互助委员会,https://terms.naer.edu.tw/
2108,counseling,諮商,咨询服务,https://terms.naer.edu.tw/
2109,count chart,缺陷數管制圖,缺陷数控制图,https://terms.naer.edu.tw/
2110,count point,記數點,记数点,https://terms.naer.edu.tw/
2111,counter letter of credit,對開信用狀,对开信用证,https://terms.naer.edu.tw/
2112,counter offer,還價,还盘,https://terms.naer.edu.tw/
2113,counter trade,相對貿易,对销贸易,https://terms.naer.edu.tw/
2114,counter-productive behavior,反生產行為,反生产行为,https://terms.naer.edu.tw/
2115,counteradvertising,反制廣告,反击广告；对应广告,https://terms.naer.edu.tw/
2116,counterfeiter,仿冒者,,https://terms.naer.edu.tw/
2117,counteroffensive defense,反擊防禦,,https://terms.naer.edu.tw/
2118,counterpart fund,相對基金,对等基金,https://terms.naer.edu.tw/
2119,countersegmentation,反區隔化,,https://terms.naer.edu.tw/
2120,countertrade,互抵貿易,,https://terms.naer.edu.tw/
2121,countertrading,對等貿易,,https://terms.naer.edu.tw/
2122,countervailing credit,轉開信用狀,对销信用证,https://terms.naer.edu.tw/
2123,countervailing duties,平衡稅,,https://terms.naer.edu.tw/
2124,countervailing duty,平衡稅,反补贴税；抵销关税,https://terms.naer.edu.tw/
2125,countervailing subsidy,平衡補貼,反倾销补贴,https://terms.naer.edu.tw/
2126,counting inspection,計數檢驗,计数检验,https://terms.naer.edu.tw/
2127,country of origin,來源國,,https://terms.naer.edu.tw/
2128,country of origin effect,原產國效應,,https://terms.naer.edu.tw/
2129,country of origin mark,原產國標誌,原产国标志,https://terms.naer.edu.tw/
2130,country quota,國家配額,国别配额,https://terms.naer.edu.tw/
2131,country risk,國家風險,,https://terms.naer.edu.tw/
2132,coupon,息票；折價券,息票,https://terms.naer.edu.tw/
2133,coupon bond,付息債券,付息债券,https://terms.naer.edu.tw/
2134,coupon competition,折扣券競爭,,https://terms.naer.edu.tw/
2135,coupon payable,應付息票,应付[债券]息票,https://terms.naer.edu.tw/
2136,coupon rate,票面利率,,https://terms.naer.edu.tw/
2137,coupon striping,本息分離,本息剥离,https://terms.naer.edu.tw/
2138,covered call,掩護性買權,有担值的看涨期权,https://terms.naer.edu.tw/
2139,covered call,掩護性買權,,https://terms.naer.edu.tw/
2140,covered interest arbitrage,無風險套利,套利交易,https://terms.naer.edu.tw/
2141,Cox-Ingersoll-Ross model、 CIR model,CIR模型,CIR模型,https://terms.naer.edu.tw/
2142,craft production,手工生產,手工生产,https://terms.naer.edu.tw/
2143,cranking motion,旋擺運動,旋摆运动,https://terms.naer.edu.tw/
2144,crawling peg,爬行釘住匯率,蠕动钉住汇率,https://terms.naer.edu.tw/
2145,cream skimming,挑精策略,,https://terms.naer.edu.tw/
2146,create,創造,创造,https://terms.naer.edu.tw/
2147,creative abrasion,創造性摩擦；創意摩擦,,https://terms.naer.edu.tw/
2148,creative city,創意城市,,https://terms.naer.edu.tw/
2149,creative class,創意新貴；創意階級,,https://terms.naer.edu.tw/
2150,creative destruction,創造性破壞,创造性毁灭,https://terms.naer.edu.tw/
2151,creative industry,創意產業；文化創意產業,创意产业,https://terms.naer.edu.tw/
2152,creative leadership,創意領導,,https://terms.naer.edu.tw/
2153,creative problem-solving,創意問題思解法；創意問題解決,,https://terms.naer.edu.tw/
2154,creative process,創意過程,创意过程,https://terms.naer.edu.tw/
2155,creative quarter,創意園區；文化創意園區,,https://terms.naer.edu.tw/
2156,creative strategy,創意策略,,https://terms.naer.edu.tw/
2157,creative talents,創意人才,创造型人才,https://terms.naer.edu.tw/
2158,creative tension,創意張力,创造性张力,https://terms.naer.edu.tw/
2159,creative thinking,創意思維；創造力思考,,https://terms.naer.edu.tw/
2160,creativity,創意；創造力,创造力,https://terms.naer.edu.tw/
2161,creatology,創意學,创造学,https://terms.naer.edu.tw/
2162,credence qualities,信任品質,,https://terms.naer.edu.tw/
2163,credit,信用,信用,https://terms.naer.edu.tw/
2164,credit allocation,信用分配,信用分配,https://terms.naer.edu.tw/
2165,credit bank,信貸銀行,信贷银行,https://terms.naer.edu.tw/
2166,credit bill,收帳匯票,信用汇票,https://terms.naer.edu.tw/
2167,Credit card,信用卡,信用卡,https://terms.naer.edu.tw/
2168,Credit certification website,信用認證網站,信用认证网站,https://terms.naer.edu.tw/
2169,credit creation,信用創造,信用创造,https://terms.naer.edu.tw/
2170,"credit default swap, CDS",信用違約交換,信用违约互换,https://terms.naer.edu.tw/
2171,credit derivatives,信用衍生性商品,信用衍生工具,https://terms.naer.edu.tw/
2172,credit enhancement,信用增強,信用增级,https://terms.naer.edu.tw/
2173,credit expansion,信用擴張,信用扩张,https://terms.naer.edu.tw/
2174,credit insurance,信用保險,信用保险,https://terms.naer.edu.tw/
2175,credit loan,信用貸款,信用贷款,https://terms.naer.edu.tw/
2176,credit period,信用期間,,https://terms.naer.edu.tw/
2177,credit policy,授信政策,,https://terms.naer.edu.tw/
2178,credit rating,信用評等,信用评级,https://terms.naer.edu.tw/
2179,credit rating agency,信用評比機構,信用评级机构,https://terms.naer.edu.tw/
2180,credit rationing,信用分配,信贷配给,https://terms.naer.edu.tw/
2181,credit risk,信用風險,信用风险,https://terms.naer.edu.tw/
2182,credit risk,信用風險,信用风险,https://terms.naer.edu.tw/
2183,credit score,信用評分,,https://terms.naer.edu.tw/
2184,credit spread,信用利差,信用价差,https://terms.naer.edu.tw/
2185,credit squeeze,銀根緊繃,信贷紧缩,https://terms.naer.edu.tw/
2186,credit standard,信用標準,,https://terms.naer.edu.tw/
2187,Credit system,信用體制,信用体制,https://terms.naer.edu.tw/
2188,credit terms,信用條件,,https://terms.naer.edu.tw/
2189,credit union,信用合作社,信用合作社,https://terms.naer.edu.tw/
2190,credit-generating innovation,信用增加式創新,信用-引致型创新,https://terms.naer.edu.tw/
2191,credo,信條,信条,https://terms.naer.edu.tw/
2192,crisis management,危機管理,,https://terms.naer.edu.tw/
2193,criterion predictors,效標預測因數,效标预测因子,https://terms.naer.edu.tw/
2194,criterion-related validity,效標關聯效度,效标关联效度,https://terms.naer.edu.tw/
2195,critical defect,致命缺陷；致命缺點,致命缺陷,https://terms.naer.edu.tw/
2196,critical factor,關鍵因子,,https://terms.naer.edu.tw/
2197,critical failure,嚴重故障,关键故障,https://terms.naer.edu.tw/
2198,critical incident technique,關鍵事例法,关键事件法,https://terms.naer.edu.tw/
2199,Critical Mass,臨界量,临界量,https://terms.naer.edu.tw/
2200,critical path lead time,要徑前置時間,关键路径提前期,https://terms.naer.edu.tw/
2201,critical path method{=CPM},要徑法,,https://terms.naer.edu.tw/
2202,critical path scheduling,要徑排程,,https://terms.naer.edu.tw/
2203,critical ratio,關鍵比率；臨界比,关键比,https://terms.naer.edu.tw/
2204,Critical success factors (CSFs),關鍵成功因素,,https://terms.naer.edu.tw/
2205,critical successful factor,關鍵成功因素,,https://terms.naer.edu.tw/
2206,critical-incident appraisal,關鍵事件評核,关键事件评价,https://terms.naer.edu.tw/
2207,critical-ratio scheduling　,關鍵比排程；臨界比排程,,https://terms.naer.edu.tw/
2208,critical-to-quality (CTQ),關鍵品質特性,质量关键点,https://terms.naer.edu.tw/
2209,critical-to-quality tree,品質關鍵樹,质量关键树,https://terms.naer.edu.tw/
2210,Cronbach's alpha; Cronbach alpha,Cronbach's alpha係數,,https://terms.naer.edu.tw/
2211,cross discipline,跨領域；跨學科,,https://terms.naer.edu.tw/
2212,cross docking,直接轉運,直接转运,https://terms.naer.edu.tw/
2213,cross hedging,交叉避險,交叉套期保值,https://terms.naer.edu.tw/
2214,cross hedging,交叉避險,交叉套期保值,https://terms.naer.edu.tw/
2215,Cross Language Information Retrieval,跨語言資訊檢索,跨语言信息检索,https://terms.naer.edu.tw/
2216,cross offer,交叉報價,交叉发盘,https://terms.naer.edu.tw/
2217,cross price elasticity of demand,交叉價格彈性,,https://terms.naer.edu.tw/
2218,cross rate,交叉匯率,,https://terms.naer.edu.tw/
2219,cross rate of exchange,交叉匯率,交叉汇率,https://terms.naer.edu.tw/
2220,cross selling,交叉銷售,,https://terms.naer.edu.tw/
2221,cross trade,多角貿易,套购套售交易,https://terms.naer.edu.tw/
2222,cross-border merger,跨境併購,跨国并购,https://terms.naer.edu.tw/
2223,cross-border strategic alliance,跨國策略聯盟,,https://terms.naer.edu.tw/
2224,cross-border transfer of competencies,跨境能耐移轉,,https://terms.naer.edu.tw/
2225,cross-border transfer of expertise,跨境專業能力移轉,跨境转移的专门知识,https://terms.naer.edu.tw/
2226,cross-cultural awareness,跨文化覺知；跨文化覺察,跨文化意识,https://terms.naer.edu.tw/
2227,cross-cultural communication,跨文化溝通,跨文化沟通,https://terms.naer.edu.tw/
2228,cross-cultural conflict,跨文化衝突,跨文化冲突,https://terms.naer.edu.tw/
2229,cross-cultural difference,跨文化差異,跨文化差异,https://terms.naer.edu.tw/
2230,cross-cultural management,跨文化管理,跨文化管理,https://terms.naer.edu.tw/
2231,cross-cultural research,跨文化研究,,https://terms.naer.edu.tw/
2232,cross-cultural training,跨文化訓練,跨文化培训,https://terms.naer.edu.tw/
2233,cross-culture organizational behavior,跨文化組織行為,跨文化组织行为,https://terms.naer.edu.tw/
2234,cross-functional team,跨職能團隊；跨功能團隊,,https://terms.naer.edu.tw/
2235,cross-functional training,跨功能訓練,交叉职能培训,https://terms.naer.edu.tw/
2236,cross-level study,跨層次研究,跨水平研究,https://terms.naer.edu.tw/
2237,cross-licensing,交叉授權；交互授權,,https://terms.naer.edu.tw/
2238,cross-price elasticity,交叉價格彈性,,https://terms.naer.edu.tw/
2239,cross-sectional regression,橫斷面迴歸,横截面回归,https://terms.naer.edu.tw/
2240,cross-sectional study,橫斷面研究；橫斷性研究,横切面研究,https://terms.naer.edu.tw/
2241,crowdfunding,群眾募資,,https://terms.naer.edu.tw/
2242,crowdsourcing,群眾外包,众包,https://terms.naer.edu.tw/
2243,Cues,線索,线索,https://terms.naer.edu.tw/
2244,cultural and creative industry,文化創意產業,,https://terms.naer.edu.tw/
2245,cultural and creative park,文化創意園區,,https://terms.naer.edu.tw/
2246,cultural capital,文化資本,文化资本,https://terms.naer.edu.tw/
2247,cultural industry,文化產業,,https://terms.naer.edu.tw/
2248,cultural intelligence,文化智力,文化智力,https://terms.naer.edu.tw/
2249,cultural web analysis,文化網絡分析,,https://terms.naer.edu.tw/
2250,culture audit,文化稽核,文化审计,https://terms.naer.edu.tw/
2251,culture shock,文化衝擊；文化震撼,文化震惊,https://terms.naer.edu.tw/
2252,culture-bound,文化限定,,https://terms.naer.edu.tw/
2253,cumulative lead time,累計前置時間,累计提前期,https://terms.naer.edu.tw/
2254,cumulative quantity discount,累積數量折扣,,https://terms.naer.edu.tw/
2255,cumulative sum chart,累計和管制圖,累计和控制图,https://terms.naer.edu.tw/
2256,cumulative timing,累計測時法,累计测时法,https://terms.naer.edu.tw/
2257,currency appreciation,貨幣升值,货币升值,https://terms.naer.edu.tw/
2258,currency arbitrage,套匯,套汇,https://terms.naer.edu.tw/
2259,currency board system,連繫匯率制度,,https://terms.naer.edu.tw/
2260,currency bond,貨幣債券,货币债券通货债券,https://terms.naer.edu.tw/
2261,currency convertibility,貨幣可兌換性,货币的可兑换性,https://terms.naer.edu.tw/
2262,currency depreciation,貨幣貶值,货币贬值,https://terms.naer.edu.tw/
2263,currency futures,外匯期貨,外汇期货,https://terms.naer.edu.tw/
2264,currency indebtedness,貨幣債務,货币债务,https://terms.naer.edu.tw/
2265,currency of settlement,清算通貨,结算货币,https://terms.naer.edu.tw/
2266,currency option,外匯選擇權,货币期权,https://terms.naer.edu.tw/
2267,currency risk,通貨風險,货币风险,https://terms.naer.edu.tw/
2268,currency speculation,貨幣投機,货币投机,https://terms.naer.edu.tw/
2269,currency swap,通貨交換,货币互换,https://terms.naer.edu.tw/
2270,currency system,貨幣制度,货币制度,https://terms.naer.edu.tw/
2271,current account,經常帳,经常账户赤字,https://terms.naer.edu.tw/
2272,current asset,流動資產,,https://terms.naer.edu.tw/
2273,current asset,流動資產,,https://terms.naer.edu.tw/
2274,current capital,流動資本,流动资本,https://terms.naer.edu.tw/
2275,current control,即時控制,,https://terms.naer.edu.tw/
2276,current debt,流動負債,短期债务,https://terms.naer.edu.tw/
2277,current liability,流動負債,,https://terms.naer.edu.tw/
2278,current rate of exchange,當日匯率,当日汇率,https://terms.naer.edu.tw/
2279,current ratio,流動比率,,https://terms.naer.edu.tw/
2280,current yield ratio,當期收益率,当期收益率,https://terms.naer.edu.tw/
2281,curriculum,課程,,https://terms.naer.edu.tw/
2282,Custodial Duration on Archives,檔案保管期限,档案保管期限,https://terms.naer.edu.tw/
2283,custom [house] broker,報關行,报关行,https://terms.naer.edu.tw/
2284,customary practice in international trade,國際貿易慣例,国际贸易惯例,https://terms.naer.edu.tw/
2285,customary price,習慣價格,[国际贸易中的]惯例价格,https://terms.naer.edu.tw/
2286,customer,客戶；顧客,,https://terms.naer.edu.tw/
2287,customer churn,顧客流失,,https://terms.naer.edu.tw/
2288,customer departmentalization,顧客別部門化,,https://terms.naer.edu.tw/
2289,customer empowerment,顧客賦權,,https://terms.naer.edu.tw/
2290,customer equity,顧客權益；顧客價值,,https://terms.naer.edu.tw/
2291,customer focus,以顧客為焦點,以顾客为关注焦点；关注顾客,https://terms.naer.edu.tw/
2292,Customer knowledge,客戶知識,客户知识,https://terms.naer.edu.tw/
2293,customer lifetime value,顧客終身價值,,https://terms.naer.edu.tw/
2294,customer loss rate,顧客流失率,,https://terms.naer.edu.tw/
2295,customer loyalty,顧客忠誠,顾客忠诚,https://terms.naer.edu.tw/
2296,customer order,顧客訂單,顾客订单,https://terms.naer.edu.tw/
2297,customer order decoupling point,顧客訂單分岐點；顧客訂單分離點,备货-订货分离点；顾客订单分离点,https://terms.naer.edu.tw/
2298,customer order promising,顧客訂單承諾；顧客訂單確認,顾客订单确认,https://terms.naer.edu.tw/
2299,customer order servicing system,顧客訂貨服務系統,顾客订货服务系统,https://terms.naer.edu.tw/
2300,Customer Orientation,顧客導向,顾客导向,https://terms.naer.edu.tw/
2301,customer penetration,顧客滲透率,,https://terms.naer.edu.tw/
2302,customer perceived value,顧客知覺價值,顾客感知价值,https://terms.naer.edu.tw/
2303,customer profitability analysis,顧客利潤率分析,顾客盈利性分析,https://terms.naer.edu.tw/
2304,customer relationship management {=CRM},顧客關係管理,顾客关系管理；客户关系管理,https://terms.naer.edu.tw/
2305,customer retention,顧客維繫；顧客保留,顾客保留；顾客维持,https://terms.naer.edu.tw/
2306,customer service level,顧客服務水準,顾客服务水平,https://terms.naer.edu.tw/
2307,customer touch point,顧客接觸點,,https://terms.naer.edu.tw/
2308,customer value analysis,顧客價值分析,,https://terms.naer.edu.tw/
2309,customer value assessment,顧客價值評估,,https://terms.naer.edu.tw/
2310,customer value hierarchy,顧客價值層級,,https://terms.naer.edu.tw/
2311,customer value-based pricing,顧客價值基礎訂價法,,https://terms.naer.edu.tw/
2312,customer-based brand equity,顧客基礎的品牌權益,,https://terms.naer.edu.tw/
2313,customer-driven engineering,顧客驅動工程,,https://terms.naer.edu.tw/
2314,customer-driven innovation,顧客驅動創新,,https://terms.naer.edu.tw/
2315,customer-driven philosophy,顧客驅動型哲學,,https://terms.naer.edu.tw/
2316,customer-driven quality,顧客驅動品質,客户驱动质量,https://terms.naer.edu.tw/
2317,customer-oriented business,顧客導向企業,,https://terms.naer.edu.tw/
2318,customerization,顧客化,,https://terms.naer.edu.tw/
2319,customerization,顧客化,顾客化定制,https://terms.naer.edu.tw/
2320,customization,客製化,,https://terms.naer.edu.tw/
2321,customized currency option,客製化外匯選擇權商品,,https://terms.naer.edu.tw/
2322,customized marketing,客製化行銷,,https://terms.naer.edu.tw/
2323,customs agency,報關代理人,报关代理行,https://terms.naer.edu.tw/
2324,customs barrier,關稅壁壘,关税壁垒,https://terms.naer.edu.tw/
2325,customs clearance fee,報關費,结关费,https://terms.naer.edu.tw/
2326,customs clearing charge,報關費,报关费,https://terms.naer.edu.tw/
2327,customs clearing procedure for export,出口報關手續,出口报关手续,https://terms.naer.edu.tw/
2328,Customs Cooperation Council {=CCC},關稅合作理事會,关税合作理事会,https://terms.naer.edu.tw/
2329,Customs Cooperation Council {=CCC},關稅合作理事會,关税合作理事会,https://terms.naer.edu.tw/
2330,customs debenture,海關退稅證明書,报关退税凭单,https://terms.naer.edu.tw/
2331,customs declaration,報關單,报关单,https://terms.naer.edu.tw/
2332,customs drawback,海關退稅,海关退税,https://terms.naer.edu.tw/
2333,customs duty,關稅,关税,https://terms.naer.edu.tw/
2334,customs fee and charge,海關稅費,关税费用,https://terms.naer.edu.tw/
2335,customs free depot,海關免稅倉庫,海关免税仓库,https://terms.naer.edu.tw/
2336,customs free industrial zone,免稅工業園區,免税工业园区,https://terms.naer.edu.tw/
2337,customs guarantee system,海關擔保制度,海关担保制度,https://terms.naer.edu.tw/
2338,customs house,海關,海关,https://terms.naer.edu.tw/
2339,customs import tariff,海關進口稅則,海关进口税则,https://terms.naer.edu.tw/
2340,customs inspection,驗關,海关检查,https://terms.naer.edu.tw/
2341,customs invoice,海關發票,海关发票,https://terms.naer.edu.tw/
2342,customs permit,海關許可證,海关许可证,https://terms.naer.edu.tw/
2343,customs tariff,關稅稅則,关税税则,https://terms.naer.edu.tw/
2344,customs union,關稅同盟,关税同盟,https://terms.naer.edu.tw/
2345,cut throat,割喉式競爭,,https://terms.naer.edu.tw/
2346,Cyber Ba,網路場,网络场,https://terms.naer.edu.tw/
2347,cyberspace,虛擬空間,,https://terms.naer.edu.tw/
2348,cycle graph technique,週期圖示法,周期图示法,https://terms.naer.edu.tw/
2349,cycle inventory,週期存貨,周转库存,https://terms.naer.edu.tw/
2350,cycle reduction stock,週期減縮庫存,周期减缩库存,https://terms.naer.edu.tw/
2351,cycle time,週期；週期時間,节拍,https://terms.naer.edu.tw/
2352,cycle timing,循環測時法,循环测时法,https://terms.naer.edu.tw/
2353,cyclical dividend policy,循環股利政策,目标股利政策,https://terms.naer.edu.tw/
2354,daily price movement limit,每日價格波動限制,每日价格波动限额,https://terms.naer.edu.tw/
2355,Daniel-Hirsheifer-Subramanyam model,DHS(Daniel-Hirsheifer-Subramanyam)模型,DHS模型,https://terms.naer.edu.tw/
2356,data,資料；數據,,https://terms.naer.edu.tw/
2357,Data acquisition,資料獲取,数据采集,https://terms.naer.edu.tw/
2358,Data administration,資料管理,,https://terms.naer.edu.tw/
2359,data bank,資料銀行,,https://terms.naer.edu.tw/
2360,Data center,資料中心,,https://terms.naer.edu.tw/
2361,Data compression,資料壓縮,,https://terms.naer.edu.tw/
2362,Data definition language (DDL),資料定義語言,,https://terms.naer.edu.tw/
2363,Data dictionary,資料字典,数据字典,https://terms.naer.edu.tw/
2364,Data element,資料元素,数据元素,https://terms.naer.edu.tw/
2365,Data encryption standard (DES),資料加密標準,,https://terms.naer.edu.tw/
2366,Data flow,資料流程,数据流,https://terms.naer.edu.tw/
2367,Data flow diagram (DFD),資料流程圖,数据流程图,https://terms.naer.edu.tw/
2368,Data independence,資料獨立,数据独立性,https://terms.naer.edu.tw/
2369,Data input,資料輸入,记录入,https://terms.naer.edu.tw/
2370,Data integrity,資料完整性,,https://terms.naer.edu.tw/
2371,Data management,資料管理,数据管理,https://terms.naer.edu.tw/
2372,Data manipulation language (DML),資料操作語言,,https://terms.naer.edu.tw/
2373,Data mart,資料超市,数据集市,https://terms.naer.edu.tw/
2374,data mining,資料採礦；資料探勘,,https://terms.naer.edu.tw/
2375,Data model,資料模型,数据模型,https://terms.naer.edu.tw/
2376,Data modeling,資料建模,数据建模,https://terms.naer.edu.tw/
2377,data processing system,資料處理系統；資料處理制度,,https://terms.naer.edu.tw/
2378,Data redundancy,資料重複,,https://terms.naer.edu.tw/
2379,Data sharing,資料共用,数据共享,https://terms.naer.edu.tw/
2380,Data source,資料來源,数据源,https://terms.naer.edu.tw/
2381,Data storage,資料儲存,资料存储,https://terms.naer.edu.tw/
2382,Data storage design,資料儲存設計,数据存储设计,https://terms.naer.edu.tw/
2383,Data storage structure,資料儲存結構,数据存储结构,https://terms.naer.edu.tw/
2384,Data structure,資料結構,数据结构,https://terms.naer.edu.tw/
2385,Data transfer,資料傳遞,数据传递,https://terms.naer.edu.tw/
2386,data warehouse,資料倉庫,,https://terms.naer.edu.tw/
2387,Data warehouse (DW),資料倉儲,数据仓库,https://terms.naer.edu.tw/
2388,Data warehousing system,資料倉儲系統,数据仓库系统,https://terms.naer.edu.tw/
2389,database,資料庫,,https://terms.naer.edu.tw/
2390,Database administrator {=DBA},資料庫管理師,数据库管理员,https://terms.naer.edu.tw/
2391,Database management system {=DBMS},資料庫管理系統,数据库管理系统,https://terms.naer.edu.tw/
2392,database marketing,資料庫行銷,数据库营销,https://terms.naer.edu.tw/
2393,Database system {=DBS},資料庫系統,数据库系统,https://terms.naer.edu.tw/
2394,Database technology,資料庫技術,数据库技术,https://terms.naer.edu.tw/
2395,date bill,遠期匯票,远期汇票,https://terms.naer.edu.tw/
2396,date of payment,配息日,派息日,https://terms.naer.edu.tw/
2397,date of record,股權登記日,登记日,https://terms.naer.edu.tw/
2398,DAX Index,法蘭克福指數,法兰克福指数,https://terms.naer.edu.tw/
2399,"days sales outstanding, DSO",銷售流通天數,,https://terms.naer.edu.tw/
2400,dead loan,呆帳；倒帳,呆滞贷款,https://terms.naer.edu.tw/
2401,deadline delivery date {=DDD},最後交貨日期,最后交货日期,https://terms.naer.edu.tw/
2402,deadwood,朽木,,https://terms.naer.edu.tw/
2403,deal proneness,折扣偏好傾向,折扣偏好倾向性,https://terms.naer.edu.tw/
2404,dealer,自營商,自营商,https://terms.naer.edu.tw/
2405,dealer bank,公債指定銀行,自营银行,https://terms.naer.edu.tw/
2406,dealer brand,經銷商品牌,,https://terms.naer.edu.tw/
2407,dealer market,造市,,https://terms.naer.edu.tw/
2408,debenture,信用債券,债券,https://terms.naer.edu.tw/
2409,debenture bond,無擔保債券,,https://terms.naer.edu.tw/
2410,debenture capital,借入資本；債券資本,债券资本,https://terms.naer.edu.tw/
2411,debenture certificate,退稅憑證,,https://terms.naer.edu.tw/
2412,debenture trust,債券信託,债券信托,https://terms.naer.edu.tw/
2413,debit advice,借項通知單,借项通知单,https://terms.naer.edu.tw/
2414,debt,債務,债务,https://terms.naer.edu.tw/
2415,debt financing,債務融資；舉債融資,,https://terms.naer.edu.tw/
2416,debt instrument,債務工具,债务证券,https://terms.naer.edu.tw/
2417,debt ratio,負債比率,,https://terms.naer.edu.tw/
2418,debt restructuring,債務重組,债务重组,https://terms.naer.edu.tw/
2419,debt securities,債務證券,债权类金融产品,https://terms.naer.edu.tw/
2420,debt swap,負債交換,,https://terms.naer.edu.tw/
2421,Debugging,除錯,调试,https://terms.naer.edu.tw/
2422,decaying maturity stage,衰退成熟期,,https://terms.naer.edu.tw/
2423,decelerating growth stage,緩慢成長期,,https://terms.naer.edu.tw/
2424,decentralization,分權,分权,https://terms.naer.edu.tw/
2425,decentralized authority,分權化權威,,https://terms.naer.edu.tw/
2426,decentralized inventory control,分散存貨控制,分散库存控制,https://terms.naer.edu.tw/
2427,decentralized R&D organization,分權式研發組織,分散型研发组织,https://terms.naer.edu.tw/
2428,deceptive advertising,欺騙性廣告,,https://terms.naer.edu.tw/
2429,decision,決策,决策,https://terms.naer.edu.tw/
2430,decision criteria,決策準則,,https://terms.naer.edu.tw/
2431,Decision environment,決策環境,决策环境,https://terms.naer.edu.tw/
2432,decision framing,決策框架,决策框架,https://terms.naer.edu.tw/
2433,decision hierarchy,決策體系,,https://terms.naer.edu.tw/
2434,decision implementation,決策執行,,https://terms.naer.edu.tw/
2435,decision ladder,決策階梯,,https://terms.naer.edu.tw/
2436,decision maker,決策者,,https://terms.naer.edu.tw/
2437,decision making school,決策理論學派,,https://terms.naer.edu.tw/
2438,decision making under certainty,確定狀況下的決策,,https://terms.naer.edu.tw/
2439,decision making under risk,風險狀況下的決策,,https://terms.naer.edu.tw/
2440,decision making under uncertainty,不確定狀況下的決策,,https://terms.naer.edu.tw/
2441,decision matrix technique,決策矩陣法,,https://terms.naer.edu.tw/
2442,Decision object,決策目標,决策目标,https://terms.naer.edu.tw/
2443,decision package,決策包；決策配套,,https://terms.naer.edu.tw/
2444,decision role,決策角色,决策角色,https://terms.naer.edu.tw/
2445,Decision support,決策支援,决策支援,https://terms.naer.edu.tw/
2446,decision support system {=DSS},決策支援系統,,https://terms.naer.edu.tw/
2447,decision support systems{=DSS},決策支援系統；決策支援制度,,https://terms.naer.edu.tw/
2448,decision tree,決策樹,,https://terms.naer.edu.tw/
2449,decision unit,決策單位,,https://terms.naer.edu.tw/
2450,decision-making,決策,,https://terms.naer.edu.tw/
2451,Decision-making problem,決策問題,决策问题,https://terms.naer.edu.tw/
2452,decision-making process,決策程序,,https://terms.naer.edu.tw/
2453,decision-making style,決策風格,决策风格,https://terms.naer.edu.tw/
2454,decision-making style,決策風格,,https://terms.naer.edu.tw/
2455,Decision-making system,決策系統,决策系统,https://terms.naer.edu.tw/
2456,decisional role,決策角色,,https://terms.naer.edu.tw/
2457,declaration at customs,報關,报关,https://terms.naer.edu.tw/
2458,declaration date,宣告日,,https://terms.naer.edu.tw/
2459,declaration for export,出口報單,出口申报单,https://terms.naer.edu.tw/
2460,declaration for import,進口報單,进口申报单,https://terms.naer.edu.tw/
2461,declaration for warehouse,進倉申報單,进关栈报单,https://terms.naer.edu.tw/
2462,declaration of origin,原產地聲明書,原产地申报,https://terms.naer.edu.tw/
2463,decline stage,衰退期,衰退期,https://terms.naer.edu.tw/
2464,decoding,解碼,,https://terms.naer.edu.tw/
2465,decoupling inventory,中介性安全存貨,解耦库存,https://terms.naer.edu.tw/
2466,decreasing failure rate (DFR)　 　　,遞減失效率,,https://terms.naer.edu.tw/
2467,deculturation,文化解構,文化解构,https://terms.naer.edu.tw/
2468,dedication,專項投資組合,专项投资组合,https://terms.naer.edu.tw/
2469,dedication strategy,專項策略,奉献策略,https://terms.naer.edu.tw/
2470,deductible,自付額,免赔额,https://terms.naer.edu.tw/
2471,Deduction,演繹法,演绎法,https://terms.naer.edu.tw/
2472,deed of trust,信託契約,信托契约,https://terms.naer.edu.tw/
2473,deep acting,深層演出,深层演出,https://terms.naer.edu.tw/
2474,default clause,違約條款,违约条款,https://terms.naer.edu.tw/
2475,default premia,違約溢價,违约溢价,https://terms.naer.edu.tw/
2476,default premium,違約溢價,违约溢价,https://terms.naer.edu.tw/
2477,default risk,違約風險,,https://terms.naer.edu.tw/
2478,default risk premium {=DRP},違約風險溢酬,,https://terms.naer.edu.tw/
2479,defect,缺陷；缺點,缺陷,https://terms.naer.edu.tw/
2480,defect opportunities,缺陷機會數,缺陷机会数,https://terms.naer.edu.tw/
2481,defective waste,不良品浪費,不良品浪费,https://terms.naer.edu.tw/
2482,defects per million opportunity (DPMO),百萬機會缺陷數,百万机会缺陷数,https://terms.naer.edu.tw/
2483,Defects Per Opportunity (DPO),機會缺陷數；機會缺陷率,机会缺陷率,https://terms.naer.edu.tw/
2484,defects per unit (DPU),單位缺陷數,单位缺陷率,https://terms.naer.edu.tw/
2485,defensive behaviors,防衛行為,,https://terms.naer.edu.tw/
2486,defensive merger,防禦性合併,,https://terms.naer.edu.tw/
2487,defensive reasoning,防禦型推理,防御型推理,https://terms.naer.edu.tw/
2488,deferred annuity,遞延年金,,https://terms.naer.edu.tw/
2489,deferred bond,遞延債券；加息債券,递延债券,https://terms.naer.edu.tw/
2490,deferred compensation,延後支付薪酬,,https://terms.naer.edu.tw/
2491,deferred compensation program,遞延薪酬計畫,延期薪酬计划,https://terms.naer.edu.tw/
2492,deferred delivery,延期交貨,延期交货,https://terms.naer.edu.tw/
2493,deferred payment,延期付款,延期付款,https://terms.naer.edu.tw/
2494,deferred sight credit,延付即期信用狀,延付即期信用证,https://terms.naer.edu.tw/
2495,deferred strike option,延遲履約選擇權,延迟约价期权,https://terms.naer.edu.tw/
2496,deficient product,不充份的產品,,https://terms.naer.edu.tw/
2497,define、measure、analyze、improve、control (DMAIC),界定、測量、分析、改善、控制模式,界定、度量、分析、改进、控制模式,https://terms.naer.edu.tw/
2498,defined benefit plan,確定給付制,固定收益计划,https://terms.naer.edu.tw/
2499,defined contribution plan,確定提撥制,固定缴款计划,https://terms.naer.edu.tw/
2500,definitive bond,確定債券,正式债券,https://terms.naer.edu.tw/
2501,deflation,通貨緊縮,,https://terms.naer.edu.tw/
2502,degrade,降級,降级,https://terms.naer.edu.tw/
2503,degree of between,居中程度,,https://terms.naer.edu.tw/
2504,degree of centrality,核心程度,,https://terms.naer.edu.tw/
2505,degree of concentration of industry,產業集中度,,https://terms.naer.edu.tw/
2506,degree of decentralization,分權程度,,https://terms.naer.edu.tw/
2507,"degree of financial leverage, DEL",財務槓桿程度,,https://terms.naer.edu.tw/
2508,degree of involvement,介入程度,,https://terms.naer.edu.tw/
2509,degree of mobility,移動彈性的程度,,https://terms.naer.edu.tw/
2510,"degree of operating leverage, DOL",營運槓桿程度,,https://terms.naer.edu.tw/
2511,degree of rationality in strategic decision making,策略決策過程理性程度,,https://terms.naer.edu.tw/
2512,"degree of total leverage, DTL",總槓桿程度,,https://terms.naer.edu.tw/
2513,degree of vertical integration,垂直整合程度,,https://terms.naer.edu.tw/
2514,degree statements,等級說明,,https://terms.naer.edu.tw/
2515,del credere contract,保信契約,保证付款合同,https://terms.naer.edu.tw/
2516,delay,延遲；延誤,延误,https://terms.naer.edu.tw/
2517,delay allowance,延遲寛放；延誤寬放,延迟容差,https://terms.naer.edu.tw/
2518,delay option、option to postpone,延遲選擇權,延迟期权,https://terms.naer.edu.tw/
2519,delay time,延遲時間,延迟时间,https://terms.naer.edu.tw/
2520,delayed entry strategy,延遲進入策略,,https://terms.naer.edu.tw/
2521,delayed quotation pricing,延遲報價訂價法,,https://terms.naer.edu.tw/
2522,delayering,縮減層級,,https://terms.naer.edu.tw/
2523,delegating,授權式領導,授权式领导,https://terms.naer.edu.tw/
2524,delegation of authority,授權,授权,https://terms.naer.edu.tw/
2525,delegation of authority,授權,,https://terms.naer.edu.tw/
2526,deliver goods against surrender of the document,憑單交貨,凭单交货,https://terms.naer.edu.tw/
2527,delivered at frontier,邊境交貨條件,边境交货价,https://terms.naer.edu.tw/
2528,delivered duty paid {=DDP},稅迄交貨條件,完税后交货,https://terms.naer.edu.tw/
2529,delivered price,到貨價格,交货价格,https://terms.naer.edu.tw/
2530,delivery,交割,交割,https://terms.naer.edu.tw/
2531,delivery advice,交貨通知,交货通知,https://terms.naer.edu.tw/
2532,delivery against acceptance,承兌交貨,承兑交货,https://terms.naer.edu.tw/
2533,delivery against payment,付款交貨,付款交货,https://terms.naer.edu.tw/
2534,delivery cycle,交貨週期,交付周期,https://terms.naer.edu.tw/
2535,delivery lead time,交貨前置時間,交付提前期,https://terms.naer.edu.tw/
2536,delivery price,交割價格,交割价格,https://terms.naer.edu.tw/
2537,delivery schedule,交貨日程表,交货安排,https://terms.naer.edu.tw/
2538,"DeLong-Shleifer-Summers-Waldmann model, DSSW",DSSW(DeLong-Shleifer-Summers-Waldmann)模型,正反馈交易模型,https://terms.naer.edu.tw/
2539,Delphi method,德菲法,,https://terms.naer.edu.tw/
2540,Delphi method,德菲法,,https://terms.naer.edu.tw/
2541,Delphi technique,德爾菲技術,德尔菲技术,https://terms.naer.edu.tw/
2542,delta neutral,delta中性,德尔塔中性,https://terms.naer.edu.tw/
2543,demand,需求,,https://terms.naer.edu.tw/
2544,demand analysis,需求分析,,https://terms.naer.edu.tw/
2545,demand bill,即期匯票,即期汇票,https://terms.naer.edu.tw/
2546,demand draft,即期匯票,即期汇票,https://terms.naer.edu.tw/
2547,demand during lead time,前置期的需求,提前期内需求,https://terms.naer.edu.tw/
2548,demand line credit,即期信用額度,即期信用额度,https://terms.naer.edu.tw/
2549,demand loan,活期貸款,活期贷款,https://terms.naer.edu.tw/
2550,demand management,需求管理,,https://terms.naer.edu.tw/
2551,demand management,需求管理,需求管理,https://terms.naer.edu.tw/
2552,demand note,即期票據,即期票据,https://terms.naer.edu.tw/
2553,demand obligation,即期債務,即期债务,https://terms.naer.edu.tw/
2554,demand promissory note,即期本票,即期本票,https://terms.naer.edu.tw/
2555,demand rate,需求速率,需求速率,https://terms.naer.edu.tw/
2556,demand-of-the-job theory,工作本身之需求理論,,https://terms.naer.edu.tw/
2557,demand-oriented pricing,需求導向定價法,,https://terms.naer.edu.tw/
2558,demand-pull theory,需求拉動學說；理論,需求拉动说,https://terms.naer.edu.tw/
2559,demand-pull type,需求拉力型,,https://terms.naer.edu.tw/
2560,demand-side substitutability,需求面可替代性,,https://terms.naer.edu.tw/
2561,demand-supply analysis,需求-供給分析,,https://terms.naer.edu.tw/
2562,demarketing,低行銷,反营销,https://terms.naer.edu.tw/
2563,demerit chart,缺點數管制圖,缺点控制图,https://terms.naer.edu.tw/
2564,Deming circle,戴明循環,戴明环,https://terms.naer.edu.tw/
2565,Deming Prize,戴明獎,戴明奖,https://terms.naer.edu.tw/
2566,democratic management,民主式管理,民主管理,https://terms.naer.edu.tw/
2567,democratizing innovation,民主化創新,民主化创新,https://terms.naer.edu.tw/
2568,demographic segmentation,人口統計區隔化,,https://terms.naer.edu.tw/
2569,demography,人口統計,,https://terms.naer.edu.tw/
2570,demonstrated capacity,實證產能,核定产能；查定产能,https://terms.naer.edu.tw/
2571,demotion,降職,降职,https://terms.naer.edu.tw/
2572,department audit,部門稽核,部门审计,https://terms.naer.edu.tw/
2573,Department of Labor (DOL),勞工部,劳工部,https://terms.naer.edu.tw/
2574,department store,百貨公司,百货商店,https://terms.naer.edu.tw/
2575,departmentalization,部門化,部门化,https://terms.naer.edu.tw/
2576,departmentalization,部門化,,https://terms.naer.edu.tw/
2577,departmentalized specialty store,部門化專門店,,https://terms.naer.edu.tw/
2578,dependability,可信性,可信性,https://terms.naer.edu.tw/
2579,Dependent data mart,從屬型資料市集,从属型数据集市,https://terms.naer.edu.tw/
2580,dependent demand,相依需求；非獨立需求,相关需求,https://terms.naer.edu.tw/
2581,dependent demand inventory,相依需求存貨,相关需求库存,https://terms.naer.edu.tw/
2582,Deployment diagram,配置圖,配置图,https://terms.naer.edu.tw/
2583,deposit,存款,存款,https://terms.naer.edu.tw/
2584,deposit at sight,即期存款,即期存款,https://terms.naer.edu.tw/
2585,deposit bank,存款銀行,存款银行,https://terms.naer.edu.tw/
2586,Deposit copy,呈繳本,呈缴本,https://terms.naer.edu.tw/
2587,deposit floatation,浮存,,https://terms.naer.edu.tw/
2588,deposit insurance system,存款保險制度,存款保险制度,https://terms.naer.edu.tw/
2589,deposit protection system,存款保護制度,存款保护制度,https://terms.naer.edu.tw/
2590,deposit reserve,存款準備金,存款准备金,https://terms.naer.edu.tw/
2591,deposit reserve rate,存款準備率,存款准备金率,https://terms.naer.edu.tw/
2592,depreciation,折舊,,https://terms.naer.edu.tw/
2593,depreciation,折舊,,https://terms.naer.edu.tw/
2594,depression,蕭條,,https://terms.naer.edu.tw/
2595,Depth indexing,深度索引,深度标引,https://terms.naer.edu.tw/
2596,depth interview,深度訪談法,,https://terms.naer.edu.tw/
2597,Depth-first search (DFS),深度優先搜尋,,https://terms.naer.edu.tw/
2598,deregulation,解除管制,放松管制,https://terms.naer.edu.tw/
2599,derivative,衍生性金融商品,衍生类金融产品,https://terms.naer.edu.tw/
2600,derivative contract,衍生性契約,,https://terms.naer.edu.tw/
2601,derivative product,衍生性商品,衍生产品,https://terms.naer.edu.tw/
2602,Derived cataloging,套錄編目,套录编目,https://terms.naer.edu.tw/
2603,derived demand,衍生需求,衍生需求,https://terms.naer.edu.tw/
2604,Description,說明書,书目著录,https://terms.naer.edu.tw/
2605,Descriptive cataloging rule,說明目錄規則,著录规则,https://terms.naer.edu.tw/
2606,descriptive decision theory,描述性決策理論,描述性决策理论,https://terms.naer.edu.tw/
2607,descriptive marketing research,描述性行銷研究,描述性营销研究,https://terms.naer.edu.tw/
2608,descriptive model,描述性模式；描述性模型,描述性模型,https://terms.naer.edu.tw/
2609,descriptive provision,描述性條款,描述性条款,https://terms.naer.edu.tw/
2610,design,設計,设计,https://terms.naer.edu.tw/
2611,design change notice,設計變更通知,设计变更通知,https://terms.naer.edu.tw/
2612,design defect,設計缺陷；設計缺點,设计缺陷,https://terms.naer.edu.tw/
2613,design for assembly (DFA),易組裝設計,面向装配设计,https://terms.naer.edu.tw/
2614,design for disassembly (DFD),易拆解設計,面向拆卸设计,https://terms.naer.edu.tw/
2615,design for environment (DFE),環境化設計,面向环保设计,https://terms.naer.edu.tw/
2616,design for manufacturability (DFM),可製造性設計,面向制造设计,https://terms.naer.edu.tw/
2617,design for manufacture and assembly (DFMA),易製造與裝配之設計,面向制造与装配设计,https://terms.naer.edu.tw/
2618,design for quality,品質導向的設計,面向质量的设计,https://terms.naer.edu.tw/
2619,design for recycling (DFR),再生設計,面向循环设计,https://terms.naer.edu.tw/
2620,design for service,服務導向的設計,面向服务的设计,https://terms.naer.edu.tw/
2621,design for six sigma (DFSS),六標準差設計,六西格玛设计,https://terms.naer.edu.tw/
2622,Design Science,設計科學,设计科学,https://terms.naer.edu.tw/
2623,design standard,設計標準,设计标准,https://terms.naer.edu.tw/
2624,design thinking,設計思考,,https://terms.naer.edu.tw/
2625,design-driven innovation,設計驅動的創新,设计驱动的创新,https://terms.naer.edu.tw/
2626,designated bank,指定銀行,指定银行,https://terms.naer.edu.tw/
2627,designated bonded area,指定保稅地區,指定保税地区,https://terms.naer.edu.tw/
2628,designed capacity,設計產能,设计产能,https://terms.naer.edu.tw/
2629,desirable product,盼望的產品；合需的產品,渴求产品,https://terms.naer.edu.tw/
2630,destructive inspection,破壞性檢驗,有损检验；破坏性检验,https://terms.naer.edu.tw/
2631,destructive testing,破壞性檢驗,,https://terms.naer.edu.tw/
2632,detachable warrant,可分割的認股權證,,https://terms.naer.edu.tw/
2633,Deterministic Theory,確定性理論,确定性理论,https://terms.naer.edu.tw/
2634,deterrence-based trust,威懾基礎的信任,,https://terms.naer.edu.tw/
2635,Detroit automation,底特律式自動化,,https://terms.naer.edu.tw/
2636,Deutsche Terminborse {=DTB},德意志期貨交易所,德意志期货交易所,https://terms.naer.edu.tw/
2637,Deutschemark,德國馬克,西德马克,https://terms.naer.edu.tw/
2638,devaluation,貶值,,https://terms.naer.edu.tw/
2639,devaluation of currency,貨幣貶值,货币贬值,https://terms.naer.edu.tw/
2640,devaluation of exchange rate,匯率貶值,汇率贬值,https://terms.naer.edu.tw/
2641,develop-to-order {=DTO},接單開發,按订单研发,https://terms.naer.edu.tw/
2642,Developer interface,開發者介面,开发者接口,https://terms.naer.edu.tw/
2643,development,發展；開發,发展；开发,https://terms.naer.edu.tw/
2644,development bank,開發銀行,开发银行,https://terms.naer.edu.tw/
2645,development management,發展管理,开发管理,https://terms.naer.edu.tw/
2646,development quality,開發品質,发展的质量,https://terms.naer.edu.tw/
2647,development research,發展研究,,https://terms.naer.edu.tw/
2648,deviant workplace behavior,職場偏差行為,越轨行为,https://terms.naer.edu.tw/
2649,deviation permit,偏離許可,偏离许可,https://terms.naer.edu.tw/
2650,devil's advocacy,魔鬼擁護法,魔鬼拥护法,https://terms.naer.edu.tw/
2651,devil's advocate,故意唱反調的人,,https://terms.naer.edu.tw/
2652,diagnostic study,診斷研究,诊断研究,https://terms.naer.edu.tw/
2653,diagonal communication,斜向溝通,,https://terms.naer.edu.tw/
2654,dialectic inquiry,辯證探詢法,辩证探询法,https://terms.naer.edu.tw/
2655,Dialogue management,對話管理,对话管理,https://terms.naer.edu.tw/
2656,diamond model,鑽石模型,钻石模型；国家竞争优势理论,https://terms.naer.edu.tw/
2657,diamond model,鑽石模型,,https://terms.naer.edu.tw/
2658,diary,工作日志法,工作日志法,https://terms.naer.edu.tw/
2659,difference timing,差分測時法,差分测时法,https://terms.naer.edu.tw/
2660,differentiable,可差異性,,https://terms.naer.edu.tw/
2661,differential duty,差別關稅,差别关税,https://terms.naer.edu.tw/
2662,differential piece rate,差額式按件計酬,差额计件工资,https://terms.naer.edu.tw/
2663,differential treatment,差別待遇,差别待遇,https://terms.naer.edu.tw/
2664,differentiated marketing,差異行銷,差异化营销,https://terms.naer.edu.tw/
2665,differentiation,差異化,差异化,https://terms.naer.edu.tw/
2666,differentiation strategy,差異化策略,差异化战略；差别化战略,https://terms.naer.edu.tw/
2667,differentiation-based competitive advantage,以差異化為基礎的競爭優勢,,https://terms.naer.edu.tw/
2668,Diffusibility,擴散性,扩散性,https://terms.naer.edu.tw/
2669,diffusion,擴散,,https://terms.naer.edu.tw/
2670,diffusion curve,擴散曲線,新产品扩散曲线,https://terms.naer.edu.tw/
2671,diffusion model,擴散模式,,https://terms.naer.edu.tw/
2672,diffusion of innovation,創新的擴散,新产品扩散,https://terms.naer.edu.tw/
2673,diffusion of responsibility,責任擴散,责任扩散,https://terms.naer.edu.tw/
2674,diffusion process,擴散過程,,https://terms.naer.edu.tw/
2675,Digital,數位化,数字化,https://terms.naer.edu.tw/
2676,Digital books,數位化圖書,数字化图书,https://terms.naer.edu.tw/
2677,Digital certificate,數位憑證,数字证书,https://terms.naer.edu.tw/
2678,digital city,數位城市,数字城市,https://terms.naer.edu.tw/
2679,Digital collection,數位館藏,数字馆藏,https://terms.naer.edu.tw/
2680,Digital data,數位化資料,数字化资料,https://terms.naer.edu.tw/
2681,Digital digest,數位摘要,数字摘要,https://terms.naer.edu.tw/
2682,Digital divide,數位落差,,https://terms.naer.edu.tw/
2683,Digital envelope,數位信封,数字信封,https://terms.naer.edu.tw/
2684,Digital information source,數位資訊來源,,https://terms.naer.edu.tw/
2685,Digital library,數位圖書館,数字图书馆,https://terms.naer.edu.tw/
2686,Digital library information service platform,數位圖書館資訊平台,数字化图书馆信息服务,https://terms.naer.edu.tw/
2687,Digital literature,數位化文獻,数字化文献,https://terms.naer.edu.tw/
2688,digital option,定額選擇權,,https://terms.naer.edu.tw/
2689,Digital resource,數位化資源,数字化资源,https://terms.naer.edu.tw/
2690,Digital signal,數位訊號,,https://terms.naer.edu.tw/
2691,Digital signature,數位簽章,数字签名,https://terms.naer.edu.tw/
2692,Digital time stamp,數位時間戳記,数字时间戳,https://terms.naer.edu.tw/
2693,Dillon Round,狄龍回合,狄龙回合,https://terms.naer.edu.tw/
2694,dimension,層面；維度,,https://terms.naer.edu.tw/
2695,Dimension level,維層次,维层次,https://terms.naer.edu.tw/
2696,Dimension member,維成員,维成员,https://terms.naer.edu.tw/
2697,Dimension table,維度表,维表,https://terms.naer.edu.tw/
2698,direct arbitrage,直接套利,直接套利,https://terms.naer.edu.tw/
2699,direct bill,直接匯票,直接汇票,https://terms.naer.edu.tw/
2700,direct compensation,直接薪酬,直接薪酬,https://terms.naer.edu.tw/
2701,direct costing,直接成本法,,https://terms.naer.edu.tw/
2702,direct credit control,直接信用管制,直接信用控制,https://terms.naer.edu.tw/
2703,direct duplication,直接複製,同向重复,https://terms.naer.edu.tw/
2704,direct exchange,直接匯兌,直接汇兑,https://terms.naer.edu.tw/
2705,direct financial payment,直接性財務報酬,直接财务报酬,https://terms.naer.edu.tw/
2706,direct foreign investment,直接對外投資；直接外人投資,直接对外投资,https://terms.naer.edu.tw/
2707,direct investment,直接投資,直接投资,https://terms.naer.edu.tw/
2708,direct issuing,直接發行,直接发行,https://terms.naer.edu.tw/
2709,direct labor,直接勞工,活劳动,https://terms.naer.edu.tw/
2710,direct labor standard,直接勞工標準,直接劳动标准,https://terms.naer.edu.tw/
2711,direct letter of credit,直接信用狀,直接信用证,https://terms.naer.edu.tw/
2712,direct loan,直接貸款,直接贷款,https://terms.naer.edu.tw/
2713,direct marketing,直效行銷,直接营销；直复营销；直销,https://terms.naer.edu.tw/
2714,direct numerical control (DNC)　　,直接數值控制,,https://terms.naer.edu.tw/
2715,direct observation method　        ,直接測試法；直接觀測法,,https://terms.naer.edu.tw/
2716,direct quotation,直接報價,,https://terms.naer.edu.tw/
2717,direct quotation,直接報價,直接标价,https://terms.naer.edu.tw/
2718,direct rating method,直接評分法,,https://terms.naer.edu.tw/
2719,direct selling,直銷,,https://terms.naer.edu.tw/
2720,Direct selling website,直接銷售網站,直销网站,https://terms.naer.edu.tw/
2721,direct trade,直接貿易,直接贸易,https://terms.naer.edu.tw/
2722,direct-mail marketing,郵遞行銷,直接邮寄营销,https://terms.naer.edu.tw/
2723,direct-order marketing,直接訂購行銷,,https://terms.naer.edu.tw/
2724,direct-response marketing,直接回應行銷,,https://terms.naer.edu.tw/
2725,direct-response television marketing,直接回應電視行銷,电视营销,https://terms.naer.edu.tw/
2726,directed discussion,導引式討論,,https://terms.naer.edu.tw/
2727,directed interview,導引式訪問,,https://terms.naer.edu.tw/
2728,directional plan,方向性計畫,,https://terms.naer.edu.tw/
2729,directional policy matrix,定向政策矩陣,,https://terms.naer.edu.tw/
2730,directive,指令,,https://terms.naer.edu.tw/
2731,directive counseling,指導式諮商,指导式咨询,https://terms.naer.edu.tw/
2732,dirty floating,骯髒浮動,受限制浮动；肮脏浮动,https://terms.naer.edu.tw/
2733,disability insurance,傷殘保險,伤残保险,https://terms.naer.edu.tw/
2734,disabling injuries,失能傷害,致残伤害,https://terms.naer.edu.tw/
2735,disassemble,拆解{動素種類之一},拆开,https://terms.naer.edu.tw/
2736,disbursement voucher,支付傳票,支付凭单,https://terms.naer.edu.tw/
2737,discharge,解雇,解雇,https://terms.naer.edu.tw/
2738,disciplinary procedure,違反紀律處理常式,惩罚制度,https://terms.naer.edu.tw/
2739,Disciplinary repositories,學科知識庫,学科知识库,https://terms.naer.edu.tw/
2740,discipline cluster,學門；學群,学科群,https://terms.naer.edu.tw/
2741,discipline convergence,學門會聚,学科会聚,https://terms.naer.edu.tw/
2742,discontinuous automation,非連續性自動化,,https://terms.naer.edu.tw/
2743,discontinuous innovation,不連續創新,,https://terms.naer.edu.tw/
2744,discontinuous timing,間斷測時,间断测量,https://terms.naer.edu.tw/
2745,discount,折現,折现,https://terms.naer.edu.tw/
2746,discount bank,貼現銀行,贴现银行,https://terms.naer.edu.tw/
2747,discount bond,折價債券,折价债券,https://terms.naer.edu.tw/
2748,discount broker,貼現經紀人,贴现经纪人,https://terms.naer.edu.tw/
2749,discount charge,貼現費用,贴现费用,https://terms.naer.edu.tw/
2750,discount loan,貼現貸款,贴现贷款,https://terms.naer.edu.tw/
2751,discount market,貼現市場,贴现市场,https://terms.naer.edu.tw/
2752,discount point,折現點,贴现点,https://terms.naer.edu.tw/
2753,discount rate,貼現率；折現率,贴现率；折扣率,https://terms.naer.edu.tw/
2754,discount window,貼現窗口,贴现窗口,https://terms.naer.edu.tw/
2755,discounted bill,貼現票據,已贴现票据,https://terms.naer.edu.tw/
2756,"discounted cash flow model, cash discount model",現金流量折現模型,现金流折现模型,https://terms.naer.edu.tw/
2757,discounted payback,折現回收期間法,,https://terms.naer.edu.tw/
2758,discovery,發現,发现,https://terms.naer.edu.tw/
2759,discovery talents,發現型人才,发现型人才,https://terms.naer.edu.tw/
2760,discrepancy theory,差距理論,差异理论,https://terms.naer.edu.tw/
2761,Discrete event system,離散事件系統,离散事件系统,https://terms.naer.edu.tw/
2762,discrete order picking,個別訂單揀貨,离散拣货,https://terms.naer.edu.tw/
2763,discrete order quantity,離散訂貨量,离散订货量,https://terms.naer.edu.tw/
2764,discrete production,離散式生產；離散型生產,离散型生产,https://terms.naer.edu.tw/
2765,discretionary bonuses,裁量式紅利,非固定奖金,https://terms.naer.edu.tw/
2766,discretionary buying power,可自由支配購買力,,https://terms.naer.edu.tw/
2767,discretionary monetary policy,權衡性貨幣政策,自由货币政策,https://terms.naer.edu.tw/
2768,discriminant validity,區別效度,辨别效度,https://terms.naer.edu.tw/
2769,discriminating duty,差別關稅,歧视性关税,https://terms.naer.edu.tw/
2770,discriminating tariff,差別關稅,差别关税,https://terms.naer.edu.tw/
2771,discriminative price,差別價格,差别价格,https://terms.naer.edu.tw/
2772,discriminatory barrier,歧視性壁壘,歧视性壁垒,https://terms.naer.edu.tw/
2773,discriminatory pricing,差別訂價,,https://terms.naer.edu.tw/
2774,diseconomy of scale,規模不經濟,,https://terms.naer.edu.tw/
2775,disengagement stage,退休階段,,https://terms.naer.edu.tw/
2776,dishonoured cheque,空頭支票,拒付支票；空头支票,https://terms.naer.edu.tw/
2777,disinflation,反通貨膨脹,,https://terms.naer.edu.tw/
2778,disintermediation,去中介化,非中介化,https://terms.naer.edu.tw/
2779,disparate impact,差別影響,差别影响,https://terms.naer.edu.tw/
2780,disparate treatment,差別待遇,差别待遇,https://terms.naer.edu.tw/
2781,dispatch services,派遣服務,劳务派遣服务,https://terms.naer.edu.tw/
2782,dispatched work,派遣工作,派遣工作,https://terms.naer.edu.tw/
2783,dispatching,派工；工作分派,派工,https://terms.naer.edu.tw/
2784,display,陳列,,https://terms.naer.edu.tw/
2785,displayed emotion,展現的情緒,情绪表达,https://terms.naer.edu.tw/
2786,disposal credit,銀行償還信用狀,偿还信用证,https://terms.naer.edu.tw/
2787,disposition effect,處份效應,处置效应,https://terms.naer.edu.tw/
2788,disruptive innovation,破壞性創新,破坏性创新；排斥性创新；突进型创新,https://terms.naer.edu.tw/
2789,disseminator,傳播者,,https://terms.naer.edu.tw/
2790,dissociate group,趨避群體,,https://terms.naer.edu.tw/
2791,dissonance-reducing buying behavior,降低失調購買行為,协调型购买行为,https://terms.naer.edu.tw/
2792,distance learning,遠距學習,远程学习,https://terms.naer.edu.tw/
2793,distant search,遠程搜尋,,https://terms.naer.edu.tw/
2794,Distributed database,分散式資料庫,分布式数据库,https://terms.naer.edu.tw/
2795,Distributed decision support system,分散式決策支援系統,分布式决策支持系统,https://terms.naer.edu.tw/
2796,Distributed decision-making,分散式決策,分布式决策,https://terms.naer.edu.tw/
2797,distributed learning,分散式學習,分布式学习,https://terms.naer.edu.tw/
2798,distributed R&D organization,分散式研發組織,,https://terms.naer.edu.tw/
2799,distribution,配送,配送；分销,https://terms.naer.edu.tw/
2800,distribution center,配送中心,配送中心,https://terms.naer.edu.tw/
2801,distribution channel,配銷通路；分配通路,,https://terms.naer.edu.tw/
2802,distribution error,分配誤差,分布误差,https://terms.naer.edu.tw/
2803,distribution inventory,配送存貨,配送库存,https://terms.naer.edu.tw/
2804,Distribution of information resources,資訊資源佈局,信息资源布局,https://terms.naer.edu.tw/
2805,distribution requirements planning (DRP) 　,配送需求規劃；配銷需求規劃,配送需求计划,https://terms.naer.edu.tw/
2806,distribution resource planning (DRP-II)　 ,配送資源規劃；配銷資源規劃,,https://terms.naer.edu.tw/
2807,distribution time,配送時間,配送时间,https://terms.naer.edu.tw/
2808,distributive bargaining,分配式談判,分布式谈判,https://terms.naer.edu.tw/
2809,distributive bias,分配偏差,分配偏差,https://terms.naer.edu.tw/
2810,distributive justice,分配正義；分配公正,分配公平,https://terms.naer.edu.tw/
2811,distributor's brand,經銷商品牌,,https://terms.naer.edu.tw/
2812,distributor/retailer network,配銷商/零售商網絡,零售商网络,https://terms.naer.edu.tw/
2813,disturbance handler,分爭處理者,,https://terms.naer.edu.tw/
2814,divergent thinking,發散性思維；發散性思考,,https://terms.naer.edu.tw/
2815,diversifiable risk,可分散風險,可分散风险,https://terms.naer.edu.tw/
2816,diversification,多角化,多种经营；多元化战略,https://terms.naer.edu.tw/
2817,diversification strategy,多角化策略,,https://terms.naer.edu.tw/
2818,diversified multinational corporation,多角化的多國企業,,https://terms.naer.edu.tw/
2819,Diversity,多元性,多元性,https://terms.naer.edu.tw/
2820,diversity management,多樣化管理,多样性管理,https://terms.naer.edu.tw/
2821,diversity training,多樣化訓練,多样性培训,https://terms.naer.edu.tw/
2822,divestiture,撤資,,https://terms.naer.edu.tw/
2823,divestment strategy,撤資策略,,https://terms.naer.edu.tw/
2824,dividend,股利,,https://terms.naer.edu.tw/
2825,dividend clientele effect,股利顧客效果,,https://terms.naer.edu.tw/
2826,dividend discount model {=DDM},股利折現模型,股利贴现模型,https://terms.naer.edu.tw/
2827,dividend income,股利收益,股利所得,https://terms.naer.edu.tw/
2828,dividend irrelevance,股利政策無關論,股利无关论,https://terms.naer.edu.tw/
2829,dividend Payout Ratio,股利發放率,股利支付率,https://terms.naer.edu.tw/
2830,dividend policy,股利政策,股利政策,https://terms.naer.edu.tw/
2831,dividend rate,股息率；配股率,股息率,https://terms.naer.edu.tw/
2832,dividend reinvestment plans {=DRIPs},股利再投資計畫,,https://terms.naer.edu.tw/
2833,dividend tax,股利稅,红利税,https://terms.naer.edu.tw/
2834,dividend yield ratio,股利收益率,股利收益率,https://terms.naer.edu.tw/
2835,dividends puzzle,股利之謎,红利之谜,https://terms.naer.edu.tw/
2836,divisibility of innovation,創新可分割性,创新可分性,https://terms.naer.edu.tw/
2837,division,事業部,,https://terms.naer.edu.tw/
2838,division of labor,分工,分工,https://terms.naer.edu.tw/
2839,division of labor,分工,,https://terms.naer.edu.tw/
2840,division structure,事業部結構,事业部结构,https://terms.naer.edu.tw/
2841,divisional commercial bank,分離型商業銀行,分离型商业银行,https://terms.naer.edu.tw/
2842,divisional structure,部門式結構,,https://terms.naer.edu.tw/
2843,divisionalization,事業部化,,https://terms.naer.edu.tw/
2844,dock-to-stock,直接入庫；免驗入庫,直接入库,https://terms.naer.edu.tw/
2845,dock-to-stock inventory,直接入庫存貨；免驗入庫存貨,可直接入库库存,https://terms.naer.edu.tw/
2846,document,文件,文件,https://terms.naer.edu.tw/
2847,Document adaption,文獻改編,文献改编,https://terms.naer.edu.tw/
2848,document against acceptance {=D/A},承兌交單,承兑交单,https://terms.naer.edu.tw/
2849,document against payment {=D/P},付款交單,付款交单,https://terms.naer.edu.tw/
2850,document against payment after sight,遠期付款交單,远期付款交单,https://terms.naer.edu.tw/
2851,document against payment at sight,即期付款交單,即期付款交单,https://terms.naer.edu.tw/
2852,document against trust receipt,憑信託收據交單,凭信托收据交单,https://terms.naer.edu.tw/
2853,Document classification,文獻分類,文献分类,https://terms.naer.edu.tw/
2854,Document classification criterion,文獻分類標準,文献分类标准,https://terms.naer.edu.tw/
2855,Document delivery,文獻傳遞,文献传递,https://terms.naer.edu.tw/
2856,Document Delivery Service,文獻傳遞服務,文献传递服务,https://terms.naer.edu.tw/
2857,document of external origin,外來文件,外来文件,https://terms.naer.edu.tw/
2858,document of quality management system,品質管理系統文件,质量管理体系文件,https://terms.naer.edu.tw/
2859,"Document retrieval, document information retrieval",文檔資訊檢索,文文件信息检索,https://terms.naer.edu.tw/
2860,documentary bill [of exchange],跟單匯票,跟单汇票,https://terms.naer.edu.tw/
2861,documentary clean bill,光票；無跟單匯票,跟单光票,https://terms.naer.edu.tw/
2862,documentary collection,跟單託收,跟单托收,https://terms.naer.edu.tw/
2863,documentary credit [L/C],跟單信用狀,押汇信用证,https://terms.naer.edu.tw/
2864,Documentary Heritage,檔案文獻遺產,档案文献遗产,https://terms.naer.edu.tw/
2865,documentary import bill,進口跟單匯票,进口跟单汇票,https://terms.naer.edu.tw/
2866,documentary payment bill,跟單付款匯票,现付押汇票,https://terms.naer.edu.tw/
2867,documentary remittance,跟單匯款,跟单汇兑,https://terms.naer.edu.tw/
2868,dog,老狗［事業］,,https://terms.naer.edu.tw/
2869,dog business,瘦狗事業；苟延殘喘,,https://terms.naer.edu.tw/
2870,dollar duration,金額存續期間,,https://terms.naer.edu.tw/
2871,dollar parity,美元平價,美元平价,https://terms.naer.edu.tw/
2872,dollar premium,美元溢價,美元溢价,https://terms.naer.edu.tw/
2873,dollar volatility,絕對金額變異,,https://terms.naer.edu.tw/
2874,Domain knowledge,領域知識,领域知识,https://terms.naer.edu.tw/
2875,Domain name server (DNS),網域名稱伺服器,,https://terms.naer.edu.tw/
2876,Domain ontology,領域本體,领域本体,https://terms.naer.edu.tw/
2877,domestic credit,國內信用狀,国内信用证,https://terms.naer.edu.tw/
2878,domicile bill,付款地匯票,外埠付款票据；间接汇票,https://terms.naer.edu.tw/
2879,dominant culture,強勢文化,强势文化,https://terms.naer.edu.tw/
2880,dominant design,主導性設計；主流設計,,https://terms.naer.edu.tw/
2881,dominant logic,主導邏輯,,https://terms.naer.edu.tw/
2882,dominant strategy,主導策略,,https://terms.naer.edu.tw/
2883,dominant technology,主導性技術,主导技术,https://terms.naer.edu.tw/
2884,Domination,支配,支配,https://terms.naer.edu.tw/
2885,door-to-door selling,沿門銷售,,https://terms.naer.edu.tw/
2886,double auction,雙向競價,双向公开竞价,https://terms.naer.edu.tw/
2887,double endorsement,雙重背書,双重背书,https://terms.naer.edu.tw/
2888,double loop learning,雙回路學習,,https://terms.naer.edu.tw/
2889,double sampling,二次抽樣,二次抽样,https://terms.naer.edu.tw/
2890,double tariff,雙稅則,双重关税,https://terms.naer.edu.tw/
2891,double taxation,雙重課稅；重複課稅,双重课税,https://terms.naer.edu.tw/
2892,double-entry bookkeeping,複式簿記,,https://terms.naer.edu.tw/
2893,Dow Jones Indexe,道瓊指數,道琼斯股价指数,https://terms.naer.edu.tw/
2894,Dow Jones Industrial Average,道瓊工業平均指數,道•琼斯股票价格指数,https://terms.naer.edu.tw/
2895,Dow Jones Wilshire global total market Index,道瓊威爾希爾全球整體市場指數,道琼斯威尔希尔全球整体市场指数,https://terms.naer.edu.tw/
2896,downside risk,下方風險,下侧风险,https://terms.naer.edu.tw/
2897,downsizing,人事精簡；縮編,裁员,https://terms.naer.edu.tw/
2898,downward communication,下行溝通；向下溝通,下行沟通,https://terms.naer.edu.tw/
2899,downward risk,下方風險,,https://terms.naer.edu.tw/
2900,downward stretch,向下延伸,,https://terms.naer.edu.tw/
2901,draft at sight,即期匯票,即期汇票,https://terms.naer.edu.tw/
2902,draft for collection,託收匯票,托收汇票,https://terms.naer.edu.tw/
2903,draft with recourse,有追索權的匯票,有追索权的汇票,https://terms.naer.edu.tw/
2904,draft without recourse,無追索權的匯票,无追索权的汇票,https://terms.naer.edu.tw/
2905,drawback for duty paid,退稅,退税,https://terms.naer.edu.tw/
2906,Drawing Rights of International Monetary Funds,國際貨幣基金會提款權,国际货币基金组织提款权,https://terms.naer.edu.tw/
2907,Drill down/up analysis,下鑽分析,,https://terms.naer.edu.tw/
2908,drive,驅力,,https://terms.naer.edu.tw/
2909,drives,驅力,内驱力,https://terms.naer.edu.tw/
2910,driving force,驅動力,,https://terms.naer.edu.tw/
2911,driving forces,驅動力,驱动力,https://terms.naer.edu.tw/
2912,drop shipper,承訂批發商,,https://terms.naer.edu.tw/
2913,drum-buffer-rope (DBR),限制驅導式[排程]；鼓-緩衝-繩,鼓点-缓冲-绳索,https://terms.naer.edu.tw/
2914,DSS database,決策支援系統資料庫,,https://terms.naer.edu.tw/
2915,DSS generator,決策支援系統產生器,决策支持系统生成器,https://terms.naer.edu.tw/
2916,DSS tools,決策支援系統工具,决策支持系统工具,https://terms.naer.edu.tw/
2917,Du Pont equation,杜邦方程式,,https://terms.naer.edu.tw/
2918,dual adaptation,雙重調適,双向适应,https://terms.naer.edu.tw/
2919,dual banking system,雙軌制銀行體系,双重银行制度,https://terms.naer.edu.tw/
2920,dual central bank system,二元式中央銀行制度,二元式中央银行制度,https://terms.naer.edu.tw/
2921,dual distribution,雙重配銷,,https://terms.naer.edu.tw/
2922,dual exchange rate,雙重匯率,双重汇率,https://terms.naer.edu.tw/
2923,dual exchange rate system,雙重匯率制,双重汇率制,https://terms.naer.edu.tw/
2924,dual ladder,雙軌制,双轨制,https://terms.naer.edu.tw/
2925,dual ladder promotion system,雙軌晉升制度,双轨晋升制度,https://terms.naer.edu.tw/
2926,dual official rate system,雙重法定匯率制度,双重法定汇率制度,https://terms.naer.edu.tw/
2927,dual track,雙軌制,双轨制,https://terms.naer.edu.tw/
2928,dual valuation,雙重保額,[海运保险中的]船舶双重估值,https://terms.naer.edu.tw/
2929,dual-card kanban system,雙卡看板系統,,https://terms.naer.edu.tw/
2930,dual-career path,雙軌職涯路徑,双规职涯通道,https://terms.naer.edu.tw/
2931,Dual-process Model,雙軌模式,双轨模式,https://terms.naer.edu.tw/
2932,Duality,雙重性,双重性,https://terms.naer.edu.tw/
2933,Duality of Technology,科技的雙重性,科技的双重性,https://terms.naer.edu.tw/
2934,Dublin Core (DC),都柏林核心集,都柏林核心集,https://terms.naer.edu.tw/
2935,due bill,到期匯票,到期汇票,https://terms.naer.edu.tw/
2936,due diligence,實質審查；盡職調查,,https://terms.naer.edu.tw/
2937,due to bank,同業存款,应付银行款,https://terms.naer.edu.tw/
2938,DUI-mode: design user interface,設計與使用者介面模式,,https://terms.naer.edu.tw/
2939,DUI-mode: innovation by doing and using,基於經驗的創新模式,基于经验的创新模式,https://terms.naer.edu.tw/
2940,dumping,傾銷,,https://terms.naer.edu.tw/
2941,dumping duty,傾銷關稅,倾销关税,https://terms.naer.edu.tw/
2942,durability,耐久性,耐久性,https://terms.naer.edu.tw/
2943,durable goods,耐久財,耐用品,https://terms.naer.edu.tw/
2944,duration,存續期間,久期,https://terms.naer.edu.tw/
2945,Dutch auction {descending bid},荷式拍賣,,https://terms.naer.edu.tw/
2946,dutch-auction tender offer,荷蘭式競標,荷兰式拍卖招标,https://terms.naer.edu.tw/
2947,dutiable goods,應稅貨物,应税货物,https://terms.naer.edu.tw/
2948,dyadic relationship,對偶關係,,https://terms.naer.edu.tw/
2949,dynamic capabilities,動態能力,,https://terms.naer.edu.tw/
2950,dynamic capabilities,動態能力,动态能力,https://terms.naer.edu.tw/
2951,Dynamic capability theory {=DCT},動態能力理論,,https://terms.naer.edu.tw/
2952,dynamic competition,動態競爭,,https://terms.naer.edu.tw/
2953,Dynamic decision-making,動態決策,动态决策,https://terms.naer.edu.tw/
2954,dynamic hedge,動態避險,动态对冲,https://terms.naer.edu.tw/
2955,dynamic hedging,動態對沖,动态套期保值,https://terms.naer.edu.tw/
2956,Dynamic information source,動態資訊來源,动态信息,https://terms.naer.edu.tw/
2957,dynamic lot sizing,動態批量規劃,动态批量规划,https://terms.naer.edu.tw/
2958,dynamic pricing,動態訂價法,动态定价,https://terms.naer.edu.tw/
2959,Dynamic system,動態系統,动态系统,https://terms.naer.edu.tw/
2960,dynamic X-efficiency,動態X效率,,https://terms.naer.edu.tw/
2961,Dynamicity,動態性,动态性,https://terms.naer.edu.tw/
2962,dysfunctional conflict,反功能性衝突；破壞性衝突,,https://terms.naer.edu.tw/
2963,E-book,電子書,数字化图书,https://terms.naer.edu.tw/
2964,e-business,電子化企業；電子化經營,,https://terms.naer.edu.tw/
2965,e-cash,電子現金,电子现金,https://terms.naer.edu.tw/
2966,e-commerce,電子商務,,https://terms.naer.edu.tw/
2967,e-commerce architecture,電子商務架構,电子商务架构,https://terms.naer.edu.tw/
2968,e-commerce credit,電子商務信用,电子商务信用,https://terms.naer.edu.tw/
2969,e-commerce information security,電子商務資訊安全,电子商务信息安全,https://terms.naer.edu.tw/
2970,e-commerce management,電子商務管理,电子商务管理,https://terms.naer.edu.tw/
2971,e-commerce model,電子商務模式,电子商务模式,https://terms.naer.edu.tw/
2972,e-commerce negotiation,電子商務談判,电子商务谈判,https://terms.naer.edu.tw/
2973,e-commerce process,電子商務過程,电子商务过程,https://terms.naer.edu.tw/
2974,e-commerce product,電子商務產品,电子商务产品,https://terms.naer.edu.tw/
2975,e-commerce security,電子商務安全,电子商务安全,https://terms.naer.edu.tw/
2976,e-commerce standard,電子商務標準,电子商务标准,https://terms.naer.edu.tw/
2977,e-commerce system,電子商務系統,电子商务系统,https://terms.naer.edu.tw/
2978,e-commerce transaction,電子商務交易,电子商务交易,https://terms.naer.edu.tw/
2979,e-commerce website,電子商務網站,电子商务网站,https://terms.naer.edu.tw/
2980,e-Finance,財務管理資訊系統,,https://terms.naer.edu.tw/
2981,e-HR,人力資源管理資訊系統,,https://terms.naer.edu.tw/
2982,e-invoice,電子發票,电子发票,https://terms.naer.edu.tw/
2983,e-learning,線上學習,,https://terms.naer.edu.tw/
2984,E-mail,電子郵件,,https://terms.naer.edu.tw/
2985,e-marketing,電子行銷,,https://terms.naer.edu.tw/
2986,e-procurement,電子購買,,https://terms.naer.edu.tw/
2987,e-purchasing,電子採購,,https://terms.naer.edu.tw/
2988,E-recruitment,網路招募；線上招募,网络招聘,https://terms.naer.edu.tw/
2989,e-service,電子化服務,电子化服务,https://terms.naer.edu.tw/
2990,E-wallet,電子錢包,电子货币包,https://terms.naer.edu.tw/
2991,earliest due date (EDD),最早到期法則；最早到期日,最早完工期限规则,https://terms.naer.edu.tw/
2992,early adopter,早期採用者,,https://terms.naer.edu.tw/
2993,early adopter,早期採用者,,https://terms.naer.edu.tw/
2994,early adopters,早期採用者,,https://terms.naer.edu.tw/
2995,early entry strategy,早期進入策略,,https://terms.naer.edu.tw/
2996,early growth stage,早期成長階段,,https://terms.naer.edu.tw/
2997,early majority,早期多數；早期大眾,,https://terms.naer.edu.tw/
2998,early retirement programs,提前退休方案,提前退休方案,https://terms.naer.edu.tw/
2999,early warning system,預警系統,早期预警系统,https://terms.naer.edu.tw/
3000,"earning before interest and taxes, EBIT",息前稅前盈餘,,https://terms.naer.edu.tw/
3001,earning power ratio,獲利能力,,https://terms.naer.edu.tw/
3002,earning rate,收益率,收益率,https://terms.naer.edu.tw/
3003,"earnings before interest, taxes, depreciation, and amortization, EBITDA",息稅折舊攤銷前盈餘,,https://terms.naer.edu.tw/
3004,"earnings per share, EPS",每股盈餘,每股盈余,https://terms.naer.edu.tw/
3005,earnings retention ratio,盈餘保留率,收益留存率,https://terms.naer.edu.tw/
3006,East-West Trade,東西貿易,东西贸易,https://terms.naer.edu.tw/
3007,EBITDA coverage ratio,EBITDA覆蓋率,,https://terms.naer.edu.tw/
3008,eco city,生態城市,,https://terms.naer.edu.tw/
3009,eco innovation,生態創新,生态创新,https://terms.naer.edu.tw/
3010,eco-efficiency,生態效益,,https://terms.naer.edu.tw/
3011,ecoconsumer,生態消費者,生态消费者,https://terms.naer.edu.tw/
3012,ecological environment,生態環境,,https://terms.naer.edu.tw/
3013,ecological validity,生態效度,生态效度,https://terms.naer.edu.tw/
3014,ecomagination,生態想像,,https://terms.naer.edu.tw/
3015,econometric test,計量檢測,计量检验,https://terms.naer.edu.tw/
3016,Economic and Monetary Union of the European Community,歐洲經濟與貨幣聯盟,欧洲经济与货币联盟,https://terms.naer.edu.tw/
3017,Economic and Social Council {=ECOSOC},[聯合國]經濟社會理事會,[联合国]经济及社会理事会,https://terms.naer.edu.tw/
3018,Economic and Social Council {=ECOSOC},[聯合國]經濟及社會理事會,[联合国]经济社会理事会,https://terms.naer.edu.tw/
3019,Economic Commission for Africa {=ECA},[聯合國]非洲經濟委員會,[联合国]非洲经济委员会,https://terms.naer.edu.tw/
3020,Economic Commission for Asia and the Far East {=ECAFE},[聯合國]亞洲及遠東經濟委員會,[联合国]亚洲及远东经济委员会,https://terms.naer.edu.tw/
3021,Economic Commission for Europe {=ECE},[聯合國]歐洲經濟委員會,[联合国]欧洲经济委员会,https://terms.naer.edu.tw/
3022,Economic Commission for Latin America {=ECLA},[聯合國]拉丁美洲經濟委員會,[联合国]拉丁美洲经济委员会,https://terms.naer.edu.tw/
3023,Economic Commission for West Asia {=ECWA},[聯合國]西亞經濟委員會,[联合国]西亚经济委员会,https://terms.naer.edu.tw/
3024,economic community,經濟共同體,经济共同体,https://terms.naer.edu.tw/
3025,economic criteria,經濟性準則,,https://terms.naer.edu.tw/
3026,economic dependency ratio,經濟依存度,经济依赖度,https://terms.naer.edu.tw/
3027,economic efficiency,經濟效率,经济效率,https://terms.naer.edu.tw/
3028,economic externality,經濟外部性,,https://terms.naer.edu.tw/
3029,economic interdependency,經濟相互依存度,经济相互依存度,https://terms.naer.edu.tw/
3030,economic life,經濟壽命,,https://terms.naer.edu.tw/
3031,economic man,經濟人,,https://terms.naer.edu.tw/
3032,economic order quantity {=EOQ},經濟訂購量,,https://terms.naer.edu.tw/
3033,economic principle of motion,動作經濟原則,动作经济原则,https://terms.naer.edu.tw/
3034,economic production lot (EPL),經濟生產批量,经济生产批量,https://terms.naer.edu.tw/
3035,economic production quantity (EPQ)　,經濟生產批量,,https://terms.naer.edu.tw/
3036,economic rent,經濟租,,https://terms.naer.edu.tw/
3037,economic sanction,經濟制裁,经济制裁,https://terms.naer.edu.tw/
3038,economic union,經濟同盟,经济同盟,https://terms.naer.edu.tw/
3039,economic value,經濟價值,,https://terms.naer.edu.tw/
3040,economic value added,經濟附加價值,,https://terms.naer.edu.tw/
3041,economics,經濟學,,https://terms.naer.edu.tw/
3042,economics of internet,網際網路經濟學,,https://terms.naer.edu.tw/
3043,economies of learning,學習的經濟效益,学习的经济效果,https://terms.naer.edu.tw/
3044,economies of scale,規模經濟,规模经济,https://terms.naer.edu.tw/
3045,economies of scale,規模經濟,,https://terms.naer.edu.tw/
3046,economies of scale due to multiple sites,多點經營的規模經濟,,https://terms.naer.edu.tw/
3047,economies of scope,範疇經濟,范围经济,https://terms.naer.edu.tw/
3048,economies of scope,範疇經濟,,https://terms.naer.edu.tw/
3049,economies of specialization,專業分工的經濟利益,,https://terms.naer.edu.tw/
3050,ecosystem,生態系統,,https://terms.naer.edu.tw/
3051,Edison's quadrant,愛迪生象限,爱迪生象限,https://terms.naer.edu.tw/
3052,education,教育程度,学历,https://terms.naer.edu.tw/
3053,"effective annual rate, EFF%",有效年利率,,https://terms.naer.edu.tw/
3054,effective capacity,有效產能,,https://terms.naer.edu.tw/
3055,effective exchange rate,有效匯率,实际汇率,https://terms.naer.edu.tw/
3056,effective interest rate,有效利率,实际利率,https://terms.naer.edu.tw/
3057,effective spread,有效價差,有效价差,https://terms.naer.edu.tw/
3058,effective tax rate,有效稅率,实际税率,https://terms.naer.edu.tw/
3059,effective tax rates,有效稅率,有效税率,https://terms.naer.edu.tw/
3060,effective therblig,有效動素,有效动素,https://terms.naer.edu.tw/
3061,effective working hour,有效工時,有效工时,https://terms.naer.edu.tw/
3062,effective yield,有效收益,实际收益,https://terms.naer.edu.tw/
3063,effectiveness,效能；效果,,https://terms.naer.edu.tw/
3064,efficiency,效率,,https://terms.naer.edu.tw/
3065,efficiency wage objective,效率工資目標,效率工资目标,https://terms.naer.edu.tw/
3066,efficiency wage theory,效率工資理論,效率工资理论,https://terms.naer.edu.tw/
3067,efficiency-type corporate,效率型企業,效率型企业,https://terms.naer.edu.tw/
3068,efficient frontier,效率前緣,有效边界,https://terms.naer.edu.tw/
3069,efficient market,效率市場,,https://terms.naer.edu.tw/
3070,efficient market hypothesis,效率市場假說,有效市场假说,https://terms.naer.edu.tw/
3071,efficient portfolio,效率投資組合,,https://terms.naer.edu.tw/
3072,efficient portfolio management,效率投資組合管理,有效资产组合管理,https://terms.naer.edu.tw/
3073,effort-performance linkage,努力-績效連結,,https://terms.naer.edu.tw/
3074,EFQM excellence Award,歐洲品質獎,EFQM卓越奖,https://terms.naer.edu.tw/
3075,ego strength,自我強度,,https://terms.naer.edu.tw/
3076,egoism view,利己主義觀點,利己主义观点,https://terms.naer.edu.tw/
3077,eighty-twenty principle,80-20法則,,https://terms.naer.edu.tw/
3078,ekanban,電子看板,电子看板,https://terms.naer.edu.tw/
3079,Elaboration Likelihood Model,詳儘可能性模型,可能性模式,https://terms.naer.edu.tw/
3080,elaboration likelihood model {=ELM},推敲可能性模式,,https://terms.naer.edu.tw/
3081,elastic expectation,期望彈性,,https://terms.naer.edu.tw/
3082,elastic fiduciary issue system,彈性信用發行制度,弹性信用发行制度,https://terms.naer.edu.tw/
3083,elastic tariff,彈性關稅,弹性关税,https://terms.naer.edu.tw/
3084,elasticity approach to balance of payments,國際收支的彈性分析法,国际收支的弹性分析方法,https://terms.naer.edu.tw/
3085,elasticity of demand,需求彈性,,https://terms.naer.edu.tw/
3086,elasticity of export and import,進出口彈性,进出口弹性,https://terms.naer.edu.tw/
3087,elasticity of export supply,出口供給彈性,出口供给弹性,https://terms.naer.edu.tw/
3088,elasticity of import demand,進口需求彈性,进口需求弹性,https://terms.naer.edu.tw/
3089,electronic catalogue,電子目錄,电子目录,https://terms.naer.edu.tw/
3090,Electronic check,電子支票,电子支票,https://terms.naer.edu.tw/
3091,electronic commerce,電子商務,电子商务,https://terms.naer.edu.tw/
3092,electronic data interchange {=EDI},電子資料交換,,https://terms.naer.edu.tw/
3093,Electronic data processing {=EDP},電子資料處理,,https://terms.naer.edu.tw/
3094,electronic fund transfer {=EFT},電子資金轉帳,电子资金转账,https://terms.naer.edu.tw/
3095,Electronic funds transfer (EFT),電子轉帳,,https://terms.naer.edu.tw/
3096,electronic kanban,電子看板,电子看板,https://terms.naer.edu.tw/
3097,Electronic market,電子市場,电子市场,https://terms.naer.edu.tw/
3098,electronic meeting,電子會議,电子会议,https://terms.naer.edu.tw/
3099,electronic meeting,電子會議,,https://terms.naer.edu.tw/
3100,Electronic meeting system (EMS),電子會議系統,,https://terms.naer.edu.tw/
3101,Electronic money,電子錢,电子货币,https://terms.naer.edu.tw/
3102,Electronic order,電子訂單,电子订单,https://terms.naer.edu.tw/
3103,Electronic payment,電子付款,电子支付,https://terms.naer.edu.tw/
3104,electronic procurement,電子採購,电子采购,https://terms.naer.edu.tw/
3105,electronic quotation screen,電子報價螢幕,,https://terms.naer.edu.tw/
3106,electronic retailing,電子零售,,https://terms.naer.edu.tw/
3107,Electronic signature,電子簽章,电子签名,https://terms.naer.edu.tw/
3108,electronic trading,電子交易,,https://terms.naer.edu.tw/
3109,Electronic trading (e-trading),電子交易,电子交易,https://terms.naer.edu.tw/
3110,Electronic trading system,電子交易系統,电子交易系统,https://terms.naer.edu.tw/
3111,Electronic versions of classification systems,分類法電子版,分类法电子版,https://terms.naer.edu.tw/
3112,element breakdown,基本動作分解,基本动作分解,https://terms.naer.edu.tw/
3113,element time,基本動作時間,基本动作时间,https://terms.naer.edu.tw/
3114,eligible bill,合格票據,合法票据,https://terms.naer.edu.tw/
3115,elimination,剔除,取消,https://terms.naer.edu.tw/
3116,elimination-by-aspects,屬性篩減策略,逐步淘汰策略,https://terms.naer.edu.tw/
3117,embargo,禁運,贸易禁运,https://terms.naer.edu.tw/
3118,embargo,禁運,,https://terms.naer.edu.tw/
3119,embedded option,隱含選擇權,隐含期权,https://terms.naer.edu.tw/
3120,Emergence,湧現性,涌现性,https://terms.naer.edu.tw/
3121,emergency goods,緊急品,,https://terms.naer.edu.tw/
3122,emergency tariff,緊急關稅,紧急关税,https://terms.naer.edu.tw/
3123,emergent strategies,非計畫中的策略,,https://terms.naer.edu.tw/
3124,emerging industries,新興產業,,https://terms.naer.edu.tw/
3125,emerging markets,新興市場,,https://terms.naer.edu.tw/
3126,emerging technology,新興技術,新兴技术,https://terms.naer.edu.tw/
3127,Emerson efficiency plan,艾默生效率獎金制,,https://terms.naer.edu.tw/
3128,emotion display rule,情緒表達規則,,https://terms.naer.edu.tw/
3129,emotional appeal,感情訴求,情感诉求,https://terms.naer.edu.tw/
3130,emotional catharsis,情緒宣洩,情绪宣泄,https://terms.naer.edu.tw/
3131,emotional dissonance,情緒失調,情绪失调,https://terms.naer.edu.tw/
3132,emotional intelligence {=EI},情緒智力,情绪智力,https://terms.naer.edu.tw/
3133,"emotional intelligence quotient {=EIQ, EQ}",情緒智商,,https://terms.naer.edu.tw/
3134,emotional labor,情緒勞務,情绪劳动,https://terms.naer.edu.tw/
3135,emotional positioning,感性定位,,https://terms.naer.edu.tw/
3136,emotional quotient (EQ),情緒智商,情绪智商,https://terms.naer.edu.tw/
3137,emotional stability,情緒穩定性；情緒穩定度,情绪稳定性；情绪稳定度,https://terms.naer.edu.tw/
3138,emotional test,情緒測驗,情绪测验,https://terms.naer.edu.tw/
3139,empathetic listening,傾聽,,https://terms.naer.edu.tw/
3140,empathy,同理心,移情性,https://terms.naer.edu.tw/
3141,empathy,同理心,,https://terms.naer.edu.tw/
3142,employability,就業力；就業能力,就业力；就业能力,https://terms.naer.edu.tw/
3143,employee assistance program{=EAP},員工協助方案,,https://terms.naer.edu.tw/
3144,employee assistance programs (EAPs),員工協助方案；員工協助計畫,员工援助计划,https://terms.naer.edu.tw/
3145,employee attitude survey,員工態度調查,员工态度调查,https://terms.naer.edu.tw/
3146,employee benefit,員工福利,,https://terms.naer.edu.tw/
3147,employee benefits,員工福利,员工福利/附加薪酬,https://terms.naer.edu.tw/
3148,employee champion,員工鬥士,,https://terms.naer.edu.tw/
3149,employee comparison method,人員比較法,人员比较法,https://terms.naer.edu.tw/
3150,employee compensation,員工薪酬,,https://terms.naer.edu.tw/
3151,employee counseling,員工諮商,,https://terms.naer.edu.tw/
3152,employee development,員工發展,员工开发,https://terms.naer.edu.tw/
3153,employee development,員工發展,,https://terms.naer.edu.tw/
3154,employee engagement,員工敬業,员工敬业,https://terms.naer.edu.tw/
3155,employee hiring,員工雇用,人员录用,https://terms.naer.edu.tw/
3156,employee involvement,員工投入,员工参与,https://terms.naer.edu.tw/
3157,employee manual,員工手冊,员工手册,https://terms.naer.edu.tw/
3158,employee orientation,職前訓練,,https://terms.naer.edu.tw/
3159,employee oriented,員工導向,,https://terms.naer.edu.tw/
3160,employee oriented leader,員工導向領導者,,https://terms.naer.edu.tw/
3161,employee participation program,員工參與計畫,,https://terms.naer.edu.tw/
3162,employee referral,員工推薦,员工推荐,https://terms.naer.edu.tw/
3163,employee relations,員工關係,员工关系,https://terms.naer.edu.tw/
3164,employee security measures,員工安全措施,员工安全措施,https://terms.naer.edu.tw/
3165,employee self-service,員工自助服務,员工自助服务,https://terms.naer.edu.tw/
3166,employee service benefits,員工服務福利,员工服务福利,https://terms.naer.edu.tw/
3167,employee stock ownership plans,員工認股計畫；員工持股計畫,,https://terms.naer.edu.tw/
3168,employee wellness programs,員工健康方案,员工健康计划,https://terms.naer.edu.tw/
3169,employee withdrawal,員工退卻；員工退縮,员工退缩,https://terms.naer.edu.tw/
3170,employment contract,勞動契約,劳动合同,https://terms.naer.edu.tw/
3171,employment planning,僱用規劃,,https://terms.naer.edu.tw/
3172,employment relations,雇用關係,,https://terms.naer.edu.tw/
3173,employment security,就業安全,就业安全,https://terms.naer.edu.tw/
3174,empowerment,授能；賦權,授权,https://terms.naer.edu.tw/
3175,emulation stage,仿效期,,https://terms.naer.edu.tw/
3176,enabling,賦能,,https://terms.naer.edu.tw/
3177,enabling technology,致能技術,,https://terms.naer.edu.tw/
3178,enacted value,實踐的價值觀,,https://terms.naer.edu.tw/
3179,Encapsulation,封裝,封装,https://terms.naer.edu.tw/
3180,encirclement attack,包圍攻擊,,https://terms.naer.edu.tw/
3181,encoding,編碼,,https://terms.naer.edu.tw/
3182,Encryption,加密,加密,https://terms.naer.edu.tw/
3183,Encryption technique,加密技術,加密技术,https://terms.naer.edu.tw/
3184,End-user computing (EUC),使用者自建系統,,https://terms.naer.edu.tw/
3185,End-user interface,使用者介面,,https://terms.naer.edu.tw/
3186,ending inventory,期末存貨,期末库存,https://terms.naer.edu.tw/
3187,endophytism of technology breakthrough,內生性技術突破,内生性技术突破,https://terms.naer.edu.tw/
3188,endorsed bill,背書票據,背书票据,https://terms.naer.edu.tw/
3189,endorsed bond,背書擔保債券,背书债券,https://terms.naer.edu.tw/
3190,endorsement in blank,空白背書,空白背书,https://terms.naer.edu.tw/
3191,endorsement in full,全名背書；記名背書；特別背書,全名背书；记名背书,https://terms.naer.edu.tw/
3192,endorsement in pledge,質權背書,抵押背书,https://terms.naer.edu.tw/
3193,endorsement without recourse,無追索權背書,无追索权背书,https://terms.naer.edu.tw/
3194,energy futures,能源期貨,,https://terms.naer.edu.tw/
3195,"energy saving, emission reducing",節能減排,节能减排,https://terms.naer.edu.tw/
3196,enforced liquidation,強制性清算,强制性清算,https://terms.naer.edu.tw/
3197,Enforcement Costs,契約執行成本,契约执行成本,https://terms.naer.edu.tw/
3198,engineer to order {=ETO},接單設計,按订单设计,https://terms.naer.edu.tw/
3199,engineering,工程學,,https://terms.naer.edu.tw/
3200,engineering attributes,工程屬性,,https://terms.naer.edu.tw/
3201,engineering research center,工程研究中心,工程研究中心,https://terms.naer.edu.tw/
3202,engineering technology,工程技術,工程技术,https://terms.naer.edu.tw/
3203,English auction {ascending bid},英式拍賣,,https://terms.naer.edu.tw/
3204,Enterprise informaation portal (EIP),企業入口網站,,https://terms.naer.edu.tw/
3205,enterprise innovation networks,企業創新網路,企业创新网络,https://terms.naer.edu.tw/
3206,enterprise resource planning {=ERP},企業資源規劃,,https://terms.naer.edu.tw/
3207,enterprise resource planning system {=ERP},企業資源規劃系統,,https://terms.naer.edu.tw/
3208,enterprise standard,企業標準,企业标准,https://terms.naer.edu.tw/
3209,enterprise zone,企業特區,,https://terms.naer.edu.tw/
3210,enterprising,企業型{Holland六種人格類型之一},企业型{Holland六种人格类型之一},https://terms.naer.edu.tw/
3211,Entire Archives of the State,國家檔案全宗,国家档案全宗,https://terms.naer.edu.tw/
3212,entirely new products,全新產品,全新产品,https://terms.naer.edu.tw/
3213,entity,實體,实体,https://terms.naer.edu.tw/
3214,Entity-relationship model (ER Model),實體關係模型,实体关系模型,https://terms.naer.edu.tw/
3215,entrepot trade,轉口貿易,转口贸易,https://terms.naer.edu.tw/
3216,entrepreneur,創業家,企业家,https://terms.naer.edu.tw/
3217,entrepreneurial capabilities,創業能力,,https://terms.naer.edu.tw/
3218,entrepreneurial intention,創業意向；創業意圖,创业意向,https://terms.naer.edu.tw/
3219,entrepreneurial leadership,創業型領導,,https://terms.naer.edu.tw/
3220,entrepreneurial management,創業管理,创业管理,https://terms.naer.edu.tw/
3221,entrepreneurial opportunity,創業機會,,https://terms.naer.edu.tw/
3222,entrepreneurial orientation,創業導向,,https://terms.naer.edu.tw/
3223,entrepreneurial performance,創業績效,创业绩效,https://terms.naer.edu.tw/
3224,entrepreneurial process,創業程序,,https://terms.naer.edu.tw/
3225,entrepreneurial team,創業團隊,,https://terms.naer.edu.tw/
3226,entrepreneurial trait school,創業特質學派,,https://terms.naer.edu.tw/
3227,entrepreneurial university,創業型大學,,https://terms.naer.edu.tw/
3228,entrepreneurship,創業精神；企業家精神,,https://terms.naer.edu.tw/
3229,entrusted investment,委託投資,委托投资,https://terms.naer.edu.tw/
3230,Entry,入口,款目,https://terms.naer.edu.tw/
3231,entry barrier,進入障礙,进入壁垒,https://terms.naer.edu.tw/
3232,entry barrier,進入障礙,,https://terms.naer.edu.tw/
3233,entry barriers,進入障礙,进入壁垒,https://terms.naer.edu.tw/
3234,entry barriers,進入障礙,,https://terms.naer.edu.tw/
3235,entry deterrence,進入阻絕,,https://terms.naer.edu.tw/
3236,Entry format,登錄格式,著录格式,https://terms.naer.edu.tw/
3237,entry mode,進入模式,,https://terms.naer.edu.tw/
3238,entry permit,入境許可,入境许可,https://terms.naer.edu.tw/
3239,entry strategy,進入策略,,https://terms.naer.edu.tw/
3240,Enumerative Classification,體系分類法,体系分类法,https://terms.naer.edu.tw/
3241,environment premises,環境前提,,https://terms.naer.edu.tw/
3242,environmental audit,環境稽核,环境审计,https://terms.naer.edu.tw/
3243,environmental change,環境變遷,,https://terms.naer.edu.tw/
3244,environmental complexity,環境複雜度,环境复杂性,https://terms.naer.edu.tw/
3245,environmental degradation,環境惡化,,https://terms.naer.edu.tw/
3246,environmental factors,環境因素,,https://terms.naer.edu.tw/
3247,environmental management system certification,環境管理制度認證,环境管理体系认证,https://terms.naer.edu.tw/
3248,environmental monitoring,環境偵測,,https://terms.naer.edu.tw/
3249,environmental opportunities,環境機會,,https://terms.naer.edu.tw/
3250,environmental scanning,環境掃描；環境偵測,,https://terms.naer.edu.tw/
3251,environmental stability,環境穩定性,,https://terms.naer.edu.tw/
3252,environmental sustainability,環境永續,环境可持续性,https://terms.naer.edu.tw/
3253,environmental sustainability strategies,環境永續策略,环境可持续性战略,https://terms.naer.edu.tw/
3254,environmental threat,環境威脅,,https://terms.naer.edu.tw/
3255,environmental uncertainty,環境不確定性,环境不确定性,https://terms.naer.edu.tw/
3256,environmentalist,環境論者,环境论者,https://terms.naer.edu.tw/
3257,environments,環境,,https://terms.naer.edu.tw/
3258,Epiphenomenal,依附現象,依附现象,https://terms.naer.edu.tw/
3259,EPS indifference analysis,每股盈餘無異分析,,https://terms.naer.edu.tw/
3260,EPS indifference point,每股盈餘無異點,,https://terms.naer.edu.tw/
3261,equal employment opportunity,公平就業機會,公平就业机会,https://terms.naer.edu.tw/
3262,equal employment opportunity,公平就業機會,,https://terms.naer.edu.tw/
3263,equal pay for equal work,同工同酬,同工同酬,https://terms.naer.edu.tw/
3264,equal pay for work of equal value,同工同酬；同值同酬,,https://terms.naer.edu.tw/
3265,equal rate of return principal,報酬率均等原則,,https://terms.naer.edu.tw/
3266,equal runout method,等供應時間訂購法,等供应时间订购法,https://terms.naer.edu.tw/
3267,equal runout quantities,等供應時間訂購法,等供应时间订购法,https://terms.naer.edu.tw/
3268,equalitarianism,平等主義,,https://terms.naer.edu.tw/
3269,equalization fund,平準基金,外汇平衡基金；平准基金,https://terms.naer.edu.tw/
3270,equally weighted Index,等權指數,等权重指数,https://terms.naer.edu.tw/
3271,equilibrium,均衡,,https://terms.naer.edu.tw/
3272,equilibrium of balance of payments,國際收支平衡,国际收支平衡,https://terms.naer.edu.tw/
3273,equilibrium point,均衡點,,https://terms.naer.edu.tw/
3274,equilibrium price,均衡價格,均衡价格,https://terms.naer.edu.tw/
3275,equilibrium rate of exchange,均衡匯率,均衡汇率,https://terms.naer.edu.tw/
3276,equilibrium rate of interest,均衡利率,均衡利率,https://terms.naer.edu.tw/
3277,equity,權益,权益,https://terms.naer.edu.tw/
3278,equity capital,權益資本,权益资本,https://terms.naer.edu.tw/
3279,equity capital,權益資本,股权资本,https://terms.naer.edu.tw/
3280,equity carve-out,權益分割,分拆上市,https://terms.naer.edu.tw/
3281,equity derivative,股權衍生證券,股本衍生工具,https://terms.naer.edu.tw/
3282,equity financing,權益融資,,https://terms.naer.edu.tw/
3283,equity leg,股權端,,https://terms.naer.edu.tw/
3284,equity market,股權市場,股票市场,https://terms.naer.edu.tw/
3285,equity multiplier,權益乘數,,https://terms.naer.edu.tw/
3286,equity pay objective,公平薪資目標,公平工资目标,https://terms.naer.edu.tw/
3287,equity premium,股權溢價、股權溢酬,股权溢价,https://terms.naer.edu.tw/
3288,equity premium,股權溢價,股权溢价,https://terms.naer.edu.tw/
3289,equity premium puzzle,股權溢價困惑,股本溢价之谜,https://terms.naer.edu.tw/
3290,equity residual method,權益剩餘法,,https://terms.naer.edu.tw/
3291,equity securities,權益證券,股权类金融产品,https://terms.naer.edu.tw/
3292,equity security,股權憑證,股权凭证,https://terms.naer.edu.tw/
3293,equity strategic alliance,股權式策略聯盟,,https://terms.naer.edu.tw/
3294,equity swap,權益交換,股权互换,https://terms.naer.edu.tw/
3295,equity theory,公平理論,公平理论,https://terms.naer.edu.tw/
3296,equity theory,公平理論,,https://terms.naer.edu.tw/
3297,equity to asset ratio,股東權益與資產比率,股东权益与资产比率,https://terms.naer.edu.tw/
3298,equity-based alliance,股權式聯盟,,https://terms.naer.edu.tw/
3299,equity-generating innovation,股權增加式創新,股权-引致型创新,https://terms.naer.edu.tw/
3300,equity-linked note,股價聯結票據,,https://terms.naer.edu.tw/
3301,equivalent annual annuity (EAA) approach,約當年金法,,https://terms.naer.edu.tw/
3302,"equivalent annual rate, EAR",約當年利率,,https://terms.naer.edu.tw/
3303,equivalent duty,約當關稅,等量关税,https://terms.naer.edu.tw/
3304,Equivocality,模糊性,模糊性,https://terms.naer.edu.tw/
3305,ERG theory,生存-關係-成長理論；三需求理論,,https://terms.naer.edu.tw/
3306,error factor,誤差因子,误差因素,https://terms.naer.edu.tw/
3307,error of central tendency,趨中誤差,趋中误差,https://terms.naer.edu.tw/
3308,Error of Exclusion,排除的錯誤,排除的错误,https://terms.naer.edu.tw/
3309,error of measurement,測量誤差,测量误差,https://terms.naer.edu.tw/
3310,error-proofing,防呆法；防錯法,防错法；差错预防,https://terms.naer.edu.tw/
3311,Errors of Inclusion,包含的錯誤,包含的错误,https://terms.naer.edu.tw/
3312,escalating commitment,續擴承諾,,https://terms.naer.edu.tw/
3313,escalation of commitment,承諾升高；承諾遞升,承诺升级,https://terms.naer.edu.tw/
3314,escalator clause,伸縮條款,,https://terms.naer.edu.tw/
3315,escape clause,免責條款,免责条款,https://terms.naer.edu.tw/
3316,escrow  [letter of]  credit,條件交付信用狀,委托信用证,https://terms.naer.edu.tw/
3317,escrow agreement,附條件交付契約,附条件交付契约,https://terms.naer.edu.tw/
3318,escrow barter trade,託付易貨貿易,记账易货贸易,https://terms.naer.edu.tw/
3319,espoused value,信奉的價值,,https://terms.naer.edu.tw/
3320,esprit de corps,團隊精神,,https://terms.naer.edu.tw/
3321,essay appraisal,論述評估,,https://terms.naer.edu.tw/
3322,essay test,申論式測驗,叙述评价法,https://terms.naer.edu.tw/
3323,essences of strategy,策略要素,,https://terms.naer.edu.tw/
3324,established international practice,國際慣例,公认的国际惯例,https://terms.naer.edu.tw/
3325,esteem need,自尊需求；自尊需要,自尊需求；自尊需要,https://terms.naer.edu.tw/
3326,estimated time,估計時間,估计时间,https://terms.naer.edu.tw/
3327,Ethernet,乙太網路,,https://terms.naer.edu.tw/
3328,ethic dilemma,倫理困境,伦理困境,https://terms.naer.edu.tw/
3329,ethical absolutism,倫理絕對主義,伦理绝对主义,https://terms.naer.edu.tw/
3330,ethical audit,倫理稽核,,https://terms.naer.edu.tw/
3331,ethical behavior,倫理行為,伦理行为,https://terms.naer.edu.tw/
3332,ethical climate,倫理氛圍；倫理氣候,伦理氛围,https://terms.naer.edu.tw/
3333,ethical decision-making,倫理決策,伦理决策,https://terms.naer.edu.tw/
3334,ethical dilemma,倫理困境,伦理困境,https://terms.naer.edu.tw/
3335,ethical fund,倫理基金,,https://terms.naer.edu.tw/
3336,ethical leadership,倫理式領導,伦理型领导,https://terms.naer.edu.tw/
3337,ethical principle,倫理原則,伦理原则,https://terms.naer.edu.tw/
3338,ethical relativism,倫理相對主義,伦理相对主义,https://terms.naer.edu.tw/
3339,ethics,倫理,伦理,https://terms.naer.edu.tw/
3340,ethics committee,倫理委員會,伦理委员会,https://terms.naer.edu.tw/
3341,ethnic culture,族群文化,民族文化,https://terms.naer.edu.tw/
3342,ethnocentric orientation,母國中心導向,,https://terms.naer.edu.tw/
3343,ethnocentric orientation,母國中心導向,母国中心导向,https://terms.naer.edu.tw/
3344,Euro,歐元,,https://terms.naer.edu.tw/
3345,Euro currency market,歐洲貨幣市場,欧洲货币市场,https://terms.naer.edu.tw/
3346,Euro interest rate,歐元利率,欧元利率,https://terms.naer.edu.tw/
3347,Euro market,歐元市場,欧元市场,https://terms.naer.edu.tw/
3348,Euro peg,釘住歐元的匯率,和欧元挂钩的固定汇率,https://terms.naer.edu.tw/
3349,Euro-denominated cheque,歐元面額支票,欧元面额支票,https://terms.naer.edu.tw/
3350,Eurobank,歐洲銀行,欧洲银行,https://terms.naer.edu.tw/
3351,Eurobond,歐元債券,欧洲债券,https://terms.naer.edu.tw/
3352,Eurobond market,歐元債券市場,欧洲债券市场,https://terms.naer.edu.tw/
3353,Eurochecks,歐元支票,欧洲支票,https://terms.naer.edu.tw/
3354,Eurocommercial paper,歐洲商業本票,欧洲商业票据,https://terms.naer.edu.tw/
3355,Euroconvertible bond,海外可轉換公司債,,https://terms.naer.edu.tw/
3356,Eurocredits,歐洲信用,,https://terms.naer.edu.tw/
3357,Eurocurrency,歐洲貨幣；歐洲通貨,欧洲货币,https://terms.naer.edu.tw/
3358,Eurocurrency credit,歐洲貨幣信貸,欧洲货币信贷,https://terms.naer.edu.tw/
3359,Eurocurrency market,歐洲貨幣市場,欧洲货币市场,https://terms.naer.edu.tw/
3360,Eurodollar,歐洲美元,,https://terms.naer.edu.tw/
3361,Eurodollar,歐洲美元,欧洲美元,https://terms.naer.edu.tw/
3362,Eurodollar bond,歐元債券,欧洲美元债券,https://terms.naer.edu.tw/
3363,"Eurodollar deposit, ED",歐洲美元定期存款,,https://terms.naer.edu.tw/
3364,Eurodollar futures,歐洲美元期貨,,https://terms.naer.edu.tw/
3365,eurodollar futures contract,歐洲美元期貨契約,欧洲美元期货合约,https://terms.naer.edu.tw/
3366,Eurodollar loan,歐洲美元貸款,欧洲美元贷款,https://terms.naer.edu.tw/
3367,Eurodollar market,歐洲美元市場,欧洲美元市场,https://terms.naer.edu.tw/
3368,Eurodollar rate,歐洲美元利率,欧洲美元利率,https://terms.naer.edu.tw/
3369,Euroloan,歐元貸款,欧元面额贷款,https://terms.naer.edu.tw/
3370,European Bank for Reconstruction and Development,歐洲復興發展銀行,欧洲复兴和发展银行,https://terms.naer.edu.tw/
3371,European Central Bank,歐洲中央銀行,欧洲中央银行,https://terms.naer.edu.tw/
3372,European clearing systems,歐洲清算制度,欧洲结算,https://terms.naer.edu.tw/
3373,European Common Market,歐洲共同市場,欧洲共同市场,https://terms.naer.edu.tw/
3374,European Community{=EC},歐洲共同體,,https://terms.naer.edu.tw/
3375,European currency band,歐洲貨幣浮動區間,欧洲货币浮动幅度,https://terms.naer.edu.tw/
3376,European Currency Unit {=ECU},歐洲通貨單位,欧洲货币单位,https://terms.naer.edu.tw/
3377,European Development Fund,歐洲發展基金,欧洲发展基金,https://terms.naer.edu.tw/
3378,European Economic and Monetary Union,歐洲經濟與貨幣聯盟,欧洲经济与货币联盟,https://terms.naer.edu.tw/
3379,European Economic Area {=EEA},歐洲經濟區,欧洲经济区,https://terms.naer.edu.tw/
3380,European Economic Area {=EEA},歐洲經濟區,欧洲经济区,https://terms.naer.edu.tw/
3381,European Economic Community {=EEC},歐洲經濟共同體,欧洲经济共同体,https://terms.naer.edu.tw/
3382,European Economic Community {=EEC},歐洲經濟共同體,欧洲经济共同体,https://terms.naer.edu.tw/
3383,European Financial Futures Exchange,歐洲金融期貨交易所,欧洲金融期货交易所,https://terms.naer.edu.tw/
3384,European Foundation for Quality Management (EFQM),歐洲品質基金會,欧洲质量基金组织,https://terms.naer.edu.tw/
3385,European Free Trade Association,歐洲自由貿易聯盟,欧洲自由贸易联盟,https://terms.naer.edu.tw/
3386,European Investment Bank {=EIB},歐洲投資銀行,欧洲投资银行,https://terms.naer.edu.tw/
3387,European Investment Bank {=EIB},歐洲投資銀行,欧洲投资银行,https://terms.naer.edu.tw/
3388,European Monetary System,歐洲貨幣體系,欧洲货币体系,https://terms.naer.edu.tw/
3389,European Monetary Union,歐洲貨幣聯盟,欧洲货币联盟,https://terms.naer.edu.tw/
3390,European option,歐式選擇權,欧式期权,https://terms.naer.edu.tw/
3391,European Options Exchange,歐洲選擇權交易所,欧洲期权交易所,https://terms.naer.edu.tw/
3392,European Organization for Quality (EOQ),歐洲品質組織,欧洲质量组织,https://terms.naer.edu.tw/
3393,european patent convention,歐洲專利條約,欧洲专利条约,https://terms.naer.edu.tw/
3394,European Payment Union,歐洲支付同盟,欧洲支付联盟,https://terms.naer.edu.tw/
3395,European Union {=EU},歐盟,,https://terms.naer.edu.tw/
3396,evaluate channel alternatives,評估通路準則,,https://terms.naer.edu.tw/
3397,evaluation,評估,评审,https://terms.naer.edu.tw/
3398,event marketing,事件行銷,事件营销,https://terms.naer.edu.tw/
3399,evergreen loan,常年信用貸款,常用贷款,https://terms.naer.edu.tw/
3400,everyday low price {=EDLP},每日低價,天天低价,https://terms.naer.edu.tw/
3401,everyday low pricing{=EDLP},每日低價,,https://terms.naer.edu.tw/
3402,evidence-based management (EBM),實證基礎管理；循證管理,实证基础管理；循证管理,https://terms.naer.edu.tw/
3403,evoked set,喚起集合,,https://terms.naer.edu.tw/
3404,evolution,演化,演化,https://terms.naer.edu.tw/
3405,evolutionary economics,演化經濟學,演化经济学,https://terms.naer.edu.tw/
3406,evolutionary strategies,演化策略,,https://terms.naer.edu.tw/
3407,evolutionary theory,演化理論,,https://terms.naer.edu.tw/
3408,ex aerodrome,機場交貨價,机场交货价,https://terms.naer.edu.tw/
3409,ex buyer’s bonded warehouse,買方保稅倉庫交貨價,完税后买方关栈交货价格,https://terms.naer.edu.tw/
3410,ex buyer’s godown,買方倉庫交貨價,买方仓库交货价,https://terms.naer.edu.tw/
3411,ex customs compound,海關交貨價,到达港海关区交货条件,https://terms.naer.edu.tw/
3412,ex dock,目的港碼頭交貨價,目的港码头交货价,https://terms.naer.edu.tw/
3413,ex lighter terms,駁船交貨條件,驳船交货条件,https://terms.naer.edu.tw/
3414,ex pier,碼頭交貨價,码头交货价,https://terms.naer.edu.tw/
3415,ex plane,機上交貨價,机上交货价,https://terms.naer.edu.tw/
3416,ex point of origin,現場交貨價；當地交貨價,现场交货价,https://terms.naer.edu.tw/
3417,ex quay,[目的港]碼頭交貨價,[目的港]码头交货价,https://terms.naer.edu.tw/
3418,ex rail,鐵路旁交貨價,铁路旁交货价,https://terms.naer.edu.tw/
3419,ex seller’s godown,賣方倉庫交貨價,卖方仓库交货价,https://terms.naer.edu.tw/
3420,ex ship,[目的港]船上交貨,[目的港]船上交货,https://terms.naer.edu.tw/
3421,ex warehouse,倉庫交貨,仓库交货条件,https://terms.naer.edu.tw/
3422,ex wharf,[目的港]碼頭交貨價,[目的港]码头交货价,https://terms.naer.edu.tw/
3423,ex works,工廠交貨價格,工厂交货价格,https://terms.naer.edu.tw/
3424,Ex-ante Costs,事前成本,事前成本,https://terms.naer.edu.tw/
3425,ex-dividend date,除息日,除息日,https://terms.naer.edu.tw/
3426,Ex-post Costs,事後成本,事后成本,https://terms.naer.edu.tw/
3427,examination and approval system for issue of securities,證券發行審批制度,证券发行审批制,https://terms.naer.edu.tw/
3428,Examination Costs,檢驗成本,检验成本,https://terms.naer.edu.tw/
3429,examining principle,檢查原則,审核原则,https://terms.naer.edu.tw/
3430,exception clause,例外條款；免責條款,例外条款,https://terms.naer.edu.tw/
3431,exception principle,例外原則,,https://terms.naer.edu.tw/
3432,excess capacity,過剩產能,,https://terms.naer.edu.tw/
3433,excess inventory,過剩存貨,过剩库存,https://terms.naer.edu.tw/
3434,excess production capacity,過剩產能；超額產能,过剩产能,https://terms.naer.edu.tw/
3435,excess spread,超額利差、超額價差,超额利差,https://terms.naer.edu.tw/
3436,excess volatility,超額波動,过度波动,https://terms.naer.edu.tw/
3437,excessive reserve,超額準備金,超额储备金,https://terms.naer.edu.tw/
3438,exchange arbitrage,套匯,套汇,https://terms.naer.edu.tw/
3439,exchange at premium,外匯升水,外汇升水,https://terms.naer.edu.tw/
3440,exchange auction,外匯拍賣,外汇拍卖,https://terms.naer.edu.tw/
3441,exchange bank,外匯銀行,汇兑银行,https://terms.naer.edu.tw/
3442,Exchange Behaviorism,交換行為主義,交换行为主义,https://terms.naer.edu.tw/
3443,exchange buying rate,買入匯率,买入汇率,https://terms.naer.edu.tw/
3444,exchange clause,外匯條款,外汇条款,https://terms.naer.edu.tw/
3445,exchange clearing agreement,外匯清算協定,外汇清算协定,https://terms.naer.edu.tw/
3446,exchange clearing system,外匯清算制度,外汇清算制,https://terms.naer.edu.tw/
3447,exchange contract,外匯合約,外汇合同,https://terms.naer.edu.tw/
3448,exchange control,外匯管制,外汇管制,https://terms.naer.edu.tw/
3449,exchange control regulation,外匯管制規定,外汇管制规定,https://terms.naer.edu.tw/
3450,exchange crisis,外匯危機,外汇危机,https://terms.naer.edu.tw/
3451,exchange cross rate,外匯表交叉匯率,外汇套汇汇率,https://terms.naer.edu.tw/
3452,exchange discount,外匯貼水,外汇贴水,https://terms.naer.edu.tw/
3453,exchange dumping,貶值傾銷,外汇倾销,https://terms.naer.edu.tw/
3454,exchange fund,交換證券基金,外汇基金,https://terms.naer.edu.tw/
3455,exchange market,外匯市場,外汇市场,https://terms.naer.edu.tw/
3456,exchange memo,外匯水單,外汇兑换水单,https://terms.naer.edu.tw/
3457,Exchange Network Theory,切換式網路理論,交换网络理论,https://terms.naer.edu.tw/
3458,exchange position,外匯部位,外汇头寸,https://terms.naer.edu.tw/
3459,exchange quota,外匯配額,外汇配额,https://terms.naer.edu.tw/
3460,exchange quota system,外匯配額制度,外汇配额制度,https://terms.naer.edu.tw/
3461,exchange quotation,匯率報價,汇价,https://terms.naer.edu.tw/
3462,exchange rate,匯率,,https://terms.naer.edu.tw/
3463,exchange rate depreciation,匯率下跌,汇率下跌,https://terms.naer.edu.tw/
3464,exchange rate fluctuation,匯率波動,外汇汇率波动,https://terms.naer.edu.tw/
3465,Exchange Rate Mechanism,匯率機制,汇率机制,https://terms.naer.edu.tw/
3466,exchange rate parity,匯率平價,外汇平价,https://terms.naer.edu.tw/
3467,exchange rate risk,匯率風險,,https://terms.naer.edu.tw/
3468,exchange relationship,交換關係,,https://terms.naer.edu.tw/
3469,exchange reserve,外匯準備,外汇储备,https://terms.naer.edu.tw/
3470,exchange restriction,外匯管制,外汇限制,https://terms.naer.edu.tw/
3471,exchange risk,外匯風險,外汇风险,https://terms.naer.edu.tw/
3472,exchange speculation,外匯投機,外汇投机,https://terms.naer.edu.tw/
3473,exchange stabilization account,外匯穩定帳戶,外汇稳定账户,https://terms.naer.edu.tw/
3474,exchange stabilization fund,外匯穩定基金,外汇平准基金,https://terms.naer.edu.tw/
3475,"exchange traded fund, ETF",指數股票型基金,交易所交易基金,https://terms.naer.edu.tw/
3476,exchange transaction,外匯交易,外汇兑换交易,https://terms.naer.edu.tw/
3477,exchange-traded funds{=ETFs},指數型股票基金,,https://terms.naer.edu.tw/
3478,"exchangeable bond, EB",可交換公司債,,https://terms.naer.edu.tw/
3479,exchanges,交易所,交易所,https://terms.naer.edu.tw/
3480,exclusive dealing,獨家交易,,https://terms.naer.edu.tw/
3481,exclusive distribution,獨家配銷；獨家分配,,https://terms.naer.edu.tw/
3482,exclusive licence,獨家經營許可證,独家经营许可证,https://terms.naer.edu.tw/
3483,exclusive licensing,獨家授權,,https://terms.naer.edu.tw/
3484,exclusive reference to standard,獨特性引用標準,唯一性引用标准,https://terms.naer.edu.tw/
3485,exclusive sales,獨家經銷,独家经销,https://terms.naer.edu.tw/
3486,exclusive territory,專賣區域,,https://terms.naer.edu.tw/
3487,execution,執行,执行力,https://terms.naer.edu.tw/
3488,executive,執行領導,执行领导,https://terms.naer.edu.tw/
3489,executive compensation,高階主管薪酬,高管薪酬水平,https://terms.naer.edu.tw/
3490,executive development program,高階主管發展計畫,高管发展计划,https://terms.naer.edu.tw/
3491,executive function,高階主管功能；執行功能,,https://terms.naer.edu.tw/
3492,executive information system {=EIS},高階主管資訊系統；高階主管資訊制度,,https://terms.naer.edu.tw/
3493,executive stock option,員工認股權,股票期权,https://terms.naer.edu.tw/
3494,executive summary,主管摘要,,https://terms.naer.edu.tw/
3495,executive support system {=ESS},高階主管支援系統；高階主管支援制度,,https://terms.naer.edu.tw/
3496,exempt employee,受豁免員工；非時薪制員工,豁免员工,https://terms.naer.edu.tw/
3497,exempt zone,豁免區,豁免区,https://terms.naer.edu.tw/
3498,exemption clause,免責條款,免责条款,https://terms.naer.edu.tw/
3499,exemption of duty,關稅豁免,关税豁免,https://terms.naer.edu.tw/
3500,exercise price,履約價格,执行价,https://terms.naer.edu.tw/
3501,exercise value,履約價值,,https://terms.naer.edu.tw/
3502,exercising,練習,演练,https://terms.naer.edu.tw/
3503,Exercising Ba,實踐場,实践场,https://terms.naer.edu.tw/
3504,Exhibition on Archives,檔案展覽,档案展览,https://terms.naer.edu.tw/
3505,existence need,生存需求,存在需求,https://terms.naer.edu.tw/
3506,existence needs,生存需要,,https://terms.naer.edu.tw/
3507,Existence-Relation-Growth need theory (ERG theory),生存-關係-成長需要理論；生存-關係-成長需求理論；ERG理論,生存关系成长需求理论，或ERG理论,https://terms.naer.edu.tw/
3508,exit barrier,退出障礙,,https://terms.naer.edu.tw/
3509,exit barriers,退出障礙,退出壁垒,https://terms.naer.edu.tw/
3510,exit barriers,退出障礙,,https://terms.naer.edu.tw/
3511,exogenous variable,外生變項,,https://terms.naer.edu.tw/
3512,exotic currency,外國通貨,外来货币,https://terms.naer.edu.tw/
3513,exotic option,奇異選擇權,奇异期权,https://terms.naer.edu.tw/
3514,expanded or contracted option,擴張緊縮選擇權,扩张紧缩期权,https://terms.naer.edu.tw/
3515,expansion,擴張,,https://terms.naer.edu.tw/
3516,expansion project,擴充型投資專案,,https://terms.naer.edu.tw/
3517,expatriate management,外派管理,外派人员管理,https://terms.naer.edu.tw/
3518,expatriates manager,外派經理人,外派经理人,https://terms.naer.edu.tw/
3519,Expect Confirmation Theory (ECT),期望確認理論,期望确认理论,https://terms.naer.edu.tw/
3520,Expect Disconfirmation Theory (EDT),期望不確認理論,期望不确认理论,https://terms.naer.edu.tw/
3521,expectancy model of motivation,動機之期望模式,,https://terms.naer.edu.tw/
3522,expectancy theory,期望理論,期望理论,https://terms.naer.edu.tw/
3523,expectancy theory,期望理論,,https://terms.naer.edu.tw/
3524,expectancy-value model,期望值模式,,https://terms.naer.edu.tw/
3525,expectation theory,預期理論,预期理论,https://terms.naer.edu.tw/
3526,expectation-disconfirmation model,期望-失驗模式,,https://terms.naer.edu.tw/
3527,expected product,期望產品,,https://terms.naer.edu.tw/
3528,expected rate of return,期望報酬率,,https://terms.naer.edu.tw/
3529,expected service,期望服務,,https://terms.naer.edu.tw/
3530,expected shortfall,預期損失,预期损失,https://terms.naer.edu.tw/
3531,expected time{=ET},預期時間,,https://terms.naer.edu.tw/
3532,expected total return,預期總報酬率,,https://terms.naer.edu.tw/
3533,expected utility,期望效用,期望效用,https://terms.naer.edu.tw/
3534,expected value {=EV},期待值,,https://terms.naer.edu.tw/
3535,experience curve,經驗曲線,经验曲线,https://terms.naer.edu.tw/
3536,experience curve pricing,經驗曲線訂價法,,https://terms.naer.edu.tw/
3537,experience economy,體驗型經濟,,https://terms.naer.edu.tw/
3538,experience quality,經驗品質,,https://terms.naer.edu.tw/
3539,experience rating,經驗費率,经验费率,https://terms.naer.edu.tw/
3540,experiential decision making,經驗決策,,https://terms.naer.edu.tw/
3541,Experiential knowledge,經驗知識,经验知识,https://terms.naer.edu.tw/
3542,experiential learning,體驗式學習,亲验式学习,https://terms.naer.edu.tw/
3543,experiential marketing,體驗行銷,体验营销,https://terms.naer.edu.tw/
3544,experiment,實驗,试验,https://terms.naer.edu.tw/
3545,experiment and development,實驗發展；實驗開發,试验发展；:试验开发,https://terms.naer.edu.tw/
3546,experimental design,實驗設計,,https://terms.naer.edu.tw/
3547,experimental design,實驗設計,实验设计,https://terms.naer.edu.tw/
3548,experimental group,實驗組,,https://terms.naer.edu.tw/
3549,experimental method,實驗法,实验法,https://terms.naer.edu.tw/
3550,experimental study,實驗研究,实验研究,https://terms.naer.edu.tw/
3551,expert channel,專家通路,,https://terms.naer.edu.tw/
3552,expert opinion,專家意見,,https://terms.naer.edu.tw/
3553,expert power,專家權,专家权,https://terms.naer.edu.tw/
3554,expert system {=ES},專家系統；專家制度,,https://terms.naer.edu.tw/
3555,expiration date,到期日,,https://terms.naer.edu.tw/
3556,Explanatory Potential,解釋潛力,解释潜力,https://terms.naer.edu.tw/
3557,Explanatory Power,解釋能力,解释能力,https://terms.naer.edu.tw/
3558,explicit collusion,明示性合謀,明确勾结,https://terms.naer.edu.tw/
3559,explicit innovation benefit,外顯性創新效益,显性创新效益,https://terms.naer.edu.tw/
3560,explicit knowledge,外顯知識,,https://terms.naer.edu.tw/
3561,Explicit knowledge management,外顯知識管理,显性知识管理,https://terms.naer.edu.tw/
3562,exploitative learning,運用性學習,挖掘性学习,https://terms.naer.edu.tw/
3563,exploitive-authoritative,剝削-權威,,https://terms.naer.edu.tw/
3564,exploration and trial stage,探索階段,,https://terms.naer.edu.tw/
3565,explorative learning,探索性學習,探索性学习,https://terms.naer.edu.tw/
3566,exploratory marketing research,探索性行銷研究,探索性营销研究,https://terms.naer.edu.tw/
3567,exploratory research,探索性研究,,https://terms.naer.edu.tw/
3568,exponential generalized autoregressive conditional heteroskedasticity model,指數一般化自我迴歸條件異質變異模型,指数广义自回归条件异方差模型,https://terms.naer.edu.tw/
3569,exponential smoothing,指數平滑法,,https://terms.naer.edu.tw/
3570,exponential smoothing,指數平滑法,,https://terms.naer.edu.tw/
3571,exponential weighted moving average (EWMA),指數加權移動平均數,加权指数移动均值控制图,https://terms.naer.edu.tw/
3572,"exponentially weighted moving averages model, EWMA model",指數加權移動平均模型,指数加权移动平均模型,https://terms.naer.edu.tw/
3573,export account,出口帳戶,出口账户,https://terms.naer.edu.tw/
3574,Export Administration Act,出口管理法案,出口管制法案,https://terms.naer.edu.tw/
3575,export agency agreement,出口代理契約,出口代理协议,https://terms.naer.edu.tw/
3576,export agent,出口代理商,出口代理商,https://terms.naer.edu.tw/
3577,export bill,出口匯票,出口汇票,https://terms.naer.edu.tw/
3578,export bill of lading,出口提單,出口提单,https://terms.naer.edu.tw/
3579,export bill receivable,應收出口匯票,应收出口汇票,https://terms.naer.edu.tw/
3580,export by turnkey contract,統包出口,交钥匙合同方式出口,https://terms.naer.edu.tw/
3581,export contract,出口合約,出口合同,https://terms.naer.edu.tw/
3582,export control,出口管制,出口管制,https://terms.naer.edu.tw/
3583,export credit,出口信貸,出口信贷,https://terms.naer.edu.tw/
3584,export credit insurance,輸出信用擔保,出口信贷保险,https://terms.naer.edu.tw/
3585,export debit account,出口支出帳戶,出口支出账户,https://terms.naer.edu.tw/
3586,export declaration,出口報單,出口申报单,https://terms.naer.edu.tw/
3587,export department,外銷部門,,https://terms.naer.edu.tw/
3588,export document,出口單據,出口单据,https://terms.naer.edu.tw/
3589,export drawback,出口退稅,出口退税,https://terms.naer.edu.tw/
3590,export dumping,輸出傾銷,输出倾销,https://terms.naer.edu.tw/
3591,export duty,出口稅,出口税,https://terms.naer.edu.tw/
3592,export exchange,出口外匯,出口外汇,https://terms.naer.edu.tw/
3593,export financing,出口融資,出口融资,https://terms.naer.edu.tw/
3594,export gold point,黃金輸出點,黄金输出点,https://terms.naer.edu.tw/
3595,export inspection,出口檢驗,出口检验,https://terms.naer.edu.tw/
3596,export insurance,出口保險,出口保险,https://terms.naer.edu.tw/
3597,export letter of credit,出口信用狀,出口信用证,https://terms.naer.edu.tw/
3598,export licence,輸出許可證,出口许可证,https://terms.naer.edu.tw/
3599,export loan,出口貸款,出口贷款,https://terms.naer.edu.tw/
3600,export management company {=EMC},輸出管理公司,,https://terms.naer.edu.tw/
3601,export marketing,出口行銷,,https://terms.naer.edu.tw/
3602,export mode,出口模式,,https://terms.naer.edu.tw/
3603,export on deferred payment basis,延期付款方式出口,延期付款方式出口,https://terms.naer.edu.tw/
3604,export permit,輸出許可證,出口许可证,https://terms.naer.edu.tw/
3605,export price,出口價格,出口价格,https://terms.naer.edu.tw/
3606,export processing zone,加工出口區,出口加工区,https://terms.naer.edu.tw/
3607,export quota,出口配額,出口配额,https://terms.naer.edu.tw/
3608,export rebate,出口退稅,出口退税,https://terms.naer.edu.tw/
3609,export restriction,出口限制,出口限制,https://terms.naer.edu.tw/
3610,export sales,出口銷售額,出口销售额,https://terms.naer.edu.tw/
3611,export subsidy,出口補貼,出口补贴,https://terms.naer.edu.tw/
3612,export surplus,出超,出口盈余,https://terms.naer.edu.tw/
3613,export tariff,出口關稅,出口关税,https://terms.naer.edu.tw/
3614,export tax,出口稅,出口税,https://terms.naer.edu.tw/
3615,export tax relief,出口稅額減免,出口税额减免,https://terms.naer.edu.tw/
3616,export trade,出口貿易,出口贸易,https://terms.naer.edu.tw/
3617,export-import bank,輸出入銀行,进出口银行,https://terms.naer.edu.tw/
3618,exporting,出口,,https://terms.naer.edu.tw/
3619,exporting,出口,,https://terms.naer.edu.tw/
3620,extendable swap,可展期交換,延期互换,https://terms.naer.edu.tw/
3621,extended credit,循環預支信用狀,展期信用证,https://terms.naer.edu.tw/
3622,Extensibility,可擴展性,可扩展性,https://terms.naer.edu.tw/
3623,eXtensible hypertext markup language (XHTML),延伸超文字標記語言,,https://terms.naer.edu.tw/
3624,eXtensible mark-up language (XML),可延展性標示語言,扩展式置标语言,https://terms.naer.edu.tw/
3625,eXtensible markup language (XML),可擴展標籤語言,可扩展标记语言,https://terms.naer.edu.tw/
3626,Extension,擴充,扩充,https://terms.naer.edu.tw/
3627,extensive problem solving,廣泛性問題解決,,https://terms.naer.edu.tw/
3628,external account,境外帳戶,境外账户,https://terms.naer.edu.tw/
3629,external analysis,外部分析,,https://terms.naer.edu.tw/
3630,external attribution,外在歸因；外部歸因,外部归隐,https://terms.naer.edu.tw/
3631,external change factor,外部變革因素,,https://terms.naer.edu.tw/
3632,external control,外控型,,https://terms.naer.edu.tw/
3633,external cost,外部成本,,https://terms.naer.edu.tw/
3634,external customer,外部顧客,,https://terms.naer.edu.tw/
3635,external design,外設計,外设计,https://terms.naer.edu.tw/
3636,external diseconomy,外部不經濟,,https://terms.naer.edu.tw/
3637,External entity,外部實體,外部实体,https://terms.naer.edu.tw/
3638,external environment,外部環境,,https://terms.naer.edu.tw/
3639,external equity,外部公平,外部公平,https://terms.naer.edu.tw/
3640,external factor evaluation matrix,外部因素評估矩陣,,https://terms.naer.edu.tw/
3641,external failure cost,外部失效成本,外部失效成本,https://terms.naer.edu.tw/
3642,external industry environment,外部產業環境,外部行业环境,https://terms.naer.edu.tw/
3643,External Influence Model,外部影響模型,外部影响模型,https://terms.naer.edu.tw/
3644,External information source,外部資訊來源,外部信息,https://terms.naer.edu.tw/
3645,external locus of control,外控點,,https://terms.naer.edu.tw/
3646,external market opportunities,外部市場機會,,https://terms.naer.edu.tw/
3647,external marketing,外部行銷,,https://terms.naer.edu.tw/
3648,external motivation,外在激勵；外在動機,外在激励；外在动机,https://terms.naer.edu.tw/
3649,external noise,外干擾,外噪声,https://terms.naer.edu.tw/
3650,external recruitment,外部招募,外部招聘,https://terms.naer.edu.tw/
3651,external recruitment,外部招募,,https://terms.naer.edu.tw/
3652,external secondary data,外部次級資料,,https://terms.naer.edu.tw/
3653,external setup time,外部整備時間,外部调整准备时间,https://terms.naer.edu.tw/
3654,external stakeholders,外部利害關係人,,https://terms.naer.edu.tw/
3655,external technology dependency,外在技術依存度,技术依存度,https://terms.naer.edu.tw/
3656,external time,外部時間,外部时间,https://terms.naer.edu.tw/
3657,external validity,外部效度,,https://terms.naer.edu.tw/
3658,externality,外部性,,https://terms.naer.edu.tw/
3659,Externalization,外化,外化,https://terms.naer.edu.tw/
3660,extinction,消除,消退,https://terms.naer.edu.tw/
3661,Extranet,企業間網路,,https://terms.naer.edu.tw/
3662,extraversion,外向性,外向性,https://terms.naer.edu.tw/
3663,extreme value theory,極值理論,极值理论,https://terms.naer.edu.tw/
3664,extrinsic reward,外在報酬；外在酬賞,,https://terms.naer.edu.tw/
3665,extrinsic rewards,外在獎勵,外在奖励,https://terms.naer.edu.tw/
3666,extroversion,外向性,,https://terms.naer.edu.tw/
3667,Eysenck personality questionnaire,艾森克個性問卷；艾森克性格問卷,艾森克个性问卷,https://terms.naer.edu.tw/
3668,fabrication to order {=FTO},接單加工,按订单加工,https://terms.naer.edu.tw/
3669,fabrication-assembly production,加工裝配式生產,加工装配式生产,https://terms.naer.edu.tw/
3670,face,面子,面子,https://terms.naer.edu.tw/
3671,face validity,表面效度,,https://terms.naer.edu.tw/
3672,face validity,表面效度,表面效度,https://terms.naer.edu.tw/
3673,face value,面值,,https://terms.naer.edu.tw/
3674,Faceted classification,組配分類法,组配分类法,https://terms.naer.edu.tw/
3675,facilitating device,引導工具,,https://terms.naer.edu.tw/
3676,facilitator,促進者,,https://terms.naer.edu.tw/
3677,facilities-based service,設施地提供服務,基于设施的服务,https://terms.naer.edu.tw/
3678,facility,設施,设施,https://terms.naer.edu.tw/
3679,facility layout　,設施佈置,,https://terms.naer.edu.tw/
3680,facility location,設備位置,,https://terms.naer.edu.tw/
3681,facility planning　,設施規劃,,https://terms.naer.edu.tw/
3682,Fact table,事實表,事实表,https://terms.naer.edu.tw/
3683,fact-finding exercise,事實搜尋演練,,https://terms.naer.edu.tw/
3684,factor analysis,因素分析,,https://terms.naer.edu.tw/
3685,factor beta,因素β,因素贝塔,https://terms.naer.edu.tw/
3686,factor capital ratio,生產要素資本比率,要素资本比率,https://terms.naer.edu.tw/
3687,factor comparison method,因素比較法,因素比较法,https://terms.naer.edu.tw/
3688,factor comparison system,因素比較系統；因素比較制度,因素比较系统,https://terms.naer.edu.tw/
3689,factor endowment,生產要素稟賦,要素禀赋,https://terms.naer.edu.tw/
3690,factor income terms of trade,生產要素收入貿易條件,要素所得贸易条件,https://terms.naer.edu.tw/
3691,factor model,因子模型,因素模型,https://terms.naer.edu.tw/
3692,factor portfolio,因素投資組合,要素资产组合,https://terms.naer.edu.tw/
3693,factor price equalization,要素價格均等化,要素价格均等化,https://terms.naer.edu.tw/
3694,factor rating　,因素評等法；因素評分法,,https://terms.naer.edu.tw/
3695,factor ratio,要素比例,要素比例,https://terms.naer.edu.tw/
3696,factor risk,因子風險,因子风险,https://terms.naer.edu.tw/
3697,factorial design,因子設計,,https://terms.naer.edu.tw/
3698,factoring,應收帳款承購,,https://terms.naer.edu.tw/
3699,factoring business,應收帳款收購業務,保理业务,https://terms.naer.edu.tw/
3700,factoring charge,應收帳款收購業務手續費,保理费,https://terms.naer.edu.tw/
3701,factoring of accounts receivable,應收帳款讓售,,https://terms.naer.edu.tw/
3702,factors of production,生產要素,,https://terms.naer.edu.tw/
3703,factory outlet,暢貨中心,工厂直销店；奥特莱斯,https://terms.naer.edu.tw/
3704,factory system,工廠系統；工廠制度,,https://terms.naer.edu.tw/
3705,factory within a factory,廠中廠,厂中厂,https://terms.naer.edu.tw/
3706,factual approach to decision making,基於事實的決策方法,基于事实的决策方法,https://terms.naer.edu.tw/
3707,failure cost,失效成本,失效成本,https://terms.naer.edu.tw/
3708,failure mode and effects analysis (FMEA),失效模式與影響分析,失效模式与影响分析,https://terms.naer.edu.tw/
3709,failure model effects and criticality analysis (FMECA)　,失效模式效應與嚴重性分析,,https://terms.naer.edu.tw/
3710,fair trade practice,公平交易慣例,公平交易惯例,https://terms.naer.edu.tw/
3711,fair trade price,公平交易價格,公平交易价格,https://terms.naer.edu.tw/
3712,Falsifiability,可否證性,可否证性,https://terms.naer.edu.tw/
3713,family brand,家族品牌,家族品牌,https://terms.naer.edu.tw/
3714,family contract,零件族採購合約,零件族采购合同,https://terms.naer.edu.tw/
3715,family enterprise,家族企業,家族企业,https://terms.naer.edu.tw/
3716,family life cycle,家庭生命週期,家庭生命周期,https://terms.naer.edu.tw/
3717,family of orientation,原生家庭,,https://terms.naer.edu.tw/
3718,family of procreation,己身所出家庭；繁衍家庭,,https://terms.naer.edu.tw/
3719,family partnership,家族合夥,家族合伙,https://terms.naer.edu.tw/
3720,family-work conflict,家庭-工作衝突；家職衝突,工作家庭冲突,https://terms.naer.edu.tw/
3721,Fan-in,扇入,扇入,https://terms.naer.edu.tw/
3722,Fan-out,扇出,扇出,https://terms.naer.edu.tw/
3723,farm product futures,農產品期貨,农产品期货,https://terms.naer.edu.tw/
3724,fast follower,快速追隨者,,https://terms.naer.edu.tw/
3725,fast second mover,快老二策略,,https://terms.naer.edu.tw/
3726,fast-exit strategy,快速退出策略,,https://terms.naer.edu.tw/
3727,fast-moving consumer goods {=FMCGs},快速週轉消費品,快速消费品,https://terms.naer.edu.tw/
3728,fat tail、 heavy-tailed distributions,厚尾,厚尾,https://terms.naer.edu.tw/
3729,fault tree analysis (FTA)　　　　　　,故障樹分析；缺陷樹分析,故障树分析,https://terms.naer.edu.tw/
3730,favourable balance,[貿易]順差,[贸易]顺差,https://terms.naer.edu.tw/
3731,favoured nation,優惠國,优惠国,https://terms.naer.edu.tw/
3732,favoured nation status,優惠國待遇,优惠国待遇,https://terms.naer.edu.tw/
3733,fear appeal,恐懼訴求,恐惧诉求,https://terms.naer.edu.tw/
3734,Feasibility Analysis,可行性分析,可行性分析,https://terms.naer.edu.tw/
3735,feasibility study,可行性研究,可行性研究,https://terms.naer.edu.tw/
3736,feasibility testing,可行性測試,,https://terms.naer.edu.tw/
3737,features,特色；特徵,附加功能,https://terms.naer.edu.tw/
3738,Federal Funds Market,聯邦資金市場,[美]联邦资金市场,https://terms.naer.edu.tw/
3739,Federal Funds Rate,聯邦資金利率,联邦基金利率,https://terms.naer.edu.tw/
3740,Federal Pacific Banking Corporation,[美]聯邦太平洋銀行,[美]联邦太平洋银行,https://terms.naer.edu.tw/
3741,Federal Reserve,[美]聯邦準備,[美]联邦准备金,https://terms.naer.edu.tw/
3742,Federal Reserve Bank,聯邦準備銀行,联邦储备银行,https://terms.naer.edu.tw/
3743,Federal Reserve Board,聯邦準備理事會,,https://terms.naer.edu.tw/
3744,Federal Reserve System,美國聯邦準備系統,美国联邦储备系统,https://terms.naer.edu.tw/
3745,Federal Trade Commission,聯邦交易委員會,[美]联邦贸易委员会,https://terms.naer.edu.tw/
3746,Federation of British Industries,英國產業聯合會,英国产业联合会,https://terms.naer.edu.tw/
3747,feedback,回饋；反饋,,https://terms.naer.edu.tw/
3748,feedback control,回饋控制,,https://terms.naer.edu.tw/
3749,feedback loop,回饋回路,反馈回路,https://terms.naer.edu.tw/
3750,feedback on feedback,回饋的回饋,,https://terms.naer.edu.tw/
3751,feedforward control,前瞻控制,,https://terms.naer.edu.tw/
3752,felt conflict,感知的衝突,,https://terms.naer.edu.tw/
3753,felt emotion,感知的情緒,,https://terms.naer.edu.tw/
3754,femininity,陰柔作風；女性化,,https://terms.naer.edu.tw/
3755,fiat money,不兌換紙幣,不兑现纸币,https://terms.naer.edu.tw/
3756,fiduciary,信託,信托,https://terms.naer.edu.tw/
3757,fiduciary loan,信用貸款,信用贷款,https://terms.naer.edu.tw/
3758,Fiedler's contingency model,費德勒權變模式；費德勒權變模型；費德勒權變領導模式；費德勒權變領導模型,,https://terms.naer.edu.tw/
3759,Fiedler's contingency model of leadership,費德勒的權變領導模型,费德勒的权变领导模型,https://terms.naer.edu.tw/
3760,field,現場,现场,https://terms.naer.edu.tw/
3761,field auditing,現場稽核,现场审核,https://terms.naer.edu.tw/
3762,field experiment,實地實驗法,实地实验法,https://terms.naer.edu.tw/
3763,field management,現場管理,现场管理,https://terms.naer.edu.tw/
3764,Field Study,實地調查,实地调查,https://terms.naer.edu.tw/
3765,field survey,實地調查法,实地调查法,https://terms.naer.edu.tw/
3766,field theory,場地論；場論,,https://terms.naer.edu.tw/
3767,field-based service,現場提供服務,基于现场的服务,https://terms.naer.edu.tw/
3768,fighter brand,戰鬥品牌,,https://terms.naer.edu.tw/
3769,figurehead,虛位領導人；形式領導人,,https://terms.naer.edu.tw/
3770,File,檔案,,https://terms.naer.edu.tw/
3771,File management system,檔案管理系統,,https://terms.naer.edu.tw/
3772,File server,檔案伺服器,,https://terms.naer.edu.tw/
3773,File transfer protocol (FTP),檔案傳輸協定,,https://terms.naer.edu.tw/
3774,fill rate,達成率,成交率,https://terms.naer.edu.tw/
3775,final assembly schedule,總裝配計畫,总装配计划,https://terms.naer.edu.tw/
3776,final yield {=FY},最終產出率,最终产出率,https://terms.naer.edu.tw/
3777,finance,財務,,https://terms.naer.edu.tw/
3778,finance company,金融公司,财务公司,https://terms.naer.edu.tw/
3779,finance corporation,金融公司,金融公司,https://terms.naer.edu.tw/
3780,finance innovation,金融創新,金融创新,https://terms.naer.edu.tw/
3781,finance intermediary,金融中介,金融中介,https://terms.naer.edu.tw/
3782,finance intermediary organs theory,金融中介機構理論,金融中介机构理论,https://terms.naer.edu.tw/
3783,financial accounting,財務會計,,https://terms.naer.edu.tw/
3784,financial and monetary crisis,金融貨幣危機,金融货币危机,https://terms.naer.edu.tw/
3785,financial asset,金融資產,金融资产,https://terms.naer.edu.tw/
3786,financial assets management company,金融資產管理公司,金融资产管理公司,https://terms.naer.edu.tw/
3787,financial bill market,金融票券市場,金融票据市场,https://terms.naer.edu.tw/
3788,financial bond,金融債券,金融债券,https://terms.naer.edu.tw/
3789,financial budgeting,財務預算,,https://terms.naer.edu.tw/
3790,financial budgeting system,財務預算制度,,https://terms.naer.edu.tw/
3791,financial capital,金融資本,金融资本,https://terms.naer.edu.tw/
3792,financial conglomerate,金融集團,金融集团,https://terms.naer.edu.tw/
3793,financial contagion,金融傳染,金融传染,https://terms.naer.edu.tw/
3794,financial control,財務控制,,https://terms.naer.edu.tw/
3795,financial crisis,金融危機,金融危机,https://terms.naer.edu.tw/
3796,financial distress,財務危機,,https://terms.naer.edu.tw/
3797,financial duty,財務關稅,财政关税,https://terms.naer.edu.tw/
3798,financial econometrics,財務計量經濟學,金融计量经济学,https://terms.naer.edu.tw/
3799,financial forecasting,財務預測,,https://terms.naer.edu.tw/
3800,financial fragility,金融脆弱性,金融脆弱性,https://terms.naer.edu.tw/
3801,financial futures,金融期貨,,https://terms.naer.edu.tw/
3802,financial futures,金融期貨,金融期货,https://terms.naer.edu.tw/
3803,financial futures contract,金融期貨契約,金融期货合约,https://terms.naer.edu.tw/
3804,financial futures market,金融期貨市場,金融期货市场,https://terms.naer.edu.tw/
3805,financial innovation,金融創新,金融创新,https://terms.naer.edu.tw/
3806,financial institution,金融機構,金融机构,https://terms.naer.edu.tw/
3807,financial institution,金融機構,金融机构,https://terms.naer.edu.tw/
3808,financial instrument,金融工具,金融工具,https://terms.naer.edu.tw/
3809,financial intermediary,金融中介機構,金融中介,https://terms.naer.edu.tw/
3810,financial intermediation,金融中介,金融中介,https://terms.naer.edu.tw/
3811,financial investment,財務投資,金融投资,https://terms.naer.edu.tw/
3812,financial lease,財務租賃,,https://terms.naer.edu.tw/
3813,financial leverage,財務槓桿,,https://terms.naer.edu.tw/
3814,financial leverage,財務槓桿,财务杠杆,https://terms.naer.edu.tw/
3815,financial management,財務管理,,https://terms.naer.edu.tw/
3816,financial manager,財務經理,,https://terms.naer.edu.tw/
3817,financial market,金融市場,金融市场,https://terms.naer.edu.tw/
3818,financial market,金融市場,金融市场,https://terms.naer.edu.tw/
3819,financial merger,財務合併,,https://terms.naer.edu.tw/
3820,financial option market,金融選擇權市場,金融期权市场,https://terms.naer.edu.tw/
3821,financial panic,金融恐慌,金融恐慌,https://terms.naer.edu.tw/
3822,financial policy,財務政策,,https://terms.naer.edu.tw/
3823,financial quantitative control,金融數量管制,金融数量控制,https://terms.naer.edu.tw/
3824,financial quantitative regulation,金融數量規範,金融数量管制,https://terms.naer.edu.tw/
3825,financial regulation,金融監管,金融监管,https://terms.naer.edu.tw/
3826,financial report,財務報告,,https://terms.naer.edu.tw/
3827,financial repression,金融壓制,金融压制,https://terms.naer.edu.tw/
3828,financial resources,財務資源,,https://terms.naer.edu.tw/
3829,financial reward,財務性報酬,,https://terms.naer.edu.tw/
3830,financial risk,財務風險,,https://terms.naer.edu.tw/
3831,financial safety net,金融安全網,金融安全网,https://terms.naer.edu.tw/
3832,financial service,金融服務,金融服务,https://terms.naer.edu.tw/
3833,financial service industry,金融服務業,金融服务业,https://terms.naer.edu.tw/
3834,financial services corporation,金融服務公司,,https://terms.naer.edu.tw/
3835,financial services holding company,金融控股公司,金融控股公司,https://terms.naer.edu.tw/
3836,financial statement,財務報表,,https://terms.naer.edu.tw/
3837,financial statement analysis,財務報表分析,,https://terms.naer.edu.tw/
3838,financial statement analysis,財務報表分析,财务报表分析,https://terms.naer.edu.tw/
3839,financial strategy,財務策略,,https://terms.naer.edu.tw/
3840,financial structure,財務結構,金融结构,https://terms.naer.edu.tw/
3841,financial supermarket,金融超級市場,金融超级市场,https://terms.naer.edu.tw/
3842,financial swap,金融交換,,https://terms.naer.edu.tw/
3843,financial system,金融體系,金融体系,https://terms.naer.edu.tw/
3844,Financial Times All Share Index,《金融時報》全體股價指數,《金融时报》全面股票价格指数,https://terms.naer.edu.tw/
3845,Financial Times Index,《金融時報》指數,《金融时报》指数,https://terms.naer.edu.tw/
3846,Financial Times Index of Industrial Ordinary Shares,《金融時報》工業普通股價指數,《金融时报》工业普通股票价格指数,https://terms.naer.edu.tw/
3847,Financial Times Index of Sensitive World Commodity Prices,《金融時報》世界敏感商品價格指數,《金融时报》世界敏感商品价格指数,https://terms.naer.edu.tw/
3848,Financial Times Ordinary Share Index,《金融時報》普通股價指數,《金融时报》普通股票指数,https://terms.naer.edu.tw/
3849,financial trust and investment companies,金融信託投資公司,金融信托投资公司,https://terms.naer.edu.tw/
3850,financing,融資,融资,https://terms.naer.edu.tw/
3851,find,搜尋{動素種類之一},发现,https://terms.naer.edu.tw/
3852,finished goods inspection　,成品檢驗,,https://terms.naer.edu.tw/
3853,finished product inventory,成品存貨,成品库存,https://terms.naer.edu.tw/
3854,finished-good inventory,成品存貨,成品库存,https://terms.naer.edu.tw/
3855,finite loading,有限負荷,有限负荷,https://terms.naer.edu.tw/
3856,fire and casualty insurance company,火災與意外保險公司,火灾和意外保险公司,https://terms.naer.edu.tw/
3857,Firewall,防火牆,,https://terms.naer.edu.tw/
3858,firm bid,最終出價,[买方]递实盘,https://terms.naer.edu.tw/
3859,firm offer,最終報價,报实盘,https://terms.naer.edu.tw/
3860,firm specific risk,公司特有風險,,https://terms.naer.edu.tw/
3861,firm-specific competitive advantage,廠商專屬競爭優勢,,https://terms.naer.edu.tw/
3862,firm-specific human capital investments,廠商專屬人力資本投資,,https://terms.naer.edu.tw/
3863,firm-specific investments,廠商專屬投資,,https://terms.naer.edu.tw/
3864,Firmware,韌體,,https://terms.naer.edu.tw/
3865,first beneficiary [of a transferable credit],[可轉讓信用狀的]第一受益人,[可转让信用证的]第一受益人,https://terms.naer.edu.tw/
3866,first come first served (FCFS),先到先服務規則,先到先服务规则,https://terms.naer.edu.tw/
3867,first mortgage,第一順位抵押,第一抵押,https://terms.naer.edu.tw/
3868,first mortgage bond,第一順位抵押債券,第一抵押债券,https://terms.naer.edu.tw/
3869,first mover,先進者；首動者,,https://terms.naer.edu.tw/
3870,first mover advantage,先發優勢；先佔優勢；首動優勢,,https://terms.naer.edu.tw/
3871,first mover strategy,先行者策略,,https://terms.naer.edu.tw/
3872,first order stochastic dominance,一階隨機優勢,一阶随机占优,https://terms.naer.edu.tw/
3873,first party audit,第一方稽核,第一方审核,https://terms.naer.edu.tw/
3874,first tier capital,一級資本,一级资本,https://terms.naer.edu.tw/
3875,first-line manager,第一線管理者,,https://terms.naer.edu.tw/
3876,first-mover disadvantage,首動者劣勢；先佔劣勢,,https://terms.naer.edu.tw/
3877,first-mover disadvantages,先行者劣勢,先发的缺点,https://terms.naer.edu.tw/
3878,fiscal policy,財政政策,,https://terms.naer.edu.tw/
3879,fishbone diagram,魚骨圖,,https://terms.naer.edu.tw/
3880,fishyback,舟車聯運,鱼背运输,https://terms.naer.edu.tw/
3881,Fit-Appropriation Model,適配－運用模式,适配－运用模式,https://terms.naer.edu.tw/
3882,"Fit-Viability Model, FV Model",適配可行模式,适配可行模式,https://terms.naer.edu.tw/
3883,fitness for use,適用性,适用性,https://terms.naer.edu.tw/
3884,five Ss,5S活動,5S活动,https://terms.naer.edu.tw/
3885,five-forces analysis,五力分析,,https://terms.naer.edu.tw/
3886,five-forces model,五力模式；五力模型,,https://terms.naer.edu.tw/
3887,five-forces model of competition,五力競爭分析模型,五力模型,https://terms.naer.edu.tw/
3888,five-stage team development model,五階段團隊發展模式；五階段團隊發展模式,五阶段团队发展模式；五阶段团队发展模式,https://terms.naer.edu.tw/
3889,Five“C”s of credit,信用評等五C,信用评价的“5C”标准,https://terms.naer.edu.tw/
3890,fixed annuity,固定年金,固定年金,https://terms.naer.edu.tw/
3891,fixed asset,固定資產,固定资产,https://terms.naer.edu.tw/
3892,fixed asset,固定資產,,https://terms.naer.edu.tw/
3893,fixed asset turnover ratio,固定資產週轉率,,https://terms.naer.edu.tw/
3894,fixed bill,定期票據,定期票据,https://terms.naer.edu.tw/
3895,fixed capacity,固定產能,固定产能,https://terms.naer.edu.tw/
3896,fixed capital,固定資本,固定资本,https://terms.naer.edu.tw/
3897,fixed capital formation,固定資本形成,固定资本形成,https://terms.naer.edu.tw/
3898,fixed capital investment,固定資本投資,固定资本投资,https://terms.naer.edu.tw/
3899,fixed charge ratio,固定費用涵蓋比率,,https://terms.naer.edu.tw/
3900,fixed cost,固定成本,固定成本,https://terms.naer.edu.tw/
3901,fixed cost,固定成本,,https://terms.naer.edu.tw/
3902,fixed debenture,固定債券,固定债券,https://terms.naer.edu.tw/
3903,fixed duty,固定關稅,固定关税,https://terms.naer.edu.tw/
3904,fixed exchange rate,固定匯率,固定汇率,https://terms.naer.edu.tw/
3905,fixed exchange rate system,固定匯率制,固定汇率制,https://terms.naer.edu.tw/
3906,fixed income,固定收入,固定收入,https://terms.naer.edu.tw/
3907,fixed income securities,固定收益證券,,https://terms.naer.edu.tw/
3908,fixed income security,固定收益證券,固定收益证券,https://terms.naer.edu.tw/
3909,fixed inspection,固定檢驗,固定检验,https://terms.naer.edu.tw/
3910,fixed interest,固定利息,固定利息,https://terms.naer.edu.tw/
3911,fixed interest bearing bond,定息債券,定息债券,https://terms.naer.edu.tw/
3912,fixed interest security,固定利息證券,固定利息证券,https://terms.naer.edu.tw/
3913,fixed interest stock,定息股票,定息股票,https://terms.naer.edu.tw/
3914,fixed investment,固定投資,固定投资,https://terms.naer.edu.tw/
3915,fixed pay,固定薪資,固定薪资,https://terms.naer.edu.tw/
3916,fixed peg arrangement,盯住匯率制度,,https://terms.naer.edu.tw/
3917,fixed planned order,固定計畫訂單,固定计划订单,https://terms.naer.edu.tw/
3918,fixed price contract,固定價格合約,固定价格合同,https://terms.naer.edu.tw/
3919,fixed rate loan,固定利率貸款,固定利率贷款,https://terms.naer.edu.tw/
3920,fixed reorder cycle inventory model,固定(再)訂購週期模式,固定间隔期模型,https://terms.naer.edu.tw/
3921,fixed reorder quantity inventory model,固定(再)訂購量模式,固定订货量模型,https://terms.naer.edu.tw/
3922,fixed salary,固定薪資,,https://terms.naer.edu.tw/
3923,fixed-interval reinforcement,定期增強；週期增強,固定间隔的强化,https://terms.naer.edu.tw/
3924,fixed-interval schedule,固定期間制,,https://terms.naer.edu.tw/
3925,fixed-location storage,定位儲存,定位存储,https://terms.naer.edu.tw/
3926,fixed-order interval system,定期訂購制；經濟訂購制,,https://terms.naer.edu.tw/
3927,fixed-order period system,定期訂購制；經濟訂購制,,https://terms.naer.edu.tw/
3928,fixed-order quantity system,定量訂購制,,https://terms.naer.edu.tw/
3929,fixed-point reordering system,定點再購系統；定點再購制度,,https://terms.naer.edu.tw/
3930,fixed-position layout,固定位置式佈置；定位式佈置,固定位置布置,https://terms.naer.edu.tw/
3931,fixed-price contract,固定價格合約,固定价格合同,https://terms.naer.edu.tw/
3932,fixed-price tender offer,固定價格招標,固定价位招标,https://terms.naer.edu.tw/
3933,fixed-price-incentive-fee contract,固定價加獎勵金合約,固定价加提成合同,https://terms.naer.edu.tw/
3934,fixed-quantity reorder point model,固定(再)訂購點模式,固定订货点模型,https://terms.naer.edu.tw/
3935,fixed-ratio reinforcement,定比增強；定率增強,固定比例的强化,https://terms.naer.edu.tw/
3936,fixed-ratio schedule,固定比率制,,https://terms.naer.edu.tw/
3937,fixture　,夾具,,https://terms.naer.edu.tw/
3938,flagship brand,旗艦品牌,,https://terms.naer.edu.tw/
3939,flagship store,旗艦店,,https://terms.naer.edu.tw/
3940,flanker brand,側翼品牌,,https://terms.naer.edu.tw/
3941,flanking attack,側翼攻擊,,https://terms.naer.edu.tw/
3942,flat organization,扁平化組織,扁平化组织,https://terms.naer.edu.tw/
3943,flat organization structure,扁平組織結構,,https://terms.naer.edu.tw/
3944,flat price,單一價格,统一价格,https://terms.naer.edu.tw/
3945,flat rate,單一薪資；單一薪率,单一薪资,https://terms.naer.edu.tw/
3946,flat structure,扁平結構,,https://terms.naer.edu.tw/
3947,flat tax,單一稅負,统一税负,https://terms.naer.edu.tw/
3948,flattening organization,扁平化組織,,https://terms.naer.edu.tw/
3949,Fleishman job analysis,費氏工作分析,费氏职位分析,https://terms.naer.edu.tw/
3950,flexibility,彈性,,https://terms.naer.edu.tw/
3951,flexibility option,彈性選擇權,灵活期权,https://terms.naer.edu.tw/
3952,flexible assembly system (FAS),彈性組裝系統,,https://terms.naer.edu.tw/
3953,flexible automation,彈性自動化,,https://terms.naer.edu.tw/
3954,flexible benefit,彈性福利,,https://terms.naer.edu.tw/
3955,flexible budget,彈性預算,,https://terms.naer.edu.tw/
3956,flexible compensation,彈性薪酬,弹性薪酬,https://terms.naer.edu.tw/
3957,flexible compensation,彈性薪酬,,https://terms.naer.edu.tw/
3958,flexible exchange rate,彈性匯率,伸缩汇率；可变汇率；弹性汇率,https://terms.naer.edu.tw/
3959,flexible exchange rate system,彈性匯率制度,伸缩汇率制度,https://terms.naer.edu.tw/
3960,flexible manufacturing,彈性製造,,https://terms.naer.edu.tw/
3961,flexible manufacturing system{=FMS},彈性製造系統；彈性製造制度,,https://terms.naer.edu.tw/
3962,flexible mortgage,彈性不動產擔保,柔性按揭,https://terms.naer.edu.tw/
3963,flexible policy,彈性政策,弹性政策,https://terms.naer.edu.tw/
3964,flexible pricing,彈性訂價法,,https://terms.naer.edu.tw/
3965,flexible tariff,彈性關稅,伸缩关税；弹性关税,https://terms.naer.edu.tw/
3966,flexible time,彈性工時,弹性工时,https://terms.naer.edu.tw/
3967,flexible work schedule,彈性工時制,弹性工作制,https://terms.naer.edu.tw/
3968,flexible work schedule,彈性工時制,,https://terms.naer.edu.tw/
3969,flexible workforce,彈性人力；彈性勞動力,,https://terms.naer.edu.tw/
3970,flexible-benefit plan,彈性福利計畫；彈性福利方案,弹性福利计划；弹性福利方案,https://terms.naer.edu.tw/
3971,flextime,彈性工時,,https://terms.naer.edu.tw/
3972,flextime,彈性工時,,https://terms.naer.edu.tw/
3973,flextime plan,彈性工時計畫,,https://terms.naer.edu.tw/
3974,float,浮動差額,,https://terms.naer.edu.tw/
3975,floating capital,流動資本,流动资本,https://terms.naer.edu.tw/
3976,floating debenture,流動債券,流动公司债券,https://terms.naer.edu.tw/
3977,floating exchange rate,浮動匯率,浮动汇率,https://terms.naer.edu.tw/
3978,floating exchange rate system,浮動匯率制度,浮动汇率制度,https://terms.naer.edu.tw/
3979,floating interest rate,浮動利率,浮动利率,https://terms.naer.edu.tw/
3980,floating leg,浮動端,,https://terms.naer.edu.tw/
3981,floating liability,流動負債,流动负债,https://terms.naer.edu.tw/
3982,floating order point,浮動訂購點,浮动订货点,https://terms.naer.edu.tw/
3983,floating rate note,浮動利率票據,浮息票据,https://terms.naer.edu.tw/
3984,"floating rate note, FRN",浮動利率票據,,https://terms.naer.edu.tw/
3985,floating-rate bond,浮動利率債券,,https://terms.naer.edu.tw/
3986,floor broker,場內經紀人,场内经纪人,https://terms.naer.edu.tw/
3987,floor committee,場內委員會,,https://terms.naer.edu.tw/
3988,floor rate,最低利率,最低汇率,https://terms.naer.edu.tw/
3989,floor stock,現場庫存,现场存货,https://terms.naer.edu.tw/
3990,floor trader,場內交易者,,https://terms.naer.edu.tw/
3991,flotation costs,發行成本,发行成本,https://terms.naer.edu.tw/
3992,flow chart,流程圖,流程图,https://terms.naer.edu.tw/
3993,flow diagram,流程圖,流程图,https://terms.naer.edu.tw/
3994,flow line,流程線;流水線,流水线,https://terms.naer.edu.tw/
3995,flow path,流程路徑,流程路径,https://terms.naer.edu.tw/
3996,flow process chart　,流程程序圖,,https://terms.naer.edu.tw/
3997,flow shop,流程式工廠,,https://terms.naer.edu.tw/
3998,flow time,流程時間,流程时间,https://terms.naer.edu.tw/
3999,flow-shop scheduling,流程式排程,流水作业排程,https://terms.naer.edu.tw/
4000,Flowcharts,流程圖,,https://terms.naer.edu.tw/
4001,flowing inspection,流動檢驗；巡回檢驗,流动检验；巡回检验；流动检查,https://terms.naer.edu.tw/
4002,fluctuation clause,變動條款,浮动条款,https://terms.naer.edu.tw/
4003,FOA,機場交貨條件,飞机场交货价格,https://terms.naer.edu.tw/
4004,FOB airport,機場交貨條件,飞机场交货价格,https://terms.naer.edu.tw/
4005,FOB factory,工廠車上交貨條件,工厂交货价,https://terms.naer.edu.tw/
4006,FOB mill,工廠車上交貨條件,工厂交货价,https://terms.naer.edu.tw/
4007,focal point competition,焦點競爭,,https://terms.naer.edu.tw/
4008,focus group,焦點團體,,https://terms.naer.edu.tw/
4009,focus group,焦點團體,,https://terms.naer.edu.tw/
4010,focus group interview,焦點團體訪談,焦点小组访谈,https://terms.naer.edu.tw/
4011,focus group interview,焦點團體訪談,,https://terms.naer.edu.tw/
4012,focus strategy,聚焦策略,,https://terms.naer.edu.tw/
4013,focused cost leadership,集中成本領導,,https://terms.naer.edu.tw/
4014,focused differentiation,集中差異化,,https://terms.naer.edu.tw/
4015,focused factory　,重點工廠,,https://terms.naer.edu.tw/
4016,focused market segment,集中化市場區隔,,https://terms.naer.edu.tw/
4017,Folksonomy,分眾分類,,https://terms.naer.edu.tw/
4018,follow market,後進市場,后进市场,https://terms.naer.edu.tw/
4019,follow-up　,跟催；追查,,https://terms.naer.edu.tw/
4020,follower advantage,追隨者優勢,,https://terms.naer.edu.tw/
4021,Fonds /Archival Fonds,全宗/檔案全宗,全宗/档案全宗,https://terms.naer.edu.tw/
4022,food chain,食物鏈,,https://terms.naer.edu.tw/
4023,fool-proof,防呆法；防錯法,防错法；差错预防,https://terms.naer.edu.tw/
4024,force field analysis,力場分析法,,https://terms.naer.edu.tw/
4025,force field analysis [model],力場分析[模型],力场分析,https://terms.naer.edu.tw/
4026,force majeure,不可抗力,不可抗力,https://terms.naer.edu.tw/
4027,forced distribution method,強迫分配法,强迫分配法,https://terms.naer.edu.tw/
4028,forced liquidation,強制清算,强迫清算,https://terms.naer.edu.tw/
4029,forced ranking method,強迫排序法,强迫排序法,https://terms.naer.edu.tw/
4030,forced redeem clause,強制贖回條款,,https://terms.naer.edu.tw/
4031,forced sale,強制銷售,强制销售,https://terms.naer.edu.tw/
4032,forced saving,強制儲蓄,强制储蓄,https://terms.naer.edu.tw/
4033,forced-choice rating scales,強迫選擇評等量表,强迫选择法,https://terms.naer.edu.tw/
4034,forced-choice scale,強制選擇尺度,,https://terms.naer.edu.tw/
4035,Fordism,福特主義,,https://terms.naer.edu.tw/
4036,forecasting,預測,,https://terms.naer.edu.tw/
4037,forecasting　,預測,,https://terms.naer.edu.tw/
4038,forecasting-driven production,預測驅動式生產,预测驱动式生产,https://terms.naer.edu.tw/
4039,foreclosure,鎖喉策略,,https://terms.naer.edu.tw/
4040,foreign advanced standard,國外先進標準,国外先进标准,https://terms.naer.edu.tw/
4041,foreign affiliate,外國子公司,外国子公司,https://terms.naer.edu.tw/
4042,foreign agent,國外代理人,国外代理商,https://terms.naer.edu.tw/
4043,foreign balance,國外餘額,外汇结存；国际清算平衡表,https://terms.naer.edu.tw/
4044,foreign bill of exchange,外國匯票,外国汇票,https://terms.naer.edu.tw/
4045,foreign bill receivable,應收外國匯票,应收外国汇票,https://terms.naer.edu.tw/
4046,foreign bond,外國債券,外国债券,https://terms.naer.edu.tw/
4047,foreign bonds,外國債券,,https://terms.naer.edu.tw/
4048,foreign branch,國外分支機構,①国外分支机构 ②国外分号,https://terms.naer.edu.tw/
4049,foreign capital inflow,外資流入,外资流入,https://terms.naer.edu.tw/
4050,foreign claimable asset,國外可請求資產,国外债权,https://terms.naer.edu.tw/
4051,foreign company,外國公司,外国公司,https://terms.naer.edu.tw/
4052,foreign correspondent,國外往來客戶；國外代理銀行,①国外往来客户 ②国外代理银行,https://terms.naer.edu.tw/
4053,foreign currency,外幣,外币,https://terms.naer.edu.tw/
4054,foreign currency account,外幣帳戶,外币账户,https://terms.naer.edu.tw/
4055,foreign currency bill,外幣紙鈔,外币汇票,https://terms.naer.edu.tw/
4056,foreign currency control,外幣管制,外币管制,https://terms.naer.edu.tw/
4057,foreign currency conversion certificate,外幣兌換券,外币兑换券,https://terms.naer.edu.tw/
4058,foreign currency conversion rate,外幣折合率,外币折合率,https://terms.naer.edu.tw/
4059,foreign currency credit,外幣信用狀,外币信用证,https://terms.naer.edu.tw/
4060,foreign currency deposit,外幣存款,外币存款,https://terms.naer.edu.tw/
4061,foreign currency option,外匯選擇權,外汇期权,https://terms.naer.edu.tw/
4062,foreign debt,外債,外债,https://terms.naer.edu.tw/
4063,foreign deposit,國外存款,国外存款,https://terms.naer.edu.tw/
4064,foreign direct investment,外人直接投資,对外直接投资,https://terms.naer.edu.tw/
4065,foreign direct investment {=FDI},對外直接投資；外國直接投資,对外直接投资,https://terms.naer.edu.tw/
4066,foreign draft,國外匯票,国外汇票,https://terms.naer.edu.tw/
4067,foreign exchange acceptance house,外匯承兌行,外汇承兑行,https://terms.naer.edu.tw/
4068,foreign exchange allocation system,外匯核配制度,外汇分配制度,https://terms.naer.edu.tw/
4069,foreign exchange allotment,外匯配額,外汇配额,https://terms.naer.edu.tw/
4070,foreign exchange asset,外匯資產,外汇资产,https://terms.naer.edu.tw/
4071,foreign exchange bank,外匯銀行,外汇银行,https://terms.naer.edu.tw/
4072,foreign exchange broker,外匯經紀人,外汇经纪人,https://terms.naer.edu.tw/
4073,foreign exchange budget,外匯預算,外汇预算,https://terms.naer.edu.tw/
4074,foreign exchange certificate,結匯證明書,外汇兑换券,https://terms.naer.edu.tw/
4075,foreign exchange clause,外匯條款,外汇条款,https://terms.naer.edu.tw/
4076,foreign exchange clearance,國際匯兌清算,国际汇兑清算,https://terms.naer.edu.tw/
4077,Foreign Exchange Commission,[美]聯邦外匯委員會,[美]联邦外汇委员会,https://terms.naer.edu.tw/
4078,foreign exchange concentration system,外匯集中制度,外汇集中制度,https://terms.naer.edu.tw/
4079,foreign exchange contract,外匯契約,外汇合同,https://terms.naer.edu.tw/
4080,foreign exchange control,外匯管制,外汇管制,https://terms.naer.edu.tw/
4081,foreign exchange dealer,外匯交易員,外汇经纪人,https://terms.naer.edu.tw/
4082,foreign exchange dividend system,外匯分紅制,出口外汇分红制,https://terms.naer.edu.tw/
4083,foreign exchange equalization account,外匯平衡帳戶,外汇平衡账户,https://terms.naer.edu.tw/
4084,foreign exchange fund,外匯基金,外汇基金,https://terms.naer.edu.tw/
4085,foreign exchange fund automatic allocation system,外匯基金自動分配制,外汇资金自动分配制,https://terms.naer.edu.tw/
4086,foreign exchange futures,外匯期貨,外汇期货,https://terms.naer.edu.tw/
4087,foreign exchange futures market,外匯期貨市場,外汇期货市场,https://terms.naer.edu.tw/
4088,foreign exchange gain or loss,外匯損益,外汇损益,https://terms.naer.edu.tw/
4089,foreign exchange holding,外匯持有額,外汇持有额,https://terms.naer.edu.tw/
4090,foreign exchange holding restriction system,外匯持有限額制,外汇持有限额制,https://terms.naer.edu.tw/
4091,foreign exchange instrument,外匯工具,国外汇兑票据,https://terms.naer.edu.tw/
4092,foreign exchange liability,外匯負債,外汇负债,https://terms.naer.edu.tw/
4093,foreign exchange license,外匯許可證,外汇许可证,https://terms.naer.edu.tw/
4094,foreign exchange market,外匯市場,外汇市场,https://terms.naer.edu.tw/
4095,foreign exchange market,外匯市場,外汇市场,https://terms.naer.edu.tw/
4096,foreign exchange operation,外匯業務,外汇业务,https://terms.naer.edu.tw/
4097,foreign exchange option,外匯選擇權,外汇期权,https://terms.naer.edu.tw/
4098,foreign exchange option market,外匯選擇權市場,外汇期权市场,https://terms.naer.edu.tw/
4099,foreign exchange policy,外匯政策,外汇政策,https://terms.naer.edu.tw/
4100,foreign exchange position,外匯部位,外汇头寸；外汇持有额,https://terms.naer.edu.tw/
4101,foreign exchange quotation,外匯報價,外汇牌价,https://terms.naer.edu.tw/
4102,foreign exchange rate,外匯匯率,外汇汇率,https://terms.naer.edu.tw/
4103,foreign exchange receipt and disbursement,外匯收入與支出,外汇收入与支出,https://terms.naer.edu.tw/
4104,foreign exchange reservation clause,外匯準備條款,外汇储备条款,https://terms.naer.edu.tw/
4105,foreign exchange reserve,外匯準備,外汇储备,https://terms.naer.edu.tw/
4106,foreign exchange risk,外匯風險,外汇风险,https://terms.naer.edu.tw/
4107,foreign exchange risk premia,外匯風險升水,外汇风险升水,https://terms.naer.edu.tw/
4108,foreign exchange settlement,結匯,结汇,https://terms.naer.edu.tw/
4109,foreign exchange speculation,外匯投機,外汇投机,https://terms.naer.edu.tw/
4110,foreign exchange stabilization fund,外匯穩定基金,外汇稳定基金,https://terms.naer.edu.tw/
4111,foreign exchange swap,外匯交換,外汇互换,https://terms.naer.edu.tw/
4112,foreign exchange transaction,外匯交易,外汇交易,https://terms.naer.edu.tw/
4113,foreign exchange transfer,外匯轉帳,外汇转账；汇划,https://terms.naer.edu.tw/
4114,foreign investment,國外投資,外国投资,https://terms.naer.edu.tw/
4115,foreign markets,國外市場,,https://terms.naer.edu.tw/
4116,foreign money order,國外匯票,对外汇款单,https://terms.naer.edu.tw/
4117,foreign portfolio investment,國外資產組合投資,国外有价证券投资,https://terms.naer.edu.tw/
4118,foreign principal,外國委託人,外国委托人,https://terms.naer.edu.tw/
4119,foreign remittance,國外匯款,国外汇款,https://terms.naer.edu.tw/
4120,foreign shares,外國股票,外资股,https://terms.naer.edu.tw/
4121,foreign subsidiary,國外子公司,,https://terms.naer.edu.tw/
4122,foreign subsidiary corporation,外國子公司,外国子公司,https://terms.naer.edu.tw/
4123,foreign takeover,國外併購,国外并购,https://terms.naer.edu.tw/
4124,foreign tax incentive,國外租稅獎勵,国外税收优惠,https://terms.naer.edu.tw/
4125,foreign trade,國外貿易,对外贸易,https://terms.naer.edu.tw/
4126,foreign trade arbitration,國外貿易仲裁,对外贸易仲裁,https://terms.naer.edu.tw/
4127,foreign trade control,國外貿易管制,对外贸易管制,https://terms.naer.edu.tw/
4128,foreign trade deficit,國外貿易逆差,对外贸易逆差,https://terms.naer.edu.tw/
4129,foreign trade finance,貿易融資,对外贸易资金融通,https://terms.naer.edu.tw/
4130,foreign trade index,國外貿易指數,对外贸易指数,https://terms.naer.edu.tw/
4131,foreign trade position,國外貿易部位,对外贸易收支,https://terms.naer.edu.tw/
4132,foreign trade structure,國外貿易結構,对外贸易结构,https://terms.naer.edu.tw/
4133,foreign trade surplus,國外貿易順差,对外贸易顺差,https://terms.naer.edu.tw/
4134,foreign trade unit value,國外貿易單位價值,外贸单位价值,https://terms.naer.edu.tw/
4135,foreign trade unit value index,國外貿易單位價值指數,外贸单位价值指数,https://terms.naer.edu.tw/
4136,foreign trade zone,對外貿易區,对外贸易区,https://terms.naer.edu.tw/
4137,forex market,外匯市場,外汇市场,https://terms.naer.edu.tw/
4138,forged document,偽造單證,伪造单据,https://terms.naer.edu.tw/
4139,form utility,形式效用,,https://terms.naer.edu.tw/
4140,formal channels,正式管道,正式渠道,https://terms.naer.edu.tw/
4141,formal communication,正式溝通,正式沟通,https://terms.naer.edu.tw/
4142,formal group,正式群體；正式團體,正式群体,https://terms.naer.edu.tw/
4143,formal organization,正式組織,正式组织,https://terms.naer.edu.tw/
4144,formal organization,正式組織,,https://terms.naer.edu.tw/
4145,formal team,正式團隊,,https://terms.naer.edu.tw/
4146,formal theory,正式理論；形式理論,,https://terms.naer.edu.tw/
4147,formalization,正式化,正式化,https://terms.naer.edu.tw/
4148,formalization,正式化,,https://terms.naer.edu.tw/
4149,forming stage,形成期｛Tuckman團隊發展五階段之一｝,,https://terms.naer.edu.tw/
4150,forward [vertical] integration,向前[垂直]整合,,https://terms.naer.edu.tw/
4151,forward buying,遠期買進,购买期货,https://terms.naer.edu.tw/
4152,Forward chaining,前向鏈結,,https://terms.naer.edu.tw/
4153,forward contract,遠期契約,远期合同,https://terms.naer.edu.tw/
4154,forward deliver,遠期交割,远期交货,https://terms.naer.edu.tw/
4155,forward exchange,遠期外匯,远期外汇,https://terms.naer.edu.tw/
4156,forward exchange contract,遠期外匯合約,远期汇兑合约,https://terms.naer.edu.tw/
4157,forward exchange contract discount,遠期外匯合約貼水,期汇合约贴水,https://terms.naer.edu.tw/
4158,forward exchange contract premium,遠期外匯合約升水,期汇合约升水,https://terms.naer.edu.tw/
4159,forward exchange market,遠期外匯市場,远期外汇市场,https://terms.naer.edu.tw/
4160,forward exchange operation,遠期外匯操作,远期外汇操作,https://terms.naer.edu.tw/
4161,forward exchange rate,遠期匯率,远期汇率,https://terms.naer.edu.tw/
4162,forward exchange transaction,遠期外匯交易,远期外汇交易,https://terms.naer.edu.tw/
4163,forward integration　,向前整合,,https://terms.naer.edu.tw/
4164,forward integration,向前整合,,https://terms.naer.edu.tw/
4165,forward interest rate,遠期利率,远期利率,https://terms.naer.edu.tw/
4166,forward margin,遠期差價,[外汇的]期货和现货之间的差价,https://terms.naer.edu.tw/
4167,forward market,遠期市場,远期市场,https://terms.naer.edu.tw/
4168,forward market,遠期市場,期货市场,https://terms.naer.edu.tw/
4169,forward position,遠期部位,期货头寸,https://terms.naer.edu.tw/
4170,forward premium,遠期升水,远期升水,https://terms.naer.edu.tw/
4171,forward price,遠期價格,远期价格,https://terms.naer.edu.tw/
4172,forward purchase,遠期買進,远期购买,https://terms.naer.edu.tw/
4173,forward quotation,遠期報價,远期报价,https://terms.naer.edu.tw/
4174,forward rate,遠期匯率；遠期利率,远期汇率,https://terms.naer.edu.tw/
4175,forward rate agreement,遠期利率協議,远期利率协议,https://terms.naer.edu.tw/
4176,forward sale,遠期賣出,期货销售[额],https://terms.naer.edu.tw/
4177,forward scheduling　,正向排程；前往後排程；順向排程,顺向排程,https://terms.naer.edu.tw/
4178,forward start option,遠期生效選擇權,远期生效期权,https://terms.naer.edu.tw/
4179,forward transaction,遠期交易,期货交易,https://terms.naer.edu.tw/
4180,forward vertical integration,向前垂直整合,,https://terms.naer.edu.tw/
4181,forwarder,貨運承攬商,,https://terms.naer.edu.tw/
4182,Fourth Market,第四市場,第四市场,https://terms.naer.edu.tw/
4183,fractional reserve banking system,部分準備銀行制度,部分储备银行制度,https://terms.naer.edu.tw/
4184,fragmented industries,零散型產業,,https://terms.naer.edu.tw/
4185,fragmented market,分散型市場,分割市场,https://terms.naer.edu.tw/
4186,Framework and Conceptual Models,架構與概念模型,架构与概念模型,https://terms.naer.edu.tw/
4187,framing effects,框架效應,框架效应,https://terms.naer.edu.tw/
4188,Franc Zone,法郎區,法郎区,https://terms.naer.edu.tw/
4189,franchise,加盟,,https://terms.naer.edu.tw/
4190,franchise agreement,特許加盟協議；特許加盟合同,,https://terms.naer.edu.tw/
4191,franchise factor,特許因素,特许原因,https://terms.naer.edu.tw/
4192,franchise mode,加盟模式；特許模式,,https://terms.naer.edu.tw/
4193,franchisee,加盟者{業界俗稱加盟主},,https://terms.naer.edu.tw/
4194,franchising,特許經營,,https://terms.naer.edu.tw/
4195,franchisor,加盟授權者,,https://terms.naer.edu.tw/
4196,franco border,邊境交貨條件,边境交货价,https://terms.naer.edu.tw/
4197,franco domicile,目的地交貨條件,目的地交货价,https://terms.naer.edu.tw/
4198,franco frontier,邊境交貨條件,边境交货价,https://terms.naer.edu.tw/
4199,franco quay,目的港碼頭交貨條件,船边交货价,https://terms.naer.edu.tw/
4200,franco rendu,目的地買方指定地點交貨條件,目的地买方指定地点交货价,https://terms.naer.edu.tw/
4201,Frascati manual,法城手冊,弗拉斯卡蒂手册,https://terms.naer.edu.tw/
4202,Fraunhofer model,弗勞恩霍夫爾模式,弗朗霍夫模式,https://terms.naer.edu.tw/
4203,free alongside ship,[啟運港]船邊交貨條件,[启运港]船边交货价,https://terms.naer.edu.tw/
4204,free article,免稅品,免税品,https://terms.naer.edu.tw/
4205,free at dock,碼頭交貨價,到岸价,https://terms.naer.edu.tw/
4206,free cash flow,自由現金流量,,https://terms.naer.edu.tw/
4207,free convertibility currency,自由兌換貨幣,自由兑换货币,https://terms.naer.edu.tw/
4208,free district,自由[貿易]區,自由[贸易]区,https://terms.naer.edu.tw/
4209,free dock,碼頭交貨條件,自由港,https://terms.naer.edu.tw/
4210,free entry,自由進入市場；免稅報單,①自由进入市场 ②免税报单,https://terms.naer.edu.tw/
4211,free in/into wagon {=FIW},車廂內交貨條件,车厢内交货价格,https://terms.naer.edu.tw/
4212,free list,免稅清單,[海关]免税货单；自由货单,https://terms.naer.edu.tw/
4213,free on board {=FOB},離岸價格；船上交貨條件,离岸价格,https://terms.naer.edu.tw/
4214,free on board stowed,理艙費在內的船上交貨條件,理舱费在内的船上交货价,https://terms.naer.edu.tw/
4215,free on quay,碼頭交貨條件,船边交货价,https://terms.naer.edu.tw/
4216,free on truck,卡車上交貨條件,卡车交货价,https://terms.naer.edu.tw/
4217,free perimeter,免稅區,免税区,https://terms.naer.edu.tw/
4218,free port,免稅港,自由港；免税港,https://terms.naer.edu.tw/
4219,free port area,自由港區,自由港区,https://terms.naer.edu.tw/
4220,free reserve,自由準備,自由储备金,https://terms.naer.edu.tw/
4221,free rider,搭便車,搭便车者,https://terms.naer.edu.tw/
4222,free riding,搭便車,,https://terms.naer.edu.tw/
4223,free standing insert {=FSI},夾頁,,https://terms.naer.edu.tw/
4224,free trade,自由貿易,自由贸易,https://terms.naer.edu.tw/
4225,free trade,自由貿易,,https://terms.naer.edu.tw/
4226,free trade agreement,自由貿易協定,自由贸易协定,https://terms.naer.edu.tw/
4227,free trade area,自由貿易區,自由贸易区,https://terms.naer.edu.tw/
4228,free trade area{=FTA},自由貿易區,,https://terms.naer.edu.tw/
4229,free trade policy,自由貿易政策,自由贸易政策,https://terms.naer.edu.tw/
4230,free trade port,自由貿易港,自由贸易港,https://terms.naer.edu.tw/
4231,free transit zone,自由轉口區,自由转口区,https://terms.naer.edu.tw/
4232,free zone,自由貿易區；免稅區,自由贸易区；免税区,https://terms.naer.edu.tw/
4233,free-market economies,自由市場經濟,,https://terms.naer.edu.tw/
4234,free-rein leadership,放任式領導,,https://terms.naer.edu.tw/
4235,free-riding,搭便車,搭便车,https://terms.naer.edu.tw/
4236,freely-floating regime,自由浮動區間,,https://terms.naer.edu.tw/
4237,freeze window,凍結期,冻结期,https://terms.naer.edu.tw/
4238,freight absorption pricing,運費吸收訂價法,,https://terms.naer.edu.tw/
4239,freight forwarder,貨運業者,,https://terms.naer.edu.tw/
4240,freight on board {=FOB},船上交貨價格,,https://terms.naer.edu.tw/
4241,frequency diagram,頻率圖,,https://terms.naer.edu.tw/
4242,frequency discount,常購折扣,媒体频度折扣,https://terms.naer.edu.tw/
4243,frequency programs {=FPs},常客方案,常客计划；积分奖励计划,https://terms.naer.edu.tw/
4244,friendly merger,善意合併,,https://terms.naer.edu.tw/
4245,friendship group,友誼群體,,https://terms.naer.edu.tw/
4246,fringe benefit,福利,,https://terms.naer.edu.tw/
4247,fringe benefits,員工福利,员工福利,https://terms.naer.edu.tw/
4248,from-to table method,起迄表法,从－至表法,https://terms.naer.edu.tw/
4249,front office operation,前場作業,,https://terms.naer.edu.tw/
4250,front stage operation,前台作業,,https://terms.naer.edu.tw/
4251,front-end fee,前置費用,,https://terms.naer.edu.tw/
4252,Front-end processor,前端處理器,,https://terms.naer.edu.tw/
4253,frontal attack,正面攻擊,,https://terms.naer.edu.tw/
4254,frontier trade,邊境貿易,边境贸易,https://terms.naer.edu.tw/
4255,frustration-regression hypothesis,挫折退化假說,挫折倒退假说,https://terms.naer.edu.tw/
4256,FTSE Xinhua China A50 Index,新華富時中國A50指數,新华富时中国A50指数,https://terms.naer.edu.tw/
4257,full convertibility,完全兌換性,[通货的]完全可兑换[性],https://terms.naer.edu.tw/
4258,full endorsement,記名背書,完全背书；记名背书,https://terms.naer.edu.tw/
4259,full factorial design (FFD),全因子實驗,全因子实验,https://terms.naer.edu.tw/
4260,full free trade area,完全自由貿易區,完全自由贸易区,https://terms.naer.edu.tw/
4261,full gold standard,完全金本位制,完全金本位制,https://terms.naer.edu.tw/
4262,full integration,完全整合,完全统合,https://terms.naer.edu.tw/
4263,full nest stage,滿巢期,,https://terms.naer.edu.tw/
4264,full pegging,完全跟蹤,完全跟踪,https://terms.naer.edu.tw/
4265,full-cost pricing,全部成本訂價法,,https://terms.naer.edu.tw/
4266,full-line wholesaler,全產品線批發商,,https://terms.naer.edu.tw/
4267,full-service retailing,完全服務零售,,https://terms.naer.edu.tw/
4268,Full-text search,全文檢索,全文检索,https://terms.naer.edu.tw/
4269,full-time activity,全職活動,,https://terms.naer.edu.tw/
4270,fully diluted EPS,完全稀釋每股盈餘,,https://terms.naer.edu.tw/
4271,fully taxable equivalent yield {=FTEY},完全應稅等價收益率,完全应税等价收益率,https://terms.naer.edu.tw/
4272,function,功能,,https://terms.naer.edu.tw/
4273,function of automatic adjustment,價格自動調整功能,价格自动调整功能,https://terms.naer.edu.tw/
4274,functional authority,功能性職權；功能性權威,,https://terms.naer.edu.tw/
4275,functional conflict,功能性衝突,,https://terms.naer.edu.tw/
4276,functional department,功能式部門,职能部门,https://terms.naer.edu.tw/
4277,functional departmentalization,功能部門化,,https://terms.naer.edu.tw/
4278,functional departments,功能部門,,https://terms.naer.edu.tw/
4279,functional differentiation,功能差異化；功能分化,,https://terms.naer.edu.tw/
4280,functional discount,功能性折扣,功能折扣；贸易折扣,https://terms.naer.edu.tw/
4281,functional job analysis,功能性工作分析；職能工作分析法,职能式职位分析法,https://terms.naer.edu.tw/
4282,functional layout　,功能式佈置,按功能布置,https://terms.naer.edu.tw/
4283,functional level,功能層級,,https://terms.naer.edu.tw/
4284,functional manager,功能部門經理,职能经理,https://terms.naer.edu.tw/
4285,functional organizational structure,功能別組織結構,,https://terms.naer.edu.tw/
4286,functional plan,功能性計畫,,https://terms.naer.edu.tw/
4287,functional policies,功能政策,,https://terms.naer.edu.tw/
4288,functional pricing,功能定價,,https://terms.naer.edu.tw/
4289,functional principle,功能原則,,https://terms.naer.edu.tw/
4290,functional quality,功能品質,,https://terms.naer.edu.tw/
4291,functional specialization,功能專業化；功能專門化,,https://terms.naer.edu.tw/
4292,functional strategy,功能策略,职能战略,https://terms.naer.edu.tw/
4293,functional structure,功能式結構,,https://terms.naer.edu.tw/
4294,functional team,功能團隊,,https://terms.naer.edu.tw/
4295,functional-level strategies,功能層級策略,职能层战略；职能部门战略,https://terms.naer.edu.tw/
4296,functional-level strategy,功能層策略,,https://terms.naer.edu.tw/
4297,functionality,功能性,功能性,https://terms.naer.edu.tw/
4298,fund,基金,基金,https://terms.naer.edu.tw/
4299,"fund of fund, FOF",組合基金,基金中的基金,https://terms.naer.edu.tw/
4300,fund split,基金分割,基金拆分,https://terms.naer.edu.tw/
4301,fund unit,基金單位,基金单位,https://terms.naer.edu.tw/
4302,fundamental accounting equation,基本會計方程式,,https://terms.naer.edu.tw/
4303,fundamental analysis,基本分析,,https://terms.naer.edu.tw/
4304,fundamental attribution error,基本歸因誤差,基本归因误差,https://terms.naer.edu.tw/
4305,fundamental equilibrium exchange rate {=FEER},基本均衡匯率,基本均衡汇率,https://terms.naer.edu.tw/
4306,fundamental equilibrium exchange rate {=FEER},基本均衡匯率,基本均衡汇率,https://terms.naer.edu.tw/
4307,fundamental innovation,根本性創新,根本性创新,https://terms.naer.edu.tw/
4308,fundamental volatility,基礎波動度,基础波动性,https://terms.naer.edu.tw/
4309,funding gap,融資缺口,,https://terms.naer.edu.tw/
4310,future oriented appraisal system,未來導向評核制,未来导向评价系统,https://terms.naer.edu.tw/
4311,future reality tree (FRT),未來樹；未來樹狀圖,未来现实树,https://terms.naer.edu.tw/
4312,future value,終值,,https://terms.naer.edu.tw/
4313,futures business,期貨交易,期货交易,https://terms.naer.edu.tw/
4314,futures clearing house,期貨清算所,期货清算所,https://terms.naer.edu.tw/
4315,futures commission merchants,期貨經紀商,,https://terms.naer.edu.tw/
4316,futures contract,期貨契約,期货合同,https://terms.naer.edu.tw/
4317,futures delivery,期貨交割,远期交货；期货交割,https://terms.naer.edu.tw/
4318,futures exchange,期貨交易所,①期货交易所 ②期货外汇,https://terms.naer.edu.tw/
4319,futures fund,期貨基金,期货基金,https://terms.naer.edu.tw/
4320,futures market,期貨市場,期货市场,https://terms.naer.edu.tw/
4321,"futures option, option on futures",期貨選擇權,期货期权,https://terms.naer.edu.tw/
4322,futures price,期貨價格,期货价格,https://terms.naer.edu.tw/
4323,Futures Trading Act,期貨交易法案,,https://terms.naer.edu.tw/
4324,fuzzy front end,模糊前端,模糊前端；创新前端,https://terms.naer.edu.tw/
4325,Fuzzy information,模糊資訊,模糊信息,https://terms.naer.edu.tw/
4326,Fuzzy logic,模糊邏輯,,https://terms.naer.edu.tw/
4327,fuzzy theory,模糊理論,,https://terms.naer.edu.tw/
4328,gain sharing [plan],收益分享[計畫],收益分享,https://terms.naer.edu.tw/
4329,gambler's fallacy,賭徒謬誤,赌徒谬误,https://terms.naer.edu.tw/
4330,gambler's fallacy,賭徒謬誤,,https://terms.naer.edu.tw/
4331,game matrix,賽局矩陣,,https://terms.naer.edu.tw/
4332,game theory,賽局理論,,https://terms.naer.edu.tw/
4333,game theory,賽局理論,,https://terms.naer.edu.tw/
4334,game theory in finance,財務的博弈理論,金融领域的博弈论,https://terms.naer.edu.tw/
4335,Gantt chart　,甘特圖,,https://terms.naer.edu.tw/
4336,Gantt chart,甘特圖,,https://terms.naer.edu.tw/
4337,Gantt task and bonus plan,甘特獎勵制,甘特奖励制,https://terms.naer.edu.tw/
4338,gatekeeper,守門人,,https://terms.naer.edu.tw/
4339,gearing,槓桿倍數,,https://terms.naer.edu.tw/
4340,Gender Equality in Employment Act,性別工作平等法,性别雇佣平等法,https://terms.naer.edu.tw/
4341,gender segmentation,性別區隔,性别细分,https://terms.naer.edu.tw/
4342,general acceptance,無條件承兌,普通承兑；不带保留条件的承兑,https://terms.naer.edu.tw/
4343,general administration,一般行政；一般管理,,https://terms.naer.edu.tw/
4344,general agency,總經銷；總代理,总经销；总代理,https://terms.naer.edu.tw/
4345,General Agreement on Tariffs and Trade {=GATT},關稅暨貿易總協定,关税及贸易总协定,https://terms.naer.edu.tw/
4346,General Agreement on Tariffs and Trade{=GATT},關稅貿易總協定,,https://terms.naer.edu.tw/
4347,general average,共同海損,共同海损,https://terms.naer.edu.tw/
4348,general average adjustment,共同海損理算,共同海损理算,https://terms.naer.edu.tw/
4349,general average clause,共同海損條款,共同海损条款,https://terms.naer.edu.tw/
4350,general average guarantee,共同海損擔保書,共同海损担保,https://terms.naer.edu.tw/
4351,general condition of delivery,一般交貨條件,一般交货条件,https://terms.naer.edu.tw/
4352,general credit,一般信用狀,普通信用证,https://terms.naer.edu.tw/
4353,general credit control,一般性信用管制,一般性信用控制,https://terms.naer.edu.tw/
4354,general element,一般要素,一般要素,https://terms.naer.edu.tw/
4355,general endorsement,一般背書,一般背书,https://terms.naer.edu.tw/
4356,general environment,總體環境,总体环境；一般环境,https://terms.naer.edu.tw/
4357,general equilibrium of international trade,國際貿易一般均衡,国际贸易一般均衡,https://terms.naer.edu.tw/
4358,General layout,總體佈局,总体布局,https://terms.naer.edu.tw/
4359,general licence,一般輸出入許可證,普通许可证；一般许可证,https://terms.naer.edu.tw/
4360,general management theory,一般管理理論,,https://terms.naer.edu.tw/
4361,general mental ability (GMA),一般心智能力,一般心理能力,https://terms.naer.edu.tw/
4362,general merchandise store,綜合百貨店,,https://terms.naer.edu.tw/
4363,general organizational competencies,總體組織能耐,,https://terms.naer.edu.tw/
4364,general partner,普通合夥人；一般合夥人,,https://terms.naer.edu.tw/
4365,general partnership,普通合夥,,https://terms.naer.edu.tw/
4366,general preferential duty system,普遍優惠關稅制度,普遍优惠关税制度,https://terms.naer.edu.tw/
4367,general tariff,一般關稅,一般税率；普遍税率,https://terms.naer.edu.tw/
4368,general terms and condition [of trade],一般交易條件,一般交易条件,https://terms.naer.edu.tw/
4369,generalist,通才,,https://terms.naer.edu.tw/
4370,generalizability,類推性,概化效度,https://terms.naer.edu.tw/
4371,generalized autoregressive conditional heteroskedasticity-mean model,一般化自我迴歸條件異質變異均數模型,广义自回归条件异方差均值模型,https://terms.naer.edu.tw/
4372,generalized autoregressive conditionally heteroskedasticity model,一般化自我迴歸條件異質變異模型,广义自回归条件异方差模型,https://terms.naer.edu.tw/
4373,generalized non-reciprocal；non-discriminatory system of preference,非互惠非歧視性普遍優惠關稅制,非互惠非歧视性普遍优惠制,https://terms.naer.edu.tw/
4374,generalized system of preference {=GSP},普遍優惠關稅制,普遍优惠制,https://terms.naer.edu.tw/
4375,generalized system of preference tariff treatment,普遍優惠關稅條約,普遍优惠征税制,https://terms.naer.edu.tw/
4376,"generally accepted accounting principle, GAAP",一般公認會計原則,,https://terms.naer.edu.tw/
4377,Generation,創造,创造,https://terms.naer.edu.tw/
4378,generation X,X世代,X一代,https://terms.naer.edu.tw/
4379,generation Y,Y世代,Y一代,https://terms.naer.edu.tw/
4380,generic brand,非品牌商品；通用品牌,,https://terms.naer.edu.tw/
4381,generic business strategies,一般性事業策略,,https://terms.naer.edu.tw/
4382,generic competition,一般競爭,,https://terms.naer.edu.tw/
4383,generic competitive strategy,一般性競爭策略,,https://terms.naer.edu.tw/
4384,generic goods,基本貨品；原物料,,https://terms.naer.edu.tw/
4385,generic job analysis,通用工作分析法,通用职位分析法,https://terms.naer.edu.tw/
4386,generic product,一般產品,,https://terms.naer.edu.tw/
4387,generic strategies,一般性策略,,https://terms.naer.edu.tw/
4388,Genetic algorithm (GA),基因演算法,,https://terms.naer.edu.tw/
4389,Geneva Round,日內瓦回合,日内瓦回合,https://terms.naer.edu.tw/
4390,geocentric,全球中心式；全球中心型,全球中心式；全球中心型,https://terms.naer.edu.tw/
4391,geocentric orientation,地區中心導向,,https://terms.naer.edu.tw/
4392,geographic clustering,地理群聚,,https://terms.naer.edu.tw/
4393,geographic coverage,地理涵蓋範圍,,https://terms.naer.edu.tw/
4394,geographic departmentalization,地區部門化,,https://terms.naer.edu.tw/
4395,Geographic information system {=GIS},地理資訊系統,,https://terms.naer.edu.tw/
4396,geographic market diversification strategy,地理市場多角化策略,,https://terms.naer.edu.tw/
4397,geographic segmentation,地理區隔,,https://terms.naer.edu.tw/
4398,geographic wage differentials,地域差別工資,地域工资差别,https://terms.naer.edu.tw/
4399,geographical boundaries,地理疆界,,https://terms.naer.edu.tw/
4400,geographical expansion strategy,地理擴張策略,,https://terms.naer.edu.tw/
4401,geographical pricing,地理訂價法,地理定价,https://terms.naer.edu.tw/
4402,geographical scope,地理範疇,,https://terms.naer.edu.tw/
4403,Giant system,巨系統,巨系统,https://terms.naer.edu.tw/
4404,gigabyte (GB),吉位元組,,https://terms.naer.edu.tw/
4405,Ginsburg's theory of career development stage,金氏職涯發展階段理論,金氏职业生涯发展阶段理论,https://terms.naer.edu.tw/
4406,Giro system,資金劃撥制度,直接转账,https://terms.naer.edu.tw/
4407,glass ceiling,玻璃天花板,玻璃天花板,https://terms.naer.edu.tw/
4408,global bond,環球債券,环球债券,https://terms.naer.edu.tw/
4409,global companies,全球企業,,https://terms.naer.edu.tw/
4410,global compensation trade,全球性補償貿易,全球性补偿贸易,https://terms.naer.edu.tw/
4411,global competition,全球競爭,,https://terms.naer.edu.tw/
4412,global environment,全球環境,,https://terms.naer.edu.tw/
4413,global expansion,全球擴張,,https://terms.naer.edu.tw/
4414,global human resource management,全球化人力資源管理,全球化人力资源管理,https://terms.naer.edu.tw/
4415,global import quota,全球性進口配額,全球性进口配额,https://terms.naer.edu.tw/
4416,global industries,全球化產業,全球产业,https://terms.naer.edu.tw/
4417,global innovation system,全球創新系統,全球创新体系；全球创新系统,https://terms.naer.edu.tw/
4418,global integration,全球整合,,https://terms.naer.edu.tw/
4419,Global Leadership and Organizational Behavior Effectiveness {=GLOBE},全球性領導與組織行為效能量表,,https://terms.naer.edu.tw/
4420,global logistics,全球運籌,,https://terms.naer.edu.tw/
4421,global market leadership,全球市場領導地位,,https://terms.naer.edu.tw/
4422,global market segmentation,全球市場區隔,,https://terms.naer.edu.tw/
4423,global organization,全球化組織,,https://terms.naer.edu.tw/
4424,global orientation,全球導向,,https://terms.naer.edu.tw/
4425,global product,全球化產品,,https://terms.naer.edu.tw/
4426,global reserve,全球性準備,全球性储备,https://terms.naer.edu.tw/
4427,global SBU,全球策略事業單位,,https://terms.naer.edu.tw/
4428,global sourcing,全球採購,全球采购,https://terms.naer.edu.tw/
4429,global standardization strategy,全球標準化策略,,https://terms.naer.edu.tw/
4430,global strategies,全球化策略,全球战略,https://terms.naer.edu.tw/
4431,global strategy,全球策略,,https://terms.naer.edu.tw/
4432,global structure,全球性結構,,https://terms.naer.edu.tw/
4433,global values integrator,全球價值整合者,,https://terms.naer.edu.tw/
4434,global village,地球村,,https://terms.naer.edu.tw/
4435,global virtual team,全球虛擬團隊,全球虚拟团队,https://terms.naer.edu.tw/
4436,globalization,全球化,,https://terms.naer.edu.tw/
4437,globalization,全球化,,https://terms.naer.edu.tw/
4438,globalization of R&D,研發全球化,研发国际化,https://terms.naer.edu.tw/
4439,goal,目標,,https://terms.naer.edu.tw/
4440,goal commitment,目標承諾,,https://terms.naer.edu.tw/
4441,goal premises,目標前提,,https://terms.naer.edu.tw/
4442,goal setting theory,目標設定理論,,https://terms.naer.edu.tw/
4443,goal specificity,目標明確度,,https://terms.naer.edu.tw/
4444,Goal-seeking analysis,目標達成分析,,https://terms.naer.edu.tw/
4445,goal-setting theory,目標設定理論,目标设置理论,https://terms.naer.edu.tw/
4446,going long,做多,买空,https://terms.naer.edu.tw/
4447,going public,公開發行,,https://terms.naer.edu.tw/
4448,going rate,現行費率,现价,https://terms.naer.edu.tw/
4449,going short,做空,卖空,https://terms.naer.edu.tw/
4450,going-rate pricing,現行水準訂價法,,https://terms.naer.edu.tw/
4451,gold and dollar reserve,黃金及美元準備,黄金及美元储备,https://terms.naer.edu.tw/
4452,gold and foreign exchange reserve,黃金及外匯準備,黄金及外汇储备,https://terms.naer.edu.tw/
4453,gold arbitrage,黃金套利,黄金套利,https://terms.naer.edu.tw/
4454,gold bond,黃金債券,黄金债券,https://terms.naer.edu.tw/
4455,gold bullion standard,金塊本位制,金块本位制,https://terms.naer.edu.tw/
4456,gold certificate,黃金證明書,黄金证券；黄金券,https://terms.naer.edu.tw/
4457,gold coin standard,金幣本位制,金铸币本位制,https://terms.naer.edu.tw/
4458,gold embargo,黃金禁運,①禁止黄金出口 ②黄金禁运,https://terms.naer.edu.tw/
4459,gold exchange standard,金匯兌本位制,金汇兑本位制,https://terms.naer.edu.tw/
4460,gold fixing,黃金定價,议定黄金价格,https://terms.naer.edu.tw/
4461,gold futures,黃金期貨,黄金期货,https://terms.naer.edu.tw/
4462,gold futures market,黃金期貨市場,黄金期货市场,https://terms.naer.edu.tw/
4463,gold market,黃金市場,黄金市场,https://terms.naer.edu.tw/
4464,gold parity,黃金平價,黄金平价,https://terms.naer.edu.tw/
4465,gold point,黃金輸出入點,黄金输出入点,https://terms.naer.edu.tw/
4466,gold reserve,黃金準備,黄金储备,https://terms.naer.edu.tw/
4467,gold standard,金本位[制],金本位[制],https://terms.naer.edu.tw/
4468,gold stock,黃金庫存,黄金储备,https://terms.naer.edu.tw/
4469,gold tranche,黃金額度,黄金份额,https://terms.naer.edu.tw/
4470,golden parachute,黃金降落傘,,https://terms.naer.edu.tw/
4471,golden parachutes,黃金降落傘,,https://terms.naer.edu.tw/
4472,goodwill,商譽,,https://terms.naer.edu.tw/
4473,Gordon growth model,Gordon成長模型,戈登增长模型,https://terms.naer.edu.tw/
4474,Gordon's bird-in-the-hand model,Gordon一鳥在手模式,,https://terms.naer.edu.tw/
4475,gossip chain,傳言鏈；流言鏈,,https://terms.naer.edu.tw/
4476,gossip-mode of informal communication,流言式非正式溝通,,https://terms.naer.edu.tw/
4477,governance by hierarchy,科層治理,,https://terms.naer.edu.tw/
4478,governance by market,市場治理,,https://terms.naer.edu.tw/
4479,governance mechanisms,治理機制,,https://terms.naer.edu.tw/
4480,governance structure,治理結構,,https://terms.naer.edu.tw/
4481,government bond,政府債券,政府债券,https://terms.naer.edu.tw/
4482,government guaranteed bond,政府擔保債券,政府担保债券,https://terms.naer.edu.tw/
4483,government market,政府市場,政府市场,https://terms.naer.edu.tw/
4484,Government National Mortgage Association {=GNMA},政府國家抵押協會,,https://terms.naer.edu.tw/
4485,government trade,政府貿易,政府贸易,https://terms.naer.edu.tw/
4486,government-industry-university-institute alliance,產官學研聯盟,官产学研联盟,https://terms.naer.edu.tw/
4487,grade,等級,等级,https://terms.naer.edu.tw/
4488,grade description system,職等描述系統,职等描述系统,https://terms.naer.edu.tw/
4489,grade width,職等寬度,等级宽度,https://terms.naer.edu.tw/
4490,Grain Futures Act,穀物期貨法案,,https://terms.naer.edu.tw/
4491,grand strategy matrix,大戰略矩陣,,https://terms.naer.edu.tw/
4492,grapevine,傳聞網；小道消息,,https://terms.naer.edu.tw/
4493,graphic rating scales,圖形評量表,图形评价法,https://terms.naer.edu.tw/
4494,Graphical model,圖示模型,图标模型,https://terms.naer.edu.tw/
4495,Graphical user interface (GUI),圖形化使用者介面,,https://terms.naer.edu.tw/
4496,graphology,筆跡分析法,笔迹分析法,https://terms.naer.edu.tw/
4497,grasp,抓取{動素種類之一},抓取,https://terms.naer.edu.tw/
4498,gray market,灰色市場,,https://terms.naer.edu.tw/
4499,gray marketing,灰色行銷,,https://terms.naer.edu.tw/
4500,great man theory,偉人理論,,https://terms.naer.edu.tw/
4501,green belt (GB),綠帶,绿带,https://terms.naer.edu.tw/
4502,green clause credit,綠條款信用狀,绿条款信用证,https://terms.naer.edu.tw/
4503,green currency,綠色貨幣,绿色货币,https://terms.naer.edu.tw/
4504,green innovation,綠色創新,绿色创新,https://terms.naer.edu.tw/
4505,green mail,高價買回,,https://terms.naer.edu.tw/
4506,green manufacturing,綠色製造,绿色制造,https://terms.naer.edu.tw/
4507,green marketing,綠色行銷,绿色营销；生态营销；环境营销,https://terms.naer.edu.tw/
4508,green shoes option,超額認購選擇權,绿鞋期权,https://terms.naer.edu.tw/
4509,green technological innovation,綠色技術創新,绿色技术创新,https://terms.naer.edu.tw/
4510,green technology,綠色科技,,https://terms.naer.edu.tw/
4511,green value chain,綠色價值鏈,,https://terms.naer.edu.tw/
4512,Greenhouse career development stage theory,葛氏職涯發展階段理論,格氏职业生涯发展阶段理论,https://terms.naer.edu.tw/
4513,greening of management,綠色管理；管理綠色化,,https://terms.naer.edu.tw/
4514,greenmail,溢價回購,,https://terms.naer.edu.tw/
4515,GREP model,GREP模型,,https://terms.naer.edu.tw/
4516,Grey box approach,灰箱方法,灰箱方法,https://terms.naer.edu.tw/
4517,Grid computing,網格運算,,https://terms.naer.edu.tw/
4518,grid organization development,方格組織發展方法；方格組織發展技術,方格组织发展方法；方格组织发展技术,https://terms.naer.edu.tw/
4519,grid training,方格訓練,,https://terms.naer.edu.tw/
4520,grievance system,申訴制度,申诉制度,https://terms.naer.edu.tw/
4521,gross domestic product{=GDP},國內生產毛額,,https://terms.naer.edu.tw/
4522,gross margin,毛利,,https://terms.naer.edu.tw/
4523,gross profit,毛利,,https://terms.naer.edu.tw/
4524,gross rating point {=GRP},毛評點,,https://terms.naer.edu.tw/
4525,gross requirements,總需要量,总需要量,https://terms.naer.edu.tw/
4526,grounded theory,紮根理論,扎根理论,https://terms.naer.edu.tw/
4527,grounded theory,紮根理論,,https://terms.naer.edu.tw/
4528,group attribution error,團體歸因誤差；群體歸因誤差,群体归因误差,https://terms.naer.edu.tw/
4529,group behavior school,群體行為學派,,https://terms.naer.edu.tw/
4530,group cohesiveness,團體凝聚力；群體凝聚力,群体凝聚力,https://terms.naer.edu.tw/
4531,group decision,群體決策,,https://terms.naer.edu.tw/
4532,group decision making,團體決策；群體決策,群体决策,https://terms.naer.edu.tw/
4533,group decision support systems {=GDSS},群體決策支援系統；群體決策支援制度,,https://terms.naer.edu.tw/
4534,group dynamics,團體動力；群體動力,群体动力,https://terms.naer.edu.tw/
4535,group in-depth interview,群體深度訪談法；團體深度訪談法,,https://terms.naer.edu.tw/
4536,group incentives,團體獎金,集体奖金,https://terms.naer.edu.tw/
4537,group interview,團體面試；團體面談；群體面試；群體面談,群体面试,https://terms.naer.edu.tw/
4538,group judgment process model,群體判斷過程模式；群體判斷過程模型,,https://terms.naer.edu.tw/
4539,group layout　,群組式佈置,,https://terms.naer.edu.tw/
4540,group life insurance,團體人壽保險,团体人寿保险,https://terms.naer.edu.tw/
4541,group manufacturing cell,群組製造單元,,https://terms.naer.edu.tw/
4542,group mentoring program,團體師徒制；團體導師制,团队导师制,https://terms.naer.edu.tw/
4543,group norm,群體規範,,https://terms.naer.edu.tw/
4544,group norms,團體規範；群體規範,群体规范,https://terms.naer.edu.tw/
4545,Group of Seven,七國集團,七国集团,https://terms.naer.edu.tw/
4546,Group of Seventy Seven,七十七國集團,七十七国集团,https://terms.naer.edu.tw/
4547,Group of Twenty Four,二十四國集團,二十四国集团,https://terms.naer.edu.tw/
4548,group piece work,團體計件制；群體計件制,群体计件制,https://terms.naer.edu.tw/
4549,group polarization,團體極化；群體極化,群体极化,https://terms.naer.edu.tw/
4550,group pressure,群體壓力,,https://terms.naer.edu.tw/
4551,group process chart　,組作業程序圖,,https://terms.naer.edu.tw/
4552,group review,群體檢討,,https://terms.naer.edu.tw/
4553,group role,群體角色,,https://terms.naer.edu.tw/
4554,group size,團體規模；群體規模,群体规模,https://terms.naer.edu.tw/
4555,group support systems,團體支援系統；團體支持制度；群體支援系統；群體支持制度,群体支持系统,https://terms.naer.edu.tw/
4556,group transmission,群體傳輸,,https://terms.naer.edu.tw/
4557,group-discussion method,群體討論法；團體討論法,,https://terms.naer.edu.tw/
4558,groupshift,團體偏移；群體偏移,团体偏移；群体偏移,https://terms.naer.edu.tw/
4559,groupthink,團體迷思；群體迷思,群体盲思,https://terms.naer.edu.tw/
4560,Groupware,群組軟體,,https://terms.naer.edu.tw/
4561,growth,成長,,https://terms.naer.edu.tw/
4562,growth industries,成長產業,,https://terms.naer.edu.tw/
4563,Growth law of literature,文獻增長定律,文献增长定律,https://terms.naer.edu.tw/
4564,growth need,成長需求,成长需要,https://terms.naer.edu.tw/
4565,growth need strength,成果需求強度,,https://terms.naer.edu.tw/
4566,growth option,成長選擇權,增长期权,https://terms.naer.edu.tw/
4567,growth rate,成長率,,https://terms.naer.edu.tw/
4568,growth stage,成長階段,成长阶段,https://terms.naer.edu.tw/
4569,growth strategy,成長策略,增长战略,https://terms.naer.edu.tw/
4570,growth strategy,成長策略,,https://terms.naer.edu.tw/
4571,growth-share matrix,成長-占有率矩陣,增长-份额矩阵；波士顿矩阵,https://terms.naer.edu.tw/
4572,guanxi,關係,,https://terms.naer.edu.tw/
4573,guarantee,保證,担保,https://terms.naer.edu.tw/
4574,guarantee of acceptance,承兌保證,承兑保证,https://terms.naer.edu.tw/
4575,guaranteed bill,保證票據,担保票据,https://terms.naer.edu.tw/
4576,guaranteed bond,擔保債券,担保债券,https://terms.naer.edu.tw/
4577,guaranteed debenture,擔保公司債券,担保公司债券,https://terms.naer.edu.tw/
4578,guaranteed fund,保本基金,保本基金,https://terms.naer.edu.tw/
4579,guaranteed income bond,保證收益債券,有保证的收益债券,https://terms.naer.edu.tw/
4580,guaranteed letter of credit,擔保信用狀,担保信用证,https://terms.naer.edu.tw/
4581,guaranteed loan,擔保貸款,有担保的贷款,https://terms.naer.edu.tw/
4582,guaranteed mortgage,擔保抵押,担保抵押,https://terms.naer.edu.tw/
4583,guaranteed price,保證價格,保证价格,https://terms.naer.edu.tw/
4584,guaranteed stock,保息股票,保息股票,https://terms.naer.edu.tw/
4585,guerilla marketing,游擊行銷,,https://terms.naer.edu.tw/
4586,Guttman scale,高特曼量表,,https://terms.naer.edu.tw/
4587,H-index,H指標,H指数,https://terms.naer.edu.tw/
4588,H.C.Gantt premium system,甘特獎勵工資制,,https://terms.naer.edu.tw/
4589,habitual buying behavior,習慣性購買行為,习惯型购买行为,https://terms.naer.edu.tw/
4590,habitual shoppers,習慣性購買者,,https://terms.naer.edu.tw/
4591,Half life of document,文獻半衰期,文献半衰期,https://terms.naer.edu.tw/
4592,halo effect,月暈效應 ；暈輪效應,晕轮效应,https://terms.naer.edu.tw/
4593,halo error,月暈誤差；暈輪誤差,,https://terms.naer.edu.tw/
4594,Halseys premium system,哈氏獎勵工資制,哈尔赛奖励工资制,https://terms.naer.edu.tw/
4595,handling cost,裝卸費用；裝卸成本；搬運成本,装卸费用,https://terms.naer.edu.tw/
4596,handling time,處理時間；搬運時間,搬运时间,https://terms.naer.edu.tw/
4597,harbor authority bureau,港務局,港务局,https://terms.naer.edu.tw/
4598,harbor due,商港建設費,港务费；入港税；停泊费,https://terms.naer.edu.tw/
4599,hard automation　,硬體自動化,,https://terms.naer.edu.tw/
4600,hard criteria,硬性標準,,https://terms.naer.edu.tw/
4601,hard loan,強勢貨幣貸款,硬贷款,https://terms.naer.edu.tw/
4602,hard science,硬科學,硬科学,https://terms.naer.edu.tw/
4603,hard-sell,強銷；硬賣,,https://terms.naer.edu.tw/
4604,Hardware,硬體,,https://terms.naer.edu.tw/
4605,harmonized standard,調和標準,协调标准,https://terms.naer.edu.tw/
4606,harvest strategy,收割策略,,https://terms.naer.edu.tw/
4607,harvesting strategy,收割策略,,https://terms.naer.edu.tw/
4608,Hawthorne effect,霍桑效應,,https://terms.naer.edu.tw/
4609,Hawthorne experiment,霍桑實驗,霍桑实验,https://terms.naer.edu.tw/
4610,Hawthorne Studies,霍桑研究,霍桑研究,https://terms.naer.edu.tw/
4611,Hay guide-chart profile,海氏價值評價法,海氏价值评价法,https://terms.naer.edu.tw/
4612,Hazard Function,危險函數,危险函数,https://terms.naer.edu.tw/
4613,head hunter,獵人頭公司,猎头公司,https://terms.naer.edu.tw/
4614,head office,總公司,总公司,https://terms.naer.edu.tw/
4615,head office control account,總公司控制帳戶,总公司控制账户,https://terms.naer.edu.tw/
4616,Headend Control,前端控制,前端控制,https://terms.naer.edu.tw/
4617,Heading,著錄標目,著录标目,https://terms.naer.edu.tw/
4618,headquarter,總部,总部,https://terms.naer.edu.tw/
4619,Heath-Jarrow-Morton model、 HJM model,HJM模型,HJM模型,https://terms.naer.edu.tw/
4620,heavy user,重度使用,,https://terms.naer.edu.tw/
4621,heavy weight team,重量級團隊,重量级团队,https://terms.naer.edu.tw/
4622,Heckscher-Ohlin theory of international trade,黑克夏－歐林的國際貿易理論,赫克歇尔－俄林的国际贸易理论,https://terms.naer.edu.tw/
4623,hedge,避險,套期保值；套购保值,https://terms.naer.edu.tw/
4624,hedge fund,避險基金；對沖基金,对冲基金,https://terms.naer.edu.tw/
4625,hedge、 hedging,避險,对冲,https://terms.naer.edu.tw/
4626,hedgers,避險者,,https://terms.naer.edu.tw/
4627,hedging [operation],避險交易,套期保值,https://terms.naer.edu.tw/
4628,hedging ratio,避險比率,对冲率,https://terms.naer.edu.tw/
4629,Helical model of communication,螺旋溝通模式；螺旋溝通模型,螺旋沟通模型,https://terms.naer.edu.tw/
4630,herd behavior,從眾行為,羊群行为,https://terms.naer.edu.tw/
4631,Herfindahl-index,產業集中度指標,,https://terms.naer.edu.tw/
4632,Hersey and Blanchard's situational model of leadership,賀塞與布蘭查德情境領導模型,贺塞与布兰查德情境领导模型,https://terms.naer.edu.tw/
4633,hesitation-choose model,猶豫-決擇模式,,https://terms.naer.edu.tw/
4634,heterogeneity,異質性,异质性,https://terms.naer.edu.tw/
4635,Heterogeneous,異質性,异质性,https://terms.naer.edu.tw/
4636,Heterogeneous data,異質資料,异构数据,https://terms.naer.edu.tw/
4637,heterogeneous group,異質團體；異質群體,异质性群体,https://terms.naer.edu.tw/
4638,heuristic,啟發式,启发式,https://terms.naer.edu.tw/
4639,Heuristic Decision,啟發式決策,启发式决策,https://terms.naer.edu.tw/
4640,heuristic programming,經驗式規劃；啓發式規劃,,https://terms.naer.edu.tw/
4641,Heuristic Systematic Model,經驗系統模式,经验系统模式,https://terms.naer.edu.tw/
4642,heuristics,經驗法則,,https://terms.naer.edu.tw/
4643,hi-technology venture,高科技新創公司,高科技创业,https://terms.naer.edu.tw/
4644,hidden asset,隱匿資產,隐匿的资产；账外资产,https://terms.naer.edu.tw/
4645,hidden dumping,隱藏性傾銷,隐蔽倾销,https://terms.naer.edu.tw/
4646,hidden managerial costs,隱藏性管理成本,隐藏性管理成本,https://terms.naer.edu.tw/
4647,hidden reserve,隱蔽準備金,秘密准备金,https://terms.naer.edu.tw/
4648,hidden tax,隱含稅,隐蔽税,https://terms.naer.edu.tw/
4649,hierarchical choice model,層次選擇模式,,https://terms.naer.edu.tw/
4650,Hierarchical classification,階層式分類法,体系分类法,https://terms.naer.edu.tw/
4651,Hierarchical database,階層式資料庫,层次数据库,https://terms.naer.edu.tw/
4652,Hierarchical model,階層式模型,层次模型,https://terms.naer.edu.tw/
4653,hierarchical needs theory,層級需要理論；層級需求理論,,https://terms.naer.edu.tw/
4654,hierarchy,層級,,https://terms.naer.edu.tw/
4655,hierarchy of attributes,屬性層級,,https://terms.naer.edu.tw/
4656,hierarchy of human needs theory,人類需要層級理論；人類需求層級理論,,https://terms.naer.edu.tw/
4657,hierarchy of needs,需要層級,,https://terms.naer.edu.tw/
4658,hierarchy of needs theory,需求層級理論；需要層級理論,需要层次理论,https://terms.naer.edu.tw/
4659,high and new technology,高新科技,高新技术,https://terms.naer.edu.tw/
4660,high integration,高度整合,,https://terms.naer.edu.tw/
4661,high performance work system,高績效工作系統；高績效工作制度,高绩效工作系统,https://terms.naer.edu.tw/
4662,high performing team,高績效團隊,,https://terms.naer.edu.tw/
4663,high powered money,強力貨幣,高能货币,https://terms.naer.edu.tw/
4664,high responsiveness,高度回應,,https://terms.naer.edu.tw/
4665,high speed photography,高速攝影分析法,,https://terms.naer.edu.tw/
4666,high technology,高科技,高技术,https://terms.naer.edu.tw/
4667,high technology industrial development zones,科學園區；科技園區,高新技术开发区；高新園區,https://terms.naer.edu.tw/
4668,high-commitment work system,高承諾工作系統；高承諾工作制度,高承诺工作系统,https://terms.naer.edu.tw/
4669,high-context culture,高脈絡文化；高系絡文化；高情境文化,高语境文化,https://terms.naer.edu.tw/
4670,high-involvement innovation,全員參與創新,全员创新,https://terms.naer.edu.tw/
4671,high-involvement work system,高投入工作系統；高投入工作制度,高参与工作系统,https://terms.naer.edu.tw/
4672,high-low pricing,高低訂價法,高-低定价,https://terms.naer.edu.tw/
4673,high-low pricing strategy,由高而低訂價策略,,https://terms.naer.edu.tw/
4674,high-technology enterprise,高科技公司；企業,高科技企业；技術密集公司,https://terms.naer.edu.tw/
4675,high-technology industrial cluster,高科技產業群聚,高技术产业集群；科學園區,https://terms.naer.edu.tw/
4676,high-technology industry,高科技產業,高技术产业；技術密集產業,https://terms.naer.edu.tw/
4677,high-technology park,科技園區,高科技园区；高新園區,https://terms.naer.edu.tw/
4678,higher order needs,高層次需要；高層次需求,,https://terms.naer.edu.tw/
4679,hindrance stressors,阻礙型壓力源,阻碍型压力源,https://terms.naer.edu.tw/
4680,hindsight bias,後見偏差,事后诸葛偏差,https://terms.naer.edu.tw/
4681,hire purchase,分期付款購買,分期付款购买,https://terms.naer.edu.tw/
4682,hire-purchase company,分期付款公司,分期付款销售公司,https://terms.naer.edu.tw/
4683,hire-purchase contract,分期付款契約,分期付款购买契约,https://terms.naer.edu.tw/
4684,hire-purchase price,分期付款價格,租购价格,https://terms.naer.edu.tw/
4685,histogram,直方圖,直方图,https://terms.naer.edu.tw/
4686,historical simulation method,歷史模擬法,历史模拟法,https://terms.naer.edu.tw/
4687,historical time,歷史時間,历史时间,https://terms.naer.edu.tw/
4688,History Dependent,歷史獨特性,历史独特性,https://terms.naer.edu.tw/
4689,Ho-Lee model,Ho-Lee模型,Ho-Lee模型,https://terms.naer.edu.tw/
4690,Hofstede cross-cultural model,Hofstede跨文化模式；Hofstede跨文化模型,霍氏跨文化模型,https://terms.naer.edu.tw/
4691,hold,握持{動素種類之一},握持,https://terms.naer.edu.tw/
4692,hold strategy,維持策略,,https://terms.naer.edu.tw/
4693,holder for value,支付對價執票人,[有价]票据持有人,https://terms.naer.edu.tw/
4694,holder in due course,正當執票人,正当持票人,https://terms.naer.edu.tw/
4695,holder of bill of exchange,匯票持有人,汇票执票人,https://terms.naer.edu.tw/
4696,holder of record,註冊股東,注册股东,https://terms.naer.edu.tw/
4697,holder-of-record date,登記基準日,,https://terms.naer.edu.tw/
4698,holding company,控股公司,控股,https://terms.naer.edu.tw/
4699,Holding company{=H-form},控股公司；H型結構,,https://terms.naer.edu.tw/
4700,holding cost,持有成本,储存成本,https://terms.naer.edu.tw/
4701,holding cost,持有成本,,https://terms.naer.edu.tw/
4702,holding period,持有期間,持有期限,https://terms.naer.edu.tw/
4703,holding period return,持有期間報酬率,,https://terms.naer.edu.tw/
4704,holistic marketing concept,全面行銷觀念,,https://terms.naer.edu.tw/
4705,home bill,國內匯票,国内汇票,https://terms.naer.edu.tw/
4706,home currency bill,本國貨幣匯票,本国货币汇票,https://terms.naer.edu.tw/
4707,home trade,國內貿易,①国内贸易 ②内销,https://terms.naer.edu.tw/
4708,homemade dividend policy,自製股利政策,自制股利政策,https://terms.naer.edu.tw/
4709,homogeneous expectation,同質預期,同质预期,https://terms.naer.edu.tw/
4710,homogeneous group,同質團體,同质性群体,https://terms.naer.edu.tw/
4711,homogeneous preferences,同質型偏好,,https://terms.naer.edu.tw/
4712,homogeneous product,同質產品,同质产品,https://terms.naer.edu.tw/
4713,Hong Kong Stock Exchange,香港股票交易所,香港股票交易所,https://terms.naer.edu.tw/
4714,Hong-Stein model,HS(Hong-Stein)模型,HS模型,https://terms.naer.edu.tw/
4715,Hongkong Hang Seng Index,香港恆生指數,香港恒生指数,https://terms.naer.edu.tw/
4716,honor policy,名譽保險單,信用保险单,https://terms.naer.edu.tw/
4717,horizon (terminal) value,終值,,https://terms.naer.edu.tw/
4718,horizon analysis,水平分析,水平分析,https://terms.naer.edu.tw/
4719,horizontal channel conflict,水平通路衝突,,https://terms.naer.edu.tw/
4720,horizontal communication,水平溝通；橫向溝通,,https://terms.naer.edu.tw/
4721,horizontal differentiation,水平分化；水平差異化,,https://terms.naer.edu.tw/
4722,horizontal diversification,水平多角化,水平多元化；横向多元化,https://terms.naer.edu.tw/
4723,horizontal diversification,水平多角化,,https://terms.naer.edu.tw/
4724,horizontal division of labor,水平分工,水平分工,https://terms.naer.edu.tw/
4725,horizontal integration,水平整合,横向一体化；水平一体化,https://terms.naer.edu.tw/
4726,horizontal international specialization,水平國際分工,横向国际专业化,https://terms.naer.edu.tw/
4727,horizontal job loading,水準工作負荷,水平工作负荷,https://terms.naer.edu.tw/
4728,horizontal marketing system {=HMS},水平行銷系統,水平营销系统,https://terms.naer.edu.tw/
4729,horizontal merger,水平合併；同業合併,横向并购,https://terms.naer.edu.tw/
4730,horizontal merger & acquisition,水平式併購,,https://terms.naer.edu.tw/
4731,horizontal spread strategy,水平價差策略,,https://terms.naer.edu.tw/
4732,horizontal team,水平團隊,,https://terms.naer.edu.tw/
4733,horizontal trade,水平貿易,横向贸易,https://terms.naer.edu.tw/
4734,hoshin management system,方針管理制度,,https://terms.naer.edu.tw/
4735,host country,地主國,,https://terms.naer.edu.tw/
4736,hostile merger,非善意合併,,https://terms.naer.edu.tw/
4737,hostile takeover,敵意接管,,https://terms.naer.edu.tw/
4738,hot money,熱錢,热钱,https://terms.naer.edu.tw/
4739,hot stove rule,燙爐法則；熱爐法則,烫炉法则；热炉法则,https://terms.naer.edu.tw/
4740,hourly wage,計時工資,计时工资,https://terms.naer.edu.tw/
4741,house bill,內部匯票,公司内部汇票,https://terms.naer.edu.tw/
4742,House of Morgan,摩根財團,摩根财团,https://terms.naer.edu.tw/
4743,house-to-house selling,沿門銷售,上门推销,https://terms.naer.edu.tw/
4744,household finance corporation,家庭金融公司,家庭金融公司,https://terms.naer.edu.tw/
4745,housing credit,住宅信貸,住宅信贷,https://terms.naer.edu.tw/
4746,housing finance,住宅融資,住宅金融,https://terms.naer.edu.tw/
4747,housing investment,住宅投資,住宅投资,https://terms.naer.edu.tw/
4748,HR account service,人力資源客戶服務,人力资源客户服务,https://terms.naer.edu.tw/
4749,HR professional competence,人力資源專業職能；人力資源專業能力,人力资源专业能力,https://terms.naer.edu.tw/
4750,HR scorecard,人力資源計分卡,人力资源计分卡,https://terms.naer.edu.tw/
4751,Hsinchu Science Industrial Park {=HSIP},新竹科學工業園區,,https://terms.naer.edu.tw/
4752,human asset accounting,人力資產會計,,https://terms.naer.edu.tw/
4753,human behavior school,人類行為學派,,https://terms.naer.edu.tw/
4754,human capital,人力資本,人力资本,https://terms.naer.edu.tw/
4755,human capital,人力資本,,https://terms.naer.edu.tw/
4756,human capital resources,人力資本資源,,https://terms.naer.edu.tw/
4757,human capital theory of trade,人力資本說,人力资本贸易理论,https://terms.naer.edu.tw/
4758,human factor approach,人因取向；人因方法,人因方法,https://terms.naer.edu.tw/
4759,human genome project,基因圖譜計畫,人类基因组计划,https://terms.naer.edu.tw/
4760,human process technique,人際程序技術,,https://terms.naer.edu.tw/
4761,human relation school,人群關係學派,人际关系学派,https://terms.naer.edu.tw/
4762,human relations school,人際關係學派,,https://terms.naer.edu.tw/
4763,human relations skill,人際關係技能,,https://terms.naer.edu.tw/
4764,human relations theory,人際關係理論,,https://terms.naer.edu.tw/
4765,human relationship school,人際關係學派,,https://terms.naer.edu.tw/
4766,human resource accounting,人力資源會計,人力资源会计,https://terms.naer.edu.tw/
4767,human resource accounting,人力資源會計,,https://terms.naer.edu.tw/
4768,human resource auditing,人力資源審計,人力资源审计,https://terms.naer.edu.tw/
4769,human resource development,人力資源發展,人力资源开发,https://terms.naer.edu.tw/
4770,human resource development,人力資源發展,,https://terms.naer.edu.tw/
4771,human resource external environment,人力資源外部環境,人力资源外部环境,https://terms.naer.edu.tw/
4772,human resource function,人力資源功能,人力资源职能,https://terms.naer.edu.tw/
4773,human resource generalist,人力資源通才,人力资源通才,https://terms.naer.edu.tw/
4774,human resource information system,人力資源資訊系統；人力資源資訊制度,,https://terms.naer.edu.tw/
4775,Human resource information system {=HRIS},人力資源資訊系統,人力资源信息系统,https://terms.naer.edu.tw/
4776,human resource inventory,人力資源庫存；人力資源盤存,,https://terms.naer.edu.tw/
4777,human resource inventory method,人力資源盤點法,人力资源盘点法,https://terms.naer.edu.tw/
4778,human resource legal system,人力資源法律系統；人力資源法律制度,人力资源法律体系,https://terms.naer.edu.tw/
4779,human resource localization,人力資源在地化,人力资源本地化,https://terms.naer.edu.tw/
4780,human resource localization,人力資源在地化,,https://terms.naer.edu.tw/
4781,human resource management,人力資源管理,人力资源管理,https://terms.naer.edu.tw/
4782,human resource management strategy,人力資源管理策略,人力资源管理战略,https://terms.naer.edu.tw/
4783,human resource management{=HRM},人力資源管理,,https://terms.naer.edu.tw/
4784,human resource of science and technology,科技人力資源,科技人力资源,https://terms.naer.edu.tw/
4785,human resource outsourcing,人力資源外包；人力資源委外,,https://terms.naer.edu.tw/
4786,human resource plan,人力資源計畫,人力资源规划,https://terms.naer.edu.tw/
4787,human resource planning,人力資源規劃,,https://terms.naer.edu.tw/
4788,human resource planning (HRP),人力資源規劃,人力资源规划,https://terms.naer.edu.tw/
4789,human resource policy,人力資源政策,,https://terms.naer.edu.tw/
4790,human resource practice,人力資源實務,人力资源实践,https://terms.naer.edu.tw/
4791,human resource recruitment and selection,人力資源招募與甄選,人力资源招聘、选拔,https://terms.naer.edu.tw/
4792,human resource service provider,人力資源服務提供者,人力资源服务提供商,https://terms.naer.edu.tw/
4793,human resource specialist,人力資源專才；人力資源專家,人力资源专员,https://terms.naer.edu.tw/
4794,human resource strategy,人力資源策略,,https://terms.naer.edu.tw/
4795,human resource strategy matrix,人力資源策略矩陣,人力资源战略矩阵,https://terms.naer.edu.tw/
4796,human resource structure,人力資源結構,人力资源结构,https://terms.naer.edu.tw/
4797,human resource supply,人力資源供給,人力资源供给,https://terms.naer.edu.tw/
4798,human resource training,人力資源訓練,人力资源培训,https://terms.naer.edu.tw/
4799,human resources,人力資源,人力资源,https://terms.naer.edu.tw/
4800,human resources forecasting,人力資源預測,人力资源预测,https://terms.naer.edu.tw/
4801,human skill,人際技巧,,https://terms.naer.edu.tw/
4802,human skills,人際技能,人际技能,https://terms.naer.edu.tw/
4803,Human-computer dialog system,人機對話系統,人机对话系统,https://terms.naer.edu.tw/
4804,Human-computer interface,人機界面,人机界面,https://terms.naer.edu.tw/
4805,human-factors engineering,人體工學；人因工程,,https://terms.naer.edu.tw/
4806,human-machine system,人-機系統,,https://terms.naer.edu.tw/
4807,humped yield curve,駝峰殖利率曲線,,https://terms.naer.edu.tw/
4808,hybrid channels,混合通路,,https://terms.naer.edu.tw/
4809,hybrid layout　,混合式佈置,,https://terms.naer.edu.tw/
4810,Hybrid library,複合圖書館,复合图书馆,https://terms.naer.edu.tw/
4811,hybrid strategy,混合策略,,https://terms.naer.edu.tw/
4812,hygiene factor,保健因子,,https://terms.naer.edu.tw/
4813,hygiene factors,保健因數,保健因子,https://terms.naer.edu.tw/
4814,hyper competition,超競爭,,https://terms.naer.edu.tw/
4815,hypermarket,大型超級市場,超级商店,https://terms.naer.edu.tw/
4816,Hypermedia,超媒體,,https://terms.naer.edu.tw/
4817,Hypertext information retrieval,超文件檢索,超文本检索,https://terms.naer.edu.tw/
4818,Hypertext markup language (HTML),超文件標記語言,,https://terms.naer.edu.tw/
4819,Hypertext transfer protocol (HTTP),超文件傳輸協定,,https://terms.naer.edu.tw/
4820,Hypodermic Theory,皮下注射理論,皮下注射理论,https://terms.naer.edu.tw/
4821,hypothecation agreement,質押權利總設定書,[船货]抵押契约；押船契约,https://terms.naer.edu.tw/
4822,Hypothesis,假說,假说,https://terms.naer.edu.tw/
4823,hypothetical T-bond,假設性公債,,https://terms.naer.edu.tw/
4824,Icon,圖象,,https://terms.naer.edu.tw/
4825,idea generation,構想,创意产生,https://terms.naer.edu.tw/
4826,idea screening,構想篩選,创意筛选,https://terms.naer.edu.tw/
4827,ideal quality,理想品質,理想质量,https://terms.naer.edu.tw/
4828,ideal self-concept,理想自我概念,,https://terms.naer.edu.tw/
4829,ideal type,理想型,,https://terms.naer.edu.tw/
4830,identification-based trust,身份基礎之信任,,https://terms.naer.edu.tw/
4831,Identity,主體性,主体性,https://terms.naer.edu.tw/
4832,Identity authentication,身份認證,身份认证,https://terms.naer.edu.tw/
4833,idiosyncratic risk,特質風險,特质风险,https://terms.naer.edu.tw/
4834,idle balance,閒置餘額,[银行账号上]闲置余额,https://terms.naer.edu.tw/
4835,idle capability analysis,閒置能力分析,空闲能力分析,https://terms.naer.edu.tw/
4836,idle capacity,閑置產能,闲置产能,https://terms.naer.edu.tw/
4837,idle inventory,閒置存貨,闲置库存,https://terms.naer.edu.tw/
4838,idle time,閉置時間,闲置时间,https://terms.naer.edu.tw/
4839,Ill-structured problem,非結構化問題,非结构化问题,https://terms.naer.edu.tw/
4840,illegitimate political behavior,不正當的政治行為,不正当的政治行为,https://terms.naer.edu.tw/
4841,image advertising,形象廣告,形象广告,https://terms.naer.edu.tw/
4842,image analysis,形象分析,,https://terms.naer.edu.tw/
4843,Image compression,影像壓縮,,https://terms.naer.edu.tw/
4844,image differentiation,形象差異化,形象差异化,https://terms.naer.edu.tw/
4845,image pricing,形象訂價法,,https://terms.naer.edu.tw/
4846,imaginary profit,預期利潤,预期利润,https://terms.naer.edu.tw/
4847,imagine,發想；想像,想象；技術發想,https://terms.naer.edu.tw/
4848,imbalance of trade,不平衡貿易,不平衡贸易；贸易不平衡,https://terms.naer.edu.tw/
4849,IMF credit,國際貨幣基金信貸,国际货币基金信贷,https://terms.naer.edu.tw/
4850,IMF par value,國際貨幣基金平價,国际货币基金平价,https://terms.naer.edu.tw/
4851,imitating capabilities,模仿能力,,https://terms.naer.edu.tw/
4852,imitating strategy,模仿策略,,https://terms.naer.edu.tw/
4853,imitation,模仿,,https://terms.naer.edu.tw/
4854,imitation barriers,模仿障礙,,https://terms.naer.edu.tw/
4855,imitation strategy,模仿策略,模仿策略,https://terms.naer.edu.tw/
4856,imitative innovation,模仿式創新,模仿创新；制程創新,https://terms.naer.edu.tw/
4857,imitative innovation model,模仿式創新模式,模仿创新模型,https://terms.naer.edu.tw/
4858,immediacy,即時性,即时性,https://terms.naer.edu.tw/
4859,immediate beneficiary,直接受益人,直接受益人,https://terms.naer.edu.tw/
4860,immediate corrective action,立即改正行動,,https://terms.naer.edu.tw/
4861,immediate participation guarantee contract,直接參與保證合約,直接参与保证合同,https://terms.naer.edu.tw/
4862,immediate party,[票據]直接關係人,[票据]直接关系人,https://terms.naer.edu.tw/
4863,immediate transport entry,直運通關,途中报关进口,https://terms.naer.edu.tw/
4864,Immobility,不可移動性,不可移动性,https://terms.naer.edu.tw/
4865,immunization、 immunisation hypothesis,免疫,免疫,https://terms.naer.edu.tw/
4866,Impact factor,影響因數,影响因子,https://terms.naer.edu.tw/
4867,impact loan,無指定用途貸款,不附条件的贷款,https://terms.naer.edu.tw/
4868,impairment of capital rule,資本減損規定,,https://terms.naer.edu.tw/
4869,Imperfect Imitability,無法完全模仿性,无法完全模仿性,https://terms.naer.edu.tw/
4870,imperfectly imitable resource,不可完全模仿的資源,,https://terms.naer.edu.tw/
4871,imperial examination,科舉制度,,https://terms.naer.edu.tw/
4872,Imperial Preference,帝國優惠關稅制度,英联邦特惠税制,https://terms.naer.edu.tw/
4873,implicit contracts,隱性契約,默认契约,https://terms.naer.edu.tw/
4874,Implicit knowledge management,隱性知識管理,隐性知识管理,https://terms.naer.edu.tw/
4875,implicit policy,隱含性政策,,https://terms.naer.edu.tw/
4876,implied contract,隱含契約,,https://terms.naer.edu.tw/
4877,implied volatility,隱含波動度,隐含波动率,https://terms.naer.edu.tw/
4878,import,進口,进口,https://terms.naer.edu.tw/
4879,import airway bill,空運進口提單,空运进口提单,https://terms.naer.edu.tw/
4880,import barrier,進口障礙,进口壁垒,https://terms.naer.edu.tw/
4881,import biased technical progress,偏向輸入的技術進步,偏向输入的技术进步,https://terms.naer.edu.tw/
4882,import bill of exchange,進口匯票,进口汇票,https://terms.naer.edu.tw/
4883,import bill of lading,進口提單,进口提单,https://terms.naer.edu.tw/
4884,import bill payable account,應付進口匯票帳戶,可付进口汇票账户,https://terms.naer.edu.tw/
4885,import broker,進口經紀人,进口经纪人,https://terms.naer.edu.tw/
4886,import certificate,輸入許可證,①进口证明书 ②进口执照,https://terms.naer.edu.tw/
4887,import certificate and delivery verification system,輸入許可證及交貨檢驗制度,进口许可证及交货检验制度,https://terms.naer.edu.tw/
4888,import commission,進口佣金,进口手续费；进口佣金,https://terms.naer.edu.tw/
4889,import commission agent,進口代理商,进口代理商,https://terms.naer.edu.tw/
4890,import contract,進口合約,进口合同,https://terms.naer.edu.tw/
4891,import control,進口管制,进口管制,https://terms.naer.edu.tw/
4892,import credit,進口信用狀,进口信用证,https://terms.naer.edu.tw/
4893,import declaration,進口報單,进口报单,https://terms.naer.edu.tw/
4894,import deposit,進口保證金,进口保证金；进口押金,https://terms.naer.edu.tw/
4895,import duty,進口關稅,进口关税,https://terms.naer.edu.tw/
4896,import exchange,進口外匯,进口外汇,https://terms.naer.edu.tw/
4897,import exchange settlement,進口結匯,进口结汇,https://terms.naer.edu.tw/
4898,import financing,進口融資,进口资金融通,https://terms.naer.edu.tw/
4899,import floor price system,進口底價制,进口最低限价制,https://terms.naer.edu.tw/
4900,import house,進口商,进口商行,https://terms.naer.edu.tw/
4901,import inspection,進口檢驗,进口检验,https://terms.naer.edu.tw/
4902,import invoice,進口發票,进口发票,https://terms.naer.edu.tw/
4903,import levy,進口稅,进口税收,https://terms.naer.edu.tw/
4904,import license,輸入許可證,进口许可证,https://terms.naer.edu.tw/
4905,import license system,輸入許可證制,进口许可证制,https://terms.naer.edu.tw/
4906,import limit,進口限額,进口限额,https://terms.naer.edu.tw/
4907,import monopoly,進口獨占,进口垄断,https://terms.naer.edu.tw/
4908,import of inflation,輸入通貨膨脹,通货膨胀输入,https://terms.naer.edu.tw/
4909,import permit,輸入許可證,进口许可证,https://terms.naer.edu.tw/
4910,import price,進口價格,进口价格,https://terms.naer.edu.tw/
4911,import priority,進口優先權,进口优先权,https://terms.naer.edu.tw/
4912,import procedure,進口程序,进口程序,https://terms.naer.edu.tw/
4913,import quota,進口配額,进口配额,https://terms.naer.edu.tw/
4914,import quota system,進口配額制,进口配额制,https://terms.naer.edu.tw/
4915,import restriction,進口管制,进口管制,https://terms.naer.edu.tw/
4916,import subsidy,進口補貼,进口补贴,https://terms.naer.edu.tw/
4917,import substitution,進口替代,进口替代,https://terms.naer.edu.tw/
4918,import substitution policy,進口替代政策,进口替代政策,https://terms.naer.edu.tw/
4919,import surplus,入超,入超,https://terms.naer.edu.tw/
4920,import surtax,進口附加稅,进口附加税,https://terms.naer.edu.tw/
4921,import tariff,進口關稅,进口关税,https://terms.naer.edu.tw/
4922,import trade,進口貿易,进口贸易,https://terms.naer.edu.tw/
4923,import usance bill,進口遠期匯票,进口远期汇票,https://terms.naer.edu.tw/
4924,import without foreign exchange settlement,不結匯進口,不结汇进口,https://terms.naer.edu.tw/
4925,import-export license,輸出入許可證,进出口许可证,https://terms.naer.edu.tw/
4926,importance sampling,重要性抽樣法,重要性抽样技术,https://terms.naer.edu.tw/
4927,importance-performance analysis,重要性-績效分析；重要性-表現分析,,https://terms.naer.edu.tw/
4928,impression management,印象管理,印象管理,https://terms.naer.edu.tw/
4929,impression management,印象管理,,https://terms.naer.edu.tw/
4930,Impression Motivation,印象動機,印象动机,https://terms.naer.edu.tw/
4931,improvement trade for export,加工輸出貿易,加工出口贸易,https://terms.naer.edu.tw/
4932,improvement trade for import,加工輸入貿易,加工进口贸易,https://terms.naer.edu.tw/
4933,impulse buying,衝動性購買,,https://terms.naer.edu.tw/
4934,impulse goods,衝動品,,https://terms.naer.edu.tw/
4935,imputation tax system,兩稅合一,转税制,https://terms.naer.edu.tw/
4936,in bond price,保稅倉庫交貨價,保税仓库交货价,https://terms.naer.edu.tw/
4937,in bond system,保稅制度,保税制度,https://terms.naer.edu.tw/
4938,in-basket technique,公文籃技術,,https://terms.naer.edu.tw/
4939,in-basket training,籃中訓練,,https://terms.naer.edu.tw/
4940,in-depth intervention,深度介入；深度干涉,,https://terms.naer.edu.tw/
4941,in-depth interview,深度訪談法,,https://terms.naer.edu.tw/
4942,in-group collectivism,團體內集體主義,,https://terms.naer.edu.tw/
4943,in-house development center,內部發展中心,内部开发中心,https://terms.naer.edu.tw/
4944,in-process inspection　,製程檢驗,,https://terms.naer.edu.tw/
4945,in-the-money,價內,实值状态,https://terms.naer.edu.tw/
4946,in-transit inventory,在途存貨,在途库存,https://terms.naer.edu.tw/
4947,in-transit lead time,在途前置時間,在途时间,https://terms.naer.edu.tw/
4948,inbound distribution,內向物流,进货分销,https://terms.naer.edu.tw/
4949,inbound logistics,內向物流,,https://terms.naer.edu.tw/
4950,inbound stockpoint,進貨儲存點,进向存货点,https://terms.naer.edu.tw/
4951,incentive,誘因；獎勵,,https://terms.naer.edu.tw/
4952,incentive design,激勵性薪資設計,,https://terms.naer.edu.tw/
4953,incentive export system,輸出獎勵制度,奖励出口制,https://terms.naer.edu.tw/
4954,incentive pay,激勵性薪資,,https://terms.naer.edu.tw/
4955,incentive plan,激勵計畫,,https://terms.naer.edu.tw/
4956,incentive wage system,激勵工資制,激励工资制,https://terms.naer.edu.tw/
4957,incentives,獎金,奖金,https://terms.naer.edu.tw/
4958,incentives agency,激勵代理,激励代理,https://terms.naer.edu.tw/
4959,incidence of duty,關稅負擔者,关税负担者,https://terms.naer.edu.tw/
4960,incidental allowance,偶發寬放,偶发宽放,https://terms.naer.edu.tw/
4961,incidentally-mode of informal communication,偶爾式非正式溝通,,https://terms.naer.edu.tw/
4962,income beneficiary,收益受益人,收入受益人,https://terms.naer.edu.tw/
4963,income bond,收益公司債,,https://terms.naer.edu.tw/
4964,income elasticity of export,出口所得彈性,出口收入弹性,https://terms.naer.edu.tw/
4965,income elasticity of import,進口所得彈性,进口收入弹性,https://terms.naer.edu.tw/
4966,income statement,損益表,,https://terms.naer.edu.tw/
4967,income statement,損益表,,https://terms.naer.edu.tw/
4968,income terms of trade,所得貿易條件,收入贸易条件,https://terms.naer.edu.tw/
4969,incoming inspection,進貨檢驗；進料檢驗,进货检验,https://terms.naer.edu.tw/
4970,incomplete bill,不完全票據,不完全票据,https://terms.naer.edu.tw/
4971,incomplete contracts,不完全契約,不完全契约,https://terms.naer.edu.tw/
4972,Incomplete information,不完全資訊,不完全信息,https://terms.naer.edu.tw/
4973,incompleteness market hypothesis,不完全市場假說,不完全市场假说,https://terms.naer.edu.tw/
4974,inconvertibility of currency,貨幣的不能自由兌換性,货币的不能自由兑换性,https://terms.naer.edu.tw/
4975,inconvertible bank notes,不能自由兌換的紙幣,不兑现银行券,https://terms.naer.edu.tw/
4976,inconvertible currency,不能自由兌換的貨幣,非自由兑换的货币,https://terms.naer.edu.tw/
4977,inconvertible paper currency,不能自由兌換的紙幣,非自由兑换纸币,https://terms.naer.edu.tw/
4978,incremental cash flow,增量現金流量,,https://terms.naer.edu.tw/
4979,incremental change,漸進式變革,渐进式变革,https://terms.naer.edu.tw/
4980,incremental innovation,漸進式創新,,https://terms.naer.edu.tw/
4981,incubator,育成中心；孵化器,,https://terms.naer.edu.tw/
4982,indemnity,擔保,,https://terms.naer.edu.tw/
4983,indent house,委託行,进口代办行,https://terms.naer.edu.tw/
4984,independent audit,獨立審計；獨立稽核,,https://terms.naer.edu.tw/
4985,Independent data mart,獨立型資料集市,独立型数据集市,https://terms.naer.edu.tw/
4986,independent demand,獨立需求,独立需求,https://terms.naer.edu.tw/
4987,independent demand inventory,獨立需求存貨,独立需求库存,https://terms.naer.edu.tw/
4988,Independent development,自主開發,自主开发,https://terms.naer.edu.tw/
4989,independent experiment,獨立實驗,独立实验,https://terms.naer.edu.tw/
4990,independent inspection certificate,獨立檢驗證明書,独立检验证明书,https://terms.naer.edu.tw/
4991,indeterminate franchise,不定期特許,不定期特许,https://terms.naer.edu.tw/
4992,Index,索引,索引,https://terms.naer.edu.tw/
4993,"index amortizing swap, IAS",指數攤銷利率交換,,https://terms.naer.edu.tw/
4994,index arbitrage,指數套利,指数套利,https://terms.naer.edu.tw/
4995,index fund,指數基金,指数基金,https://terms.naer.edu.tw/
4996,index futures,指數期貨,指数期货,https://terms.naer.edu.tw/
4997,index number of  [import or export]  unit value,[進出口]單位價格指數,进出口单位价格指数,https://terms.naer.edu.tw/
4998,index number of  [import or export] quantum,[進出口]貿易數量指數,进出口贸易量指数,https://terms.naer.edu.tw/
4999,index number of [import or export] value,[進出口]貿易值指數,进出口贸易额指数,https://terms.naer.edu.tw/
5000,index number of import and export,進出口指數,进出口指数,https://terms.naer.edu.tw/
5001,index number of price of foreign trade,對外貿易價格指數,对外贸易价格指数,https://terms.naer.edu.tw/
5002,index number of price-ratio of import and export product,[進出口]商品價格比指數,进出口商品价格对比指数,https://terms.naer.edu.tw/
5003,index of terms of trade,貿易條件指數,贸易条件指数,https://terms.naer.edu.tw/
5004,index option,指數選擇權,指数期权,https://terms.naer.edu.tw/
5005,indexed bond,指數債券,,https://terms.naer.edu.tw/
5006,indexed bond,指數債券,,https://terms.naer.edu.tw/
5007,Indexed sequential access method (ISAM),索引順序存取法,,https://terms.naer.edu.tw/
5008,indexing,標引,标引,https://terms.naer.edu.tw/
5009,indicative reference to standard,指示性引用標準,指示性引用标准,https://terms.naer.edu.tw/
5010,Indicator,衡量指標,衡量指标,https://terms.naer.edu.tw/
5011,indifference curve,無異曲線,无差异曲线,https://terms.naer.edu.tw/
5012,indifference quality level,無差異品質水準,无差别质量水平,https://terms.naer.edu.tw/
5013,indigenous innovation competency,自主創新能力,自主创新能力,https://terms.naer.edu.tw/
5014,indigenous innovation strategy,自主創新策略,自主创新战略,https://terms.naer.edu.tw/
5015,Indigenous innovation; home grow,自主性創新,自主创新,https://terms.naer.edu.tw/
5016,indigenous intellectual property rights,自主性智慧財產權,自主知识产权,https://terms.naer.edu.tw/
5017,indigenous technological capacity,本國技術能力,本国技术能力,https://terms.naer.edu.tw/
5018,indirect application of an international standard,間接應用國際標準,间接应用国际标准,https://terms.naer.edu.tw/
5019,indirect arbitrage,間接套利,间接套利,https://terms.naer.edu.tw/
5020,indirect bill,間接匯票,间接汇票,https://terms.naer.edu.tw/
5021,indirect business,間接買賣,间接买卖,https://terms.naer.edu.tw/
5022,indirect compensation,間接薪酬,间接薪酬,https://terms.naer.edu.tw/
5023,indirect compensation,間接薪酬,,https://terms.naer.edu.tw/
5024,indirect exchange,間接匯兌,间接汇兑,https://terms.naer.edu.tw/
5025,indirect export,間接出口,间接出口,https://terms.naer.edu.tw/
5026,indirect financial payment,間接性財務報酬,间接财务报酬,https://terms.naer.edu.tw/
5027,indirect import,間接進口,间接进口,https://terms.naer.edu.tw/
5028,indirect investment,間接投資,间接投资,https://terms.naer.edu.tw/
5029,indirect issuing,間接發行,间接发行,https://terms.naer.edu.tw/
5030,indirect labor,間接勞工,物化劳动,https://terms.naer.edu.tw/
5031,indirect labor standard,間接勞工標準,间接劳动标准,https://terms.naer.edu.tw/
5032,indirect parity,間接平價,间接平价,https://terms.naer.edu.tw/
5033,indirect quotation,間接報價,,https://terms.naer.edu.tw/
5034,indirect quotation,間接報價,间接汇价,https://terms.naer.edu.tw/
5035,indirect rate,間接[匯]率,间接汇率,https://terms.naer.edu.tw/
5036,indirect taxation,間接稅,间接征税,https://terms.naer.edu.tw/
5037,indirect time study,間接時間研究,间接时间研究,https://terms.naer.edu.tw/
5038,indirect trade,間接貿易,间接贸易,https://terms.naer.edu.tw/
5039,Individual consumption,個性化消費,个性化消费,https://terms.naer.edu.tw/
5040,Individual decision making,個體決策,个体决策,https://terms.naer.edu.tw/
5041,individual differences,個體差異；個別差異,个体差异,https://terms.naer.edu.tw/
5042,individual ethics,個人倫理,,https://terms.naer.edu.tw/
5043,individual learning,個體學習,个体学习,https://terms.naer.edu.tw/
5044,individual marketing,個人行銷,个体营销；定制化营销；一对一营销,https://terms.naer.edu.tw/
5045,individual retirement account,個人退休帳戶,个人退休账户,https://terms.naer.edu.tw/
5046,individual time-invariant variable,個體時間恆量變數,个体时间恒量,https://terms.naer.edu.tw/
5047,individual time-varying variable,個體時變變數,个体时变变量,https://terms.naer.edu.tw/
5048,individualism,個人主義,个人主义,https://terms.naer.edu.tw/
5049,individualism,個人主義,,https://terms.naer.edu.tw/
5050,individualization,個人化,,https://terms.naer.edu.tw/
5051,indivisible letter of credit {=L/C},不可分割信用狀,不可分割信用证,https://terms.naer.edu.tw/
5052,indorsed bond,背書擔保債券,已背书担保债券,https://terms.naer.edu.tw/
5053,indorsement in blank,空白背書,空白背书,https://terms.naer.edu.tw/
5054,indorsement in full,全銜背書；記名背書,全衔背书,https://terms.naer.edu.tw/
5055,indorsement without recourse,無追索權的背書,无追索权背书；无担保背书,https://terms.naer.edu.tw/
5056,induced investment,誘發性投資,诱发投资,https://terms.naer.edu.tw/
5057,inducement economy,誘因經濟,,https://terms.naer.edu.tw/
5058,Induction,歸納法,归纳法,https://terms.naer.edu.tw/
5059,inductive learning,歸納式學習,归纳学习,https://terms.naer.edu.tw/
5060,inductive learning change,歸納式學習變化,,https://terms.naer.edu.tw/
5061,industrial buying behavior,工業購買行為,,https://terms.naer.edu.tw/
5062,industrial cluster,產業群聚,产业集群；产业集聚,https://terms.naer.edu.tw/
5063,industrial common technological innovation,產業通用型技術創新,产业共性技术创新,https://terms.naer.edu.tw/
5064,industrial dynamics school,產業動力學派,,https://terms.naer.edu.tw/
5065,industrial environment,產業環境,,https://terms.naer.edu.tw/
5066,industrial environment,產業環境,,https://terms.naer.edu.tw/
5067,industrial export,工業品出口,工业品出口,https://terms.naer.edu.tw/
5068,industrial facility management,工業設施管理,工业设施管理,https://terms.naer.edu.tw/
5069,industrial free trade area,工業自由貿易區,工业自由贸易区,https://terms.naer.edu.tw/
5070,industrial generic technology,產業共通性技術,产业共性技术,https://terms.naer.edu.tw/
5071,industrial goods,工業品,,https://terms.naer.edu.tw/
5072,industrial innovation system,產業創新系統,产业创新体系,https://terms.naer.edu.tw/
5073,industrial management　,工業管理,,https://terms.naer.edu.tw/
5074,industrial marketing,工業行銷,,https://terms.naer.edu.tw/
5075,industrial metals futures,工業金屬期貨,,https://terms.naer.edu.tw/
5076,industrial organization (I-O),產業經濟學；產業組織學,,https://terms.naer.edu.tw/
5077,Industrial Organization Theory,產業組織理論,产业组织理论,https://terms.naer.edu.tw/
5078,industrial policies,產業政策,产业政策,https://terms.naer.edu.tw/
5079,industrial product,工業品,工业产品,https://terms.naer.edu.tw/
5080,industrial relations,工業關係，勞資關係,工业关系，劳资关系,https://terms.naer.edu.tw/
5081,industrial revolution,工業革命,工业革命,https://terms.naer.edu.tw/
5082,industrial safety　,工業安全,,https://terms.naer.edu.tw/
5083,industrial technology,產業技術,产业技术,https://terms.naer.edu.tw/
5084,Industrial Technology Research Institute,工業技術研究院,,https://terms.naer.edu.tw/
5085,industrial technology track {=ITT},產業技術軌跡,产业技术轨道,https://terms.naer.edu.tw/
5086,industrial trend,產業趨勢,,https://terms.naer.edu.tw/
5087,industrial upgrading,產業升級,产业升级,https://terms.naer.edu.tw/
5088,industries,產業,,https://terms.naer.edu.tw/
5089,industry,產業；工業,,https://terms.naer.edu.tw/
5090,industry analysis,產業分析,,https://terms.naer.edu.tw/
5091,industry attractiveness,產業吸引力,行业吸引力,https://terms.naer.edu.tw/
5092,industry clusters,產業群聚,,https://terms.naer.edu.tw/
5093,industry competition,產業競爭,,https://terms.naer.edu.tw/
5094,industry convergence,產業匯合,产业融合,https://terms.naer.edu.tw/
5095,industry environment,產業環境,,https://terms.naer.edu.tw/
5096,industry evolution,產業演進,,https://terms.naer.edu.tw/
5097,industry fund,產業基金,产业基金,https://terms.naer.edu.tw/
5098,industry game rules,產業遊戲規則,,https://terms.naer.edu.tw/
5099,industry groups,產業群組,,https://terms.naer.edu.tw/
5100,industry growth rate,產業成長率,,https://terms.naer.edu.tw/
5101,industry life cycle,產業生命週期,,https://terms.naer.edu.tw/
5102,industry matrix,產業矩陣,,https://terms.naer.edu.tw/
5103,industry protection argument,產業保護說,工业保护论,https://terms.naer.edu.tw/
5104,industry standard,產業標準,行业标准,https://terms.naer.edu.tw/
5105,industry structure,產業結構,,https://terms.naer.edu.tw/
5106,industry value chain,產業價值鏈,,https://terms.naer.edu.tw/
5107,industry-university-institute,產學研,产学研,https://terms.naer.edu.tw/
5108,ineffective therblig,無效動素,无效动素,https://terms.naer.edu.tw/
5109,inelastic demand,無彈性需求,,https://terms.naer.edu.tw/
5110,inelastic supply,無彈性供給,,https://terms.naer.edu.tw/
5111,infant industry argument for protection,幼稚工業保護論,幼稚产业保护论,https://terms.naer.edu.tw/
5112,Inference engine,推理引擎,推理机,https://terms.naer.edu.tw/
5113,infinite loading,無限負荷排程,无限负荷排程,https://terms.naer.edu.tw/
5114,infinite scheduling,無限負荷排程,无限产能排程,https://terms.naer.edu.tw/
5115,Inflation,通貨膨脹,,https://terms.naer.edu.tw/
5116,inflation hedge,對抗通貨膨脹避險,通货膨胀的对冲工具,https://terms.naer.edu.tw/
5117,inflation premium,通貨膨脹溢酬,,https://terms.naer.edu.tw/
5118,inflation risk,通貨膨脹風險,通货膨胀风险,https://terms.naer.edu.tw/
5119,infomercial,資訊型廣告；節目型廣告,,https://terms.naer.edu.tw/
5120,informal channel,非正式管道,非正式渠道,https://terms.naer.edu.tw/
5121,informal communication,非正式溝通,,https://terms.naer.edu.tw/
5122,informal group,非正式團體；非正式群體,非正式群体,https://terms.naer.edu.tw/
5123,informal innovation network,非正式創新網路,非正式创新网络,https://terms.naer.edu.tw/
5124,informal organization,非正式組織,非正式组织,https://terms.naer.edu.tw/
5125,informal organization,非正式組織,,https://terms.naer.edu.tw/
5126,Information,資訊,信息,https://terms.naer.edu.tw/
5127,Information acquisition,資訊獲取,信息获取,https://terms.naer.edu.tw/
5128,Information analysis,資訊分析,信息分析,https://terms.naer.edu.tw/
5129,Information architecture,資訊架構,信息构建,https://terms.naer.edu.tw/
5130,Information asymmetry,資訊不對稱,信息不对称,https://terms.naer.edu.tw/
5131,Information awareness,資訊意識,信息意识,https://terms.naer.edu.tw/
5132,Information behavior,資訊行為,信息行为,https://terms.naer.edu.tw/
5133,information cascade,資訊瀑布,信息瀑布,https://terms.naer.edu.tw/
5134,Information communication,資訊通訊,信息通讯,https://terms.naer.edu.tw/
5135,Information communication models,資訊通訊模式,情报传递模式,https://terms.naer.edu.tw/
5136,information connotation effect,資訊內涵效應,信息内涵效应,https://terms.naer.edu.tw/
5137,information content effect,資訊內容效應,信息含量效应,https://terms.naer.edu.tw/
5138,information content hypothesis,資訊內涵假說,,https://terms.naer.edu.tw/
5139,Information control,資訊控制,信息控制,https://terms.naer.edu.tw/
5140,Information demand,資訊需求,信息需求,https://terms.naer.edu.tw/
5141,Information description,資訊描述,信息描述,https://terms.naer.edu.tw/
5142,Information disclosure,資訊揭露,信息揭示,https://terms.naer.edu.tw/
5143,information disclosure requirement,資訊揭露制度,信息披露制度,https://terms.naer.edu.tw/
5144,Information ethics,資訊倫理,信息伦理,https://terms.naer.edu.tw/
5145,Information exchange,資訊交換,信息交换,https://terms.naer.edu.tw/
5146,Information Exchange Group,資訊交換小組,情报交换小组,https://terms.naer.edu.tw/
5147,Information explosion,資訊爆炸,情报爆炸,https://terms.naer.edu.tw/
5148,Information feedback,資訊回饋,信息回馈,https://terms.naer.edu.tw/
5149,information filtering,資訊過濾,信息过滤,https://terms.naer.edu.tw/
5150,information filtering,資訊過濾,,https://terms.naer.edu.tw/
5151,Information flow,資訊流,信息流,https://terms.naer.edu.tw/
5152,Information hiding,資訊隱蔽,信息隐蔽,https://terms.naer.edu.tw/
5153,Information Impactedness,資訊不對稱,信息不对称,https://terms.naer.edu.tw/
5154,Information integration,資訊整合,信息集成,https://terms.naer.edu.tw/
5155,Information linguistics,資訊語言學,情报语言学,https://terms.naer.edu.tw/
5156,Information literacy,資訊素養,信息素养,https://terms.naer.edu.tw/
5157,Information management,資訊管理,信息管理,https://terms.naer.edu.tw/
5158,Information motivation,資訊動機,信息动机,https://terms.naer.edu.tw/
5159,information network,資訊網；資訊網絡；信息網；信息網絡,,https://terms.naer.edu.tw/
5160,Information organization,資訊組織,信息组织,https://terms.naer.edu.tw/
5161,Information organization method,資訊組織方法,信息组织方法,https://terms.naer.edu.tw/
5162,Information overload,資訊超載,信息超载,https://terms.naer.edu.tw/
5163,Information paradox,資訊悖論,信息悖论,https://terms.naer.edu.tw/
5164,Information phenomenon,資訊現象,情报现象,https://terms.naer.edu.tw/
5165,information process analysis chart,資訊流程分析圖,信息流程图,https://terms.naer.edu.tw/
5166,Information processing,資訊處理,信息处理,https://terms.naer.edu.tw/
5167,Information production,資訊生產,信息生产,https://terms.naer.edu.tw/
5168,information receiver,訊息收訊者,,https://terms.naer.edu.tw/
5169,Information resource system,資訊資源系統,信息资源保障体系,https://terms.naer.edu.tw/
5170,Information resources allocation,資訊資源配置,信息资源分配,https://terms.naer.edu.tw/
5171,Information retrieval,資訊檢索,信息检索,https://terms.naer.edu.tw/
5172,Information retrieval model,資訊檢索模型,信息检索模型,https://terms.naer.edu.tw/
5173,Information retrieval system,資訊檢索系統,信息检索系统,https://terms.naer.edu.tw/
5174,information sampling model,資訊抽樣模式；資訊抽樣模型,信息取样模型,https://terms.naer.edu.tw/
5175,Information science,資訊科學,情报学,https://terms.naer.edu.tw/
5176,Information security,資訊安全,信息安全,https://terms.naer.edu.tw/
5177,Information service,資訊服務,信息服务,https://terms.naer.edu.tw/
5178,Information service model,資訊服務模式,信息服务模式,https://terms.naer.edu.tw/
5179,Information sharing,資訊分享,信息共享,https://terms.naer.edu.tw/
5180,Information source,資訊來源,信息源,https://terms.naer.edu.tw/
5181,Information space,資訊空間,信息空间,https://terms.naer.edu.tw/
5182,Information storage,資訊儲存,信息储存,https://terms.naer.edu.tw/
5183,Information superhighway,資訊高速公路,,https://terms.naer.edu.tw/
5184,information system,資訊系統；信息系統,,https://terms.naer.edu.tw/
5185,Information system (IS),資訊系統,信息系统,https://terms.naer.edu.tw/
5186,Information system model,資訊系統模型,信息系统模型,https://terms.naer.edu.tw/
5187,Information system outsourcing,資訊系統委外,信息系统委外,https://terms.naer.edu.tw/
5188,Information system planning (ISP),資訊系統規劃,,https://terms.naer.edu.tw/
5189,Information system project,資訊系統專案,信息系统项目,https://terms.naer.edu.tw/
5190,Information system security,資訊系統安全,信息系统安全,https://terms.naer.edu.tw/
5191,information technology {=IT},資訊科技,,https://terms.naer.edu.tw/
5192,Information transfer,資訊傳遞,信息传递,https://terms.naer.edu.tw/
5193,Information user,資訊使用者,信息用户,https://terms.naer.edu.tw/
5194,information utility,資訊效用；信息效用,,https://terms.naer.edu.tw/
5195,Information work,資訊工作,情报工作,https://terms.naer.edu.tw/
5196,informational appeals,資訊式訴求,,https://terms.naer.edu.tw/
5197,informational efficiency,資訊效率,信息有效性,https://terms.naer.edu.tw/
5198,informational input,資訊投入；信息投入,,https://terms.naer.edu.tw/
5199,informational role,資訊角色；信息角色,,https://terms.naer.edu.tw/
5200,informative advertising,告知式廣告,通知型广告,https://terms.naer.edu.tw/
5201,informative annex,提示性附錄,提示附录,https://terms.naer.edu.tw/
5202,informative element,資訊性要素,资料性要素,https://terms.naer.edu.tw/
5203,Informatization of the Archives,檔案資訊化,档案信息化,https://terms.naer.edu.tw/
5204,informed trader,知情交易者,知情交易者,https://terms.naer.edu.tw/
5205,Informetrics,資訊計量學,信息计量学,https://terms.naer.edu.tw/
5206,infrastructure,基礎建設,,https://terms.naer.edu.tw/
5207,infringement budget,侵權預算,,https://terms.naer.edu.tw/
5208,ingredient branding,成份品牌,成份品牌化,https://terms.naer.edu.tw/
5209,inherent delay,固有延遲；固有延誤,固有延迟,https://terms.naer.edu.tw/
5210,Inheritance,繼承,继承,https://terms.naer.edu.tw/
5211,initial impressions,第一印象,第一印象,https://terms.naer.edu.tw/
5212,initial margin,原始保證金,初始保证金,https://terms.naer.edu.tw/
5213,initial public offering {=IPO},首次公開發行,,https://terms.naer.edu.tw/
5214,initiating structure,倡導結構；倡導制度,,https://terms.naer.edu.tw/
5215,inland bill of exchange,國內匯票,国内汇票,https://terms.naer.edu.tw/
5216,inland bill of lading,國內提單,国内提货单,https://terms.naer.edu.tw/
5217,inland exchange,國內匯兌,国内汇兑,https://terms.naer.edu.tw/
5218,inland promissory note,國內期票,国内期票,https://terms.naer.edu.tw/
5219,inner quality standard,內控品質標準,内控质量标准,https://terms.naer.edu.tw/
5220,inner reserve,內部準備,内部储备,https://terms.naer.edu.tw/
5221,innovation,創新,,https://terms.naer.edu.tw/
5222,innovation and reconfiguration of value chain,價值鏈之創新與重組,,https://terms.naer.edu.tw/
5223,innovation capability,創新能力,创新能力,https://terms.naer.edu.tw/
5224,innovation cluster,創新群聚；創新聚落,创新集群,https://terms.naer.edu.tw/
5225,innovation diffusion,創新擴散,创新扩散,https://terms.naer.edu.tw/
5226,Innovation Diffusion Theory (IDT),創新擴散理論,创新扩散理论,https://terms.naer.edu.tw/
5227,innovation economics,創新經濟學,创新经济学,https://terms.naer.edu.tw/
5228,innovation environment,創新環境,创新环境,https://terms.naer.edu.tw/
5229,innovation hub,創新樞紐,,https://terms.naer.edu.tw/
5230,innovation in financial product,金融產品創新,金融产品创新,https://terms.naer.edu.tw/
5231,innovation in retail banking,零售銀行業務創新,零售银行业务创新,https://terms.naer.edu.tw/
5232,innovation management,創新管理,,https://terms.naer.edu.tw/
5233,innovation network,創新網路,创新网络,https://terms.naer.edu.tw/
5234,innovation platform,創新平臺,创新平台,https://terms.naer.edu.tw/
5235,innovation pole,創新極,创新极,https://terms.naer.edu.tw/
5236,innovation policies,創新政策,创新政策,https://terms.naer.edu.tw/
5237,innovation project team,創新項目團隊,创新项目小组,https://terms.naer.edu.tw/
5238,innovation resources,創新資源,创新资源,https://terms.naer.edu.tw/
5239,innovation source,創新發源；創新來源,创新源,https://terms.naer.edu.tw/
5240,innovation strategy,創新策略,创新战略,https://terms.naer.edu.tw/
5241,innovational clusters,創新群聚；創新聚落,创新簇,https://terms.naer.edu.tw/
5242,innovative change,創新變革,创新变革,https://terms.naer.edu.tw/
5243,innovative city,創新城市,创新型城市,https://terms.naer.edu.tw/
5244,innovative country,創新國家,创新型国家,https://terms.naer.edu.tw/
5245,innovative differentiation,創新型差異化,,https://terms.naer.edu.tw/
5246,innovative elements,創新要素,创新要素,https://terms.naer.edu.tw/
5247,innovative enterprise,創新型企業,创新型企业,https://terms.naer.edu.tw/
5248,innovative enterprise culture,創新型企業文化,创新型企业文化,https://terms.naer.edu.tw/
5249,innovative organization,創新型組織,创新型组织,https://terms.naer.edu.tw/
5250,innovative process,創新流程,创新流程；创新过程,https://terms.naer.edu.tw/
5251,innovative talents,創新人才,创新型人才,https://terms.naer.edu.tw/
5252,innovativeness,創新度；創新性,,https://terms.naer.edu.tw/
5253,innovator,創新者,,https://terms.naer.edu.tw/
5254,innovator’s dilemma,創新者的兩難；困境,创新者困境,https://terms.naer.edu.tw/
5255,innovators,創新者,,https://terms.naer.edu.tw/
5256,input control,投入控制,,https://terms.naer.edu.tw/
5257,Input design,輸入設計,输入设计,https://terms.naer.edu.tw/
5258,input-output chart,投入產出圖,输入-输出图,https://terms.naer.edu.tw/
5259,input-output control,投入-產出控制,输入—输出控制,https://terms.naer.edu.tw/
5260,input-output models,投入-產出模式,,https://terms.naer.edu.tw/
5261,inquiry system,查詢系統,,https://terms.naer.edu.tw/
5262,inscribed security,記名證券,记名证券,https://terms.naer.edu.tw/
5263,inscribed stock,記名股票,记名股票,https://terms.naer.edu.tw/
5264,inseparability,不可分割性,,https://terms.naer.edu.tw/
5265,inside half-spread,內部半價差,内部半价差,https://terms.naer.edu.tw/
5266,insider,內部人,,https://terms.naer.edu.tw/
5267,insider trading,內線交易,,https://terms.naer.edu.tw/
5268,insider trading,內線交易,,https://terms.naer.edu.tw/
5269,inspect,檢查{動素種類之一},检查,https://terms.naer.edu.tw/
5270,inspection,檢驗,检验,https://terms.naer.edu.tw/
5271,inspection and quarantine regulation,檢疫規定,检疫规定,https://terms.naer.edu.tw/
5272,inspection and testing certificate,商品檢驗證書,商品检验证,https://terms.naer.edu.tw/
5273,inspection authority accreditation,檢驗機構認可,检验机构认可,https://terms.naer.edu.tw/
5274,inspection certificate for export,出口檢驗證書,出口检验证书,https://terms.naer.edu.tw/
5275,inspection certificate of origin,產地檢驗證書,产地检验证书,https://terms.naer.edu.tw/
5276,inspection certificate of quality,品質檢驗證書,品质检验证书,https://terms.naer.edu.tw/
5277,inspection level,檢驗水準,检查水平,https://terms.naer.edu.tw/
5278,inspection lot,檢驗批,检验批,https://terms.naer.edu.tw/
5279,installment credit,分期付款信用,分期付款信贷,https://terms.naer.edu.tw/
5280,installment delivery,分期交貨,分期分批交货,https://terms.naer.edu.tw/
5281,installment financing,分期付款融資,分期还款融资,https://terms.naer.edu.tw/
5282,installment insurance,分期付款保險,分期缴费保险,https://terms.naer.edu.tw/
5283,installment loan,分期付款貸款,分期付款贷款,https://terms.naer.edu.tw/
5284,installment mortgage,分期償還抵押貸款,分期偿还抵押贷款,https://terms.naer.edu.tw/
5285,installment premium,分期付款保險費,分期支付的保险费,https://terms.naer.edu.tw/
5286,instant customerization,即時顧客化訂製生產,即时顾客化定制生产,https://terms.naer.edu.tw/
5287,instantaneous action analysis,瞬間動作分析,瞬时动作分析,https://terms.naer.edu.tw/
5288,Institute of International Finance,國際金融協會,国际金融协会,https://terms.naer.edu.tw/
5289,institution innovation,制度創新,制度创新,https://terms.naer.edu.tw/
5290,institution of science foundation,科學基金會,科学基金制,https://terms.naer.edu.tw/
5291,institutional advertising,機構廣告,,https://terms.naer.edu.tw/
5292,institutional arbitration,機構仲裁,由常设仲裁机构处理的仲裁,https://terms.naer.edu.tw/
5293,institutional index,機構指數,,https://terms.naer.edu.tw/
5294,institutional innovation,制度性創新；體制創新,体制创新,https://terms.naer.edu.tw/
5295,institutional investor,機構投資人,,https://terms.naer.edu.tw/
5296,institutional isomorphism,制度同形化,,https://terms.naer.edu.tw/
5297,institutional market,機構市場,公共机构市场,https://terms.naer.edu.tw/
5298,institutionalism,體制論,体制论,https://terms.naer.edu.tw/
5299,institutionalization,體制化；制度化,体制化；制度化,https://terms.naer.edu.tw/
5300,instruction,指令,指令,https://terms.naer.edu.tw/
5301,instructional design,教學設計,教学设计,https://terms.naer.edu.tw/
5302,instrument of transfer,轉讓契約,转让契据,https://terms.naer.edu.tw/
5303,instrument payable on demand,見票即付票據,见票即付款的票据,https://terms.naer.edu.tw/
5304,instrument with fixed maturity date,預定到期日票據,预定到期日的票据,https://terms.naer.edu.tw/
5305,instrumental value,工具性價值,工具性价值,https://terms.naer.edu.tw/
5306,instrumentality,工具性,工具性,https://terms.naer.edu.tw/
5307,insurance,保險,保险,https://terms.naer.edu.tw/
5308,insurance agent,保險代理人,保险代理人,https://terms.naer.edu.tw/
5309,insurance certificate,保險證明書；分保單；保險憑證,保险凭证,https://terms.naer.edu.tw/
5310,insurance claim,保險索賠,保险索赔,https://terms.naer.edu.tw/
5311,insurance company,保險公司,保险公司,https://terms.naer.edu.tw/
5312,insurance company,保險公司,保险公司,https://terms.naer.edu.tw/
5313,insurance market,保險市場,保险市场,https://terms.naer.edu.tw/
5314,insurance trust,保險信託,保险信托,https://terms.naer.edu.tw/
5315,insured bank,被保險銀行,被担保银行,https://terms.naer.edu.tw/
5316,insured bond,擔保債券,被保险的债券,https://terms.naer.edu.tw/
5317,insured loan,擔保貸款,被担保贷款,https://terms.naer.edu.tw/
5318,intangibility,無形性,,https://terms.naer.edu.tw/
5319,intangible assets,無形資產,,https://terms.naer.edu.tw/
5320,intangible resources,無形資源,无形资源,https://terms.naer.edu.tw/
5321,intangible resources,無形資源,,https://terms.naer.edu.tw/
5322,integrated / parallel model,整合；平行模式,集成/并行模型,https://terms.naer.edu.tw/
5323,integrated audit,整合性稽核,一体化审核,https://terms.naer.edu.tw/
5324,integrated design manufacture (IDM),整合設計製造商,,https://terms.naer.edu.tw/
5325,integrated direct marketing {=IDM},整合直效行銷,整合直接营销,https://terms.naer.edu.tw/
5326,integrated innovation,整合式創新,集成创新,https://terms.naer.edu.tw/
5327,integrated logistics systems {= ILS},整合物流系統,,https://terms.naer.edu.tw/
5328,integrated marketing,整合行銷,,https://terms.naer.edu.tw/
5329,integrated marketing communication {=IMC},整合行銷溝通,整合营销传播；整合营销沟通,https://terms.naer.edu.tw/
5330,integrated marketing communication{=IMC},整合行銷溝通,,https://terms.naer.edu.tw/
5331,integrated resource management,整合式資源管理,,https://terms.naer.edu.tw/
5332,integrated standardization,整體標準化,综合标准化；全面标准化；整体标准化,https://terms.naer.edu.tw/
5333,integration,整合,,https://terms.naer.edu.tw/
5334,integration mechanisms,整合機制,,https://terms.naer.edu.tw/
5335,integration process,整合流程,,https://terms.naer.edu.tw/
5336,integration strategy,整合策略,,https://terms.naer.edu.tw/
5337,integrative approach,整合取向；整合方法,,https://terms.naer.edu.tw/
5338,integrative bargaining,整合性協商；整合性談判,,https://terms.naer.edu.tw/
5339,integrative model of planned change,計畫性變革的整合模式,,https://terms.naer.edu.tw/
5340,integrative negotiation,整合式談判；整合式協商,整合式谈判；整合式协商,https://terms.naer.edu.tw/
5341,integrative social contracts theory,整合性社會契約理論,,https://terms.naer.edu.tw/
5342,integrative theory of leadership,領導的整合理論,,https://terms.naer.edu.tw/
5343,Integrity,完整性,完整性,https://terms.naer.edu.tw/
5344,integrity-based ethics code,正直基礎的倫理準則；正直基礎的倫理信條,,https://terms.naer.edu.tw/
5345,intellectual capital,智慧資本,,https://terms.naer.edu.tw/
5346,intellectual property,智慧財產,知识产权；智力成果权；无形财产权,https://terms.naer.edu.tw/
5347,Intellectual property management,智慧財產管理,,https://terms.naer.edu.tw/
5348,intellectual property right,智慧財產權,知识产权资产,https://terms.naer.edu.tw/
5349,intellectual property strategy,智慧財產策略,知识产权战略,https://terms.naer.edu.tw/
5350,intellectual transfer,智慧財產轉讓,智力转让,https://terms.naer.edu.tw/
5351,intelligence,智力,智力,https://terms.naer.edu.tw/
5352,Intelligence decision support system (IDSS),智慧決策支援系統,智能决策支持系统,https://terms.naer.edu.tw/
5353,intelligence test,智力測驗,,https://terms.naer.edu.tw/
5354,Intelligent agent {=IA},智慧代理人,智能体,https://terms.naer.edu.tw/
5355,intelligent city,智慧城市；智慧城市,智能城市,https://terms.naer.edu.tw/
5356,Intelligent decision-making,智慧決策,智慧决策,https://terms.naer.edu.tw/
5357,Intelligent information retrieval,智慧資訊擷取,智能化检索,https://terms.naer.edu.tw/
5358,intelligent maintenance,智慧型維修,智能维护,https://terms.naer.edu.tw/
5359,intended strategies,計畫中的策略,,https://terms.naer.edu.tw/
5360,intensity of competition,競爭強度,,https://terms.naer.edu.tw/
5361,intensive distribution,密集配銷；密集分配,,https://terms.naer.edu.tw/
5362,intention,意願,,https://terms.naer.edu.tw/
5363,Inter-American Commercial Arbitration Commission,美洲國家商務仲裁委員會,美洲国家商务仲裁委员会,https://terms.naer.edu.tw/
5364,Inter-American Development Bank,美洲開發銀行；泛美開發銀行,泛美开发银行,https://terms.naer.edu.tw/
5365,Inter-American Export Promotion Council,美洲出口貿易促進委員會,美洲出口贸易促进委员会,https://terms.naer.edu.tw/
5366,Inter-American Investment Corporation,泛美投資公司,泛美投资公司,https://terms.naer.edu.tw/
5367,Inter-American Savings and Loans Bank,美洲儲蓄貸款銀行,美洲储蓄和贷款银行,https://terms.naer.edu.tw/
5368,inter-bank exchange dealing,銀行同業外匯交易,银行同业外汇交易,https://terms.naer.edu.tw/
5369,inter-bank loan,銀行同業拆款,银行同业拆放贷款,https://terms.naer.edu.tw/
5370,Inter-bank market,銀行間市場,银行同业市场,https://terms.naer.edu.tw/
5371,inter-bank offered credit,銀行同業拆借,同业拆借市场,https://terms.naer.edu.tw/
5372,inter-bank rate,銀行同業拆放利率,①银行间汇率 ②银行间利率,https://terms.naer.edu.tw/
5373,inter-governmental trade,政府間貿易,政府间贸易,https://terms.naer.edu.tw/
5374,inter-industry trade,產業間貿易,,https://terms.naer.edu.tw/
5375,inter-market arbitrage,跨市場套利,跨市套利,https://terms.naer.edu.tw/
5376,Inter-Organization Information System (IOS),跨組織資訊系統,跨组织系统,https://terms.naer.edu.tw/
5377,inter-period arbitrage,跨期套利,跨期套利,https://terms.naer.edu.tw/
5378,inter-production noise,產品間干擾,产品间噪声；产品间干扰,https://terms.naer.edu.tw/
5379,Interacting Ba,對話場,对话场,https://terms.naer.edu.tw/
5380,interacting groups,互動團體,,https://terms.naer.edu.tw/
5381,Interaction diagram,交互圖,交互图,https://terms.naer.edu.tw/
5382,interaction theory,互動理論,,https://terms.naer.edu.tw/
5383,interactional justice,互動正義；互動公正,互动公平,https://terms.naer.edu.tw/
5384,interactionist view of conflict,衝突的互動者觀點,,https://terms.naer.edu.tw/
5385,interactions with competitor,與競爭者的互動關係,,https://terms.naer.edu.tw/
5386,interactive innovation,互動式創新,交互式创新,https://terms.naer.edu.tw/
5387,interactive marketing,互動行銷,互动营销,https://terms.naer.edu.tw/
5388,interactive promotion,互動式推廣,,https://terms.naer.edu.tw/
5389,Interbank lending,銀行同業拆借,银行同业拆借,https://terms.naer.edu.tw/
5390,intercept interview,攔阻訪問,,https://terms.naer.edu.tw/
5391,interchangeable part,可互換零件,可互换件,https://terms.naer.edu.tw/
5392,interdependence,相互依賴,,https://terms.naer.edu.tw/
5393,interdependency,相互依存度,,https://terms.naer.edu.tw/
5394,interdependent self,相依我,,https://terms.naer.edu.tw/
5395,interdisciplinary,跨領域；跨學科,交叉学科,https://terms.naer.edu.tw/
5396,interest bill [of exchange],附息匯票,附息票据,https://terms.naer.edu.tw/
5397,interest futures market,利率期貨市場,利率期货市场,https://terms.naer.edu.tw/
5398,interest group,利益團體；利益群體,利益团体；利益群体,https://terms.naer.edu.tw/
5399,interest parity,利率平價,利息平价,https://terms.naer.edu.tw/
5400,interest rate,利率,利率,https://terms.naer.edu.tw/
5401,interest rate anticipation swap,利率預測交換,利率预测互换,https://terms.naer.edu.tw/
5402,interest rate cap,利率上限,利率上限,https://terms.naer.edu.tw/
5403,interest rate ceiling,利率上限,利率上限,https://terms.naer.edu.tw/
5404,interest rate collars,利率上下限契約,,https://terms.naer.edu.tw/
5405,interest rate differential,利差,利率差距,https://terms.naer.edu.tw/
5406,interest rate floors,利率下限,利率下限,https://terms.naer.edu.tw/
5407,interest rate futures,利率期貨,利率期货,https://terms.naer.edu.tw/
5408,interest rate futures,利率期貨,利率期货,https://terms.naer.edu.tw/
5409,interest rate hedge,利率對沖,利率对冲,https://terms.naer.edu.tw/
5410,interest rate option,利率選擇權,利率期权,https://terms.naer.edu.tw/
5411,interest rate options,利率選擇權,利率期权,https://terms.naer.edu.tw/
5412,interest rate parity theorem,利率平價理論,利率平价理论,https://terms.naer.edu.tw/
5413,interest rate parity theory,利率平價論,利率平价论,https://terms.naer.edu.tw/
5414,interest rate risk,利率風險,利率风险,https://terms.naer.edu.tw/
5415,interest rate risk,利率風險,利率风险,https://terms.naer.edu.tw/
5416,interest rate risk or interest rate price risk,利率風險,,https://terms.naer.edu.tw/
5417,interest rate risk pricing,利率風險定價,利率风险定价,https://terms.naer.edu.tw/
5418,interest rate swap,換息,利率互换,https://terms.naer.edu.tw/
5419,"interest rate swap, IRS",利率交換,利率互换,https://terms.naer.edu.tw/
5420,interest tax shield,利息稅盾,利息税盾,https://terms.naer.edu.tw/
5421,interest tests,興趣測驗,兴趣测验,https://terms.naer.edu.tw/
5422,interface hierarchy decision-making model,界面層級決策模式；界面層級決策模型,,https://terms.naer.edu.tw/
5423,interface management,介面管理,接口管理,https://terms.naer.edu.tw/
5424,interface management between value units,價值單元間的介面管理,,https://terms.naer.edu.tw/
5425,interface standard,介面標準,接口标准,https://terms.naer.edu.tw/
5426,interference allowance,干擾寬放,干扰容限；干扰宽放,https://terms.naer.edu.tw/
5427,interference time,干擾時間,,https://terms.naer.edu.tw/
5428,Intergrated services digital network (ISDN),整合服務數位網路,,https://terms.naer.edu.tw/
5429,intergroup conflict resolution,跨團體衝突解決；跨群體衝突解決；群際衝突解決,跨团体冲突解决；跨群体冲突解决；群际冲突解决,https://terms.naer.edu.tw/
5430,intergroup development,群際發展；團際發展,,https://terms.naer.edu.tw/
5431,interior design,內設計,内设计,https://terms.naer.edu.tw/
5432,interior noise,內干擾,内噪声；内干扰,https://terms.naer.edu.tw/
5433,Interlibrary loan,館際互借,馆际互借,https://terms.naer.edu.tw/
5434,Interlibrary Loan Services,館際互借服務,馆际互借服务,https://terms.naer.edu.tw/
5435,intermarket sector spread,市場間利差,市场间利率价差,https://terms.naer.edu.tw/
5436,intermarket spread swap,市場間價差交換,市场价差互换,https://terms.naer.edu.tw/
5437,intermediary,中間機構；中介機構,,https://terms.naer.edu.tw/
5438,intermediary bank,中介銀行,中间银行,https://terms.naer.edu.tw/
5439,intermediary business,中間業務,中间业务,https://terms.naer.edu.tw/
5440,intermediary commerce,中介貿易,中介贸易；居间贸易,https://terms.naer.edu.tw/
5441,intermediary trade,中介貿易,中介贸易,https://terms.naer.edu.tw/
5442,intermittent process,間歇性程序,,https://terms.naer.edu.tw/
5443,intermittent production　,間歇性生產,,https://terms.naer.edu.tw/
5444,intermittent reinforcement,間歇性增強；間歇性強化,间歇性增强；间歇性强化,https://terms.naer.edu.tw/
5445,intermodal shipping,多重運具運輸；跨運具運輸,,https://terms.naer.edu.tw/
5446,intermodal transport,聯運,联运,https://terms.naer.edu.tw/
5447,internal analysis,内部分析,,https://terms.naer.edu.tw/
5448,internal attribution,內在歸因,内在归因,https://terms.naer.edu.tw/
5449,internal auditing,內部審計；內部稽核,,https://terms.naer.edu.tw/
5450,internal branding,內部品牌化,,https://terms.naer.edu.tw/
5451,internal capabilities,内在能力,,https://terms.naer.edu.tw/
5452,internal capital market,內部資本市場,,https://terms.naer.edu.tw/
5453,internal change factors,內在變革因素,,https://terms.naer.edu.tw/
5454,internal consistency,內部一致性,内部一致性,https://terms.naer.edu.tw/
5455,internal consistency reliability,內部一致性信度,,https://terms.naer.edu.tw/
5456,internal control system,內部控制制度,内部控制制度,https://terms.naer.edu.tw/
5457,internal cost,內部成本；內在成本,,https://terms.naer.edu.tw/
5458,internal cost disadvantage,内部成本劣勢,,https://terms.naer.edu.tw/
5459,internal customer,內部顧客,,https://terms.naer.edu.tw/
5460,internal diffusion model,內部擴散模式,内部扩散模式,https://terms.naer.edu.tw/
5461,internal entrepreneurship,內部創業,,https://terms.naer.edu.tw/
5462,internal environment of HR,人力資源內部環境,人力资源内部环境,https://terms.naer.edu.tw/
5463,internal equity,內部公平,内部公平,https://terms.naer.edu.tw/
5464,internal equity,內部公平,,https://terms.naer.edu.tw/
5465,internal factor evaluation matrix,內部因素評估矩陣,,https://terms.naer.edu.tw/
5466,internal failure cost,內部失效成本,内部失效成本,https://terms.naer.edu.tw/
5467,internal growth rate,內部成長率,,https://terms.naer.edu.tw/
5468,Internal Influence Model,內部影響模型,内部影响模型,https://terms.naer.edu.tw/
5469,Internal information source,內部資訊來源,内部信息,https://terms.naer.edu.tw/
5470,internal innovation,內部創新,,https://terms.naer.edu.tw/
5471,internal locus of control,內控點,,https://terms.naer.edu.tw/
5472,internal marketing,內部行銷,,https://terms.naer.edu.tw/
5473,internal memory storage,內部記憶儲存,,https://terms.naer.edu.tw/
5474,internal move,內部調動,,https://terms.naer.edu.tw/
5475,internal rate of return method,內部報酬率法,,https://terms.naer.edu.tw/
5476,"internal rate of return, IRR",內部報酬率,内部收益率,https://terms.naer.edu.tw/
5477,internal recruitment,內部招募,内部招聘,https://terms.naer.edu.tw/
5478,internal recruitment,內部招募,,https://terms.naer.edu.tw/
5479,internal reliability,內部信度,,https://terms.naer.edu.tw/
5480,internal setup time,內部整備時間,内部调整准备时间,https://terms.naer.edu.tw/
5481,internal sources of candidates,內部人力來源,内部人力来源,https://terms.naer.edu.tw/
5482,internal stakeholders,內部利害關係人,,https://terms.naer.edu.tw/
5483,internal start-ups,內部新創事業,,https://terms.naer.edu.tw/
5484,internal time,內部時間,内部时间,https://terms.naer.edu.tw/
5485,internal transaction,內部交易,内部交易,https://terms.naer.edu.tw/
5486,internal validity,內部效度,内部效度,https://terms.naer.edu.tw/
5487,internal validity,內部效度,,https://terms.naer.edu.tw/
5488,internal weaknesses,內部弱勢,,https://terms.naer.edu.tw/
5489,internal-external matrix,內部-外部矩陣,,https://terms.naer.edu.tw/
5490,internalization,内部化,,https://terms.naer.edu.tw/
5491,internalization theory,內部化理論,,https://terms.naer.edu.tw/
5492,international arbitration,國際仲裁,国际仲裁,https://terms.naer.edu.tw/
5493,International Arbitration League,國際仲裁聯盟,国际仲裁联盟,https://terms.naer.edu.tw/
5494,International Bank for Economic Cooperation {=IBEC},國際經濟合作銀行,国际经济合作银行,https://terms.naer.edu.tw/
5495,International Bank for Economic Cooperation {=IBEC},國際經濟合作銀行,国际经济合作银行,https://terms.naer.edu.tw/
5496,International Bank for Reconstruction and Development {=IBRD},國際復興開發銀行；世界銀行,国际复兴开发银行,https://terms.naer.edu.tw/
5497,International Banking Act,國際銀行法,国际银行法,https://terms.naer.edu.tw/
5498,international banking facility,國際銀行業務,国际银行业务设施,https://terms.naer.edu.tw/
5499,International Banking Facility {=IBF},國際金融業務單位,,https://terms.naer.edu.tw/
5500,international barter,易貨貿易,国际间易货贸易,https://terms.naer.edu.tw/
5501,international bidding,國際招標,国际招标,https://terms.naer.edu.tw/
5502,international bimetallism,國際[金銀]複本位制,国际[金银]复本位制,https://terms.naer.edu.tw/
5503,international bond,國際債務,国际债务,https://terms.naer.edu.tw/
5504,international broker,國際經紀人,国际经纪人,https://terms.naer.edu.tw/
5505,international buffer stock,國際通貨平準基金,国际通货平准基金,https://terms.naer.edu.tw/
5506,international capital market,國際資本市場,国际资本市场,https://terms.naer.edu.tw/
5507,international capital market integration,國際資本市場整合,国际资本市场一体化,https://terms.naer.edu.tw/
5508,international cartel,國際卡特爾,国际卡特尔,https://terms.naer.edu.tw/
5509,International Centre for Wholesale Trade,國際批發貿易中心,国际批发贸易中心,https://terms.naer.edu.tw/
5510,International Chamber of Commerce {=I.C.C.},國際商會,国际商会,https://terms.naer.edu.tw/
5511,International Clearing Union,國際清算聯盟,国际清算联盟,https://terms.naer.edu.tw/
5512,International Code of Conduct for the Transfer of Technology,國際技術移轉準則,国际技术转让守则,https://terms.naer.edu.tw/
5513,International Code of Trade Terms,國際貿易條件準則,国际贸易术语通则,https://terms.naer.edu.tw/
5514,International Commercial Law,國際商法,国际商法,https://terms.naer.edu.tw/
5515,international commercial practice,國際商業慣例,国际商业惯例,https://terms.naer.edu.tw/
5516,international commodity agreement,國際商品協定,国际商品协议,https://terms.naer.edu.tw/
5517,International Commodity Clearing House,國際商品交易清算所,国际商品交易清算所,https://terms.naer.edu.tw/
5518,International Compensation Fund {=ICF},國際賠償基金,国际赔偿基金,https://terms.naer.edu.tw/
5519,international competition,國際競爭,,https://terms.naer.edu.tw/
5520,international competitive bidding {=ICB},國際公開招標,国际公开招标,https://terms.naer.edu.tw/
5521,International Consortium of Private Banks,國際私人銀行協會,国际私人银行协会,https://terms.naer.edu.tw/
5522,International Convention for the Protection of Industrial Property,國際工業產權保護公約,国际保护工业产权公约,https://terms.naer.edu.tw/
5523,International Convention on Patents,國際專利公約,国际专利公约,https://terms.naer.edu.tw/
5524,International Convention on the Simplification and Harmonization of Customs Procedures,簡化和協調海關業務制度國際公約,关于简化及调和海关手续的国际公约,https://terms.naer.edu.tw/
5525,International Cooperation Administration,[美國]國際合作總署,国际合作总署,https://terms.naer.edu.tw/
5526,international corporation law,國際公司法,国际公司法,https://terms.naer.edu.tw/
5527,International Court of Arbitration,國際仲裁法庭,国际仲裁法庭,https://terms.naer.edu.tw/
5528,International Court of Justice,[聯合國]國際法院,[联合国]国际法院,https://terms.naer.edu.tw/
5529,international currency,國際通貨,国际货币,https://terms.naer.edu.tw/
5530,international currency reserve,國際貨幣準備,国际货币储备,https://terms.naer.edu.tw/
5531,international depositary receipt,國際存券收據,国际证券存单,https://terms.naer.edu.tw/
5532,International Development Association {=IDA},[聯合國]國際開發協會,[联合国]国际开发协会,https://terms.naer.edu.tw/
5533,international division of labour,國際分工,国际分工,https://terms.naer.edu.tw/
5534,International Economic Cooperation Conference,國際經濟合作會議,国际经济合作会议,https://terms.naer.edu.tw/
5535,international enterprise,國際企業,国际企业,https://terms.naer.edu.tw/
5536,international entrepreneurial firm,國際新創企業,,https://terms.naer.edu.tw/
5537,international environment,國際環境,,https://terms.naer.edu.tw/
5538,international expansion,國際擴張,国际化进程,https://terms.naer.edu.tw/
5539,International Federation of Stock Exchange,國際證券交易所聯合會,国际证券交易所联合会,https://terms.naer.edu.tw/
5540,international finance,國際金融,国际金融,https://terms.naer.edu.tw/
5541,International Finance Corporation,國際金融公司,国际金融公司,https://terms.naer.edu.tw/
5542,international financial center,國際金融中心,国际金融中心,https://terms.naer.edu.tw/
5543,international financial market,國際金融市場,国际金融市场,https://terms.naer.edu.tw/
5544,international financial system,國際金融制度,国际金融体系,https://terms.naer.edu.tw/
5545,international futures market,國際期貨市場,国际期货市场,https://terms.naer.edu.tw/
5546,international harmonized standard,國際調和標準,国际协调标准,https://terms.naer.edu.tw/
5547,international human resource management,國際人力資源管理,国际人力资源管理,https://terms.naer.edu.tw/
5548,international human resource management,國際人力資源管理,,https://terms.naer.edu.tw/
5549,international integration,國際整合,,https://terms.naer.edu.tw/
5550,international inter-bank market,國際銀行同業拆借市場,国际同业拆放市场,https://terms.naer.edu.tw/
5551,international interbank call rate,國際銀行同業拆放利率,国际银行同业间拆放利率,https://terms.naer.edu.tw/
5552,international investment,國際投資,国际投资,https://terms.naer.edu.tw/
5553,International Investment Bank {=IIB},國際投資銀行,国际投资银行,https://terms.naer.edu.tw/
5554,international investment trust,國際投資信託,国际投资信托,https://terms.naer.edu.tw/
5555,international joint venture mode,國際合資模式,,https://terms.naer.edu.tw/
5556,international labor standards,國際勞動標準；國際勞工標準,,https://terms.naer.edu.tw/
5557,International Law,國際法,国际法,https://terms.naer.edu.tw/
5558,international lease,國際租賃,国际租赁,https://terms.naer.edu.tw/
5559,international leasing market,國際租賃市場,国际租赁市场,https://terms.naer.edu.tw/
5560,international licensing arrangements,國際授權協議,国际许可证交易制度,https://terms.naer.edu.tw/
5561,international liquidity,國際流動性,①国际流通手段 ②国际清偿能力,https://terms.naer.edu.tw/
5562,international loan,國際貸款,国际贷款,https://terms.naer.edu.tw/
5563,international long-term capital movement,國際長期資本移動,国际长期资本流动,https://terms.naer.edu.tw/
5564,international marketing,國際行銷,国际营销,https://terms.naer.edu.tw/
5565,international marketing,國際行銷,国际市场营销,https://terms.naer.edu.tw/
5566,international measuring standard,國際測量標準,国际测量标准,https://terms.naer.edu.tw/
5567,international merchandise,國際商品,国际商品,https://terms.naer.edu.tw/
5568,International Monetary Fund {=IMF},國際貨幣基金會,国际货币基金组织,https://terms.naer.edu.tw/
5569,International Monetary Fund {=IMF},國際貨幣基金會,国际货币基金组织,https://terms.naer.edu.tw/
5570,International Monetary Fund Agreement,國際貨幣基金會協定,国际货币基金协定,https://terms.naer.edu.tw/
5571,international monetary market,國際金融市場,国际货币市场,https://terms.naer.edu.tw/
5572,International Monetary Market (of Chicago Mercantile Exchange) {=IMM},[芝加哥商務交易所]國際貨幣市場,,https://terms.naer.edu.tw/
5573,international monetary system,國際貨幣制度,,https://terms.naer.edu.tw/
5574,international monetary system,國際貨幣制度,国际货币体系,https://terms.naer.edu.tw/
5575,international money order,國際匯票,国际汇票,https://terms.naer.edu.tw/
5576,international multilateral loans,國際多邊貸款,国际多边贷款,https://terms.naer.edu.tw/
5577,international operations,國際營運,,https://terms.naer.edu.tw/
5578,international organization,國際組織,,https://terms.naer.edu.tw/
5579,International Patent Treaty,國際專利條約,国际专利条约,https://terms.naer.edu.tw/
5580,international payment crisis,國際收支危機,国际支付危机,https://terms.naer.edu.tw/
5581,international payment deficit,國際收支逆差,国际收支逆差,https://terms.naer.edu.tw/
5582,international payment surplus,國際收支順差,国际收支顺差,https://terms.naer.edu.tw/
5583,international payments system,國際支付制度,国际支付制度,https://terms.naer.edu.tw/
5584,international petroleum cartel,國際石油卡特爾,国际石油卡特尔,https://terms.naer.edu.tw/
5585,international practice,國際慣例,国际惯例,https://terms.naer.edu.tw/
5586,International R&D Collaboration Center,國際研發合作中心,,https://terms.naer.edu.tw/
5587,international recruitment,國際招募,国际招聘,https://terms.naer.edu.tw/
5588,international reserve,國際準備,国际储备,https://terms.naer.edu.tw/
5589,international reserve asset,國際準備資產,国际储备资产,https://terms.naer.edu.tw/
5590,international reserve currency,國際準備貨幣,国际储备货币,https://terms.naer.edu.tw/
5591,International Rules for the Interpretation of Trade Terms,國際貿易條件解釋規則,国际贸易术语解释通则,https://terms.naer.edu.tw/
5592,International Securities Regulatory Organization,國際證券管理組織,国际证券管理组织,https://terms.naer.edu.tw/
5593,international settlement,國際清算,国际结算,https://terms.naer.edu.tw/
5594,international settlement currency,國際清算貨幣,国际结算货币,https://terms.naer.edu.tw/
5595,international standard,國際標準,国际标准,https://terms.naer.edu.tw/
5596,International Standard Organization {=ISO},國際標準組織,国际标准组织,https://terms.naer.edu.tw/
5597,International Standards Organization (ISO),國際標準組織,国际标准化组织,https://terms.naer.edu.tw/
5598,International Stock Exchange,國際證券交易所,国际证券交易所,https://terms.naer.edu.tw/
5599,international stock market,國際股票市場,国际股票市场,https://terms.naer.edu.tw/
5600,international strategy,國際策略,国际化战略,https://terms.naer.edu.tw/
5601,international sub-contracting,國際轉包,国际分包,https://terms.naer.edu.tw/
5602,International Swap Dealers Association {=ISDA},國際交換交易員協會,,https://terms.naer.edu.tw/
5603,international syndicated loan,國際聯貸,国际银团贷款,https://terms.naer.edu.tw/
5604,international tax evasion,國際避稅,国际偷税；国际避税；国际逃税,https://terms.naer.edu.tw/
5605,international technology transfer,國際技術移轉,国际技术转让；国际技术贸易,https://terms.naer.edu.tw/
5606,international technology transfer cycle,國際技術移轉週期,国际技术转让周期,https://terms.naer.edu.tw/
5607,international trade,國際貿易,国际贸易,https://terms.naer.edu.tw/
5608,international trade,國際貿易,,https://terms.naer.edu.tw/
5609,International Trade Administration {=ITA},[美國]國際貿易署,国际贸易管理局,https://terms.naer.edu.tw/
5610,international trade and investment,國際貿易與投資,,https://terms.naer.edu.tw/
5611,International Trade Arbitration System,國際貿易仲裁制度,国际贸易仲裁制度,https://terms.naer.edu.tw/
5612,international trade center,國際貿易中心,国际贸易中心,https://terms.naer.edu.tw/
5613,International Trade Charter,國際貿易憲章,国际贸易宪章,https://terms.naer.edu.tw/
5614,International Trade Commission {=ITC},國際貿易委員會,,https://terms.naer.edu.tw/
5615,international trade customs,國際貿易慣例,国际贸易惯例,https://terms.naer.edu.tw/
5616,International Trade Development Association,國際貿易發展協會,国际贸易发展协会,https://terms.naer.edu.tw/
5617,international trade fair,國際商展,国际贸易交易会,https://terms.naer.edu.tw/
5618,international trade offer curve,國際貿易提供曲線,国际贸易供给曲线,https://terms.naer.edu.tw/
5619,International Trade Organization {=ITO},國際貿易組織,国际贸易组织,https://terms.naer.edu.tw/
5620,international trading certificate{=ITC},國際貿易證書；廠商進出口卡,国际贸易证书,https://terms.naer.edu.tw/
5621,international transfer pricing,國際移轉訂價,国际划拨价格,https://terms.naer.edu.tw/
5622,International Trust and Investment Company,國際信託投資公司,国际信托投资公司,https://terms.naer.edu.tw/
5623,International Union of Credit and Investment,國際信貸和投資保險商協會,国际信贷和投资保险商协会,https://terms.naer.edu.tw/
5624,International Union of Marine Insurance,國際海上保險聯合會,国际海上保险联合会,https://terms.naer.edu.tw/
5625,international usage,國際慣例,国际惯例,https://terms.naer.edu.tw/
5626,internationalization,國際化,,https://terms.naer.edu.tw/
5627,internationalization,國際化,,https://terms.naer.edu.tw/
5628,internationalization process,國際化過程,,https://terms.naer.edu.tw/
5629,Internet,網際網路,,https://terms.naer.edu.tw/
5630,Internet banking,網路銀行,网上银行,https://terms.naer.edu.tw/
5631,Internet content provider (ICP),網路內容提供者,,https://terms.naer.edu.tw/
5632,Internet marketing,網路行銷,网上营销,https://terms.naer.edu.tw/
5633,Internet negotiation,網路談判,网上谈判,https://terms.naer.edu.tw/
5634,Internet protocol (IP),網路通訊協定,,https://terms.naer.edu.tw/
5635,Internet Self-Efficacy,網際網路自我效能,因特网自我效能,https://terms.naer.edu.tw/
5636,Internet service provider (ISP),網路服務提供者,,https://terms.naer.edu.tw/
5637,internet strategy,網路策略,,https://terms.naer.edu.tw/
5638,internet survey,網路調查,,https://terms.naer.edu.tw/
5639,internship,實習,实习,https://terms.naer.edu.tw/
5640,internship,實習,,https://terms.naer.edu.tw/
5641,Interoperability,互通性,互操作性,https://terms.naer.edu.tw/
5642,interorganization conflict,組織間衝突,组织间冲突,https://terms.naer.edu.tw/
5643,interpersonal communication,人際溝通,人际沟通,https://terms.naer.edu.tw/
5644,interpersonal communication,人際溝通,,https://terms.naer.edu.tw/
5645,interpersonal conflict,人際衝突,人际冲突,https://terms.naer.edu.tw/
5646,interpersonal network,人際網絡,,https://terms.naer.edu.tw/
5647,interpersonal relationship,人際關係,人际关系,https://terms.naer.edu.tw/
5648,interpersonal relationship,人際關係,,https://terms.naer.edu.tw/
5649,interpersonal role,人際角色,人际角色,https://terms.naer.edu.tw/
5650,interpersonal role,人際角色,,https://terms.naer.edu.tw/
5651,interpersonal sensitivity,人際敏感,人际敏感,https://terms.naer.edu.tw/
5652,interpersonal skill,人際技巧；人際能力,,https://terms.naer.edu.tw/
5653,Interpretative Scheme,解釋機制,解释机制,https://terms.naer.edu.tw/
5654,Interpreter,直譯器,,https://terms.naer.edu.tw/
5655,interrater reliability,施測者間信度；評量者間信度,评价者信度,https://terms.naer.edu.tw/
5656,interregional trade,區域間貿易,区域贸易,https://terms.naer.edu.tw/
5657,interrelationship diagram,關聯圖,关联图,https://terms.naer.edu.tw/
5658,interstate banking,美國州際銀行業務,州际银行业,https://terms.naer.edu.tw/
5659,interval scale,等距尺度,,https://terms.naer.edu.tw/
5660,intervention,介入,介入,https://terms.naer.edu.tw/
5661,interview,面談,面试,https://terms.naer.edu.tw/
5662,interview,面談,,https://terms.naer.edu.tw/
5663,interview evaluation,面談評價,面谈评价,https://terms.naer.edu.tw/
5664,interview method,面談法,面谈法,https://terms.naer.edu.tw/
5665,interviewer error,訪問者誤差,,https://terms.naer.edu.tw/
5666,intra preneurship,內部創業；內部創業家精神,内企业,https://terms.naer.edu.tw/
5667,intra-industry trade,產業內貿易,产业内交易,https://terms.naer.edu.tw/
5668,Intrabusiness e-commerce,企業內部電子商務,企业内部电子商务,https://terms.naer.edu.tw/
5669,intramarket sector spread,市場內利差,市场内利率价差,https://terms.naer.edu.tw/
5670,intranet,內部網路,,https://terms.naer.edu.tw/
5671,intraorganizational bargaining,組織內談判,组织内谈判,https://terms.naer.edu.tw/
5672,intraorganizational bargaining,組織內談判,,https://terms.naer.edu.tw/
5673,intrapreneur,內部創業者,,https://terms.naer.edu.tw/
5674,intrapreneuring,內部創業,内部创业,https://terms.naer.edu.tw/
5675,intrapreneurship,內部創業；內部創業精神,,https://terms.naer.edu.tw/
5676,intrinsic motivation,內在激勵；內在動機,内在激励；内在动机,https://terms.naer.edu.tw/
5677,intrinsic reward,內在報酬,,https://terms.naer.edu.tw/
5678,intrinsic rewards,內在獎勵,内在奖励,https://terms.naer.edu.tw/
5679,intrinsic value,內涵價值,内在价值,https://terms.naer.edu.tw/
5680,intrinsic value method,內在價值法,股票内在价值法,https://terms.naer.edu.tw/
5681,introducing broker,初始中介期貨經紀商,,https://terms.naer.edu.tw/
5682,introduction stage,導入期,,https://terms.naer.edu.tw/
5683,introduction stage,導入期,导入期,https://terms.naer.edu.tw/
5684,introspective ability,自省能力,,https://terms.naer.edu.tw/
5685,intuition,直覺,直觉,https://terms.naer.edu.tw/
5686,intuitive decision making,直覺決策,直觉决策,https://terms.naer.edu.tw/
5687,invention,發明,发明,https://terms.naer.edu.tw/
5688,inventory,庫存；存貨,,https://terms.naer.edu.tw/
5689,inventory blanket lien,存貨綜合留置權,,https://terms.naer.edu.tw/
5690,inventory buffer,緩衝存貨,缓冲库存,https://terms.naer.edu.tw/
5691,inventory control,存貨控制；存貨管制,库存控制,https://terms.naer.edu.tw/
5692,inventory conversion period,存貨轉換期間,,https://terms.naer.edu.tw/
5693,inventory costs,存貨成本,库存费用,https://terms.naer.edu.tw/
5694,inventory deterioration,存貨損耗,库存损耗,https://terms.naer.edu.tw/
5695,inventory financing,存貨融資,,https://terms.naer.edu.tw/
5696,inventory investment,存貨投資,库存投资,https://terms.naer.edu.tw/
5697,inventory management,存貨管理,库存管理,https://terms.naer.edu.tw/
5698,inventory model,存貨模型,存货模型,https://terms.naer.edu.tw/
5699,inventory of non-tariff barrier,非關稅障礙清單,非关税壁垒商品清单,https://terms.naer.edu.tw/
5700,inventory ordering system,存貨訂貨系統,库存订货系统,https://terms.naer.edu.tw/
5701,inventory policy,存貨政策,库存策略,https://terms.naer.edu.tw/
5702,inventory receipt,已收庫存,库存收据,https://terms.naer.edu.tw/
5703,inventory records file,存貨記錄檔,库存记录文件,https://terms.naer.edu.tw/
5704,inventory shrinkage,存貨縮減,库存缩水,https://terms.naer.edu.tw/
5705,inventory turnover,存貨週轉率,库存周转次数,https://terms.naer.edu.tw/
5706,inventory turnover ratio,存貨週轉率,,https://terms.naer.edu.tw/
5707,inventory waste,庫存浪費,库存浪费,https://terms.naer.edu.tw/
5708,inventory-carry cost,存貨持有成本,,https://terms.naer.edu.tw/
5709,inverse floater,逆浮動,,https://terms.naer.edu.tw/
5710,inverted (abnormal) yield curve,逆殖利率曲線,,https://terms.naer.edu.tw/
5711,inverted organization,倒金字塔型組織,,https://terms.naer.edu.tw/
5712,invested capital,投入資本,已投入资本,https://terms.naer.edu.tw/
5713,investigative type,研究型{Holland六種人格類型之一},研究型{Holland六种人格类型之一},https://terms.naer.edu.tw/
5714,investing institution,投資機構,投资机构,https://terms.naer.edu.tw/
5715,investment,投資,投资,https://terms.naer.edu.tw/
5716,investment,投資,投资,https://terms.naer.edu.tw/
5717,investment abroad,對外投資,对外投资,https://terms.naer.edu.tw/
5718,investment abroad and foreign investment,對外投資與外國投資,对外投资与外国投资,https://terms.naer.edu.tw/
5719,investment allowance,投資抵減,投资补贴,https://terms.naer.edu.tw/
5720,investment analysis,投資分析,投资分析,https://terms.naer.edu.tw/
5721,investment appraisal,投資評價,投资评价,https://terms.naer.edu.tw/
5722,investment balance,投資餘額,投资余额,https://terms.naer.edu.tw/
5723,investment bank,投資銀行,投资银行,https://terms.naer.edu.tw/
5724,investment bank,投資銀行,投资银行,https://terms.naer.edu.tw/
5725,investment banker,投資銀行家,,https://terms.naer.edu.tw/
5726,investment banking,投資銀行業務,投资银行业务,https://terms.naer.edu.tw/
5727,investment bill,投資票據,票据投资,https://terms.naer.edu.tw/
5728,investment broker,投資經紀人,投资经纪人,https://terms.naer.edu.tw/
5729,investment commitment,投資承諾；投資保證,投资承诺；投资保证,https://terms.naer.edu.tw/
5730,investment company,投資公司,投资公司,https://terms.naer.edu.tw/
5731,investment cost,投資成本,投资成本,https://terms.naer.edu.tw/
5732,investment credit,投資抵減,投资信贷,https://terms.naer.edu.tw/
5733,investment expenditure,投資支出,投资支出,https://terms.naer.edu.tw/
5734,investment feasibility study,投資可行性研究,投资可行性研究,https://terms.naer.edu.tw/
5735,investment fund,投資基金,投资基金,https://terms.naer.edu.tw/
5736,investment goods,投資財,投资货物,https://terms.naer.edu.tw/
5737,investment grant,投資補助金,投资补助金,https://terms.naer.edu.tw/
5738,investment guarantee,投資保證,投资保证,https://terms.naer.edu.tw/
5739,investment guarantee agreement,投資保證協定,投资保证协定,https://terms.naer.edu.tw/
5740,investment holding,控股投資,控股投资,https://terms.naer.edu.tw/
5741,investment horizon,投資期間,,https://terms.naer.edu.tw/
5742,investment in kind,實物投資,实物投资,https://terms.naer.edu.tw/
5743,investment in land,土地投資,土地投资,https://terms.naer.edu.tw/
5744,investment in security,證券投資,证券投资,https://terms.naer.edu.tw/
5745,investment incentive,投資獎勵,投资激励,https://terms.naer.edu.tw/
5746,investment income ratio,投資所得率,投资收益率,https://terms.naer.edu.tw/
5747,investment income surcharge,投資所得附加稅,投资收入附加税,https://terms.naer.edu.tw/
5748,investment intention,投資意向,投资意向,https://terms.naer.edu.tw/
5749,investment interest,投資收益,投资权益,https://terms.naer.edu.tw/
5750,investment multiplier,投資乘數,投资乘数,https://terms.naer.edu.tw/
5751,investment of sinking fund,償債基金投資,偿债基金投资,https://terms.naer.edu.tw/
5752,"investment opportunity schedule, IOS",投資機會表,,https://terms.naer.edu.tw/
5753,investment premium,投資溢價,投资溢价,https://terms.naer.edu.tw/
5754,investment project proposal comparison approach,投資專案計畫比較法,投资方案比较法,https://terms.naer.edu.tw/
5755,investment restriction,投資管制,投资限制,https://terms.naer.edu.tw/
5756,investment return,投資報酬,投资回报,https://terms.naer.edu.tw/
5757,investment risk,投資風險,投资风险,https://terms.naer.edu.tw/
5758,investment tax credit,投資抵減,投资减税额,https://terms.naer.edu.tw/
5759,investment timing option,投資時點選擇權,,https://terms.naer.edu.tw/
5760,investment trust,投資信託,投资信托,https://terms.naer.edu.tw/
5761,investment turnover,投資周轉,投资周转,https://terms.naer.edu.tw/
5762,investment-grade bonds,投資等級債券,,https://terms.naer.edu.tw/
5763,invisible balance,無形貿易差額,无形贸易差额,https://terms.naer.edu.tw/
5764,Invisible college,無形學院,看不见的学院,https://terms.naer.edu.tw/
5765,invisible hand,市場力量{看不見的手},,https://terms.naer.edu.tw/
5766,invisible trade,無形貿易,无形贸易,https://terms.naer.edu.tw/
5767,invitation to bid,招標,招标,https://terms.naer.edu.tw/
5768,invoice price,發票價格,,https://terms.naer.edu.tw/
5769,involuntary separation,非自願離職,被动离职,https://terms.naer.edu.tw/
5770,involuntary trust,強制信託,强制信托,https://terms.naer.edu.tw/
5771,involvement,涉入,,https://terms.naer.edu.tw/
5772,involvement of people,全員參與,全员参与,https://terms.naer.edu.tw/
5773,Involvment Theory,涉入理論,涉入理论,https://terms.naer.edu.tw/
5774,inward arbitrage,對內套利,买进本国货币的套汇,https://terms.naer.edu.tw/
5775,inward manifest,進口艙單,进口货单,https://terms.naer.edu.tw/
5776,inward remittance,匯入匯款,汇入款,https://terms.naer.edu.tw/
5777,IP bank,智財銀行,,https://terms.naer.edu.tw/
5778,IPO premium,首次公開發行溢價,首次公开发行溢价,https://terms.naer.edu.tw/
5779,irrational appeal,非理性訴求,,https://terms.naer.edu.tw/
5780,irredeemable bond,不能提前贖回的債券,不兑换债券,https://terms.naer.edu.tw/
5781,irredeemable bond,不能提前贖回的債券,不能提前赎回的债券,https://terms.naer.edu.tw/
5782,irregular demand,不規則需求,,https://terms.naer.edu.tw/
5783,irreversible investment,不可逆投資,,https://terms.naer.edu.tw/
5784,irrevocable acceptance,不可撤銷承兌,不可撤销的承兑,https://terms.naer.edu.tw/
5785,irrevocable and confirmed credit,不可撤銷保兌信用狀,不可撤销保兑信用证,https://terms.naer.edu.tw/
5786,irrevocable assignment,不可撤銷轉讓,不可撤销的转让,https://terms.naer.edu.tw/
5787,irrevocable commitments to disburse,不可撤銷支付承諾,承诺不可撤销的拨付额,https://terms.naer.edu.tw/
5788,irrevocable documentary acceptance credit,不可撤銷承兌跟單信用狀,不可撤销承兑跟单信用证,https://terms.naer.edu.tw/
5789,irrevocable documentary credit,不可撤銷跟單信用狀,不可撤销的跟单信用证,https://terms.naer.edu.tw/
5790,irrevocable letter of advice,不可撤銷跟單匯票通知書,不可撤销的跟单汇票通知书,https://terms.naer.edu.tw/
5791,irrevocable letter of credit{=L/C},不可撤銷信用狀,不可撤销的信用证,https://terms.naer.edu.tw/
5792,irrevocable promissory note,不可撤銷期票,不可撤销的期票,https://terms.naer.edu.tw/
5793,irrevocable trust,不可撤銷信託,不可撤销信托,https://terms.naer.edu.tw/
5794,islands of automation　,自動化島嶼；自動化孤島,,https://terms.naer.edu.tw/
5795,ISO 14000　,ISO 14000 標準,,https://terms.naer.edu.tw/
5796,ISO 9000,國際標準組織9000規定,,https://terms.naer.edu.tw/
5797,isolated lot,孤立批,孤立批,https://terms.naer.edu.tw/
5798,isolating mechanisms,隔離機制,,https://terms.naer.edu.tw/
5799,Isolation,孤立性,孤立性,https://terms.naer.edu.tw/
5800,isolation effect,隔離效應,隔离效应,https://terms.naer.edu.tw/
5801,isomorphism,同形化,,https://terms.naer.edu.tw/
5802,issue cost,發行成本,发行成本,https://terms.naer.edu.tw/
5803,issuing bank,開狀銀行,信用证开证银行；发行银行,https://terms.naer.edu.tw/
5804,item master file,物品主檔,物品主文件,https://terms.naer.edu.tw/
5805,item record,物品記錄,物品记录,https://terms.naer.edu.tw/
5806,item response theory,專案反應理論,项目反应理论,https://terms.naer.edu.tw/
5807,Ito's lemma,伊藤定理,伊藤定理,https://terms.naer.edu.tw/
5808,Japan Association for the Promotion of International Trade {=JAPIT},日本國際貿易促進協會,日本国际贸易促进协会,https://terms.naer.edu.tw/
5809,Japan Development Bank,日本開發銀行,日本开发银行,https://terms.naer.edu.tw/
5810,Japan Export-Import Bank,日本進出口銀行,日本进出口银行,https://terms.naer.edu.tw/
5811,Japan Tokyo Stock Exchange,日本東京證券交易所,日本京股票交易所,https://terms.naer.edu.tw/
5812,Japanese yen,日圓；日幣,日元,https://terms.naer.edu.tw/
5813,Java,爪哇語言,,https://terms.naer.edu.tw/
5814,jig　,治具,,https://terms.naer.edu.tw/
5815,job analysis,工作分析,职位分析,https://terms.naer.edu.tw/
5816,job analysis,工作分析,,https://terms.naer.edu.tw/
5817,job attitude,工作態度,工作态度,https://terms.naer.edu.tw/
5818,job characteristics model{=JCM},工作特性模式；工作特性模型,,https://terms.naer.edu.tw/
5819,job characteristics theory,工作特性理論,,https://terms.naer.edu.tw/
5820,job classification,工作分類,职位分类,https://terms.naer.edu.tw/
5821,job classification method,工作分類法,工作分类法,https://terms.naer.edu.tw/
5822,job classification system,工作分類系統；工作分類制度,职位分类系统,https://terms.naer.edu.tw/
5823,job cluster,工作職類；工作分群,职位群,https://terms.naer.edu.tw/
5824,job condition,工作情況；工作條件,,https://terms.naer.edu.tw/
5825,job council,工作理事會,,https://terms.naer.edu.tw/
5826,job depth,工作深度,工作深度,https://terms.naer.edu.tw/
5827,job description,工作說明書,职位描述,https://terms.naer.edu.tw/
5828,job description,工作說明書,,https://terms.naer.edu.tw/
5829,job design,工作設計,职位设计,https://terms.naer.edu.tw/
5830,job diagnostic survey,工作診斷調查表,,https://terms.naer.edu.tw/
5831,job enlargement,工作擴大化,工作扩大化,https://terms.naer.edu.tw/
5832,job enlargement,工作擴大化,,https://terms.naer.edu.tw/
5833,job enrichment,工作豐富化,工作丰富化,https://terms.naer.edu.tw/
5834,job enrichment,工作豐富化,,https://terms.naer.edu.tw/
5835,job evaluation,工作評價,工作评价,https://terms.naer.edu.tw/
5836,job evaluation,工作評價,,https://terms.naer.edu.tw/
5837,job factor,工作要素,职位要素,https://terms.naer.edu.tw/
5838,job factor,工作要素,,https://terms.naer.edu.tw/
5839,job family,工作職系；工作族類,职位族,https://terms.naer.edu.tw/
5840,job grade,工作職等,工作等级,https://terms.naer.edu.tw/
5841,job identity,工作認定,工作认定,https://terms.naer.edu.tw/
5842,job insecurity,工作不安全感,工作不安全感,https://terms.naer.edu.tw/
5843,job instruction training,工作指導訓練；工作教導訓練,工作指导培训,https://terms.naer.edu.tw/
5844,job involvement,工作投入；工作涉入,工作卷入,https://terms.naer.edu.tw/
5845,job knowledge test,工作知識測驗,业务知识测试,https://terms.naer.edu.tw/
5846,job knowledge test,工作知識測驗,,https://terms.naer.edu.tw/
5847,job method,工作改善法,,https://terms.naer.edu.tw/
5848,job morale,工作士氣,工作士气,https://terms.naer.edu.tw/
5849,job morale,工作士氣,,https://terms.naer.edu.tw/
5850,job orientation,職前訓練,入职前培训,https://terms.naer.edu.tw/
5851,job perception,工作知覺,工作知觉,https://terms.naer.edu.tw/
5852,job perception,工作知覺,,https://terms.naer.edu.tw/
5853,job posting,職缺公佈,工作张榜,https://terms.naer.edu.tw/
5854,job ranking system,工作排序系統；工作排序制度,职位排序系统,https://terms.naer.edu.tw/
5855,job redesign,工作再設計,工作再设计,https://terms.naer.edu.tw/
5856,job relations,工作關係,工作关系,https://terms.naer.edu.tw/
5857,job rotation,工作輪調,职位轮换,https://terms.naer.edu.tw/
5858,job rotation,工作輪調,,https://terms.naer.edu.tw/
5859,job routinization,工作例行化,职位程序化,https://terms.naer.edu.tw/
5860,job satisfaction,工作滿意度；工作滿足,,https://terms.naer.edu.tw/
5861,job satisfaction survey,工作滿意度調查,工作满意度调查,https://terms.naer.edu.tw/
5862,job scope,工作範圍,工作范围,https://terms.naer.edu.tw/
5863,job sharing,工作分擔,,https://terms.naer.edu.tw/
5864,job shop　,訂單式工廠,,https://terms.naer.edu.tw/
5865,job shop layout,工作站式佈置,按功能布置,https://terms.naer.edu.tw/
5866,job shop production,訂單式生產,,https://terms.naer.edu.tw/
5867,job shop scheduling,零工式排程,单件作业排程,https://terms.naer.edu.tw/
5868,job simplification,工作簡化,工作简化,https://terms.naer.edu.tw/
5869,job simulation,工作模擬,,https://terms.naer.edu.tw/
5870,job skills test,工作技能測驗,工作技能测验,https://terms.naer.edu.tw/
5871,job skills test,工作技能測驗,,https://terms.naer.edu.tw/
5872,job specification,工作規範；工作規格,,https://terms.naer.edu.tw/
5873,job specifications,工作規範[表],工作任职要求,https://terms.naer.edu.tw/
5874,job structure,工作結構,工作结构,https://terms.naer.edu.tw/
5875,job subfactors,工作子要素,工作次级要素,https://terms.naer.edu.tw/
5876,job training partnership act,工作訓練夥伴法案,职业培训协作法案,https://terms.naer.edu.tw/
5877,job-centered,以工作中心的,,https://terms.naer.edu.tw/
5878,job-point accrual model,工作積分累計模式；工作積分累計模型,职位积分累计模型,https://terms.naer.edu.tw/
5879,jobber,切貨商,,https://terms.naer.edu.tw/
5880,Johari Window,周哈裡窗,乔哈里窗,https://terms.naer.edu.tw/
5881,Johnson's rule,詹森法則,约翰逊法则,https://terms.naer.edu.tw/
5882,joint acceptor,共同承兌人,共同承兑人,https://terms.naer.edu.tw/
5883,joint account {=JA},共同帳戶；聯合帳戶,共同账户；联合账户,https://terms.naer.edu.tw/
5884,joint agreement,聯合協定,共同协议,https://terms.naer.edu.tw/
5885,joint and several liability,連帶責任,连带责任,https://terms.naer.edu.tw/
5886,Joint application design (JAD),聯合應用設計,,https://terms.naer.edu.tw/
5887,joint arbitral clause,聯合仲裁條款,联合仲裁条款,https://terms.naer.edu.tw/
5888,joint audit,聯合稽核,联合审核,https://terms.naer.edu.tw/
5889,Joint Economic Committee,[美國國會]聯合經濟委員會,[美国国会]联合经济委员会,https://terms.naer.edu.tw/
5890,joint endorsement,共同背書,联合背书,https://terms.naer.edu.tw/
5891,Joint Export and Import Agency,[英國]進出口聯合代辦處,进出口联合代办处,https://terms.naer.edu.tw/
5892,joint management,共同管理,联结管理,https://terms.naer.edu.tw/
5893,joint order,聯合訂貨,联合订货,https://terms.naer.edu.tw/
5894,joint promotions,聯合推廣,联合促销,https://terms.naer.edu.tw/
5895,joint replenishment system,聯合補貨系統,联合补货系统,https://terms.naer.edu.tw/
5896,joint venture,合資,,https://terms.naer.edu.tw/
5897,joint venture co-branding,合資共同品牌,,https://terms.naer.edu.tw/
5898,joint venture diffusion model,合資企業擴散模式,合资扩散模式,https://terms.naer.edu.tw/
5899,joint-stock bank,合資銀行,合股银行,https://terms.naer.edu.tw/
5900,joint-stock company,合資公司,股份公司,https://terms.naer.edu.tw/
5901,joint-stock company limited,合資股份有限公司,股份有限公司,https://terms.naer.edu.tw/
5902,Joseph Alois Schumpeter,熊彼得,熊彼特,https://terms.naer.edu.tw/
5903,journal,日記帳；期刊,,https://terms.naer.edu.tw/
5904,judgment sample,判斷樣本,,https://terms.naer.edu.tw/
5905,judgment sampling,判斷抽樣法,,https://terms.naer.edu.tw/
5906,judicial arbitration,法院仲裁,法院仲裁,https://terms.naer.edu.tw/
5907,judicial person,法人,法人,https://terms.naer.edu.tw/
5908,judo economics,以小搏大策略,,https://terms.naer.edu.tw/
5909,junior board of director,資淺董事會,,https://terms.naer.edu.tw/
5910,junk bond,垃圾債券,,https://terms.naer.edu.tw/
5911,just-in-time {=JIT},及時,准时生产,https://terms.naer.edu.tw/
5912,just-in-time {=JIT} production system,及時生產系統,,https://terms.naer.edu.tw/
5913,justice view of ethics,倫理的正義觀,,https://terms.naer.edu.tw/
5914,Kaizen,改善,,https://terms.naer.edu.tw/
5915,kanban,看板,看板,https://terms.naer.edu.tw/
5916,kanban,看板,,https://terms.naer.edu.tw/
5917,kanban control system,看板控制系統,看板控制系统,https://terms.naer.edu.tw/
5918,kanban system　,看板系統,看板控制系统,https://terms.naer.edu.tw/
5919,karoshi,過勞死,,https://terms.naer.edu.tw/
5920,Kennedy Round,甘迺迪回合談判,肯尼迪回合,https://terms.naer.edu.tw/
5921,kerb broker,場外證券經紀人,场外证券经纪人,https://terms.naer.edu.tw/
5922,kerb stone broker,場外經紀人,场外经纪人,https://terms.naer.edu.tw/
5923,kerb trading,場外交易,场外证券买卖,https://terms.naer.edu.tw/
5924,kernel estimation,核估計,核估计,https://terms.naer.edu.tw/
5925,Key,鍵,,https://terms.naer.edu.tw/
5926,key account,重要客戶,,https://terms.naer.edu.tw/
5927,key characteristic,關鍵特性,关键特性,https://terms.naer.edu.tw/
5928,key common technology,關鍵共通技術,关键共性技术,https://terms.naer.edu.tw/
5929,key currency,關鍵通貨,关键通货,https://terms.naer.edu.tw/
5930,key International S&T cooperation projects plan,國際科技合作重點計畫(2001),国际科技合作重点项目计划(2001),https://terms.naer.edu.tw/
5931,key job,關鍵工作,关键工作,https://terms.naer.edu.tw/
5932,key jobs,關鍵職位,基准职位,https://terms.naer.edu.tw/
5933,key performance indicator {=KPI},關鍵績效指標,,https://terms.naer.edu.tw/
5934,key principles of quality management,品質管理基本原則,质量管理基本原则,https://terms.naer.edu.tw/
5935,key success factor analysis,關鍵成功因素分析,,https://terms.naer.edu.tw/
5936,key success factors,關鍵成功因素,,https://terms.naer.edu.tw/
5937,key success factors (KSF),關鍵成功因素,,https://terms.naer.edu.tw/
5938,key success factors (KSF),關鍵成功因素,关键成功因素,https://terms.naer.edu.tw/
5939,key survival factors,關鍵存活因素,,https://terms.naer.edu.tw/
5940,key technology,關鍵技術,关键技术,https://terms.naer.edu.tw/
5941,Keynes law of consumption,凱因斯消費法則,凯恩斯消费规律,https://terms.naer.edu.tw/
5942,Keynes Plan,凱因斯計畫,凯恩斯计划,https://terms.naer.edu.tw/
5943,Keynesian effect,凱因斯效應,凯恩斯效应,https://terms.naer.edu.tw/
5944,Keyword,關鍵字,关键词,https://terms.naer.edu.tw/
5945,keyword marketing,關鍵字行銷,,https://terms.naer.edu.tw/
5946,Keyword method,關鍵字法,关键词法,https://terms.naer.edu.tw/
5947,kickback,回扣,回扣,https://terms.naer.edu.tw/
5948,Kilobyte (KB),千位元組,,https://terms.naer.edu.tw/
5949,kiosk marketing,亭式行銷,,https://terms.naer.edu.tw/
5950,Kirkpatrick's four-level model of evaluation,科式訓練成效評估模式；科式訓練成效評估模型,科氏培训效能评价模型,https://terms.naer.edu.tw/
5951,kite bill,空頭票據,空头票据,https://terms.naer.edu.tw/
5952,kiting cheque,空頭支票,空头支票,https://terms.naer.edu.tw/
5953,KJ method,KJ法,,https://terms.naer.edu.tw/
5954,knock-down export,拆散式輸出,散装出口,https://terms.naer.edu.tw/
5955,knock-down import,拆散式輸入,[机器等]拆散进口,https://terms.naer.edu.tw/
5956,knockoff brand,仿冒品牌；山寨品牌,,https://terms.naer.edu.tw/
5957,Know-how,技能知識,技能知识,https://terms.naer.edu.tw/
5958,Know-what,事實知識,事实知识,https://terms.naer.edu.tw/
5959,Know-who,人力知識,人力知识,https://terms.naer.edu.tw/
5960,Know-why,原理知識,原理知识,https://terms.naer.edu.tw/
5961,Knowledge,知識,知识,https://terms.naer.edu.tw/
5962,Knowledge absorption,知識吸收,知识吸收,https://terms.naer.edu.tw/
5963,Knowledge accumulation,知識積累,知识积累,https://terms.naer.edu.tw/
5964,Knowledge acquisition,知識獲取,知识获取,https://terms.naer.edu.tw/
5965,knowledge alliance,知識聯盟,知识联盟,https://terms.naer.edu.tw/
5966,Knowledge analysist,知識分析師,知识分析师,https://terms.naer.edu.tw/
5967,Knowledge architecture,知識架構,知识架构,https://terms.naer.edu.tw/
5968,Knowledge assets,知識資產,知识资产,https://terms.naer.edu.tw/
5969,Knowledge base,知識庫,知识库,https://terms.naer.edu.tw/
5970,knowledge capital,知識資本,知识资本运营,https://terms.naer.edu.tw/
5971,Knowledge capitalization,知識資本化,知识资本化,https://terms.naer.edu.tw/
5972,knowledge combination,知識結合,,https://terms.naer.edu.tw/
5973,Knowledge communication,知識交流,知识交流,https://terms.naer.edu.tw/
5974,Knowledge communication platform,知識交流平臺,知识交流平台,https://terms.naer.edu.tw/
5975,Knowledge community,知識社群,知识社群,https://terms.naer.edu.tw/
5976,knowledge creation,知識創造,知识创造,https://terms.naer.edu.tw/
5977,Knowledge cycle,知識循環,知识循环,https://terms.naer.edu.tw/
5978,Knowledge demand model,知識需求模型,知识需求模型,https://terms.naer.edu.tw/
5979,Knowledge diffusion,知識擴散,知识扩散,https://terms.naer.edu.tw/
5980,Knowledge discovery,知識發掘,知识发掘,https://terms.naer.edu.tw/
5981,Knowledge discovery in database {=KDD},資料庫知識發掘,知识发掘,https://terms.naer.edu.tw/
5982,knowledge economy,知識經濟,,https://terms.naer.edu.tw/
5983,Knowledge ecosystem,知識生態系統,知识生态系统,https://terms.naer.edu.tw/
5984,knowledge embeddedness,知識鑲嵌,,https://terms.naer.edu.tw/
5985,Knowledge evaluation,知識評估,知识评价,https://terms.naer.edu.tw/
5986,knowledge externalization,知識外化,,https://terms.naer.edu.tw/
5987,Knowledge flow,知識流,知识流,https://terms.naer.edu.tw/
5988,Knowledge gathering,知識採集,知识采集,https://terms.naer.edu.tw/
5989,Knowledge increment,知識增值,知识增值,https://terms.naer.edu.tw/
5990,knowledge innovation,知識創新,知识创新,https://terms.naer.edu.tw/
5991,knowledge innovation capability,知識創新能力,知识创新能力,https://terms.naer.edu.tw/
5992,knowledge innovation project {=KIP},知識創新工程(1998),知识创新工程(1998),https://terms.naer.edu.tw/
5993,Knowledge integration platform,知識整合平台,知识集成平台,https://terms.naer.edu.tw/
5994,knowledge intensive business service (KIBS),知識密集服務業,知识密集型服务业,https://terms.naer.edu.tw/
5995,knowledge intensive industry,知識密集產業,知识密集型产业,https://terms.naer.edu.tw/
5996,knowledge internalization,知識內化,,https://terms.naer.edu.tw/
5997,knowledge management {=KM},知識管理,知识管理,https://terms.naer.edu.tw/
5998,Knowledge management architecture,知識管理體系,知识管理体系,https://terms.naer.edu.tw/
5999,Knowledge management maturity,知識管理成熟度,知识管理成熟度,https://terms.naer.edu.tw/
6000,Knowledge management strategy,知識管理策略,知识管理战略,https://terms.naer.edu.tw/
6001,Knowledge management system {=KMS},知識管理系統,知识管理系统,https://terms.naer.edu.tw/
6002,Knowledge management tactics,知識管理策略,知识管理策略,https://terms.naer.edu.tw/
6003,knowledge map,知識地圖,知识地图,https://terms.naer.edu.tw/
6004,Knowledge network,知識網路,知识网络,https://terms.naer.edu.tw/
6005,Knowledge operation,知識運作,知识经营,https://terms.naer.edu.tw/
6006,Knowledge organization,知識組織,知识组织,https://terms.naer.edu.tw/
6007,Knowledge Organization Systems (KOS),知識組織系統,知识组织系统,https://terms.naer.edu.tw/
6008,knowledge pay system,知識論薪制度,,https://terms.naer.edu.tw/
6009,Knowledge portal,知識入口,知识门户,https://terms.naer.edu.tw/
6010,Knowledge product,知識產品,知识产品,https://terms.naer.edu.tw/
6011,Knowledge protection,知識保護,知识保护,https://terms.naer.edu.tw/
6012,Knowledge provider,知識供應者,知识供应者,https://terms.naer.edu.tw/
6013,knowledge relatedness,知識關聯性,知识相关,https://terms.naer.edu.tw/
6014,Knowledge representation,知識表達,知识表示,https://terms.naer.edu.tw/
6015,Knowledge resource,知識資源,知识资源,https://terms.naer.edu.tw/
6016,Knowledge retrieval,知識檢索,知识检索,https://terms.naer.edu.tw/
6017,Knowledge reuse,知識重用,知识重用,https://terms.naer.edu.tw/
6018,Knowledge search,知識檢索,知识检索,https://terms.naer.edu.tw/
6019,Knowledge Self-Efficacy,知識自我效能,知识自我效能,https://terms.naer.edu.tw/
6020,Knowledge service,知識服務,知识服务,https://terms.naer.edu.tw/
6021,Knowledge service platform,知識服務平臺,知识服务平台,https://terms.naer.edu.tw/
6022,knowledge sharing,知識分享,知识共享,https://terms.naer.edu.tw/
6023,Knowledge sharing platform,知識分享平台,知识共享平台,https://terms.naer.edu.tw/
6024,knowledge socilization,知識社會化；共同化,,https://terms.naer.edu.tw/
6025,knowledge spiral,知識螺旋,,https://terms.naer.edu.tw/
6026,Knowledge stocks,知識存量,知识存量,https://terms.naer.edu.tw/
6027,knowledge storage,知識儲存,知识存储,https://terms.naer.edu.tw/
6028,Knowledge supply chain,知識供應鏈,知识供应链,https://terms.naer.edu.tw/
6029,Knowledge system,知識系統,知识系统,https://terms.naer.edu.tw/
6030,Knowledge systems engineering,知識系統工程,知识系统工程,https://terms.naer.edu.tw/
6031,Knowledge transfer,知識轉移,知识转移,https://terms.naer.edu.tw/
6032,Knowledge transformation,知識轉化,知识转化,https://terms.naer.edu.tw/
6033,Knowledge use,知識使用,知识使用,https://terms.naer.edu.tw/
6034,knowledge worker,知識工作者,,https://terms.naer.edu.tw/
6035,knowledge-based competition,知識基礎的競爭,,https://terms.naer.edu.tw/
6036,knowledge-based core competence,知識基礎的核心能耐,知识型企业核心能力,https://terms.naer.edu.tw/
6037,Knowledge-based organization,知識型組織,知识型组织,https://terms.naer.edu.tw/
6038,knowledge-based pay system,知識基礎薪資系統；知識基礎薪資制度,知识工资制度,https://terms.naer.edu.tw/
6039,knowledge-based trust,知識基礎的信任,,https://terms.naer.edu.tw/
6040,knowledge-based view,知識基礎觀點,知识型企业的观点,https://terms.naer.edu.tw/
6041,Knowledge-intensive service,知識密集型服務,知识密集型服务,https://terms.naer.edu.tw/
6042,Kondratieff cycle,康迪耶夫經濟迴圈週期,康德拉杰耶夫周期；长周期；长波,https://terms.naer.edu.tw/
6043,Korea composite stock price Index,韓國綜合股價指數,韩国综合指数,https://terms.naer.edu.tw/
6044,Kotter change model,柯特變革模式；柯特變革模型,科特变革模型,https://terms.naer.edu.tw/
6045,Krumboltz sociological theory of career,庫氏職涯選擇社會學理論,库氏生涯决定社会学论,https://terms.naer.edu.tw/
6046,Kuala Lumpur stock Index,馬來西亞吉隆坡股價指數,马来西亚吉隆坡指数,https://terms.naer.edu.tw/
6047,Kuder occupational interest survey,庫德職業興趣量表,库德职业兴趣量表,https://terms.naer.edu.tw/
6048,Kyoto Convention (=International Convention on the Simplification and Harmonization of Customs Procedures),簡化和協調海關業務制度國際公約,关于简化及调和海关手续的国际公约,https://terms.naer.edu.tw/
6049,labor contract,勞動契約；勞動合同,,https://terms.naer.edu.tw/
6050,labor cost,勞動成本,劳动力成本,https://terms.naer.edu.tw/
6051,labor cost,勞動成本,,https://terms.naer.edu.tw/
6052,labor discipline,勞動紀律；勞工紀律,劳动纪律,https://terms.naer.edu.tw/
6053,labor discrimination,勞動岐視；勞工岐視,劳动歧视,https://terms.naer.edu.tw/
6054,labor disputes,勞動爭議；勞工爭議,劳动纠纷,https://terms.naer.edu.tw/
6055,labor hour,人工小時,工时,https://terms.naer.edu.tw/
6056,labor insurance,勞動保險；勞工保險,劳动保险,https://terms.naer.edu.tw/
6057,labor intensive industry,勞力密集產業,劳动密集型产业；夕陽產業/傳統產業,https://terms.naer.edu.tw/
6058,labor law,勞動法,劳动法,https://terms.naer.edu.tw/
6059,labor law,勞動法,,https://terms.naer.edu.tw/
6060,labor management,勞動管理；勞工管理,劳动管理,https://terms.naer.edu.tw/
6061,labor management relations,勞動關係；勞工關係；勞資關係,劳动关系；劳工关系；劳资关系,https://terms.naer.edu.tw/
6062,labor quota,勞動配額,劳动定额,https://terms.naer.edu.tw/
6063,labor relation consultant,勞工關係顧問,劳动关系顾问,https://terms.naer.edu.tw/
6064,labor relations,勞動關係；勞工關係；勞資關係,劳动关系；劳工关系；劳资关系,https://terms.naer.edu.tw/
6065,labor standard,人工標準；勞動標準,人工标准；劳动标准,https://terms.naer.edu.tw/
6066,labor supervision and inspection,勞動監督與檢查,劳动监督检查,https://terms.naer.edu.tw/
6067,labor supervisor,勞動督導員,劳动监察员,https://terms.naer.edu.tw/
6068,labor turnover,勞工流動,劳动力流动,https://terms.naer.edu.tw/
6069,labor union,工會,工会,https://terms.naer.edu.tw/
6070,labor union,工會,,https://terms.naer.edu.tw/
6071,laboratory accreditation,實驗室認可,实验室认可,https://terms.naer.edu.tw/
6072,laboratory experiment,實驗室實驗法,,https://terms.naer.edu.tw/
6073,laboratory tests,實驗室測試,,https://terms.naer.edu.tw/
6074,labour intensive industry,勞力密集產業,劳动密集型产业,https://terms.naer.edu.tw/
6075,labour intensive product,勞力密集產品,劳动密集型产品,https://terms.naer.edu.tw/
6076,lag pay level policy,落後薪資水準政策；隨位薪資水準政策,滞后工资水平政策,https://terms.naer.edu.tw/
6077,laggard,落後者,,https://terms.naer.edu.tw/
6078,laggards,落後者,,https://terms.naer.edu.tw/
6079,laissez-faire,放任式,,https://terms.naer.edu.tw/
6080,Laissez-faire style of leadership,放任式領導類型,,https://terms.naer.edu.tw/
6081,land borne trade,陸上貿易,陆上贸易,https://terms.naer.edu.tw/
6082,land intensive industry,土地密集產業,土地密集型产业,https://terms.naer.edu.tw/
6083,land intensive product,土地密集產品,土地密集型产品,https://terms.naer.edu.tw/
6084,land quarantine,陸上檢疫,陆上检疫,https://terms.naer.edu.tw/
6085,land waiter,海關檢查人員,海关检查人员,https://terms.naer.edu.tw/
6086,landed cost,到岸成本,抵岸成本,https://terms.naer.edu.tw/
6087,landed cost price,到岸價格,,https://terms.naer.edu.tw/
6088,landed price,到岸價格,卸货价格；抵岸价格,https://terms.naer.edu.tw/
6089,landscape,競爭生態,,https://terms.naer.edu.tw/
6090,Laplace criterion,拉普拉斯準則,,https://terms.naer.edu.tw/
6091,last come first served (LCFS),後到先服務規則,后到先服务规则,https://terms.naer.edu.tw/
6092,last endorser,最後背書人,最后背书人,https://terms.naer.edu.tw/
6093,last price method,最終價格法,最终价格法,https://terms.naer.edu.tw/
6094,late acceptance,遲延接受報價,延迟接受报盘,https://terms.naer.edu.tw/
6095,late delivery,遲延交貨,延期交货,https://terms.naer.edu.tw/
6096,late majority,晚期大眾,,https://terms.naer.edu.tw/
6097,late mover,後進者,后期行动者,https://terms.naer.edu.tw/
6098,late mover,後進者,,https://terms.naer.edu.tw/
6099,late shipment,遲延裝運,延期装运,https://terms.naer.edu.tw/
6100,latent demand,潛在需求,,https://terms.naer.edu.tw/
6101,latent market,潛在市場,,https://terms.naer.edu.tw/
6102,later growth stage,後期成長階段,,https://terms.naer.edu.tw/
6103,lateral communication,橫向溝通；平行溝通,,https://terms.naer.edu.tw/
6104,lateral diversification,橫向多角化；水平多角化,,https://terms.naer.edu.tw/
6105,lateral marketing,橫向行銷；水平行銷,,https://terms.naer.edu.tw/
6106,lateral skill path,橫向技能路徑；水準技能路徑,横向技能路径；水平技能路径,https://terms.naer.edu.tw/
6107,Latin American Common Market,拉丁美洲共同市場,拉美共同市场,https://terms.naer.edu.tw/
6108,Latin American Economic System,拉丁美洲經濟體系,拉丁美洲经济体系,https://terms.naer.edu.tw/
6109,Latin American Free Trade Market,拉丁美洲自由貿易市場,拉丁美洲自由贸易市场,https://terms.naer.edu.tw/
6110,law merchant,商事法；商法,商法；商业习惯法,https://terms.naer.edu.tw/
6111,law of effect,效果律,效果律,https://terms.naer.edu.tw/
6112,law of international bill,國際票據法,国际票据法,https://terms.naer.edu.tw/
6113,law of international trade,國際商法；國際貿易法,国际商法,https://terms.naer.edu.tw/
6114,Law of literature citation,文獻引用規律,文献引用规律,https://terms.naer.edu.tw/
6115,law of one price,單一價格法則,一价定律,https://terms.naer.edu.tw/
6116,law of science and technology progress,科技進步法,科技进步法,https://terms.naer.edu.tw/
6117,layoff,裁員；解聘,,https://terms.naer.edu.tw/
6118,layoff-survivor sickness,裁員倖存者病症,,https://terms.naer.edu.tw/
6119,layout,佈置,,https://terms.naer.edu.tw/
6120,layout,佈置,布置,https://terms.naer.edu.tw/
6121,layout strategy,佈置策略,布置策略,https://terms.naer.edu.tw/
6122,lead bank,主辦銀行,牵头银行,https://terms.naer.edu.tw/
6123,lead insurance company,主辦保險公司,牵头保险公司,https://terms.naer.edu.tw/
6124,lead market,領先市場,领先市场,https://terms.naer.edu.tw/
6125,lead pay level policy,領先薪資水準政策,领先工资水平政策,https://terms.naer.edu.tw/
6126,lead time,前置時間,提前期,https://terms.naer.edu.tw/
6127,lead time,前置時間,,https://terms.naer.edu.tw/
6128,lead user,領先使用者,领先用户,https://terms.naer.edu.tw/
6129,lead-time inventory,前置期存貨,提前期内库存,https://terms.naer.edu.tw/
6130,lead-time offset,前置期沖銷,提前期偏移；提前期逆推,https://terms.naer.edu.tw/
6131,leader,領導者,,https://terms.naer.edu.tw/
6132,leader behavior assessment,領導行為評鑒,领导行为评价,https://terms.naer.edu.tw/
6133,leader behavior description questionnaire{=LBDQ},領導者行為描述問卷；領導者行為說明問卷,,https://terms.naer.edu.tw/
6134,leader match training,領導者匹配訓練,领导者匹配训练,https://terms.naer.edu.tw/
6135,leader pricing,領袖定價法,,https://terms.naer.edu.tw/
6136,leader-member exchange theory {=LMX},領導者-成員交換理論,,https://terms.naer.edu.tw/
6137,leader-member relations,領導者與部屬的關係,上下级关系,https://terms.naer.edu.tw/
6138,leader-participation model,領導者參與模式,,https://terms.naer.edu.tw/
6139,leaderless group discussion,無領導的群體討論,无领导小组讨论,https://terms.naer.edu.tw/
6140,leadership,領導,领导作用,https://terms.naer.edu.tw/
6141,leadership competence,領導能力,领导力,https://terms.naer.edu.tw/
6142,leadership effectiveness,領導效能,,https://terms.naer.edu.tw/
6143,leadership life-cycle theory,領導生命週期理論,领导生命周期理论,https://terms.naer.edu.tw/
6144,leadership style,領導者風格,,https://terms.naer.edu.tw/
6145,leadership style theory,領導型態理論,,https://terms.naer.edu.tw/
6146,leadership substitute,領導替代,领导替代,https://terms.naer.edu.tw/
6147,leadership theory,領導理論,领导理论,https://terms.naer.edu.tw/
6148,leadership training,領導訓練,,https://terms.naer.edu.tw/
6149,leadership trait theory,領導特質理論,领导特质理论,https://terms.naer.edu.tw/
6150,lean management,精實管理,,https://terms.naer.edu.tw/
6151,lean manufacturing,精實製造,,https://terms.naer.edu.tw/
6152,lean manufacturing,精實製造,,https://terms.naer.edu.tw/
6153,lean production　,精實生產；精簡生產,精细生产；精益生产,https://terms.naer.edu.tw/
6154,lean R&D,精實研發,精益研发,https://terms.naer.edu.tw/
6155,leapfrogging competition,跳蛙式競爭,,https://terms.naer.edu.tw/
6156,learning by doing,做中學,,https://terms.naer.edu.tw/
6157,learning by doing,做中學,干中学,https://terms.naer.edu.tw/
6158,learning by using,用中學,用中学,https://terms.naer.edu.tw/
6159,learning curve,學習曲線,,https://terms.naer.edu.tw/
6160,learning economy,學習型經濟,学习型经济,https://terms.naer.edu.tw/
6161,learning level,學習層次,学习层次,https://terms.naer.edu.tw/
6162,learning loop model,學習回路模型,学习循环模型,https://terms.naer.edu.tw/
6163,learning option,學習型選擇權,学习型期权,https://terms.naer.edu.tw/
6164,learning organization,學習型組織,学习型组织；学习性组织；学习型机构,https://terms.naer.edu.tw/
6165,learning tests,學習測試,,https://terms.naer.edu.tw/
6166,learning-goal orientation,學習目標導向,学习目标导向,https://terms.naer.edu.tw/
6167,lease,租賃,,https://terms.naer.edu.tw/
6168,lease broker,租賃經紀人,租赁经纪人,https://terms.naer.edu.tw/
6169,lease contract,租賃契約,租赁合同,https://terms.naer.edu.tw/
6170,lease finance company,租賃財務公司,租赁财务公司,https://terms.naer.edu.tw/
6171,lease financing,租賃融資,租赁筹资,https://terms.naer.edu.tw/
6172,leasing,租賃,租赁,https://terms.naer.edu.tw/
6173,leasing asset,租賃資產,租赁资产,https://terms.naer.edu.tw/
6174,leasing company,租賃公司,租赁公司,https://terms.naer.edu.tw/
6175,leasing credit,租賃信貸,租赁信贷,https://terms.naer.edu.tw/
6176,leasing industry,租賃業,租赁业,https://terms.naer.edu.tw/
6177,leasing market,租賃市場,租赁市场,https://terms.naer.edu.tw/
6178,Least Preferred Coworker (LPC) scale,最不受歡迎同事量表；LPC量表,最不喜欢同事问卷,https://terms.naer.edu.tw/
6179,least-preferred coworker{=LPC} questionnaire,最不受歡迎同事問卷,,https://terms.naer.edu.tw/
6180,lecture method,講授法,演讲法,https://terms.naer.edu.tw/
6181,ledger,分類帳,,https://terms.naer.edu.tw/
6182,ledger balance,分類帳餘額,分类账余额,https://terms.naer.edu.tw/
6183,left hand-right hand chart,左右手圖；左右手程序圖,,https://terms.naer.edu.tw/
6184,legal arbitration,法律仲裁,法律仲裁,https://terms.naer.edu.tw/
6185,legal authority,法定權威,,https://terms.naer.edu.tw/
6186,legal corporate equity securities,法人股權證券,法人股,https://terms.naer.edu.tw/
6187,legal creditor,法定債權人,法定债权人,https://terms.naer.edu.tw/
6188,legal currency,法定貨幣,法定货币,https://terms.naer.edu.tw/
6189,legal earned surplus reserve,法定盈餘公積準備金,法定营业公积金,https://terms.naer.edu.tw/
6190,legal liquidation,法定清算,法定清算,https://terms.naer.edu.tw/
6191,legal maximum of interest rate,法定最高利率,法定最高利率,https://terms.naer.edu.tw/
6192,legal minimum reserve,法定最低準備金,法定最低准备金,https://terms.naer.edu.tw/
6193,legal quay,保稅碼頭,保税码头,https://terms.naer.edu.tw/
6194,legal reserve ratio,法定存款準備率,法定存款准备率,https://terms.naer.edu.tw/
6195,legally filing award,依法提請仲裁,依法提请仲裁,https://terms.naer.edu.tw/
6196,legitimate political behavior,正當的政治行為,正当的政治行为,https://terms.naer.edu.tw/
6197,legitimate power,合法權；法定權,法定权,https://terms.naer.edu.tw/
6198,Legitimation,合法化,合法化,https://terms.naer.edu.tw/
6199,lender of last resort,最後貸款人,最后贷款人,https://terms.naer.edu.tw/
6200,lending at sight,即期貸款,即期贷款,https://terms.naer.edu.tw/
6201,lending bank,貸款銀行,贷款银行,https://terms.naer.edu.tw/
6202,lending margin,貸款息差,贷款息差,https://terms.naer.edu.tw/
6203,lending portfolio,貸出投資組合,,https://terms.naer.edu.tw/
6204,leniency error,寬鬆誤差,宽大误差,https://terms.naer.edu.tw/
6205,Leontief paradox,里昂鐵夫矛盾,里昂惕夫悖论,https://terms.naer.edu.tw/
6206,less-than-carload cargo,併裝貨物,零担货物,https://terms.naer.edu.tw/
6207,lessee,承租人,,https://terms.naer.edu.tw/
6208,lessor,出租人,,https://terms.naer.edu.tw/
6209,letter of acceptance,承兌函,承兑函；中标通知书,https://terms.naer.edu.tw/
6210,letter of advice,通知書,①发货通知单 ②[汇票、取款、汇款]通知单,https://terms.naer.edu.tw/
6211,letter of authority,授權書,授权书,https://terms.naer.edu.tw/
6212,letter of credit,信用狀,信用证业务,https://terms.naer.edu.tw/
6213,letter of credit {=L/C},信用狀,信用证,https://terms.naer.edu.tw/
6214,letter of credit {=L/C},信用狀,信用证,https://terms.naer.edu.tw/
6215,letter of credit at sight,即期信用狀,即期信用证,https://terms.naer.edu.tw/
6216,letter of credit with red clause,紅邊條款信用狀,红条款信用证,https://terms.naer.edu.tw/
6217,letter of credit with telegraphic transfer clause {=L/C with T/T clause},帶電匯信用狀,带电汇信用证,https://terms.naer.edu.tw/
6218,letter of delegation,代理收款委託書,代理收款委托书,https://terms.naer.edu.tw/
6219,letter of deposit,抵押證書,①存款证书 ②抵押证书,https://terms.naer.edu.tw/
6220,letter of guarantee,銀行擔保書,银行担保书,https://terms.naer.edu.tw/
6221,letter of guarantee {=L/G},保證書,信用保证书,https://terms.naer.edu.tw/
6222,letter of hypothecation,押匯質權書,抵押证书,https://terms.naer.edu.tw/
6223,letter of inquiry,詢價函件,询价函件,https://terms.naer.edu.tw/
6224,letter of intent,意向書,意向书,https://terms.naer.edu.tw/
6225,letter of licence,許可證,①许可证 ②延期索偿同意书,https://terms.naer.edu.tw/
6226,letter of lien,留置權證,留置权证,https://terms.naer.edu.tw/
6227,letter of patent,專利證書,专利证书,https://terms.naer.edu.tw/
6228,letter of proxy,[對代理人的]委託書,[对代理人的]委托书,https://terms.naer.edu.tw/
6229,letter of remittance,匯款書,汇款书,https://terms.naer.edu.tw/
6230,letter of transfer,轉讓書,权利转让证书,https://terms.naer.edu.tw/
6231,letter of trust,信託書,信托书,https://terms.naer.edu.tw/
6232,letter of undertaking,保證書,担保书,https://terms.naer.edu.tw/
6233,level of standardization,標準化水準,标准化水平,https://terms.naer.edu.tw/
6234,level production method,均衡生產法,均衡生产法,https://terms.naer.edu.tw/
6235,level schedule,均衡的作業計劃；平準化排程,均衡的作业计划；平准化作业计划,https://terms.naer.edu.tw/
6236,level-5 leaders,第五級領導者,第五级领导者,https://terms.naer.edu.tw/
6237,leveling,平準化法,平准化法,https://terms.naer.edu.tw/
6238,levels of standard,標準級別,标准级别,https://terms.naer.edu.tw/
6239,levels of strategy,策略層級,,https://terms.naer.edu.tw/
6240,"leveraged buy-out, LBO",融資買進,杠杆收购,https://terms.naer.edu.tw/
6241,leveraged buyout {=LBO},融資買斷,,https://terms.naer.edu.tw/
6242,Lewin's change model,勒溫變革模式；勒溫變革模型,勒温变革模型,https://terms.naer.edu.tw/
6243,lexicographic strategy,词典式策略,词典式策略,https://terms.naer.edu.tw/
6244,liabilities,負債,,https://terms.naer.edu.tw/
6245,liability,負債,,https://terms.naer.edu.tw/
6246,liability business,負債業務,银行负债业务,https://terms.naer.edu.tw/
6247,liability for damage,損害賠償責任,损害赔偿责任,https://terms.naer.edu.tw/
6248,liability management,負債管理,负债管理,https://terms.naer.edu.tw/
6249,liability management theory,負債管理理論,负债管理理论,https://terms.naer.edu.tw/
6250,liaison,聯絡者,,https://terms.naer.edu.tw/
6251,Liberalization of Access to Archives,開放檔案,开放档案,https://terms.naer.edu.tw/
6252,liberalization of capital,資本自由化,资本自由化,https://terms.naer.edu.tw/
6253,liberalization of exchange,外匯自由化,汇兑自由化,https://terms.naer.edu.tw/
6254,liberalization of financial market,金融市場自由化,金融市场自由化,https://terms.naer.edu.tw/
6255,liberalization of import,進口自由化,进口自由化,https://terms.naer.edu.tw/
6256,liberalization of import restriction,解除進口限制,放宽进口限制,https://terms.naer.edu.tw/
6257,liberalization of international trade,國際貿易自由化,国际贸易自由化,https://terms.naer.edu.tw/
6258,liberalization of non-tariff barrier,解除非關稅障礙,放宽非关税壁垒,https://terms.naer.edu.tw/
6259,Library,圖書館,图书馆,https://terms.naer.edu.tw/
6260,Library automation,圖書館自動化,图书馆自动化,https://terms.naer.edu.tw/
6261,Library consortia,圖書館聯盟,图书馆联盟,https://terms.naer.edu.tw/
6262,Library cooperation,圖書館合作,图书馆合作,https://terms.naer.edu.tw/
6263,Library law,圖書館法,图书馆法,https://terms.naer.edu.tw/
6264,Library reader,圖書館讀者,图书馆读者,https://terms.naer.edu.tw/
6265,Library Reference Services,圖書館參考諮詢服務,图书馆参考咨询服务,https://terms.naer.edu.tw/
6266,Library Research,圖書館研究,图书馆研究,https://terms.naer.edu.tw/
6267,Library science,圖書館學,图书馆学,https://terms.naer.edu.tw/
6268,Library Service,圖書館服務,图书馆服务,https://terms.naer.edu.tw/
6269,Library user,圖書館用戶,图书馆用户,https://terms.naer.edu.tw/
6270,licence agreement,許可證協議,许可证协议,https://terms.naer.edu.tw/
6271,license fee,許可證費用,许可证费用,https://terms.naer.edu.tw/
6272,license mode,授權模式,,https://terms.naer.edu.tw/
6273,licensed product,授權產品,,https://terms.naer.edu.tw/
6274,licensee,被授權人,,https://terms.naer.edu.tw/
6275,licensing,授權,,https://terms.naer.edu.tw/
6276,licensing agreement,授權合約,许可证协议,https://terms.naer.edu.tw/
6277,licensing of export,許可出口,出口许可,https://terms.naer.edu.tw/
6278,licensing of import,許可進口,进口许可,https://terms.naer.edu.tw/
6279,licensor,授權人,,https://terms.naer.edu.tw/
6280,lien,留置權,留置权,https://terms.naer.edu.tw/
6281,lien letter,留置權證書,留置权证书,https://terms.naer.edu.tw/
6282,lien on share,股票留置權,股票留置权,https://terms.naer.edu.tw/
6283,life characteristics questionnaire,生活特性問卷,生活特性问卷,https://terms.naer.edu.tw/
6284,life characteristics questionnaire,生活特性問卷,,https://terms.naer.edu.tw/
6285,life cycle,生命週期,,https://terms.naer.edu.tw/
6286,life cycle analysis,生命週期分析,生命周期分析,https://terms.naer.edu.tw/
6287,life cycle analysis,生命週期分析,,https://terms.naer.edu.tw/
6288,life cycle costing (LCC)　,生命週期成本法；壽命週期成本法,,https://terms.naer.edu.tw/
6289,life insurance company,人壽保險公司,人寿保险公司,https://terms.naer.edu.tw/
6290,life style,生活型態,生活方式,https://terms.naer.edu.tw/
6291,life testing,壽命檢定,寿命试验,https://terms.naer.edu.tw/
6292,Life-cycle approach,生命週期法,生命周期法,https://terms.naer.edu.tw/
6293,life-cycle cost,生命週期成本,,https://terms.naer.edu.tw/
6294,life-long employment,終身雇用制,,https://terms.naer.edu.tw/
6295,life-long learning,終身學習,终身学习,https://terms.naer.edu.tw/
6296,life-long learning,終身學習,,https://terms.naer.edu.tw/
6297,Likert scale,李克特尺度,利克特量表；利氏量表,https://terms.naer.edu.tw/
6298,limit of credit,信用額度,信贷限额,https://terms.naer.edu.tw/
6299,limit of diversification,風險分散極限原則,,https://terms.naer.edu.tw/
6300,limit order,限價單,限价委托,https://terms.naer.edu.tw/
6301,limit price order,限價委託,限价定单,https://terms.naer.edu.tw/
6302,limit pricing,阻絕式定價,,https://terms.naer.edu.tw/
6303,limitation clause,責任限制條款,责任限制条款,https://terms.naer.edu.tw/
6304,limitation of period for tax exemption,免稅期限,免税期限,https://terms.naer.edu.tw/
6305,limitation on preferential import,進口優惠限制,对优惠进口的限制,https://terms.naer.edu.tw/
6306,limited check,限額支票,限额支票,https://terms.naer.edu.tw/
6307,limited company,有限公司,有限公司,https://terms.naer.edu.tw/
6308,limited company,有限公司,股份有限公司,https://terms.naer.edu.tw/
6309,limited competitive bidding,限制性招標,有限竞争性招标,https://terms.naer.edu.tw/
6310,limited concession,有限讓與,有限让与,https://terms.naer.edu.tw/
6311,limited consignment,有限委託銷售,有限委托销售,https://terms.naer.edu.tw/
6312,limited convertibility,有限兌換性,有限兑换,https://terms.naer.edu.tw/
6313,limited franchise,有限期的特許,有限期的特许,https://terms.naer.edu.tw/
6314,limited legal tender,有限法償,有限合法清偿,https://terms.naer.edu.tw/
6315,limited letter of credit,限定信用狀,限制信用证,https://terms.naer.edu.tw/
6316,limited liability,有限責任,,https://terms.naer.edu.tw/
6317,limited liability,有限責任,,https://terms.naer.edu.tw/
6318,limited liability company,有限責任公司,①股份有限公司 ②有限责任公司,https://terms.naer.edu.tw/
6319,limited liability company,有限責任公司,,https://terms.naer.edu.tw/
6320,limited liability partnership{=LLP},有限責任合夥,,https://terms.naer.edu.tw/
6321,limited partner,有限合伙人,,https://terms.naer.edu.tw/
6322,limited partnership,有限合夥,,https://terms.naer.edu.tw/
6323,limited problem solving [decision making],有限問題解決[決策],,https://terms.naer.edu.tw/
6324,limited recourse finance,有限追索權融資,有限追索权融资,https://terms.naer.edu.tw/
6325,limited tender,限制性投標,限制性投标,https://terms.naer.edu.tw/
6326,limited trust,定期信託,定期信托,https://terms.naer.edu.tw/
6327,line and staff,直線與幕僚,,https://terms.naer.edu.tw/
6328,line authority,直線職權,,https://terms.naer.edu.tw/
6329,line balancing　,生產線平衡,,https://terms.naer.edu.tw/
6330,line balancing,生產線平衡,,https://terms.naer.edu.tw/
6331,line extension,產品線延伸,,https://terms.naer.edu.tw/
6332,line of authority,職權鏈,,https://terms.naer.edu.tw/
6333,line of balance (LOB)　,平衡線圖,,https://terms.naer.edu.tw/
6334,line of credit,信貸額度；信用額度,,https://terms.naer.edu.tw/
6335,line of discount,貼現額度,贴现额度,https://terms.naer.edu.tw/
6336,line organization,直線組織,,https://terms.naer.edu.tw/
6337,line personnel,直線人員,,https://terms.naer.edu.tw/
6338,line stretching,產品線延伸決策,,https://terms.naer.edu.tw/
6339,line structure,直線結構,,https://terms.naer.edu.tw/
6340,line-featuring decision,產品線特色決策,,https://terms.naer.edu.tw/
6341,line-filling decision,產品線填補決策,,https://terms.naer.edu.tw/
6342,line-functional structure,直線-功能結構,,https://terms.naer.edu.tw/
6343,line-staff structure,直線幕僚結構,直线职能结构,https://terms.naer.edu.tw/
6344,line-staff structure,直線幕僚結構,,https://terms.naer.edu.tw/
6345,linear market-pull model,線性市場拉動模型,线性的市场拉动型,https://terms.naer.edu.tw/
6346,linear programming{=LP},線性規劃,,https://terms.naer.edu.tw/
6347,Lintner model,Lintner模型,林特纳模型,https://terms.naer.edu.tw/
6348,liquid asset,流動資產,,https://terms.naer.edu.tw/
6349,liquid liability,流動負債,流动负债,https://terms.naer.edu.tw/
6350,liquid reserve,流動準備金,流动准备金,https://terms.naer.edu.tw/
6351,liquidated damage,已清償的損失額,已清偿的损失额,https://terms.naer.edu.tw/
6352,liquidating dividend,清算股利,清算股利,https://terms.naer.edu.tw/
6353,liquidation,清算,,https://terms.naer.edu.tw/
6354,liquidation basis,企業清算基礎,清偿基础,https://terms.naer.edu.tw/
6355,liquidity,流動性,流动性,https://terms.naer.edu.tw/
6356,liquidity,流動性,,https://terms.naer.edu.tw/
6357,liquidity crisis,流動性危機,清偿危机,https://terms.naer.edu.tw/
6358,liquidity position,流動性部位,流动头寸,https://terms.naer.edu.tw/
6359,liquidity preference theory,流動性偏好理論,流动性偏好假设,https://terms.naer.edu.tw/
6360,liquidity premium,流動性溢價、流動性溢酬,流动性溢价,https://terms.naer.edu.tw/
6361,liquidity ratio,流動比率,流动性比率,https://terms.naer.edu.tw/
6362,liquidity risk,流動性風險,流动性风险,https://terms.naer.edu.tw/
6363,liquidity traders,流動性交易者,流动性交易者,https://terms.naer.edu.tw/
6364,liquidity-enhancing innovation,流動性-增強型創新,流动性-增强型创新,https://terms.naer.edu.tw/
6365,list price,標價,目录价格,https://terms.naer.edu.tw/
6366,listening skill,傾聽技巧,,https://terms.naer.edu.tw/
6367,Literature,文獻,文献,https://terms.naer.edu.tw/
6368,Literature Analysis,文獻分析,文献分析,https://terms.naer.edu.tw/
6369,Literature information,文獻資訊,文献信息,https://terms.naer.edu.tw/
6370,Literature obsolescence,文獻老化,文献老化,https://terms.naer.edu.tw/
6371,Literature resources,文獻資源,文献资源,https://terms.naer.edu.tw/
6372,Little's law,Little法則,利特尔法则,https://terms.naer.edu.tw/
6373,Lloyd’s Average Bond,勞氏海損契約；勞依兹海損保證書,劳氏海损契约,https://terms.naer.edu.tw/
6374,load chart,負荷圖,负荷图,https://terms.naer.edu.tw/
6375,load chart,負荷圖,,https://terms.naer.edu.tw/
6376,load leveling　,負荷平準化,,https://terms.naer.edu.tw/
6377,load profile　,負荷輪廓圖,,https://terms.naer.edu.tw/
6378,load report,負荷報告,负荷报告,https://terms.naer.edu.tw/
6379,loading and unloading expense,裝卸費用,装卸费用,https://terms.naer.edu.tw/
6380,loading certificate,裝卸證明書,装卸证明书,https://terms.naer.edu.tw/
6381,loading charge,裝貨費；裝船費,装货费,https://terms.naer.edu.tw/
6382,loading permit,[海關]裝載許可證,[海关]装载许可证,https://terms.naer.edu.tw/
6383,loan,貸款,贷款,https://terms.naer.edu.tw/
6384,loan agreement,貸款協議,①贷款协议 ②借款合同,https://terms.naer.edu.tw/
6385,loan ceiling,放款上限,贷款限额,https://terms.naer.edu.tw/
6386,loan commitment,貸款承諾,贷款承诺,https://terms.naer.edu.tw/
6387,loan commitment,貸款承諾,贷款承诺,https://terms.naer.edu.tw/
6388,loan loss reserve,呆帳準備,呆账准备金,https://terms.naer.edu.tw/
6389,loan on bill,票據質押貸款,票据抵押贷款,https://terms.naer.edu.tw/
6390,loan on deed,契據質押貸款,契据抵押贷款,https://terms.naer.edu.tw/
6391,loan on goods,商品抵押貸款,商品抵押的贷款,https://terms.naer.edu.tw/
6392,loan on note,票據質押貸款,票据抵押贷款,https://terms.naer.edu.tw/
6393,loan on personal guarantee,個人擔保貸款,个人担保贷款,https://terms.naer.edu.tw/
6394,loan on real credit,實物信貸,实物信贷,https://terms.naer.edu.tw/
6395,loan on real estate,不動產抵押貸款,不动产抵押贷款,https://terms.naer.edu.tw/
6396,loan on short notice,短期貸款,短期贷款,https://terms.naer.edu.tw/
6397,loan payable,應付貸款,应付贷款,https://terms.naer.edu.tw/
6398,loan principal repayment,貸款本金償還額；還本,贷款本金偿还额,https://terms.naer.edu.tw/
6399,loan receivable,應收貸款,应收贷款,https://terms.naer.edu.tw/
6400,loan recovery,貸款回收,贷款回收,https://terms.naer.edu.tw/
6401,loan repayment,貸款償還,贷款偿还,https://terms.naer.edu.tw/
6402,loan restriction,限制借款條件；限制借款規則,贷款限制条件；贷款限制规则,https://terms.naer.edu.tw/
6403,loan secured by account receivable,應收帳款擔保貸款,应收账款担保贷款,https://terms.naer.edu.tw/
6404,loan secured by commodity,商品抵押貸款,物品抵押贷款,https://terms.naer.edu.tw/
6405,loan secured by credit,信用擔保貸款,信用担保贷款,https://terms.naer.edu.tw/
6406,loan secured by deposit,存單質押貸款,存款抵押贷款,https://terms.naer.edu.tw/
6407,loan secured by stock and bond,有價證券擔保貸款,有价证券担保贷款,https://terms.naer.edu.tw/
6408,loan stock,借貸股票,借贷股票,https://terms.naer.edu.tw/
6409,loan without security,無擔保貸款,无担保贷款,https://terms.naer.edu.tw/
6410,loan-to-value ratio {=LTV},貸款價值比,抵押资产价值比,https://terms.naer.edu.tw/
6411,loan-value ratio,借貸價值比率,借贷价值比率,https://terms.naer.edu.tw/
6412,loanable fund,可貸資金,可贷资金,https://terms.naer.edu.tw/
6413,local acceptance,國內承兌,当地承兑,https://terms.naer.edu.tw/
6414,Local area network (LAN),區域網路,,https://terms.naer.edu.tw/
6415,local bill of lading,國內提單,当地提单,https://terms.naer.edu.tw/
6416,local brand,地方品牌,,https://terms.naer.edu.tw/
6417,local control,局部控制；局部管制,局部控制,https://terms.naer.edu.tw/
6418,local credit,國內信用狀,①地方信贷 ②当地信用证,https://terms.naer.edu.tw/
6419,local currency letter of credit,本國貨幣信用狀,本国货币信用证,https://terms.naer.edu.tw/
6420,local expectation theory,局部預期理論,局部预期理论,https://terms.naer.edu.tw/
6421,local letter of credit {=local L/C},國內信用狀,国内信用证；本地信用证,https://terms.naer.edu.tw/
6422,local marketing,在地行銷,当地营销,https://terms.naer.edu.tw/
6423,local rate,本地運費率,当地运价,https://terms.naer.edu.tw/
6424,local responsiveness,在地回應,当地响应,https://terms.naer.edu.tw/
6425,local search,局部搜尋,局部搜寻,https://terms.naer.edu.tw/
6426,local standard,地方標準,地方标准,https://terms.naer.edu.tw/
6427,localization strategy,在地化策略,,https://terms.naer.edu.tw/
6428,location economies,區位經濟,区位经济,https://terms.naer.edu.tw/
6429,location economies,區位經濟,,https://terms.naer.edu.tw/
6430,location factor rating,選址因素評分法；選址因素評比法,选址因素评分法,https://terms.naer.edu.tw/
6431,location policy,選址政策,选址策略,https://terms.naer.edu.tw/
6432,location pricing,地點訂價法,,https://terms.naer.edu.tw/
6433,location selection　,廠址選擇；店址選擇,,https://terms.naer.edu.tw/
6434,location-based advantages,區位基礎優勢,,https://terms.naer.edu.tw/
6435,lock-in effect,鎖定效應,锁定效应,https://terms.naer.edu.tw/
6436,lock-in effects,鎖入效果,,https://terms.naer.edu.tw/
6437,lockout,關廠,停工,https://terms.naer.edu.tw/
6438,loco invoice,現場發票,当地交货单,https://terms.naer.edu.tw/
6439,loco price,當地交貨價,当地交货价格,https://terms.naer.edu.tw/
6440,loco terms,當地交貨條件,当地交货条件,https://terms.naer.edu.tw/
6441,locus of control,控制點,,https://terms.naer.edu.tw/
6442,Logic model,邏輯模型,逻辑模型,https://terms.naer.edu.tw/
6443,logic unit,邏輯單位,,https://terms.naer.edu.tw/
6444,logical thinking,邏輯思考,逻辑思维,https://terms.naer.edu.tw/
6445,logistics,物流；運籌,,https://terms.naer.edu.tw/
6446,logistics alliances,物流聯盟,,https://terms.naer.edu.tw/
6447,logo,標記,,https://terms.naer.edu.tw/
6448,logs,工作日志法,工作日志法,https://terms.naer.edu.tw/
6449,Lome Convention,洛梅協定,洛美协定,https://terms.naer.edu.tw/
6450,London Association for the Protection of Trade {=LAPT},倫敦交易保護協會,伦敦贸易保护协会,https://terms.naer.edu.tw/
6451,London bank rate,倫敦銀行貼現率,伦敦银行贴现率,https://terms.naer.edu.tw/
6452,London Bankers Clearing House,倫敦銀行票據交換所,伦敦银行票据交换所,https://terms.naer.edu.tw/
6453,London bullion market,倫敦金銀市場,伦敦金银市场,https://terms.naer.edu.tw/
6454,London Clearing Banks,倫敦清算銀行,伦敦清算银行,https://terms.naer.edu.tw/
6455,London Clearing House,倫敦票據交換所,伦敦清算所,https://terms.naer.edu.tw/
6456,London Commercial Salesroom,倫敦商品銷售處,伦敦商品销售处,https://terms.naer.edu.tw/
6457,London Commodity Exchange,倫敦商品交易所,伦敦商品交易所,https://terms.naer.edu.tw/
6458,London Financial Times-stock Exchange Index,倫敦金融時報指數,伦敦《金融时报》指数,https://terms.naer.edu.tw/
6459,London Futures and Options Exchange{=London Fox},倫敦期貨期權交易所,伦敦期货期权交易所,https://terms.naer.edu.tw/
6460,London Gold Market,倫敦黃金市場,伦敦黄金市场,https://terms.naer.edu.tw/
6461,London Grain Futures Market,倫敦穀物期貨市場,伦敦谷物期货市场,https://terms.naer.edu.tw/
6462,London InterBank Bid Rate,倫敦銀行同業拆入利率,伦敦银行同业拆借利率,https://terms.naer.edu.tw/
6463,"London interbank bid rate, LIBID",倫敦銀行同業拆借利率,伦敦银行同业拆入利息率,https://terms.naer.edu.tw/
6464,London interbank offered rate,倫敦銀行同業拆放利率,伦敦同业拆出利息率,https://terms.naer.edu.tw/
6465,London Interbank Offered Rate {=LIBOR},倫敦銀行間拆款利率,伦敦银行同业优惠利率,https://terms.naer.edu.tw/
6466,London InterBank Offered Rate {=LIBOR},倫敦銀行同業拆款利率；倫敦銀行同業拆出利率,伦敦银行同业优惠利率,https://terms.naer.edu.tw/
6467,London International Financial Futures  Exchanges,倫敦國際金融期貨交易所,伦敦国际金融期货,https://terms.naer.edu.tw/
6468,"London International Financial Futures Exchange, LIFFEE",倫敦國際金融期貨交易所,,https://terms.naer.edu.tw/
6469,London landed terms,倫敦港岸上交貨條件,伦敦到岸价格条件,https://terms.naer.edu.tw/
6470,London Monetary and Economic Conference,倫敦貨幣經濟會議,伦敦货币经济会议,https://terms.naer.edu.tw/
6471,London Stock Exchange,倫敦證券交易所,伦敦证券交易所；伦敦股票交易所,https://terms.naer.edu.tw/
6472,London Traded Options Market,倫敦選擇權市場,伦敦期权市场,https://terms.naer.edu.tw/
6473,long,買入、買方,,https://terms.naer.edu.tw/
6474,long bill [of exchange],長期匯票,长期汇票,https://terms.naer.edu.tw/
6475,long dated bill,長期票據,远期票据,https://terms.naer.edu.tw/
6476,long draft,長期匯票,远期汇票,https://terms.naer.edu.tw/
6477,long exchange,遠期兌換,远期汇兑,https://terms.naer.edu.tw/
6478,long form bill of lading {=long form B/L},詳式提單,全式提单；详式提单,https://terms.naer.edu.tw/
6479,long hedge,多頭對沖,远期套头交易,https://terms.naer.edu.tw/
6480,long hedges,多頭避險,,https://terms.naer.edu.tw/
6481,long position,多頭部位,多头,https://terms.naer.edu.tw/
6482,long range production planning (LRPP)　,長期生產規劃,,https://terms.naer.edu.tw/
6483,long straddle,買進跨式部位,,https://terms.naer.edu.tw/
6484,long-range planning,長期規劃,,https://terms.naer.edu.tw/
6485,long-term bond,長期債券,长期债券,https://terms.naer.edu.tw/
6486,long-term commitment,長期承諾,,https://terms.naer.edu.tw/
6487,long-term contract,長期契約,长期合同,https://terms.naer.edu.tw/
6488,long-term contracts,長期契約,,https://terms.naer.edu.tw/
6489,long-term cooperative relationships,長期合作關係,,https://terms.naer.edu.tw/
6490,long-term credit,長期信用,长期信贷,https://terms.naer.edu.tw/
6491,long-term debt,長期負債,,https://terms.naer.edu.tw/
6492,long-term debt,長期負債,长期债务,https://terms.naer.edu.tw/
6493,"long-term equity anticipation security, LEAPS",長期股權預期證券,,https://terms.naer.edu.tw/
6494,long-term financing,長期融資,长期融资,https://terms.naer.edu.tw/
6495,long-term financing,長期融資,,https://terms.naer.edu.tw/
6496,long-term forecast,長期預測,,https://terms.naer.edu.tw/
6497,long-term goals,長期目標,,https://terms.naer.edu.tw/
6498,long-term growth,長期成長,,https://terms.naer.edu.tw/
6499,long-term municipal bond index,長期地方債券指數,,https://terms.naer.edu.tw/
6500,long-term orientation,長期導向,长期导向,https://terms.naer.edu.tw/
6501,long-term plan,長期計畫；長期計畫書,,https://terms.naer.edu.tw/
6502,long-term planning,長期規劃,,https://terms.naer.edu.tw/
6503,long-term trust,長期信託,长期信托,https://terms.naer.edu.tw/
6504,longest processing time {=LPT},最長加工時間法則,最长加工时间法则,https://terms.naer.edu.tw/
6505,longitudinal study,縱剖面研究；縱斷面研究,,https://terms.naer.edu.tw/
6506,lookback option,回顧型選擇權,回望期权,https://terms.naer.edu.tw/
6507,loss,虧損,,https://terms.naer.edu.tw/
6508,loss aversion,損失規避,损失厌恶,https://terms.naer.edu.tw/
6509,loss leader,犧牲品；帶路貨,,https://terms.naer.edu.tw/
6510,loss-leader pricing,犧牲打訂價法,牺牲品定价,https://terms.naer.edu.tw/
6511,lost time,損失時間,损失时间,https://terms.naer.edu.tw/
6512,lot for lot,逐批,逐批,https://terms.naer.edu.tw/
6513,lot size,批量,,https://terms.naer.edu.tw/
6514,lot sizing　,批量決策,,https://terms.naer.edu.tw/
6515,lot tolerance percent defective (LTPD)　,批容忍不良率；拒收品質水準,批允许不合格率,https://terms.naer.edu.tw/
6516,lot-by-lot inspection,逐批檢驗,逐批检验,https://terms.naer.edu.tw/
6517,lot-for-lot (L4L)　,逐批法,,https://terms.naer.edu.tw/
6518,lot-for-lot ordering,逐批訂購,逐批订货,https://terms.naer.edu.tw/
6519,Lotka's law,洛特卡定律,洛特卡定律,https://terms.naer.edu.tw/
6520,love/ belonging needs,社交需要；社交需求,,https://terms.naer.edu.tw/
6521,low carbon economy,低碳經濟,低碳经济,https://terms.naer.edu.tw/
6522,low carbon technology,低碳技術,低碳技术,https://terms.naer.edu.tw/
6523,low cost strategy,低成本策略,,https://terms.naer.edu.tw/
6524,low-carbon city,低碳城市,,https://terms.naer.edu.tw/
6525,low-context culture,低脈絡文化；低系絡文化；低情境文化,低语境文化,https://terms.naer.edu.tw/
6526,low-cost operation,低成本營運,,https://terms.naer.edu.tw/
6527,low-cost provider strategy,低成本提供者策略,,https://terms.naer.edu.tw/
6528,low-level code,低層碼,低层码,https://terms.naer.edu.tw/
6529,low-price competition,低價競爭,,https://terms.naer.edu.tw/
6530,low-price products,低價產品,,https://terms.naer.edu.tw/
6531,low-quality trap,低品質陷阱,,https://terms.naer.edu.tw/
6532,lower control limit,下管制界限；管制下限,下控制限,https://terms.naer.edu.tw/
6533,lower order need,低層次需要,,https://terms.naer.edu.tw/
6534,lower specification limit,規格下限,规格下限,https://terms.naer.edu.tw/
6535,lower-order needs,較低層次需求,较低层次需求,https://terms.naer.edu.tw/
6536,lowest price limit,最低限價,最低限价,https://terms.naer.edu.tw/
6537,loyalty,忠誠,忠诚,https://terms.naer.edu.tw/
6538,lump price,總括價格,统括价格；一揽子价格,https://terms.naer.edu.tw/
6539,lump-sum tax,總額稅,一次总付税,https://terms.naer.edu.tw/
6540,lumpy demand,不規則需求,块状需求,https://terms.naer.edu.tw/
6541,M-commerce,行動商務,移动商务,https://terms.naer.edu.tw/
6542,M-Form,M型結構,,https://terms.naer.edu.tw/
6543,M-form organization,M型組織,,https://terms.naer.edu.tw/
6544,MacDougall model,麥克杜格爾模式,麦克杜格尔模式,https://terms.naer.edu.tw/
6545,Machiavellianism,馬基維利主義；權謀霸術主義,,https://terms.naer.edu.tw/
6546,machine assignment,設備分配；機具分配,设备分配,https://terms.naer.edu.tw/
6547,machine attention time,機器輔助時間,机器辅助时间,https://terms.naer.edu.tw/
6548,machine controlled time,機器控制時間,机器掌控时间,https://terms.naer.edu.tw/
6549,machine hour,機器運轉時間,机器运转时间,https://terms.naer.edu.tw/
6550,machine idle capability analysis,機具閒置能力分析,机器空闲能力分析,https://terms.naer.edu.tw/
6551,machine idle time,機器閒置時間,设备停歇时间,https://terms.naer.edu.tw/
6552,machine interference,設備干擾；機具干擾,设备冲突,https://terms.naer.edu.tw/
6553,Machine language,機器語言,,https://terms.naer.edu.tw/
6554,Machine learning,機器學習,,https://terms.naer.edu.tw/
6555,machine load,設備負荷；機具負荷,设备负荷,https://terms.naer.edu.tw/
6556,Machine readable catalog Format,機讀目錄格式,机读目录格式,https://terms.naer.edu.tw/
6557,Machine Translation,機器翻譯,机器翻译,https://terms.naer.edu.tw/
6558,Machine-Readable Catalogue (MARC),機器可讀目錄,机读目录,https://terms.naer.edu.tw/
6559,"Machine, Method, Materials, Measurement, Man and Mother Nature {Environment}",6M分析法,,https://terms.naer.edu.tw/
6560,macro environment,總體環境；宏觀環境,,https://terms.naer.edu.tw/
6561,macro hedge,整體避險,综合避险,https://terms.naer.edu.tw/
6562,macro organizational behavior,宏觀組織行為,宏观组织行为,https://terms.naer.edu.tw/
6563,macroeconomics,總體經濟學；宏觀經濟學,,https://terms.naer.edu.tw/
6564,macroenvironment,總體環境；宏觀環境,宏观环境,https://terms.naer.edu.tw/
6565,Macroscopic intelligence,大情報觀,大情报观,https://terms.naer.edu.tw/
6566,Magnetic ink character recognition (MICR),磁性墨水文字辨識,磁性墨水文字识别,https://terms.naer.edu.tw/
6567,mail auction,郵遞拍賣,邮递拍卖,https://terms.naer.edu.tw/
6568,mail credit,郵遞融資,邮购信贷,https://terms.naer.edu.tw/
6569,mail remittance,郵匯,邮政汇款,https://terms.naer.edu.tw/
6570,mail transfer {=M/T},信匯,信汇,https://terms.naer.edu.tw/
6571,main technology,主體技術,主体技术,https://terms.naer.edu.tw/
6572,maintainability,可維護性,可维护性,https://terms.naer.edu.tw/
6573,maintenance cost,維護成本,维护费,https://terms.naer.edu.tw/
6574,maintenance margin,維持保證金,,https://terms.naer.edu.tw/
6575,maintenance prevention,維修預防,维修预防,https://terms.naer.edu.tw/
6576,maintenance stage,維持階段,,https://terms.naer.edu.tw/
6577,major defect,嚴重缺陷；嚴重缺點,严重缺陷,https://terms.naer.edu.tw/
6578,"major market index, MMI",主要市場指數,,https://terms.naer.edu.tw/
6579,major national science project,國家重大科學工程(1983),国家重大科学工程(1983),https://terms.naer.edu.tw/
6580,major technical equipment development program,重大技術裝備研製計畫(1983),重大技术装备研制计划(1983),https://terms.naer.edu.tw/
6581,majority shareholder,控有多數股權的大股東,多数股东,https://terms.naer.edu.tw/
6582,make or buy,自製或外購,,https://terms.naer.edu.tw/
6583,make to order {=MTO},接單生產，訂單生產,订货型生产,https://terms.naer.edu.tw/
6584,make to stock {=MTS},存貨生產；備貨生產,备货型生产,https://terms.naer.edu.tw/
6585,make-or-buy decision,自製-外購決策,自制-外购决策,https://terms.naer.edu.tw/
6586,make-up day,結算日,结算日；清算日,https://terms.naer.edu.tw/
6587,makespan,排程總製造時間,加工周期,https://terms.naer.edu.tw/
6588,mala fide drawer,[票據]惡意發票人,[票据]恶意出票人,https://terms.naer.edu.tw/
6589,Malcolm Baldrige national quality award,美國波多裡奇國家品質獎,波多里奇奖,https://terms.naer.edu.tw/
6590,Malcolm Baldrige National Quality Award (MBNQA),美國國家品質獎,马尔科姆·波多里奇国家质量奖,https://terms.naer.edu.tw/
6591,mall-intercept interview,賣場攔阻訪問,,https://terms.naer.edu.tw/
6592,man hypothesis,人性假設,,https://terms.naer.edu.tw/
6593,man idle capability,人工閒置能力,人工空闲能力,https://terms.naer.edu.tw/
6594,man to man comparison method,人與人比較法,人际比较,https://terms.naer.edu.tw/
6595,man-hour,人工小時,工时,https://terms.naer.edu.tw/
6596,man-machine chart,人-機作業圖；人-機圖,人—机作业图,https://terms.naer.edu.tw/
6597,man-machine interactive,人機互動,,https://terms.naer.edu.tw/
6598,man-machine operation analysis,人-機作業分析,人—机作业分析,https://terms.naer.edu.tw/
6599,Man-machine system,人機系統,人机系统,https://terms.naer.edu.tw/
6600,Man-made system,人造系統,人造系统,https://terms.naer.edu.tw/
6601,"man, machine, material, method, measurement and environment",5M1E分析法,5M1E分析法,https://terms.naer.edu.tw/
6602,Manageability,易管理性,易管理性,https://terms.naer.edu.tw/
6603,managed currency,管理通貨,①管制货币 ②管理通货,https://terms.naer.edu.tw/
6604,managed exchange rate,管理匯率,管理汇率,https://terms.naer.edu.tw/
6605,managed floating exchange rate,管理浮動匯率,管制浮动汇率,https://terms.naer.edu.tw/
6606,managed price,管理價格,管制价格,https://terms.naer.edu.tw/
6607,managed-float regime,可管理浮動區間,,https://terms.naer.edu.tw/
6608,management,管理,,https://terms.naer.edu.tw/
6609,management affairs flow chart,管理事務流程圖,管理事务流程图,https://terms.naer.edu.tw/
6610,management affairs process analysis,管理事務流程分析,管理事务流分析,https://terms.naer.edu.tw/
6611,management buyout,管理購併；管理買斷,,https://terms.naer.edu.tw/
6612,management by exception,例外管理,,https://terms.naer.edu.tw/
6613,management by objective{=MBO},目標管理,,https://terms.naer.edu.tw/
6614,management by objectives (MBO),目標管理,目标管理,https://terms.naer.edu.tw/
6615,management by participation,參與管理,,https://terms.naer.edu.tw/
6616,management by walking around,走動式管理,,https://terms.naer.edu.tw/
6617,management competency,管理能力；管理能耐,,https://terms.naer.edu.tw/
6618,management contract,管理契約,,https://terms.naer.edu.tw/
6619,management control,管理控制,,https://terms.naer.edu.tw/
6620,management cycle,管理循環,,https://terms.naer.edu.tw/
6621,management development,管理發展,管理开发,https://terms.naer.edu.tw/
6622,management effectiveness,管理效果；管理效能,,https://terms.naer.edu.tw/
6623,management efficiency,管理效率,,https://terms.naer.edu.tw/
6624,management ethics,管理倫理,,https://terms.naer.edu.tw/
6625,management function,管理功能,管理功能,https://terms.naer.edu.tw/
6626,management function,管理功能,,https://terms.naer.edu.tw/
6627,management game,管理競賽,,https://terms.naer.edu.tw/
6628,management grid theory,管理方格理論,,https://terms.naer.edu.tw/
6629,management incentive plan,管理激勵計畫,,https://terms.naer.edu.tw/
6630,Management information,管理資訊,管理信息,https://terms.naer.edu.tw/
6631,management information system{=MIS},管理資訊系統；管理資訊制度,,https://terms.naer.edu.tw/
6632,management innovation,管理創新,管理创新,https://terms.naer.edu.tw/
6633,management inventory,管理人才庫,管理人才储备,https://terms.naer.edu.tw/
6634,management levels,管理層次,,https://terms.naer.edu.tw/
6635,management objective,管理目標,,https://terms.naer.edu.tw/
6636,management of change,變革管理,,https://terms.naer.edu.tw/
6637,management of science & technology,科技管理學,科技管理学,https://terms.naer.edu.tw/
6638,management of technology,技術管理,技术管理,https://terms.naer.edu.tw/
6639,management philosophy,管理哲學,,https://terms.naer.edu.tw/
6640,management position description questionnaire,管理職位描述問卷,管理职位描述问卷,https://terms.naer.edu.tw/
6641,management practice,管理實務,,https://terms.naer.edu.tw/
6642,management process,管理程序,,https://terms.naer.edu.tw/
6643,management process school,管理程序學派,,https://terms.naer.edu.tw/
6644,management psychology,管理心理學,,https://terms.naer.edu.tw/
6645,management reshuffle,管理層重組，管理層洗牌,管理层洗牌,https://terms.naer.edu.tw/
6646,management review,管理評審,管理评审,https://terms.naer.edu.tw/
6647,management role,管理角色,管理角色,https://terms.naer.edu.tw/
6648,management science,管理科學,管理科学,https://terms.naer.edu.tw/
6649,management science,管理科學,,https://terms.naer.edu.tw/
6650,management skill,管理技能,管理技能,https://terms.naer.edu.tw/
6651,management standard,管理標準,管理标准,https://terms.naer.edu.tw/
6652,management style,管理風格,,https://terms.naer.edu.tw/
6653,management succession,管理繼承,,https://terms.naer.edu.tw/
6654,Management system,管理系統,管理系统,https://terms.naer.edu.tw/
6655,Management system analysis,管理系統分析,管理系统分析,https://terms.naer.edu.tw/
6656,Management systems engineering,管理系統工程,管理系统工程,https://terms.naer.edu.tw/
6657,management training program (MTP),管理訓練課程,管理训练课程,https://terms.naer.edu.tw/
6658,management value model,管理價值模式；管理價值模型,,https://terms.naer.edu.tw/
6659,manager,管理者；經理人；主管人員,,https://terms.naer.edu.tw/
6660,managerial accounting,管理會計,,https://terms.naer.edu.tw/
6661,managerial capitalism,管理資本主義,,https://terms.naer.edu.tw/
6662,managerial effectiveness,管理效果；管理效能,,https://terms.naer.edu.tw/
6663,managerial grid,管理方格,管理方格,https://terms.naer.edu.tw/
6664,managerial performance,管理績效,,https://terms.naer.edu.tw/
6665,managerial role,管理角色,,https://terms.naer.edu.tw/
6666,managerial roles school,管理角色學派,,https://terms.naer.edu.tw/
6667,managerial subsystem,管理子系統,,https://terms.naer.edu.tw/
6668,managerialism,管理主義；經理人主義,,https://terms.naer.edu.tw/
6669,managing conflict,管理衡突；衡突管理,,https://terms.naer.edu.tw/
6670,managing diversity,管理多樣性；管理多樣化,,https://terms.naer.edu.tw/
6671,mandated benefits,法定福利,法定福利,https://terms.naer.edu.tw/
6672,mandatory arbitration,強制仲裁,强制仲裁,https://terms.naer.edu.tw/
6673,mandatory duty reduction or exemption,強制性稅捐減免,特定减免税,https://terms.naer.edu.tw/
6674,mandatory licensing system,強制性許可證制度,强制性许可证制度,https://terms.naer.edu.tw/
6675,mandatory standard,強制性標準,强制性标准,https://terms.naer.edu.tw/
6676,manpower check,人力盤點,人力盘点,https://terms.naer.edu.tw/
6677,manpower policy,人力政策,人力政策,https://terms.naer.edu.tw/
6678,manual element,手控元素,手控元素,https://terms.naer.edu.tw/
6679,manual time,手控時間,手控时间,https://terms.naer.edu.tw/
6680,manufacturability,可製造性,可制造性,https://terms.naer.edu.tw/
6681,manufacturer brand,製造商品牌,,https://terms.naer.edu.tw/
6682,manufacturer's brand,製造者品牌,,https://terms.naer.edu.tw/
6683,manufacturing,製造,制造,https://terms.naer.edu.tw/
6684,manufacturing calendar,製造日曆,制造日历,https://terms.naer.edu.tw/
6685,manufacturing cell,製造單元,制造单元,https://terms.naer.edu.tw/
6686,manufacturing cost　,製造成本,,https://terms.naer.edu.tw/
6687,manufacturing execution system (MES),製造執行系統,制造执行系统,https://terms.naer.edu.tw/
6688,manufacturing executive system (MES)　,製造執行系統,,https://terms.naer.edu.tw/
6689,manufacturing industry,製造業,制造业,https://terms.naer.edu.tw/
6690,manufacturing order,生產指令,生产指令,https://terms.naer.edu.tw/
6691,manufacturing philosophy,製造理念,制造理念,https://terms.naer.edu.tw/
6692,manufacturing process　,製造程序,,https://terms.naer.edu.tw/
6693,manufacturing resource planning {=MRP},製造資源規劃,,https://terms.naer.edu.tw/
6694,manufacturing strategy,製造策略,制造策略,https://terms.naer.edu.tw/
6695,mapping knowledge domains,知識領域圖譜,科学知识图谱,https://terms.naer.edu.tw/
6696,margin,保證金,保证金,https://terms.naer.edu.tw/
6697,margin account,保證金帳戶,保证金账户,https://terms.naer.edu.tw/
6698,margin call,保證金追繳,,https://terms.naer.edu.tw/
6699,margin deposit,保證金存款,保证金存款,https://terms.naer.edu.tw/
6700,margin money,[銀行開立信用狀所需]保證金,[银行开立信用证所需]保证金,https://terms.naer.edu.tw/
6701,margin requirement,法定保證金,额定保证金,https://terms.naer.edu.tw/
6702,margin trade,保證金交易,保证金交易,https://terms.naer.edu.tw/
6703,margin trading,保證金交易,保证金交易,https://terms.naer.edu.tw/
6704,marginal analysis,邊際分析,,https://terms.naer.edu.tw/
6705,marginal cost {=MC},邊際成本,,https://terms.naer.edu.tw/
6706,marginal cost of capital {=MCC},邊際資金成本,,https://terms.naer.edu.tw/
6707,marginal deposit,保證金存款,开证押金；保证金,https://terms.naer.edu.tw/
6708,marginal productivity of capital,資本邊際生產力,资本边际生产率,https://terms.naer.edu.tw/
6709,marginal productivity of investment,投資邊際生產力,投资边际生产率,https://terms.naer.edu.tw/
6710,marginal propensity to export,邊際出口傾向,边际出口倾向,https://terms.naer.edu.tw/
6711,marginal propensity to import,邊際進口傾向,边际进口倾向,https://terms.naer.edu.tw/
6712,marginal propensity to invest,邊際投資傾向,边际投资倾向,https://terms.naer.edu.tw/
6713,marginal propensity to save,邊際儲蓄傾向,边际储蓄倾向,https://terms.naer.edu.tw/
6714,marginal rate of tax,邊際稅率,边际税率,https://terms.naer.edu.tw/
6715,marginal rationality,邊際理性,,https://terms.naer.edu.tw/
6716,marginal utility,邊際效用,,https://terms.naer.edu.tw/
6717,margins of safety,安全邊界,安全边界,https://terms.naer.edu.tw/
6718,marine bill of lading {=marine B/L},海運提單,海运提单,https://terms.naer.edu.tw/
6719,marine insurance,海上保險,海上保险,https://terms.naer.edu.tw/
6720,marine insurance company,海上保險公司,海运保险公司,https://terms.naer.edu.tw/
6721,marine insurance policy,海上保險單,海运保险单,https://terms.naer.edu.tw/
6722,marine insurer,海上保險人,海上保险商,https://terms.naer.edu.tw/
6723,marine lien,海上優先受償權,海上优先受偿权,https://terms.naer.edu.tw/
6724,marine syndicate,海上保險聯保；海上保險辛迪卡,海运保险辛迪加,https://terms.naer.edu.tw/
6725,maritime law,海商法,海商法,https://terms.naer.edu.tw/
6726,maritime lien,海上優先受償權,①海事留置权 ②船舶优先权,https://terms.naer.edu.tw/
6727,maritime mortgage,海上抵押,海上抵押,https://terms.naer.edu.tw/
6728,Maritime Port Convention,海港公約,海港公约,https://terms.naer.edu.tw/
6729,mark of conformity,合格標誌,认证证书,https://terms.naer.edu.tw/
6730,mark of origin,原產地標誌,原产地标志,https://terms.naer.edu.tw/
6731,mark-to-market,逐日結算制度,逐日盯市,https://terms.naer.edu.tw/
6732,markdown,降價,,https://terms.naer.edu.tw/
6733,marked cheque,保兌支票,保兑支票,https://terms.naer.edu.tw/
6734,market,市場,市场,https://terms.naer.edu.tw/
6735,market analysis,市場分析,,https://terms.naer.edu.tw/
6736,market attractiveness,市場吸引力,市场吸引力,https://terms.naer.edu.tw/
6737,market auction preferred stock (money market preferred stock),股息競價特別股,,https://terms.naer.edu.tw/
6738,market barriers,市場障礙,,https://terms.naer.edu.tw/
6739,market basket,一籃子市場,市场篮子,https://terms.naer.edu.tw/
6740,market breadth,市場寬度,市场宽度,https://terms.naer.edu.tw/
6741,market build-up method,市場累加法,市场累加法,https://terms.naer.edu.tw/
6742,market challenger,市場挑戰者,市场挑战者,https://terms.naer.edu.tw/
6743,market claim,市場索賠,市场索赔,https://terms.naer.edu.tw/
6744,market commonality,市場共同性,,https://terms.naer.edu.tw/
6745,market completeness,市場的完全性,,https://terms.naer.edu.tw/
6746,market concentration,市場集中度,,https://terms.naer.edu.tw/
6747,market consolidation,市場整併,,https://terms.naer.edu.tw/
6748,market control,市場控制,,https://terms.naer.edu.tw/
6749,market coverage,市場涵蓋面,,https://terms.naer.edu.tw/
6750,market demand function,市場需求函數,,https://terms.naer.edu.tw/
6751,market demassification,市場分眾化,,https://terms.naer.edu.tw/
6752,market depth,市場深度,市场深度,https://terms.naer.edu.tw/
6753,market development,市場開發,市场开发,https://terms.naer.edu.tw/
6754,market differentiation,市場差異化,,https://terms.naer.edu.tw/
6755,market discipline,市場紀律,市场纪律,https://terms.naer.edu.tw/
6756,market diversification,市場多角化,,https://terms.naer.edu.tw/
6757,market efficiency,市場效率性,市场有效性,https://terms.naer.edu.tw/
6758,market equilibrium,市場均衡,市场均衡,https://terms.naer.edu.tw/
6759,market extension merger,市場擴張併購,,https://terms.naer.edu.tw/
6760,market follower,市場跟隨者,市场追随者,https://terms.naer.edu.tw/
6761,market forecast,市場預測,市场预测,https://terms.naer.edu.tw/
6762,market fragmentation,市場零散化,,https://terms.naer.edu.tw/
6763,Market Governance,市場治理,市场治理,https://terms.naer.edu.tw/
6764,market growth,市場成長,,https://terms.naer.edu.tw/
6765,market impact cost,市場影響成本,市场影响成本,https://terms.naer.edu.tw/
6766,market innovation,市場創新,市场创新,https://terms.naer.edu.tw/
6767,market intelligence,市場情報,,https://terms.naer.edu.tw/
6768,market leader,市場領導者,市场领导者,https://terms.naer.edu.tw/
6769,market leadership,市場領導,,https://terms.naer.edu.tw/
6770,market maker,造市者,做市商,https://terms.naer.edu.tw/
6771,market microstructure,市場微結構,市场微观结构,https://terms.naer.edu.tw/
6772,market model,市場模式,,https://terms.naer.edu.tw/
6773,market modification,市場調整,,https://terms.naer.edu.tw/
6774,market multiple analysis,市場乘數分析法,,https://terms.naer.edu.tw/
6775,market niche,市場利基,,https://terms.naer.edu.tw/
6776,market niche strategy,市場利基策略,,https://terms.naer.edu.tw/
6777,market nicher,市場利基者,市场补缺者,https://terms.naer.edu.tw/
6778,market offering,市場提供物,市场供给物；市场提供物,https://terms.naer.edu.tw/
6779,market order,市價單,市价委托,https://terms.naer.edu.tw/
6780,market out clause,停止銷售條款,停止销售条款,https://terms.naer.edu.tw/
6781,market overt,公開市場,公开市场,https://terms.naer.edu.tw/
6782,market partition theory,市場分割理論,,https://terms.naer.edu.tw/
6783,market pay information,市場薪資資訊,市场薪资信息,https://terms.naer.edu.tw/
6784,market pay line,市場薪資曲線,市场薪资曲线,https://terms.naer.edu.tw/
6785,market penetration,市場滲透,,https://terms.naer.edu.tw/
6786,market portfolio,市場投資組合,市场投资组合,https://terms.naer.edu.tw/
6787,market positioning,市場定位,,https://terms.naer.edu.tw/
6788,market positioning,市場定位,市场定位,https://terms.naer.edu.tw/
6789,market potential,市場潛量,,https://terms.naer.edu.tw/
6790,market power,市場力,,https://terms.naer.edu.tw/
6791,market price,市場價格,,https://terms.naer.edu.tw/
6792,market price of risk,風險的市場價格,风险的市场价格,https://terms.naer.edu.tw/
6793,market pull,市場拉動,,https://terms.naer.edu.tw/
6794,market rate,市場利率；市場匯率,市场汇率,https://terms.naer.edu.tw/
6795,market resiliency,市場彈性,市场弹性,https://terms.naer.edu.tw/
6796,market risk,市場風險,市场风险,https://terms.naer.edu.tw/
6797,market risk premium,市場風險溢酬,,https://terms.naer.edu.tw/
6798,market saturation,市場飽合,,https://terms.naer.edu.tw/
6799,market segmentation,市場區隔,,https://terms.naer.edu.tw/
6800,market segmentation theory,市場區隔理論,市场分割理论,https://terms.naer.edu.tw/
6801,market share,市場佔有率,,https://terms.naer.edu.tw/
6802,market specialization,市場專精化,,https://terms.naer.edu.tw/
6803,market structure,市場結構,,https://terms.naer.edu.tw/
6804,market targeting,目標市場的選擇,目标市场选择,https://terms.naer.edu.tw/
6805,market testing,市場測試,,https://terms.naer.edu.tw/
6806,market testing,市場測試,,https://terms.naer.edu.tw/
6807,market value,市場價值,市面价值,https://terms.naer.edu.tw/
6808,market value added {=MVA},市場附加價值,市场增加值,https://terms.naer.edu.tw/
6809,market value ratio,市場價值比率,,https://terms.naer.edu.tw/
6810,market-based pay system,市場基準薪資制,市场基准薪资制,https://terms.naer.edu.tw/
6811,market-development strategy,市場發展策略,,https://terms.naer.edu.tw/
6812,market-driven innovation,市場驅動創新,,https://terms.naer.edu.tw/
6813,market-oriented strategic planning,市場導向策略規劃,,https://terms.naer.edu.tw/
6814,market-penetration pricing,市場滲透訂價法,市场渗透定价,https://terms.naer.edu.tw/
6815,market-penetration strategy,市場滲透策略,,https://terms.naer.edu.tw/
6816,market-skimming pricing,市場吸脂訂價法,市场撇脂定价,https://terms.naer.edu.tw/
6817,market/book (M/B) ratio,市帳比,,https://terms.naer.edu.tw/
6818,marketable securities,有價證券,有价证券,https://terms.naer.edu.tw/
6819,marketable security,流通證券,适销证券,https://terms.naer.edu.tw/
6820,marketing,行銷,市场营销；营销；行销,https://terms.naer.edu.tw/
6821,marketing,行銷,,https://terms.naer.edu.tw/
6822,marketing agreement,行銷協議,销售协议,https://terms.naer.edu.tw/
6823,marketing audit,行銷稽核,营销审计,https://terms.naer.edu.tw/
6824,marketing channel,行銷通路；行銷渠道,营销渠道；分销渠道,https://terms.naer.edu.tw/
6825,marketing channel system,行銷通路系統,,https://terms.naer.edu.tw/
6826,marketing communication,行銷溝通,,https://terms.naer.edu.tw/
6827,marketing concept,行銷觀念,市场营销观念,https://terms.naer.edu.tw/
6828,marketing control,行銷控制,营销控制,https://terms.naer.edu.tw/
6829,marketing cost analysis,行銷成本分析,,https://terms.naer.edu.tw/
6830,marketing decision support system {=MDSS},行銷決策支援系統,,https://terms.naer.edu.tw/
6831,marketing hyperopia,行銷遠視病,,https://terms.naer.edu.tw/
6832,Marketing information system,行銷資訊系統,营销信息系统,https://terms.naer.edu.tw/
6833,marketing information system {=MkIS},行銷資訊系統,,https://terms.naer.edu.tw/
6834,marketing intelligence,行銷情報,营销情报；营销智能,https://terms.naer.edu.tw/
6835,marketing intermediary,行銷中間機構,营销中介,https://terms.naer.edu.tw/
6836,marketing intermediary,行銷中間機構,,https://terms.naer.edu.tw/
6837,marketing management,行銷管理,营销管理,https://terms.naer.edu.tw/
6838,marketing metrics,行銷度量,营销计量,https://terms.naer.edu.tw/
6839,marketing mix,行銷組合,营销组合；营销组合策略,https://terms.naer.edu.tw/
6840,marketing mix,行銷組合,,https://terms.naer.edu.tw/
6841,marketing myopia,行銷近視病,营销近视症,https://terms.naer.edu.tw/
6842,marketing network,行銷網絡,,https://terms.naer.edu.tw/
6843,marketing orientation,行銷導向,销售导向,https://terms.naer.edu.tw/
6844,marketing plan,行銷計畫,,https://terms.naer.edu.tw/
6845,marketing policy,行銷政策,,https://terms.naer.edu.tw/
6846,marketing research,行銷研究,营销研究,https://terms.naer.edu.tw/
6847,marketing research,行銷研究,,https://terms.naer.edu.tw/
6848,marketing resource management {=MRM},行銷資源管理,,https://terms.naer.edu.tw/
6849,marketing strategy,行銷策略,营销战略；营销策略,https://terms.naer.edu.tw/
6850,marketing survey,行銷調查,,https://terms.naer.edu.tw/
6851,marketing-mix modification,行銷組合調整,,https://terms.naer.edu.tw/
6852,marking factor,標示因子,标示因素,https://terms.naer.edu.tw/
6853,Markov prediction model,馬可夫預測模式；馬可夫預測模型,马尔可夫预测模型,https://terms.naer.edu.tw/
6854,Markov prediction model,馬可夫預測模式；馬可夫預測模型,,https://terms.naer.edu.tw/
6855,markup,加成,加价,https://terms.naer.edu.tw/
6856,markup pricing,加成訂價法,,https://terms.naer.edu.tw/
6857,Marshall-Lerner condition,馬婁條件,马歇尔－勒纳条件,https://terms.naer.edu.tw/
6858,martingale,平賭,鞅,https://terms.naer.edu.tw/
6859,masculinity,陽剛傾向；男性化傾向,男性化倾向,https://terms.naer.edu.tw/
6860,Maslow's hierarchy of needs,馬斯洛需要層級；馬斯洛需求層次,,https://terms.naer.edu.tw/
6861,Maslow's hierarchy of needs,馬斯洛需要層級；馬斯洛需求層次,,https://terms.naer.edu.tw/
6862,mass commoditization,大量同質化,,https://terms.naer.edu.tw/
6863,mass communications,大眾傳播；大眾溝通,,https://terms.naer.edu.tw/
6864,mass customization,大量客製化,,https://terms.naer.edu.tw/
6865,mass market,大眾市場,,https://terms.naer.edu.tw/
6866,mass marketing,大眾行銷,,https://terms.naer.edu.tw/
6867,mass production,大量生產；大量製造,大量生产,https://terms.naer.edu.tw/
6868,massed learning,密集學習,集中学习,https://terms.naer.edu.tw/
6869,master black belt (MBB),黑帶大師；大黑帶,黑带大师；大黑带；黑带主管,https://terms.naer.edu.tw/
6870,master lease,主租約,主租约,https://terms.naer.edu.tw/
6871,master letter of credit {=master credit;master L/C},主信用狀,主信用证,https://terms.naer.edu.tw/
6872,Master of Business Administration {=MBA},企管碩士,,https://terms.naer.edu.tw/
6873,master policy,母保單,总保险单,https://terms.naer.edu.tw/
6874,master production scheduling (MPS)　,主生產排程,,https://terms.naer.edu.tw/
6875,master stand data (MSD),主時間數據法,主时间数据法,https://terms.naer.edu.tw/
6876,master strategy,總策略,,https://terms.naer.edu.tw/
6877,matador bond,鬥牛士債券,斗牛士债券,https://terms.naer.edu.tw/
6878,match pay level policy,市場平齊薪資政策,,https://terms.naer.edu.tw/
6879,matching credit,對等稅收抵減,对等税收减免,https://terms.naer.edu.tw/
6880,matching duty,抵銷關稅,反倾销税,https://terms.naer.edu.tw/
6881,matching principle,配對原則,匹配原则,https://terms.naer.edu.tw/
6882,mate's receipt {=M/R},大副收據,收货单,https://terms.naer.edu.tw/
6883,material,物料,,https://terms.naer.edu.tw/
6884,material flow,物料流,物料流,https://terms.naer.edu.tw/
6885,material handling,物料搬運,,https://terms.naer.edu.tw/
6886,material handling time,物料搬運時間,物料搬运时间,https://terms.naer.edu.tw/
6887,material management　,物料管理,,https://terms.naer.edu.tw/
6888,material planning,物料規劃,库存计划,https://terms.naer.edu.tw/
6889,material receipt inspection,進料檢驗,收货检验,https://terms.naer.edu.tw/
6890,material requirement planning{=MRP},物料需求規劃,,https://terms.naer.edu.tw/
6891,material requirements planning (MRP),物料需求規劃,物料需求计划,https://terms.naer.edu.tw/
6892,material-dominated scheduling (MDS),物料主導排程,物料主导排程,https://terms.naer.edu.tw/
6893,mathematical finance,數理金融,金融数学,https://terms.naer.edu.tw/
6894,mathematical model,數學模式,,https://terms.naer.edu.tw/
6895,mathematical school,數學學派,,https://terms.naer.edu.tw/
6896,Mathematical simulation,數學模擬,数学模拟,https://terms.naer.edu.tw/
6897,matrix data analysis,矩陣數據分析,矩阵数据分析法,https://terms.naer.edu.tw/
6898,matrix diagram,矩陣圖,矩阵图,https://terms.naer.edu.tw/
6899,matrix organization,矩陣組織；矩陣式組織　,,https://terms.naer.edu.tw/
6900,matrix structure,矩陣式結構,,https://terms.naer.edu.tw/
6901,Matthew effect,馬修效應,马太效应,https://terms.naer.edu.tw/
6902,mature stage,成熟階段,,https://terms.naer.edu.tw/
6903,maturity,成熟期,,https://terms.naer.edu.tw/
6904,maturity date,到期日,期权到期日,https://terms.naer.edu.tw/
6905,maturity date,到期日,,https://terms.naer.edu.tw/
6906,maturity matching approach,到期日配合法,,https://terms.naer.edu.tw/
6907,maturity risk premium,到期風險溢酬,,https://terms.naer.edu.tw/
6908,maturity stage,成熟期,成熟期,https://terms.naer.edu.tw/
6909,maturity strategy,到期策略,期限匹配策略,https://terms.naer.edu.tw/
6910,maximax payoff criterion,大中取大報償準則,,https://terms.naer.edu.tw/
6911,maximum acceptable price,最高可接受價格,,https://terms.naer.edu.tw/
6912,maximum and minimum tariff system,最高最低稅則制,最高最低税则制,https://terms.naer.edu.tw/
6913,maximum inventory,最大存貨量,最大库存量,https://terms.naer.edu.tw/
6914,maximum order quantity,最大訂貨量,最大订货量,https://terms.naer.edu.tw/
6915,maximum price,最高價格,最高价格,https://terms.naer.edu.tw/
6916,maximum working area,最大工作區域,最大工作区域,https://terms.naer.edu.tw/
6917,maxmini payoff criterion,小中取大報償準則,,https://terms.naer.edu.tw/
6918,McClelland's need theory,麥克裡蘭需要理論；麥克裡蘭需求理論,麦克利兰需要理论,https://terms.naer.edu.tw/
6919,me-too product,模仿產品,模仿产品,https://terms.naer.edu.tw/
6920,mean reversion,平均數復歸,均值回归,https://terms.naer.edu.tw/
6921,mean-variance analysis,平均數-變異數分析,均值-方差分析,https://terms.naer.edu.tw/
6922,mean-variance criterion,平均數-變異數準則,均值-方差准则,https://terms.naer.edu.tw/
6923,means-ends analysis,手段-目標分析,,https://terms.naer.edu.tw/
6924,means-ends chain,手段-目標體系,,https://terms.naer.edu.tw/
6925,measurable,可衡量的；可測量性,可测量性,https://terms.naer.edu.tw/
6926,Measure,度量,度量,https://terms.naer.edu.tw/
6927,measure of technological innovation,技術創新衡量,技术创新测度,https://terms.naer.edu.tw/
6928,measure of value added,附加價值衡量,增加值,https://terms.naer.edu.tw/
6929,measurement,衡量,,https://terms.naer.edu.tw/
6930,measurement control system,測量控制系統,测量控制体系,https://terms.naer.edu.tw/
6931,Measurement Model,衡量模式,衡量模式,https://terms.naer.edu.tw/
6932,Measurement of knowledge,知識度量,知识度量,https://terms.naer.edu.tw/
6933,measurement process,量測過程,测量过程,https://terms.naer.edu.tw/
6934,measuring equipment,量測設備,测量设备,https://terms.naer.edu.tw/
6935,mechanic model,機械式模式；機械式模型,,https://terms.naer.edu.tw/
6936,mechanical organization,機械式組織,,https://terms.naer.edu.tw/
6937,mechanical/electronic observation,機械／電子觀察法,,https://terms.naer.edu.tw/
6938,mechanism,機制,,https://terms.naer.edu.tw/
6939,mechanism of adjustment of balance of payments,國際收支調整機制,国际收支调整机制,https://terms.naer.edu.tw/
6940,mechanistic job design,機械化工作設計,,https://terms.naer.edu.tw/
6941,mechanistic organization,機械式組織,,https://terms.naer.edu.tw/
6942,mechanistic structure,機械式結構,机械式结构,https://terms.naer.edu.tw/
6943,media,媒體,,https://terms.naer.edu.tw/
6944,media exposure,媒體展露,,https://terms.naer.edu.tw/
6945,media mix,媒體組合,,https://terms.naer.edu.tw/
6946,media planning,媒體規劃,,https://terms.naer.edu.tw/
6947,Media Richness Theory (RDT),媒體豐富性理論,媒体丰富性理论,https://terms.naer.edu.tw/
6948,media schedule,媒體排程,,https://terms.naer.edu.tw/
6949,media selection,媒體選擇,,https://terms.naer.edu.tw/
6950,median time,中位時間,中位时间,https://terms.naer.edu.tw/
6951,Mediating,傳遞性,传递性,https://terms.naer.edu.tw/
6952,mediating variable,中介變項,中介变量,https://terms.naer.edu.tw/
6953,mediator,調解者,调解者,https://terms.naer.edu.tw/
6954,Megabyte (MB),百萬位元組,兆字节,https://terms.naer.edu.tw/
6955,megamarketing,巨行銷,大营销,https://terms.naer.edu.tw/
6956,megatrend,大趨勢,,https://terms.naer.edu.tw/
6957,Mellon Bank,梅隆銀行,梅隆银行,https://terms.naer.edu.tw/
6958,membership regulatory system of stock exchange,股票交易所會員管理制度,交易所会员管理制度,https://terms.naer.edu.tw/
6959,memomotion study,慢速攝影動作研究,慢速摄影分析,https://terms.naer.edu.tw/
6960,memorandum account,備忘帳戶,备忘账户；备查账户,https://terms.naer.edu.tw/
6961,memorandum bill of lading,提貨單副本,提货单副本,https://terms.naer.edu.tw/
6962,memorandum of deposit,擔保品存入單,抵押品备忘录,https://terms.naer.edu.tw/
6963,memory encoding,記憶編碼,,https://terms.naer.edu.tw/
6964,memory retrieval,記憶提取,,https://terms.naer.edu.tw/
6965,memory test,記憶測試,,https://terms.naer.edu.tw/
6966,Menlo Park Lab,愛迪生實驗研究所,爱迪生实验研究所；门罗公园实验室”；“爱迪生发明工厂,https://terms.naer.edu.tw/
6967,mental ability test,心智能力測驗,心理能力测验,https://terms.naer.edu.tw/
6968,mental ability test,心智能力測驗,,https://terms.naer.edu.tw/
6969,mental account,心理帳戶,心理账户,https://terms.naer.edu.tw/
6970,mental accounting,心智會計,,https://terms.naer.edu.tw/
6971,mental analysis,心智分析,心理分析,https://terms.naer.edu.tw/
6972,mental model,心智模式,,https://terms.naer.edu.tw/
6973,mental models,心智模式；心智模型,心智模式；心智模型,https://terms.naer.edu.tw/
6974,mental work,心智活動,智力活动,https://terms.naer.edu.tw/
6975,mentor,導師,导师,https://terms.naer.edu.tw/
6976,mentor,導師,,https://terms.naer.edu.tw/
6977,mentoring program,師徒制,指导人计划,https://terms.naer.edu.tw/
6978,mercantile bill,商業票據,商业票据,https://terms.naer.edu.tw/
6979,mercantile bill,商業票據,商业票据,https://terms.naer.edu.tw/
6980,mercantile credit,商業信用,商业信贷,https://terms.naer.edu.tw/
6981,mercantile law,商事法,商法,https://terms.naer.edu.tw/
6982,mercantile paper,商業票據,商业票据,https://terms.naer.edu.tw/
6983,merchandise broker,商品經紀人,商业经纪人,https://terms.naer.edu.tw/
6984,merchandise management,商品管理,,https://terms.naer.edu.tw/
6985,merchandise mark,商標；商標法,①商标 ②商标法,https://terms.naer.edu.tw/
6986,merchandise money,商品貨幣,商品货币,https://terms.naer.edu.tw/
6987,merchant bank,商人銀行,商人银行,https://terms.naer.edu.tw/
6988,merchant bank,商人銀行,商业银行,https://terms.naer.edu.tw/
6989,Merchant Marine Act,海運法,海运法,https://terms.naer.edu.tw/
6990,merchant middlemen,商品中間商,,https://terms.naer.edu.tw/
6991,merchant wholesaler,商品批發商,,https://terms.naer.edu.tw/
6992,merchant wholesaler,商品批發商,,https://terms.naer.edu.tw/
6993,merchant’s letter of credit {=merchant’s L/C},商人信用狀,商人信用证,https://terms.naer.edu.tw/
6994,merchanting trade,仲介貿易,中介贸易,https://terms.naer.edu.tw/
6995,merger,合併,,https://terms.naer.edu.tw/
6996,merger & acquisition {=M&A},併購；購併,,https://terms.naer.edu.tw/
6997,merit pay,績效薪資,绩优报酬,https://terms.naer.edu.tw/
6998,merit rating,功績評定,,https://terms.naer.edu.tw/
6999,meso organizational behavior,中觀組織行為,中观组织行为,https://terms.naer.edu.tw/
7000,message,訊息,,https://terms.naer.edu.tw/
7001,meta-analysis,後設分析；統合分析,元分析,https://terms.naer.edu.tw/
7002,meta-learning,後設學習,元学习,https://terms.naer.edu.tw/
7003,Metadata,中繼資料,元数据,https://terms.naer.edu.tw/
7004,metal futures,金屬期貨,金属期货,https://terms.naer.edu.tw/
7005,metallic monetary system,金屬貨幣制度,金属货币制度,https://terms.naer.edu.tw/
7006,metallic standard system,金屬本位制,金属本位制,https://terms.naer.edu.tw/
7007,metamorphosis stage,蛻變期,,https://terms.naer.edu.tw/
7008,Method base,方法庫,方法库,https://terms.naer.edu.tw/
7009,Method base management system,方法庫管理系統,方法库管理系统,https://terms.naer.edu.tw/
7010,Method base system,方法庫系統,方法库系统,https://terms.naer.edu.tw/
7011,method of counter - invention,反向發明法,反求法；逆向发明法,https://terms.naer.edu.tw/
7012,method of evaluation,評估方法,评价方法,https://terms.naer.edu.tw/
7013,method standard,方法標準,方法标准,https://terms.naer.edu.tw/
7014,method study　,方法研究,,https://terms.naer.edu.tw/
7015,methods-time measurement (MTM)　,方法時間測量,方法时间衡量,https://terms.naer.edu.tw/
7016,metrological characteristic,計量特性,计量特性,https://terms.naer.edu.tw/
7017,metrological confirmation,計量確認,计量确认,https://terms.naer.edu.tw/
7018,metrological function,計量功能,计量职能,https://terms.naer.edu.tw/
7019,mezzanine financing,夾層融資,夹层融资,https://terms.naer.edu.tw/
7020,mezzanine loan securitization,夾層貸款證券化,夹层贷款证券化,https://terms.naer.edu.tw/
7021,Michigan leadership theory,密西根領導理論,密西根领导理论,https://terms.naer.edu.tw/
7022,micro action analysis,微動作分析,微动作分析,https://terms.naer.edu.tw/
7023,micro environment,個體環境；微觀環境,,https://terms.naer.edu.tw/
7024,micro organizational behavior,微觀組織行為,微观组织行为,https://terms.naer.edu.tw/
7025,micro theory,個體理論；微觀理論,,https://terms.naer.edu.tw/
7026,Microcomputer,微電腦,微型计算机,https://terms.naer.edu.tw/
7027,microeconomics,個體經濟學；微觀經濟學,,https://terms.naer.edu.tw/
7028,microenvironment,個體環境；微觀環境,微观环境,https://terms.naer.edu.tw/
7029,micromarketing,個體行銷；微觀行銷,微观营销,https://terms.naer.edu.tw/
7030,micromotion study　,微動作研究；細微動作研究,微动作分析,https://terms.naer.edu.tw/
7031,micropreneur,微型創業家,,https://terms.naer.edu.tw/
7032,Microprocessor,微處理機,微处理器,https://terms.naer.edu.tw/
7033,Microprogramming,微程式,微程序,https://terms.naer.edu.tw/
7034,Microsecond,微秒,微秒,https://terms.naer.edu.tw/
7035,midcareer crisis stage,職涯中期危機階段,职涯中期危机阶段,https://terms.naer.edu.tw/
7036,middle management,中階管理層,,https://terms.naer.edu.tw/
7037,middle manager,中階管理者,中层管理者,https://terms.naer.edu.tw/
7038,middle manager,中階管理者,,https://terms.naer.edu.tw/
7039,middle price,中價,中间价；平均价,https://terms.naer.edu.tw/
7040,middleman,中間商,中间商,https://terms.naer.edu.tw/
7041,middleman,中間商,,https://terms.naer.edu.tw/
7042,Middleware,中介軟體,中软件,https://terms.naer.edu.tw/
7043,Midland Bank； Ltd.,米特蘭銀行,米兰银行,https://terms.naer.edu.tw/
7044,min-max system,最小-最大系統,最小-最大系统,https://terms.naer.edu.tw/
7045,mind mapping,心智圖,,https://terms.naer.edu.tw/
7046,mind share,心占率,,https://terms.naer.edu.tw/
7047,Minicomputer,迷你電腦,迷你电子计算器,https://terms.naer.edu.tw/
7048,minimum charge,最低費用,最低费用,https://terms.naer.edu.tw/
7049,minimum efficient scale{=MES},最小有效規模,,https://terms.naer.edu.tw/
7050,minimum freight,最低運費,最低运费,https://terms.naer.edu.tw/
7051,minimum order quantity,最小訂貨量,最小订货量,https://terms.naer.edu.tw/
7052,Minimum redundancy,最少重複,最小冗余度,https://terms.naer.edu.tw/
7053,minimum reserve ratio,最低準備率,最低储备率,https://terms.naer.edu.tw/
7054,minimum subscription,最低認購額；最低認購股,最低筹资额,https://terms.naer.edu.tw/
7055,minimum time,最小時間,最小时间,https://terms.naer.edu.tw/
7056,minimum wage,最低工資,最低工资,https://terms.naer.edu.tw/
7057,minimum-variance portfolio,最小變異數投資組合,最小方差资产组合,https://terms.naer.edu.tw/
7058,Ministry of Science and Technology,科技部,,https://terms.naer.edu.tw/
7059,Minnesota multiphasic personality inventory,明尼蘇達多相個性問卷；明尼蘇達多重性格量表,明尼苏达多相个性问卷,https://terms.naer.edu.tw/
7060,Minnesota Satisfaction Questionnaire (MSQ),明尼蘇達滿意問卷,明尼苏达满意问卷,https://terms.naer.edu.tw/
7061,minor defect,輕微缺陷；輕微缺點,轻微缺陷,https://terms.naer.edu.tw/
7062,minority group,弱勢團體；弱勢群體；少數群體,,https://terms.naer.edu.tw/
7063,mint parity,匯兌的鑄幣平價,铸币平价；法定平价,https://terms.naer.edu.tw/
7064,Misreading Demands,誤解需求,误解需求,https://terms.naer.edu.tw/
7065,Misreading Interdependence,誤解相依,误解相依,https://terms.naer.edu.tw/
7066,mission,使命,,https://terms.naer.edu.tw/
7067,mission installation allowance,出差津貼,出差津贴,https://terms.naer.edu.tw/
7068,missionary sales force,傳教式銷售團隊；宣導式銷售團隊,,https://terms.naer.edu.tw/
7069,mix,混合式,,https://terms.naer.edu.tw/
7070,mixed account,混合帳戶,混合账户,https://terms.naer.edu.tw/
7071,mixed duties,混合關稅,混合关税；复合税,https://terms.naer.edu.tw/
7072,mixed economies,混合經濟,,https://terms.naer.edu.tw/
7073,Mixed Influence Model,混合影響模型,混合影响模型,https://terms.naer.edu.tw/
7074,mixed policy,混合保險單,混合保险单,https://terms.naer.edu.tw/
7075,mixed quota,混合配額,混合配额,https://terms.naer.edu.tw/
7076,mixed standard scales,混合標準量表,混合标准法,https://terms.naer.edu.tw/
7077,mixed tariff,混合關稅,混合关税,https://terms.naer.edu.tw/
7078,mixed-model assembly line,混流裝配線,混流装配线,https://terms.naer.edu.tw/
7079,mixed-model production,混線生產；混合模式生產,混流生产,https://terms.naer.edu.tw/
7080,mixed-model scheduling,混線排程,混流排程,https://terms.naer.edu.tw/
7081,"MM proposition, Miller-Modigliani proposition",MM定理,MM定理,https://terms.naer.edu.tw/
7082,Mobile banking,行動銀行,手机银行,https://terms.naer.edu.tw/
7083,mobile capital,流動資本,流动资本,https://terms.naer.edu.tw/
7084,Mobile commerce,行動商務,移动商务,https://terms.naer.edu.tw/
7085,mobile defense,游移防禦,,https://terms.naer.edu.tw/
7086,mobility barriers,移動障礙,,https://terms.naer.edu.tw/
7087,Modalities,模態,模态,https://terms.naer.edu.tw/
7088,mode of production,生產方式,生产模式；生产方式,https://terms.naer.edu.tw/
7089,Model base,模式庫,模型库,https://terms.naer.edu.tw/
7090,Model base management system,模式庫管理系統,模型库管理系统,https://terms.naer.edu.tw/
7091,Model base system,模式庫系統,模型库系统,https://terms.naer.edu.tw/
7092,model building,模式建構,,https://terms.naer.edu.tw/
7093,model contract,合約範本,标准合同；合同范本,https://terms.naer.edu.tw/
7094,Model generation,模型生成,模型生成,https://terms.naer.edu.tw/
7095,Model group,模型群,模型群,https://terms.naer.edu.tw/
7096,model method,模組法,模特法,https://terms.naer.edu.tw/
7097,model P and I bill of lading,標準保賠提單,标准保赔提单,https://terms.naer.edu.tw/
7098,moderating variable,干擾變項；調節變項,缓冲变量,https://terms.naer.edu.tw/
7099,modern portfolio theory、 MPT,現代投資組合理論,现代资产组合理论,https://terms.naer.edu.tw/
7100,modified duration,修正存續期間,修正久期,https://terms.naer.edu.tw/
7101,"modified internal rate of return, MIRR",修正後內部報酬率法,,https://terms.naer.edu.tw/
7102,modified rebuy,修正式再購,修正后重购,https://terms.naer.edu.tw/
7103,Modular approach,模組化方法,模块化方法,https://terms.naer.edu.tw/
7104,modular arrangement of PTS (MODAPTS),大量作業測定法；模組排時法,大量作业测定法,https://terms.naer.edu.tw/
7105,modular bill of material,模組物料清單,模块物料清单,https://terms.naer.edu.tw/
7106,modular design,模組化設計,模块设计,https://terms.naer.edu.tw/
7107,modular innovation,模組創新；模組式創新,,https://terms.naer.edu.tw/
7108,modularity　,模組化,,https://terms.naer.edu.tw/
7109,modularity innovation,模組創新,模块创新；模块化创新；核心部件创新,https://terms.naer.edu.tw/
7110,Module,模組,模块,https://terms.naer.edu.tw/
7111,Module independence,模組獨立,模块独立,https://terms.naer.edu.tw/
7112,modulization,模組化,,https://terms.naer.edu.tw/
7113,moment matching method,動差配適法,矩匹配技术,https://terms.naer.edu.tw/
7114,momentum effect,動量效應,动量效应,https://terms.naer.edu.tw/
7115,monetary agreement,貨幣協定,货币协定,https://terms.naer.edu.tw/
7116,monetary and financial crisis,貨幣金融危機,货币金融危机,https://terms.naer.edu.tw/
7117,monetary approach to balance of payments,國際收支的貨幣分析法,国际收支的货币分析法,https://terms.naer.edu.tw/
7118,monetary arrangement,貨幣協定,货币协定,https://terms.naer.edu.tw/
7119,monetary base,貨幣基數,货币基础,https://terms.naer.edu.tw/
7120,monetary bloc,貨幣集團,货币集团,https://terms.naer.edu.tw/
7121,monetary compensatory amount,貨幣補償金額,货币补偿额,https://terms.naer.edu.tw/
7122,monetary crank,貨幣幻覺,货币幻觉,https://terms.naer.edu.tw/
7123,monetary crisis,貨幣危機,货币危机,https://terms.naer.edu.tw/
7124,monetary illusion,貨幣幻覺,,https://terms.naer.edu.tw/
7125,monetary mechanism,貨幣機制,①货币结构 ②货币机制,https://terms.naer.edu.tw/
7126,monetary parity,貨幣平價,货币平价,https://terms.naer.edu.tw/
7127,monetary policy,貨幣政策,,https://terms.naer.edu.tw/
7128,monetary policy instrument,貨幣政策工具,货币政策工具,https://terms.naer.edu.tw/
7129,monetary reserve,貨幣準備金,货币准备金,https://terms.naer.edu.tw/
7130,monetary standard,貨幣本位制,货币本位制,https://terms.naer.edu.tw/
7131,monetary transmission mechanism,貨幣傳導機制,货币传导机制,https://terms.naer.edu.tw/
7132,monetary union,貨幣同盟,货币联盟,https://terms.naer.edu.tw/
7133,monetary unit,貨幣單位,货币单位,https://terms.naer.edu.tw/
7134,monetary veil,貨幣面紗,货币面纱,https://terms.naer.edu.tw/
7135,money,貨幣,货币,https://terms.naer.edu.tw/
7136,money arbitrage,貨幣套利,货币套利,https://terms.naer.edu.tw/
7137,money at call,通知放款,短期放款,https://terms.naer.edu.tw/
7138,money capital,貨幣資本,货币资本,https://terms.naer.edu.tw/
7139,money circulation,貨幣流通,货币流通,https://terms.naer.edu.tw/
7140,money laundering,洗錢,洗钱,https://terms.naer.edu.tw/
7141,money market,貨幣市場,货币市场,https://terms.naer.edu.tw/
7142,money market,貨幣市場,货币市场,https://terms.naer.edu.tw/
7143,money market fund,貨幣市場基金,货币市场基金,https://terms.naer.edu.tw/
7144,money market funds,貨幣市場基金,,https://terms.naer.edu.tw/
7145,money market mutual fund,貨幣市場共同基金,货币市场共同基金,https://terms.naer.edu.tw/
7146,money market operation,貨幣市場操作,货币市场操作,https://terms.naer.edu.tw/
7147,money market rate,貨幣市場利率,货币市场利率,https://terms.naer.edu.tw/
7148,money of account,記帳貨幣,记账货币,https://terms.naer.edu.tw/
7149,money order,匯票,汇票,https://terms.naer.edu.tw/
7150,money paid in advance,預付款,预付款,https://terms.naer.edu.tw/
7151,money position,現金部位,现金头寸,https://terms.naer.edu.tw/
7152,money rate of interest,貨幣利率,货币利率,https://terms.naer.edu.tw/
7153,money stock,貨幣存量,货币存量,https://terms.naer.edu.tw/
7154,moneyness,價值狀態,价值状态,https://terms.naer.edu.tw/
7155,mongline-mode of informal communication,單線式非正式溝通,,https://terms.naer.edu.tw/
7156,monitor,偵察者,,https://terms.naer.edu.tw/
7157,Monitoring Costs,監督成本,监督成本,https://terms.naer.edu.tw/
7158,monitoring sampling inspection,監測抽樣檢驗,监测抽样检验,https://terms.naer.edu.tw/
7159,monometallism,單金屬本位制,单金属本位制,https://terms.naer.edu.tw/
7160,monopolistic competition,獨佔性競爭；壟斷性競爭,,https://terms.naer.edu.tw/
7161,monopoly,獨占；壟斷,,https://terms.naer.edu.tw/
7162,monopoly rents,獨占租,,https://terms.naer.edu.tw/
7163,monopoly tariff,獨占關稅,垄断关税,https://terms.naer.edu.tw/
7164,Monte Carlo simulation,蒙地卡羅模擬,,https://terms.naer.edu.tw/
7165,mood,心情,心境,https://terms.naer.edu.tw/
7166,Moore's law,摩爾定律,摩尔定律；摩尔法则,https://terms.naer.edu.tw/
7167,Moore's second law,摩爾第二定律,摩尔第二定律,https://terms.naer.edu.tw/
7168,moral hazard,道德風險,,https://terms.naer.edu.tw/
7169,moral minimum theory,最低道德限度理論,,https://terms.naer.edu.tw/
7170,moral philosophy,道德哲學,道德哲学,https://terms.naer.edu.tw/
7171,moral suasion,道德勸說,道义劝告,https://terms.naer.edu.tw/
7172,morphological analysis,形態分析法,,https://terms.naer.edu.tw/
7173,mortgage,抵押,抵押,https://terms.naer.edu.tw/
7174,mortgage bond,抵押債券,抵押债券,https://terms.naer.edu.tw/
7175,mortgage bond,抵押債券,抵押债券,https://terms.naer.edu.tw/
7176,mortgage clause,抵押條款,抵押条款,https://terms.naer.edu.tw/
7177,mortgage credit,抵押信用,抵押信贷,https://terms.naer.edu.tw/
7178,mortgage debenture,抵押債券,抵押[公司]债券,https://terms.naer.edu.tw/
7179,mortgage loan,抵押貸款,抵押贷款,https://terms.naer.edu.tw/
7180,mortgage loan,抵押貸款,抵押贷款,https://terms.naer.edu.tw/
7181,mortgage pass-throughs,不動產抵押擔保債券,,https://terms.naer.edu.tw/
7182,"mortgage-backed securities, MBS",房貸擔保證券,抵押支持证券,https://terms.naer.edu.tw/
7183,Most Favored Nation {=MFN},最惠國,最惠国,https://terms.naer.edu.tw/
7184,most favored nation clauses,最惠國待遇條款,,https://terms.naer.edu.tw/
7185,most-favored nation tariff rate,最惠國關稅率,最惠国关税率,https://terms.naer.edu.tw/
7186,motion,動作,动作,https://terms.naer.edu.tw/
7187,motion analysis,動作分析,,https://terms.naer.edu.tw/
7188,motion and time study,動作時間研究,动作时间研究,https://terms.naer.edu.tw/
7189,motion economy,動作經濟,动作经济性,https://terms.naer.edu.tw/
7190,motion study,動作研究,动作研究,https://terms.naer.edu.tw/
7191,motion study,動作研究,,https://terms.naer.edu.tw/
7192,motion time measurement,動作時間測量,,https://terms.naer.edu.tw/
7193,motion waste,動作浪費,动作浪费,https://terms.naer.edu.tw/
7194,motivated behavior,被激勵之行為,,https://terms.naer.edu.tw/
7195,motivated productivity level {=MPL},激勵生產力水準,动机性生产率水平,https://terms.naer.edu.tw/
7196,motivating potential score,動機潛能分數；激勵潛能分數,,https://terms.naer.edu.tw/
7197,motivation,動機；激勵,,https://terms.naer.edu.tw/
7198,motivation factor,激勵因子,,https://terms.naer.edu.tw/
7199,Motivation to Comply,依從動機,依从动机,https://terms.naer.edu.tw/
7200,motivation-hygiene theory,激勵-保健理論；雙因數理論,激励-保健理论,https://terms.naer.edu.tw/
7201,motivation-hygiene two factors theory,激勵-保健二因子理論,,https://terms.naer.edu.tw/
7202,motivational design,激勵型工作設計法,激励型职位设计法,https://terms.naer.edu.tw/
7203,motivational research,動機研究,消费者动机研究,https://terms.naer.edu.tw/
7204,motivational theory,激勵理論；動機理論,激励理论,https://terms.naer.edu.tw/
7205,motivational theory,激勵理論；動機理論,,https://terms.naer.edu.tw/
7206,motivator,激勵因子,激励因素,https://terms.naer.edu.tw/
7207,motivator,激勵因子,,https://terms.naer.edu.tw/
7208,motive,動機,,https://terms.naer.edu.tw/
7209,motive,動機,,https://terms.naer.edu.tw/
7210,moving average model,移動平均模式,,https://terms.naer.edu.tw/
7211,moving budgeting,移動預算,,https://terms.naer.edu.tw/
7212,Multi-agent simulation,多代理模擬,多代理仿真,https://terms.naer.edu.tw/
7213,multi-currency intervention,多種貨幣干預,多种货币干预,https://terms.naer.edu.tw/
7214,multi-currency loan,多種貨幣貸款,多种货币货款,https://terms.naer.edu.tw/
7215,Multi-level description,多層次著錄,多层次著录,https://terms.naer.edu.tw/
7216,multi-model production　,多模式生產,,https://terms.naer.edu.tw/
7217,multiattribute attitude model {=MAAM},多屬性態度模式,,https://terms.naer.edu.tw/
7218,multiattribute decision-making,多特徵決策；多屬性決策,多特征决策,https://terms.naer.edu.tw/
7219,multibrand strategy,多品牌策略,多品牌策略,https://terms.naer.edu.tw/
7220,multibusiness organization,多事業部組織,,https://terms.naer.edu.tw/
7221,multichannel conflict,多重通路衝突,,https://terms.naer.edu.tw/
7222,multichannel distribution system,多重配銷系統,多渠道分销系统；混合营销渠道,https://terms.naer.edu.tw/
7223,multichannel marketing,多重通路行銷,,https://terms.naer.edu.tw/
7224,multicollinearity,複共線性,,https://terms.naer.edu.tw/
7225,Multidimensional analysis,多維分析,多维分析,https://terms.naer.edu.tw/
7226,multidimensional approach,多維度方法；多構面方法,,https://terms.naer.edu.tw/
7227,Multidimensional data model,多維資料模型,多维数据模型,https://terms.naer.edu.tw/
7228,multidimensional organization,多構面組織；多維度組織,,https://terms.naer.edu.tw/
7229,multidimensional scaling {=MDS},多元尺度法,,https://terms.naer.edu.tw/
7230,Multidimensionality,多維性,多维性,https://terms.naer.edu.tw/
7231,multidivisional society,M型社會,,https://terms.naer.edu.tw/
7232,multidomestic strategy,多國策略,多国国内战略,https://terms.naer.edu.tw/
7233,multilateral agreement,多邊協定,多边协定,https://terms.naer.edu.tw/
7234,multilateral clearing,多邊清算,多边清算,https://terms.naer.edu.tw/
7235,multilateral settlement,多邊清算,多边结算,https://terms.naer.edu.tw/
7236,multilateral tariff treaty,多邊關稅協定,多边关税协定,https://terms.naer.edu.tw/
7237,multilateral trade,多邊貿易,多边贸易,https://terms.naer.edu.tw/
7238,multilateral trade negotiation {=MTN},多邊貿易談判,多边贸易谈判,https://terms.naer.edu.tw/
7239,multilaterally harmonized standard,多邊調和標準,多边协调标准,https://terms.naer.edu.tw/
7240,multilevel selling,多層次銷售,,https://terms.naer.edu.tw/
7241,multilevel theory,多層次研究；多層次理論,多水平理论,https://terms.naer.edu.tw/
7242,multilevel theory of team decision making,團隊決策多層次理論,多层次团队决策理论,https://terms.naer.edu.tw/
7243,multilevel where-used,多階用途表,多层用处表,https://terms.naer.edu.tw/
7244,multimarket competition,多重市場競爭,多点市场竞争,https://terms.naer.edu.tw/
7245,multimarket contact,多重市場接觸,,https://terms.naer.edu.tw/
7246,multimedia training,多媒體訓練,多媒体培训,https://terms.naer.edu.tw/
7247,multinational central bank system,跨國中央銀行制度,跨国中央银行制度,https://terms.naer.edu.tw/
7248,multinational competition,多國競爭,,https://terms.naer.edu.tw/
7249,multinational corporation,多國公司,,https://terms.naer.edu.tw/
7250,multinational corporation {=MNC},多國公司,,https://terms.naer.edu.tw/
7251,multinational corporation{=MNC},多國籍企業,,https://terms.naer.edu.tw/
7252,multinational corporations (MNCs),多國籍企業,跨国公司；多国公司,https://terms.naer.edu.tw/
7253,multinational enterprise,多國企業；多國籍企業,跨国企业,https://terms.naer.edu.tw/
7254,multinational organization,跨國組織,,https://terms.naer.edu.tw/
7255,multinational organizations,跨國組織；多國籍組織,跨国组织,https://terms.naer.edu.tw/
7256,multiple [column] tariff,複式關稅稅則,多栏关税[制],https://terms.naer.edu.tw/
7257,multiple activity operation analysis,多項活動作業分析,联合作业分析,https://terms.naer.edu.tw/
7258,multiple activity operation chart,多項活動作業程序圖,联合操作程序图,https://terms.naer.edu.tw/
7259,multiple activity process chart,多動作程序圖；聯合程序圖,多种动作程序图,https://terms.naer.edu.tw/
7260,multiple communication pattern,多重溝通型態,多向沟通模式,https://terms.naer.edu.tw/
7261,Multiple Cues,多重線索,多重线索,https://terms.naer.edu.tw/
7262,multiple exchange rate,複式匯率,多重汇率；复合汇率,https://terms.naer.edu.tw/
7263,multiple hurdle model,多重篩選法,多重筛选法,https://terms.naer.edu.tw/
7264,multiple licensing,多重授權,,https://terms.naer.edu.tw/
7265,multiple management,多元管理,,https://terms.naer.edu.tw/
7266,multiple product process chart,多產品程序圖,,https://terms.naer.edu.tw/
7267,multiple regression analysis,複迴歸分析,,https://terms.naer.edu.tw/
7268,multiple sampling,多次抽樣,多次抽样,https://terms.naer.edu.tw/
7269,multiple sourcing,多重供應來源；多重供應源,多供源采购,https://terms.naer.edu.tw/
7270,multiple taxation,多重課稅,复税制,https://terms.naer.edu.tw/
7271,multiple-factor index method,多因素指標法,,https://terms.naer.edu.tw/
7272,multiple-item lot-sizing model,多物品批量模式；多物品批量模型,多物品批量模型,https://terms.naer.edu.tw/
7273,multiple-item scale design,多項目量表設計,,https://terms.naer.edu.tw/
7274,multiple-unit pricing,多單位訂價法,,https://terms.naer.edu.tw/
7275,multiple-zone pricing system,多地區訂價系統,,https://terms.naer.edu.tw/
7276,Multiprogramming,多程式作業,多元程序,https://terms.naer.edu.tw/
7277,Multipurpose internet mail extensions (MIME),多用途網路郵件擴充協定,多用途互联网邮件扩充协议,https://terms.naer.edu.tw/
7278,multistage contingency approach,多階段權變方法,,https://terms.naer.edu.tw/
7279,Multitasking,多工作業,多任务,https://terms.naer.edu.tw/
7280,Multithreading,多執行緒作業,,https://terms.naer.edu.tw/
7281,multitrait-multimethod matrix,多特質-多方法矩陣,多特征多方法矩阵,https://terms.naer.edu.tw/
7282,multivariate analysis,多變量分析,,https://terms.naer.edu.tw/
7283,Mundell-Fleming Model,蒙代爾－弗萊明模型,蒙代尔－弗莱明模型,https://terms.naer.edu.tw/
7284,municipal bonds,地方政府債券,,https://terms.naer.edu.tw/
7285,mutual bank,互助銀行,互助银行,https://terms.naer.edu.tw/
7286,mutual dependence,相互依賴,,https://terms.naer.edu.tw/
7287,mutual forbearance,相互節制,,https://terms.naer.edu.tw/
7288,mutual fund,共同基金,,https://terms.naer.edu.tw/
7289,mutual holding,交叉持股,相互控股,https://terms.naer.edu.tw/
7290,mutual insurance,相互保險,相互保险；互助保险,https://terms.naer.edu.tw/
7291,mutual insurance company,互助保險公司,互助保险公司,https://terms.naer.edu.tw/
7292,mutual investment fund,共同投資基金,共同投资基金,https://terms.naer.edu.tw/
7293,mutual offset arrangement,相互抵銷協議,,https://terms.naer.edu.tw/
7294,mutual preferential duty,相互優惠關稅,互惠关税,https://terms.naer.edu.tw/
7295,mutual saving bank,互助儲蓄銀行,互助储蓄银行,https://terms.naer.edu.tw/
7296,mutual saving bank,互助儲蓄銀行,互助储蓄银行,https://terms.naer.edu.tw/
7297,mutually beneficial supplier relationship,與供應商互利關係,与供方互利关系,https://terms.naer.edu.tw/
7298,mutually exclusive projects,互斥專案,,https://terms.naer.edu.tw/
7299,Myers-Briggs type indicator,麥布二氏類型量表；麥布二式人格類型量表,迈尔斯-布里格个性类型测量表,https://terms.naer.edu.tw/
7300,Myers-Briggs Type Indicator{=MBTI},邁爾斯-布裏格斯性格分類法,,https://terms.naer.edu.tw/
7301,mystery shopper,神秘購物者；秘密客,,https://terms.naer.edu.tw/
7302,N-stage discount model,N階折現模型,多阶段贴现模型,https://terms.naer.edu.tw/
7303,naked contract,無擔保契約,无偿契约；无担保契约,https://terms.naer.edu.tw/
7304,naked debenture,無擔保公司債券；無擔保公司債,无担保公司债券,https://terms.naer.edu.tw/
7305,naked option,選擇權祼部位,,https://terms.naer.edu.tw/
7306,named bill of lading,記名提單,记名提单,https://terms.naer.edu.tw/
7307,nano-bio-info-cogno,會聚技術,会聚技术,https://terms.naer.edu.tw/
7308,narcissism,自戀,自恋,https://terms.naer.edu.tw/
7309,narrow exchange rate margin,狹窄匯率浮動幅度；小差距匯率幅度,狭窄汇率浮动幅度,https://terms.naer.edu.tw/
7310,NASDAQ Index,那斯達克指數,纳斯达克指数,https://terms.naer.edu.tw/
7311,nation-based competitive advantage,國家基礎的競爭優勢,,https://terms.naer.edu.tw/
7312,national “climbing”program(1991),國家基礎性研究重大專案計畫(攀登計畫)(1991),国家基础性研究重大项目计划(攀登计划)(1991),https://terms.naer.edu.tw/
7313,national academy of science of USA,美國國家科學院,美国国家科学院,https://terms.naer.edu.tw/
7314,national accounting,國民會計,国民会计,https://terms.naer.edu.tw/
7315,national agricultural science and technology innovation system,國家農業科技創新系統,国家农业科技创新体系,https://terms.naer.edu.tw/
7316,National Association of Securities Dealers Automated Quotations {=NASDAQ},那斯達克,,https://terms.naer.edu.tw/
7317,national bank,[美]聯邦特許[註冊]銀行,①[美]联邦特许[注册]银行 ②国家银行 ③国民银行,https://terms.naer.edu.tw/
7318,national basic research program of China,國家重點基礎研究發展計畫(973計畫)(1998),国家重点基础研究发展计划(973计划)(1998),https://terms.naer.edu.tw/
7319,national brand,全國性品牌,全国品牌；制造商品牌,https://terms.naer.edu.tw/
7320,national brand,全國性品牌,,https://terms.naer.edu.tw/
7321,National Council of American Importers,美國進口商全國委員會,美国进口商协会,https://terms.naer.edu.tw/
7322,national debt,國債,,https://terms.naer.edu.tw/
7323,national diamond framework,國家鑚石分析架構,,https://terms.naer.edu.tw/
7324,national engineering (technical) research center program,國家工程(技術)研究中心計畫(1991),国家工程(技术)研究中心计划(1991),https://terms.naer.edu.tw/
7325,national engineering research center,國家工程研究中心,国家工程研究中心,https://terms.naer.edu.tw/
7326,national high-tech R&D program (863 program),國家高科技研究發展計畫(863計畫)(1986),国家高科技研究发展计划(863计划)(1986),https://terms.naer.edu.tw/
7327,National information infrastructure,國家資訊基礎結構,国家信息基础结构,https://terms.naer.edu.tw/
7328,National information system,國家情報系統,国家情报系统,https://terms.naer.edu.tw/
7329,national innovation system,國家創新系統,国家创新系统,https://terms.naer.edu.tw/
7330,national innovative capacity,國家創新能力,国家创新能力,https://terms.naer.edu.tw/
7331,national key laboratory building plans,國家重點工業性實驗專案計畫(1984),国家重点工业性实验项目计划(1984),https://terms.naer.edu.tw/
7332,national key new product plan,國家重點新產品計畫(1988),国家重点新产品计划(1988),https://terms.naer.edu.tw/
7333,national key project of new technology,國家重點新技術推廣項目計畫(六五期間),国家重点新技术推广项目计划(六五期间),https://terms.naer.edu.tw/
7334,national natural science foundation of china,(中國)國家自然科學基金委員會,(中国)国家自然科学基金委员会,https://terms.naer.edu.tw/
7335,national rejuvenation through science and education,科教興國,科教兴国,https://terms.naer.edu.tw/
7336,national science and technology program,國家科技計畫,国家科技计划,https://terms.naer.edu.tw/
7337,National Science Council,國科會,,https://terms.naer.edu.tw/
7338,national science foundation,國家科學基金會,国家科学基金,https://terms.naer.edu.tw/
7339,national standard,國家標準,国家标准,https://terms.naer.edu.tw/
7340,national standard body,國家標準機構,国家标准化组织,https://terms.naer.edu.tw/
7341,national technical development plan,國家技術開發計畫(1983),国家技术开发计划(1983),https://terms.naer.edu.tw/
7342,national treatment,國民待遇,国民待遇,https://terms.naer.edu.tw/
7343,national university science park,國際科技合作重點專案計畫(2001)；國家級大學科學園,国际科技合作重点项目计划(2001),https://terms.naer.edu.tw/
7344,natural hedges,自然避險,,https://terms.naer.edu.tw/
7345,Natural system,自然系統,自然系统,https://terms.naer.edu.tw/
7346,Naturalistic Research,自然研究派,自然研究派,https://terms.naer.edu.tw/
7347,near-zero inventory,零庫存,,https://terms.naer.edu.tw/
7348,Necessary Conditions,必要條件,必要条件,https://terms.naer.edu.tw/
7349,need,需要,,https://terms.naer.edu.tw/
7350,need assessment,需求分析；需求評估,需求分析,https://terms.naer.edu.tw/
7351,need for achievement,成就需要；成就需求,,https://terms.naer.edu.tw/
7352,need for achievement (nAch),成就需求,成就需要,https://terms.naer.edu.tw/
7353,need for affiliation,歸屬需要；歸屬需求；隸屬需要；隸屬需求；親和需要；親和需求,,https://terms.naer.edu.tw/
7354,need for affiliation (nAff),歸屬需求,归属需要,https://terms.naer.edu.tw/
7355,need for power,權力需要；權力需求,,https://terms.naer.edu.tw/
7356,need hierarchy theory,需要層級理論；需求層級理論,需要层次理论,https://terms.naer.edu.tw/
7357,need hierarchy theory,需要層級理論；需求層級理論,,https://terms.naer.edu.tw/
7358,need of power {=nPow},權力需求,权力需要,https://terms.naer.edu.tw/
7359,need theory of Maslow,馬斯洛需要理論；馬斯洛需求理論,,https://terms.naer.edu.tw/
7360,Needham thesis,李約瑟命題,李约瑟命题,https://terms.naer.edu.tw/
7361,needs theory,需求理論,需要理论,https://terms.naer.edu.tw/
7362,negative advertising,負面廣告,,https://terms.naer.edu.tw/
7363,negative affectivity,負向情感,负性情感,https://terms.naer.edu.tw/
7364,negative demand,負需求,,https://terms.naer.edu.tw/
7365,negative interest,負利息,负利息,https://terms.naer.edu.tw/
7366,negative investment,負投資,负投资；投资缩减,https://terms.naer.edu.tw/
7367,negative list,不准進口商品單,限制进口商品货单,https://terms.naer.edu.tw/
7368,negative reinforcement,負強化；負增強,负强化；负增强,https://terms.naer.edu.tw/
7369,negotiable bill,流通票據；可轉讓票據,可转让票据；流通票据,https://terms.naer.edu.tw/
7370,negotiable bill of lading {=negotiable B/L},可轉讓提單,可转让提单,https://terms.naer.edu.tw/
7371,negotiable bond,可轉讓債券,可转让债券；流通债券,https://terms.naer.edu.tw/
7372,negotiable certificate of deposit,可轉讓定期存單,,https://terms.naer.edu.tw/
7373,negotiable certificates of [time] deposit,可轉讓定期存單,可转让定期存款单,https://terms.naer.edu.tw/
7374,negotiable cheque,可轉讓支票,流通支票；可转让支票,https://terms.naer.edu.tw/
7375,negotiable document,可轉讓單證,可转让单证,https://terms.naer.edu.tw/
7376,negotiable instrument,流通票據；可轉讓票據,流通票据；可转让票据,https://terms.naer.edu.tw/
7377,negotiable letter of credit {=negotiable L/C},可轉讓信用狀,可转让信用证,https://terms.naer.edu.tw/
7378,negotiable order of withdraw {=NOW},可轉讓提款單,可转让提款单,https://terms.naer.edu.tw/
7379,negotiable order of withdrawal account,可轉讓支付提款帳戶,可转让支付命令账户,https://terms.naer.edu.tw/
7380,negotiable warehouse receipt,可轉讓倉單,可转让库单,https://terms.naer.edu.tw/
7381,negotiating bank,押匯銀行；讓購銀行,议付银行,https://terms.naer.edu.tw/
7382,negotiation,協商；談判,协商；谈判,https://terms.naer.edu.tw/
7383,negotiation,協商；談判,,https://terms.naer.edu.tw/
7384,Negotiation support system,談判支援系統,谈判支持系统,https://terms.naer.edu.tw/
7385,negotiator,協商者；談判者,,https://terms.naer.edu.tw/
7386,neocharismatic leadership theory,新魅力領導理論,,https://terms.naer.edu.tw/
7387,neoclassic theory,新古典理論,,https://terms.naer.edu.tw/
7388,nepotism,族閥主義,,https://terms.naer.edu.tw/
7389,nested experiment,鑲嵌實驗；嵌套實驗,嵌套实验,https://terms.naer.edu.tw/
7390,net balance of trade,貿易淨差額,贸易净差额,https://terms.naer.edu.tw/
7391,net barter term of trade,以物易物淨貿易條件,纯易货贸易条件,https://terms.naer.edu.tw/
7392,net capital,資本淨額,资本净额,https://terms.naer.edu.tw/
7393,net capital expenditures,淨資本支出,净资本支出,https://terms.naer.edu.tw/
7394,net capital export,資本輸出淨額,资本输出净额,https://terms.naer.edu.tw/
7395,net capital gain,資本利得淨額,资本收益净额,https://terms.naer.edu.tw/
7396,net cash flow,淨現金流量,,https://terms.naer.edu.tw/
7397,net change approach　,淨變動法,,https://terms.naer.edu.tw/
7398,net concessional loan,優惠貸款淨額,优惠贷款净额,https://terms.naer.edu.tw/
7399,net domestic investment,國內投資淨額,国内净投资,https://terms.naer.edu.tw/
7400,net export,出口淨額,净出口,https://terms.naer.edu.tw/
7401,net factor income from aboard,國外生產要素所得淨額,国外要素收入净值,https://terms.naer.edu.tw/
7402,net financial capital outflow,金融資本淨流出,金融性资本净流出,https://terms.naer.edu.tw/
7403,net foreign asset,國外資產淨額,国外资产净额,https://terms.naer.edu.tw/
7404,net foreign investment,國外投資淨額,国外投资净额,https://terms.naer.edu.tw/
7405,net import,進口淨額,净进口,https://terms.naer.edu.tw/
7406,net income,淨利,,https://terms.naer.edu.tw/
7407,net interest margin,淨利差,净利差,https://terms.naer.edu.tw/
7408,net investment,投資淨額,投资净额,https://terms.naer.edu.tw/
7409,net loss,淨損,,https://terms.naer.edu.tw/
7410,"net operating profit after taxes, NOPAT",稅後淨營運收入,,https://terms.naer.edu.tw/
7411,"net operating working capital, NOWC",淨營業資金,,https://terms.naer.edu.tw/
7412,net operation time,淨作業時間,净作业时间,https://terms.naer.edu.tw/
7413,net present value {=NPV},淨現值,净现值,https://terms.naer.edu.tw/
7414,net present value method,淨現值法,,https://terms.naer.edu.tw/
7415,net requirements,淨需要量,净需要量,https://terms.naer.edu.tw/
7416,net reserve,準備淨額,储备净额,https://terms.naer.edu.tw/
7417,net sale,銷貨淨額,净销售额,https://terms.naer.edu.tw/
7418,net working capital,淨營運資金,,https://terms.naer.edu.tw/
7419,net worth,淨值,,https://terms.naer.edu.tw/
7420,net worth,淨值,资本净值,https://terms.naer.edu.tw/
7421,net worth earning ratio,淨值收益比率,净值获利率,https://terms.naer.edu.tw/
7422,net-change system,淨變系統,净改变系统,https://terms.naer.edu.tw/
7423,Netcasting,網上廣播,网上现场直播服务,https://terms.naer.edu.tw/
7424,Network access provider (NAP),上網服務提供者,上线服务提供商,https://terms.naer.edu.tw/
7425,Network accounting,網路會計,网络会计,https://terms.naer.edu.tw/
7426,network analysis,網絡分析,,https://terms.naer.edu.tw/
7427,network career path,網狀職涯路徑,网状职业路径,https://terms.naer.edu.tw/
7428,Network data model,網路資料模式,网络数据模型,https://terms.naer.edu.tw/
7429,Network database,網狀資料庫,网状数据库,https://terms.naer.edu.tw/
7430,network effects,網絡效應,,https://terms.naer.edu.tw/
7431,Network Externalities,網路外部性,网络外部性,https://terms.naer.edu.tw/
7432,network externality,網絡外部性,,https://terms.naer.edu.tw/
7433,network information,網絡資訊,,https://terms.naer.edu.tw/
7434,Network library,網路圖書館,网络图书馆,https://terms.naer.edu.tw/
7435,Network model,網狀模型,网状模型,https://terms.naer.edu.tw/
7436,Network of Standing Currency Swap Arrangement,換匯協議網絡,货币互惠信贷网,https://terms.naer.edu.tw/
7437,Network operating system (NOS),網路作業系統,网络操作系统,https://terms.naer.edu.tw/
7438,network organization,網狀組織,网络组织,https://terms.naer.edu.tw/
7439,network relations,網絡關係,,https://terms.naer.edu.tw/
7440,network relationship,網路關係,网络关系,https://terms.naer.edu.tw/
7441,Network security,網路安全,网络安全,https://terms.naer.edu.tw/
7442,network structure,網絡結構,,https://terms.naer.edu.tw/
7443,network structure,網絡結構,,https://terms.naer.edu.tw/
7444,networking,網絡化；建立網絡,,https://terms.naer.edu.tw/
7445,networking strategy,網絡定位策略,,https://terms.naer.edu.tw/
7446,networks of channels-mode communication,全通道式溝通網絡,,https://terms.naer.edu.tw/
7447,networks of cycle-mode communication,環式溝通網絡,,https://terms.naer.edu.tw/
7448,networks of formal communication,正式溝通網絡,,https://terms.naer.edu.tw/
7449,networks of wheel-mode communication,輪式溝通網絡,,https://terms.naer.edu.tw/
7450,networks of Y-mode communication,Y式溝通網絡,,https://terms.naer.edu.tw/
7451,networks of zip-mode communication,鏈式溝通網絡,,https://terms.naer.edu.tw/
7452,neuroticism,神經質傾向,神经质倾向,https://terms.naer.edu.tw/
7453,New Basel Agreement,新巴塞爾協議,新巴塞尔协议,https://terms.naer.edu.tw/
7454,new classical contract,新古典契約,,https://terms.naer.edu.tw/
7455,new classical theory,新古典理論,,https://terms.naer.edu.tw/
7456,new cost-cutting product,降低成本型新產品,降低成本型新产品,https://terms.naer.edu.tw/
7457,new customer acquisition cost,新顧客取得成本,,https://terms.naer.edu.tw/
7458,new entrants,新進入者,,https://terms.naer.edu.tw/
7459,new product,新產品,,https://terms.naer.edu.tw/
7460,new product development,新產品開發,新产品开发,https://terms.naer.edu.tw/
7461,new product development,新產品開發,新产品开发,https://terms.naer.edu.tw/
7462,new product development time,新產品開發時間,新产品开发时间,https://terms.naer.edu.tw/
7463,new product diffusion,新產品擴散,新产品扩散,https://terms.naer.edu.tw/
7464,new product family lines,新產品系列,形成系列型新产品,https://terms.naer.edu.tw/
7465,new products,新產品,新产品,https://terms.naer.edu.tw/
7466,new task,新任務,全新购买,https://terms.naer.edu.tw/
7467,new technological revolution,新技術革命,新技术革命,https://terms.naer.edu.tw/
7468,new technology,新技術,新技术,https://terms.naer.edu.tw/
7469,new venture,新創企業；新創事業,,https://terms.naer.edu.tw/
7470,New York acceptance credit,紐約承兌信用狀,纽约承兑信用证,https://terms.naer.edu.tw/
7471,New York Futures Exchange,紐約期貨交易所,纽约期货交易所,https://terms.naer.edu.tw/
7472,New York interbank offered rate,紐約銀行間拆款利率,纽约银行同业拆放利率,https://terms.naer.edu.tw/
7473,New York investment market,紐約投資市場,纽约投资市场,https://terms.naer.edu.tw/
7474,New York Mercantile Exchange,紐約商品交易所,纽约商品交易所,https://terms.naer.edu.tw/
7475,New York Stock Exchange,紐約證券交易所,纽约股票交易所,https://terms.naer.edu.tw/
7476,New York stock exchange composite Index,紐約證券交易所綜合指數,纽约证券交易所综合指数,https://terms.naer.edu.tw/
7477,New Zealand and Australia Free Trade Area,紐西蘭與澳洲自由貿易區,新西兰与澳大利亚自由贸易区,https://terms.naer.edu.tw/
7478,new-venture incubator,創業育成中心,,https://terms.naer.edu.tw/
7479,niche,利基,,https://terms.naer.edu.tw/
7480,niche differentiation,利基差異化,,https://terms.naer.edu.tw/
7481,niche market,利益市場,补缺市场；利基市场,https://terms.naer.edu.tw/
7482,niche market strategy,利基市場策略,利基战略；市场缝隙战略,https://terms.naer.edu.tw/
7483,niche marketing,利基行銷,,https://terms.naer.edu.tw/
7484,niche marketing,利基行銷,,https://terms.naer.edu.tw/
7485,nicher,利基者,,https://terms.naer.edu.tw/
7486,Nikkei Index,日經指數,日经指数,https://terms.naer.edu.tw/
7487,no arbitrage condition,無套利條件,,https://terms.naer.edu.tw/
7488,no draft import,無外匯進口,无外汇进口,https://terms.naer.edu.tw/
7489,no-arbitrage equilibrium,無套利均衡,无套利均衡,https://terms.naer.edu.tw/
7490,noise,干擾；噪音,,https://terms.naer.edu.tw/
7491,noise traders,雜訊交易者,噪音交易者,https://terms.naer.edu.tw/
7492,nominal asset,名目資產,名义资产,https://terms.naer.edu.tw/
7493,nominal capital,名目資本,名义资本,https://terms.naer.edu.tw/
7494,nominal exchange rate,名目匯率,名义汇率,https://terms.naer.edu.tw/
7495,nominal group technique,名義群體技術；名義群體法,名义群体技术,https://terms.naer.edu.tw/
7496,nominal interest,名目利息,名义利息,https://terms.naer.edu.tw/
7497,nominal money,名目貨幣,名义货币,https://terms.naer.edu.tw/
7498,nominal money balance,名目貨幣餘額,名义货币余额,https://terms.naer.edu.tw/
7499,nominal rate,名目利率,,https://terms.naer.edu.tw/
7500,nominal rate [of exchange],名目匯率,名义汇率,https://terms.naer.edu.tw/
7501,nominal rate of interest,名目利率,名义利率,https://terms.naer.edu.tw/
7502,nominal risk-free rate,名目無風險利率,,https://terms.naer.edu.tw/
7503,nominal scale,名目尺度,,https://terms.naer.edu.tw/
7504,nominal tariff,名目關稅,名义关税,https://terms.naer.edu.tw/
7505,nominal yield ratio,名目收益率,名义收益率,https://terms.naer.edu.tw/
7506,non-acceptance,拒絕承兌,拒绝承兑,https://terms.naer.edu.tw/
7507,non-bearer bond,記名債券,记名债券,https://terms.naer.edu.tw/
7508,non-callable bond,不可贖回債券,不可赎回债券,https://terms.naer.edu.tw/
7509,Non-compensation,無補償性,无补偿性,https://terms.naer.edu.tw/
7510,non-compensatory model,非補償性模式,,https://terms.naer.edu.tw/
7511,non-compensatory strategy,非補償策略,非补偿策略,https://terms.naer.edu.tw/
7512,non-competitive bidding,非競爭性招標,非竞争性招标,https://terms.naer.edu.tw/
7513,non-conformity,不合格,不合格,https://terms.naer.edu.tw/
7514,non-conformity item,不合格品,不合格品,https://terms.naer.edu.tw/
7515,non-convertible bond,不可轉換債券,不可兑换债券,https://terms.naer.edu.tw/
7516,non-core business,非核心業務,,https://terms.naer.edu.tw/
7517,non-cumulative credit,非累積信用狀,非累积信用证,https://terms.naer.edu.tw/
7518,non-destructive inspection,非破壞性檢驗,无损检验；非破坏性检验,https://terms.naer.edu.tw/
7519,non-destructive testing　,非破壞性檢測,,https://terms.naer.edu.tw/
7520,non-discretionary trust,固定性投資信託,固定性投资信托,https://terms.naer.edu.tw/
7521,non-discriminatory trade,非歧視性貿易,非歧视性贸易,https://terms.naer.edu.tw/
7522,non-discriminatory treatment,非歧視性待遇,非歧视性待遇,https://terms.naer.edu.tw/
7523,non-dumping certificate,非傾銷證明書,非倾销证明书,https://terms.naer.edu.tw/
7524,non-dutiable goods,免稅貨物,免税货物；无税货物,https://terms.naer.edu.tw/
7525,non-eligible commercial paper,不合格商業本票,不合格商业票据,https://terms.naer.edu.tw/
7526,non-exclusive license,非獨占性許可證,非独占性许可证,https://terms.naer.edu.tw/
7527,non-executive function,非主管功能,,https://terms.naer.edu.tw/
7528,non-financial reward,非財務性報酬,非财务性报酬,https://terms.naer.edu.tw/
7529,non-financial reward,非財務性報酬,,https://terms.naer.edu.tw/
7530,non-logic thinking,非邏輯思考,非逻辑思维,https://terms.naer.edu.tw/
7531,non-merchandise trade,非商品貿易,非商品贸易,https://terms.naer.edu.tw/
7532,non-monetary gold,非貨幣性黃金,非货币性黄金,https://terms.naer.edu.tw/
7533,non-money cost,非貨幣成本,非货币成本,https://terms.naer.edu.tw/
7534,non-negotiable bill of lading {=non-negotiable B/L},不可轉讓提單,不可转让提单,https://terms.naer.edu.tw/
7535,non-performing loan,不良債權,不良贷款,https://terms.naer.edu.tw/
7536,non-physical money,無形貨幣,非实物货币,https://terms.naer.edu.tw/
7537,non-R&D innovation,非研發型創新,非研发创新,https://terms.naer.edu.tw/
7538,non-reciprocal preferential treatment,非互惠性優惠待遇,非互惠性优惠待遇,https://terms.naer.edu.tw/
7539,Non-repudiation,不可否認性,不可否认性,https://terms.naer.edu.tw/
7540,non-standing plan,非持續性計畫,,https://terms.naer.edu.tw/
7541,non-substitutable resources,不可替代的資源,,https://terms.naer.edu.tw/
7542,Non-Substitution,不可替代性,不可替代性,https://terms.naer.edu.tw/
7543,non-tariff barrier,非關稅障礙,非关税壁垒,https://terms.naer.edu.tw/
7544,non-tariff concession,非關稅減讓,非关税减让,https://terms.naer.edu.tw/
7545,non-tariff distortion of composition,非關稅扭曲商品組合,非关税干扰,https://terms.naer.edu.tw/
7546,Non-Tariff Measure {=NTM},非關稅措施,非关税措施,https://terms.naer.edu.tw/
7547,non-transferable letter of credit {=non-transferable L/C},不可轉讓信用狀,不可转让的信用证,https://terms.naer.edu.tw/
7548,Non-volatile,不變動性,不变动性,https://terms.naer.edu.tw/
7549,nonbank bank,非銀行銀行,非银行银行,https://terms.naer.edu.tw/
7550,nonconformities per items,單位不符合數,单位实体不符合数,https://terms.naer.edu.tw/
7551,noncontributory pension plans,非提撥年金計畫,非共同提取退休金计划,https://terms.naer.edu.tw/
7552,noncontributory plan,非提撥式計畫,非付费退休金计划,https://terms.naer.edu.tw/
7553,noncyclic element,非循環元素,非循环元素,https://terms.naer.edu.tw/
7554,nondirective counseling,非指導式諮商,非指导式咨询,https://terms.naer.edu.tw/
7555,nondirective counseling,非指導式諮商,,https://terms.naer.edu.tw/
7556,nondirective interview,非指導式面試；非定向面試,,https://terms.naer.edu.tw/
7557,nondividend paying stock,無股利支付股票,无股利支付股票,https://terms.naer.edu.tw/
7558,nondurable goods,非耐久財,,https://terms.naer.edu.tw/
7559,nonequity alliance,非股權聯盟,非产权战略联盟,https://terms.naer.edu.tw/
7560,nonequity strategic alliance,非股權式策略聯盟,,https://terms.naer.edu.tw/
7561,nonlinear programming,非線性規劃,,https://terms.naer.edu.tw/
7562,nonpersonal communication channel,非人員溝通管道,非人员沟通渠道；非人员传播渠道,https://terms.naer.edu.tw/
7563,nonprice competition,非價格競爭,,https://terms.naer.edu.tw/
7564,nonprobability sampling,非機率抽樣,,https://terms.naer.edu.tw/
7565,nonproduction material,非生產物料,非生产性物料,https://terms.naer.edu.tw/
7566,nonprofit organization,非營利組織,,https://terms.naer.edu.tw/
7567,nonprogrammed decision,非制式決策；非程式化決策,非程序化,https://terms.naer.edu.tw/
7568,nonresponse error,無反應誤差,,https://terms.naer.edu.tw/
7569,nonsampling error,非抽樣誤差,,https://terms.naer.edu.tw/
7570,nonstore retailing,無店面零售,,https://terms.naer.edu.tw/
7571,nontariff trade barriers,非關稅貿易障礙,,https://terms.naer.edu.tw/
7572,nonverbal communication,非語言溝通；非語文溝通,非语言沟通,https://terms.naer.edu.tw/
7573,Norm,規範,规范,https://terms.naer.edu.tw/
7574,normal backwardation,正常交割延遲,,https://terms.naer.edu.tw/
7575,normal contango,正常交易延遲,,https://terms.naer.edu.tw/
7576,normal effort,常規努力；正常努力,常规努力,https://terms.naer.edu.tw/
7577,normal element time,正常單元時間,常态单元时间,https://terms.naer.edu.tw/
7578,normal pace,正常步調,标准进度,https://terms.naer.edu.tw/
7579,normal performance,正常績效,正常绩效,https://terms.naer.edu.tw/
7580,normal profit,正常利潤,正常利润,https://terms.naer.edu.tw/
7581,normal time,正常時間,正常时间,https://terms.naer.edu.tw/
7582,normal working area,正常工作區域,正常工作区域,https://terms.naer.edu.tw/
7583,Normalization,正規化,规范化,https://terms.naer.edu.tw/
7584,normalized yield {=NY},正常產出率,正常产出率,https://terms.naer.edu.tw/
7585,normative annex,規範性附錄,标准的附录,https://terms.naer.edu.tw/
7586,Normative Belief,規範信念,规范信念,https://terms.naer.edu.tw/
7587,normative commitment,規範性承諾,规范性承诺,https://terms.naer.edu.tw/
7588,normative decision theory,規範性決策理論,规范性决策理论,https://terms.naer.edu.tw/
7589,normative decision theory,規範性決策理論,,https://terms.naer.edu.tw/
7590,normative document,規範文件,规范文件,https://terms.naer.edu.tw/
7591,normative element,規範性要素,规范性要素,https://terms.naer.edu.tw/
7592,Normative Elements,規範性要素,规范性要素,https://terms.naer.edu.tw/
7593,normative model,規範性模式；規範性模型,规范性模式；规范性模型,https://terms.naer.edu.tw/
7594,Normative Theory,規範性理論,规范性理论,https://terms.naer.edu.tw/
7595,norming stage,規範期｛Tuckman團隊發展五階段之一｝,,https://terms.naer.edu.tw/
7596,North American Free Trade Agreement {=NAFTA},北美自由貿易協定,北美自由贸易协定,https://terms.naer.edu.tw/
7597,North American Free Trade Agreement{=NAFTA},北美自由貿易協議,,https://terms.naer.edu.tw/
7598,not invention here,非我族類,非本地发明,https://terms.naer.edu.tw/
7599,not-invented-here syndrome,非我族類症候群,,https://terms.naer.edu.tw/
7600,notation credit,記數信用狀,记数信用证,https://terms.naer.edu.tw/
7601,note after sight,見票後付款票據,见票付款期票,https://terms.naer.edu.tw/
7602,note at sight,見票即付票據,见票即付票据,https://terms.naer.edu.tw/
7603,note discount,票據貼現,票据贴现,https://terms.naer.edu.tw/
7604,note on demand,見票即付票據,见票即付票据,https://terms.naer.edu.tw/
7605,note on discount,貼現票據,贴现票据,https://terms.naer.edu.tw/
7606,note payable,應付票據,应付票据,https://terms.naer.edu.tw/
7607,note payable on fixed date,定期支付票據,定期支付期票,https://terms.naer.edu.tw/
7608,note receivable,應收票據,应收票据,https://terms.naer.edu.tw/
7609,note receivable discounted,貼現應收票據,已贴现应收票据,https://terms.naer.edu.tw/
7610,note receivable dishonoured,拒付應收票據,拒付应收票据,https://terms.naer.edu.tw/
7611,note receivable past due,過期應收票據,过期应收票据,https://terms.naer.edu.tw/
7612,note receivable protested,已拒絕付款應收票據,已作拒付证书的应收票据,https://terms.naer.edu.tw/
7613,note to bearer,不記名票據,不记名票据,https://terms.naer.edu.tw/
7614,note to order,記名票據,记名票据,https://terms.naer.edu.tw/
7615,notes payable,應付票據,,https://terms.naer.edu.tw/
7616,notice of abandonment,委付通知,委付通知,https://terms.naer.edu.tw/
7617,notice of claim,索賠通知,索赔通知,https://terms.naer.edu.tw/
7618,notice to suspend payment,停止支付通知,停止支付通知,https://terms.naer.edu.tw/
7619,notifying bank,通知銀行,通知银行,https://terms.naer.edu.tw/
7620,notifying bank,通知銀行,,https://terms.naer.edu.tw/
7621,notional principal,名目本金,,https://terms.naer.edu.tw/
7622,novelty,新奇,新奇；创新新度,https://terms.naer.edu.tw/
7623,nuisance tariff,低率關稅,低率关税,https://terms.naer.edu.tw/
7624,number of defects,缺陷數；缺點數,缺陷数,https://terms.naer.edu.tw/
7625,number of nonconforming items chart,不合格數管制圖,不合格实体控制图,https://terms.naer.edu.tw/
7626,numerically controlled,數值控制,,https://terms.naer.edu.tw/
7627,Object,物件,对象,https://terms.naer.edu.tw/
7628,Object diagram,物件圖,对象图,https://terms.naer.edu.tw/
7629,Object-oriented analysis (OOA),物件導向分析,面向对象分析,https://terms.naer.edu.tw/
7630,Object-oriented design,物件導向設計,面向对象设计,https://terms.naer.edu.tw/
7631,Object-Oriented Method,物件導向方法,面向对象方法,https://terms.naer.edu.tw/
7632,objective,目的；目標,,https://terms.naer.edu.tw/
7633,objective evidence,客觀證據,客观证据,https://terms.naer.edu.tw/
7634,objective function,目標方程式；目標函數,,https://terms.naer.edu.tw/
7635,objective rating,客觀評定法,客观评定法,https://terms.naer.edu.tw/
7636,objective test,客觀性測驗,客观性测验,https://terms.naer.edu.tw/
7637,objective-and-task method,目標任務法,目标任务法,https://terms.naer.edu.tw/
7638,obligation arbitration,強制仲裁,强制仲裁,https://terms.naer.edu.tw/
7639,Observables,可觀察的性質,可观察的性质,https://terms.naer.edu.tw/
7640,observation,觀察法,,https://terms.naer.edu.tw/
7641,observation method,觀察法,观察法,https://terms.naer.edu.tw/
7642,observation method,觀察法,,https://terms.naer.edu.tw/
7643,observed time,觀測時間,,https://terms.naer.edu.tw/
7644,obsolescence,廢舊,,https://terms.naer.edu.tw/
7645,Obsolescence of literature,文獻過時,文献老化,https://terms.naer.edu.tw/
7646,occasion segmentation,時機區隔化,时机细分,https://terms.naer.edu.tw/
7647,occasional dumping,偶發性傾銷,偶发性倾销,https://terms.naer.edu.tw/
7648,occupation,職業,职业,https://terms.naer.edu.tw/
7649,occupational adaptability,職業適應性,,https://terms.naer.edu.tw/
7650,occupational choice,職業選擇,职业选择,https://terms.naer.edu.tw/
7651,occupational choice,職業選擇,,https://terms.naer.edu.tw/
7652,occupational diseases,職業病,职业病,https://terms.naer.edu.tw/
7653,occupational environment,職業環境,职业环境,https://terms.naer.edu.tw/
7654,occupational expectation,職業期望　,职业期望,https://terms.naer.edu.tw/
7655,occupational guidance,職業輔導,职业指导,https://terms.naer.edu.tw/
7656,occupational health regulation,職業衛生法規,劳动卫生法规,https://terms.naer.edu.tw/
7657,Occupational Information Network (O*NET),O*NET職業資訊網,O*NET职业信息网,https://terms.naer.edu.tw/
7658,occupational mobility,職業流動,职业流动,https://terms.naer.edu.tw/
7659,occupational mobility,職業流動,,https://terms.naer.edu.tw/
7660,occupational prestige,職業聲望,职业声望,https://terms.naer.edu.tw/
7661,occupational safety and health management system certification,職業安全與健康管理制度認證,职业健康安全管理体系认证,https://terms.naer.edu.tw/
7662,occupational safety and health training,職業安全衛生訓練,职业安全卫生培训,https://terms.naer.edu.tw/
7663,occupational safety regulation,職業安全法規,劳动安全法规,https://terms.naer.edu.tw/
7664,occupational stratification,職業分層,,https://terms.naer.edu.tw/
7665,occupational stress,職業壓力,职业压力,https://terms.naer.edu.tw/
7666,occupational stress,職業壓力,,https://terms.naer.edu.tw/
7667,ocean trade,遠洋貿易,远洋贸易,https://terms.naer.edu.tw/
7668,odd price,畸零尾數價格,,https://terms.naer.edu.tw/
7669,odd-even pricing,畸零-整數訂價法,,https://terms.naer.edu.tw/
7670,off balance sheet financing,資產負債表外融資,,https://terms.naer.edu.tw/
7671,off the job training,工作崗外訓練；離崗訓練,脱产培训,https://terms.naer.edu.tw/
7672,off-balance sheet business,資產負債表外業務,表外业务,https://terms.naer.edu.tw/
7673,off-balance-sheet financing,資產負債表外融資,资产负债表外融资,https://terms.naer.edu.tw/
7674,off-line quality control,線外品管,,https://terms.naer.edu.tw/
7675,off-price retailer,平價零售商,优惠价零售店,https://terms.naer.edu.tw/
7676,off-the-balance-sheet activity,帳外交易活動,表外业务,https://terms.naer.edu.tw/
7677,off-the-book quotation,黑市價格,黑市价格,https://terms.naer.edu.tw/
7678,off-the-floor trading,場外交易,场外交易,https://terms.naer.edu.tw/
7679,offensive strategies,攻擊性策略,,https://terms.naer.edu.tw/
7680,offer by tender,投標者報價；標售法,通过投标发盘,https://terms.naer.edu.tw/
7681,offer for sale by tender,投標者的銷售報價；公開讓售,通过投标的销售发盘,https://terms.naer.edu.tw/
7682,offer good until withdrawn,撤回前有效報價,撤回前有效发盘,https://terms.naer.edu.tw/
7683,offer subject to being unsold,未售時有效報價,以未出售为有效的发盘,https://terms.naer.edu.tw/
7684,offer subject to buyer’s inspection or approved,買方看貨後報價,以买方检验或接受为准的发盘,https://terms.naer.edu.tw/
7685,offer subject to change without notice,以變動不另行通知為條件的報價,如有变化无须另补通知的发盘,https://terms.naer.edu.tw/
7686,offer subject to export license,以取得輸出許可證為條件的報價,以领得出口许可证为准的发盘,https://terms.naer.edu.tw/
7687,offer subject to immediate acceptance by telegram,以即刻回電為條件的報價,以立即回电为有效的发盘,https://terms.naer.edu.tw/
7688,offer subject to immediate reply,以即刻回覆為條件的報價,以立即答复为有效的发盘,https://terms.naer.edu.tw/
7689,offer subject to import license,以取得輸入許可證為條件的報價,以领得进口许可证为准的发盘,https://terms.naer.edu.tw/
7690,offer subject to prior sale,有權先售報價,有权先售的发盘,https://terms.naer.edu.tw/
7691,offer with engagement,有約束力的報價,有约束力发盘,https://terms.naer.edu.tw/
7692,offer without engagement,不受約束力的報價,没有约定的发盘,https://terms.naer.edu.tw/
7693,offered price,報價,发盘价,https://terms.naer.edu.tw/
7694,Office automation system (OAS),辦公室自動化系統,办公自动化系统,https://terms.naer.edu.tw/
7695,officer’s cheque,銀行本票,银行本票,https://terms.naer.edu.tw/
7696,official dollar reserve,官方美元準備,官方美元储备,https://terms.naer.edu.tw/
7697,official exchange market,官方外匯市場,官方外汇市场,https://terms.naer.edu.tw/
7698,official exchange rate,官定匯率,官方汇率,https://terms.naer.edu.tw/
7699,official foreign currency reserve,官方外匯準備,法定外币储备,https://terms.naer.edu.tw/
7700,official foreign exchange asset,官方外匯資產,官方外汇资产,https://terms.naer.edu.tw/
7701,official foreign exchange holding,官方持有的外匯,官方持有的外汇,https://terms.naer.edu.tw/
7702,Official Import and Export List,[英國政府每年公佈的]進出口貨物分類表,[英国政府每年公布的]进出口货物分类表,https://terms.naer.edu.tw/
7703,official par of exchange,官定匯兌平價,法定汇兑平价,https://terms.naer.edu.tw/
7704,official parity price,官定平價,法定平价,https://terms.naer.edu.tw/
7705,official rate,官定匯率,官方汇率,https://terms.naer.edu.tw/
7706,official rate of exchange,官定匯率,法定汇率；官方汇率,https://terms.naer.edu.tw/
7707,official reserve,官方準備,官方储备,https://terms.naer.edu.tw/
7708,official settlement,[國際收支的]官方結算,[国际收支的]官方结算,https://terms.naer.edu.tw/
7709,offset,補償買回,,https://terms.naer.edu.tw/
7710,offset account mortgage,抵銷帳戶不動產擔保,冲销帐户按揭,https://terms.naer.edu.tw/
7711,offshore banking,境外金融,境外银行账户,https://terms.naer.edu.tw/
7712,offshore banking center,境外金融中心,境外银行中心,https://terms.naer.edu.tw/
7713,offshore bond market,境外債券市場,境外债券市场,https://terms.naer.edu.tw/
7714,offshore currency market,境外貨幣市場,境外货币市场,https://terms.naer.edu.tw/
7715,offshore financial market,境外金融市場,境外金融市场,https://terms.naer.edu.tw/
7716,offshore fund,境外資金,境外资金,https://terms.naer.edu.tw/
7717,offshore loan,境外貸款,国外贷款,https://terms.naer.edu.tw/
7718,Offshore outsourcing,跨國委外,,https://terms.naer.edu.tw/
7719,offshore purchase,境外採購,境外采购,https://terms.naer.edu.tw/
7720,Offsite backup,異地備份,,https://terms.naer.edu.tw/
7721,Ohio  leadership theory,俄亥俄領導理論,俄亥俄领导理论,https://terms.naer.edu.tw/
7722,oil dollar,油元,石油美元,https://terms.naer.edu.tw/
7723,oligarchic finance,金融寡占,金融寡头,https://terms.naer.edu.tw/
7724,oligopolistic competition,寡占競爭,,https://terms.naer.edu.tw/
7725,oligopoly,寡佔,,https://terms.naer.edu.tw/
7726,oligopoly,寡佔,,https://terms.naer.edu.tw/
7727,oligopsony price,寡占售價,寡占售价,https://terms.naer.edu.tw/
7728,omnibus bill of lading,綜合提單,综合提货单,https://terms.naer.edu.tw/
7729,omnibus credit,綜合信用狀,总括信贷,https://terms.naer.edu.tw/
7730,on board bill of lading,裝船提單,已装船提单,https://terms.naer.edu.tw/
7731,on board endorsement,已裝船背書,已装船背书,https://terms.naer.edu.tw/
7732,on demand,見票即付,见票即付,https://terms.naer.edu.tw/
7733,on the job training (OJT),工作崗位訓練；在崗訓練,在职培训/在岗培训,https://terms.naer.edu.tw/
7734,On-Demand Computing (ODC),隨選運算,,https://terms.naer.edu.tw/
7735,on-line quality control　,線上品管,,https://terms.naer.edu.tw/
7736,on-order stock,在訂庫存,在订存货,https://terms.naer.edu.tw/
7737,on-the-job training,在職訓練,,https://terms.naer.edu.tw/
7738,one price policy,不二價政策,,https://terms.naer.edu.tw/
7739,one- or two-sided arguments,單面與雙面論點,,https://terms.naer.edu.tw/
7740,one-card kanban system,單卡看板系統,单卡看板系统,https://terms.naer.edu.tw/
7741,one-factor term-structure model,單因子期限結構模型,单因素期限结构模型,https://terms.naer.edu.tw/
7742,one-of-a-kind production,單件生產,单件生产,https://terms.naer.edu.tw/
7743,one-side preferential duty,單方優惠關稅,单方优惠关税,https://terms.naer.edu.tw/
7744,one-sided most favoured nation clause,單方面最惠國條款,单方面最惠国条款,https://terms.naer.edu.tw/
7745,one-stage area sampling,一階地區抽樣,,https://terms.naer.edu.tw/
7746,one-stage cluster sampling,一階集群抽樣,,https://terms.naer.edu.tw/
7747,one-to-one marketing,一對一行銷,,https://terms.naer.edu.tw/
7748,one-touch exchange of die (OTED),一觸式換模,一触式换模,https://terms.naer.edu.tw/
7749,one-way trade,單向貿易,单向贸易,https://terms.naer.edu.tw/
7750,one-way transmission,單向傳遞,,https://terms.naer.edu.tw/
7751,online advertising,線上廣告,在线广告,https://terms.naer.edu.tw/
7752,Online analytical processing {=OLAP},線上分析處理,在线分析处理,https://terms.naer.edu.tw/
7753,Online auction,網上拍賣,网上拍卖,https://terms.naer.edu.tw/
7754,online focus group,線上焦點團體,,https://terms.naer.edu.tw/
7755,online marketing,線上行銷,,https://terms.naer.edu.tw/
7756,online marketing research,線上行銷研究,,https://terms.naer.edu.tw/
7757,Online payment,網上支付,网上支付,https://terms.naer.edu.tw/
7758,online social network,線上社會網絡,,https://terms.naer.edu.tw/
7759,Online to offline (O2O),虛實整合,,https://terms.naer.edu.tw/
7760,Online trading,網上交易,网上交易,https://terms.naer.edu.tw/
7761,online training,線上訓練,,https://terms.naer.edu.tw/
7762,Online transaction processing {=OLTP},線上交易處理,在线交易处理,https://terms.naer.edu.tw/
7763,Ontology,本體,本体,https://terms.naer.edu.tw/
7764,Open access,開放存取,开放存取,https://terms.naer.edu.tw/
7765,open credit,一般信用狀,无担保信贷,https://terms.naer.edu.tw/
7766,open crossed check,無記名劃線支票,无记名划线支票,https://terms.naer.edu.tw/
7767,open endorsement,空白背書,无记名背书；空白背书,https://terms.naer.edu.tw/
7768,open general license,公開一般許可證,公开一般许可证,https://terms.naer.edu.tw/
7769,open innovation,開放式創新,开放式创新；公开创新,https://terms.naer.edu.tw/
7770,open interest,未平倉量,未平仓量,https://terms.naer.edu.tw/
7771,open letter of credit {= open L/C},開放信用狀,无限定条件信用证,https://terms.naer.edu.tw/
7772,open license,開放制許可證,未列限额许可证,https://terms.naer.edu.tw/
7773,open market operation,公開市場操作,公开市场业务,https://terms.naer.edu.tw/
7774,open market paper,公開市場票據,公开市场票据,https://terms.naer.edu.tw/
7775,open market paper rate,公開市場票據利率,公开市场票据利率,https://terms.naer.edu.tw/
7776,open market quotation,公開市場報價,公开市场汇价,https://terms.naer.edu.tw/
7777,open market rate,公開市場利率,①公开市场汇率 ②公开市场利率,https://terms.naer.edu.tw/
7778,open outcry,人工喊價,,https://terms.naer.edu.tw/
7779,open price,公開價格,公开价格,https://terms.naer.edu.tw/
7780,open price system,價格公開制,价格公开制,https://terms.naer.edu.tw/
7781,open system,開放性系統,,https://terms.naer.edu.tw/
7782,Open systems interconnect {=OSI},開放性系統連接,开放系统互联,https://terms.naer.edu.tw/
7783,open tender,公開招標,公开招标,https://terms.naer.edu.tw/
7784,open-door policy,門戶開放政策,,https://terms.naer.edu.tw/
7785,open-end fund,開放型基金,开放式基金,https://terms.naer.edu.tw/
7786,open-end import license,無限期輸入許可證,无限期进口许可证,https://terms.naer.edu.tw/
7787,open-end mutual fund,開放式共同基金,开放式共同基金,https://terms.naer.edu.tw/
7788,open-ended question,開放式問題,,https://terms.naer.edu.tw/
7789,open-market purchase,公開市場回購,公开市场回购,https://terms.naer.edu.tw/
7790,open-outcry auction,公開喊價競價,公开喊价,https://terms.naer.edu.tw/
7791,opening price,開盤價格,开盘价,https://terms.naer.edu.tw/
7792,Openness,開放性,开放性,https://terms.naer.edu.tw/
7793,openness to experience,經驗開放性；體驗開放性,,https://terms.naer.edu.tw/
7794,operant conditioning,操作制約,操作条件反射,https://terms.naer.edu.tw/
7795,operant conditioning,操作制約,,https://terms.naer.edu.tw/
7796,operating breakeven,營運損益兩平,,https://terms.naer.edu.tw/
7797,operating budget,營運預算,,https://terms.naer.edu.tw/
7798,operating characteristics curve (OC curve)　,作業特性曲線；OC曲線,抽检特性曲线；OC曲线,https://terms.naer.edu.tw/
7799,Operating decision -making,作業決策,作业决策,https://terms.naer.edu.tw/
7800,operating expense,營業費用,,https://terms.naer.edu.tw/
7801,operating lease,營業租賃,经营性租赁,https://terms.naer.edu.tw/
7802,operating leverage,營運槓桿,,https://terms.naer.edu.tw/
7803,operating merger,營運合併,,https://terms.naer.edu.tw/
7804,operating policy,營運政策,,https://terms.naer.edu.tw/
7805,operating process analysis,營運流程分析,工艺流程分析,https://terms.naer.edu.tw/
7806,operating report,營業報告,,https://terms.naer.edu.tw/
7807,Operating system,作業系統,操作系统,https://terms.naer.edu.tw/
7808,operation allowance,操作寬放；作業寬放,操作宽放,https://terms.naer.edu.tw/
7809,operation analysis　,操作分析,,https://terms.naer.edu.tw/
7810,operation management,作業管理,,https://terms.naer.edu.tw/
7811,operation priority,作業優先權,作业优先权,https://terms.naer.edu.tw/
7812,operation process chart,作業流程圖,工艺流程图,https://terms.naer.edu.tw/
7813,operation sheets　,操作單,,https://terms.naer.edu.tw/
7814,operation system software,作業系統軟體,,https://terms.naer.edu.tw/
7815,operational control,作業控制,,https://terms.naer.edu.tw/
7816,operational efficiency,作業效率,,https://terms.naer.edu.tw/
7817,Operational information,作業資訊,作业信息,https://terms.naer.edu.tw/
7818,operational innovation,營運創新,运营创新,https://terms.naer.edu.tw/
7819,operational level,作業層級,,https://terms.naer.edu.tw/
7820,operational performance,營運績效,运行绩效,https://terms.naer.edu.tw/
7821,operational plan,營運計畫,,https://terms.naer.edu.tw/
7822,operational planning,作業規劃,,https://terms.naer.edu.tw/
7823,operational-control information,作業控制資訊,,https://terms.naer.edu.tw/
7824,Operational-level systems,作業層次系統,,https://terms.naer.edu.tw/
7825,operations,作業,运作；运营,https://terms.naer.edu.tw/
7826,operations analysis,作業分析,作业分析,https://terms.naer.edu.tw/
7827,operations management,作業管理；營運管理,运作管理；运营管理,https://terms.naer.edu.tw/
7828,operations research,作業研究；運籌學,,https://terms.naer.edu.tw/
7829,operations strategy,作業策略,运作策略,https://terms.naer.edu.tw/
7830,operator process chart　,操作人程序圖,,https://terms.naer.edu.tw/
7831,operator-machine chart　,人機程序圖,,https://terms.naer.edu.tw/
7832,opinion leader,意見領袖,,https://terms.naer.edu.tw/
7833,opportunism,投機主義；機會主義,,https://terms.naer.edu.tw/
7834,opportunistic behavior,投機行為,,https://terms.naer.edu.tw/
7835,opportunity analysis,機會分析,,https://terms.naer.edu.tw/
7836,opportunity cost,機會成本,,https://terms.naer.edu.tw/
7837,opportunity cost,機會成本,,https://terms.naer.edu.tw/
7838,opportunity exploitation,機會開發,,https://terms.naer.edu.tw/
7839,opportunity identification,機會辨識,,https://terms.naer.edu.tw/
7840,opportunity management approach,機會管理方法,,https://terms.naer.edu.tw/
7841,opportunity windows,機會之窗；機會窗口,机会窗口,https://terms.naer.edu.tw/
7842,Optical character recognition (OCR),光學字元辨識,光学字符识别,https://terms.naer.edu.tw/
7843,optics valley,光穀,光谷,https://terms.naer.edu.tw/
7844,optimal capital budget,最適資本預算,,https://terms.naer.edu.tw/
7845,"optimal capital structure, target capital structure",最適資本結構,最优资本结构,https://terms.naer.edu.tw/
7846,optimal decision-making model{=ODM},最適化決策模式；最適化決策模型,,https://terms.naer.edu.tw/
7847,optimal dividend policy,最適股利政策,,https://terms.naer.edu.tw/
7848,optimal portfolio,最適投資組合,最优资产组合,https://terms.naer.edu.tw/
7849,optimal taxation,最適稅收,最优税收,https://terms.naer.edu.tw/
7850,optimization model,最適化模式,,https://terms.naer.edu.tw/
7851,optimized production technology {=OPT},最佳化生產技術,最优生产技术,https://terms.naer.edu.tw/
7852,optimum currency area,最適通貨區,最优货币区,https://terms.naer.edu.tw/
7853,optimum decision,最適化決策,,https://terms.naer.edu.tw/
7854,optimum tariff,最適關稅,最优关税,https://terms.naer.edu.tw/
7855,optimum tariff theory,最適關稅理論,最优关税论,https://terms.naer.edu.tw/
7856,option,選擇權,期权,https://terms.naer.edu.tw/
7857,"option clearing corporation, OCC",選擇權結算機構,,https://terms.naer.edu.tw/
7858,option contract,選擇權合約,期权交易合同,https://terms.naer.edu.tw/
7859,option dealing,選擇權交易,期权交易,https://terms.naer.edu.tw/
7860,option exchange,選擇權交易所,期权交易所,https://terms.naer.edu.tw/
7861,option market,選擇權市場,期权市场,https://terms.naer.edu.tw/
7862,option market,選擇權市場,期权市场,https://terms.naer.edu.tw/
7863,option pricing theory,選擇權定價理論,期权定价理论,https://terms.naer.edu.tw/
7864,option trading,選擇權交易,期货买卖,https://terms.naer.edu.tw/
7865,option value,選擇權價值,,https://terms.naer.edu.tw/
7866,option writer,選擇權發行人,,https://terms.naer.edu.tw/
7867,optional bill of lading,任意卸貨港提單,选择提单,https://terms.naer.edu.tw/
7868,optional cargo,任意卸貨港貨物,任意港货物,https://terms.naer.edu.tw/
7869,optional charge,選擇卸貨港費用,选港费,https://terms.naer.edu.tw/
7870,optional delivery,任意卸貨港交貨,任选港交易,https://terms.naer.edu.tw/
7871,optional element,可選要素,可选要素,https://terms.naer.edu.tw/
7872,optional requirement,選擇性要求,任选要求,https://terms.naer.edu.tw/
7873,optional-feature pricing,選購配件訂價,,https://terms.naer.edu.tw/
7874,options futures,期貨選擇權,,https://terms.naer.edu.tw/
7875,oral examination,口試,口试,https://terms.naer.edu.tw/
7876,order,委託單、下單,有序,https://terms.naer.edu.tw/
7877,order backlog,緩交訂單；未交貨訂單,缓交订单,https://terms.naer.edu.tw/
7878,order bill,記名票據,记名票据,https://terms.naer.edu.tw/
7879,order bill of lading,指示式提單,记名提单,https://terms.naer.edu.tw/
7880,order control,訂單控制,订单控制,https://terms.naer.edu.tw/
7881,order entry,訂單輸入,订单输入,https://terms.naer.edu.tw/
7882,order getter,訂單爭取者,,https://terms.naer.edu.tw/
7883,order interval,訂單間隔期,订单间隔期,https://terms.naer.edu.tw/
7884,order management,訂單管理,订单管理,https://terms.naer.edu.tw/
7885,order not to pay,止付通知,止付通知,https://terms.naer.edu.tw/
7886,order penetration point,訂單拉動點,订单切入点,https://terms.naer.edu.tw/
7887,order picking,揀貨,拣货,https://terms.naer.edu.tw/
7888,order placement,訂單發出,订单发出,https://terms.naer.edu.tw/
7889,order point,訂購點,,https://terms.naer.edu.tw/
7890,order point system,訂購點系統,订货点系统,https://terms.naer.edu.tw/
7891,order policy,訂貨政策；訂購政策,订货策略,https://terms.naer.edu.tw/
7892,order processing lead time,訂單處理前置時間,订单处理提前期,https://terms.naer.edu.tw/
7893,order qualifier,訂單合格要件,订单资格要素,https://terms.naer.edu.tw/
7894,order quantity,訂購量,订货量,https://terms.naer.edu.tw/
7895,order selection,揀貨,拣货,https://terms.naer.edu.tw/
7896,order taker,訂單接受者,,https://terms.naer.edu.tw/
7897,order winner,訂單贏得要件,订单赢得要素,https://terms.naer.edu.tw/
7898,order-driven,委託單驅動,订单驱动,https://terms.naer.edu.tw/
7899,order-driven market,委託單驅動市場,指令驱动市场,https://terms.naer.edu.tw/
7900,order-driven production,訂單驅動式生產,订单驱动式生产,https://terms.naer.edu.tw/
7901,order-processing cost,訂單處理成本,,https://terms.naer.edu.tw/
7902,order-shipping-billing cycle,訂貨-運送-請款週期,,https://terms.naer.edu.tw/
7903,order-to-payment cycle,定貨到付款週期,,https://terms.naer.edu.tw/
7904,ordering cost,訂購成本,订货费用,https://terms.naer.edu.tw/
7905,ordering cost,訂購成本,,https://terms.naer.edu.tw/
7906,ordinal scale,順序尺度,,https://terms.naer.edu.tw/
7907,ordinary annuity,普通年金,,https://terms.naer.edu.tw/
7908,ordinary credit,普通信用狀,普通信用证,https://terms.naer.edu.tw/
7909,Ordinary Drawing Rights,一般提款權,普通提款权,https://terms.naer.edu.tw/
7910,ordinary interest,普通利息,普通利息,https://terms.naer.edu.tw/
7911,organic model,有機式模式；有機式模型,,https://terms.naer.edu.tw/
7912,organic organization,有機式組織,,https://terms.naer.edu.tw/
7913,organic structure,有機式結構,有机式结构,https://terms.naer.edu.tw/
7914,organization,組織,组织,https://terms.naer.edu.tw/
7915,organization,組織,,https://terms.naer.edu.tw/
7916,organization change,組織變革,,https://terms.naer.edu.tw/
7917,organization character,組織性格,,https://terms.naer.edu.tw/
7918,organization chart,組織結構,组织结构,https://terms.naer.edu.tw/
7919,organization culture,組織文化,,https://terms.naer.edu.tw/
7920,organization decision,組織決策,,https://terms.naer.edu.tw/
7921,organization design,組織設計,组织设计,https://terms.naer.edu.tw/
7922,organization design,組織設計,,https://terms.naer.edu.tw/
7923,organization development{=OD},組織發展,,https://terms.naer.edu.tw/
7924,organization environment,組織環境,组织环境,https://terms.naer.edu.tw/
7925,organization for economic cooperation and development,經濟合作發展組織,经济合作发展组织；经合组织,https://terms.naer.edu.tw/
7926,Organization for Economic Cooperation and Development {=OECD},經濟合作與發展組織,经济合作与发展组织,https://terms.naer.edu.tw/
7927,organization innovation,組織創新,组织创新,https://terms.naer.edu.tw/
7928,organization marketing,組織行銷,组织营销,https://terms.naer.edu.tw/
7929,Organization of the Petroleum Exporting Countries {=OPEC},石油輸出國家組織,石油输出国组织,https://terms.naer.edu.tw/
7930,organization processes,組織程序,,https://terms.naer.edu.tw/
7931,organization rewards,組織報酬,组织奖励,https://terms.naer.edu.tw/
7932,organization size,組織規模,组织规模,https://terms.naer.edu.tw/
7933,organization socialization,組織社會化,组织社会化,https://terms.naer.edu.tw/
7934,organization structure,組織結構,组织结构,https://terms.naer.edu.tw/
7935,organization structure,組織結構,,https://terms.naer.edu.tw/
7936,"Organization system, tissue system",組織系統,组织系统,https://terms.naer.edu.tw/
7937,organization technology,組織技術,组织技术,https://terms.naer.edu.tw/
7938,organization theory,組織理論,组织理论,https://terms.naer.edu.tw/
7939,organization theory,組織理論,,https://terms.naer.edu.tw/
7940,organizational  engineering,組織工程,,https://terms.naer.edu.tw/
7941,organizational analysis,組織分析,组织分析,https://terms.naer.edu.tw/
7942,organizational analysis,組織分析,,https://terms.naer.edu.tw/
7943,organizational behavior,組織行為學；組織行為,组织行为学,https://terms.naer.edu.tw/
7944,organizational behavior {=OB},組織行為,,https://terms.naer.edu.tw/
7945,organizational behavior modification {=OB Mod},組織行為矯正術,组织行为矫正,https://terms.naer.edu.tw/
7946,organizational buying,組織購買,,https://terms.naer.edu.tw/
7947,organizational capabilities,組織能力,,https://terms.naer.edu.tw/
7948,Organizational Capacity,組織能力,组织能力,https://terms.naer.edu.tw/
7949,organizational change,組織變革,组织变革,https://terms.naer.edu.tw/
7950,organizational change,組織變革,,https://terms.naer.edu.tw/
7951,organizational change and innovation,組織變革與創新,组织变革与创新,https://terms.naer.edu.tw/
7952,organizational changes,組織變革,,https://terms.naer.edu.tw/
7953,organizational chart,組織圖,,https://terms.naer.edu.tw/
7954,organizational citizenship behavior,組織公民行為,组织公民行为,https://terms.naer.edu.tw/
7955,organizational citizenship behavior{=OCB},組織公民行為,,https://terms.naer.edu.tw/
7956,organizational climate,組織氛圍；組織氣候,组织气氛,https://terms.naer.edu.tw/
7957,organizational commitment,組織承諾,组织承诺,https://terms.naer.edu.tw/
7958,organizational commitment,組織承諾,,https://terms.naer.edu.tw/
7959,organizational communication,組織溝通,,https://terms.naer.edu.tw/
7960,organizational competence,組織能力；組織能耐,,https://terms.naer.edu.tw/
7961,organizational control,組織控制,组织控制,https://terms.naer.edu.tw/
7962,organizational control,組織控制,,https://terms.naer.edu.tw/
7963,organizational culture,組織文化,组织文化,https://terms.naer.edu.tw/
7964,organizational culture,組織文化,,https://terms.naer.edu.tw/
7965,organizational decision network structure,組織決策網絡結構,,https://terms.naer.edu.tw/
7966,organizational demography,組織人口組成,组织人口结构,https://terms.naer.edu.tw/
7967,organizational design,組織設計,组织设计,https://terms.naer.edu.tw/
7968,organizational design,組織設計,,https://terms.naer.edu.tw/
7969,organizational development {=OD},組織發展,,https://terms.naer.edu.tw/
7970,organizational development technique,組織發展技術,组织发展技术,https://terms.naer.edu.tw/
7971,organizational development theory,組織發展理論,,https://terms.naer.edu.tw/
7972,organizational diagnosis,組織診斷,组织诊断,https://terms.naer.edu.tw/
7973,organizational diagnosis,組織診斷,,https://terms.naer.edu.tw/
7974,Organizational e-commerce,組織電子商務,组织电子商务,https://terms.naer.edu.tw/
7975,organizational ecology,組織生態學；組織生態,组织生态学,https://terms.naer.edu.tw/
7976,organizational effectiveness,組織效果；組織效能；組織效益,,https://terms.naer.edu.tw/
7977,organizational environment,組織環境,组织环境,https://terms.naer.edu.tw/
7978,organizational equilibrium theory,組織平衡理論,,https://terms.naer.edu.tw/
7979,organizational ethics,組織倫理,组织伦理,https://terms.naer.edu.tw/
7980,organizational ethics,組織倫理,,https://terms.naer.edu.tw/
7981,organizational identification,組織認同,组织认同,https://terms.naer.edu.tw/
7982,organizational inducements,組織誘因,组织吸引,https://terms.naer.edu.tw/
7983,organizational inertia,組織慣性,,https://terms.naer.edu.tw/
7984,organizational inertia,組織慣性,组织惯性,https://terms.naer.edu.tw/
7985,organizational innovation,組織創新,,https://terms.naer.edu.tw/
7986,organizational intellectual asset,組織智慧資產,,https://terms.naer.edu.tw/
7987,organizational justice,組織公正；組織正義,组织公正；组织正义,https://terms.naer.edu.tw/
7988,Organizational knowledge,組織知識,组织知识,https://terms.naer.edu.tw/
7989,Organizational knowledge management,組織知識管理,组织知识管理,https://terms.naer.edu.tw/
7990,organizational learning,組織學習,,https://terms.naer.edu.tw/
7991,organizational loyalty,組織忠誠,,https://terms.naer.edu.tw/
7992,organizational market,機構市場,,https://terms.naer.edu.tw/
7993,organizational memory,組織記憶,组织记忆,https://terms.naer.edu.tw/
7994,organizational memory,組織記憶,,https://terms.naer.edu.tw/
7995,organizational objectives,組織目標,组织目标,https://terms.naer.edu.tw/
7996,organizational performance,組織績效；組織效益,,https://terms.naer.edu.tw/
7997,organizational political behavior,組織政治行為,组织政治行为,https://terms.naer.edu.tw/
7998,organizational politics,組織政治,,https://terms.naer.edu.tw/
7999,organizational politics,組織政治,组织政治,https://terms.naer.edu.tw/
8000,organizational process,組織程序；組織流程,,https://terms.naer.edu.tw/
8001,organizational replacement chart,組織職位接替圖,组织职位接替图,https://terms.naer.edu.tw/
8002,organizational reputation,組織聲望,组织声誉,https://terms.naer.edu.tw/
8003,organizational resources,組織資源,,https://terms.naer.edu.tw/
8004,organizational role,組織角色,,https://terms.naer.edu.tw/
8005,organizational routine,組織慣例,组织惯例,https://terms.naer.edu.tw/
8006,organizational size,組織規模,组织规模,https://terms.naer.edu.tw/
8007,organizational slack,組織餘裕資源,,https://terms.naer.edu.tw/
8008,organizational socialization,組織社會化,,https://terms.naer.edu.tw/
8009,organizational strategy,組織策略,组织战略,https://terms.naer.edu.tw/
8010,organizational structure,組織結構,组织结构,https://terms.naer.edu.tw/
8011,organizational structure,組織結構,,https://terms.naer.edu.tw/
8012,organizational unlearning,組織棄學習,组织遗忘,https://terms.naer.edu.tw/
8013,organizational vitality index (OVI),組織活力指數,组织活力指数,https://terms.naer.edu.tw/
8014,organizational-centered career planning,組織本位的職涯規劃,,https://terms.naer.edu.tw/
8015,orientation training,職前訓練,入职培训,https://terms.naer.edu.tw/
8016,orientation training,職前訓練,,https://terms.naer.edu.tw/
8017,original bill of lading,正本提單；有效提單,提货单正本,https://terms.naer.edu.tw/
8018,Original cataloging,原始編目,原始编目,https://terms.naer.edu.tw/
8019,original credit,原信用狀；主信用狀,原始信用证；正本信用证,https://terms.naer.edu.tw/
8020,original equipment manufacturer {=OEM},原廠代工製造,,https://terms.naer.edu.tw/
8021,original equipment manufacturing(OEM),原廠委託製造；製造代工,定牌生产；原始设备制造；俗称代工,https://terms.naer.edu.tw/
8022,original innovation,原始創新,原始创新,https://terms.naer.edu.tw/
8023,original issue discount (OID) bond,原始發行折價債券,,https://terms.naer.edu.tw/
8024,Originating Ba,起源場,起源场,https://terms.naer.edu.tw/
8025,orthogonal experiment design,直交實驗設計,正交实验设计,https://terms.naer.edu.tw/
8026,Oslo manual,奧斯陸手冊,奥斯陆手册,https://terms.naer.edu.tw/
8027,out of date cheque,過期支票,过期支票,https://terms.naer.edu.tw/
8028,out-of-stock cost,缺貨成本,,https://terms.naer.edu.tw/
8029,out-of-the-money,價外,虚值状态,https://terms.naer.edu.tw/
8030,out-to-in external bond,在國內使用資金的國外發行債券,为在国内使用资金而在国外发行的债券,https://terms.naer.edu.tw/
8031,out-to-out external bond,在國外使用資金的國外發行債券,为在国外使用资金而在国外发行的债券,https://terms.naer.edu.tw/
8032,outbound distribution,出貨配銷,出货分销,https://terms.naer.edu.tw/
8033,outbound logistics,外向物流,,https://terms.naer.edu.tw/
8034,outbound stockpoint,出貨儲存點,出向存货点,https://terms.naer.edu.tw/
8035,outbound telemarketing,外撥電話行銷,,https://terms.naer.edu.tw/
8036,outcome,結果,,https://terms.naer.edu.tw/
8037,outdoor advertising,戶外廣告,户外广告,https://terms.naer.edu.tw/
8038,outflow of capital,資金外流,资金外流,https://terms.naer.edu.tw/
8039,outgoing inspection,出貨檢驗,出货检验,https://terms.naer.edu.tw/
8040,outlet store,暢貨商店,,https://terms.naer.edu.tw/
8041,outplacement,再就業輔導,重新就业安置,https://terms.naer.edu.tw/
8042,outplacement assistance,再就業協助,再就业援助,https://terms.naer.edu.tw/
8043,output,產出,产出,https://terms.naer.edu.tw/
8044,output control,產出控制,,https://terms.naer.edu.tw/
8045,Output design,輸出設計,输出设计,https://terms.naer.edu.tw/
8046,output quota,產出配額,产量定额,https://terms.naer.edu.tw/
8047,output-investment ratio,產出投資比,产出投资比,https://terms.naer.edu.tw/
8048,outright forward rate,直接遠期匯率,单纯远期汇率,https://terms.naer.edu.tw/
8049,outright sale,賣斷交易,买断,https://terms.naer.edu.tw/
8050,outright transaction,不附條件交易,不付条件交易,https://terms.naer.edu.tw/
8051,outside broker,場外經紀人,场外经纪人,https://terms.naer.edu.tw/
8052,outside dealing,場外交易,场外交易,https://terms.naer.edu.tw/
8053,outside market,場外市場,场外市场,https://terms.naer.edu.tw/
8054,outside option,外部選擇權,,https://terms.naer.edu.tw/
8055,outsourcing,外包；委外,,https://terms.naer.edu.tw/
8056,outstanding bill,未兌現票據,未兑现票据,https://terms.naer.edu.tw/
8057,outstanding bond,流通債券,未偿付债券,https://terms.naer.edu.tw/
8058,outstanding cheque,未兌現支票,未兑现支票,https://terms.naer.edu.tw/
8059,outstanding interest,未付利息,未付利息,https://terms.naer.edu.tw/
8060,outstanding issue,未償還的發行額,未偿还的发行额,https://terms.naer.edu.tw/
8061,outstanding loan,未清償貸款,未偿贷款,https://terms.naer.edu.tw/
8062,outstanding shares,流通在外股,股票流通量,https://terms.naer.edu.tw/
8063,outward bill,出口匯票,出口汇票,https://terms.naer.edu.tw/
8064,outward bill of lading,外運提單,外运提单,https://terms.naer.edu.tw/
8065,outward collection,出口託收,出口托收,https://terms.naer.edu.tw/
8066,outward communication,向外溝通；對外溝通,,https://terms.naer.edu.tw/
8067,outward documentary bill,出口跟單匯票,出口跟单汇票；出口押汇汇票,https://terms.naer.edu.tw/
8068,outward manifest,出口艙單,出口货单,https://terms.naer.edu.tw/
8069,over collateralization,超額擔保,超额担保,https://terms.naer.edu.tw/
8070,over reaction,過度反應,过度反应,https://terms.naer.edu.tw/
8071,over-the-counter markets,店頭市場,场外交易市场,https://terms.naer.edu.tw/
8072,over-the-counter{=OTC} market,店頭市場；櫃枱買賣市場,,https://terms.naer.edu.tw/
8073,overall cost leadership,全面成本領導策略,,https://terms.naer.edu.tw/
8074,overall satisfaction,整體滿足,,https://terms.naer.edu.tw/
8075,overall yield,總收益率,总收益率,https://terms.naer.edu.tw/
8076,overbooking,超訂,超订,https://terms.naer.edu.tw/
8077,overconfidence,過度自信,过度自信,https://terms.naer.edu.tw/
8078,overdemand,過剩需求,,https://terms.naer.edu.tw/
8079,overdraft,透支,透支,https://terms.naer.edu.tw/
8080,overdraft secured,抵押透支,抵押透支,https://terms.naer.edu.tw/
8081,overdrafts,透支,透支,https://terms.naer.edu.tw/
8082,overdue bill,過期票據,过期票据,https://terms.naer.edu.tw/
8083,overdue cheque,過期支票,过期支票,https://terms.naer.edu.tw/
8084,overfull demand,過飽和需求,,https://terms.naer.edu.tw/
8085,overhead cost,間接成本,,https://terms.naer.edu.tw/
8086,overload,超負荷,超负荷,https://terms.naer.edu.tw/
8087,overproduction waste,過量生產浪費,过量生产浪费,https://terms.naer.edu.tw/
8088,overriding credit,轉開信用狀,转开信用证,https://terms.naer.edu.tw/
8089,overseas agent,海外代理商,国外代理商,https://terms.naer.edu.tw/
8090,overseas bank,海外銀行,外国银行,https://terms.naer.edu.tw/
8091,overseas bill of lading {=overseas B/L},海外提單,海外提单,https://terms.naer.edu.tw/
8092,Overseas Chinese Investment Company,華僑投資公司,华侨投资公司,https://terms.naer.edu.tw/
8093,overseas Chinese remittance,僑匯,侨汇,https://terms.naer.edu.tw/
8094,overseas company,海外公司,外国公司,https://terms.naer.edu.tw/
8095,Overseas Economic Cooperation Fund {=OECF},海外經濟合作基金,海外经济合作基金,https://terms.naer.edu.tw/
8096,overseas premium,海外津貼,海外津贴,https://terms.naer.edu.tw/
8097,Overseas Private Investment Corporation {=OPIC},海外私人投資公司,海外私人投资公司,https://terms.naer.edu.tw/
8098,overseas trade,海外貿易,海外贸易,https://terms.naer.edu.tw/
8099,overtime,超時,加时；加点,https://terms.naer.edu.tw/
8100,overtime cost,加班成本；超時成本,加班成本；超时成本,https://terms.naer.edu.tw/
8101,owners' equity,業主權益,,https://terms.naer.edu.tw/
8102,ownership of trade mark,商標權,商标权,https://terms.naer.edu.tw/
8103,P-Q analysis　,產品-產量分析,,https://terms.naer.edu.tw/
8104,"P/B valuation method, price per book value valuation method, P/B",股價淨值評價法,市净率估值法,https://terms.naer.edu.tw/
8105,pac-man,收購收購者,收购收购者,https://terms.naer.edu.tw/
8106,Pacific Economic Community,太平洋經濟共同體,太平洋经济共同体,https://terms.naer.edu.tw/
8107,package contract,統包合約,总包合同,https://terms.naer.edu.tw/
8108,package deal,整批交易,一揽子交易,https://terms.naer.edu.tw/
8109,Package diagram,套件圖,包图,https://terms.naer.edu.tw/
8110,package option,打包選擇權,打包期权,https://terms.naer.edu.tw/
8111,package price,組合價格,一揽子价格,https://terms.naer.edu.tw/
8112,packaging,包裝,包装,https://terms.naer.edu.tw/
8113,Packet switching,分封交換,,https://terms.naer.edu.tw/
8114,Page view,網頁讀取量,,https://terms.naer.edu.tw/
8115,paid cheque,付訖支票,已付支票,https://terms.naer.edu.tw/
8116,paid leave,帶薪休假,带薪休假,https://terms.naer.edu.tw/
8117,paid-in capital,實收資本{美},实缴资本,https://terms.naer.edu.tw/
8118,paid-up capital,實收資本{英},实收资本,https://terms.naer.edu.tw/
8119,paid-up share,已繳股本,已缴清股票,https://terms.naer.edu.tw/
8120,paired-comparison method,配對比較法,,https://terms.naer.edu.tw/
8121,panel data,縱橫資料,面板数据,https://terms.naer.edu.tw/
8122,panel survey,郵寄固定樣本調查,,https://terms.naer.edu.tw/
8123,paper credit,票據信用,信用票据,https://terms.naer.edu.tw/
8124,paper currency,紙幣,纸币,https://terms.naer.edu.tw/
8125,paper gold,紙黃金,纸黄金,https://terms.naer.edu.tw/
8126,paper loss,帳面損失,账面损失,https://terms.naer.edu.tw/
8127,paper profit,帳面利潤,账面利润,https://terms.naer.edu.tw/
8128,paper standard system,紙幣本位制,纸币本位制,https://terms.naer.edu.tw/
8129,paperless office,無紙化辦公室,,https://terms.naer.edu.tw/
8130,par above premium,高於票面價值,高于票面价值,https://terms.naer.edu.tw/
8131,par below discount,低於票面價值,低于票面价值,https://terms.naer.edu.tw/
8132,par bond,平價債券,平价债券,https://terms.naer.edu.tw/
8133,par bond,平價債券,平价债券,https://terms.naer.edu.tw/
8134,par clearance,平價交換,平价交换,https://terms.naer.edu.tw/
8135,par exchange rate,平價匯率,平价汇率,https://terms.naer.edu.tw/
8136,par issue,平價發行,平价发行,https://terms.naer.edu.tw/
8137,par of exchange,匯率平價,汇兑平价,https://terms.naer.edu.tw/
8138,par price,票面價格,票面价格,https://terms.naer.edu.tw/
8139,par value,面值,面值,https://terms.naer.edu.tw/
8140,paradigm,典範,范式,https://terms.naer.edu.tw/
8141,paradigm shift,典範移轉,,https://terms.naer.edu.tw/
8142,parallel and intersectant R&D organization,平行與交叉式研發組織,并行与交叉研发组织,https://terms.naer.edu.tw/
8143,parallel financing,平行融資,平行融资,https://terms.naer.edu.tw/
8144,parallel import,平行輸入,平行进口,https://terms.naer.edu.tw/
8145,parallel importing,平行輸入,,https://terms.naer.edu.tw/
8146,parallel loan,平行貸款,,https://terms.naer.edu.tw/
8147,parallel loan,平行貸款,平行贷款,https://terms.naer.edu.tw/
8148,parallel money market,平行貨幣市場,平行货币市场,https://terms.naer.edu.tw/
8149,parallel movement,平行移動,平行移动；单件移动,https://terms.naer.edu.tw/
8150,Parallel processing,平行處理,,https://terms.naer.edu.tw/
8151,parallel rate of exchange,平行匯率,平行汇率,https://terms.naer.edu.tw/
8152,parallel standard,平行本位制度,平行本位制度,https://terms.naer.edu.tw/
8153,parallel-serial movement,平行順序移動,平行顺序移动,https://terms.naer.edu.tw/
8154,parameter,母數,,https://terms.naer.edu.tw/
8155,parameter design,參數設計,参数设计,https://terms.naer.edu.tw/
8156,parent brand,母品牌,,https://terms.naer.edu.tw/
8157,parent item,上層物料項目,父项,https://terms.naer.edu.tw/
8158,parent's socio-economic class,家長社經階級,家长社会阶段,https://terms.naer.edu.tw/
8159,Pareto analysis diagram　,柏拉圖分析圖,,https://terms.naer.edu.tw/
8160,Pareto chart,柏拉圖,帕累托图；排列图,https://terms.naer.edu.tw/
8161,Pareto diagram,柏拉圖,帕累托图；排列图,https://terms.naer.edu.tw/
8162,Paris Bourse,巴黎證券交易所,巴黎证券交易所,https://terms.naer.edu.tw/
8163,Paris Club,巴黎俱樂部；十國集團,巴黎俱乐部[即十国集团],https://terms.naer.edu.tw/
8164,parity bond,平價債券,债券平价,https://terms.naer.edu.tw/
8165,parity duty,平衡關稅,平衡关税,https://terms.naer.edu.tw/
8166,parity price,平價；等價,平价,https://terms.naer.edu.tw/
8167,Parkinson's law,帕金森定律,,https://terms.naer.edu.tw/
8168,parochialism,本位主義 ；地方主義,,https://terms.naer.edu.tw/
8169,part,零件,零件,https://terms.naer.edu.tw/
8170,part coding and classification,零件編碼和分類,零件编码和分类,https://terms.naer.edu.tw/
8171,part commonality,零件通用化,零件通用化,https://terms.naer.edu.tw/
8172,part family,零件族,零件族,https://terms.naer.edu.tw/
8173,part market strategy,部分市場策略,部分市场战略；实用工程战略,https://terms.naer.edu.tw/
8174,part number,零件代碼,零件代码,https://terms.naer.edu.tw/
8175,part period balancing (PPB)　　　　,零件期間平衡法,,https://terms.naer.edu.tw/
8176,part standardization,零件標準化,零件标准化,https://terms.naer.edu.tw/
8177,part-time work,部分工時工作,兼职工作,https://terms.naer.edu.tw/
8178,partial acceptance,部分承兌,部分承兑,https://terms.naer.edu.tw/
8179,Partial cybermarketing,局部網路行銷,,https://terms.naer.edu.tw/
8180,partial endorsement,[票據的]部分背書,[票据的]部分背书,https://terms.naer.edu.tw/
8181,partial equilibrium of international trade,國際貿易部分均衡,国际贸易局部均衡,https://terms.naer.edu.tw/
8182,partial insurance,部分保險,部分保险,https://terms.naer.edu.tw/
8183,partial payment,部分支付,部分支付,https://terms.naer.edu.tw/
8184,partial settlement,部分結清,部分结清,https://terms.naer.edu.tw/
8185,participant diary,參與者工作日志,参与式工作日记,https://terms.naer.edu.tw/
8186,participant observation,參與觀察法,,https://terms.naer.edu.tw/
8187,participating,參與式領導,参与式领导,https://terms.naer.edu.tw/
8188,participating insurance,互助保險,共同保险；互助保险,https://terms.naer.edu.tw/
8189,participating loan,聯貸,共同贷款,https://terms.naer.edu.tw/
8190,participating preferred stock,參加特別股,,https://terms.naer.edu.tw/
8191,participating reinsurance,參與再保險,参与再保险,https://terms.naer.edu.tw/
8192,participative counseling,參與式諮商,参与式咨询,https://terms.naer.edu.tw/
8193,participative counseling,參與式諮商,,https://terms.naer.edu.tw/
8194,participative design,參與式設計,参与式设计,https://terms.naer.edu.tw/
8195,participative leadership,參與式領導,,https://terms.naer.edu.tw/
8196,participative management,參與式管理,参与管理,https://terms.naer.edu.tw/
8197,participative management,參與式管理,,https://terms.naer.edu.tw/
8198,participative management system,參與式管理系統；參與式管理制度,,https://terms.naer.edu.tw/
8199,particular average {=PA},單獨海損,单独海损,https://terms.naer.edu.tw/
8200,particular lien,個別留置權,特定留置权,https://terms.naer.edu.tw/
8201,partner relationship management {=PRM},夥伴關係管理,伙伴关系管理,https://terms.naer.edu.tw/
8202,partnership,合夥,,https://terms.naer.edu.tw/
8203,partnership,合夥,,https://terms.naer.edu.tw/
8204,partnership account,合夥帳戶,合伙账户,https://terms.naer.edu.tw/
8205,partnership agreement,合夥契約,合伙契约,https://terms.naer.edu.tw/
8206,party in bill of exchange,匯票當事人,汇票当事人,https://terms.naer.edu.tw/
8207,party liable on bill of exchange,匯票債務人,汇票债务人,https://terms.naer.edu.tw/
8208,party of bill,票據當事人,票据当事人,https://terms.naer.edu.tw/
8209,party selling,聚會銷售,,https://terms.naer.edu.tw/
8210,party to draft,匯票當事人,汇票当事人,https://terms.naer.edu.tw/
8211,party to letter of credit {=party to L/C},信用狀當事人,信用证当事人,https://terms.naer.edu.tw/
8212,Pascal,巴斯卡語言,,https://terms.naer.edu.tw/
8213,pass-through securities,轉手證券,,https://terms.naer.edu.tw/
8214,pass-through warehouse,中轉倉庫,中转仓库,https://terms.naer.edu.tw/
8215,passing of risk,風險移轉,风险转移,https://terms.naer.edu.tw/
8216,passive balance of trade,貿易逆差,贸易逆差,https://terms.naer.edu.tw/
8217,passive bond,無息債券,无息债券,https://terms.naer.edu.tw/
8218,passive bond management,被動債券管理,消极债券管理,https://terms.naer.edu.tw/
8219,passive data analysis,被動數據分析,被动数据分析,https://terms.naer.edu.tw/
8220,passive portfolio,被動投資組合,消极资产组合,https://terms.naer.edu.tw/
8221,passive trade,被動貿易,被动贸易,https://terms.naer.edu.tw/
8222,passive trust,無利息信託,消极信托,https://terms.naer.edu.tw/
8223,passive trustee,被動受託人,被动受托人,https://terms.naer.edu.tw/
8224,past due order,過期訂單,过期订单,https://terms.naer.edu.tw/
8225,Pasteur's quadrant,巴斯德象限,巴斯德象限,https://terms.naer.edu.tw/
8226,patent,專利,专利,https://terms.naer.edu.tw/
8227,patent cooperation treaty,專利合作條約,专利合作条约,https://terms.naer.edu.tw/
8228,patent law,專利法,专利法,https://terms.naer.edu.tw/
8229,patent map,專利地圖,专利地图,https://terms.naer.edu.tw/
8230,patent pool,專利池,专利池；专利库,https://terms.naer.edu.tw/
8231,patent right,專利權,专利权,https://terms.naer.edu.tw/
8232,patent royalty,專利權權利金,专利权使用费,https://terms.naer.edu.tw/
8233,patent system,專利制度,专利制度,https://terms.naer.edu.tw/
8234,patentee,專利權所有人,专利权所有人,https://terms.naer.edu.tw/
8235,paternalism,父權主義,父权主义,https://terms.naer.edu.tw/
8236,paternalistic leadership,家長式領導,,https://terms.naer.edu.tw/
8237,path dependence,路徑依賴；路徑相依,路径依赖,https://terms.naer.edu.tw/
8238,path-dependent option,路徑相依選擇權,路径依赖型期权,https://terms.naer.edu.tw/
8239,path-goal theory,路徑-目標理論,通路目标理论,https://terms.naer.edu.tw/
8240,path-goal theory,路徑-目標理論,,https://terms.naer.edu.tw/
8241,pathfinder,開路先鋒,,https://terms.naer.edu.tw/
8242,pattern of trade,貿易結構；交易模式,贸易格局,https://terms.naer.edu.tw/
8243,Pavitt's category,帕維特分類,帕维特分类,https://terms.naer.edu.tw/
8244,"pawn shop, pawn broker",當鋪,典当行,https://terms.naer.edu.tw/
8245,pay,薪資,薪资,https://terms.naer.edu.tw/
8246,pay arrival,貨到付款,货到付款,https://terms.naer.edu.tw/
8247,pay card,薪資卡,工资结算,https://terms.naer.edu.tw/
8248,pay cash,付現,付现,https://terms.naer.edu.tw/
8249,pay cheque,薪資支票,工资支票,https://terms.naer.edu.tw/
8250,pay compression,薪資壓縮,工资压缩,https://terms.naer.edu.tw/
8251,pay debt merger,債務承擔併購,债务承担并购,https://terms.naer.edu.tw/
8252,pay grades,薪資職等,薪资等级,https://terms.naer.edu.tw/
8253,pay level,薪資水準,薪资水平,https://terms.naer.edu.tw/
8254,pay mix system,混合式薪資制,,https://terms.naer.edu.tw/
8255,pay on delivery,貨到付款,交货付款,https://terms.naer.edu.tw/
8256,pay overlap,薪資職等重迭,薪资职等重迭,https://terms.naer.edu.tw/
8257,pay policy line,薪資政策線,工资政策线,https://terms.naer.edu.tw/
8258,pay ranges,薪資幅度；薪距,报酬区间,https://terms.naer.edu.tw/
8259,pay rate adjustment,薪資率調整,报酬率调整,https://terms.naer.edu.tw/
8260,pay-for-performance program,績效給薪方案,,https://terms.naer.edu.tw/
8261,pay-for-performance system,績效給薪制,绩效薪酬,https://terms.naer.edu.tw/
8262,pay-later option,後付選擇權,,https://terms.naer.edu.tw/
8263,payable at fixed date,定期付款,定期付款,https://terms.naer.edu.tw/
8264,payable at fixed period after date,出票後定期付款,出票后定期付款,https://terms.naer.edu.tw/
8265,payable at sight,見票即付,见票即付,https://terms.naer.edu.tw/
8266,payable at usance,遠期付款,远期付款,https://terms.naer.edu.tw/
8267,payable bond,應付債券,应付债券,https://terms.naer.edu.tw/
8268,payable in advance,預先付款,预先付款,https://terms.naer.edu.tw/
8269,payable in cash,現金支付,现金支付,https://terms.naer.edu.tw/
8270,payable in lump sum,一次付款,应一次总付,https://terms.naer.edu.tw/
8271,payable on delivery,貨到付款,交货付款,https://terms.naer.edu.tw/
8272,payable on demand,索款即付,索款即付,https://terms.naer.edu.tw/
8273,payable to order,記名付款,记名付款,https://terms.naer.edu.tw/
8274,payables deferral period,應付帳款遞延期間,,https://terms.naer.edu.tw/
8275,payback period,投資回收期,,https://terms.naer.edu.tw/
8276,paybck period method,回收期間法,,https://terms.naer.edu.tw/
8277,paying agent,付款代理人,支付代理人,https://terms.naer.edu.tw/
8278,payment adjustment,支付調整,支付调整,https://terms.naer.edu.tw/
8279,payment after delivery,貨到後付款,交货付款,https://terms.naer.edu.tw/
8280,payment against document credit,交單付款信用狀,凭单付款信用证,https://terms.naer.edu.tw/
8281,payment against document through collection,交單託收付款,托收项下的凭单付款,https://terms.naer.edu.tw/
8282,payment against draft credit,憑匯票付款信用狀,凭汇票付款信用证,https://terms.naer.edu.tw/
8283,payment agreement,支付協定,支付协定,https://terms.naer.edu.tw/
8284,payment at sight,見票即付,见票即付,https://terms.naer.edu.tw/
8285,payment balance,支付差額,支付差额,https://terms.naer.edu.tw/
8286,payment bill,支付票據,支付汇票,https://terms.naer.edu.tw/
8287,payment by acceptance,[票據]承兌付款,[票据]承兑付款,https://terms.naer.edu.tw/
8288,payment by bill,憑匯票付款,凭汇票付款,https://terms.naer.edu.tw/
8289,payment by draft,憑匯票付款,凭汇票付款,https://terms.naer.edu.tw/
8290,payment by remittance,匯撥支付,汇拨支付,https://terms.naer.edu.tw/
8291,payment commission,付款手續費,付款手续费,https://terms.naer.edu.tw/
8292,payment date,支付日,,https://terms.naer.edu.tw/
8293,payment guarantee,付款保證,付款保证,https://terms.naer.edu.tw/
8294,payment in advance,預付,预付,https://terms.naer.edu.tw/
8295,payment in kind,實物支付,实物支付,https://terms.naer.edu.tw/
8296,payment instrument,支付憑證,支付凭证,https://terms.naer.edu.tw/
8297,payment notice,繳款通知,缴款通知,https://terms.naer.edu.tw/
8298,payment on account,賒帳支付,赊账支付,https://terms.naer.edu.tw/
8299,payment on delivery,交貨付款,交货付款,https://terms.naer.edu.tw/
8300,payment on invoice,憑發票付款,凭发票付款,https://terms.naer.edu.tw/
8301,payment on receipt credit,憑收據付款信用狀,凭收据付款信用证,https://terms.naer.edu.tw/
8302,payment on receipt of goods,收貨付款,凭交货收据付款,https://terms.naer.edu.tw/
8303,payment on statement,憑帳單付款,凭账单付款,https://terms.naer.edu.tw/
8304,payment on term,定期付款,定期付款,https://terms.naer.edu.tw/
8305,payment order,付款委託書,付款通知,https://terms.naer.edu.tw/
8306,payment respite,延期付款,延期付款,https://terms.naer.edu.tw/
8307,Payment risk,支付風險,支付风险,https://terms.naer.edu.tw/
8308,Payment security,支付安全,支付安全,https://terms.naer.edu.tw/
8309,payment statement,付款憑單,付款凭单,https://terms.naer.edu.tw/
8310,payment terms,付款條件,[贸易合同中的]付款条件,https://terms.naer.edu.tw/
8311,payment voucher,支付傳票,支付凭单,https://terms.naer.edu.tw/
8312,payments balance,國際收支餘額,[国际]收支差额,https://terms.naer.edu.tw/
8313,payments deficit,國際收支赤字,国际收支赤字,https://terms.naer.edu.tw/
8314,payments surplus,國際收支盈餘,国际收支盈余,https://terms.naer.edu.tw/
8315,payoff matrix,報酬矩陣,,https://terms.naer.edu.tw/
8316,payroll analysis,薪资分析,工资分析,https://terms.naer.edu.tw/
8317,payroll form,薪資形式,工资形式,https://terms.naer.edu.tw/
8318,payroll fund,薪資基金,工资基金,https://terms.naer.edu.tw/
8319,payroll system,薪資系統,工资管理系统,https://terms.naer.edu.tw/
8320,payroll tax,薪資稅,工资所得税,https://terms.naer.edu.tw/
8321,PDCA cycle {Shewhart Cycle},PDCA循環,,https://terms.naer.edu.tw/
8322,pecking order model,融資順位模式；融資順位模型,,https://terms.naer.edu.tw/
8323,pecking order theory,融資順位理論,优序融资理论,https://terms.naer.edu.tw/
8324,peer appraisals,同儕考核,同事考核,https://terms.naer.edu.tw/
8325,Peer Influence,同儕影響,同侪影响,https://terms.naer.edu.tw/
8326,peer rating,同儕評量,同事评价,https://terms.naer.edu.tw/
8327,peer review,同行評議；同儕審查,同行评议,https://terms.naer.edu.tw/
8328,Peer-to-peer,點對點,,https://terms.naer.edu.tw/
8329,peg exchange rate,釘住匯率,钉住汇率,https://terms.naer.edu.tw/
8330,pegged exchange rate system,釘住匯率制度,钉住汇率制度,https://terms.naer.edu.tw/
8331,pegged price,釘住價格；固定價格,钉住价格,https://terms.naer.edu.tw/
8332,pegged rate [of exchange],釘住匯率,钉住汇率,https://terms.naer.edu.tw/
8333,pegging,需求追蹤,反查；需求跟踪,https://terms.naer.edu.tw/
8334,penalty cost,懲罰成本,,https://terms.naer.edu.tw/
8335,penalty duty,懲罰性關稅,惩罚性关税,https://terms.naer.edu.tw/
8336,penalty interest rate,滯納金利率,惩罚性[贷款]利率,https://terms.naer.edu.tw/
8337,penalty tax,稅款滯納金,税款滞纳金,https://terms.naer.edu.tw/
8338,penetration price policy,滲透價格政策,,https://terms.naer.edu.tw/
8339,penetration strategy,滲透策略,,https://terms.naer.edu.tw/
8340,pension,退休金,,https://terms.naer.edu.tw/
8341,pension benefit guarantee corporation,退休金給付擔保公司,养老金给付担保公司,https://terms.naer.edu.tw/
8342,pension benefits,退休年金福利,退休福利,https://terms.naer.edu.tw/
8343,pension fund,退休基金,养老基金,https://terms.naer.edu.tw/
8344,pension plan,退休年金計畫,退休金计划,https://terms.naer.edu.tw/
8345,people oriented organization,以人導向式組織,,https://terms.naer.edu.tw/
8346,Perceived Behavior Control,知覺行為控制,知觉行为控制,https://terms.naer.edu.tw/
8347,Perceived Ease of Use,知覺易用性,知觉易用性,https://terms.naer.edu.tw/
8348,perceived organizational support,知覺組織支援；組織支援感,组织支持感,https://terms.naer.edu.tw/
8349,perceived performance,知覺績效,,https://terms.naer.edu.tw/
8350,Perceived Playfulness,知覺愉悅性,知觉愉悦性,https://terms.naer.edu.tw/
8351,perceived quality,知覺品質,感知质量,https://terms.naer.edu.tw/
8352,perceived risk,知覺風險,,https://terms.naer.edu.tw/
8353,perceived service,知覺服務,,https://terms.naer.edu.tw/
8354,Perceived Usefulness,知覺有用性,知觉有用性,https://terms.naer.edu.tw/
8355,perceived value,知覺價值,,https://terms.naer.edu.tw/
8356,perceived-value pricing,知覺價值訂價法,,https://terms.naer.edu.tw/
8357,percentage of sales method,銷售額百分比法,,https://terms.naer.edu.tw/
8358,perception,知覺,,https://terms.naer.edu.tw/
8359,perception,知覺,,https://terms.naer.edu.tw/
8360,perception distortion,知覺扭曲,,https://terms.naer.edu.tw/
8361,perceptual bias,知覺偏差,知觉偏差,https://terms.naer.edu.tw/
8362,perceptual defense,知覺防衛,知觉防御,https://terms.naer.edu.tw/
8363,perceptual map,知覺圖,感知图,https://terms.naer.edu.tw/
8364,perceptual-motor job design,知覺動作工作設計,知觉运动型职位设计,https://terms.naer.edu.tw/
8365,perfect capital market hypothesis,完美資本市場假說,完美资本市场假设,https://terms.naer.edu.tw/
8366,perfect competition,完全競爭,,https://terms.naer.edu.tw/
8367,perfect discrimination,完全差別待遇,完全歧视,https://terms.naer.edu.tw/
8368,perfect hedge,完全避險,,https://terms.naer.edu.tw/
8369,performance,績效,,https://terms.naer.edu.tw/
8370,performance appraisal,績效評估；效益評估,,https://terms.naer.edu.tw/
8371,performance appraisal interview,績效評估面談,,https://terms.naer.edu.tw/
8372,performance appraisal principle,績效評估原則,,https://terms.naer.edu.tw/
8373,performance appraisal system,績效評估系統；績效評估制度,,https://terms.naer.edu.tw/
8374,performance assessment,績效評鑑,绩效评价,https://terms.naer.edu.tw/
8375,performance bond,履約保證金,履约保证书,https://terms.naer.edu.tw/
8376,performance bonus,績效紅利；績效獎金,绩效奖金,https://terms.naer.edu.tw/
8377,performance characteristic,性能特性,性能特性,https://terms.naer.edu.tw/
8378,performance evaluation,績效評估,,https://terms.naer.edu.tw/
8379,performance feedback,績效回饋,,https://terms.naer.edu.tw/
8380,performance indicator,績效指標,绩效指标,https://terms.naer.edu.tw/
8381,performance level,績效水準；績效水平,,https://terms.naer.edu.tw/
8382,performance management,績效管理,,https://terms.naer.edu.tw/
8383,performance management system,績效管理系統；績效管理制度,绩效管理体系,https://terms.naer.edu.tw/
8384,performance marketing,績效行銷,,https://terms.naer.edu.tw/
8385,performance measures,績效衡量工具；績效衡量法,绩效测量方法,https://terms.naer.edu.tw/
8386,performance monitoring,績效監測,绩效监测,https://terms.naer.edu.tw/
8387,performance rating,績效評定,作业绩效评定,https://terms.naer.edu.tw/
8388,performance rating factor,績效評定因素,绩效评定因子,https://terms.naer.edu.tw/
8389,performance sampling,績效抽樣,绩效取样,https://terms.naer.edu.tw/
8390,performance share plans,績效分享計畫,绩效分享计划,https://terms.naer.edu.tw/
8391,performance stock,績效股,,https://terms.naer.edu.tw/
8392,performance target,績效目標,,https://terms.naer.edu.tw/
8393,performance tests,實作測驗,性能测试,https://terms.naer.edu.tw/
8394,performance-based pay systems,績效基礎薪資系統；績效基礎薪資制度,,https://terms.naer.edu.tw/
8395,performance-goal orientation,績效目標導向,绩效目标导向,https://terms.naer.edu.tw/
8396,performance-reward linkage,績效-報酬關連性,绩效-报酬关系,https://terms.naer.edu.tw/
8397,performance-simulation test,績效模擬測驗,,https://terms.naer.edu.tw/
8398,performing stage,執行期｛Tuckman團隊發展五階段之一｝,,https://terms.naer.edu.tw/
8399,perils clause,危險條款,危险条款,https://terms.naer.edu.tw/
8400,period bill,定期匯票,定期汇票,https://terms.naer.edu.tw/
8401,period-review system　,定期盤存制,,https://terms.naer.edu.tw/
8402,periodic credit,定期循環信用狀,定期信用证,https://terms.naer.edu.tw/
8403,periodic order quantity (POQ)　　,週期訂購量法,,https://terms.naer.edu.tw/
8404,periodic replenishment,定期補貨,定期补货,https://terms.naer.edu.tw/
8405,periodic survey,定期調查,,https://terms.naer.edu.tw/
8406,periodic system,定期（訂購）系統,定期系统,https://terms.naer.edu.tw/
8407,Peripheral Cues,周邊線索,周边线索,https://terms.naer.edu.tw/
8408,peripheral route,周邊路徑,,https://terms.naer.edu.tw/
8409,perishability,易逝性,,https://terms.naer.edu.tw/
8410,permanent asset,永久性資產,永久性资产,https://terms.naer.edu.tw/
8411,permanent current asset,永久性流動資產,,https://terms.naer.edu.tw/
8412,permanent financing,永久性融資,永久性融资,https://terms.naer.edu.tw/
8413,permission marketing,許可式行銷,,https://terms.naer.edu.tw/
8414,permit for transshipment,[海關的]轉運許可證,[海关的]转运许可证,https://terms.naer.edu.tw/
8415,permit for warehousing,[海關的]入庫許可證,[海关的]入库许可证,https://terms.naer.edu.tw/
8416,permit for withdrawing,[海關的]出庫許可證,[海关的]出库许可证,https://terms.naer.edu.tw/
8417,perpetual inventory,永續盤存,永续盘存,https://terms.naer.edu.tw/
8418,perpetual inventory system,永續盤存系統；永續盤存制,永续盘存系统,https://terms.naer.edu.tw/
8419,perpetuity,永續年金,,https://terms.naer.edu.tw/
8420,perquisite,特殊津貼,额外补贴,https://terms.naer.edu.tw/
8421,person analysis,人員分析,人员分析,https://terms.naer.edu.tw/
8422,person analysis,人員分析,,https://terms.naer.edu.tw/
8423,person-job fit,人-職位適配；個人-工作適配,人-职位匹配,https://terms.naer.edu.tw/
8424,person-job-organization fit,人-職-組織適配；個人-工作-組織適配,人-职-组织匹配,https://terms.naer.edu.tw/
8425,person-organization fit,人-組織適配；個人-組織適配,人-组织匹配,https://terms.naer.edu.tw/
8426,personal allowance,私事寬放,生理宽放,https://terms.naer.edu.tw/
8427,Personal Archives,人事檔案,人事档案,https://terms.naer.edu.tw/
8428,personal cheque,個人支票,私人支票,https://terms.naer.edu.tw/
8429,personal communication channel,人員溝通管道,人员沟通渠道；人员传播渠道,https://terms.naer.edu.tw/
8430,personal construct theory,個人建構理論,,https://terms.naer.edu.tw/
8431,personal credit,個人信用,个人信贷,https://terms.naer.edu.tw/
8432,personal credit institution,個人信用機構,个人信贷机构,https://terms.naer.edu.tw/
8433,personal disposable income,個人可支配所得,个人可支配收入,https://terms.naer.edu.tw/
8434,personal identity,身份認定,身份认定,https://terms.naer.edu.tw/
8435,Personal information source,個人資訊來源,个人信息,https://terms.naer.edu.tw/
8436,personal interview,人員訪問,,https://terms.naer.edu.tw/
8437,personal investment,個人投資,个人投资,https://terms.naer.edu.tw/
8438,Personal knowledge,個人知識,个体知识,https://terms.naer.edu.tw/
8439,Personal knowledge management,個人知識管理,个人知识管理,https://terms.naer.edu.tw/
8440,personal power,個人權力,个人权力,https://terms.naer.edu.tw/
8441,personal requisition form,人員需求表,人员需求表,https://terms.naer.edu.tw/
8442,personal selling,人員銷售,,https://terms.naer.edu.tw/
8443,personal staff,幕僚人員,,https://terms.naer.edu.tw/
8444,personal time,私事寬放,,https://terms.naer.edu.tw/
8445,personal values and norm,個人價值及規範,,https://terms.naer.edu.tw/
8446,personal-environment fit{=P-E fit},個人與環境契合,,https://terms.naer.edu.tw/
8447,personality,個性；性格,消费者个性,https://terms.naer.edu.tw/
8448,personality hierarchical model,個性層次模式；個性層次模型；性格階層模式；性格階層模型,个性层次模型,https://terms.naer.edu.tw/
8449,personality test,人格測驗；性格測驗,个性测验,https://terms.naer.edu.tw/
8450,personality traits,人格特質；性格特質,个性特征,https://terms.naer.edu.tw/
8451,personality-job fit theory,個性-工作適配理論；性格-工作適配理論；人格-工作適配理論,个性-工作匹配理论,https://terms.naer.edu.tw/
8452,Personalization strategy,個人化策略,个性化策略,https://terms.naer.edu.tw/
8453,Personalized recommendation,個人化推薦,个性化推荐,https://terms.naer.edu.tw/
8454,Personalized service,個人化服務,个性化服务,https://terms.naer.edu.tw/
8455,personnel adjustment,人事調整,人事调整,https://terms.naer.edu.tw/
8456,personnel administration,人事行政,人事行政,https://terms.naer.edu.tw/
8457,personnel archive,人事檔案,人事档案,https://terms.naer.edu.tw/
8458,personnel assessment,人事評量,,https://terms.naer.edu.tw/
8459,personnel control,人事管控,人事管控,https://terms.naer.edu.tw/
8460,personnel flow analysis,人員流分析,人员流分析,https://terms.naer.edu.tw/
8461,personnel management,人事管理,人事管理,https://terms.naer.edu.tw/
8462,personnel replacement charts,人事接替圖,人事接替图,https://terms.naer.edu.tw/
8463,personnel selection,人事甄選；員工甄選,人员选拔,https://terms.naer.edu.tw/
8464,personnel test,人事測驗,人事测验,https://terms.naer.edu.tw/
8465,personnel transitional matrix,人事變遷矩陣,人事变迁矩阵,https://terms.naer.edu.tw/
8466,persuasive advertising,說服式廣告,,https://terms.naer.edu.tw/
8467,Pervasive computing,普及運算,,https://terms.naer.edu.tw/
8468,Peter principle,彼得原理,,https://terms.naer.edu.tw/
8469,petro dollar,油元,石油美元,https://terms.naer.edu.tw/
8470,petrocurrency,石油通貨,石油通货,https://terms.naer.edu.tw/
8471,phantom bill of material,虛擬物料清單,虚拟物料清单,https://terms.naer.edu.tw/
8472,phantom respondents,幽靈,,https://terms.naer.edu.tw/
8473,phased-out model,分階段淘汰式的甄選策略,分阶段淘汰式的甄选策略,https://terms.naer.edu.tw/
8474,Philology,文獻學,文献学,https://terms.naer.edu.tw/
8475,Philosophy of information,資訊哲學,信息哲学,https://terms.naer.edu.tw/
8476,philosophy of technology,技術哲學,技术哲学,https://terms.naer.edu.tw/
8477,photograph analysis,影像分析,影像分析,https://terms.naer.edu.tw/
8478,Phrase search,短語檢索,短语检索,https://terms.naer.edu.tw/
8479,physical abilities,體能,体能,https://terms.naer.edu.tw/
8480,physical and chemical test,物理化學測試,理化检验；器具检验,https://terms.naer.edu.tw/
8481,physical audit,現場稽核,,https://terms.naer.edu.tw/
8482,physical distribution,實體分配；實體配送；實體配銷,,https://terms.naer.edu.tw/
8483,Physical information source,實體資訊來源,实物信息,https://terms.naer.edu.tw/
8484,physical inventory,實體存貨；實體盤存,实物库存,https://terms.naer.edu.tw/
8485,physical life　　　,實體壽命,,https://terms.naer.edu.tw/
8486,physical market,現貨市場,现货市场,https://terms.naer.edu.tw/
8487,Physical model,實體模型,物理模型,https://terms.naer.edu.tw/
8488,physical resources,物質資源,物质资源,https://terms.naer.edu.tw/
8489,Physical simulation,實體模擬,物理模拟,https://terms.naer.edu.tw/
8490,Physical system,實體系統,实体系统,https://terms.naer.edu.tw/
8491,physical withdrawal behavior,退縮行為,行为退化,https://terms.naer.edu.tw/
8492,physiological activation,生理性啓動,,https://terms.naer.edu.tw/
8493,physiological needs,生理需要；生理需求,,https://terms.naer.edu.tw/
8494,physiological needs,生理需要；生理需求,,https://terms.naer.edu.tw/
8495,picking list,領料單,领料单,https://terms.naer.edu.tw/
8496,Picture element,圖像元素,,https://terms.naer.edu.tw/
8497,piece value,計件值,计件值,https://terms.naer.edu.tw/
8498,piece-rate pay plan,按件計酬制,计件工资,https://terms.naer.edu.tw/
8499,piece-rate wage system,計件工資制,计件工资制,https://terms.naer.edu.tw/
8500,piggyback,背負法,猪背运输,https://terms.naer.edu.tw/
8501,pilot order,試作訂單；試產訂單,试产订单,https://terms.naer.edu.tw/
8502,pilot plant,試作工廠,试验工厂,https://terms.naer.edu.tw/
8503,pilot scale test,小規模試驗,中试,https://terms.naer.edu.tw/
8504,pilot test,試作測驗,试生产,https://terms.naer.edu.tw/
8505,pipeline inventory,管道存貨,渠道库存,https://terms.naer.edu.tw/
8506,pit trader,場內交易人,场内交易人,https://terms.naer.edu.tw/
8507,Pivot analysis technique,旋轉分析,旋转分析,https://terms.naer.edu.tw/
8508,pivot rate,中心匯率,中心汇率,https://terms.naer.edu.tw/
8509,Pixel,圖像元素,,https://terms.naer.edu.tw/
8510,place,通路,,https://terms.naer.edu.tw/
8511,place advertising,定點廣告；地點廣告,,https://terms.naer.edu.tw/
8512,place of arbitration,仲裁地點,仲裁地点,https://terms.naer.edu.tw/
8513,place of delivery,交貨地點,交货地点,https://terms.naer.edu.tw/
8514,place of origin,原產地,原产地,https://terms.naer.edu.tw/
8515,Place on File,歸檔,归档,https://terms.naer.edu.tw/
8516,place utility,地點效用,,https://terms.naer.edu.tw/
8517,placement,安置,安置,https://terms.naer.edu.tw/
8518,placement chart,安置圖,安置图,https://terms.naer.edu.tw/
8519,plain vanilla option,陽春型選擇權,,https://terms.naer.edu.tw/
8520,plan,計畫,,https://terms.naer.edu.tw/
8521,"plan, do, study, ameliorate (PDSA)",計畫、實施、研究、改善模式,计划、实施、研究、改进模式,https://terms.naer.edu.tw/
8522,planned change,計畫式變革,计划型变革,https://terms.naer.edu.tw/
8523,planned load,計畫負荷,计划负荷,https://terms.naer.edu.tw/
8524,planned obsolescence,計劃性過時,,https://terms.naer.edu.tw/
8525,planned order,計畫訂單,计划订单,https://terms.naer.edu.tw/
8526,planned order receipts,計劃到貨量,计划到货量,https://terms.naer.edu.tw/
8527,planned order released,計劃發出訂貨量,计划发出订货量,https://terms.naer.edu.tw/
8528,planning,規劃,,https://terms.naer.edu.tw/
8529,planning gap,規劃缺口,,https://terms.naer.edu.tw/
8530,planning horizon,規劃週期,计划期,https://terms.naer.edu.tw/
8531,planning premise,規劃前提,,https://terms.naer.edu.tw/
8532,planning process,規劃程序,,https://terms.naer.edu.tw/
8533,planning staff,企劃幕僚,,https://terms.naer.edu.tw/
8534,planning study,規劃研究,,https://terms.naer.edu.tw/
8535,plant layout　,工廠佈置,,https://terms.naer.edu.tw/
8536,plant within a plant,廠中廠,厂中厂,https://terms.naer.edu.tw/
8537,platform project,平台式專案,,https://terms.naer.edu.tw/
8538,pleasing product,愉悅的產品,愉悦产品,https://terms.naer.edu.tw/
8539,pledge,質押,质押,https://terms.naer.edu.tw/
8540,pledge of asset,資產抵押,资产抵押,https://terms.naer.edu.tw/
8541,pledge of bill of lading,提單質押,提单抵押,https://terms.naer.edu.tw/
8542,pledge of obligation,契約質押,契约抵押；债权抵押,https://terms.naer.edu.tw/
8543,pledged security,有價證券質押,抵押有价证券,https://terms.naer.edu.tw/
8544,pledging of accounts receivable,應收帳款質押,,https://terms.naer.edu.tw/
8545,plow back,盈餘再投資,再投资,https://terms.naer.edu.tw/
8546,point automation　,單點自動化,,https://terms.naer.edu.tw/
8547,point method,點數法,因素点分评价法,https://terms.naer.edu.tw/
8548,point of purchase {=POP},購買點,购物点；销售点,https://terms.naer.edu.tw/
8549,point of sales system{=POS},銷售點電腦系統,,https://terms.naer.edu.tw/
8550,Point of sales systems (POS),銷售點系統,,https://terms.naer.edu.tw/
8551,point system,點數系統；點數制度,点分系统,https://terms.naer.edu.tw/
8552,point value,計點值,计点值,https://terms.naer.edu.tw/
8553,point-of-difference{=POD},差異點,,https://terms.naer.edu.tw/
8554,point-of-parity{=POP},對等點,,https://terms.naer.edu.tw/
8555,poison pill,毒藥丸,,https://terms.naer.edu.tw/
8556,poka-yoka　,防呆{同fool proof},,https://terms.naer.edu.tw/
8557,policy,政策,,https://terms.naer.edu.tw/
8558,policy allowance,政策宽放,政策宽放,https://terms.naer.edu.tw/
8559,policy banking institution,政策銀行機構,政策性银行,https://terms.naer.edu.tw/
8560,policy capturing,策略攫取法；政策攫取法,策略捕捉,https://terms.naer.edu.tw/
8561,policy loan,政策性貸款；保險單借款,政策性贷款,https://terms.naer.edu.tw/
8562,policy of reserve requirement,存款準備政策,存款准备金政策,https://terms.naer.edu.tw/
8563,political behavior,政治行為,政治行为,https://terms.naer.edu.tw/
8564,political environment,政治環境,,https://terms.naer.edu.tw/
8565,political man,政治人,,https://terms.naer.edu.tw/
8566,political risk,政治風險,,https://terms.naer.edu.tw/
8567,political skill,政治能力；政治技能,,https://terms.naer.edu.tw/
8568,politicking,政治運作,,https://terms.naer.edu.tw/
8569,polycentric orientation,多國中心導向；地主國導向,多国中心导向；地主国导向,https://terms.naer.edu.tw/
8570,polygraph test,謊言測驗,测谎测验,https://terms.naer.edu.tw/
8571,Polymorphism,多態,多态,https://terms.naer.edu.tw/
8572,pool of interest,利益共享,利益共享,https://terms.naer.edu.tw/
8573,pool reinsurance,聯合再保,联合分保,https://terms.naer.edu.tw/
8574,pooled interdependence,匯集式相依,,https://terms.naer.edu.tw/
8575,Popper's three Worlds theory,波普爾三個世界理論,波普尔“三个世界”理论,https://terms.naer.edu.tw/
8576,population,人口；母體,,https://terms.naer.edu.tw/
8577,population dynamics,人口動力學,,https://terms.naer.edu.tw/
8578,port authority,港務局,港务局,https://terms.naer.edu.tw/
8579,port bill of lading,到港提單,到港提单,https://terms.naer.edu.tw/
8580,port charge,港口費,港口费,https://terms.naer.edu.tw/
8581,port clearance,港口結關,港口结关,https://terms.naer.edu.tw/
8582,port of departure,啟運港,启运港,https://terms.naer.edu.tw/
8583,port of destination,目的港,目的港,https://terms.naer.edu.tw/
8584,port of discharge,卸貨港,卸货港,https://terms.naer.edu.tw/
8585,port of dispatch,發貨港,发货港,https://terms.naer.edu.tw/
8586,port of export,出口港,出口港,https://terms.naer.edu.tw/
8587,port of import,進口港,进口港,https://terms.naer.edu.tw/
8588,port of transshipment,轉運港,中转港；转运港,https://terms.naer.edu.tw/
8589,port surcharge,港口附加費,港口附加费,https://terms.naer.edu.tw/
8590,Portal,入口網站,,https://terms.naer.edu.tw/
8591,Porter-Lawler model,波特-勞勒模式,,https://terms.naer.edu.tw/
8592,Porter-Lawler's theory of expectancy,波特-勞勒期望理論,,https://terms.naer.edu.tw/
8593,portfolio,投資組合,投资组合,https://terms.naer.edu.tw/
8594,portfolio innovation,組合創新,组合创新,https://terms.naer.edu.tw/
8595,portfolio insurance,投資組合保險,资产组合保险,https://terms.naer.edu.tw/
8596,portfolio investment,資產組合投資,证券投资,https://terms.naer.edu.tw/
8597,portfolio management,投資組合管理,资产组合管理,https://terms.naer.edu.tw/
8598,portfolio planning models,事業組合規劃模型,,https://terms.naer.edu.tw/
8599,portfolio risk,資產組合投資風險,证券投资风险,https://terms.naer.edu.tw/
8600,portfolio test,組合測試,,https://terms.naer.edu.tw/
8601,portfolio theory,投資組合理論,,https://terms.naer.edu.tw/
8602,portfolio value-at-risk {=portfolio VaR},投資組合風險值,投资组合在险价值,https://terms.naer.edu.tw/
8603,position,職位；部位,,https://terms.naer.edu.tw/
8604,position analysis,職位分析,职位分析,https://terms.naer.edu.tw/
8605,position analysis questionnaire,職位分析問卷；職務分析問卷法,职位分析问卷,https://terms.naer.edu.tw/
8606,position class,職位類別,职位等级,https://terms.naer.edu.tw/
8607,position design,職位設計,职位设计,https://terms.naer.edu.tw/
8608,position evaluation,職位評價,职位评价,https://terms.naer.edu.tw/
8609,position limit,持倉限額,头寸限额,https://terms.naer.edu.tw/
8610,position power,職位權,职位权,https://terms.naer.edu.tw/
8611,position promotion system,職位晉升制,职位晋升制,https://terms.naer.edu.tw/
8612,position title,職稱,职称,https://terms.naer.edu.tw/
8613,positioning,定位,,https://terms.naer.edu.tw/
8614,positioning statement,定位宣言,定位陈述；定位申明,https://terms.naer.edu.tw/
8615,positive affectivity,正向情感,正性情感,https://terms.naer.edu.tw/
8616,positive feedback,正向回饋,正反馈交易,https://terms.naer.edu.tw/
8617,positive list,正面表列清單,准许进口的货单,https://terms.naer.edu.tw/
8618,positive organizational behavior,正向組織行為,积极组织行为,https://terms.naer.edu.tw/
8619,Positive Persuasion,正面說服,正面说服,https://terms.naer.edu.tw/
8620,positive reinforcement,正強化；正增強,正强化；正增强,https://terms.naer.edu.tw/
8621,Positive Theory,實證性理論,实证性理论,https://terms.naer.edu.tw/
8622,possession utility,擁有效用,,https://terms.naer.edu.tw/
8623,post control,事後控制,,https://terms.naer.edu.tw/
8624,post merger integration {=PMI},併購後整合,,https://terms.naer.edu.tw/
8625,post wage system,職位工資制,岗位工资制,https://terms.naer.edu.tw/
8626,post-academic science,後學術科學,后学院科学,https://terms.naer.edu.tw/
8627,post-audit,事後稽核,,https://terms.naer.edu.tw/
8628,post-purchase behavior,購後行為,购后行为,https://terms.naer.edu.tw/
8629,post-purchase dissonance,購後失調,,https://terms.naer.edu.tw/
8630,Post-Storage Mode,後保管模式,后保管模式,https://terms.naer.edu.tw/
8631,post-test,後測,后测,https://terms.naer.edu.tw/
8632,postal money order,郵政匯票,邮政汇票,https://terms.naer.edu.tw/
8633,postal savings bank,郵政儲蓄銀行,邮政储蓄银行,https://terms.naer.edu.tw/
8634,Postcoordinate indexing,後組式標引,后组式标引,https://terms.naer.edu.tw/
8635,potential competitors,潛在競爭者,,https://terms.naer.edu.tw/
8636,potential market,潛在市場,,https://terms.naer.edu.tw/
8637,potential punishment power {=PPP},潛在懲罰力,,https://terms.naer.edu.tw/
8638,potential science,潛科學,潜科学,https://terms.naer.edu.tw/
8639,pound area,英鎊區,英镑区,https://terms.naer.edu.tw/
8640,pound block,英鎊集團,英镑集团,https://terms.naer.edu.tw/
8641,power,權力,权力,https://terms.naer.edu.tw/
8642,power distance,權力距離,权力距离,https://terms.naer.edu.tw/
8643,power of attorney,授權書；委託書,代理权,https://terms.naer.edu.tw/
8644,power of attorney endorsement,委任背書,代理权背书,https://terms.naer.edu.tw/
8645,power respect,權力尊敬,,https://terms.naer.edu.tw/
8646,power tactics,權力技巧,权力技巧,https://terms.naer.edu.tw/
8647,power tolerance,權力容忍,,https://terms.naer.edu.tw/
8648,practical intelligence,實務智力,实践智力,https://terms.naer.edu.tw/
8649,practice method,實務演練法,实践方法,https://terms.naer.edu.tw/
8650,pre-competitive technology,競爭前技術,竞争前技术,https://terms.naer.edu.tw/
8651,pre-emptive right,優先購買權,先买权利,https://terms.naer.edu.tw/
8652,pre-financing,預先融資,先期贷款,https://terms.naer.edu.tw/
8653,pre-paradigmatic stage,前典範期,,https://terms.naer.edu.tw/
8654,pre-position,預對{動素種類之一},预对,https://terms.naer.edu.tw/
8655,pre-start-up stage,創業前階段,,https://terms.naer.edu.tw/
8656,pre-tax accounting income,稅前帳面收益,税前账面收益,https://terms.naer.edu.tw/
8657,pre-tax income,稅前收入,税前收入,https://terms.naer.edu.tw/
8658,pre-tax loss,稅前損失,税前损失,https://terms.naer.edu.tw/
8659,pre-tax profit,稅前利潤,税前利润,https://terms.naer.edu.tw/
8660,pre-test,前測,前测,https://terms.naer.edu.tw/
8661,Prebisch-Singer hypothesis,普畢許－辛格假說,普雷维什－辛格命题,https://terms.naer.edu.tw/
8662,Precision ratio,精確率,查准率,https://terms.naer.edu.tw/
8663,precontrol,事前控制,,https://terms.naer.edu.tw/
8664,Precoordinate indexing,先組式標引,先组式标引,https://terms.naer.edu.tw/
8665,predatory dumping,掠奪性傾銷,掠夺性倾销,https://terms.naer.edu.tw/
8666,predatory price,掠奪性價格,掠夺性价格,https://terms.naer.edu.tw/
8667,predatory pricing,掠奪式定價,,https://terms.naer.edu.tw/
8668,predatory pricing policy,掠奪性定價政策,掠夺性定价政策,https://terms.naer.edu.tw/
8669,predetermined allocation bonus,預分紅利,预分奖金,https://terms.naer.edu.tw/
8670,predetermined criteria,預定準則,预定标准,https://terms.naer.edu.tw/
8671,predetermined motion time,預定動作時間,预定动作时间,https://terms.naer.edu.tw/
8672,predetermined motion time system (PMTS),預定動作時間系統,预定动作时间系统,https://terms.naer.edu.tw/
8673,predetermined time standard {=PTS},預定動作時間標準,预定动作时间标准法,https://terms.naer.edu.tw/
8674,predetermined time standards approach {=PTSA}　,預定時間標準法,,https://terms.naer.edu.tw/
8675,Predictive Adequacy,預測的充分性,预测的充分性,https://terms.naer.edu.tw/
8676,predictive maintenance,預測性維修,预知维护,https://terms.naer.edu.tw/
8677,predictive validity,預測效率,,https://terms.naer.edu.tw/
8678,preemption,先佔策略,,https://terms.naer.edu.tw/
8679,preemptive advantage,先佔優勢,,https://terms.naer.edu.tw/
8680,preemptive defense,先發防禦,,https://terms.naer.edu.tw/
8681,preemptive pricing,先發訂價法,,https://terms.naer.edu.tw/
8682,preemptive right,優先認股權,优先认股权,https://terms.naer.edu.tw/
8683,preference,偏好,,https://terms.naer.edu.tw/
8684,preference bond,優先債券,优先债券,https://terms.naer.edu.tw/
8685,preference capital,優先資本,优先资本,https://terms.naer.edu.tw/
8686,preference giving country,授惠國,给惠国,https://terms.naer.edu.tw/
8687,preference receiving country,受益國,受惠国,https://terms.naer.edu.tw/
8688,preference tests,偏好測試,,https://terms.naer.edu.tw/
8689,preferential area,優惠地區,特惠区域,https://terms.naer.edu.tw/
8690,preferential clause,優惠條款,特惠条款,https://terms.naer.edu.tw/
8691,preferential creditor,優先債權人,优先债权人,https://terms.naer.edu.tw/
8692,preferential duty,優惠關稅,优惠关税,https://terms.naer.edu.tw/
8693,preferential exchange rate,優惠匯率,特惠汇率,https://terms.naer.edu.tw/
8694,preferential system,特惠制,特惠制度,https://terms.naer.edu.tw/
8695,preferential tariff,優惠關稅,优惠关税,https://terms.naer.edu.tw/
8696,preferential terms,優惠條件,优惠条件,https://terms.naer.edu.tw/
8697,preferential trade,優惠貿易,特惠贸易,https://terms.naer.edu.tw/
8698,preferential treatment,優惠待遇,优惠待遇,https://terms.naer.edu.tw/
8699,preferred stock,優先股；特別股,优先股票,https://terms.naer.edu.tw/
8700,preliminary element,概述要素,概述要素,https://terms.naer.edu.tw/
8701,premium,溢價；溢酬,,https://terms.naer.edu.tw/
8702,premium bond,溢價債券,溢价债券,https://terms.naer.edu.tw/
8703,premium currency,升水貨幣,升水货币,https://terms.naer.edu.tw/
8704,premium on bond,債券溢價,债券溢价,https://terms.naer.edu.tw/
8705,premium on capital stock,股本溢價,股票升水；股本溢价,https://terms.naer.edu.tw/
8706,premium on corporate bond,公司債券溢價,公司债券溢价,https://terms.naer.edu.tw/
8707,premium plan,獎金制,奖金制,https://terms.naer.edu.tw/
8708,premium plan,獎金制,,https://terms.naer.edu.tw/
8709,premium pricing,溢酬定價,,https://terms.naer.edu.tw/
8710,prepayment rate,提前償還率,提前偿付率,https://terms.naer.edu.tw/
8711,prerequisite tree (PRT),條件樹；條件樹狀圖,必备树,https://terms.naer.edu.tw/
8712,Prescribed source of information,規定資訊源,规定信息源,https://terms.naer.edu.tw/
8713,Prescriptive Statement,規範／指示性說明,规范／指示性说明,https://terms.naer.edu.tw/
8714,present discounted value {=PDV},折現值,折现值,https://terms.naer.edu.tw/
8715,present value,現值,,https://terms.naer.edu.tw/
8716,present value model,現值模型,现值模型,https://terms.naer.edu.tw/
8717,present value of growth opportunities {=PVGO},成長機會現值,增长机会现值,https://terms.naer.edu.tw/
8718,presenting bank,提示銀行,提示银行,https://terms.naer.edu.tw/
8719,pressure group,壓力團體,,https://terms.naer.edu.tw/
8720,prestige pricing,聲望訂價,声望定价,https://terms.naer.edu.tw/
8721,pretest,前測,,https://terms.naer.edu.tw/
8722,prevailing price,現行價格,现行价格；时价,https://terms.naer.edu.tw/
8723,prevention cost,預防成本,预防成本,https://terms.naer.edu.tw/
8724,preventive maintenance (PM) 　   ,預防維護；預防保養,预防维护,https://terms.naer.edu.tw/
8725,preventive measure,預防措施,预防措施,https://terms.naer.edu.tw/
8726,preventive sampling inspection,預防性抽樣檢驗,预防性抽样检验,https://terms.naer.edu.tw/
8727,price,價格,价格,https://terms.naer.edu.tw/
8728,price adjustment,價格調整,价格调整,https://terms.naer.edu.tw/
8729,price administration,價格管理,价格管理,https://terms.naer.edu.tw/
8730,price agreement,價格協議,价格协定,https://terms.naer.edu.tw/
8731,price ceiling,價格上限,最高限价,https://terms.naer.edu.tw/
8732,price ceiling,價格上限,最高限价,https://terms.naer.edu.tw/
8733,price clause,價格條款,价格条款,https://terms.naer.edu.tw/
8734,price competition,價格競爭,价格竞争,https://terms.naer.edu.tw/
8735,price control,價格管制,价格管制,https://terms.naer.edu.tw/
8736,price deflator,物價平減指數,物价折算指数,https://terms.naer.edu.tw/
8737,price difference,差價,差价,https://terms.naer.edu.tw/
8738,price differential,價格差異化,[同种产品在不同市场的]价格差异,https://terms.naer.edu.tw/
8739,price discovery,價格發現,价格发现,https://terms.naer.edu.tw/
8740,price discrimination,價格歧視；差別取價,价格歧视,https://terms.naer.edu.tw/
8741,price earnings ratio model,本益比模型,市价收入比率模型,https://terms.naer.edu.tw/
8742,price elasticity,價格彈性,价格弹性,https://terms.naer.edu.tw/
8743,price elasticity of import ＆ export,進出口價格彈性,进出口价格弹性,https://terms.naer.edu.tw/
8744,price escalation,價格階升,,https://terms.naer.edu.tw/
8745,price floor,價格下限,最低限价,https://terms.naer.edu.tw/
8746,price floor,價格下限,最低限价,https://terms.naer.edu.tw/
8747,price freeze,物價凍結,物价冻结,https://terms.naer.edu.tw/
8748,price including commission,含佣金價格,含佣金价格,https://terms.naer.edu.tw/
8749,price index,物價指數,物价指数,https://terms.naer.edu.tw/
8750,price leadership,價格領導；價格領導者,,https://terms.naer.edu.tw/
8751,price limit,漲跌停限制,涨跌幅限制,https://terms.naer.edu.tw/
8752,price lining,價格線制定,划一定价法,https://terms.naer.edu.tw/
8753,price mechanism,價格機制,价格机制,https://terms.naer.edu.tw/
8754,price on spot,現貨價格,现货价格,https://terms.naer.edu.tw/
8755,price per book value,股價淨值比,市净率,https://terms.naer.edu.tw/
8756,price reversal,價格反轉,价格反转,https://terms.naer.edu.tw/
8757,price squeezing,價格擠壓,,https://terms.naer.edu.tw/
8758,price structure,價格結構,价格结构,https://terms.naer.edu.tw/
8759,price subsidy,價格補貼,价格补贴,https://terms.naer.edu.tw/
8760,price war,價格戰,价格战,https://terms.naer.edu.tw/
8761,price war,價格戰,价格战,https://terms.naer.edu.tw/
8762,"price-earning ratio, P/E ratio",本益比,,https://terms.naer.edu.tw/
8763,price-earnings multiple,本益倍數,价格-收益乘数,https://terms.naer.edu.tw/
8764,price-fixing,固定價格,价格垄断；限价,https://terms.naer.edu.tw/
8765,price-quality relationship,價格品質關係,,https://terms.naer.edu.tw/
8766,price/cash flow ratio,市價/現金流量比,,https://terms.naer.edu.tw/
8767,price/earnings ratio valuation method,本益比評價法,市盈率估值法,https://terms.naer.edu.tw/
8768,pricing collaborations,聯合訂價,,https://terms.naer.edu.tw/
8769,pricing operator,定價運算子,定价算子,https://terms.naer.edu.tw/
8770,pricing policy,訂價政策,定价政策,https://terms.naer.edu.tw/
8771,primacy effect,初始效果；初期效果,首因效应,https://terms.naer.edu.tw/
8772,primary activities,主要活動,,https://terms.naer.edu.tw/
8773,primary activities,主要活動,,https://terms.naer.edu.tw/
8774,primary data,初級資料；原始資料,,https://terms.naer.edu.tw/
8775,Primary document,主要文獻,一次文献,https://terms.naer.edu.tw/
8776,primary market,初級市場,一级市场,https://terms.naer.edu.tw/
8777,primary market,初級市場,初级市场,https://terms.naer.edu.tw/
8778,primary product,初級產品,初级产品,https://terms.naer.edu.tw/
8779,Primary source,主要資訊,一次信息,https://terms.naer.edu.tw/
8780,Primary storage,主記憶,主储存器,https://terms.naer.edu.tw/
8781,primary value activities,主要價值活動,基本活动,https://terms.naer.edu.tw/
8782,primate rate,基本利率,,https://terms.naer.edu.tw/
8783,prime bank bill,主要銀行票據,主要银行票据；一级银行票据,https://terms.naer.edu.tw/
8784,prime banker’s acceptance,主要銀行承兌匯票,优等银行承兑,https://terms.naer.edu.tw/
8785,prime bill,優等匯票,优等汇票,https://terms.naer.edu.tw/
8786,prime commercial paper,優等商業本票,优等商业票据,https://terms.naer.edu.tw/
8787,prime credit,主信用狀,优等信贷,https://terms.naer.edu.tw/
8788,prime lending rate,優惠放款利率,优惠放款利率,https://terms.naer.edu.tw/
8789,prime letter of credit {=prime L/C},[對開信用狀的]主信用狀,[对开信用证的]主信用证,https://terms.naer.edu.tw/
8790,prime rate,基本利率,,https://terms.naer.edu.tw/
8791,principal,主理人,委托人,https://terms.naer.edu.tw/
8792,principal,主理人,,https://terms.naer.edu.tw/
8793,principal-agent relationships,主理-代理關係,,https://terms.naer.edu.tw/
8794,principle of mass,大數原則,,https://terms.naer.edu.tw/
8795,principle of most favored nation treatment,最惠國待遇原則,最惠国待遇原则,https://terms.naer.edu.tw/
8796,principle of motion economy,動作經濟原則,,https://terms.naer.edu.tw/
8797,principle of national treatment,國民待遇原則,国民待遇原则,https://terms.naer.edu.tw/
8798,principle of non-reciprocity,非互惠原則,非互惠原则,https://terms.naer.edu.tw/
8799,Principle of Provenance,來源原則,来源原则,https://terms.naer.edu.tw/
8800,principle of reciprocal demand,需求互惠原則,相互需求原理,https://terms.naer.edu.tw/
8801,principle of reciprocal treatment,待遇互惠原則,互惠待遇原则,https://terms.naer.edu.tw/
8802,principle of reciprocity,互惠原則,互惠原则,https://terms.naer.edu.tw/
8803,Principle of respect for the fonds,尊重全宗原則,尊重全宗原则,https://terms.naer.edu.tw/
8804,principles of management,管理原則,,https://terms.naer.edu.tw/
8805,principles of motion economy　    ,動作經濟原則,,https://terms.naer.edu.tw/
8806,Printed information source,書面資訊來源,印刷型信息,https://terms.naer.edu.tw/
8807,prior import deposit,預繳進口保證金,预交进口保证金,https://terms.naer.edu.tw/
8808,prior lien,優先留置權,优先留置权,https://terms.naer.edu.tw/
8809,priority,優先權,优先权,https://terms.naer.edu.tw/
8810,priority control,優先控制,优先级控制,https://terms.naer.edu.tw/
8811,priority planning,優先規劃,计划优先权,https://terms.naer.edu.tw/
8812,prisoners' dilemma,囚犯困境,,https://terms.naer.edu.tw/
8813,Privacy,隱私,机密性,https://terms.naer.edu.tw/
8814,private bank,私人銀行,私人银行,https://terms.naer.edu.tw/
8815,Private branch exchange (PBX),私有交換機,,https://terms.naer.edu.tw/
8816,private brand,私有品牌,私有品牌；商店品牌；渠道品牌,https://terms.naer.edu.tw/
8817,private company,私營公司,私营公司,https://terms.naer.edu.tw/
8818,private corporation,私營企業,,https://terms.naer.edu.tw/
8819,private domestic capital formation,國內私人資本形成,国内私人资本形成,https://terms.naer.edu.tw/
8820,private equity fund,私募股權基金,私募基金,https://terms.naer.edu.tw/
8821,private investment,私人投資,私人投资,https://terms.naer.edu.tw/
8822,Private key encryption,私鑰加密,,https://terms.naer.edu.tw/
8823,private markets,非公開市場,,https://terms.naer.edu.tw/
8824,private offering,私募,,https://terms.naer.edu.tw/
8825,private placement,私募,,https://terms.naer.edu.tw/
8826,private property right,私有產權,,https://terms.naer.edu.tw/
8827,private-label brands,私有品牌,,https://terms.naer.edu.tw/
8828,privileged debt,應優先償還的債務,应优先偿还的债务,https://terms.naer.edu.tw/
8829,pro forma (projected) financial statements,預測財務報表,,https://terms.naer.edu.tw/
8830,proactive customer-driven quality,主動式顧客驅動品質,主动型客户驱动质量,https://terms.naer.edu.tw/
8831,proactive personality,前瞻性人格,,https://terms.naer.edu.tw/
8832,proactive strategy,預應策略,,https://terms.naer.edu.tw/
8833,probability sampling,機率抽樣,,https://terms.naer.edu.tw/
8834,probability thinking,機率思考,,https://terms.naer.edu.tw/
8835,probability transmission,機率傳輸,,https://terms.naer.edu.tw/
8836,problem definition,問題介定,,https://terms.naer.edu.tw/
8837,problem recognition,問題確認,问题识别,https://terms.naer.edu.tw/
8838,Problem Solving,問題解決,问题解决,https://terms.naer.edu.tw/
8839,procedural justice,程式正義；程式公正,程序公平,https://terms.naer.edu.tw/
8840,procedural motivation theory,程序型動機理論；程序型激勵理論,,https://terms.naer.edu.tw/
8841,procedural planning change,程序性規劃變革,,https://terms.naer.edu.tw/
8842,procedure,程序,程序,https://terms.naer.edu.tw/
8843,procedure,程序,,https://terms.naer.edu.tw/
8844,procedure detection,程序偵測；工序偵測,工序检验,https://terms.naer.edu.tw/
8845,procedure of arbitration,仲裁程序,仲裁程序,https://terms.naer.edu.tw/
8846,procedure of customs,報關程序,报关程序,https://terms.naer.edu.tw/
8847,process,流程；製程,过程；工艺,https://terms.naer.edu.tw/
8848,process analysis,製程分析；流程分析,流程分析,https://terms.naer.edu.tw/
8849,process approach,流程途徑,,https://terms.naer.edu.tw/
8850,process audit,流程稽核,过程审核,https://terms.naer.edu.tw/
8851,process averaging unqualified rate,製程平均不合格率,过程平均不合格率,https://terms.naer.edu.tw/
8852,process capability,製程能力；流程能力,,https://terms.naer.edu.tw/
8853,process capability index,製程能力指標,过程能力指数；工序能力指数,https://terms.naer.edu.tw/
8854,process chart　,程序圖,,https://terms.naer.edu.tw/
8855,process conflict,程式衝突,程序冲突,https://terms.naer.edu.tw/
8856,process consultation,程序諮詢,,https://terms.naer.edu.tw/
8857,process control,製程控制,,https://terms.naer.edu.tw/
8858,process decision program chart {=PDPC},流程決策程序圖；流程決策規劃圖,过程决策程序图,https://terms.naer.edu.tw/
8859,process departmentalization,流程部門化,,https://terms.naer.edu.tw/
8860,process design,流程設計；製程設計,过程设计；工艺设计,https://terms.naer.edu.tw/
8861,process distribution,製程分怖,过程分布,https://terms.naer.edu.tw/
8862,process flexibility,流程彈性；製程彈性,过程柔性；工艺柔性,https://terms.naer.edu.tw/
8863,process flow analysis,流程分析；製程流分析,流程分析；工艺流分析,https://terms.naer.edu.tw/
8864,process focused,製程專注原則,工艺专业化原则,https://terms.naer.edu.tw/
8865,process improvement,流程改善；製程改善,流程改进；过程改进,https://terms.naer.edu.tw/
8866,process innovation,工藝創新；制程創新,工艺创新,https://terms.naer.edu.tw/
8867,process layout,流程式佈置；製程式佈置；程序式佈置,按功能布置,https://terms.naer.edu.tw/
8868,process manufacturing,連續製造,,https://terms.naer.edu.tw/
8869,process model,程序模式,,https://terms.naer.edu.tw/
8870,process of continuous innovation,連續創新過程,持续创新过程,https://terms.naer.edu.tw/
8871,process planning　,製程規劃,,https://terms.naer.edu.tw/
8872,process production,連續生產,,https://terms.naer.edu.tw/
8873,process quality　,製程品質,,https://terms.naer.edu.tw/
8874,process reengineering,流程再造,流程再造,https://terms.naer.edu.tw/
8875,process reengineering theory,流程再造理論,,https://terms.naer.edu.tw/
8876,process sigma,流程標準差,过程西格玛,https://terms.naer.edu.tw/
8877,process theory,過程理論；程序理論,,https://terms.naer.edu.tw/
8878,process-oriented organization,過程導向組織,过程型组织,https://terms.naer.edu.tw/
8879,processing deal,加工交易,加工贸易,https://terms.naer.edu.tw/
8880,processing deal for export,委託加工外銷,出口加工贸易,https://terms.naer.edu.tw/
8881,processing of imported materials,來料加工,来料加工,https://terms.naer.edu.tw/
8882,processing sequence,加工順序,加工顺序,https://terms.naer.edu.tw/
8883,processing time,加工時間,加工时间,https://terms.naer.edu.tw/
8884,processing waste,加工浪費；加工廢料,加工浪费；加工废料,https://terms.naer.edu.tw/
8885,processor-dominated scheduling,設備主導排程,设备主导排程,https://terms.naer.edu.tw/
8886,procure to order (PTO),接單採購,按订单采购,https://terms.naer.edu.tw/
8887,procurement,採購,采购,https://terms.naer.edu.tw/
8888,procurement cycle,採購週期,采购周期,https://terms.naer.edu.tw/
8889,procurement lead time,採購前置時間,,https://terms.naer.edu.tw/
8890,procurement strategy,採購策略,,https://terms.naer.edu.tw/
8891,procurement time,採購時間,采购时间,https://terms.naer.edu.tw/
8892,producer market,生產者市場,,https://terms.naer.edu.tw/
8893,producer price index{=PPI},生產者物價指數,,https://terms.naer.edu.tw/
8894,producer's risk,生產者風險,生产者风险,https://terms.naer.edu.tw/
8895,product,產品,产品,https://terms.naer.edu.tw/
8896,product adoption process,產品採用過程,,https://terms.naer.edu.tw/
8897,product analysis,產品分析,,https://terms.naer.edu.tw/
8898,product audit,產品稽核,产品审核,https://terms.naer.edu.tw/
8899,product bundle pricing,成組產品訂價,产品捆绑定价,https://terms.naer.edu.tw/
8900,product category,產品類別,产品品类,https://terms.naer.edu.tw/
8901,product champion,產品鬥士,,https://terms.naer.edu.tw/
8902,product configurator,產品配置器,产品配置器,https://terms.naer.edu.tw/
8903,product data management,產品資料管理,产品数据管理,https://terms.naer.edu.tw/
8904,product departmentalization,產品部門化,,https://terms.naer.edu.tw/
8905,product design,產品設計,产品设计,https://terms.naer.edu.tw/
8906,product design　,產品設計,,https://terms.naer.edu.tw/
8907,product development,產品發展,产品开发,https://terms.naer.edu.tw/
8908,product development strategy,產品開發策略,,https://terms.naer.edu.tw/
8909,product differentiation,產品差異化,,https://terms.naer.edu.tw/
8910,product diversification,產品多樣化,产品多样化,https://terms.naer.edu.tw/
8911,product diversification strategy,產品多角化策略,,https://terms.naer.edu.tw/
8912,product elimination,產品刪減,,https://terms.naer.edu.tw/
8913,product engineering,產品工程,产品工程,https://terms.naer.edu.tw/
8914,product evolution,產品進化,,https://terms.naer.edu.tw/
8915,product extension merger,產品延伸併購,,https://terms.naer.edu.tw/
8916,product family,產品家族,,https://terms.naer.edu.tw/
8917,product flow analysis,產品流分析,产品流分析,https://terms.naer.edu.tw/
8918,product focused,產品專注原則,对象专业化原则,https://terms.naer.edu.tw/
8919,product hierarchy,產品層次結構,产品层次结构,https://terms.naer.edu.tw/
8920,product improvement,產品改良,改进型产品,https://terms.naer.edu.tw/
8921,product innovation,產品創新,,https://terms.naer.edu.tw/
8922,product innovation,產品創新,产品创新,https://terms.naer.edu.tw/
8923,product innovation platform,產品創新平臺,产品创新平台,https://terms.naer.edu.tw/
8924,Product knowledge,產品知識,产品知识,https://terms.naer.edu.tw/
8925,product layout,產品式佈置,按产品布置,https://terms.naer.edu.tw/
8926,product life cycle{=PLC},產品生命週期,,https://terms.naer.edu.tw/
8927,product lifecycle management,產品生命週期管理,产品生命周期管理,https://terms.naer.edu.tw/
8928,product line,產品線,,https://terms.naer.edu.tw/
8929,product line filling,產品線填充,产品线填充,https://terms.naer.edu.tw/
8930,product line length,產品線長度,产品线长度,https://terms.naer.edu.tw/
8931,product line pricing,產品線訂價法,产品线定价,https://terms.naer.edu.tw/
8932,product line stretching,產品線延伸,产品线延伸,https://terms.naer.edu.tw/
8933,product load profile,產品負荷圖,产品负荷图,https://terms.naer.edu.tw/
8934,product mix,產品組合,产品组合,https://terms.naer.edu.tw/
8935,product mix,產品組合,,https://terms.naer.edu.tw/
8936,product mix depth,產品組合深度,产品组合深度,https://terms.naer.edu.tw/
8937,product mix length,產品組合長度,产品组合长度,https://terms.naer.edu.tw/
8938,product mix width,產品組合寬度,产品组合宽度,https://terms.naer.edu.tw/
8939,product modification,產品調整,,https://terms.naer.edu.tw/
8940,product modularity,產品模組化,产品模块化,https://terms.naer.edu.tw/
8941,product placement,產品佈局；產品安置,,https://terms.naer.edu.tw/
8942,product planning,產品規劃,,https://terms.naer.edu.tw/
8943,product planning,產品規劃,产品计划,https://terms.naer.edu.tw/
8944,product platform,產品平台,产品平台,https://terms.naer.edu.tw/
8945,product portfolio,產品組合,,https://terms.naer.edu.tw/
8946,product portfolio analysis,產品組合分析,,https://terms.naer.edu.tw/
8947,product positioning,產品定位,产品定位,https://terms.naer.edu.tw/
8948,product proliferation,產品繁衍,,https://terms.naer.edu.tw/
8949,product prototype,產品原型；產品雛型,产品原型,https://terms.naer.edu.tw/
8950,product quality,產品品質,产品质量,https://terms.naer.edu.tw/
8951,product road map,產品發展路徑圖,,https://terms.naer.edu.tw/
8952,product safety,產品安全,,https://terms.naer.edu.tw/
8953,product scope,產品範疇,,https://terms.naer.edu.tw/
8954,product screening,產品篩選,,https://terms.naer.edu.tw/
8955,product specialization,產品專精化,,https://terms.naer.edu.tw/
8956,product standard,產品標準,产品标准,https://terms.naer.edu.tw/
8957,product strategy,產品策略,产品策略,https://terms.naer.edu.tw/
8958,product structure file,產品結構檔,产品结构文件,https://terms.naer.edu.tw/
8959,product structure tree,產品結構樹,产品结构树,https://terms.naer.edu.tw/
8960,product system,產品系統,,https://terms.naer.edu.tw/
8961,product testing,產品測試,,https://terms.naer.edu.tw/
8962,product value analysis,產品價值分析,,https://terms.naer.edu.tw/
8963,product-bundling pricing,成組產品訂價法,,https://terms.naer.edu.tw/
8964,product-forms life cycle,產品型式生命週期,,https://terms.naer.edu.tw/
8965,product-market concentration strategies,產品市場集中策略,,https://terms.naer.edu.tw/
8966,product-market diversification strategy,產品-市場多角化策略,,https://terms.naer.edu.tw/
8967,product-market mix,產品-市場組合,,https://terms.naer.edu.tw/
8968,product-mix pricing,產品組合訂價法,,https://terms.naer.edu.tw/
8969,product-oriented business,產品導向企業,,https://terms.naer.edu.tw/
8970,product-process matrix,產品-流程矩陣,产品-流程矩阵,https://terms.naer.edu.tw/
8971,product/ market expansion grid,產品／市場擴展矩陣,产品/市场拓展方格；安索夫矩阵,https://terms.naer.edu.tw/
8972,product/ market matrix,產品／市場矩陣,,https://terms.naer.edu.tw/
8973,production,生產,生产,https://terms.naer.edu.tw/
8974,production activity control (PAC)　,生產活動管制,,https://terms.naer.edu.tw/
8975,production and operation strategy,生產及作業策略,,https://terms.naer.edu.tw/
8976,production capacity,產能,生产能力；产能,https://terms.naer.edu.tw/
8977,production card,生產卡片,生产看板,https://terms.naer.edu.tw/
8978,production concept,生產觀念,生产观念,https://terms.naer.edu.tw/
8979,production defect,生產缺陷；生產缺點,生产缺陷,https://terms.naer.edu.tw/
8980,production flow analysis (PFA)　　,生產流程分析,,https://terms.naer.edu.tw/
8981,production function,生產函數,,https://terms.naer.edu.tw/
8982,production internationalization,生產國際化,生产国际化,https://terms.naer.edu.tw/
8983,production level,生產水準,,https://terms.naer.edu.tw/
8984,production leveling　,生產平準化,,https://terms.naer.edu.tw/
8985,production line,生產線,生产线,https://terms.naer.edu.tw/
8986,production lot,生產批,生产批,https://terms.naer.edu.tw/
8987,production management,生產管理,生产管理,https://terms.naer.edu.tw/
8988,production management,生產管理,,https://terms.naer.edu.tw/
8989,production management system (PMS)　,生產管理系統,,https://terms.naer.edu.tw/
8990,production master schedule,主生產排程,产品出产计划；主生产计划,https://terms.naer.edu.tw/
8991,production material,生產物料,生产性物料,https://terms.naer.edu.tw/
8992,production operation schedule,生產作業排程表,生产作业计划,https://terms.naer.edu.tw/
8993,production order,生產指令,生产指令,https://terms.naer.edu.tw/
8994,production orientation,生產導向,,https://terms.naer.edu.tw/
8995,production oriented,生產導向,,https://terms.naer.edu.tw/
8996,production plan,生產計畫,生产计划；生产大纲,https://terms.naer.edu.tw/
8997,production planning and control strategies,生產規劃與控制策略,生产计划与控制策略,https://terms.naer.edu.tw/
8998,production quality authentication,產品品質認證,产品质量认证,https://terms.naer.edu.tw/
8999,production rate,生產速率,生产速率,https://terms.naer.edu.tw/
9000,production reporting and status control,生產報告和狀態控制,生产报告和状态控制,https://terms.naer.edu.tw/
9001,production scheduling,生產排程,,https://terms.naer.edu.tw/
9002,production smoothing,生產平滑化,生产均衡化,https://terms.naer.edu.tw/
9003,production strategy　,生產策略,,https://terms.naer.edu.tw/
9004,production theory,生產理論,,https://terms.naer.edu.tw/
9005,production transfer,生產型調動；生產型轉調,生产调动,https://terms.naer.edu.tw/
9006,production-driven philosophy,生產驅動哲學,,https://terms.naer.edu.tw/
9007,production-orientated service industry,生產導向服務業,生产型服务业,https://terms.naer.edu.tw/
9008,production-oriented leader,生產導向領導者,,https://terms.naer.edu.tw/
9009,productive factor endowment,生產要素稟賦,生产要素禀赋,https://terms.naer.edu.tw/
9010,productive maintenance,生產維修,生产维护,https://terms.naer.edu.tw/
9011,productivity,生產力,,https://terms.naer.edu.tw/
9012,productivity measure and evaluation system {=ProMES},生產力衡量與評估系統,生产力衡量与评估系统,https://terms.naer.edu.tw/
9013,productivity movement,生產力運動,,https://terms.naer.edu.tw/
9014,products’ diffusion of generations,多代產品擴散,多代产品扩散,https://terms.naer.edu.tw/
9015,professional,專業人員,,https://terms.naer.edu.tw/
9016,professional certification,專業認證,职业资格证书,https://terms.naer.edu.tw/
9017,professional decision making,專業決策,,https://terms.naer.edu.tw/
9018,professional ethics,專業倫理,职业道德,https://terms.naer.edu.tw/
9019,professional ethics,專業倫理,,https://terms.naer.edu.tw/
9020,professional liability insurance,職業責任保險,职业责任保险,https://terms.naer.edu.tw/
9021,professional manager,專業經理人,,https://terms.naer.edu.tw/
9022,professional service,專業服務,专业化服务,https://terms.naer.edu.tw/
9023,proficiency tests,熟練度測驗,熟练测验,https://terms.naer.edu.tw/
9024,profit center,利潤中心,,https://terms.naer.edu.tw/
9025,profit decentralization,利潤分權,,https://terms.naer.edu.tw/
9026,profit impact of market strategy {=PIMS},市場策略的利潤影響,,https://terms.naer.edu.tw/
9027,profit margin on sales,銷貨利潤率,,https://terms.naer.edu.tw/
9028,profit sharing and cash bonus,現金分紅,现金分红,https://terms.naer.edu.tw/
9029,profit sharing and stock bonus,股票分紅,股票分红,https://terms.naer.edu.tw/
9030,profit-sharing,分紅,,https://terms.naer.edu.tw/
9031,profit-sharing plan,利潤分享計畫,利润分享计划,https://terms.naer.edu.tw/
9032,profit-sharing plan,利潤分享計畫,,https://terms.naer.edu.tw/
9033,profitability ratios,獲利能力比率,,https://terms.naer.edu.tw/
9034,program,計畫；方案,,https://terms.naer.edu.tw/
9035,program budgeting,計畫性預算,,https://terms.naer.edu.tw/
9036,Program design,程式設計,程序设计,https://terms.naer.edu.tw/
9037,program document,計畫文件,程序文件,https://terms.naer.edu.tw/
9038,program evaluation and review technique (PERT)　,計畫評核術,,https://terms.naer.edu.tw/
9039,program evaluation review technique{=PERT},計畫評核術,,https://terms.naer.edu.tw/
9040,program trading,程式交易,程序化交易,https://terms.naer.edu.tw/
9041,program trading,程式交易,,https://terms.naer.edu.tw/
9042,Program-data independence,程式資料獨立,,https://terms.naer.edu.tw/
9043,programmability,程式化,,https://terms.naer.edu.tw/
9044,Programmable read-only memory (PROM),可程式唯讀記憶,可编程只读存储器,https://terms.naer.edu.tw/
9045,programmed conflict,計劃性衝突,计划性冲突,https://terms.naer.edu.tw/
9046,programmed decision,程式性決策；制式決策,程序性决策,https://terms.naer.edu.tw/
9047,programmed learning,程式化學習；編序化學習,程序性学习,https://terms.naer.edu.tw/
9048,Programming,編寫程式,程序编码,https://terms.naer.edu.tw/
9049,progressive discipline,漸進式的懲戒,渐进式的惩戒,https://terms.naer.edu.tw/
9050,prohibitive duty,禁止性關稅,禁止性关税,https://terms.naer.edu.tw/
9051,prohibitive tariff,禁止性關稅,禁止性关税,https://terms.naer.edu.tw/
9052,project,專案；項目,,https://terms.naer.edu.tw/
9053,project 985,985工程,985工程,https://terms.naer.edu.tw/
9054,Project Change,專案變更,项目变更,https://terms.naer.edu.tw/
9055,Project Change Control,專案變更控制,项目变更控制,https://terms.naer.edu.tw/
9056,Project definition,專案定義,项目定义,https://terms.naer.edu.tw/
9057,project evaluation review technique{=PERT},計畫評核術,,https://terms.naer.edu.tw/
9058,project financing,專案融資,项目资金筹措,https://terms.naer.edu.tw/
9059,project layout　,專案式佈置,,https://terms.naer.edu.tw/
9060,project loan,專案貸款,项目贷款,https://terms.naer.edu.tw/
9061,Project plan,專案計畫,项目计划,https://terms.naer.edu.tw/
9062,Project plan management,項目計畫管理,项目计划管理,https://terms.naer.edu.tw/
9063,project production,專案生產；項目生產,,https://terms.naer.edu.tw/
9064,Project quality,專案品質,项目质量,https://terms.naer.edu.tw/
9065,project structure,專案式結構,,https://terms.naer.edu.tw/
9066,project team,專案團隊；項目團隊,,https://terms.naer.edu.tw/
9067,projection,投射,,https://terms.naer.edu.tw/
9068,projection technique,投射技術,,https://terms.naer.edu.tw/
9069,projective techniques,投射技術,,https://terms.naer.edu.tw/
9070,projective test,投射測驗,投射测验,https://terms.naer.edu.tw/
9071,projective test,投射測驗,,https://terms.naer.edu.tw/
9072,Promise,承諾,承诺,https://terms.naer.edu.tw/
9073,promised yield to call {=YTC},承諾贖回收益率,提前赎回承诺收益率,https://terms.naer.edu.tw/
9074,promised yield to maturity,承諾到期收益率,承诺到期收益率,https://terms.naer.edu.tw/
9075,promissory bank note receivable,應收銀行本票,应收银行本票款,https://terms.naer.edu.tw/
9076,promissory note,本票,,https://terms.naer.edu.tw/
9077,promotion,推廣；促銷,,https://terms.naer.edu.tw/
9078,promotion alliances,推廣聯盟；促銷聯盟,,https://terms.naer.edu.tw/
9079,promotion management,推廣管理,促销管理,https://terms.naer.edu.tw/
9080,promotion mix,推廣組合；推銷組合,,https://terms.naer.edu.tw/
9081,promotion plan,推廣計畫；升遷計畫,,https://terms.naer.edu.tw/
9082,promotional advertising,促銷廣告,,https://terms.naer.edu.tw/
9083,promotional allowances,促銷折讓,促销折让,https://terms.naer.edu.tw/
9084,promotional discount,促銷折扣,,https://terms.naer.edu.tw/
9085,promotional pricing,促銷訂價法,促销定价,https://terms.naer.edu.tw/
9086,prompt cash payment,即期付現,即期付现,https://terms.naer.edu.tw/
9087,propensity to export,出口傾向,出口倾向,https://terms.naer.edu.tw/
9088,propensity to import,進口傾向,进口倾向,https://terms.naer.edu.tw/
9089,propensity to invest,投資傾向,投资倾向,https://terms.naer.edu.tw/
9090,propensity to save,儲蓄傾向,储蓄倾向,https://terms.naer.edu.tw/
9091,property insurance company,產物保險公司,财产保险公司,https://terms.naer.edu.tw/
9092,property rights,產權,,https://terms.naer.edu.tw/
9093,Proposition,命題,命题,https://terms.naer.edu.tw/
9094,proprietary insurance,營利保險,营业保险,https://terms.naer.edu.tw/
9095,proprietary technology,專利技術,专利技术,https://terms.naer.edu.tw/
9096,proprietorship,獨資,,https://terms.naer.edu.tw/
9097,prosocial behavior,利社會行為,亲社会行为,https://terms.naer.edu.tw/
9098,prosocial behavior,利社會行為,,https://terms.naer.edu.tw/
9099,prospect,潛在客戶,,https://terms.naer.edu.tw/
9100,prospect theory,展望理論；前景理論,展望理论,https://terms.naer.edu.tw/
9101,prospective method,前瞻法,,https://terms.naer.edu.tw/
9102,prospects [customer],前瞻；潛在顧客,,https://terms.naer.edu.tw/
9103,prospectus,股票上市說明書,,https://terms.naer.edu.tw/
9104,protean career,多元職涯,多变生涯,https://terms.naer.edu.tw/
9105,protectionism,保護主義,,https://terms.naer.edu.tw/
9106,protectionist measure,保護貿易手段,保护贸易手段,https://terms.naer.edu.tw/
9107,protectionist policy,保護貿易政策,保护贸易政策,https://terms.naer.edu.tw/
9108,protective call,保護性買權,,https://terms.naer.edu.tw/
9109,protective capacity,保護性產能,保护性产能,https://terms.naer.edu.tw/
9110,protective duty,保護關稅,[为保护本国工业而对进口货物征收的]保护性关税,https://terms.naer.edu.tw/
9111,protective put,保護性賣權,有担护的看跌期权,https://terms.naer.edu.tw/
9112,protective tariff,保護關稅,[为保护本国工业而对进口货物征收的]保护性关税,https://terms.naer.edu.tw/
9113,protective trade policy,保護貿易政策,保护贸易政策,https://terms.naer.edu.tw/
9114,protégé,徒弟,被指导人,https://terms.naer.edu.tw/
9115,protest check,拒付支票,拒付支票,https://terms.naer.edu.tw/
9116,protest for non-acceptance,拒絕承兌證書,拒绝承兑通知书,https://terms.naer.edu.tw/
9117,protest for non-payment,拒絕付款證書,拒绝付款证书,https://terms.naer.edu.tw/
9118,protest jacket,退票通知單,退票通知单,https://terms.naer.edu.tw/
9119,protest note,拒付通知書,拒付通知书,https://terms.naer.edu.tw/
9120,Protocol,協定,,https://terms.naer.edu.tw/
9121,Prototype,雛型,原型系统,https://terms.naer.edu.tw/
9122,Prototyping,雛型法,原型方法,https://terms.naer.edu.tw/
9123,provision,條款,条款,https://terms.naer.edu.tw/
9124,provisional account,臨時帳戶,临时账户,https://terms.naer.edu.tw/
9125,provisional contract,臨時合約,临时合同,https://terms.naer.edu.tw/
9126,provisional insurance,臨時保險,临时保险,https://terms.naer.edu.tw/
9127,provisional invoice,臨時發票,临时发票,https://terms.naer.edu.tw/
9128,provisional licence,臨時許可證,临时许可证,https://terms.naer.edu.tw/
9129,provisional quota,暫定配額,暂定配额,https://terms.naer.edu.tw/
9130,proximity error,接近誤差,接近误差,https://terms.naer.edu.tw/
9131,Proximity search,鄰近搜尋,位置检索,https://terms.naer.edu.tw/
9132,proxy,委託書,,https://terms.naer.edu.tw/
9133,proxy fight,委託書爭奪戰,,https://terms.naer.edu.tw/
9134,Pseudo BOM,虛擬物料清單,虚拟物料清单,https://terms.naer.edu.tw/
9135,psychic proximity,心理接近性,,https://terms.naer.edu.tw/
9136,psychographic analysis,心理變數分析,,https://terms.naer.edu.tw/
9137,psychographic segmentation,心理圖像區隔化；心理圖像細分化,,https://terms.naer.edu.tw/
9138,psychological attachment,心理依附,心理依恋,https://terms.naer.edu.tw/
9139,psychological capital,心理資本,心理资本,https://terms.naer.edu.tw/
9140,psychological capital,心理資本,,https://terms.naer.edu.tw/
9141,psychological contract,心理契約,心理契约,https://terms.naer.edu.tw/
9142,psychological contract,心理契約,,https://terms.naer.edu.tw/
9143,psychological discounting,心理折扣,,https://terms.naer.edu.tw/
9144,psychological empowerment,心理賦權；心理賦能,,https://terms.naer.edu.tw/
9145,psychological GNP,心理性國民生產毛額,,https://terms.naer.edu.tw/
9146,psychological ownership,心理擁有感,心理所有权,https://terms.naer.edu.tw/
9147,psychological pricing,心理訂價,心理定价,https://terms.naer.edu.tw/
9148,psychological safety,心理安全,心理安全,https://terms.naer.edu.tw/
9149,psychological test,心理測驗,心理测验,https://terms.naer.edu.tw/
9150,psychology,心理學,心理学,https://terms.naer.edu.tw/
9151,psychomotor abilities test,心理動作能力測驗,运动神经能力测试,https://terms.naer.edu.tw/
9152,psychomotor tests,心理動作測驗；技能測驗,心理动作测验,https://terms.naer.edu.tw/
9153,psychosocial subsystem,心理社會子系統；心理社會次系統,,https://terms.naer.edu.tw/
9154,psychosocial support,社會心理支持,社会心理支持,https://terms.naer.edu.tw/
9155,public accumulation fund for housing saving,住房儲蓄公積基金,住房公积金,https://terms.naer.edu.tw/
9156,Public Archives,公共檔案館,公共档案馆,https://terms.naer.edu.tw/
9157,public corporation,公營公司,,https://terms.naer.edu.tw/
9158,public goods,公共財,,https://terms.naer.edu.tw/
9159,public goods,公共財,,https://terms.naer.edu.tw/
9160,public investment,公共投資,公共投资,https://terms.naer.edu.tw/
9161,public investment expenditure,公共投資支出,公共投资支出,https://terms.naer.edu.tw/
9162,Public key encryption,公鑰加密,,https://terms.naer.edu.tw/
9163,public manager,公共管理者,,https://terms.naer.edu.tw/
9164,public markets,公開市場,,https://terms.naer.edu.tw/
9165,public placement fund,公募基金,公募基金,https://terms.naer.edu.tw/
9166,public relation,公共關係,,https://terms.naer.edu.tw/
9167,public relations strategy,公關策略,,https://terms.naer.edu.tw/
9168,public relations{=PR},公共關係,,https://terms.naer.edu.tw/
9169,public science and technology management,公共科技管理,公共科技管理,https://terms.naer.edu.tw/
9170,public scientific research institute,公共科研機構,公共科研机构,https://terms.naer.edu.tw/
9171,public shares,上市股票,公众股,https://terms.naer.edu.tw/
9172,public tender,公開投標,公开投标,https://terms.naer.edu.tw/
9173,public trust,公共信託,公共信托,https://terms.naer.edu.tw/
9174,public utility finance,公用事業融資,公用事业融资,https://terms.naer.edu.tw/
9175,publicity,公共報導,,https://terms.naer.edu.tw/
9176,publicity,公共報導,,https://terms.naer.edu.tw/
9177,publicly owned corporation,公開發行公司,,https://terms.naer.edu.tw/
9178,puisne mortgage,普通抵押,普通抵押,https://terms.naer.edu.tw/
9179,pull strategy,拉式策略,,https://terms.naer.edu.tw/
9180,pull system,拉式系統；拉式生產系統,虚拟物料清单,https://terms.naer.edu.tw/
9181,punctuated equilibrium,間歇式均衡,,https://terms.naer.edu.tw/
9182,punctuated equilibrium model,中斷均衡模式；中斷均衡模型,间断均衡模型,https://terms.naer.edu.tw/
9183,punishment,處罰；懲罰,处罚；惩罚,https://terms.naer.edu.tw/
9184,purchase application for foreign exchange,購買外匯申請書,购买外汇申请书,https://terms.naer.edu.tw/
9185,purchase confirmation,購貨確認書,购货确认书,https://terms.naer.edu.tw/
9186,purchase contract,購貨合約,购货合同,https://terms.naer.edu.tw/
9187,purchase decision,購買決策,购买决策,https://terms.naer.edu.tw/
9188,purchase frequency,購買頻率,购买频率,https://terms.naer.edu.tw/
9189,purchase fund,購貨基金,购买基金,https://terms.naer.edu.tw/
9190,purchase intention,購買意圖,,https://terms.naer.edu.tw/
9191,purchase order,訂購單,订购单,https://terms.naer.edu.tw/
9192,purchase price variance,採購價格變異,采购价格波动,https://terms.naer.edu.tw/
9193,purchase requisition,請購單,请购单,https://terms.naer.edu.tw/
9194,purchased part,外購零件,外购件,https://terms.naer.edu.tw/
9195,purchasing,採購,采购,https://terms.naer.edu.tw/
9196,purchasing,採購,,https://terms.naer.edu.tw/
9197,purchasing capacity,購置能力,购置能力,https://terms.naer.edu.tw/
9198,purchasing management,採購管理,,https://terms.naer.edu.tw/
9199,purchasing power of money,貨幣購買力,货币购买力,https://terms.naer.edu.tw/
9200,purchasing power parity {=PPP},購買力平價,购买力平价,https://terms.naer.edu.tw/
9201,purchasing unit of measure,採購計量單位,采购计量单位,https://terms.naer.edu.tw/
9202,pure cash-matched dedicated portfolio,純現金流匹配專項投資組合,纯现金流匹配专项投资组合,https://terms.naer.edu.tw/
9203,pure competition,完全競爭；純粹競爭,,https://terms.naer.edu.tw/
9204,pure discount bond,零息債券,,https://terms.naer.edu.tw/
9205,pure expectations theory,純粹預期理論,纯粹预期理论,https://terms.naer.edu.tw/
9206,pure export subsidy,純粹出口補貼,单纯出口补贴,https://terms.naer.edu.tw/
9207,pure interest,純利息,纯利息,https://terms.naer.edu.tw/
9208,Pure play e-tailor,純網上零售商,纯网上零售商,https://terms.naer.edu.tw/
9209,pure theory of international trade,國際貿易純粹理論,国际贸易纯粹理论,https://terms.naer.edu.tw/
9210,Purposefulness,目的性,目的性,https://terms.naer.edu.tw/
9211,purposive sampling,立意抽樣,,https://terms.naer.edu.tw/
9212,push strategy,推式策略,,https://terms.naer.edu.tw/
9213,push system,推式系統；推式生產系統,推式系统,https://terms.naer.edu.tw/
9214,Push technology,推送技術,,https://terms.naer.edu.tw/
9215,Put and Call Dealer Association,賣權與買權自營商協會,,https://terms.naer.edu.tw/
9216,put option,賣權,看跌期权,https://terms.naer.edu.tw/
9217,put option,賣權,卖出选择权,https://terms.naer.edu.tw/
9218,put swaption,利率交換賣權,,https://terms.naer.edu.tw/
9219,put-call parity,買權賣權平價關係,,https://terms.naer.edu.tw/
9220,putable bond,可賣回債券,,https://terms.naer.edu.tw/
9221,puttable,可賣回,,https://terms.naer.edu.tw/
9222,puttable common stock,可賣回普通股,,https://terms.naer.edu.tw/
9223,Pygmalion effect,畢馬龍效應,毕马龙效应,https://terms.naer.edu.tw/
9224,qualification,任職資格,资历,https://terms.naer.edu.tw/
9225,qualification process,資格鑑定過程,鉴定过程,https://terms.naer.edu.tw/
9226,qualifications inventories,資歷清單,资历组表,https://terms.naer.edu.tw/
9227,qualified acceptance of bill,附條件承兌票據,附条件承兑票据,https://terms.naer.edu.tw/
9228,qualified endorsement,附條件背書,附条件背书,https://terms.naer.edu.tw/
9229,qualified worker,合格工人,合格工人,https://terms.naer.edu.tw/
9230,qualitative analysis,質化分析；質性分析,,https://terms.naer.edu.tw/
9231,Qualitative decision-making,定性決策,定性决策,https://terms.naer.edu.tw/
9232,qualitative method,定性法；質化法,定性法；质化法,https://terms.naer.edu.tw/
9233,Qualitative model,定性模型,定性模型,https://terms.naer.edu.tw/
9234,Qualitative reasoning,定性推理,定性推理,https://terms.naer.edu.tw/
9235,Qualitative Research,質性研究,质性研究,https://terms.naer.edu.tw/
9236,Qualitative simulation,定性模擬,定性模拟,https://terms.naer.edu.tw/
9237,quality,品質,质量,https://terms.naer.edu.tw/
9238,quality assurance {=QA},品質保證,质量保证,https://terms.naer.edu.tw/
9239,quality at the source,源頭品質,源头质量,https://terms.naer.edu.tw/
9240,quality audit,品質稽核,质量审核,https://terms.naer.edu.tw/
9241,quality certification,質量認證,质量认证,https://terms.naer.edu.tw/
9242,quality certification mark,品質認證標誌,质量认证标志,https://terms.naer.edu.tw/
9243,quality characteristic,品質特性,质量特性,https://terms.naer.edu.tw/
9244,quality circle,品管圈,质量管理小组(QC小组),https://terms.naer.edu.tw/
9245,quality control,品質控制,,https://terms.naer.edu.tw/
9246,quality control (QC),品質管制,质量控制,https://terms.naer.edu.tw/
9247,quality control circle (QCC)　,品管圈,,https://terms.naer.edu.tw/
9248,quality cost　,品質成本,,https://terms.naer.edu.tw/
9249,quality cost characteristic curve,品質成本特性曲線,质量成本特性曲线,https://terms.naer.edu.tw/
9250,quality differentiation,品質差異,质量差异,https://terms.naer.edu.tw/
9251,quality dimension,品質構面,质量维度,https://terms.naer.edu.tw/
9252,quality engineering　,品質工程,,https://terms.naer.edu.tw/
9253,quality function,品質功能；品質職能,质量职能,https://terms.naer.edu.tw/
9254,quality function deployment (QFD),品質機能展開,质量功能展开,https://terms.naer.edu.tw/
9255,quality group,品質小組,,https://terms.naer.edu.tw/
9256,quality handbook,品質手冊,质量手册,https://terms.naer.edu.tw/
9257,quality improvement,品質改善,质量改进,https://terms.naer.edu.tw/
9258,quality loop,品質環,质量环,https://terms.naer.edu.tw/
9259,quality loss function,品質損失函數,质量损失函数,https://terms.naer.edu.tw/
9260,quality management,品質管理,质量管理,https://terms.naer.edu.tw/
9261,quality management system (QMS),品質管理系統,质量管理体系,https://terms.naer.edu.tw/
9262,quality maturity,品質成熟度,质量成熟度,https://terms.naer.edu.tw/
9263,quality objective,品質目標,质量目标,https://terms.naer.edu.tw/
9264,quality of design 　,設計品質,,https://terms.naer.edu.tw/
9265,quality of life,生活品質；生活素質,,https://terms.naer.edu.tw/
9266,quality of work force,人力品質；人力素質,人力质量；人力素质,https://terms.naer.edu.tw/
9267,quality of work life{=QWL},工作生活品質；工作生活素質,,https://terms.naer.edu.tw/
9268,quality of working life{=QWL},工作生活品質；工作生活素質,,https://terms.naer.edu.tw/
9269,quality plan,品質計畫,质量计划,https://terms.naer.edu.tw/
9270,quality planning,品質規劃,质量策划,https://terms.naer.edu.tw/
9271,quality policy,品質政策,质量方针,https://terms.naer.edu.tw/
9272,quality record,質量記錄,质量记录,https://terms.naer.edu.tw/
9273,quality specification,品質規格,质量规格,https://terms.naer.edu.tw/
9274,quality spiral,品質螺旋,,https://terms.naer.edu.tw/
9275,quality system,品質系統,质量体系,https://terms.naer.edu.tw/
9276,quality variation,品質變異,质量波动,https://terms.naer.edu.tw/
9277,quality-type corporate,品質型企業,质量型企业,https://terms.naer.edu.tw/
9278,quantitative ability,數位能力,数量能力,https://terms.naer.edu.tw/
9279,quantitative analysis,量化分析；數量分析,,https://terms.naer.edu.tw/
9280,Quantitative decision-making,定量決策,定量决策,https://terms.naer.edu.tw/
9281,quantitative forecasting,數量預測,,https://terms.naer.edu.tw/
9282,quantitative method,定量法；量化法,定量法；量化法,https://terms.naer.edu.tw/
9283,Quantitative model,定量模型,定量模型,https://terms.naer.edu.tw/
9284,quantitative research,量化研究,,https://terms.naer.edu.tw/
9285,quantitative restriction of trade,貿易數量限額,贸易数量限额,https://terms.naer.edu.tw/
9286,quantitative school,計量學派,,https://terms.naer.edu.tw/
9287,quantitative strategic planning matrix,數量策略規劃矩陣,,https://terms.naer.edu.tw/
9288,quantitative trade quota,貿易數量配額,贸易数量配额,https://terms.naer.edu.tw/
9289,quantity　,產量,,https://terms.naer.edu.tw/
9290,quantity discount,數量折扣,数量折扣,https://terms.naer.edu.tw/
9291,quantity discount,數量折扣,数量折扣,https://terms.naer.edu.tw/
9292,quantity management,總量管理,总量管理,https://terms.naer.edu.tw/
9293,quanto option,quanto選擇權,,https://terms.naer.edu.tw/
9294,quarantine certificate,檢疫證書,检疫证书,https://terms.naer.edu.tw/
9295,quarantine harbour,檢疫港口,检疫港口,https://terms.naer.edu.tw/
9296,Quasi-American option,準美式選擇權,,https://terms.naer.edu.tw/
9297,quasi-contract,準合約,准合同,https://terms.naer.edu.tw/
9298,quasi-experimental study,準實驗研究,,https://terms.naer.edu.tw/
9299,quasi-money,準貨幣,准货币,https://terms.naer.edu.tw/
9300,Query Expansion,查詢擴展,查询扩展,https://terms.naer.edu.tw/
9301,Query language,查詢語言,查询语言,https://terms.naer.edu.tw/
9302,question mark,問號［事業］,,https://terms.naer.edu.tw/
9303,question mark business,問號事業,,https://terms.naer.edu.tw/
9304,questionnaire,問卷,问卷,https://terms.naer.edu.tw/
9305,questionnaire method,問卷法,问卷法,https://terms.naer.edu.tw/
9306,queuing theory,等候理論,,https://terms.naer.edu.tw/
9307,quick ratio,速動比率,,https://terms.naer.edu.tw/
9308,Quick response,快速回應,,https://terms.naer.edu.tw/
9309,quota restriction,配額限制,配额限制,https://terms.naer.edu.tw/
9310,quota sampling,配額抽樣,,https://terms.naer.edu.tw/
9311,quota share reinsurance,[保險]定額再保,[保险]定额分保,https://terms.naer.edu.tw/
9312,quota system,[進出口]配額制度,[进出口]配额制度,https://terms.naer.edu.tw/
9313,quotation-driven market,報價驅動市場,报价驱动市场,https://terms.naer.edu.tw/
9314,quote-driven,報價驅動,报价驱动,https://terms.naer.edu.tw/
9315,R control chart,全距管制圖,极差控制图,https://terms.naer.edu.tw/
9316,R&D alliance,研發聯盟,,https://terms.naer.edu.tw/
9317,R&D budget,研發預算,研发预算,https://terms.naer.edu.tw/
9318,R&D consortium,研發聯盟；研發組合,研发联合体,https://terms.naer.edu.tw/
9319,R&D cooperation; R&D collaboration,合作研發,合作研发；研发合作,https://terms.naer.edu.tw/
9320,R&D costs,研發成本,研发成本,https://terms.naer.edu.tw/
9321,R&D culture,研發文化,研发文化,https://terms.naer.edu.tw/
9322,R&D evaluation,研發評估,研发评价,https://terms.naer.edu.tw/
9323,R&D expenditure,研發經費,研发经费,https://terms.naer.edu.tw/
9324,R&D input,研發投入,研发投入,https://terms.naer.edu.tw/
9325,R&D intensity,研發強度,研发强度,https://terms.naer.edu.tw/
9326,R&D networks,研發網路；研發網路,研发网络,https://terms.naer.edu.tw/
9327,R&D outsourcing,研發外包,研发外包,https://terms.naer.edu.tw/
9328,R&D policies,研發政策,研发政策,https://terms.naer.edu.tw/
9329,R&D process,研發流程,研发流程,https://terms.naer.edu.tw/
9330,R&D project,研發專案；研發計畫,研发项目,https://terms.naer.edu.tw/
9331,R&D project performance evaluation,研發計畫績效評估,研发项目绩效评价,https://terms.naer.edu.tw/
9332,R&D project program,研發計畫內容,研发项目规划,https://terms.naer.edu.tw/
9333,R&D project risk management,研發計畫風險管理,研发项目风险管理,https://terms.naer.edu.tw/
9334,R&D project strategy,研發計畫策略,研发项目战略,https://terms.naer.edu.tw/
9335,R&D scale,研發規模,研发规模,https://terms.naer.edu.tw/
9336,R&D strategy,研發策略,研发战略,https://terms.naer.edu.tw/
9337,R&D team,研發團隊,研发团队,https://terms.naer.edu.tw/
9338,racial superiority,種族優越感,种族优越感,https://terms.naer.edu.tw/
9339,rack jobber,貨架批發商,,https://terms.naer.edu.tw/
9340,radical change,激進變革,,https://terms.naer.edu.tw/
9341,radical innovation,突破性創新；激進式創新,突破性创新,https://terms.naer.edu.tw/
9342,Radio Frequency Identification (RFID),無線射頻識別,,https://terms.naer.edu.tw/
9343,rainbow option,彩虹選擇權,彩虹期权,https://terms.naer.edu.tw/
9344,raincheck,雨票{事後補償}；保留券,,https://terms.naer.edu.tw/
9345,raising rivals' costs,提高對手成本,,https://terms.naer.edu.tw/
9346,RAND corporation,蘭德公司,兰德公司,https://terms.naer.edu.tw/
9347,Random access memory (RAM),隨機存取記憶,随机存取存储器,https://terms.naer.edu.tw/
9348,random error,隨機誤差,随机误差,https://terms.naer.edu.tw/
9349,random sampling error,隨機抽樣誤差,,https://terms.naer.edu.tw/
9350,randomization,隨機化,随机化,https://terms.naer.edu.tw/
9351,range of variation,變異範圍,,https://terms.naer.edu.tw/
9352,rank-order rating scale,排序評比量表,,https://terms.naer.edu.tw/
9353,ranking method,排序法,排序法,https://terms.naer.edu.tw/
9354,Rapid application development (RAD),快速應用系統開發,,https://terms.naer.edu.tw/
9355,rare resources,稀少的資源,,https://terms.naer.edu.tw/
9356,Rareness,稀有性,稀有性,https://terms.naer.edu.tw/
9357,rarity,稀少性,,https://terms.naer.edu.tw/
9358,ratchet option,棘輪選擇權,棘轮期权,https://terms.naer.edu.tw/
9359,ratchet rationality,棘輪理性,,https://terms.naer.edu.tw/
9360,ratcheting effect,棘輪效應,棘轮效应,https://terms.naer.edu.tw/
9361,rate base,費率基準,费率基准,https://terms.naer.edu.tw/
9362,rate discrimination,差別費率,费率差别区别对待,https://terms.naer.edu.tw/
9363,rate in foreign currency (=rate in foreign money),以外國貨幣表示的匯率,以外国货币表示的汇率,https://terms.naer.edu.tw/
9364,rate in home currency (=rate in home money),以本國貨幣表示的匯率,以本国货币表示的汇率,https://terms.naer.edu.tw/
9365,rate of call,活期貸款利率,活期贷款利率,https://terms.naer.edu.tw/
9366,rate of capital return,資本報酬率,资本回报率,https://terms.naer.edu.tw/
9367,rate of concession,優惠費率,优惠率,https://terms.naer.edu.tw/
9368,rate of depreciation,貶值率；折舊率,①贬值率 ②折旧率,https://terms.naer.edu.tw/
9369,rate of discount,貼現率,贴现率,https://terms.naer.edu.tw/
9370,rate of dividend,股利率,股利率,https://terms.naer.edu.tw/
9371,rate of duty,關稅稅率,关税税率,https://terms.naer.edu.tw/
9372,rate of income tax,所得稅率,所得税率,https://terms.naer.edu.tw/
9373,rate of interest,利率,利率,https://terms.naer.edu.tw/
9374,rate of international reserve to import,國際準備對進口的比率,国际储备对进口的比率,https://terms.naer.edu.tw/
9375,rate of return,報酬率,投资收益率,https://terms.naer.edu.tw/
9376,rate of saving,儲蓄率,储蓄率,https://terms.naer.edu.tw/
9377,rate of stock turnover,存貨周轉率,存货周转率,https://terms.naer.edu.tw/
9378,rate of technical progress,技術進步率,技术进步率,https://terms.naer.edu.tw/
9379,rated average element time,評定平均單元時間,,https://terms.naer.edu.tw/
9380,rater bias,評估者偏差,,https://terms.naer.edu.tw/
9381,rating,評等,信用等级评定,https://terms.naer.edu.tw/
9382,rating scale,評定量表,等级量表,https://terms.naer.edu.tw/
9383,ratio analysis,比率分析,,https://terms.naer.edu.tw/
9384,ratio of dependence on foreign trade,外貿依存率,外贸依存率,https://terms.naer.edu.tw/
9385,rational appeal,理性訴求,理性訴求,https://terms.naer.edu.tw/
9386,rational choice,理性選擇,,https://terms.naer.edu.tw/
9387,rational decision model,理性決策模式；理性決策模型,,https://terms.naer.edu.tw/
9388,rational decision-making,理性決策,,https://terms.naer.edu.tw/
9389,rational decision-making model,理性決策模式,理性决策模型,https://terms.naer.edu.tw/
9390,rational process,理性程序,,https://terms.naer.edu.tw/
9391,rational-legal authority,理性法律權威,,https://terms.naer.edu.tw/
9392,rationality,理性,,https://terms.naer.edu.tw/
9393,rationalization,合理化,,https://terms.naer.edu.tw/
9394,rationalization movement,合理化運動,,https://terms.naer.edu.tw/
9395,Rationalization of procedures,程序合理化,,https://terms.naer.edu.tw/
9396,rationed export,配額出口,限额出口,https://terms.naer.edu.tw/
9397,rationing coupon,配給券,配给证,https://terms.naer.edu.tw/
9398,Raven standard progressive matrices,瑞文氏標準圖形推理測驗,瑞文标准推理测验,https://terms.naer.edu.tw/
9399,re-arrangement,重排,重排,https://terms.naer.edu.tw/
9400,re-employment,重新雇用,返聘,https://terms.naer.edu.tw/
9401,reaction level,反應層次,反应水平,https://terms.naer.edu.tw/
9402,reactive customer-driven quality,被動式顧客驅動品質,被动型客户驱动质量,https://terms.naer.edu.tw/
9403,reactive strategy,因應策略,,https://terms.naer.edu.tw/
9404,reactor,反應者,反应者,https://terms.naer.edu.tw/
9405,Read-only memory (ROM),唯讀記憶,只读存储器,https://terms.naer.edu.tw/
9406,readiness of training,訓練的準備度,培训准备,https://terms.naer.edu.tw/
9407,readiness-to-buy stage,準備購買階段,,https://terms.naer.edu.tw/
9408,ready-work factor (RWF),動作要素分析法,动作要素分析法,https://terms.naer.edu.tw/
9409,real asset,實物資產,实物资产,https://terms.naer.edu.tw/
9410,"real bills doctrine, real bills theory",實質票據學說,真实票据论,https://terms.naer.edu.tw/
9411,real business cycle,實質景氣循環,实际商业周期,https://terms.naer.edu.tw/
9412,real business cycle view,實質景氣循環觀點,真实经济周期观点,https://terms.naer.edu.tw/
9413,real capital,實物資本,实物资本,https://terms.naer.edu.tw/
9414,real dollar value,實質美元價值,不变美元价值,https://terms.naer.edu.tw/
9415,real estate finance,不動產融資,不动产融资,https://terms.naer.edu.tw/
9416,real estate market,不動產市場,不动产市场,https://terms.naer.edu.tw/
9417,real estate mortgage credit,不動產抵押信貸,不动产抵押信贷,https://terms.naer.edu.tw/
9418,real estate mortgage loan,不動產抵押貸款,不动产抵押贷款,https://terms.naer.edu.tw/
9419,real estate trust investment,不動產信託投資,不动产信托投资,https://terms.naer.edu.tw/
9420,real exchange rate,實質匯率,实际汇率,https://terms.naer.edu.tw/
9421,real expenditure,實質支出,实际支出,https://terms.naer.edu.tw/
9422,real gross national expenditure,實質國民支出毛額,实际国民支出总值,https://terms.naer.edu.tw/
9423,real gross national product {=real GNP},實質國民生產毛額,实际国民生产总值,https://terms.naer.edu.tw/
9424,real growth rate,實質成長率,实际增长率,https://terms.naer.edu.tw/
9425,real interest rate,實質利率,,https://terms.naer.edu.tw/
9426,real interest rate,實質利率,实际利率,https://terms.naer.edu.tw/
9427,real investment,實質投資,实际投资,https://terms.naer.edu.tw/
9428,real money,實質貨幣,实际货币,https://terms.naer.edu.tw/
9429,real national wealth,實質國民財富,实际国民财富,https://terms.naer.edu.tw/
9430,real net national income,實質國民淨收入,实际国民净收入,https://terms.naer.edu.tw/
9431,real net national product,實質國民生產淨額,实际国民生产净值,https://terms.naer.edu.tw/
9432,"real option , managerial option",實質權擇權,实物期权,https://terms.naer.edu.tw/
9433,real options,實質選擇權,,https://terms.naer.edu.tw/
9434,real par of exchange,實質[匯兌]平價,实际[汇兑]平价,https://terms.naer.edu.tw/
9435,real personal disposable income,實質個人可支配所得,个人可支配的实际收入,https://terms.naer.edu.tw/
9436,real personal income,實質個人所得,实际个人收入,https://terms.naer.edu.tw/
9437,real risk-free rate of interest,實質無風險利率,,https://terms.naer.edu.tw/
9438,real time system,即時系統；即時制度,,https://terms.naer.edu.tw/
9439,real-time control,即時控制,,https://terms.naer.edu.tw/
9440,Real-time processing,即時處理,,https://terms.naer.edu.tw/
9441,Real-time simulation,即時模擬,实时模拟,https://terms.naer.edu.tw/
9442,realistic job preview,實際工作預覽,现实工作预览,https://terms.naer.edu.tw/
9443,realistic job preview{=RJP},實作試用,,https://terms.naer.edu.tw/
9444,realistic type,實際型{Holland六種人格類型之一},实际型{Holland六种人格类型之一},https://terms.naer.edu.tw/
9445,reality check,現實查核,现实查核,https://terms.naer.edu.tw/
9446,reality shock,現實震撼,现实冲击,https://terms.naer.edu.tw/
9447,realizable asset,可變現資產,可变现资产,https://terms.naer.edu.tw/
9448,realizable income,可實現所得,可实现的收入,https://terms.naer.edu.tw/
9449,realizable value,可變現價值,可变现价值,https://terms.naer.edu.tw/
9450,Realization,實現,实现,https://terms.naer.edu.tw/
9451,realized rate of return,已實現報酬率,,https://terms.naer.edu.tw/
9452,realized spread,實現價差,实现价差,https://terms.naer.edu.tw/
9453,realized strategy,已實現的策略,,https://terms.naer.edu.tw/
9454,"realized yield, horizon yield",實現收益率,已实现收益率,https://terms.naer.edu.tw/
9455,reappraisal of fixed asset,固定資產重估,固定资产再估价,https://terms.naer.edu.tw/
9456,reappraisal of real estate,不動產重估,不动产重估价,https://terms.naer.edu.tw/
9457,reappraisal of surplus,盈餘重估,重新估价盈余,https://terms.naer.edu.tw/
9458,reasoning ability,推理能力,推理能力,https://terms.naer.edu.tw/
9459,rebate,回扣,回扣促销,https://terms.naer.edu.tw/
9460,rebuy purchase,再購,,https://terms.naer.edu.tw/
9461,Recall ratio,查全率,查全率,https://terms.naer.edu.tw/
9462,receipt of payment,付款收據,收到支付金额,https://terms.naer.edu.tw/
9463,receipt voucher,收款憑證,收款凭证,https://terms.naer.edu.tw/
9464,receivable collection period,應收帳款收現期間,,https://terms.naer.edu.tw/
9465,received for shipment bill of lading {=received B/L},備運提單,待运提单,https://terms.naer.edu.tw/
9466,receiver,收訊者；接收者,接收者,https://terms.naer.edu.tw/
9467,receiving inspection,進貨檢驗,进货检验,https://terms.naer.edu.tw/
9468,receiving point,收貨點,收货点,https://terms.naer.edu.tw/
9469,receiving report,接收報告,接收报告,https://terms.naer.edu.tw/
9470,recency effect,近因效應；近因效果,,https://terms.naer.edu.tw/
9471,recency error,近因誤差,,https://terms.naer.edu.tw/
9472,recession,衰退,,https://terms.naer.edu.tw/
9473,reciprocal account,相互往來帳戶,相互往来账户,https://terms.naer.edu.tw/
9474,reciprocal arrangement,互惠協定,互惠协定,https://terms.naer.edu.tw/
9475,reciprocal barter,互惠易貨貿易,对开信用证贸易,https://terms.naer.edu.tw/
9476,reciprocal contract,互惠合約,互惠合同,https://terms.naer.edu.tw/
9477,reciprocal credit,對開信用狀,互惠信用,https://terms.naer.edu.tw/
9478,reciprocal credit agreement,互惠信貸協議,互惠信贷协定,https://terms.naer.edu.tw/
9479,reciprocal currency arrangement,通貨互換協定,互换货币协定,https://terms.naer.edu.tw/
9480,reciprocal duty,互惠關稅,互惠关税,https://terms.naer.edu.tw/
9481,reciprocal favorable treatment,互惠待遇,互惠待遇,https://terms.naer.edu.tw/
9482,reciprocal interdependence,互惠式相依,,https://terms.naer.edu.tw/
9483,reciprocal letter of credit {=reciprocal L/C},對開信用狀；背對背信用狀,对开信用证,https://terms.naer.edu.tw/
9484,reciprocal shareholding,相互持股,相互持股,https://terms.naer.edu.tw/
9485,reciprocal tariff treaty,互惠關稅條約,互惠关税条约,https://terms.naer.edu.tw/
9486,recommendation,推薦,推荐,https://terms.naer.edu.tw/
9487,Recommendation system,推薦系統,推荐系统,https://terms.naer.edu.tw/
9488,Recommendation technology,推薦技術,推荐技术,https://terms.naer.edu.tw/
9489,reconciling inventory,存貨調節,存货校准,https://terms.naer.edu.tw/
9490,Reconfigurability,可重構,可重构,https://terms.naer.edu.tw/
9491,record,記錄,记录,https://terms.naer.edu.tw/
9492,record date,股權登記日,股权登记日,https://terms.naer.edu.tw/
9493,Records Center,文件中心,文件中心,https://terms.naer.edu.tw/
9494,recourse,追索權,追索权,https://terms.naer.edu.tw/
9495,recovery,回收,,https://terms.naer.edu.tw/
9496,recruiting scale,招募規模,招募规模,https://terms.naer.edu.tw/
9497,recruiting yield,招募產出率,招募产出率,https://terms.naer.edu.tw/
9498,recruitment,招募,招聘,https://terms.naer.edu.tw/
9499,recruitment,招募,,https://terms.naer.edu.tw/
9500,recruitment and selection,招募與甄選,招聘与选拔,https://terms.naer.edu.tw/
9501,recruitment and selection,招募與甄選,,https://terms.naer.edu.tw/
9502,recruitment optional program,招募選擇方案,招聘备择方案,https://terms.naer.edu.tw/
9503,recruitment plan,招募計畫,招聘计划,https://terms.naer.edu.tw/
9504,recruitment process,招募程式,招募程序,https://terms.naer.edu.tw/
9505,rectifying sampling,挑選型抽樣,挑选型抽样,https://terms.naer.edu.tw/
9506,recycling and reuse　,回收與再使用,,https://terms.naer.edu.tw/
9507,red ocean strategy,紅海策略,红海战略,https://terms.naer.edu.tw/
9508,red tape,繁文縟節,,https://terms.naer.edu.tw/
9509,redeemable bond,可贖回債券,可赎回债券,https://terms.naer.edu.tw/
9510,redeemable preference stock,可贖回優先股,可赎回的优先股,https://terms.naer.edu.tw/
9511,redeemable stock,可贖回證券,可赎回股票,https://terms.naer.edu.tw/
9512,redemption agent,清算銀行,清算银行,https://terms.naer.edu.tw/
9513,redemption provision,贖回條款,[证券]偿还条款,https://terms.naer.edu.tw/
9514,redemption rate,兌換率,,https://terms.naer.edu.tw/
9515,redemption yield,贖回收益率,偿债收益,https://terms.naer.edu.tw/
9516,rediscount,重貼現,再贴现,https://terms.naer.edu.tw/
9517,Reduced instruction set computing (RISC),精簡指令集,,https://terms.naer.edu.tw/
9518,redundancy,裁員,,https://terms.naer.edu.tw/
9519,Redundant array of inexpensive disks (RAID),磁碟陣列,,https://terms.naer.edu.tw/
9520,redundant securities,多餘證券,冗余证券,https://terms.naer.edu.tw/
9521,reengineering,再造工程；組織再造,,https://terms.naer.edu.tw/
9522,Reference,標目參照法,标目参照法,https://terms.naer.edu.tw/
9523,reference and background investigation,背景資料調查,背景资料调查,https://terms.naer.edu.tw/
9524,reference data,參考資料,,https://terms.naer.edu.tw/
9525,reference date,參考日,,https://terms.naer.edu.tw/
9526,reference group,參考團體,参照群体,https://terms.naer.edu.tw/
9527,reference point,參照點,参照点,https://terms.naer.edu.tw/
9528,reference price,參考價格,参考价格,https://terms.naer.edu.tw/
9529,reference to standard,引用標準,引用标准,https://terms.naer.edu.tw/
9530,referent,{公平理論裏的}參考點,,https://terms.naer.edu.tw/
9531,referent power,參照權,参照权,https://terms.naer.edu.tw/
9532,Reflexiveability,反思能力,反思能力,https://terms.naer.edu.tw/
9533,refreezing,再凍結,,https://terms.naer.edu.tw/
9534,refreezing,再凍結,,https://terms.naer.edu.tw/
9535,refugee fund,外逃資金,外逃资金,https://terms.naer.edu.tw/
9536,refund,退款,,https://terms.naer.edu.tw/
9537,refunding operation,再融資操作,,https://terms.naer.edu.tw/
9538,regenerative approach　,再生法,,https://terms.naer.edu.tw/
9539,regenerative system,再生系統,重新生成系统,https://terms.naer.edu.tw/
9540,regiocentric orientation,區域中心導向,区域中心导向,https://terms.naer.edu.tw/
9541,regional brand,區域品牌,,https://terms.naer.edu.tw/
9542,Regional Cooperation [Organization] for Development,區域合作開發組織,区域合作开发组织,https://terms.naer.edu.tw/
9543,Regional Economic Co-operation,區域經濟合作,区域经济合作,https://terms.naer.edu.tw/
9544,regional economic integration,區域經濟整合,区域经济一体化,https://terms.naer.edu.tw/
9545,regional innovation capability,區域創新能力,区域创新能力,https://terms.naer.edu.tw/
9546,regional innovation network,區域創新網路；區域創新網路,区域创新网络,https://terms.naer.edu.tw/
9547,regional innovation systems,區域創新系統,区域创新体系；区域创新系统,https://terms.naer.edu.tw/
9548,regional preferential duty,區域優惠關稅,地区特惠税,https://terms.naer.edu.tw/
9549,regional standard,區域標準,区域标准,https://terms.naer.edu.tw/
9550,regional trade,區域性貿易,区域性贸易,https://terms.naer.edu.tw/
9551,regret aversion,後悔規避,后悔厌恶,https://terms.naer.edu.tw/
9552,regret theory,遺憾理論；後悔理論,后悔理论,https://terms.naer.edu.tw/
9553,regular wage,經常性工資,固定工资,https://terms.naer.edu.tw/
9554,regulated interest rate,管制利率,管制利率,https://terms.naer.edu.tw/
9555,regulation of human resource management,人力資源管理法規,人力资源管理法规,https://terms.naer.edu.tw/
9556,regulation on provisions for bad debt,呆帳準備金管理規定,呆账准备金制度,https://terms.naer.edu.tw/
9557,regulatory-focus theory,調節焦點理論；調節聚焦理論,,https://terms.naer.edu.tw/
9558,reimbursement credit,償還信用狀,偿付信用证,https://terms.naer.edu.tw/
9559,reimbursing bank,償付銀行,偿付[银]行,https://terms.naer.edu.tw/
9560,reimport permit,再進口許可證,再进口许可证,https://terms.naer.edu.tw/
9561,reinforcement,增強；強化,,https://terms.naer.edu.tw/
9562,reinforcement advertising,強化式廣告,,https://terms.naer.edu.tw/
9563,reinforcement theory,強化理論；增強理論,强化理论,https://terms.naer.edu.tw/
9564,reinforcer,強化物；增強物,强化物；增强物,https://terms.naer.edu.tw/
9565,reinsurance,再保,分保,https://terms.naer.edu.tw/
9566,reintermediation,再中介化,,https://terms.naer.edu.tw/
9567,reinvestment rate,再投資報酬率,,https://terms.naer.edu.tw/
9568,reinvestment risk,再投資風險,,https://terms.naer.edu.tw/
9569,reinvestment risk,再投資風險,再投资风险,https://terms.naer.edu.tw/
9570,reject lot,拒收批,拒收批,https://terms.naer.edu.tw/
9571,reject quality level,拒收品質水準,拒绝质量水平,https://terms.naer.edu.tw/
9572,rejected bill,拒付票據,拒付票据,https://terms.naer.edu.tw/
9573,rejected check,拒付支票,拒付支票,https://terms.naer.edu.tw/
9574,rejection limit,拒收界限,不合格判定数,https://terms.naer.edu.tw/
9575,related company,關係企業,联营公司,https://terms.naer.edu.tw/
9576,related diversification,相關多角化,相关多元化,https://terms.naer.edu.tw/
9577,related diversification,相關多角化,,https://terms.naer.edu.tw/
9578,related technology,相關技術,相关技术,https://terms.naer.edu.tw/
9579,relatedness need,關係需要；關係需求,,https://terms.naer.edu.tw/
9580,relation,關係；人脈,,https://terms.naer.edu.tw/
9581,relational capital,關係資本,,https://terms.naer.edu.tw/
9582,Relational data model,關連式資料模式,关系数据库,https://terms.naer.edu.tw/
9583,Relational database,關聯式資料庫,关系数据库,https://terms.naer.edu.tw/
9584,Relational model,關係模型,关系模型,https://terms.naer.edu.tw/
9585,relationship behavior,關係行為,关系行为,https://terms.naer.edu.tw/
9586,relationship conflict,關係衝突,关系冲突,https://terms.naer.edu.tw/
9587,relationship conflict,關係衝突,,https://terms.naer.edu.tw/
9588,relationship diagram method,作業相關圖法,作业相关图法,https://terms.naer.edu.tw/
9589,relationship equity,關係權益,,https://terms.naer.edu.tw/
9590,relationship marketing,關係行銷,关系营销,https://terms.naer.edu.tw/
9591,relationship marketing,關係行銷,,https://terms.naer.edu.tw/
9592,relationship network,關係網絡,关系网,https://terms.naer.edu.tw/
9593,relationship-oriented,關係導向,关系导向,https://terms.naer.edu.tw/
9594,relationship-oriented,關係導向,,https://terms.naer.edu.tw/
9595,relative advantage,相對優勢；相對利益,,https://terms.naer.edu.tw/
9596,relative market share,相對市佔率,,https://terms.naer.edu.tw/
9597,relative price,相對價格,相对价格,https://terms.naer.edu.tw/
9598,relative risk,相對風險,相对风险,https://terms.naer.edu.tw/
9599,relative technology advantage,相對技術優勢,相对技术优势,https://terms.naer.edu.tw/
9600,relative value method,相對價值法,相对价值法,https://terms.naer.edu.tw/
9601,relaxation allowance,疲勞寬放,疲劳宽放,https://terms.naer.edu.tw/
9602,release,放行,放行,https://terms.naer.edu.tw/
9603,release load,放開{動素種類之一},放开,https://terms.naer.edu.tw/
9604,released bill of lading,發放提單,放行提单,https://terms.naer.edu.tw/
9605,released order,已發出訂單,已发出订单,https://terms.naer.edu.tw/
9606,Relevance,相關性,相关性,https://terms.naer.edu.tw/
9607,Relevance Feedback,相關回饋,相关回馈,https://terms.naer.edu.tw/
9608,relevant cost,攸關成本,,https://terms.naer.edu.tw/
9609,relevant risk,攸關風險,,https://terms.naer.edu.tw/
9610,reliability,信度；可靠度,,https://terms.naer.edu.tw/
9611,reliability engineering　,可靠度工程,,https://terms.naer.edu.tw/
9612,relief from duty,進口稅減免,进口税减免,https://terms.naer.edu.tw/
9613,remainderman,剩餘受益人,余额收益人,https://terms.naer.edu.tw/
9614,remanufactured part,再製造件,再制造件,https://terms.naer.edu.tw/
9615,remanufacturing resource planning,再製造資源規劃,再制造资源计划,https://terms.naer.edu.tw/
9616,remedial maintenance,補救性維修,补救维护,https://terms.naer.edu.tw/
9617,remedial transfer,補救型調動；補救型轉調,补救调动,https://terms.naer.edu.tw/
9618,reminder advertising,提醒式廣告,提醒型广告,https://terms.naer.edu.tw/
9619,remittance,匯兌,汇兑,https://terms.naer.edu.tw/
9620,remittance advice,匯款通知書,汇款通知书,https://terms.naer.edu.tw/
9621,remittance bank,匯款銀行,汇款银行,https://terms.naer.edu.tw/
9622,remortgage,再抵押,再抵押,https://terms.naer.edu.tw/
9623,remote training,遠距訓練,远程培训,https://terms.naer.edu.tw/
9624,renewable credit,循環信用狀,可展期信用证,https://terms.naer.edu.tw/
9625,renewal process,更新程序,,https://terms.naer.edu.tw/
9626,renewed bill,展期票據,展期票据,https://terms.naer.edu.tw/
9627,renewed offer,更新報價,重新发盘,https://terms.naer.edu.tw/
9628,reorder point,再訂貨點；再訂購點,再订货点,https://terms.naer.edu.tw/
9629,reorganization,組織重整,,https://terms.naer.edu.tw/
9630,reorganization bond,改組債券,改组债券,https://terms.naer.edu.tw/
9631,repair,返修,返修,https://terms.naer.edu.tw/
9632,repair bill of material,修理物料清單,修理物料清单,https://terms.naer.edu.tw/
9633,repairable part,可維修件,可维修件,https://terms.naer.edu.tw/
9634,reparation treaty,賠償條約,赔偿条约,https://terms.naer.edu.tw/
9635,repatriation,回任,返派,https://terms.naer.edu.tw/
9636,repayment guarantee,還款保證,还款保证,https://terms.naer.edu.tw/
9637,repeat customer,常客,,https://terms.naer.edu.tw/
9638,repeat offer,重複報價,重复发盘,https://terms.naer.edu.tw/
9639,repeat purchase,重複購買,重复购买,https://terms.naer.edu.tw/
9640,repeatability,重複性；再現性,重复性,https://terms.naer.edu.tw/
9641,repeated experiment,重複實驗,重复实验,https://terms.naer.edu.tw/
9642,repeative talents,再現型人才,再现型人才,https://terms.naer.edu.tw/
9643,repetitive production,重複性生產,重复性生产,https://terms.naer.edu.tw/
9644,repetitive timing,反覆測時法,反复测时法,https://terms.naer.edu.tw/
9645,replacement analysis,重置計畫分析,,https://terms.naer.edu.tw/
9646,replacement cost,重置成本；人員替換成本,,https://terms.naer.edu.tw/
9647,replacement cost method,重置成本法,重置成本法,https://terms.naer.edu.tw/
9648,replacement price,重置價格,重置价格；更新价格,https://terms.naer.edu.tw/
9649,replacement project,重置型投資專案,,https://terms.naer.edu.tw/
9650,replacement transfer,替代型調動；替代型轉調,替换调动,https://terms.naer.edu.tw/
9651,replacement value,重置價值,重置价值；更新价值,https://terms.naer.edu.tw/
9652,replenishment lead time,補貨前置期,补货提前期,https://terms.naer.edu.tw/
9653,replenishment period,補貨週期,补货周期,https://terms.naer.edu.tw/
9654,replication,複製,复制,https://terms.naer.edu.tw/
9655,repositioned new product,重新定位型新產品,重新定位型新产品,https://terms.naer.edu.tw/
9656,repositioning,再定位；重定位,再定位；重定位,https://terms.naer.edu.tw/
9657,representative bias,代表性偏差,代表性偏差,https://terms.naer.edu.tw/
9658,representative money,代表貨幣,代表货币,https://terms.naer.edu.tw/
9659,representative participation,代表參與,代表参与,https://terms.naer.edu.tw/
9660,representativeness heuristics,代表性經驗法則,代表性偏誤,https://terms.naer.edu.tw/
9661,reproducibility,再生性,再现性,https://terms.naer.edu.tw/
9662,reproducible energy; renewable energy,可再生能源,可再生能源,https://terms.naer.edu.tw/
9663,repurchase agreement,附買回合約,回购协议,https://terms.naer.edu.tw/
9664,repurchase rate,再購率,,https://terms.naer.edu.tw/
9665,Reputation,聲譽,声誉,https://terms.naer.edu.tw/
9666,Request for proposal (RFP),徵求提案說明書,,https://terms.naer.edu.tw/
9667,required capacity,需用產能,需用产能,https://terms.naer.edu.tw/
9668,required element,必備要素,必备要素,https://terms.naer.edu.tw/
9669,required rate of return,必要報酬率,,https://terms.naer.edu.tw/
9670,Requirement analysis,需求分析,需求分析,https://terms.naer.edu.tw/
9671,requirement explosion,需求展開,需求展开,https://terms.naer.edu.tw/
9672,resale contract,轉售合約,转售合同,https://terms.naer.edu.tw/
9673,resale price,轉售價格,转售价格,https://terms.naer.edu.tw/
9674,rescheduling,再排程,再排程,https://terms.naer.edu.tw/
9675,research,研究,研究,https://terms.naer.edu.tw/
9676,research and development strategy,研究發展策略,,https://terms.naer.edu.tw/
9677,research and development team (R&D team),研發團隊,研发团队,https://terms.naer.edu.tw/
9678,research design,研究設計,研究设计,https://terms.naer.edu.tw/
9679,research design,研究設計,,https://terms.naer.edu.tw/
9680,Research Frontier,尖端研究,尖端研究,https://terms.naer.edu.tw/
9681,research instrument,研究工具,,https://terms.naer.edu.tw/
9682,research management,科研管理；研究管理,科研管理,https://terms.naer.edu.tw/
9683,Research Paradigm,研究典範,研究典范,https://terms.naer.edu.tw/
9684,research proposal,研究計畫書,,https://terms.naer.edu.tw/
9685,research quality,研究品質,研究的质量,https://terms.naer.edu.tw/
9686,Research Space,研究空間,研究空间,https://terms.naer.edu.tw/
9687,research university,研究型大學,研究型大学；研究性大学,https://terms.naer.edu.tw/
9688,reseller,中間商,中间商,https://terms.naer.edu.tw/
9689,reseller brand,中間商品牌,,https://terms.naer.edu.tw/
9690,reservation price (RP),保留價格；底價,,https://terms.naer.edu.tw/
9691,reserve against note,發行鈔票準備金,发行钞票准备金,https://terms.naer.edu.tw/
9692,reserve borrowing capacity,備用舉債能力,,https://terms.naer.edu.tw/
9693,reserve for foreign exchange,外匯準備,外汇准备,https://terms.naer.edu.tw/
9694,reserve fund,準備基金,储备基金,https://terms.naer.edu.tw/
9695,reshipment permit,轉運許可證,转运许可证,https://terms.naer.edu.tw/
9696,residential mortgage,住宅抵押貸款,住宅抵押贷款,https://terms.naer.edu.tw/
9697,"residential mortgage-backed securities, RMBS",住宅房貸擔保證券,住房抵押贷款支持证券,https://terms.naer.edu.tw/
9698,residual dividend approach,剩餘股利模式,剩余股利模型,https://terms.naer.edu.tw/
9699,residual dividend policy,剩餘股利政策,,https://terms.naer.edu.tw/
9700,residual rights,剩餘權利,,https://terms.naer.edu.tw/
9701,residual value,殘值,,https://terms.naer.edu.tw/
9702,resignation,辭職,辞职,https://terms.naer.edu.tw/
9703,resistance point,抗拒點,抗拒点,https://terms.naer.edu.tw/
9704,resistance to change,變革阻力,变革阻力,https://terms.naer.edu.tw/
9705,resistance to change,變革阻力,,https://terms.naer.edu.tw/
9706,resource allocation,資源分配,,https://terms.naer.edu.tw/
9707,resource allocator,資源分配者,,https://terms.naer.edu.tw/
9708,resource dependence theory,資源依賴理論,资源依赖理论,https://terms.naer.edu.tw/
9709,Resource Description Framework,資源描述架構,资源描述框架,https://terms.naer.edu.tw/
9710,resource development,資源發展,,https://terms.naer.edu.tw/
9711,Resource Facilitating Conditions,資源促進條件,资源协助状态,https://terms.naer.edu.tw/
9712,resource heterogeneity,資源異質性,,https://terms.naer.edu.tw/
9713,resource immobility,資源不可移動性,,https://terms.naer.edu.tw/
9714,resource intensive technology,資源密集技術,资源密集型技术,https://terms.naer.edu.tw/
9715,resource management,資源管理,资源管理,https://terms.naer.edu.tw/
9716,resource planning,資源規劃,资源规划,https://terms.naer.edu.tw/
9717,resource premises,條件前提,,https://terms.naer.edu.tw/
9718,resource profile,資源負荷表,资源负荷表,https://terms.naer.edu.tw/
9719,resource requirements planning (RRP)　,資源需求規劃,资源需求计划,https://terms.naer.edu.tw/
9720,resource similarity,資源相似性,资源相似性,https://terms.naer.edu.tw/
9721,resource similarity,資源相似性,,https://terms.naer.edu.tw/
9722,resource weaknesses,資源弱勢,,https://terms.naer.edu.tw/
9723,resource-based theory,資源基礎理論,,https://terms.naer.edu.tw/
9724,resource-based view {=RBV},資源基礎觀點,,https://terms.naer.edu.tw/
9725,resource-limited scheduling,資源受限排程,资源受限排程,https://terms.naer.edu.tw/
9726,resources,資源,资源,https://terms.naer.edu.tw/
9727,resources,資源,,https://terms.naer.edu.tw/
9728,resources fit,資源適配,,https://terms.naer.edu.tw/
9729,resources strengths,資源強勢,,https://terms.naer.edu.tw/
9730,respondent,受測者；受訪者,,https://terms.naer.edu.tw/
9731,respondent error,受測者誤差,,https://terms.naer.edu.tw/
9732,response hierarchy model,反應層級模式,,https://terms.naer.edu.tw/
9733,response order bias,回應次序偏差,,https://terms.naer.edu.tw/
9734,response rate,回應率,,https://terms.naer.edu.tw/
9735,Response time,回應時間,响应时间,https://terms.naer.edu.tw/
9736,responsibility,職責；責任,,https://terms.naer.edu.tw/
9737,responsibility accounting,責任會計,,https://terms.naer.edu.tw/
9738,responsiveness,回應性,响应性,https://terms.naer.edu.tw/
9739,rest,休息{動素種類之一},休息,https://terms.naer.edu.tw/
9740,restraining forces,約束力；抑制力,约束力；抑制力,https://terms.naer.edu.tw/
9741,restricted credit,限押信用狀,限制信用证,https://terms.naer.edu.tw/
9742,restricted negotiation letter of credit,限押信用狀,限制议付信用证,https://terms.naer.edu.tw/
9743,restricted stock,限制性股票,限制股,https://terms.naer.edu.tw/
9744,restricted stock plans,限制型股票計畫,限制型股票计划,https://terms.naer.edu.tw/
9745,restricted work,限制性工作,受限工作,https://terms.naer.edu.tw/
9746,restriction on trade,貿易限制；貿易管制,贸易限制；贸易管制,https://terms.naer.edu.tw/
9747,restrictive credit policy,限制性信貸政策,限制性信贷政策,https://terms.naer.edu.tw/
9748,restrictive endorsement,限制背書,限制性背书,https://terms.naer.edu.tw/
9749,restrictive license,限制許可證,限制性许可证,https://terms.naer.edu.tw/
9750,restrictive tariff,限制性關稅,限制性关税,https://terms.naer.edu.tw/
9751,restructuring,重組,,https://terms.naer.edu.tw/
9752,results level,結果層次,,https://terms.naer.edu.tw/
9753,resume,履歷,简历,https://terms.naer.edu.tw/
9754,retail bank,零售銀行,零售银行,https://terms.naer.edu.tw/
9755,retail co-branding,零售共同品牌,,https://terms.naer.edu.tw/
9756,retailer,零售者,零售商,https://terms.naer.edu.tw/
9757,retailer sales promotion,零售促銷,,https://terms.naer.edu.tw/
9758,retailer sponsored cooperative,零售商贊助合作組織,,https://terms.naer.edu.tw/
9759,retained earnings,保留盈餘,,https://terms.naer.edu.tw/
9760,retained earnings,保留盈餘,,https://terms.naer.edu.tw/
9761,retained import,保留輸入,国内消费进口,https://terms.naer.edu.tw/
9762,retained profit,保留利潤,留存利润,https://terms.naer.edu.tw/
9763,retaliatory duty,報復關稅,报复性关税,https://terms.naer.edu.tw/
9764,retention cost,[顧客］保留成本,平均[顾客]保留成本,https://terms.naer.edu.tw/
9765,retention rate,保留率,保留率,https://terms.naer.edu.tw/
9766,retention ratio,留存比率,留存比率,https://terms.naer.edu.tw/
9767,retire system,退休制度,退休制度,https://terms.naer.edu.tw/
9768,retire system,退休制度,,https://terms.naer.edu.tw/
9769,retired bill,已贖回票據,已赎回汇票,https://terms.naer.edu.tw/
9770,retired bond,已贖回債券,已兑回债券,https://terms.naer.edu.tw/
9771,retirement,退休,退休,https://terms.naer.edu.tw/
9772,retrenchment strategy,緊縮策略,,https://terms.naer.edu.tw/
9773,retrieval,檢索,,https://terms.naer.edu.tw/
9774,retrieval system (RS),取出系統；檢索系統,,https://terms.naer.edu.tw/
9775,retroactive insurance,可追溯保險,有追溯力的保险,https://terms.naer.edu.tw/
9776,retrocession treaty,轉分保合約,转分保合同,https://terms.naer.edu.tw/
9777,retrospective method,回顧法,,https://terms.naer.edu.tw/
9778,return,報酬,收益,https://terms.naer.edu.tw/
9779,return for no claim,無索賠退貨,无赔款退货,https://terms.naer.edu.tw/
9780,return on asset,資產報酬率,资产收益率,https://terms.naer.edu.tw/
9781,return on capital,資本報酬率,资本收益率,https://terms.naer.edu.tw/
9782,return on equity,權益報酬率,权益报酬率,https://terms.naer.edu.tw/
9783,"return on equity, ROE",股权回报率,股权收益率,https://terms.naer.edu.tw/
9784,return on investment,投資報酬率,投资收益率,https://terms.naer.edu.tw/
9785,return on investment (ROI),投資報酬率,,https://terms.naer.edu.tw/
9786,return on investment {=ROI} pricing,投資報酬訂價法,,https://terms.naer.edu.tw/
9787,"return on total assets, ROA",總資產報酬率,,https://terms.naer.edu.tw/
9788,return to scale,規模報酬,,https://terms.naer.edu.tw/
9789,return volatility,報酬率變異,,https://terms.naer.edu.tw/
9790,return-to-zero timing,歸零測時法,归零测时法,https://terms.naer.edu.tw/
9791,Reusability,再使用性,可重用性,https://terms.naer.edu.tw/
9792,reverse auction,逆向拍賣；反向拍賣,逆向竞拍,https://terms.naer.edu.tw/
9793,reverse calendar spreads,反向水平價差策略,,https://terms.naer.edu.tw/
9794,reverse discrimination,反向歧視；逆向歧視,,https://terms.naer.edu.tw/
9795,reverse distribution,逆向配銷,逆向分销,https://terms.naer.edu.tw/
9796,reverse dumping,逆向傾銷,逆向倾销,https://terms.naer.edu.tw/
9797,reverse engineering,逆向工程,,https://terms.naer.edu.tw/
9798,reverse innovation,逆向創新,回溯创新,https://terms.naer.edu.tw/
9799,reverse logistics,逆向物流,,https://terms.naer.edu.tw/
9800,reverse marketing,逆向行銷,逆向营销,https://terms.naer.edu.tw/
9801,reverse mentoring,反向教導,反向教导,https://terms.naer.edu.tw/
9802,reverse preference,反向優惠,反向优惠,https://terms.naer.edu.tw/
9803,reverse repo,再賣回協議,再回购协议,https://terms.naer.edu.tw/
9804,reverse split,反向分割,逆向拆分,https://terms.naer.edu.tw/
9805,reverse transfer of technology,反向技術移轉,反向技术转让,https://terms.naer.edu.tw/
9806,reverse-flow channel,逆向通路,,https://terms.naer.edu.tw/
9807,Review,綜述,综述,https://terms.naer.edu.tw/
9808,revocable credit,可撤銷信用狀,可撤销信用证,https://terms.naer.edu.tw/
9809,revocable offer,可撤銷的報價,可撤销的报价,https://terms.naer.edu.tw/
9810,revocable unconfirmed banker’s credit,可撤銷無保兌信用狀,可撤销的不保兑信用证,https://terms.naer.edu.tw/
9811,revolution,旋轉,旋转,https://terms.naer.edu.tw/
9812,revolving credit,循環信用,循环信贷额度,https://terms.naer.edu.tw/
9813,revolving credit,循環信用,循环信贷,https://terms.naer.edu.tw/
9814,revolving credit account,循環信貸帳戶,循环信贷账户,https://terms.naer.edu.tw/
9815,revolving credit agreement,循環信用協議,,https://terms.naer.edu.tw/
9816,revolving fund,周轉[基]金,周转基金,https://terms.naer.edu.tw/
9817,reward,獎酬；奬賞,,https://terms.naer.edu.tw/
9818,reward power,獎酬權；獎賞權,,https://terms.naer.edu.tw/
9819,reward system,獎酬系統；獎酬制度；獎賞系統；獎賞制度,,https://terms.naer.edu.tw/
9820,reward-to-variability ratio; RVAR,報酬變異比率,报酬与波动性比率,https://terms.naer.edu.tw/
9821,"reward-to-volatility ratio, Sharpe's measure",報酬-波動度比率,报酬-波动性比率,https://terms.naer.edu.tw/
9822,rework,重工；重做,返工,https://terms.naer.edu.tw/
9823,richness,豐富性,丰富化,https://terms.naer.edu.tw/
9824,riding the yield curve,駕馭殖利率曲線,收益曲线追踪,https://terms.naer.edu.tw/
9825,rigged market,被操縱市場,被操纵市场,https://terms.naer.edu.tw/
9826,right of offset,抵銷權,抵消权,https://terms.naer.edu.tw/
9827,right of trade mark,商標權,商标权,https://terms.naer.edu.tw/
9828,right offering with standby underwriting,餘額承銷購股權,余额包销配股,https://terms.naer.edu.tw/
9829,right-and-left-hand chart,左右手作業程序圖,双手作业程序图,https://terms.naer.edu.tw/
9830,right-and-left-hand operation analysis,左右手作業分析,双手作业分析,https://terms.naer.edu.tw/
9831,rights view of ethics,倫理的權利觀,,https://terms.naer.edu.tw/
9832,rightsizing,規模最適化；最適人力,,https://terms.naer.edu.tw/
9833,rigid price,固定價格,僵化价格,https://terms.naer.edu.tw/
9834,Rigor,嚴謹性,严谨性,https://terms.naer.edu.tw/
9835,ringisei,{日文}稟議制；在團體共識下所做的決定,,https://terms.naer.edu.tw/
9836,risk,風險,[金融]风险,https://terms.naer.edu.tw/
9837,risk,風險,风险,https://terms.naer.edu.tw/
9838,risk adjusted discount rate,風險調整折現率,风险调整贴现率,https://terms.naer.edu.tw/
9839,risk adjusted return rate,風險調整報酬率,风险调整回报率,https://terms.naer.edu.tw/
9840,risk arbitrage,風險套利,风险套利,https://terms.naer.edu.tw/
9841,risk asset,風險資產,风险资产,https://terms.naer.edu.tw/
9842,risk asset ratio,風險資產比率,风险资产比率,https://terms.naer.edu.tw/
9843,risk aversion,風險規避,[金融]风险厌恶,https://terms.naer.edu.tw/
9844,risk capital,風險資本,风险资本,https://terms.naer.edu.tw/
9845,risk control,風險控制,风险控制,https://terms.naer.edu.tw/
9846,risk free asset,無風險資產,无风险资产,https://terms.naer.edu.tw/
9847,risk management,風險管理,[金融]风险管理,https://terms.naer.edu.tw/
9848,risk management,風險管理,风险管理,https://terms.naer.edu.tw/
9849,risk neutral,風險中立,风险中性,https://terms.naer.edu.tw/
9850,Risk perception,風險知覺,风险认知,https://terms.naer.edu.tw/
9851,risk preference,風險偏好,,https://terms.naer.edu.tw/
9852,risk premium,風險溢酬,,https://terms.naer.edu.tw/
9853,Risk prevention system,風險預防系統,风险防范体系,https://terms.naer.edu.tw/
9854,risk sharing,風險分擔,风险分担,https://terms.naer.edu.tw/
9855,risk shift,風險轉移,风险转移效应,https://terms.naer.edu.tw/
9856,risk-adjusted costs of capital,風險調整資金成本,,https://terms.naer.edu.tw/
9857,risk-based audit,風險基礎稽核,风险性稽核,https://terms.naer.edu.tw/
9858,risk-free asset,無風險資產,无风险资产,https://terms.naer.edu.tw/
9859,risk-free interest rate、 RFR,無風險利率,无风险利率,https://terms.naer.edu.tw/
9860,risk-free rate of interest,無風險利率,无风险利率,https://terms.naer.edu.tw/
9861,risk-sharing principle,風險分擔原則,,https://terms.naer.edu.tw/
9862,risk-transferring innovation,風險移轉創新,风险-转移型创新,https://terms.naer.edu.tw/
9863,risk/return trade-off,「風險」-「報酬」替換,,https://terms.naer.edu.tw/
9864,riskless hedge,無風險避險,,https://terms.naer.edu.tw/
9865,rituals,儀式,仪式,https://terms.naer.edu.tw/
9866,rival commodity,競爭性商品,竞争性商品,https://terms.naer.edu.tw/
9867,rivalry,敵對狀態,,https://terms.naer.edu.tw/
9868,rivals,敵手,,https://terms.naer.edu.tw/
9869,road show,法人說明會,路演,https://terms.naer.edu.tw/
9870,robots,機器人,,https://terms.naer.edu.tw/
9871,robust design,穩健設計,稳健设计,https://terms.naer.edu.tw/
9872,robustness,穩健性,稳健性,https://terms.naer.edu.tw/
9873,Rokeach values survey,Rokeach價值調查；羅克奇價值調查,,https://terms.naer.edu.tw/
9874,role,角色,角色,https://terms.naer.edu.tw/
9875,role ambiguity,角色模糊,角色模糊,https://terms.naer.edu.tw/
9876,role ambiguity,角色模糊,,https://terms.naer.edu.tw/
9877,role assertion,角色主張,,https://terms.naer.edu.tw/
9878,role behavior perspective,角色行為觀點,角色行为观点,https://terms.naer.edu.tw/
9879,role conflict,角色衝突,角色冲突,https://terms.naer.edu.tw/
9880,role conflicts,角色衝突,,https://terms.naer.edu.tw/
9881,role distortion,角色扭曲,,https://terms.naer.edu.tw/
9882,role expectations,角色期望,角色期望,https://terms.naer.edu.tw/
9883,role identity,角色認定,角色认定,https://terms.naer.edu.tw/
9884,role overload,角色過荷；角色負荷過重,,https://terms.naer.edu.tw/
9885,role perception,角色知覺,角色知觉,https://terms.naer.edu.tw/
9886,role play,角色扮演,角色扮演,https://terms.naer.edu.tw/
9887,role play,角色扮演,,https://terms.naer.edu.tw/
9888,role playing method,角色扮演法,,https://terms.naer.edu.tw/
9889,roll planning method,滾動式規劃法,,https://terms.naer.edu.tw/
9890,rolled throughput yield {=RTY},滾動通過產出率,滚动通过产出率,https://terms.naer.edu.tw/
9891,rolling hedging,滾動式避險,滚动套期保值,https://terms.naer.edu.tw/
9892,rollover credit,展期信用,展期信用,https://terms.naer.edu.tw/
9893,rollover loan,展期貸款,展期贷款,https://terms.naer.edu.tw/
9894,Rorschach inkblot test,羅夏克墨漬測驗,,https://terms.naer.edu.tw/
9895,rotation,輪調,转换,https://terms.naer.edu.tw/
9896,rotation training,輪調訓練,轮岗培训,https://terms.naer.edu.tw/
9897,rough-cut capacity planning (RCCP)　,概略產能規劃,粗产能计划,https://terms.naer.edu.tw/
9898,round-tripping,借貸套利,借贷套利,https://terms.naer.edu.tw/
9899,roundabout trade,迂迴貿易,间接贸易,https://terms.naer.edu.tw/
9900,route 128,128公路區,128公路区,https://terms.naer.edu.tw/
9901,route sheets,途程單,,https://terms.naer.edu.tw/
9902,Router,路由器,路由器,https://terms.naer.edu.tw/
9903,routine,慣例；常規；例規,惯例,https://terms.naer.edu.tw/
9904,routine products,例行性產品,,https://terms.naer.edu.tw/
9905,Routineness,例行性,例行性,https://terms.naer.edu.tw/
9906,routing,作業途程,工艺路线,https://terms.naer.edu.tw/
9907,routing flexibility,途程彈性,路线变更柔性,https://terms.naer.edu.tw/
9908,royalty,權利金,专利权使用费,https://terms.naer.edu.tw/
9909,royalty rate,專利費率,专利税率,https://terms.naer.edu.tw/
9910,Rule base,規則庫,,https://terms.naer.edu.tw/
9911,Rule of Conciliation and Arbitration of the International Chamber of Commerce,國際商會調解與仲裁規則,国际商会仲裁庭调解与仲裁规则,https://terms.naer.edu.tw/
9912,Rule of International Maritime Arbitration,國際海事仲裁規則,国际海事仲裁规则,https://terms.naer.edu.tw/
9913,rule of non-discrimination,非歧視性原則,非歧视性原则,https://terms.naer.edu.tw/
9914,Rules Committee,法規委員會,,https://terms.naer.edu.tw/
9915,run-out time,非控時間,非控时间,https://terms.naer.edu.tw/
9916,rush order,緊急訂單,紧急订单,https://terms.naer.edu.tw/
9917,s-curve,S曲線,S曲线,https://terms.naer.edu.tw/
9918,S&P 500 Index,標準普爾500指數,,https://terms.naer.edu.tw/
9919,S&T industrial cluster,科技產業群聚；科技產業聚落,科技产业集聚,https://terms.naer.edu.tw/
9920,S&T management,科技管理,科技管理,https://terms.naer.edu.tw/
9921,sabotage,怠工,怠工,https://terms.naer.edu.tw/
9922,sabotage,怠工,,https://terms.naer.edu.tw/
9923,sacrifice-inducement,犧牲-誘因,,https://terms.naer.edu.tw/
9924,safeguard clause,保護條款,保护条款,https://terms.naer.edu.tw/
9925,safeguarding duty,保護性關稅,保护性关税,https://terms.naer.edu.tw/
9926,safety inventory　,安全存量；安全存貨,,https://terms.naer.edu.tw/
9927,safety lead time,安全前置時間,安全提前期,https://terms.naer.edu.tw/
9928,safety loading,保險費安全補貼,保险费率的安全补贴,https://terms.naer.edu.tw/
9929,safety need,安全需求；安全需要,安全需求,https://terms.naer.edu.tw/
9930,safety needs,安全需要；安全需求,,https://terms.naer.edu.tw/
9931,safety needs,安全需要；安全需求,,https://terms.naer.edu.tw/
9932,safety standard,安全標準,安全标准,https://terms.naer.edu.tw/
9933,safety stock,安全庫存；安全存量,安全库存量,https://terms.naer.edu.tw/
9934,salary,薪資,,https://terms.naer.edu.tw/
9935,salary continuation plans,薪水持續計畫,薪金持续方案,https://terms.naer.edu.tw/
9936,salary survey,薪資調查,薪资调查,https://terms.naer.edu.tw/
9937,salary survey,薪資調查,,https://terms.naer.edu.tw/
9938,salary-only plans,單一薪資計畫,单一薪资计划,https://terms.naer.edu.tw/
9939,salary-only plans,單一薪資計畫,,https://terms.naer.edu.tw/
9940,salary-plus-bonus plans,薪資加獎金計畫,,https://terms.naer.edu.tw/
9941,salary-plus-commission plans,薪資加傭金計畫,薪资佣金计划,https://terms.naer.edu.tw/
9942,sale allowance,銷售折讓,销售折让,https://terms.naer.edu.tw/
9943,sale and lease back,售後租回,售后租回,https://terms.naer.edu.tw/
9944,sale and leaseback,售後租回,售后回租型租赁,https://terms.naer.edu.tw/
9945,sale by installment,分期付款銷售,分期分批出售,https://terms.naer.edu.tw/
9946,sale by international standard,依國際標準銷售,凭国际标准销售,https://terms.naer.edu.tw/
9947,sale by proxy,代銷,代销,https://terms.naer.edu.tw/
9948,sale by sample,依樣品銷售,凭样品销售,https://terms.naer.edu.tw/
9949,sale by subscription,預約銷售,预约销售,https://terms.naer.edu.tw/
9950,sale by trademark,依商標銷售,凭商标销售,https://terms.naer.edu.tw/
9951,sale contract,銷售合約,销售合同,https://terms.naer.edu.tw/
9952,sale invoice,銷售發票,销售发票,https://terms.naer.edu.tw/
9953,sale on consignment,寄售,委托销售,https://terms.naer.edu.tw/
9954,sale to order (STO),接單銷售,按订单销售,https://terms.naer.edu.tw/
9955,sales account,銷貨帳戶,销货账户,https://terms.naer.edu.tw/
9956,sales agent,銷售代理商,,https://terms.naer.edu.tw/
9957,sales analysis,銷售分析,,https://terms.naer.edu.tw/
9958,sales commission,銷售佣金,销售佣金,https://terms.naer.edu.tw/
9959,sales contest,銷售競賽,,https://terms.naer.edu.tw/
9960,sales effect,銷售效果,,https://terms.naer.edu.tw/
9961,sales finance company,銷售融資公司,销售融资公司,https://terms.naer.edu.tw/
9962,sales finance institution,銷售融資機構,销售融资机构,https://terms.naer.edu.tw/
9963,sales force compensation,銷售團隊薪酬,,https://terms.naer.edu.tw/
9964,sales force management,銷售團隊,销售队伍管理,https://terms.naer.edu.tw/
9965,sales force promotion,銷售團隊促銷,,https://terms.naer.edu.tw/
9966,sales force structure,銷售團隊結構,,https://terms.naer.edu.tw/
9967,sales forecast,銷售預測,,https://terms.naer.edu.tw/
9968,sales goals,銷售目標,,https://terms.naer.edu.tw/
9969,sales information system,銷售資訊系統,,https://terms.naer.edu.tw/
9970,sales lead,銷售前導,,https://terms.naer.edu.tw/
9971,sales management,銷售管理,,https://terms.naer.edu.tw/
9972,sales on account,賒銷,赊销,https://terms.naer.edu.tw/
9973,sales on arrival,到貨後銷售,到货后稍售,https://terms.naer.edu.tw/
9974,sales on credit,賒銷,赊销,https://terms.naer.edu.tw/
9975,sales order,銷售訂單,销售定单,https://terms.naer.edu.tw/
9976,sales potential,銷售潛量,销售潜力,https://terms.naer.edu.tw/
9977,sales presentation,銷售簡報,,https://terms.naer.edu.tw/
9978,sales promotion,促銷活動,销售促进；销售推广；营业推广,https://terms.naer.edu.tw/
9979,sales quota,銷售額,销售定额,https://terms.naer.edu.tw/
9980,sales representative,銷售代表,,https://terms.naer.edu.tw/
9981,sales returns and allowances,銷售退貨及折讓,,https://terms.naer.edu.tw/
9982,sales territory,銷售地區；銷售區域,,https://terms.naer.edu.tw/
9983,sales wave research,銷售波動研究,,https://terms.naer.edu.tw/
9984,sales-driven philosophy,銷售驅動型哲學,,https://terms.naer.edu.tw/
9985,sales-oriented approach,銷售導向方法,,https://terms.naer.edu.tw/
9986,sales-response functions,銷售反應函數,,https://terms.naer.edu.tw/
9987,sales-variance analysis,銷售變異分析,,https://terms.naer.edu.tw/
9988,salutary product,有益的產品,有利产品,https://terms.naer.edu.tw/
9989,salvage value,殘值,清算价值,https://terms.naer.edu.tw/
9990,sample,樣本,,https://terms.naer.edu.tw/
9991,sample design error,樣本設計誤差,,https://terms.naer.edu.tw/
9992,sample export,樣品出口,样品出口,https://terms.naer.edu.tw/
9993,sample import,樣品進口,样品进口,https://terms.naer.edu.tw/
9994,sample offer,附樣報價,附样报盘,https://terms.naer.edu.tw/
9995,sample selection error,樣本選擇誤差,,https://terms.naer.edu.tw/
9996,sample size,樣本數,,https://terms.naer.edu.tw/
9997,sample statistic,樣本統計值,,https://terms.naer.edu.tw/
9998,sample survey,樣本調查,,https://terms.naer.edu.tw/
9999,sampling,抽樣,样品赠送促销,https://terms.naer.edu.tw/
10000,sampling by attributes,計數值抽樣,计数抽样,https://terms.naer.edu.tw/
10001,sampling by variables,計量值抽樣,计量抽样,https://terms.naer.edu.tw/
10002,sampling error,抽樣誤差,,https://terms.naer.edu.tw/
10003,sampling frame,抽樣構架,,https://terms.naer.edu.tw/
10004,sampling inspection,抽樣檢驗；選擇檢驗,,https://terms.naer.edu.tw/
10005,sampling plan,抽樣計畫；選擇計畫,,https://terms.naer.edu.tw/
10006,sampling scheme,抽樣計畫,抽样方案,https://terms.naer.edu.tw/
10007,sampling size,抽樣大小,样本大小,https://terms.naer.edu.tw/
10008,samurai bond,武士債券,武士债券,https://terms.naer.edu.tw/
10009,sandwich technique,三明治技術,三明治技术,https://terms.naer.edu.tw/
10010,sanitary custom-house regulation,海關檢疫條例,海关检疫条例,https://terms.naer.edu.tw/
10011,sanitary fee,檢疫費,检疫费,https://terms.naer.edu.tw/
10012,satisfaction type decision,滿意型決策,,https://terms.naer.edu.tw/
10013,satisficing decision model,滿意決策模式；滿意決策模型,满意决策模型,https://terms.naer.edu.tw/
10014,satisficing solution,滿意解,满意解,https://terms.naer.edu.tw/
10015,satisfiers,滿足因子,,https://terms.naer.edu.tw/
10016,saving,儲蓄,储蓄存款,https://terms.naer.edu.tw/
10017,saving clause,保留條款,保留条款,https://terms.naer.edu.tw/
10018,savings account,儲蓄存款帳,储蓄账户,https://terms.naer.edu.tw/
10019,savings bank,儲蓄銀行,储蓄银行,https://terms.naer.edu.tw/
10020,savings bank,儲蓄銀行,储蓄银行,https://terms.naer.edu.tw/
10021,savings deposit certificate,儲蓄存單,储蓄存单,https://terms.naer.edu.tw/
10022,savings institutions,儲蓄機構,储蓄机构,https://terms.naer.edu.tw/
10023,savings ratio,儲蓄率,储蓄率,https://terms.naer.edu.tw/
10024,Scalability,可伸縮性,可伸缩性,https://terms.naer.edu.tw/
10025,scalar chain,層次鏈；等級鏈,,https://terms.naer.edu.tw/
10026,scalar principle,層級原則；梯型層級原則,,https://terms.naer.edu.tw/
10027,scale  diseconomies,規模不經濟,,https://terms.naer.edu.tw/
10028,scale measurement,量表衡量,,https://terms.naer.edu.tw/
10029,scale of entry,進入規模,,https://terms.naer.edu.tw/
10030,scale reliability,量表信度,,https://terms.naer.edu.tw/
10031,scaling,尺度,尺度,https://terms.naer.edu.tw/
10032,Scanlon plan,史坎隆計畫,斯坎伦计划,https://terms.naer.edu.tw/
10033,scanner,掃描器,,https://terms.naer.edu.tw/
10034,scatter diagram,散佈圖,,https://terms.naer.edu.tw/
10035,scatter plot,散佈圖,散点图；散布图,https://terms.naer.edu.tw/
10036,scenario,劇本,,https://terms.naer.edu.tw/
10037,scenario analysis,情境分析,情境分析,https://terms.naer.edu.tw/
10038,scenario planning,情境規劃；預測,,https://terms.naer.edu.tw/
10039,schedule,作業計劃,作业计划；日程表,https://terms.naer.edu.tw/
10040,schedule chart,作業計畫圖,作业计划图,https://terms.naer.edu.tw/
10041,schedule of capital,資本明細表,资本明细表,https://terms.naer.edu.tw/
10042,schedule of concession,關稅減讓表,关税减让表,https://terms.naer.edu.tw/
10043,schedule of insurance,保險費期程表,保险项目表,https://terms.naer.edu.tw/
10044,schedule of tax,稅率表,税率表,https://terms.naer.edu.tw/
10045,scheduled downtime,計畫停工期,计划停工期,https://terms.naer.edu.tw/
10046,scheduling,排程,排程；编作业计划；编日程表,https://terms.naer.edu.tw/
10047,scheduling and sequencing 　,排程與排序,,https://terms.naer.edu.tw/
10048,scheduling rules,排程規則,排程规则,https://terms.naer.edu.tw/
10049,schema,基模,图式,https://terms.naer.edu.tw/
10050,science,科學,科学,https://terms.naer.edu.tw/
10051,Science and Technology Basic Law (1999),科學技術基本法,,https://terms.naer.edu.tw/
10052,science and technology parks,科技園,大学科技园,https://terms.naer.edu.tw/
10053,science and technology policies,科技政策,科技政策,https://terms.naer.edu.tw/
10054,science and technology relating to the people's livelihood,民生科技,民生科技,https://terms.naer.edu.tw/
10055,science and technology service,科技服務業,科技服务业,https://terms.naer.edu.tw/
10056,science and technology service agency,科技服務機構；科技仲介服務機構,科技中介；科技中介服务机构,https://terms.naer.edu.tw/
10057,science and technology support program,科技支撐計畫,科技支撑计划,https://terms.naer.edu.tw/
10058,science foundation,科學基金會,科学基金,https://terms.naer.edu.tw/
10059,science of policies,政策科學,政策科学；政策分析,https://terms.naer.edu.tw/
10060,science of technology,技術科學,技术科学,https://terms.naer.edu.tw/
10061,science policies,科學政策,科学政策,https://terms.naer.edu.tw/
10062,science-based industrial park,科學園區,,https://terms.naer.edu.tw/
10063,science-based innovation,科學基礎的創新,基于科学的创新,https://terms.naer.edu.tw/
10064,scientific and technological achievements,科技成果,科技成果,https://terms.naer.edu.tw/
10065,scientific community,科學社群,科学共同体,https://terms.naer.edu.tw/
10066,scientific decision making,科學決策,,https://terms.naer.edu.tw/
10067,scientific management　,科學管理,,https://terms.naer.edu.tw/
10068,scientific management theory,科學管理理論,,https://terms.naer.edu.tw/
10069,Scientific metrology,網路計量學,网络计量学,https://terms.naer.edu.tw/
10070,scientific revolution,科學革命,科学革命,https://terms.naer.edu.tw/
10071,scientology / science of science/ science studies,科學學,科学学；科学的科学,https://terms.naer.edu.tw/
10072,scrambled merchandising,商品混搭,,https://terms.naer.edu.tw/
10073,scrap,報廢,报废,https://terms.naer.edu.tw/
10074,scrap and rework　,報廢與重工；報廢與重做,,https://terms.naer.edu.tw/
10075,screening experiment,篩選實驗,筛选实验,https://terms.naer.edu.tw/
10076,screening questions,過濾式問題,,https://terms.naer.edu.tw/
10077,SDI Service,定題服務,定题服务,https://terms.naer.edu.tw/
10078,sea damage,海損,海损,https://terms.naer.edu.tw/
10079,sea damage terms,海損條款,海损条款,https://terms.naer.edu.tw/
10080,sealed tender,封籤投標,密封通价投标,https://terms.naer.edu.tw/
10081,sealed-bid auctions,封籤拍賣,,https://terms.naer.edu.tw/
10082,search,尋找{動素種類之一},寻找,https://terms.naer.edu.tw/
10083,search engine,搜尋引擎,,https://terms.naer.edu.tw/
10084,search engine marketing {=SEM},搜尋引擊行銷,,https://terms.naer.edu.tw/
10085,search qualities,搜尋品質,,https://terms.naer.edu.tw/
10086,Searching Costs,搜尋成本,信息搜寻成本,https://terms.naer.edu.tw/
10087,seasonal discount,季節折扣,季节折扣,https://terms.naer.edu.tw/
10088,seasonal duty,季節性關稅,季节性关税,https://terms.naer.edu.tw/
10089,seasonal inventory,季節性存貨,季节性库存,https://terms.naer.edu.tw/
10090,seasonal tariff,季節性關稅,季节性关税,https://terms.naer.edu.tw/
10091,seasoned equity offering,股票增資,股权再融资,https://terms.naer.edu.tw/
10092,SECI model,知識轉化模型,知识转化模型,https://terms.naer.edu.tw/
10093,second [bill] of exchange,匯票副本,第二联汇票；汇票副本,https://terms.naer.edu.tw/
10094,second beneficiary,第二受益人,第二受益人,https://terms.naer.edu.tw/
10095,second degree stochastic monotonic dominance,二階隨機單調優勢,二阶单调随机占优,https://terms.naer.edu.tw/
10096,second market,第二市場,二级市场,https://terms.naer.edu.tw/
10097,second mortgage lending,第二順位抵押貸款,间接抵押贷款,https://terms.naer.edu.tw/
10098,second mover,跟進著,,https://terms.naer.edu.tw/
10099,second order stochastic dominance,二階隨機優勢,二阶随机占优,https://terms.naer.edu.tw/
10100,second party audit,第二方稽核,第二方审核,https://terms.naer.edu.tw/
10101,second tier capital,次級資本,二级资本,https://terms.naer.edu.tw/
10102,second unpaid,未兌付匯票副本,副本未兑付,https://terms.naer.edu.tw/
10103,secondary bank,準銀行,二级银行,https://terms.naer.edu.tw/
10104,secondary bond market,次級債券市場,二级债券市场,https://terms.naer.edu.tw/
10105,secondary cash reserve,第二現金準備,二级现金储备,https://terms.naer.edu.tw/
10106,secondary credit,轉開信用狀,从属信用证,https://terms.naer.edu.tw/
10107,secondary data,次級資料,,https://terms.naer.edu.tw/
10108,Secondary document,二次文獻,二次文献,https://terms.naer.edu.tw/
10109,secondary factor,次要因子,次要因素,https://terms.naer.edu.tw/
10110,secondary group,次級群體,,https://terms.naer.edu.tw/
10111,secondary information,次級資訊,,https://terms.naer.edu.tw/
10112,secondary innovation,二次創新,二次创新；引进消化吸收再创新,https://terms.naer.edu.tw/
10113,secondary liquid asset,次級流動資產,次级流动资产,https://terms.naer.edu.tw/
10114,secondary market,次級市場,二级市场,https://terms.naer.edu.tw/
10115,secondary market,次級市場,二级市场,https://terms.naer.edu.tw/
10116,secondary mortgage market,次級抵押市場,二级抵押市场,https://terms.naer.edu.tw/
10117,secondary reserve,第二準備金,二级准备金,https://terms.naer.edu.tw/
10118,Secondary source,次級來源,感知信息,https://terms.naer.edu.tw/
10119,secret reserve,秘密準備金,秘密准备金,https://terms.naer.edu.tw/
10120,sectoral innovation system,部門創新系統；產業創新系統,部门创新体系,https://terms.naer.edu.tw/
10121,Secure electronic transaction (SET),安全電子交易,安全电子交易,https://terms.naer.edu.tw/
10122,Secure electronic transaction protocol (SET),安全電子交易協定,安全电子交易协议,https://terms.naer.edu.tw/
10123,Secure socket layer (SSL),安全套接層,安全插槽层,https://terms.naer.edu.tw/
10124,secured account,擔保帳戶,担保账户,https://terms.naer.edu.tw/
10125,secured bill,擔保票據,有担保的票据,https://terms.naer.edu.tw/
10126,secured bond,擔保債券,担保债券,https://terms.naer.edu.tw/
10127,secured bond,擔保債券,,https://terms.naer.edu.tw/
10128,secured claim,擔保債權,有担保的债权,https://terms.naer.edu.tw/
10129,secured credit,擔保信貸,担保信贷,https://terms.naer.edu.tw/
10130,secured creditor,擔保債權人,担保债权人,https://terms.naer.edu.tw/
10131,secured debenture,擔保債券,有担保的债券,https://terms.naer.edu.tw/
10132,secured debt,擔保債務,有担保的债务,https://terms.naer.edu.tw/
10133,secured letter of credit,擔保信用狀,有担保信用证,https://terms.naer.edu.tw/
10134,secured loan,擔保貸款,担保贷款,https://terms.naer.edu.tw/
10135,secured note,擔保票據,有担保的期票,https://terms.naer.edu.tw/
10136,secured transaction,擔保交易,担保交易,https://terms.naer.edu.tw/
10137,securities,證券,证券,https://terms.naer.edu.tw/
10138,Securities and Exchange Commission {=SEC},美國證券管理委員會,,https://terms.naer.edu.tw/
10139,securities characteristic line、 SCL,證券特徵線,证券特征线,https://terms.naer.edu.tw/
10140,securities company,證券公司,证券公司,https://terms.naer.edu.tw/
10141,securities company,證券公司,证券公司,https://terms.naer.edu.tw/
10142,securities exchange tax,證券交易稅,证券交易税,https://terms.naer.edu.tw/
10143,securities financing,證券融資,证券信用交易,https://terms.naer.edu.tw/
10144,securities financing,證券融資,证券融资,https://terms.naer.edu.tw/
10145,securities index fund,證券指數基金,证券指数基金,https://terms.naer.edu.tw/
10146,securities market,證券市場,证券市场,https://terms.naer.edu.tw/
10147,securities portfolio,證券投資組合,证券组合,https://terms.naer.edu.tw/
10148,securities transaction tax,證券交易稅,证券交易税,https://terms.naer.edu.tw/
10149,security,安全性,安全性,https://terms.naer.edu.tw/
10150,security capital,安全資本,低风险资本,https://terms.naer.edu.tw/
10151,security certification,安全認證,安全认证,https://terms.naer.edu.tw/
10152,security deposit,證券保管,担保押金,https://terms.naer.edu.tw/
10153,security market,證券市場,证券市场,https://terms.naer.edu.tw/
10154,security market line {=SML},證券市場線,,https://terms.naer.edu.tw/
10155,security needs,安全需要,,https://terms.naer.edu.tw/
10156,Security protocol,安全協定,安全协议,https://terms.naer.edu.tw/
10157,segment,區隔,,https://terms.naer.edu.tw/
10158,segment market,區隔市場,细分市场,https://terms.naer.edu.tw/
10159,segmentation,區隔,,https://terms.naer.edu.tw/
10160,segmentation basis,區隔化基礎,,https://terms.naer.edu.tw/
10161,segmentation criteria,區隔化要件,,https://terms.naer.edu.tw/
10162,segmented pricing,區隔化訂價法,细分定价,https://terms.naer.edu.tw/
10163,"segmenting, targeting, and positioning {=STP}",市場區隔，選擇目標市場，定位；區隔，目標，定位行銷,,https://terms.naer.edu.tw/
10164,seized goods,[海關]扣押貨物,[海关]扣押货物,https://terms.naer.edu.tw/
10165,seizure of property,扣押財產,扣押财产,https://terms.naer.edu.tw/
10166,select,選擇{動素種類之一},选择,https://terms.naer.edu.tw/
10167,selection,甄選,选拔,https://terms.naer.edu.tw/
10168,Selection and acquisition,文獻採訪,文献采访,https://terms.naer.edu.tw/
10169,selection bias,選擇偏差,,https://terms.naer.edu.tw/
10170,selection decision,甄選決策,选拔决策,https://terms.naer.edu.tw/
10171,selection process,甄選程序,,https://terms.naer.edu.tw/
10172,selection ratio,甄選率；甄選比率,选拔率,https://terms.naer.edu.tw/
10173,selective advertising,選擇性廣告,,https://terms.naer.edu.tw/
10174,selective attention,選擇性注意,,https://terms.naer.edu.tw/
10175,selective coding,選擇性編碼,,https://terms.naer.edu.tw/
10176,selective credit control,選擇性信用管制,选择性信用控制,https://terms.naer.edu.tw/
10177,selective credit control,選擇性信用管制,选择性的信贷控制,https://terms.naer.edu.tw/
10178,Selective dissemination of information,定題情報服務,定题情报服务,https://terms.naer.edu.tw/
10179,selective distortion,選擇性扭曲,,https://terms.naer.edu.tw/
10180,selective distribution,選擇性配銷；選擇式分配,,https://terms.naer.edu.tw/
10181,selective exposure,選擇性展露,,https://terms.naer.edu.tw/
10182,selective hiring,嚴謹性選才,选择性聘用,https://terms.naer.edu.tw/
10183,selective perception,選擇性知覺,,https://terms.naer.edu.tw/
10184,selective quota,選擇性配額,选择性配额,https://terms.naer.edu.tw/
10185,selective retention,選擇性保留,,https://terms.naer.edu.tw/
10186,self concept,自我概念,,https://terms.naer.edu.tw/
10187,self regulation,自我規範,,https://terms.naer.edu.tw/
10188,self schema,自我基模,自我图式,https://terms.naer.edu.tw/
10189,self selection,自我選擇,,https://terms.naer.edu.tw/
10190,self service,自助,自助服务,https://terms.naer.edu.tw/
10191,self-actualization,自我實現,自我实现,https://terms.naer.edu.tw/
10192,self-actualization,自我實現,,https://terms.naer.edu.tw/
10193,self-actualization need,自我實現需求；自我實現需要,自我实现需要,https://terms.naer.edu.tw/
10194,self-actualization needs,自我實現需要；自我實現需求,,https://terms.naer.edu.tw/
10195,Self-adaptation,自我調整性,自我调整性,https://terms.naer.edu.tw/
10196,self-administered survey,自行填答調查,,https://terms.naer.edu.tw/
10197,self-appraisals method,自我評估法；自我評核法,自我评估法；自我评核法,https://terms.naer.edu.tw/
10198,self-assessment,自我評估,自我评价,https://terms.naer.edu.tw/
10199,self-assessment system,自行估稅制,自行估税制,https://terms.naer.edu.tw/
10200,self-assurance,自信,,https://terms.naer.edu.tw/
10201,self-attribution,自我歸因,自我归因,https://terms.naer.edu.tw/
10202,self-awareness,自覺,,https://terms.naer.edu.tw/
10203,self-balancing act of exchange rate,[匯率的]自動平衡條例,[汇率的]自动平衡条例,https://terms.naer.edu.tw/
10204,self-balancing ledger,自動平衡分類帳,自动平衡分类账,https://terms.naer.edu.tw/
10205,self-control,自我控制,自我控制,https://terms.naer.edu.tw/
10206,self-defense,自衛,,https://terms.naer.edu.tw/
10207,self-development,自我發展,自我发展,https://terms.naer.edu.tw/
10208,self-directed,自我導向,,https://terms.naer.edu.tw/
10209,self-directed search,自我探索量表,自我导向搜寻量表,https://terms.naer.edu.tw/
10210,self-directed search{=SDS},自我導向搜尋,,https://terms.naer.edu.tw/
10211,self-directed team,自主團隊,,https://terms.naer.edu.tw/
10212,self-disclosure,自我揭露,自我揭露,https://terms.naer.edu.tw/
10213,self-efficacy,自我效能；自我勝任感,自我效能感,https://terms.naer.edu.tw/
10214,self-esteem,自尊,自尊,https://terms.naer.edu.tw/
10215,self-esteem needs,自尊需要；自尊需求,,https://terms.naer.edu.tw/
10216,self-financing,自籌資金,,https://terms.naer.edu.tw/
10217,self-financing project,自籌資金計畫,自筹资金项目,https://terms.naer.edu.tw/
10218,self-fulfilling prophecy,自我應驗的預言；自驗成真的預言,自我应验的预言；自验成真的预言,https://terms.naer.edu.tw/
10219,self-leadership,自我領導,自我领导,https://terms.naer.edu.tw/
10220,self-liquidating financing,自償性融資,自偿性融资,https://terms.naer.edu.tw/
10221,self-liquidating financing,自償性融資,自动清偿性融资,https://terms.naer.edu.tw/
10222,self-liquidating loan,自償性貸款,自动清偿性贷款,https://terms.naer.edu.tw/
10223,self-liquidating paper,自償性票據,自动清偿性票据,https://terms.naer.edu.tw/
10224,self-liquidating security,自償性證券,自动清偿性证券,https://terms.naer.edu.tw/
10225,self-management,自我管理,自我管理,https://terms.naer.edu.tw/
10226,self-management,自我管理,,https://terms.naer.edu.tw/
10227,self-management team,自我管理團隊,自我管理团队,https://terms.naer.edu.tw/
10228,self-monitoring,自我偵測,,https://terms.naer.edu.tw/
10229,self-motivation,自我激勵,,https://terms.naer.edu.tw/
10230,Self-organizing system,自組織系統,自组织系统,https://terms.naer.edu.tw/
10231,self-owned brand,自有品牌,自主品牌,https://terms.naer.edu.tw/
10232,self-perception theory,自我知覺理論,自我知觉理论,https://terms.naer.edu.tw/
10233,self-realization man hypothesis,自我實現人假設,,https://terms.naer.edu.tw/
10234,self-realization need,自我實現需要；自我實現需求,,https://terms.naer.edu.tw/
10235,self-reinforcement,自我強化；自我增強,自我强化；自我增强,https://terms.naer.edu.tw/
10236,self-service retailing,自助式零售,,https://terms.naer.edu.tw/
10237,self-serving bias,自利偏差,,https://terms.naer.edu.tw/
10238,sell and leaseback agreement,售後租回合約,售后租回合约,https://terms.naer.edu.tw/
10239,sell short,賣空,卖空,https://terms.naer.edu.tw/
10240,sell-off,出售,分拆,https://terms.naer.edu.tw/
10241,seller-consignor,賣方發貨人,卖方发货人,https://terms.naer.edu.tw/
10242,seller's market,賣方市場,卖方市场,https://terms.naer.edu.tw/
10243,seller’s lien,賣方留置權,卖方留置权,https://terms.naer.edu.tw/
10244,seller’s option,賣方選擇權,卖方选择权,https://terms.naer.edu.tw/
10245,seller’s option to double {=SOD},雙倍的賣方選擇權,卖方加倍权,https://terms.naer.edu.tw/
10246,sellers market,賣方市場,,https://terms.naer.edu.tw/
10247,selling,銷售,,https://terms.naer.edu.tw/
10248,selling agent,銷售代理商,,https://terms.naer.edu.tw/
10249,selling concept,銷售觀念,推销观念,https://terms.naer.edu.tw/
10250,selling offer,售貨報價,销售要约,https://terms.naer.edu.tw/
10251,selling short,賣空,卖空,https://terms.naer.edu.tw/
10252,selling syndicate,銷售集團,销售辛迪加,https://terms.naer.edu.tw/
10253,semantic differential,語意差異法,,https://terms.naer.edu.tw/
10254,semi-annual coupon,半年期息票,半年息券,https://terms.naer.edu.tw/
10255,semi-annual dividend,半年期股息,半年期股息,https://terms.naer.edu.tw/
10256,semi-annual premium,半年期保險費,半年期保险费,https://terms.naer.edu.tw/
10257,Semi-programmed decision,半程式化決策,半程序化决策,https://terms.naer.edu.tw/
10258,semi-strong-form efficiency,半強式效率,半强有效,https://terms.naer.edu.tw/
10259,Semi-structured data,半結構化資料,半结构化数据,https://terms.naer.edu.tw/
10260,semi-structured interview,半結構式面談,,https://terms.naer.edu.tw/
10261,Semi-structured problem,半結構化問題,半结构化问题,https://terms.naer.edu.tw/
10262,semiannual compounding,每半年複利,,https://terms.naer.edu.tw/
10263,sender,發訊者,,https://terms.naer.edu.tw/
10264,senior bond,優先債券,优先债券,https://terms.naer.edu.tw/
10265,senior bond,優先債券,优先债券,https://terms.naer.edu.tw/
10266,senior interest,優先權益,优先权益,https://terms.naer.edu.tw/
10267,senior issue,優先股,优先股发行,https://terms.naer.edu.tw/
10268,senior lien,優先留置權,优先留置权,https://terms.naer.edu.tw/
10269,senior mortgage,優先抵押,优先抵押,https://terms.naer.edu.tw/
10270,senior stock,優先股,优先股票,https://terms.naer.edu.tw/
10271,seniority of debt,債務優先權,债务优先权,https://terms.naer.edu.tw/
10272,seniority pay,年功薪資,资历工资,https://terms.naer.edu.tw/
10273,seniority wage system,年資敍薪制,,https://terms.naer.edu.tw/
10274,sensitive item,敏感品項,[关税及贸易总协定]敏感项目,https://terms.naer.edu.tw/
10275,sensitive item clause,[關稅及貿易總協定]敏感品項條款,[关税及贸易总协定]敏感品目条款,https://terms.naer.edu.tw/
10276,sensitivity analysis,敏感度分析,,https://terms.naer.edu.tw/
10277,sensitivity training,敏感度訓練,敏感性训练,https://terms.naer.edu.tw/
10278,sensitivity training,敏感度訓練,,https://terms.naer.edu.tw/
10279,sensory attribute,感知屬性,感知属性,https://terms.naer.edu.tw/
10280,sensory memory,感官記憶,感官记忆,https://terms.naer.edu.tw/
10281,sensory test,感官測試,感官检验；官能检验,https://terms.naer.edu.tw/
10282,sentence completion test,語句完成測驗；完句測驗,,https://terms.naer.edu.tw/
10283,sequence bias,次序偏差,,https://terms.naer.edu.tw/
10284,Sequence diagram,時序圖,时序图,https://terms.naer.edu.tw/
10285,sequencing,排序,排序,https://terms.naer.edu.tw/
10286,Sequential file organization,循序檔案組織,顺序文件组织,https://terms.naer.edu.tw/
10287,sequential game,依序賽局,,https://terms.naer.edu.tw/
10288,sequential interdependence,序列式相依,,https://terms.naer.edu.tw/
10289,sequential ranking method,順序排列法,顺序排列法,https://terms.naer.edu.tw/
10290,sequential sampling,順序抽樣；逐次抽樣,序贯抽样,https://terms.naer.edu.tw/
10291,sequential test,順序測試,序贯实验,https://terms.naer.edu.tw/
10292,sequential trade model,序貫交易模型,序贯交易模型,https://terms.naer.edu.tw/
10293,serendipitous innovation,偶發性創新,偶发性创新,https://terms.naer.edu.tw/
10294,serial bond,分次償還債券,系列债券,https://terms.naer.edu.tw/
10295,serial movement,序列移動,顺序移动；成批移动,https://terms.naer.edu.tw/
10296,serial organization model,串列組織模式,串行组织模式,https://terms.naer.edu.tw/
10297,serial product design,序列式產品設計,串行式产品设计方法,https://terms.naer.edu.tw/
10298,servant leadership,僕人式領導,公仆型领导,https://terms.naer.edu.tw/
10299,Server,伺服器,服务器,https://terms.naer.edu.tw/
10300,Server architecture,主從架構,主从结构,https://terms.naer.edu.tw/
10301,service,服務,,https://terms.naer.edu.tw/
10302,service blueprint,服務藍圖,服务蓝图,https://terms.naer.edu.tw/
10303,service center,服務中心,服务中心,https://terms.naer.edu.tw/
10304,service channel,服務管道,,https://terms.naer.edu.tw/
10305,service corps of retired executives{=SCORE},退休主管服務團隊,,https://terms.naer.edu.tw/
10306,Service Costs,服務成本,服务成本,https://terms.naer.edu.tw/
10307,Service Dominant Logic (SDL),服務主導邏輯,,https://terms.naer.edu.tw/
10308,service facilities　,服務設施,,https://terms.naer.edu.tw/
10309,service failure,服務失誤,服务失误；服务失败,https://terms.naer.edu.tw/
10310,service import,勞務進口,劳务进口,https://terms.naer.edu.tw/
10311,service industry,服務業,服务业,https://terms.naer.edu.tw/
10312,service innovation,服務創新,服务创新,https://terms.naer.edu.tw/
10313,service lease,服務性租賃,服务性租赁,https://terms.naer.edu.tw/
10314,service life,使用壽命,使用寿命,https://terms.naer.edu.tw/
10315,Service Oriented Architecture (SOA),服務導向架構,,https://terms.naer.edu.tw/
10316,service output levels,服務產出水準,,https://terms.naer.edu.tw/
10317,service outsourcing,服務外包,服务外包,https://terms.naer.edu.tw/
10318,service package,服務包；服務組合,服务包,https://terms.naer.edu.tw/
10319,service provider,服務提供者,服务提供者,https://terms.naer.edu.tw/
10320,service quality,服務品質,服务质量量表,https://terms.naer.edu.tw/
10321,service quality,服務品質,服务质量,https://terms.naer.edu.tw/
10322,service recovery,服務補救,服务补救,https://terms.naer.edu.tw/
10323,service reliability,服務可靠性,服务可靠性,https://terms.naer.edu.tw/
10324,Service Science,服務科學,,https://terms.naer.edu.tw/
10325,service security,服務安全性,服务安全性,https://terms.naer.edu.tw/
10326,service support performance,服務支持性,服务支持性,https://terms.naer.edu.tw/
10327,service system　,服務系統,,https://terms.naer.edu.tw/
10328,service utility,服務效用,,https://terms.naer.edu.tw/
10329,service value,服務價值,服务价值,https://terms.naer.edu.tw/
10330,Service-Oriented,服務導向,,https://terms.naer.edu.tw/
10331,service-profit chain,服務-利潤鏈,服务-利润链,https://terms.naer.edu.tw/
10332,services differentiation,服務差異化,服务差异化,https://terms.naer.edu.tw/
10333,set bill,成套匯票,成套汇票,https://terms.naer.edu.tw/
10334,set of bill of lading {=set of B/L},成套提單,整套提单,https://terms.naer.edu.tw/
10335,set-up　,整備,,https://terms.naer.edu.tw/
10336,settlement,結算,清算,https://terms.naer.edu.tw/
10337,settlement account,結算帳戶,结算,https://terms.naer.edu.tw/
10338,settlement by acceptance,承兌結算,承兑结算,https://terms.naer.edu.tw/
10339,settlement currency,結算貨幣,结算货币,https://terms.naer.edu.tw/
10340,settlement fund,結算資金,结算资金,https://terms.naer.edu.tw/
10341,settlement in cash,現金結算,现金结算,https://terms.naer.edu.tw/
10342,settlement of balance,結清餘額,结清余额,https://terms.naer.edu.tw/
10343,settlement of exchange,結匯,结汇,https://terms.naer.edu.tw/
10344,settlement of international transaction,國際交易結算,国际间交易的结算,https://terms.naer.edu.tw/
10345,settlement price,結算價格,结算价格,https://terms.naer.edu.tw/
10346,setup cost,設置成本,,https://terms.naer.edu.tw/
10347,setup time,整備時間,调整准备时间,https://terms.naer.edu.tw/
10348,severity rate,嚴重率,,https://terms.naer.edu.tw/
10349,sex-role stereotyping,性別角色刻版印象,性别角色刻版印象,https://terms.naer.edu.tw/
10350,sexual harassment,性騷擾,性骚扰,https://terms.naer.edu.tw/
10351,sexual harassment,性騷擾,,https://terms.naer.edu.tw/
10352,shadow exchange rate,影子匯率,影子汇率,https://terms.naer.edu.tw/
10353,Shanghai Composite Index,上證綜合指數,上证综合指数,https://terms.naer.edu.tw/
10354,Shanghai Shenzhen 300 Index,滬深300指數,沪深300指数,https://terms.naer.edu.tw/
10355,shape of the yield curve,殖利率曲線形狀,,https://terms.naer.edu.tw/
10356,shaping behavior,塑造行為,,https://terms.naer.edu.tw/
10357,share capital,股份資本,股份资本,https://terms.naer.edu.tw/
10358,share dividend,股利,股利,https://terms.naer.edu.tw/
10359,share holding banking system,控股銀行制度,控股银行制度,https://terms.naer.edu.tw/
10360,share holding ratio,持股比率,持股比率,https://terms.naer.edu.tw/
10361,share of advertising expenditure,廣告支出比率,,https://terms.naer.edu.tw/
10362,share of heart,心占率,,https://terms.naer.edu.tw/
10363,share of market,市占率,,https://terms.naer.edu.tw/
10364,share of mind,心占率,心理份额,https://terms.naer.edu.tw/
10365,share of shelf,貨架占有率,货架份额,https://terms.naer.edu.tw/
10366,share option,股票選擇權,任选股权,https://terms.naer.edu.tw/
10367,share premium,股票溢價,股票发行溢价,https://terms.naer.edu.tw/
10368,share quotation,股票報價,股票牌价,https://terms.naer.edu.tw/
10369,Shareability,共用性,共享性,https://terms.naer.edu.tw/
10370,Shared Currency Option Under Tender,投資中的外幣選擇權,投资中的分享外币期权,https://terms.naer.edu.tw/
10371,shared leadership,分享式領導,,https://terms.naer.edu.tw/
10372,shared mental model,共享心智模式；共享心智模型,,https://terms.naer.edu.tw/
10373,shared vision,共同願景,,https://terms.naer.edu.tw/
10374,sharing of value activity,價值活動的共享,,https://terms.naer.edu.tw/
10375,Sharpe ratio,Sharpe比率,夏普比率,https://terms.naer.edu.tw/
10376,sheltered trade,受保護貿易,受保护贸易,https://terms.naer.edu.tw/
10377,Shenzhen stock exchange Component Index,深圳成分指數,深圳成分指数,https://terms.naer.edu.tw/
10378,shift transfer,輪班調動,轮班调动,https://terms.naer.edu.tw/
10379,shifting of tariff,關稅轉嫁,关税转嫁,https://terms.naer.edu.tw/
10380,shipped bill of lading {=shipped B/L},裝運提單,已装船提单,https://terms.naer.edu.tw/
10381,shipper’s endorsement,發貨人背書,发货人背书,https://terms.naer.edu.tw/
10382,shipper’s export declaration,發貨人出口申報單,托运人出口报关清单,https://terms.naer.edu.tw/
10383,shipping costs,運送成本,,https://terms.naer.edu.tw/
10384,shipping package,運送包裝,,https://terms.naer.edu.tw/
10385,shipping point,起運點,发运点,https://terms.naer.edu.tw/
10386,shop floor control,現場控制,现场控制,https://terms.naer.edu.tw/
10387,shop floor control (SFC)　,現場監控,,https://terms.naer.edu.tw/
10388,shop order　,工令,,https://terms.naer.edu.tw/
10389,Shopbot,購物代理,购物代理,https://terms.naer.edu.tw/
10390,shopping center,購物中心,购物中心,https://terms.naer.edu.tw/
10391,shopping goods,選購品,,https://terms.naer.edu.tw/
10392,shopping goods and services,選購品和服務,,https://terms.naer.edu.tw/
10393,shore clause,陸上危險承保條款,靠岸条款,https://terms.naer.edu.tw/
10394,short bill,短期匯票,短期汇票,https://terms.naer.edu.tw/
10395,short bond,短期債券,短期债券,https://terms.naer.edu.tw/
10396,short coupon,短期息票,短期息票,https://terms.naer.edu.tw/
10397,short hedging,空頭避險,空头套期保值,https://terms.naer.edu.tw/
10398,short interest,賣空股份,[股份和贷款]空头,https://terms.naer.edu.tw/
10399,short loan,短期借款,短期借款,https://terms.naer.edu.tw/
10400,Short message,簡訊,,https://terms.naer.edu.tw/
10401,Short message service {=SMS},簡訊服務,,https://terms.naer.edu.tw/
10402,short period dumping,短期傾銷,短期倾销,https://terms.naer.edu.tw/
10403,short position,空頭部位,空头,https://terms.naer.edu.tw/
10404,short straddle,放空跨式部位,,https://terms.naer.edu.tw/
10405,short-dated business,短期交易,短期交易,https://terms.naer.edu.tw/
10406,short-range planning,短期規劃,,https://terms.naer.edu.tw/
10407,short-term asset,短期資產,短期资产,https://terms.naer.edu.tw/
10408,short-term bill,短期匯票,短期汇票,https://terms.naer.edu.tw/
10409,short-term bond,短期債券,短期公债,https://terms.naer.edu.tw/
10410,short-term capital,短期資本,短期资本,https://terms.naer.edu.tw/
10411,short-term capital gain and loss,短期資本損益,短期资本损益,https://terms.naer.edu.tw/
10412,short-term capital market,短期資本市場,短期资本市场,https://terms.naer.edu.tw/
10413,short-term claim,短期債權,短期债权,https://terms.naer.edu.tw/
10414,short-term credit,短期信貸,短期信贷,https://terms.naer.edu.tw/
10415,short-term debt,短期債務,短期债务,https://terms.naer.edu.tw/
10416,short-term financing,短期融資,,https://terms.naer.edu.tw/
10417,short-term forecast,短期預測,,https://terms.naer.edu.tw/
10418,short-term interest rate,短期利率,短期利率,https://terms.naer.edu.tw/
10419,short-term investment,短期投資,短期投资,https://terms.naer.edu.tw/
10420,short-term liability,短期負債,短期负债,https://terms.naer.edu.tw/
10421,short-term loan,短期貸款,短期贷款,https://terms.naer.edu.tw/
10422,short-term memory,短期記憶,短期记忆,https://terms.naer.edu.tw/
10423,short-term money rate,短期貨幣利率,短期货币利率,https://terms.naer.edu.tw/
10424,short-term orientation,短期導向,短期导向,https://terms.naer.edu.tw/
10425,short-term plan,短期計畫,,https://terms.naer.edu.tw/
10426,short-term production planning,短期生產規劃,短期生产计划,https://terms.naer.edu.tw/
10427,short-term security,短期證券,短期有价证券,https://terms.naer.edu.tw/
10428,shortage cost　,缺貨成本；短缺成本,,https://terms.naer.edu.tw/
10429,shortest processing time {=SPT}　,最短處理時間法則,最短加工时间规则,https://terms.naer.edu.tw/
10430,shout option,喊價選擇權,呼叫期权,https://terms.naer.edu.tw/
10431,shut out,退關,退关,https://terms.naer.edu.tw/
10432,shut out cargo,退關貨物,退关货物,https://terms.naer.edu.tw/
10433,sight [letter of] credit,即期信用狀,即期信用证,https://terms.naer.edu.tw/
10434,sight bill,即期匯票,即期票据,https://terms.naer.edu.tw/
10435,sight clause,即期條款,即期条款,https://terms.naer.edu.tw/
10436,sight draft,見票即付匯票,,https://terms.naer.edu.tw/
10437,sight draft {=S/D},即期匯票,即期汇票,https://terms.naer.edu.tw/
10438,sight entry,暫時起貨報單,临时报关,https://terms.naer.edu.tw/
10439,sight exchange,即期外匯,①即期汇兑 ②即期外汇,https://terms.naer.edu.tw/
10440,sight rate,即期匯率,即期汇率,https://terms.naer.edu.tw/
10441,sighting of license clause,出示許可證條款,出示许可证条款,https://terms.naer.edu.tw/
10442,sigma,標準差,西格玛,https://terms.naer.edu.tw/
10443,sigma level,標準差水準,西格玛水平,https://terms.naer.edu.tw/
10444,signal factor,信號因子,信号因素,https://terms.naer.edu.tw/
10445,signal-to-noise ratio,信噪比；訊號噪音比,信噪比,https://terms.naer.edu.tw/
10446,Signification,表意,表意,https://terms.naer.edu.tw/
10447,silicon valley,矽穀,硅谷,https://terms.naer.edu.tw/
10448,silver bullion market,銀塊市場,银块市场,https://terms.naer.edu.tw/
10449,silver bullion standard,銀塊本位制,银块本位制,https://terms.naer.edu.tw/
10450,silver market,銀髮市場,白银市场,https://terms.naer.edu.tw/
10451,silver parity,白銀平價,白银平价,https://terms.naer.edu.tw/
10452,silver standard system,銀本位制,银本位制,https://terms.naer.edu.tw/
10453,similar-to-me bias,似我偏差,似我偏差,https://terms.naer.edu.tw/
10454,similar-to-me error,似我誤差,似我误差,https://terms.naer.edu.tw/
10455,similarity of technology,技術趨同,技术趋同,https://terms.naer.edu.tw/
10456,similarity-attraction theory,相似吸引理論,相似吸引理论,https://terms.naer.edu.tw/
10457,simo chart,同步動作分析圖,同步作业分析图,https://terms.naer.edu.tw/
10458,simple arbitrage,直接套利,直接套利,https://terms.naer.edu.tw/
10459,simple arbitration of exchange,單一裁定匯兌,单一裁定汇兑,https://terms.naer.edu.tw/
10460,simple bond,簡單債券,简单债券,https://terms.naer.edu.tw/
10461,simple debenture,無擔保的信用債券,无担保的信用债券,https://terms.naer.edu.tw/
10462,simple interest,單利,,https://terms.naer.edu.tw/
10463,simple license,普通許可證,普通许可证,https://terms.naer.edu.tw/
10464,simple linear technology-push model,簡單線性的技術推動型,简单线性的技术推动型,https://terms.naer.edu.tw/
10465,simple loan,普通貸款,普通贷款,https://terms.naer.edu.tw/
10466,simple random sampling,簡單隨機抽樣,,https://terms.naer.edu.tw/
10467,simple random sampling,簡單隨機抽樣,简单随机抽样,https://terms.naer.edu.tw/
10468,simple ranking,簡單排序法,简单排序法,https://terms.naer.edu.tw/
10469,simple structure,簡單結構,简单结构,https://terms.naer.edu.tw/
10470,Simple system,簡單系統,简单系统,https://terms.naer.edu.tw/
10471,simple tariff,單一稅率,单一税率,https://terms.naer.edu.tw/
10472,simplification,簡化,简化,https://terms.naer.edu.tw/
10473,simulation,模擬,模拟,https://terms.naer.edu.tw/
10474,simulation,模擬,,https://terms.naer.edu.tw/
10475,Simulation method,模擬方法,模拟方法,https://terms.naer.edu.tw/
10476,simulation training,模擬訓練,,https://terms.naer.edu.tw/
10477,simultaneous motion chart,同步動作分析圖,同步作业分析图,https://terms.naer.edu.tw/
10478,single exchange rate,單一匯率,单一汇率,https://terms.naer.edu.tw/
10479,single factorial terms of trade,單因素貿易條件,单因素贸易条件,https://terms.naer.edu.tw/
10480,Single Market Act of the European Community,歐洲共同體單一市場法,欧洲共同体单一市场法,https://terms.naer.edu.tw/
10481,single minute exchange of dies (SMED),快速換模法,快速换模法,https://terms.naer.edu.tw/
10482,single name paper,單名票據,单名票据,https://terms.naer.edu.tw/
10483,single price policy,均一價政策,,https://terms.naer.edu.tw/
10484,single price store,均一價商店,,https://terms.naer.edu.tw/
10485,single proprietorship,獨資企業,,https://terms.naer.edu.tw/
10486,single rate,單一薪資；單一薪率,,https://terms.naer.edu.tw/
10487,single sampling,一次抽樣；單次抽樣,一次抽样；单次抽样,https://terms.naer.edu.tw/
10488,single sourcing,單供應來源,单供源采购,https://terms.naer.edu.tw/
10489,single tariff,單一關稅,单一关税,https://terms.naer.edu.tw/
10490,single unit production and transport　,單位生產與運送；單元生產與運送,,https://terms.naer.edu.tw/
10491,single-business firms,單一事業公司,,https://terms.naer.edu.tw/
10492,single-business strategy,單一事業策略,,https://terms.naer.edu.tw/
10493,single-factor experimental design,單因子實驗設計,单因子实验设计,https://terms.naer.edu.tw/
10494,single-factor productivity,單要素生產力,单要素生产率,https://terms.naer.edu.tw/
10495,single-loop learning,單迴圈學習；單回學習,单循环学习；单回学习,https://terms.naer.edu.tw/
10496,Single-objective decision-making,單目標決策,单目标决策,https://terms.naer.edu.tw/
10497,single-use plans,單一用途計畫,,https://terms.naer.edu.tw/
10498,single-zone pricing,單區訂價法,,https://terms.naer.edu.tw/
10499,sinking fund,償債基金,,https://terms.naer.edu.tw/
10500,sinking fund,償債基金,偿债基金,https://terms.naer.edu.tw/
10501,sinking fund bond,償債基金債券,偿债基金债券,https://terms.naer.edu.tw/
10502,sinking fund provision,償債基金條款,,https://terms.naer.edu.tw/
10503,sit-in,靜坐抗議,,https://terms.naer.edu.tw/
10504,situation analysis,狀況分析,,https://terms.naer.edu.tw/
10505,situation assessment,情勢評估,,https://terms.naer.edu.tw/
10506,situation diagnosis,情境診斷；情勢診斷,,https://terms.naer.edu.tw/
10507,situation management,情境管理,,https://terms.naer.edu.tw/
10508,situational attribution,情境歸因,情境归因,https://terms.naer.edu.tw/
10509,situational interview,情境式面談,,https://terms.naer.edu.tw/
10510,situational leadership theory,情境領導理論,,https://terms.naer.edu.tw/
10511,situational theory,情境理論；情勢理論,,https://terms.naer.edu.tw/
10512,six sigma,六標準差,,https://terms.naer.edu.tw/
10513,six sigma quality,六標準差品質,六西格玛质量,https://terms.naer.edu.tw/
10514,size of foreign exchange reserve,外匯準備規模,外汇储备规模,https://terms.naer.edu.tw/
10515,skill blocks model,技術區塊模式；技術區塊模型,技术单元模型,https://terms.naer.edu.tw/
10516,skill training,技能訓練,技能培训,https://terms.naer.edu.tw/
10517,skill variety,技能多樣性,技能多样性,https://terms.naer.edu.tw/
10518,skill-based pay,技能基礎薪資,技能工资,https://terms.naer.edu.tw/
10519,skilled-based pay,技能基礎薪資制,,https://terms.naer.edu.tw/
10520,skills inventory,技能檔案,技能档案,https://terms.naer.edu.tw/
10521,skimming price strategy,吸脂定價策略,,https://terms.naer.edu.tw/
10522,skimming pricing,吸脂訂價法,,https://terms.naer.edu.tw/
10523,slack resources,寛裕資源,,https://terms.naer.edu.tw/
10524,slack time,寛裕時間,,https://terms.naer.edu.tw/
10525,slack time per remaining operations,剩餘工序寬裕時間規劃,剩余工序松弛时间规则,https://terms.naer.edu.tw/
10526,sleeper effect,睡眠者效果,,https://terms.naer.edu.tw/
10527,Slice analysis technique,切片分析,切片分析,https://terms.naer.edu.tw/
10528,sliding duty,機動關稅,滑动关税,https://terms.naer.edu.tw/
10529,sliding peg exchange rate,機動釘住匯率,滑动钉住汇率,https://terms.naer.edu.tw/
10530,sliding tariff,浮動關稅,浮动关税,https://terms.naer.edu.tw/
10531,slogan,口號；標語,,https://terms.naer.edu.tw/
10532,slotting allowance,上架費,,https://terms.naer.edu.tw/
10533,slotting fee,上架費,,https://terms.naer.edu.tw/
10534,slow-exit strategy,慢速退出策略,,https://terms.naer.edu.tw/
10535,slow-moving goods,慢速週轉貨品,,https://terms.naer.edu.tw/
10536,small and medium business,中小企業,,https://terms.naer.edu.tw/
10537,Small Business Administration{=SBA},小企業管理局{美國｝,,https://terms.naer.edu.tw/
10538,small loan company,小額貸款公司,小额贷款公司,https://terms.naer.edu.tw/
10539,Small Number Bargaining,少數交易,少数交易,https://terms.naer.edu.tw/
10540,small office & home office ( SOHO),家庭工作室,家庭工作室,https://terms.naer.edu.tw/
10541,SMART analysis,SMART分析,,https://terms.naer.edu.tw/
10542,smart city,智慧城市,,https://terms.naer.edu.tw/
10543,smart planet,智慧地球,智慧地球,https://terms.naer.edu.tw/
10544,smiling curve,微笑曲線,,https://terms.naer.edu.tw/
10545,Smithsonian Agreement,史密松寧協定,史密森协定,https://terms.naer.edu.tw/
10546,Smithsonian band,史密松寧匯率區間,史密森汇率幅度,https://terms.naer.edu.tw/
10547,Smithsonian currency realignment,史密松寧幣值重整,史密森币值调整,https://terms.naer.edu.tw/
10548,Smithsonian monetary system,史密松寧貨幣制度,史密森货币制度,https://terms.naer.edu.tw/
10549,snake,蛇形浮動,蛇形浮动,https://terms.naer.edu.tw/
10550,snake currency,蛇形浮動貨幣,“蛇形浮动”货币,https://terms.naer.edu.tw/
10551,snake in the tunnel,區間內蛇行浮動,蛇行浮动,https://terms.naer.edu.tw/
10552,snap back timing,歸零測時法,,https://terms.naer.edu.tw/
10553,snowball sampling,雪球抽樣法,,https://terms.naer.edu.tw/
10554,Snowflake schema,雪花模式,雪花模式,https://terms.naer.edu.tw/
10555,social audit,社會稽核,,https://terms.naer.edu.tw/
10556,social capital,社會資本,,https://terms.naer.edu.tw/
10557,social class,社會階層,社会阶层,https://terms.naer.edu.tw/
10558,Social Cognitive Theory,社會認知理論,社会认知理论,https://terms.naer.edu.tw/
10559,Social commerce,社群商務,,https://terms.naer.edu.tw/
10560,social comparison theory,社會比較理論,社会比较理论,https://terms.naer.edu.tw/
10561,social comparison theory,社會比較理論,,https://terms.naer.edu.tw/
10562,Social Complexity,社會複雜性,社会复杂性,https://terms.naer.edu.tw/
10563,social consciousness,社會意識,,https://terms.naer.edu.tw/
10564,social decision schema,社會決策圖式；社會決策基模,社会决策图式,https://terms.naer.edu.tw/
10565,social desirability,社會贊許；社會期許,社会称许性,https://terms.naer.edu.tw/
10566,social dumping,社會傾銷,社会倾销,https://terms.naer.edu.tw/
10567,social environment,社會環境,,https://terms.naer.edu.tw/
10568,social exchange theory,社會交換理論,,https://terms.naer.edu.tw/
10569,social facilitation,社會促進效應；社會助長,社会促进效应,https://terms.naer.edu.tw/
10570,social gospel theory,社會福音理論,,https://terms.naer.edu.tw/
10571,social identity theory,社會認定理論；社會認同理論,,https://terms.naer.edu.tw/
10572,social information processing model,社會資訊處理模式；社會資訊處理模型,社会信息加工模型,https://terms.naer.edu.tw/
10573,social innovation,社會創新,社会创新,https://terms.naer.edu.tw/
10574,social interaction,社會互動,社会互动,https://terms.naer.edu.tw/
10575,social interaction,社會互動,,https://terms.naer.edu.tw/
10576,social learning,社會學習,社会学习,https://terms.naer.edu.tw/
10577,social learning theory,社會學習理論,,https://terms.naer.edu.tw/
10578,social loafing,社會閒散,社会闲散效应,https://terms.naer.edu.tw/
10579,social man,社會人,,https://terms.naer.edu.tw/
10580,social man hypothesis,社會人假設,,https://terms.naer.edu.tw/
10581,social marketing,社會理念行銷,社会营销,https://terms.naer.edu.tw/
10582,social media,社群媒體,,https://terms.naer.edu.tw/
10583,social memory,社會記憶,,https://terms.naer.edu.tw/
10584,social mobility,社會流動性,,https://terms.naer.edu.tw/
10585,social needs,社會需要；社會需求；社交需要；社交需求,,https://terms.naer.edu.tw/
10586,social network,社會網絡,,https://terms.naer.edu.tw/
10587,Social network service {=SNS},社群網路服務,,https://terms.naer.edu.tw/
10588,social obligation,社會義務,,https://terms.naer.edu.tw/
10589,social opportunity cost,社會機會成本,社会机会成本,https://terms.naer.edu.tw/
10590,Social Presence,社會臨場感,社会临场感,https://terms.naer.edu.tw/
10591,social protection programs,社會保障方案,保障计划,https://terms.naer.edu.tw/
10592,social psychology,社會心理學,社会心理学,https://terms.naer.edu.tw/
10593,social responsibility,社會責任,,https://terms.naer.edu.tw/
10594,social responsibility marketing,社會責任行銷,,https://terms.naer.edu.tw/
10595,social skill,社交技能,,https://terms.naer.edu.tw/
10596,social status,社會地位,,https://terms.naer.edu.tw/
10597,social structure,社會結構,,https://terms.naer.edu.tw/
10598,social subsystem,社會子系統,,https://terms.naer.edu.tw/
10599,social type,社交型{Holland六種人格類型之一},社交型{Holland六种人格类型之一},https://terms.naer.edu.tw/
10600,socialism,社會主義,,https://terms.naer.edu.tw/
10601,socialization,社會化,,https://terms.naer.edu.tw/
10602,socialized charismatic leadership,社會化魅力領導,社会化魅力领导,https://terms.naer.edu.tw/
10603,socially responsible investment fund{=SRI fund},社會責任投資基金,,https://terms.naer.edu.tw/
10604,societal classification of products,產品的社會性分類,,https://terms.naer.edu.tw/
10605,societal ethics,社會倫理,,https://terms.naer.edu.tw/
10606,Societal Infrastructure,社會基礎建設,社会基础建设,https://terms.naer.edu.tw/
10607,societal marketing,社會行銷,,https://terms.naer.edu.tw/
10608,societal marketing concept,社會行銷觀念,,https://terms.naer.edu.tw/
10609,society of institutions,機構性社會,,https://terms.naer.edu.tw/
10610,socio-collaborative system school,社會協同系統學派,,https://terms.naer.edu.tw/
10611,socio-technical system,社會技術系統,,https://terms.naer.edu.tw/
10612,socio-technical system school,社會技術系統學派,,https://terms.naer.edu.tw/
10613,socio-technical system theory,社會技術系統理論,,https://terms.naer.edu.tw/
10614,sociocultural factor,社會文化因素,,https://terms.naer.edu.tw/
10615,socioeconomic factor,社會經濟因素,,https://terms.naer.edu.tw/
10616,socioeconomic model of decision making,決策的社會經濟模式；決策的社會經濟模型,决策的经济社会模型,https://terms.naer.edu.tw/
10617,socioeconomic status,社經地位,,https://terms.naer.edu.tw/
10618,socioemotional role,社會情緒角色,社会情绪角色,https://terms.naer.edu.tw/
10619,Sociotechnical design,社會技術系統設計,,https://terms.naer.edu.tw/
10620,sociotechnical system theory,社會技術系統理論,社会技术系统理论,https://terms.naer.edu.tw/
10621,soft automation　,柔性自動化,,https://terms.naer.edu.tw/
10622,soft budget constraint,軟性預算約束,软预算约束,https://terms.naer.edu.tw/
10623,soft bullet structure,一次還本架構,软债权结构,https://terms.naer.edu.tw/
10624,soft commodity futures,軟性商品期貨,,https://terms.naer.edu.tw/
10625,soft criteria,軟性標準,,https://terms.naer.edu.tw/
10626,soft currency,弱勢貨幣,软通货,https://terms.naer.edu.tw/
10627,soft loan,弱勢貨幣貸款,软贷款,https://terms.naer.edu.tw/
10628,soft science,軟科學,软科学,https://terms.naer.edu.tw/
10629,soft sell,軟銷,,https://terms.naer.edu.tw/
10630,Software agent,軟體代理人,,https://terms.naer.edu.tw/
10631,Software engineering,軟體工程,,https://terms.naer.edu.tw/
10632,Software metrics,軟體度量,,https://terms.naer.edu.tw/
10633,Software package,套裝軟體,,https://terms.naer.edu.tw/
10634,Software piracy,軟體盜拷,,https://terms.naer.edu.tw/
10635,Software Quality of IS,資訊系統軟體品質,信息系统软件质量,https://terms.naer.edu.tw/
10636,Software re-engineering,軟體再工程,,https://terms.naer.edu.tw/
10637,sola bill,單張匯票,单张汇票,https://terms.naer.edu.tw/
10638,sola cheque,單張支票,单张支票,https://terms.naer.edu.tw/
10639,sola draft,單張匯票,单张汇票,https://terms.naer.edu.tw/
10640,sole agent,獨家代理,独家代理,https://terms.naer.edu.tw/
10641,sole bill of exchange,單張匯票,单本汇票,https://terms.naer.edu.tw/
10642,sole license,獨家許可證,独家许可证；排他许可证,https://terms.naer.edu.tw/
10643,sole proprietorship,獨資,,https://terms.naer.edu.tw/
10644,sole sales agreement,包銷協定,包销协议,https://terms.naer.edu.tw/
10645,sole source,唯一供應來源,惟一供源,https://terms.naer.edu.tw/
10646,sole sourcing　,唯一供應源；單一供應源,,https://terms.naer.edu.tw/
10647,sole supplier,獨家供應商,,https://terms.naer.edu.tw/
10648,solo brainstorming,自我腦力激蕩法,单独头脑风暴,https://terms.naer.edu.tw/
10649,Solomon four group design,所羅門四群組設計,所罗门四群组设计,https://terms.naer.edu.tw/
10650,solution selling,解決方案銷售,,https://terms.naer.edu.tw/
10651,Source code,原始程式碼,,https://terms.naer.edu.tw/
10652,source credibility,來源可信性,,https://terms.naer.edu.tw/
10653,source inspection　,源頭檢驗,,https://terms.naer.edu.tw/
10654,Source of information,資訊來源,著录信息源,https://terms.naer.edu.tw/
10655,sourcing strategy,貨源策略,,https://terms.naer.edu.tw/
10656,south sea bubble,南海泡沫,南海泡沫,https://terms.naer.edu.tw/
10657,South-East Asian Central Bank,東南亞中央銀行,东南亚中央银行,https://terms.naer.edu.tw/
10658,south-north trade,南北貿易,南北贸易,https://terms.naer.edu.tw/
10659,sovereign immunity,主權豁免,主权豁免,https://terms.naer.edu.tw/
10660,sovereign lending,主權貸款,国家贷款,https://terms.naer.edu.tw/
10661,sovereign risk,主權風險,主权风险,https://terms.naer.edu.tw/
10662,"sovereign wealth fund, SWF",主權基金,主权财富基金,https://terms.naer.edu.tw/
10663,space buffer,空間緩衝,空间缓冲,https://terms.naer.edu.tw/
10664,Spam,垃圾電子郵件,,https://terms.naer.edu.tw/
10665,span of control,控制幅度,管理跨度,https://terms.naer.edu.tw/
10666,span of management,管理幅度,,https://terms.naer.edu.tw/
10667,span of management (SOM),管理幅度,管理幅度,https://terms.naer.edu.tw/
10668,spare part,備件,备件,https://terms.naer.edu.tw/
10669,spark program,星火計劃(1986),星火计划(1986),https://terms.naer.edu.tw/
10670,spatial competition,空間競爭,,https://terms.naer.edu.tw/
10671,spatial convenience,空間便利性,,https://terms.naer.edu.tw/
10672,spatial differentiation,空間差異化,,https://terms.naer.edu.tw/
10673,special acceptance,有條件承兌,特殊承兑,https://terms.naer.edu.tw/
10674,special assessment bond,特別稅捐公債,特别税捐公债,https://terms.naer.edu.tw/
10675,special cause,異常原因,异常原因,https://terms.naer.edu.tw/
10676,special credit,特別信用狀,特别信贷,https://terms.naer.edu.tw/
10677,special customs privileges facility,關稅特惠區,海关提供的特惠措施,https://terms.naer.edu.tw/
10678,special customs rate,特別關稅率,特别关税率,https://terms.naer.edu.tw/
10679,Special database,特色資料庫,特色数据库,https://terms.naer.edu.tw/
10680,Special Drawing Right[s] {=SDRs},特別提款權,[国际货币基金组织的]特别提款权,https://terms.naer.edu.tw/
10681,special endorsement,特別背書；記名背書,特别背书,https://terms.naer.edu.tw/
10682,special letter of credit {=special L/C},特別信用狀,特别信用证,https://terms.naer.edu.tw/
10683,special license,特別許可證,特别许可证,https://terms.naer.edu.tw/
10684,special offer,特別報價,特别报价,https://terms.naer.edu.tw/
10685,special performance recognizing plans,特殊績效獎勵計畫,特殊绩效认可计划,https://terms.naer.edu.tw/
10686,special permission export,特許出口,特许出口,https://terms.naer.edu.tw/
10687,special policy,特種保險單；特殊格式保險單,特种保险单,https://terms.naer.edu.tw/
10688,special preferential treatment,特別優惠待遇,特别优惠待遇,https://terms.naer.edu.tw/
10689,special tariff concession,特種關稅減讓,特种关税减让,https://terms.naer.edu.tw/
10690,special tax reduction bond,特別減稅債券,特别减税债券,https://terms.naer.edu.tw/
10691,Special Trust Fund,[國際貨幣基金組織]特種信託基金,[国际货币基金组织]特种信托基金,https://terms.naer.edu.tw/
10692,special variation,異常變異,异常波动,https://terms.naer.edu.tw/
10693,special-event pricing,特殊事件訂價法,,https://terms.naer.edu.tw/
10694,specialist,特許經紀人,特许经纪人,https://terms.naer.edu.tw/
10695,specialization,專業化；專門化,,https://terms.naer.edu.tw/
10696,specialized banking,專業銀行制,专业银行制度,https://terms.naer.edu.tw/
10697,specialized foreign exchange bank,外匯專業銀行,外汇专业银行,https://terms.naer.edu.tw/
10698,specialized staff,專業幕僚,,https://terms.naer.edu.tw/
10699,specially advised [letter of] credit,特別通知信用狀,指定信用证；特别通知信用证,https://terms.naer.edu.tw/
10700,specially negotiating bank letter of credit,限押信用狀,特别指定结汇银行信用证,https://terms.naer.edu.tw/
10701,specialty fund,專門基金,专门基金,https://terms.naer.edu.tw/
10702,specialty goods,特殊品,,https://terms.naer.edu.tw/
10703,specialty goods and services,特殊品和服務,,https://terms.naer.edu.tw/
10704,specialty store,專門店,,https://terms.naer.edu.tw/
10705,specie flow mechanism,金幣流通機制,硬币流通机制,https://terms.naer.edu.tw/
10706,specie flow price adjustment mechanism,硬幣流通價格調整機制,硬币流通价格调整机制,https://terms.naer.edu.tw/
10707,specie flow price mechanism,硬幣價格流通機制,硬币价格流通机制,https://terms.naer.edu.tw/
10708,specie par,金幣平價,铸币平价,https://terms.naer.edu.tw/
10709,specie reserve,硬幣準備,硬币准备,https://terms.naer.edu.tw/
10710,specific capital,特定資本,特别资本,https://terms.naer.edu.tw/
10711,specific cheque,記名支票,记名支票,https://terms.naer.edu.tw/
10712,specific duty,從量稅,从量关税,https://terms.naer.edu.tw/
10713,specific insurance,特定保險,特定保险,https://terms.naer.edu.tw/
10714,specific license,特定許可證,特定许可证,https://terms.naer.edu.tw/
10715,specific policy,船舶確定保險單,特殊保单,https://terms.naer.edu.tw/
10716,specific reduction or exemption of customs duty,關稅特定減免,关税特定减免,https://terms.naer.edu.tw/
10717,specific risk,特定風險,特殊风险,https://terms.naer.edu.tw/
10718,specification,規格,规范,https://terms.naer.edu.tw/
10719,specificity,專屬性,专属性,https://terms.naer.edu.tw/
10720,specified currency,指定通貨,指定通货,https://terms.naer.edu.tw/
10721,specimen of draft,匯票樣本,汇票样本,https://terms.naer.edu.tw/
10722,speculation,投機,投机,https://terms.naer.edu.tw/
10723,speculation arbitrage,投機套利,投机套利,https://terms.naer.edu.tw/
10724,speculation market,投機市場,投机市场,https://terms.naer.edu.tw/
10725,speculation on foreign exchange,外匯投機,外汇投机,https://terms.naer.edu.tw/
10726,speculative bubble,投機性泡沫,投机性泡沫,https://terms.naer.edu.tw/
10727,speculative buying,投機買進,投机买进；看涨买进,https://terms.naer.edu.tw/
10728,speculative gain,投機收益,投机收益,https://terms.naer.edu.tw/
10729,speculative import,投機性輸入,投机进口,https://terms.naer.edu.tw/
10730,speculative investment,投機性投資,投机投资,https://terms.naer.edu.tw/
10731,speculators,投機者,,https://terms.naer.edu.tw/
10732,speed bumps,減速措施,减速措施,https://terms.naer.edu.tw/
10733,speed rating,速度評定,速度评定,https://terms.naer.edu.tw/
10734,speedy clearance,即時清算,即时清算,https://terms.naer.edu.tw/
10735,spent bill of lading {=spent B/L},已用提單,已用提单,https://terms.naer.edu.tw/
10736,spillover effect,外溢效果,溢出效应,https://terms.naer.edu.tw/
10737,spin off,衍生[新事業],,https://terms.naer.edu.tw/
10738,spin-in,內部創業,,https://terms.naer.edu.tw/
10739,spin-in venture,內部創業,,https://terms.naer.edu.tw/
10740,spin-out,衍生企業；衍生事業,,https://terms.naer.edu.tw/
10741,split delivery,分次交貨,分次交货,https://terms.naer.edu.tw/
10742,split investment company,分享投資公司,分股投资公司,https://terms.naer.edu.tw/
10743,split margin,利率差幅,利率差幅,https://terms.naer.edu.tw/
10744,split off,事業切割,,https://terms.naer.edu.tw/
10745,split-half reliability,折半信度,,https://terms.naer.edu.tw/
10746,spokesperson,發言人,,https://terms.naer.edu.tw/
10747,sponsor's system for issue of securities,證券發行推薦制,证券发行上市保荐制,https://terms.naer.edu.tw/
10748,sponsorship,贊助,,https://terms.naer.edu.tw/
10749,spontaneous funds,即時性資金,,https://terms.naer.edu.tw/
10750,sporadic dumping,偶發性傾銷,偶发性倾销,https://terms.naer.edu.tw/
10751,sports marketing,運動行銷,,https://terms.naer.edu.tw/
10752,spot automation　,單點自動化,,https://terms.naer.edu.tw/
10753,spot bonus,即時獎金,,https://terms.naer.edu.tw/
10754,spot cash payment,現金支付,现金支付,https://terms.naer.edu.tw/
10755,spot cash transaction,即期現金交易；現金現貨交易,即期现金交易,https://terms.naer.edu.tw/
10756,spot contract,現貨契約,现货契约,https://terms.naer.edu.tw/
10757,spot contract,現貨契約,,https://terms.naer.edu.tw/
10758,spot exchange,即期外匯；現匯,即期外汇；现汇,https://terms.naer.edu.tw/
10759,spot exchange market,即期外匯市場；現匯市場,即期外汇市场；现汇市场,https://terms.naer.edu.tw/
10760,spot exchange rate,即期匯率,即期汇率,https://terms.naer.edu.tw/
10761,spot interest rate,即期利率,即期利率,https://terms.naer.edu.tw/
10762,spot market,現貨市場,,https://terms.naer.edu.tw/
10763,spot markets,現貨市場,,https://terms.naer.edu.tw/
10764,spot price,現貨價格,现货价格,https://terms.naer.edu.tw/
10765,spot price,現貨價格,现货价格,https://terms.naer.edu.tw/
10766,spot rate,即期匯率或即期利息,,https://terms.naer.edu.tw/
10767,spot transaction,即期交易,现货交易,https://terms.naer.edu.tw/
10768,spot-futures parity theorem or cost-of-carry relationship,現貨-期貨平價定理,现货-期货平价定理,https://terms.naer.edu.tw/
10769,spread,價差,价差套利,https://terms.naer.edu.tw/
10770,spread option,價差選擇權,,https://terms.naer.edu.tw/
10771,spread strategy,價差策略,,https://terms.naer.edu.tw/
10772,spread transaction,價差交易,价差交易,https://terms.naer.edu.tw/
10773,Spreadsheet,試算表,,https://terms.naer.edu.tw/
10774,spurious dumping,類比傾銷,模拟倾销,https://terms.naer.edu.tw/
10775,Spurious Relationship,偽關係,伪关系,https://terms.naer.edu.tw/
10776,square off,軋平,余额平衡；轧平,https://terms.naer.edu.tw/
10777,stability strategy,穩定策略,稳定战略,https://terms.naer.edu.tw/
10778,stabilization fund,平準基金,平准基金,https://terms.naer.edu.tw/
10779,stabilization of currency,通貨穩定,通货稳定,https://terms.naer.edu.tw/
10780,stabilization of exchange rate,匯率穩定,汇率稳定,https://terms.naer.edu.tw/
10781,stabilization of export receipt,出口收入穩定,出口收入稳定,https://terms.naer.edu.tw/
10782,stabilization of foreign exchange,外匯穩定,外汇稳定,https://terms.naer.edu.tw/
10783,stabilization stock,穩定庫存,稳定存货,https://terms.naer.edu.tw/
10784,stable bond,穩定債券,稳定债券,https://terms.naer.edu.tw/
10785,stable but adjustable par value,穩定但可調整的平價,稳定的但可调整的平价,https://terms.naer.edu.tw/
10786,stable dividend policy,穩定股利政策,稳定股利政策,https://terms.naer.edu.tw/
10787,stable factor,穩定因子,稳定因素,https://terms.naer.edu.tw/
10788,stable maturity,穩定成熟期,,https://terms.naer.edu.tw/
10789,stable money,穩定貨幣,稳定货币,https://terms.naer.edu.tw/
10790,staff authority,幕僚職權,,https://terms.naer.edu.tw/
10791,staff personnel,幕僚人員,,https://terms.naer.edu.tw/
10792,staff turnover,人員流動；員工離職,员工离职率,https://terms.naer.edu.tw/
10793,staffing,用人,,https://terms.naer.edu.tw/
10794,stage payment,分期付款,分阶段支付,https://terms.naer.edu.tw/
10795,Stage Theory,階段理論,阶段理论,https://terms.naer.edu.tw/
10796,stage-gate model,“階段-閘門”模型,“阶-门”模型；决策门模型,https://terms.naer.edu.tw/
10797,stair-step model,臺階模式；臺階模型,,https://terms.naer.edu.tw/
10798,stakeholder,利害關係人,,https://terms.naer.edu.tw/
10799,stakeholder analysis,利害關係人分析,,https://terms.naer.edu.tw/
10800,stakeholder matrix,利害關係人矩陣,,https://terms.naer.edu.tw/
10801,stakeholder theory,利害關係人理論,,https://terms.naer.edu.tw/
10802,stale bill of exchange,過期匯票,过期汇票,https://terms.naer.edu.tw/
10803,stale bill of lading,過期提單,过期提单,https://terms.naer.edu.tw/
10804,stale check,過期支票,过期支票,https://terms.naer.edu.tw/
10805,stamp taxes,印花稅,,https://terms.naer.edu.tw/
10806,stand-alone risk,個別風險,,https://terms.naer.edu.tw/
10807,standard,標準,标准,https://terms.naer.edu.tw/
10808,standard,標準,,https://terms.naer.edu.tw/
10809,standard [currency] basket system,標準通貨籃制度,[国际货币基金组织]标准[货币]篮子方式,https://terms.naer.edu.tw/
10810,standard arbitration clause,標準仲裁條款,标准仲裁条款,https://terms.naer.edu.tw/
10811,standard bill of lading,標準提單,标准提单,https://terms.naer.edu.tw/
10812,standard bullion,標準銀塊,标准银块,https://terms.naer.edu.tw/
10813,standard clause,標準條款,标准条款,https://terms.naer.edu.tw/
10814,standard coin,本位貨幣,本位货币,https://terms.naer.edu.tw/
10815,standard coinage,本位貨幣制度,标准货币制度,https://terms.naer.edu.tw/
10816,standard competiton,標準競爭,标准竞争,https://terms.naer.edu.tw/
10817,standard container,標準容器,标准容器,https://terms.naer.edu.tw/
10818,standard cost,標準成本,,https://terms.naer.edu.tw/
10819,standard costing,標準成本法,,https://terms.naer.edu.tw/
10820,standard costing system　　　　　　,標準成本制度,,https://terms.naer.edu.tw/
10821,standard credit form,標準信用證格式,标准信用证格式,https://terms.naer.edu.tw/
10822,standard deviation,標準差,,https://terms.naer.edu.tw/
10823,standard document,標準文件,,https://terms.naer.edu.tw/
10824,standard dollar,本位美元,本位美元,https://terms.naer.edu.tw/
10825,standard element time,標準單元時間,标准动作时间,https://terms.naer.edu.tw/
10826,Standard generalized mark-up language (SGML),標準通用性標示語言,,https://terms.naer.edu.tw/
10827,standard gold,標準成色黃金,标准成色黄金,https://terms.naer.edu.tw/
10828,standard hour plan,標準工時制,标准工作时间,https://terms.naer.edu.tw/
10829,standard hour plan,標準工時制,,https://terms.naer.edu.tw/
10830,standard industrial classification {=SIC},標準產業分類,,https://terms.naer.edu.tw/
10831,standard industrial classification {=SIC} codes,標準產業分類代碼,,https://terms.naer.edu.tw/
10832,standard interest rate,標準利率,标准利率,https://terms.naer.edu.tw/
10833,standard metal,本位金屬,本位金属,https://terms.naer.edu.tw/
10834,standard monetary unit,標準貨幣單位,标准货币单位,https://terms.naer.edu.tw/
10835,standard money,本位貨幣,标准货币,https://terms.naer.edu.tw/
10836,standard of living,生活水準；生活水平,,https://terms.naer.edu.tw/
10837,standard operating procedure {=SOP},標準作業流程,标准作业流程,https://terms.naer.edu.tw/
10838,standard operation condition,標準作業條件,标准工作条件,https://terms.naer.edu.tw/
10839,standard output,標準產出,标准输出,https://terms.naer.edu.tw/
10840,standard performance,標準績效,标准绩效,https://terms.naer.edu.tw/
10841,standard policy,標準保險單,标准保险单,https://terms.naer.edu.tw/
10842,Standard Portfolio Analysis of Risk,SPAN系統,,https://terms.naer.edu.tw/
10843,standard rating scales,標準評定量表,,https://terms.naer.edu.tw/
10844,standard sample,標準樣品,标准样品,https://terms.naer.edu.tw/
10845,standard silver dollar,本位銀元,标准银元,https://terms.naer.edu.tw/
10846,standard strategy,標準策略,标准战略,https://terms.naer.edu.tw/
10847,standard system,本位制,本位制,https://terms.naer.edu.tw/
10848,standard time,標準時間,时间标准,https://terms.naer.edu.tw/
10849,standard time data,標準時間數據,标准时间数据,https://terms.naer.edu.tw/
10850,standard wage rate,標準工資率,标准工资率,https://terms.naer.edu.tw/
10851,standard wage rate,標準工資率,,https://terms.naer.edu.tw/
10852,Standard＆Poor’s Composite Index,標準普爾綜合指數,标准普尔综合指数,https://terms.naer.edu.tw/
10853,Standard＆Poor’s Stock Price Indexes,標準普爾股價指數,标准普尔股价指数,https://terms.naer.edu.tw/
10854,standardization　,標準化,,https://terms.naer.edu.tw/
10855,standardization,標準化,,https://terms.naer.edu.tw/
10856,standardization management,標準化管理,标准化管理,https://terms.naer.edu.tw/
10857,standardization principle,標準化原則,,https://terms.naer.edu.tw/
10858,"standardized, do, study, ameliorate (SDSA)",標準化、實施、研究、改善模式,标准化、实施、研究、改进模式,https://terms.naer.edu.tw/
10859,standby,備用,备用,https://terms.naer.edu.tw/
10860,standby credit,備用信貸,备用信贷,https://terms.naer.edu.tw/
10861,standby credit arrangement,[國際貨幣基金組織]備用信貸協定,[国际货币基金组织]备用信贷协定,https://terms.naer.edu.tw/
10862,standby letter of credit,擔保信用狀,备用信用证,https://terms.naer.edu.tw/
10863,standby letter of credit {=standby L/C},擔保信用狀,备用信用证,https://terms.naer.edu.tw/
10864,standby time,備用時間,备用时间,https://terms.naer.edu.tw/
10865,standby underwrite,餘額包銷,余额包销,https://terms.naer.edu.tw/
10866,standing order,長期協議訂單,长期协议,https://terms.naer.edu.tw/
10867,standing plan,備用計畫,,https://terms.naer.edu.tw/
10868,Stanford-Binet Scale,史丹佛－比奈量表,斯坦福—比奈量表,https://terms.naer.edu.tw/
10869,staple merchandise trade,大宗物資貿易,重要商品交易,https://terms.naer.edu.tw/
10870,staples,民生用品,,https://terms.naer.edu.tw/
10871,star,明星［事業］,,https://terms.naer.edu.tw/
10872,star business,明星事業,,https://terms.naer.edu.tw/
10873,Star network,星狀網路,,https://terms.naer.edu.tw/
10874,Star schema,星型模式,星型模式,https://terms.naer.edu.tw/
10875,start-up loan,創業貸款,启动贷款,https://terms.naer.edu.tw/
10876,start-up stage,創業階段,,https://terms.naer.edu.tw/
10877,state and local bond,國家和地方政府債券,国家和地方政府债券,https://terms.naer.edu.tw/
10878,state bank,州法銀行,国家银行,https://terms.naer.edu.tw/
10879,state bond,州債{美國}；國債{其他國家},国债,https://terms.naer.edu.tw/
10880,state currency sovereignty,國家貨幣主權,国家货币主权,https://terms.naer.edu.tw/
10881,State diagram,狀態圖,状态图,https://terms.naer.edu.tw/
10882,state in statistical control,統計管制狀態,统计控制状态,https://terms.naer.edu.tw/
10883,state insurance,國家保險,国家保险,https://terms.naer.edu.tw/
10884,state key laboratory,國家重點實驗室,国家重点实验室,https://terms.naer.edu.tw/
10885,state key laboratory of building plans,國家重點實驗室建設計畫(1984),国家重点实验室建设计划(1984),https://terms.naer.edu.tw/
10886,state monopoly of foreign trade,對外貿易國家壟斷,对外贸易国家垄断,https://terms.naer.edu.tw/
10887,state natural science award,國家自然科學獎,国家自然科学奖,https://terms.naer.edu.tw/
10888,state of the art,當前最新技術,最新技术水平,https://terms.naer.edu.tw/
10889,state out of statistical control,非統計管制狀態,非统计控制状态,https://terms.naer.edu.tw/
10890,state price,狀態價格,,https://terms.naer.edu.tw/
10891,state science and technology advancement award,國家科學技術進步獎,国家科学技术进步奖,https://terms.naer.edu.tw/
10892,state science and technology awards,國家科學技術獎,国家科学技术奖,https://terms.naer.edu.tw/
10893,state subsidy,國家補貼,国家补贴,https://terms.naer.edu.tw/
10894,state technology innovation award,國家技術發明獎,国家技术发明奖,https://terms.naer.edu.tw/
10895,state top science and technology awards,國家最高科學技術獎,国家最高科学技术奖,https://terms.naer.edu.tw/
10896,state-owned shares,國有股,国有股,https://terms.naer.edu.tw/
10897,stateless currency,無國籍貨幣,无国籍货币,https://terms.naer.edu.tw/
10898,statement,陳述,陈述,https://terms.naer.edu.tw/
10899,statement of acceptance[on cheque],[支票上的]承兌說明,[支票上的]承兑申明,https://terms.naer.edu.tw/
10900,statement of account,帳單,账单,https://terms.naer.edu.tw/
10901,Statement of Accounting Principle,會計原則說明書,会计原则说明书,https://terms.naer.edu.tw/
10902,statement of accumulated net income,累計淨收益計算書,累计净收益计算书,https://terms.naer.edu.tw/
10903,statement of application of fund,資金運用表,资金运用表,https://terms.naer.edu.tw/
10904,Statement of Auditing Procedure,審計程序公報,审计程序公报,https://terms.naer.edu.tw/
10905,Statement of Basic Accounting Theory,基礎會計理論說明書,基础会计理论说明书,https://terms.naer.edu.tw/
10906,statement of cash,現金收支表,现金收支表,https://terms.naer.edu.tw/
10907,statement of cash flows,現金流量表,,https://terms.naer.edu.tw/
10908,statement of cash receipt and disbursement,現金收支表,现金收支表,https://terms.naer.edu.tw/
10909,statement of change in financial position,財務狀況變動表,财务状况变动表,https://terms.naer.edu.tw/
10910,statement of change in working capital,流動資本變動表,流动资本变动表,https://terms.naer.edu.tw/
10911,statement of claim,索賠聲明書,索赔报告,https://terms.naer.edu.tw/
10912,statement of claim in arbitration proceeding,仲裁程式中提出的索賠申請,仲裁程序中提出的索赔申请,https://terms.naer.edu.tw/
10913,statement of deficit,虧損表,亏损表,https://terms.naer.edu.tw/
10914,statement of development credit,開發信貸報表,开发信贷报表,https://terms.naer.edu.tw/
10915,statement of estimated application of fund,預算資金運用表,预算资金运用表,https://terms.naer.edu.tw/
10916,statement of expense,費用清單,费用清单,https://terms.naer.edu.tw/
10917,Statement of Financial Accounting Concepts,財務會計概念公報,财务会计概念公报,https://terms.naer.edu.tw/
10918,statement of financial condition,財務狀況表,财务状况表,https://terms.naer.edu.tw/
10919,statement of financial position,財務狀況表,财务状况表,https://terms.naer.edu.tw/
10920,statement of general average,共同海損清算書,共同海损理算书,https://terms.naer.edu.tw/
10921,statement of income and expenditure,收支對照表,收支对照表,https://terms.naer.edu.tw/
10922,statement of income and retained earning,收益及保留盈餘表,收益及保留盈余表,https://terms.naer.edu.tw/
10923,statement of loss and gain,損益表,损益表,https://terms.naer.edu.tw/
10924,statement of net worth,資本淨值表,资本净值表,https://terms.naer.edu.tw/
10925,statement of operating earning,營業收益表,营业收益表,https://terms.naer.edu.tw/
10926,statement of operation,營業概況表,经营情况表,https://terms.naer.edu.tw/
10927,statement of profit and loss,損益表,损益表,https://terms.naer.edu.tw/
10928,statement of realization and liquidation,變現和清償表,变现和清偿表,https://terms.naer.edu.tw/
10929,statement of receipt and disbursement of cash,現金收支表,现金收支表,https://terms.naer.edu.tw/
10930,statement of retained earnings,保留盈餘表,,https://terms.naer.edu.tw/
10931,statement of returned earning,留存盈餘表,留存盈余表,https://terms.naer.edu.tw/
10932,statement of revenue and expenditure,收支對照表,收支对照表,https://terms.naer.edu.tw/
10933,statement of settlement,結算書,结算书,https://terms.naer.edu.tw/
10934,statement of surplus analysis,盈餘分析表,盈余分析表,https://terms.naer.edu.tw/
10935,statement of working capital,營運資金表,营运资金表,https://terms.naer.edu.tw/
10936,Statements of Relationship,關係的陳述,关系的陈述,https://terms.naer.edu.tw/
10937,Static decision-making,靜態決策,静态决策,https://terms.naer.edu.tw/
10938,Static information source,靜態資訊來源,静态信息,https://terms.naer.edu.tw/
10939,static reports,靜態報告,,https://terms.naer.edu.tw/
10940,Static system,靜態系統,静态系统,https://terms.naer.edu.tw/
10941,static theory of capital structure,靜態資本結構理論,静态资本结构理论,https://terms.naer.edu.tw/
10942,static X-efficiency,靜態X效率,,https://terms.naer.edu.tw/
10943,statistical inventory control,統計存貨控制,统计库存控制,https://terms.naer.edu.tw/
10944,statistical process control {=SPC},統計製程控制,,https://terms.naer.edu.tw/
10945,statistical quality control{=SQC},統計品質管制,,https://terms.naer.edu.tw/
10946,statistics of trade,貿易統計,贸易统计,https://terms.naer.edu.tw/
10947,status,地位；狀態,,https://terms.naer.edu.tw/
10948,status characteristics theory,地位特性理論,地位特征理论,https://terms.naer.edu.tw/
10949,statutory arbitration,法定仲裁,法定仲裁,https://terms.naer.edu.tw/
10950,statutory capital,法定資本,法定资本,https://terms.naer.edu.tw/
10951,statutory ceiling,法定最高限額,法定最高限额,https://terms.naer.edu.tw/
10952,statutory mortgage,法定抵押,法定抵押,https://terms.naer.edu.tw/
10953,statutory reserve,法定準備,法定准备,https://terms.naer.edu.tw/
10954,statutory tariff,法定關稅稅率,法定关税税率,https://terms.naer.edu.tw/
10955,staying power,持久力,,https://terms.naer.edu.tw/
10956,stealth marketing,隱形行銷 ,,https://terms.naer.edu.tw/
10957,stem and leaf diagram　,莖葉圖,,https://terms.naer.edu.tw/
10958,stepped-up exercise price,逐步提高履約價,,https://terms.naer.edu.tw/
10959,stereotype,刻板印象,,https://terms.naer.edu.tw/
10960,sterling,英鎊,英镑,https://terms.naer.edu.tw/
10961,sterling area,英鎊區,英镑区,https://terms.naer.edu.tw/
10962,sterling bill,英鎊匯票,英镑汇票,https://terms.naer.edu.tw/
10963,sterling bloc,英鎊集團,英镑集团,https://terms.naer.edu.tw/
10964,sterling bond,英鎊債券,英镑公债,https://terms.naer.edu.tw/
10965,sterling certificate of deposit,英鎊定存單,英镑存款单,https://terms.naer.edu.tw/
10966,sterling crisis,英鎊危機,英镑危机,https://terms.naer.edu.tw/
10967,sterling exchange rate,英鎊匯率,英镑汇率,https://terms.naer.edu.tw/
10968,sterling exchange standard system,英鎊匯兌本位制,英镑汇兑本位制,https://terms.naer.edu.tw/
10969,sterling forward price,英鎊遠期價格,英镑远期价格,https://terms.naer.edu.tw/
10970,sterling gold,標準純金,标准纯金,https://terms.naer.edu.tw/
10971,sterling parity,英鎊平價,英镑平价,https://terms.naer.edu.tw/
10972,sterling-dollar cross rate,英鎊—美元交叉匯率,英镑—美元交叉汇率,https://terms.naer.edu.tw/
10973,STI-mode: science-technology innovation,科學技術創新的模型,基于科学研究的创新模式,https://terms.naer.edu.tw/
10974,stimulator,刺激者,,https://terms.naer.edu.tw/
10975,stimulus ambiguity,刺激模糊性,,https://terms.naer.edu.tw/
10976,stimulus-response model,刺激-反應模式；刺激-反應模型,,https://terms.naer.edu.tw/
10977,stipulated loss value,約定損失價值,约定损失价值,https://terms.naer.edu.tw/
10978,stipulated price,協定價格,协定价格,https://terms.naer.edu.tw/
10979,stipulation of equity ratio,股權比例規定,股权比例规定,https://terms.naer.edu.tw/
10980,stochastic volatility model,隨機波動模型,随机波动率模型,https://terms.naer.edu.tw/
10981,stock,股票,股票,https://terms.naer.edu.tw/
10982,stock appreciation right {=SAR},股票升值權利,股票升值收益,https://terms.naer.edu.tw/
10983,stock arbitrage,股票套利,股票套利,https://terms.naer.edu.tw/
10984,stock broker,證券經紀商,证券经纪人,https://terms.naer.edu.tw/
10985,stock broking firm,股票經紀商,股票[代理]交易所,https://terms.naer.edu.tw/
10986,stock certificate to bearer,無記名股票,无记名股票,https://terms.naer.edu.tw/
10987,stock cheque,股票匯票,股票支票,https://terms.naer.edu.tw/
10988,stock clearing,證券結算,证券清算,https://terms.naer.edu.tw/
10989,stock collateral loan,股票抵押貸款,股票抵押贷款,https://terms.naer.edu.tw/
10990,stock control　,存量管制,,https://terms.naer.edu.tw/
10991,stock dividend,股票股利,股票股利,https://terms.naer.edu.tw/
10992,stock draft,股票匯票,股票汇票,https://terms.naer.edu.tw/
10993,stock exchange,證券交易所,,https://terms.naer.edu.tw/
10994,stock exchange clearing house,證券交易結算公司,证券交易清算公司,https://terms.naer.edu.tw/
10995,Stock Exchange Compensation Fund,證券交易所補償基金,证券交易所补偿基金,https://terms.naer.edu.tw/
10996,stock exchange daily official list,證券交易所每日牌價,证券交易所每日牌价,https://terms.naer.edu.tw/
10997,stock exchange firm,證券公司,证券公司,https://terms.naer.edu.tw/
10998,stock exchange index,股票交易指數,股票交易指数,https://terms.naer.edu.tw/
10999,stock exchange list,證券交易所牌價,证券交易所牌价,https://terms.naer.edu.tw/
11000,stock exchange price,證券交易價格,证券交易价格,https://terms.naer.edu.tw/
11001,stock exchange quotation,證券交易所報價單,证券交易所报价单,https://terms.naer.edu.tw/
11002,stock exchange settlement,證券交易結算,证券交易清算,https://terms.naer.edu.tw/
11003,stock exchange transaction,證券交易所交易,证券交易所交易,https://terms.naer.edu.tw/
11004,stock fund,股票基金,股票基金,https://terms.naer.edu.tw/
11005,stock index,股票指數,股票指数,https://terms.naer.edu.tw/
11006,stock index arbitrage,股票指數套利,股票指数套利,https://terms.naer.edu.tw/
11007,stock index futures,股票指數期貨,股票指数期货,https://terms.naer.edu.tw/
11008,stock index futures market,股價指數期貨市場,股票指数期货市场,https://terms.naer.edu.tw/
11009,stock investment,股票投資,股票投资,https://terms.naer.edu.tw/
11010,stock investment trust,股票投資信託,股票投资信托,https://terms.naer.edu.tw/
11011,stock loan,股票融資,股票贷款,https://terms.naer.edu.tw/
11012,stock market,股票市場,股票市场,https://terms.naer.edu.tw/
11013,stock market bubble,股票市場泡沫,股票市场泡沫,https://terms.naer.edu.tw/
11014,stock market credit,股票市場信用,股票市场信用,https://terms.naer.edu.tw/
11015,stock market index,證券市場指數,证券市场指数,https://terms.naer.edu.tw/
11016,stock of capital,股本,股本,https://terms.naer.edu.tw/
11017,stock option,股票選擇權,股票期权,https://terms.naer.edu.tw/
11018,stock payment,股票支付,,https://terms.naer.edu.tw/
11019,stock premium,股票溢價,股票升水,https://terms.naer.edu.tw/
11020,stock price,股票價格,股票价格,https://terms.naer.edu.tw/
11021,stock price index,股票價格指數,股票价格指数,https://terms.naer.edu.tw/
11022,stock purchase,購股,,https://terms.naer.edu.tw/
11023,stock redemption,股票贖回,股份赎回,https://terms.naer.edu.tw/
11024,stock repurchase,買回庫藏股,股票回购,https://terms.naer.edu.tw/
11025,stock repurchase agreement,股票附買回合約,股票回购协议,https://terms.naer.edu.tw/
11026,stock sale,存貨銷售,股票销售,https://terms.naer.edu.tw/
11027,stock split,股票分割,,https://terms.naer.edu.tw/
11028,stock trade-off merger,股票交易併購,股份交易并购,https://terms.naer.edu.tw/
11029,stock transaction tax,證券交易稅,股票交易税,https://terms.naer.edu.tw/
11030,stock transfer,過戶,股票转让,https://terms.naer.edu.tw/
11031,stock transfer tax,股票轉讓稅,股票转让税,https://terms.naer.edu.tw/
11032,stock trust certificate,股份信託證明,股份信托证券,https://terms.naer.edu.tw/
11033,stock turnover,存貨週轉,,https://terms.naer.edu.tw/
11034,stock with par value,面值股票,面值股票,https://terms.naer.edu.tw/
11035,stock-out,無庫存,,https://terms.naer.edu.tw/
11036,stock-sales ratio,庫存-銷售比,,https://terms.naer.edu.tw/
11037,stockholder,股東,,https://terms.naer.edu.tw/
11038,stockkeeping unit {=SKU},庫存單位,存货单位,https://terms.naer.edu.tw/
11039,stockless purchase plan,無庫存採購計劃,,https://terms.naer.edu.tw/
11040,stockout,缺貨,缺货,https://terms.naer.edu.tw/
11041,stockout cost,缺貨成本；短缺成本,缺货损失,https://terms.naer.edu.tw/
11042,stop payment,止付,止付,https://terms.naer.edu.tw/
11043,stop payment note,[支票]止付通知書,[支票]止付通知书,https://terms.naer.edu.tw/
11044,stop payment order,止付命令或通知,止付命令或通知,https://terms.naer.edu.tw/
11045,stop-gap loan,過渡性融資,过渡性贷款,https://terms.naer.edu.tw/
11046,stop-limit order,停損限價單,限价止损,https://terms.naer.edu.tw/
11047,stop-loss order,停損單,止损指令,https://terms.naer.edu.tw/
11048,stopwatch time study,馬錶時間研究,秒表时间研究,https://terms.naer.edu.tw/
11049,stopwatch time study,馬錶時間研究,,https://terms.naer.edu.tw/
11050,storage costs,儲存成本,仓储费用,https://terms.naer.edu.tw/
11051,storage warehouse,存貨倉庫,,https://terms.naer.edu.tw/
11052,store audits,商店稽核,,https://terms.naer.edu.tw/
11053,store brand,商店品牌,,https://terms.naer.edu.tw/
11054,store image,商店形象,,https://terms.naer.edu.tw/
11055,store layout,店面佈局,,https://terms.naer.edu.tw/
11056,Store value card,儲值卡,,https://terms.naer.edu.tw/
11057,storming stage,動盪期｛Tuckman團隊發展五階段之一｝,,https://terms.naer.edu.tw/
11058,straddle,跨式部位,,https://terms.naer.edu.tw/
11059,straddle option,跨式選擇權,套购选择权,https://terms.naer.edu.tw/
11060,straddle strategy,跨式部位交易策略,宽跨式期权,https://terms.naer.edu.tw/
11061,straight arrival bill,直達匯票,直达汇票,https://terms.naer.edu.tw/
11062,straight bill,光票,光票,https://terms.naer.edu.tw/
11063,straight bill of lading {=straight B/L},記名提單,记名提单,https://terms.naer.edu.tw/
11064,straight commission plan,單一佣金計畫,,https://terms.naer.edu.tw/
11065,straight credit,直接信用狀,直接信用证,https://terms.naer.edu.tw/
11066,straight extension,直接延伸,,https://terms.naer.edu.tw/
11067,straight forward credit,直接信貸,直接信贷,https://terms.naer.edu.tw/
11068,straight investment,直接投資,直接投资,https://terms.naer.edu.tw/
11069,straight lease,直接租賃,直接租赁,https://terms.naer.edu.tw/
11070,straight line layout　,直線式佈置,,https://terms.naer.edu.tw/
11071,straight loan,無擔保貸款,无担保贷款,https://terms.naer.edu.tw/
11072,straight paper,無擔保票據,无担保票据,https://terms.naer.edu.tw/
11073,straight product extension,直接產品延伸,直接产品延伸,https://terms.naer.edu.tw/
11074,straight rebuy,直接再購,直接重购,https://terms.naer.edu.tw/
11075,straight salary plan,單一薪資計畫,,https://terms.naer.edu.tw/
11076,strangle,勒式部位策略,,https://terms.naer.edu.tw/
11077,strap,偏多跨式部位,,https://terms.naer.edu.tw/
11078,strategic action,策略行動,战略性行为,https://terms.naer.edu.tw/
11079,strategic activity system,策略活動系統,,https://terms.naer.edu.tw/
11080,strategic alignment,策略性校準；策略性適配,,https://terms.naer.edu.tw/
11081,strategic alliance,策略聯盟,,https://terms.naer.edu.tw/
11082,strategic alliance,策略聯盟,,https://terms.naer.edu.tw/
11083,strategic alliances,策略聯盟,战略联盟,https://terms.naer.edu.tw/
11084,strategic alliances,策略聯盟,战略联盟,https://terms.naer.edu.tw/
11085,strategic alliances {=SA},策略聯盟,,https://terms.naer.edu.tw/
11086,strategic asset,策略性資產,战略性资产,https://terms.naer.edu.tw/
11087,strategic asset,策略性資產,,https://terms.naer.edu.tw/
11088,strategic business area {=SBA},策略事業領域,,https://terms.naer.edu.tw/
11089,strategic business planning,策略事業規劃,,https://terms.naer.edu.tw/
11090,strategic business unit {=SBU},策略事業單位；戰略事業單位,,https://terms.naer.edu.tw/
11091,strategic choices,策略選擇,,https://terms.naer.edu.tw/
11092,strategic commitment,策略承諾,,https://terms.naer.edu.tw/
11093,strategic compensation plan,策略性薪酬計畫,战略薪酬计划,https://terms.naer.edu.tw/
11094,strategic compensation plan,策略性薪酬計畫,,https://terms.naer.edu.tw/
11095,strategic competitiveness,策略競爭力,,https://terms.naer.edu.tw/
11096,strategic contingency theory,策略性權變理論,战略权变理论,https://terms.naer.edu.tw/
11097,strategic control,策略性控制,,https://terms.naer.edu.tw/
11098,strategic control systems,策略控制系統,,https://terms.naer.edu.tw/
11099,strategic decision making,策略決策制定,战略决策,https://terms.naer.edu.tw/
11100,strategic dissonance,策略不一致性,,https://terms.naer.edu.tw/
11101,strategic effects,策略效果,,https://terms.naer.edu.tw/
11102,strategic fit,策略適配,,https://terms.naer.edu.tw/
11103,strategic flexibility,策略彈性,,https://terms.naer.edu.tw/
11104,strategic formulation school,策略制定學派,,https://terms.naer.edu.tw/
11105,strategic group,策略群組,,https://terms.naer.edu.tw/
11106,strategic human resource management,策略性人力資源管理,战略性人力资源管理,https://terms.naer.edu.tw/
11107,strategic inflection point,策略轉折點,,https://terms.naer.edu.tw/
11108,Strategic information,策略資訊,战略信息,https://terms.naer.edu.tw/
11109,Strategic information system,策略資訊系統,战略信息系统,https://terms.naer.edu.tw/
11110,strategic innovation,策略創新,,https://terms.naer.edu.tw/
11111,strategic innovation,策略創新,战略创新,https://terms.naer.edu.tw/
11112,strategic intent,策略意圖,,https://terms.naer.edu.tw/
11113,strategic investment,策略性投資,战略投资,https://terms.naer.edu.tw/
11114,strategic leadership,策略領導,,https://terms.naer.edu.tw/
11115,strategic level,策略層級,,https://terms.naer.edu.tw/
11116,strategic leverage,策略槓桿,,https://terms.naer.edu.tw/
11117,strategic management,策略管理,,https://terms.naer.edu.tw/
11118,strategic management,策略管理,,https://terms.naer.edu.tw/
11119,strategic management process,策略管理程序,,https://terms.naer.edu.tw/
11120,strategic marketing,策略行銷,,https://terms.naer.edu.tw/
11121,strategic marketing plan,策略行銷計畫,,https://terms.naer.edu.tw/
11122,strategic matrix analysis,策略矩陣分析法,,https://terms.naer.edu.tw/
11123,strategic mission,策略使命,,https://terms.naer.edu.tw/
11124,strategic move,策略勢態；策略動向,战略行动,https://terms.naer.edu.tw/
11125,strategic objectives,策略目標,,https://terms.naer.edu.tw/
11126,strategic partner,策略夥伴,,https://terms.naer.edu.tw/
11127,strategic partner,策略夥伴,战略伙伴,https://terms.naer.edu.tw/
11128,strategic partners,策略夥伴,,https://terms.naer.edu.tw/
11129,strategic plan,策略計畫,战略计划,https://terms.naer.edu.tw/
11130,strategic plan,策略計畫,,https://terms.naer.edu.tw/
11131,strategic planning,策略規劃,,https://terms.naer.edu.tw/
11132,strategic planning systems,策略規劃制度,,https://terms.naer.edu.tw/
11133,strategic point,策略點；戰略點,,https://terms.naer.edu.tw/
11134,strategic position and action evaluation matrix,策略地位和行動評估矩陣,,https://terms.naer.edu.tw/
11135,strategic positioning,策略定位,,https://terms.naer.edu.tw/
11136,strategic posture,策略形態,战略态势,https://terms.naer.edu.tw/
11137,strategic posture and strategic move,策略的「形」與「勢」,,https://terms.naer.edu.tw/
11138,strategic posture approach,策略形態分析法,,https://terms.naer.edu.tw/
11139,strategic premises,策略前提,,https://terms.naer.edu.tw/
11140,strategic renewal,策略更新,,https://terms.naer.edu.tw/
11141,strategic responsibility center,策略責任中心,,https://terms.naer.edu.tw/
11142,strategic thinking,策略思維,,https://terms.naer.edu.tw/
11143,strategic vision,策略願景,,https://terms.naer.edu.tw/
11144,strategic window,策略之窗,战略窗口；机会窗口,https://terms.naer.edu.tw/
11145,strategic withdrawal,策略性撤退,,https://terms.naer.edu.tw/
11146,Strategic-level systems,策略層次系統,,https://terms.naer.edu.tw/
11147,strategically valuable assets,策略價值資產,,https://terms.naer.edu.tw/
11148,strategy,策略；戰略,,https://terms.naer.edu.tw/
11149,strategy analysis,策略分析,,https://terms.naer.edu.tw/
11150,strategy formulation,策略制定,,https://terms.naer.edu.tw/
11151,strategy implementation,策略執行,,https://terms.naer.edu.tw/
11152,strategy management,策略管理,战略管理,https://terms.naer.edu.tw/
11153,strategy maps,策略地圖,,https://terms.naer.edu.tw/
11154,strategy options,策略選項,,https://terms.naer.edu.tw/
11155,strategy plan,策略計畫,战略计划,https://terms.naer.edu.tw/
11156,Strategy Rigidity,策略僵固性,策略僵固性,https://terms.naer.edu.tw/
11157,stratification,分層法,数据分层法,https://terms.naer.edu.tw/
11158,stratified purposive sampling,分層立意抽樣法,,https://terms.naer.edu.tw/
11159,stratified random sampling {=STRS},分層隨機抽樣法,,https://terms.naer.edu.tw/
11160,stratified sample,分層樣本,,https://terms.naer.edu.tw/
11161,street call loan,短期通知貸款,短期通知贷款,https://terms.naer.edu.tw/
11162,street dealing,盤後交易,场外交易,https://terms.naer.edu.tw/
11163,strengths,強勢,,https://terms.naer.edu.tw/
11164,stress,壓力,压力,https://terms.naer.edu.tw/
11165,stress,壓力,,https://terms.naer.edu.tw/
11166,stress interview,壓力面談,,https://terms.naer.edu.tw/
11167,stress management,壓力管理,压力管理,https://terms.naer.edu.tw/
11168,stress management,壓力管理,,https://terms.naer.edu.tw/
11169,stress testing,壓力測試,压力测试,https://terms.naer.edu.tw/
11170,stressor,壓力源,压力源,https://terms.naer.edu.tw/
11171,stressor,壓力源,,https://terms.naer.edu.tw/
11172,strictness error,嚴苛誤差,严格误差,https://terms.naer.edu.tw/
11173,strike,罷工,罢工,https://terms.naer.edu.tw/
11174,strike or exercise price,執行或履約價,,https://terms.naer.edu.tw/
11175,striking price,執行價格,,https://terms.naer.edu.tw/
11176,string diagram　,線圖,,https://terms.naer.edu.tw/
11177,strip,偏空跨式部位,,https://terms.naer.edu.tw/
11178,strong culture,強勢文化,强势文化,https://terms.naer.edu.tw/
11179,strong currency,強勢貨幣,坚挺货币,https://terms.naer.edu.tw/
11180,Strong-Campbell Interest Inventory,史肯二氏職業興趣測驗,斯特朗—坎贝尔兴趣问卷,https://terms.naer.edu.tw/
11181,strong-form efficiency,強式效率,强有效,https://terms.naer.edu.tw/
11182,structural approach,結構途徑,,https://terms.naer.edu.tw/
11183,structural attribute,結構屬性,结构属性,https://terms.naer.edu.tw/
11184,structural change,結構性改變,,https://terms.naer.edu.tw/
11185,structural equation model,結構方程式模式；結構方程式模型,,https://terms.naer.edu.tw/
11186,Structural Exchange Theory,結構交換理論,结构交换主义,https://terms.naer.edu.tw/
11187,Structural Features,結構特徵,结构特征,https://terms.naer.edu.tw/
11188,structural inertia,結構慣性,结构惯性,https://terms.naer.edu.tw/
11189,structural inertia,結構慣性,,https://terms.naer.edu.tw/
11190,structural redesign,結構重設計,结构重设计,https://terms.naer.edu.tw/
11191,structural shape,結構型態,,https://terms.naer.edu.tw/
11192,structural subsystem,結構子系統,,https://terms.naer.edu.tw/
11193,structural ties,結構性連結,,https://terms.naer.edu.tw/
11194,Structuration Theory,結構化理論,结构化理论,https://terms.naer.edu.tw/
11195,structure and segmentation of factor market,要素市場之結構與區隔,,https://terms.naer.edu.tw/
11196,Structure chart,結構圖,结构图,https://terms.naer.edu.tw/
11197,Structure Model,結構模式,结构模式,https://terms.naer.edu.tw/
11198,structure of interest rate,利率結構,利率结构,https://terms.naer.edu.tw/
11199,structure-conduct-performance model (s-c-p),結構-行為-績效模型,,https://terms.naer.edu.tw/
11200,Structured analysis,結構化分析,结构化分析,https://terms.naer.edu.tw/
11201,Structured data,結構化資料,结构化数据,https://terms.naer.edu.tw/
11202,Structured decision-making,結構化決策,结构化决策,https://terms.naer.edu.tw/
11203,Structured design,結構化設計,结构化设计,https://terms.naer.edu.tw/
11204,structured interview,結構式面談；結構式面試,结构化面试,https://terms.naer.edu.tw/
11205,Structured Method,結構化方法,结构化方法,https://terms.naer.edu.tw/
11206,structured note,結構型商品,,https://terms.naer.edu.tw/
11207,Structured problem,結構化問題,结构化问题,https://terms.naer.edu.tw/
11208,structured product,結構性金融商品,结构化金融产品,https://terms.naer.edu.tw/
11209,Structured programming,結構化程式設計,结构化程序设计,https://terms.naer.edu.tw/
11210,Structured query language (SQL),結構化查詢語言,结构化查询语言,https://terms.naer.edu.tw/
11211,structured questionnaire,結構式問卷,,https://terms.naer.edu.tw/
11212,stuck in the middle,在低成本與差異化間的進退維谷,夹在中间；徘徊其间,https://terms.naer.edu.tw/
11213,Study of archival documents compilation,檔案文獻編纂學,档案文献编纂学,https://terms.naer.edu.tw/
11214,Study of Archival Protection Technology,檔案保護技術學,文件保护技术学,https://terms.naer.edu.tw/
11215,Study of Archives law,檔案法規學,档案法规学,https://terms.naer.edu.tw/
11216,Study on Archival Application,應用檔案學,应用档案学,https://terms.naer.edu.tw/
11217,Study on Archival History,檔案史料學,档案史料学,https://terms.naer.edu.tw/
11218,sub-bill of lading {=sub-B/L},提單副本,提单副本,https://terms.naer.edu.tw/
11219,sub-brand,副品牌,,https://terms.naer.edu.tw/
11220,sub-contract,分包,转包合同,https://terms.naer.edu.tw/
11221,Sub-real-time simulation,亞即時模擬,亚实时模拟,https://terms.naer.edu.tw/
11222,subcontracting　,轉包；分包,,https://terms.naer.edu.tw/
11223,subculture,次文化,,https://terms.naer.edu.tw/
11224,Subdivision by analogy,類目仿分,类目仿分,https://terms.naer.edu.tw/
11225,Subject,主題,主题,https://terms.naer.edu.tw/
11226,Subject analysis,主題分析,主题分析,https://terms.naer.edu.tw/
11227,Subject heading,標題詞,标题词,https://terms.naer.edu.tw/
11228,Subject heading method,標題詞法,标题词法,https://terms.naer.edu.tw/
11229,Subject indexing,主題標引,主题标引,https://terms.naer.edu.tw/
11230,Subject information gateway,學科資訊門戶,学科信息门户,https://terms.naer.edu.tw/
11231,Subject navigation,學科導航庫,学科导航库,https://terms.naer.edu.tw/
11232,Subject term,主題詞,主题词,https://terms.naer.edu.tw/
11233,subject to export license being obtained,以獲得輸出許可證爲條件,以获得出口许可证为条件,https://terms.naer.edu.tw/
11234,subject to import license being obtained,以獲得輸入許可證爲條件,以获得进口许可证为条件,https://terms.naer.edu.tw/
11235,subject to quota,以獲得配額爲條件,以获取配额为条件,https://terms.naer.edu.tw/
11236,Subject-based organization method,主題組織法,主题组织法,https://terms.naer.edu.tw/
11237,Subject-oriented,主題導向,面向主题,https://terms.naer.edu.tw/
11238,subjective expected utility theory,主觀期望效用理論,主观期望效用理论,https://terms.naer.edu.tw/
11239,subjective expected utility theory,主觀期望效用理論,,https://terms.naer.edu.tw/
11240,subjective inducement,主觀誘因,,https://terms.naer.edu.tw/
11241,Subjective Norm,主觀規範,主观规范,https://terms.naer.edu.tw/
11242,subordinated debenture,次順位債券,次级债券,https://terms.naer.edu.tw/
11243,subprime mortgage loan,次級房貸,次级按揭贷款,https://terms.naer.edu.tw/
11244,subscription of government bond,認購政府債券,认购政府债券,https://terms.naer.edu.tw/
11245,subscription price,認購價格,认购价格,https://terms.naer.edu.tw/
11246,subscription quota,認購配額,认缴份额,https://terms.naer.edu.tw/
11247,subscription right,認股權,认股权,https://terms.naer.edu.tw/
11248,subsequent endorser,後續背書人,后继背书人,https://terms.naer.edu.tw/
11249,subsidiaries,子公司,,https://terms.naer.edu.tw/
11250,subsidiary coin,輔幣,辅币,https://terms.naer.edu.tw/
11251,subsidiary credit,轉開信用狀,从属信用证,https://terms.naer.edu.tw/
11252,subsidiary export company,出口子公司,附属出口公司,https://terms.naer.edu.tw/
11253,subsidized export,出口補貼,出口补贴,https://terms.naer.edu.tw/
11254,subsidy,補貼,补贴,https://terms.naer.edu.tw/
11255,substantial,足量性,,https://terms.naer.edu.tw/
11256,substantial motivation theories,內容型激勵理論,,https://terms.naer.edu.tw/
11257,substantive model,實質模式,,https://terms.naer.edu.tw/
11258,substitute money,代用貨幣,代用货币,https://terms.naer.edu.tw/
11259,substitute product,替代品,,https://terms.naer.edu.tw/
11260,substitute security,替代擔保,替代担保,https://terms.naer.edu.tw/
11261,substitutes,替代品,,https://terms.naer.edu.tw/
11262,substitutes for leadership theory,領導替代理論,领导替代理论,https://terms.naer.edu.tw/
11263,substitution,替代,,https://terms.naer.edu.tw/
11264,substitution obligation,替代公債,替代公债,https://terms.naer.edu.tw/
11265,substitution swap,替代交換,替代互换,https://terms.naer.edu.tw/
11266,Subsystem,子系統,子系统,https://terms.naer.edu.tw/
11267,Subsystem testing,子系統測試,子系统测试,https://terms.naer.edu.tw/
11268,subtracted time,削減時間,削减时间,https://terms.naer.edu.tw/
11269,successful bid,得標,中标,https://terms.naer.edu.tw/
11270,successful bidder,得標人,中标人,https://terms.naer.edu.tw/
11271,succession management,繼承管理,,https://terms.naer.edu.tw/
11272,succession planning,接班規劃,继任计划；接班计划,https://terms.naer.edu.tw/
11273,succession planning,接班規劃,,https://terms.naer.edu.tw/
11274,successive endorsement,連續背書,后续背书,https://terms.naer.edu.tw/
11275,Sufficient Condition,充分條件,充分条件,https://terms.naer.edu.tw/
11276,suggestion system,建議制度；建議系統,建议制度,https://terms.naer.edu.tw/
11277,Summarization,概要,浅标引,https://terms.naer.edu.tw/
11278,summary indicator,綜合指數,综合指数,https://terms.naer.edu.tw/
11279,summative evaluation,總結性評估,,https://terms.naer.edu.tw/
11280,sunk cost,沉沒成本,沉没成本,https://terms.naer.edu.tw/
11281,sunk cost fallacy,沉没成本謬誤,,https://terms.naer.edu.tw/
11282,Super dividend,超級股利,超级股利,https://terms.naer.edu.tw/
11283,Super Theory Y,超Y理論,,https://terms.naer.edu.tw/
11284,Super-real-time simulation,超即時模擬,超实时模拟,https://terms.naer.edu.tw/
11285,Super's stage of career development theory,Super職涯發展階段理論,萨氏职业生涯发展阶段理论,https://terms.naer.edu.tw/
11286,Super's work values inventory,Super工作價值量表,萨柏工作价值观问卷,https://terms.naer.edu.tw/
11287,Supercomputer,超級電腦,巨型计算机,https://terms.naer.edu.tw/
11288,superego-indifference curve,超我無差異曲線,,https://terms.naer.edu.tw/
11289,Superior Influence,上級影響,上级影响,https://terms.naer.edu.tw/
11290,superior-subordinate relationship,上司和下屬間關係,,https://terms.naer.edu.tw/
11291,supermarket,超級市場,超级市场；超市,https://terms.naer.edu.tw/
11292,supernational bank,跨國銀行,跨国银行,https://terms.naer.edu.tw/
11293,supernational corporation,跨國公司,跨国公司,https://terms.naer.edu.tw/
11294,supernormal growth,超常成長,,https://terms.naer.edu.tw/
11295,supershare,超級股份,超级股票,https://terms.naer.edu.tw/
11296,superstore,超級商店,超级商店,https://terms.naer.edu.tw/
11297,supervision on asset quality,資產品質監管,资产质量监管,https://terms.naer.edu.tw/
11298,supervision on liquidity,流動性監管,流动性监管,https://terms.naer.edu.tw/
11299,supervisory ability,監督能力,,https://terms.naer.edu.tw/
11300,supervisory management,監督管理層,,https://terms.naer.edu.tw/
11301,supplemental credit,追加信貸,追加信贷,https://terms.naer.edu.tw/
11302,supplemental tariff,追加關稅稅率表,追加关税税率表,https://terms.naer.edu.tw/
11303,supplemental unemployment benefit,補助性失業福利,,https://terms.naer.edu.tw/
11304,supplementary bid,追加投標,追加投标,https://terms.naer.edu.tw/
11305,supplementary dividend,增發股息,附加股息；增发股息,https://terms.naer.edu.tw/
11306,supplementary element,補充要素,补充要素,https://terms.naer.edu.tw/
11307,supplementary financing,追加融資,追加融资,https://terms.naer.edu.tw/
11308,supplementary input,追加投入,追加投入,https://terms.naer.edu.tw/
11309,supplementary pension,補充退休金,补充养老保险,https://terms.naer.edu.tw/
11310,supplier,供應商,,https://terms.naer.edu.tw/
11311,supplier bargaining power,供應商議價力,供应商议价能力,https://terms.naer.edu.tw/
11312,supplier development,供應商發展,,https://terms.naer.edu.tw/
11313,supplier involvement in technological innovation,供應商參與創新,供货商参与创新,https://terms.naer.edu.tw/
11314,supplier partnership,供應商關係,供应商关系,https://terms.naer.edu.tw/
11315,supplier search,供應商搜尋,,https://terms.naer.edu.tw/
11316,supplier selection,供應商選擇,供应商选择,https://terms.naer.edu.tw/
11317,supplier selection and evaluation,供應商選擇和評估,供应商选择和评价,https://terms.naer.edu.tw/
11318,supplier-evaluation model,供應商評估模式,,https://terms.naer.edu.tw/
11319,supplier’s credit,供應商信貸,供应商信贷,https://terms.naer.edu.tw/
11320,supplier’s invoice,供應商發票,供货商发票,https://terms.naer.edu.tw/
11321,suppliers,供應商,,https://terms.naer.edu.tw/
11322,supply analysis of international trade,國際貿易供給分析,国际贸易供给分析,https://terms.naer.edu.tw/
11323,supply chain 　,供應鏈,,https://terms.naer.edu.tw/
11324,supply chain,供應鏈,,https://terms.naer.edu.tw/
11325,supply chain management {=SCM},供應鏈管理,,https://terms.naer.edu.tw/
11326,Supply chain management system,供應鏈管理系統,供应链管理系统,https://terms.naer.edu.tw/
11327,Supply chain planning,供應鏈規劃,,https://terms.naer.edu.tw/
11328,supply management,供應管理,供应管理,https://terms.naer.edu.tw/
11329,supply-push type,供給推動型,,https://terms.naer.edu.tw/
11330,supply-side substitutability,供給面可替代性,,https://terms.naer.edu.tw/
11331,support activities,支援活動,,https://terms.naer.edu.tw/
11332,support relation theory,支持關係理論,,https://terms.naer.edu.tw/
11333,supportive relationships theory,支持關係理論,,https://terms.naer.edu.tw/
11334,supportive value activities,支援性的價值活動,辅助活动,https://terms.naer.edu.tw/
11335,surface acting,表層演出,表层掩饰,https://terms.naer.edu.tw/
11336,surface interventions,表面介入；表面干預,,https://terms.naer.edu.tw/
11337,surplus from stock redemption,股票贖回公積,股票偿还盈余,https://terms.naer.edu.tw/
11338,surrender foreign currency,結售外幣,交付外币,https://terms.naer.edu.tw/
11339,surrender of bill of lading,提示提單；交付提單,交付提单,https://terms.naer.edu.tw/
11340,surrender of exchange,結匯,结汇,https://terms.naer.edu.tw/
11341,surtax on indirect import,間接進口附加稅,间接进口附加关税,https://terms.naer.edu.tw/
11342,survey feedback,調查回饋,调查回馈,https://terms.naer.edu.tw/
11343,survey feedback,調查回饋,,https://terms.naer.edu.tw/
11344,survey instrument error,調查工具誤差,,https://terms.naer.edu.tw/
11345,survey research,調查研究,问卷调查研究,https://terms.naer.edu.tw/
11346,survivor's sickness,倖存者病症,幸存者综合症,https://terms.naer.edu.tw/
11347,suspension of convertibility of dollar into gold,停止美元與黃金兌換,停止美元与黄金兑换,https://terms.naer.edu.tw/
11348,suspension of import,停止進口,进口停止,https://terms.naer.edu.tw/
11349,sustainability,持續性,,https://terms.naer.edu.tw/
11350,sustainable city,永續城市,,https://terms.naer.edu.tw/
11351,sustainable competitive advantage,持續性競爭優勢,,https://terms.naer.edu.tw/
11352,sustainable development,可持續發展,可持续发展,https://terms.naer.edu.tw/
11353,sustainable distinctive competencies,持續性獨特能耐,,https://terms.naer.edu.tw/
11354,sustainable innovation,可持續創新,可持续创新,https://terms.naer.edu.tw/
11355,sustainable marketing,永續行銷,,https://terms.naer.edu.tw/
11356,sustaining innovation,持續性創新,,https://terms.naer.edu.tw/
11357,swap,交換,互换,https://terms.naer.edu.tw/
11358,swap agreement,換匯協定,互换货币协议,https://terms.naer.edu.tw/
11359,swap arbitrage,換匯套利,换汇套利,https://terms.naer.edu.tw/
11360,swap cost,換匯成本,互惠信贷成本,https://terms.naer.edu.tw/
11361,swap credit,換匯信貸,互惠信贷,https://terms.naer.edu.tw/
11362,swap dealer,交換買賣商,,https://terms.naer.edu.tw/
11363,swap dealing,換匯交易,掉期交易,https://terms.naer.edu.tw/
11364,swap exchange guarantee,外匯調期保證,外汇调期保证,https://terms.naer.edu.tw/
11365,swap exchange transaction,[外匯期貨和現貨]換匯交易,[外汇期货和现货]掉期交易,https://terms.naer.edu.tw/
11366,swap facility,換匯業務,套汇业务,https://terms.naer.edu.tw/
11367,swap fund,互惠基金,互惠基金,https://terms.naer.edu.tw/
11368,swap line,換匯額度,互换外汇限额,https://terms.naer.edu.tw/
11369,swap market,換匯市場,互换市场；外汇调期市场,https://terms.naer.edu.tw/
11370,swap operation,換匯業務,互惠信贷业务,https://terms.naer.edu.tw/
11371,swap position,換匯部位,互惠外汇头寸,https://terms.naer.edu.tw/
11372,swap rate,換匯匯率,换汇汇率,https://terms.naer.edu.tw/
11373,swap trade,換匯交易,互换交易,https://terms.naer.edu.tw/
11374,swap transaction,換匯交易,掉期交易,https://terms.naer.edu.tw/
11375,swaps contract,交換合約,互换合约,https://terms.naer.edu.tw/
11376,swaption,交換選擇權,互换期权,https://terms.naer.edu.tw/
11377,sweating system,血汗制度,,https://terms.naer.edu.tw/
11378,sweatshop,血汗工廠,血汗工厂,https://terms.naer.edu.tw/
11379,sweepstakes,抽獎,抽奖促销,https://terms.naer.edu.tw/
11380,switch option,轉換選擇權,转换期权,https://terms.naer.edu.tw/
11381,switch trade,轉手貿易,转手贸易,https://terms.naer.edu.tw/
11382,Switched lines,交換式線路,,https://terms.naer.edu.tw/
11383,switching cost,轉換成本,,https://terms.naer.edu.tw/
11384,switching costs,轉換成本,,https://terms.naer.edu.tw/
11385,switching costs,轉換成本,,https://terms.naer.edu.tw/
11386,SWOT analysis,SWOT 分析,SWOT分析,https://terms.naer.edu.tw/
11387,Symbiotic Interdependence,共生相依,共生相依,https://terms.naer.edu.tw/
11388,symbiotic marketing,共生行銷,,https://terms.naer.edu.tw/
11389,Symbolic model,符號模型,符号模型,https://terms.naer.edu.tw/
11390,symbolic product,象徵性產品,,https://terms.naer.edu.tw/
11391,Symbolizing,符號化,符号化,https://terms.naer.edu.tw/
11392,symmetallism,複本位制度,金银混合本位制,https://terms.naer.edu.tw/
11393,symmetric information,對稱資訊,,https://terms.naer.edu.tw/
11394,symmetrical information,對稱資訊,,https://terms.naer.edu.tw/
11395,Symmetrical key encryption,對稱金鑰加密,,https://terms.naer.edu.tw/
11396,symptom management strategy,症狀管理策略,症状管理策略,https://terms.naer.edu.tw/
11397,synchronized production,同步生產,同步生产,https://terms.naer.edu.tw/
11398,synchronous control,同步控制,同步控制,https://terms.naer.edu.tw/
11399,synchronous manufacturing,同步製造,,https://terms.naer.edu.tw/
11400,synchronous operations　,同步作業,,https://terms.naer.edu.tw/
11401,synchronous scheduling,同步排程,同步排程,https://terms.naer.edu.tw/
11402,Synchronous transmission,同步式傳輸,,https://terms.naer.edu.tw/
11403,syndicate,企業集團,辛迪加,https://terms.naer.edu.tw/
11404,syndicate agreement,企業集團協議,辛迪加协议,https://terms.naer.edu.tw/
11405,syndicate bank,銀行團,银行团,https://terms.naer.edu.tw/
11406,syndicate credit,聯合信貸,银团信贷,https://terms.naer.edu.tw/
11407,syndicated loan,聯合貸款,联合贷款,https://terms.naer.edu.tw/
11408,"syndicated loan, joint loan",聯貸,辛迪加贷款,https://terms.naer.edu.tw/
11409,syndicated tender,聯合投標,联合投标,https://terms.naer.edu.tw/
11410,synergistic merger & acquisition,綜效式併購,,https://terms.naer.edu.tw/
11411,synergistic strategic alliance,綜效性策略聯盟,,https://terms.naer.edu.tw/
11412,synergy,綜效,,https://terms.naer.edu.tw/
11413,synergy innovation,協同創新,协同创新,https://terms.naer.edu.tw/
11414,synergy value,綜效價值,,https://terms.naer.edu.tw/
11415,Synopsis,簡介,提要,https://terms.naer.edu.tw/
11416,synthetic call,合成式買權,,https://terms.naer.edu.tw/
11417,synthetic data,合成數據,合成数据,https://terms.naer.edu.tw/
11418,synthetic equity position,合成式權益部位,,https://terms.naer.edu.tw/
11419,synthetic leveling,合成平準化法,合成评比法,https://terms.naer.edu.tw/
11420,synthetic portfolios,合成式投資組合,,https://terms.naer.edu.tw/
11421,synthetic T-bill,合成式短期債券,,https://terms.naer.edu.tw/
11422,synthetic time standard,合成時間標準,合成时间标准,https://terms.naer.edu.tw/
11423,System,系統,系统,https://terms.naer.edu.tw/
11424,System analysis,系統分析,系统分析,https://terms.naer.edu.tw/
11425,System architecture,系統架構,系统体系结构,https://terms.naer.edu.tw/
11426,System assessment,系統評價,系统评价,https://terms.naer.edu.tw/
11427,System capacity,系統能力,系统能力,https://terms.naer.edu.tw/
11428,System component,系統元件,系统部件,https://terms.naer.edu.tw/
11429,system constraint,系統限制,系统约束,https://terms.naer.edu.tw/
11430,system design,系統設計,系统设计,https://terms.naer.edu.tw/
11431,System Development,系統開發,系统建构,https://terms.naer.edu.tw/
11432,System development life cycle (SDLC),系統開發生命週期,系统生命周期,https://terms.naer.edu.tw/
11433,system dynamics,系統動力學,,https://terms.naer.edu.tw/
11434,System dynamics analysis,系統動力學分析,系统动力学分析,https://terms.naer.edu.tw/
11435,System dynamics model,系統動力學模型,系统动力学模型,https://terms.naer.edu.tw/
11436,system efficiency,系統效率,,https://terms.naer.edu.tw/
11437,System element,系統元素,系统元素,https://terms.naer.edu.tw/
11438,System environment,系統環境,系统环境,https://terms.naer.edu.tw/
11439,System evolution,系統演化,系统演化,https://terms.naer.edu.tw/
11440,System evolution analysis,系統演化分析,系统演化分析,https://terms.naer.edu.tw/
11441,System evolution model,系統演化模型,系统演化模型,https://terms.naer.edu.tw/
11442,System flowchart,系統流程圖,,https://terms.naer.edu.tw/
11443,System function,系統功能,系统功能,https://terms.naer.edu.tw/
11444,System function analysis,系統功能分析,系统功能分析,https://terms.naer.edu.tw/
11445,System function model,系統功能模型,系统功能模型,https://terms.naer.edu.tw/
11446,System integration,系統整合,系统集成,https://terms.naer.edu.tw/
11447,system integration and networking,系統整合與網路連結,系统集成与网络化,https://terms.naer.edu.tw/
11448,System interface,系統介面,系统接口,https://terms.naer.edu.tw/
11449,system management,系統管理,,https://terms.naer.edu.tw/
11450,system management school,系統管理學派,,https://terms.naer.edu.tw/
11451,System method,系統方法,系统方法,https://terms.naer.edu.tw/
11452,System methodology,系統方法論,系统方法论,https://terms.naer.edu.tw/
11453,System model,系統模型,系统模型,https://terms.naer.edu.tw/
11454,System objective,系統目標,系统目标,https://terms.naer.edu.tw/
11455,system of customs guarantee,海關擔保制度,海关担保制度,https://terms.naer.edu.tw/
11456,system of freely fluctuating exchange rate,自由浮動匯率制度,自由浮动汇率制度,https://terms.naer.edu.tw/
11457,system of licensing,許可證制度,许可证制度,https://terms.naer.edu.tw/
11458,system of multilateral trade commitment,多邊貿易承諾制度,多边贸易承诺制度,https://terms.naer.edu.tw/
11459,system of natural science,自然科學系統,自然科学体系,https://terms.naer.edu.tw/
11460,system of quality certificate for export commodity,出口商品質量證明制度,出口商品质量证明制度,https://terms.naer.edu.tw/
11461,System optimization,系統最佳化,系统优化,https://terms.naer.edu.tw/
11462,System simulation,系統模擬,系统仿真,https://terms.naer.edu.tw/
11463,System simulation model,系統模擬模型,系统仿真模型,https://terms.naer.edu.tw/
11464,System state,系統狀態,系统状态,https://terms.naer.edu.tw/
11465,System structure,系統結構,系统结构,https://terms.naer.edu.tw/
11466,System structure analysis,系統結構分析,系统结构分析,https://terms.naer.edu.tw/
11467,System structure model,系統結構模型,系统结构模型,https://terms.naer.edu.tw/
11468,System synthesis,系統綜合,系统综合,https://terms.naer.edu.tw/
11469,System testing,系統測試,系统测试,https://terms.naer.edu.tw/
11470,System thinking,系統思考,系统思想,https://terms.naer.edu.tw/
11471,systematic diagram,系統圖,系统图,https://terms.naer.edu.tw/
11472,systematic dumping,有組織的傾銷,有组织的倾销,https://terms.naer.edu.tw/
11473,systematic error,系統性誤差,,https://terms.naer.edu.tw/
11474,systematic layout planning (SLP),系統化佈置規劃,,https://terms.naer.edu.tw/
11475,systematic random sampling {=SYMRS},系統隨機抽樣法,,https://terms.naer.edu.tw/
11476,systematic risk,系統風險,,https://terms.naer.edu.tw/
11477,systematic stress testing,系統化壓力測試,系统化压力测试,https://terms.naer.edu.tw/
11478,systematic study,系統化研究,系统化研究,https://terms.naer.edu.tw/
11479,systematic training model,系統化培訓模式；系統化培訓模型,,https://terms.naer.edu.tw/
11480,Systematics,系統學,系统学,https://terms.naer.edu.tw/
11481,systems analysis,系統分析,,https://terms.naer.edu.tw/
11482,systems approach,系統方法,管理的系统方法,https://terms.naer.edu.tw/
11483,systems approach,系統方法,,https://terms.naer.edu.tw/
11484,systems buying,系統購買,,https://terms.naer.edu.tw/
11485,systems contracting,系統式承包,,https://terms.naer.edu.tw/
11486,Systems engineering,系統工程,系统工程,https://terms.naer.edu.tw/
11487,Systems integration,系統整合,,https://terms.naer.edu.tw/
11488,Systems network architecture (SNA),系統網路架構,,https://terms.naer.edu.tw/
11489,Systems science,系統科學,系统科学,https://terms.naer.edu.tw/
11490,systems selling,系統銷售,系统销售,https://terms.naer.edu.tw/
11491,Systems software,系統軟體,,https://terms.naer.edu.tw/
11492,systems thinking,系統思考,,https://terms.naer.edu.tw/
11493,T-group training,T群訓練,,https://terms.naer.edu.tw/
11494,t-test,T檢定,,https://terms.naer.edu.tw/
11495,tacit collusion,默會式合謀,,https://terms.naer.edu.tw/
11496,tacit cooperation,默會式合作,,https://terms.naer.edu.tw/
11497,tacit innovation benefit,隱性創新效益,隐性创新效益,https://terms.naer.edu.tw/
11498,tacit knowledge,隱性知識；內隱性知識；內隱知識,隐性知识；意会知识；内隐知识,https://terms.naer.edu.tw/
11499,Tacit knowledge management,隱性知識管理,隐性知识管理,https://terms.naer.edu.tw/
11500,tactical decision making,戰術性決策,,https://terms.naer.edu.tw/
11501,Tactical information,戰術信息,战术信息,https://terms.naer.edu.tw/
11502,tactical level,戰術層級,,https://terms.naer.edu.tw/
11503,tactical marketing plan,戰術性行銷計畫,,https://terms.naer.edu.tw/
11504,tactical plan,戰術計畫,,https://terms.naer.edu.tw/
11505,tactical planning,戰術規劃,,https://terms.naer.edu.tw/
11506,tactics,戰術,,https://terms.naer.edu.tw/
11507,tactics,戰術,,https://terms.naer.edu.tw/
11508,Taguchi method,田口法,,https://terms.naer.edu.tw/
11509,take a position,建倉,建仓,https://terms.naer.edu.tw/
11510,take over,接管,,https://terms.naer.edu.tw/
11511,take-over bid,收購投標,购并递盘,https://terms.naer.edu.tw/
11512,takeover,接管,,https://terms.naer.edu.tw/
11513,takeovers,接管,接管,https://terms.naer.edu.tw/
11514,talent management,關鍵人才管理；核心人才管理,人才管理,https://terms.naer.edu.tw/
11515,talent pool system,關鍵人才儲備制度,人才储备制度,https://terms.naer.edu.tw/
11516,tall structure,高型結構；多層級組織結構,,https://terms.naer.edu.tw/
11517,tangible,有形性,有形性,https://terms.naer.edu.tw/
11518,tangible assets,有形資產,,https://terms.naer.edu.tw/
11519,tangible goods trade,有形商品貿易,有形商品贸易,https://terms.naer.edu.tw/
11520,tangible resources,有形資源,有形资源,https://terms.naer.edu.tw/
11521,tangible resources,有形資源,,https://terms.naer.edu.tw/
11522,tangibles,有形物,,https://terms.naer.edu.tw/
11523,tap water philosophy,自來水哲學,,https://terms.naer.edu.tw/
11524,tapered vertical integration,部分垂直整合,,https://terms.naer.edu.tw/
11525,target audience,目標閱聽眾,,https://terms.naer.edu.tw/
11526,target capital structure,目標資本結構,,https://terms.naer.edu.tw/
11527,target company,標的公司,,https://terms.naer.edu.tw/
11528,target costing,目標成本法,目标成本定价,https://terms.naer.edu.tw/
11529,target costing,目標成本法,,https://terms.naer.edu.tw/
11530,target customer segments,目標顧客區隔,,https://terms.naer.edu.tw/
11531,target inventory level,目標存貨量,目标库存量,https://terms.naer.edu.tw/
11532,target investment,投資目標,定向投资,https://terms.naer.edu.tw/
11533,target market,目標市場,,https://terms.naer.edu.tw/
11534,target marketing,目標行銷,,https://terms.naer.edu.tw/
11535,target price,目標價格,目标价格,https://terms.naer.edu.tw/
11536,target profit pricing,目標利潤訂價法,目标利润定价,https://terms.naer.edu.tw/
11537,target return pricing,目標報酬訂價法,,https://terms.naer.edu.tw/
11538,tariff,關稅,关税,https://terms.naer.edu.tw/
11539,tariff act,關稅法,关税法,https://terms.naer.edu.tw/
11540,tariff agreement,關稅協定,关税协定,https://terms.naer.edu.tw/
11541,tariff alliance,關稅聯盟,关税联盟,https://terms.naer.edu.tw/
11542,tariff autonomy,關稅自主[權],关税自主[权],https://terms.naer.edu.tw/
11543,tariff barrier,關稅壁壘,关税壁垒,https://terms.naer.edu.tw/
11544,tariff diminution,關稅減讓,关税减让,https://terms.naer.edu.tw/
11545,tariff effect,關稅效應,关税效应,https://terms.naer.edu.tw/
11546,tariff factory,保稅工廠,关税工厂,https://terms.naer.edu.tw/
11547,tariff nomenclature,稅則目錄,税则目录,https://terms.naer.edu.tw/
11548,tariff policy,關稅政策,关税政策,https://terms.naer.edu.tw/
11549,tariff protect,關稅保護,关税保护,https://terms.naer.edu.tw/
11550,tariff quota,關稅配額,关税定额,https://terms.naer.edu.tw/
11551,tariff rate,關稅率,关税率,https://terms.naer.edu.tw/
11552,tariff structure,關稅結構,关税结构,https://terms.naer.edu.tw/
11553,tariff war,關稅戰爭,关税战,https://terms.naer.edu.tw/
11554,tariff-free zone,免稅區,自由关税区,https://terms.naer.edu.tw/
11555,task & bonus system,任務獎金制度,,https://terms.naer.edu.tw/
11556,task analysis,任務分析,任务分析,https://terms.naer.edu.tw/
11557,task analysis,任務分析,,https://terms.naer.edu.tw/
11558,task attribute,任務屬性,,https://terms.naer.edu.tw/
11559,task conflict,任務衝突,任务冲突,https://terms.naer.edu.tw/
11560,task conflict,任務衝突,,https://terms.naer.edu.tw/
11561,Task Difficulty,任務困難度,任务困难度,https://terms.naer.edu.tw/
11562,task environment,任務環境,任务环境,https://terms.naer.edu.tw/
11563,task environment,任務環境,,https://terms.naer.edu.tw/
11564,task group,任務團體,任务群体,https://terms.naer.edu.tw/
11565,task identity,任務認同,,https://terms.naer.edu.tw/
11566,task interdependence,任務相依性,任务相依性,https://terms.naer.edu.tw/
11567,task performance,任務績效,任务绩效,https://terms.naer.edu.tw/
11568,task performance,任務績效,,https://terms.naer.edu.tw/
11569,task segmentation,任務分割,任务分割,https://terms.naer.edu.tw/
11570,task significance,任務重要性,任务重要性,https://terms.naer.edu.tw/
11571,task significance,任務重要性,,https://terms.naer.edu.tw/
11572,task structure,任務結構,任务结构,https://terms.naer.edu.tw/
11573,Task Variability,任務變化度,任务变化度,https://terms.naer.edu.tw/
11574,task-oriented,任務導向,,https://terms.naer.edu.tw/
11575,Task-Technology Fit Model {=TTF},任務－科技適配模式,任务－科技适配模式,https://terms.naer.edu.tw/
11576,tax abatement,減稅,减税,https://terms.naer.edu.tw/
11577,tax anticipation bill {=TABs},先期交稅債券,先期交税债券,https://terms.naer.edu.tw/
11578,tax anticipation note {=TANs},預期稅捐本票；賦稅抵償債券,先期付税票据,https://terms.naer.edu.tw/
11579,tax avoidance,避稅,避税,https://terms.naer.edu.tw/
11580,tax base,稅基,课税标准,https://terms.naer.edu.tw/
11581,tax bearing,租稅負擔,税收负担,https://terms.naer.edu.tw/
11582,tax bearing capacity,稅負能力,税负能力,https://terms.naer.edu.tw/
11583,tax bearing rate,稅負率,税负率,https://terms.naer.edu.tw/
11584,tax bill,稅單,征税单,https://terms.naer.edu.tw/
11585,tax break,減稅,减税,https://terms.naer.edu.tw/
11586,tax collection,徵稅,征税,https://terms.naer.edu.tw/
11587,tax criterion,課稅標準,课税标准,https://terms.naer.edu.tw/
11588,tax deferral,遞延納稅,延期纳税,https://terms.naer.edu.tw/
11589,tax demand,核定稅款,核定税款,https://terms.naer.edu.tw/
11590,tax differential theory,所得稅差異論,,https://terms.naer.edu.tw/
11591,tax dodge,稅負規避,税收规避,https://terms.naer.edu.tw/
11592,tax due,應付稅款,应付税金,https://terms.naer.edu.tw/
11593,tax equalization plan,稅賦平衡計畫,税赋平衡计划（公平）,https://terms.naer.edu.tw/
11594,tax equalization plan,稅賦平衡計畫,,https://terms.naer.edu.tw/
11595,tax equity,稅賦權益融資,课税公平,https://terms.naer.edu.tw/
11596,tax evasion,逃稅,逃税,https://terms.naer.edu.tw/
11597,tax exclusion,租稅豁免,税收豁免,https://terms.naer.edu.tw/
11598,tax exempt security,租稅減免證券,税收减免证券,https://terms.naer.edu.tw/
11599,tax exemption,免稅,税收减免,https://terms.naer.edu.tw/
11600,tax exemption system,免稅制度,免税制度,https://terms.naer.edu.tw/
11601,tax on capital,資本稅,资本税,https://terms.naer.edu.tw/
11602,tax paper,納稅通知書,纳税通知书,https://terms.naer.edu.tw/
11603,tax payable,應付稅款,应付税款,https://terms.naer.edu.tw/
11604,tax rate,稅率,税率,https://terms.naer.edu.tw/
11605,tax reduction,減稅,税额减免,https://terms.naer.edu.tw/
11606,tax refund,退稅,退税,https://terms.naer.edu.tw/
11607,tax relief bond,減稅債券,减税债券,https://terms.naer.edu.tw/
11608,tax saving note,納稅儲蓄債券,纳税储蓄债券,https://terms.naer.edu.tw/
11609,tax sparing credit,免稅信貸,免税信贷,https://terms.naer.edu.tw/
11610,tax swap,稅負交換,税收互换,https://terms.naer.edu.tw/
11611,tax-free article,免稅品,非课税品,https://terms.naer.edu.tw/
11612,tax-free bond,免稅公債,免债公债,https://terms.naer.edu.tw/
11613,tax-free certificate,免稅證明,免税证明,https://terms.naer.edu.tw/
11614,tax-free export,免稅出口貨物,免税出口货物,https://terms.naer.edu.tw/
11615,tax-free import,免稅進口貨物,免税进口货物,https://terms.naer.edu.tw/
11616,tax-free investment,免稅投資,免税投资,https://terms.naer.edu.tw/
11617,tax-free trade zone,免稅貿易區,免税贸易区,https://terms.naer.edu.tw/
11618,tax-free transaction,免稅交易,免税交易,https://terms.naer.edu.tw/
11619,Taxonomy,分類學,概念树,https://terms.naer.edu.tw/
11620,Taylor differential piece rate plan,泰勒差別計件制,泰勒差别计件制,https://terms.naer.edu.tw/
11621,Taylor system,泰勒制,,https://terms.naer.edu.tw/
11622,team,團隊,工作团队,https://terms.naer.edu.tw/
11623,team,團隊,,https://terms.naer.edu.tw/
11624,team building,團隊建立,团队建设,https://terms.naer.edu.tw/
11625,team building,團隊建立,,https://terms.naer.edu.tw/
11626,team characteristics,團隊特徵,,https://terms.naer.edu.tw/
11627,team cohesiveness,團隊凝聚力,,https://terms.naer.edu.tw/
11628,team diversity,團隊多樣性,团队多样性,https://terms.naer.edu.tw/
11629,team diversity,團隊多樣性,,https://terms.naer.edu.tw/
11630,team incentive plan,團隊誘因計畫；團隊獎勵計畫,,https://terms.naer.edu.tw/
11631,team leader,團隊領導人,团队领导,https://terms.naer.edu.tw/
11632,team leader training,團隊領導訓練,团队领导训练,https://terms.naer.edu.tw/
11633,team learning,團隊學習,,https://terms.naer.edu.tw/
11634,team lens model,團隊透鏡模式；團隊透鏡模型,团队透镜模型,https://terms.naer.edu.tw/
11635,team lens model,團隊透鏡模式；團隊透鏡模型,,https://terms.naer.edu.tw/
11636,team management,團隊管理,,https://terms.naer.edu.tw/
11637,team norm,團隊規範,,https://terms.naer.edu.tw/
11638,team process,團隊過程；團隊歷程,团队过程,https://terms.naer.edu.tw/
11639,team selling,團隊銷售,团队销售,https://terms.naer.edu.tw/
11640,team structure,團隊結構,,https://terms.naer.edu.tw/
11641,team type R&D organization,團隊型研發組織,团队型研发组织,https://terms.naer.edu.tw/
11642,team-based structure,團隊為基礎的結構,团队式结构,https://terms.naer.edu.tw/
11643,team-based work,團隊為基礎的工作,团队工作,https://terms.naer.edu.tw/
11644,team-building methods,團隊建立法,团队建设法,https://terms.naer.edu.tw/
11645,teamwork,團隊合作,团队工作,https://terms.naer.edu.tw/
11646,teamwork,團隊合作,,https://terms.naer.edu.tw/
11647,technical analysis,技術分析,,https://terms.naer.edu.tw/
11648,technical arbitration,技術性仲裁,技术性仲裁,https://terms.naer.edu.tw/
11649,technical assets,技術資產,技术资产,https://terms.naer.edu.tw/
11650,technical assistance,技術援助,技术援助,https://terms.naer.edu.tw/
11651,technical assistance contract,技術援助合約,技术援助契约,https://terms.naer.edu.tw/
11652,technical assistance fund,技術援助基金,技术援助基金,https://terms.naer.edu.tw/
11653,technical assistance in trade promotion,促進貿易的技術援助,促进贸易的技术援助,https://terms.naer.edu.tw/
11654,technical barrier,技術性障礙,技术性贸易壁垒,https://terms.naer.edu.tw/
11655,technical barriers to trade(TBT),技術性貿易壁壘；技術性貿易障礙,技术性贸易壁垒；技术性贸易措施；技术壁垒,https://terms.naer.edu.tw/
11656,technical betterment,技術改進,技术改造,https://terms.naer.edu.tw/
11657,technical consultation,技術諮詢,技术咨询,https://terms.naer.edu.tw/
11658,technical cooperation,技術合作,技术合作,https://terms.naer.edu.tw/
11659,technical cooperation input,技術合作投入,技术合作投入,https://terms.naer.edu.tw/
11660,technical dilemma,技術困境；技術兩難,技术困境,https://terms.naer.edu.tw/
11661,technical element,技術要素,技术要素,https://terms.naer.edu.tw/
11662,technical exchange,技術交換,技术交换,https://terms.naer.edu.tw/
11663,technical expense,技術支出,技术性支出,https://terms.naer.edu.tw/
11664,technical expert,技術專家,技术专家,https://terms.naer.edu.tw/
11665,Technical feasibility,技術可行性,,https://terms.naer.edu.tw/
11666,technical fee,技術費用,技术费用,https://terms.naer.edu.tw/
11667,technical innovation fund for mid and small size S&T enterprises,科技型中小企業技術創新基金(1998),科技型中小企业技术创新基金(1998),https://terms.naer.edu.tw/
11668,technical invention,技術發明；技術創新,①技术发明 ②技术创新,https://terms.naer.edu.tw/
11669,technical monopoly,技術專利,技术专利,https://terms.naer.edu.tw/
11670,technical qualitative evaluation,技術質量鑒定,技术质量鉴定,https://terms.naer.edu.tw/
11671,technical quality,技術品質,,https://terms.naer.edu.tw/
11672,technical rationality,技術理性,技术理性,https://terms.naer.edu.tw/
11673,technical regulation,技術法規,技术法规,https://terms.naer.edu.tw/
11674,technical service,技術服務,技术服务,https://terms.naer.edu.tw/
11675,technical skill,技術能力,,https://terms.naer.edu.tw/
11676,technical specification,技術規格,技术规范,https://terms.naer.edu.tw/
11677,technical standard,技術標準,技术标准,https://terms.naer.edu.tw/
11678,technical standard,技術標準,技术标准,https://terms.naer.edu.tw/
11679,technical structure,技術結構,技术结构,https://terms.naer.edu.tw/
11680,technical subsystem,技術子系統,,https://terms.naer.edu.tw/
11681,technical total loss,推定全損,推定全损,https://terms.naer.edu.tw/
11682,technical training,技術培訓,技术培训,https://terms.naer.edu.tw/
11683,technical visa,技術簽證,技术签证,https://terms.naer.edu.tw/
11684,technological alienation,技術異化,技术异化,https://terms.naer.edu.tw/
11685,technological approach,技術途徑,,https://terms.naer.edu.tw/
11686,technological assessment,科技評估,,https://terms.naer.edu.tw/
11687,technological assimilation capaciy,技術同化能力,技术同化能力,https://terms.naer.edu.tw/
11688,technological catching-up,技術追趕,技术追赶,https://terms.naer.edu.tw/
11689,technological change,技術改變；技術性改變,,https://terms.naer.edu.tw/
11690,technological coefficient,技術係數,技术系数,https://terms.naer.edu.tw/
11691,technological collaboration,技術合作,技术合作,https://terms.naer.edu.tw/
11692,technological community,技術社群,技术共同体,https://terms.naer.edu.tw/
11693,technological competence,技術能耐；技術能力,技术能力,https://terms.naer.edu.tw/
11694,technological complexity,技術複雜度,,https://terms.naer.edu.tw/
11695,technological consultancy,技術諮詢,技术咨询,https://terms.naer.edu.tw/
11696,technological contract,技術合約,技术承包,https://terms.naer.edu.tw/
11697,technological core competence,技術核心能耐；技術核心能力,技术核心能力,https://terms.naer.edu.tw/
11698,technological development,技術開發,技术开发,https://terms.naer.edu.tw/
11699,technological environment,技術環境,,https://terms.naer.edu.tw/
11700,technological factor,技術因素,,https://terms.naer.edu.tw/
11701,technological forecasting{=TF},技術預測,,https://terms.naer.edu.tw/
11702,technological foresight,技術前瞻,技术预见,https://terms.naer.edu.tw/
11703,technological gradient,技術梯度,技术梯度,https://terms.naer.edu.tw/
11704,technological imported capability,技術引進能力,技术引进能力,https://terms.naer.edu.tw/
11705,technological infrastructure,技術基礎結構,技术基础结构,https://terms.naer.edu.tw/
11706,technological innovation,技術創新,技术创新,https://terms.naer.edu.tw/
11707,technological innovation alliance,技術創新聯盟,技术创新联盟,https://terms.naer.edu.tw/
11708,technological innovation audit,技術創新稽核,技术创新审计,https://terms.naer.edu.tw/
11709,technological innovation efficiency,技術創新效率,技术创新效率,https://terms.naer.edu.tw/
11710,technological innovation incentive,技術創新激勵；技術創新誘因,技术创新激励,https://terms.naer.edu.tw/
11711,technological innovation management,技術創新管理,技术创新管理,https://terms.naer.edu.tw/
11712,technological innovation networks,技術創新網路,技术创新网络,https://terms.naer.edu.tw/
11713,technological innovation performance,技術創新績效,技术创新绩效,https://terms.naer.edu.tw/
11714,technological innovation property rights,技術創新財產權；技術創新所有權,技术创新产权,https://terms.naer.edu.tw/
11715,technological innovation risk,技術創新風險,技术创新风险,https://terms.naer.edu.tw/
11716,technological innovation strategy,技術創新策略,技术创新战略,https://terms.naer.edu.tw/
11717,technological innovation system,技術創新系統,技术创新体系,https://terms.naer.edu.tw/
11718,technological innovative capability,技術創新能力,技术创新能力,https://terms.naer.edu.tw/
11719,technological interdependence,技術相依度,,https://terms.naer.edu.tw/
11720,technological know-how,技術專門知識,技术诀窍,https://terms.naer.edu.tw/
11721,technological leadership strategy,技術領先策略,,https://terms.naer.edu.tw/
11722,technological package,一整套技術,一整套技术,https://terms.naer.edu.tw/
11723,technological progress,技術進步,技术进步,https://terms.naer.edu.tw/
11724,technological progress,技術進步,技术进步,https://terms.naer.edu.tw/
11725,technological revolution,技術革命,技术革命,https://terms.naer.edu.tw/
11726,technological secrets,技術秘密,技术秘密,https://terms.naer.edu.tw/
11727,technological service,技術服務,技术服务,https://terms.naer.edu.tw/
11728,technological standard alliance,技術標準聯盟,技术标准联盟,https://terms.naer.edu.tw/
11729,technological standardization,技術標準化,技术标准化,https://terms.naer.edu.tw/
11730,technological subsystem,技術子系統,,https://terms.naer.edu.tw/
11731,technological superiority,技術優勢,技术优势,https://terms.naer.edu.tw/
11732,technological transfer,技術移轉,技术迁移,https://terms.naer.edu.tw/
11733,technological transformation,技術轉型,技术改造,https://terms.naer.edu.tw/
11734,technology,技術,,https://terms.naer.edu.tw/
11735,technology acceptance behavior,技術接受行為,技术接受行为,https://terms.naer.edu.tw/
11736,Technology Acceptance Model {=TAM},科技接受模式,科技接受模式,https://terms.naer.edu.tw/
11737,technology accumulation,技術累積,技术积累,https://terms.naer.edu.tw/
11738,technology acquisition,技術取得；技術獲取,技术获取,https://terms.naer.edu.tw/
11739,technology acquisition and development,技術引進和發展,技术引进和发展,https://terms.naer.edu.tw/
11740,technology alliance,技術聯盟,技术联盟,https://terms.naer.edu.tw/
11741,technology assessment,技術評估,技术评估,https://terms.naer.edu.tw/
11742,technology assessment,技術評估,技术评估,https://terms.naer.edu.tw/
11743,technology audit,技術稽核,技术审计,https://terms.naer.edu.tw/
11744,technology catching-up,技術追趕,技术赶超,https://terms.naer.edu.tw/
11745,technology center,技術中心,技术中心,https://terms.naer.edu.tw/
11746,technology chain,技術鏈,技术链,https://terms.naer.edu.tw/
11747,technology change,科技變革；技術變革,,https://terms.naer.edu.tw/
11748,technology choice,技術選項；技術選擇,技术选择,https://terms.naer.edu.tw/
11749,technology cluster,技術群聚；技術聚落,技术集群,https://terms.naer.edu.tw/
11750,technology commercialization,技術商品化,,https://terms.naer.edu.tw/
11751,technology convergence,技術匯流；技術聚合,,https://terms.naer.edu.tw/
11752,technology cooperation,技術合作,技术合作,https://terms.naer.edu.tw/
11753,technology diffusion,技術擴散,技术扩散,https://terms.naer.edu.tw/
11754,technology diversification,技術多角化；技術多樣化,技术多样化,https://terms.naer.edu.tw/
11755,technology driving theory,技術驅動理論,技术推进说,https://terms.naer.edu.tw/
11756,technology evaluation,技術評估；技術評等,技术评价,https://terms.naer.edu.tw/
11757,technology evolution,技術演化,技术变迁,https://terms.naer.edu.tw/
11758,technology export,技術出口,技术出口,https://terms.naer.edu.tw/
11759,Technology Facilitating Conditions,技術協助狀態,技术协助状态,https://terms.naer.edu.tw/
11760,technology fast follower,技術快速追隨者；技術快速跟隨者,,https://terms.naer.edu.tw/
11761,technology follower,技術追隨者,,https://terms.naer.edu.tw/
11762,technology follower,技術追隨者,技术追随,https://terms.naer.edu.tw/
11763,technology follower strategy,技術追隨者策略,紧随领先者战略,https://terms.naer.edu.tw/
11764,technology forecast,技術預測,,https://terms.naer.edu.tw/
11765,technology foresight,技術前瞻,,https://terms.naer.edu.tw/
11766,technology fusion,技術融合,技术融合,https://terms.naer.edu.tw/
11767,technology gap,技術落差 ；缺口,技术差距,https://terms.naer.edu.tw/
11768,technology gatekeeper,技術守門人,技术桥梁人物；技术看门人,https://terms.naer.edu.tw/
11769,technology imitator,技術模仿者,技术模仿；技术跟随,https://terms.naer.edu.tw/
11770,technology impact,技術衝擊,,https://terms.naer.edu.tw/
11771,technology import,技術引進；技術輸入；技術進口,技术引进,https://terms.naer.edu.tw/
11772,technology improvement,技術改善,,https://terms.naer.edu.tw/
11773,technology in test,測試中技術,试验中技术,https://terms.naer.edu.tw/
11774,technology integration,技術整合,技术集成；技术整合,https://terms.naer.edu.tw/
11775,technology intensive,技術密集,技术密集型,https://terms.naer.edu.tw/
11776,technology intensive industry,技術密集產業,技术密集型产业,https://terms.naer.edu.tw/
11777,technology intensive product,技術密集型產品,技术密集型产品,https://terms.naer.edu.tw/
11778,technology interdependence view,技術互依觀點,,https://terms.naer.edu.tw/
11779,technology internalization,技術內化,技术内化,https://terms.naer.edu.tw/
11780,technology investment,技術投資,技术投资,https://terms.naer.edu.tw/
11781,technology landscape,技術全貌,技术景观,https://terms.naer.edu.tw/
11782,technology leader strategy,技術領導者策略,技术领先战略；领先者战略,https://terms.naer.edu.tw/
11783,technology leadership,技術領導,技术领先,https://terms.naer.edu.tw/
11784,technology leap,技術跳躍,技术跃迁,https://terms.naer.edu.tw/
11785,technology leapfrogging,技術跳越；技術超越；技術蛙跳,技术跨越,https://terms.naer.edu.tw/
11786,technology learning,技術學習,技术学习,https://terms.naer.edu.tw/
11787,technology licencing,技術授權,技术许可；技术特许；技术授权,https://terms.naer.edu.tw/
11788,technology lifecycle,技術生命週期,技术生命周期,https://terms.naer.edu.tw/
11789,technology management system,技術管理系統,技术管理体系,https://terms.naer.edu.tw/
11790,technology market,技術市場,技术市场,https://terms.naer.edu.tw/
11791,technology market,技術市場,技术市场,https://terms.naer.edu.tw/
11792,technology marketing,技術行銷,技术营销,https://terms.naer.edu.tw/
11793,technology maturity,技術成熟度,技术成熟度,https://terms.naer.edu.tw/
11794,technology monitoring,技術監測,技术监测,https://terms.naer.edu.tw/
11795,technology monopoly advantage,技術壟斷優勢,技术垄断优势,https://terms.naer.edu.tw/
11796,Technology of Picture Mounting on Archives,檔案修裱技術,档案修裱技术,https://terms.naer.edu.tw/
11797,technology opportunities,技術機會,技术机会,https://terms.naer.edu.tw/
11798,technology paradigm,技術典範,技术范式,https://terms.naer.edu.tw/
11799,technology policies,技術政策,技术政策,https://terms.naer.edu.tw/
11800,technology portfolio analysis,技術組合分析,技术组合分析,https://terms.naer.edu.tw/
11801,technology push,技術推動,,https://terms.naer.edu.tw/
11802,technology rationalization strategy,技術合理化策略,技术合理化战略,https://terms.naer.edu.tw/
11803,technology regime,技術統理,,https://terms.naer.edu.tw/
11804,technology revolution,技術革命,技术革命,https://terms.naer.edu.tw/
11805,technology risk,技術風險,技术风险,https://terms.naer.edu.tw/
11806,technology road map,技術地圖；技術路徑圖；技術路線圖,技术路径图；技术路线图,https://terms.naer.edu.tw/
11807,technology roadmap,技術地圖；技術路徑圖；技術路線圖,,https://terms.naer.edu.tw/
11808,technology roadmapping,技術地圖規劃；技術路徑圖規劃；技術路線圖規劃,,https://terms.naer.edu.tw/
11809,technology selection,技術選擇,,https://terms.naer.edu.tw/
11810,technology spillover,技術外溢,技术溢出,https://terms.naer.edu.tw/
11811,technology strategy,技術策略,技术战略,https://terms.naer.edu.tw/
11812,technology structure,技術結構,技术结构,https://terms.naer.edu.tw/
11813,technology system,技術系統,技术系统,https://terms.naer.edu.tw/
11814,Technology to Performance Chain {=TPC},科技－績效鏈,科技－绩效链,https://terms.naer.edu.tw/
11815,technology trading,技術貿易；技術交易,技术交易,https://terms.naer.edu.tw/
11816,technology trading union,技術貿易同盟,技术贸易同盟,https://terms.naer.edu.tw/
11817,technology trajectory,技術軌跡,技术轨迹；技术轨道,https://terms.naer.edu.tw/
11818,technology transfer,技術移轉,技术转让,https://terms.naer.edu.tw/
11819,technology transfer agreement,技術移轉協議,技术转让协议,https://terms.naer.edu.tw/
11820,technology transfer patent,技術移轉專利權,技术转让专利权,https://terms.naer.edu.tw/
11821,technology transfer transaction,技術移轉交易,技术转让,https://terms.naer.edu.tw/
11822,technology transplantation,技術移植,技术移植,https://terms.naer.edu.tw/
11823,technology valuation,技術評價,,https://terms.naer.edu.tw/
11824,technology-based innovation,技術基礎的創新,基于技术的创新,https://terms.naer.edu.tw/
11825,technology-based M&A,技術基礎的並購,技术并购,https://terms.naer.edu.tw/
11826,technology-based organization,T型組織；技術型組織,T型组织；技术型组织,https://terms.naer.edu.tw/
11827,technology-intensive industry,技術密集產業,,https://terms.naer.edu.tw/
11828,technology/product Portfolio,技術組合,,https://terms.naer.edu.tw/
11829,technoscience,技科學,技科学,https://terms.naer.edu.tw/
11830,tecnhological supervised capability,技術監督能力,技术监测能力,https://terms.naer.edu.tw/
11831,Telecommunications,通信,,https://terms.naer.edu.tw/
11832,Telecommunications software,通信軟體,,https://terms.naer.edu.tw/
11833,Telecommunications technology,通信科技,,https://terms.naer.edu.tw/
11834,telecommuting,電子通勤；電傳通勤；遠距工作,远程办公,https://terms.naer.edu.tw/
11835,teleconferencing,視訊會議,,https://terms.naer.edu.tw/
11836,teleeducation,遠距教育,远程教育,https://terms.naer.edu.tw/
11837,telegraphic money order,電匯匯票,电汇汇票,https://terms.naer.edu.tw/
11838,telegraphic transfer {=T/T;TT},電匯,电汇,https://terms.naer.edu.tw/
11839,telegraphic transfer bought,買入電匯,买入电汇,https://terms.naer.edu.tw/
11840,telegraphic transfer buying rate,電匯買進匯率,电汇买进汇率,https://terms.naer.edu.tw/
11841,telegraphic transfer payable,應付電匯,应付电汇,https://terms.naer.edu.tw/
11842,telegraphic transfer rate,電匯匯率,电汇汇率,https://terms.naer.edu.tw/
11843,telegraphic transfer receivable,應收電匯,应收电汇,https://terms.naer.edu.tw/
11844,telegraphic transfer selling rate,電匯賣出匯率,电汇卖出汇率,https://terms.naer.edu.tw/
11845,telemarketing,電話行銷,,https://terms.naer.edu.tw/
11846,telemarketing,電話行銷,,https://terms.naer.edu.tw/
11847,Telephone banking,電話銀行,电话银行,https://terms.naer.edu.tw/
11848,telephone interview,電話訪問,,https://terms.naer.edu.tw/
11849,telephone marketing,電話行銷,,https://terms.naer.edu.tw/
11850,teleworking,遠距工作,远程工作,https://terms.naer.edu.tw/
11851,teleworking,遠距工作,,https://terms.naer.edu.tw/
11852,telling,告知式領導,告知式领导,https://terms.naer.edu.tw/
11853,temporal attribute,時間屬性,时间属性,https://terms.naer.edu.tw/
11854,temporary accommodation,暫時融資,临时融通,https://terms.naer.edu.tw/
11855,temporary admission,暫時輸入許可,临时批准免税进口,https://terms.naer.edu.tw/
11856,temporary competitive advantage,短暫性競爭優勢,,https://terms.naer.edu.tw/
11857,temporary current asset,暫時性流動資產,,https://terms.naer.edu.tw/
11858,temporary deficit,暫時逆差；暫時虧空,①暂时逆差 ②暂时亏空,https://terms.naer.edu.tw/
11859,temporary export,暫時出口,临时出口,https://terms.naer.edu.tw/
11860,temporary import,暫時進口,临时进口,https://terms.naer.edu.tw/
11861,temporary investment,短期投資,短期投资,https://terms.naer.edu.tw/
11862,temporary loan,暫時貸款,临时贷款,https://terms.naer.edu.tw/
11863,temporary worker,短期工,临时工,https://terms.naer.edu.tw/
11864,tenancy agreement,租賃合約,租赁协议,https://terms.naer.edu.tw/
11865,tender bill,標售券,投标债券,https://terms.naer.edu.tw/
11866,tender bond,投標保證,投标保证金,https://terms.naer.edu.tw/
11867,tender document,標單,交单,https://terms.naer.edu.tw/
11868,tender offer,投標報價,投标出价,https://terms.naer.edu.tw/
11869,tender price,投標價格,投标价格,https://terms.naer.edu.tw/
11870,Terabyte (TB),兆位元組,,https://terms.naer.edu.tw/
11871,term,期限,期限,https://terms.naer.edu.tw/
11872,term bill,定期匯票；期票,定期票据,https://terms.naer.edu.tw/
11873,term bond,定期債券；一次到期債券,定期债券,https://terms.naer.edu.tw/
11874,term credit,定期信用狀,定期信贷,https://terms.naer.edu.tw/
11875,term draft,遠期匯票,远期汇票,https://terms.naer.edu.tw/
11876,term federal fund,定期聯邦資金,定期联邦资金,https://terms.naer.edu.tw/
11877,term lease,定期租賃,定期租赁,https://terms.naer.edu.tw/
11878,term loan,定期貸款,,https://terms.naer.edu.tw/
11879,term loan,定期貸款,定期贷款,https://terms.naer.edu.tw/
11880,term mortgage,定期抵押,定期抵押,https://terms.naer.edu.tw/
11881,term of acceptance,承兌期,承兑期,https://terms.naer.edu.tw/
11882,term of bill,票據期限,票据期限,https://terms.naer.edu.tw/
11883,term of contact,合約期限,合同期限,https://terms.naer.edu.tw/
11884,term of credit,信用期限,信用期限,https://terms.naer.edu.tw/
11885,term of deferment,遞延期限；延期期限,递延期限；延期期限,https://terms.naer.edu.tw/
11886,term of investment return approach,投資報酬期限法,投资回收期法,https://terms.naer.edu.tw/
11887,term of payment,支付期限,支付期限,https://terms.naer.edu.tw/
11888,term repo,定期再買回,定期回购,https://terms.naer.edu.tw/
11889,term structure of interest,利率期限結構,利率期限结构,https://terms.naer.edu.tw/
11890,term structure of interest rate,利率的期限結構,利率的期限结构,https://terms.naer.edu.tw/
11891,term-loan agreement,分期借款契約,,https://terms.naer.edu.tw/
11892,terminal date (horizon date),結束日,,https://terms.naer.edu.tw/
11893,terminal values,目的性價值；終極性價值,目的性价值,https://terms.naer.edu.tw/
11894,terminology standards,術語標準,术语标准,https://terms.naer.edu.tw/
11895,terms control,支付條件管制,支付条件管制,https://terms.naer.edu.tw/
11896,terms of price,價格條件,价格条件,https://terms.naer.edu.tw/
11897,terms of trade,貿易條件,贸易条件,https://terms.naer.edu.tw/
11898,terms of trade index,貿易條件指數,贸易条件指数,https://terms.naer.edu.tw/
11899,terotechnology,設備綜合科技,设备综合工程学,https://terms.naer.edu.tw/
11900,territorial,地區式,,https://terms.naer.edu.tw/
11901,Tertiary document,三次文獻,三次文献,https://terms.naer.edu.tw/
11902,Tertiary source,三級來源,再生信息,https://terms.naer.edu.tw/
11903,test market,測試市場,,https://terms.naer.edu.tw/
11904,test marketing,試銷,市场测试,https://terms.naer.edu.tw/
11905,test marketing,試銷,,https://terms.naer.edu.tw/
11906,Test plan,測試計畫,,https://terms.naer.edu.tw/
11907,test-retest reliability,重測信度；再測信度,重测信度,https://terms.naer.edu.tw/
11908,Text mining,文件探勘,文本挖掘,https://terms.naer.edu.tw/
11909,the base number,基數,,https://terms.naer.edu.tw/
11910,the dysfunction of control,控制失靈,,https://terms.naer.edu.tw/
11911,the eclectic theory of international production,國際生產折衷論,国际生产折衷论,https://terms.naer.edu.tw/
11912,The Fair Labor Standard act,公平勞動標準法,公平劳动标准法,https://terms.naer.edu.tw/
11913,the fifth discipline,第五項修練,第五项修炼理论,https://terms.naer.edu.tw/
11914,the fifth generation of R&D management,第五代研發管理,第五代研发管理；网络模式,https://terms.naer.edu.tw/
11915,the first generation of R&D management,第一代研發管理,第一代研发管理；直觉模式,https://terms.naer.edu.tw/
11916,the fourth generation of R&D management,第四代研發管理,第四代研发管理；综合模式,https://terms.naer.edu.tw/
11917,the General Electric matrix,GE矩陣,,https://terms.naer.edu.tw/
11918,the house of quality,品質屋,质量屋,https://terms.naer.edu.tw/
11919,the location theory of foreign direct investment,對外及外人直接投資區位理論,区位选择说,https://terms.naer.edu.tw/
11920,the London Futures and Options Exchange {=London Fox},倫敦期貨及選擇權交易所,伦敦期货及期权交易市场,https://terms.naer.edu.tw/
11921,The principles of decomposition and coordination,分解與協調原則,分解与协调原则,https://terms.naer.edu.tw/
11922,the probability of informed trading,知情交易機率,知情交易概率,https://terms.naer.edu.tw/
11923,the product/market evolution matrix,產品／市場演變矩陣,,https://terms.naer.edu.tw/
11924,the second generation of R&D management,第二代研發管理,第二代研发管理；系统模式,https://terms.naer.edu.tw/
11925,the second generation of R&D management,第二代研發管理,第二代研发管理,https://terms.naer.edu.tw/
11926,the seven wastes,7種浪費,7种浪费,https://terms.naer.edu.tw/
11927,the sixth generation of R&D management,第六代研發管理,第六代研发管理；开放模式,https://terms.naer.edu.tw/
11928,the third generation of R&D management,第三代研發管理,第三代研发管理；战略模式,https://terms.naer.edu.tw/
11929,The Whole Course Management,全程管理,全程管理,https://terms.naer.edu.tw/
11930,the winner's curse hypothesis,贏家詛咒假說,赢者诅咒假说,https://terms.naer.edu.tw/
11931,thematic apperception test,主題統覺測驗,,https://terms.naer.edu.tw/
11932,Theoretical knowledge,理論知識,理论知识,https://terms.naer.edu.tw/
11933,theoretical man,理論人,,https://terms.naer.edu.tw/
11934,theoretical sampling,理論抽樣法,,https://terms.naer.edu.tw/
11935,Theory for Analyzing,分析型理論,分析型理论,https://terms.naer.edu.tw/
11936,Theory for Explaining,解釋型理論,解释型理论,https://terms.naer.edu.tw/
11937,theory of balance of payment adjustment,國際收支調整理論,国际收支调整理论,https://terms.naer.edu.tw/
11938,theory of comparative advantage,比較利益理論,比较优势论,https://terms.naer.edu.tw/
11939,theory of comparative advantage of international investment,國際投資比較利益理論,小岛模式,https://terms.naer.edu.tw/
11940,theory of comparative cost,比較成本理論,比较成本理论,https://terms.naer.edu.tw/
11941,theory of constraints (TOC)　,限制理論,,https://terms.naer.edu.tw/
11942,Theory of Design and Action,設計與行動型理論,设计与行动型理论,https://terms.naer.edu.tw/
11943,Theory of Explaining and Predicting (EP Theory),解釋與預測型理論,解释与预测型理论,https://terms.naer.edu.tw/
11944,Theory of File Identification Function,檔案職能鑒定理論,档案职能鉴定理论,https://terms.naer.edu.tw/
11945,theory of financial deepening,金融深化理論,金融深化理论,https://terms.naer.edu.tw/
11946,theory of foreign exchange,外匯理論,外汇理论,https://terms.naer.edu.tw/
11947,theory of interest rate parity,利率平價理論,利率平价说,https://terms.naer.edu.tw/
11948,theory of international finance,國際金融理論,国际金融理论,https://terms.naer.edu.tw/
11949,theory of international indebtedness,國際借貸理論,国际借贷说,https://terms.naer.edu.tw/
11950,theory of international trade,國際貿易理論,国际贸易理论,https://terms.naer.edu.tw/
11951,theory of inventive problem solving,萃思理論 (萃智理論),萃智,https://terms.naer.edu.tw/
11952,theory of inventive problem solving (TRIZ),創新性問題解決理論,发明问题解决理论,https://terms.naer.edu.tw/
11953,theory of leadership behavior,領導行為理論,领导行为理论,https://terms.naer.edu.tw/
11954,Theory of Planned Behavior,計畫行為理論,计划行为理论,https://terms.naer.edu.tw/
11955,theory of portfolio selection,資產組合選擇理論,证券投资选择理论,https://terms.naer.edu.tw/
11956,Theory of Prediction,預測型理論,预测型理论,https://terms.naer.edu.tw/
11957,theory of psychological types,心理類型理論,心理类型理论,https://terms.naer.edu.tw/
11958,theory of purchasing power parity,購買力平價理論,购买力平价理论,https://terms.naer.edu.tw/
11959,theory of relative superiority of international investment,國際投資的相對優勢理論,国际投资的相对优势说,https://terms.naer.edu.tw/
11960,theory of the firm,廠商理論,,https://terms.naer.edu.tw/
11961,therblig,動素,动素,https://terms.naer.edu.tw/
11962,therblig analysis,動素分析,动素分析,https://terms.naer.edu.tw/
11963,therblig chart,動素分解圖,动素分解图,https://terms.naer.edu.tw/
11964,therblig symbol,動素符號,动素符号,https://terms.naer.edu.tw/
11965,Thesaurus,主題詞表,主题词表,https://terms.naer.edu.tw/
11966,Thesaurus method,敘詞法,叙词法,https://terms.naer.edu.tw/
11967,think tank,智庫,,https://terms.naer.edu.tw/
11968,third country trade,第三國間貿易,第三国贸易,https://terms.naer.edu.tw/
11969,third party audit,第三方稽核,第三方审核,https://terms.naer.edu.tw/
11970,third party bill of lading {= third party B/L},第三方提單,第三方提单,https://terms.naer.edu.tw/
11971,third party check,第三當事人支票,第三方支票,https://terms.naer.edu.tw/
11972,third party clause,第三者條款,第三者条款,https://terms.naer.edu.tw/
11973,third party credit,第三者信用狀,第三方信用证,https://terms.naer.edu.tw/
11974,Third party payment,第三方支付,第三方支付,https://terms.naer.edu.tw/
11975,third-party logistics {=3PL} provider,第三方物流提供者,第三方物流提供者,https://terms.naer.edu.tw/
11976,Thomas-Kilmann conflict mode Instrument (TKI),托瑪斯－基爾曼衝突模式測試工具,TKI冲突模型测验,https://terms.naer.edu.tw/
11977,threat,威脅,,https://terms.naer.edu.tw/
11978,threat of new entrants,新進入者威脅,进入威胁,https://terms.naer.edu.tw/
11979,threat of new entry,進入威脅,,https://terms.naer.edu.tw/
11980,threat of substitutes,替代威脅,,https://terms.naer.edu.tw/
11981,threats,威脅,,https://terms.naer.edu.tw/
11982,three basic labor rights,勞動三權,劳动三权,https://terms.naer.edu.tw/
11983,three cornered trade,三角貿易,三角贸易,https://terms.naer.edu.tw/
11984,three needs theory,三需求理論；三需要理論,三需求理论；三需要理论,https://terms.naer.edu.tw/
11985,three point arbitrage,三點套匯,三角套汇,https://terms.naer.edu.tw/
11986,three-component model of creativity,創造力三要素模式；創造力三要素模型,创造力三要素模式；创造力三要素模型,https://terms.naer.edu.tw/
11987,three-needs theory of motivation,三需要激勵理論；三需求激勵理論,,https://terms.naer.edu.tw/
11988,throughput,產出量,产销率,https://terms.naer.edu.tw/
11989,tick size,最小升降單位,最小报价单位,https://terms.naer.edu.tw/
11990,tied loan,限制性貸款,限制性贷款,https://terms.naer.edu.tw/
11991,tight money policy,緊縮信用政策,紧缩信用政策,https://terms.naer.edu.tw/
11992,tight position,頭寸短缺,头寸短缺,https://terms.naer.edu.tw/
11993,tight standard,嚴格標準,压缩标准,https://terms.naer.edu.tw/
11994,time allowance,寬放時間,,https://terms.naer.edu.tw/
11995,time arbitrage,時間套利,远期套利,https://terms.naer.edu.tw/
11996,time bill,定期匯票,定期票据,https://terms.naer.edu.tw/
11997,time bucket,時段,时段,https://terms.naer.edu.tw/
11998,time buffer,時間緩衝,时间缓冲,https://terms.naer.edu.tw/
11999,time credit,遠期信用狀,远期信贷,https://terms.naer.edu.tw/
12000,time determination,測時,测时,https://terms.naer.edu.tw/
12001,time draft,定期匯票,定期汇票,https://terms.naer.edu.tw/
12002,time fence,時界,时界,https://terms.naer.edu.tw/
12003,time letter of credit,遠期信用狀,远期信用证,https://terms.naer.edu.tw/
12004,time loan,定期貸款,定期贷款,https://terms.naer.edu.tw/
12005,time management,時間管理,,https://terms.naer.edu.tw/
12006,time measurement unit (TMU),時間衡量單位,时间衡量单位,https://terms.naer.edu.tw/
12007,time motion study,時間動作研究,工时与动作研究,https://terms.naer.edu.tw/
12008,time option,交割時點選擇權,,https://terms.naer.edu.tw/
12009,time phasing,時段法,时段法,https://terms.naer.edu.tw/
12010,time policy,定期保險單,定期保险单,https://terms.naer.edu.tw/
12011,time preferences for consumption,消費的時間偏好,,https://terms.naer.edu.tw/
12012,time pricing,時間訂定法,时间定价,https://terms.naer.edu.tw/
12013,time quota,時間配額,时间定额,https://terms.naer.edu.tw/
12014,time rate system,計時制,计时制,https://terms.naer.edu.tw/
12015,time secured loan,定期擔保貸款,定期担保贷款,https://terms.naer.edu.tw/
12016,time series analysis,時間數列分析,,https://terms.naer.edu.tw/
12017,time series study,時間序列研究,时间序列研究,https://terms.naer.edu.tw/
12018,time series study,時間序列研究,,https://terms.naer.edu.tw/
12019,time standard,時間標準,,https://terms.naer.edu.tw/
12020,time study,時間研究,时间研究,https://terms.naer.edu.tw/
12021,time study,時間研究,,https://terms.naer.edu.tw/
12022,time study observation sheet,時間研究觀測表,时间研究观测表,https://terms.naer.edu.tw/
12023,time utility,時間效用,,https://terms.naer.edu.tw/
12024,time value,時間價值,时间价值,https://terms.naer.edu.tw/
12025,time work,計時工作,计时工作,https://terms.naer.edu.tw/
12026,time work,計時工作,,https://terms.naer.edu.tw/
12027,time-based competition,基於時間的競爭,基于时间的竞争,https://terms.naer.edu.tw/
12028,time-discount coefficient,時間折現係數,时间折现系数,https://terms.naer.edu.tw/
12029,time-phased order point,時段訂購點法,时段订货点法,https://terms.naer.edu.tw/
12030,time-sharing,時間分享,,https://terms.naer.edu.tw/
12031,time-sharing system,分時系統,,https://terms.naer.edu.tw/
12032,Time-variant,時變性,时变性,https://terms.naer.edu.tw/
12033,time-weighted rate of return,時間加權報酬率,时间加权回报率,https://terms.naer.edu.tw/
12034,timeliness,守時性,守时性,https://terms.naer.edu.tw/
12035,times-interest-earned (TIE) ratio,利息涵蓋倍數比,,https://terms.naer.edu.tw/
12036,timing,時機,,https://terms.naer.edu.tw/
12037,timing of entry,進入時機,,https://terms.naer.edu.tw/
12038,tit-for –tat,以牙還牙,,https://terms.naer.edu.tw/
12039,Tobin's Q ratio,Tobin's Q比率,,https://terms.naer.edu.tw/
12040,Tokyo Round,東京回合談判,东京回合,https://terms.naer.edu.tw/
12041,Tokyo Stock Exchange,東京證券交易所,东京证券交易所,https://terms.naer.edu.tw/
12042,Tokyo Topix stock Index,東京東證股票指數,东京证券交易所股价指数,https://terms.naer.edu.tw/
12043,tolerance,允差,容差,https://terms.naer.edu.tw/
12044,tolerance design,容差設計,容差设计,https://terms.naer.edu.tw/
12045,tolerance for ambiguity,容忍不確定性,,https://terms.naer.edu.tw/
12046,tolerance for failure,容忍失敗,,https://terms.naer.edu.tw/
12047,tolerance limit,允差限,容许限,https://terms.naer.edu.tw/
12048,top management,高階管理者,最高管理者,https://terms.naer.edu.tw/
12049,top management team,高階管理團隊,,https://terms.naer.edu.tw/
12050,top manager,高階管理者,,https://terms.naer.edu.tw/
12051,top straddle,上跨式交易策略,定顶式期权,https://terms.naer.edu.tw/
12052,Top-down approach,由上而下的方式,,https://terms.naer.edu.tw/
12053,top-down planning,由上而下規劃,,https://terms.naer.edu.tw/
12054,top-management team,高階管理團隊,高阶管理团队,https://terms.naer.edu.tw/
12055,Topic map,主題地圖,主题地图,https://terms.naer.edu.tw/
12056,torch plan,火炬計畫(1988),火炬计划(1988),https://terms.naer.edu.tw/
12057,Torquay Round,托基回合談判,托基回合,https://terms.naer.edu.tw/
12058,total assets turnover ratio,總資產周轉率,,https://terms.naer.edu.tw/
12059,total customer cost,顧客總成本,总顾客成本,https://terms.naer.edu.tw/
12060,total customer value,顧客總價值,总顾客价值,https://terms.naer.edu.tw/
12061,total ethical management{=TEM},全面倫理管理,,https://terms.naer.edu.tw/
12062,total factor productivity,總要素生產力,全要素生产率,https://terms.naer.edu.tw/
12063,total fixed cost,總固定成本,,https://terms.naer.edu.tw/
12064,total gain from trade,貿易總收益,贸易总收益,https://terms.naer.edu.tw/
12065,total innovation management,全面創新管理,全面创新管理,https://terms.naer.edu.tw/
12066,total inspection,全數檢驗,全数检验,https://terms.naer.edu.tw/
12067,total loss only {=TLO},全損險,,https://terms.naer.edu.tw/
12068,total product offer,整體產品價值,,https://terms.naer.edu.tw/
12069,total productive maintenance (TPM)　,全面生產維修；全面生產維護,全面生产维护,https://terms.naer.edu.tw/
12070,total productive management,總生產力管理,,https://terms.naer.edu.tw/
12071,total quality environmental management,全面品質環境管理,全面质量环境管理,https://terms.naer.edu.tw/
12072,total quality management{=TQM},全面品質管理,,https://terms.naer.edu.tw/
12073,total rationality,完全理性,,https://terms.naer.edu.tw/
12074,total solution provider,完整解決方案提供者,,https://terms.naer.edu.tw/
12075,total trade,貿易總額,贸易总额,https://terms.naer.edu.tw/
12076,total volume of trade,貿易總額,贸易总额,https://terms.naer.edu.tw/
12077,totally integrated management information system,全面整合管理資訊系統,,https://terms.naer.edu.tw/
12078,Touch screen,觸控式螢幕,,https://terms.naer.edu.tw/
12079,tournament theory,競賽理論,锦标赛理论,https://terms.naer.edu.tw/
12080,Toyota production system　,豐田式生產系統,,https://terms.naer.edu.tw/
12081,trace usage,貿易慣例,贸易惯例,https://terms.naer.edu.tw/
12082,traceability,可追溯性,可追溯性,https://terms.naer.edu.tw/
12083,tracking portfolio,追踨投資組合,追踪证券组合,https://terms.naer.edu.tw/
12084,tradable and non-tradable commodity,可貿易商品和不可貿易商品,可贸易商品和不可贸易商品,https://terms.naer.edu.tw/
12085,tradable instrument,可交易票據,可交易票据,https://terms.naer.edu.tw/
12086,tradable security,可交易證券,可交易证券,https://terms.naer.edu.tw/
12087,trade acceptance,商業承兌匯票,,https://terms.naer.edu.tw/
12088,trade acceptance bill,商業承兌匯票,商业承兑汇票,https://terms.naer.edu.tw/
12089,trade acceptance credit,商業承兌信用狀,商业承兑信用证,https://terms.naer.edu.tw/
12090,trade account payable,應付貿易帳款,应付贸易账款,https://terms.naer.edu.tw/
12091,trade account receivable,應收貿易帳款,应收贸易账款,https://terms.naer.edu.tw/
12092,trade advertising,對經銷商的廣告,贸易广告,https://terms.naer.edu.tw/
12093,trade agreement,貿易協定,贸易协定,https://terms.naer.edu.tw/
12094,trade allowance,對經銷商的折讓,,https://terms.naer.edu.tw/
12095,trade balance,貿易餘額,贸易平衡,https://terms.naer.edu.tw/
12096,trade barrier,貿易障礙,贸易壁垒,https://terms.naer.edu.tw/
12097,trade bill,商業票據,商业票据,https://terms.naer.edu.tw/
12098,trade bloc,貿易集團,贸易同盟,https://terms.naer.edu.tw/
12099,trade channel,經銷管道,贸易渠道,https://terms.naer.edu.tw/
12100,trade clause,經銷條款,贸易条款,https://terms.naer.edu.tw/
12101,trade conflict,貿易摩擦,贸易摩擦,https://terms.naer.edu.tw/
12102,trade contract,貿易契約,贸易合同,https://terms.naer.edu.tw/
12103,trade control,貿易管制,贸易管制,https://terms.naer.edu.tw/
12104,trade creation effect,貿易創造效果,贸易开拓效果,https://terms.naer.edu.tw/
12105,trade credit,交易信用；貿易信用,,https://terms.naer.edu.tw/
12106,trade custom,商業慣例,贸易惯例,https://terms.naer.edu.tw/
12107,trade deficit,貿易逆差,,https://terms.naer.edu.tw/
12108,trade discount,經銷折扣,贸易折扣,https://terms.naer.edu.tw/
12109,trade discrimination,貿易歧視,贸易歧视,https://terms.naer.edu.tw/
12110,trade dispute,貿易糾紛,贸易纠纷,https://terms.naer.edu.tw/
12111,trade diversion effect,貿易轉移效果,贸易转移效果,https://terms.naer.edu.tw/
12112,trade diverting tariff,轉移貿易關稅,转移贸易关税,https://terms.naer.edu.tw/
12113,trade expansion effect,貿易擴展效果,贸易扩展效果,https://terms.naer.edu.tw/
12114,trade gap,貿易差額,贸易差额,https://terms.naer.edu.tw/
12115,trade liberalization,貿易自由化,贸易自由化,https://terms.naer.edu.tw/
12116,trade mark,商標,商标,https://terms.naer.edu.tw/
12117,trade mechanisms,交易機制,交易机制,https://terms.naer.edu.tw/
12118,trade name,商標名稱,,https://terms.naer.edu.tw/
12119,trade of equal value,等價貿易,等价贸易,https://terms.naer.edu.tw/
12120,trade policy,貿易政策,贸易政策,https://terms.naer.edu.tw/
12121,trade practice,貿易慣例；貿易實務,贸易惯例,https://terms.naer.edu.tw/
12122,trade preference,貿易優先權,贸易优先权,https://terms.naer.edu.tw/
12123,trade promotion,經銷商促銷活動,贸易促销,https://terms.naer.edu.tw/
12124,trade protectionism,貿易保護主義,,https://terms.naer.edu.tw/
12125,trade protocol,貿易議定書,贸易协定书,https://terms.naer.edu.tw/
12126,trade restriction,貿易限制,贸易限制,https://terms.naer.edu.tw/
12127,trade sanction,貿易制裁,贸易制裁,https://terms.naer.edu.tw/
12128,trade Secret,產品組合,,https://terms.naer.edu.tw/
12129,trade show,商展,,https://terms.naer.edu.tw/
12130,trade subsidy,貿易補貼,贸易补贴,https://terms.naer.edu.tw/
12131,trade surplus,貿易盈餘,贸易盈余,https://terms.naer.edu.tw/
12132,trade terms,貿易條件,贸易条件,https://terms.naer.edu.tw/
12133,Trade Union Act,工會法,工会法,https://terms.naer.edu.tw/
12134,trade value index,貿易值指數,贸易值指数,https://terms.naer.edu.tw/
12135,trade wall,貿易壁壘,贸易壁垒,https://terms.naer.edu.tw/
12136,trade-in allowance,扺換折讓；舊換新折讓,以旧换新折让,https://terms.naer.edu.tw/
12137,trade-off theory,抵換理論,权衡理论,https://terms.naer.edu.tw/
12138,trade-relation mix,經銷關係組合,,https://terms.naer.edu.tw/
12139,trademark,商標,商标,https://terms.naer.edu.tw/
12140,trademark,商標,,https://terms.naer.edu.tw/
12141,trademark infringement,商標侵權,商标侵权,https://terms.naer.edu.tw/
12142,trademark registration treaty,商標註冊條約,注册商标条约,https://terms.naer.edu.tw/
12143,trading currency,貿易通貨,贸易货币,https://terms.naer.edu.tw/
12144,trading halt,交易停止,交易暂停,https://terms.naer.edu.tw/
12145,trading partner,貿易夥伴,贸易伙伴,https://terms.naer.edu.tw/
12146,trading suspension,交易暫停,暂时停止交易,https://terms.naer.edu.tw/
12147,Trading system,交易系統,交易系统,https://terms.naer.edu.tw/
12148,traditional authority,傳統威權；傳統權威,,https://terms.naer.edu.tw/
12149,traditional career path,傳統職涯路徑,传统职业路径,https://terms.naer.edu.tw/
12150,traditional pay design,傳統薪資設計,传统薪资设计,https://terms.naer.edu.tw/
12151,traditional view of conflict,衝突的傳統觀點,冲突的传统观点,https://terms.naer.edu.tw/
12152,traditionality,傳統性,传统性,https://terms.naer.edu.tw/
12153,traffic builder,人潮創造者,,https://terms.naer.edu.tw/
12154,trainee,受訓者,,https://terms.naer.edu.tw/
12155,trainer,訓練師,培训师,https://terms.naer.edu.tw/
12156,training,訓練,培训,https://terms.naer.edu.tw/
12157,training and development,訓練與發展,培训与开发,https://terms.naer.edu.tw/
12158,training conference,訓練式會議,,https://terms.naer.edu.tw/
12159,training evaluation model,訓練評估模式；訓練評估模型,培训评估模式,https://terms.naer.edu.tw/
12160,training needs analysis,訓練需求分析,培训需求分析,https://terms.naer.edu.tw/
12161,training plan,訓練計畫,培训计划,https://terms.naer.edu.tw/
12162,training specialist,訓練專員,培训专员,https://terms.naer.edu.tw/
12163,training transfer,培訓遷移；訓練遷移,,https://terms.naer.edu.tw/
12164,training within industry (TWI),督導員訓練,业内训练,https://terms.naer.edu.tw/
12165,trait scales,特品質表,特质考评指标体系,https://terms.naer.edu.tw/
12166,Trait Theories,特質理論,特质理论,https://terms.naer.edu.tw/
12167,trait theories of leadership,領導特質理論,,https://terms.naer.edu.tw/
12168,transaction,交易,交易,https://terms.naer.edu.tw/
12169,transaction account,交易帳戶,交易账户,https://terms.naer.edu.tw/
12170,Transaction analysis,交易分析,事务分析,https://terms.naer.edu.tw/
12171,transaction cost,交易成本,交易费用,https://terms.naer.edu.tw/
12172,transaction cost analysis {=TCA},交易成本分析,,https://terms.naer.edu.tw/
12173,Transaction Cost Theory,交易成本理論,交易成本理论,https://terms.naer.edu.tw/
12174,transaction costs,交易成本,,https://terms.naer.edu.tw/
12175,transaction dimension,交易構面；交易維度,,https://terms.naer.edu.tw/
12176,Transaction flow diagram {=TFD},交易流程圖,业务流程图,https://terms.naer.edu.tw/
12177,transaction on credit,賒帳交易,赊账交易,https://terms.naer.edu.tw/
12178,transaction price,交易價格,交易价格,https://terms.naer.edu.tw/
12179,transaction processing system {=TPS},交易處理系統,,https://terms.naer.edu.tw/
12180,Transaction risk,交易風險,交易风险,https://terms.naer.edu.tw/
12181,transaction-specific investments,交易專屬投資,,https://terms.naer.edu.tw/
12182,transactional leader,交易型領導者,,https://terms.naer.edu.tw/
12183,transactional leadership,交易型領導,,https://terms.naer.edu.tw/
12184,transactions cost economics,交易成本經濟學,,https://terms.naer.edu.tw/
12185,transactive memory system,交互記憶系統；交融記憶系統,交互记忆系统,https://terms.naer.edu.tw/
12186,transfer,遷移,迁移,https://terms.naer.edu.tw/
12187,Transfer Archives,檔案移交,档案移交,https://terms.naer.edu.tw/
12188,transfer batch,轉運批量；轉送批量,转运批量,https://terms.naer.edu.tw/
12189,transfer by endorsement,背書轉讓,背书转让,https://terms.naer.edu.tw/
12190,transfer of stock,股票過戶,股票转让,https://terms.naer.edu.tw/
12191,transfer of technology,技術移轉,技术转让,https://terms.naer.edu.tw/
12192,transfer pricing,移轉訂價法,,https://terms.naer.edu.tw/
12193,transfer tax on stock,證券交易稅,证券交易税,https://terms.naer.edu.tw/
12194,transfer transaction,移轉交易,转让交易,https://terms.naer.edu.tw/
12195,transferable account,可轉讓帳戶,可转让账户,https://terms.naer.edu.tw/
12196,transferable asset,可轉讓資產,可转让资产,https://terms.naer.edu.tw/
12197,transferable bond,可轉讓債券,可转让债券,https://terms.naer.edu.tw/
12198,transferable letter of credit {=transferable L/C},可轉讓信用狀,可转让信用证,https://terms.naer.edu.tw/
12199,transferee of credit,信用受讓人；信用狀受讓人,信用受让人,https://terms.naer.edu.tw/
12200,transferred account,轉移帳戶,转移账户,https://terms.naer.edu.tw/
12201,transferring competencies,能耐移轉,,https://terms.naer.edu.tw/
12202,Transformation analysis,變換分析,变换分析,https://terms.naer.edu.tw/
12203,transformation diffusion model,轉換擴散模型,转让扩散模式,https://terms.naer.edu.tw/
12204,transformation process,轉換過程,转换过程,https://terms.naer.edu.tw/
12205,transformational advertising,轉型式廣告,,https://terms.naer.edu.tw/
12206,transformational appeals,轉型式訴求,,https://terms.naer.edu.tw/
12207,transformational leader,轉換型領導者,,https://terms.naer.edu.tw/
12208,transformational leadership,轉型領導；轉換型領導,转变型领导,https://terms.naer.edu.tw/
12209,transit cargo,轉口貨物,转口货物,https://terms.naer.edu.tw/
12210,transit duty,轉口稅,转口税,https://terms.naer.edu.tw/
12211,transit entry,轉運進口手續,转口海关手续,https://terms.naer.edu.tw/
12212,transit goods,轉口貨物,转口货物,https://terms.naer.edu.tw/
12213,transit improvement trade,轉口加工貿易,过境加工贸易,https://terms.naer.edu.tw/
12214,transit letter of credit,轉開信用狀,转口信用证,https://terms.naer.edu.tw/
12215,transit toll,轉口稅,过境税,https://terms.naer.edu.tw/
12216,transit trade,轉口貿易,转口贸易,https://terms.naer.edu.tw/
12217,transition tree (TRT),轉換樹；轉換樹狀圖,转换树,https://terms.naer.edu.tw/
12218,transitory volatility,短暫波動度,临时波动性,https://terms.naer.edu.tw/
12219,Transmission control protocol {=TCP},傳輸控制協定,,https://terms.naer.edu.tw/
12220,transmitting bank,通知銀行,转递银行,https://terms.naer.edu.tw/
12221,transnational combination system,跨國聯合制度,跨国联合制,https://terms.naer.edu.tw/
12222,transnational corporation,跨國公司,跨国公司,https://terms.naer.edu.tw/
12223,transnational corporation {=TNC},跨國企業；跨國公司,,https://terms.naer.edu.tw/
12224,transnational HRM system,跨國人力資源管理系統；跨國人力資源管理制度,跨国人力资源系统,https://terms.naer.edu.tw/
12225,transnational strategy,跨國策略,,https://terms.naer.edu.tw/
12226,transparency,透明度,透明性,https://terms.naer.edu.tw/
12227,Transparency analysis,透視分析,透视分析,https://terms.naer.edu.tw/
12228,transport empty,空手{動素種類之一},空手,https://terms.naer.edu.tw/
12229,transport loaded,運實{動素種類之一},移物；运实,https://terms.naer.edu.tw/
12230,transport unloaded,空手{動素種類之一},空手；伸手,https://terms.naer.edu.tw/
12231,transportation problem　,運輸問題,,https://terms.naer.edu.tw/
12232,transportation time,運輸時間,运输时间,https://terms.naer.edu.tw/
12233,transportation waste,運送浪費,运输浪费,https://terms.naer.edu.tw/
12234,transshipment bond,海關轉口保證,海关过境保证,https://terms.naer.edu.tw/
12235,transshipment free entry,免稅品[轉運]進口報關單；轉運貨品免證輸入,免税品[转运]进口报关单,https://terms.naer.edu.tw/
12236,transverse career path,跨域職涯路徑,,https://terms.naer.edu.tw/
12237,treasurer,財務長,,https://terms.naer.edu.tw/
12238,treasurer’s cheque,銀行本票,银行本票,https://terms.naer.edu.tw/
12239,treasury bill,國庫券,,https://terms.naer.edu.tw/
12240,treasury bill futures,國庫券期貨,短期国库券期货,https://terms.naer.edu.tw/
12241,treasury bill market,國庫券市場,短期国债市场,https://terms.naer.edu.tw/
12242,treasury bills market,國庫券市場,短期国债市场,https://terms.naer.edu.tw/
12243,treasury bond,公債,国债,https://terms.naer.edu.tw/
12244,treasury deposit,國庫存款；資金調度存款,国库存款,https://terms.naer.edu.tw/
12245,treasury note,美國中期公債,,https://terms.naer.edu.tw/
12246,treasury obligation,國庫債務,国库债务,https://terms.naer.edu.tw/
12247,treasury stock,庫藏股,库存股,https://terms.naer.edu.tw/
12248,treaty benefit,條約優惠待遇,合同协定优惠待遇,https://terms.naer.edu.tw/
12249,treaty of amity and commerce,通商友好條約,通商友好条约,https://terms.naer.edu.tw/
12250,treaty of commerce,通商條約,通商条约,https://terms.naer.edu.tw/
12251,treaty of economic cooperation,經濟合作條約,经济合作条约,https://terms.naer.edu.tw/
12252,treaty of mutual assistance,互助條約,互助条约,https://terms.naer.edu.tw/
12253,treble tariff,三重稅則,三重税则,https://terms.naer.edu.tw/
12254,tree diagram,樹狀圖,,https://terms.naer.edu.tw/
12255,trend,趨勢,,https://terms.naer.edu.tw/
12256,trend analysis　,趨勢分析,,https://terms.naer.edu.tw/
12257,trend line,趨勢線,,https://terms.naer.edu.tw/
12258,Treynor's measure,Treynor式衡量,特雷诺测度,https://terms.naer.edu.tw/
12259,trial,試用,,https://terms.naer.edu.tw/
12260,trial balance,試算表,,https://terms.naer.edu.tw/
12261,trial rate,試用率,试用率,https://terms.naer.edu.tw/
12262,trial stage,嘗試階段,,https://terms.naer.edu.tw/
12263,triangular arbitrage,三角套利,三角套利,https://terms.naer.edu.tw/
12264,triangular barter trade,三角易貨貿易,三角易货贸易,https://terms.naer.edu.tw/
12265,triangular exchange,三角匯兌,三角汇兑,https://terms.naer.edu.tw/
12266,triangular trade,三角貿易,三角贸易；三边贸易,https://terms.naer.edu.tw/
12267,trickle down theory,涓滴理論,,https://terms.naer.edu.tw/
12268,trickle-down effect,涓滴效應,滴流效应,https://terms.naer.edu.tw/
12269,Triffin dilemma,特里芬兩難,特里芬两难,https://terms.naer.edu.tw/
12270,trigger price,觸發價格,触发价格；有连锁反应的价格,https://terms.naer.edu.tw/
12271,triggering strategy,觸動策略,,https://terms.naer.edu.tw/
12272,Trilateral Governance,三邊治理,三边治理,https://terms.naer.edu.tw/
12273,trilateral trade,三邊貿易,三边贸易,https://terms.naer.edu.tw/
12274,Triple Helix,產官學三角螺旋,,https://terms.naer.edu.tw/
12275,triple I organization,三I組織,,https://terms.naer.edu.tw/
12276,triplication design,三次設計,三次设计,https://terms.naer.edu.tw/
12277,truckload,整車,,https://terms.naer.edu.tw/
12278,true interest,純利息,实际利息,https://terms.naer.edu.tw/
12279,true no-par value stock,真正無面額股票,真正无面值的股票,https://terms.naer.edu.tw/
12280,true sale,確實賣斷,真实出售,https://terms.naer.edu.tw/
12281,Truncation search,截詞檢索,截词检索,https://terms.naer.edu.tw/
12282,trust,信託,信托,https://terms.naer.edu.tw/
12283,trust agreement,信託合約,信托合同,https://terms.naer.edu.tw/
12284,trust and investment corporation,信託投資公司,信托投资公司,https://terms.naer.edu.tw/
12285,trust bank,信託銀行,信托银行,https://terms.naer.edu.tw/
12286,trust company,信託公司,信托公司,https://terms.naer.edu.tw/
12287,trust deed,信託契約,信托契据,https://terms.naer.edu.tw/
12288,trust deposit,信託存款,信托存款,https://terms.naer.edu.tw/
12289,trust fund,信託基金,信托基金,https://terms.naer.edu.tw/
12290,trust fund,信託基金,信托基金,https://terms.naer.edu.tw/
12291,trust indenture,信託契約,信托契约,https://terms.naer.edu.tw/
12292,trust institution,信託機構,信托机构,https://terms.naer.edu.tw/
12293,trust loan,信託貸款,信托贷款,https://terms.naer.edu.tw/
12294,trust receipt,信託存單,,https://terms.naer.edu.tw/
12295,trust settlor,信託委托人,信托委托人,https://terms.naer.edu.tw/
12296,trust unit,信託單位,信托单位,https://terms.naer.edu.tw/
12297,trustee,受託人,信托受托人,https://terms.naer.edu.tw/
12298,trustee,受託人,受托管理人；受托人,https://terms.naer.edu.tw/
12299,trustee bank,受託銀行,受托银行,https://terms.naer.edu.tw/
12300,trustee company,受託公司,受托公司,https://terms.naer.edu.tw/
12301,trustee savings bank,信託儲蓄銀行,受托储蓄银行,https://terms.naer.edu.tw/
12302,trusteeship system,託管制度,托管制度,https://terms.naer.edu.tw/
12303,Tuple,列,,https://terms.naer.edu.tw/
12304,turn-key operation,交匙營運,,https://terms.naer.edu.tw/
12305,Turn-key systems,轉鑰系統,,https://terms.naer.edu.tw/
12306,turn-key transfer,整廠輸出；轉鑰移轉；統包,,https://terms.naer.edu.tw/
12307,turnaround strategies,轉虧為盈策略,,https://terms.naer.edu.tw/
12308,turnkey contract,整廠營運契約；交鑰匙契約,交钥匙工程合同,https://terms.naer.edu.tw/
12309,turnkey export,整廠營運輸出；交鑰匙輸出,交钥匙方式出口,https://terms.naer.edu.tw/
12310,turnkey investment,整廠營運投資,交钥匙投资,https://terms.naer.edu.tw/
12311,turnkey operation,交鑰匙作業,经营交钥匙工程项目,https://terms.naer.edu.tw/
12312,turnover,離職；週轉,,https://terms.naer.edu.tw/
12313,turnover rate,周轉率,周转率,https://terms.naer.edu.tw/
12314,turnover time,存貨週轉時間；存貨週轉天數,库存周转天数,https://terms.naer.edu.tw/
12315,Twisted pair wire,雙股絞線,,https://terms.naer.edu.tw/
12316,two fund monetary separation,兩基金的貨幣分離,两基金的货币分离,https://terms.naer.edu.tw/
12317,two named paper,雙名票據,双记名票据,https://terms.naer.edu.tw/
12318,two-bin inventory system,雙箱存貨系統,双仓库存系统；双箱库存系统,https://terms.naer.edu.tw/
12319,two-bin system　,雙倉系統；雙箱系統；雙料架系統,,https://terms.naer.edu.tw/
12320,two-card kanban system,雙卡看板系統,双卡看板系统,https://terms.naer.edu.tw/
12321,two-factor experimental design,雙因子實驗設計,双因子实验设计,https://terms.naer.edu.tw/
12322,two-factor theory,二因數理論；雙因數理論,双因素模型,https://terms.naer.edu.tw/
12323,two-factor theory of motivation,雙因子激勵理論,,https://terms.naer.edu.tw/
12324,two-gap model,兩缺口模型,两缺口模式,https://terms.naer.edu.tw/
12325,two-level channel,二階通路,,https://terms.naer.edu.tw/
12326,two-part pricing,兩部分訂價法,,https://terms.naer.edu.tw/
12327,two-point arbitrage,兩點套利,两点套利,https://terms.naer.edu.tw/
12328,two-stage dividend discount model,兩階段股利折現模型,两阶段股利贴现模型,https://terms.naer.edu.tw/
12329,two-step flow-of-communication process,兩階段的溝通流程,,https://terms.naer.edu.tw/
12330,two-tier exchange rate system,雙元匯率制度,双重汇率制,https://terms.naer.edu.tw/
12331,two-tier foreign exchange market,雙元外匯市場,双重外汇市场,https://terms.naer.edu.tw/
12332,two-tier foreign exchange rate,雙元匯率,双重汇率,https://terms.naer.edu.tw/
12333,two-tier gold price system,黃金兩價制,黄金双轨制,https://terms.naer.edu.tw/
12334,two-tier pay plan,雙層薪資計畫,双重工资标准(方案、计划),https://terms.naer.edu.tw/
12335,two-tier pay plans,雙重薪資計畫,,https://terms.naer.edu.tw/
12336,two-way trade,雙向貿易,①双向贸易 ②双轨贸易,https://terms.naer.edu.tw/
12337,tying agreement,搭售協議,,https://terms.naer.edu.tw/
12338,type A personality,A型人格,,https://terms.naer.edu.tw/
12339,type B personality,B型人格,,https://terms.naer.edu.tw/
12340,type of payment,付款方式,付款方式,https://terms.naer.edu.tw/
12341,U shaped layout　,U型佈置,,https://terms.naer.edu.tw/
12342,U-Form,U型結構,,https://terms.naer.edu.tw/
12343,U-form structure,U型組織結構,,https://terms.naer.edu.tw/
12344,ultimate consumer,最終消費者,,https://terms.naer.edu.tw/
12345,ultimate user,最終使用者,,https://terms.naer.edu.tw/
12346,unaided recall,無輔助回憶,,https://terms.naer.edu.tw/
12347,unassignable letter of credit,不可轉讓信用狀,不可转让的信用证,https://terms.naer.edu.tw/
12348,unavoidable delay,不可避免延誤{動素種類之一},迟延,https://terms.naer.edu.tw/
12349,unavoidable separation,不可避免的離職,不可避免的离职,https://terms.naer.edu.tw/
12350,unbalanced panel data,非平衡縱橫資料,非平衡面板数据,https://terms.naer.edu.tw/
12351,Uncertain information,不確定資訊,不确定信息,https://terms.naer.edu.tw/
12352,uncertainty,不確定性,决策不确定性,https://terms.naer.edu.tw/
12353,uncertainty avoidance,不確定性規避,,https://terms.naer.edu.tw/
12354,unconditional acceptance,無條件承兌,无条件承兑,https://terms.naer.edu.tw/
12355,unconditional contract,無條件契約,无条件合同,https://terms.naer.edu.tw/
12356,unconditional endorsement,無條件背書,无条件背书,https://terms.naer.edu.tw/
12357,unconditional guarantee,無條件擔保,无条件担保,https://terms.naer.edu.tw/
12358,unconditional most-favoured-nation treatment,無條件最惠國待遇,无条件最惠国待遇,https://terms.naer.edu.tw/
12359,unconfirmed irrevocable letter of credit,無保兌不可撤銷信用狀,不保兑的不可撤销信用证,https://terms.naer.edu.tw/
12360,unconfirmed letter of credit,無保兌信用狀,不保兑信用证,https://terms.naer.edu.tw/
12361,Uncontrollable system,不可控系統,不可控系统,https://terms.naer.edu.tw/
12362,uncontrolled factor,不可控因子,不可控因素,https://terms.naer.edu.tw/
12363,unconvertible currency,不可兌換貨幣,不可兑换的货币,https://terms.naer.edu.tw/
12364,uncovered interest parity,未避險利率平價,未保险利率平价,https://terms.naer.edu.tw/
12365,undated security,未註明日期證券,未注日期证券,https://terms.naer.edu.tw/
12366,under reaction,反應不足,反应不足,https://terms.naer.edu.tw/
12367,underlying asset,標的資產,标的物,https://terms.naer.edu.tw/
12368,understudy assignment,見習指派,见习计划,https://terms.naer.edu.tw/
12369,underwriting limit,承保限額,承保限额,https://terms.naer.edu.tw/
12370,underwriting profit,承保利潤,承保利润,https://terms.naer.edu.tw/
12371,undifferentiated {mass}marketing,無差異行銷,无差异营销,https://terms.naer.edu.tw/
12372,undisguised sponsorship,隱藏贊助者,,https://terms.naer.edu.tw/
12373,undiversifiable risk,不可分散風險,,https://terms.naer.edu.tw/
12374,unemployment,失業,失业,https://terms.naer.edu.tw/
12375,unemployment compensation,失業給付,失业补偿,https://terms.naer.edu.tw/
12376,unemployment rate,失業率,失业率,https://terms.naer.edu.tw/
12377,unendorsed cheque,未背書支票,未经背书的支票,https://terms.naer.edu.tw/
12378,unfair competition,不公平競爭,,https://terms.naer.edu.tw/
12379,unfair trade practice,不公平貿易行爲,不正当贸易行为,https://terms.naer.edu.tw/
12380,unfavourable balance of trade,貿易逆差,贸易逆差,https://terms.naer.edu.tw/
12381,unfolding model of voluntary turnover,自願離職的展開模型,自愿离职展开模型,https://terms.naer.edu.tw/
12382,unfreezing,解凍,解冻,https://terms.naer.edu.tw/
12383,unfreezing,解凍,,https://terms.naer.edu.tw/
12384,Unicode,統一字元碼,统一码,https://terms.naer.edu.tw/
12385,unified bond,統一債券,统一债券,https://terms.naer.edu.tw/
12386,Unified Governance,統一治理,统一治理,https://terms.naer.edu.tw/
12387,Unified modeling language (UML),統一塑模語言,统一建模语言,https://terms.naer.edu.tw/
12388,uniform customs and practice,信用狀統一慣例與實務,,https://terms.naer.edu.tw/
12389,uniform delivered pricing,統一交貨定價法,单一到货价,https://terms.naer.edu.tw/
12390,uniform freight classification code,統一貨物分類碼,,https://terms.naer.edu.tw/
12391,uniform pricing,統一訂價法,,https://terms.naer.edu.tw/
12392,Uniform resource locator (URL),統一資源標示,,https://terms.naer.edu.tw/
12393,unilateral control,單方面控制,,https://terms.naer.edu.tw/
12394,unilateral export,單邊出口,单边出口,https://terms.naer.edu.tw/
12395,unilateral import,單邊進口,单边进口,https://terms.naer.edu.tw/
12396,unilateral import quota,單邊進口配額,单边进口限额,https://terms.naer.edu.tw/
12397,unilateral payment,單邊支付,单边支付；直接结汇,https://terms.naer.edu.tw/
12398,unilateral trade,單邊貿易,单边贸易,https://terms.naer.edu.tw/
12399,uninformed trader,不知情交易者,不知情交易者,https://terms.naer.edu.tw/
12400,union,工會,,https://terms.naer.edu.tw/
12401,Union catalog,聯合目錄,联合目录,https://terms.naer.edu.tw/
12402,unique competence,獨特能耐,,https://terms.naer.edu.tw/
12403,unique resource,獨特資源,,https://terms.naer.edu.tw/
12404,unique selling proposition {=USP},獨特賣點,,https://terms.naer.edu.tw/
12405,uniqueness,獨特性,,https://terms.naer.edu.tw/
12406,unissued stock,未發行股票,未发行股票,https://terms.naer.edu.tw/
12407,unit and small-batch production,單位及小批量生產,,https://terms.naer.edu.tw/
12408,unit bank,單行銀行,单一制银行,https://terms.naer.edu.tw/
12409,unit bank system,單一銀行制度,单一银行制度,https://terms.naer.edu.tw/
12410,unit banking,單行銀行制,,https://terms.naer.edu.tw/
12411,unit central bank system,一元式中央銀行制度,一元式中央银行制度,https://terms.naer.edu.tw/
12412,unit of analysis,分析單位；分析單元,,https://terms.naer.edu.tw/
12413,unit product,單位產品,单位产品,https://terms.naer.edu.tw/
12414,unit production,單位生產,,https://terms.naer.edu.tw/
12415,unit structure,單位結構,,https://terms.naer.edu.tw/
12416,Unit testing,單元測試,单元测试,https://terms.naer.edu.tw/
12417,unit trust,單位信託公司,单位信托,https://terms.naer.edu.tw/
12418,unitary rate,單一匯率；單一利率,单一汇率,https://terms.naer.edu.tw/
12419,Uniterm,單元詞,单元词,https://terms.naer.edu.tw/
12420,Uniterm method,單元詞法,单元词法,https://terms.naer.edu.tw/
12421,unity of command,指揮統一,命令统一,https://terms.naer.edu.tw/
12422,unity of command,指揮統一,,https://terms.naer.edu.tw/
12423,unity of direction,統一指揮,,https://terms.naer.edu.tw/
12424,universal banking,綜合銀行,全能型银行,https://terms.naer.edu.tw/
12425,universal currency,國際通貨,国际通货,https://terms.naer.edu.tw/
12426,"Universal Description, Discovery and Integration (UDDI)",统一描述、發現和整合,统一描述、发现和集成,https://terms.naer.edu.tw/
12427,university-industry strategic alliances,產學策略聯盟,产学研战略联盟,https://terms.naer.edu.tw/
12428,unlearning,忘卻學習,忘却学习,https://terms.naer.edu.tw/
12429,unlevered beta,未舉債貝他,,https://terms.naer.edu.tw/
12430,unlimited company,無限公司,无限公司,https://terms.naer.edu.tw/
12431,unlimited liability,無限責任,,https://terms.naer.edu.tw/
12432,unlisted security market,未上市證券市場,无牌价证券市场,https://terms.naer.edu.tw/
12433,unmandatory standard,非強制性標準,,https://terms.naer.edu.tw/
12434,unmanned factory　,無人化工廠,,https://terms.naer.edu.tw/
12435,unnamed bill of lading,不記名提單,不记名提单,https://terms.naer.edu.tw/
12436,unnecessary motion waste,非必要動作浪費,非必要动作浪费,https://terms.naer.edu.tw/
12437,unqualified acceptance,不合格承兌,无条件承兑,https://terms.naer.edu.tw/
12438,unqualified rate,不合格率,不合格率,https://terms.naer.edu.tw/
12439,unregistered bond,不記名債券,不记名债券,https://terms.naer.edu.tw/
12440,unregistered employment,隱性就業,隐性就业,https://terms.naer.edu.tw/
12441,unregistered share,無記名股票,无记名股票,https://terms.naer.edu.tw/
12442,unregistered stock,未登記股票,未登记股票,https://terms.naer.edu.tw/
12443,unrelated diversification,非相關多角化,非相关多元化,https://terms.naer.edu.tw/
12444,unrelated diversification,非相關多角化,,https://terms.naer.edu.tw/
12445,unrequited export,無償出口,无偿出口,https://terms.naer.edu.tw/
12446,unrestricted import,無管制進口,无限制进口,https://terms.naer.edu.tw/
12447,unrestricted job,非限制性工作,非受限工作,https://terms.naer.edu.tw/
12448,unrestricted most-favoured nation clause,無條件最惠國條款,无条件最惠国条款,https://terms.naer.edu.tw/
12449,unrestricted use credit,無限定用途信貸,不定用途的信贷,https://terms.naer.edu.tw/
12450,unsecured bond,無擔保債券,,https://terms.naer.edu.tw/
12451,unsecured credit,無擔保信貸,无担保信贷,https://terms.naer.edu.tw/
12452,unsecured letter of credit,無擔保信用狀,无担保信用证,https://terms.naer.edu.tw/
12453,unsecured loan,無擔保貸款,无担保贷款,https://terms.naer.edu.tw/
12454,unsecured stock,無擔保股票,无担保股票,https://terms.naer.edu.tw/
12455,unsolicited offer,主動報價,主动报价,https://terms.naer.edu.tw/
12456,unsought good,未覓品,,https://terms.naer.edu.tw/
12457,Unstructured data,非結構化資料,非结构化数据,https://terms.naer.edu.tw/
12458,Unstructured decision-making,非結構化決策,非结构化决策,https://terms.naer.edu.tw/
12459,unstructured interview,非結構式面談,,https://terms.naer.edu.tw/
12460,Unstructured problem,非結構化問題,非结构化问题,https://terms.naer.edu.tw/
12461,unstructured question,非結構式問題,,https://terms.naer.edu.tw/
12462,unsystematic risk,非系統風險,,https://terms.naer.edu.tw/
12463,untied loan,不附帶條件貸款,不附带条件的贷款,https://terms.naer.edu.tw/
12464,untransferable technology,不可轉讓技術,不可转让的技术,https://terms.naer.edu.tw/
12465,unvalued policy,不定值保險單,不定额保险单,https://terms.naer.edu.tw/
12466,unwarranted claim,無擔保債權,无担保的债权,https://terms.naer.edu.tw/
12467,up-selling,向上銷售,向上销售,https://terms.naer.edu.tw/
12468,upper control limit,上管制界限；管制上限,上控制限,https://terms.naer.edu.tw/
12469,upper specification limit,規格上限,规格上限,https://terms.naer.edu.tw/
12470,upward communication,上行溝通；向上溝通,上行沟通,https://terms.naer.edu.tw/
12471,upward influence,向上影響,向上影响,https://terms.naer.edu.tw/
12472,upward stretch,向上延伸,,https://terms.naer.edu.tw/
12473,Uruguay Round,烏拉圭回合談判,乌拉圭回合,https://terms.naer.edu.tw/
12474,US-China Business Council,美中貿易全國委員會,美中贸易全国委员会,https://terms.naer.edu.tw/
12475,Usability,可用性,可用性,https://terms.naer.edu.tw/
12476,usage of trade,商業慣例,商业惯例,https://terms.naer.edu.tw/
12477,usage rate,使用率,,https://terms.naer.edu.tw/
12478,usage segmentation,使用區隔,,https://terms.naer.edu.tw/
12479,usance bill,遠期匯票,远期汇票,https://terms.naer.edu.tw/
12480,usance bill rate,遠期匯票利率,远期汇票价,https://terms.naer.edu.tw/
12481,usance credit,遠期信用狀,远期信用证,https://terms.naer.edu.tw/
12482,usance draft,遠期匯票,远期汇票,https://terms.naer.edu.tw/
12483,use,使用{動素種類之一},使用,https://terms.naer.edu.tw/
12484,Use case diagram,用例圖,用例图,https://terms.naer.edu.tw/
12485,user,使用者,使用者,https://terms.naer.edu.tw/
12486,user innovation,使用者創新,用户创新,https://terms.naer.edu.tw/
12487,User interface design,使用者介面設計,接口设计,https://terms.naer.edu.tw/
12488,User interface(UI),使用者介面,用户界面,https://terms.naer.edu.tw/
12489,User oriented,使用者導向,面向用户的原则,https://terms.naer.edu.tw/
12490,user switching cost,使用者轉換成本,,https://terms.naer.edu.tw/
12491,user toolkits of innovation,使用者創新工具箱,用户创新工具箱,https://terms.naer.edu.tw/
12492,Uses and Gratification Theory,使用與滿足理論,使用与满足理论,https://terms.naer.edu.tw/
12493,utilitarian view,功利主義觀點,功利主义观点,https://terms.naer.edu.tw/
12494,utilitarian view of ethics,倫理的效用觀；倫理的功利觀,,https://terms.naer.edu.tw/
12495,utilitarianism,功利主義,功利主义,https://terms.naer.edu.tw/
12496,utility,效用,,https://terms.naer.edu.tw/
12497,utility analysis,效用分析,效用分析,https://terms.naer.edu.tw/
12498,utility bond,公用事業債券,公用事业债券,https://terms.naer.edu.tw/
12499,Utility computing,公用運算,实用性,https://terms.naer.edu.tw/
12500,utility fund,公用事業基金,公用事业基金,https://terms.naer.edu.tw/
12501,Utility program,公用程式,实用程序,https://terms.naer.edu.tw/
12502,utility terms of trade,效用貿易條件,效用贸易条件,https://terms.naer.edu.tw/
12503,utilization　,利用率,,https://terms.naer.edu.tw/
12504,valence,效價{期望理論},效价{期望理论},https://terms.naer.edu.tw/
12505,validity,效度,,https://terms.naer.edu.tw/
12506,validity,效度,效度,https://terms.naer.edu.tw/
12507,validity of bid,投標的有效性,投标的有效性,https://terms.naer.edu.tw/
12508,valuable document,有價證券,有价证券,https://terms.naer.edu.tw/
12509,valuable resource,具價值的資源,,https://terms.naer.edu.tw/
12510,valuation,評價,估值,https://terms.naer.edu.tw/
12511,valuation of special drawing rights {=valuation of SDR},特別提款權評價,特别提款权估值,https://terms.naer.edu.tw/
12512,value,價值,,https://terms.naer.edu.tw/
12513,value activities,價值活動,,https://terms.naer.edu.tw/
12514,value added,附加價值；加值,增值价值,https://terms.naer.edu.tw/
12515,value added activity　,附加價值活動,,https://terms.naer.edu.tw/
12516,value analysis　,價值分析,,https://terms.naer.edu.tw/
12517,Value And Lifestyle System {=VALS},價值及生活型態系統,,https://terms.naer.edu.tw/
12518,value appropriation,價值專享,,https://terms.naer.edu.tw/
12519,value based leadership,價值領導,价值领导,https://terms.naer.edu.tw/
12520,value based pricing,價值基礎訂價法,,https://terms.naer.edu.tw/
12521,value chain,價值鏈,,https://terms.naer.edu.tw/
12522,value chain analysis,價值鏈分析,,https://terms.naer.edu.tw/
12523,value configuration,價值構形,,https://terms.naer.edu.tw/
12524,value congruence,價值一致性,价值一致性,https://terms.naer.edu.tw/
12525,value creation,價值創造,,https://terms.naer.edu.tw/
12526,value delivery,價值遞送,,https://terms.naer.edu.tw/
12527,value delivery system,價值遞送系統,,https://terms.naer.edu.tw/
12528,value destruction,價值毀滅,,https://terms.naer.edu.tw/
12529,value drivers,價值驅動因子,,https://terms.naer.edu.tw/
12530,value engineering　,價值工程,,https://terms.naer.edu.tw/
12531,value integrator,價值整合者,,https://terms.naer.edu.tw/
12532,value line index,價值線指數,,https://terms.naer.edu.tw/
12533,value net,價值網,,https://terms.naer.edu.tw/
12534,value network,價值網絡,,https://terms.naer.edu.tw/
12535,value of money,貨幣的價值,货币价值,https://terms.naer.edu.tw/
12536,value pricing,價值訂價法,,https://terms.naer.edu.tw/
12537,value proposition,價值主張,,https://terms.naer.edu.tw/
12538,value system,價值體系；價值系統,价值体系；价值系统,https://terms.naer.edu.tw/
12539,value unit,價值單元,,https://terms.naer.edu.tw/
12540,Value-added network {=VAN},加值網路,,https://terms.naer.edu.tw/
12541,value-added pricing,附加價值訂價法,附加价值定价,https://terms.naer.edu.tw/
12542,value-at-risk {=VaR},風險值,在险价值,https://terms.naer.edu.tw/
12543,Value-at-Risk stress testing {=VaR stress testing},風險值壓力測試,在险价值压力测试,https://terms.naer.edu.tw/
12544,value-based pricing,價值基礎訂價法,价值导向定价,https://terms.naer.edu.tw/
12545,value-oriented pricing,價值導向訂價法,,https://terms.naer.edu.tw/
12546,values-based management,價值型管理,,https://terms.naer.edu.tw/
12547,variability,變異性,,https://terms.naer.edu.tw/
12548,variable,變數；變項,,https://terms.naer.edu.tw/
12549,variable budgeting,變動預算法,,https://terms.naer.edu.tw/
12550,variable compensation,變動薪酬,可变薪酬,https://terms.naer.edu.tw/
12551,variable cost,變動成本,,https://terms.naer.edu.tw/
12552,variable exchange rate system,變動匯率制度,自由浮动汇率制度,https://terms.naer.edu.tw/
12553,variable import levy,變動進口稅,非固定进口税,https://terms.naer.edu.tw/
12554,variable interest rate,變動利率,可变利率,https://terms.naer.edu.tw/
12555,variable investment tax,變動投資稅,可变投资税,https://terms.naer.edu.tw/
12556,variable pay,變動薪資,浮动工资,https://terms.naer.edu.tw/
12557,variable price policy,變動價格政策,,https://terms.naer.edu.tw/
12558,variable value,計量值,计量值,https://terms.naer.edu.tw/
12559,variable-interval reinforcement,變時增強；變時強化,,https://terms.naer.edu.tw/
12560,variable-interval schedule,變動期間制,变动期间制,https://terms.naer.edu.tw/
12561,variable-pay program,變動薪資制度；變動薪資方案,,https://terms.naer.edu.tw/
12562,variable-ratio reinforcement,變率增強；變率強化,,https://terms.naer.edu.tw/
12563,variable-ratio schedule,變動比率制,变动比率制,https://terms.naer.edu.tw/
12564,variance,變異數,,https://terms.naer.edu.tw/
12565,variance,變異數,,https://terms.naer.edu.tw/
12566,variance analysis,變異分析,,https://terms.naer.edu.tw/
12567,Variance Based Theory,變異性理論,变异性理论,https://terms.naer.edu.tw/
12568,variation margin,變動保證金,价格变动保证金,https://terms.naer.edu.tw/
12569,variety store,雜貨店,,https://terms.naer.edu.tw/
12570,variety-seeking buying behavior,尋求變化的購買行為,变幻型购买行为,https://terms.naer.edu.tw/
12571,vector autoregressive model,向量自我迴歸模型,向量自回归模型,https://terms.naer.edu.tw/
12572,vector error correction model,向量誤差修正模型,向量误差修正模型,https://terms.naer.edu.tw/
12573,vega,vega,维加值,https://terms.naer.edu.tw/
12574,velocity of circulation of deposit money,存款貨幣流通速度,存款货币流通速度,https://terms.naer.edu.tw/
12575,velocity of circulation of money,貨幣流通速度,货币流通速度,https://terms.naer.edu.tw/
12576,vending machine,販賣機,,https://terms.naer.edu.tw/
12577,vendor financing,賣方融資,供应商融资,https://terms.naer.edu.tw/
12578,Vendor-managed inventory (VMI),供應商管理存貨,,https://terms.naer.edu.tw/
12579,venture capital,創業投資,,https://terms.naer.edu.tw/
12580,venture capital fund,創業投資基金,风险投资基金,https://terms.naer.edu.tw/
12581,venture capital institution,創業投資機構,风险投资机构,https://terms.naer.edu.tw/
12582,venture capitalist,創投業者,,https://terms.naer.edu.tw/
12583,venture fund,創業基金,创业基金,https://terms.naer.edu.tw/
12584,venture opportunity school,創業機會學派,,https://terms.naer.edu.tw/
12585,verbal ability,語言能力,言语能力,https://terms.naer.edu.tw/
12586,verbal offer,口頭報價,口头报盘,https://terms.naer.edu.tw/
12587,verification,驗證,验证,https://terms.naer.edu.tw/
12588,verification of industry premises,產業前提的驗證,,https://terms.naer.edu.tw/
12589,verification of premises,驗證前提,,https://terms.naer.edu.tw/
12590,versatility transfer,多能工型調動；多能工型轉調,多用途调动,https://terms.naer.edu.tw/
12591,vertical business system,垂直企業系統,,https://terms.naer.edu.tw/
12592,vertical channel conflict,垂直通路衝突,,https://terms.naer.edu.tw/
12593,vertical communication flow,垂直溝通流向,,https://terms.naer.edu.tw/
12594,vertical differentiation,垂直分化,,https://terms.naer.edu.tw/
12595,vertical division,垂直分工,垂直分工,https://terms.naer.edu.tw/
12596,vertical integration,垂直整合,,https://terms.naer.edu.tw/
12597,vertical international specialization,垂直國際專業化；垂直性國際分工,纵向国际专业化分工,https://terms.naer.edu.tw/
12598,vertical job loading,垂直工作負荷,垂直工作负荷,https://terms.naer.edu.tw/
12599,vertical marketing system {=VMS},垂直行銷系統,垂直营销系统,https://terms.naer.edu.tw/
12600,vertical merger,垂直合併；垂直購併,,https://terms.naer.edu.tw/
12601,Vertical Portal,垂直入口網站,,https://terms.naer.edu.tw/
12602,vertical restraints,垂直控制,,https://terms.naer.edu.tw/
12603,vertical spread strategy,垂直價差策略,,https://terms.naer.edu.tw/
12604,vertical team,垂直團隊,,https://terms.naer.edu.tw/
12605,vertical trade,垂直貿易,纵向贸易,https://terms.naer.edu.tw/
12606,vertical transaction,垂直交易,纵向交易,https://terms.naer.edu.tw/
12607,vertical transfer,垂直轉讓,纵向转让,https://terms.naer.edu.tw/
12608,vertically integrated investment,垂直型投資,,https://terms.naer.edu.tw/
12609,vested proprietorship,既得權益,投入资本,https://terms.naer.edu.tw/
12610,Viability,可行性,可行性,https://terms.naer.edu.tw/
12611,vicarious authority,代理權,代理权,https://terms.naer.edu.tw/
12612,vicarious learning,替代學習,替代学习,https://terms.naer.edu.tw/
12613,vicarious performance,轉承履約,转承履约,https://terms.naer.edu.tw/
12614,video conference,網路視訊會議,网络视频会议,https://terms.naer.edu.tw/
12615,Video display terminal (VDT),影像顯示終端機,,https://terms.naer.edu.tw/
12616,Videoconferencing,視訊會議,,https://terms.naer.edu.tw/
12617,village bank,村鎮銀行,村镇银行,https://terms.naer.edu.tw/
12618,violation of agreement,違約,违背协议,https://terms.naer.edu.tw/
12619,viral marketing,病毒行銷,病毒式营销,https://terms.naer.edu.tw/
12620,viral marketing,病毒行銷,,https://terms.naer.edu.tw/
12621,virtual capital,虛擬資本,虚拟资本,https://terms.naer.edu.tw/
12622,Virtual commerce,虛擬商務,虚拟商务,https://terms.naer.edu.tw/
12623,Virtual community,虛擬社群,,https://terms.naer.edu.tw/
12624,virtual company,虛擬公司,,https://terms.naer.edu.tw/
12625,virtual corporation,虛擬公司,,https://terms.naer.edu.tw/
12626,virtual innovation organization,虛擬創新組織,虚拟创新组织,https://terms.naer.edu.tw/
12627,virtual learning,虛擬學習,虚拟学习,https://terms.naer.edu.tw/
12628,virtual learning,虛擬學習,,https://terms.naer.edu.tw/
12629,virtual organization,虛擬組織,虚拟组织,https://terms.naer.edu.tw/
12630,virtual organization,虛擬組織,,https://terms.naer.edu.tw/
12631,Virtual private networks (VPN),虛擬私有網路,,https://terms.naer.edu.tw/
12632,virtual R&D alliance,虛擬研發聯盟,虚拟研发联盟,https://terms.naer.edu.tw/
12633,Virtual reality (VR),虛擬實境,,https://terms.naer.edu.tw/
12634,virtual star team,虛擬星狀創業團隊,,https://terms.naer.edu.tw/
12635,Virtual storage,虛擬儲存體,,https://terms.naer.edu.tw/
12636,virtual team,虛擬團隊,,https://terms.naer.edu.tw/
12637,virtual technological innovation alliances,虛擬技術創新聯盟,虚拟技术创新联盟,https://terms.naer.edu.tw/
12638,Virus,病毒,,https://terms.naer.edu.tw/
12639,visible balance,有形貿易差額,有形贸易差额,https://terms.naer.edu.tw/
12640,visible export,有形貿易出口,有形出口,https://terms.naer.edu.tw/
12641,visible import,有形貿易進口,有形进口,https://terms.naer.edu.tw/
12642,visible trade,有形貿易,有形贸易,https://terms.naer.edu.tw/
12643,visible trade deficit,有形貿易赤字,有形贸易赤字,https://terms.naer.edu.tw/
12644,visible trade surplus,有形貿易順差,商品贸易顺差,https://terms.naer.edu.tw/
12645,vision,願景；遠見,,https://terms.naer.edu.tw/
12646,vision statement,願景宣言,,https://terms.naer.edu.tw/
12647,visionary leadership,願景領導；願景型領導,愿景型领导,https://terms.naer.edu.tw/
12648,visual analysis,目視分析,可视分析,https://terms.naer.edu.tw/
12649,visual control,目視控制,目视控制,https://terms.naer.edu.tw/
12650,visual management,目視管理,可视管理,https://terms.naer.edu.tw/
12651,visual review system,目視訂貨系統,直观订货系统,https://terms.naer.edu.tw/
12652,visual tests,視覺測試,,https://terms.naer.edu.tw/
12653,Visualization analysis,視覺化分析,可视化分析,https://terms.naer.edu.tw/
12654,vocation,職業,职业,https://terms.naer.edu.tw/
12655,vocational interest test,職業興趣測驗,职业兴趣测验,https://terms.naer.edu.tw/
12656,vocational interest test,職業興趣測驗,,https://terms.naer.edu.tw/
12657,vocational orientation,職業導向,职业导向,https://terms.naer.edu.tw/
12658,vocational preference test,職業偏好測驗,职业倾向测试,https://terms.naer.edu.tw/
12659,vocational preference test,職業偏好測驗,,https://terms.naer.edu.tw/
12660,voice behavior,建言行為,进谏行为,https://terms.naer.edu.tw/
12661,Voice mail,語音郵件,语音邮件,https://terms.naer.edu.tw/
12662,voice of share,廣告聲量比,,https://terms.naer.edu.tw/
12663,void contract,無效契約,无效合同,https://terms.naer.edu.tw/
12664,voidable contract,可撤銷契約,可撤销合同,https://terms.naer.edu.tw/
12665,volatility,波動度,波动性,https://terms.naer.edu.tw/
12666,volatility risk,波動度風險,波动性风险,https://terms.naer.edu.tw/
12667,Volitional Control,自主控制,自主控制,https://terms.naer.edu.tw/
12668,Voluntariness,自願性,自愿性,https://terms.naer.edu.tw/
12669,Voluntaristic,自主性,自主性,https://terms.naer.edu.tw/
12670,voluntary arbitration,自願仲裁,自愿仲裁,https://terms.naer.edu.tw/
12671,voluntary certification,自願性認證,自愿性认证,https://terms.naer.edu.tw/
12672,voluntary chain,自願型連鎖,自愿连锁店,https://terms.naer.edu.tw/
12673,voluntary export quota,自動出口配額,自动出口配额,https://terms.naer.edu.tw/
12674,voluntary export restraint {=VER},自動出口設限,自动出口限制,https://terms.naer.edu.tw/
12675,voluntary liquidation,自願清算,自动清算,https://terms.naer.edu.tw/
12676,voluntary redemption,自願償還,自愿兑换,https://terms.naer.edu.tw/
12677,voluntary restrictive measure,自動限制措施,自动限制措施,https://terms.naer.edu.tw/
12678,voluntary separation,自願離職,自愿离职,https://terms.naer.edu.tw/
12679,voluntary service,自願服務,自愿服务,https://terms.naer.edu.tw/
12680,voluntary standard,自願性標準,自愿性标准,https://terms.naer.edu.tw/
12681,Von Bertalanffy Influence Model,馮‧貝塔郎菲影響模型,冯‧贝塔郎菲影响模型,https://terms.naer.edu.tw/
12682,voucher cheque,憑單支票,凭单支票,https://terms.naer.edu.tw/
12683,VRIO framework,VRIO架構,,https://terms.naer.edu.tw/
12684,vulture capitalist,禿鷹資本家,,https://terms.naer.edu.tw/
12685,wage,工資,工资,https://terms.naer.edu.tw/
12686,wage accounting,工資核算,工资核算,https://terms.naer.edu.tw/
12687,wage analysis,工資分析,工资分析,https://terms.naer.edu.tw/
12688,wage and salary curves,薪資曲線,薪资曲线,https://terms.naer.edu.tw/
12689,wage and salary survey,薪酬調查；薪資調查,薪酬调查,https://terms.naer.edu.tw/
12690,wage audit,工資審計,工资审计,https://terms.naer.edu.tw/
12691,wage audit,工資審計,,https://terms.naer.edu.tw/
12692,wage bands,工資幅度,工资带,https://terms.naer.edu.tw/
12693,wage control,工資控制,工资控制,https://terms.naer.edu.tw/
12694,wage curve,工資曲線,工资线,https://terms.naer.edu.tw/
12695,wage form,工資形式,工资形式,https://terms.naer.edu.tw/
12696,wage indexation,工資指數化,工资指数化,https://terms.naer.edu.tw/
12697,wage indexation,工資指數化,,https://terms.naer.edu.tw/
12698,wage level,工資水準,工资水平,https://terms.naer.edu.tw/
12699,wage policy,工資政策,工资政策,https://terms.naer.edu.tw/
12700,wage policy,工資政策,,https://terms.naer.edu.tw/
12701,wage range overlap,工資幅度重迭,工资等级重迭率,https://terms.naer.edu.tw/
12702,wage range spread,工資幅度,工资差距,https://terms.naer.edu.tw/
12703,wage rate variance,工資率差異,,https://terms.naer.edu.tw/
12704,wage survey,工資調查,工资调查,https://terms.naer.edu.tw/
12705,wage system,工資制度,工资制度,https://terms.naer.edu.tw/
12706,wage system,工資制度,,https://terms.naer.edu.tw/
12707,Wage-hours Act,工資-工時法,工资-工时法,https://terms.naer.edu.tw/
12708,wait time,等待時間,等待时间,https://terms.naer.edu.tw/
12709,waiting time,等待時間,等待时间,https://terms.naer.edu.tw/
12710,waiting waste,等待浪費,等待浪费,https://terms.naer.edu.tw/
12711,wall-to-wall inventory,全部存貨,全面库存法,https://terms.naer.edu.tw/
12712,wandering bottleneck,動態瓶頸,动态瓶颈,https://terms.naer.edu.tw/
12713,warehouse bond,入庫保稅品,入库保税品,https://terms.naer.edu.tw/
12714,warehouse club,會員制量販店,仓储俱乐部,https://terms.naer.edu.tw/
12715,warehouse retailing,零售量販店,,https://terms.naer.edu.tw/
12716,warrant,認股權證,认股权证,https://terms.naer.edu.tw/
12717,warrant bond,附認股權證的公司債券,附有认股权证的公司债券,https://terms.naer.edu.tw/
12718,warrant money,保證金,保证金,https://terms.naer.edu.tw/
12719,warrant of attorney,委託書,委托书,https://terms.naer.edu.tw/
12720,warrant payable,應付帳款憑單,应付款凭单,https://terms.naer.edu.tw/
12721,warranty,保證,,https://terms.naer.edu.tw/
12722,warranty clause,保證條款,保证条款,https://terms.naer.edu.tw/
12723,warranty deed,擔保契據,担保契据,https://terms.naer.edu.tw/
12724,wash sale,沖銷交易,虚卖,https://terms.naer.edu.tw/
12725,waste,浪費,浪费,https://terms.naer.edu.tw/
12726,watered stock,摻水股票,掺水股票,https://terms.naer.edu.tw/
12727,Waterfall model,瀑布模型,瀑布模型,https://terms.naer.edu.tw/
12728,weak culture,弱勢文化,弱势文化,https://terms.naer.edu.tw/
12729,weak currency,弱勢貨幣,弱势货币,https://terms.naer.edu.tw/
12730,weak-form efficiency,弱式效率,弱有效,https://terms.naer.edu.tw/
12731,weaknesses,弱勢,,https://terms.naer.edu.tw/
12732,Web advertising,網路廣告,网络广告,https://terms.naer.edu.tw/
12733,web conference,網路視訊會議,网络视频会议,https://terms.naer.edu.tw/
12734,Web hosting,網站代管,网上主机,https://terms.naer.edu.tw/
12735,Web mining,網頁探勘,WEB挖掘,https://terms.naer.edu.tw/
12736,Web page,網頁,,https://terms.naer.edu.tw/
12737,Web service,網路服務,,https://terms.naer.edu.tw/
12738,Web Service Definition Language (WSDL),網路服務定義語言,,https://terms.naer.edu.tw/
12739,web thinking,網狀思維,,https://terms.naer.edu.tw/
12740,Web-based training (WBT),網路訓練,网络培训,https://terms.naer.edu.tw/
12741,Webcasting,網路廣播,,https://terms.naer.edu.tw/
12742,Webonomics,網路經濟學,,https://terms.naer.edu.tw/
12743,Wechsler adult intelligence scale,魏氏成人智力量表,韦克斯勒成人智力量表,https://terms.naer.edu.tw/
12744,weighted average cost of capital {=WACC},加權平均資金成本,加权平均资本成本,https://terms.naer.edu.tw/
12745,weighted average total market value,加權平均總市值,加权平均总市值,https://terms.naer.edu.tw/
12746,Weighted search,加權檢索,加权检索,https://terms.naer.edu.tw/
12747,weighted-point plan,加權評分法,加权点方案,https://terms.naer.edu.tw/
12748,welfare management,福利管理,福祉管理,https://terms.naer.edu.tw/
12749,welfare management,福利管理,,https://terms.naer.edu.tw/
12750,well-diversified portfolio,充分分散風險的投資組合,充分分散的资产组合,https://terms.naer.edu.tw/
12751,wellness program,保健計畫；健康計畫,保健计划；健康计划,https://terms.naer.edu.tw/
12752,West African Customs Union,西非關稅同盟,西非关税同盟,https://terms.naer.edu.tw/
12753,West African Economic Community {=WAEC},西非經濟共同體,西非经济共同体,https://terms.naer.edu.tw/
12754,West African Monetary Union,西非貨幣聯盟,西非货币联盟,https://terms.naer.edu.tw/
12755,wet lease,濕租賃,湿租赁；服务性租赁,https://terms.naer.edu.tw/
12756,wheel communication,輪狀溝通,轮状沟通,https://terms.naer.edu.tw/
12757,wheel of retailing theory,零售之輪理論,,https://terms.naer.edu.tw/
12758,whistle-blowing,揭發,,https://terms.naer.edu.tw/
12759,White box testing,白箱測試,白盒测试,https://terms.naer.edu.tw/
12760,white knight,白馬騎士,,https://terms.naer.edu.tw/
12761,white squire,白馬護衛,,https://terms.naer.edu.tw/
12762,whole coverage,全險,全赔保险,https://terms.naer.edu.tw/
12763,whole process quality management,全製程品質管理,全过程质量管理,https://terms.naer.edu.tw/
12764,wholesale bank,批發銀行,批发银行,https://terms.naer.edu.tw/
12765,wholesale banking,躉售銀行業務,银行批发业务,https://terms.naer.edu.tw/
12766,wholesale club,會員制批發,,https://terms.naer.edu.tw/
12767,wholesale distributor,會員制批發商,,https://terms.naer.edu.tw/
12768,wholesale money market,躉售貨幣市場,货币批发市场,https://terms.naer.edu.tw/
12769,wholesale price,躉售價格,批发价格,https://terms.naer.edu.tw/
12770,wholesale price index,躉售價格指數,批发价格指数,https://terms.naer.edu.tw/
12771,wholesale price index {=WPI},躉售物價指數,,https://terms.naer.edu.tw/
12772,wholesaler,批發商,批发商,https://terms.naer.edu.tw/
12773,wholesaler sponsored cooperative,批發商贊助合作組織,,https://terms.naer.edu.tw/
12774,wholesaling,批發,批发,https://terms.naer.edu.tw/
12775,wholly owned subsidiary mode,獨資型態子公司模式,,https://terms.naer.edu.tw/
12776,wholly-owned subsidiary,獨資子公司,,https://terms.naer.edu.tw/
12777,Wide area network (WAN),廣域網路,,https://terms.naer.edu.tw/
12778,width,寬度；廣度,,https://terms.naer.edu.tw/
12779,Wiener process,Wiener過程,维纳过程,https://terms.naer.edu.tw/
12780,wikinomics,維琪經濟學,维基经济学,https://terms.naer.edu.tw/
12781,wild card option,外卡選擇權,,https://terms.naer.edu.tw/
12782,window guidance,窗口指導,窗口指导,https://terms.naer.edu.tw/
12783,Windows,視窗,,https://terms.naer.edu.tw/
12784,windows of opportunity,機會窗口,,https://terms.naer.edu.tw/
12785,wink,瞬間,瞬时,https://terms.naer.edu.tw/
12786,WIP buffer　,在製品暫存區,,https://terms.naer.edu.tw/
12787,wire transfer,電匯,电汇,https://terms.naer.edu.tw/
12788,Wireless application protocol (WAP),無線應用軟體協定,,https://terms.naer.edu.tw/
12789,Wireless local area network (WLAN),無線區域網路,,https://terms.naer.edu.tw/
12790,wireless phone survey,無線電話調查,,https://terms.naer.edu.tw/
12791,with particular average {= WPA},單獨海損賠償；水漬險,,https://terms.naer.edu.tw/
12792,with recourse letter of credit {=with recourse L/C},有追索權信用狀,有追索权信用证,https://terms.naer.edu.tw/
12793,withdrawal instruction,提款憑單,提款货单,https://terms.naer.edu.tw/
12794,withdrawal kanban,拉式看板,传送看板；移动看板,https://terms.naer.edu.tw/
12795,withdrawal mechanism,退場機制,,https://terms.naer.edu.tw/
12796,withholding taxes,預扣稅,,https://terms.naer.edu.tw/
12797,without-recourse financing,無追索權融資,无追索权贷款,https://terms.naer.edu.tw/
12798,without-recourse letter of credit {=without-recourse L/C},無追索權信用狀,无追索权信用证,https://terms.naer.edu.tw/
12799,word association,字彙聯想法,,https://terms.naer.edu.tw/
12800,Word length,字元長度,,https://terms.naer.edu.tw/
12801,word of mouth {=WOM},口碑,口碑,https://terms.naer.edu.tw/
12802,Word processing,文書處理,,https://terms.naer.edu.tw/
12803,word-of-mouth communication,口碑溝通,,https://terms.naer.edu.tw/
12804,word-of-mouth marketing,口碑行銷,口碑营销,https://terms.naer.edu.tw/
12805,word-of-mouth promotion,口語傳銷,,https://terms.naer.edu.tw/
12806,work center,工作中心,工作地,https://terms.naer.edu.tw/
12807,work design theory,工作設計理論,,https://terms.naer.edu.tw/
12808,work division,工作分工,,https://terms.naer.edu.tw/
12809,work efficiency,工作效率,工作效率,https://terms.naer.edu.tw/
12810,work ethics,工作倫理,工作伦理,https://terms.naer.edu.tw/
12811,work ethics,工作倫理,,https://terms.naer.edu.tw/
12812,work factor (WF),工作要素法,工作要素法,https://terms.naer.edu.tw/
12813,work group,工作團體；工作群體,工作团体,https://terms.naer.edu.tw/
12814,work in process {=WIP},在製品,在制品,https://terms.naer.edu.tw/
12815,work measurement　,工作衡量,,https://terms.naer.edu.tw/
12816,work motivation,工作動機,工作动机,https://terms.naer.edu.tw/
12817,work order,工作命令,工票,https://terms.naer.edu.tw/
12818,work performance,工作績效,,https://terms.naer.edu.tw/
12819,work process engineering,工作流程設計,,https://terms.naer.edu.tw/
12820,work process reengineering,工作流程再造,工作流程再造,https://terms.naer.edu.tw/
12821,work quality,工作品質,工作质量,https://terms.naer.edu.tw/
12822,work sample test,工作樣本測驗,工作样本测验,https://terms.naer.edu.tw/
12823,work sample test,工作樣本測驗,,https://terms.naer.edu.tw/
12824,work sampling,工作抽樣,,https://terms.naer.edu.tw/
12825,work sampling method　,工作抽查法；工作抽樣法,,https://terms.naer.edu.tw/
12826,work simplification,工作簡化,,https://terms.naer.edu.tw/
12827,work specialization,工作專門化,,https://terms.naer.edu.tw/
12828,work standards approach,工作標準法,工作标准法,https://terms.naer.edu.tw/
12829,work stress,工作壓力,工作压力,https://terms.naer.edu.tw/
12830,work stress,工作壓力,,https://terms.naer.edu.tw/
12831,work study　,工作研究,,https://terms.naer.edu.tw/
12832,work team,工作團隊,工作团队,https://terms.naer.edu.tw/
12833,work team,工作團隊,,https://terms.naer.edu.tw/
12834,work time evaluation,工時評估,,https://terms.naer.edu.tw/
12835,work time research,工時研究,,https://terms.naer.edu.tw/
12836,work value,工作價值觀,工作价值观,https://terms.naer.edu.tw/
12837,work values inventory,工作價值觀量表,工作价值观量表,https://terms.naer.edu.tw/
12838,work-family balance,職-家平衡,,https://terms.naer.edu.tw/
12839,work-family conflict,工作-家庭衝突；職家衝突,工作-家庭冲突；职家冲突,https://terms.naer.edu.tw/
12840,work-in-progress (WIP),在製品；半製品,,https://terms.naer.edu.tw/
12841,work-life balance plan,工作生活平衡計畫,工作生活平衡计划,https://terms.naer.edu.tw/
12842,work-life balance plan,工作生活平衡計畫,,https://terms.naer.edu.tw/
12843,worker-machine chart　,人機程序圖,,https://terms.naer.edu.tw/
12844,Workers' Congress,職工代表大會；員工大會,职代会,https://terms.naer.edu.tw/
12845,Workflow management,工作流程管理,,https://terms.naer.edu.tw/
12846,workforce diversity,員工多樣化；勞動力多樣化,员工多样化；劳动力多样化,https://terms.naer.edu.tw/
12847,workforce flexibility,勞動力彈性,劳动力灵活性,https://terms.naer.edu.tw/
12848,working capital,營運資金,,https://terms.naer.edu.tw/
12849,working capital financing policy,營運資金融資政策,,https://terms.naer.edu.tw/
12850,working capital management,營運資金管理,,https://terms.naer.edu.tw/
12851,working capital policy,營運資金政策,,https://terms.naer.edu.tw/
12852,working cost,營運成本,经营成本,https://terms.naer.edu.tw/
12853,working environment,工作環境,工作环境,https://terms.naer.edu.tw/
12854,working expense,營運費用,经营费用,https://terms.naer.edu.tw/
12855,workload,工作負荷,工作负荷,https://terms.naer.edu.tw/
12856,workload analysis,工作負荷分析,,https://terms.naer.edu.tw/
12857,workload approach,工作負荷法,,https://terms.naer.edu.tw/
12858,workpiece,工件,工件,https://terms.naer.edu.tw/
12859,workplace learning,職場學習,工作场所学习,https://terms.naer.edu.tw/
12860,workplace spirituality,職場靈性,职场灵性,https://terms.naer.edu.tw/
12861,workplace trauma,工作場所創傷,工作场所创伤,https://terms.naer.edu.tw/
12862,Workstation,工作站,,https://terms.naer.edu.tw/
12863,World Bank,世界銀行,世界银行,https://terms.naer.edu.tw/
12864,World Bank Group,世界銀行集團,世界银行集团,https://terms.naer.edu.tw/
12865,world banking market,國際金融市場,国际金融市场,https://terms.naer.edu.tw/
12866,world intellectual property organization,世界智慧財產組織,世界知识产权组织,https://terms.naer.edu.tw/
12867,world money,世界貨幣,世界货币,https://terms.naer.edu.tw/
12868,world reserve,世界準備金,世界储备额,https://terms.naer.edu.tw/
12869,world trade,世界貿易,世界贸易,https://terms.naer.edu.tw/
12870,World Trade Centers Association {=WTCA},世界貿易中心聯合會,世界贸易中心联合会,https://terms.naer.edu.tw/
12871,World Trade Organization {=WTO},世界貿易組織,世界贸易组织,https://terms.naer.edu.tw/
12872,World wide web (WWW),全球資訊網,万维网,https://terms.naer.edu.tw/
12873,worldwide letter of credit,世界通行信用狀,世界通行信用证,https://terms.naer.edu.tw/
12874,worst-case analysis,最壞情境分析,最坏情景分析,https://terms.naer.edu.tw/
12875,written  test,筆試,笔试,https://terms.naer.edu.tw/
12876,written agreement,書面協議,书面契约,https://terms.naer.edu.tw/
12877,written contract,書面契約,书面合同,https://terms.naer.edu.tw/
12878,X theory,X理論,X理论,https://terms.naer.edu.tw/
12879,X-efficiency,X效率,,https://terms.naer.edu.tw/
12880,xenocurrency,在發行國以外流通的貨幣,在发行国以外流通的货币,https://terms.naer.edu.tw/
12881,Y Network,Y型網絡,,https://terms.naer.edu.tw/
12882,Y theory,Y理論,Y理论,https://terms.naer.edu.tw/
12883,Yankee bond,洋基債券,扬基债券,https://terms.naer.edu.tw/
12884,Yankee dollar certificate of deposit (=Yankee＄CD),美元存單,美元存单,https://terms.naer.edu.tw/
12885,yearling bond,一年期債券,一年期债券,https://terms.naer.edu.tw/
12886,yearly effective rate [of interest] {=YER},年度有效利率,年度实际利率,https://terms.naer.edu.tw/
12887,yen bond,日圓債券,日元汇票,https://terms.naer.edu.tw/
12888,yield,殖利率；良率,,https://terms.naer.edu.tw/
12889,yield curve,殖利率曲線,收益曲线,https://terms.naer.edu.tw/
12890,yield factor,產量因子,产量因子,https://terms.naer.edu.tw/
12891,yield loss,產出損失；良率損失,,https://terms.naer.edu.tw/
12892,yield management,收益管理,,https://terms.naer.edu.tw/
12893,yield of long-term bond,長期債券收益率,长期债券收益,https://terms.naer.edu.tw/
12894,yield of real capital,實際資本收益率,实际资本收益率,https://terms.naer.edu.tw/
12895,yield pricing,收益訂價法,,https://terms.naer.edu.tw/
12896,yield ratio,殖利率,,https://terms.naer.edu.tw/
12897,yield ratio model,殖利率模型,收益率模型,https://terms.naer.edu.tw/
12898,yield spread,收益率差,,https://terms.naer.edu.tw/
12899,yield to call {=YTC},贖回收益率,,https://terms.naer.edu.tw/
12900,yield to maturity,到期收益率,到期收益率,https://terms.naer.edu.tw/
12901,Z bond,Z型債券,增值债券,https://terms.naer.edu.tw/
12902,Z theory,Z理論,,https://terms.naer.edu.tw/
12903,Z-type organization,Z型組織,,https://terms.naer.edu.tw/
12904,zero coupon bond,零息債券,零息债券,https://terms.naer.edu.tw/
12905,zero defect management,零缺點管理,零缺陷管理,https://terms.naer.edu.tw/
12906,zero defect program　,零缺點計畫,,https://terms.naer.edu.tw/
12907,zero growth stock,零成長股,,https://terms.naer.edu.tw/
12908,zero inventories,零庫存,,https://terms.naer.edu.tw/
12909,zero-base budgeting{=ZBB},零基預算,,https://terms.naer.edu.tw/
12910,zero-based forecast,零基預測,人员零基预测,https://terms.naer.edu.tw/
12911,zero-based forecast,零基預測,,https://terms.naer.edu.tw/
12912,zero-coupon yield,零息債券收益率,,https://terms.naer.edu.tw/
12913,zero-investment portfolio,零投資組合,零投资资产组合,https://terms.naer.edu.tw/
12914,zero-level channel,零階通路,,https://terms.naer.edu.tw/
12915,Zero-level document,零級文獻,零次文献,https://terms.naer.edu.tw/
12916,zero-sum game,零和遊戲；零和賽局,,https://terms.naer.edu.tw/
12917,Zhongguancun,中關村,中关村,https://terms.naer.edu.tw/
12918,Zipf's law,齊普夫定律,齐普夫定律,https://terms.naer.edu.tw/
12919,Zombie network,殭屍網路,,https://terms.naer.edu.tw/
12920,zone of agreement,協議區間,,https://terms.naer.edu.tw/
12921,zone of indifference,無差異區域,无差异带,https://terms.naer.edu.tw/
12922,zone of preference,特惠區,特惠区,https://terms.naer.edu.tw/
12923,zone picking,區域揀貨,区域拣货,https://terms.naer.edu.tw/
12924,zone pricing,分區定價法,分地区定价,https://terms.naer.edu.tw/
12925,zone sterling,英鎊區,英镑区国家,https://terms.naer.edu.tw/
12926,Zurich Gold Pool,蘇黎世黃金聯營,苏黎世黄金总库,https://terms.naer.edu.tw/
12927,α testing,α 測試 ；功能性測試,,https://terms.naer.edu.tw/
12928,α value、 alpha value,α值,α值,https://terms.naer.edu.tw/
12929,β coefficient、 beta coefficient、,β係數,β系数,https://terms.naer.edu.tw/
12930,β testing,β測試；顧客測試,,https://terms.naer.edu.tw/
12931,γ model,γ模型,γ类模型,https://terms.naer.edu.tw/
12932,"γ, gamma",γ,γ值,https://terms.naer.edu.tw/
12933,δ model,δ模型,δ类模型,https://terms.naer.edu.tw/
12934,"δ, delta",δ,δ值,https://terms.naer.edu.tw/
12935,"θ, theta",θ,θ值,https://terms.naer.edu.tw/
12936,"ρ, rho",ρ,ρ比率,https://terms.naer.edu.tw/
